time,open,high,low,close,volume
2022-01-25 12:00:00,0.71498,0.71503,0.71213,0.71317,9945
2022-01-25 16:00:00,0.71316,0.71551,0.71215,0.71445,14687
2022-01-25 20:00:00,0.71445,0.71694,0.7142,0.71519,7811
2022-01-26 00:00:00,0.71464,0.71613,0.71447,0.71599,4642
2022-01-26 04:00:00,0.716,0.71655,0.71541,0.71612,4266
2022-01-26 08:00:00,0.71611,0.71703,0.71521,0.71691,6885
2022-01-26 12:00:00,0.71694,0.71768,0.71658,0.71689,7631
2022-01-26 16:00:00,0.7169,0.71709,0.71524,0.71698,12698
2022-01-26 20:00:00,0.717,0.71811,0.70955,0.71155,19798
2022-01-27 00:00:00,0.71126,0.71212,0.7078,0.70818,7252
2022-01-27 04:00:00,0.70815,0.7087,0.70683,0.70733,9316
2022-01-27 08:00:00,0.70728,0.70945,0.70632,0.70921,12548
2022-01-27 12:00:00,0.70919,0.70991,0.70607,0.70789,12970
2022-01-27 16:00:00,0.70785,0.70889,0.70305,0.70341,13432
2022-01-27 20:00:00,0.7034,0.70404,0.70237,0.70341,8636
2022-01-28 00:00:00,0.70292,0.70416,0.70266,0.70415,4572
2022-01-28 04:00:00,0.70417,0.70458,0.70225,0.70375,5558
2022-01-28 08:00:00,0.70377,0.70419,0.70006,0.70009,8796
2022-01-28 12:00:00,0.70009,0.70049,0.69674,0.69999,13864
2022-01-28 16:00:00,0.69997,0.70079,0.69805,0.69874,13026
2022-01-28 20:00:00,0.69874,0.69975,0.69749,0.69958,8948
2022-01-31 00:00:00,0.69891,0.70119,0.6987,0.70098,4324
2022-01-31 04:00:00,0.70097,0.70234,0.7006,0.70209,3696
2022-01-31 08:00:00,0.70208,0.70578,0.70198,0.70522,8107
2022-01-31 12:00:00,0.70523,0.70695,0.70374,0.70679,9083
2022-01-31 16:00:00,0.70682,0.70765,0.70381,0.70622,10396
2022-01-31 20:00:00,0.7062,0.70746,0.70601,0.70674,6369
2022-02-01 00:00:00,0.70655,0.70713,0.70613,0.70629,3127
2022-02-01 04:00:00,0.70628,0.70732,0.70333,0.70664,5907
2022-02-01 08:00:00,0.70666,0.70933,0.70544,0.70807,8579
2022-02-01 12:00:00,0.70809,0.71084,0.70795,0.71028,8454
2022-02-01 16:00:00,0.71027,0.71175,0.70768,0.71119,10574
2022-02-01 20:00:00,0.71118,0.71303,0.71101,0.71292,4884
2022-02-02 00:00:00,0.71251,0.71449,0.71251,0.71344,2627
2022-02-02 04:00:00,0.71342,0.71462,0.71266,0.71338,2609
2022-02-02 08:00:00,0.71335,0.71425,0.71226,0.71408,5732
2022-02-02 12:00:00,0.71409,0.71589,0.71352,0.71357,6373
2022-02-02 16:00:00,0.71358,0.71466,0.71181,0.71372,9982
2022-02-02 20:00:00,0.71375,0.71482,0.71316,0.71366,4676
2022-02-03 00:00:00,0.7135,0.71357,0.71153,0.71218,3720
2022-02-03 04:00:00,0.71217,0.713,0.71175,0.71245,3783
2022-02-03 08:00:00,0.71245,0.71308,0.71144,0.71155,6934
2022-02-03 12:00:00,0.71157,0.71395,0.71094,0.71322,10068
2022-02-03 16:00:00,0.71316,0.71681,0.71316,0.71411,8735
2022-02-03 20:00:00,0.71409,0.7146,0.71252,0.71395,6461
2022-02-04 00:00:00,0.71358,0.7148,0.71301,0.71345,3675
2022-02-04 04:00:00,0.71346,0.71515,0.7132,0.71417,3590
2022-02-04 08:00:00,0.71414,0.71418,0.71039,0.71104,9302
2022-02-04 12:00:00,0.71101,0.71117,0.7053,0.70551,8902
2022-02-04 16:00:00,0.70556,0.70768,0.70516,0.70679,11133
2022-02-04 20:00:00,0.7068,0.70826,0.70673,0.70774,6068
2022-02-07 00:00:00,0.70774,0.70861,0.7069,0.70779,5001
2022-02-07 04:00:00,0.70782,0.70915,0.70651,0.70848,4912
2022-02-07 08:00:00,0.7085,0.71058,0.70836,0.70963,9209
2022-02-07 12:00:00,0.70962,0.71136,0.70881,0.71096,8378
2022-02-07 16:00:00,0.71099,0.71223,0.70986,0.71076,10944
2022-02-07 20:00:00,0.71077,0.71302,0.71075,0.71224,4485
2022-02-08 00:00:00,0.71254,0.71377,0.71204,0.71371,3544
2022-02-08 04:00:00,0.71373,0.71381,0.71065,0.71128,4189
2022-02-08 08:00:00,0.71129,0.71377,0.71089,0.7135,7870
2022-02-08 12:00:00,0.71349,0.71349,0.71125,0.71246,7824
2022-02-08 16:00:00,0.71245,0.71374,0.71209,0.71336,9108
2022-02-08 20:00:00,0.71334,0.71469,0.71275,0.71464,4599
2022-02-09 00:00:00,0.71427,0.71577,0.71416,0.71561,2693
2022-02-09 04:00:00,0.71563,0.71675,0.71527,0.71591,3231
2022-02-09 08:00:00,0.7159,0.71691,0.71452,0.71631,5981
2022-02-09 12:00:00,0.7163,0.71845,0.71627,0.71796,6074
2022-02-09 16:00:00,0.71797,0.71944,0.71771,0.71833,8362
2022-02-09 20:00:00,0.71832,0.71854,0.71774,0.71812,3411
2022-02-10 00:00:00,0.71785,0.71805,0.71662,0.71674,2865
2022-02-10 04:00:00,0.71675,0.71777,0.71605,0.71726,3191
2022-02-10 08:00:00,0.71727,0.71944,0.71685,0.7188,5636
2022-02-10 12:00:00,0.71882,0.72035,0.71476,0.71616,6368
2022-02-10 16:00:00,0.71614,0.72486,0.71512,0.72144,12031
2022-02-10 20:00:00,0.72142,0.72228,0.71531,0.7168,10358
2022-02-11 00:00:00,0.71598,0.717,0.71329,0.71481,4301
2022-02-11 04:00:00,0.71482,0.71503,0.7112,0.71184,4726
2022-02-11 08:00:00,0.71183,0.71388,0.71088,0.71254,8375
2022-02-11 12:00:00,0.71253,0.71709,0.71186,0.71594,8300
2022-02-11 16:00:00,0.71596,0.7185,0.71575,0.71795,14853
2022-02-11 20:00:00,0.71796,0.71822,0.71215,0.71358,17129
2022-02-14 00:00:00,0.71285,0.71502,0.71247,0.7126,4775
2022-02-14 04:00:00,0.71261,0.71265,0.71153,0.71231,4295
2022-02-14 08:00:00,0.71233,0.71322,0.70861,0.7096,9281
2022-02-14 12:00:00,0.70958,0.71341,0.70914,0.71137,10433
2022-02-14 16:00:00,0.71138,0.71398,0.71107,0.71398,12454
2022-02-14 20:00:00,0.71397,0.71423,0.71092,0.71277,9330
2022-02-15 00:00:00,0.71261,0.71372,0.71217,0.71289,3232
2022-02-15 04:00:00,0.71288,0.71404,0.71037,0.71037,4639
2022-02-15 08:00:00,0.71038,0.71563,0.71016,0.71436,8476
2022-02-15 12:00:00,0.71436,0.71472,0.71305,0.71443,7863
2022-02-15 16:00:00,0.71442,0.71516,0.71142,0.71455,9337
2022-02-15 20:00:00,0.71457,0.71546,0.71416,0.71528,4233
2022-02-16 00:00:00,0.71483,0.7155,0.71434,0.71501,2580
2022-02-16 04:00:00,0.71502,0.71616,0.71482,0.71579,2718
2022-02-16 08:00:00,0.7158,0.71841,0.71574,0.71734,6740
2022-02-16 12:00:00,0.71734,0.71806,0.716,0.7161,6924
2022-02-16 16:00:00,0.71612,0.71862,0.7157,0.71819,9231
2022-02-16 20:00:00,0.71817,0.72048,0.71717,0.7196,7520
2022-02-17 00:00:00,0.71925,0.72104,0.71919,0.72065,3717
2022-02-17 04:00:00,0.72066,0.72153,0.71495,0.71849,7952
2022-02-17 08:00:00,0.71848,0.72142,0.71803,0.71947,12621
2022-02-17 12:00:00,0.71945,0.72173,0.71924,0.72023,9331
2022-02-17 16:00:00,0.72024,0.72166,0.71877,0.71976,14382
2022-02-17 20:00:00,0.71975,0.72028,0.71825,0.71877,6036
2022-02-18 00:00:00,0.71849,0.72009,0.71767,0.71934,4746
2022-02-18 04:00:00,0.71935,0.72089,0.71915,0.72019,5193
2022-02-18 08:00:00,0.7202,0.72276,0.71977,0.72136,7851
2022-02-18 12:00:00,0.72138,0.72183,0.71982,0.72067,9391
2022-02-18 16:00:00,0.72068,0.72094,0.71648,0.7169,16035
2022-02-18 20:00:00,0.71689,0.7191,0.71679,0.7177,7680
2022-02-21 00:00:00,0.71728,0.72025,0.71671,0.71977,6502
2022-02-21 04:00:00,0.71976,0.72212,0.71941,0.72117,6276
2022-02-21 08:00:00,0.72119,0.72225,0.72057,0.72141,8339
2022-02-21 12:00:00,0.72138,0.72167,0.71921,0.72035,10166
2022-02-21 16:00:00,0.72033,0.722,0.71989,0.72025,10393
2022-02-21 20:00:00,0.72026,0.72091,0.71864,0.71892,2308
2022-02-22 00:00:00,0.71885,0.72012,0.71718,0.71912,6841
2022-02-22 04:00:00,0.71911,0.7212,0.71832,0.72057,7319
2022-02-22 08:00:00,0.72057,0.72187,0.71918,0.7208,13244
2022-02-22 12:00:00,0.72077,0.72333,0.72055,0.72148,12875
2022-02-22 16:00:00,0.72147,0.72335,0.72067,0.72174,13335
2022-02-22 20:00:00,0.72175,0.7227,0.72031,0.7218,11035
2022-02-23 00:00:00,0.72192,0.72363,0.72174,0.7234,4849
2022-02-23 04:00:00,0.72342,0.72408,0.72208,0.72321,5532
2022-02-23 08:00:00,0.7232,0.72673,0.72291,0.72643,7869
2022-02-23 12:00:00,0.72645,0.72838,0.72552,0.7282,7812
2022-02-23 16:00:00,0.72818,0.72835,0.72327,0.72431,12966
2022-02-23 20:00:00,0.72428,0.72442,0.72272,0.72316,7949
2022-02-24 00:00:00,0.72302,0.72325,0.72021,0.72149,6924
2022-02-24 04:00:00,0.72148,0.72162,0.71683,0.71953,19292
2022-02-24 08:00:00,0.71956,0.72009,0.71715,0.71749,20324
2022-02-24 12:00:00,0.7175,0.71851,0.71513,0.71525,18720
2022-02-24 16:00:00,0.71529,0.7159,0.70945,0.71384,16503
2022-02-24 20:00:00,0.71381,0.71781,0.71352,0.71621,16954
2022-02-25 00:00:00,0.71629,0.7179,0.71401,0.71714,8947
2022-02-25 04:00:00,0.71716,0.72037,0.71663,0.71954,10022
2022-02-25 08:00:00,0.71955,0.72112,0.71839,0.71988,14760
2022-02-25 12:00:00,0.71987,0.72327,0.71871,0.72318,15310
2022-02-25 16:00:00,0.7232,0.72374,0.72068,0.72106,16095
2022-02-25 20:00:00,0.72103,0.72359,0.72103,0.72317,7756
2022-02-28 00:00:00,0.71798,0.71937,0.71698,0.71816,11602
2022-02-28 04:00:00,0.71815,0.71853,0.71676,0.71824,9280
2022-02-28 08:00:00,0.71825,0.72057,0.71819,0.72011,14762
2022-02-28 12:00:00,0.72014,0.72315,0.71995,0.72298,13090
2022-02-28 16:00:00,0.72296,0.72642,0.72291,0.72519,15108
2022-02-28 20:00:00,0.72518,0.72654,0.72439,0.72649,8589
2022-03-01 00:00:00,0.72621,0.72674,0.72525,0.72609,4222
2022-03-01 04:00:00,0.72611,0.72676,0.72467,0.72644,4690
2022-03-01 08:00:00,0.72642,0.72896,0.72627,0.72721,10096
2022-03-01 12:00:00,0.7272,0.72796,0.72606,0.72722,12651
2022-03-01 16:00:00,0.72723,0.72776,0.72419,0.72517,16924
2022-03-01 20:00:00,0.72516,0.7263,0.72382,0.72533,10739
2022-03-02 00:00:00,0.72503,0.72764,0.72481,0.72729,4359
2022-03-02 04:00:00,0.7273,0.72825,0.72637,0.72684,5175
2022-03-02 08:00:00,0.72685,0.72713,0.72433,0.72567,14476
2022-03-02 12:00:00,0.72566,0.72746,0.72526,0.7272,12321
2022-03-02 16:00:00,0.72721,0.72912,0.72469,0.72848,15788
2022-03-02 20:00:00,0.72847,0.73064,0.72838,0.72964,7269
2022-03-03 00:00:00,0.72955,0.72971,0.72828,0.72842,4023
2022-03-03 04:00:00,0.72845,0.73067,0.72761,0.73057,4314
2022-03-03 08:00:00,0.73058,0.73231,0.72928,0.72988,8979
2022-03-03 12:00:00,0.72991,0.73223,0.72955,0.73186,9745
2022-03-03 16:00:00,0.73188,0.73475,0.73017,0.73178,16822
2022-03-03 20:00:00,0.73179,0.73318,0.73135,0.73281,8352
2022-03-04 00:00:00,0.73283,0.73387,0.73005,0.73267,10198
2022-03-04 04:00:00,0.73268,0.73625,0.73233,0.73567,8773
2022-03-04 08:00:00,0.73568,0.73749,0.73445,0.73509,10700
2022-03-04 12:00:00,0.7351,0.73679,0.73218,0.73406,11967
2022-03-04 16:00:00,0.73408,0.73756,0.73143,0.73752,11987
2022-03-04 20:00:00,0.73753,0.73805,0.73652,0.73739,6853
2022-03-07 00:00:00,0.73681,0.74411,0.73554,0.74248,7324
2022-03-07 04:00:00,0.74253,0.74259,0.73994,0.74143,8296
2022-03-07 08:00:00,0.74142,0.74298,0.73946,0.7402,11194
2022-03-07 12:00:00,0.74021,0.74142,0.73719,0.7372,12522
2022-03-07 16:00:00,0.73713,0.73765,0.73115,0.73191,13723
2022-03-07 20:00:00,0.73194,0.73337,0.73132,0.73142,8497
2022-03-08 00:00:00,0.73152,0.73457,0.73099,0.73372,4422
2022-03-08 04:00:00,0.73367,0.7348,0.72763,0.72854,7235
2022-03-08 08:00:00,0.72855,0.7296,0.7267,0.7291,12187
2022-03-08 12:00:00,0.72906,0.73046,0.72726,0.72851,10461
2022-03-08 16:00:00,0.72858,0.72948,0.72452,0.72799,15406
2022-03-08 20:00:00,0.72803,0.72869,0.7263,0.72719,10803
2022-03-09 00:00:00,0.72655,0.72834,0.72641,0.72775,4297
2022-03-09 04:00:00,0.72774,0.72863,0.72666,0.72786,5623
2022-03-09 08:00:00,0.72797,0.73247,0.72762,0.7324,9179
2022-03-09 12:00:00,0.73238,0.7337,0.73196,0.73278,8208
2022-03-09 16:00:00,0.73282,0.73366,0.73133,0.73212,11459
2022-03-09 20:00:00,0.73213,0.73309,0.73126,0.73206,5222
2022-03-10 00:00:00,0.73174,0.73225,0.72874,0.72942,3980
2022-03-10 04:00:00,0.72942,0.73268,0.72926,0.73217,4094
2022-03-10 08:00:00,0.73216,0.73458,0.73175,0.73389,9184
2022-03-10 12:00:00,0.7339,0.73589,0.73276,0.73444,10307
2022-03-10 16:00:00,0.73444,0.73642,0.73339,0.73568,10036
2022-03-10 20:00:00,0.73567,0.73674,0.73539,0.73592,4783
2022-03-11 00:00:00,0.73577,0.73671,0.73369,0.73399,3370
2022-03-11 04:00:00,0.734,0.73456,0.73283,0.73375,5646
2022-03-11 08:00:00,0.73374,0.73566,0.73125,0.73136,8633
2022-03-11 12:00:00,0.73138,0.73321,0.73059,0.73253,10215
2022-03-11 16:00:00,0.73256,0.73316,0.7301,0.73016,9992
2022-03-11 20:00:00,0.73017,0.73094,0.72823,0.72936,5426
2022-03-14 00:00:00,0.72891,0.72987,0.7272,0.72781,3238
2022-03-14 04:00:00,0.72782,0.72793,0.7245,0.72584,5424
2022-03-14 08:00:00,0.72583,0.72597,0.7234,0.725,7131
2022-03-14 12:00:00,0.725,0.72598,0.72291,0.72464,7777
2022-03-14 16:00:00,0.72463,0.72556,0.72118,0.72175,8895
2022-03-14 20:00:00,0.72174,0.72193,0.71892,0.71902,5797
2022-03-15 00:00:00,0.71969,0.72063,0.71871,0.71899,2679
2022-03-15 04:00:00,0.719,0.71952,0.71652,0.7185,6378
2022-03-15 08:00:00,0.71842,0.72039,0.71695,0.7191,8253
2022-03-15 12:00:00,0.71909,0.72174,0.71819,0.72095,7582
2022-03-15 16:00:00,0.72094,0.72271,0.71823,0.71881,9415
2022-03-15 20:00:00,0.71883,0.72013,0.7175,0.71941,4565
2022-03-16 00:00:00,0.71923,0.71981,0.71805,0.71821,2575
2022-03-16 04:00:00,0.7182,0.72105,0.71815,0.7206,4329
2022-03-16 08:00:00,0.72064,0.72353,0.7204,0.72293,7311
2022-03-16 12:00:00,0.72296,0.72538,0.72255,0.72517,6769
2022-03-16 16:00:00,0.72511,0.72747,0.72451,0.72527,9724
2022-03-16 20:00:00,0.72522,0.72968,0.7206,0.72896,11421
2022-03-17 00:00:00,0.72895,0.73202,0.72821,0.73165,3696
2022-03-17 04:00:00,0.73164,0.73203,0.72833,0.73179,6982
2022-03-17 08:00:00,0.7318,0.73325,0.73022,0.73245,6714
2022-03-17 12:00:00,0.73244,0.73458,0.73199,0.73426,8472
2022-03-17 16:00:00,0.73427,0.73926,0.73354,0.73913,8239
2022-03-17 20:00:00,0.73914,0.7393,0.73715,0.73763,4077
2022-03-18 00:00:00,0.73745,0.73936,0.7371,0.73802,2996
2022-03-18 04:00:00,0.738,0.7388,0.73708,0.73789,4186
2022-03-18 08:00:00,0.7379,0.74089,0.73716,0.73832,6124
2022-03-18 12:00:00,0.73831,0.73897,0.73674,0.7376,6191
2022-03-18 16:00:00,0.73754,0.74123,0.73605,0.74105,9136
2022-03-18 20:00:00,0.74106,0.74177,0.74015,0.74123,3928
2022-03-21 00:00:00,0.74033,0.74171,0.74014,0.74161,2589
2022-03-21 04:00:00,0.74162,0.74246,0.73962,0.7404,3802
2022-03-21 08:00:00,0.74036,0.74071,0.73857,0.73944,5115
2022-03-21 12:00:00,0.73946,0.74049,0.73737,0.74037,5654
2022-03-21 16:00:00,0.74038,0.74207,0.74003,0.74029,9174
2022-03-21 20:00:00,0.74028,0.74033,0.73819,0.73995,6826
2022-03-22 00:00:00,0.73914,0.74022,0.73775,0.73839,2171
2022-03-22 04:00:00,0.73839,0.74089,0.73754,0.73911,5047
2022-03-22 08:00:00,0.73912,0.74152,0.73789,0.74064,6173
2022-03-22 12:00:00,0.74063,0.74444,0.7404,0.74385,6478
2022-03-22 16:00:00,0.74386,0.74479,0.74289,0.74395,8428
2022-03-22 20:00:00,0.74394,0.74714,0.7436,0.747,4014
2022-03-23 00:00:00,0.74657,0.74767,0.74501,0.74541,3458
2022-03-23 04:00:00,0.74534,0.74767,0.74503,0.74581,6042
2022-03-23 08:00:00,0.74582,0.74638,0.74506,0.74589,6057
2022-03-23 12:00:00,0.74588,0.74816,0.74569,0.74648,7666
2022-03-23 16:00:00,0.74646,0.74987,0.7453,0.74974,10080
2022-03-23 20:00:00,0.74977,0.75069,0.74892,0.74995,5110
2022-03-24 00:00:00,0.74974,0.75017,0.74822,0.74934,3248
2022-03-24 04:00:00,0.74933,0.74968,0.74665,0.74716,5820
2022-03-24 08:00:00,0.74715,0.7488,0.7468,0.74691,7121
2022-03-24 12:00:00,0.74691,0.75003,0.74662,0.74927,9025
2022-03-24 16:00:00,0.74926,0.75276,0.74828,0.7497,12487
2022-03-24 20:00:00,0.74969,0.75189,0.74949,0.75123,5025
2022-03-25 00:00:00,0.7511,0.75184,0.75009,0.75029,3102
2022-03-25 04:00:00,0.75029,0.75281,0.75022,0.7525,7352
2022-03-25 08:00:00,0.75246,0.75367,0.74949,0.75044,6500
2022-03-25 12:00:00,0.75044,0.75203,0.75032,0.75173,5876
2022-03-25 16:00:00,0.75175,0.75292,0.74975,0.75178,13643
2022-03-25 20:00:00,0.75178,0.75273,0.75108,0.75154,5770
2022-03-28 00:00:00,0.75052,0.75237,0.75022,0.75052,3313
2022-03-28 04:00:00,0.75049,0.75326,0.74991,0.75223,7922
2022-03-28 08:00:00,0.75221,0.75398,0.75098,0.75295,9599
2022-03-28 12:00:00,0.75294,0.75304,0.75053,0.75058,9800
2022-03-28 16:00:00,0.75055,0.7506,0.74665,0.74934,12540
2022-03-28 20:00:00,0.74931,0.75009,0.74798,0.74924,5565
2022-03-29 00:00:00,0.74894,0.75072,0.74737,0.74743,3948
2022-03-29 04:00:00,0.74743,0.74951,0.74743,0.74814,7031
2022-03-29 08:00:00,0.74815,0.75187,0.74797,0.74816,8567
2022-03-29 12:00:00,0.74815,0.7512,0.7456,0.74822,14099
2022-03-29 16:00:00,0.7482,0.75111,0.74726,0.74882,14390
2022-03-29 20:00:00,0.74881,0.75164,0.74842,0.75086,5367
2022-03-30 00:00:00,0.75045,0.75242,0.75028,0.75097,3815
2022-03-30 04:00:00,0.75098,0.75303,0.75044,0.75245,8046
2022-03-30 08:00:00,0.75246,0.75354,0.75056,0.75134,9681
2022-03-30 12:00:00,0.75133,0.75307,0.75025,0.75182,8893
2022-03-30 16:00:00,0.75183,0.75363,0.75048,0.75162,10441
2022-03-30 20:00:00,0.75158,0.75167,0.75023,0.75109,5069
2022-03-31 00:00:00,0.75093,0.75241,0.74941,0.75109,4457
2022-03-31 04:00:00,0.75107,0.7512,0.74805,0.74812,6677
2022-03-31 08:00:00,0.74813,0.74887,0.74704,0.74764,8868
2022-03-31 12:00:00,0.74763,0.74954,0.74711,0.74926,7975
2022-03-31 16:00:00,0.74929,0.75137,0.7486,0.74957,13587
2022-03-31 20:00:00,0.74958,0.75004,0.7481,0.74823,6456
2022-04-01 00:00:00,0.74811,0.74997,0.748,0.74821,3338
2022-04-01 04:00:00,0.74819,0.74894,0.74734,0.74771,6138
2022-04-01 08:00:00,0.74772,0.75174,0.74724,0.7513,8006
2022-04-01 12:00:00,0.75132,0.75243,0.75082,0.75139,8601
2022-04-01 16:00:00,0.75138,0.75153,0.74809,0.7487,11487
2022-04-01 20:00:00,0.7487,0.75042,0.7481,0.74957,5887
2022-04-04 00:00:00,0.74862,0.74972,0.74829,0.74928,2570
2022-04-04 04:00:00,0.74926,0.75157,0.74921,0.75099,5151
2022-04-04 08:00:00,0.75099,0.75225,0.75044,0.75141,6815
2022-04-04 12:00:00,0.7514,0.75187,0.75055,0.75165,6737
2022-04-04 16:00:00,0.75163,0.75563,0.75112,0.75399,8262
2022-04-04 20:00:00,0.75394,0.7552,0.75375,0.75461,4196
2022-04-05 00:00:00,0.75418,0.75482,0.75378,0.75422,2497
2022-04-05 04:00:00,0.75421,0.76041,0.75359,0.75984,5493
2022-04-05 08:00:00,0.75985,0.76392,0.75968,0.76383,8622
2022-04-05 12:00:00,0.76384,0.76392,0.76165,0.76357,7185
2022-04-05 16:00:00,0.76359,0.7661,0.7585,0.75906,12635
2022-04-05 20:00:00,0.75907,0.76013,0.75722,0.75763,7184
2022-04-06 00:00:00,0.7575,0.7593,0.75749,0.75781,2931
2022-04-06 04:00:00,0.7578,0.75824,0.75618,0.75758,6284
2022-04-06 08:00:00,0.7576,0.7593,0.75668,0.75813,8884
2022-04-06 12:00:00,0.75813,0.75876,0.75617,0.75654,6983
2022-04-06 16:00:00,0.75657,0.757,0.75254,0.75317,9860
2022-04-06 20:00:00,0.75316,0.75563,0.74862,0.75103,14004
2022-04-07 00:00:00,0.75088,0.75189,0.74993,0.75065,3948
2022-04-07 04:00:00,0.75064,0.75104,0.74748,0.74787,6361
2022-04-07 08:00:00,0.74786,0.74936,0.74742,0.74763,8461
2022-04-07 12:00:00,0.74762,0.74927,0.74745,0.74788,6718
2022-04-07 16:00:00,0.74789,0.74913,0.74667,0.74695,10914
2022-04-07 20:00:00,0.74697,0.74855,0.74697,0.748,5899
2022-04-08 00:00:00,0.74784,0.74867,0.74752,0.74785,2893
2022-04-08 04:00:00,0.74786,0.74833,0.7473,0.74776,5723
2022-04-08 08:00:00,0.74775,0.74925,0.74571,0.74633,7829
2022-04-08 12:00:00,0.74633,0.74702,0.7449,0.74499,5923
2022-04-08 16:00:00,0.745,0.74633,0.74262,0.74602,10715
2022-04-08 20:00:00,0.74601,0.74622,0.74534,0.74597,4819
2022-04-11 00:00:00,0.74565,0.74655,0.74375,0.74394,2991
2022-04-11 04:00:00,0.74393,0.74507,0.7418,0.74468,7253
2022-04-11 08:00:00,0.74469,0.74511,0.74213,0.74327,8307
2022-04-11 12:00:00,0.74326,0.74605,0.74315,0.74382,6297
2022-04-11 16:00:00,0.74381,0.74412,0.74141,0.74178,9176
2022-04-11 20:00:00,0.74179,0.74314,0.74146,0.74187,4713
2022-04-12 00:00:00,0.74187,0.74298,0.74058,0.74081,3270
2022-04-12 04:00:00,0.74079,0.74306,0.73994,0.74264,5741
2022-04-12 08:00:00,0.74265,0.74395,0.74229,0.74298,8209
2022-04-12 12:00:00,0.74299,0.74827,0.74248,0.74791,7668
2022-04-12 16:00:00,0.74788,0.74934,0.74645,0.74761,13566
2022-04-12 20:00:00,0.7476,0.74779,0.7451,0.74533,6756
2022-04-13 00:00:00,0.74517,0.74601,0.74425,0.74449,2560
2022-04-13 04:00:00,0.74452,0.74747,0.74425,0.74484,6528
2022-04-13 08:00:00,0.74485,0.74562,0.7426,0.74273,8323
2022-04-13 12:00:00,0.74271,0.74336,0.74018,0.74077,7743
2022-04-13 16:00:00,0.74078,0.74462,0.73919,0.74402,12242
2022-04-13 20:00:00,0.74403,0.74546,0.74379,0.74536,6115
2022-04-14 00:00:00,0.74514,0.74661,0.74477,0.7455,3585
2022-04-14 04:00:00,0.74551,0.74682,0.74446,0.74582,6110
2022-04-14 08:00:00,0.74584,0.74667,0.74392,0.74493,7165
2022-04-14 12:00:00,0.74492,0.74531,0.74324,0.74339,8770
2022-04-14 16:00:00,0.74341,0.74386,0.73972,0.74124,13177
2022-04-14 20:00:00,0.74123,0.7424,0.74086,0.74168,4455
2022-04-15 00:00:00,0.74168,0.74188,0.74021,0.74043,1123
2022-04-15 04:00:00,0.74043,0.74063,0.73987,0.74033,1605
2022-04-15 08:00:00,0.74032,0.74129,0.73998,0.74104,4432
2022-04-15 12:00:00,0.74104,0.74117,0.74003,0.74048,4525
2022-04-15 16:00:00,0.74049,0.74058,0.73912,0.73919,1913
2022-04-15 20:00:00,0.73919,0.7396,0.73907,0.73939,1145
2022-04-18 00:00:00,0.73907,0.74036,0.73823,0.73854,3554
2022-04-18 04:00:00,0.73849,0.73895,0.73512,0.73541,5723
2022-04-18 08:00:00,0.73543,0.73709,0.73512,0.73637,5070
2022-04-18 12:00:00,0.73638,0.73755,0.73623,0.73712,4104
2022-04-18 16:00:00,0.73715,0.73783,0.73461,0.7351,7226
2022-04-18 20:00:00,0.73509,0.73577,0.73426,0.73503,3862
2022-04-19 00:00:00,0.73473,0.73679,0.73447,0.73545,3666
2022-04-19 04:00:00,0.73543,0.73761,0.73451,0.73731,6063
2022-04-19 08:00:00,0.73732,0.73999,0.7367,0.73894,8452
2022-04-19 12:00:00,0.73893,0.73893,0.73506,0.73597,6703
2022-04-19 16:00:00,0.73596,0.73879,0.73548,0.73772,11522
2022-04-19 20:00:00,0.7377,0.73809,0.73661,0.73766,7212
2022-04-20 00:00:00,0.73742,0.74022,0.73727,0.73968,3598
2022-04-20 04:00:00,0.73969,0.74245,0.73723,0.74244,8780
2022-04-20 08:00:00,0.74242,0.74346,0.74098,0.74327,8602
2022-04-20 12:00:00,0.74329,0.74464,0.74153,0.74205,7491
2022-04-20 16:00:00,0.74202,0.74575,0.74202,0.74455,8766
2022-04-20 20:00:00,0.74457,0.74562,0.74376,0.74518,5598
2022-04-21 00:00:00,0.74484,0.74541,0.74281,0.74322,3888
2022-04-21 04:00:00,0.74321,0.74423,0.74208,0.74354,5924
2022-04-21 08:00:00,0.74352,0.74577,0.74332,0.74482,9214
2022-04-21 12:00:00,0.74483,0.74495,0.7425,0.74311,5977
2022-04-21 16:00:00,0.74309,0.74389,0.73668,0.7369,10633
2022-04-21 20:00:00,0.73692,0.73793,0.73648,0.73701,11670
2022-04-22 00:00:00,0.73697,0.73766,0.7356,0.73578,3976
2022-04-22 04:00:00,0.73579,0.73665,0.73325,0.73416,7009
2022-04-22 08:00:00,0.73418,0.7349,0.7303,0.7303,11181
2022-04-22 12:00:00,0.73029,0.73135,0.7297,0.73029,7481
2022-04-22 16:00:00,0.7303,0.73054,0.72403,0.72413,11607
2022-04-22 20:00:00,0.72416,0.72494,0.72348,0.72434,6520
2022-04-25 00:00:00,0.72481,0.72515,0.72129,0.72129,4567
2022-04-25 04:00:00,0.7213,0.72149,0.71639,0.71661,9192
2022-04-25 08:00:00,0.7166,0.72027,0.715,0.71718,14534
2022-04-25 12:00:00,0.71717,0.71853,0.71437,0.71664,12659
2022-04-25 16:00:00,0.71664,0.71708,0.71347,0.7164,16198
2022-04-25 20:00:00,0.71644,0.71814,0.71573,0.71809,10482
2022-04-26 00:00:00,0.71797,0.71918,0.71693,0.7188,4744
2022-04-26 04:00:00,0.71879,0.72287,0.7176,0.72242,8987
2022-04-26 08:00:00,0.72243,0.72279,0.71789,0.72009,11694
2022-04-26 12:00:00,0.72015,0.72172,0.71865,0.71882,9180
2022-04-26 16:00:00,0.71883,0.71965,0.7141,0.71575,13888
2022-04-26 20:00:00,0.71577,0.7159,0.71189,0.71229,8304
2022-04-27 00:00:00,0.7121,0.71482,0.71188,0.71331,4516
2022-04-27 04:00:00,0.71328,0.71833,0.71321,0.71829,9544
2022-04-27 08:00:00,0.71829,0.71905,0.71361,0.71487,12502
2022-04-27 12:00:00,0.71484,0.71615,0.71219,0.71241,9964
2022-04-27 16:00:00,0.7124,0.71495,0.71011,0.71416,17318
2022-04-27 20:00:00,0.71418,0.71457,0.71153,0.71271,11417
2022-04-28 00:00:00,0.71236,0.71279,0.71098,0.71177,4182
2022-04-28 04:00:00,0.71177,0.7125,0.7085,0.70973,9295
2022-04-28 08:00:00,0.70971,0.71619,0.7075,0.71343,14725
2022-04-28 12:00:00,0.71345,0.71405,0.70748,0.70756,12323
2022-04-28 16:00:00,0.70757,0.71031,0.70548,0.71012,16320
2022-04-28 20:00:00,0.71012,0.7111,0.70897,0.70995,7706
2022-04-29 00:00:00,0.70933,0.71331,0.70866,0.7125,3740
2022-04-29 04:00:00,0.71249,0.71458,0.71097,0.71445,7740
2022-04-29 08:00:00,0.71443,0.71651,0.71354,0.71459,11804
2022-04-29 12:00:00,0.7146,0.71797,0.7145,0.71679,9945
2022-04-29 16:00:00,0.71675,0.71681,0.70803,0.70838,15639
2022-04-29 20:00:00,0.70836,0.71041,0.70593,0.70601,8170
2022-05-02 00:00:00,0.70674,0.70818,0.70572,0.70616,5844
2022-05-02 04:00:00,0.70615,0.70654,0.70325,0.70379,7387
2022-05-02 08:00:00,0.70378,0.7062,0.70337,0.70574,10846
2022-05-02 12:00:00,0.70578,0.70763,0.7044,0.70456,8222
2022-05-02 16:00:00,0.70455,0.70696,0.70339,0.70392,15884
2022-05-02 20:00:00,0.70393,0.70549,0.703,0.70527,9466
2022-05-03 00:00:00,0.70488,0.70931,0.70465,0.70921,3629
2022-05-03 04:00:00,0.7092,0.71475,0.70781,0.71004,8540
2022-05-03 08:00:00,0.71008,0.71279,0.70846,0.70989,12522
2022-05-03 12:00:00,0.70989,0.71266,0.70799,0.71163,9616
2022-05-03 16:00:00,0.71162,0.71215,0.70855,0.70905,11727
2022-05-03 20:00:00,0.70908,0.71044,0.70791,0.70946,6963
2022-05-04 00:00:00,0.7095,0.71072,0.70886,0.70994,2986
2022-05-04 04:00:00,0.70997,0.71187,0.70929,0.71067,4795
2022-05-04 08:00:00,0.71066,0.71229,0.70987,0.71189,7744
2022-05-04 12:00:00,0.71188,0.7146,0.71125,0.71439,6950
2022-05-04 16:00:00,0.71437,0.71511,0.71151,0.71505,11435
2022-05-04 20:00:00,0.71507,0.72654,0.71253,0.72555,22581
2022-05-05 00:00:00,0.7258,0.72611,0.72363,0.72399,5059
2022-05-05 04:00:00,0.72399,0.72659,0.72316,0.72351,9981
2022-05-05 08:00:00,0.72352,0.72494,0.72034,0.72179,12488
2022-05-05 12:00:00,0.72177,0.72261,0.71784,0.71849,12815
2022-05-05 16:00:00,0.71848,0.71881,0.70773,0.70882,23051
2022-05-05 20:00:00,0.7088,0.71165,0.70787,0.71136,16651
2022-05-06 00:00:00,0.71007,0.71325,0.71007,0.71232,5113
2022-05-06 04:00:00,0.71232,0.71251,0.70819,0.71099,11496
2022-05-06 08:00:00,0.71097,0.71141,0.70636,0.70883,16060
2022-05-06 12:00:00,0.70884,0.71352,0.70747,0.70775,15360
2022-05-06 16:00:00,0.70774,0.71171,0.70584,0.71021,28977
2022-05-06 20:00:00,0.71022,0.71055,0.70629,0.70705,15495
2022-05-09 00:00:00,0.70657,0.7071,0.7013,0.70132,6673
2022-05-09 04:00:00,0.7013,0.70285,0.70019,0.70082,10408
2022-05-09 08:00:00,0.70079,0.70194,0.69925,0.70008,13237
2022-05-09 12:00:00,0.70005,0.70279,0.69842,0.70209,14179
2022-05-09 16:00:00,0.7021,0.70226,0.69681,0.6991,20884
2022-05-09 20:00:00,0.69907,0.6995,0.69449,0.6949,13874
2022-05-10 00:00:00,0.69491,0.69629,0.69145,0.69215,6796
2022-05-10 04:00:00,0.69208,0.69723,0.69107,0.69682,13274
2022-05-10 08:00:00,0.69682,0.6986,0.69407,0.69657,15001
2022-05-10 12:00:00,0.69658,0.69767,0.69465,0.69641,13029
2022-05-10 16:00:00,0.69642,0.69813,0.6917,0.69228,24821
2022-05-10 20:00:00,0.69229,0.69583,0.69139,0.69387,16588
2022-05-11 00:00:00,0.69368,0.69467,0.69289,0.69418,4034
2022-05-11 04:00:00,0.69422,0.69637,0.69357,0.69626,7961
2022-05-11 08:00:00,0.69629,0.70074,0.69521,0.7004,11396
2022-05-11 12:00:00,0.70041,0.70206,0.69276,0.69325,13764
2022-05-11 16:00:00,0.69323,0.70534,0.69312,0.69556,28024
2022-05-11 20:00:00,0.69557,0.69629,0.69299,0.69401,18801
2022-05-12 00:00:00,0.69346,0.69448,0.69112,0.69385,6804
2022-05-12 04:00:00,0.69383,0.6953,0.68887,0.68902,12215
2022-05-12 08:00:00,0.68905,0.69032,0.68699,0.68722,19237
2022-05-12 12:00:00,0.6872,0.68877,0.68519,0.6873,16031
2022-05-12 16:00:00,0.68729,0.68928,0.68422,0.6862,26579
2022-05-12 20:00:00,0.68616,0.68627,0.68288,0.68552,16862
2022-05-13 00:00:00,0.68547,0.6884,0.68531,0.68767,4788
2022-05-13 04:00:00,0.68766,0.68921,0.68629,0.68861,10134
2022-05-13 08:00:00,0.68864,0.69045,0.68763,0.68882,13120
2022-05-13 12:00:00,0.68881,0.68953,0.68671,0.68866,9696
2022-05-13 16:00:00,0.68868,0.69316,0.68738,0.69243,14852
2022-05-13 20:00:00,0.69242,0.69409,0.69016,0.69403,8629
2022-05-16 00:00:00,0.69237,0.69533,0.69217,0.69478,4724
2022-05-16 04:00:00,0.69477,0.69599,0.68726,0.6889,11804
2022-05-16 08:00:00,0.68891,0.69185,0.68783,0.69167,12417
2022-05-16 12:00:00,0.69168,0.69394,0.68989,0.69315,9294
2022-05-16 16:00:00,0.69317,0.69504,0.6917,0.69433,18158
2022-05-16 20:00:00,0.69429,0.69824,0.69426,0.69694,8803
2022-05-17 00:00:00,0.6967,0.69907,0.69667,0.69786,4278
2022-05-17 04:00:00,0.69785,0.70112,0.6975,0.70034,8877
2022-05-17 08:00:00,0.70035,0.7036,0.6998,0.70342,11664
2022-05-17 12:00:00,0.70341,0.70405,0.70156,0.70344,11417
2022-05-17 16:00:00,0.70343,0.70357,0.6996,0.70166,13172
2022-05-17 20:00:00,0.70167,0.70331,0.69896,0.70288,13234
2022-05-18 00:00:00,0.70218,0.70464,0.70218,0.70345,3251
2022-05-18 04:00:00,0.70346,0.70394,0.69956,0.70055,9080
2022-05-18 08:00:00,0.70056,0.70371,0.69968,0.70056,11721
2022-05-18 12:00:00,0.70057,0.70289,0.70053,0.70175,8257
2022-05-18 16:00:00,0.70176,0.70216,0.69812,0.70019,15871
2022-05-18 20:00:00,0.7002,0.70021,0.69494,0.69523,11158
2022-05-19 00:00:00,0.69531,0.69764,0.69513,0.69647,6867
2022-05-19 04:00:00,0.69649,0.70235,0.69535,0.70105,12005
2022-05-19 08:00:00,0.70107,0.70165,0.69584,0.69828,16325
2022-05-19 12:00:00,0.69827,0.70144,0.69781,0.70124,15142
2022-05-19 16:00:00,0.7012,0.70691,0.70109,0.70596,24389
2022-05-19 20:00:00,0.70597,0.70725,0.70464,0.70486,16480
2022-05-20 00:00:00,0.70451,0.70506,0.70201,0.70271,4837
2022-05-20 04:00:00,0.70272,0.70421,0.70022,0.70275,10999
2022-05-20 08:00:00,0.70274,0.70734,0.70251,0.70688,13635
2022-05-20 12:00:00,0.70687,0.70724,0.70505,0.70534,9655
2022-05-20 16:00:00,0.70533,0.70645,0.7015,0.70183,18816
2022-05-20 20:00:00,0.70181,0.70478,0.70043,0.70466,13985
2022-05-23 00:00:00,0.70451,0.7092,0.70398,0.7089,6062
2022-05-23 04:00:00,0.70891,0.70979,0.70799,0.70888,8155
2022-05-23 08:00:00,0.70889,0.71259,0.70847,0.71033,13900
2022-05-23 12:00:00,0.71032,0.71268,0.70995,0.71035,10365
2022-05-23 16:00:00,0.71034,0.71233,0.70949,0.71019,16186
2022-05-23 20:00:00,0.7102,0.71145,0.7087,0.71094,8198
2022-05-24 00:00:00,0.71094,0.71094,0.70747,0.70752,5206
2022-05-24 04:00:00,0.70754,0.70888,0.70655,0.70799,7285
2022-05-24 08:00:00,0.70797,0.71051,0.7062,0.70645,13749
2022-05-24 12:00:00,0.70643,0.70849,0.70637,0.70769,9456
2022-05-24 16:00:00,0.70771,0.70986,0.70569,0.70884,19981
2022-05-24 20:00:00,0.70881,0.71129,0.7079,0.71079,12625
2022-05-25 00:00:00,0.7107,0.71189,0.70911,0.70925,4198
2022-05-25 04:00:00,0.70926,0.71187,0.70822,0.71132,10011
2022-05-25 08:00:00,0.71131,0.71187,0.7077,0.70804,12131
2022-05-25 12:00:00,0.70803,0.70832,0.70354,0.705,12093
2022-05-25 16:00:00,0.70499,0.70853,0.70395,0.70583,16012
2022-05-25 20:00:00,0.70581,0.70988,0.70528,0.70876,14187
2022-05-26 00:00:00,0.70877,0.71096,0.70828,0.71054,4492
2022-05-26 04:00:00,0.71053,0.71069,0.70665,0.707,9716
2022-05-26 08:00:00,0.70699,0.7099,0.7057,0.7083,11310
2022-05-26 12:00:00,0.70829,0.71035,0.70716,0.70738,10227
2022-05-26 16:00:00,0.70739,0.7099,0.70718,0.70856,13460
2022-05-26 20:00:00,0.70858,0.70992,0.70828,0.70989,6830
2022-05-27 00:00:00,0.70936,0.71095,0.70893,0.70958,3992
2022-05-27 04:00:00,0.70956,0.71442,0.7094,0.71428,9733
2022-05-27 08:00:00,0.71427,0.71488,0.71238,0.71419,10303
2022-05-27 12:00:00,0.71421,0.71532,0.7135,0.71452,9560
2022-05-27 16:00:00,0.71451,0.71666,0.71402,0.71426,12293
2022-05-27 20:00:00,0.71424,0.71601,0.71414,0.71588,4684
2022-05-30 00:00:00,0.71557,0.71667,0.71484,0.71613,4424
2022-05-30 04:00:00,0.71619,0.71887,0.71595,0.71783,8165
2022-05-30 08:00:00,0.71785,0.71929,0.71718,0.7187,10329
2022-05-30 12:00:00,0.71869,0.71932,0.71732,0.71747,7064
2022-05-30 16:00:00,0.71749,0.71983,0.71744,0.71974,6897
2022-05-30 20:00:00,0.71971,0.71996,0.71959,0.71971,1563
2022-05-31 00:00:00,0.71952,0.72036,0.71704,0.71741,5313
2022-05-31 04:00:00,0.7174,0.7189,0.7162,0.71883,9756
2022-05-31 08:00:00,0.71881,0.71984,0.71741,0.71891,10958
2022-05-31 12:00:00,0.7189,0.71899,0.71496,0.71498,9994
2022-05-31 16:00:00,0.71499,0.7192,0.71499,0.71865,17335
2022-05-31 20:00:00,0.71864,0.71935,0.71706,0.71777,8993
2022-06-01 00:00:00,0.7173,0.71951,0.71689,0.71896,3530
2022-06-01 04:00:00,0.71893,0.71929,0.7158,0.71686,8674
2022-06-01 08:00:00,0.71687,0.7189,0.71637,0.71811,10591
2022-06-01 12:00:00,0.7181,0.72241,0.71801,0.72213,8301
2022-06-01 16:00:00,0.72216,0.72302,0.71555,0.71701,18212
2022-06-01 20:00:00,0.71701,0.71939,0.71695,0.71865,6747
2022-06-02 00:00:00,0.71749,0.71783,0.71631,0.71741,4091
2022-06-02 04:00:00,0.7174,0.7176,0.71584,0.71644,7836
2022-06-02 08:00:00,0.71643,0.71938,0.71409,0.71919,9164
2022-06-02 12:00:00,0.71918,0.72324,0.71872,0.72235,7930
2022-06-02 16:00:00,0.72234,0.726,0.72125,0.72581,15012
2022-06-02 20:00:00,0.7258,0.72694,0.72509,0.72671,6017
2022-06-03 00:00:00,0.72635,0.72828,0.72616,0.72651,3959
2022-06-03 04:00:00,0.72649,0.72657,0.72531,0.72547,7117
2022-06-03 08:00:00,0.72548,0.72658,0.72475,0.72607,7844
2022-06-03 12:00:00,0.72607,0.7261,0.72171,0.72295,9801
2022-06-03 16:00:00,0.72294,0.72451,0.72016,0.72178,15975
2022-06-03 20:00:00,0.72176,0.72203,0.72025,0.72079,7075
2022-06-06 00:00:00,0.72107,0.72162,0.71974,0.72007,4287
2022-06-06 04:00:00,0.72008,0.72059,0.71874,0.72006,6793
2022-06-06 08:00:00,0.72005,0.72308,0.71943,0.72303,8871
2022-06-06 12:00:00,0.72305,0.72315,0.72128,0.72264,6263
2022-06-06 16:00:00,0.72265,0.72316,0.71904,0.72017,13589
2022-06-06 20:00:00,0.72016,0.72105,0.71868,0.71943,7148
2022-06-07 00:00:00,0.71929,0.71951,0.71727,0.71796,4166
2022-06-07 04:00:00,0.71795,0.7246,0.71594,0.71897,10940
2022-06-07 08:00:00,0.71902,0.72045,0.7166,0.71831,14096
2022-06-07 12:00:00,0.71832,0.71934,0.7157,0.71619,10415
2022-06-07 16:00:00,0.71613,0.72214,0.71587,0.72206,14587
2022-06-07 20:00:00,0.72208,0.72405,0.7214,0.72329,5776
2022-06-08 00:00:00,0.72307,0.72345,0.72179,0.72237,4381
2022-06-08 04:00:00,0.72236,0.72341,0.7194,0.7194,9027
2022-06-08 08:00:00,0.71938,0.72083,0.71764,0.71805,11163
2022-06-08 12:00:00,0.71802,0.72071,0.71756,0.72022,9969
2022-06-08 16:00:00,0.72023,0.72264,0.72011,0.72062,14292
2022-06-08 20:00:00,0.72062,0.72063,0.71868,0.71917,7192
2022-06-09 00:00:00,0.71886,0.71974,0.71749,0.71808,4036
2022-06-09 04:00:00,0.71809,0.71862,0.71609,0.71816,8691
2022-06-09 08:00:00,0.71815,0.71937,0.71636,0.71898,11474
2022-06-09 12:00:00,0.71901,0.71941,0.71482,0.71578,14238
2022-06-09 16:00:00,0.71573,0.7161,0.71104,0.71207,18738
2022-06-09 20:00:00,0.71206,0.71285,0.70935,0.70973,7891
2022-06-10 00:00:00,0.70964,0.71026,0.70847,0.7099,3513
2022-06-10 04:00:00,0.70992,0.71068,0.70881,0.70992,7116
2022-06-10 08:00:00,0.70991,0.71377,0.7099,0.7131,13192
2022-06-10 12:00:00,0.71309,0.71334,0.70702,0.70717,13890
2022-06-10 16:00:00,0.70723,0.7096,0.70375,0.70464,20886
2022-06-10 20:00:00,0.70465,0.70635,0.70387,0.70438,10129
2022-06-13 00:00:00,0.70407,0.70511,0.70087,0.70123,5919
2022-06-13 04:00:00,0.70125,0.70279,0.70007,0.70206,11107
2022-06-13 08:00:00,0.70207,0.70339,0.6985,0.69861,16723
2022-06-13 12:00:00,0.69859,0.69909,0.69569,0.69839,14974
2022-06-13 16:00:00,0.6984,0.69916,0.69236,0.6938,19712
2022-06-13 20:00:00,0.69379,0.69575,0.69116,0.69259,14352
2022-06-14 00:00:00,0.69243,0.69526,0.692,0.69464,5916
2022-06-14 04:00:00,0.69462,0.69703,0.69285,0.69494,13897
2022-06-14 08:00:00,0.69496,0.69702,0.69288,0.69325,15676
2022-06-14 12:00:00,0.69324,0.69388,0.68825,0.69021,17242
2022-06-14 16:00:00,0.69015,0.69094,0.68656,0.68699,23028
2022-06-14 20:00:00,0.68691,0.6891,0.68504,0.68721,13958
2022-06-15 00:00:00,0.68641,0.69018,0.68641,0.69016,7096
2022-06-15 04:00:00,0.69015,0.69181,0.68942,0.68993,10253
2022-06-15 08:00:00,0.68994,0.6937,0.6892,0.69329,17888
2022-06-15 12:00:00,0.69328,0.69527,0.69237,0.69282,15988
2022-06-15 16:00:00,0.69283,0.69591,0.69237,0.69462,16752
2022-06-15 20:00:00,0.69464,0.70241,0.69159,0.70026,24360
2022-06-16 00:00:00,0.70021,0.70353,0.69928,0.70175,6743
2022-06-16 04:00:00,0.70174,0.70309,0.70009,0.70112,11120
2022-06-16 08:00:00,0.70113,0.70126,0.69504,0.69856,19063
2022-06-16 12:00:00,0.69854,0.69871,0.69491,0.69792,19766
2022-06-16 16:00:00,0.69795,0.70494,0.69434,0.70395,23626
2022-06-16 20:00:00,0.70397,0.7069,0.70318,0.70472,16232
2022-06-17 00:00:00,0.70453,0.70512,0.70172,0.70194,7596
2022-06-17 04:00:00,0.70192,0.70359,0.70133,0.70189,14885
2022-06-17 08:00:00,0.7019,0.70264,0.69719,0.69922,16135
2022-06-17 12:00:00,0.6992,0.70027,0.69679,0.69789,14930
2022-06-17 16:00:00,0.69785,0.69798,0.68975,0.69252,24116
2022-06-17 20:00:00,0.69251,0.69433,0.69242,0.69371,12899
2022-06-20 00:00:00,0.69194,0.69571,0.69184,0.69475,6921
2022-06-20 04:00:00,0.69474,0.69685,0.69265,0.69588,14101
2022-06-20 08:00:00,0.69591,0.69875,0.69536,0.69826,13856
2022-06-20 12:00:00,0.69828,0.69957,0.69776,0.69802,9258
2022-06-20 16:00:00,0.69798,0.69817,0.69613,0.6964,9757
2022-06-20 20:00:00,0.69641,0.69642,0.6942,0.69512,2307
2022-06-21 00:00:00,0.69505,0.69799,0.69457,0.69725,6292
2022-06-21 04:00:00,0.69726,0.69823,0.69562,0.69671,10054
2022-06-21 08:00:00,0.69672,0.69871,0.69501,0.69778,12878
2022-06-21 12:00:00,0.69779,0.6979,0.69346,0.69492,10890
2022-06-21 16:00:00,0.6949,0.69936,0.69487,0.69786,15400
2022-06-21 20:00:00,0.69785,0.69829,0.6967,0.69726,7001
2022-06-22 00:00:00,0.69705,0.6972,0.69385,0.69447,5672
2022-06-22 04:00:00,0.69446,0.69503,0.69159,0.69259,11072
2022-06-22 08:00:00,0.69258,0.69264,0.68813,0.68859,14980
2022-06-22 12:00:00,0.68861,0.69122,0.68847,0.69062,12749
2022-06-22 16:00:00,0.69063,0.69477,0.69043,0.69325,19825
2022-06-22 20:00:00,0.69326,0.69486,0.69242,0.69255,8326
2022-06-23 00:00:00,0.69237,0.69278,0.68993,0.69135,5708
2022-06-23 04:00:00,0.69134,0.69206,0.68831,0.68933,13840
2022-06-23 08:00:00,0.68932,0.69038,0.6869,0.68796,15696
2022-06-23 12:00:00,0.68795,0.69125,0.68792,0.69101,12144
2022-06-23 16:00:00,0.69099,0.69258,0.68789,0.68808,22234
2022-06-23 20:00:00,0.68809,0.69072,0.68749,0.68939,9016
2022-06-24 00:00:00,0.68925,0.69085,0.68875,0.69019,5407
2022-06-24 04:00:00,0.6902,0.69162,0.68949,0.69132,9622
2022-06-24 08:00:00,0.69131,0.6919,0.68885,0.69053,12731
2022-06-24 12:00:00,0.69054,0.69191,0.68968,0.69133,9583
2022-06-24 16:00:00,0.69134,0.69575,0.68992,0.69478,18853
2022-06-24 20:00:00,0.6948,0.69505,0.69322,0.69421,6411
2022-06-27 00:00:00,0.69418,0.69587,0.69071,0.69123,6309
2022-06-27 04:00:00,0.69124,0.69406,0.69121,0.69309,10981
2022-06-27 08:00:00,0.6931,0.69452,0.69214,0.69397,12236
2022-06-27 12:00:00,0.69398,0.69403,0.69084,0.69226,10063
2022-06-27 16:00:00,0.69228,0.69484,0.69227,0.69341,16284
2022-06-27 20:00:00,0.69344,0.6935,0.69167,0.69227,8654
2022-06-28 00:00:00,0.69225,0.69316,0.69174,0.6927,4153
2022-06-28 04:00:00,0.69272,0.6938,0.69157,0.69282,10862
2022-06-28 08:00:00,0.69284,0.69642,0.69234,0.69594,13874
2022-06-28 12:00:00,0.69595,0.69622,0.69301,0.69358,11236
2022-06-28 16:00:00,0.69357,0.6945,0.69107,0.69224,18172
2022-06-28 20:00:00,0.69225,0.69252,0.69053,0.69063,9568
2022-06-29 00:00:00,0.69067,0.69199,0.69005,0.69016,5267
2022-06-29 04:00:00,0.6902,0.69193,0.68968,0.69079,10608
2022-06-29 08:00:00,0.6908,0.69117,0.68744,0.68778,14176
2022-06-29 12:00:00,0.68779,0.68996,0.68619,0.68859,12849
2022-06-29 16:00:00,0.6886,0.68941,0.68616,0.6872,21477
2022-06-29 20:00:00,0.68721,0.68891,0.68703,0.68788,8469
2022-06-30 00:00:00,0.68761,0.68835,0.68671,0.68716,4848
2022-06-30 04:00:00,0.68717,0.69033,0.68534,0.68943,10299
2022-06-30 08:00:00,0.6894,0.68969,0.68725,0.68867,14652
2022-06-30 12:00:00,0.68866,0.6901,0.68673,0.68926,12340
2022-06-30 16:00:00,0.68929,0.69191,0.68664,0.69119,19965
2022-06-30 20:00:00,0.69124,0.69153,0.68922,0.69036,11854
2022-07-01 00:00:00,0.6901,0.69043,0.68899,0.68907,5946
2022-07-01 04:00:00,0.68905,0.68936,0.68128,0.68223,14844
2022-07-01 08:00:00,0.6822,0.6837,0.67903,0.68093,15185
2022-07-01 12:00:00,0.68092,0.68182,0.67653,0.67686,13658
2022-07-01 16:00:00,0.67687,0.68005,0.67637,0.67846,22609
2022-07-01 20:00:00,0.67845,0.68285,0.6784,0.68156,8162
2022-07-04 00:00:00,0.68096,0.68282,0.68093,0.68185,6382
2022-07-04 04:00:00,0.68184,0.68188,0.67937,0.68148,12052
2022-07-04 08:00:00,0.68149,0.68625,0.68142,0.68533,10614
2022-07-04 12:00:00,0.68532,0.68884,0.68479,0.68753,8833
2022-07-04 16:00:00,0.68754,0.6877,0.68441,0.68671,7467
2022-07-04 20:00:00,0.6867,0.68685,0.68595,0.68646,1931
2022-07-05 00:00:00,0.68653,0.68899,0.68405,0.68848,6098
2022-07-05 04:00:00,0.68847,0.68948,0.68527,0.68645,13668
2022-07-05 08:00:00,0.68638,0.68773,0.67917,0.67925,16514
2022-07-05 12:00:00,0.67926,0.68056,0.67742,0.6785,16148
2022-07-05 16:00:00,0.67847,0.67888,0.67615,0.67641,21487
2022-07-05 20:00:00,0.67642,0.68035,0.67628,0.67993,10385
2022-07-06 00:00:00,0.67966,0.68062,0.6788,0.68059,6258
2022-07-06 04:00:00,0.68061,0.68189,0.67882,0.67912,13718
2022-07-06 08:00:00,0.67911,0.68207,0.67776,0.67984,17351
2022-07-06 12:00:00,0.67988,0.68202,0.67897,0.68137,15716
2022-07-06 16:00:00,0.68134,0.68259,0.67618,0.67732,23228
2022-07-06 20:00:00,0.67733,0.67981,0.677,0.67805,14486
2022-07-07 00:00:00,0.67771,0.67884,0.67642,0.67842,5608
2022-07-07 04:00:00,0.67845,0.68205,0.67781,0.68184,13548
2022-07-07 08:00:00,0.68187,0.68332,0.68034,0.68265,14243
2022-07-07 12:00:00,0.68263,0.68483,0.68114,0.68192,12969
2022-07-07 16:00:00,0.68191,0.68434,0.68146,0.68361,15583
2022-07-07 20:00:00,0.68357,0.68482,0.68295,0.68389,4296
2022-07-08 00:00:00,0.68379,0.686,0.68368,0.68599,5601
2022-07-08 04:00:00,0.68598,0.6861,0.68131,0.68231,13409
2022-07-08 08:00:00,0.68231,0.68322,0.68019,0.68149,13821
2022-07-08 12:00:00,0.6815,0.68374,0.67917,0.6809,13891
2022-07-08 16:00:00,0.68091,0.68742,0.68082,0.68368,20722
2022-07-08 20:00:00,0.68369,0.68544,0.68309,0.68533,7681
2022-07-11 00:00:00,0.68465,0.68542,0.68356,0.68382,6398
2022-07-11 04:00:00,0.68384,0.68394,0.68154,0.68218,11959
2022-07-11 08:00:00,0.68215,0.68236,0.67994,0.68077,13084
2022-07-11 12:00:00,0.68074,0.68125,0.67375,0.67415,12300
2022-07-11 16:00:00,0.67414,0.67517,0.67144,0.67402,19866
2022-07-11 20:00:00,0.67404,0.67535,0.67263,0.67355,9098
2022-07-12 00:00:00,0.67336,0.67454,0.67251,0.6731,4994
2022-07-12 04:00:00,0.67307,0.67406,0.67154,0.67248,14726
2022-07-12 08:00:00,0.67249,0.67352,0.67108,0.67188,15589
2022-07-12 12:00:00,0.67187,0.67473,0.67132,0.67462,14678
2022-07-12 16:00:00,0.67463,0.67788,0.67433,0.6772,18192
2022-07-12 20:00:00,0.67721,0.67744,0.67522,0.67586,7952
2022-07-13 00:00:00,0.67505,0.67516,0.67419,0.67479,3371
2022-07-13 04:00:00,0.67479,0.67787,0.67477,0.67727,12672
2022-07-13 08:00:00,0.67729,0.67857,0.67525,0.67809,15449
2022-07-13 12:00:00,0.67808,0.6803,0.67255,0.67473,15272
2022-07-13 16:00:00,0.67466,0.68033,0.67261,0.67845,27770
2022-07-13 20:00:00,0.67849,0.67924,0.67537,0.67572,13647
2022-07-14 00:00:00,0.67553,0.6762,0.67301,0.67374,6996
2022-07-14 04:00:00,0.67377,0.67854,0.67308,0.67699,12922
2022-07-14 08:00:00,0.67701,0.6788,0.67351,0.6739,18312
2022-07-14 12:00:00,0.67389,0.67534,0.67068,0.67081,16763
2022-07-14 16:00:00,0.6708,0.67526,0.66815,0.67188,26516
2022-07-14 20:00:00,0.67194,0.67598,0.67154,0.67492,13388
2022-07-15 00:00:00,0.67457,0.676,0.67385,0.67417,6780
2022-07-15 04:00:00,0.67419,0.67648,0.67366,0.67387,12697
2022-07-15 08:00:00,0.67388,0.67419,0.67191,0.67361,15763
2022-07-15 12:00:00,0.6736,0.67811,0.67349,0.67779,14279
2022-07-15 16:00:00,0.67781,0.6806,0.67547,0.67885,21230
2022-07-15 20:00:00,0.67886,0.67977,0.67861,0.67924,6397
2022-07-18 00:00:00,0.67865,0.68139,0.67863,0.68049,5765
2022-07-18 04:00:00,0.6805,0.68187,0.67978,0.68046,10013
2022-07-18 08:00:00,0.68047,0.68387,0.6793,0.68323,13502
2022-07-18 12:00:00,0.68322,0.68431,0.68147,0.68317,10514
2022-07-18 16:00:00,0.68316,0.68542,0.68214,0.68326,14894
2022-07-18 20:00:00,0.68325,0.68388,0.68074,0.68132,9016
2022-07-19 00:00:00,0.68124,0.68133,0.68027,0.68049,4048
2022-07-19 04:00:00,0.68056,0.68479,0.68025,0.68383,8829
2022-07-19 08:00:00,0.68384,0.68984,0.68351,0.68928,14426
2022-07-19 12:00:00,0.68926,0.69026,0.68818,0.68941,12168
2022-07-19 16:00:00,0.68939,0.69124,0.68896,0.69052,15530
2022-07-19 20:00:00,0.69053,0.69067,0.68905,0.68994,6033
2022-07-20 00:00:00,0.68964,0.69092,0.68929,0.69062,3872
2022-07-20 04:00:00,0.69063,0.69263,0.68939,0.69213,7732
2022-07-20 08:00:00,0.69211,0.69222,0.68989,0.69058,12905
2022-07-20 12:00:00,0.6906,0.69303,0.68916,0.69034,13333
2022-07-20 16:00:00,0.69032,0.69144,0.68786,0.6883,16374
2022-07-20 20:00:00,0.6883,0.6891,0.6873,0.68874,9861
2022-07-21 00:00:00,0.68874,0.68946,0.68794,0.68883,4460
2022-07-21 04:00:00,0.68883,0.69148,0.68809,0.6914,9236
2022-07-21 08:00:00,0.69142,0.69166,0.68628,0.68675,13324
2022-07-21 12:00:00,0.68677,0.69083,0.6859,0.69031,14127
2022-07-21 16:00:00,0.6903,0.69073,0.68682,0.68963,21264
2022-07-21 20:00:00,0.68962,0.69363,0.68902,0.69349,8136
2022-07-22 00:00:00,0.69297,0.69378,0.69154,0.69192,4406
2022-07-22 04:00:00,0.69191,0.69291,0.68972,0.68982,7999
2022-07-22 08:00:00,0.68984,0.69247,0.68932,0.69153,12976
2022-07-22 12:00:00,0.69152,0.6947,0.6913,0.69389,12647
2022-07-22 16:00:00,0.69387,0.69773,0.69361,0.69459,20213
2022-07-22 20:00:00,0.69459,0.69489,0.69096,0.69139,6757
2022-07-25 00:00:00,0.69226,0.69265,0.68793,0.68842,5925
2022-07-25 04:00:00,0.68844,0.69131,0.68835,0.69091,10219
2022-07-25 08:00:00,0.69086,0.69444,0.68981,0.69375,11575
2022-07-25 12:00:00,0.69374,0.69649,0.69359,0.69552,10545
2022-07-25 16:00:00,0.69553,0.69651,0.69399,0.69578,14598
2022-07-25 20:00:00,0.69577,0.6963,0.69525,0.69569,5632
2022-07-26 00:00:00,0.69494,0.69612,0.69489,0.69531,3766
2022-07-26 04:00:00,0.69531,0.69831,0.69504,0.69596,8875
2022-07-26 08:00:00,0.69597,0.69714,0.69544,0.69567,8897
2022-07-26 12:00:00,0.69566,0.69616,0.69219,0.69356,11065
2022-07-26 16:00:00,0.69357,0.69598,0.69294,0.6941,14665
2022-07-26 20:00:00,0.69412,0.69461,0.69283,0.6936,6956
2022-07-27 00:00:00,0.69372,0.69577,0.69346,0.69493,4068
2022-07-27 04:00:00,0.69489,0.69547,0.69127,0.69359,8297
2022-07-27 08:00:00,0.6936,0.69443,0.69245,0.69405,9202
2022-07-27 12:00:00,0.69407,0.69553,0.69361,0.69386,8530
2022-07-27 16:00:00,0.69384,0.69405,0.69135,0.69224,11142
2022-07-27 20:00:00,0.69223,0.70121,0.6912,0.69946,17210
2022-07-28 00:00:00,0.69915,0.70024,0.69828,0.69846,4270
2022-07-28 04:00:00,0.6985,0.69979,0.698,0.69872,10153
2022-07-28 08:00:00,0.69873,0.70136,0.69834,0.70031,11494
2022-07-28 12:00:00,0.70028,0.70051,0.69614,0.69853,14321
2022-07-28 16:00:00,0.6985,0.69949,0.69548,0.69616,18576
2022-07-28 20:00:00,0.69615,0.69942,0.69584,0.69936,6370
2022-07-29 00:00:00,0.69825,0.70044,0.69825,0.69985,4719
2022-07-29 04:00:00,0.69986,0.70182,0.69931,0.70034,9437
2022-07-29 08:00:00,0.70036,0.70316,0.69926,0.69968,13264
2022-07-29 12:00:00,0.69966,0.69989,0.69462,0.69494,12638
2022-07-29 16:00:00,0.69497,0.69852,0.69107,0.69778,19014
2022-07-29 20:00:00,0.69776,0.69982,0.69718,0.69936,4997
2022-08-01 00:00:00,0.69837,0.69876,0.69682,0.69836,5342
2022-08-01 04:00:00,0.69838,0.69997,0.69775,0.69868,8461
2022-08-01 08:00:00,0.69864,0.70356,0.69824,0.70265,9543
2022-08-01 12:00:00,0.70267,0.70469,0.70241,0.70274,10159
2022-08-01 16:00:00,0.70273,0.70464,0.70079,0.70339,16779
2022-08-01 20:00:00,0.70338,0.70342,0.70125,0.7026,6754
2022-08-02 00:00:00,0.70218,0.70321,0.70126,0.70194,5950
2022-08-02 04:00:00,0.70193,0.70218,0.69645,0.69704,12728
2022-08-02 08:00:00,0.69701,0.69757,0.69161,0.69204,15611
2022-08-02 12:00:00,0.69201,0.69426,0.69159,0.69287,10660
2022-08-02 16:00:00,0.69289,0.69664,0.69126,0.69502,19600
2022-08-02 20:00:00,0.69501,0.69504,0.69182,0.6919,9391
2022-08-03 00:00:00,0.69178,0.69257,0.68861,0.6893,6632
2022-08-03 04:00:00,0.68931,0.6936,0.68925,0.69292,10371
2022-08-03 08:00:00,0.69293,0.69403,0.69203,0.69298,11239
2022-08-03 12:00:00,0.69297,0.69464,0.69206,0.69375,10618
2022-08-03 16:00:00,0.69374,0.69416,0.69037,0.69386,18004
2022-08-03 20:00:00,0.69388,0.69555,0.69357,0.69501,6142
2022-08-04 00:00:00,0.69478,0.69527,0.69349,0.69481,4588
2022-08-04 04:00:00,0.6948,0.69628,0.69461,0.69595,7758
2022-08-04 08:00:00,0.69594,0.69754,0.69533,0.69721,10399
2022-08-04 12:00:00,0.69723,0.69897,0.69591,0.6964,12297
2022-08-04 16:00:00,0.69636,0.69746,0.69454,0.69652,16482
2022-08-04 20:00:00,0.69648,0.69827,0.69628,0.69675,6145
2022-08-05 00:00:00,0.69707,0.69707,0.69534,0.69544,4014
2022-08-05 04:00:00,0.69543,0.6971,0.69541,0.69647,7109
2022-08-05 08:00:00,0.69648,0.69748,0.69484,0.69512,8777
2022-08-05 12:00:00,0.69514,0.69564,0.68836,0.68867,11437
2022-08-05 16:00:00,0.6887,0.69166,0.68696,0.69132,18942
2022-08-05 20:00:00,0.69128,0.69191,0.6905,0.69106,7141
2022-08-08 00:00:00,0.69081,0.69118,0.68978,0.69088,4922
2022-08-08 04:00:00,0.69087,0.69351,0.69062,0.69349,7018
2022-08-08 08:00:00,0.69347,0.6971,0.69298,0.69592,8681
2022-08-08 12:00:00,0.69593,0.69918,0.69535,0.69916,7760
2022-08-08 16:00:00,0.69916,0.70092,0.69792,0.69862,10741
2022-08-08 20:00:00,0.69861,0.69901,0.69759,0.69834,6542
2022-08-09 00:00:00,0.69834,0.69928,0.69748,0.6979,3670
2022-08-09 04:00:00,0.69791,0.69935,0.69699,0.69791,5690
2022-08-09 08:00:00,0.69784,0.69841,0.69649,0.69833,8116
2022-08-09 12:00:00,0.69832,0.69944,0.69648,0.69745,8463
2022-08-09 16:00:00,0.69744,0.69866,0.69616,0.69629,11990
2022-08-09 20:00:00,0.6963,0.69659,0.6953,0.69626,4197
2022-08-10 00:00:00,0.6961,0.69661,0.69467,0.69511,3688
2022-08-10 04:00:00,0.69513,0.69652,0.69509,0.69569,5297
2022-08-10 08:00:00,0.69574,0.69759,0.69479,0.6975,7561
2022-08-10 12:00:00,0.69753,0.70673,0.69657,0.70512,11195
2022-08-10 16:00:00,0.70514,0.71083,0.70402,0.70999,18843
2022-08-10 20:00:00,0.70997,0.7109,0.70771,0.70784,7224
2022-08-11 00:00:00,0.70761,0.70878,0.70748,0.70776,3731
2022-08-11 04:00:00,0.70772,0.70797,0.70628,0.7067,6919
2022-08-11 08:00:00,0.70668,0.71087,0.70646,0.71065,10302
2022-08-11 12:00:00,0.71064,0.71282,0.70913,0.71236,12100
2022-08-11 16:00:00,0.71238,0.71366,0.7108,0.71178,16833
2022-08-11 20:00:00,0.71179,0.71208,0.70965,0.71069,7481
2022-08-12 00:00:00,0.71051,0.71093,0.70897,0.70938,3986
2022-08-12 04:00:00,0.70941,0.71194,0.70892,0.71182,6426
2022-08-12 08:00:00,0.71178,0.71279,0.71134,0.7119,8851
2022-08-12 12:00:00,0.71187,0.71191,0.70848,0.70984,9794
2022-08-12 16:00:00,0.70985,0.71145,0.70895,0.71116,15746
2022-08-12 20:00:00,0.71116,0.71282,0.71116,0.71219,3911
2022-08-15 00:00:00,0.71132,0.71249,0.71103,0.71201,3830
2022-08-15 04:00:00,0.712,0.71238,0.70908,0.70913,7775
2022-08-15 08:00:00,0.70914,0.70947,0.70417,0.70445,9619
2022-08-15 12:00:00,0.70448,0.70457,0.70111,0.70195,11410
2022-08-15 16:00:00,0.70196,0.70456,0.70134,0.70359,11213
2022-08-15 20:00:00,0.7036,0.7038,0.70184,0.70227,4431
2022-08-16 00:00:00,0.70183,0.70242,0.70006,0.70051,4112
2022-08-16 04:00:00,0.7005,0.70384,0.70048,0.70326,7568
2022-08-16 08:00:00,0.70327,0.704,0.6991,0.70091,10763
2022-08-16 12:00:00,0.70094,0.70111,0.69931,0.70019,11121
2022-08-16 16:00:00,0.7002,0.70241,0.70004,0.70116,12071
2022-08-16 20:00:00,0.7012,0.70318,0.70106,0.70254,4626
2022-08-17 00:00:00,0.70196,0.7026,0.70119,0.70165,3978
2022-08-17 04:00:00,0.70163,0.70262,0.69877,0.70126,9985
2022-08-17 08:00:00,0.70127,0.70244,0.69655,0.69682,11810
2022-08-17 12:00:00,0.69683,0.69729,0.69184,0.69319,12250
2022-08-17 16:00:00,0.69317,0.69428,0.69109,0.6925,14384
2022-08-17 20:00:00,0.69256,0.69612,0.69224,0.69357,11555
2022-08-18 00:00:00,0.69265,0.69449,0.69256,0.69409,4113
2022-08-18 04:00:00,0.69407,0.69505,0.69174,0.69279,8497
2022-08-18 08:00:00,0.69278,0.69462,0.6899,0.69375,12172
2022-08-18 12:00:00,0.69376,0.69697,0.69365,0.6956,12600
2022-08-18 16:00:00,0.69563,0.69596,0.69097,0.69105,14359
2022-08-18 20:00:00,0.69104,0.69263,0.69062,0.69145,7286
2022-08-19 00:00:00,0.69123,0.69175,0.68973,0.69006,4336
2022-08-19 04:00:00,0.69013,0.69189,0.6888,0.69087,7999
2022-08-19 08:00:00,0.69087,0.69195,0.68948,0.69091,11904
2022-08-19 12:00:00,0.69095,0.6915,0.68769,0.69059,11202
2022-08-19 16:00:00,0.69056,0.69072,0.6859,0.68764,13043
2022-08-19 20:00:00,0.68764,0.68819,0.68658,0.6873,5120
2022-08-22 00:00:00,0.68712,0.68843,0.68639,0.68763,4654
2022-08-22 04:00:00,0.68762,0.69061,0.68751,0.68992,8258
2022-08-22 08:00:00,0.6899,0.69102,0.68807,0.69083,11411
2022-08-22 12:00:00,0.6908,0.69288,0.68919,0.69047,11206
2022-08-22 16:00:00,0.69048,0.69083,0.68621,0.68769,12993
2022-08-22 20:00:00,0.68767,0.68794,0.68654,0.68778,5138
2022-08-23 00:00:00,0.68764,0.68931,0.68729,0.6887,5532
2022-08-23 04:00:00,0.68869,0.68994,0.68864,0.68874,8000
2022-08-23 08:00:00,0.68872,0.68945,0.6856,0.68839,13051
2022-08-23 12:00:00,0.68838,0.68859,0.68649,0.68734,10214
2022-08-23 16:00:00,0.68735,0.69634,0.68704,0.69413,18254
2022-08-23 20:00:00,0.69412,0.69446,0.69178,0.69284,6953
2022-08-24 00:00:00,0.69266,0.6931,0.69106,0.69136,4434
2022-08-24 04:00:00,0.69137,0.69204,0.68945,0.69124,8043
2022-08-24 08:00:00,0.69125,0.6927,0.68989,0.69219,9378
2022-08-24 12:00:00,0.6922,0.69288,0.68819,0.68889,10880
2022-08-24 16:00:00,0.6889,0.69191,0.6879,0.69036,15447
2022-08-24 20:00:00,0.69035,0.69132,0.69012,0.69093,6025
2022-08-25 00:00:00,0.69032,0.69263,0.68973,0.6923,4079
2022-08-25 04:00:00,0.69228,0.69623,0.69178,0.69564,7730
2022-08-25 08:00:00,0.69567,0.6991,0.69484,0.69852,11860
2022-08-25 12:00:00,0.69853,0.69888,0.69585,0.69645,11199
2022-08-25 16:00:00,0.69646,0.69825,0.69505,0.69693,13741
2022-08-25 20:00:00,0.6969,0.69815,0.6967,0.6979,5950
2022-08-26 00:00:00,0.6979,0.6982,0.69528,0.69543,3417
2022-08-26 04:00:00,0.69544,0.69704,0.69531,0.6955,6454
2022-08-26 08:00:00,0.69551,0.6966,0.69511,0.69639,9143
2022-08-26 12:00:00,0.69639,0.69966,0.69609,0.69923,10717
2022-08-26 16:00:00,0.69923,0.70086,0.69005,0.69066,22350
2022-08-26 20:00:00,0.69065,0.69081,0.68882,0.68908,7928
2022-08-29 00:00:00,0.68805,0.68857,0.68602,0.68625,5963
2022-08-29 04:00:00,0.68626,0.68739,0.68414,0.68436,9269
2022-08-29 08:00:00,0.68437,0.6865,0.68409,0.68495,11533
2022-08-29 12:00:00,0.68492,0.69057,0.68492,0.68998,11223
2022-08-29 16:00:00,0.69,0.69257,0.6883,0.6911,13884
2022-08-29 20:00:00,0.69112,0.69165,0.6897,0.69009,6846
2022-08-30 00:00:00,0.68987,0.69099,0.68924,0.69018,4150
2022-08-30 04:00:00,0.69016,0.69167,0.68731,0.68865,9049
2022-08-30 08:00:00,0.68864,0.69535,0.68851,0.69507,12192
2022-08-30 12:00:00,0.69509,0.69559,0.69104,0.69104,11311
2022-08-30 16:00:00,0.69108,0.69226,0.68541,0.68543,19039
2022-08-30 20:00:00,0.68545,0.68686,0.68456,0.68531,9558
2022-08-31 00:00:00,0.68516,0.68653,0.6851,0.68604,3821
2022-08-31 04:00:00,0.68603,0.6888,0.68526,0.68836,7764
2022-08-31 08:00:00,0.68837,0.69038,0.6869,0.68708,11687
2022-08-31 12:00:00,0.68707,0.68714,0.68413,0.68613,12939
2022-08-31 16:00:00,0.68616,0.68729,0.6844,0.68561,18916
2022-08-31 20:00:00,0.68559,0.68601,0.68351,0.6843,9118
2022-09-01 00:00:00,0.684,0.68452,0.68065,0.68154,5716
2022-09-01 04:00:00,0.68156,0.6822,0.67919,0.68087,7647
2022-09-01 08:00:00,0.68083,0.68458,0.68052,0.68293,13274
2022-09-01 12:00:00,0.68294,0.68377,0.68091,0.68247,11843
2022-09-01 16:00:00,0.68244,0.68296,0.67711,0.67762,17476
2022-09-01 20:00:00,0.67767,0.67963,0.67738,0.6789,8579
2022-09-02 00:00:00,0.67775,0.68008,0.67774,0.67913,3991
2022-09-02 04:00:00,0.67911,0.67997,0.67795,0.67866,7028
2022-09-02 08:00:00,0.67866,0.68077,0.67804,0.6805,9864
2022-09-02 12:00:00,0.6805,0.68497,0.67999,0.68208,11700
2022-09-02 16:00:00,0.68204,0.68549,0.68025,0.68068,19356
2022-09-02 20:00:00,0.6807,0.68215,0.67949,0.68072,10556
2022-09-05 00:00:00,0.67813,0.68018,0.67784,0.67869,5903
2022-09-05 04:00:00,0.67864,0.67992,0.67733,0.67881,9496
2022-09-05 08:00:00,0.67878,0.67983,0.67727,0.67778,12099
2022-09-05 12:00:00,0.67777,0.68022,0.67761,0.67982,10970
2022-09-05 16:00:00,0.67982,0.68037,0.67876,0.67991,6792
2022-09-05 20:00:00,0.67994,0.68016,0.67965,0.67979,532
2022-09-06 00:00:00,0.67954,0.68324,0.67911,0.683,4892
2022-09-06 04:00:00,0.68302,0.68321,0.67891,0.68007,9934
2022-09-06 08:00:00,0.68007,0.68141,0.67609,0.67706,13429
2022-09-06 12:00:00,0.67705,0.67867,0.67608,0.67609,11809
2022-09-06 16:00:00,0.67611,0.67673,0.67308,0.67407,19024
2022-09-06 20:00:00,0.67404,0.6741,0.67278,0.67357,9744
2022-09-07 00:00:00,0.67317,0.67374,0.67103,0.67151,5582
2022-09-07 04:00:00,0.67151,0.67234,0.66991,0.6715,11134
2022-09-07 08:00:00,0.67155,0.67341,0.67055,0.67251,12262
2022-09-07 12:00:00,0.67252,0.67374,0.66989,0.67085,13410
2022-09-07 16:00:00,0.67084,0.67415,0.67031,0.67391,15430
2022-09-07 20:00:00,0.6739,0.67655,0.67387,0.67537,5111
2022-09-08 00:00:00,0.67688,0.67736,0.67399,0.67402,4743
2022-09-08 04:00:00,0.67402,0.67509,0.6713,0.67325,9985
2022-09-08 08:00:00,0.67322,0.67647,0.67223,0.67327,12544
2022-09-08 12:00:00,0.6732,0.67592,0.67213,0.67329,13313
2022-09-08 16:00:00,0.67328,0.67554,0.67172,0.67342,19147
2022-09-08 20:00:00,0.67347,0.67614,0.67318,0.67501,9138
2022-09-09 00:00:00,0.67489,0.67934,0.67434,0.67845,3715
2022-09-09 04:00:00,0.67844,0.68345,0.67822,0.68322,8863
2022-09-09 08:00:00,0.6832,0.68773,0.68218,0.68735,12589
2022-09-09 12:00:00,0.68738,0.68738,0.68228,0.68443,13498
2022-09-09 16:00:00,0.68442,0.68555,0.68315,0.68481,15518
2022-09-09 20:00:00,0.68482,0.68483,0.68349,0.68459,5199
2022-09-12 00:00:00,0.68348,0.6852,0.68273,0.68422,4466
2022-09-12 04:00:00,0.68427,0.6851,0.6824,0.68286,6438
2022-09-12 08:00:00,0.68284,0.68879,0.68284,0.68831,12064
2022-09-12 12:00:00,0.68829,0.68854,0.68589,0.68782,11795
2022-09-12 16:00:00,0.68783,0.68966,0.68683,0.68941,12757
2022-09-12 20:00:00,0.68942,0.68994,0.68738,0.68872,6603
2022-09-13 00:00:00,0.68872,0.6899,0.68766,0.68899,3211
2022-09-13 04:00:00,0.68899,0.68946,0.68628,0.68713,6717
2022-09-13 08:00:00,0.68711,0.68986,0.68672,0.68975,9670
2022-09-13 12:00:00,0.68967,0.6916,0.67932,0.67948,12779
2022-09-13 16:00:00,0.67949,0.68159,0.67564,0.67603,18861
2022-09-13 20:00:00,0.67599,0.67682,0.67265,0.67315,8256
2022-09-14 00:00:00,0.67286,0.67478,0.67252,0.67413,5648
2022-09-14 04:00:00,0.67415,0.67475,0.67232,0.67354,9017
2022-09-14 08:00:00,0.67357,0.67425,0.67048,0.67291,13523
2022-09-14 12:00:00,0.67292,0.67434,0.67066,0.67247,13967
2022-09-14 16:00:00,0.67247,0.67601,0.67216,0.67529,15567
2022-09-14 20:00:00,0.67529,0.67549,0.6733,0.67466,7474
2022-09-15 00:00:00,0.6747,0.67621,0.6735,0.67455,3666
2022-09-15 04:00:00,0.67453,0.67699,0.67398,0.67575,7552
2022-09-15 08:00:00,0.67575,0.67624,0.674,0.67528,9711
2022-09-15 12:00:00,0.67528,0.6753,0.67179,0.67411,11817
2022-09-15 16:00:00,0.6741,0.67493,0.67021,0.67173,16936
2022-09-15 20:00:00,0.67174,0.67289,0.67004,0.67046,4727
2022-09-16 00:00:00,0.66974,0.67074,0.66846,0.66997,3994
2022-09-16 04:00:00,0.66997,0.67239,0.66955,0.672,8074
2022-09-16 08:00:00,0.672,0.67204,0.66698,0.66747,11161
2022-09-16 12:00:00,0.66747,0.66969,0.66725,0.66725,11007
2022-09-16 16:00:00,0.66726,0.67123,0.66713,0.66945,18469
2022-09-16 20:00:00,0.66944,0.67233,0.66911,0.67178,8138
2022-09-19 00:00:00,0.67136,0.67337,0.67097,0.67237,4639
2022-09-19 04:00:00,0.67235,0.67273,0.66991,0.6711,7092
2022-09-19 08:00:00,0.67111,0.67114,0.66759,0.66767,8476
2022-09-19 12:00:00,0.66768,0.66913,0.66724,0.66828,8855
2022-09-19 16:00:00,0.66828,0.67146,0.66722,0.67134,12941
2022-09-19 20:00:00,0.67134,0.67285,0.67051,0.67256,5907
2022-09-20 00:00:00,0.67266,0.67473,0.67193,0.6723,4733
2022-09-20 04:00:00,0.67229,0.67335,0.67126,0.67186,7933
2022-09-20 08:00:00,0.67184,0.67328,0.66958,0.6708,10400
2022-09-20 12:00:00,0.6708,0.67173,0.66911,0.66964,10720
2022-09-20 16:00:00,0.66964,0.67063,0.6684,0.66934,13692
2022-09-20 20:00:00,0.66934,0.66944,0.66763,0.66892,5098
2022-09-21 00:00:00,0.6689,0.67031,0.6685,0.66909,4126
2022-09-21 04:00:00,0.66908,0.66918,0.66658,0.66681,7323
2022-09-21 08:00:00,0.66686,0.66837,0.66545,0.66657,13565
2022-09-21 12:00:00,0.66659,0.66783,0.6663,0.66708,9528
2022-09-21 16:00:00,0.66707,0.66736,0.66512,0.66513,12249
2022-09-21 20:00:00,0.66514,0.67052,0.66213,0.66322,16465
2022-09-22 00:00:00,0.66322,0.66352,0.65892,0.65898,5466
2022-09-22 04:00:00,0.65898,0.66054,0.65828,0.66026,9928
2022-09-22 08:00:00,0.66023,0.66704,0.65739,0.66503,15793
2022-09-22 12:00:00,0.66503,0.66709,0.66245,0.66608,16944
2022-09-22 16:00:00,0.66603,0.66616,0.66138,0.66433,17808
2022-09-22 20:00:00,0.6643,0.66522,0.66353,0.66424,9046
2022-09-23 00:00:00,0.66418,0.66547,0.66386,0.66511,3641
2022-09-23 04:00:00,0.66509,0.66557,0.661,0.66142,7857
2022-09-23 08:00:00,0.66144,0.66327,0.65791,0.65826,12283
2022-09-23 12:00:00,0.65826,0.6589,0.65589,0.65742,17869
2022-09-23 16:00:00,0.65744,0.65908,0.65303,0.65397,18016
2022-09-23 20:00:00,0.65398,0.65432,0.65113,0.65285,10790
2022-09-26 00:00:00,0.65156,0.65372,0.64868,0.64921,8573
2022-09-26 04:00:00,0.64916,0.6534,0.64894,0.6492,14707
2022-09-26 08:00:00,0.64919,0.65327,0.64835,0.65213,18835
2022-09-26 12:00:00,0.65212,0.65253,0.64854,0.6511,16885
2022-09-26 16:00:00,0.65109,0.65235,0.64428,0.64536,21186
2022-09-26 20:00:00,0.64534,0.64722,0.64377,0.64552,12669
2022-09-27 00:00:00,0.64442,0.64932,0.64424,0.64909,7200
2022-09-27 04:00:00,0.6491,0.64945,0.64723,0.64846,11900
2022-09-27 08:00:00,0.64847,0.65128,0.64755,0.64873,15803
2022-09-27 12:00:00,0.64872,0.64997,0.64685,0.64694,14188
2022-09-27 16:00:00,0.64694,0.64858,0.64136,0.64226,20956
2022-09-27 20:00:00,0.64221,0.64356,0.64144,0.64331,11361
2022-09-28 00:00:00,0.64238,0.64443,0.64218,0.64346,5842
2022-09-28 04:00:00,0.64345,0.64391,0.63802,0.6386,14419
2022-09-28 08:00:00,0.63858,0.64026,0.6363,0.63875,18686
2022-09-28 12:00:00,0.63876,0.64437,0.63644,0.64264,23771
2022-09-28 16:00:00,0.64255,0.65221,0.64208,0.65134,21825
2022-09-28 20:00:00,0.65135,0.65308,0.65106,0.65222,10673
2022-09-29 00:00:00,0.65176,0.65245,0.64875,0.64891,6752
2022-09-29 04:00:00,0.64892,0.65046,0.64705,0.64897,11505
2022-09-29 08:00:00,0.649,0.64932,0.64358,0.64525,18990
2022-09-29 12:00:00,0.64522,0.65029,0.64522,0.64621,19242
2022-09-29 16:00:00,0.64624,0.65017,0.64478,0.648,21954
2022-09-29 20:00:00,0.648,0.64982,0.64639,0.64969,11259
2022-09-30 00:00:00,0.64872,0.6518,0.6485,0.65071,7625
2022-09-30 04:00:00,0.6507,0.65098,0.64786,0.64812,12917
2022-09-30 08:00:00,0.6481,0.65238,0.64759,0.65131,17418
2022-09-30 12:00:00,0.6514,0.65145,0.64509,0.64762,18911
2022-09-30 16:00:00,0.64763,0.64857,0.64182,0.643,19609
2022-09-30 20:00:00,0.64301,0.64345,0.6391,0.63984,10917
2022-10-03 00:00:00,0.64028,0.64281,0.63987,0.64223,7491
2022-10-03 04:00:00,0.64227,0.64488,0.64196,0.64272,10867
2022-10-03 08:00:00,0.64267,0.64599,0.64235,0.64491,16537
2022-10-03 12:00:00,0.64492,0.64796,0.64358,0.64664,13845
2022-10-03 16:00:00,0.64663,0.65172,0.64631,0.65077,17990
2022-10-03 20:00:00,0.65077,0.65221,0.65006,0.65165,8933
2022-10-04 00:00:00,0.65146,0.6518,0.64967,0.64992,6525
2022-10-04 04:00:00,0.64992,0.65123,0.64502,0.64734,12709
2022-10-04 08:00:00,0.64733,0.65471,0.64646,0.65029,16737
2022-10-04 12:00:00,0.65031,0.65045,0.64512,0.64819,15915
2022-10-04 16:00:00,0.64818,0.6517,0.64623,0.64698,16425
2022-10-04 20:00:00,0.64699,0.65063,0.64611,0.65022,8628
2022-10-05 00:00:00,0.64979,0.652,0.64899,0.64902,6132
2022-10-05 04:00:00,0.64897,0.65262,0.64725,0.64859,14190
2022-10-05 08:00:00,0.64857,0.65222,0.64704,0.64821,14732
2022-10-05 12:00:00,0.64822,0.64891,0.6433,0.64543,13686
2022-10-05 16:00:00,0.64544,0.64697,0.64165,0.64636,17940
2022-10-05 20:00:00,0.64635,0.65062,0.64631,0.65062,5438
2022-10-06 00:00:00,0.64877,0.65255,0.64718,0.65109,5685
2022-10-06 04:00:00,0.65108,0.65409,0.65027,0.65353,12550
2022-10-06 08:00:00,0.65354,0.65367,0.6475,0.64789,17372
2022-10-06 12:00:00,0.64788,0.64852,0.64532,0.64639,16025
2022-10-06 16:00:00,0.6464,0.64681,0.63894,0.64125,22144
2022-10-06 20:00:00,0.64127,0.64239,0.63997,0.64096,11093
2022-10-07 00:00:00,0.64081,0.64193,0.64018,0.64129,5853
2022-10-07 04:00:00,0.64133,0.64323,0.64031,0.64031,10040
2022-10-07 08:00:00,0.64036,0.64252,0.63848,0.64164,14102
2022-10-07 12:00:00,0.64166,0.64288,0.63704,0.63853,14217
2022-10-07 16:00:00,0.63853,0.64124,0.63726,0.63817,21231
2022-10-07 20:00:00,0.63817,0.63875,0.63543,0.63609,7990
2022-10-10 00:00:00,0.63615,0.63702,0.63424,0.63647,7812
2022-10-10 04:00:00,0.63647,0.63798,0.63222,0.63333,9777
2022-10-10 08:00:00,0.6333,0.63399,0.62877,0.63006,18404
2022-10-10 12:00:00,0.63007,0.63283,0.63003,0.63269,18869
2022-10-10 16:00:00,0.6327,0.63291,0.62744,0.62823,29657
2022-10-10 20:00:00,0.6282,0.63084,0.62766,0.62982,15078
2022-10-11 00:00:00,0.6297,0.63053,0.62806,0.63007,8108
2022-10-11 04:00:00,0.63005,0.63029,0.6247,0.62501,20561
2022-10-11 08:00:00,0.62501,0.62859,0.62493,0.62691,26358
2022-10-11 12:00:00,0.62692,0.63136,0.62492,0.62982,25976
2022-10-11 16:00:00,0.62984,0.63459,0.62623,0.63302,34735
2022-10-11 20:00:00,0.63305,0.63325,0.6258,0.62724,22103
2022-10-12 00:00:00,0.62674,0.62779,0.62541,0.62639,7647
2022-10-12 04:00:00,0.62639,0.62816,0.624,0.62695,20424
2022-10-12 08:00:00,0.62696,0.62886,0.62551,0.62595,30477
2022-10-12 12:00:00,0.62597,0.62747,0.62355,0.62558,25494
2022-10-12 16:00:00,0.62562,0.62792,0.6239,0.62679,29202
2022-10-12 20:00:00,0.62679,0.62985,0.6264,0.62751,17418
2022-10-13 00:00:00,0.62769,0.62904,0.62628,0.62854,5915
2022-10-13 04:00:00,0.62855,0.62901,0.62672,0.62761,10887
2022-10-13 08:00:00,0.6276,0.62854,0.62647,0.62849,16709
2022-10-13 12:00:00,0.62844,0.62991,0.61699,0.62046,27494
2022-10-13 16:00:00,0.62041,0.62962,0.61749,0.62822,54650
2022-10-13 20:00:00,0.62822,0.63164,0.62817,0.62976,22292
2022-10-14 00:00:00,0.62969,0.63115,0.62872,0.63047,8526
2022-10-14 04:00:00,0.63048,0.63431,0.63045,0.63261,19351
2022-10-14 08:00:00,0.63259,0.63468,0.62954,0.62971,26868
2022-10-14 12:00:00,0.62973,0.6321,0.62697,0.63144,28400
2022-10-14 16:00:00,0.63143,0.63203,0.62068,0.62105,43969
2022-10-14 20:00:00,0.62105,0.62165,0.6194,0.62031,16979
2022-10-17 00:00:00,0.62031,0.6229,0.62021,0.62144,9747
2022-10-17 04:00:00,0.62143,0.62364,0.62104,0.62295,15479
2022-10-17 08:00:00,0.62292,0.62519,0.62264,0.62422,29065
2022-10-17 12:00:00,0.62422,0.62852,0.62403,0.62762,23538
2022-10-17 16:00:00,0.62762,0.63121,0.62697,0.62952,31320
2022-10-17 20:00:00,0.62951,0.6304,0.62815,0.62928,13732
2022-10-18 00:00:00,0.62792,0.63143,0.62791,0.62997,9499
2022-10-18 04:00:00,0.62999,0.63309,0.6277,0.63199,19793
2022-10-18 08:00:00,0.632,0.63267,0.62792,0.62794,26787
2022-10-18 12:00:00,0.62792,0.63398,0.62755,0.63345,25145
2022-10-18 16:00:00,0.63343,0.63354,0.62654,0.62925,32506
2022-10-18 20:00:00,0.62925,0.63138,0.62782,0.63104,21255
2022-10-19 00:00:00,0.63045,0.63252,0.63029,0.63132,9914
2022-10-19 04:00:00,0.63133,0.63242,0.63074,0.63108,15129
2022-10-19 08:00:00,0.63105,0.6315,0.62857,0.62971,25414
2022-10-19 12:00:00,0.62969,0.63169,0.62725,0.62812,25098
2022-10-19 16:00:00,0.62813,0.63031,0.62572,0.62606,32475
2022-10-19 20:00:00,0.62605,0.62732,0.62511,0.62702,17322
2022-10-20 00:00:00,0.62608,0.62732,0.62532,0.62632,8747
2022-10-20 04:00:00,0.62631,0.62689,0.62285,0.62553,20773
2022-10-20 08:00:00,0.62554,0.6277,0.62477,0.62754,26417
2022-10-20 12:00:00,0.62755,0.63299,0.62748,0.62917,26886
2022-10-20 16:00:00,0.62918,0.63562,0.62909,0.63125,32532
2022-10-20 20:00:00,0.63126,0.63126,0.62668,0.62828,19419
2022-10-21 00:00:00,0.62775,0.62834,0.62642,0.62691,7520
2022-10-21 04:00:00,0.62693,0.62822,0.62567,0.62648,17621
2022-10-21 08:00:00,0.62647,0.62806,0.6246,0.62518,23405
2022-10-21 12:00:00,0.62521,0.62578,0.62102,0.62429,25568
2022-10-21 16:00:00,0.62425,0.63792,0.62422,0.63616,63681
2022-10-21 20:00:00,0.63613,0.63929,0.63495,0.63795,19229
2022-10-24 00:00:00,0.6395,0.64113,0.6355,0.63644,27317
2022-10-24 04:00:00,0.63645,0.63681,0.63236,0.63467,23247
2022-10-24 08:00:00,0.63462,0.63471,0.62843,0.62963,30832
2022-10-24 12:00:00,0.62961,0.63263,0.62722,0.62934,29564
2022-10-24 16:00:00,0.62934,0.63262,0.62781,0.62997,41315
2022-10-24 20:00:00,0.62997,0.63146,0.62931,0.63114,12356
2022-10-25 00:00:00,0.63133,0.63413,0.62962,0.63356,12658
2022-10-25 04:00:00,0.63356,0.63415,0.63124,0.63238,22055
2022-10-25 08:00:00,0.63237,0.63365,0.63164,0.63202,22233
2022-10-25 12:00:00,0.63203,0.633,0.63035,0.63283,18938
2022-10-25 16:00:00,0.63284,0.64121,0.63278,0.63809,33248
2022-10-25 20:00:00,0.6381,0.63991,0.63769,0.63944,14127
2022-10-26 00:00:00,0.63792,0.64027,0.63721,0.63794,11143
2022-10-26 04:00:00,0.63794,0.64112,0.63731,0.64018,19089
2022-10-26 08:00:00,0.64018,0.6493,0.63966,0.64912,27095
2022-10-26 12:00:00,0.64911,0.64968,0.64536,0.64596,25233
2022-10-26 16:00:00,0.64593,0.6511,0.64513,0.64871,34277
2022-10-26 20:00:00,0.6487,0.64987,0.64768,0.64969,18046
2022-10-27 00:00:00,0.64969,0.65019,0.64701,0.64833,9624
2022-10-27 04:00:00,0.64832,0.65134,0.64749,0.65102,18680
2022-10-27 08:00:00,0.65103,0.65219,0.64667,0.64676,24839
2022-10-27 12:00:00,0.64676,0.64701,0.64256,0.64652,27358
2022-10-27 16:00:00,0.64655,0.65046,0.64506,0.6471,41645
2022-10-27 20:00:00,0.64709,0.64891,0.64477,0.64544,17639
2022-10-28 00:00:00,0.64514,0.6459,0.64421,0.64442,9770
2022-10-28 04:00:00,0.64442,0.64796,0.64437,0.64692,20705
2022-10-28 08:00:00,0.64689,0.64703,0.64069,0.64162,25456
2022-10-28 12:00:00,0.64166,0.64315,0.63999,0.64074,25604
2022-10-28 16:00:00,0.64073,0.64325,0.63889,0.64066,32633
2022-10-28 20:00:00,0.64066,0.64167,0.64017,0.64115,8893
2022-10-31 00:00:00,0.63988,0.64152,0.63906,0.64122,13146
2022-10-31 04:00:00,0.64124,0.6428,0.6402,0.64195,17977
2022-10-31 08:00:00,0.64196,0.64243,0.63872,0.63966,17956
2022-10-31 12:00:00,0.6397,0.64069,0.63769,0.63781,18659
2022-10-31 16:00:00,0.63781,0.6401,0.63679,0.63905,27757
2022-10-31 20:00:00,0.63906,0.63993,0.63857,0.63976,14998
2022-11-01 00:00:00,0.6391,0.64138,0.63884,0.64003,8690
2022-11-01 04:00:00,0.64002,0.64467,0.63955,0.64225,21752
2022-11-01 08:00:00,0.64226,0.64495,0.64052,0.64286,25521
2022-11-01 12:00:00,0.6429,0.64638,0.64232,0.64554,22034
2022-11-01 16:00:00,0.64553,0.6458,0.6377,0.63875,39499
2022-11-01 20:00:00,0.63876,0.64035,0.63846,0.63919,13931
2022-11-02 00:00:00,0.63934,0.64034,0.63844,0.63913,11075
2022-11-02 04:00:00,0.63912,0.64278,0.63898,0.64107,19897
2022-11-02 08:00:00,0.64109,0.64275,0.64024,0.64254,19767
2022-11-02 12:00:00,0.64255,0.64302,0.64015,0.64231,20373
2022-11-02 16:00:00,0.64231,0.64285,0.63982,0.64085,24410
2022-11-02 20:00:00,0.64088,0.64925,0.63477,0.63496,36678
2022-11-03 00:00:00,0.63486,0.63629,0.63249,0.63416,9814
2022-11-03 04:00:00,0.63415,0.6372,0.63392,0.63676,16721
2022-11-03 08:00:00,0.63676,0.63701,0.63082,0.63127,21161
2022-11-03 12:00:00,0.63123,0.632,0.62767,0.62773,27214
2022-11-03 16:00:00,0.62774,0.63245,0.62722,0.62934,39530
2022-11-03 20:00:00,0.62934,0.63049,0.62887,0.62908,14470
2022-11-04 00:00:00,0.62908,0.63031,0.6284,0.62889,7206
2022-11-04 04:00:00,0.62892,0.63495,0.62873,0.63461,17603
2022-11-04 08:00:00,0.6346,0.63632,0.63317,0.63526,25914
2022-11-04 12:00:00,0.63527,0.64447,0.63448,0.64395,28604
2022-11-04 16:00:00,0.64389,0.64768,0.64157,0.64441,46784
2022-11-04 20:00:00,0.64444,0.64829,0.64415,0.64724,23381
2022-11-07 00:00:00,0.64241,0.64493,0.64075,0.64261,18203
2022-11-07 04:00:00,0.6426,0.64437,0.64126,0.64279,16450
2022-11-07 08:00:00,0.6428,0.6477,0.64063,0.64625,25762
2022-11-07 12:00:00,0.64625,0.64842,0.64504,0.64732,24643
2022-11-07 16:00:00,0.64732,0.64905,0.64537,0.64732,33127
2022-11-07 20:00:00,0.64734,0.64837,0.6472,0.64787,12917
2022-11-08 00:00:00,0.64773,0.64906,0.64602,0.64695,11540
2022-11-08 04:00:00,0.64695,0.64739,0.64464,0.64496,12616
2022-11-08 08:00:00,0.64497,0.64825,0.64443,0.64805,21051
2022-11-08 12:00:00,0.64806,0.64861,0.64629,0.64735,20752
2022-11-08 16:00:00,0.64732,0.65514,0.64672,0.65297,29946
2022-11-08 20:00:00,0.65296,0.6536,0.64779,0.65037,23521
2022-11-09 00:00:00,0.64982,0.65169,0.6485,0.64858,13151
2022-11-09 04:00:00,0.64861,0.65184,0.64852,0.64919,20294
2022-11-09 08:00:00,0.6492,0.65222,0.64726,0.64789,25775
2022-11-09 12:00:00,0.64791,0.6481,0.64479,0.64578,26282
2022-11-09 16:00:00,0.64579,0.64976,0.6431,0.64455,36462
2022-11-09 20:00:00,0.64453,0.64493,0.64146,0.64314,19370
2022-11-10 00:00:00,0.64284,0.64414,0.64222,0.64259,9584
2022-11-10 04:00:00,0.64258,0.64303,0.64116,0.64188,17000
2022-11-10 08:00:00,0.64188,0.64261,0.63911,0.6404,23792
2022-11-10 12:00:00,0.64039,0.65651,0.63863,0.65295,27312
2022-11-10 16:00:00,0.65294,0.65976,0.65136,0.65612,45478
2022-11-10 20:00:00,0.65612,0.66315,0.65612,0.66199,21708
2022-11-11 00:00:00,0.66159,0.66185,0.65778,0.65844,18356
2022-11-11 04:00:00,0.65841,0.66514,0.6584,0.66472,23055
2022-11-11 08:00:00,0.66471,0.6678,0.66293,0.6665,30523
2022-11-11 12:00:00,0.66651,0.66886,0.66524,0.66874,25031
2022-11-11 16:00:00,0.66874,0.67034,0.66514,0.66995,33442
2022-11-11 20:00:00,0.66994,0.67169,0.66981,0.67067,18901
2022-11-14 00:00:00,0.66995,0.671,0.66687,0.66866,21947
2022-11-14 04:00:00,0.66869,0.66988,0.6664,0.66656,22317
2022-11-14 08:00:00,0.6666,0.67108,0.66636,0.66797,27076
2022-11-14 12:00:00,0.66796,0.6698,0.66638,0.66927,25081
2022-11-14 16:00:00,0.66929,0.67164,0.66754,0.67058,32919
2022-11-14 20:00:00,0.6706,0.67236,0.66992,0.67002,14649
2022-11-15 00:00:00,0.67003,0.67045,0.66854,0.66912,12496
2022-11-15 04:00:00,0.66912,0.67105,0.66868,0.67071,17445
2022-11-15 08:00:00,0.67071,0.67647,0.67052,0.6763,27082
2022-11-15 12:00:00,0.67635,0.67974,0.6734,0.67548,29984
2022-11-15 16:00:00,0.67551,0.67893,0.67048,0.67805,41463
2022-11-15 20:00:00,0.67808,0.6782,0.67344,0.67582,36190
2022-11-16 00:00:00,0.67577,0.67717,0.67318,0.67403,18315
2022-11-16 04:00:00,0.67405,0.67695,0.673,0.67672,25536
2022-11-16 08:00:00,0.67669,0.67858,0.67542,0.67809,28498
2022-11-16 12:00:00,0.67808,0.67927,0.67495,0.67566,26834
2022-11-16 16:00:00,0.67569,0.6774,0.67208,0.67361,34989
2022-11-16 20:00:00,0.67364,0.67463,0.67195,0.67396,17415
2022-11-17 00:00:00,0.67375,0.67484,0.67238,0.6728,11814
2022-11-17 04:00:00,0.67279,0.67311,0.6697,0.67171,17101
2022-11-17 08:00:00,0.6717,0.67513,0.66884,0.66958,23025
2022-11-17 12:00:00,0.66959,0.67,0.66356,0.66381,31295
2022-11-17 16:00:00,0.6638,0.66833,0.6634,0.66806,31900
2022-11-17 20:00:00,0.66805,0.66962,0.66775,0.66908,16448
2022-11-18 00:00:00,0.66825,0.67065,0.66727,0.66997,12234
2022-11-18 04:00:00,0.66996,0.67249,0.66995,0.67104,17672
2022-11-18 08:00:00,0.67106,0.6725,0.6693,0.67126,24778
2022-11-18 12:00:00,0.67126,0.67304,0.66962,0.66968,22160
2022-11-18 16:00:00,0.66969,0.66997,0.66611,0.66708,25933
2022-11-18 20:00:00,0.66708,0.66779,0.66677,0.6669,13704
2022-11-21 00:00:00,0.66651,0.66834,0.66507,0.6653,14117
2022-11-21 04:00:00,0.66531,0.66586,0.66369,0.66479,18391
2022-11-21 08:00:00,0.6648,0.6653,0.66049,0.66096,24348
2022-11-21 12:00:00,0.66099,0.66275,0.66087,0.66162,18930
2022-11-21 16:00:00,0.66162,0.6627,0.65848,0.6594,28824
2022-11-21 20:00:00,0.65941,0.66066,0.65917,0.66038,13959
2022-11-22 00:00:00,0.66038,0.66249,0.6596,0.66181,11005
2022-11-22 04:00:00,0.66179,0.66245,0.66053,0.66091,16559
2022-11-22 08:00:00,0.66091,0.66493,0.66042,0.6642,25322
2022-11-22 12:00:00,0.6642,0.66515,0.66301,0.66329,21069
2022-11-22 16:00:00,0.66329,0.66411,0.66195,0.66384,23697
2022-11-22 20:00:00,0.66383,0.66495,0.66348,0.6647,8375
2022-11-23 00:00:00,0.66454,0.66598,0.66357,0.66435,10837
2022-11-23 04:00:00,0.66436,0.66518,0.66342,0.66405,11773
2022-11-23 08:00:00,0.66405,0.66715,0.66383,0.66529,19605
2022-11-23 12:00:00,0.6653,0.66612,0.66372,0.66575,20231
2022-11-23 16:00:00,0.66573,0.67229,0.66551,0.67039,31275
2022-11-23 20:00:00,0.67039,0.67387,0.67017,0.67321,23298
2022-11-24 00:00:00,0.67269,0.67548,0.67257,0.67529,11623
2022-11-24 04:00:00,0.67533,0.67684,0.67492,0.67537,15588
2022-11-24 08:00:00,0.67537,0.6763,0.67361,0.67423,20836
2022-11-24 12:00:00,0.67425,0.67581,0.67312,0.67555,18795
2022-11-24 16:00:00,0.67553,0.67782,0.67553,0.67659,13872
2022-11-24 20:00:00,0.67658,0.67683,0.67623,0.67655,3964
2022-11-25 00:00:00,0.67634,0.67671,0.67515,0.67614,10616
2022-11-25 04:00:00,0.67614,0.67809,0.67587,0.67641,14190
2022-11-25 08:00:00,0.67639,0.67753,0.67297,0.67359,20670
2022-11-25 12:00:00,0.67361,0.6754,0.67263,0.67305,20082
2022-11-25 16:00:00,0.67309,0.67533,0.67206,0.67438,20872
2022-11-25 20:00:00,0.67439,0.67517,0.67415,0.67482,8853
2022-11-28 00:00:00,0.67203,0.67275,0.66662,0.66717,14190
2022-11-28 04:00:00,0.66719,0.66962,0.66654,0.66773,14642
2022-11-28 08:00:00,0.66773,0.67152,0.66718,0.66991,23594
2022-11-28 12:00:00,0.66988,0.67245,0.66821,0.66929,23434
2022-11-28 16:00:00,0.66928,0.67042,0.6676,0.66803,31953
2022-11-28 20:00:00,0.66802,0.66815,0.6642,0.66513,12527
2022-11-29 00:00:00,0.66481,0.66672,0.66401,0.6666,11395
2022-11-29 04:00:00,0.66659,0.67096,0.6662,0.67059,19143
2022-11-29 08:00:00,0.67058,0.67425,0.66897,0.6718,27219
2022-11-29 12:00:00,0.67182,0.67488,0.67111,0.67145,25810
2022-11-29 16:00:00,0.67144,0.67332,0.66808,0.66903,33930
2022-11-29 20:00:00,0.669,0.66974,0.66812,0.66881,14921
2022-11-30 00:00:00,0.66865,0.67004,0.66699,0.66913,13021
2022-11-30 04:00:00,0.66914,0.67051,0.66827,0.66972,14569
2022-11-30 08:00:00,0.6697,0.67318,0.66923,0.67247,22846
2022-11-30 12:00:00,0.67245,0.67412,0.67132,0.6714,25459
2022-11-30 16:00:00,0.67139,0.67377,0.66764,0.6711,33215
2022-11-30 20:00:00,0.67109,0.68011,0.66986,0.67865,34791
2022-12-01 00:00:00,0.67824,0.68165,0.67803,0.68011,17037
2022-12-01 04:00:00,0.68008,0.68286,0.67935,0.68249,21022
2022-12-01 08:00:00,0.6825,0.68398,0.67919,0.68059,26781
2022-12-01 12:00:00,0.6806,0.683,0.67933,0.68032,26053
2022-12-01 16:00:00,0.6803,0.68435,0.67827,0.68078,41508
2022-12-01 20:00:00,0.68076,0.68186,0.67953,0.68138,19711
2022-12-02 00:00:00,0.68096,0.68182,0.67942,0.68037,11685
2022-12-02 04:00:00,0.68038,0.68197,0.67964,0.68152,14908
2022-12-02 08:00:00,0.68152,0.68362,0.68084,0.6822,23755
2022-12-02 12:00:00,0.6822,0.68237,0.67421,0.67667,26238
2022-12-02 16:00:00,0.67667,0.68111,0.67524,0.67987,40224
2022-12-02 20:00:00,0.67989,0.68139,0.67921,0.67937,15321
2022-12-05 00:00:00,0.67896,0.68404,0.6776,0.68347,13573
2022-12-05 04:00:00,0.68348,0.6851,0.68268,0.68349,14772
2022-12-05 08:00:00,0.68348,0.6835,0.6797,0.68154,22787
2022-12-05 12:00:00,0.68153,0.68191,0.67913,0.67939,22694
2022-12-05 16:00:00,0.6794,0.67957,0.67035,0.67078,34522
2022-12-05 20:00:00,0.67076,0.6716,0.66871,0.66971,15020
2022-12-06 00:00:00,0.66985,0.67296,0.66882,0.67204,11294
2022-12-06 04:00:00,0.67203,0.67378,0.67036,0.67329,20880
2022-12-06 08:00:00,0.6733,0.6734,0.67089,0.67154,24789
2022-12-06 12:00:00,0.67152,0.67443,0.67123,0.6722,22514
2022-12-06 16:00:00,0.67223,0.67343,0.6687,0.66902,31713
2022-12-06 20:00:00,0.66903,0.66936,0.66808,0.66882,13450
2022-12-07 00:00:00,0.66908,0.67121,0.66815,0.67102,9788
2022-12-07 04:00:00,0.671,0.67163,0.66859,0.66963,14897
2022-12-07 08:00:00,0.66966,0.67009,0.66696,0.66746,26680
2022-12-07 12:00:00,0.66746,0.67157,0.66687,0.67109,25579
2022-12-07 16:00:00,0.67113,0.67354,0.67039,0.67338,40166
2022-12-07 20:00:00,0.67339,0.67421,0.67215,0.67233,16179
2022-12-08 00:00:00,0.67222,0.67283,0.66983,0.67079,13247
2022-12-08 04:00:00,0.67079,0.67206,0.67035,0.6715,16803
2022-12-08 08:00:00,0.67149,0.67386,0.67126,0.6717,20975
2022-12-08 12:00:00,0.6717,0.67703,0.67161,0.67624,20341
2022-12-08 16:00:00,0.67621,0.67808,0.67444,0.67637,28686
2022-12-08 20:00:00,0.67635,0.6776,0.6758,0.67706,13847
2022-12-09 00:00:00,0.67659,0.68004,0.67629,0.67954,11260
2022-12-09 04:00:00,0.67959,0.67977,0.67769,0.67812,17470
2022-12-09 08:00:00,0.67813,0.67858,0.67531,0.67595,19309
2022-12-09 12:00:00,0.67597,0.67975,0.67427,0.67735,22391
2022-12-09 16:00:00,0.67736,0.68137,0.67615,0.68004,32939
2022-12-09 20:00:00,0.68004,0.68061,0.67911,0.67968,10709
2022-12-12 00:00:00,0.67867,0.67977,0.67569,0.67617,12231
2022-12-12 04:00:00,0.67616,0.6782,0.67578,0.67728,13402
2022-12-12 08:00:00,0.67728,0.67954,0.67634,0.67925,21986
2022-12-12 12:00:00,0.67926,0.67938,0.6756,0.6763,15580
2022-12-12 16:00:00,0.67629,0.67676,0.67288,0.67419,23947
2022-12-12 20:00:00,0.67419,0.6752,0.67307,0.67479,13651
2022-12-13 00:00:00,0.67465,0.67626,0.67443,0.67614,9154
2022-12-13 04:00:00,0.67612,0.67745,0.67398,0.67632,15406
2022-12-13 08:00:00,0.67636,0.67852,0.67581,0.67654,21765
2022-12-13 12:00:00,0.67655,0.68775,0.67458,0.68657,29683
2022-12-13 16:00:00,0.68656,0.68932,0.68524,0.68544,50139
2022-12-13 20:00:00,0.68543,0.68673,0.68482,0.68548,21261
2022-12-14 00:00:00,0.68524,0.686,0.68245,0.6831,12397
2022-12-14 04:00:00,0.6831,0.6847,0.68211,0.68426,12779
2022-12-14 08:00:00,0.68424,0.68763,0.68421,0.68688,23863
2022-12-14 12:00:00,0.68689,0.6881,0.68505,0.68609,25139
2022-12-14 16:00:00,0.68607,0.68713,0.68554,0.6861,26775
2022-12-14 20:00:00,0.68611,0.68817,0.681,0.68625,43070
2022-12-15 00:00:00,0.68616,0.68696,0.68435,0.68478,11350
2022-12-15 04:00:00,0.68479,0.68497,0.6821,0.68314,14147
2022-12-15 08:00:00,0.68312,0.68344,0.6766,0.67733,26136
2022-12-15 12:00:00,0.67731,0.67753,0.675,0.67612,28091
2022-12-15 16:00:00,0.6761,0.67775,0.66795,0.66804,41357
2022-12-15 20:00:00,0.66807,0.67081,0.66766,0.6699,15162
2022-12-16 00:00:00,0.66995,0.67121,0.66991,0.67064,10758
2022-12-16 04:00:00,0.67065,0.67359,0.66971,0.67031,16595
2022-12-16 08:00:00,0.67032,0.67194,0.66791,0.66852,23867
2022-12-16 12:00:00,0.66852,0.67024,0.66794,0.66917,21939
2022-12-16 16:00:00,0.66919,0.67102,0.66753,0.6692,35613
2022-12-16 20:00:00,0.6692,0.67018,0.66845,0.66874,15058
2022-12-19 00:00:00,0.66991,0.67182,0.66826,0.67175,11500
2022-12-19 04:00:00,0.67173,0.67241,0.66995,0.67067,13874
2022-12-19 08:00:00,0.67066,0.67324,0.66956,0.67184,19100
2022-12-19 12:00:00,0.67187,0.67309,0.67031,0.67087,20839
2022-12-19 16:00:00,0.67088,0.67271,0.66944,0.67195,26000
2022-12-19 20:00:00,0.67194,0.67207,0.66943,0.66995,11708
2022-12-20 00:00:00,0.66995,0.67059,0.66878,0.66935,11475
2022-12-20 04:00:00,0.66934,0.6744,0.66291,0.66461,34968
2022-12-20 08:00:00,0.6646,0.66974,0.66423,0.66902,35340
2022-12-20 12:00:00,0.669,0.669,0.66333,0.66512,23962
2022-12-20 16:00:00,0.6651,0.66851,0.66391,0.66614,32845
2022-12-20 20:00:00,0.66614,0.66805,0.66555,0.66803,12752
2022-12-21 00:00:00,0.66679,0.66973,0.66607,0.66795,13890
2022-12-21 04:00:00,0.66793,0.66913,0.66566,0.66704,15598
2022-12-21 08:00:00,0.66705,0.66857,0.6664,0.66748,22677
2022-12-21 12:00:00,0.66748,0.67172,0.66726,0.6712,23567
2022-12-21 16:00:00,0.6712,0.67281,0.66888,0.6699,29967
2022-12-21 20:00:00,0.66987,0.67123,0.66922,0.67073,12983
2022-12-22 00:00:00,0.67024,0.67369,0.67009,0.67353,10722
2022-12-22 04:00:00,0.67353,0.67644,0.67331,0.6751,14703
2022-12-22 08:00:00,0.67511,0.67673,0.67377,0.67439,20208
2022-12-22 12:00:00,0.67437,0.67444,0.67002,0.67033,20833
2022-12-22 16:00:00,0.67032,0.67039,0.66572,0.66618,27828
2022-12-22 20:00:00,0.66617,0.66716,0.66501,0.66694,16241
2022-12-23 00:00:00,0.66696,0.66876,0.66586,0.66763,10935
2022-12-23 04:00:00,0.66768,0.66939,0.66745,0.66806,14875
2022-12-23 08:00:00,0.66807,0.6704,0.66798,0.66982,16561
2022-12-23 12:00:00,0.66983,0.6711,0.66765,0.66963,18270
2022-12-23 16:00:00,0.6696,0.67248,0.66728,0.67149,32459
2022-12-23 20:00:00,0.6715,0.67219,0.67023,0.67147,10813
2022-12-27 00:00:00,0.6723,0.67564,0.67202,0.67519,11909
2022-12-27 04:00:00,0.67519,0.67599,0.67319,0.67595,12274
2022-12-27 08:00:00,0.67595,0.67757,0.67553,0.67618,16480
2022-12-27 12:00:00,0.67619,0.67619,0.67312,0.67339,15383
2022-12-27 16:00:00,0.67339,0.6761,0.67249,0.67358,23354
2022-12-27 20:00:00,0.67357,0.67437,0.67253,0.6734,12816
2022-12-28 00:00:00,0.67247,0.674,0.67191,0.67329,10521
2022-12-28 04:00:00,0.6733,0.67531,0.67298,0.67522,14704
2022-12-28 08:00:00,0.67521,0.67722,0.67505,0.67618,16951
2022-12-28 12:00:00,0.67617,0.6801,0.67604,0.67869,17378
2022-12-28 16:00:00,0.6787,0.67997,0.67446,0.67584,24916
2022-12-28 20:00:00,0.67585,0.67657,0.67336,0.67394,13903
2022-12-29 00:00:00,0.67352,0.67546,0.67324,0.67436,9696
2022-12-29 04:00:00,0.67434,0.67561,0.67365,0.67422,11409
2022-12-29 08:00:00,0.67424,0.67442,0.67217,0.67302,14772
2022-12-29 12:00:00,0.67302,0.67372,0.67104,0.67352,15363
2022-12-29 16:00:00,0.6735,0.67854,0.6735,0.67806,24033
2022-12-29 20:00:00,0.67804,0.67872,0.67764,0.6778,10441
2022-12-30 00:00:00,0.6773,0.67766,0.67536,0.67657,9212
2022-12-30 04:00:00,0.67657,0.67838,0.67617,0.67763,13729
2022-12-30 08:00:00,0.6776,0.67999,0.67706,0.67905,17564
2022-12-30 12:00:00,0.67906,0.68078,0.67818,0.67936,16873
2022-12-30 16:00:00,0.67937,0.68193,0.67576,0.6819,31138
2022-12-30 20:00:00,0.68192,0.68209,0.68035,0.68162,17308
2023-01-02 00:00:00,0.68044,0.68208,0.67908,0.68037,416
2023-01-02 04:00:00,0.68036,0.68046,0.68007,0.6801,247
2023-01-02 08:00:00,0.68014,0.68106,0.67927,0.67946,2089
2023-01-02 12:00:00,0.67944,0.68115,0.67939,0.6804,6006
2023-01-02 16:00:00,0.68041,0.68191,0.6804,0.68137,4185
2023-01-02 20:00:00,0.68138,0.68151,0.67934,0.67976,1571
2023-01-03 00:00:00,0.67991,0.68103,0.67725,0.67813,14495
2023-01-03 04:00:00,0.6781,0.68345,0.67782,0.67957,17594
2023-01-03 08:00:00,0.67957,0.68091,0.66939,0.67216,29303
2023-01-03 12:00:00,0.67215,0.67401,0.66878,0.67376,23176
2023-01-03 16:00:00,0.67375,0.67676,0.67216,0.67278,32724
2023-01-03 20:00:00,0.67277,0.67421,0.67199,0.67275,16038
2023-01-04 00:00:00,0.67243,0.6768,0.67167,0.67642,11751
2023-01-04 04:00:00,0.67643,0.68171,0.67635,0.68013,17130
2023-01-04 08:00:00,0.68015,0.68846,0.67904,0.68708,28595
2023-01-04 12:00:00,0.68709,0.68858,0.68529,0.68748,25060
2023-01-04 16:00:00,0.68746,0.68864,0.68343,0.68452,37538
2023-01-04 20:00:00,0.68451,0.68561,0.6819,0.6838,23122
2023-01-05 00:00:00,0.68329,0.68451,0.68213,0.68385,11950
2023-01-05 04:00:00,0.68386,0.68388,0.68007,0.68221,15638
2023-01-05 08:00:00,0.68222,0.68342,0.68001,0.6825,23951
2023-01-05 12:00:00,0.6825,0.68419,0.67726,0.67773,24832
2023-01-05 16:00:00,0.67774,0.6781,0.67349,0.67452,36419
2023-01-05 20:00:00,0.67451,0.67725,0.67424,0.67506,18626
2023-01-06 00:00:00,0.67512,0.67738,0.67488,0.67598,10349
2023-01-06 04:00:00,0.67598,0.6788,0.6749,0.67554,15372
2023-01-06 08:00:00,0.67554,0.67698,0.67319,0.67416,23853
2023-01-06 12:00:00,0.67417,0.67909,0.6722,0.67883,29751
2023-01-06 16:00:00,0.67883,0.68698,0.67457,0.68687,46297
2023-01-06 20:00:00,0.68686,0.68869,0.68609,0.68757,14147
2023-01-09 00:00:00,0.68788,0.69096,0.68745,0.69031,14337
2023-01-09 04:00:00,0.69031,0.69376,0.68999,0.69345,15114
2023-01-09 08:00:00,0.69345,0.69467,0.69109,0.69258,27578
2023-01-09 12:00:00,0.69259,0.69452,0.69056,0.69328,24701
2023-01-09 16:00:00,0.69328,0.695,0.6917,0.69368,28983
2023-01-09 20:00:00,0.6937,0.69393,0.69084,0.69122,17120
2023-01-10 00:00:00,0.69108,0.6928,0.69009,0.69247,12200
2023-01-10 04:00:00,0.69249,0.69268,0.68917,0.6912,18733
2023-01-10 08:00:00,0.6912,0.6916,0.68854,0.68996,27361
2023-01-10 12:00:00,0.68995,0.69029,0.68597,0.68739,23450
2023-01-10 16:00:00,0.68736,0.69092,0.68688,0.68847,40488
2023-01-10 20:00:00,0.68846,0.68958,0.68794,0.68931,11425
2023-01-11 00:00:00,0.68832,0.69141,0.68832,0.68904,11444
2023-01-11 04:00:00,0.68903,0.69256,0.68872,0.69168,13281
2023-01-11 08:00:00,0.69169,0.69214,0.68946,0.6912,23491
2023-01-11 12:00:00,0.6912,0.69157,0.68729,0.68978,20803
2023-01-11 16:00:00,0.68976,0.69096,0.68889,0.68938,24423
2023-01-11 20:00:00,0.68936,0.69126,0.68849,0.6906,11061
2023-01-12 00:00:00,0.69002,0.69207,0.68956,0.69167,13298
2023-01-12 04:00:00,0.69168,0.69246,0.69099,0.69169,13018
2023-01-12 08:00:00,0.6917,0.692,0.68873,0.69127,18673
2023-01-12 12:00:00,0.69128,0.69839,0.68723,0.6981,25515
2023-01-12 16:00:00,0.69811,0.69821,0.68865,0.69753,50174
2023-01-12 20:00:00,0.69754,0.69846,0.69612,0.69673,21622
2023-01-13 00:00:00,0.69658,0.69827,0.69585,0.69682,13779
2023-01-13 04:00:00,0.69683,0.69687,0.69446,0.69526,14267
2023-01-13 08:00:00,0.69525,0.69942,0.69519,0.69752,24580
2023-01-13 12:00:00,0.69753,0.69845,0.6919,0.69246,24336
2023-01-13 16:00:00,0.69249,0.69678,0.69153,0.69661,33417
2023-01-13 20:00:00,0.69662,0.69816,0.69584,0.69751,10143
2023-01-16 00:00:00,0.6967,0.70167,0.69668,0.70148,13098
2023-01-16 04:00:00,0.70149,0.7019,0.69789,0.69939,15255
2023-01-16 08:00:00,0.6994,0.69941,0.69407,0.69639,23284
2023-01-16 12:00:00,0.6964,0.69744,0.69537,0.69594,17802
2023-01-16 16:00:00,0.69593,0.69671,0.6951,0.69546,13437
2023-01-16 20:00:00,0.69546,0.69557,0.69486,0.69522,2533
2023-01-17 00:00:00,0.69546,0.69761,0.69481,0.69673,11994
2023-01-17 04:00:00,0.69671,0.69783,0.695,0.69663,17239
2023-01-17 08:00:00,0.69667,0.69747,0.69476,0.69503,21237
2023-01-17 12:00:00,0.69502,0.69619,0.69295,0.69468,24663
2023-01-17 16:00:00,0.69473,0.69939,0.69471,0.69852,33979
2023-01-17 20:00:00,0.69845,0.69972,0.69795,0.69892,11747
2023-01-18 00:00:00,0.69796,0.69929,0.69772,0.69926,10600
2023-01-18 04:00:00,0.69925,0.70022,0.6973,0.69956,25593
2023-01-18 08:00:00,0.69956,0.70362,0.69934,0.70252,29910
2023-01-18 12:00:00,0.70252,0.70554,0.70076,0.70422,25791
2023-01-18 16:00:00,0.7042,0.70634,0.69529,0.696,40503
2023-01-18 20:00:00,0.696,0.69636,0.69355,0.69412,14052
2023-01-19 00:00:00,0.69405,0.69478,0.68932,0.69011,12339
2023-01-19 04:00:00,0.69011,0.69155,0.6894,0.68975,14740
2023-01-19 08:00:00,0.68976,0.69069,0.68782,0.68834,20269
2023-01-19 12:00:00,0.68835,0.69044,0.68716,0.69042,23361
2023-01-19 16:00:00,0.6904,0.6919,0.68829,0.68994,29915
2023-01-19 20:00:00,0.68994,0.69223,0.68913,0.69098,16374
2023-01-20 00:00:00,0.69101,0.69236,0.69062,0.69212,8153
2023-01-20 04:00:00,0.69211,0.69328,0.69116,0.69244,13840
2023-01-20 08:00:00,0.69244,0.69478,0.6922,0.69318,20426
2023-01-20 12:00:00,0.69317,0.69379,0.69101,0.69132,20966
2023-01-20 16:00:00,0.69131,0.69662,0.69122,0.69572,27606
2023-01-20 20:00:00,0.69572,0.69735,0.69484,0.6968,12273
2023-01-23 00:00:00,0.69657,0.69944,0.69589,0.6986,9561
2023-01-23 04:00:00,0.69859,0.6994,0.69744,0.69787,13894
2023-01-23 08:00:00,0.69786,0.70128,0.69721,0.70079,22737
2023-01-23 12:00:00,0.70081,0.70144,0.69714,0.69761,21773
2023-01-23 16:00:00,0.69758,0.704,0.6962,0.70259,28839
2023-01-23 20:00:00,0.70259,0.70378,0.70102,0.70278,14211
2023-01-24 00:00:00,0.70263,0.7045,0.70235,0.70439,8035
2023-01-24 04:00:00,0.7044,0.7045,0.70262,0.7038,11451
2023-01-24 08:00:00,0.70379,0.70492,0.70145,0.70191,23334
2023-01-24 12:00:00,0.70192,0.70304,0.70099,0.7016,22011
2023-01-24 16:00:00,0.70159,0.70579,0.69935,0.70453,33059
2023-01-24 20:00:00,0.70452,0.70509,0.70388,0.70476,9589
2023-01-25 00:00:00,0.70364,0.70922,0.70322,0.70855,13223
2023-01-25 04:00:00,0.70854,0.71085,0.70854,0.71009,14480
2023-01-25 08:00:00,0.71011,0.71225,0.70915,0.70926,21513
2023-01-25 12:00:00,0.70926,0.70934,0.70619,0.7067,19664
2023-01-25 16:00:00,0.70669,0.70986,0.7063,0.70825,32022
2023-01-25 20:00:00,0.70825,0.71084,0.70821,0.71056,13495
2023-01-26 00:00:00,0.71028,0.71123,0.7092,0.71104,9489
2023-01-26 04:00:00,0.71103,0.71285,0.71038,0.71233,12301
2023-01-26 08:00:00,0.71231,0.71281,0.70955,0.71036,21859
2023-01-26 12:00:00,0.71038,0.71276,0.7098,0.71225,22865
2023-01-26 16:00:00,0.71225,0.71424,0.70792,0.70944,34209
2023-01-26 20:00:00,0.70945,0.71172,0.70931,0.71147,10525
2023-01-27 00:00:00,0.71051,0.71295,0.71051,0.71231,10947
2023-01-27 04:00:00,0.71232,0.71287,0.71027,0.71159,13071
2023-01-27 08:00:00,0.71158,0.71189,0.70942,0.71048,18651
2023-01-27 12:00:00,0.71047,0.71268,0.70986,0.71088,20301
2023-01-27 16:00:00,0.71088,0.71217,0.70822,0.71057,29838
2023-01-27 20:00:00,0.71056,0.71118,0.70992,0.71086,8406
2023-01-30 00:00:00,0.70993,0.71201,0.70956,0.71135,10524
2023-01-30 04:00:00,0.71134,0.71137,0.70831,0.70867,17397
2023-01-30 08:00:00,0.70864,0.70974,0.70684,0.70772,20828
2023-01-30 12:00:00,0.70773,0.70954,0.70695,0.70729,17798
2023-01-30 16:00:00,0.70731,0.70863,0.70649,0.707,26527
2023-01-30 20:00:00,0.70701,0.70738,0.70509,0.70599,12518
2023-01-31 00:00:00,0.70592,0.70646,0.7038,0.70559,13245
2023-01-31 04:00:00,0.70559,0.70564,0.70256,0.70313,14817
2023-01-31 08:00:00,0.70315,0.70391,0.70037,0.70112,19747
2023-01-31 12:00:00,0.70112,0.70315,0.69835,0.70259,21880
2023-01-31 16:00:00,0.70259,0.70546,0.7015,0.70485,32080
2023-01-31 20:00:00,0.70485,0.70612,0.70485,0.70544,10789
2023-02-01 00:00:00,0.70543,0.70557,0.70465,0.70508,8538
2023-02-01 04:00:00,0.70508,0.70743,0.70364,0.7066,10623
2023-02-01 08:00:00,0.70658,0.70832,0.70653,0.70687,16174
2023-02-01 12:00:00,0.70689,0.70927,0.70682,0.70856,16903
2023-02-01 16:00:00,0.70854,0.70892,0.70601,0.70665,26323
2023-02-01 20:00:00,0.70665,0.71447,0.70415,0.71364,38798
2023-02-02 00:00:00,0.71353,0.71577,0.71272,0.71422,14331
2023-02-02 04:00:00,0.71422,0.71503,0.71354,0.7147,12055
2023-02-02 08:00:00,0.71472,0.71564,0.7121,0.71311,19313
2023-02-02 12:00:00,0.71311,0.71414,0.71156,0.71239,27082
2023-02-02 16:00:00,0.71238,0.71442,0.707,0.7078,38829
2023-02-02 20:00:00,0.70782,0.7092,0.70686,0.70766,21764
2023-02-03 00:00:00,0.70726,0.70799,0.70637,0.70641,11252
2023-02-03 04:00:00,0.7064,0.70682,0.70479,0.70631,14065
2023-02-03 08:00:00,0.70631,0.7072,0.70447,0.70591,18766
2023-02-03 12:00:00,0.70589,0.70673,0.69693,0.69779,25421
2023-02-03 16:00:00,0.69778,0.69952,0.69299,0.69457,42806
2023-02-03 20:00:00,0.69456,0.69463,0.69189,0.69217,15688
2023-02-06 00:00:00,0.68974,0.69296,0.68945,0.69177,13604
2023-02-06 04:00:00,0.69177,0.69483,0.6912,0.69477,13550
2023-02-06 08:00:00,0.69478,0.69484,0.68953,0.68954,19107
2023-02-06 12:00:00,0.68955,0.69156,0.68866,0.68897,17355
2023-02-06 16:00:00,0.68896,0.6897,0.68555,0.68709,27179
2023-02-06 20:00:00,0.68708,0.68936,0.68669,0.68828,11492
2023-02-07 00:00:00,0.68827,0.69079,0.68808,0.69033,8488
2023-02-07 04:00:00,0.69033,0.69511,0.68999,0.69383,15431
2023-02-07 08:00:00,0.69382,0.69491,0.69101,0.69384,20887
2023-02-07 12:00:00,0.69389,0.69404,0.69015,0.69096,17406
2023-02-07 16:00:00,0.69097,0.69884,0.68855,0.69803,28754
2023-02-07 20:00:00,0.69801,0.69851,0.69031,0.69595,32718
2023-02-08 00:00:00,0.69522,0.69703,0.69432,0.69578,9420
2023-02-08 04:00:00,0.69578,0.69705,0.69494,0.69656,11822
2023-02-08 08:00:00,0.69655,0.69961,0.69636,0.69861,19636
2023-02-08 12:00:00,0.69861,0.69872,0.69536,0.69573,14963
2023-02-08 16:00:00,0.69572,0.69667,0.69268,0.69341,28930
2023-02-08 20:00:00,0.69342,0.69414,0.69188,0.69235,15458
2023-02-09 00:00:00,0.69227,0.69413,0.69202,0.69386,7961
2023-02-09 04:00:00,0.69384,0.69606,0.69377,0.69536,10933
2023-02-09 08:00:00,0.69536,0.69816,0.69525,0.69768,16863
2023-02-09 12:00:00,0.69769,0.70111,0.6972,0.70103,16114
2023-02-09 16:00:00,0.70106,0.70106,0.69435,0.69536,24709
2023-02-09 20:00:00,0.69534,0.69543,0.69275,0.69348,15394
2023-02-10 00:00:00,0.69353,0.69483,0.69303,0.69374,9431
2023-02-10 04:00:00,0.69375,0.6939,0.69109,0.69248,13123
2023-02-10 08:00:00,0.69249,0.696,0.69178,0.69328,26250
2023-02-10 12:00:00,0.69328,0.69474,0.69172,0.69408,18279
2023-02-10 16:00:00,0.69408,0.69491,0.69089,0.69166,29801
2023-02-10 20:00:00,0.69164,0.69237,0.69108,0.69194,8538
2023-02-13 00:00:00,0.69166,0.69189,0.68903,0.69087,10274
2023-02-13 04:00:00,0.69088,0.69144,0.69022,0.691,12198
2023-02-13 08:00:00,0.69098,0.69336,0.69075,0.69198,18090
2023-02-13 12:00:00,0.692,0.69487,0.6913,0.69328,17108
2023-02-13 16:00:00,0.69328,0.69706,0.69285,0.69667,25082
2023-02-13 20:00:00,0.69669,0.69738,0.69604,0.69662,9832
2023-02-14 00:00:00,0.69671,0.69714,0.695,0.6955,10417
2023-02-14 04:00:00,0.69554,0.69756,0.69491,0.69682,13560
2023-02-14 08:00:00,0.69682,0.69758,0.69568,0.69705,17827
2023-02-14 12:00:00,0.69706,0.70297,0.69347,0.69942,25259
2023-02-14 16:00:00,0.69948,0.70036,0.69215,0.69738,49644
2023-02-14 20:00:00,0.69738,0.69944,0.69709,0.69872,17218
2023-02-15 00:00:00,0.69838,0.6989,0.69748,0.69762,9063
2023-02-15 04:00:00,0.69762,0.69775,0.69285,0.69328,12295
2023-02-15 08:00:00,0.69327,0.69342,0.68924,0.6912,20597
2023-02-15 12:00:00,0.6912,0.69146,0.68735,0.6884,22589
2023-02-15 16:00:00,0.68842,0.68966,0.68649,0.68841,28533
2023-02-15 20:00:00,0.68842,0.69083,0.68778,0.69045,11048
2023-02-16 00:00:00,0.69001,0.69132,0.68679,0.69027,12296
2023-02-16 04:00:00,0.69029,0.69247,0.69006,0.69149,14012
2023-02-16 08:00:00,0.69149,0.6936,0.6903,0.69183,18873
2023-02-16 12:00:00,0.69183,0.69271,0.68718,0.68783,18213
2023-02-16 16:00:00,0.6878,0.69012,0.68402,0.68984,32457
2023-02-16 20:00:00,0.68985,0.69052,0.68739,0.68784,18018
2023-02-17 00:00:00,0.68696,0.68797,0.68514,0.68556,9915
2023-02-17 04:00:00,0.68555,0.68572,0.68328,0.68393,12709
2023-02-17 08:00:00,0.68392,0.68511,0.68219,0.68241,18733
2023-02-17 12:00:00,0.6824,0.68399,0.68116,0.68351,18381
2023-02-17 16:00:00,0.6835,0.6878,0.68318,0.68646,30999
2023-02-17 20:00:00,0.68648,0.68844,0.6862,0.68778,11462
2023-02-20 00:00:00,0.68694,0.68818,0.68623,0.68782,10034
2023-02-20 04:00:00,0.68782,0.69055,0.68776,0.69049,12058
2023-02-20 08:00:00,0.6905,0.6915,0.68941,0.68962,17890
2023-02-20 12:00:00,0.68963,0.69183,0.68939,0.69168,13576
2023-02-20 16:00:00,0.69169,0.69206,0.69114,0.69132,11706
2023-02-20 20:00:00,0.69131,0.69146,0.69095,0.69099,4012
2023-02-21 00:00:00,0.6903,0.69196,0.68936,0.69055,11467
2023-02-21 04:00:00,0.69054,0.69109,0.68899,0.68957,12082
2023-02-21 08:00:00,0.68957,0.68995,0.68683,0.68897,23137
2023-02-21 12:00:00,0.68897,0.68919,0.68649,0.6865,19185
2023-02-21 16:00:00,0.68651,0.68995,0.68528,0.68648,31714
2023-02-21 20:00:00,0.68646,0.68661,0.68474,0.68544,10773
2023-02-22 00:00:00,0.68514,0.68647,0.6833,0.68388,13239
2023-02-22 04:00:00,0.68389,0.68419,0.68271,0.68348,10932
2023-02-22 08:00:00,0.68347,0.68381,0.6811,0.6821,17285
2023-02-22 12:00:00,0.68209,0.6848,0.68149,0.68306,16929
2023-02-22 16:00:00,0.68303,0.68378,0.68084,0.68224,24579
2023-02-22 20:00:00,0.68226,0.68322,0.67945,0.6807,19662
2023-02-23 00:00:00,0.68018,0.6834,0.67982,0.68321,6701
2023-02-23 04:00:00,0.68322,0.68415,0.68188,0.68231,8957
2023-02-23 08:00:00,0.68231,0.68351,0.68144,0.68165,16021
2023-02-23 12:00:00,0.68164,0.68337,0.6806,0.68153,16388
2023-02-23 16:00:00,0.68153,0.68362,0.67812,0.67862,27055
2023-02-23 20:00:00,0.67864,0.68153,0.67835,0.68067,12196
2023-02-24 00:00:00,0.68041,0.6823,0.68014,0.68174,10477
2023-02-24 04:00:00,0.68173,0.68238,0.68082,0.68093,12289
2023-02-24 08:00:00,0.68095,0.68136,0.67777,0.67837,13766
2023-02-24 12:00:00,0.67833,0.67893,0.67274,0.67417,19315
2023-02-24 16:00:00,0.67418,0.6742,0.67183,0.67238,31570
2023-02-24 20:00:00,0.67238,0.67327,0.67208,0.6725,9591
2023-02-27 00:00:00,0.67266,0.67415,0.67237,0.67401,8139
2023-02-27 04:00:00,0.674,0.674,0.66992,0.66999,10113
2023-02-27 08:00:00,0.67001,0.67272,0.66981,0.67172,16761
2023-02-27 12:00:00,0.67173,0.67291,0.67015,0.67233,13875
2023-02-27 16:00:00,0.67232,0.67436,0.67131,0.67347,20127
2023-02-27 20:00:00,0.67347,0.67447,0.67338,0.67393,8368
2023-02-28 00:00:00,0.67332,0.67506,0.67329,0.67427,8196
2023-02-28 04:00:00,0.67428,0.67502,0.67193,0.67228,8914
2023-02-28 08:00:00,0.67227,0.67331,0.67037,0.672,14910
2023-02-28 12:00:00,0.67202,0.67432,0.67202,0.67419,12351
2023-02-28 16:00:00,0.67418,0.67575,0.67218,0.67519,26606
2023-02-28 20:00:00,0.6752,0.6754,0.67241,0.67288,8469
2023-03-01 00:00:00,0.67279,0.67348,0.66949,0.67336,10641
2023-03-01 04:00:00,0.67339,0.67606,0.67296,0.67485,10920
2023-03-01 08:00:00,0.67486,0.67776,0.67472,0.67628,19156
2023-03-01 12:00:00,0.67629,0.67835,0.67537,0.67552,17240
2023-03-01 16:00:00,0.67552,0.67714,0.67248,0.6761,29198
2023-03-01 20:00:00,0.67611,0.67625,0.67451,0.67585,8724
2023-03-02 00:00:00,0.67563,0.67659,0.6728,0.67403,10724
2023-03-02 04:00:00,0.67403,0.67544,0.67309,0.67376,12272
2023-03-02 08:00:00,0.67376,0.6748,0.67251,0.67359,16686
2023-03-02 12:00:00,0.67354,0.67418,0.67065,0.67086,19177
2023-03-02 16:00:00,0.67087,0.67388,0.67082,0.67123,23700
2023-03-02 20:00:00,0.67124,0.6738,0.67085,0.67294,12428
2023-03-03 00:00:00,0.67301,0.67525,0.67228,0.67449,8179
2023-03-03 04:00:00,0.67448,0.67526,0.67371,0.67446,10602
2023-03-03 08:00:00,0.67447,0.67665,0.6744,0.6758,15696
2023-03-03 12:00:00,0.6758,0.67651,0.67455,0.67583,14131
2023-03-03 16:00:00,0.67582,0.67638,0.6732,0.676,24552
2023-03-03 20:00:00,0.67599,0.67747,0.67545,0.67682,8626
2023-03-06 00:00:00,0.67528,0.67621,0.67411,0.67538,10270
2023-03-06 04:00:00,0.67538,0.67695,0.67471,0.67555,10756
2023-03-06 08:00:00,0.67556,0.67618,0.67309,0.67333,14327
2023-03-06 12:00:00,0.67332,0.67415,0.67161,0.67337,14046
2023-03-06 16:00:00,0.67337,0.6743,0.67275,0.67353,19209
2023-03-06 20:00:00,0.67352,0.67357,0.67197,0.67314,9107
2023-03-07 00:00:00,0.67231,0.67384,0.67231,0.67369,6192
2023-03-07 04:00:00,0.6737,0.67479,0.66916,0.67107,13604
2023-03-07 08:00:00,0.67105,0.67182,0.66746,0.6675,17485
2023-03-07 12:00:00,0.66753,0.66783,0.6658,0.66588,13438
2023-03-07 16:00:00,0.66589,0.66618,0.65917,0.65971,36353
2023-03-07 20:00:00,0.65972,0.66015,0.65809,0.65878,12093
2023-03-08 00:00:00,0.65817,0.65956,0.65814,0.65881,8161
2023-03-08 04:00:00,0.65881,0.65949,0.65679,0.65906,11752
2023-03-08 08:00:00,0.65907,0.66074,0.65895,0.66017,14235
2023-03-08 12:00:00,0.6602,0.66086,0.65908,0.65979,13119
2023-03-08 16:00:00,0.65979,0.66289,0.65901,0.65908,27283
2023-03-08 20:00:00,0.65908,0.65948,0.65818,0.65886,10309
2023-03-09 00:00:00,0.65888,0.65954,0.6576,0.65816,6867
2023-03-09 04:00:00,0.65817,0.66183,0.65798,0.66077,8247
2023-03-09 08:00:00,0.66078,0.66219,0.66065,0.66096,12418
2023-03-09 12:00:00,0.66096,0.66286,0.66058,0.66278,13203
2023-03-09 16:00:00,0.66278,0.66362,0.66038,0.66082,21763
2023-03-09 20:00:00,0.66082,0.66136,0.65765,0.65901,15887
2023-03-10 00:00:00,0.65888,0.65922,0.65735,0.65823,9258
2023-03-10 04:00:00,0.65824,0.66006,0.6564,0.65879,16345
2023-03-10 08:00:00,0.6588,0.66024,0.65746,0.65859,18404
2023-03-10 12:00:00,0.6586,0.66331,0.65822,0.66098,23188
2023-03-10 16:00:00,0.66099,0.66401,0.65963,0.66155,47924
2023-03-10 20:00:00,0.66156,0.66196,0.65741,0.65817,19913
2023-03-13 00:00:00,0.66095,0.66469,0.65965,0.6611,19899
2023-03-13 04:00:00,0.66108,0.66723,0.66014,0.66663,24498
2023-03-13 08:00:00,0.66664,0.66787,0.66548,0.66597,23897
2023-03-13 12:00:00,0.66597,0.66604,0.66128,0.66428,45235
2023-03-13 16:00:00,0.66429,0.67168,0.66344,0.66683,44693
2023-03-13 20:00:00,0.66683,0.66813,0.66612,0.66673,22607
2023-03-14 00:00:00,0.66636,0.66699,0.6648,0.66507,9578
2023-03-14 04:00:00,0.66506,0.66551,0.66315,0.6648,15349
2023-03-14 08:00:00,0.66477,0.6672,0.66463,0.66615,26347
2023-03-14 12:00:00,0.66614,0.66918,0.66344,0.66873,29745
2023-03-14 16:00:00,0.66872,0.66959,0.6657,0.66681,30671
2023-03-14 20:00:00,0.66681,0.66929,0.66613,0.66798,20947
2023-03-15 00:00:00,0.66804,0.66925,0.66707,0.66766,8100
2023-03-15 04:00:00,0.6676,0.67115,0.66749,0.66928,12552
2023-03-15 08:00:00,0.66928,0.66929,0.66684,0.66741,16196
2023-03-15 12:00:00,0.6674,0.66748,0.66324,0.66399,35647
2023-03-15 16:00:00,0.66398,0.6651,0.65897,0.65948,40831
2023-03-15 20:00:00,0.65947,0.66278,0.65944,0.6618,28750
2023-03-16 00:00:00,0.66118,0.66418,0.66099,0.66371,11965
2023-03-16 04:00:00,0.66372,0.66429,0.66154,0.6637,19026
2023-03-16 08:00:00,0.66365,0.6662,0.66315,0.66531,21510
2023-03-16 12:00:00,0.6653,0.66561,0.66357,0.66455,21528
2023-03-16 16:00:00,0.66455,0.66683,0.66299,0.66525,42117
2023-03-16 20:00:00,0.66527,0.66603,0.66396,0.66572,19777
2023-03-17 00:00:00,0.66537,0.66658,0.66404,0.66623,7184
2023-03-17 04:00:00,0.66623,0.67153,0.66611,0.67147,14318
2023-03-17 08:00:00,0.67148,0.67248,0.67006,0.67009,17287
2023-03-17 12:00:00,0.6701,0.67126,0.66852,0.66895,17168
2023-03-17 16:00:00,0.66898,0.67044,0.66737,0.66949,27941
2023-03-17 20:00:00,0.66949,0.67142,0.66932,0.66985,13995
2023-03-20 00:00:00,0.6713,0.67298,0.66977,0.67246,10273
2023-03-20 04:00:00,0.67246,0.67256,0.66799,0.66832,15883
2023-03-20 08:00:00,0.66831,0.66966,0.66684,0.6686,23865
2023-03-20 12:00:00,0.66861,0.67046,0.66656,0.67002,19763
2023-03-20 16:00:00,0.67002,0.67263,0.66963,0.67184,21552
2023-03-20 20:00:00,0.67183,0.67261,0.6713,0.67189,11656
2023-03-21 00:00:00,0.67174,0.67263,0.67015,0.67015,7302
2023-03-21 04:00:00,0.67015,0.67041,0.66856,0.66903,9689
2023-03-21 08:00:00,0.66905,0.66972,0.66752,0.66753,14146
2023-03-21 12:00:00,0.66752,0.66887,0.66713,0.66834,11980
2023-03-21 16:00:00,0.66837,0.66866,0.66494,0.66553,18363
2023-03-21 20:00:00,0.66552,0.66711,0.66539,0.66692,8302
2023-03-22 00:00:00,0.66667,0.66787,0.66577,0.66755,4561
2023-03-22 04:00:00,0.66751,0.66958,0.6674,0.66935,10510
2023-03-22 08:00:00,0.66936,0.67025,0.66857,0.66906,11435
2023-03-22 12:00:00,0.66907,0.66993,0.66784,0.66816,9388
2023-03-22 16:00:00,0.66816,0.66897,0.66692,0.66762,11902
2023-03-22 20:00:00,0.66762,0.67588,0.66704,0.66852,32612
2023-03-23 00:00:00,0.66804,0.67132,0.66775,0.67126,7369
2023-03-23 04:00:00,0.67126,0.67421,0.67074,0.67413,12329
2023-03-23 08:00:00,0.67413,0.67552,0.67277,0.67332,14762
2023-03-23 12:00:00,0.67335,0.67357,0.66929,0.66948,13850
2023-03-23 16:00:00,0.66948,0.67251,0.66912,0.67158,18146
2023-03-23 20:00:00,0.67159,0.67159,0.66694,0.66866,17639
2023-03-24 00:00:00,0.66847,0.66887,0.66725,0.66801,5703
2023-03-24 04:00:00,0.66802,0.6687,0.66593,0.66869,12263
2023-03-24 08:00:00,0.66869,0.66942,0.66603,0.66677,14235
2023-03-24 12:00:00,0.66677,0.66713,0.6625,0.66381,18317
2023-03-24 16:00:00,0.66383,0.66497,0.66295,0.66417,24687
2023-03-24 20:00:00,0.66416,0.66525,0.6639,0.66436,8867
2023-03-27 00:00:00,0.66508,0.66586,0.6636,0.66429,6619
2023-03-27 04:00:00,0.66428,0.66619,0.66385,0.665,9086
2023-03-27 08:00:00,0.66499,0.66658,0.66349,0.66482,13314
2023-03-27 12:00:00,0.66482,0.66536,0.66338,0.66353,12160
2023-03-27 16:00:00,0.66352,0.66564,0.66346,0.66434,14124
2023-03-27 20:00:00,0.66435,0.66506,0.66387,0.66493,8110
2023-03-28 00:00:00,0.66479,0.66796,0.66454,0.66726,6463
2023-03-28 04:00:00,0.66727,0.66949,0.66713,0.66885,10596
2023-03-28 08:00:00,0.66884,0.66934,0.66703,0.66718,10571
2023-03-28 12:00:00,0.66714,0.66864,0.66687,0.66771,8699
2023-03-28 16:00:00,0.66769,0.67101,0.66738,0.67093,14721
2023-03-28 20:00:00,0.67092,0.67101,0.66963,0.67064,6320
2023-03-29 00:00:00,0.6706,0.67131,0.66872,0.66986,5658
2023-03-29 04:00:00,0.66986,0.67033,0.66919,0.67019,9453
2023-03-29 08:00:00,0.67018,0.67037,0.66612,0.6667,10999
2023-03-29 12:00:00,0.66667,0.66842,0.66647,0.66758,10466
2023-03-29 16:00:00,0.66759,0.67039,0.66648,0.66786,14667
2023-03-29 20:00:00,0.66786,0.66851,0.66751,0.66843,7133
2023-03-30 00:00:00,0.66829,0.6687,0.66711,0.66749,4970
2023-03-30 04:00:00,0.66748,0.66876,0.66613,0.66859,8257
2023-03-30 08:00:00,0.66861,0.67184,0.66857,0.67109,13058
2023-03-30 12:00:00,0.67108,0.67119,0.66876,0.66975,9208
2023-03-30 16:00:00,0.66973,0.67102,0.66891,0.67062,14082
2023-03-30 20:00:00,0.67061,0.67125,0.66968,0.67119,5703
2023-03-31 00:00:00,0.67076,0.6726,0.6703,0.67194,6296
2023-03-31 04:00:00,0.67195,0.67378,0.67086,0.67107,10497
2023-03-31 08:00:00,0.67104,0.67164,0.66703,0.66872,10624
2023-03-31 12:00:00,0.66871,0.67018,0.66826,0.66991,11807
2023-03-31 16:00:00,0.66992,0.67184,0.6677,0.66992,15612
2023-03-31 20:00:00,0.66993,0.66997,0.66783,0.6686,5012
2023-04-03 00:00:00,0.66839,0.66854,0.6651,0.66666,9965
2023-04-03 04:00:00,0.66664,0.66823,0.66617,0.66664,12955
2023-04-03 08:00:00,0.66664,0.67006,0.66575,0.66989,11976
2023-04-03 12:00:00,0.6699,0.67669,0.66989,0.67626,14903
2023-04-03 16:00:00,0.6763,0.67899,0.67588,0.67859,19986
2023-04-03 20:00:00,0.6786,0.67899,0.67735,0.67864,8844
2023-04-04 00:00:00,0.67781,0.67932,0.67781,0.67863,5529
2023-04-04 04:00:00,0.67863,0.67882,0.67582,0.67612,10445
2023-04-04 08:00:00,0.67613,0.67716,0.67349,0.67444,13720
2023-04-04 12:00:00,0.67442,0.67595,0.67208,0.67238,10812
2023-04-04 16:00:00,0.67238,0.67594,0.67213,0.67374,20635
2023-04-04 20:00:00,0.67375,0.67533,0.67358,0.67524,5963
2023-04-05 00:00:00,0.67514,0.67674,0.67511,0.67583,4207
2023-04-05 04:00:00,0.67587,0.67799,0.67426,0.67448,11336
2023-04-05 08:00:00,0.67448,0.67473,0.66942,0.66978,13928
2023-04-05 12:00:00,0.66978,0.67172,0.66769,0.67101,12439
2023-04-05 16:00:00,0.67105,0.67292,0.66999,0.67089,20506
2023-04-05 20:00:00,0.67086,0.67233,0.67036,0.67215,5912
2023-04-06 00:00:00,0.67167,0.67253,0.67061,0.67072,3982
2023-04-06 04:00:00,0.67071,0.67079,0.66939,0.6696,6471
2023-04-06 08:00:00,0.66959,0.67094,0.66875,0.66992,10829
2023-04-06 12:00:00,0.66993,0.67026,0.66678,0.66702,10185
2023-04-06 16:00:00,0.66703,0.6683,0.66531,0.66784,12585
2023-04-06 20:00:00,0.66784,0.66824,0.66693,0.66716,6826
2023-04-07 00:00:00,0.66707,0.66759,0.66669,0.66734,2719
2023-04-07 04:00:00,0.66734,0.6686,0.66729,0.66849,3682
2023-04-07 08:00:00,0.66849,0.66911,0.66766,0.66784,3904
2023-04-07 12:00:00,0.66782,0.66861,0.66408,0.66732,7817
2023-04-07 16:00:00,0.66731,0.66781,0.66577,0.66619,5679
2023-04-07 20:00:00,0.66626,0.66719,0.66557,0.66643,4511
2023-04-10 00:00:00,0.66575,0.66744,0.66568,0.66592,4279
2023-04-10 04:00:00,0.66592,0.66656,0.66567,0.66598,5713
2023-04-10 08:00:00,0.66597,0.66737,0.66525,0.66683,6760
2023-04-10 12:00:00,0.66687,0.66801,0.6622,0.66236,9328
2023-04-10 16:00:00,0.66235,0.66348,0.66191,0.66332,10465
2023-04-10 20:00:00,0.66337,0.66431,0.66327,0.66423,7642
2023-04-11 00:00:00,0.66333,0.66573,0.6631,0.66564,4528
2023-04-11 04:00:00,0.66563,0.66742,0.66432,0.66677,11084
2023-04-11 08:00:00,0.66677,0.66795,0.66624,0.66687,12379
2023-04-11 12:00:00,0.66686,0.66719,0.66505,0.66565,9357
2023-04-11 16:00:00,0.66567,0.66697,0.66454,0.66466,12055
2023-04-11 20:00:00,0.66467,0.66569,0.66452,0.66536,4835
2023-04-12 00:00:00,0.66512,0.66606,0.66481,0.66569,3786
2023-04-12 04:00:00,0.66568,0.66767,0.66523,0.66743,7204
2023-04-12 08:00:00,0.66743,0.66754,0.66506,0.66588,7995
2023-04-12 12:00:00,0.66587,0.67231,0.66541,0.67058,12406
2023-04-12 16:00:00,0.67059,0.67154,0.66756,0.6698,19557
2023-04-12 20:00:00,0.66981,0.67045,0.66882,0.66933,10981
2023-04-13 00:00:00,0.66927,0.66995,0.66861,0.66914,5010
2023-04-13 04:00:00,0.66914,0.67207,0.66852,0.67106,10031
2023-04-13 08:00:00,0.67107,0.67358,0.66954,0.67232,10188
2023-04-13 12:00:00,0.67233,0.67623,0.67213,0.67564,12975
2023-04-13 16:00:00,0.67565,0.67869,0.67527,0.67861,15472
2023-04-13 20:00:00,0.67861,0.67967,0.67833,0.67838,6663
2023-04-14 00:00:00,0.67822,0.67923,0.67784,0.6783,4090
2023-04-14 04:00:00,0.6783,0.67937,0.67759,0.67823,7056
2023-04-14 08:00:00,0.67824,0.67828,0.6763,0.67647,9891
2023-04-14 12:00:00,0.67648,0.6806,0.67523,0.67647,12162
2023-04-14 16:00:00,0.67644,0.67677,0.66949,0.66976,21546
2023-04-14 20:00:00,0.66977,0.67104,0.66972,0.671,7446
2023-04-17 00:00:00,0.66981,0.67131,0.66943,0.66944,3078
2023-04-17 04:00:00,0.66945,0.67126,0.66904,0.67085,5945
2023-04-17 08:00:00,0.67084,0.67192,0.66919,0.6698,10487
2023-04-17 12:00:00,0.66979,0.67154,0.66916,0.66927,11055
2023-04-17 16:00:00,0.66926,0.67039,0.6681,0.66933,17656
2023-04-17 20:00:00,0.66933,0.6706,0.66926,0.67019,5928
2023-04-18 00:00:00,0.66983,0.67033,0.66904,0.67005,2773
2023-04-18 04:00:00,0.67006,0.67248,0.6698,0.67168,8518
2023-04-18 08:00:00,0.67168,0.67403,0.67158,0.67369,10457
2023-04-18 12:00:00,0.67369,0.67476,0.67283,0.67291,11387
2023-04-18 16:00:00,0.67293,0.67369,0.67168,0.67298,13670
2023-04-18 20:00:00,0.67299,0.67302,0.67229,0.67279,5962
2023-04-19 00:00:00,0.67279,0.674,0.67213,0.67375,3137
2023-04-19 04:00:00,0.67375,0.67414,0.67157,0.67308,6665
2023-04-19 08:00:00,0.67308,0.67323,0.67041,0.67062,14206
2023-04-19 12:00:00,0.67061,0.67213,0.669,0.67183,12242
2023-04-19 16:00:00,0.67184,0.67354,0.67141,0.67226,13008
2023-04-19 20:00:00,0.67228,0.67241,0.67123,0.67135,5435
2023-04-20 00:00:00,0.67123,0.67156,0.67002,0.67047,5231
2023-04-20 04:00:00,0.67044,0.67099,0.66968,0.67042,7527
2023-04-20 08:00:00,0.67041,0.67266,0.67036,0.67097,10565
2023-04-20 12:00:00,0.67098,0.67512,0.66989,0.67489,11430
2023-04-20 16:00:00,0.67487,0.67714,0.67418,0.6751,15993
2023-04-20 20:00:00,0.67512,0.67547,0.6733,0.67419,6296
2023-04-21 00:00:00,0.67419,0.67455,0.6735,0.67425,3712
2023-04-21 04:00:00,0.67425,0.67429,0.67121,0.67142,6062
2023-04-21 08:00:00,0.67145,0.67176,0.66777,0.66882,10365
2023-04-21 12:00:00,0.66884,0.67069,0.66851,0.67023,7923
2023-04-21 16:00:00,0.67023,0.67088,0.6679,0.66898,15980
2023-04-21 20:00:00,0.66896,0.6701,0.66827,0.66933,5371
2023-04-24 00:00:00,0.66907,0.66974,0.66821,0.66948,3305
2023-04-24 04:00:00,0.66947,0.66953,0.66719,0.66754,7691
2023-04-24 08:00:00,0.66754,0.66898,0.66653,0.6688,10493
2023-04-24 12:00:00,0.66881,0.66946,0.66774,0.66854,8234
2023-04-24 16:00:00,0.66855,0.66978,0.66738,0.66852,11386
2023-04-24 20:00:00,0.66853,0.66962,0.66847,0.66951,4036
2023-04-25 00:00:00,0.66928,0.67053,0.66913,0.66953,3051
2023-04-25 04:00:00,0.66953,0.67042,0.66739,0.66782,5826
2023-04-25 08:00:00,0.66782,0.66875,0.6652,0.66654,11693
2023-04-25 12:00:00,0.66655,0.66703,0.6651,0.66533,9844
2023-04-25 16:00:00,0.66534,0.66554,0.66191,0.66237,12631
2023-04-25 20:00:00,0.66235,0.66269,0.66142,0.66254,6956
2023-04-26 00:00:00,0.66257,0.6639,0.66225,0.66331,6718
2023-04-26 04:00:00,0.66331,0.6634,0.66023,0.6611,10738
2023-04-26 08:00:00,0.6611,0.66181,0.66003,0.66046,11712
2023-04-26 12:00:00,0.66047,0.66148,0.6595,0.66039,14461
2023-04-26 16:00:00,0.66038,0.66193,0.6602,0.66076,17368
2023-04-26 20:00:00,0.66075,0.66095,0.65913,0.66038,7522
2023-04-27 00:00:00,0.6599,0.66112,0.65964,0.66086,5171
2023-04-27 04:00:00,0.66085,0.66163,0.65998,0.6616,9391
2023-04-27 08:00:00,0.6616,0.66354,0.66143,0.66188,14530
2023-04-27 12:00:00,0.66188,0.66301,0.6603,0.66104,13988
2023-04-27 16:00:00,0.66105,0.66234,0.65951,0.66143,16129
2023-04-27 20:00:00,0.66144,0.66326,0.66138,0.66296,6091
2023-04-28 00:00:00,0.66253,0.66359,0.66171,0.66347,5057
2023-04-28 04:00:00,0.66346,0.66422,0.66147,0.6615,12046
2023-04-28 08:00:00,0.66149,0.66199,0.65786,0.65827,14149
2023-04-28 12:00:00,0.65829,0.65931,0.65735,0.65862,12185
2023-04-28 16:00:00,0.65863,0.66177,0.65817,0.66169,19137
2023-04-28 20:00:00,0.66167,0.66189,0.66092,0.66146,7045
2023-05-01 00:00:00,0.66124,0.66205,0.66073,0.66177,4910
2023-05-01 04:00:00,0.66178,0.664,0.6613,0.66349,7786
2023-05-01 08:00:00,0.66349,0.66447,0.66331,0.66353,9506
2023-05-01 12:00:00,0.66352,0.66611,0.66333,0.66604,11175
2023-05-01 16:00:00,0.66606,0.66682,0.66307,0.66358,18060
2023-05-01 20:00:00,0.66358,0.66374,0.66244,0.66303,7485
2023-05-02 00:00:00,0.66252,0.66324,0.66205,0.66219,5318
2023-05-02 04:00:00,0.66221,0.66979,0.66214,0.66938,11377
2023-05-02 08:00:00,0.66939,0.67172,0.66898,0.66945,16628
2023-05-02 12:00:00,0.66946,0.67045,0.66831,0.6685,11214
2023-05-02 16:00:00,0.66851,0.66933,0.66575,0.66704,20786
2023-05-02 20:00:00,0.66704,0.66729,0.66608,0.66631,6547
2023-05-03 00:00:00,0.66623,0.66731,0.66553,0.66683,5978
2023-05-03 04:00:00,0.66681,0.66763,0.66632,0.66644,7021
2023-05-03 08:00:00,0.66645,0.66709,0.66551,0.66607,10717
2023-05-03 12:00:00,0.66606,0.66719,0.66491,0.66553,12308
2023-05-03 16:00:00,0.66554,0.66825,0.66529,0.66805,14392
2023-05-03 20:00:00,0.66806,0.67031,0.66626,0.66744,24424
2023-05-04 00:00:00,0.66686,0.66728,0.66403,0.66502,9970
2023-05-04 04:00:00,0.66505,0.6697,0.66472,0.66922,12850
2023-05-04 08:00:00,0.6692,0.66993,0.66593,0.66598,15862
2023-05-04 12:00:00,0.66596,0.66825,0.66586,0.6667,16220
2023-05-04 16:00:00,0.66669,0.67007,0.66544,0.66997,23755
2023-05-04 20:00:00,0.66996,0.67063,0.66901,0.66931,10046
2023-05-05 00:00:00,0.66925,0.67058,0.66916,0.67052,4035
2023-05-05 04:00:00,0.67054,0.67372,0.6704,0.67356,8522
2023-05-05 08:00:00,0.67356,0.67439,0.67237,0.67295,11603
2023-05-05 12:00:00,0.67294,0.67338,0.66891,0.67051,14288
2023-05-05 16:00:00,0.67052,0.67545,0.67045,0.67532,19592
2023-05-05 20:00:00,0.67531,0.67569,0.67463,0.67535,6207
2023-05-08 00:00:00,0.67484,0.67553,0.67416,0.67439,5506
2023-05-08 04:00:00,0.67439,0.67749,0.674,0.67733,8354
2023-05-08 08:00:00,0.67734,0.67903,0.67708,0.67849,8655
2023-05-08 12:00:00,0.67849,0.67965,0.67823,0.67943,10081
2023-05-08 16:00:00,0.67946,0.68036,0.67867,0.67895,12330
2023-05-08 20:00:00,0.67896,0.67897,0.67763,0.67806,5711
2023-05-09 00:00:00,0.67799,0.67828,0.6775,0.67751,5679
2023-05-09 04:00:00,0.67753,0.67867,0.67698,0.67826,8717
2023-05-09 08:00:00,0.67826,0.67855,0.67559,0.67571,11607
2023-05-09 12:00:00,0.6757,0.67676,0.67511,0.6752,8359
2023-05-09 16:00:00,0.67518,0.67646,0.67464,0.67531,9849
2023-05-09 20:00:00,0.67531,0.67662,0.67528,0.67615,3840
2023-05-10 00:00:00,0.67613,0.67704,0.6758,0.67634,4083
2023-05-10 04:00:00,0.67634,0.67696,0.67614,0.67664,7627
2023-05-10 08:00:00,0.6766,0.67739,0.67495,0.67523,10373
2023-05-10 12:00:00,0.67522,0.68179,0.67441,0.68144,12707
2023-05-10 16:00:00,0.68144,0.68175,0.67541,0.67642,17500
2023-05-10 20:00:00,0.67642,0.67798,0.67457,0.67782,8867
2023-05-11 00:00:00,0.67746,0.67908,0.67745,0.67885,4712
2023-05-11 04:00:00,0.67884,0.67959,0.67667,0.67759,9800
2023-05-11 08:00:00,0.67759,0.67798,0.6722,0.67338,12534
2023-05-11 12:00:00,0.67342,0.67532,0.67297,0.67334,16143
2023-05-11 16:00:00,0.67332,0.67332,0.66888,0.66984,17772
2023-05-11 20:00:00,0.66986,0.67018,0.6689,0.67018,7913
2023-05-12 00:00:00,0.67009,0.67062,0.6698,0.67034,3991
2023-05-12 04:00:00,0.67035,0.67047,0.66853,0.66978,9740
2023-05-12 08:00:00,0.66977,0.67043,0.66829,0.66914,11596
2023-05-12 12:00:00,0.66917,0.66958,0.66731,0.66773,8732
2023-05-12 16:00:00,0.66772,0.66892,0.664,0.66439,13680
2023-05-12 20:00:00,0.66439,0.665,0.6636,0.66413,5302
2023-05-15 00:00:00,0.66448,0.66534,0.66415,0.66516,4237
2023-05-15 04:00:00,0.66516,0.66676,0.66496,0.66669,9485
2023-05-15 08:00:00,0.66668,0.66933,0.66664,0.66841,11710
2023-05-15 12:00:00,0.66841,0.6692,0.66775,0.6687,10261
2023-05-15 16:00:00,0.66869,0.67087,0.66756,0.67077,10738
2023-05-15 20:00:00,0.67079,0.67079,0.66985,0.66996,5555
2023-05-16 00:00:00,0.66945,0.67096,0.66934,0.67065,4580
2023-05-16 04:00:00,0.67064,0.67074,0.66799,0.66932,9629
2023-05-16 08:00:00,0.66931,0.66932,0.66649,0.66889,11550
2023-05-16 12:00:00,0.66889,0.66964,0.66652,0.66768,11514
2023-05-16 16:00:00,0.66768,0.66924,0.66512,0.66567,16577
2023-05-16 20:00:00,0.66568,0.66605,0.66523,0.66544,7077
2023-05-17 00:00:00,0.66546,0.6661,0.66525,0.66581,4008
2023-05-17 04:00:00,0.66581,0.66707,0.66444,0.66516,8765
2023-05-17 08:00:00,0.66516,0.66524,0.6629,0.66386,12099
2023-05-17 12:00:00,0.66387,0.66643,0.66354,0.66573,11013
2023-05-17 16:00:00,0.66572,0.66698,0.66399,0.66679,15003
2023-05-17 20:00:00,0.6668,0.66731,0.66585,0.6659,5628
2023-05-18 00:00:00,0.6659,0.66676,0.66546,0.66562,4479
2023-05-18 04:00:00,0.66561,0.66666,0.66294,0.66508,9946
2023-05-18 08:00:00,0.66508,0.66568,0.66296,0.66324,11613
2023-05-18 12:00:00,0.66323,0.66459,0.66201,0.6621,10136
2023-05-18 16:00:00,0.66209,0.66243,0.66049,0.66088,13963
2023-05-18 20:00:00,0.66088,0.66253,0.66068,0.66229,7371
2023-05-19 00:00:00,0.66199,0.66358,0.66149,0.663,5825
2023-05-19 04:00:00,0.66299,0.66415,0.66166,0.66337,11840
2023-05-19 08:00:00,0.66337,0.66568,0.66299,0.66507,13322
2023-05-19 12:00:00,0.66509,0.66713,0.66463,0.66606,12897
2023-05-19 16:00:00,0.66604,0.6675,0.66479,0.66664,20720
2023-05-19 20:00:00,0.66664,0.66685,0.66445,0.66495,5520
2023-05-22 00:00:00,0.66438,0.66645,0.6643,0.6663,5194
2023-05-22 04:00:00,0.66632,0.66674,0.66429,0.66492,12361
2023-05-22 08:00:00,0.6649,0.66514,0.66273,0.66406,13293
2023-05-22 12:00:00,0.66406,0.66516,0.66329,0.66408,10618
2023-05-22 16:00:00,0.66407,0.66521,0.66347,0.66476,13427
2023-05-22 20:00:00,0.66476,0.66556,0.66454,0.66514,5348
2023-05-23 00:00:00,0.66467,0.66618,0.66445,0.66575,4172
2023-05-23 04:00:00,0.66574,0.66607,0.66407,0.66515,10505
2023-05-23 08:00:00,0.66514,0.666,0.66208,0.66292,12366
2023-05-23 12:00:00,0.66293,0.66312,0.66102,0.66119,9450
2023-05-23 16:00:00,0.6612,0.66301,0.66119,0.6614,15388
2023-05-23 20:00:00,0.66142,0.66191,0.66071,0.661,8138
2023-05-24 00:00:00,0.66087,0.66141,0.66072,0.66112,3395
2023-05-24 04:00:00,0.66112,0.66151,0.65855,0.65961,11564
2023-05-24 08:00:00,0.65966,0.66017,0.65669,0.65796,14614
2023-05-24 12:00:00,0.65796,0.6585,0.65606,0.65721,11357
2023-05-24 16:00:00,0.65725,0.65752,0.65295,0.65372,17404
2023-05-24 20:00:00,0.65373,0.65454,0.65321,0.65434,11424
2023-05-25 00:00:00,0.65439,0.65458,0.65369,0.65408,7200
2023-05-25 04:00:00,0.65407,0.65441,0.6523,0.65262,11936
2023-05-25 08:00:00,0.6526,0.65424,0.65221,0.65305,13060
2023-05-25 12:00:00,0.65304,0.65352,0.65149,0.65179,12758
2023-05-25 16:00:00,0.65177,0.65241,0.64985,0.64988,17902
2023-05-25 20:00:00,0.64989,0.65165,0.64982,0.65044,8969
2023-05-26 00:00:00,0.65009,0.65068,0.64904,0.64999,5839
2023-05-26 04:00:00,0.65,0.65174,0.64974,0.65155,8721
2023-05-26 08:00:00,0.65155,0.65282,0.65112,0.65223,11533
2023-05-26 12:00:00,0.65222,0.65443,0.65185,0.65288,12131
2023-05-26 16:00:00,0.65287,0.65316,0.64977,0.65142,17693
2023-05-26 20:00:00,0.65144,0.65206,0.65093,0.65175,6201
2023-05-29 00:00:00,0.65194,0.65304,0.65175,0.65286,4779
2023-05-29 04:00:00,0.65287,0.65442,0.65258,0.65394,8283
2023-05-29 08:00:00,0.65394,0.6554,0.65287,0.65432,9041
2023-05-29 12:00:00,0.6543,0.65465,0.65351,0.65414,5535
2023-05-29 16:00:00,0.65415,0.65426,0.65347,0.65383,3792
2023-05-29 20:00:00,0.65383,0.65405,0.65381,0.65394,3098
2023-05-30 00:00:00,0.65359,0.65433,0.65268,0.654,4967
2023-05-30 04:00:00,0.654,0.65593,0.65099,0.65172,11271
2023-05-30 08:00:00,0.65171,0.65428,0.65028,0.65423,15990
2023-05-30 12:00:00,0.65422,0.65547,0.65339,0.6535,14754
2023-05-30 16:00:00,0.65351,0.65383,0.65078,0.65101,15260
2023-05-30 20:00:00,0.65101,0.65185,0.65032,0.6518,6704
2023-05-31 00:00:00,0.65168,0.6522,0.65103,0.65168,3930
2023-05-31 04:00:00,0.65168,0.6539,0.64898,0.64963,10820
2023-05-31 08:00:00,0.64962,0.64973,0.64748,0.6478,15050
2023-05-31 12:00:00,0.6478,0.64848,0.64719,0.64724,8896
2023-05-31 16:00:00,0.64724,0.64944,0.64582,0.64651,18804
2023-05-31 20:00:00,0.64652,0.65055,0.64629,0.65035,10574
2023-06-01 00:00:00,0.64966,0.65096,0.64925,0.64925,4715
2023-06-01 04:00:00,0.64926,0.65197,0.64844,0.65146,9916
2023-06-01 08:00:00,0.65147,0.65188,0.64862,0.65043,12064
2023-06-01 12:00:00,0.65045,0.65303,0.6501,0.65279,12408
2023-06-01 16:00:00,0.65279,0.65815,0.65209,0.65783,19123
2023-06-01 20:00:00,0.65783,0.65813,0.65674,0.65725,6181
2023-06-02 00:00:00,0.65657,0.65841,0.65652,0.65755,4163
2023-06-02 04:00:00,0.65755,0.66163,0.65747,0.66067,9138
2023-06-02 08:00:00,0.66066,0.66303,0.66047,0.66286,12003
2023-06-02 12:00:00,0.66284,0.66385,0.66029,0.66218,14068
2023-06-02 16:00:00,0.6622,0.66348,0.66075,0.66124,18723
2023-06-02 20:00:00,0.66123,0.66142,0.66016,0.66049,4496
2023-06-05 00:00:00,0.66042,0.66055,0.65944,0.65973,5606
2023-06-05 04:00:00,0.65972,0.66081,0.65874,0.66035,9135
2023-06-05 08:00:00,0.66035,0.66097,0.65881,0.65945,10916
2023-06-05 12:00:00,0.65944,0.6603,0.65793,0.6602,7000
2023-06-05 16:00:00,0.6602,0.66374,0.66015,0.66225,15758
2023-06-05 20:00:00,0.66222,0.66232,0.66147,0.66178,5275
2023-06-06 00:00:00,0.6617,0.662,0.66109,0.66137,4622
2023-06-06 04:00:00,0.66141,0.66734,0.66096,0.66648,10618
2023-06-06 08:00:00,0.66648,0.66852,0.66558,0.66567,16014
2023-06-06 12:00:00,0.66568,0.66671,0.66445,0.66519,9286
2023-06-06 16:00:00,0.66518,0.66782,0.6642,0.66727,12964
2023-06-06 20:00:00,0.66727,0.66777,0.6667,0.66714,5207
2023-06-07 00:00:00,0.66704,0.66897,0.66566,0.6682,4683
2023-06-07 04:00:00,0.66818,0.66867,0.66651,0.66797,10905
2023-06-07 08:00:00,0.66798,0.66904,0.66618,0.66902,10588
2023-06-07 12:00:00,0.66903,0.67059,0.66826,0.66877,8182
2023-06-07 16:00:00,0.66876,0.67172,0.66516,0.66549,17481
2023-06-07 20:00:00,0.66549,0.6658,0.66415,0.66517,7509
2023-06-08 00:00:00,0.66533,0.66655,0.66515,0.66643,4345
2023-06-08 04:00:00,0.66643,0.66725,0.66549,0.66622,8258
2023-06-08 08:00:00,0.66622,0.66905,0.66584,0.66874,11106
2023-06-08 12:00:00,0.66873,0.67051,0.66777,0.66968,10297
2023-06-08 16:00:00,0.66965,0.6718,0.66941,0.67144,14744
2023-06-08 20:00:00,0.67142,0.6716,0.6709,0.67144,4694
2023-06-09 00:00:00,0.67075,0.6717,0.67061,0.67112,4489
2023-06-09 04:00:00,0.67112,0.6714,0.66945,0.66966,10451
2023-06-09 08:00:00,0.66968,0.67241,0.66927,0.67157,10505
2023-06-09 12:00:00,0.67158,0.67397,0.67054,0.67351,8227
2023-06-09 16:00:00,0.67352,0.67509,0.67313,0.67411,12558
2023-06-09 20:00:00,0.67412,0.67435,0.67362,0.67424,4721
2023-06-12 00:00:00,0.67349,0.6748,0.67336,0.6744,3349
2023-06-12 04:00:00,0.67439,0.67454,0.67314,0.6739,7119
2023-06-12 08:00:00,0.67387,0.67733,0.67383,0.67718,8411
2023-06-12 12:00:00,0.6772,0.67732,0.67573,0.67618,8333
2023-06-12 16:00:00,0.67619,0.67622,0.67408,0.67449,10766
2023-06-12 20:00:00,0.67449,0.67552,0.67435,0.67506,4568
2023-06-13 00:00:00,0.67485,0.67577,0.67455,0.67464,4842
2023-06-13 04:00:00,0.67464,0.67668,0.67379,0.67617,9593
2023-06-13 08:00:00,0.67616,0.67868,0.67584,0.67789,11053
2023-06-13 12:00:00,0.67788,0.67998,0.67595,0.6795,13306
2023-06-13 16:00:00,0.6795,0.68069,0.6766,0.67854,18080
2023-06-13 20:00:00,0.67854,0.67872,0.67558,0.67661,7155
2023-06-14 00:00:00,0.67609,0.67739,0.67609,0.67673,4116
2023-06-14 04:00:00,0.67673,0.67827,0.67651,0.67701,7050
2023-06-14 08:00:00,0.67702,0.67886,0.67631,0.6784,9235
2023-06-14 12:00:00,0.6784,0.68068,0.67831,0.68051,8927
2023-06-14 16:00:00,0.68051,0.68357,0.68037,0.68266,11147
2023-06-14 20:00:00,0.68268,0.68268,0.67555,0.67976,23124
2023-06-15 00:00:00,0.67953,0.68019,0.67894,0.67901,4924
2023-06-15 04:00:00,0.67902,0.68079,0.67654,0.68071,10721
2023-06-15 08:00:00,0.6807,0.68277,0.67969,0.6809,12659
2023-06-15 12:00:00,0.68091,0.68204,0.67871,0.68096,11939
2023-06-15 16:00:00,0.68095,0.68774,0.68065,0.68731,15706
2023-06-15 20:00:00,0.68729,0.68926,0.68703,0.68823,5940
2023-06-16 00:00:00,0.6882,0.68857,0.6876,0.6878,4615
2023-06-16 04:00:00,0.68779,0.68865,0.68667,0.68761,9475
2023-06-16 08:00:00,0.6876,0.68995,0.68689,0.6884,14235
2023-06-16 12:00:00,0.68838,0.68883,0.68673,0.68731,10262
2023-06-16 16:00:00,0.6873,0.68806,0.68548,0.68693,17465
2023-06-16 20:00:00,0.68692,0.68794,0.68666,0.68749,6443
2023-06-19 00:00:00,0.68748,0.68826,0.68528,0.68556,5309
2023-06-19 04:00:00,0.68556,0.68594,0.68338,0.68482,8626
2023-06-19 08:00:00,0.68483,0.6878,0.68473,0.68658,11762
2023-06-19 12:00:00,0.68659,0.68687,0.684,0.68502,8849
2023-06-19 16:00:00,0.68501,0.68521,0.68425,0.68443,6794
2023-06-19 20:00:00,0.68444,0.68501,0.6844,0.68498,2540
2023-06-20 00:00:00,0.6848,0.6855,0.68425,0.68475,6437
2023-06-20 04:00:00,0.68475,0.68525,0.6798,0.68013,11947
2023-06-20 08:00:00,0.68011,0.68119,0.6788,0.67933,15827
2023-06-20 12:00:00,0.67934,0.67987,0.67693,0.67753,11093
2023-06-20 16:00:00,0.67751,0.67781,0.6753,0.67776,16885
2023-06-20 20:00:00,0.67777,0.67902,0.67739,0.67873,8945
2023-06-21 00:00:00,0.67851,0.67935,0.6781,0.67814,5732
2023-06-21 04:00:00,0.67814,0.67995,0.67769,0.67932,11379
2023-06-21 08:00:00,0.67934,0.67952,0.67599,0.67612,14600
2023-06-21 12:00:00,0.67613,0.67742,0.67477,0.67563,12175
2023-06-21 16:00:00,0.6756,0.67936,0.67408,0.67929,20502
2023-06-21 20:00:00,0.6793,0.68043,0.67877,0.67969,8201
2023-06-22 00:00:00,0.67943,0.68027,0.67904,0.67991,5580
2023-06-22 04:00:00,0.67991,0.68062,0.6762,0.67633,8899
2023-06-22 08:00:00,0.67635,0.67947,0.67568,0.67877,14194
2023-06-22 12:00:00,0.67877,0.6798,0.6771,0.67711,14415
2023-06-22 16:00:00,0.67711,0.6774,0.67484,0.67513,18739
2023-06-22 20:00:00,0.67514,0.67615,0.67445,0.67566,8483
2023-06-23 00:00:00,0.67503,0.67676,0.67503,0.67639,5448
2023-06-23 04:00:00,0.67641,0.67657,0.66915,0.66948,14601
2023-06-23 08:00:00,0.66947,0.6708,0.66868,0.66885,15802
2023-06-23 12:00:00,0.66885,0.66975,0.66627,0.66749,12588
2023-06-23 16:00:00,0.66749,0.66873,0.66664,0.66815,17690
2023-06-23 20:00:00,0.66815,0.66859,0.66748,0.66755,6537
2023-06-26 00:00:00,0.66754,0.66839,0.66698,0.66781,6662
2023-06-26 04:00:00,0.66781,0.66937,0.66735,0.66843,11251
2023-06-26 08:00:00,0.66842,0.66848,0.66684,0.667,15060
2023-06-26 12:00:00,0.66698,0.66846,0.66689,0.66772,9146
2023-06-26 16:00:00,0.66772,0.66838,0.66673,0.66805,14502
2023-06-26 20:00:00,0.66804,0.66829,0.66738,0.66743,6068
2023-06-27 00:00:00,0.66719,0.66857,0.66697,0.66777,6231
2023-06-27 04:00:00,0.66777,0.67204,0.66769,0.67159,13819
2023-06-27 08:00:00,0.67162,0.67208,0.6687,0.66881,14271
2023-06-27 12:00:00,0.6688,0.67064,0.66813,0.66976,11296
2023-06-27 16:00:00,0.66977,0.67144,0.66783,0.66846,20168
2023-06-27 20:00:00,0.66845,0.6691,0.66823,0.66856,6727
2023-06-28 00:00:00,0.668,0.6689,0.66637,0.66685,6621
2023-06-28 04:00:00,0.66687,0.66744,0.66177,0.6644,14182
2023-06-28 08:00:00,0.66439,0.66519,0.66325,0.66341,13851
2023-06-28 12:00:00,0.6634,0.66443,0.66041,0.66055,10297
2023-06-28 16:00:00,0.66054,0.6623,0.65967,0.66173,18275
2023-06-28 20:00:00,0.66173,0.66191,0.65984,0.66005,7398
2023-06-29 00:00:00,0.65991,0.66048,0.6595,0.66013,4875
2023-06-29 04:00:00,0.66013,0.66271,0.66013,0.66096,12222
2023-06-29 08:00:00,0.66098,0.66295,0.66042,0.66198,12095
2023-06-29 12:00:00,0.66199,0.66403,0.66051,0.66103,11958
2023-06-29 16:00:00,0.66106,0.66348,0.65989,0.66266,19682
2023-06-29 20:00:00,0.66266,0.66279,0.6614,0.66167,7352
2023-06-30 00:00:00,0.66162,0.66214,0.66031,0.66086,4714
2023-06-30 04:00:00,0.66087,0.66337,0.66041,0.66282,13456
2023-06-30 08:00:00,0.66285,0.66374,0.66138,0.6618,12396
2023-06-30 12:00:00,0.6618,0.66517,0.66169,0.6644,12222
2023-06-30 16:00:00,0.66438,0.66688,0.664,0.66685,20719
2023-06-30 20:00:00,0.66686,0.66712,0.66588,0.66594,7331
2023-07-03 00:00:00,0.66611,0.66647,0.66523,0.66537,3583
2023-07-03 04:00:00,0.66537,0.66738,0.6637,0.6671,10795
2023-07-03 08:00:00,0.6671,0.6675,0.66394,0.6657,12331
2023-07-03 12:00:00,0.66569,0.66658,0.66458,0.66624,10686
2023-07-03 16:00:00,0.66624,0.66916,0.66592,0.66732,15926
2023-07-03 20:00:00,0.66731,0.6678,0.66695,0.66711,1697
2023-07-04 00:00:00,0.66657,0.66836,0.66633,0.66787,4294
2023-07-04 04:00:00,0.66788,0.66871,0.66435,0.66464,10749
2023-07-04 08:00:00,0.66464,0.66882,0.66413,0.66798,12070
2023-07-04 12:00:00,0.66797,0.66953,0.66785,0.66942,7986
2023-07-04 16:00:00,0.66944,0.67054,0.66899,0.66957,7009
2023-07-04 20:00:00,0.66959,0.66981,0.66903,0.66916,2307
2023-07-05 00:00:00,0.6692,0.66985,0.6688,0.66937,3899
2023-07-05 04:00:00,0.66939,0.66973,0.66791,0.6681,9071
2023-07-05 08:00:00,0.6681,0.66896,0.66644,0.66718,11576
2023-07-05 12:00:00,0.66718,0.66783,0.66578,0.66654,10156
2023-07-05 16:00:00,0.66655,0.66849,0.6659,0.66628,15653
2023-07-05 20:00:00,0.66628,0.66704,0.66529,0.66539,7580
2023-07-06 00:00:00,0.66545,0.66567,0.66504,0.66537,4199
2023-07-06 04:00:00,0.66538,0.6672,0.66333,0.6653,11345
2023-07-06 08:00:00,0.66532,0.66867,0.66492,0.66693,15029
2023-07-06 12:00:00,0.66694,0.66878,0.66315,0.66392,17502
2023-07-06 16:00:00,0.66394,0.66476,0.6599,0.6621,21873
2023-07-06 20:00:00,0.66212,0.66277,0.6619,0.66253,6943
2023-07-07 00:00:00,0.66189,0.66312,0.66188,0.66249,4171
2023-07-07 04:00:00,0.66251,0.66406,0.66248,0.6636,9846
2023-07-07 08:00:00,0.66361,0.66429,0.66249,0.66402,13566
2023-07-07 12:00:00,0.66403,0.66592,0.66226,0.66312,15182
2023-07-07 16:00:00,0.66313,0.67005,0.66197,0.67001,23140
2023-07-07 20:00:00,0.67,0.67007,0.66841,0.66901,6420
2023-07-10 00:00:00,0.66822,0.66957,0.66792,0.66828,6168
2023-07-10 04:00:00,0.66829,0.66958,0.66613,0.66658,12434
2023-07-10 08:00:00,0.66657,0.66678,0.66407,0.66467,11416
2023-07-10 12:00:00,0.66466,0.66469,0.66235,0.66263,10368
2023-07-10 16:00:00,0.66264,0.66718,0.66264,0.66715,14903
2023-07-10 20:00:00,0.66715,0.668,0.66715,0.66752,5371
2023-07-11 00:00:00,0.66691,0.66907,0.66691,0.66862,5228
2023-07-11 04:00:00,0.66862,0.66919,0.66759,0.66889,13121
2023-07-11 08:00:00,0.66889,0.66948,0.66611,0.66651,14058
2023-07-11 12:00:00,0.6665,0.66778,0.66522,0.66554,10597
2023-07-11 16:00:00,0.66552,0.66693,0.66507,0.66691,14042
2023-07-11 20:00:00,0.66692,0.66882,0.6667,0.66855,6288
2023-07-12 00:00:00,0.66796,0.67178,0.66789,0.67113,5858
2023-07-12 04:00:00,0.67112,0.67415,0.67105,0.6722,14177
2023-07-12 08:00:00,0.67221,0.67232,0.66826,0.66874,12102
2023-07-12 12:00:00,0.66872,0.67511,0.66836,0.67289,14711
2023-07-12 16:00:00,0.67289,0.67952,0.67278,0.67923,24242
2023-07-12 20:00:00,0.67924,0.6796,0.67838,0.67888,7144
2023-07-13 00:00:00,0.67824,0.67993,0.67816,0.67887,4513
2023-07-13 04:00:00,0.67887,0.682,0.6785,0.68103,12779
2023-07-13 08:00:00,0.68103,0.68504,0.68047,0.68436,16232
2023-07-13 12:00:00,0.68437,0.687,0.68381,0.68654,13497
2023-07-13 16:00:00,0.68655,0.68947,0.68633,0.68779,16702
2023-07-13 20:00:00,0.68779,0.68924,0.68748,0.68889,5267
2023-07-14 00:00:00,0.68795,0.68924,0.68773,0.68774,7098
2023-07-14 04:00:00,0.68773,0.68949,0.68753,0.6891,11868
2023-07-14 08:00:00,0.68912,0.68918,0.68615,0.68719,14178
2023-07-14 12:00:00,0.68721,0.68796,0.68547,0.68653,10810
2023-07-14 16:00:00,0.68654,0.68699,0.68402,0.68477,20016
2023-07-14 20:00:00,0.68477,0.68489,0.68302,0.68376,7755
2023-07-17 00:00:00,0.68315,0.68403,0.68299,0.68311,4909
2023-07-17 04:00:00,0.68313,0.68356,0.68062,0.68174,11415
2023-07-17 08:00:00,0.68175,0.68242,0.68041,0.68155,11684
2023-07-17 12:00:00,0.68157,0.68198,0.67947,0.68003,12472
2023-07-17 16:00:00,0.68005,0.68237,0.67874,0.68222,13763
2023-07-17 20:00:00,0.68222,0.68286,0.68145,0.68167,3934
2023-07-18 00:00:00,0.68155,0.6819,0.68073,0.68111,5677
2023-07-18 04:00:00,0.68114,0.68371,0.68075,0.68232,15819
2023-07-18 08:00:00,0.68231,0.68341,0.68051,0.68082,14735
2023-07-18 12:00:00,0.68082,0.68225,0.6789,0.68028,15449
2023-07-18 16:00:00,0.68029,0.68296,0.67902,0.6804,21865
2023-07-18 20:00:00,0.68042,0.68137,0.68019,0.68109,6928
2023-07-19 00:00:00,0.68073,0.68202,0.68025,0.68056,6333
2023-07-19 04:00:00,0.68057,0.68103,0.67786,0.67851,13867
2023-07-19 08:00:00,0.67852,0.67988,0.67635,0.67661,18376
2023-07-19 12:00:00,0.67661,0.67759,0.67552,0.67691,13152
2023-07-19 16:00:00,0.67692,0.67881,0.67502,0.67665,20727
2023-07-19 20:00:00,0.67668,0.6778,0.67653,0.67704,8203
2023-07-20 00:00:00,0.67652,0.67884,0.6765,0.67854,4698
2023-07-20 04:00:00,0.67854,0.684,0.67843,0.68319,16438
2023-07-20 08:00:00,0.68319,0.68352,0.68063,0.6831,15458
2023-07-20 12:00:00,0.68311,0.68467,0.68045,0.6813,14058
2023-07-20 16:00:00,0.68129,0.68183,0.67702,0.67733,19855
2023-07-20 20:00:00,0.67731,0.67876,0.67731,0.67789,8430
2023-07-21 00:00:00,0.67762,0.67815,0.67685,0.67748,4695
2023-07-21 04:00:00,0.67748,0.67834,0.67589,0.67786,12990
2023-07-21 08:00:00,0.67787,0.67876,0.67442,0.67462,15668
2023-07-21 12:00:00,0.67463,0.67556,0.67331,0.67339,12730
2023-07-21 16:00:00,0.67338,0.67424,0.67224,0.67373,15403
2023-07-21 20:00:00,0.67374,0.67379,0.67267,0.67305,4293
2023-07-24 00:00:00,0.67279,0.67333,0.67213,0.67298,5025
2023-07-24 04:00:00,0.67299,0.67406,0.67147,0.67306,11901
2023-07-24 08:00:00,0.67306,0.6743,0.67249,0.67311,16055
2023-07-24 12:00:00,0.67312,0.67558,0.67263,0.67347,11410
2023-07-24 16:00:00,0.67346,0.6752,0.67224,0.67496,19466
2023-07-24 20:00:00,0.67496,0.67539,0.67361,0.67396,7537
2023-07-25 00:00:00,0.67389,0.67405,0.67252,0.67323,6274
2023-07-25 04:00:00,0.67323,0.67713,0.67319,0.67579,14896
2023-07-25 08:00:00,0.67578,0.67789,0.67564,0.67776,15005
2023-07-25 12:00:00,0.67777,0.67779,0.67564,0.67725,10172
2023-07-25 16:00:00,0.67727,0.67927,0.67529,0.67819,13511
2023-07-25 20:00:00,0.67821,0.67948,0.67805,0.67918,6339
2023-07-26 00:00:00,0.67896,0.67932,0.67743,0.67768,6235
2023-07-26 04:00:00,0.67768,0.67807,0.6729,0.67598,14003
2023-07-26 08:00:00,0.67599,0.67759,0.67592,0.67652,14439
2023-07-26 12:00:00,0.67652,0.67674,0.67349,0.67365,10771
2023-07-26 16:00:00,0.67365,0.6764,0.67309,0.67527,15257
2023-07-26 20:00:00,0.67527,0.67834,0.67356,0.676,22672
2023-07-27 00:00:00,0.6755,0.67719,0.67532,0.67712,5548
2023-07-27 04:00:00,0.67711,0.68209,0.67706,0.68113,13923
2023-07-27 08:00:00,0.68113,0.68187,0.67857,0.68121,14936
2023-07-27 12:00:00,0.68122,0.68157,0.67717,0.67792,16068
2023-07-27 16:00:00,0.67793,0.67802,0.67213,0.67356,22949
2023-07-27 20:00:00,0.67359,0.6749,0.66979,0.67073,14889
2023-07-28 00:00:00,0.67052,0.67132,0.66956,0.66973,6809
2023-07-28 04:00:00,0.66978,0.67076,0.66427,0.66515,22327
2023-07-28 08:00:00,0.66515,0.66704,0.66223,0.66423,20125
2023-07-28 12:00:00,0.66423,0.66853,0.66402,0.66642,14531
2023-07-28 16:00:00,0.66642,0.66756,0.66496,0.6662,20379
2023-07-28 20:00:00,0.6662,0.6663,0.66453,0.66466,7336
2023-07-31 00:00:00,0.66501,0.6669,0.66451,0.66672,6872
2023-07-31 04:00:00,0.66673,0.66814,0.66582,0.66749,16013
2023-07-31 08:00:00,0.6675,0.67003,0.66708,0.66934,14848
2023-07-31 12:00:00,0.66935,0.67183,0.66919,0.6712,10997
2023-07-31 16:00:00,0.67118,0.67393,0.67032,0.67246,16275
2023-07-31 20:00:00,0.67246,0.67296,0.67137,0.67179,5341
2023-08-01 00:00:00,0.67171,0.67234,0.67104,0.67135,4276
2023-08-01 04:00:00,0.67135,0.67172,0.66573,0.66751,13644
2023-08-01 08:00:00,0.66752,0.66786,0.66255,0.66355,13796
2023-08-01 12:00:00,0.66353,0.66397,0.66054,0.66064,11398
2023-08-01 16:00:00,0.66067,0.66324,0.66043,0.66057,16309
2023-08-01 20:00:00,0.66058,0.6616,0.66021,0.66129,4929
2023-08-02 00:00:00,0.66121,0.66231,0.6606,0.66145,7375
2023-08-02 04:00:00,0.66146,0.66298,0.65783,0.65856,14016
2023-08-02 08:00:00,0.65856,0.65926,0.65653,0.65838,14645
2023-08-02 12:00:00,0.65838,0.6592,0.65622,0.65627,13561
2023-08-02 16:00:00,0.65628,0.65669,0.65267,0.65506,17541
2023-08-02 20:00:00,0.65507,0.65536,0.65369,0.65371,6324
2023-08-03 00:00:00,0.65345,0.65454,0.65314,0.65349,4518
2023-08-03 04:00:00,0.65348,0.65556,0.65261,0.65262,12256
2023-08-03 08:00:00,0.65262,0.65422,0.6514,0.65174,18835
2023-08-03 12:00:00,0.65175,0.65488,0.65173,0.65361,16646
2023-08-03 16:00:00,0.65361,0.65685,0.6525,0.65616,19303
2023-08-03 20:00:00,0.65615,0.65626,0.65418,0.65508,7292
2023-08-04 00:00:00,0.65446,0.65713,0.65375,0.65712,5370
2023-08-04 04:00:00,0.65709,0.65875,0.65582,0.65712,14661
2023-08-04 08:00:00,0.65711,0.65791,0.65539,0.6558,14130
2023-08-04 12:00:00,0.6558,0.65863,0.65454,0.65762,16390
2023-08-04 16:00:00,0.65761,0.66095,0.65735,0.66056,22070
2023-08-04 20:00:00,0.66056,0.66061,0.65623,0.65687,9532
2023-08-07 00:00:00,0.65673,0.65829,0.65659,0.65821,6467
2023-08-07 04:00:00,0.65821,0.65929,0.65702,0.65734,12174
2023-08-07 08:00:00,0.65736,0.65813,0.65576,0.65647,12543
2023-08-07 12:00:00,0.65646,0.65807,0.65551,0.65803,10791
2023-08-07 16:00:00,0.65805,0.65865,0.65563,0.65681,14596
2023-08-07 20:00:00,0.6568,0.65768,0.65652,0.65752,6289
2023-08-08 00:00:00,0.65703,0.65761,0.65661,0.65681,4054
2023-08-08 04:00:00,0.65679,0.65687,0.65362,0.6547,14706
2023-08-08 08:00:00,0.65472,0.65508,0.65162,0.65258,14773
2023-08-08 12:00:00,0.65258,0.65271,0.64992,0.65082,13464
2023-08-08 16:00:00,0.65082,0.65268,0.64964,0.65204,16449
2023-08-08 20:00:00,0.65205,0.65443,0.65201,0.65431,7498
2023-08-09 00:00:00,0.6541,0.65434,0.6529,0.65294,6298
2023-08-09 04:00:00,0.65293,0.65637,0.6528,0.65543,13436
2023-08-09 08:00:00,0.65547,0.65711,0.65516,0.65573,12791
2023-08-09 12:00:00,0.65572,0.65587,0.65269,0.6533,11761
2023-08-09 16:00:00,0.65331,0.65496,0.652,0.65286,16913
2023-08-09 20:00:00,0.65287,0.65413,0.65283,0.65287,7532
2023-08-10 00:00:00,0.65255,0.65374,0.65243,0.65309,4048
2023-08-10 04:00:00,0.65309,0.6546,0.65262,0.65384,9478
2023-08-10 08:00:00,0.65386,0.6563,0.65373,0.65515,12291
2023-08-10 12:00:00,0.65513,0.66166,0.65502,0.65857,13774
2023-08-10 16:00:00,0.65856,0.65886,0.65475,0.65503,25089
2023-08-10 20:00:00,0.65504,0.65514,0.65146,0.65153,13114
2023-08-11 00:00:00,0.65156,0.65225,0.65096,0.65219,5175
2023-08-11 04:00:00,0.65219,0.65336,0.65158,0.65212,12178
2023-08-11 08:00:00,0.65211,0.65324,0.65112,0.65223,13646
2023-08-11 12:00:00,0.65224,0.65318,0.6505,0.6506,13826
2023-08-11 16:00:00,0.65058,0.65251,0.64873,0.64908,20696
2023-08-11 20:00:00,0.64908,0.64977,0.64858,0.64947,6416
2023-08-14 00:00:00,0.64934,0.64987,0.6477,0.64773,5398
2023-08-14 04:00:00,0.64773,0.64794,0.64564,0.647,14050
2023-08-14 08:00:00,0.64701,0.64974,0.64681,0.64881,15633
2023-08-14 12:00:00,0.64881,0.65029,0.64716,0.64784,12735
2023-08-14 16:00:00,0.64786,0.65024,0.64538,0.64944,19734
2023-08-14 20:00:00,0.64941,0.64982,0.64781,0.64874,6998
2023-08-15 00:00:00,0.64824,0.64913,0.64766,0.64868,3786
2023-08-15 04:00:00,0.64869,0.65112,0.64625,0.65031,15040
2023-08-15 08:00:00,0.65032,0.65215,0.64619,0.6476,16934
2023-08-15 12:00:00,0.6476,0.64841,0.64557,0.64711,17140
2023-08-15 16:00:00,0.64712,0.64935,0.64651,0.64687,25616
2023-08-15 20:00:00,0.64687,0.64707,0.64512,0.64542,8122
2023-08-16 00:00:00,0.6454,0.64594,0.64398,0.64412,6196
2023-08-16 04:00:00,0.64413,0.64599,0.64277,0.64519,15890
2023-08-16 08:00:00,0.64519,0.64804,0.6444,0.64728,14899
2023-08-16 12:00:00,0.64725,0.64742,0.64363,0.64367,12037
2023-08-16 16:00:00,0.64368,0.64684,0.64306,0.64328,17869
2023-08-16 20:00:00,0.64329,0.64442,0.64155,0.64238,11259
2023-08-17 00:00:00,0.64157,0.64257,0.64,0.64,5662
2023-08-17 04:00:00,0.64001,0.64046,0.63644,0.63924,14114
2023-08-17 08:00:00,0.63925,0.64084,0.63782,0.63956,13742
2023-08-17 12:00:00,0.63956,0.64504,0.63925,0.64372,16455
2023-08-17 16:00:00,0.6437,0.64468,0.64082,0.64198,21094
2023-08-17 20:00:00,0.64198,0.64203,0.63951,0.6403,9984
2023-08-18 00:00:00,0.63982,0.64194,0.63982,0.64147,6697
2023-08-18 04:00:00,0.64147,0.64287,0.63951,0.63986,14103
2023-08-18 08:00:00,0.63985,0.64157,0.63923,0.63981,16418
2023-08-18 12:00:00,0.63981,0.64056,0.63788,0.63871,13539
2023-08-18 16:00:00,0.63871,0.64151,0.63861,0.64139,19741
2023-08-18 20:00:00,0.6414,0.64176,0.6401,0.6404,8451
2023-08-21 00:00:00,0.64059,0.64181,0.63987,0.64094,5760
2023-08-21 04:00:00,0.64094,0.64151,0.63942,0.64031,13461
2023-08-21 08:00:00,0.64031,0.64113,0.63928,0.63988,15265
2023-08-21 12:00:00,0.63989,0.64213,0.63989,0.64136,13841
2023-08-21 16:00:00,0.64135,0.642,0.63869,0.64059,18532
2023-08-21 20:00:00,0.64062,0.64201,0.64042,0.64136,6356
2023-08-22 00:00:00,0.64104,0.6418,0.64063,0.6411,5402
2023-08-22 04:00:00,0.6411,0.64287,0.64033,0.64169,13610
2023-08-22 08:00:00,0.64169,0.64475,0.64131,0.64374,15222
2023-08-22 12:00:00,0.64374,0.64578,0.64271,0.64278,12331
2023-08-22 16:00:00,0.64279,0.64374,0.64088,0.64208,19266
2023-08-22 20:00:00,0.64207,0.6427,0.64158,0.64225,7314
2023-08-23 00:00:00,0.64203,0.64392,0.64198,0.64331,4783
2023-08-23 04:00:00,0.64332,0.64517,0.64317,0.64366,12108
2023-08-23 08:00:00,0.64366,0.64431,0.6416,0.643,15113
2023-08-23 12:00:00,0.64301,0.6432,0.64109,0.64139,12032
2023-08-23 16:00:00,0.64139,0.64741,0.64131,0.64725,19343
2023-08-23 20:00:00,0.64724,0.64815,0.64666,0.64813,6360
2023-08-24 00:00:00,0.6477,0.6488,0.64749,0.64769,5395
2023-08-24 04:00:00,0.64767,0.64882,0.64675,0.64847,11725
2023-08-24 08:00:00,0.64849,0.64877,0.64564,0.64581,12470
2023-08-24 12:00:00,0.6458,0.64604,0.64266,0.64307,12732
2023-08-24 16:00:00,0.64307,0.64479,0.64218,0.6425,19539
2023-08-24 20:00:00,0.64252,0.6429,0.64126,0.64166,9319
2023-08-25 00:00:00,0.64149,0.64193,0.64113,0.64156,4932
2023-08-25 04:00:00,0.64156,0.64199,0.64039,0.6404,9698
2023-08-25 08:00:00,0.64041,0.64267,0.6402,0.64247,13127
2023-08-25 12:00:00,0.64244,0.64318,0.64164,0.64266,11000
2023-08-25 16:00:00,0.64266,0.64414,0.63799,0.64055,29745
2023-08-25 20:00:00,0.64056,0.64261,0.64008,0.64033,8501
2023-08-28 00:00:00,0.64053,0.64254,0.64036,0.64213,5242
2023-08-28 04:00:00,0.64212,0.64396,0.64211,0.64289,12277
2023-08-28 08:00:00,0.64287,0.64354,0.64043,0.64089,10920
2023-08-28 12:00:00,0.64089,0.64245,0.64016,0.64221,8042
2023-08-28 16:00:00,0.64221,0.64305,0.64139,0.64283,13270
2023-08-28 20:00:00,0.64284,0.64294,0.64188,0.64285,4605
2023-08-29 00:00:00,0.64215,0.64336,0.64209,0.64258,5314
2023-08-29 04:00:00,0.64261,0.64538,0.64252,0.64435,10487
2023-08-29 08:00:00,0.64435,0.64539,0.64344,0.64361,12059
2023-08-29 12:00:00,0.6436,0.64543,0.64011,0.64042,12476
2023-08-29 16:00:00,0.64042,0.64683,0.64011,0.6461,22679
2023-08-29 20:00:00,0.64611,0.64867,0.6461,0.64804,6226
2023-08-30 00:00:00,0.64753,0.64822,0.64733,0.64778,5015
2023-08-30 04:00:00,0.64778,0.64785,0.6449,0.64721,12521
2023-08-30 08:00:00,0.64724,0.64813,0.64538,0.64591,14225
2023-08-30 12:00:00,0.64591,0.65169,0.64569,0.65091,15375
2023-08-30 16:00:00,0.65086,0.65221,0.64801,0.64834,19490
2023-08-30 20:00:00,0.64835,0.64892,0.64693,0.64755,6174
2023-08-31 00:00:00,0.64748,0.64866,0.64691,0.6486,4810
2023-08-31 04:00:00,0.64859,0.65077,0.64805,0.64828,10765
2023-08-31 08:00:00,0.64827,0.64883,0.64704,0.64722,11444
2023-08-31 12:00:00,0.64721,0.64946,0.64627,0.64927,14602
2023-08-31 16:00:00,0.64926,0.64945,0.6461,0.64702,20998
2023-08-31 20:00:00,0.64703,0.6485,0.64696,0.64839,5816
2023-09-01 00:00:00,0.64804,0.64888,0.64739,0.64744,4298
2023-09-01 04:00:00,0.64745,0.64998,0.64641,0.64724,10841
2023-09-01 08:00:00,0.64724,0.64782,0.64458,0.64711,11515
2023-09-01 12:00:00,0.64711,0.65217,0.64678,0.65094,14835
2023-09-01 16:00:00,0.65096,0.65111,0.64381,0.64485,27488
2023-09-01 20:00:00,0.64486,0.64556,0.64454,0.6449,4877
2023-09-04 00:00:00,0.64454,0.64647,0.64401,0.6461,3919
2023-09-04 04:00:00,0.64611,0.64746,0.64527,0.6466,10679
2023-09-04 08:00:00,0.64661,0.64803,0.64606,0.6463,10246
2023-09-04 12:00:00,0.6463,0.64711,0.64584,0.64604,6146
2023-09-04 16:00:00,0.64603,0.64663,0.6452,0.64596,5998
2023-09-04 20:00:00,0.64595,0.6463,0.6459,0.64608,986
2023-09-05 00:00:00,0.64608,0.64645,0.64482,0.64513,4134
2023-09-05 04:00:00,0.64513,0.6453,0.64162,0.64254,11555
2023-09-05 08:00:00,0.64253,0.64282,0.637,0.6377,15983
2023-09-05 12:00:00,0.63769,0.63849,0.63573,0.63802,13071
2023-09-05 16:00:00,0.63804,0.63873,0.63642,0.63838,20805
2023-09-05 20:00:00,0.6384,0.63853,0.63758,0.63783,5340
2023-09-06 00:00:00,0.63786,0.63811,0.63632,0.63651,4067
2023-09-06 04:00:00,0.63655,0.63833,0.63569,0.63833,9650
2023-09-06 08:00:00,0.63834,0.64045,0.63784,0.63901,15773
2023-09-06 12:00:00,0.63901,0.64008,0.6381,0.6388,9790
2023-09-06 16:00:00,0.63879,0.64021,0.6363,0.63778,21753
2023-09-06 20:00:00,0.63778,0.63848,0.63741,0.63815,6904
2023-09-07 00:00:00,0.63769,0.63841,0.63716,0.63761,4069
2023-09-07 04:00:00,0.63763,0.63849,0.6362,0.63657,10556
2023-09-07 08:00:00,0.63656,0.63927,0.6365,0.63846,14090
2023-09-07 12:00:00,0.63846,0.63911,0.63704,0.63895,12096
2023-09-07 16:00:00,0.63896,0.63948,0.63664,0.63762,17472
2023-09-07 20:00:00,0.63764,0.63847,0.63743,0.63761,6279
2023-09-08 00:00:00,0.63732,0.63888,0.63724,0.63816,4652
2023-09-08 04:00:00,0.63817,0.63957,0.63669,0.63865,9798
2023-09-08 08:00:00,0.63868,0.64144,0.63867,0.63934,11960
2023-09-08 12:00:00,0.63934,0.64073,0.63877,0.63936,11106
2023-09-08 16:00:00,0.63936,0.6407,0.63751,0.63776,14532
2023-09-08 20:00:00,0.63776,0.63818,0.63704,0.63765,4753
2023-09-11 00:00:00,0.63847,0.64024,0.63732,0.63933,6481
2023-09-11 04:00:00,0.63932,0.64374,0.63918,0.64368,12979
2023-09-11 08:00:00,0.6437,0.64437,0.64308,0.64353,13680
2023-09-11 12:00:00,0.64353,0.64411,0.64231,0.64355,10079
2023-09-11 16:00:00,0.64352,0.64495,0.64276,0.64353,13967
2023-09-11 20:00:00,0.64352,0.64366,0.64257,0.64308,4119
2023-09-12 00:00:00,0.64301,0.64333,0.64201,0.64213,4048
2023-09-12 04:00:00,0.64212,0.64393,0.64159,0.64275,10711
2023-09-12 08:00:00,0.64275,0.64397,0.6421,0.6428,11444
2023-09-12 12:00:00,0.6428,0.64294,0.64125,0.64156,9745
2023-09-12 16:00:00,0.64155,0.64275,0.64082,0.64193,13379
2023-09-12 20:00:00,0.64192,0.64279,0.64172,0.64274,7231
2023-09-13 00:00:00,0.64196,0.64329,0.64154,0.64223,4242
2023-09-13 04:00:00,0.64223,0.64287,0.63993,0.64095,9839
2023-09-13 08:00:00,0.64096,0.64165,0.63991,0.64128,12928
2023-09-13 12:00:00,0.6413,0.64228,0.63799,0.64109,15353
2023-09-13 16:00:00,0.64109,0.64341,0.64044,0.64281,18731
2023-09-13 20:00:00,0.6428,0.64328,0.64122,0.64206,5577
2023-09-14 00:00:00,0.64216,0.6448,0.64152,0.64468,4888
2023-09-14 04:00:00,0.64468,0.64539,0.64204,0.64387,10091
2023-09-14 08:00:00,0.64389,0.64478,0.64285,0.6434,10721
2023-09-14 12:00:00,0.6434,0.64507,0.64186,0.64408,17157
2023-09-14 16:00:00,0.64407,0.64595,0.64272,0.6448,21247
2023-09-14 20:00:00,0.64482,0.6449,0.643,0.64409,6280
2023-09-15 00:00:00,0.6435,0.64477,0.64295,0.64422,5610
2023-09-15 04:00:00,0.64422,0.64735,0.6438,0.64724,10861
2023-09-15 08:00:00,0.64724,0.64731,0.64494,0.64506,11894
2023-09-15 12:00:00,0.64506,0.64611,0.64403,0.64406,9912
2023-09-15 16:00:00,0.64405,0.6457,0.64316,0.64373,18391
2023-09-15 20:00:00,0.64376,0.64386,0.64246,0.64311,5320
2023-09-18 00:00:00,0.64366,0.64433,0.6425,0.64407,3417
2023-09-18 04:00:00,0.64409,0.64472,0.6427,0.64444,9132
2023-09-18 08:00:00,0.64447,0.64489,0.64301,0.6438,9591
2023-09-18 12:00:00,0.64379,0.64416,0.64289,0.64299,9002
2023-09-18 16:00:00,0.64299,0.64449,0.64165,0.6438,13796
2023-09-18 20:00:00,0.64383,0.64416,0.64324,0.64371,4192
2023-09-19 00:00:00,0.64344,0.64475,0.64323,0.64364,3939
2023-09-19 04:00:00,0.64362,0.64392,0.64288,0.64378,7171
2023-09-19 08:00:00,0.64378,0.64586,0.64277,0.64506,9523
2023-09-19 12:00:00,0.64507,0.64737,0.64467,0.64704,9216
2023-09-19 16:00:00,0.64701,0.64714,0.6452,0.64549,13893
2023-09-19 20:00:00,0.6455,0.64601,0.6453,0.64543,5332
2023-09-20 00:00:00,0.64532,0.64655,0.64524,0.64564,4024
2023-09-20 04:00:00,0.64564,0.64586,0.64478,0.64504,7709
2023-09-20 08:00:00,0.64505,0.6466,0.64484,0.64656,11838
2023-09-20 12:00:00,0.64658,0.64883,0.64631,0.64855,8414
2023-09-20 16:00:00,0.64855,0.6511,0.64824,0.65102,12029
2023-09-20 20:00:00,0.65101,0.65101,0.64394,0.64473,19695
2023-09-21 00:00:00,0.64426,0.64523,0.64211,0.64241,6239
2023-09-21 04:00:00,0.6424,0.64269,0.64027,0.64059,9080
2023-09-21 08:00:00,0.64063,0.64224,0.64018,0.64059,10788
2023-09-21 12:00:00,0.64059,0.641,0.6385,0.64014,13691
2023-09-21 16:00:00,0.64014,0.64276,0.63956,0.64179,16208
2023-09-21 20:00:00,0.64178,0.64319,0.64126,0.64153,6469
2023-09-22 00:00:00,0.64134,0.64189,0.64037,0.6411,3892
2023-09-22 04:00:00,0.64109,0.64271,0.64036,0.64253,10214
2023-09-22 08:00:00,0.64254,0.64402,0.64174,0.64376,15499
2023-09-22 12:00:00,0.64375,0.64609,0.64356,0.64573,10201
2023-09-22 16:00:00,0.64574,0.64649,0.64471,0.64491,13905
2023-09-22 20:00:00,0.6449,0.64515,0.64362,0.64401,6065
2023-09-25 00:00:00,0.64392,0.64467,0.64342,0.64436,4485
2023-09-25 04:00:00,0.64437,0.64451,0.6422,0.64273,6725
2023-09-25 08:00:00,0.64274,0.64289,0.64129,0.64152,9699
2023-09-25 12:00:00,0.6415,0.64357,0.64137,0.64245,10899
2023-09-25 16:00:00,0.64244,0.643,0.64041,0.64186,14657
2023-09-25 20:00:00,0.64187,0.64268,0.64174,0.64238,5905
2023-09-26 00:00:00,0.64216,0.64256,0.64141,0.64187,4100
2023-09-26 04:00:00,0.64187,0.64305,0.64155,0.64175,10417
2023-09-26 08:00:00,0.64174,0.64198,0.63874,0.64069,13905
2023-09-26 12:00:00,0.6407,0.64187,0.63988,0.64169,11978
2023-09-26 16:00:00,0.6417,0.64213,0.64005,0.64062,16474
2023-09-26 20:00:00,0.64063,0.64103,0.63912,0.63967,6624
2023-09-27 00:00:00,0.63965,0.64025,0.63867,0.6391,4603
2023-09-27 04:00:00,0.63911,0.64089,0.63764,0.63828,9909
2023-09-27 08:00:00,0.63828,0.63855,0.63707,0.63811,9709
2023-09-27 12:00:00,0.63811,0.63819,0.63613,0.63759,10275
2023-09-27 16:00:00,0.63758,0.63874,0.63537,0.63551,16083
2023-09-27 20:00:00,0.6355,0.63664,0.63312,0.63529,10987
2023-09-28 00:00:00,0.63521,0.63618,0.63446,0.63599,5059
2023-09-28 04:00:00,0.63601,0.63773,0.63589,0.63756,10943
2023-09-28 08:00:00,0.63759,0.63812,0.63637,0.63776,12467
2023-09-28 12:00:00,0.63776,0.64043,0.63703,0.63887,13585
2023-09-28 16:00:00,0.63887,0.64322,0.6387,0.64226,22141
2023-09-28 20:00:00,0.64226,0.64286,0.64157,0.64286,8855
2023-09-29 00:00:00,0.64244,0.64312,0.64163,0.64238,3787
2023-09-29 04:00:00,0.64239,0.64609,0.64231,0.64572,8066
2023-09-29 08:00:00,0.64572,0.64861,0.6455,0.64815,12562
2023-09-29 12:00:00,0.64815,0.65008,0.64777,0.64934,13129
2023-09-29 16:00:00,0.64931,0.64943,0.6439,0.64403,21007
2023-09-29 20:00:00,0.64404,0.64404,0.64221,0.64341,9240
2023-10-02 00:00:00,0.64211,0.6445,0.64211,0.64293,5800
2023-10-02 04:00:00,0.64294,0.64352,0.64042,0.64045,5977
2023-10-02 08:00:00,0.64045,0.64261,0.63939,0.64048,9914
2023-10-02 12:00:00,0.64045,0.6407,0.63895,0.63899,10516
2023-10-02 16:00:00,0.63896,0.6392,0.63629,0.63651,22614
2023-10-02 20:00:00,0.63651,0.63757,0.63626,0.63648,8801
2023-10-03 00:00:00,0.63633,0.63668,0.63534,0.63624,5579
2023-10-03 04:00:00,0.63623,0.6363,0.63143,0.63171,10008
2023-10-03 08:00:00,0.63169,0.63316,0.63053,0.63221,12478
2023-10-03 12:00:00,0.63222,0.63226,0.62949,0.63023,12276
2023-10-03 16:00:00,0.63024,0.63175,0.62863,0.62988,28931
2023-10-03 20:00:00,0.62987,0.63067,0.62852,0.63021,9314
2023-10-04 00:00:00,0.63034,0.63148,0.62972,0.63107,4867
2023-10-04 04:00:00,0.63106,0.63241,0.62863,0.63201,11239
2023-10-04 08:00:00,0.63203,0.63261,0.63013,0.63229,14790
2023-10-04 12:00:00,0.6323,0.63423,0.63149,0.63366,16815
2023-10-04 16:00:00,0.63367,0.63407,0.6306,0.63301,23185
2023-10-04 20:00:00,0.63299,0.63333,0.63172,0.63246,9551
2023-10-05 00:00:00,0.63223,0.63463,0.63176,0.63439,5216
2023-10-05 04:00:00,0.63439,0.63775,0.63439,0.63722,9944
2023-10-05 08:00:00,0.63722,0.63722,0.63309,0.63321,12515
2023-10-05 12:00:00,0.63323,0.63509,0.63269,0.63426,13392
2023-10-05 16:00:00,0.63427,0.63601,0.63362,0.63583,21749
2023-10-05 20:00:00,0.63584,0.63737,0.63532,0.63705,8222
2023-10-06 00:00:00,0.63698,0.6374,0.63584,0.63678,4364
2023-10-06 04:00:00,0.63679,0.63816,0.63643,0.63674,7070
2023-10-06 08:00:00,0.63675,0.63704,0.63545,0.63639,11394
2023-10-06 12:00:00,0.63639,0.63669,0.63123,0.63251,16832
2023-10-06 16:00:00,0.63254,0.63948,0.63195,0.6379,30455
2023-10-06 20:00:00,0.63791,0.64002,0.63764,0.63833,7548
2023-10-09 00:00:00,0.63579,0.63803,0.63443,0.63802,9851
2023-10-09 04:00:00,0.63803,0.63809,0.6347,0.63483,9072
2023-10-09 08:00:00,0.63483,0.6363,0.63425,0.63597,15250
2023-10-09 12:00:00,0.63596,0.63687,0.6356,0.63673,11971
2023-10-09 16:00:00,0.63673,0.63862,0.6367,0.63776,17929
2023-10-09 20:00:00,0.63776,0.64149,0.63767,0.64103,8354
2023-10-10 00:00:00,0.64109,0.64276,0.64071,0.64173,6459
2023-10-10 04:00:00,0.64173,0.64329,0.64077,0.64097,11553
2023-10-10 08:00:00,0.64096,0.64262,0.6391,0.64202,18443
2023-10-10 12:00:00,0.64203,0.64212,0.639,0.63997,16512
2023-10-10 16:00:00,0.63996,0.64319,0.63935,0.64272,21386
2023-10-10 20:00:00,0.64273,0.64321,0.64127,0.64307,10311
2023-10-11 00:00:00,0.643,0.64451,0.6426,0.64385,4864
2023-10-11 04:00:00,0.64384,0.64425,0.64168,0.64199,9740
2023-10-11 08:00:00,0.64201,0.64342,0.64095,0.64228,15504
2023-10-11 12:00:00,0.64228,0.64261,0.64002,0.6422,16986
2023-10-11 16:00:00,0.64219,0.64274,0.63976,0.64035,22340
2023-10-11 20:00:00,0.64035,0.6415,0.6388,0.64136,10170
2023-10-12 00:00:00,0.64124,0.64215,0.64065,0.64169,5199
2023-10-12 04:00:00,0.6417,0.64268,0.64116,0.64225,9422
2023-10-12 08:00:00,0.64224,0.64308,0.6406,0.64134,12701
2023-10-12 12:00:00,0.64135,0.64137,0.63729,0.63834,17312
2023-10-12 16:00:00,0.63836,0.63862,0.63255,0.63276,25283
2023-10-12 20:00:00,0.63276,0.63284,0.6307,0.63136,13351
2023-10-13 00:00:00,0.63128,0.63238,0.63076,0.63213,5468
2023-10-13 04:00:00,0.63214,0.63342,0.63153,0.63163,8183
2023-10-13 08:00:00,0.63163,0.63316,0.63101,0.6322,13194
2023-10-13 12:00:00,0.63218,0.6329,0.63052,0.63258,16868
2023-10-13 16:00:00,0.63259,0.63282,0.62862,0.62939,19023
2023-10-13 20:00:00,0.62941,0.63014,0.62893,0.62962,7638
2023-10-16 00:00:00,0.63013,0.63126,0.62968,0.63028,5125
2023-10-16 04:00:00,0.6303,0.63267,0.6303,0.63226,7084
2023-10-16 08:00:00,0.63225,0.63321,0.6318,0.63264,12743
2023-10-16 12:00:00,0.63263,0.63335,0.63168,0.63304,10621
2023-10-16 16:00:00,0.63305,0.6342,0.63117,0.6342,13756
2023-10-16 20:00:00,0.63421,0.63449,0.63361,0.63422,5772
2023-10-17 00:00:00,0.63372,0.63595,0.63312,0.63535,5051
2023-10-17 04:00:00,0.63534,0.63669,0.6344,0.63537,7580
2023-10-17 08:00:00,0.63537,0.63628,0.63427,0.63442,10936
2023-10-17 12:00:00,0.63442,0.63658,0.63363,0.63409,14101
2023-10-17 16:00:00,0.6341,0.63797,0.63364,0.63712,22191
2023-10-17 20:00:00,0.63712,0.63713,0.63535,0.63657,9705
2023-10-18 00:00:00,0.63649,0.63667,0.63517,0.63531,4968
2023-10-18 04:00:00,0.63531,0.63814,0.6351,0.6377,11353
2023-10-18 08:00:00,0.6377,0.63933,0.63743,0.63819,15258
2023-10-18 12:00:00,0.63819,0.63844,0.63551,0.63608,14119
2023-10-18 16:00:00,0.63609,0.63643,0.63279,0.63346,21949
2023-10-18 20:00:00,0.63346,0.63545,0.63325,0.63365,12744
2023-10-19 00:00:00,0.63316,0.63387,0.63125,0.63175,5955
2023-10-19 04:00:00,0.63174,0.63212,0.62956,0.6302,10223
2023-10-19 08:00:00,0.6302,0.63107,0.62967,0.63043,15011
2023-10-19 12:00:00,0.63044,0.63244,0.62979,0.63194,13819
2023-10-19 16:00:00,0.63196,0.63564,0.63127,0.63469,27666
2023-10-19 20:00:00,0.63471,0.63562,0.63248,0.63281,19830
2023-10-20 00:00:00,0.63286,0.63291,0.631,0.6314,5535
2023-10-20 04:00:00,0.63141,0.63244,0.63049,0.6315,9771
2023-10-20 08:00:00,0.63149,0.63198,0.6297,0.63126,13679
2023-10-20 12:00:00,0.63126,0.63169,0.62991,0.63098,12603
2023-10-20 16:00:00,0.63095,0.63256,0.63088,0.63189,20383
2023-10-20 20:00:00,0.63189,0.63246,0.63091,0.6313,10207
2023-10-23 00:00:00,0.63141,0.63218,0.63074,0.63121,5576
2023-10-23 04:00:00,0.6312,0.63174,0.63075,0.63107,6485
2023-10-23 08:00:00,0.63108,0.63194,0.63018,0.63067,10443
2023-10-23 12:00:00,0.63066,0.63211,0.62887,0.63113,11745
2023-10-23 16:00:00,0.63114,0.63439,0.63023,0.63439,19723
2023-10-23 20:00:00,0.6344,0.63488,0.63298,0.63348,9154
2023-10-24 00:00:00,0.63305,0.63443,0.63293,0.63428,5979
2023-10-24 04:00:00,0.63429,0.63619,0.63385,0.63586,11080
2023-10-24 08:00:00,0.63587,0.63788,0.63517,0.63657,14371
2023-10-24 12:00:00,0.63656,0.63662,0.6353,0.63621,13302
2023-10-24 16:00:00,0.63623,0.63657,0.63439,0.63474,20777
2023-10-24 20:00:00,0.63471,0.63598,0.63469,0.63551,8451
2023-10-25 00:00:00,0.63538,0.63923,0.63491,0.63915,7916
2023-10-25 04:00:00,0.63914,0.63994,0.6378,0.63864,8854
2023-10-25 08:00:00,0.63864,0.63872,0.63513,0.6353,12511
2023-10-25 12:00:00,0.6353,0.63534,0.63282,0.63391,11836
2023-10-25 16:00:00,0.63391,0.6344,0.63172,0.63197,21284
2023-10-25 20:00:00,0.63196,0.63216,0.63053,0.63088,12099
2023-10-26 00:00:00,0.63089,0.63097,0.62756,0.62793,7383
2023-10-26 04:00:00,0.62794,0.62943,0.62701,0.62771,10589
2023-10-26 08:00:00,0.62772,0.63129,0.62771,0.63093,15059
2023-10-26 12:00:00,0.63095,0.63226,0.62926,0.63215,15358
2023-10-26 16:00:00,0.63216,0.63292,0.63016,0.63025,23539
2023-10-26 20:00:00,0.63026,0.63306,0.63018,0.63214,11264
2023-10-27 00:00:00,0.63206,0.634,0.63183,0.63348,6888
2023-10-27 04:00:00,0.63346,0.63448,0.63245,0.63437,8762
2023-10-27 08:00:00,0.63433,0.63517,0.63309,0.63504,11539
2023-10-27 12:00:00,0.63503,0.63584,0.63361,0.63504,12200
2023-10-27 16:00:00,0.63503,0.6368,0.63394,0.63404,21165
2023-10-27 20:00:00,0.63403,0.6341,0.6331,0.63332,11844
2023-10-30 00:00:00,0.63321,0.63485,0.63308,0.63452,5848
2023-10-30 04:00:00,0.63451,0.63597,0.63432,0.6353,7881
2023-10-30 08:00:00,0.6353,0.63644,0.63487,0.63571,9082
2023-10-30 12:00:00,0.6357,0.63783,0.6357,0.63737,11488
2023-10-30 16:00:00,0.63736,0.63837,0.63613,0.63686,19292
2023-10-30 20:00:00,0.63688,0.63783,0.63648,0.63765,7357
2023-10-31 00:00:00,0.63717,0.63754,0.63642,0.63681,4277
2023-10-31 04:00:00,0.63679,0.63734,0.63412,0.63445,11579
2023-10-31 08:00:00,0.63444,0.63729,0.6343,0.63726,11140
2023-10-31 12:00:00,0.63726,0.63739,0.63455,0.63457,12693
2023-10-31 16:00:00,0.63457,0.63467,0.63142,0.63286,20440
2023-10-31 20:00:00,0.63288,0.63452,0.63276,0.63367,8838
2023-11-01 00:00:00,0.63311,0.63436,0.63243,0.6327,5756
2023-11-01 04:00:00,0.63269,0.63404,0.6318,0.63311,9895
2023-11-01 08:00:00,0.63312,0.63448,0.63281,0.63412,9608
2023-11-01 12:00:00,0.63412,0.63679,0.63315,0.63594,12773
2023-11-01 16:00:00,0.63592,0.6394,0.63443,0.63588,21635
2023-11-01 20:00:00,0.63588,0.63994,0.63541,0.63929,21266
2023-11-02 00:00:00,0.63915,0.64334,0.63862,0.64334,7397
2023-11-02 04:00:00,0.64335,0.64387,0.64222,0.64234,8828
2023-11-02 08:00:00,0.64234,0.6436,0.64168,0.64302,10036
2023-11-02 12:00:00,0.64302,0.64556,0.64284,0.64549,13846
2023-11-02 16:00:00,0.6455,0.64553,0.64126,0.6416,20391
2023-11-02 20:00:00,0.64161,0.64334,0.64153,0.64334,7854
2023-11-03 00:00:00,0.64338,0.64343,0.64195,0.64253,4810
2023-11-03 04:00:00,0.64253,0.64386,0.64218,0.64313,8727
2023-11-03 08:00:00,0.64314,0.64482,0.64301,0.64368,8627
2023-11-03 12:00:00,0.64367,0.6504,0.64334,0.64934,13817
2023-11-03 16:00:00,0.64934,0.65145,0.64787,0.65115,27274
2023-11-03 20:00:00,0.65116,0.65181,0.65053,0.65115,8160
2023-11-06 00:00:00,0.65051,0.65192,0.65032,0.65151,8454
2023-11-06 04:00:00,0.65152,0.65197,0.6504,0.6514,8131
2023-11-06 08:00:00,0.6514,0.65226,0.65044,0.65068,12359
2023-11-06 12:00:00,0.65069,0.6512,0.64952,0.64999,9545
2023-11-06 16:00:00,0.65,0.65076,0.64928,0.64965,14167
2023-11-06 20:00:00,0.64965,0.64976,0.64849,0.64883,7341
2023-11-07 00:00:00,0.64876,0.6495,0.64715,0.64755,6886
2023-11-07 04:00:00,0.64756,0.65012,0.64301,0.64373,11550
2023-11-07 08:00:00,0.64373,0.64401,0.64201,0.64213,11193
2023-11-07 12:00:00,0.64213,0.6428,0.64088,0.64157,10905
2023-11-07 16:00:00,0.64158,0.64272,0.64039,0.64178,14752
2023-11-07 20:00:00,0.64179,0.64378,0.64168,0.64354,6752
2023-11-08 00:00:00,0.64344,0.64358,0.64222,0.64324,5949
2023-11-08 04:00:00,0.64324,0.64492,0.64296,0.64306,8276
2023-11-08 08:00:00,0.64306,0.64437,0.64212,0.64234,11764
2023-11-08 12:00:00,0.6423,0.64349,0.64199,0.64265,10573
2023-11-08 16:00:00,0.64266,0.64353,0.64069,0.64118,16573
2023-11-08 20:00:00,0.64119,0.64176,0.63971,0.64028,7367
2023-11-09 00:00:00,0.64012,0.6417,0.63994,0.64142,6127
2023-11-09 04:00:00,0.64142,0.64172,0.64028,0.64088,7336
2023-11-09 08:00:00,0.64089,0.64212,0.63954,0.64062,11247
2023-11-09 12:00:00,0.64062,0.64155,0.63916,0.64127,10745
2023-11-09 16:00:00,0.64126,0.64283,0.64085,0.64124,16174
2023-11-09 20:00:00,0.64126,0.64134,0.63632,0.63663,18944
2023-11-10 00:00:00,0.63669,0.63692,0.63517,0.63627,7214
2023-11-10 04:00:00,0.63627,0.63641,0.63537,0.63582,6647
2023-11-10 08:00:00,0.63583,0.63667,0.6352,0.63585,10197
2023-11-10 12:00:00,0.63584,0.6365,0.63486,0.63628,9612
2023-11-10 16:00:00,0.63629,0.63634,0.63384,0.63568,17378
2023-11-10 20:00:00,0.6357,0.63628,0.63517,0.63597,5934
2023-11-13 00:00:00,0.63537,0.63686,0.63503,0.63614,7200
2023-11-13 04:00:00,0.63613,0.6365,0.63539,0.63634,5722
2023-11-13 08:00:00,0.63633,0.63849,0.63621,0.63755,9324
2023-11-13 12:00:00,0.63757,0.63798,0.63654,0.63676,6591
2023-11-13 16:00:00,0.63678,0.63915,0.63619,0.63836,11788
2023-11-13 20:00:00,0.63836,0.63864,0.63753,0.63765,4552
2023-11-14 00:00:00,0.63722,0.6384,0.63706,0.63779,4556
2023-11-14 04:00:00,0.63779,0.63808,0.63633,0.63663,5644
2023-11-14 08:00:00,0.63663,0.63792,0.63604,0.63764,8087
2023-11-14 12:00:00,0.63765,0.64459,0.63657,0.64416,12318
2023-11-14 16:00:00,0.64416,0.64967,0.64413,0.6495,20293
2023-11-14 20:00:00,0.64951,0.65124,0.64944,0.65076,5158
2023-11-15 00:00:00,0.65069,0.65074,0.64834,0.64913,6651
2023-11-15 04:00:00,0.64912,0.65052,0.64908,0.65014,7204
2023-11-15 08:00:00,0.65015,0.65159,0.64928,0.65067,11402
2023-11-15 12:00:00,0.65068,0.65419,0.64938,0.65088,11922
2023-11-15 16:00:00,0.6509,0.65315,0.64851,0.65185,16606
2023-11-15 20:00:00,0.65182,0.65189,0.65044,0.65086,6064
2023-11-16 00:00:00,0.65059,0.65168,0.64755,0.64812,7004
2023-11-16 04:00:00,0.64814,0.64819,0.64611,0.64754,8020
2023-11-16 08:00:00,0.64755,0.65039,0.64722,0.64966,9916
2023-11-16 12:00:00,0.64967,0.65086,0.6474,0.65074,11306
2023-11-16 16:00:00,0.65073,0.65076,0.64607,0.64746,18762
2023-11-16 20:00:00,0.64746,0.6481,0.64624,0.64722,6142
2023-11-17 00:00:00,0.64686,0.64724,0.64591,0.64627,5793
2023-11-17 04:00:00,0.64628,0.64695,0.64577,0.64688,5517
2023-11-17 08:00:00,0.64687,0.64907,0.64524,0.6487,10975
2023-11-17 12:00:00,0.64869,0.65126,0.64862,0.64989,13216
2023-11-17 16:00:00,0.64988,0.65064,0.64872,0.65038,15691
2023-11-17 20:00:00,0.65037,0.6516,0.65028,0.65147,4190
2023-11-20 00:00:00,0.65054,0.65269,0.65009,0.65203,7733
2023-11-20 04:00:00,0.65203,0.65628,0.65169,0.65458,10812
2023-11-20 08:00:00,0.6546,0.65626,0.65452,0.65624,12258
2023-11-20 12:00:00,0.65625,0.65628,0.65446,0.65487,9886
2023-11-20 16:00:00,0.65488,0.65619,0.65344,0.65491,12524
2023-11-20 20:00:00,0.6549,0.65648,0.6548,0.65569,6605
2023-11-21 00:00:00,0.65537,0.65774,0.65504,0.65688,7475
2023-11-21 04:00:00,0.65687,0.65866,0.65635,0.65692,9236
2023-11-21 08:00:00,0.65693,0.65827,0.65575,0.65586,13372
2023-11-21 12:00:00,0.65586,0.65856,0.6557,0.65694,12394
2023-11-21 16:00:00,0.65693,0.65894,0.65595,0.6561,15609
2023-11-21 20:00:00,0.65608,0.65613,0.65441,0.65555,7318
2023-11-22 00:00:00,0.65578,0.65695,0.65491,0.65543,6376
2023-11-22 04:00:00,0.65542,0.65601,0.65399,0.65412,7453
2023-11-22 08:00:00,0.65412,0.65583,0.65274,0.6554,12227
2023-11-22 12:00:00,0.65541,0.65688,0.65481,0.65525,13592
2023-11-22 16:00:00,0.65524,0.65542,0.6521,0.65399,18452
2023-11-22 20:00:00,0.65397,0.65455,0.65365,0.65429,6317
2023-11-23 00:00:00,0.65414,0.65542,0.65372,0.65529,5315
2023-11-23 04:00:00,0.65528,0.65639,0.65471,0.65631,6339
2023-11-23 08:00:00,0.65632,0.65746,0.65588,0.65624,11762
2023-11-23 12:00:00,0.65623,0.65705,0.65507,0.65578,7041
2023-11-23 16:00:00,0.65578,0.65655,0.65521,0.65603,6428
2023-11-23 20:00:00,0.65603,0.6561,0.65563,0.65586,1106
2023-11-24 00:00:00,0.65555,0.65696,0.65522,0.65634,6098
2023-11-24 04:00:00,0.65634,0.6569,0.65496,0.6569,5443
2023-11-24 08:00:00,0.65689,0.65713,0.65555,0.65629,8478
2023-11-24 12:00:00,0.65629,0.65776,0.6561,0.65699,8014
2023-11-24 16:00:00,0.65698,0.65908,0.65668,0.65894,10743
2023-11-24 20:00:00,0.65894,0.65908,0.658,0.65841,3629
2023-11-27 00:00:00,0.65778,0.65948,0.65762,0.65876,7127
2023-11-27 04:00:00,0.65876,0.65881,0.65668,0.65753,8087
2023-11-27 08:00:00,0.65755,0.66006,0.65752,0.65962,9829
2023-11-27 12:00:00,0.65964,0.66141,0.65914,0.66009,11498
2023-11-27 16:00:00,0.6601,0.66035,0.65868,0.65935,14208
2023-11-27 20:00:00,0.65934,0.66119,0.6591,0.66064,5181
2023-11-28 00:00:00,0.6606,0.66252,0.66014,0.66188,6449
2023-11-28 04:00:00,0.66188,0.66318,0.66125,0.6614,7292
2023-11-28 08:00:00,0.66141,0.66227,0.65963,0.66153,10244
2023-11-28 12:00:00,0.66154,0.66215,0.66064,0.6621,10448
2023-11-28 16:00:00,0.6621,0.66657,0.66178,0.66475,20933
2023-11-28 20:00:00,0.66474,0.66547,0.66321,0.66485,8621
2023-11-29 00:00:00,0.66476,0.66765,0.6637,0.66574,10690
2023-11-29 04:00:00,0.66574,0.66597,0.66406,0.66442,9349
2023-11-29 08:00:00,0.66443,0.66446,0.66209,0.66262,13754
2023-11-29 12:00:00,0.66262,0.66305,0.66124,0.66152,14717
2023-11-29 16:00:00,0.66153,0.66357,0.66056,0.6621,19813
2023-11-29 20:00:00,0.6621,0.66339,0.66115,0.66174,6972
2023-11-30 00:00:00,0.66159,0.66284,0.66129,0.66205,6926
2023-11-30 04:00:00,0.66204,0.66485,0.66189,0.66389,8083
2023-11-30 08:00:00,0.6639,0.66504,0.66114,0.66131,12678
2023-11-30 12:00:00,0.6613,0.66208,0.65878,0.65908,14603
2023-11-30 16:00:00,0.6591,0.66345,0.65708,0.66047,25546
2023-11-30 20:00:00,0.66047,0.66134,0.65999,0.66054,8078
2023-12-01 00:00:00,0.66045,0.66278,0.66015,0.66268,6375
2023-12-01 04:00:00,0.66267,0.66294,0.66004,0.66128,9475
2023-12-01 08:00:00,0.66127,0.66351,0.65994,0.66309,11675
2023-12-01 12:00:00,0.66307,0.66314,0.6607,0.6611,11584
2023-12-01 16:00:00,0.66109,0.66729,0.66099,0.66714,26583
2023-12-01 20:00:00,0.66712,0.66756,0.66658,0.66747,8856
2023-12-04 00:00:00,0.6668,0.66902,0.66648,0.66759,12020
2023-12-04 04:00:00,0.6676,0.66796,0.66524,0.66569,8978
2023-12-04 08:00:00,0.66568,0.66634,0.66343,0.66522,13189
2023-12-04 12:00:00,0.66521,0.66565,0.66411,0.66452,11957
2023-12-04 16:00:00,0.66455,0.66459,0.6609,0.66204,21095
2023-12-04 20:00:00,0.66205,0.66212,0.66045,0.66192,6387
2023-12-05 00:00:00,0.66163,0.66215,0.66062,0.66115,8214
2023-12-05 04:00:00,0.66114,0.66136,0.65713,0.65832,10130
2023-12-05 08:00:00,0.65833,0.65852,0.65689,0.65766,13293
2023-12-05 12:00:00,0.65766,0.65794,0.65564,0.65594,12686
2023-12-05 16:00:00,0.65594,0.65793,0.65438,0.65574,24379
2023-12-05 20:00:00,0.65575,0.65595,0.65501,0.6552,6421
2023-12-06 00:00:00,0.65486,0.65888,0.65478,0.65874,7790
2023-12-06 04:00:00,0.65874,0.65971,0.65757,0.65882,8011
2023-12-06 08:00:00,0.65882,0.6596,0.65703,0.65735,12198
2023-12-06 12:00:00,0.65736,0.65872,0.65643,0.65861,11931
2023-12-06 16:00:00,0.6586,0.65912,0.65601,0.65605,16447
2023-12-06 20:00:00,0.65604,0.65663,0.65473,0.65478,5790
2023-12-07 00:00:00,0.65489,0.65584,0.65458,0.65503,6570
2023-12-07 04:00:00,0.65504,0.65526,0.65252,0.65346,9465
2023-12-07 08:00:00,0.65346,0.65717,0.65326,0.6571,13693
2023-12-07 12:00:00,0.65714,0.65904,0.65551,0.65831,14144
2023-12-07 16:00:00,0.65833,0.66198,0.65671,0.66084,22825
2023-12-07 20:00:00,0.66084,0.66098,0.65983,0.66019,8602
2023-12-08 00:00:00,0.65943,0.66095,0.65913,0.6605,9601
2023-12-08 04:00:00,0.66051,0.66194,0.66011,0.66133,9825
2023-12-08 08:00:00,0.66133,0.66165,0.66012,0.66066,13724
2023-12-08 12:00:00,0.66065,0.66141,0.65661,0.65868,16854
2023-12-08 16:00:00,0.65867,0.66012,0.65578,0.65755,27002
2023-12-08 20:00:00,0.65756,0.6582,0.65749,0.6577,6457
2023-12-11 00:00:00,0.65681,0.65829,0.65549,0.65565,9477
2023-12-11 04:00:00,0.65565,0.65627,0.65513,0.65595,6566
2023-12-11 08:00:00,0.65594,0.65674,0.65516,0.65574,12695
2023-12-11 12:00:00,0.65574,0.65667,0.655,0.65619,10186
2023-12-11 16:00:00,0.65621,0.6569,0.65552,0.65571,16894
2023-12-11 20:00:00,0.6557,0.65719,0.65552,0.65675,6773
2023-12-12 00:00:00,0.65621,0.65816,0.65608,0.65763,6368
2023-12-12 04:00:00,0.65762,0.65978,0.65752,0.65963,6717
2023-12-12 08:00:00,0.65965,0.65998,0.65819,0.65919,9870
2023-12-12 12:00:00,0.65918,0.66121,0.6557,0.65592,13713
2023-12-12 16:00:00,0.65592,0.65743,0.65397,0.65497,19006
2023-12-12 20:00:00,0.65499,0.65619,0.65486,0.65593,6053
2023-12-13 00:00:00,0.65586,0.65676,0.6548,0.65644,5796
2023-12-13 04:00:00,0.65643,0.65648,0.65484,0.65577,5990
2023-12-13 08:00:00,0.65576,0.65601,0.65413,0.65548,10536
2023-12-13 12:00:00,0.65547,0.65763,0.65509,0.65752,10141
2023-12-13 16:00:00,0.65753,0.6585,0.65675,0.65761,13351
2023-12-13 20:00:00,0.65762,0.66732,0.6566,0.66612,24045
2023-12-14 00:00:00,0.66573,0.67081,0.66544,0.67048,12137
2023-12-14 04:00:00,0.67048,0.67285,0.66994,0.67173,14223
2023-12-14 08:00:00,0.67176,0.67263,0.66897,0.67103,17770
2023-12-14 12:00:00,0.67102,0.67211,0.66862,0.67058,20673
2023-12-14 16:00:00,0.67056,0.67197,0.66818,0.67119,24602
2023-12-14 20:00:00,0.6712,0.6712,0.66894,0.66984,10738
2023-12-15 00:00:00,0.66972,0.67049,0.6692,0.66977,7258
2023-12-15 04:00:00,0.66974,0.67244,0.66962,0.6697,9129
2023-12-15 08:00:00,0.6697,0.67226,0.6694,0.67211,14200
2023-12-15 12:00:00,0.67212,0.67259,0.66632,0.66714,15128
2023-12-15 16:00:00,0.66713,0.67282,0.66707,0.67094,22072
2023-12-15 20:00:00,0.67092,0.67171,0.66928,0.67017,9508
2023-12-18 00:00:00,0.66964,0.6711,0.66927,0.66994,8507
2023-12-18 04:00:00,0.66995,0.67194,0.66995,0.67126,7674
2023-12-18 08:00:00,0.67126,0.67353,0.67104,0.67293,11950
2023-12-18 12:00:00,0.67293,0.67331,0.67137,0.67265,12016
2023-12-18 16:00:00,0.67266,0.67275,0.66901,0.67027,15794
2023-12-18 20:00:00,0.67027,0.67068,0.66923,0.67058,5868
2023-12-19 00:00:00,0.6706,0.67166,0.67003,0.67115,7085
2023-12-19 04:00:00,0.67115,0.67274,0.67067,0.67173,10911
2023-12-19 08:00:00,0.67172,0.67327,0.67063,0.67312,12834
2023-12-19 12:00:00,0.67312,0.67463,0.67269,0.67426,11457
2023-12-19 16:00:00,0.67427,0.67745,0.67374,0.67613,16141
2023-12-19 20:00:00,0.67612,0.67646,0.67563,0.67623,6327
2023-12-20 00:00:00,0.67638,0.67664,0.67481,0.67645,6942
2023-12-20 04:00:00,0.67644,0.67764,0.67549,0.67692,8785
2023-12-20 08:00:00,0.67691,0.6777,0.67622,0.67663,11578
2023-12-20 12:00:00,0.67663,0.67721,0.6757,0.67704,10184
2023-12-20 16:00:00,0.67705,0.67789,0.67584,0.67663,15101
2023-12-20 20:00:00,0.67664,0.67693,0.6724,0.67299,13254
2023-12-21 00:00:00,0.67306,0.67475,0.67223,0.67468,6439
2023-12-21 04:00:00,0.67466,0.67532,0.67424,0.67518,6499
2023-12-21 08:00:00,0.67519,0.67526,0.67386,0.67489,8937
2023-12-21 12:00:00,0.67488,0.67909,0.674,0.67782,13379
2023-12-21 16:00:00,0.67783,0.67969,0.67691,0.67802,23125
2023-12-21 20:00:00,0.678,0.68035,0.67727,0.68021,10414
2023-12-22 00:00:00,0.67969,0.68018,0.67888,0.67906,7959
2023-12-22 04:00:00,0.67907,0.67912,0.67734,0.6775,9108
2023-12-22 08:00:00,0.67753,0.6798,0.67729,0.6792,10256
2023-12-22 12:00:00,0.6792,0.68155,0.6789,0.68146,13026
2023-12-22 16:00:00,0.68147,0.68248,0.67943,0.68043,17959
2023-12-22 20:00:00,0.68044,0.68073,0.67911,0.67993,7421
2023-12-26 00:00:00,0.68007,0.68095,0.67866,0.68088,3778
2023-12-26 04:00:00,0.68088,0.68168,0.68075,0.6815,3366
2023-12-26 08:00:00,0.68151,0.68175,0.67976,0.67986,3992
2023-12-26 12:00:00,0.67987,0.68185,0.67983,0.68149,5778
2023-12-26 16:00:00,0.6815,0.68198,0.6806,0.68137,9751
2023-12-26 20:00:00,0.68136,0.68268,0.68127,0.6826,6384
2023-12-27 00:00:00,0.68234,0.68294,0.68157,0.6828,5055
2023-12-27 04:00:00,0.6828,0.68405,0.68192,0.68281,6067
2023-12-27 08:00:00,0.68282,0.68378,0.68241,0.68331,8982
2023-12-27 12:00:00,0.68332,0.68435,0.68272,0.68343,7554
2023-12-27 16:00:00,0.6834,0.68511,0.68322,0.68452,12912
2023-12-27 20:00:00,0.68452,0.68517,0.68366,0.68468,8344
2023-12-28 00:00:00,0.68454,0.68703,0.6841,0.68699,5524
2023-12-28 04:00:00,0.68701,0.6871,0.6837,0.68465,7665
2023-12-28 08:00:00,0.68465,0.68536,0.68241,0.68297,10754
2023-12-28 12:00:00,0.68298,0.68473,0.6826,0.68265,10512
2023-12-28 16:00:00,0.68265,0.68649,0.68248,0.6846,14750
2023-12-28 20:00:00,0.68461,0.68463,0.68265,0.68292,7988
2023-12-29 00:00:00,0.68298,0.68445,0.68225,0.68419,6088
2023-12-29 04:00:00,0.68419,0.68464,0.68288,0.68429,5616
2023-12-29 08:00:00,0.6843,0.68458,0.68044,0.68045,7341
2023-12-29 12:00:00,0.68045,0.68061,0.67822,0.67834,9896
2023-12-29 16:00:00,0.67836,0.68387,0.67811,0.68352,16468
2023-12-29 20:00:00,0.68351,0.68352,0.68081,0.68105,7704
2024-01-02 00:00:00,0.6812,0.68226,0.68046,0.68122,7274
2024-01-02 04:00:00,0.68122,0.6839,0.6802,0.68386,8299
2024-01-02 08:00:00,0.68385,0.68386,0.68188,0.68213,13239
2024-01-02 12:00:00,0.68213,0.68241,0.67772,0.67797,14677
2024-01-02 16:00:00,0.67796,0.67909,0.67611,0.67731,21396
2024-01-02 20:00:00,0.6773,0.67735,0.67569,0.67608,7031
2024-01-03 00:00:00,0.67616,0.67705,0.67518,0.67563,7210
2024-01-03 04:00:00,0.67564,0.67706,0.67507,0.67643,8122
2024-01-03 08:00:00,0.67643,0.677,0.67449,0.67491,13749
2024-01-03 12:00:00,0.6749,0.67513,0.67119,0.67148,13844
2024-01-03 16:00:00,0.6715,0.67393,0.67019,0.672,24748
2024-01-03 20:00:00,0.67201,0.67373,0.67067,0.67309,15068
2024-01-04 00:00:00,0.67293,0.67358,0.67202,0.67299,6400
2024-01-04 04:00:00,0.67301,0.67464,0.67207,0.67396,8149
2024-01-04 08:00:00,0.67397,0.67599,0.67394,0.67427,14276
2024-01-04 12:00:00,0.67426,0.67453,0.67086,0.67126,13314
2024-01-04 16:00:00,0.67127,0.67172,0.66963,0.67028,18701
2024-01-04 20:00:00,0.67027,0.67079,0.66982,0.67072,6872
2024-01-05 00:00:00,0.67072,0.67164,0.67,0.67111,6522
2024-01-05 04:00:00,0.67111,0.67183,0.66924,0.67033,7156
2024-01-05 08:00:00,0.67033,0.67091,0.66818,0.66822,12625
2024-01-05 12:00:00,0.66823,0.66893,0.66402,0.66862,15990
2024-01-05 16:00:00,0.66861,0.67478,0.66827,0.67141,29983
2024-01-05 20:00:00,0.6714,0.67265,0.67049,0.67143,9338
2024-01-08 00:00:00,0.6713,0.67344,0.67096,0.6726,5249
2024-01-08 04:00:00,0.6726,0.6726,0.66938,0.66997,7422
2024-01-08 08:00:00,0.66998,0.67149,0.66813,0.66975,13249
2024-01-08 12:00:00,0.66976,0.66995,0.66774,0.66812,12295
2024-01-08 16:00:00,0.66813,0.67215,0.66796,0.67122,17643
2024-01-08 20:00:00,0.67122,0.6723,0.67051,0.67186,6264
2024-01-09 00:00:00,0.67187,0.67311,0.67143,0.67283,6755
2024-01-09 04:00:00,0.67283,0.67343,0.67073,0.67085,7599
2024-01-09 08:00:00,0.67086,0.67135,0.66949,0.67039,11008
2024-01-09 12:00:00,0.6704,0.67054,0.66877,0.66984,11176
2024-01-09 16:00:00,0.66984,0.67012,0.66771,0.66865,16492
2024-01-09 20:00:00,0.66865,0.66922,0.66771,0.66881,8976
2024-01-10 00:00:00,0.66825,0.67001,0.668,0.66984,7140
2024-01-10 04:00:00,0.66984,0.67081,0.66965,0.67038,6940
2024-01-10 08:00:00,0.67038,0.6711,0.66906,0.67084,11349
2024-01-10 12:00:00,0.67085,0.67128,0.6695,0.66981,9170
2024-01-10 16:00:00,0.66982,0.67009,0.66859,0.66963,13721
2024-01-10 20:00:00,0.66962,0.67035,0.66902,0.66998,7593
2024-01-11 00:00:00,0.6692,0.6718,0.6692,0.67173,5886
2024-01-11 04:00:00,0.67175,0.67255,0.67119,0.67186,7258
2024-01-11 08:00:00,0.67186,0.67245,0.67069,0.67109,8606
2024-01-11 12:00:00,0.67109,0.67236,0.66622,0.66646,14552
2024-01-11 16:00:00,0.66647,0.66927,0.6647,0.66555,32884
2024-01-11 20:00:00,0.66556,0.66915,0.66541,0.66881,11568
2024-01-12 00:00:00,0.66847,0.67137,0.66846,0.67118,9078
2024-01-12 04:00:00,0.67118,0.67134,0.66952,0.66959,8236
2024-01-12 08:00:00,0.66959,0.67112,0.66919,0.66994,13635
2024-01-12 12:00:00,0.66994,0.67161,0.66778,0.67042,16958
2024-01-12 16:00:00,0.67043,0.67287,0.6682,0.66862,24082
2024-01-12 20:00:00,0.66863,0.66947,0.66827,0.66859,8248
2024-01-15 00:00:00,0.66818,0.66957,0.66802,0.66946,8174
2024-01-15 04:00:00,0.66947,0.67043,0.66841,0.66843,7021
2024-01-15 08:00:00,0.66845,0.66881,0.66557,0.66573,11189
2024-01-15 12:00:00,0.66572,0.66669,0.66518,0.66565,9629
2024-01-15 16:00:00,0.66566,0.66629,0.66503,0.66598,7327
2024-01-15 20:00:00,0.66597,0.66608,0.66568,0.66594,889
2024-01-16 00:00:00,0.66543,0.66608,0.66188,0.66326,9283
2024-01-16 04:00:00,0.66326,0.6633,0.66098,0.66121,10419
2024-01-16 08:00:00,0.66122,0.66327,0.66007,0.66049,15351
2024-01-16 12:00:00,0.66047,0.66175,0.65953,0.65989,15600
2024-01-16 16:00:00,0.6599,0.66093,0.65814,0.65822,26683
2024-01-16 20:00:00,0.65822,0.65888,0.65759,0.65846,9243
2024-01-17 00:00:00,0.65833,0.65932,0.65792,0.6592,7134
2024-01-17 04:00:00,0.65919,0.65944,0.65551,0.65601,11386
2024-01-17 08:00:00,0.65602,0.65621,0.65348,0.65528,18063
2024-01-17 12:00:00,0.65528,0.65654,0.65391,0.65453,14873
2024-01-17 16:00:00,0.65453,0.65461,0.65249,0.65394,21579
2024-01-17 20:00:00,0.65395,0.65526,0.6532,0.65513,8519
2024-01-18 00:00:00,0.65518,0.6562,0.65252,0.65589,8454
2024-01-18 04:00:00,0.65589,0.65667,0.65483,0.65568,10324
2024-01-18 08:00:00,0.65571,0.65676,0.65487,0.65633,13709
2024-01-18 12:00:00,0.65632,0.65746,0.65438,0.65449,13428
2024-01-18 16:00:00,0.6545,0.65683,0.65448,0.65569,21495
2024-01-18 20:00:00,0.65569,0.65745,0.65529,0.65745,9765
2024-01-19 00:00:00,0.65715,0.6588,0.65652,0.65833,8093
2024-01-19 04:00:00,0.65827,0.6589,0.65683,0.65712,7448
2024-01-19 08:00:00,0.65712,0.65989,0.65652,0.65989,12572
2024-01-19 12:00:00,0.65988,0.66016,0.65879,0.659,11428
2024-01-19 16:00:00,0.65899,0.65933,0.65708,0.65911,20784
2024-01-19 20:00:00,0.65912,0.65991,0.65858,0.65981,7500
2024-01-22 00:00:00,0.65882,0.66136,0.65874,0.66039,8884
2024-01-22 04:00:00,0.66039,0.66061,0.65853,0.65883,9611
2024-01-22 08:00:00,0.65883,0.65947,0.65809,0.65874,14855
2024-01-22 12:00:00,0.65873,0.65978,0.65839,0.65903,11573
2024-01-22 16:00:00,0.65903,0.65962,0.65785,0.65845,16329
2024-01-22 20:00:00,0.65845,0.65845,0.65661,0.65687,8147
2024-01-23 00:00:00,0.65701,0.65929,0.6565,0.65898,6936
2024-01-23 04:00:00,0.65899,0.66086,0.65806,0.66071,14252
2024-01-23 08:00:00,0.66071,0.66123,0.65836,0.65876,14367
2024-01-23 12:00:00,0.65875,0.65997,0.65755,0.65925,10480
2024-01-23 16:00:00,0.65925,0.65925,0.65513,0.65588,17086
2024-01-23 20:00:00,0.65589,0.65809,0.65581,0.65796,7353
2024-01-24 00:00:00,0.65798,0.65865,0.65736,0.65759,7860
2024-01-24 04:00:00,0.65759,0.65763,0.65657,0.65738,8420
2024-01-24 08:00:00,0.65739,0.66093,0.65705,0.6601,13882
2024-01-24 12:00:00,0.66009,0.66191,0.65925,0.66167,12685
2024-01-24 16:00:00,0.66166,0.66208,0.65912,0.66069,23126
2024-01-24 20:00:00,0.66068,0.66077,0.6574,0.65772,13549
2024-01-25 00:00:00,0.6574,0.65803,0.65659,0.65744,7728
2024-01-25 04:00:00,0.65744,0.65809,0.65687,0.65736,9451
2024-01-25 08:00:00,0.65736,0.6588,0.65708,0.65863,11546
2024-01-25 12:00:00,0.65863,0.66068,0.65744,0.66056,15182
2024-01-25 16:00:00,0.66058,0.66095,0.65718,0.65771,24880
2024-01-25 20:00:00,0.65772,0.65868,0.65703,0.65857,11339
2024-01-26 00:00:00,0.65823,0.6591,0.65761,0.65877,5537
2024-01-26 04:00:00,0.65864,0.65966,0.65859,0.65925,7013
2024-01-26 08:00:00,0.65925,0.65925,0.65767,0.65904,12502
2024-01-26 12:00:00,0.65904,0.66094,0.65873,0.6604,13068
2024-01-26 16:00:00,0.66038,0.66064,0.6578,0.65808,18253
2024-01-26 20:00:00,0.65807,0.65846,0.6576,0.65787,6944
2024-01-29 00:00:00,0.65719,0.65949,0.65696,0.65915,7593
2024-01-29 04:00:00,0.65916,0.65948,0.65843,0.65885,7314
2024-01-29 08:00:00,0.65886,0.66039,0.65875,0.66005,11024
2024-01-29 12:00:00,0.66004,0.66059,0.65948,0.65992,10065
2024-01-29 16:00:00,0.65991,0.66004,0.65814,0.65915,13327
2024-01-29 20:00:00,0.65916,0.66156,0.65881,0.66115,9732
2024-01-30 00:00:00,0.66106,0.66245,0.65982,0.66151,7718
2024-01-30 04:00:00,0.6615,0.66185,0.66062,0.66159,7661
2024-01-30 08:00:00,0.66159,0.6617,0.6596,0.66051,12422
2024-01-30 12:00:00,0.6605,0.66055,0.65843,0.65875,9953
2024-01-30 16:00:00,0.65875,0.66031,0.65751,0.65922,19318
2024-01-30 20:00:00,0.65921,0.66059,0.65903,0.66025,8937
2024-01-31 00:00:00,0.66007,0.66027,0.6571,0.65735,9419
2024-01-31 04:00:00,0.65735,0.6575,0.65591,0.65665,9618
2024-01-31 08:00:00,0.65664,0.65907,0.65608,0.65829,13066
2024-01-31 12:00:00,0.65828,0.65987,0.65744,0.65962,14901
2024-01-31 16:00:00,0.65961,0.66224,0.65928,0.65952,25997
2024-01-31 20:00:00,0.65953,0.66182,0.65513,0.65651,31108
2024-02-01 00:00:00,0.65659,0.65781,0.65594,0.65638,9878
2024-02-01 04:00:00,0.65637,0.65789,0.65369,0.65377,11690
2024-02-01 08:00:00,0.65377,0.65433,0.65188,0.65274,14525
2024-02-01 12:00:00,0.65276,0.65305,0.65081,0.65192,15771
2024-02-01 16:00:00,0.65193,0.65717,0.65157,0.65672,28415
2024-02-01 20:00:00,0.65671,0.6575,0.65609,0.65724,13397
2024-02-02 00:00:00,0.65716,0.65892,0.65682,0.65891,7196
2024-02-02 04:00:00,0.65892,0.65995,0.65884,0.65937,9649
2024-02-02 08:00:00,0.65936,0.66041,0.65865,0.66023,12691
2024-02-02 12:00:00,0.66024,0.66102,0.65406,0.65424,14954
2024-02-02 16:00:00,0.65424,0.65438,0.65022,0.65073,27009
2024-02-02 20:00:00,0.65075,0.65195,0.65063,0.65134,9834
2024-02-05 00:00:00,0.65084,0.65138,0.64858,0.6507,12912
2024-02-05 04:00:00,0.65069,0.65163,0.64973,0.65156,11719
2024-02-05 08:00:00,0.65156,0.652,0.64969,0.64997,12810
2024-02-05 12:00:00,0.64997,0.65064,0.64854,0.64881,13198
2024-02-05 16:00:00,0.64882,0.64928,0.64687,0.64858,18595
2024-02-05 20:00:00,0.64858,0.64905,0.64773,0.6483,8152
2024-02-06 00:00:00,0.64813,0.64958,0.6478,0.64951,7472
2024-02-06 04:00:00,0.6495,0.6521,0.64875,0.65103,14292
2024-02-06 08:00:00,0.65103,0.6518,0.64935,0.64944,12149
2024-02-06 12:00:00,0.64943,0.65059,0.64872,0.64919,12654
2024-02-06 16:00:00,0.64919,0.65245,0.64905,0.65218,21007
2024-02-06 20:00:00,0.65219,0.6525,0.65141,0.65226,12362
2024-02-07 00:00:00,0.65217,0.65402,0.65189,0.65389,7312
2024-02-07 04:00:00,0.65388,0.65393,0.65247,0.65297,9931
2024-02-07 08:00:00,0.65296,0.65374,0.65206,0.65292,12345
2024-02-07 12:00:00,0.65293,0.65342,0.65171,0.65255,11252
2024-02-07 16:00:00,0.65255,0.65336,0.6517,0.65192,20258
2024-02-07 20:00:00,0.65192,0.6526,0.65156,0.65206,9375
2024-02-08 00:00:00,0.652,0.65297,0.65183,0.65267,7333
2024-02-08 04:00:00,0.6527,0.6532,0.65171,0.6521,7569
2024-02-08 08:00:00,0.65211,0.65251,0.65054,0.65098,11370
2024-02-08 12:00:00,0.65099,0.65123,0.64817,0.64844,11854
2024-02-08 16:00:00,0.64843,0.64914,0.64806,0.64895,15047
2024-02-08 20:00:00,0.64894,0.64975,0.64862,0.64923,8221
2024-02-09 00:00:00,0.64919,0.64996,0.64873,0.64929,6389
2024-02-09 04:00:00,0.64929,0.64987,0.649,0.64927,6742
2024-02-09 08:00:00,0.64928,0.65129,0.64918,0.65074,10461
2024-02-09 12:00:00,0.65074,0.6534,0.65044,0.65221,14803
2024-02-09 16:00:00,0.65222,0.65306,0.6513,0.65184,16891
2024-02-09 20:00:00,0.65185,0.6527,0.65184,0.65243,6092
2024-02-12 00:00:00,0.65197,0.653,0.651,0.65249,6231
2024-02-12 04:00:00,0.65249,0.65263,0.65151,0.65188,4297
2024-02-12 08:00:00,0.65188,0.65309,0.6512,0.65162,9464
2024-02-12 12:00:00,0.65163,0.65285,0.65147,0.65194,9363
2024-02-12 16:00:00,0.65193,0.65426,0.6519,0.65423,12565
2024-02-12 20:00:00,0.65422,0.6543,0.65253,0.65304,7602
2024-02-13 00:00:00,0.6525,0.65309,0.65233,0.65272,4722
2024-02-13 04:00:00,0.65272,0.65275,0.65134,0.65161,5771
2024-02-13 08:00:00,0.65161,0.65235,0.65094,0.65165,10279
2024-02-13 12:00:00,0.65166,0.65372,0.64639,0.64672,15438
2024-02-13 16:00:00,0.64672,0.64758,0.64529,0.64558,22600
2024-02-13 20:00:00,0.64558,0.64575,0.64424,0.64535,9348
2024-02-14 00:00:00,0.64507,0.64563,0.64462,0.64561,7629
2024-02-14 04:00:00,0.64561,0.64674,0.64527,0.64669,7140
2024-02-14 08:00:00,0.64669,0.64807,0.64666,0.64766,12215
2024-02-14 12:00:00,0.64765,0.64879,0.64717,0.64738,11905
2024-02-14 16:00:00,0.64737,0.64917,0.64722,0.64908,17440
2024-02-14 20:00:00,0.64909,0.64954,0.64872,0.64913,8932
2024-02-15 00:00:00,0.64872,0.65014,0.64775,0.6482,7629
2024-02-15 04:00:00,0.6482,0.64907,0.64777,0.64877,6394
2024-02-15 08:00:00,0.64877,0.65007,0.64864,0.64954,11586
2024-02-15 12:00:00,0.64954,0.65278,0.64949,0.65186,12711
2024-02-15 16:00:00,0.65184,0.65294,0.65042,0.65099,20720
2024-02-15 20:00:00,0.65099,0.65253,0.65088,0.6525,10597
2024-02-16 00:00:00,0.65229,0.65284,0.6507,0.65141,5924
2024-02-16 04:00:00,0.65141,0.65199,0.65093,0.65183,7452
2024-02-16 08:00:00,0.65184,0.65289,0.65167,0.65231,11751
2024-02-16 12:00:00,0.65232,0.65296,0.64963,0.65064,13222
2024-02-16 16:00:00,0.65065,0.65397,0.64977,0.65394,20277
2024-02-16 20:00:00,0.65394,0.65445,0.65305,0.65325,8509
2024-02-19 00:00:00,0.65288,0.65518,0.6524,0.65403,8821
2024-02-19 04:00:00,0.65402,0.65446,0.65361,0.6543,8452
2024-02-19 08:00:00,0.65429,0.65475,0.65392,0.65402,10711
2024-02-19 12:00:00,0.65401,0.65411,0.65359,0.65383,7808
2024-02-19 16:00:00,0.65382,0.65404,0.65333,0.6537,4901
2024-02-19 20:00:00,0.6537,0.65415,0.6537,0.65401,1364
2024-02-20 00:00:00,0.65328,0.65399,0.65246,0.65288,8189
2024-02-20 04:00:00,0.65288,0.65328,0.65212,0.653,8248
2024-02-20 08:00:00,0.65299,0.65544,0.65278,0.65539,11229
2024-02-20 12:00:00,0.65538,0.65749,0.65486,0.65727,15153
2024-02-20 16:00:00,0.65729,0.6579,0.65493,0.65552,18714
2024-02-20 20:00:00,0.65552,0.65557,0.65478,0.65491,9341
2024-02-21 00:00:00,0.65479,0.65569,0.65464,0.65559,7557
2024-02-21 04:00:00,0.65559,0.65731,0.65558,0.65692,9462
2024-02-21 08:00:00,0.65691,0.65697,0.65524,0.65538,12792
2024-02-21 12:00:00,0.65538,0.65597,0.65488,0.65534,12675
2024-02-21 16:00:00,0.65533,0.65577,0.65377,0.65409,15265
2024-02-21 20:00:00,0.65409,0.65531,0.65331,0.6551,12911
2024-02-22 00:00:00,0.65492,0.65609,0.65459,0.65518,6791
2024-02-22 04:00:00,0.65516,0.65637,0.65422,0.65607,8661
2024-02-22 08:00:00,0.65607,0.6595,0.65599,0.65827,14221
2024-02-22 12:00:00,0.65826,0.65876,0.65512,0.65528,13544
2024-02-22 16:00:00,0.65528,0.65613,0.65402,0.65512,18527
2024-02-22 20:00:00,0.65511,0.65576,0.65469,0.65573,9689
2024-02-23 00:00:00,0.65563,0.6574,0.65495,0.6571,8441
2024-02-23 04:00:00,0.65712,0.65743,0.65648,0.65677,7122
2024-02-23 08:00:00,0.65676,0.65797,0.6551,0.65535,11506
2024-02-23 12:00:00,0.65534,0.65805,0.6553,0.6574,13670
2024-02-23 16:00:00,0.6574,0.65753,0.6554,0.6564,16186
2024-02-23 20:00:00,0.65639,0.65683,0.65584,0.65644,5439
2024-02-26 00:00:00,0.65543,0.65669,0.65491,0.65551,7488
2024-02-26 04:00:00,0.65552,0.65587,0.65503,0.65556,6715
2024-02-26 08:00:00,0.65556,0.65586,0.65414,0.65465,10199
2024-02-26 12:00:00,0.65466,0.65586,0.65457,0.65554,10987
2024-02-26 16:00:00,0.65555,0.65563,0.65331,0.65353,12624
2024-02-26 20:00:00,0.65353,0.65424,0.65307,0.65399,7255
2024-02-27 00:00:00,0.65402,0.65408,0.65304,0.65353,6867
2024-02-27 04:00:00,0.65353,0.65473,0.65247,0.65433,9442
2024-02-27 08:00:00,0.65436,0.65577,0.65418,0.6553,11270
2024-02-27 12:00:00,0.65528,0.65574,0.65441,0.65505,13728
2024-02-27 16:00:00,0.65503,0.65516,0.65313,0.65435,14359
2024-02-27 20:00:00,0.65434,0.6551,0.65396,0.65434,7084
2024-02-28 00:00:00,0.65419,0.65493,0.6531,0.6537,7898
2024-02-28 04:00:00,0.65369,0.65383,0.6512,0.65156,9640
2024-02-28 08:00:00,0.65156,0.65172,0.64905,0.64906,11314
2024-02-28 12:00:00,0.64905,0.65035,0.64903,0.64949,12106
2024-02-28 16:00:00,0.64949,0.64993,0.64885,0.64958,14131
2024-02-28 20:00:00,0.64959,0.64996,0.64901,0.64953,9304
2024-02-29 00:00:00,0.64934,0.65075,0.64904,0.65018,8224
2024-02-29 04:00:00,0.65018,0.65218,0.65011,0.65164,11891
2024-02-29 08:00:00,0.65165,0.65193,0.64996,0.65029,12759
2024-02-29 12:00:00,0.65029,0.65154,0.64868,0.65112,13919
2024-02-29 16:00:00,0.6511,0.65309,0.64911,0.64941,17816
2024-02-29 20:00:00,0.6494,0.65012,0.64922,0.64972,5883
2024-03-01 00:00:00,0.64957,0.65075,0.64921,0.65063,6826
2024-03-01 04:00:00,0.65064,0.6514,0.65047,0.6509,6005
2024-03-01 08:00:00,0.65091,0.65142,0.64898,0.65007,10901
2024-03-01 12:00:00,0.65007,0.65095,0.64925,0.64981,13198
2024-03-01 16:00:00,0.6498,0.65339,0.64892,0.65302,19810
2024-03-01 20:00:00,0.65302,0.65327,0.65243,0.65256,8608
2024-03-04 00:00:00,0.65249,0.65352,0.65201,0.65226,8238
2024-03-04 04:00:00,0.65225,0.65288,0.65159,0.65168,7489
2024-03-04 08:00:00,0.65167,0.65273,0.65149,0.65232,11041
2024-03-04 12:00:00,0.65231,0.65245,0.6509,0.65168,12014
2024-03-04 16:00:00,0.65168,0.65231,0.65124,0.65146,12637
2024-03-04 20:00:00,0.65147,0.65156,0.65073,0.65094,5247
2024-03-05 00:00:00,0.65074,0.65113,0.65037,0.65086,6232
2024-03-05 04:00:00,0.65085,0.65093,0.64895,0.64898,6361
2024-03-05 08:00:00,0.64898,0.64927,0.64773,0.64864,8893
2024-03-05 12:00:00,0.64864,0.64979,0.64852,0.64942,9327
2024-03-05 16:00:00,0.64943,0.65209,0.64914,0.65102,18017
2024-03-05 20:00:00,0.65104,0.65131,0.64997,0.65035,11484
2024-03-06 00:00:00,0.65028,0.65072,0.64923,0.64981,8358
2024-03-06 04:00:00,0.64982,0.65198,0.64968,0.65167,8170
2024-03-06 08:00:00,0.65169,0.65249,0.65121,0.65242,12511
2024-03-06 12:00:00,0.6524,0.65418,0.65197,0.65404,13971
2024-03-06 16:00:00,0.65405,0.65811,0.65405,0.65719,19714
2024-03-06 20:00:00,0.65719,0.65781,0.65611,0.65642,12072
2024-03-07 00:00:00,0.65622,0.65757,0.65594,0.65691,7372
2024-03-07 04:00:00,0.65692,0.65882,0.65637,0.65756,9205
2024-03-07 08:00:00,0.65754,0.65973,0.65736,0.65965,12498
2024-03-07 12:00:00,0.65966,0.66176,0.65966,0.66092,13076
2024-03-07 16:00:00,0.66091,0.66242,0.66012,0.66167,17284
2024-03-07 20:00:00,0.6617,0.66225,0.66168,0.66203,8391
2024-03-08 00:00:00,0.66155,0.66295,0.66129,0.66194,6358
2024-03-08 04:00:00,0.66191,0.66336,0.66138,0.66333,6912
2024-03-08 08:00:00,0.66332,0.66451,0.66258,0.6644,11239
2024-03-08 12:00:00,0.6644,0.66672,0.66205,0.66443,14523
2024-03-08 16:00:00,0.66442,0.66531,0.66211,0.66233,23271
2024-03-08 20:00:00,0.66232,0.66264,0.66156,0.66262,10173
2024-03-11 00:00:00,0.6622,0.66265,0.66178,0.66216,5773
2024-03-11 04:00:00,0.66215,0.66267,0.66068,0.66108,9573
2024-03-11 08:00:00,0.66108,0.66199,0.66056,0.66101,11989
2024-03-11 12:00:00,0.66101,0.66207,0.66,0.66004,11057
2024-03-11 16:00:00,0.66005,0.66117,0.65967,0.661,14561
2024-03-11 20:00:00,0.66103,0.66142,0.66034,0.66135,6068
2024-03-12 00:00:00,0.66067,0.66202,0.66058,0.6615,5716
2024-03-12 04:00:00,0.6615,0.66214,0.6609,0.66146,8084
2024-03-12 08:00:00,0.66145,0.66202,0.66083,0.66152,9741
2024-03-12 12:00:00,0.66152,0.66387,0.65856,0.6612,16423
2024-03-12 16:00:00,0.6612,0.66121,0.65842,0.65977,27083
2024-03-12 20:00:00,0.65977,0.66074,0.65914,0.66069,13292
2024-03-13 00:00:00,0.66053,0.66117,0.66009,0.66042,5952
2024-03-13 04:00:00,0.66044,0.66166,0.66001,0.66133,10112
2024-03-13 08:00:00,0.66133,0.66183,0.6607,0.66102,14939
2024-03-13 12:00:00,0.66101,0.66153,0.66034,0.66106,11836
2024-03-13 16:00:00,0.66107,0.6625,0.66103,0.66238,14615
2024-03-13 20:00:00,0.66236,0.66352,0.66201,0.66213,8543
2024-03-14 00:00:00,0.66209,0.66318,0.66166,0.66249,4293
2024-03-14 04:00:00,0.66248,0.66308,0.66094,0.66153,7053
2024-03-14 08:00:00,0.6615,0.66237,0.66121,0.66186,8985
2024-03-14 12:00:00,0.66185,0.66296,0.66084,0.66135,12896
2024-03-14 16:00:00,0.66134,0.66161,0.65694,0.65845,21680
2024-03-14 20:00:00,0.65844,0.65855,0.65737,0.6581,9272
2024-03-15 00:00:00,0.65763,0.65825,0.6566,0.65671,5445
2024-03-15 04:00:00,0.65669,0.65708,0.65572,0.65662,9951
2024-03-15 08:00:00,0.65662,0.65729,0.6552,0.65564,12115
2024-03-15 12:00:00,0.65567,0.65728,0.65559,0.65641,11218
2024-03-15 16:00:00,0.65642,0.65743,0.6558,0.65583,15369
2024-03-15 20:00:00,0.65582,0.65642,0.65554,0.65604,6017
2024-03-18 00:00:00,0.65583,0.65629,0.65547,0.656,3965
2024-03-18 04:00:00,0.656,0.6569,0.65538,0.65657,8372
2024-03-18 08:00:00,0.65659,0.65734,0.65602,0.65717,8186
2024-03-18 12:00:00,0.65716,0.65739,0.65645,0.65685,7704
2024-03-18 16:00:00,0.65683,0.65713,0.65531,0.65538,11342
2024-03-18 20:00:00,0.65539,0.65594,0.65507,0.65592,6058
2024-03-19 00:00:00,0.65541,0.65598,0.65493,0.65504,4141
2024-03-19 04:00:00,0.65503,0.65638,0.65261,0.6528,15967
2024-03-19 08:00:00,0.6528,0.65286,0.65091,0.65155,14198
2024-03-19 12:00:00,0.65154,0.65197,0.65039,0.6518,11605
2024-03-19 16:00:00,0.65181,0.65335,0.65156,0.65318,11475
2024-03-19 20:00:00,0.65319,0.65362,0.65287,0.65314,5866
2024-03-20 00:00:00,0.6532,0.65337,0.65195,0.65313,5468
2024-03-20 04:00:00,0.65314,0.65409,0.65252,0.65252,7728
2024-03-20 08:00:00,0.65255,0.65357,0.65192,0.6523,8204
2024-03-20 12:00:00,0.65229,0.65232,0.65115,0.65199,8791
2024-03-20 16:00:00,0.65199,0.65332,0.65149,0.6533,9353
2024-03-20 20:00:00,0.65329,0.6587,0.65293,0.65864,22525
2024-03-21 00:00:00,0.65853,0.66149,0.6575,0.66124,8715
2024-03-21 04:00:00,0.66125,0.6628,0.66118,0.66234,11695
2024-03-21 08:00:00,0.66234,0.66344,0.66057,0.66061,13572
2024-03-21 12:00:00,0.66064,0.66168,0.65953,0.65998,15482
2024-03-21 16:00:00,0.65998,0.66,0.65609,0.65708,17801
2024-03-21 20:00:00,0.65709,0.65731,0.65664,0.65703,6534
2024-03-22 00:00:00,0.65676,0.65768,0.65668,0.65746,4725
2024-03-22 04:00:00,0.65746,0.65762,0.6522,0.65239,12127
2024-03-22 08:00:00,0.6524,0.65321,0.65101,0.65177,11721
2024-03-22 12:00:00,0.65177,0.65277,0.651,0.65235,11897
2024-03-22 16:00:00,0.65235,0.6531,0.65141,0.65184,13896
2024-03-22 20:00:00,0.65183,0.65203,0.65103,0.65136,5362
2024-03-25 00:00:00,0.65117,0.65208,0.65099,0.65172,5834
2024-03-25 04:00:00,0.65172,0.65437,0.65148,0.65268,14054
2024-03-25 08:00:00,0.65267,0.65304,0.65166,0.65283,10474
2024-03-25 12:00:00,0.65283,0.65364,0.65234,0.65324,9805
2024-03-25 16:00:00,0.65323,0.65469,0.65307,0.65378,11168
2024-03-25 20:00:00,0.65379,0.65404,0.65356,0.65389,4495
2024-03-26 00:00:00,0.65364,0.65439,0.65347,0.65432,3472
2024-03-26 04:00:00,0.65431,0.65546,0.65313,0.65382,9674
2024-03-26 08:00:00,0.65381,0.6547,0.65353,0.65427,9024
2024-03-26 12:00:00,0.65426,0.6559,0.65421,0.65486,9772
2024-03-26 16:00:00,0.65485,0.65524,0.65327,0.65369,11792
2024-03-26 20:00:00,0.6537,0.65403,0.65305,0.65337,5865
2024-03-27 00:00:00,0.6533,0.65388,0.65201,0.65259,4686
2024-03-27 04:00:00,0.65257,0.65305,0.65111,0.6529,10464
2024-03-27 08:00:00,0.65291,0.65326,0.65156,0.65171,9506
2024-03-27 12:00:00,0.65171,0.65318,0.65163,0.65168,13043
2024-03-27 16:00:00,0.65169,0.65322,0.65135,0.65257,12684
2024-03-27 20:00:00,0.65257,0.6535,0.65225,0.65345,5498
2024-03-28 00:00:00,0.65333,0.65347,0.65154,0.65258,6346
2024-03-28 04:00:00,0.65257,0.65408,0.65213,0.6531,9179
2024-03-28 08:00:00,0.65311,0.65323,0.64929,0.64932,9455
2024-03-28 12:00:00,0.64931,0.65074,0.64852,0.65071,10559
2024-03-28 16:00:00,0.65071,0.6528,0.65032,0.65219,13537
2024-03-28 20:00:00,0.65218,0.65241,0.65129,0.65154,7826
2024-03-29 00:00:00,0.65152,0.65247,0.65115,0.65176,2920
2024-03-29 04:00:00,0.65173,0.65184,0.65097,0.65105,2730
2024-03-29 08:00:00,0.65105,0.65147,0.65051,0.65125,1846
2024-03-29 12:00:00,0.65123,0.65328,0.65092,0.65269,1917
2024-03-29 16:00:00,0.65269,0.65314,0.65199,0.65213,4491
2024-03-29 20:00:00,0.65214,0.65223,0.65085,0.65163,2697
2024-04-01 00:00:00,0.65146,0.65387,0.65126,0.65321,6828
2024-04-01 04:00:00,0.65324,0.65351,0.65175,0.65238,7588
2024-04-01 08:00:00,0.65238,0.65278,0.65145,0.65256,6140
2024-04-01 12:00:00,0.65256,0.65268,0.65074,0.65156,5971
2024-04-01 16:00:00,0.65156,0.65191,0.64806,0.64839,12050
2024-04-01 20:00:00,0.64839,0.64891,0.64819,0.64887,3949
2024-04-02 00:00:00,0.64882,0.64929,0.64829,0.64916,7083
2024-04-02 04:00:00,0.64915,0.64985,0.64847,0.64893,8046
2024-04-02 08:00:00,0.64894,0.65086,0.6486,0.65054,9769
2024-04-02 12:00:00,0.65055,0.6511,0.64959,0.64984,8591
2024-04-02 16:00:00,0.64984,0.65237,0.64955,0.65108,13718
2024-04-02 20:00:00,0.65109,0.65181,0.65089,0.65176,5021
2024-04-03 00:00:00,0.65186,0.65215,0.65079,0.65079,5456
2024-04-03 04:00:00,0.65078,0.65251,0.6504,0.65191,9072
2024-04-03 08:00:00,0.65191,0.65209,0.65032,0.6508,9683
2024-04-03 12:00:00,0.65079,0.65205,0.65052,0.65158,10744
2024-04-03 16:00:00,0.65159,0.65677,0.65114,0.65641,20410
2024-04-03 20:00:00,0.65642,0.65696,0.65602,0.65643,6461
2024-04-04 00:00:00,0.65596,0.65782,0.65595,0.65778,5245
2024-04-04 04:00:00,0.6578,0.65874,0.65737,0.6585,6722
2024-04-04 08:00:00,0.6585,0.65987,0.65848,0.65969,8742
2024-04-04 12:00:00,0.65968,0.66164,0.65952,0.66151,9046
2024-04-04 16:00:00,0.66152,0.66188,0.6609,0.66144,9151
2024-04-04 20:00:00,0.66143,0.66162,0.6579,0.65881,13299
2024-04-05 00:00:00,0.65867,0.65922,0.65821,0.65896,7869
2024-04-05 04:00:00,0.65894,0.65912,0.65617,0.65715,10582
2024-04-05 08:00:00,0.65715,0.65857,0.65696,0.65833,9815
2024-04-05 12:00:00,0.65833,0.65919,0.65505,0.6562,13039
2024-04-05 16:00:00,0.65619,0.65864,0.65492,0.65839,20050
2024-04-05 20:00:00,0.65837,0.65857,0.65772,0.65785,7189
2024-04-08 00:00:00,0.65714,0.65756,0.65591,0.6561,7086
2024-04-08 04:00:00,0.65607,0.65887,0.65599,0.65789,12368
2024-04-08 08:00:00,0.65791,0.65878,0.65756,0.65801,12296
2024-04-08 12:00:00,0.658,0.65929,0.65781,0.65922,9551
2024-04-08 16:00:00,0.65923,0.66099,0.65923,0.66005,15001
2024-04-08 20:00:00,0.66005,0.6608,0.65996,0.66039,5714
2024-04-09 00:00:00,0.66024,0.66084,0.65997,0.66047,3883
2024-04-09 04:00:00,0.66048,0.66123,0.65986,0.66084,8833
2024-04-09 08:00:00,0.66085,0.66118,0.65985,0.66113,9944
2024-04-09 12:00:00,0.66113,0.66355,0.66094,0.66317,10295
2024-04-09 16:00:00,0.66317,0.66443,0.66153,0.66188,16512
2024-04-09 20:00:00,0.66185,0.66288,0.66159,0.6628,6336
2024-04-10 00:00:00,0.66271,0.66311,0.66208,0.66268,4294
2024-04-10 04:00:00,0.66268,0.66295,0.66171,0.6621,8294
2024-04-10 08:00:00,0.6621,0.66283,0.66196,0.66263,8988
2024-04-10 12:00:00,0.66262,0.66272,0.65475,0.65552,14026
2024-04-10 16:00:00,0.65553,0.65557,0.64984,0.65068,27784
2024-04-10 20:00:00,0.65068,0.65223,0.64986,0.65117,15702
2024-04-11 00:00:00,0.65144,0.65144,0.65018,0.6508,7574
2024-04-11 04:00:00,0.65079,0.65216,0.65064,0.65184,11958
2024-04-11 08:00:00,0.65185,0.65299,0.6514,0.65213,14291
2024-04-11 12:00:00,0.65212,0.65473,0.65082,0.65448,18319
2024-04-11 16:00:00,0.6545,0.65527,0.65093,0.6524,23939
2024-04-11 20:00:00,0.65241,0.65454,0.65209,0.65367,8180
2024-04-12 00:00:00,0.65338,0.65421,0.6533,0.65386,4582
2024-04-12 04:00:00,0.65386,0.65431,0.65257,0.65263,9413
2024-04-12 08:00:00,0.65264,0.653,0.65086,0.65136,13953
2024-04-12 12:00:00,0.65138,0.65151,0.64749,0.64762,14432
2024-04-12 16:00:00,0.64762,0.64795,0.64611,0.64626,21851
2024-04-12 20:00:00,0.64626,0.64683,0.64557,0.64616,10614
2024-04-15 00:00:00,0.64626,0.64799,0.646,0.64706,7228
2024-04-15 04:00:00,0.64705,0.64883,0.64591,0.64864,15158
2024-04-15 08:00:00,0.64865,0.6493,0.64759,0.64821,17239
2024-04-15 12:00:00,0.64821,0.64879,0.64634,0.64793,16455
2024-04-15 16:00:00,0.64794,0.6487,0.64536,0.64582,22663
2024-04-15 20:00:00,0.64582,0.6461,0.64375,0.64415,11990
2024-04-16 00:00:00,0.64409,0.64445,0.64241,0.64243,8014
2024-04-16 04:00:00,0.64242,0.64276,0.64079,0.64222,14691
2024-04-16 08:00:00,0.64222,0.64288,0.64118,0.64141,17178
2024-04-16 12:00:00,0.64141,0.64265,0.64091,0.64173,15206
2024-04-16 16:00:00,0.64174,0.64179,0.63972,0.64082,22504
2024-04-16 20:00:00,0.64084,0.64195,0.63893,0.64002,19081
2024-04-17 00:00:00,0.64034,0.64187,0.63989,0.64131,6480
2024-04-17 04:00:00,0.64133,0.64236,0.64093,0.64136,10893
2024-04-17 08:00:00,0.64135,0.6432,0.64026,0.64267,14041
2024-04-17 12:00:00,0.64266,0.64295,0.64183,0.64239,11684
2024-04-17 16:00:00,0.64239,0.64374,0.64086,0.6418,20319
2024-04-17 20:00:00,0.6418,0.64461,0.6417,0.64344,13294
2024-04-18 00:00:00,0.64309,0.64418,0.64248,0.64397,5876
2024-04-18 04:00:00,0.64398,0.64564,0.64316,0.64472,12767
2024-04-18 08:00:00,0.64474,0.64554,0.64409,0.64474,13364
2024-04-18 12:00:00,0.64475,0.64486,0.64333,0.64407,13789
2024-04-18 16:00:00,0.64408,0.64459,0.64251,0.64285,21841
2024-04-18 20:00:00,0.64284,0.64289,0.64163,0.64201,12112
2024-04-19 00:00:00,0.64195,0.64254,0.64052,0.64064,7094
2024-04-19 04:00:00,0.64065,0.64094,0.63622,0.64,30546
2024-04-19 08:00:00,0.64001,0.6425,0.63936,0.64153,18762
2024-04-19 12:00:00,0.64153,0.64267,0.64056,0.6421,14208
2024-04-19 16:00:00,0.64209,0.64328,0.64077,0.64214,22441
2024-04-19 20:00:00,0.64213,0.6426,0.6413,0.64179,11205
2024-04-22 00:00:00,0.6409,0.64433,0.64084,0.64324,7476
2024-04-22 04:00:00,0.64323,0.6455,0.64318,0.64346,10940
2024-04-22 08:00:00,0.64347,0.64372,0.64259,0.64354,11997
2024-04-22 12:00:00,0.64354,0.64439,0.64325,0.64375,12717
2024-04-22 16:00:00,0.64374,0.64444,0.64243,0.64417,14165
2024-04-22 20:00:00,0.64417,0.64537,0.64416,0.64491,6452
2024-04-23 00:00:00,0.64455,0.64597,0.64451,0.64594,4156
2024-04-23 04:00:00,0.64593,0.64653,0.64501,0.64586,10790
2024-04-23 08:00:00,0.64586,0.64616,0.64441,0.64442,12665
2024-04-23 12:00:00,0.64442,0.64571,0.64409,0.64556,10977
2024-04-23 16:00:00,0.64557,0.64899,0.64504,0.64842,19067
2024-04-23 20:00:00,0.64843,0.64899,0.64831,0.64869,7114
2024-04-24 00:00:00,0.64772,0.64955,0.64766,0.64944,5216
2024-04-24 04:00:00,0.64945,0.65294,0.6493,0.65176,11701
2024-04-24 08:00:00,0.65177,0.65206,0.65013,0.65047,10849
2024-04-24 12:00:00,0.65048,0.65094,0.64959,0.64992,10884
2024-04-24 16:00:00,0.64993,0.65062,0.6483,0.64924,16793
2024-04-24 20:00:00,0.64922,0.65036,0.64902,0.64974,8088
2024-04-25 00:00:00,0.64938,0.6503,0.64888,0.65,5069
2024-04-25 04:00:00,0.65001,0.65102,0.64912,0.65064,7408
2024-04-25 08:00:00,0.65065,0.65299,0.65048,0.65288,10393
2024-04-25 12:00:00,0.65288,0.65385,0.64917,0.64976,13498
2024-04-25 16:00:00,0.64977,0.65142,0.6485,0.65125,23238
2024-04-25 20:00:00,0.65126,0.65218,0.65099,0.65186,9896
2024-04-26 00:00:00,0.65169,0.65267,0.65158,0.65251,5051
2024-04-26 04:00:00,0.6525,0.6532,0.65179,0.65273,10438
2024-04-26 08:00:00,0.65274,0.65539,0.65265,0.65481,14492
2024-04-26 12:00:00,0.6548,0.65538,0.65308,0.65437,14537
2024-04-26 16:00:00,0.65437,0.65492,0.65169,0.65308,18793
2024-04-26 20:00:00,0.65307,0.65402,0.65293,0.65328,4393
2024-04-29 00:00:00,0.6525,0.65513,0.65232,0.65503,3857
2024-04-29 04:00:00,0.65503,0.65866,0.65457,0.65757,14176
2024-04-29 08:00:00,0.65757,0.65803,0.65493,0.65566,18046
2024-04-29 12:00:00,0.65568,0.657,0.65536,0.65558,10191
2024-04-29 16:00:00,0.65559,0.65721,0.65461,0.65688,13846
2024-04-29 20:00:00,0.65688,0.65737,0.65591,0.65658,7633
2024-04-30 00:00:00,0.65648,0.65678,0.65539,0.65602,4295
2024-04-30 04:00:00,0.65604,0.65643,0.65301,0.65331,8762
2024-04-30 08:00:00,0.65332,0.65332,0.65139,0.65273,9534
2024-04-30 12:00:00,0.65276,0.65364,0.64976,0.64995,13953
2024-04-30 16:00:00,0.64996,0.651,0.64817,0.6487,21976
2024-04-30 20:00:00,0.64871,0.64922,0.64726,0.64743,8935
2024-05-01 00:00:00,0.6473,0.64784,0.64657,0.6466,5510
2024-05-01 04:00:00,0.64659,0.64732,0.64651,0.64713,6861
2024-05-01 08:00:00,0.64711,0.64814,0.64699,0.648,7188
2024-05-01 12:00:00,0.64801,0.64925,0.64779,0.6485,9788
2024-05-01 16:00:00,0.64849,0.64976,0.64828,0.6489,16562
2024-05-01 20:00:00,0.64891,0.65399,0.64829,0.65238,28754
2024-05-02 00:00:00,0.65219,0.65329,0.65137,0.65221,8591
2024-05-02 04:00:00,0.65221,0.65387,0.65154,0.65346,11540
2024-05-02 08:00:00,0.65346,0.65487,0.65322,0.65369,15860
2024-05-02 12:00:00,0.6537,0.6543,0.65199,0.65291,14965
2024-05-02 16:00:00,0.65295,0.65596,0.65168,0.65568,23002
2024-05-02 20:00:00,0.65568,0.65731,0.65544,0.65655,10229
2024-05-03 00:00:00,0.65623,0.65792,0.65612,0.65785,6174
2024-05-03 04:00:00,0.65786,0.65853,0.65705,0.65733,9440
2024-05-03 08:00:00,0.65733,0.65836,0.65678,0.65821,12167
2024-05-03 12:00:00,0.6582,0.6647,0.65773,0.66372,15827
2024-05-03 16:00:00,0.66368,0.66475,0.66002,0.66111,31449
2024-05-03 20:00:00,0.66111,0.66153,0.66054,0.661,6779
2024-05-06 00:00:00,0.66159,0.66179,0.66015,0.66163,4742
2024-05-06 04:00:00,0.66164,0.66241,0.66103,0.66142,9177
2024-05-06 08:00:00,0.66141,0.66299,0.66095,0.66274,9029
2024-05-06 12:00:00,0.66275,0.66383,0.66232,0.66339,7902
2024-05-06 16:00:00,0.6634,0.66366,0.66193,0.66265,10577
2024-05-06 20:00:00,0.66264,0.66293,0.66197,0.66257,4882
2024-05-07 00:00:00,0.66191,0.66436,0.66188,0.66391,5331
2024-05-07 04:00:00,0.66386,0.66429,0.6597,0.66076,11658
2024-05-07 08:00:00,0.66078,0.66134,0.65863,0.65997,11784
2024-05-07 12:00:00,0.65996,0.66192,0.65922,0.66186,9597
2024-05-07 16:00:00,0.66187,0.66238,0.66001,0.66013,12835
2024-05-07 20:00:00,0.66013,0.66026,0.65881,0.65981,6615
2024-05-08 00:00:00,0.65973,0.65988,0.6581,0.65818,4811
2024-05-08 04:00:00,0.6582,0.65825,0.65689,0.6577,9332
2024-05-08 08:00:00,0.6577,0.65817,0.65643,0.65651,9242
2024-05-08 12:00:00,0.65652,0.65735,0.65578,0.65619,8627
2024-05-08 16:00:00,0.6562,0.65851,0.65617,0.65767,11023
2024-05-08 20:00:00,0.65769,0.65795,0.65747,0.65792,3824
2024-05-09 00:00:00,0.65777,0.65818,0.65693,0.65705,3937
2024-05-09 04:00:00,0.65705,0.65863,0.65694,0.65788,9053
2024-05-09 08:00:00,0.65789,0.65808,0.65651,0.65759,8708
2024-05-09 12:00:00,0.6576,0.66076,0.65732,0.66026,11400
2024-05-09 16:00:00,0.66026,0.66124,0.65897,0.66089,14300
2024-05-09 20:00:00,0.66088,0.66211,0.66072,0.66195,5458
2024-05-10 00:00:00,0.66174,0.66229,0.66105,0.66116,4422
2024-05-10 04:00:00,0.66116,0.6618,0.65989,0.66066,8504
2024-05-10 08:00:00,0.66066,0.66169,0.66063,0.66085,10209
2024-05-10 12:00:00,0.66086,0.66131,0.66038,0.66091,9546
2024-05-10 16:00:00,0.6609,0.66226,0.65959,0.66067,14919
2024-05-10 20:00:00,0.66066,0.66093,0.66021,0.66032,4025
2024-05-13 00:00:00,0.65978,0.66067,0.6594,0.65952,3764
2024-05-13 04:00:00,0.65951,0.66003,0.65856,0.65947,7815
2024-05-13 08:00:00,0.65947,0.66098,0.65936,0.6608,7936
2024-05-13 12:00:00,0.66079,0.66247,0.66063,0.66224,8153
2024-05-13 16:00:00,0.66224,0.66288,0.66049,0.66076,12462
2024-05-13 20:00:00,0.66077,0.66101,0.66016,0.66075,4967
2024-05-14 00:00:00,0.66049,0.66122,0.66025,0.6605,4362
2024-05-14 04:00:00,0.66049,0.66088,0.65981,0.65997,7934
2024-05-14 08:00:00,0.65997,0.66087,0.65979,0.66032,8583
2024-05-14 12:00:00,0.66033,0.66224,0.65791,0.66176,12247
2024-05-14 16:00:00,0.66177,0.66278,0.66125,0.66205,15849
2024-05-14 20:00:00,0.66206,0.66275,0.66165,0.66268,4169
2024-05-15 00:00:00,0.66228,0.66307,0.66208,0.66263,3719
2024-05-15 04:00:00,0.66264,0.6651,0.66212,0.66417,6444
2024-05-15 08:00:00,0.66416,0.66482,0.66387,0.66457,7895
2024-05-15 12:00:00,0.66457,0.66789,0.66335,0.66616,12696
2024-05-15 16:00:00,0.66615,0.66872,0.66282,0.66863,19514
2024-05-15 20:00:00,0.66867,0.66949,0.66846,0.6693,6235
2024-05-16 00:00:00,0.66908,0.67142,0.66901,0.67121,5929
2024-05-16 04:00:00,0.67122,0.67122,0.66771,0.66865,11106
2024-05-16 08:00:00,0.66867,0.66898,0.66742,0.668,9595
2024-05-16 12:00:00,0.66799,0.66822,0.66648,0.66666,10190
2024-05-16 16:00:00,0.66665,0.66824,0.66541,0.66782,12033
2024-05-16 20:00:00,0.66783,0.66831,0.6674,0.6678,5133
2024-05-17 00:00:00,0.66748,0.66834,0.66721,0.66731,4137
2024-05-17 04:00:00,0.66732,0.66763,0.66584,0.66625,6929
2024-05-17 08:00:00,0.66624,0.66769,0.66506,0.66545,8272
2024-05-17 12:00:00,0.66546,0.66629,0.66487,0.66622,5543
2024-05-17 16:00:00,0.66622,0.66924,0.66622,0.66857,12209
2024-05-17 20:00:00,0.66856,0.6701,0.66853,0.66947,5828
2024-05-20 00:00:00,0.66919,0.67047,0.66882,0.67,5218
2024-05-20 04:00:00,0.67,0.67092,0.66944,0.67064,8161
2024-05-20 08:00:00,0.67065,0.67084,0.66895,0.66927,7988
2024-05-20 12:00:00,0.66925,0.66965,0.66617,0.66653,8205
2024-05-20 16:00:00,0.66653,0.66817,0.6665,0.66747,13114
2024-05-20 20:00:00,0.66747,0.66794,0.66665,0.66667,5764
2024-05-21 00:00:00,0.66677,0.66748,0.66649,0.66711,3210
2024-05-21 04:00:00,0.66711,0.66751,0.66463,0.66571,9785
2024-05-21 08:00:00,0.66571,0.66693,0.66525,0.66653,8089
2024-05-21 12:00:00,0.66652,0.66789,0.66645,0.6671,8134
2024-05-21 16:00:00,0.6671,0.66786,0.66571,0.66641,17379
2024-05-21 20:00:00,0.66641,0.66679,0.66599,0.66643,5290
2024-05-22 00:00:00,0.66636,0.66718,0.66635,0.66682,3657
2024-05-22 04:00:00,0.66681,0.66852,0.66628,0.66677,9089
2024-05-22 08:00:00,0.66678,0.66745,0.6653,0.66609,9577
2024-05-22 12:00:00,0.66612,0.66668,0.6644,0.66453,9831
2024-05-22 16:00:00,0.66452,0.66562,0.66326,0.66395,14568
2024-05-22 20:00:00,0.66394,0.66427,0.66077,0.66194,12137
2024-05-23 00:00:00,0.6611,0.66246,0.6611,0.66177,5133
2024-05-23 04:00:00,0.66178,0.66331,0.66146,0.66272,8979
2024-05-23 08:00:00,0.66271,0.66304,0.66173,0.66278,9904
2024-05-23 12:00:00,0.66278,0.66457,0.66263,0.66413,9593
2024-05-23 16:00:00,0.66411,0.6653,0.66193,0.66204,21848
2024-05-23 20:00:00,0.66204,0.66204,0.65974,0.66055,11206
2024-05-24 00:00:00,0.6604,0.66068,0.65947,0.66014,4850
2024-05-24 04:00:00,0.66013,0.66048,0.6592,0.66013,7774
2024-05-24 08:00:00,0.66014,0.66135,0.65942,0.66116,9133
2024-05-24 12:00:00,0.66115,0.66202,0.66073,0.66162,8955
2024-05-24 16:00:00,0.66163,0.66363,0.66128,0.66289,14763
2024-05-24 20:00:00,0.66289,0.66361,0.66263,0.66277,5996
2024-05-27 00:00:00,0.66229,0.66345,0.66221,0.66293,3416
2024-05-27 04:00:00,0.66292,0.66378,0.66271,0.66358,5555
2024-05-27 08:00:00,0.66357,0.66428,0.66316,0.66413,6021
2024-05-27 12:00:00,0.66414,0.66503,0.66409,0.66496,5801
2024-05-27 16:00:00,0.66496,0.66598,0.66492,0.6655,8797
2024-05-27 20:00:00,0.66549,0.66584,0.66546,0.66549,2001
2024-05-28 00:00:00,0.66529,0.66605,0.66529,0.66544,3997
2024-05-28 04:00:00,0.66543,0.66739,0.66541,0.66687,8126
2024-05-28 08:00:00,0.66687,0.66705,0.66552,0.66591,9028
2024-05-28 12:00:00,0.66592,0.66719,0.66562,0.66696,8574
2024-05-28 16:00:00,0.66697,0.66797,0.66515,0.6659,15921
2024-05-28 20:00:00,0.6659,0.66602,0.66425,0.66487,10082
2024-05-29 00:00:00,0.66488,0.66516,0.66385,0.66417,5038
2024-05-29 04:00:00,0.66417,0.66659,0.66402,0.66499,9871
2024-05-29 08:00:00,0.66498,0.66617,0.66421,0.66505,12015
2024-05-29 12:00:00,0.66506,0.66519,0.66265,0.66303,11029
2024-05-29 16:00:00,0.66304,0.66315,0.6612,0.66188,17859
2024-05-29 20:00:00,0.66187,0.66228,0.66095,0.661,7698
2024-05-30 00:00:00,0.66111,0.66144,0.66059,0.66106,5207
2024-05-30 04:00:00,0.66106,0.66203,0.66001,0.6607,10333
2024-05-30 08:00:00,0.66069,0.66166,0.65907,0.66143,13322
2024-05-30 12:00:00,0.66142,0.66359,0.66076,0.6633,12611
2024-05-30 16:00:00,0.66331,0.66476,0.6628,0.66442,17434
2024-05-30 20:00:00,0.66443,0.66457,0.66267,0.66324,7043
2024-05-31 00:00:00,0.6632,0.66382,0.66278,0.66367,5265
2024-05-31 04:00:00,0.66367,0.66398,0.66267,0.66334,10846
2024-05-31 08:00:00,0.66334,0.66437,0.66283,0.66394,10628
2024-05-31 12:00:00,0.66395,0.66677,0.66365,0.66655,13014
2024-05-31 16:00:00,0.66654,0.66728,0.66329,0.66405,21626
2024-05-31 20:00:00,0.66404,0.6655,0.66397,0.66533,8525
2024-06-03 00:00:00,0.66503,0.66636,0.66474,0.66616,5113
2024-06-03 04:00:00,0.66616,0.66649,0.66445,0.66477,7746
2024-06-03 08:00:00,0.66477,0.66485,0.66325,0.66424,11663
2024-06-03 12:00:00,0.66424,0.66667,0.66349,0.66635,11830
2024-06-03 16:00:00,0.66636,0.6695,0.66602,0.66722,21224
2024-06-03 20:00:00,0.66722,0.66895,0.66635,0.66893,9746
2024-06-04 00:00:00,0.66824,0.66986,0.66786,0.66881,5444
2024-06-04 04:00:00,0.66881,0.6689,0.66753,0.66816,9186
2024-06-04 08:00:00,0.66815,0.66829,0.66464,0.66506,14159
2024-06-04 12:00:00,0.66505,0.66516,0.66309,0.6644,15896
2024-06-04 16:00:00,0.6644,0.6653,0.66344,0.66438,22019
2024-06-04 20:00:00,0.66438,0.66539,0.66405,0.66493,10491
2024-06-05 00:00:00,0.66429,0.66556,0.6642,0.66501,5187
2024-06-05 04:00:00,0.66502,0.66645,0.66441,0.66607,8793
2024-06-05 08:00:00,0.66606,0.66624,0.66508,0.66516,10932
2024-06-05 12:00:00,0.66517,0.66517,0.66396,0.66493,11041
2024-06-05 16:00:00,0.66491,0.66547,0.66261,0.66422,21151
2024-06-05 20:00:00,0.66425,0.66535,0.66389,0.66473,5505
2024-06-06 00:00:00,0.66471,0.66673,0.66471,0.66658,4260
2024-06-06 04:00:00,0.66657,0.66834,0.666,0.66617,9548
2024-06-06 08:00:00,0.66616,0.66628,0.6644,0.66504,9493
2024-06-06 12:00:00,0.66504,0.66544,0.66356,0.66389,11269
2024-06-06 16:00:00,0.66388,0.6663,0.66335,0.66613,16918
2024-06-06 20:00:00,0.66613,0.66729,0.66606,0.66662,8038
2024-06-07 00:00:00,0.66648,0.66703,0.66631,0.66659,4565
2024-06-07 04:00:00,0.66661,0.66779,0.66625,0.6675,7956
2024-06-07 08:00:00,0.66751,0.66812,0.66618,0.66661,11232
2024-06-07 12:00:00,0.66661,0.66702,0.6606,0.66073,16635
2024-06-07 16:00:00,0.66073,0.6614,0.65802,0.65894,23114
2024-06-07 20:00:00,0.65895,0.65899,0.65789,0.65817,10265
2024-06-10 00:00:00,0.65783,0.65847,0.65753,0.6579,5466
2024-06-10 04:00:00,0.6579,0.65928,0.65759,0.65903,7233
2024-06-10 08:00:00,0.65904,0.65977,0.65846,0.65856,12086
2024-06-10 12:00:00,0.65856,0.66013,0.65834,0.65912,11138
2024-06-10 16:00:00,0.65913,0.66105,0.65855,0.66051,13788
2024-06-10 20:00:00,0.66051,0.66109,0.66014,0.66101,6036
2024-06-11 00:00:00,0.66101,0.66123,0.66011,0.6602,4533
2024-06-11 04:00:00,0.66019,0.66035,0.65909,0.65975,8476
2024-06-11 08:00:00,0.65973,0.66084,0.65969,0.65999,9354
2024-06-11 12:00:00,0.66,0.66046,0.65884,0.66038,12731
2024-06-11 16:00:00,0.66038,0.66097,0.65892,0.66012,15810
2024-06-11 20:00:00,0.66011,0.66134,0.65991,0.66056,8036
2024-06-12 00:00:00,0.66052,0.66092,0.65969,0.65994,3640
2024-06-12 04:00:00,0.65994,0.66176,0.65986,0.66129,7666
2024-06-12 08:00:00,0.66128,0.66218,0.66074,0.66124,8659
2024-06-12 12:00:00,0.66125,0.6691,0.66076,0.66878,8574
2024-06-12 16:00:00,0.66877,0.67039,0.668,0.67007,13168
2024-06-12 20:00:00,0.67007,0.67017,0.66551,0.66616,14964
2024-06-13 00:00:00,0.66629,0.66666,0.66559,0.66573,3239
2024-06-13 04:00:00,0.66572,0.66669,0.66462,0.66473,6221
2024-06-13 08:00:00,0.66473,0.66548,0.66391,0.66526,6452
2024-06-13 12:00:00,0.66525,0.66749,0.66401,0.66581,8017
2024-06-13 16:00:00,0.66582,0.66619,0.66257,0.66296,13529
2024-06-13 20:00:00,0.66297,0.66393,0.66296,0.66355,5641
2024-06-14 00:00:00,0.66306,0.66363,0.66203,0.66215,3442
2024-06-14 04:00:00,0.66216,0.66412,0.66216,0.66257,6676
2024-06-14 08:00:00,0.66259,0.6633,0.66093,0.66126,9894
2024-06-14 12:00:00,0.66127,0.66217,0.6601,0.66082,11543
2024-06-14 16:00:00,0.66086,0.66196,0.65911,0.66166,12135
2024-06-14 20:00:00,0.66166,0.66196,0.66046,0.66146,4517
2024-06-17 00:00:00,0.66036,0.66178,0.66034,0.6609,3234
2024-06-17 04:00:00,0.6609,0.6609,0.65988,0.66032,5349
2024-06-17 08:00:00,0.66031,0.66086,0.65908,0.66055,7747
2024-06-17 12:00:00,0.66055,0.6608,0.6585,0.65907,6586
2024-06-17 16:00:00,0.65912,0.66077,0.65884,0.66061,8161
2024-06-17 20:00:00,0.6606,0.66164,0.66059,0.66123,4355
2024-06-18 00:00:00,0.66046,0.6621,0.66046,0.6616,2867
2024-06-18 04:00:00,0.6616,0.66182,0.65999,0.66081,6232
2024-06-18 08:00:00,0.6608,0.66324,0.6607,0.66157,8551
2024-06-18 12:00:00,0.66158,0.66298,0.6609,0.6626,8141
2024-06-18 16:00:00,0.66262,0.66568,0.6625,0.66538,10689
2024-06-18 20:00:00,0.66536,0.66575,0.66487,0.66554,5148
2024-06-19 00:00:00,0.66536,0.66629,0.66536,0.66615,2194
2024-06-19 04:00:00,0.66616,0.66692,0.66594,0.66622,4439
2024-06-19 08:00:00,0.6662,0.66751,0.66615,0.66709,5890
2024-06-19 12:00:00,0.66709,0.66757,0.66649,0.66704,4688
2024-06-19 16:00:00,0.66707,0.66773,0.66672,0.66714,3949
2024-06-19 20:00:00,0.66712,0.6672,0.66689,0.66718,696
2024-06-20 00:00:00,0.66702,0.66761,0.6669,0.66723,2685
2024-06-20 04:00:00,0.66725,0.66773,0.66669,0.6671,5342
2024-06-20 08:00:00,0.6671,0.66792,0.66612,0.66673,6853
2024-06-20 12:00:00,0.66673,0.66777,0.66619,0.6664,7386
2024-06-20 16:00:00,0.66638,0.66739,0.66475,0.66535,10582
2024-06-20 20:00:00,0.66534,0.66651,0.6648,0.66553,6744
2024-06-21 00:00:00,0.66542,0.6663,0.66533,0.66552,2740
2024-06-21 04:00:00,0.66553,0.6668,0.66542,0.66672,4834
2024-06-21 08:00:00,0.66672,0.66695,0.66467,0.66532,7449
2024-06-21 12:00:00,0.66532,0.66697,0.66456,0.66608,6693
2024-06-21 16:00:00,0.66607,0.66619,0.66315,0.66415,11403
2024-06-21 20:00:00,0.66414,0.66456,0.66373,0.66413,4316
2024-06-24 00:00:00,0.66353,0.66416,0.66328,0.66382,3241
2024-06-24 04:00:00,0.66382,0.66394,0.6626,0.66377,6257
2024-06-24 08:00:00,0.66378,0.66565,0.66376,0.66527,6201
2024-06-24 12:00:00,0.66525,0.66555,0.66376,0.66456,7302
2024-06-24 16:00:00,0.66456,0.66675,0.66456,0.66546,11241
2024-06-24 20:00:00,0.66543,0.66617,0.66486,0.66562,5308
2024-06-25 00:00:00,0.66505,0.66575,0.66492,0.66533,3607
2024-06-25 04:00:00,0.66535,0.66647,0.6651,0.66611,7419
2024-06-25 08:00:00,0.66611,0.66726,0.66605,0.66633,7790
2024-06-25 12:00:00,0.6663,0.66637,0.66432,0.66466,8311
2024-06-25 16:00:00,0.66465,0.66501,0.66349,0.66382,11507
2024-06-25 20:00:00,0.66383,0.66504,0.66363,0.66461,4586
2024-06-26 00:00:00,0.66398,0.66495,0.66358,0.66426,3686
2024-06-26 04:00:00,0.66425,0.66809,0.6642,0.66779,9666
2024-06-26 08:00:00,0.66779,0.66885,0.66743,0.66753,8726
2024-06-26 12:00:00,0.66753,0.66806,0.66519,0.66555,9207
2024-06-26 16:00:00,0.66554,0.66599,0.66401,0.66492,13273
2024-06-26 20:00:00,0.6649,0.66573,0.66453,0.66477,5970
2024-06-27 00:00:00,0.66444,0.66499,0.66397,0.66436,4694
2024-06-27 04:00:00,0.66435,0.66649,0.66433,0.66648,7186
2024-06-27 08:00:00,0.6665,0.66724,0.66585,0.66658,10051
2024-06-27 12:00:00,0.66658,0.66701,0.66482,0.66656,12960
2024-06-27 16:00:00,0.66655,0.66674,0.66429,0.66491,15749
2024-06-27 20:00:00,0.66491,0.66523,0.66427,0.66477,7290
2024-06-28 00:00:00,0.6645,0.66512,0.66395,0.66398,4157
2024-06-28 04:00:00,0.66399,0.66402,0.66197,0.66226,13023
2024-06-28 08:00:00,0.66227,0.66432,0.66205,0.6642,9971
2024-06-28 12:00:00,0.66421,0.66718,0.66396,0.66678,14399
2024-06-28 16:00:00,0.66678,0.66843,0.66597,0.66739,22308
2024-06-28 20:00:00,0.66738,0.66827,0.66631,0.66693,8692
2024-07-01 00:00:00,0.66793,0.66798,0.66647,0.66706,6684
2024-07-01 04:00:00,0.66705,0.66747,0.66643,0.66659,9518
2024-07-01 08:00:00,0.66658,0.66867,0.66638,0.66846,11970
2024-07-01 12:00:00,0.66846,0.66846,0.6656,0.66635,10710
2024-07-01 16:00:00,0.66634,0.66882,0.66439,0.66533,19299
2024-07-01 20:00:00,0.66532,0.66594,0.66482,0.66592,6061
2024-07-02 00:00:00,0.66508,0.66603,0.66476,0.66492,4263
2024-07-02 04:00:00,0.66492,0.66519,0.6634,0.66429,9498
2024-07-02 08:00:00,0.66429,0.66518,0.66383,0.66508,12215
2024-07-02 12:00:00,0.66507,0.66603,0.66454,0.6655,9623
2024-07-02 16:00:00,0.66547,0.66706,0.66501,0.66571,19826
2024-07-02 20:00:00,0.66572,0.66705,0.66564,0.66675,5937
2024-07-03 00:00:00,0.66648,0.66744,0.6664,0.66694,4006
2024-07-03 04:00:00,0.66693,0.66808,0.66651,0.66753,8012
2024-07-03 08:00:00,0.66753,0.66841,0.66688,0.66751,9756
2024-07-03 12:00:00,0.66751,0.66832,0.66693,0.66782,10241
2024-07-03 16:00:00,0.66782,0.67336,0.66778,0.67142,19648
2024-07-03 20:00:00,0.67143,0.67143,0.66999,0.67056,4561
2024-07-04 00:00:00,0.67027,0.67181,0.67018,0.67167,4271
2024-07-04 04:00:00,0.67168,0.67214,0.67107,0.67132,8199
2024-07-04 08:00:00,0.67131,0.6726,0.6711,0.67215,8683
2024-07-04 12:00:00,0.67216,0.67316,0.67184,0.67267,6819
2024-07-04 16:00:00,0.67269,0.67316,0.67237,0.67281,5967
2024-07-04 20:00:00,0.67282,0.67289,0.67257,0.67258,731
2024-07-05 00:00:00,0.6725,0.67358,0.67239,0.67324,4813
2024-07-05 04:00:00,0.67324,0.67388,0.6731,0.67337,9203
2024-07-05 08:00:00,0.67337,0.67365,0.67271,0.67353,8848
2024-07-05 12:00:00,0.67354,0.67524,0.67094,0.67358,12560
2024-07-05 16:00:00,0.67358,0.67474,0.67184,0.674,22370
2024-07-05 20:00:00,0.67399,0.67529,0.67382,0.67488,6639
2024-07-08 00:00:00,0.67349,0.67493,0.67349,0.67399,6632
2024-07-08 04:00:00,0.67398,0.67609,0.6738,0.67528,10117
2024-07-08 08:00:00,0.67529,0.6753,0.6736,0.67365,10474
2024-07-08 12:00:00,0.67364,0.67497,0.67349,0.67487,8919
2024-07-08 16:00:00,0.67487,0.67513,0.67362,0.67412,12923
2024-07-08 20:00:00,0.67412,0.67441,0.67316,0.67365,5220
2024-07-09 00:00:00,0.67351,0.67475,0.67349,0.67372,4429
2024-07-09 04:00:00,0.67371,0.67442,0.67277,0.67417,8990
2024-07-09 08:00:00,0.67416,0.67475,0.67352,0.67359,9409
2024-07-09 12:00:00,0.67359,0.67435,0.67288,0.67323,8945
2024-07-09 16:00:00,0.67324,0.67455,0.67237,0.67373,18036
2024-07-09 20:00:00,0.67374,0.67436,0.67365,0.67407,6058
2024-07-10 00:00:00,0.67376,0.67445,0.67342,0.67351,4411
2024-07-10 04:00:00,0.67351,0.67461,0.67318,0.67452,9883
2024-07-10 08:00:00,0.67451,0.67504,0.67332,0.67396,10068
2024-07-10 12:00:00,0.67397,0.67462,0.67349,0.67446,8330
2024-07-10 16:00:00,0.67445,0.6752,0.67416,0.67463,12602
2024-07-10 20:00:00,0.67467,0.67485,0.67383,0.67461,6252
2024-07-11 00:00:00,0.67463,0.67547,0.67424,0.67507,4059
2024-07-11 04:00:00,0.67507,0.67634,0.67488,0.67574,7119
2024-07-11 08:00:00,0.67575,0.67628,0.67527,0.67595,8874
2024-07-11 12:00:00,0.67596,0.67985,0.67505,0.679,13567
2024-07-11 16:00:00,0.679,0.67982,0.67616,0.67643,30516
2024-07-11 20:00:00,0.67643,0.67668,0.67545,0.67591,9872
2024-07-12 00:00:00,0.67578,0.67724,0.67558,0.67591,10704
2024-07-12 04:00:00,0.67591,0.67715,0.67539,0.67691,11821
2024-07-12 08:00:00,0.67689,0.67774,0.67594,0.67767,11626
2024-07-12 12:00:00,0.67766,0.67793,0.67619,0.67745,13246
2024-07-12 16:00:00,0.67746,0.67935,0.67719,0.67882,21734
2024-07-12 20:00:00,0.67883,0.67901,0.67825,0.67835,6169
2024-07-15 00:00:00,0.6769,0.6777,0.67633,0.67674,9657
2024-07-15 04:00:00,0.67674,0.67783,0.67624,0.67748,9598
2024-07-15 08:00:00,0.67748,0.67887,0.67662,0.67849,12806
2024-07-15 12:00:00,0.67849,0.6788,0.67706,0.67754,13614
2024-07-15 16:00:00,0.67754,0.67825,0.67677,0.67708,20873
2024-07-15 20:00:00,0.67709,0.6771,0.67524,0.67599,12412
2024-07-16 00:00:00,0.67593,0.67642,0.67504,0.67505,5403
2024-07-16 04:00:00,0.67506,0.67522,0.67414,0.67418,11387
2024-07-16 08:00:00,0.67418,0.67466,0.67325,0.67385,13520
2024-07-16 12:00:00,0.67385,0.6748,0.67176,0.67237,15702
2024-07-16 16:00:00,0.67237,0.67269,0.67145,0.67258,19211
2024-07-16 20:00:00,0.67258,0.67363,0.67242,0.67338,6421
2024-07-17 00:00:00,0.67334,0.67353,0.67252,0.67312,6840
2024-07-17 04:00:00,0.67313,0.67414,0.6728,0.67369,10140
2024-07-17 08:00:00,0.67368,0.67541,0.6729,0.67527,19842
2024-07-17 12:00:00,0.67528,0.67548,0.67375,0.67389,17116
2024-07-17 16:00:00,0.67388,0.67439,0.67209,0.67257,24356
2024-07-17 20:00:00,0.67257,0.67301,0.67209,0.67292,9610
2024-07-18 00:00:00,0.67249,0.67319,0.67217,0.67221,7892
2024-07-18 04:00:00,0.6722,0.67406,0.67149,0.67374,15191
2024-07-18 08:00:00,0.67374,0.67435,0.67324,0.67363,18500
2024-07-18 12:00:00,0.67362,0.674,0.67299,0.67345,14727
2024-07-18 16:00:00,0.67348,0.67406,0.67211,0.67258,25008
2024-07-18 20:00:00,0.67257,0.67262,0.66977,0.67059,12959
2024-07-19 00:00:00,0.67028,0.67087,0.66946,0.66999,7884
2024-07-19 04:00:00,0.67,0.67063,0.66957,0.66993,13377
2024-07-19 08:00:00,0.66994,0.67075,0.66896,0.6691,15460
2024-07-19 12:00:00,0.66909,0.6697,0.66874,0.66898,12757
2024-07-19 16:00:00,0.66897,0.66958,0.66837,0.66875,21226
2024-07-19 20:00:00,0.66876,0.66886,0.66801,0.66839,9081
2024-07-22 00:00:00,0.66865,0.67021,0.66827,0.66901,9628
2024-07-22 04:00:00,0.66901,0.66908,0.66624,0.6668,14033
2024-07-22 08:00:00,0.66679,0.66684,0.66608,0.66653,16207
2024-07-22 12:00:00,0.66654,0.66676,0.66434,0.6647,12688
2024-07-22 16:00:00,0.6647,0.66483,0.66312,0.66391,17943
2024-07-22 20:00:00,0.66392,0.66438,0.66391,0.66419,6239
2024-07-23 00:00:00,0.66407,0.66453,0.66321,0.66346,7010
2024-07-23 04:00:00,0.66345,0.66458,0.66312,0.66312,11934
2024-07-23 08:00:00,0.66311,0.66336,0.66209,0.66223,13571
2024-07-23 12:00:00,0.66223,0.66289,0.66188,0.66219,11993
2024-07-23 16:00:00,0.66218,0.66238,0.66114,0.66152,15209
2024-07-23 20:00:00,0.66151,0.66198,0.66111,0.66157,7580
2024-07-24 00:00:00,0.66142,0.66164,0.66071,0.66107,4416
2024-07-24 04:00:00,0.66107,0.66126,0.65833,0.65855,14472
2024-07-24 08:00:00,0.65856,0.66049,0.65848,0.65956,17071
2024-07-24 12:00:00,0.65955,0.66088,0.65898,0.66078,12390
2024-07-24 16:00:00,0.66077,0.66101,0.65944,0.65965,20002
2024-07-24 20:00:00,0.65965,0.65997,0.65774,0.65812,9664
2024-07-25 00:00:00,0.65787,0.65825,0.65569,0.65639,8097
2024-07-25 04:00:00,0.65639,0.6569,0.65404,0.65412,16757
2024-07-25 08:00:00,0.65412,0.6549,0.65253,0.65361,20957
2024-07-25 12:00:00,0.6536,0.65367,0.65112,0.65332,21574
2024-07-25 16:00:00,0.65332,0.65585,0.65297,0.65558,30299
2024-07-25 20:00:00,0.65559,0.65604,0.65334,0.65374,13789
2024-07-26 00:00:00,0.65369,0.65468,0.65346,0.65463,5341
2024-07-26 04:00:00,0.65462,0.65549,0.65428,0.65523,9885
2024-07-26 08:00:00,0.65523,0.65664,0.65509,0.65657,12750
2024-07-26 12:00:00,0.65657,0.65659,0.65514,0.65616,12460
2024-07-26 16:00:00,0.65616,0.65683,0.65503,0.65636,21180
2024-07-26 20:00:00,0.65636,0.65646,0.65477,0.65481,8770
2024-07-29 00:00:00,0.6547,0.65684,0.65469,0.65663,7231
2024-07-29 04:00:00,0.65662,0.65678,0.65471,0.65494,10257
2024-07-29 08:00:00,0.65494,0.65578,0.65409,0.65431,11946
2024-07-29 12:00:00,0.65432,0.65568,0.65376,0.65381,9489
2024-07-29 16:00:00,0.65381,0.65446,0.6524,0.65421,15035
2024-07-29 20:00:00,0.65422,0.65511,0.65388,0.65494,8380
2024-07-30 00:00:00,0.65422,0.65578,0.65422,0.65476,5080
2024-07-30 04:00:00,0.65477,0.65568,0.65335,0.65555,10758
2024-07-30 08:00:00,0.65554,0.65623,0.65474,0.655,12208
2024-07-30 12:00:00,0.655,0.65506,0.65342,0.65344,9172
2024-07-30 16:00:00,0.65345,0.6542,0.6529,0.65365,20954
2024-07-30 20:00:00,0.65366,0.65438,0.65319,0.65368,11696
2024-07-31 00:00:00,0.65314,0.65445,0.65305,0.65358,7918
2024-07-31 04:00:00,0.65358,0.65376,0.64823,0.64939,19791
2024-07-31 08:00:00,0.6494,0.65091,0.64794,0.64925,19126
2024-07-31 12:00:00,0.64924,0.6526,0.64866,0.65253,15198
2024-07-31 16:00:00,0.65254,0.65395,0.65237,0.65314,20187
2024-07-31 20:00:00,0.65314,0.65557,0.65162,0.65415,25821
2024-08-01 00:00:00,0.6539,0.65508,0.65375,0.65379,7867
2024-08-01 04:00:00,0.65379,0.65473,0.65238,0.65286,15956
2024-08-01 08:00:00,0.65286,0.65355,0.65145,0.65179,16863
2024-08-01 12:00:00,0.65179,0.65534,0.65137,0.65459,15505
2024-08-01 16:00:00,0.65458,0.65593,0.65063,0.65116,21875
2024-08-01 20:00:00,0.65118,0.65122,0.64887,0.64998,15404
2024-08-02 00:00:00,0.64971,0.65011,0.64867,0.64891,10000
2024-08-02 04:00:00,0.64892,0.65178,0.64867,0.65131,15628
2024-08-02 08:00:00,0.65131,0.65262,0.65075,0.65132,20827
2024-08-02 12:00:00,0.65131,0.65401,0.65012,0.65305,22874
2024-08-02 16:00:00,0.65306,0.65475,0.65109,0.65155,45203
2024-08-02 20:00:00,0.65155,0.65234,0.65069,0.65097,17980
2024-08-05 00:00:00,0.65089,0.65177,0.64822,0.64902,21019
2024-08-05 04:00:00,0.649,0.65119,0.64827,0.64907,32497
2024-08-05 08:00:00,0.64906,0.64938,0.63482,0.64499,58482
2024-08-05 12:00:00,0.645,0.64581,0.64355,0.64389,36410
2024-08-05 16:00:00,0.64389,0.65115,0.64384,0.64805,62443
2024-08-05 20:00:00,0.64806,0.65023,0.64798,0.64951,28973
2024-08-06 00:00:00,0.64928,0.65398,0.64917,0.65373,22062
2024-08-06 04:00:00,0.65373,0.65404,0.64912,0.65054,30683
2024-08-06 08:00:00,0.65054,0.65281,0.64921,0.65008,40191
2024-08-06 12:00:00,0.65006,0.65006,0.64721,0.64764,28926
2024-08-06 16:00:00,0.64764,0.65364,0.6475,0.65351,42466
2024-08-06 20:00:00,0.65349,0.65416,0.65166,0.65181,23780
2024-08-07 00:00:00,0.65167,0.654,0.65094,0.65395,14710
2024-08-07 04:00:00,0.65395,0.65648,0.65306,0.65568,29806
2024-08-07 08:00:00,0.65568,0.65636,0.6535,0.6559,28209
2024-08-07 12:00:00,0.6559,0.65746,0.65536,0.6564,19645
2024-08-07 16:00:00,0.65639,0.6565,0.65404,0.65442,27203
2024-08-07 20:00:00,0.65443,0.65455,0.65137,0.652,21890
2024-08-08 00:00:00,0.65181,0.65259,0.65073,0.65178,11582
2024-08-08 04:00:00,0.65177,0.65658,0.65171,0.65554,22194
2024-08-08 08:00:00,0.65554,0.65655,0.65428,0.65564,22600
2024-08-08 12:00:00,0.65564,0.65648,0.65458,0.65494,21528
2024-08-08 16:00:00,0.65495,0.65861,0.65452,0.65776,30810
2024-08-08 20:00:00,0.65776,0.65938,0.65719,0.65924,15503
2024-08-09 00:00:00,0.65893,0.65944,0.65803,0.65845,8620
2024-08-09 04:00:00,0.65844,0.66046,0.65836,0.65888,16442
2024-08-09 08:00:00,0.65887,0.66051,0.65826,0.65906,17080
2024-08-09 12:00:00,0.65906,0.65919,0.65666,0.65727,13898
2024-08-09 16:00:00,0.6573,0.65869,0.65682,0.65746,22891
2024-08-09 20:00:00,0.65746,0.658,0.65692,0.65716,10296
2024-08-12 00:00:00,0.65659,0.65836,0.6565,0.65775,8495
2024-08-12 04:00:00,0.65776,0.65877,0.65768,0.65838,10097
2024-08-12 08:00:00,0.65837,0.6602,0.65775,0.65966,13846
2024-08-12 12:00:00,0.65966,0.66027,0.65901,0.65929,10433
2024-08-12 16:00:00,0.65929,0.66049,0.65834,0.65851,21024
2024-08-12 20:00:00,0.6585,0.65919,0.65817,0.65855,10900
2024-08-13 00:00:00,0.65837,0.6588,0.65789,0.65841,5072
2024-08-13 04:00:00,0.65841,0.66004,0.65806,0.65948,12919
2024-08-13 08:00:00,0.65947,0.66087,0.65858,0.66028,11588
2024-08-13 12:00:00,0.66028,0.6611,0.65904,0.66072,14589
2024-08-13 16:00:00,0.66072,0.66263,0.65934,0.66241,21438
2024-08-13 20:00:00,0.66241,0.66379,0.66182,0.66339,11831
2024-08-14 00:00:00,0.66274,0.6642,0.66254,0.66407,6700
2024-08-14 04:00:00,0.66405,0.66428,0.66178,0.66244,19043
2024-08-14 08:00:00,0.66243,0.66422,0.66227,0.66306,14026
2024-08-14 12:00:00,0.66306,0.6642,0.66131,0.66227,15177
2024-08-14 16:00:00,0.66226,0.66351,0.66011,0.66062,25957
2024-08-14 20:00:00,0.66063,0.66074,0.65952,0.65961,11288
2024-08-15 00:00:00,0.65956,0.66009,0.65887,0.65893,6338
2024-08-15 04:00:00,0.65892,0.66271,0.65644,0.66244,16544
2024-08-15 08:00:00,0.66242,0.66249,0.66163,0.66165,8928
2024-08-15 12:00:00,0.66164,0.66333,0.66044,0.66075,13014
2024-08-15 16:00:00,0.66075,0.66345,0.65955,0.66236,23585
2024-08-15 20:00:00,0.66237,0.66239,0.66089,0.66108,8344
2024-08-16 00:00:00,0.66103,0.66154,0.66074,0.66144,6463
2024-08-16 04:00:00,0.66144,0.66278,0.66119,0.66259,9095
2024-08-16 08:00:00,0.6626,0.66369,0.66243,0.66321,9760
2024-08-16 12:00:00,0.6632,0.66407,0.66227,0.66265,11572
2024-08-16 16:00:00,0.66266,0.66571,0.66234,0.66557,19260
2024-08-16 20:00:00,0.66557,0.66712,0.66544,0.66696,7946
2024-08-19 00:00:00,0.66634,0.66868,0.66541,0.66802,6973
2024-08-19 04:00:00,0.66803,0.66948,0.66771,0.6687,12800
2024-08-19 08:00:00,0.66872,0.66934,0.66772,0.66881,15790
2024-08-19 12:00:00,0.66881,0.6699,0.66833,0.66967,10964
2024-08-19 16:00:00,0.66967,0.67225,0.66927,0.67199,19015
2024-08-19 20:00:00,0.672,0.67337,0.67173,0.67329,9139
2024-08-20 00:00:00,0.67249,0.67381,0.67238,0.67261,5970
2024-08-20 04:00:00,0.6726,0.67354,0.67131,0.67182,13143
2024-08-20 08:00:00,0.67181,0.67324,0.67134,0.67281,13247
2024-08-20 12:00:00,0.67282,0.67418,0.67276,0.67415,12299
2024-08-20 16:00:00,0.67415,0.67476,0.67343,0.67363,21781
2024-08-20 20:00:00,0.67363,0.67492,0.67334,0.67471,8515
2024-08-21 00:00:00,0.67417,0.67525,0.67417,0.67501,5935
2024-08-21 04:00:00,0.67501,0.6751,0.67392,0.67444,10164
2024-08-21 08:00:00,0.67444,0.67495,0.67318,0.67356,12965
2024-08-21 12:00:00,0.67358,0.67448,0.67349,0.67429,9375
2024-08-21 16:00:00,0.6743,0.67566,0.67307,0.67414,27402
2024-08-21 20:00:00,0.67414,0.6761,0.67378,0.6743,9219
2024-08-22 00:00:00,0.67431,0.67523,0.67409,0.67434,4207
2024-08-22 04:00:00,0.67435,0.67446,0.67271,0.67353,8433
2024-08-22 08:00:00,0.67354,0.67527,0.67335,0.67459,9553
2024-08-22 12:00:00,0.6746,0.67465,0.67235,0.6734,11327
2024-08-22 16:00:00,0.6734,0.67343,0.6699,0.67062,22598
2024-08-22 20:00:00,0.67063,0.67097,0.66971,0.6706,10454
2024-08-23 00:00:00,0.67035,0.67124,0.67005,0.67094,4295
2024-08-23 04:00:00,0.67094,0.67242,0.67083,0.67237,8206
2024-08-23 08:00:00,0.67238,0.67287,0.67173,0.67247,11155
2024-08-23 12:00:00,0.67247,0.67343,0.67236,0.67313,9711
2024-08-23 16:00:00,0.67313,0.67916,0.6723,0.67824,36576
2024-08-23 20:00:00,0.67824,0.67985,0.67812,0.6797,12071
2024-08-26 00:00:00,0.67893,0.6797,0.67853,0.679,7298
2024-08-26 04:00:00,0.67901,0.67963,0.67748,0.67753,9721
2024-08-26 08:00:00,0.67753,0.67806,0.67702,0.67743,10515
2024-08-26 12:00:00,0.67742,0.67774,0.67664,0.67751,10916
2024-08-26 16:00:00,0.67752,0.67871,0.67698,0.67818,19170
2024-08-26 20:00:00,0.67818,0.67853,0.67698,0.6771,7916
2024-08-27 00:00:00,0.67711,0.67753,0.67615,0.67626,4661
2024-08-27 04:00:00,0.67627,0.67855,0.67627,0.67839,9517
2024-08-27 08:00:00,0.67839,0.6791,0.67718,0.67766,11254
2024-08-27 12:00:00,0.67765,0.67872,0.67713,0.67729,11822
2024-08-27 16:00:00,0.67728,0.67839,0.67696,0.67768,19582
2024-08-27 20:00:00,0.67769,0.67955,0.67765,0.6793,7106
2024-08-28 00:00:00,0.67899,0.67957,0.67867,0.6789,4764
2024-08-28 04:00:00,0.67888,0.68129,0.67833,0.67944,13395
2024-08-28 08:00:00,0.67944,0.67991,0.67815,0.67967,13302
2024-08-28 12:00:00,0.67968,0.6798,0.67701,0.67751,13813
2024-08-28 16:00:00,0.6775,0.67954,0.6767,0.67754,20049
2024-08-28 20:00:00,0.67755,0.67851,0.67642,0.67847,9374
2024-08-29 00:00:00,0.67817,0.68003,0.67808,0.67992,5756
2024-08-29 04:00:00,0.67992,0.68065,0.67874,0.68035,10810
2024-08-29 08:00:00,0.68036,0.68126,0.67973,0.68066,16431
2024-08-29 12:00:00,0.68065,0.68239,0.67998,0.68022,17144
2024-08-29 16:00:00,0.68023,0.68103,0.67844,0.68032,23318
2024-08-29 20:00:00,0.68032,0.68103,0.67928,0.67975,12025
2024-08-30 00:00:00,0.67966,0.67995,0.67929,0.67989,4557
2024-08-30 04:00:00,0.67988,0.68088,0.67893,0.67999,9025
2024-08-30 08:00:00,0.67999,0.68163,0.67985,0.6807,10287
2024-08-30 12:00:00,0.68069,0.68091,0.67773,0.67844,11791
2024-08-30 16:00:00,0.67844,0.67923,0.67513,0.6758,28778
2024-08-30 20:00:00,0.67579,0.67705,0.67562,0.67648,9198
2024-09-02 00:00:00,0.67622,0.67784,0.67616,0.67747,4680
2024-09-02 04:00:00,0.67746,0.67775,0.67566,0.67607,8720
2024-09-02 08:00:00,0.67609,0.67855,0.67609,0.67825,10908
2024-09-02 12:00:00,0.67825,0.67856,0.67731,0.67798,6935
2024-09-02 16:00:00,0.67798,0.67946,0.67739,0.67906,7296
2024-09-02 20:00:00,0.67905,0.67944,0.67905,0.67912,1207
2024-09-03 00:00:00,0.67888,0.67921,0.678,0.67838,6164
2024-09-03 04:00:00,0.67841,0.67881,0.67319,0.67419,14662
2024-09-03 08:00:00,0.67419,0.67531,0.673,0.67464,14287
2024-09-03 12:00:00,0.67464,0.67475,0.67292,0.67384,13321
2024-09-03 16:00:00,0.67385,0.67471,0.6712,0.67169,24976
2024-09-03 20:00:00,0.67169,0.67197,0.67077,0.67111,9079
2024-09-04 00:00:00,0.67097,0.67155,0.66854,0.66874,7938
2024-09-04 04:00:00,0.66875,0.67067,0.66875,0.67038,12796
2024-09-04 08:00:00,0.67037,0.67166,0.66964,0.67031,13303
2024-09-04 12:00:00,0.67033,0.67242,0.67031,0.67237,9818
2024-09-04 16:00:00,0.67237,0.67494,0.67179,0.67246,24070
2024-09-04 20:00:00,0.67246,0.67269,0.67111,0.6725,10590
2024-09-05 00:00:00,0.67178,0.6725,0.67134,0.67223,5417
2024-09-05 04:00:00,0.67224,0.67319,0.67183,0.67233,9277
2024-09-05 08:00:00,0.67233,0.67329,0.67135,0.67311,10814
2024-09-05 12:00:00,0.6731,0.67365,0.67183,0.67314,13760
2024-09-05 16:00:00,0.67314,0.67404,0.67189,0.67316,22652
2024-09-05 20:00:00,0.67314,0.67414,0.67287,0.67413,9361
2024-09-06 00:00:00,0.67381,0.67434,0.67368,0.67405,4268
2024-09-06 04:00:00,0.67405,0.6741,0.67263,0.67322,7768
2024-09-06 08:00:00,0.67321,0.67377,0.67187,0.67346,11408
2024-09-06 12:00:00,0.67345,0.67671,0.67194,0.67492,17713
2024-09-06 16:00:00,0.67492,0.6752,0.66596,0.66671,45557
2024-09-06 20:00:00,0.6667,0.66795,0.6664,0.66679,14234
2024-09-09 00:00:00,0.66658,0.66758,0.66648,0.6668,6536
2024-09-09 04:00:00,0.66679,0.6689,0.66679,0.66756,10585
2024-09-09 08:00:00,0.66757,0.66757,0.66526,0.6655,11828
2024-09-09 12:00:00,0.66548,0.66632,0.66477,0.66515,8628
2024-09-09 16:00:00,0.66515,0.66706,0.66481,0.66698,14079
2024-09-09 20:00:00,0.66699,0.6673,0.66566,0.66597,7418
2024-09-10 00:00:00,0.66574,0.6666,0.66443,0.665,5806
2024-09-10 04:00:00,0.665,0.66659,0.6648,0.66645,8755
2024-09-10 08:00:00,0.66644,0.66732,0.66548,0.66575,9827
2024-09-10 12:00:00,0.66574,0.66765,0.6653,0.66645,9819
2024-09-10 16:00:00,0.66644,0.66665,0.6641,0.66518,19326
2024-09-10 20:00:00,0.66517,0.6662,0.66502,0.66523,7443
2024-09-11 00:00:00,0.66476,0.66567,0.66447,0.66479,5055
2024-09-11 04:00:00,0.6648,0.66599,0.66464,0.66534,13519
2024-09-11 08:00:00,0.66533,0.6669,0.66529,0.66595,12602
2024-09-11 12:00:00,0.66596,0.66738,0.66359,0.66541,18626
2024-09-11 16:00:00,0.6654,0.66614,0.6622,0.6657,30080
2024-09-11 20:00:00,0.66571,0.6676,0.66569,0.66755,12558
2024-09-12 00:00:00,0.66735,0.66823,0.6671,0.66735,4748
2024-09-12 04:00:00,0.66734,0.66925,0.6671,0.66904,9248
2024-09-12 08:00:00,0.66903,0.66946,0.66566,0.66717,12554
2024-09-12 12:00:00,0.66718,0.66895,0.66713,0.66782,15145
2024-09-12 16:00:00,0.66782,0.67073,0.66718,0.67054,23000
2024-09-12 20:00:00,0.67055,0.67253,0.67046,0.6722,13110
2024-09-13 00:00:00,0.67202,0.67309,0.67198,0.67304,6039
2024-09-13 04:00:00,0.67305,0.67326,0.67205,0.67249,9779
2024-09-13 08:00:00,0.67249,0.67259,0.67107,0.6715,12104
2024-09-13 12:00:00,0.67151,0.67275,0.66922,0.67076,14715
2024-09-13 16:00:00,0.67076,0.67232,0.67034,0.67089,22298
2024-09-13 20:00:00,0.67088,0.67109,0.67,0.67045,10948
2024-09-16 00:00:00,0.67027,0.67148,0.67007,0.67119,5124
2024-09-16 04:00:00,0.67118,0.67299,0.67056,0.67273,6358
2024-09-16 08:00:00,0.67271,0.67457,0.67201,0.6738,11640
2024-09-16 12:00:00,0.67381,0.67488,0.6735,0.67401,11639
2024-09-16 16:00:00,0.67402,0.67469,0.67315,0.67433,17287
2024-09-16 20:00:00,0.67432,0.67536,0.67383,0.6752,6724
2024-09-17 00:00:00,0.6751,0.67537,0.67423,0.6743,4160
2024-09-17 04:00:00,0.67431,0.67537,0.67413,0.67425,6833
2024-09-17 08:00:00,0.67425,0.67658,0.67417,0.67641,10635
2024-09-17 12:00:00,0.67641,0.67686,0.67458,0.67499,15022
2024-09-17 16:00:00,0.67499,0.67672,0.67453,0.6752,22265
2024-09-17 20:00:00,0.6752,0.67608,0.67438,0.67549,11430
2024-09-18 00:00:00,0.67543,0.67699,0.67532,0.67676,4942
2024-09-18 04:00:00,0.67677,0.67733,0.6749,0.67508,8357
2024-09-18 08:00:00,0.67508,0.67805,0.67503,0.67786,12006
2024-09-18 12:00:00,0.67787,0.67894,0.67741,0.67768,11096
2024-09-18 16:00:00,0.67769,0.67883,0.67561,0.67661,16438
2024-09-18 20:00:00,0.6766,0.68202,0.67422,0.6763,47536
2024-09-19 00:00:00,0.6757,0.67727,0.67419,0.67446,11660
2024-09-19 04:00:00,0.67447,0.67944,0.67374,0.67913,21166
2024-09-19 08:00:00,0.67914,0.68317,0.67913,0.68267,20675
2024-09-19 12:00:00,0.68267,0.6839,0.68062,0.68064,21770
2024-09-19 16:00:00,0.68064,0.68229,0.6786,0.68183,26992
2024-09-19 20:00:00,0.68184,0.6824,0.68102,0.68143,11099
2024-09-20 00:00:00,0.68082,0.6816,0.68043,0.68054,4744
2024-09-20 04:00:00,0.68054,0.68274,0.68002,0.68162,12235
2024-09-20 08:00:00,0.68163,0.68287,0.68048,0.68099,16654
2024-09-20 12:00:00,0.68099,0.68231,0.68023,0.68213,13218
2024-09-20 16:00:00,0.68212,0.68213,0.67828,0.68172,28220
2024-09-20 20:00:00,0.68171,0.68176,0.6803,0.68068,13066
2024-09-23 00:00:00,0.67963,0.6815,0.67963,0.68144,4810
2024-09-23 04:00:00,0.68143,0.68361,0.6811,0.68334,8525
2024-09-23 08:00:00,0.68333,0.68351,0.68001,0.68114,16296
2024-09-23 12:00:00,0.68114,0.68396,0.68113,0.68376,13928
2024-09-23 16:00:00,0.68377,0.68536,0.68316,0.68388,24503
2024-09-23 20:00:00,0.68387,0.68496,0.68348,0.68375,9365
2024-09-24 00:00:00,0.68349,0.68393,0.68256,0.68303,4892
2024-09-24 04:00:00,0.68303,0.68652,0.68303,0.68618,14092
2024-09-24 08:00:00,0.68618,0.68691,0.68143,0.68358,20306
2024-09-24 12:00:00,0.68357,0.68626,0.68336,0.68581,14201
2024-09-24 16:00:00,0.6858,0.68839,0.68577,0.6881,22885
2024-09-24 20:00:00,0.6881,0.68932,0.68757,0.68925,8777
2024-09-25 00:00:00,0.68913,0.69081,0.68891,0.68978,7052
2024-09-25 04:00:00,0.68978,0.6901,0.68808,0.68882,15105
2024-09-25 08:00:00,0.68882,0.68963,0.68728,0.68851,14107
2024-09-25 12:00:00,0.68851,0.68851,0.6864,0.68708,13129
2024-09-25 16:00:00,0.68708,0.68834,0.68262,0.68268,24896
2024-09-25 20:00:00,0.68268,0.68327,0.6818,0.68231,11097
2024-09-26 00:00:00,0.68213,0.68346,0.68189,0.68327,5409
2024-09-26 04:00:00,0.68328,0.68484,0.68287,0.68441,11244
2024-09-26 08:00:00,0.6844,0.68708,0.68417,0.68614,15865
2024-09-26 12:00:00,0.68615,0.68889,0.68615,0.68856,18679
2024-09-26 16:00:00,0.68857,0.69048,0.68625,0.68862,32874
2024-09-26 20:00:00,0.68862,0.69025,0.68848,0.6895,13504
2024-09-27 00:00:00,0.68842,0.68998,0.68782,0.68872,6366
2024-09-27 04:00:00,0.68872,0.68912,0.68719,0.6878,13667
2024-09-27 08:00:00,0.6878,0.68906,0.68681,0.68861,22504
2024-09-27 12:00:00,0.68861,0.69297,0.68819,0.69247,16917
2024-09-27 16:00:00,0.69246,0.69372,0.69013,0.69096,27836
2024-09-27 20:00:00,0.69097,0.6913,0.6899,0.69008,11826
2024-09-30 00:00:00,0.68972,0.69241,0.68952,0.69222,6541
2024-09-30 04:00:00,0.69221,0.69368,0.69138,0.69318,15021
2024-09-30 08:00:00,0.69318,0.69415,0.69199,0.69262,15842
2024-09-30 12:00:00,0.69262,0.69289,0.69146,0.69279,12994
2024-09-30 16:00:00,0.69279,0.69414,0.69202,0.69387,25114
2024-09-30 20:00:00,0.69388,0.69427,0.68986,0.69133,19788
2024-10-01 00:00:00,0.69115,0.692,0.69076,0.69124,5929
2024-10-01 04:00:00,0.69124,0.69345,0.69112,0.69292,11626
2024-10-01 08:00:00,0.69292,0.69332,0.68985,0.69074,16701
2024-10-01 12:00:00,0.69074,0.69151,0.68943,0.69087,17051
2024-10-01 16:00:00,0.69086,0.69134,0.68653,0.68727,41234
2024-10-01 20:00:00,0.68728,0.68989,0.68562,0.68835,16821
2024-10-02 00:00:00,0.68832,0.68868,0.68779,0.68824,6273
2024-10-02 04:00:00,0.68825,0.69156,0.68825,0.68901,16089
2024-10-02 08:00:00,0.689,0.69045,0.68753,0.68946,19799
2024-10-02 12:00:00,0.68945,0.69035,0.68893,0.68941,15355
2024-10-02 16:00:00,0.68942,0.69007,0.68779,0.68838,24944
2024-10-02 20:00:00,0.68837,0.68894,0.68789,0.68845,10381
2024-10-03 00:00:00,0.68835,0.68884,0.68732,0.68801,5432
2024-10-03 04:00:00,0.688,0.68833,0.68594,0.68597,14940
2024-10-03 08:00:00,0.68595,0.68761,0.68485,0.68505,17864
2024-10-03 12:00:00,0.68505,0.68536,0.68347,0.68382,16743
2024-10-03 16:00:00,0.68382,0.68549,0.68298,0.68498,32718
2024-10-03 20:00:00,0.68498,0.68511,0.68395,0.68401,9588
2024-10-04 00:00:00,0.6835,0.68521,0.68346,0.68497,4724
2024-10-04 04:00:00,0.68497,0.68515,0.68392,0.68405,16213
2024-10-04 08:00:00,0.68406,0.68497,0.68367,0.68413,12691
2024-10-04 12:00:00,0.68413,0.68453,0.6792,0.67938,16418
2024-10-04 16:00:00,0.67937,0.68108,0.67853,0.67956,29827
2024-10-04 20:00:00,0.67955,0.68038,0.6792,0.67944,8208
2024-10-07 00:00:00,0.67871,0.68077,0.6787,0.67999,7966
2024-10-07 04:00:00,0.67999,0.68103,0.67964,0.68055,17642
2024-10-07 08:00:00,0.68054,0.68068,0.67849,0.67854,15758
2024-10-07 12:00:00,0.67854,0.67986,0.67774,0.67863,16467
2024-10-07 16:00:00,0.67864,0.67922,0.67564,0.67614,25687
2024-10-07 20:00:00,0.67613,0.67669,0.67432,0.6758,12428
2024-10-08 00:00:00,0.6752,0.67695,0.67498,0.67682,7877
2024-10-08 04:00:00,0.67682,0.67688,0.6715,0.6737,30931
2024-10-08 08:00:00,0.6737,0.67424,0.67187,0.67305,23802
2024-10-08 12:00:00,0.67304,0.67447,0.67208,0.67329,14450
2024-10-08 16:00:00,0.67328,0.67426,0.67217,0.67383,23620
2024-10-08 20:00:00,0.67383,0.67501,0.67285,0.67473,13048
2024-10-09 00:00:00,0.67436,0.67475,0.67353,0.67401,5340
2024-10-09 04:00:00,0.67395,0.67483,0.6723,0.67299,26925
2024-10-09 08:00:00,0.673,0.67618,0.67238,0.67297,26705
2024-10-09 12:00:00,0.67297,0.67399,0.67173,0.67213,14058
2024-10-09 16:00:00,0.67213,0.67277,0.67077,0.67164,19357
2024-10-09 20:00:00,0.67163,0.67197,0.67111,0.67175,9987
2024-10-10 00:00:00,0.67158,0.67223,0.67107,0.67164,5501
2024-10-10 04:00:00,0.67163,0.67401,0.67149,0.67385,20327
2024-10-10 08:00:00,0.67385,0.67423,0.6722,0.6723,15444
2024-10-10 12:00:00,0.67232,0.6738,0.66993,0.67327,20343
2024-10-10 16:00:00,0.67326,0.67397,0.67131,0.67183,30830
2024-10-10 20:00:00,0.67183,0.67421,0.67114,0.67405,12835
2024-10-11 00:00:00,0.67348,0.67448,0.67346,0.6741,5436
2024-10-11 04:00:00,0.67411,0.67493,0.67364,0.67426,8737
2024-10-11 08:00:00,0.67426,0.67447,0.67259,0.67383,10865
2024-10-11 12:00:00,0.67382,0.6751,0.67248,0.67328,14099
2024-10-11 16:00:00,0.67328,0.67591,0.67276,0.67574,19776
2024-10-11 20:00:00,0.67575,0.67592,0.67493,0.67502,5549
2024-10-14 00:00:00,0.67379,0.67435,0.67232,0.67338,8237
2024-10-14 04:00:00,0.67339,0.67448,0.67221,0.67369,18033
2024-10-14 08:00:00,0.67369,0.67437,0.67254,0.67274,12743
2024-10-14 12:00:00,0.67275,0.67335,0.67044,0.6705,11571
2024-10-14 16:00:00,0.67049,0.67374,0.6702,0.67241,19289
2024-10-14 20:00:00,0.67241,0.67262,0.67122,0.6725,7536
2024-10-15 00:00:00,0.67179,0.67287,0.67156,0.67273,4591
2024-10-15 04:00:00,0.67272,0.67325,0.67114,0.67132,13431
2024-10-15 08:00:00,0.67131,0.67174,0.6702,0.6715,16646
2024-10-15 12:00:00,0.67151,0.67199,0.6707,0.67165,14613
2024-10-15 16:00:00,0.67165,0.67259,0.67019,0.67061,22077
2024-10-15 20:00:00,0.6706,0.67061,0.6698,0.67028,10294
2024-10-16 00:00:00,0.66979,0.67044,0.66678,0.66796,8023
2024-10-16 04:00:00,0.66797,0.67009,0.66763,0.66904,15874
2024-10-16 08:00:00,0.66905,0.66989,0.66834,0.66893,15681
2024-10-16 12:00:00,0.66893,0.66932,0.66733,0.66741,11703
2024-10-16 16:00:00,0.66741,0.66777,0.66582,0.6667,16107
2024-10-16 20:00:00,0.6667,0.66677,0.6662,0.66667,6573
2024-10-17 00:00:00,0.66578,0.66947,0.66578,0.66933,6783
2024-10-17 04:00:00,0.66933,0.67101,0.66816,0.66893,16268
2024-10-17 08:00:00,0.66894,0.66951,0.66719,0.66781,13565
2024-10-17 12:00:00,0.66782,0.67014,0.66779,0.66904,15285
2024-10-17 16:00:00,0.66904,0.67093,0.66823,0.66995,25421
2024-10-17 20:00:00,0.66995,0.67022,0.66926,0.66961,7471
2024-10-18 00:00:00,0.66933,0.67039,0.66933,0.66979,5017
2024-10-18 04:00:00,0.66979,0.67181,0.66979,0.67024,14736
2024-10-18 08:00:00,0.67025,0.67178,0.66979,0.67118,14404
2024-10-18 12:00:00,0.67118,0.67161,0.67065,0.67128,10705
2024-10-18 16:00:00,0.67127,0.67193,0.66977,0.67089,14272
2024-10-18 20:00:00,0.6709,0.67093,0.66996,0.67051,7736
2024-10-21 00:00:00,0.67028,0.67163,0.66987,0.67078,5787
2024-10-21 04:00:00,0.67077,0.67233,0.67029,0.67042,13733
2024-10-21 08:00:00,0.67043,0.67059,0.66821,0.66912,13275
2024-10-21 12:00:00,0.66911,0.6699,0.66798,0.6692,10914
2024-10-21 16:00:00,0.6692,0.66948,0.66548,0.666,15336
2024-10-21 20:00:00,0.66599,0.6663,0.66527,0.66581,7038
2024-10-22 00:00:00,0.66548,0.6659,0.66507,0.6655,4892
2024-10-22 04:00:00,0.6655,0.66887,0.66546,0.66864,15269
2024-10-22 08:00:00,0.66863,0.66924,0.66784,0.66788,12234
2024-10-22 12:00:00,0.66787,0.66906,0.66777,0.66854,11759
2024-10-22 16:00:00,0.66853,0.6695,0.66758,0.66829,17372
2024-10-22 20:00:00,0.66829,0.66904,0.66785,0.66821,7806
2024-10-23 00:00:00,0.66805,0.66898,0.66692,0.66705,5383
2024-10-23 04:00:00,0.66706,0.66916,0.66626,0.66766,15924
2024-10-23 08:00:00,0.66765,0.66795,0.66583,0.66584,13910
2024-10-23 12:00:00,0.66585,0.66597,0.66292,0.66349,11674
2024-10-23 16:00:00,0.66349,0.66428,0.66251,0.6627,19020
2024-10-23 20:00:00,0.66269,0.66358,0.6614,0.66348,11417
2024-10-24 00:00:00,0.66283,0.6641,0.66283,0.6641,5070
2024-10-24 04:00:00,0.66409,0.66507,0.66361,0.6647,11562
2024-10-24 08:00:00,0.6647,0.66603,0.66415,0.6655,12827
2024-10-24 12:00:00,0.66549,0.66614,0.66445,0.66504,11509
2024-10-24 16:00:00,0.66503,0.66531,0.66209,0.66317,19224
2024-10-24 20:00:00,0.66317,0.66438,0.66312,0.66394,8947
2024-10-25 00:00:00,0.66344,0.66419,0.66282,0.66339,4933
2024-10-25 04:00:00,0.66339,0.66386,0.66173,0.662,11294
2024-10-25 08:00:00,0.66199,0.66307,0.66199,0.66274,11561
2024-10-25 12:00:00,0.66275,0.66465,0.66264,0.66451,8329
2024-10-25 16:00:00,0.6645,0.66463,0.66114,0.66124,16399
2024-10-25 20:00:00,0.66125,0.66126,0.66009,0.66034,8799
2024-10-28 00:00:00,0.66102,0.66144,0.65973,0.6598,6775
2024-10-28 04:00:00,0.6598,0.66032,0.65793,0.659,11161
2024-10-28 08:00:00,0.659,0.66057,0.65858,0.66049,10671
2024-10-28 12:00:00,0.66049,0.661,0.6599,0.66072,9742
2024-10-28 16:00:00,0.66072,0.66093,0.6583,0.65839,14131
2024-10-28 20:00:00,0.65838,0.65876,0.65799,0.65831,7118
2024-10-29 00:00:00,0.65826,0.65845,0.65716,0.65756,4663
2024-10-29 04:00:00,0.65756,0.65845,0.65601,0.65645,12562
2024-10-29 08:00:00,0.65646,0.65807,0.65586,0.65753,11494
2024-10-29 12:00:00,0.65753,0.658,0.65537,0.65574,11144
2024-10-29 16:00:00,0.65575,0.65731,0.65447,0.65526,22935
2024-10-29 20:00:00,0.65527,0.65617,0.65518,0.65592,8923
2024-10-30 00:00:00,0.65585,0.65682,0.65537,0.6561,5200
2024-10-30 04:00:00,0.65611,0.65705,0.65365,0.65425,12382
2024-10-30 08:00:00,0.65424,0.65837,0.65378,0.65797,11309
2024-10-30 12:00:00,0.65796,0.65849,0.65635,0.65729,15594
2024-10-30 16:00:00,0.6573,0.6596,0.65658,0.65785,22948
2024-10-30 20:00:00,0.65785,0.65843,0.65706,0.65736,9618
2024-10-31 00:00:00,0.65708,0.65748,0.65641,0.65646,5078
2024-10-31 04:00:00,0.65645,0.65766,0.65639,0.65685,12712
2024-10-31 08:00:00,0.65683,0.65789,0.65669,0.65713,11772
2024-10-31 12:00:00,0.65712,0.65765,0.65609,0.65751,13228
2024-10-31 16:00:00,0.65751,0.65755,0.65394,0.65605,27444
2024-10-31 20:00:00,0.65605,0.65841,0.65601,0.65807,12601
2024-11-01 00:00:00,0.65803,0.65837,0.65711,0.65722,5504
2024-11-01 04:00:00,0.65721,0.65833,0.65684,0.65759,12480
2024-11-01 08:00:00,0.65759,0.65768,0.65558,0.65644,10797
2024-11-01 12:00:00,0.65644,0.65911,0.65576,0.65843,14291
2024-11-01 16:00:00,0.65841,0.65889,0.65686,0.6576,24595
2024-11-01 20:00:00,0.65759,0.65769,0.65537,0.65591,10340
2024-11-04 00:00:00,0.66056,0.66073,0.65844,0.66024,13178
2024-11-04 04:00:00,0.66024,0.66188,0.65978,0.66111,14699
2024-11-04 08:00:00,0.66111,0.66119,0.65839,0.65936,13701
2024-11-04 12:00:00,0.65935,0.66057,0.65867,0.65952,12215
2024-11-04 16:00:00,0.65952,0.6611,0.65794,0.6592,21386
2024-11-04 20:00:00,0.65921,0.65925,0.65824,0.65842,10084
2024-11-05 00:00:00,0.65778,0.65925,0.65777,0.65908,7191
2024-11-05 04:00:00,0.65909,0.66008,0.65838,0.65971,12041
2024-11-05 08:00:00,0.65971,0.66196,0.65959,0.66165,9565
2024-11-05 12:00:00,0.66164,0.66304,0.66151,0.6626,8491
2024-11-05 16:00:00,0.66259,0.66412,0.66233,0.66336,18027
2024-11-05 20:00:00,0.66336,0.66393,0.66314,0.66375,8432
2024-11-06 00:00:00,0.66321,0.66447,0.65791,0.65924,26799
2024-11-06 04:00:00,0.65925,0.65954,0.65121,0.65479,51355
2024-11-06 08:00:00,0.65478,0.65943,0.65204,0.65857,38999
2024-11-06 12:00:00,0.65856,0.65959,0.65509,0.65565,29115
2024-11-06 16:00:00,0.65565,0.65799,0.65472,0.65687,33853
2024-11-06 20:00:00,0.65686,0.65929,0.65634,0.65696,16688
2024-11-07 00:00:00,0.65688,0.65836,0.65638,0.65814,11663
2024-11-07 04:00:00,0.65814,0.66277,0.65813,0.66229,17180
2024-11-07 08:00:00,0.66229,0.66376,0.66165,0.66292,18933
2024-11-07 12:00:00,0.66292,0.66637,0.66245,0.66628,20835
2024-11-07 16:00:00,0.66628,0.66876,0.66573,0.66769,24704
2024-11-07 20:00:00,0.6677,0.6685,0.66526,0.66782,26808
2024-11-08 00:00:00,0.66701,0.66802,0.6656,0.66606,10585
2024-11-08 04:00:00,0.66606,0.66639,0.6645,0.66542,14484
2024-11-08 08:00:00,0.66543,0.66569,0.66222,0.66427,23747
2024-11-08 12:00:00,0.66428,0.66431,0.66047,0.66074,18279
2024-11-08 16:00:00,0.66074,0.66149,0.6558,0.65762,27558
2024-11-08 20:00:00,0.65762,0.65861,0.65674,0.65823,10957
2024-11-11 00:00:00,0.65819,0.65983,0.65748,0.65901,11697
2024-11-11 04:00:00,0.65901,0.65971,0.65844,0.65901,12146
2024-11-11 08:00:00,0.65901,0.65952,0.65743,0.65828,16148
2024-11-11 12:00:00,0.65827,0.65898,0.65653,0.6572,13813
2024-11-11 16:00:00,0.65722,0.6581,0.65649,0.6568,17492
2024-11-11 20:00:00,0.65679,0.6575,0.65624,0.6574,7077
2024-11-12 00:00:00,0.65731,0.65817,0.65604,0.65669,10291
2024-11-12 04:00:00,0.65668,0.65669,0.65493,0.65503,15863
2024-11-12 08:00:00,0.65503,0.65578,0.65367,0.65429,18072
2024-11-12 12:00:00,0.6543,0.6557,0.65343,0.65507,17907
2024-11-12 16:00:00,0.65507,0.65507,0.65139,0.65165,26315
2024-11-12 20:00:00,0.65166,0.65396,0.6516,0.65338,11044
2024-11-13 00:00:00,0.65334,0.65376,0.6516,0.65369,11154
2024-11-13 04:00:00,0.6537,0.65394,0.65286,0.65327,10470
2024-11-13 08:00:00,0.65326,0.65356,0.65178,0.65322,14507
2024-11-13 12:00:00,0.65322,0.65458,0.65164,0.65311,20147
2024-11-13 16:00:00,0.65312,0.65329,0.64802,0.64878,37982
2024-11-13 20:00:00,0.64879,0.64954,0.64806,0.64859,11626
2024-11-14 00:00:00,0.64847,0.64972,0.64813,0.64842,11063
2024-11-14 04:00:00,0.64842,0.64843,0.64595,0.64639,14108
2024-11-14 08:00:00,0.6464,0.64799,0.64618,0.64638,18323
2024-11-14 12:00:00,0.64638,0.64776,0.64526,0.64643,22866
2024-11-14 16:00:00,0.64642,0.64882,0.64635,0.64776,31025
2024-11-14 20:00:00,0.64779,0.64795,0.64406,0.64546,20692
2024-11-15 00:00:00,0.64534,0.64573,0.64452,0.6454,10864
2024-11-15 04:00:00,0.6454,0.64684,0.64538,0.64626,12695
2024-11-15 08:00:00,0.64627,0.64755,0.64545,0.64662,17284
2024-11-15 12:00:00,0.64662,0.64813,0.64574,0.6463,20365
2024-11-15 16:00:00,0.6463,0.6468,0.64428,0.64627,32740
2024-11-15 20:00:00,0.64628,0.64658,0.64502,0.64598,13019
2024-11-18 00:00:00,0.64598,0.64782,0.64553,0.64716,12675
2024-11-18 04:00:00,0.64716,0.64788,0.64617,0.64658,11610
2024-11-18 08:00:00,0.64657,0.64676,0.645,0.64592,15573
2024-11-18 12:00:00,0.64593,0.64651,0.64477,0.64645,15085
2024-11-18 16:00:00,0.64644,0.65058,0.64623,0.65043,21612
2024-11-18 20:00:00,0.65043,0.65111,0.65022,0.65077,9804
2024-11-19 00:00:00,0.65032,0.65102,0.64958,0.6508,9286
2024-11-19 04:00:00,0.6508,0.65238,0.65024,0.65062,10640
2024-11-19 08:00:00,0.65062,0.65177,0.6482,0.64894,23633
2024-11-19 12:00:00,0.64893,0.65161,0.64882,0.65024,22553
2024-11-19 16:00:00,0.65024,0.65277,0.64972,0.65204,30050
2024-11-19 20:00:00,0.65204,0.65335,0.65141,0.65322,11194
2024-11-20 00:00:00,0.65266,0.65441,0.65254,0.65354,8444
2024-11-20 04:00:00,0.65354,0.65379,0.65218,0.65225,8417
2024-11-20 08:00:00,0.65226,0.65317,0.6508,0.65112,15587
2024-11-20 12:00:00,0.65112,0.65142,0.64971,0.65023,14564
2024-11-20 16:00:00,0.65024,0.65033,0.64843,0.64982,20832
2024-11-20 20:00:00,0.64981,0.65062,0.64902,0.65055,10479
2024-11-21 00:00:00,0.65033,0.65186,0.65019,0.6515,6814
2024-11-21 04:00:00,0.65149,0.65236,0.65104,0.65112,9529
2024-11-21 08:00:00,0.65111,0.65217,0.65059,0.6509,20238
2024-11-21 12:00:00,0.6509,0.65297,0.65079,0.65256,19365
2024-11-21 16:00:00,0.65257,0.65324,0.6497,0.65166,30838
2024-11-21 20:00:00,0.65165,0.652,0.65087,0.65099,10050
2024-11-22 00:00:00,0.65107,0.65213,0.65078,0.65156,8436
2024-11-22 04:00:00,0.65155,0.65196,0.64869,0.64893,13241
2024-11-22 08:00:00,0.64893,0.65185,0.64708,0.64879,26614
2024-11-22 12:00:00,0.6488,0.65082,0.64815,0.6503,22767
2024-11-22 16:00:00,0.65031,0.65081,0.64815,0.65012,29187
2024-11-22 20:00:00,0.65012,0.65057,0.64941,0.65005,9275
2024-11-25 00:00:00,0.65317,0.65497,0.65234,0.65356,13231
2024-11-25 04:00:00,0.65357,0.65393,0.65161,0.652,12370
2024-11-25 08:00:00,0.65199,0.65232,0.64981,0.6515,18263
2024-11-25 12:00:00,0.65148,0.65274,0.6497,0.65248,18552
2024-11-25 16:00:00,0.65249,0.6526,0.64871,0.64912,26386
2024-11-25 20:00:00,0.64912,0.65059,0.64908,0.65039,8381
2024-11-26 00:00:00,0.65001,0.65069,0.64338,0.64675,24358
2024-11-26 04:00:00,0.64674,0.65021,0.64644,0.64891,15454
2024-11-26 08:00:00,0.6489,0.6497,0.64739,0.64851,19172
2024-11-26 12:00:00,0.6485,0.65075,0.64815,0.64829,21793
2024-11-26 16:00:00,0.64829,0.6484,0.64505,0.64549,30064
2024-11-26 20:00:00,0.64549,0.64734,0.64477,0.64731,13526
2024-11-27 00:00:00,0.64684,0.64848,0.64577,0.64724,13334
2024-11-27 04:00:00,0.64724,0.6483,0.64646,0.64725,12440
2024-11-27 08:00:00,0.64726,0.65006,0.64724,0.64871,21695
2024-11-27 12:00:00,0.64871,0.64966,0.64731,0.64961,20435
2024-11-27 16:00:00,0.6496,0.64995,0.64791,0.64938,31279
2024-11-27 20:00:00,0.64938,0.64997,0.64918,0.64972,10121
2024-11-28 00:00:00,0.64916,0.65093,0.64916,0.65038,9374
2024-11-28 04:00:00,0.65039,0.65069,0.64839,0.64887,10228
2024-11-28 08:00:00,0.64888,0.65003,0.64771,0.6497,16485
2024-11-28 12:00:00,0.6497,0.65053,0.64926,0.65003,12136
2024-11-28 16:00:00,0.65004,0.65039,0.64902,0.6502,10090
2024-11-28 20:00:00,0.6502,0.65027,0.64992,0.64995,919
2024-11-29 00:00:00,0.64886,0.65153,0.64852,0.65073,11289
2024-11-29 04:00:00,0.65072,0.65236,0.65026,0.65148,12586
2024-11-29 08:00:00,0.65148,0.6528,0.65019,0.65079,17591
2024-11-29 12:00:00,0.65078,0.65107,0.64966,0.65038,17794
2024-11-29 16:00:00,0.65039,0.65217,0.64956,0.65215,24199
2024-11-29 20:00:00,0.65216,0.65259,0.65156,0.65172,10922
2024-12-02 00:00:00,0.65111,0.65131,0.64921,0.65021,13318
2024-12-02 04:00:00,0.6502,0.65031,0.64902,0.6498,15184
2024-12-02 08:00:00,0.6498,0.65108,0.64881,0.64941,22160
2024-12-02 12:00:00,0.64941,0.6499,0.64669,0.64697,18671
2024-12-02 16:00:00,0.64698,0.64729,0.64427,0.64609,27626
2024-12-02 20:00:00,0.64609,0.64839,0.64585,0.64754,12108
2024-12-03 00:00:00,0.64728,0.64812,0.64633,0.64662,9221
2024-12-03 04:00:00,0.64662,0.64731,0.64549,0.64693,11274
2024-12-03 08:00:00,0.64692,0.65044,0.64664,0.64952,15595
2024-12-03 12:00:00,0.64952,0.64969,0.64775,0.64864,13803
2024-12-03 16:00:00,0.64865,0.64916,0.64606,0.649,23243
2024-12-03 20:00:00,0.64899,0.64935,0.64781,0.64824,7968
2024-12-04 00:00:00,0.64812,0.64881,0.64529,0.64539,9688
2024-12-04 04:00:00,0.64539,0.6457,0.64075,0.64421,16159
2024-12-04 08:00:00,0.64421,0.64507,0.64164,0.64187,17345
2024-12-04 12:00:00,0.64187,0.64206,0.6399,0.64074,15825
2024-12-04 16:00:00,0.64074,0.64405,0.64041,0.64393,23763
2024-12-04 20:00:00,0.64393,0.64431,0.64277,0.64277,11965
2024-12-05 00:00:00,0.64287,0.64345,0.64211,0.64285,7636
2024-12-05 04:00:00,0.64285,0.64381,0.64265,0.64365,7699
2024-12-05 08:00:00,0.64365,0.64528,0.64336,0.64382,11622
2024-12-05 12:00:00,0.64382,0.64465,0.64277,0.64427,14389
2024-12-05 16:00:00,0.64427,0.64527,0.6423,0.64378,18948
2024-12-05 20:00:00,0.64378,0.64546,0.64263,0.64522,9112
2024-12-06 00:00:00,0.64497,0.64556,0.64192,0.64233,10424
2024-12-06 04:00:00,0.64233,0.64412,0.64218,0.6432,10521
2024-12-06 08:00:00,0.6432,0.6432,0.64222,0.64261,11202
2024-12-06 12:00:00,0.64261,0.64447,0.64087,0.64344,18243
2024-12-06 16:00:00,0.64344,0.64358,0.63725,0.63784,28148
2024-12-06 20:00:00,0.63784,0.63921,0.63741,0.63893,8452
2024-12-09 00:00:00,0.6389,0.6402,0.63884,0.63963,7377
2024-12-09 04:00:00,0.63963,0.64034,0.63795,0.63851,8881
2024-12-09 08:00:00,0.63851,0.64463,0.63827,0.64396,16170
2024-12-09 12:00:00,0.64396,0.64666,0.64391,0.64642,12260
2024-12-09 16:00:00,0.64642,0.64715,0.64536,0.64546,15971
2024-12-09 20:00:00,0.64546,0.64557,0.64337,0.64386,8020
2024-12-10 00:00:00,0.64363,0.64415,0.64165,0.64239,8080
2024-12-10 04:00:00,0.64239,0.64324,0.63793,0.63962,17457
2024-12-10 08:00:00,0.63962,0.64032,0.63806,0.6394,15252
2024-12-10 12:00:00,0.63939,0.64024,0.63872,0.63938,14742
2024-12-10 16:00:00,0.63938,0.63995,0.63651,0.63731,18793
2024-12-10 20:00:00,0.6373,0.63841,0.63727,0.63782,7628
2024-12-11 00:00:00,0.63755,0.63821,0.63689,0.63805,7830
2024-12-11 04:00:00,0.63806,0.63892,0.63674,0.63715,9643
2024-12-11 08:00:00,0.63715,0.63748,0.63398,0.63467,22346
2024-12-11 12:00:00,0.63467,0.63768,0.63364,0.63679,20850
2024-12-11 16:00:00,0.63679,0.63777,0.63547,0.63649,25468
2024-12-11 20:00:00,0.6365,0.63759,0.63627,0.63681,11300
2024-12-12 00:00:00,0.63652,0.6414,0.63652,0.64109,12567
2024-12-12 04:00:00,0.6411,0.642,0.64032,0.64168,11735
2024-12-12 08:00:00,0.64169,0.64292,0.64013,0.64145,16323
2024-12-12 12:00:00,0.64144,0.64189,0.6388,0.63977,22267
2024-12-12 16:00:00,0.63977,0.64028,0.63678,0.638,30369
2024-12-12 20:00:00,0.638,0.63815,0.63609,0.63681,11904
2024-12-13 00:00:00,0.63692,0.63722,0.63588,0.63622,9113
2024-12-13 04:00:00,0.63622,0.63681,0.63542,0.63636,10283
2024-12-13 08:00:00,0.63637,0.63724,0.63545,0.63665,16203
2024-12-13 12:00:00,0.63665,0.63835,0.63649,0.63806,14663
2024-12-13 16:00:00,0.63805,0.63805,0.63517,0.63571,18338
2024-12-13 20:00:00,0.63571,0.63609,0.63534,0.63591,7596
2024-12-16 00:00:00,0.63511,0.63729,0.63511,0.63717,8420
2024-12-16 04:00:00,0.63718,0.63825,0.63616,0.63747,9254
2024-12-16 08:00:00,0.63746,0.63775,0.63637,0.63649,12733
2024-12-16 12:00:00,0.63648,0.63658,0.63497,0.63599,10611
2024-12-16 16:00:00,0.63599,0.63769,0.63448,0.63718,18253
2024-12-16 20:00:00,0.63719,0.6375,0.63638,0.63704,6753
2024-12-17 00:00:00,0.6361,0.63777,0.6361,0.6373,7889
2024-12-17 04:00:00,0.63731,0.63751,0.63498,0.63503,8752
2024-12-17 08:00:00,0.63503,0.63569,0.63396,0.63416,11571
2024-12-17 12:00:00,0.63415,0.6352,0.63365,0.63509,13085
2024-12-17 16:00:00,0.63509,0.63549,0.63322,0.63409,18102
2024-12-17 20:00:00,0.63409,0.63427,0.63313,0.63366,7212
2024-12-18 00:00:00,0.63338,0.63389,0.63247,0.63289,6789
2024-12-18 04:00:00,0.6329,0.63311,0.63096,0.63129,9180
2024-12-18 08:00:00,0.63128,0.63231,0.63049,0.63066,12157
2024-12-18 12:00:00,0.63067,0.63258,0.63066,0.63226,11828
2024-12-18 16:00:00,0.63227,0.6327,0.62989,0.63025,16820
2024-12-18 20:00:00,0.63026,0.63075,0.62136,0.62136,42914
2024-12-19 00:00:00,0.62147,0.62273,0.61989,0.62244,14481
2024-12-19 04:00:00,0.62244,0.62339,0.62143,0.62167,12612
2024-12-19 08:00:00,0.62166,0.62467,0.62148,0.62431,21219
2024-12-19 12:00:00,0.6243,0.62583,0.6239,0.62523,19664
2024-12-19 16:00:00,0.62522,0.6265,0.62465,0.6247,25480
2024-12-19 20:00:00,0.62469,0.62547,0.62365,0.62387,13182
2024-12-20 00:00:00,0.62315,0.62385,0.62197,0.62294,10213
2024-12-20 04:00:00,0.62294,0.62309,0.62147,0.62241,11156
2024-12-20 08:00:00,0.62241,0.62492,0.62217,0.6233,19090
2024-12-20 12:00:00,0.62329,0.62473,0.62245,0.62355,16829
2024-12-20 16:00:00,0.62355,0.62743,0.6229,0.62649,27948
2024-12-20 20:00:00,0.62648,0.62705,0.62494,0.62519,11494
2024-12-23 00:00:00,0.62559,0.62585,0.6244,0.62549,9355
2024-12-23 04:00:00,0.62548,0.62613,0.62475,0.62604,6957
2024-12-23 08:00:00,0.62605,0.62649,0.62465,0.62584,11715
2024-12-23 12:00:00,0.62583,0.62589,0.62283,0.62291,12883
2024-12-23 16:00:00,0.62292,0.62486,0.62185,0.62444,21299
2024-12-23 20:00:00,0.62443,0.62523,0.62435,0.62486,10566
2024-12-24 00:00:00,0.62422,0.62485,0.62322,0.62365,5523
2024-12-24 04:00:00,0.62366,0.62447,0.62244,0.62415,7292
2024-12-24 08:00:00,0.62415,0.62485,0.62354,0.62358,8320
2024-12-24 12:00:00,0.62358,0.62381,0.62267,0.6237,9934
2024-12-24 16:00:00,0.6237,0.62412,0.62259,0.62282,13521
2024-12-24 20:00:00,0.62283,0.62429,0.62267,0.62384,4123
2024-12-26 00:00:00,0.62366,0.62469,0.62322,0.62429,7343
2024-12-26 04:00:00,0.62429,0.62541,0.62368,0.62374,6747
2024-12-26 08:00:00,0.62374,0.62394,0.62226,0.62259,8633
2024-12-26 12:00:00,0.62259,0.62351,0.62221,0.62249,10751
2024-12-26 16:00:00,0.62249,0.62291,0.62155,0.62199,15422
2024-12-26 20:00:00,0.62199,0.62292,0.62192,0.62208,9021
2024-12-27 00:00:00,0.62194,0.62258,0.62144,0.62198,7339
2024-12-27 04:00:00,0.62198,0.62212,0.62047,0.6205,7195
2024-12-27 08:00:00,0.62051,0.6226,0.62048,0.62095,11061
2024-12-27 12:00:00,0.62095,0.62257,0.62053,0.62194,11817
2024-12-27 16:00:00,0.62195,0.62211,0.62004,0.62067,20321
2024-12-27 20:00:00,0.62066,0.62197,0.62065,0.62152,9819
2024-12-30 00:00:00,0.62138,0.6234,0.62115,0.62313,4958
2024-12-30 04:00:00,0.62313,0.62463,0.62289,0.62424,5422
2024-12-30 08:00:00,0.62423,0.62465,0.62204,0.62239,10178
2024-12-30 12:00:00,0.62239,0.62429,0.62154,0.62164,11198
2024-12-30 16:00:00,0.62165,0.62261,0.62015,0.62255,23705
2024-12-30 20:00:00,0.62255,0.6233,0.6219,0.62209,8406
2024-12-31 00:00:00,0.62152,0.62314,0.62112,0.62284,5699
2024-12-31 04:00:00,0.62283,0.62287,0.62104,0.62161,5597
2024-12-31 08:00:00,0.6216,0.6225,0.62073,0.62183,9609
2024-12-31 12:00:00,0.62184,0.62185,0.61911,0.62005,12866
2024-12-31 16:00:00,0.62005,0.62062,0.61789,0.61845,22343
2024-12-31 20:00:00,0.61845,0.6194,0.61824,0.61877,8734
2025-01-02 00:00:00,0.61817,0.62155,0.61794,0.62114,8075
2025-01-02 04:00:00,0.62113,0.62226,0.62096,0.62162,7704
2025-01-02 08:00:00,0.62162,0.62197,0.62006,0.62175,11857
2025-01-02 12:00:00,0.62177,0.62202,0.62036,0.6215,17530
2025-01-02 16:00:00,0.6215,0.62208,0.61962,0.62017,29868
2025-01-02 20:00:00,0.62017,0.62058,0.61918,0.62016,13006
2025-01-03 00:00:00,0.6197,0.62169,0.61938,0.62116,6383
2025-01-03 04:00:00,0.62115,0.62207,0.62084,0.62161,7455
2025-01-03 08:00:00,0.62161,0.62209,0.62019,0.62131,16167
2025-01-03 12:00:00,0.62129,0.62254,0.62116,0.62166,11119
2025-01-03 16:00:00,0.62166,0.622,0.61976,0.62107,19215
2025-01-03 20:00:00,0.62107,0.62208,0.62083,0.62162,8169
2025-01-06 00:00:00,0.62084,0.62396,0.62049,0.62269,9345
2025-01-06 04:00:00,0.62269,0.62334,0.62188,0.6229,8604
2025-01-06 08:00:00,0.62289,0.62525,0.6224,0.62451,13324
2025-01-06 12:00:00,0.62452,0.6302,0.62342,0.62897,30744
2025-01-06 16:00:00,0.62898,0.62953,0.62362,0.62413,36041
2025-01-06 20:00:00,0.62413,0.62469,0.62343,0.62452,10580
2025-01-07 00:00:00,0.62402,0.62539,0.62371,0.62501,8948
2025-01-07 04:00:00,0.62502,0.62689,0.62466,0.62677,9601
2025-01-07 08:00:00,0.62676,0.6287,0.62634,0.62836,14687
2025-01-07 12:00:00,0.62838,0.6288,0.62715,0.62716,13253
2025-01-07 16:00:00,0.62717,0.62717,0.6237,0.62448,20325
2025-01-07 20:00:00,0.62448,0.62471,0.62277,0.62295,7508
2025-01-08 00:00:00,0.62288,0.62419,0.62116,0.62226,7261
2025-01-08 04:00:00,0.62227,0.62352,0.62209,0.62323,5879
2025-01-08 08:00:00,0.62324,0.62356,0.62159,0.62207,10647
2025-01-08 12:00:00,0.62208,0.62215,0.61873,0.6204,16139
2025-01-08 16:00:00,0.6204,0.62168,0.61969,0.62064,16612
2025-01-08 20:00:00,0.62064,0.62193,0.62057,0.62141,11076
2025-01-09 00:00:00,0.62094,0.62153,0.61978,0.62012,6394
2025-01-09 04:00:00,0.62012,0.62079,0.61939,0.61996,6428
2025-01-09 08:00:00,0.61995,0.6201,0.61718,0.61916,12531
2025-01-09 12:00:00,0.61915,0.62042,0.61898,0.61973,10388
2025-01-09 16:00:00,0.61973,0.62014,0.61892,0.61952,8751
2025-01-09 20:00:00,0.61951,0.61995,0.61927,0.6195,3925
2025-01-10 00:00:00,0.61949,0.62058,0.6188,0.61999,4967
2025-01-10 04:00:00,0.61998,0.62008,0.61886,0.61918,5607
2025-01-10 08:00:00,0.61918,0.61971,0.61818,0.61829,8990
2025-01-10 12:00:00,0.61829,0.61913,0.61392,0.61536,13111
2025-01-10 16:00:00,0.61536,0.61717,0.61405,0.61546,24346
2025-01-10 20:00:00,0.61545,0.61562,0.61402,0.61417,10461
2025-01-13 00:00:00,0.6146,0.61624,0.61419,0.61585,6323
2025-01-13 04:00:00,0.61585,0.61628,0.61309,0.61389,7597
2025-01-13 08:00:00,0.61389,0.61567,0.61363,0.61375,12712
2025-01-13 12:00:00,0.61375,0.61582,0.61372,0.61497,12048
2025-01-13 16:00:00,0.61498,0.61605,0.61445,0.616,15349
2025-01-13 20:00:00,0.61601,0.61724,0.61541,0.61717,8334
2025-01-14 00:00:00,0.61761,0.62028,0.61674,0.61891,7620
2025-01-14 04:00:00,0.61891,0.61924,0.61792,0.61834,6749
2025-01-14 08:00:00,0.61835,0.62071,0.61823,0.61898,11861
2025-01-14 12:00:00,0.61898,0.6195,0.61658,0.61742,12176
2025-01-14 16:00:00,0.61745,0.61987,0.61682,0.6183,17749
2025-01-14 20:00:00,0.61828,0.61936,0.61815,0.61922,7972
2025-01-15 00:00:00,0.61927,0.61958,0.61809,0.61868,4322
2025-01-15 04:00:00,0.61868,0.61953,0.61823,0.61871,4932
2025-01-15 08:00:00,0.61871,0.62115,0.61857,0.62061,9529
2025-01-15 12:00:00,0.62061,0.62465,0.6194,0.62429,11724
2025-01-15 16:00:00,0.62431,0.62455,0.62088,0.62201,18829
2025-01-15 20:00:00,0.62202,0.62308,0.62187,0.62243,6635
2025-01-16 00:00:00,0.62204,0.62463,0.62199,0.62232,6751
2025-01-16 04:00:00,0.62235,0.62257,0.61952,0.61988,6878
2025-01-16 08:00:00,0.61988,0.62196,0.61988,0.62133,9852
2025-01-16 12:00:00,0.62133,0.62155,0.61919,0.62066,11102
2025-01-16 16:00:00,0.62067,0.62288,0.62004,0.62169,19553
2025-01-16 20:00:00,0.62169,0.62198,0.62075,0.62092,7969
2025-01-17 00:00:00,0.62082,0.62143,0.62056,0.62116,4595
2025-01-17 04:00:00,0.62121,0.62193,0.6195,0.62023,6399
2025-01-17 08:00:00,0.62023,0.62139,0.61958,0.62028,8605
2025-01-17 12:00:00,0.62029,0.62062,0.61743,0.61774,9612
2025-01-17 16:00:00,0.61774,0.62272,0.61645,0.62044,18698
2025-01-17 20:00:00,0.62045,0.62065,0.61897,0.61904,7022
2025-01-20 00:00:00,0.61971,0.62093,0.61897,0.62081,5550
2025-01-20 04:00:00,0.62081,0.62181,0.6204,0.62068,6150
2025-01-20 08:00:00,0.62068,0.62225,0.61968,0.61994,8642
2025-01-20 12:00:00,0.61994,0.62686,0.61986,0.62652,13041
2025-01-20 16:00:00,0.6265,0.62866,0.62319,0.62545,19262
2025-01-20 20:00:00,0.62545,0.62842,0.62508,0.62708,5476
2025-01-21 00:00:00,0.62669,0.62886,0.6208,0.62309,15518
2025-01-21 04:00:00,0.62312,0.626,0.62306,0.62321,9913
2025-01-21 08:00:00,0.62322,0.62428,0.62243,0.62319,11081
2025-01-21 12:00:00,0.62319,0.62404,0.62142,0.62383,12505
2025-01-21 16:00:00,0.62385,0.62745,0.62343,0.62673,17529
2025-01-21 20:00:00,0.62673,0.62753,0.62627,0.62738,6689
2025-01-22 00:00:00,0.62725,0.62773,0.62549,0.62632,7569
2025-01-22 04:00:00,0.62632,0.62693,0.62597,0.62647,6041
2025-01-22 08:00:00,0.62647,0.62844,0.62526,0.62844,11210
2025-01-22 12:00:00,0.62844,0.62954,0.62753,0.62828,10856
2025-01-22 16:00:00,0.62828,0.62838,0.62638,0.62771,14268
2025-01-22 20:00:00,0.62769,0.62815,0.62693,0.62719,7201
2025-01-23 00:00:00,0.62718,0.62817,0.62665,0.62733,5305
2025-01-23 04:00:00,0.62733,0.62778,0.62673,0.62712,6321
2025-01-23 08:00:00,0.62711,0.62739,0.62551,0.6264,8297
2025-01-23 12:00:00,0.6264,0.62745,0.62595,0.62723,9646
2025-01-23 16:00:00,0.62724,0.62996,0.62549,0.62974,17689
2025-01-23 20:00:00,0.62975,0.62985,0.62824,0.62828,8630
2025-01-24 00:00:00,0.6284,0.62861,0.62782,0.62826,4116
2025-01-24 04:00:00,0.62825,0.63239,0.62825,0.63237,12248
2025-01-24 08:00:00,0.63237,0.63306,0.63119,0.63228,14735
2025-01-24 12:00:00,0.63229,0.63242,0.63031,0.63049,11037
2025-01-24 16:00:00,0.6305,0.63265,0.63016,0.63189,16307
2025-01-24 20:00:00,0.63189,0.632,0.63102,0.63146,7984
2025-01-27 00:00:00,0.63007,0.63032,0.62857,0.62878,6649
2025-01-27 04:00:00,0.62876,0.63018,0.62826,0.62905,7722
2025-01-27 08:00:00,0.62905,0.62972,0.6277,0.62927,13551
2025-01-27 12:00:00,0.62927,0.63078,0.6289,0.62926,16962
2025-01-27 16:00:00,0.62926,0.6294,0.62749,0.62766,16927
2025-01-27 20:00:00,0.62766,0.62956,0.62746,0.6292,9348
2025-01-28 00:00:00,0.62895,0.62931,0.62522,0.62574,10495
2025-01-28 04:00:00,0.62571,0.62645,0.62458,0.62526,8180
2025-01-28 08:00:00,0.62526,0.62581,0.6243,0.62534,11107
2025-01-28 12:00:00,0.62532,0.62573,0.62363,0.6239,10750
2025-01-28 16:00:00,0.6239,0.62546,0.6239,0.62478,13740
2025-01-28 20:00:00,0.6248,0.62563,0.62442,0.62515,8033
2025-01-29 00:00:00,0.62482,0.62554,0.62265,0.62317,4500
2025-01-29 04:00:00,0.62317,0.62459,0.6231,0.62457,4923
2025-01-29 08:00:00,0.62466,0.62497,0.62253,0.62259,9747
2025-01-29 12:00:00,0.62259,0.62301,0.621,0.62132,10544
2025-01-29 16:00:00,0.62132,0.62357,0.62131,0.62306,15602
2025-01-29 20:00:00,0.62308,0.62389,0.62132,0.62309,17462
2025-01-30 00:00:00,0.62269,0.62434,0.62258,0.62381,4260
2025-01-30 04:00:00,0.62381,0.62424,0.6219,0.62199,5631
2025-01-30 08:00:00,0.62199,0.62346,0.62149,0.62269,9321
2025-01-30 12:00:00,0.62269,0.62364,0.6221,0.62343,11618
2025-01-30 16:00:00,0.62339,0.62389,0.62245,0.62296,15416
2025-01-30 20:00:00,0.62299,0.62399,0.61987,0.62084,10362
2025-01-31 00:00:00,0.62044,0.6217,0.62018,0.62139,5461
2025-01-31 04:00:00,0.62139,0.62302,0.62123,0.62232,5419
2025-01-31 08:00:00,0.62232,0.62369,0.62194,0.62236,9887
2025-01-31 12:00:00,0.62236,0.62247,0.62098,0.62203,10326
2025-01-31 16:00:00,0.62203,0.62625,0.62103,0.62556,18562
2025-01-31 20:00:00,0.62557,0.62568,0.62067,0.62093,19670
2025-02-03 00:00:00,0.61571,0.61646,0.61132,0.61155,18597
2025-02-03 04:00:00,0.61154,0.61264,0.60875,0.61206,15381
2025-02-03 08:00:00,0.61206,0.61494,0.61195,0.61413,16409
2025-02-03 12:00:00,0.61413,0.61741,0.61361,0.61602,13857
2025-02-03 16:00:00,0.61602,0.61975,0.61399,0.61783,29912
2025-02-03 20:00:00,0.61786,0.62375,0.61715,0.62235,13863
2025-02-04 00:00:00,0.62224,0.62335,0.61991,0.62084,8120
2025-02-04 04:00:00,0.62084,0.62132,0.61705,0.6185,10435
2025-02-04 08:00:00,0.61849,0.6211,0.61845,0.62069,13131
2025-02-04 12:00:00,0.6207,0.62173,0.62043,0.62163,10553
2025-02-04 16:00:00,0.62163,0.62595,0.62163,0.62519,17434
2025-02-04 20:00:00,0.62518,0.62617,0.62499,0.62564,6946
2025-02-05 00:00:00,0.62531,0.626,0.62425,0.62427,6167
2025-02-05 04:00:00,0.62426,0.62559,0.62399,0.62524,6675
2025-02-05 08:00:00,0.62524,0.62843,0.62485,0.62786,12225
2025-02-05 12:00:00,0.62787,0.62898,0.62756,0.62777,11074
2025-02-05 16:00:00,0.62777,0.62968,0.62745,0.62919,15203
2025-02-05 20:00:00,0.62919,0.6293,0.62824,0.62844,5797
2025-02-06 00:00:00,0.62837,0.62879,0.62788,0.62842,4661
2025-02-06 04:00:00,0.62841,0.62841,0.62613,0.62625,5375
2025-02-06 08:00:00,0.62625,0.6272,0.62551,0.62612,8866
2025-02-06 12:00:00,0.62612,0.62696,0.62574,0.62634,10780
2025-02-06 16:00:00,0.62636,0.62863,0.62604,0.6285,11188
2025-02-06 20:00:00,0.6285,0.62878,0.62789,0.62839,5910
2025-02-07 00:00:00,0.62741,0.62914,0.62726,0.62897,3983
2025-02-07 04:00:00,0.62897,0.62955,0.62786,0.62795,5079
2025-02-07 08:00:00,0.62795,0.62976,0.62782,0.62939,7580
2025-02-07 12:00:00,0.62938,0.63003,0.62652,0.62768,10882
2025-02-07 16:00:00,0.62767,0.6298,0.62528,0.62683,25440
2025-02-07 20:00:00,0.62683,0.62785,0.62664,0.62692,8106
2025-02-10 00:00:00,0.62376,0.62685,0.62374,0.62546,8405
2025-02-10 04:00:00,0.62546,0.62772,0.62539,0.62717,5457
2025-02-10 08:00:00,0.62717,0.62825,0.6267,0.62786,9582
2025-02-10 12:00:00,0.62785,0.62841,0.6268,0.62824,8157
2025-02-10 16:00:00,0.62824,0.62874,0.62732,0.62765,10102
2025-02-10 20:00:00,0.62764,0.62812,0.62745,0.62774,4343
2025-02-11 00:00:00,0.6273,0.62825,0.62643,0.62724,5125
2025-02-11 04:00:00,0.62724,0.62767,0.62604,0.62758,5162
2025-02-11 08:00:00,0.62755,0.62868,0.62733,0.62765,8800
2025-02-11 12:00:00,0.62765,0.62837,0.62692,0.62786,8435
2025-02-11 16:00:00,0.62784,0.62967,0.6278,0.62911,10026
2025-02-11 20:00:00,0.62911,0.63017,0.62863,0.62936,6130
2025-02-12 00:00:00,0.62931,0.6301,0.6288,0.63009,4419
2025-02-12 04:00:00,0.63009,0.63094,0.62881,0.62917,5780
2025-02-12 08:00:00,0.62917,0.62934,0.62763,0.62778,9046
2025-02-12 12:00:00,0.62778,0.62822,0.6238,0.62436,11268
2025-02-12 16:00:00,0.62433,0.63057,0.62349,0.63028,19537
2025-02-12 20:00:00,0.63028,0.63056,0.6277,0.62789,8330
2025-02-13 00:00:00,0.6278,0.62864,0.62739,0.62822,4570
2025-02-13 04:00:00,0.62822,0.62989,0.62757,0.62963,7678
2025-02-13 08:00:00,0.62963,0.62969,0.62638,0.62672,10802
2025-02-13 12:00:00,0.62673,0.62718,0.62547,0.62628,11541
2025-02-13 16:00:00,0.62629,0.63029,0.62546,0.62882,13170
2025-02-13 20:00:00,0.62884,0.63226,0.62697,0.63187,11484
2025-02-14 00:00:00,0.63137,0.63253,0.63102,0.63218,6002
2025-02-14 04:00:00,0.63218,0.63276,0.63156,0.6319,6151
2025-02-14 08:00:00,0.6319,0.63452,0.6318,0.63411,10965
2025-02-14 12:00:00,0.63411,0.6358,0.63319,0.63535,10166
2025-02-14 16:00:00,0.63535,0.63677,0.63523,0.63591,11717
2025-02-14 20:00:00,0.63592,0.63597,0.6354,0.63541,4852
2025-02-17 00:00:00,0.63461,0.63721,0.63456,0.63684,7026
2025-02-17 04:00:00,0.63683,0.63737,0.63585,0.63674,7588
2025-02-17 08:00:00,0.63674,0.63725,0.63571,0.63669,9055
2025-02-17 12:00:00,0.63667,0.63677,0.63597,0.63654,6706
2025-02-17 16:00:00,0.63654,0.63693,0.63629,0.63647,5111
2025-02-17 20:00:00,0.63647,0.63653,0.63544,0.63564,2896
2025-02-18 00:00:00,0.63548,0.63576,0.63353,0.63405,5026
2025-02-18 04:00:00,0.63405,0.63677,0.63343,0.63564,9090
2025-02-18 08:00:00,0.63564,0.63648,0.63491,0.63605,8689
2025-02-18 12:00:00,0.63606,0.63625,0.6341,0.6343,7521
2025-02-18 16:00:00,0.6343,0.63559,0.63423,0.63458,9088
2025-02-18 20:00:00,0.63458,0.63544,0.63436,0.63529,4055
2025-02-19 00:00:00,0.6347,0.63549,0.63419,0.63507,5202
2025-02-19 04:00:00,0.63505,0.63678,0.63452,0.6367,5907
2025-02-19 08:00:00,0.6367,0.63699,0.6356,0.63571,8107
2025-02-19 12:00:00,0.63571,0.63574,0.63444,0.63503,7999
2025-02-19 16:00:00,0.63502,0.63657,0.63365,0.63411,10908
2025-02-19 20:00:00,0.63411,0.6352,0.63372,0.63461,5463
2025-02-20 00:00:00,0.63396,0.63551,0.63275,0.63333,6167
2025-02-20 04:00:00,0.63333,0.63665,0.63309,0.63624,8643
2025-02-20 08:00:00,0.63624,0.63797,0.63612,0.63756,9305
2025-02-20 12:00:00,0.63756,0.63838,0.63679,0.63754,9770
2025-02-20 16:00:00,0.63754,0.64022,0.63716,0.63965,12878
2025-02-20 20:00:00,0.63962,0.6404,0.63944,0.64012,5084
2025-02-21 00:00:00,0.63935,0.64082,0.63911,0.6392,5964
2025-02-21 04:00:00,0.6392,0.64078,0.63868,0.63886,7902
2025-02-21 08:00:00,0.63886,0.6393,0.63812,0.63861,10258
2025-02-21 12:00:00,0.63861,0.63908,0.63796,0.6384,7217
2025-02-21 16:00:00,0.6384,0.63922,0.63699,0.63714,11927
2025-02-21 20:00:00,0.63712,0.63714,0.63517,0.63564,7732
2025-02-24 00:00:00,0.63579,0.63765,0.63578,0.63698,8824
2025-02-24 04:00:00,0.63696,0.63921,0.63679,0.63764,8874
2025-02-24 08:00:00,0.63764,0.63818,0.63607,0.63654,11206
2025-02-24 12:00:00,0.63654,0.63719,0.63601,0.63683,8539
2025-02-24 16:00:00,0.63683,0.63711,0.63441,0.63581,12839
2025-02-24 20:00:00,0.63581,0.6365,0.63446,0.6348,6345
2025-02-25 00:00:00,0.63482,0.63491,0.63363,0.63443,5530
2025-02-25 04:00:00,0.63442,0.63563,0.63415,0.63546,6328
2025-02-25 08:00:00,0.63546,0.63563,0.63319,0.63322,10546
2025-02-25 12:00:00,0.63322,0.63516,0.63257,0.63456,9227
2025-02-25 16:00:00,0.63456,0.63461,0.63221,0.63345,15327
2025-02-25 20:00:00,0.63345,0.6348,0.63345,0.63444,8201
2025-02-26 00:00:00,0.63416,0.63536,0.63293,0.63379,5670
2025-02-26 04:00:00,0.63379,0.6341,0.632,0.63232,7716
2025-02-26 08:00:00,0.63232,0.63393,0.63218,0.63236,9614
2025-02-26 12:00:00,0.63234,0.63258,0.63046,0.63051,8363
2025-02-26 16:00:00,0.63051,0.6335,0.62992,0.63158,15097
2025-02-26 20:00:00,0.63157,0.63208,0.62957,0.63033,8925
2025-02-27 00:00:00,0.63017,0.63144,0.62964,0.63068,6442
2025-02-27 04:00:00,0.63066,0.63097,0.62852,0.62917,8167
2025-02-27 08:00:00,0.62918,0.63035,0.62913,0.63021,9546
2025-02-27 12:00:00,0.63021,0.63042,0.62654,0.62668,11438
2025-02-27 16:00:00,0.62667,0.62746,0.6244,0.62464,17926
2025-02-27 20:00:00,0.62465,0.62544,0.62316,0.62343,8629
2025-02-28 00:00:00,0.62336,0.62382,0.62204,0.6221,7142
2025-02-28 04:00:00,0.62209,0.62255,0.62099,0.62138,8910
2025-02-28 08:00:00,0.62138,0.622,0.62085,0.62143,10343
2025-02-28 12:00:00,0.62143,0.62218,0.62109,0.62127,8573
2025-02-28 16:00:00,0.62128,0.62201,0.62048,0.62055,15259
2025-02-28 20:00:00,0.62055,0.62087,0.61924,0.62082,11965
2025-03-03 00:00:00,0.6213,0.62302,0.62078,0.62268,9028
2025-03-03 04:00:00,0.62268,0.62305,0.62104,0.62169,8026
2025-03-03 08:00:00,0.62168,0.62253,0.62083,0.62237,9985
2025-03-03 12:00:00,0.62237,0.62335,0.62201,0.62329,10446
2025-03-03 16:00:00,0.62329,0.62542,0.62323,0.62475,14829
2025-03-03 20:00:00,0.62472,0.62512,0.62035,0.6222,15185
2025-03-04 00:00:00,0.62202,0.62244,0.62051,0.62099,9329
2025-03-04 04:00:00,0.62097,0.62124,0.61867,0.62013,12208
2025-03-04 08:00:00,0.62014,0.62297,0.6198,0.62215,14493
2025-03-04 12:00:00,0.62214,0.62439,0.62166,0.62254,14699
2025-03-04 16:00:00,0.62253,0.62302,0.61962,0.62152,22414
2025-03-04 20:00:00,0.62151,0.62713,0.6214,0.62696,17517
2025-03-05 00:00:00,0.62649,0.62792,0.62499,0.62502,9303
2025-03-05 04:00:00,0.62502,0.62561,0.62336,0.62542,11294
2025-03-05 08:00:00,0.62542,0.62908,0.62522,0.62841,14397
2025-03-05 12:00:00,0.6284,0.62947,0.627,0.62943,14475
2025-03-05 16:00:00,0.62943,0.63244,0.62921,0.63235,23503
2025-03-05 20:00:00,0.63234,0.63422,0.63127,0.63357,11470
2025-03-06 00:00:00,0.63267,0.63529,0.63263,0.63512,7271
2025-03-06 04:00:00,0.63512,0.63564,0.63334,0.63375,8832
2025-03-06 08:00:00,0.63375,0.63489,0.63239,0.63326,14925
2025-03-06 12:00:00,0.63326,0.63449,0.63222,0.63321,14568
2025-03-06 16:00:00,0.63322,0.63634,0.6329,0.6339,23208
2025-03-06 20:00:00,0.63389,0.63458,0.63291,0.63316,13351
2025-03-07 00:00:00,0.63265,0.63375,0.63138,0.63194,6612
2025-03-07 04:00:00,0.63194,0.63211,0.63,0.63012,8638
2025-03-07 08:00:00,0.63012,0.63215,0.62966,0.63133,12177
2025-03-07 12:00:00,0.63133,0.63136,0.6285,0.62852,14590
2025-03-07 16:00:00,0.62856,0.63167,0.62819,0.62927,23291
2025-03-07 20:00:00,0.62927,0.63126,0.62897,0.6307,12151
2025-03-10 00:00:00,0.63046,0.63143,0.62955,0.63108,7334
2025-03-10 04:00:00,0.63108,0.632,0.63012,0.63064,8877
2025-03-10 08:00:00,0.63064,0.63236,0.63042,0.63125,11268
2025-03-10 12:00:00,0.63125,0.63308,0.63115,0.63254,12827
2025-03-10 16:00:00,0.63254,0.63289,0.62982,0.62997,17167
2025-03-10 20:00:00,0.62996,0.63,0.62645,0.6277,12199
2025-03-11 00:00:00,0.62776,0.62848,0.62708,0.62769,5508
2025-03-11 04:00:00,0.6277,0.62883,0.62586,0.62771,12307
2025-03-11 08:00:00,0.62771,0.6292,0.62625,0.62907,13201
2025-03-11 12:00:00,0.62908,0.62975,0.62794,0.62908,11677
2025-03-11 16:00:00,0.62908,0.62978,0.62657,0.62834,21646
2025-03-11 20:00:00,0.62835,0.63115,0.62768,0.62972,14807
2025-03-12 00:00:00,0.62971,0.62996,0.62835,0.62933,4298
2025-03-12 04:00:00,0.62933,0.62972,0.62819,0.62885,8340
2025-03-12 08:00:00,0.62887,0.62988,0.62762,0.62982,11142
2025-03-12 12:00:00,0.62986,0.63207,0.62776,0.62846,12902
2025-03-12 16:00:00,0.62847,0.63146,0.62806,0.63085,18314
2025-03-12 20:00:00,0.63085,0.63223,0.63068,0.63214,9516
2025-03-13 00:00:00,0.63185,0.63333,0.63164,0.63267,3910
2025-03-13 04:00:00,0.6327,0.63302,0.63077,0.63098,7920
2025-03-13 08:00:00,0.63098,0.63099,0.62877,0.62908,11488
2025-03-13 12:00:00,0.62908,0.63006,0.62716,0.62759,11628
2025-03-13 16:00:00,0.6276,0.62969,0.62691,0.629,16645
2025-03-13 20:00:00,0.62899,0.62906,0.62756,0.6285,8869
2025-03-14 00:00:00,0.62836,0.62892,0.62777,0.62845,4783
2025-03-14 04:00:00,0.62845,0.62947,0.62801,0.62936,9211
2025-03-14 08:00:00,0.62934,0.63106,0.62895,0.631,9309
2025-03-14 12:00:00,0.63101,0.63253,0.62978,0.63207,11626
2025-03-14 16:00:00,0.63207,0.63254,0.63122,0.63239,13827
2025-03-14 20:00:00,0.63237,0.63311,0.632,0.63275,6478
2025-03-17 00:00:00,0.63151,0.63335,0.63147,0.63293,4185
2025-03-17 04:00:00,0.63293,0.6338,0.63235,0.63254,6910
2025-03-17 08:00:00,0.63254,0.63421,0.6321,0.63402,7458
2025-03-17 12:00:00,0.63402,0.63536,0.63383,0.63465,8857
2025-03-17 16:00:00,0.63465,0.63808,0.63464,0.63794,11469
2025-03-17 20:00:00,0.63794,0.63906,0.63782,0.63844,6431
2025-03-18 00:00:00,0.63812,0.63872,0.6379,0.63809,3143
2025-03-18 04:00:00,0.6381,0.63882,0.63669,0.63741,5999
2025-03-18 08:00:00,0.63741,0.63907,0.63665,0.63875,6500
2025-03-18 12:00:00,0.63875,0.63881,0.63619,0.63647,7444
2025-03-18 16:00:00,0.63646,0.63692,0.63439,0.63584,11459
2025-03-18 20:00:00,0.63584,0.6364,0.63556,0.63608,6558
2025-03-19 00:00:00,0.63599,0.63646,0.63573,0.63614,2795
2025-03-19 04:00:00,0.63614,0.63664,0.63551,0.63558,5456
2025-03-19 08:00:00,0.63558,0.63607,0.63243,0.63271,9150
2025-03-19 12:00:00,0.63272,0.63392,0.63211,0.63335,8164
2025-03-19 16:00:00,0.63335,0.63354,0.63225,0.63318,9542
2025-03-19 20:00:00,0.63318,0.63631,0.6319,0.63565,13746
2025-03-20 00:00:00,0.63558,0.63636,0.63284,0.63431,4932
2025-03-20 04:00:00,0.63431,0.63482,0.63283,0.63434,8736
2025-03-20 08:00:00,0.63434,0.63434,0.6308,0.63108,8306
2025-03-20 12:00:00,0.63109,0.63134,0.62827,0.62857,10848
2025-03-20 16:00:00,0.62857,0.63014,0.62709,0.62931,12455
2025-03-20 20:00:00,0.62931,0.63059,0.62898,0.63019,6143
2025-03-21 00:00:00,0.62982,0.6306,0.6297,0.63021,3362
2025-03-21 04:00:00,0.63021,0.63036,0.62859,0.62889,6327
2025-03-21 08:00:00,0.62889,0.63004,0.6284,0.62921,8055
2025-03-21 12:00:00,0.62921,0.62984,0.62836,0.62848,8100
2025-03-21 16:00:00,0.62848,0.62848,0.62577,0.62745,12719
2025-03-21 20:00:00,0.62746,0.62792,0.62698,0.62708,5302
2025-03-24 00:00:00,0.62687,0.62949,0.62676,0.62925,4420
2025-03-24 04:00:00,0.62925,0.62932,0.62723,0.62786,6886
2025-03-24 08:00:00,0.62786,0.6299,0.62745,0.62946,8057
2025-03-24 12:00:00,0.62948,0.63052,0.62817,0.62848,7395
2025-03-24 16:00:00,0.62848,0.62975,0.62673,0.62714,11572
2025-03-24 20:00:00,0.62714,0.62884,0.62683,0.62859,6396
2025-03-25 00:00:00,0.62833,0.62872,0.62798,0.62842,2867
2025-03-25 04:00:00,0.62842,0.62946,0.62829,0.62864,6115
2025-03-25 08:00:00,0.62864,0.62928,0.62782,0.62839,7145
2025-03-25 12:00:00,0.62838,0.63236,0.62831,0.63197,8969
2025-03-25 16:00:00,0.63197,0.63252,0.63038,0.63047,10712
2025-03-25 20:00:00,0.63051,0.63103,0.62959,0.6301,5462
2025-03-26 00:00:00,0.62982,0.6309,0.62888,0.6289,3894
2025-03-26 04:00:00,0.6289,0.63109,0.6278,0.63104,7720
2025-03-26 08:00:00,0.63104,0.63233,0.63054,0.63218,8914
2025-03-26 12:00:00,0.63218,0.63303,0.6313,0.63144,8524
2025-03-26 16:00:00,0.63149,0.63185,0.62984,0.63033,11586
2025-03-26 20:00:00,0.63032,0.63041,0.62835,0.62964,8647
2025-03-27 00:00:00,0.62965,0.63,0.6279,0.62916,6119
2025-03-27 04:00:00,0.62917,0.63178,0.62897,0.63128,7522
2025-03-27 08:00:00,0.63128,0.63181,0.62985,0.63134,9839
2025-03-27 12:00:00,0.63134,0.63178,0.63033,0.63094,8229
2025-03-27 16:00:00,0.63096,0.6315,0.62944,0.63025,11389
2025-03-27 20:00:00,0.63026,0.6309,0.62982,0.63043,5010
2025-03-28 00:00:00,0.62987,0.6305,0.62899,0.62955,3152
2025-03-28 04:00:00,0.62954,0.62967,0.62806,0.62825,5938
2025-03-28 08:00:00,0.62825,0.62996,0.62818,0.62969,6866
2025-03-28 12:00:00,0.62969,0.63043,0.62887,0.63024,6754
2025-03-28 16:00:00,0.63026,0.6312,0.62898,0.62914,13081
2025-03-28 20:00:00,0.62914,0.62917,0.62836,0.62882,6176
2025-03-31 00:00:00,0.62838,0.62891,0.62689,0.62866,6499
2025-03-31 04:00:00,0.62866,0.63002,0.62748,0.62786,8275
2025-03-31 08:00:00,0.62786,0.629,0.62543,0.62574,10261
2025-03-31 12:00:00,0.62574,0.62595,0.62358,0.6236,7529
2025-03-31 16:00:00,0.6236,0.62473,0.62185,0.62407,11695
2025-03-31 20:00:00,0.62407,0.62534,0.62406,0.6247,5960
2025-04-01 00:00:00,0.62431,0.62469,0.62369,0.62412,3947
2025-04-01 04:00:00,0.62412,0.62687,0.62317,0.62684,8133
2025-04-01 08:00:00,0.62685,0.62685,0.62425,0.62564,9469
2025-04-01 12:00:00,0.62563,0.62621,0.62448,0.62527,9822
2025-04-01 16:00:00,0.62527,0.6283,0.62494,0.62715,12936
2025-04-01 20:00:00,0.62717,0.6281,0.62629,0.62783,6699
2025-04-02 00:00:00,0.62736,0.62893,0.62664,0.62766,6216
2025-04-02 04:00:00,0.62766,0.63018,0.62731,0.62985,9170
2025-04-02 08:00:00,0.62985,0.63072,0.62914,0.63069,11380
2025-04-02 12:00:00,0.63069,0.63137,0.62972,0.63061,9604
2025-04-02 16:00:00,0.63061,0.63077,0.62917,0.62967,11167
2025-04-02 20:00:00,0.62966,0.63405,0.62578,0.62848,12601
2025-04-03 00:00:00,0.62867,0.62911,0.62259,0.6268,16922
2025-04-03 04:00:00,0.62681,0.62873,0.62646,0.62653,14200
2025-04-03 08:00:00,0.62652,0.63407,0.62652,0.63358,17461
2025-04-03 12:00:00,0.6336,0.63662,0.6331,0.63615,19989
2025-04-03 16:00:00,0.63616,0.63889,0.63438,0.63495,21033
2025-04-03 20:00:00,0.63494,0.63497,0.63152,0.63264,9422
2025-04-04 00:00:00,0.6325,0.63316,0.63161,0.63244,7887
2025-04-04 04:00:00,0.63245,0.63257,0.62296,0.62329,13352
2025-04-04 08:00:00,0.62329,0.6253,0.6201,0.62059,17122
2025-04-04 12:00:00,0.62063,0.62073,0.60494,0.61157,32355
2025-04-04 16:00:00,0.61158,0.61389,0.60038,0.60075,34836
2025-04-04 20:00:00,0.60075,0.6063,0.59862,0.60427,23379
2025-04-07 00:00:00,0.59921,0.60097,0.59316,0.60003,24530
2025-04-07 04:00:00,0.60004,0.60292,0.5986,0.60144,23576
2025-04-07 08:00:00,0.60143,0.60609,0.59955,0.60012,31643
2025-04-07 12:00:00,0.60012,0.60889,0.59885,0.608,30296
2025-04-07 16:00:00,0.608,0.61262,0.59441,0.59492,42615
2025-04-07 20:00:00,0.59492,0.60057,0.59492,0.59861,23527
2025-04-08 00:00:00,0.59795,0.60176,0.59745,0.59934,9924
2025-04-08 04:00:00,0.59934,0.60614,0.59769,0.60593,17207
2025-04-08 08:00:00,0.60593,0.60746,0.60421,0.60639,22274
2025-04-08 12:00:00,0.60639,0.60717,0.6032,0.60585,21205
2025-04-08 16:00:00,0.60584,0.60851,0.59818,0.59827,30499
2025-04-08 20:00:00,0.59822,0.59925,0.59462,0.59527,24607
2025-04-09 00:00:00,0.59554,0.5964,0.59133,0.59601,13004
2025-04-09 04:00:00,0.596,0.60029,0.59513,0.59759,22702
2025-04-09 08:00:00,0.59759,0.60283,0.59519,0.60093,29889
2025-04-09 12:00:00,0.60093,0.60468,0.59864,0.60267,27872
2025-04-09 16:00:00,0.60271,0.60581,0.59918,0.60245,25706
2025-04-09 20:00:00,0.60245,0.61756,0.60207,0.61495,30096
2025-04-10 00:00:00,0.61479,0.61715,0.6119,0.61271,12477
2025-04-10 04:00:00,0.61271,0.61871,0.61153,0.6185,18494
2025-04-10 08:00:00,0.6185,0.62035,0.61355,0.61533,21480
2025-04-10 12:00:00,0.6153,0.62103,0.6145,0.61814,22775
2025-04-10 16:00:00,0.61815,0.62484,0.61697,0.61978,33669
2025-04-10 20:00:00,0.61973,0.62491,0.61846,0.62258,27538
2025-04-11 00:00:00,0.62229,0.62427,0.62034,0.62144,16407
2025-04-11 04:00:00,0.62146,0.62587,0.61941,0.61951,25012
2025-04-11 08:00:00,0.61952,0.6229,0.61808,0.62181,27819
2025-04-11 12:00:00,0.62177,0.62694,0.621,0.62604,25285
2025-04-11 16:00:00,0.62604,0.62876,0.62224,0.62542,32531
2025-04-11 20:00:00,0.62543,0.63003,0.6247,0.62886,17687
2025-04-14 00:00:00,0.62971,0.63139,0.62781,0.62912,13178
2025-04-14 04:00:00,0.62917,0.63092,0.62855,0.62963,14672
2025-04-14 08:00:00,0.62963,0.63421,0.62949,0.63367,13163
2025-04-14 12:00:00,0.63367,0.63426,0.62945,0.62958,12301
2025-04-14 16:00:00,0.62959,0.63339,0.62748,0.63081,23175
2025-04-14 20:00:00,0.63084,0.6341,0.63077,0.63254,10956
2025-04-15 00:00:00,0.63192,0.63332,0.63158,0.63274,5489
2025-04-15 04:00:00,0.63273,0.63775,0.63265,0.6369,10923
2025-04-15 08:00:00,0.6369,0.63738,0.63459,0.63501,14337
2025-04-15 12:00:00,0.63496,0.63747,0.63441,0.63711,12151
2025-04-15 16:00:00,0.63711,0.6383,0.63493,0.63525,18134
2025-04-15 20:00:00,0.63525,0.63575,0.63409,0.6345,8091
2025-04-16 00:00:00,0.63493,0.63493,0.63222,0.63345,8157
2025-04-16 04:00:00,0.63344,0.63575,0.63344,0.63524,11341
2025-04-16 08:00:00,0.63525,0.63771,0.63406,0.63673,15077
2025-04-16 12:00:00,0.63673,0.63785,0.63592,0.63617,12286
2025-04-16 16:00:00,0.63618,0.63913,0.63584,0.63834,15123
2025-04-16 20:00:00,0.63832,0.6386,0.63571,0.63718,12604
2025-04-17 00:00:00,0.63664,0.63763,0.63597,0.6361,6353
2025-04-17 04:00:00,0.6361,0.63652,0.63369,0.63385,10804
2025-04-17 08:00:00,0.63386,0.63579,0.63329,0.63544,11014
2025-04-17 12:00:00,0.63544,0.63821,0.63501,0.63814,10843
2025-04-17 16:00:00,0.63814,0.63907,0.63653,0.63843,15814
2025-04-17 20:00:00,0.63843,0.63938,0.63793,0.63903,7003
2025-04-18 00:00:00,0.63768,0.63933,0.63759,0.63874,5663
2025-04-18 04:00:00,0.6387,0.63881,0.6367,0.63812,39748
2025-04-18 08:00:00,0.63814,0.6382,0.6368,0.63689,25846
2025-04-18 12:00:00,0.63688,0.63775,0.63686,0.63737,38404
2025-04-18 16:00:00,0.6374,0.63754,0.63692,0.63741,14620
2025-04-18 20:00:00,0.63745,0.63765,0.63735,0.63748,14540
2025-04-21 00:00:00,0.63691,0.63998,0.63658,0.63857,8937
2025-04-21 04:00:00,0.63857,0.64264,0.6383,0.64172,10881
2025-04-21 08:00:00,0.64172,0.64357,0.64151,0.64294,9975
2025-04-21 12:00:00,0.64294,0.64374,0.64143,0.64297,9088
2025-04-21 16:00:00,0.64297,0.64338,0.64071,0.64125,12177
2025-04-21 20:00:00,0.64125,0.64227,0.64017,0.64178,6463
2025-04-22 00:00:00,0.64085,0.64222,0.64008,0.64081,6710
2025-04-22 04:00:00,0.64081,0.6439,0.64081,0.64315,10859
2025-04-22 08:00:00,0.64315,0.64389,0.64068,0.64086,13049
2025-04-22 12:00:00,0.64086,0.64106,0.6386,0.63907,10220
2025-04-22 16:00:00,0.63909,0.64052,0.63767,0.63966,13472
2025-04-22 20:00:00,0.63967,0.64009,0.63611,0.63645,8582
2025-04-23 00:00:00,0.63665,0.63957,0.63489,0.63954,11808
2025-04-23 04:00:00,0.63954,0.64051,0.63788,0.6395,11178
2025-04-23 08:00:00,0.6395,0.64248,0.63905,0.64121,12605
2025-04-23 12:00:00,0.64121,0.64203,0.64015,0.6417,10717
2025-04-23 16:00:00,0.6417,0.6435,0.63598,0.63693,20210
2025-04-23 20:00:00,0.63692,0.63753,0.6352,0.63594,9111
2025-04-24 00:00:00,0.63578,0.63719,0.63545,0.63644,6297
2025-04-24 04:00:00,0.63644,0.6369,0.63513,0.6359,11059
2025-04-24 08:00:00,0.63589,0.63887,0.63435,0.63765,12960
2025-04-24 12:00:00,0.63766,0.63897,0.63747,0.63813,10668
2025-04-24 16:00:00,0.63816,0.64075,0.63788,0.6407,14548
2025-04-24 20:00:00,0.6407,0.64125,0.63973,0.64107,5822
2025-04-25 00:00:00,0.64041,0.64144,0.63987,0.64025,5050
2025-04-25 04:00:00,0.64024,0.64207,0.63926,0.64057,9484
2025-04-25 08:00:00,0.64057,0.64145,0.63861,0.63898,11815
2025-04-25 12:00:00,0.63898,0.63913,0.63743,0.63807,9768
2025-04-25 16:00:00,0.63808,0.64002,0.63757,0.63954,10946
2025-04-25 20:00:00,0.63954,0.6404,0.63888,0.63958,5790
2025-04-28 00:00:00,0.63863,0.64044,0.63778,0.6387,5859
2025-04-28 04:00:00,0.6387,0.64028,0.63726,0.64024,8320
2025-04-28 08:00:00,0.64027,0.64059,0.63676,0.63798,9893
2025-04-28 12:00:00,0.63798,0.64055,0.63787,0.6395,8564
2025-04-28 16:00:00,0.6395,0.64296,0.63928,0.6418,13969
2025-04-28 20:00:00,0.64179,0.64347,0.6414,0.64313,6123
2025-04-29 00:00:00,0.64283,0.64334,0.64213,0.64277,4528
2025-04-29 04:00:00,0.64277,0.64495,0.64095,0.64124,9919
2025-04-29 08:00:00,0.64124,0.64322,0.64102,0.64187,10778
2025-04-29 12:00:00,0.64184,0.64204,0.63978,0.64109,8943
2025-04-29 16:00:00,0.6411,0.64114,0.63759,0.63856,12711
2025-04-29 20:00:00,0.63856,0.63919,0.63786,0.63821,5816
2025-04-30 00:00:00,0.63797,0.63914,0.63775,0.63829,4461
2025-04-30 04:00:00,0.63827,0.64137,0.63816,0.64137,8479
2025-04-30 08:00:00,0.64138,0.64174,0.63857,0.63897,9307
2025-04-30 12:00:00,0.63896,0.63982,0.63659,0.63723,10834
2025-04-30 16:00:00,0.63724,0.64023,0.63558,0.63946,15511
2025-04-30 20:00:00,0.63946,0.64132,0.63938,0.64013,8901
2025-05-01 00:00:00,0.63989,0.64149,0.63987,0.64132,4393
2025-05-01 04:00:00,0.64131,0.64269,0.6397,0.64005,7084
2025-05-01 08:00:00,0.64005,0.64029,0.6383,0.63868,9317
2025-05-01 12:00:00,0.63868,0.63989,0.63742,0.63862,9440
2025-05-01 16:00:00,0.63859,0.63923,0.63653,0.63721,13636
2025-05-01 20:00:00,0.63722,0.63917,0.63704,0.63839,6747
2025-05-02 00:00:00,0.63725,0.64093,0.63706,0.64057,6490
2025-05-02 04:00:00,0.64061,0.64199,0.63993,0.64126,9407
2025-05-02 08:00:00,0.64126,0.6423,0.64047,0.64198,9147
2025-05-02 12:00:00,0.64197,0.64493,0.64124,0.64452,11682
2025-05-02 16:00:00,0.64452,0.64697,0.64408,0.64487,16471
2025-05-02 20:00:00,0.64487,0.64508,0.64383,0.64458,6091
2025-05-05 00:00:00,0.64408,0.64576,0.64341,0.64453,4816
2025-05-05 04:00:00,0.64458,0.64806,0.64451,0.64683,7875
2025-05-05 08:00:00,0.64683,0.64883,0.64639,0.64777,9044
2025-05-05 12:00:00,0.64778,0.64935,0.64778,0.64871,8256
2025-05-05 16:00:00,0.64871,0.6492,0.64631,0.64641,11047
2025-05-05 20:00:00,0.64641,0.64728,0.64616,0.64678,5003
2025-05-06 00:00:00,0.64601,0.6468,0.64439,0.64482,3837
2025-05-06 04:00:00,0.64482,0.64708,0.64426,0.6469,8408
2025-05-06 08:00:00,0.6469,0.64691,0.64436,0.64517,10751
2025-05-06 12:00:00,0.64516,0.64704,0.64377,0.64687,8676
2025-05-06 16:00:00,0.64686,0.64971,0.64627,0.64869,10744
2025-05-06 20:00:00,0.64869,0.65012,0.64848,0.64939,5928
2025-05-07 00:00:00,0.64906,0.65143,0.64878,0.64999,7333
2025-05-07 04:00:00,0.64999,0.65117,0.64765,0.64796,11878
2025-05-07 08:00:00,0.64796,0.64914,0.64719,0.64719,10207
2025-05-07 12:00:00,0.64719,0.64804,0.64637,0.64691,8064
2025-05-07 16:00:00,0.6469,0.64752,0.64503,0.6462,9794
2025-05-07 20:00:00,0.6462,0.64661,0.64211,0.64253,12183
2025-05-08 00:00:00,0.6422,0.64477,0.64206,0.64414,3913
2025-05-08 04:00:00,0.64414,0.64642,0.64397,0.64515,8583
2025-05-08 08:00:00,0.64515,0.64521,0.64023,0.64135,12288
2025-05-08 12:00:00,0.64136,0.64269,0.64067,0.64177,10693
2025-05-08 16:00:00,0.64176,0.6433,0.64029,0.64108,13917
2025-05-08 20:00:00,0.64108,0.64111,0.63948,0.6401,5775
2025-05-09 00:00:00,0.63957,0.64024,0.63868,0.63903,4280
2025-05-09 04:00:00,0.63903,0.64101,0.63708,0.64091,9382
2025-05-09 08:00:00,0.64091,0.64147,0.63965,0.64076,8990
2025-05-09 12:00:00,0.64077,0.64094,0.63936,0.64086,7944
2025-05-09 16:00:00,0.64086,0.64322,0.64086,0.64138,8896
2025-05-09 20:00:00,0.64139,0.64198,0.64064,0.64084,4179
2025-05-12 00:00:00,0.64087,0.64309,0.64087,0.64213,7399
2025-05-12 04:00:00,0.64213,0.64349,0.6415,0.64302,10325
2025-05-12 08:00:00,0.64302,0.6461,0.63918,0.64096,16335
2025-05-12 12:00:00,0.64096,0.64146,0.63821,0.63871,12788
2025-05-12 16:00:00,0.63872,0.64006,0.63583,0.63638,12753
2025-05-12 20:00:00,0.63638,0.63757,0.63565,0.63714,6111
2025-05-13 00:00:00,0.63635,0.63778,0.63624,0.63643,4315
2025-05-13 04:00:00,0.63643,0.64134,0.6361,0.6412,10113
2025-05-13 08:00:00,0.6412,0.64191,0.64005,0.64056,11168
2025-05-13 12:00:00,0.64057,0.643,0.64031,0.64299,10448
2025-05-13 16:00:00,0.64299,0.64762,0.64186,0.64732,13868
2025-05-13 20:00:00,0.64732,0.64785,0.64699,0.64704,4831
2025-05-14 00:00:00,0.64633,0.64776,0.64606,0.64721,4191
2025-05-14 04:00:00,0.64722,0.64867,0.64681,0.64706,9676
2025-05-14 08:00:00,0.64706,0.65008,0.64648,0.64905,10968
2025-05-14 12:00:00,0.64909,0.64978,0.64613,0.64668,10720
2025-05-14 16:00:00,0.64668,0.64669,0.64232,0.64341,13815
2025-05-14 20:00:00,0.64341,0.64389,0.64222,0.64272,6754
2025-05-15 00:00:00,0.64267,0.64357,0.64193,0.64327,3900
2025-05-15 04:00:00,0.64325,0.64576,0.64305,0.64313,9076
2025-05-15 08:00:00,0.64314,0.64428,0.64143,0.64207,9370
2025-05-15 12:00:00,0.64208,0.64224,0.64013,0.64156,8887
2025-05-15 16:00:00,0.64156,0.64222,0.63904,0.64031,11973
2025-05-15 20:00:00,0.64032,0.6409,0.63986,0.64062,4628
2025-05-16 00:00:00,0.64001,0.64105,0.63943,0.63983,4254
2025-05-16 04:00:00,0.63983,0.64297,0.63974,0.64251,8091
2025-05-16 08:00:00,0.64251,0.64358,0.64197,0.64275,7938
2025-05-16 12:00:00,0.64275,0.64283,0.64079,0.6414,7129
2025-05-16 16:00:00,0.64141,0.64176,0.63875,0.6399,10034
2025-05-16 20:00:00,0.6399,0.64071,0.63971,0.64035,4131
2025-05-19 00:00:00,0.64016,0.64143,0.6395,0.64138,5445
2025-05-19 04:00:00,0.64138,0.64214,0.64027,0.64061,7668
2025-05-19 08:00:00,0.64061,0.64345,0.63977,0.64336,9456
2025-05-19 12:00:00,0.64339,0.64518,0.64309,0.64392,9822
2025-05-19 16:00:00,0.64392,0.64648,0.64355,0.64555,11261
2025-05-19 20:00:00,0.64555,0.64589,0.64477,0.64569,3783
2025-05-20 00:00:00,0.64554,0.64586,0.64457,0.64464,2812
2025-05-20 04:00:00,0.64464,0.64511,0.64228,0.6425,8249
2025-05-20 08:00:00,0.64248,0.64377,0.64076,0.64182,11244
2025-05-20 12:00:00,0.64181,0.64204,0.63915,0.6397,7681
2025-05-20 16:00:00,0.6397,0.64177,0.63944,0.64171,9993
2025-05-20 20:00:00,0.64171,0.6424,0.64117,0.64237,5027
2025-05-21 00:00:00,0.64213,0.64399,0.64163,0.64387,3679
2025-05-21 04:00:00,0.64387,0.64533,0.64297,0.6451,8032
2025-05-21 08:00:00,0.6451,0.64586,0.64351,0.64396,10715
2025-05-21 12:00:00,0.64396,0.64543,0.64353,0.64448,9479
2025-05-21 16:00:00,0.64451,0.64692,0.64369,0.64636,11369
2025-05-21 20:00:00,0.64636,0.64669,0.64307,0.6435,8354
2025-05-22 00:00:00,0.6433,0.64436,0.64293,0.64396,4197
2025-05-22 04:00:00,0.64396,0.64531,0.64266,0.64513,7830
2025-05-22 08:00:00,0.64513,0.64587,0.6435,0.64369,10249
2025-05-22 12:00:00,0.64369,0.64372,0.64145,0.64213,9819
2025-05-22 16:00:00,0.64216,0.64272,0.64074,0.64099,11789
2025-05-22 20:00:00,0.641,0.64163,0.6407,0.64094,4672
2025-05-23 00:00:00,0.64084,0.64179,0.64079,0.64179,2910
2025-05-23 04:00:00,0.64179,0.64384,0.64152,0.64343,6290
2025-05-23 08:00:00,0.64342,0.64563,0.64276,0.64535,8385
2025-05-23 12:00:00,0.64535,0.64699,0.64296,0.64585,12792
2025-05-23 16:00:00,0.64584,0.64892,0.6445,0.64876,12651
2025-05-23 20:00:00,0.64876,0.64991,0.6487,0.64946,4318
2025-05-26 00:00:00,0.64828,0.65076,0.64811,0.6505,5480
2025-05-26 04:00:00,0.65048,0.65371,0.65029,0.65213,7400
2025-05-26 08:00:00,0.65213,0.65306,0.65083,0.6512,7180
2025-05-26 12:00:00,0.65122,0.65127,0.65011,0.65025,5457
2025-05-26 16:00:00,0.65025,0.65082,0.64887,0.64894,4426
2025-05-26 20:00:00,0.64893,0.64904,0.64821,0.64885,1984
2025-05-27 00:00:00,0.64827,0.64935,0.64796,0.64923,3653
2025-05-27 04:00:00,0.64923,0.64953,0.64702,0.64713,6578
2025-05-27 08:00:00,0.64714,0.64881,0.64451,0.64488,11105
2025-05-27 12:00:00,0.64488,0.64565,0.64419,0.64551,8099
2025-05-27 16:00:00,0.6455,0.64607,0.64346,0.64427,9823
2025-05-27 20:00:00,0.64426,0.64471,0.64388,0.64432,4475
2025-05-28 00:00:00,0.64389,0.64532,0.64373,0.64484,3335
2025-05-28 04:00:00,0.64483,0.64534,0.64254,0.64262,8841
2025-05-28 08:00:00,0.64262,0.64491,0.64252,0.64467,8519
2025-05-28 12:00:00,0.64467,0.64483,0.64208,0.64214,7443
2025-05-28 16:00:00,0.64214,0.64282,0.64099,0.64219,11160
2025-05-28 20:00:00,0.64219,0.64295,0.64213,0.64267,4909
2025-05-29 00:00:00,0.64163,0.64357,0.64101,0.64203,7842
2025-05-29 04:00:00,0.64202,0.64312,0.6407,0.64301,9928
2025-05-29 08:00:00,0.64301,0.64494,0.64166,0.64365,9757
2025-05-29 12:00:00,0.64365,0.64567,0.64318,0.64556,9785
2025-05-29 16:00:00,0.64556,0.646,0.643,0.64483,12480
2025-05-29 20:00:00,0.64483,0.64525,0.64419,0.64427,4877
2025-05-30 00:00:00,0.64367,0.64522,0.6435,0.6446,4275
2025-05-30 04:00:00,0.6446,0.64505,0.64213,0.64299,8386
2025-05-30 08:00:00,0.64299,0.644,0.64072,0.64148,8821
2025-05-30 12:00:00,0.64147,0.64294,0.64115,0.64222,10225
2025-05-30 16:00:00,0.64223,0.64399,0.64081,0.64246,13733
2025-05-30 20:00:00,0.64248,0.64476,0.64244,0.6433,6020
2025-06-02 00:00:00,0.64308,0.64586,0.64302,0.64558,4299
2025-06-02 04:00:00,0.64558,0.64727,0.64443,0.64551,7609
2025-06-02 08:00:00,0.64551,0.64892,0.64528,0.64777,9337
2025-06-02 12:00:00,0.64777,0.6489,0.64769,0.6488,8433
2025-06-02 16:00:00,0.6488,0.65002,0.64713,0.64859,11851
2025-06-02 20:00:00,0.6486,0.64986,0.64807,0.64978,4773
2025-06-03 00:00:00,0.64883,0.64999,0.64855,0.64928,3147
2025-06-03 04:00:00,0.64928,0.64947,0.64633,0.64664,7891
2025-06-03 08:00:00,0.64664,0.64682,0.64503,0.64552,9376
2025-06-03 12:00:00,0.64548,0.64644,0.64481,0.64519,8371
2025-06-03 16:00:00,0.6452,0.64717,0.64468,0.64594,11094
2025-06-03 20:00:00,0.64594,0.64701,0.64591,0.64639,4401
2025-06-04 00:00:00,0.64539,0.64669,0.64518,0.64603,3451
2025-06-04 04:00:00,0.64603,0.64801,0.64532,0.6456,8341
2025-06-04 08:00:00,0.6456,0.64761,0.64503,0.64745,8125
2025-06-04 12:00:00,0.64745,0.64937,0.64712,0.64922,8173
2025-06-04 16:00:00,0.64923,0.6504,0.64862,0.65032,11044
2025-06-04 20:00:00,0.65032,0.65044,0.64908,0.64937,4139
2025-06-05 00:00:00,0.6486,0.65032,0.64841,0.65013,3407
2025-06-05 04:00:00,0.65013,0.65091,0.64857,0.64928,7465
2025-06-05 08:00:00,0.64929,0.65085,0.64874,0.65048,6977
2025-06-05 12:00:00,0.65049,0.65256,0.65042,0.65176,9510
2025-06-05 16:00:00,0.65175,0.65376,0.65101,0.65137,14231
2025-06-05 20:00:00,0.65137,0.65178,0.6503,0.65059,6010
2025-06-06 00:00:00,0.65031,0.65168,0.65007,0.65096,3609
2025-06-06 04:00:00,0.65096,0.65134,0.64927,0.65036,7093
2025-06-06 08:00:00,0.65035,0.65041,0.64868,0.64894,7320
2025-06-06 12:00:00,0.64896,0.65065,0.6479,0.64923,9343
2025-06-06 16:00:00,0.64922,0.65032,0.64792,0.64884,13600
2025-06-06 20:00:00,0.64885,0.64994,0.64882,0.64914,4433
2025-06-09 00:00:00,0.64946,0.65038,0.64937,0.64986,2982
2025-06-09 04:00:00,0.64986,0.6518,0.64983,0.65143,5822
2025-06-09 08:00:00,0.65143,0.65337,0.6509,0.65268,6175
2025-06-09 12:00:00,0.65268,0.65316,0.65094,0.65124,6203
2025-06-09 16:00:00,0.65123,0.65263,0.65058,0.65221,7647
2025-06-09 20:00:00,0.65221,0.65268,0.6515,0.65153,3319
2025-06-10 00:00:00,0.65097,0.65218,0.65072,0.65176,2893
2025-06-10 04:00:00,0.65176,0.65296,0.65011,0.65208,7722
2025-06-10 08:00:00,0.65209,0.65245,0.64897,0.65143,10433
2025-06-10 12:00:00,0.65143,0.65228,0.65086,0.65164,6860
2025-06-10 16:00:00,0.65164,0.65328,0.65153,0.6521,8450
2025-06-10 20:00:00,0.65211,0.65249,0.65147,0.65226,4130
2025-06-11 00:00:00,0.65196,0.65313,0.65122,0.65139,4102
2025-06-11 04:00:00,0.65138,0.65203,0.6497,0.65109,6633
2025-06-11 08:00:00,0.65111,0.65181,0.65073,0.65097,6356
2025-06-11 12:00:00,0.65098,0.65456,0.64994,0.65286,9113
2025-06-11 16:00:00,0.65285,0.65299,0.65094,0.65218,9917
2025-06-11 20:00:00,0.65218,0.65294,0.64957,0.65013,4889
2025-06-12 00:00:00,0.64978,0.65109,0.64971,0.65028,4277
2025-06-12 04:00:00,0.65028,0.65085,0.64836,0.64942,8151
2025-06-12 08:00:00,0.64941,0.6505,0.6477,0.65013,9043
2025-06-12 12:00:00,0.65013,0.65334,0.64947,0.65264,10685
2025-06-12 16:00:00,0.65262,0.65304,0.65159,0.65273,10552
2025-06-12 20:00:00,0.65274,0.65312,0.65218,0.65293,3245
2025-06-13 00:00:00,0.65313,0.65334,0.64679,0.64768,7751
2025-06-13 04:00:00,0.64768,0.64972,0.64563,0.64695,12909
2025-06-13 08:00:00,0.64695,0.64962,0.6466,0.64892,11060
2025-06-13 12:00:00,0.64892,0.64918,0.64621,0.64788,8831
2025-06-13 16:00:00,0.64785,0.65192,0.64682,0.65129,9688
2025-06-13 20:00:00,0.65129,0.65131,0.64826,0.64865,6987
2025-06-16 00:00:00,0.64727,0.64963,0.64727,0.64903,8201
2025-06-16 04:00:00,0.64902,0.64902,0.64662,0.64809,9740
2025-06-16 08:00:00,0.64809,0.65156,0.64808,0.65121,8885
2025-06-16 12:00:00,0.65123,0.65287,0.65103,0.65271,7345
2025-06-16 16:00:00,0.65271,0.65517,0.65252,0.65453,10425
2025-06-16 20:00:00,0.65454,0.65463,0.65214,0.65236,4428
2025-06-17 00:00:00,0.65195,0.65256,0.65025,0.65134,6487
2025-06-17 04:00:00,0.65134,0.65374,0.65091,0.65349,9641
2025-06-17 08:00:00,0.65349,0.65437,0.65267,0.65334,9857
2025-06-17 12:00:00,0.65335,0.65421,0.65196,0.65217,8692
2025-06-17 16:00:00,0.65217,0.65378,0.64917,0.64931,11517
2025-06-17 20:00:00,0.64931,0.64973,0.6466,0.64752,7873
2025-06-18 00:00:00,0.64768,0.6488,0.64684,0.64822,4928
2025-06-18 04:00:00,0.64822,0.65055,0.64803,0.65036,8533
2025-06-18 08:00:00,0.65036,0.65133,0.64931,0.64976,7979
2025-06-18 12:00:00,0.64976,0.65058,0.64867,0.64993,7591
2025-06-18 16:00:00,0.64992,0.65239,0.64938,0.65147,11610
2025-06-18 20:00:00,0.65145,0.65374,0.64941,0.65084,13354
2025-06-19 00:00:00,0.65009,0.65107,0.64956,0.64978,4424
2025-06-19 04:00:00,0.64978,0.64981,0.64752,0.64885,9201
2025-06-19 08:00:00,0.64885,0.6489,0.646,0.64748,10198
2025-06-19 12:00:00,0.64748,0.64786,0.64572,0.64621,7922
2025-06-19 16:00:00,0.64618,0.64701,0.64454,0.64525,7458
2025-06-19 20:00:00,0.64525,0.64803,0.64525,0.64795,2108
2025-06-20 00:00:00,0.64655,0.6494,0.64655,0.64869,4514
2025-06-20 04:00:00,0.64869,0.64948,0.64741,0.64918,8177
2025-06-20 08:00:00,0.64917,0.64941,0.64724,0.64872,7572
2025-06-20 12:00:00,0.64872,0.64953,0.64816,0.64894,7281
2025-06-20 16:00:00,0.64898,0.64909,0.64518,0.64584,10383
2025-06-20 20:00:00,0.64583,0.64603,0.64477,0.64512,5255
2025-06-23 00:00:00,0.64229,0.64486,0.64144,0.64363,7191
2025-06-23 04:00:00,0.64363,0.64423,0.63976,0.64047,10040
2025-06-23 08:00:00,0.64043,0.64274,0.64009,0.6402,10468
2025-06-23 12:00:00,0.64021,0.64028,0.63723,0.6391,10504
2025-06-23 16:00:00,0.63909,0.64392,0.63849,0.64211,13968
2025-06-23 20:00:00,0.64212,0.64633,0.64186,0.64579,6722
2025-06-24 00:00:00,0.64553,0.64866,0.64535,0.648,6290
2025-06-24 04:00:00,0.648,0.64976,0.64751,0.64957,9375
2025-06-24 08:00:00,0.64956,0.65132,0.64878,0.65028,12294
2025-06-24 12:00:00,0.65028,0.65155,0.65001,0.65034,8309
2025-06-24 16:00:00,0.65036,0.65191,0.64868,0.65053,11740
2025-06-24 20:00:00,0.65053,0.65096,0.64877,0.64892,4171
2025-06-25 00:00:00,0.6487,0.65003,0.6487,0.64979,3375
2025-06-25 04:00:00,0.6498,0.65077,0.64882,0.64991,7870
2025-06-25 08:00:00,0.64992,0.65066,0.64922,0.64968,8336
2025-06-25 12:00:00,0.64968,0.64993,0.64883,0.64914,6840
2025-06-25 16:00:00,0.64914,0.65036,0.64842,0.65022,8916
2025-06-25 20:00:00,0.65022,0.65149,0.64976,0.65116,4632
2025-06-26 00:00:00,0.6507,0.65242,0.65024,0.65197,3688
2025-06-26 04:00:00,0.65197,0.6536,0.65098,0.65225,8863
2025-06-26 08:00:00,0.65225,0.65497,0.6518,0.65444,9792
2025-06-26 12:00:00,0.65438,0.65453,0.65287,0.65407,9898
2025-06-26 16:00:00,0.65408,0.65626,0.65353,0.65551,13022
2025-06-26 20:00:00,0.65551,0.65638,0.65444,0.65448,5042
2025-06-27 00:00:00,0.65435,0.65549,0.654,0.65541,4106
2025-06-27 04:00:00,0.65541,0.6561,0.65418,0.65418,8687
2025-06-27 08:00:00,0.65421,0.65607,0.65392,0.65508,8824
2025-06-27 12:00:00,0.65511,0.65513,0.65289,0.65449,9078
2025-06-27 16:00:00,0.65449,0.65476,0.65226,0.65343,10572
2025-06-27 20:00:00,0.65343,0.65353,0.6508,0.65293,6644
2025-06-30 00:00:00,0.65344,0.65379,0.6527,0.65297,4803
2025-06-30 04:00:00,0.65297,0.65444,0.65272,0.6543,8428
2025-06-30 08:00:00,0.6543,0.65525,0.6532,0.65376,9468
2025-06-30 12:00:00,0.65376,0.65397,0.65226,0.65314,6935
2025-06-30 16:00:00,0.65313,0.65723,0.65303,0.65722,10789
2025-06-30 20:00:00,0.65722,0.65826,0.65677,0.65807,4356
2025-07-01 00:00:00,0.6573,0.65836,0.65708,0.65756,3089
2025-07-01 04:00:00,0.65756,0.65761,0.65536,0.65725,7311
2025-07-01 08:00:00,0.65725,0.65902,0.65706,0.65868,8996
2025-07-01 12:00:00,0.65869,0.65897,0.65722,0.65733,8536
2025-07-01 16:00:00,0.65733,0.65804,0.65615,0.6567,13011
2025-07-01 20:00:00,0.6567,0.65832,0.65655,0.65816,4267
2025-07-02 00:00:00,0.65633,0.65827,0.65633,0.65816,3030
2025-07-02 04:00:00,0.65816,0.65833,0.65647,0.65802,6733
2025-07-02 08:00:00,0.65801,0.65806,0.65594,0.65636,7546
2025-07-02 12:00:00,0.65636,0.6571,0.65431,0.65508,9657
2025-07-02 16:00:00,0.65508,0.6575,0.65454,0.65739,11591
2025-07-02 20:00:00,0.65737,0.65884,0.65735,0.65846,5412
2025-07-03 00:00:00,0.65811,0.65874,0.65752,0.65796,3265
2025-07-03 04:00:00,0.65796,0.65807,0.65649,0.65699,6307
2025-07-03 08:00:00,0.65699,0.65839,0.65622,0.65776,7769
2025-07-03 12:00:00,0.65775,0.65793,0.65367,0.65459,10062
2025-07-03 16:00:00,0.65459,0.65798,0.65406,0.65711,13581
2025-07-03 20:00:00,0.65709,0.65735,0.65658,0.65702,2137
2025-07-04 00:00:00,0.65703,0.65782,0.65642,0.65758,2744
2025-07-04 04:00:00,0.65758,0.65788,0.65627,0.65711,6913
2025-07-04 08:00:00,0.65711,0.65784,0.65485,0.65582,8164
2025-07-04 12:00:00,0.65582,0.65616,0.65499,0.65508,7534
2025-07-04 16:00:00,0.65508,0.6555,0.65458,0.655,5760
2025-07-04 20:00:00,0.65501,0.65531,0.65446,0.65467,14624
2025-07-07 00:00:00,0.65523,0.6556,0.65357,0.65396,4534
2025-07-07 04:00:00,0.65395,0.65395,0.6503,0.65042,9373
2025-07-07 08:00:00,0.65041,0.65151,0.64904,0.64908,10319
2025-07-07 12:00:00,0.6491,0.65044,0.64859,0.6502,7788
2025-07-07 16:00:00,0.6502,0.65186,0.64891,0.64906,10177
2025-07-07 20:00:00,0.64907,0.65026,0.64852,0.64896,7177
2025-07-08 00:00:00,0.64895,0.65157,0.64884,0.65123,3738
2025-07-08 04:00:00,0.65123,0.6558,0.65061,0.65401,9229
2025-07-08 08:00:00,0.654,0.65466,0.65262,0.65414,11468
2025-07-08 12:00:00,0.65413,0.65474,0.65321,0.65421,7949
2025-07-08 16:00:00,0.65421,0.65426,0.65077,0.65251,14078
2025-07-08 20:00:00,0.6525,0.65336,0.65234,0.65286,7443
2025-07-09 00:00:00,0.65263,0.6531,0.65191,0.65264,3221
2025-07-09 04:00:00,0.65264,0.65394,0.65094,0.65357,9601
2025-07-09 08:00:00,0.65356,0.65445,0.65201,0.65298,10868
2025-07-09 12:00:00,0.65299,0.65357,0.65141,0.65332,8320
2025-07-09 16:00:00,0.65332,0.65479,0.65266,0.65328,9842
2025-07-09 20:00:00,0.65328,0.65423,0.65317,0.65346,4384
2025-07-10 00:00:00,0.65295,0.65484,0.6527,0.65436,3668
2025-07-10 04:00:00,0.65429,0.65512,0.65379,0.65445,5351
2025-07-10 08:00:00,0.65445,0.65627,0.65426,0.65566,6319
2025-07-10 12:00:00,0.65566,0.65656,0.65443,0.65509,6166
2025-07-10 16:00:00,0.65509,0.65765,0.65416,0.65732,10385
2025-07-10 20:00:00,0.65732,0.6591,0.65723,0.65887,4281
2025-07-11 00:00:00,0.65712,0.65948,0.65561,0.65672,6105
2025-07-11 04:00:00,0.65672,0.65944,0.65597,0.65762,9024
2025-07-11 08:00:00,0.65761,0.65908,0.65703,0.65721,9412
2025-07-11 12:00:00,0.65721,0.65901,0.65696,0.65792,8295
2025-07-11 16:00:00,0.65791,0.65901,0.65697,0.65789,11384
2025-07-11 20:00:00,0.65789,0.6584,0.65716,0.65768,4282
2025-07-14 00:00:00,0.65625,0.65873,0.65601,0.6581,4550
2025-07-14 04:00:00,0.6581,0.65836,0.65578,0.65616,7827
2025-07-14 08:00:00,0.65616,0.65749,0.6555,0.65658,7606
2025-07-14 12:00:00,0.65657,0.65733,0.65539,0.65578,5749
2025-07-14 16:00:00,0.65578,0.65661,0.6545,0.65471,8953
2025-07-14 20:00:00,0.65471,0.65503,0.65424,0.65443,3704
2025-07-15 00:00:00,0.65441,0.65533,0.65393,0.65486,2895
2025-07-15 04:00:00,0.65486,0.65546,0.65389,0.65436,7336
2025-07-15 08:00:00,0.65436,0.65715,0.6542,0.65656,6980
2025-07-15 12:00:00,0.65656,0.65754,0.65586,0.65713,8126
2025-07-15 16:00:00,0.65713,0.65731,0.65075,0.6509,14196
2025-07-15 20:00:00,0.6509,0.65201,0.65082,0.6513,4992
2025-07-16 00:00:00,0.65132,0.65339,0.65106,0.65265,3173
2025-07-16 04:00:00,0.65265,0.65323,0.65174,0.6526,6318
2025-07-16 08:00:00,0.65261,0.65293,0.65195,0.65213,7946
2025-07-16 12:00:00,0.65214,0.65279,0.65134,0.65178,7733
2025-07-16 16:00:00,0.65178,0.6554,0.64952,0.65252,20027
2025-07-16 20:00:00,0.65252,0.65365,0.65186,0.65273,5810
2025-07-17 00:00:00,0.65261,0.65307,0.65087,0.65137,3312
2025-07-17 04:00:00,0.65141,0.65208,0.64725,0.64904,9265
2025-07-17 08:00:00,0.64904,0.64952,0.64616,0.64724,9995
2025-07-17 12:00:00,0.64724,0.64739,0.6454,0.64688,7695
2025-07-17 16:00:00,0.64688,0.64883,0.64622,0.64821,9357
2025-07-17 20:00:00,0.64821,0.64918,0.64819,0.64876,4197
2025-07-18 00:00:00,0.6481,0.65085,0.6479,0.65059,3116
2025-07-18 04:00:00,0.6506,0.65104,0.64976,0.64987,6119
2025-07-18 08:00:00,0.64986,0.652,0.64975,0.65182,6931
2025-07-18 12:00:00,0.65181,0.65321,0.65163,0.65318,6325
2025-07-18 16:00:00,0.65319,0.65407,0.65115,0.65121,8722
2025-07-18 20:00:00,0.65122,0.65131,0.65024,0.65055,3781
2025-07-21 00:00:00,0.65055,0.65163,0.65016,0.65052,4389
2025-07-21 04:00:00,0.65047,0.65122,0.64976,0.65084,5615
2025-07-21 08:00:00,0.65084,0.65194,0.65059,0.65166,8290
2025-07-21 12:00:00,0.65166,0.65277,0.65085,0.65223,6781
2025-07-21 16:00:00,0.65223,0.65372,0.6515,0.65313,7939
2025-07-21 20:00:00,0.65313,0.65322,0.65223,0.65227,3313
2025-07-22 00:00:00,0.65207,0.65301,0.65162,0.65178,2911
2025-07-22 04:00:00,0.65177,0.65261,0.65132,0.6517,6144
2025-07-22 08:00:00,0.6517,0.6519,0.65037,0.65106,7721
2025-07-22 12:00:00,0.65106,0.65288,0.65099,0.65261,7973
2025-07-22 16:00:00,0.65261,0.65578,0.65226,0.65525,12102
2025-07-22 20:00:00,0.65527,0.65547,0.65467,0.65537,4430
2025-07-23 00:00:00,0.6545,0.65593,0.65432,0.6557,4189
2025-07-23 04:00:00,0.6557,0.65685,0.65537,0.6567,8258
2025-07-23 08:00:00,0.6567,0.65842,0.65611,0.65831,9486
2025-07-23 12:00:00,0.6583,0.66005,0.65799,0.6588,7441
2025-07-23 16:00:00,0.6588,0.65954,0.65793,0.65827,11330
2025-07-23 20:00:00,0.65827,0.66025,0.65809,0.66022,4996
2025-07-24 00:00:00,0.65986,0.66046,0.65962,0.66007,3284
2025-07-24 04:00:00,0.66007,0.66192,0.66006,0.66189,8090
2025-07-24 08:00:00,0.66189,0.66248,0.66075,0.66201,9340
2025-07-24 12:00:00,0.66199,0.662,0.6604,0.66054,8070
2025-07-24 16:00:00,0.66054,0.66161,0.65922,0.65962,11519
2025-07-24 20:00:00,0.65963,0.66019,0.65858,0.65872,3686
2025-07-25 00:00:00,0.6589,0.65984,0.65847,0.65942,3092
2025-07-25 04:00:00,0.65942,0.65961,0.65663,0.65711,7098
2025-07-25 08:00:00,0.65711,0.65833,0.65638,0.6568,9864
2025-07-25 12:00:00,0.6568,0.65686,0.65558,0.65592,7469
2025-07-25 16:00:00,0.65592,0.65666,0.65506,0.65601,12309
2025-07-25 20:00:00,0.65599,0.65659,0.65592,0.65639,3457
2025-07-28 00:00:00,0.65727,0.65811,0.65674,0.6581,4439
2025-07-28 04:00:00,0.65812,0.65856,0.65622,0.65663,7457
2025-07-28 08:00:00,0.65664,0.65673,0.65157,0.65225,10966
2025-07-28 12:00:00,0.65225,0.65338,0.65201,0.65338,10645
2025-07-28 16:00:00,0.65338,0.65367,0.65129,0.65164,10868
2025-07-28 20:00:00,0.65164,0.65222,0.65128,0.65194,3954
2025-07-29 00:00:00,0.65162,0.65255,0.65112,0.65132,2867
2025-07-29 04:00:00,0.65133,0.65298,0.65129,0.65233,6271
2025-07-29 08:00:00,0.65233,0.65286,0.64987,0.65143,10586
2025-07-29 12:00:00,0.65144,0.65195,0.64959,0.64981,8529
2025-07-29 16:00:00,0.64981,0.65132,0.64966,0.65097,11812
2025-07-29 20:00:00,0.65097,0.65186,0.65088,0.65098,5370
2025-07-30 00:00:00,0.65091,0.65258,0.6507,0.65252,3318
2025-07-30 04:00:00,0.65251,0.65285,0.65021,0.65111,8964
2025-07-30 08:00:00,0.65112,0.65169,0.64964,0.65012,9479
2025-07-30 12:00:00,0.65012,0.65032,0.64653,0.64666,9424
2025-07-30 16:00:00,0.64666,0.64669,0.64484,0.64561,10939
2025-07-30 20:00:00,0.6456,0.64706,0.64258,0.64333,14573
2025-07-31 00:00:00,0.64327,0.645,0.6431,0.64427,4435
2025-07-31 04:00:00,0.64426,0.64681,0.64331,0.64677,9877
2025-07-31 08:00:00,0.64677,0.64762,0.64536,0.64574,10809
2025-07-31 12:00:00,0.64574,0.64578,0.64353,0.64395,9420
2025-07-31 16:00:00,0.64395,0.64431,0.64265,0.64318,12314
2025-07-31 20:00:00,0.64318,0.64345,0.64235,0.64251,7240
2025-08-01 00:00:00,0.64252,0.64343,0.6421,0.64312,5660
2025-08-01 04:00:00,0.64311,0.64399,0.64247,0.64357,8612
2025-08-01 08:00:00,0.64357,0.6439,0.64224,0.64228,8456
2025-08-01 12:00:00,0.64228,0.64864,0.64177,0.64809,11376
2025-08-01 16:00:00,0.64811,0.64932,0.64519,0.6454,22162
2025-08-01 20:00:00,0.64539,0.64756,0.64371,0.64724,11498
2025-08-04 00:00:00,0.64589,0.64754,0.64588,0.64736,7050
2025-08-04 04:00:00,0.64733,0.64861,0.64679,0.64819,8982
2025-08-04 08:00:00,0.64819,0.64853,0.64691,0.64778,10183
2025-08-04 12:00:00,0.64777,0.64877,0.64696,0.64809,8866
2025-08-04 16:00:00,0.64809,0.64894,0.64609,0.64642,11846
2025-08-04 20:00:00,0.64642,0.64699,0.64591,0.64687,6210
2025-08-05 00:00:00,0.64683,0.64792,0.64597,0.64721,4740
2025-08-05 04:00:00,0.64721,0.64734,0.64534,0.6464,7406
2025-08-05 08:00:00,0.6464,0.64716,0.64493,0.64527,9861
2025-08-05 12:00:00,0.64527,0.64679,0.64514,0.64652,8987
2025-08-05 16:00:00,0.64652,0.64779,0.64547,0.64749,13902
2025-08-05 20:00:00,0.64749,0.64783,0.64652,0.6472,6136
2025-08-06 00:00:00,0.6466,0.64817,0.64597,0.64765,4258
2025-08-06 04:00:00,0.64765,0.64947,0.64715,0.6493,6028
2025-08-06 08:00:00,0.6493,0.64954,0.6484,0.64909,7134
2025-08-06 12:00:00,0.6491,0.65077,0.64904,0.65034,7474
2025-08-06 16:00:00,0.65034,0.65078,0.64885,0.64983,11085
2025-08-06 20:00:00,0.64982,0.65086,0.64967,0.6502,6383
2025-08-07 00:00:00,0.64993,0.65059,0.64961,0.64964,3659
2025-08-07 04:00:00,0.64964,0.65173,0.64955,0.65165,7084
2025-08-07 08:00:00,0.65165,0.65411,0.65111,0.65306,8856
2025-08-07 12:00:00,0.65307,0.65322,0.65171,0.65248,9249
2025-08-07 16:00:00,0.65249,0.653,0.64893,0.65007,12984
2025-08-07 20:00:00,0.65007,0.65254,0.64946,0.65236,8392
2025-08-08 00:00:00,0.6514,0.65279,0.65017,0.65212,4047
2025-08-08 04:00:00,0.65213,0.65242,0.6511,0.65216,6086
2025-08-08 08:00:00,0.65216,0.65347,0.65159,0.65193,7882
2025-08-08 12:00:00,0.65193,0.65265,0.65139,0.65166,7398
2025-08-08 16:00:00,0.65166,0.65308,0.65164,0.65249,8029
2025-08-08 20:00:00,0.65249,0.65321,0.65169,0.65186,4489
2025-08-11 00:00:00,0.652,0.65227,0.65134,0.65161,3736
2025-08-11 04:00:00,0.65161,0.65283,0.65135,0.65241,6275
2025-08-11 08:00:00,0.65241,0.65283,0.65133,0.65209,7064
2025-08-11 12:00:00,0.65208,0.65228,0.65013,0.65064,7369
2025-08-11 16:00:00,0.65064,0.65164,0.6501,0.65119,8901
2025-08-11 20:00:00,0.65119,0.65159,0.65067,0.65135,4317
2025-08-12 00:00:00,0.65094,0.65214,0.65058,0.65175,3536
2025-08-12 04:00:00,0.65175,0.65255,0.64996,0.65148,7916
2025-08-12 08:00:00,0.65148,0.65167,0.64896,0.64927,11895
2025-08-12 12:00:00,0.64927,0.6512,0.64816,0.65052,13053
2025-08-12 16:00:00,0.65052,0.65403,0.64903,0.6531,21401
2025-08-12 20:00:00,0.6531,0.65341,0.6526,0.65284,5037
2025-08-13 00:00:00,0.65263,0.65312,0.65214,0.65252,3828
2025-08-13 04:00:00,0.65252,0.6534,0.65161,0.65312,6896
2025-08-13 08:00:00,0.65312,0.65546,0.65273,0.65504,8501
2025-08-13 12:00:00,0.65504,0.65625,0.65419,0.65448,7235
2025-08-13 16:00:00,0.65448,0.65579,0.65418,0.65432,9854
2025-08-13 20:00:00,0.65432,0.65462,0.65386,0.65454,4082
2025-08-14 00:00:00,0.65446,0.65549,0.65381,0.6553,4081
2025-08-14 04:00:00,0.6553,0.65686,0.65458,0.65506,8382
2025-08-14 08:00:00,0.65506,0.6553,0.65249,0.65254,10552
2025-08-14 12:00:00,0.65253,0.65331,0.65025,0.65055,11612
2025-08-14 16:00:00,0.65055,0.65067,0.64823,0.64878,15636
2025-08-14 20:00:00,0.64878,0.64989,0.64877,0.6496,5493
2025-08-15 00:00:00,0.64895,0.65004,0.64811,0.64977,4065
2025-08-15 04:00:00,0.64977,0.65047,0.64876,0.65007,7484
2025-08-15 08:00:00,0.65005,0.65146,0.64992,0.65092,7760
2025-08-15 12:00:00,0.65092,0.65189,0.65041,0.65157,8894
2025-08-15 16:00:00,0.65157,0.65225,0.65092,0.65113,12886
2025-08-15 20:00:00,0.65113,0.65113,0.65025,0.65074,4565
2025-08-18 00:00:00,0.65079,0.65173,0.65046,0.6513,3687
2025-08-18 04:00:00,0.6513,0.6522,0.65116,0.65204,6509
2025-08-18 08:00:00,0.65204,0.65241,0.65059,0.65153,8879
2025-08-18 12:00:00,0.65153,0.65174,0.65055,0.65074,7492
2025-08-18 16:00:00,0.65074,0.65077,0.64812,0.64889,8824
2025-08-18 20:00:00,0.64889,0.64953,0.64882,0.64921,3857
2025-08-19 00:00:00,0.64934,0.64974,0.64892,0.64939,4407
2025-08-19 04:00:00,0.64939,0.64956,0.64843,0.64887,8485
2025-08-19 08:00:00,0.64887,0.6496,0.6477,0.64841,9552
2025-08-19 12:00:00,0.64841,0.64954,0.64837,0.64844,7940
2025-08-19 16:00:00,0.64844,0.6485,0.64555,0.64566,10311
2025-08-19 20:00:00,0.64566,0.64599,0.64495,0.64529,4991
2025-08-20 00:00:00,0.6457,0.64607,0.64452,0.64508,4432
2025-08-20 04:00:00,0.64508,0.64542,0.64288,0.64434,10773
2025-08-20 08:00:00,0.64434,0.6449,0.64252,0.64338,10275
2025-08-20 12:00:00,0.64337,0.64482,0.64304,0.64434,8036
2025-08-20 16:00:00,0.64434,0.64442,0.64235,0.64347,11847
2025-08-20 20:00:00,0.64347,0.64389,0.64291,0.64342,6336
2025-08-21 00:00:00,0.6429,0.64366,0.64245,0.64274,4303
2025-08-21 04:00:00,0.64274,0.64349,0.64185,0.64198,8133
2025-08-21 08:00:00,0.64199,0.64274,0.64143,0.6424,9892
2025-08-21 12:00:00,0.6424,0.6432,0.64187,0.64202,8777
2025-08-21 16:00:00,0.64202,0.64317,0.64148,0.64218,14261
2025-08-21 20:00:00,0.64218,0.64292,0.64188,0.64192,5187
2025-08-22 00:00:00,0.64181,0.64296,0.64158,0.64246,4573
2025-08-22 04:00:00,0.64246,0.64298,0.64174,0.64187,7622
2025-08-22 08:00:00,0.64187,0.64316,0.64149,0.64302,7769
2025-08-22 12:00:00,0.64302,0.64312,0.64154,0.64214,6620
2025-08-22 16:00:00,0.64214,0.65009,0.64209,0.64881,22332
2025-08-22 20:00:00,0.64881,0.6498,0.64845,0.64909,6438
2025-08-25 00:00:00,0.6483,0.64937,0.64797,0.64834,5162
2025-08-25 04:00:00,0.64834,0.64918,0.64713,0.64892,7199
2025-08-25 08:00:00,0.64892,0.65048,0.64857,0.64955,8674
2025-08-25 12:00:00,0.64955,0.64993,0.64861,0.64919,6115
2025-08-25 16:00:00,0.64919,0.65042,0.64886,0.64961,9608
2025-08-25 20:00:00,0.64961,0.64966,0.64776,0.64821,5229
2025-08-26 00:00:00,0.64778,0.64933,0.64765,0.649,7708
2025-08-26 04:00:00,0.64901,0.6493,0.64707,0.64794,9714
2025-08-26 08:00:00,0.64794,0.64849,0.64698,0.64765,11039
2025-08-26 12:00:00,0.64765,0.64933,0.64764,0.64862,8319
2025-08-26 16:00:00,0.64861,0.65005,0.64802,0.64959,10341
2025-08-26 20:00:00,0.64959,0.64976,0.64915,0.6494,4636
2025-08-27 00:00:00,0.6488,0.64975,0.64817,0.64927,3577
2025-08-27 04:00:00,0.64927,0.65042,0.64834,0.64845,8341
2025-08-27 08:00:00,0.64845,0.64902,0.64644,0.64706,9079
2025-08-27 12:00:00,0.64706,0.64741,0.64622,0.64715,8505
2025-08-27 16:00:00,0.64715,0.65098,0.64692,0.65087,11515
2025-08-27 20:00:00,0.65087,0.65127,0.65041,0.65065,5963
2025-08-28 00:00:00,0.65029,0.65152,0.65,0.65122,4109
2025-08-28 04:00:00,0.65122,0.65218,0.65095,0.65108,7109
2025-08-28 08:00:00,0.65108,0.65201,0.65053,0.65191,8344
2025-08-28 12:00:00,0.65191,0.65343,0.65175,0.65282,9206
2025-08-28 16:00:00,0.65282,0.65364,0.65192,0.65342,11429
2025-08-28 20:00:00,0.65342,0.65375,0.65292,0.65313,3699
2025-08-29 00:00:00,0.65259,0.65357,0.65239,0.65355,3719
2025-08-29 04:00:00,0.65355,0.6542,0.65279,0.65392,7040
2025-08-29 08:00:00,0.65392,0.65404,0.65277,0.65358,7816
2025-08-29 12:00:00,0.65358,0.65363,0.65225,0.65289,8282
2025-08-29 16:00:00,0.65289,0.65485,0.65246,0.65459,12274
2025-08-29 20:00:00,0.65459,0.65465,0.65345,0.65378,4437
2025-09-01 00:00:00,0.65434,0.65485,0.65358,0.65473,3092
2025-09-01 04:00:00,0.65473,0.65489,0.65347,0.65428,7863
2025-09-01 08:00:00,0.65428,0.65573,0.65348,0.65568,8637
2025-09-01 12:00:00,0.65568,0.65599,0.65484,0.65519,6773
2025-09-01 16:00:00,0.65521,0.65582,0.65491,0.65535,6551
2025-09-01 20:00:00,0.65535,0.65551,0.65514,0.65536,3380
2025-09-02 00:00:00,0.65473,0.65583,0.65408,0.65526,3968
2025-09-02 04:00:00,0.65526,0.65531,0.65358,0.6537,7922
2025-09-02 08:00:00,0.6537,0.65435,0.65002,0.65135,13574
2025-09-02 12:00:00,0.65135,0.65147,0.64828,0.64868,14126
2025-09-02 16:00:00,0.64868,0.65248,0.64838,0.65204,15452
2025-09-02 20:00:00,0.65204,0.65224,0.65121,0.65202,6765
2025-09-03 00:00:00,0.6513,0.65211,0.65108,0.65147,3900
2025-09-03 04:00:00,0.65147,0.65251,0.65121,0.65209,8013
2025-09-03 08:00:00,0.65209,0.65291,0.65019,0.65249,10777
2025-09-03 12:00:00,0.65249,0.65404,0.65228,0.65403,9400
2025-09-03 16:00:00,0.65403,0.65515,0.65335,0.65508,14148
2025-09-03 20:00:00,0.65508,0.65542,0.65391,0.6542,6617
2025-09-04 00:00:00,0.65385,0.65495,0.6533,0.65467,4011
2025-09-04 04:00:00,0.65467,0.65484,0.65279,0.65283,8297
2025-09-04 08:00:00,0.65283,0.65283,0.65205,0.65272,9250
2025-09-04 12:00:00,0.65272,0.65277,0.65089,0.65205,9492
2025-09-04 16:00:00,0.65205,0.65268,0.65013,0.65101,12973
2025-09-04 20:00:00,0.65101,0.65185,0.65089,0.65178,5557
2025-09-05 00:00:00,0.65095,0.65265,0.65002,0.65264,3711
2025-09-05 04:00:00,0.65264,0.65312,0.65253,0.65275,5434
2025-09-05 08:00:00,0.65275,0.65472,0.65267,0.65441,7214
2025-09-05 12:00:00,0.65441,0.65721,0.65394,0.65717,11415
2025-09-05 16:00:00,0.65716,0.65887,0.65512,0.65635,19251
2025-09-05 20:00:00,0.65635,0.65635,0.65497,0.65546,7481
2025-09-08 00:00:00,0.6549,0.65569,0.65457,0.65557,4251
2025-09-08 04:00:00,0.65561,0.65673,0.65518,0.65625,7576
2025-09-08 08:00:00,0.65626,0.6588,0.65611,0.65843,8432
2025-09-08 12:00:00,0.65842,0.65964,0.65798,0.65955,6283
2025-09-08 16:00:00,0.65956,0.65984,0.65808,0.6585,8309
2025-09-08 20:00:00,0.65849,0.65955,0.65806,0.65912,4593
2025-09-09 00:00:00,0.65862,0.65996,0.65839,0.65957,2979
2025-09-09 04:00:00,0.65956,0.66065,0.65911,0.66063,5307
2025-09-09 08:00:00,0.66061,0.66145,0.65986,0.66123,8789
2025-09-09 12:00:00,0.66124,0.66196,0.65958,0.65976,6420
2025-09-09 16:00:00,0.65977,0.66126,0.65848,0.65904,12221
2025-09-09 20:00:00,0.65903,0.65917,0.65819,0.65835,4723
2025-09-10 00:00:00,0.65805,0.65883,0.65805,0.65878,3036
2025-09-10 04:00:00,0.65879,0.66125,0.65799,0.66124,6508
2025-09-10 08:00:00,0.66123,0.66152,0.65943,0.66001,8118
2025-09-10 12:00:00,0.66002,0.66238,0.66,0.66117,8210
2025-09-10 16:00:00,0.66119,0.66354,0.66057,0.66193,10391
2025-09-10 20:00:00,0.66196,0.66247,0.66113,0.66123,4632
2025-09-11 00:00:00,0.66118,0.66211,0.6609,0.66103,2430
2025-09-11 04:00:00,0.66104,0.66199,0.66075,0.66098,4528
2025-09-11 08:00:00,0.66099,0.66139,0.66012,0.66086,8367
2025-09-11 12:00:00,0.66084,0.66241,0.65871,0.66226,10495
2025-09-11 16:00:00,0.66227,0.66642,0.66195,0.66593,12893
2025-09-11 20:00:00,0.66594,0.66648,0.66567,0.66615,5286
2025-09-12 00:00:00,0.66564,0.66679,0.66554,0.66674,2956
2025-09-12 04:00:00,0.66677,0.66687,0.66553,0.66576,5077
2025-09-12 08:00:00,0.66577,0.66654,0.66433,0.66453,7595
2025-09-12 12:00:00,0.66454,0.66536,0.66306,0.66388,7979
2025-09-12 16:00:00,0.66382,0.66482,0.66321,0.66427,10069
2025-09-12 20:00:00,0.66426,0.66531,0.66423,0.6647,4928
2025-09-15 00:00:00,0.66346,0.66514,0.66307,0.66512,2483
2025-09-15 04:00:00,0.66513,0.66658,0.66495,0.66639,4092
2025-09-15 08:00:00,0.66643,0.66667,0.6652,0.66595,6871
2025-09-15 12:00:00,0.66596,0.66686,0.66539,0.66659,7027
2025-09-15 16:00:00,0.66658,0.66719,0.66532,0.66654,8370
2025-09-15 20:00:00,0.66652,0.66747,0.66646,0.66699,5118
2025-09-16 00:00:00,0.6667,0.66762,0.66626,0.66678,2202
2025-09-16 04:00:00,0.66679,0.66734,0.66602,0.66616,4538
2025-09-16 08:00:00,0.66617,0.66724,0.66597,0.66625,7111
2025-09-16 12:00:00,0.66627,0.66765,0.66613,0.66679,8768
2025-09-16 16:00:00,0.66678,0.66853,0.66646,0.6683,11684
2025-09-16 20:00:00,0.66829,0.66882,0.66797,0.66852,4827
2025-09-17 00:00:00,0.66801,0.66896,0.66704,0.66825,2446
2025-09-17 04:00:00,0.66826,0.66845,0.66723,0.66754,3862
2025-09-17 08:00:00,0.66755,0.66775,0.6666,0.66711,5684
2025-09-17 12:00:00,0.6671,0.66813,0.66669,0.668,5416
2025-09-17 16:00:00,0.66801,0.6683,0.66616,0.66635,6694
2025-09-17 20:00:00,0.66636,0.67067,0.6641,0.66518,19016
2025-09-18 00:00:00,0.66493,0.66585,0.66437,0.66504,4505
2025-09-18 04:00:00,0.66506,0.66536,0.66287,0.66307,6573
2025-09-18 08:00:00,0.66306,0.66468,0.66157,0.66384,9347
2025-09-18 12:00:00,0.66383,0.66598,0.6631,0.66311,9175
2025-09-18 16:00:00,0.66308,0.66322,0.66068,0.66183,12692
2025-09-18 20:00:00,0.66183,0.66228,0.66096,0.661,5579
2025-09-19 00:00:00,0.66098,0.66194,0.66065,0.66119,2840
2025-09-19 04:00:00,0.6612,0.66164,0.65994,0.6604,6512
2025-09-19 08:00:00,0.66039,0.66123,0.65878,0.66069,9380
2025-09-19 12:00:00,0.66073,0.66109,0.65857,0.6588,7383
2025-09-19 16:00:00,0.65879,0.66,0.65877,0.65956,9966
2025-09-19 20:00:00,0.65955,0.65976,0.65895,0.65905,4066
2025-09-22 00:00:00,0.65902,0.65968,0.65819,0.65847,3512
2025-09-22 04:00:00,0.65846,0.65964,0.65806,0.65948,4988
2025-09-22 08:00:00,0.65947,0.65967,0.65748,0.65941,7456
2025-09-22 12:00:00,0.65942,0.65997,0.65921,0.65978,6207
2025-09-22 16:00:00,0.65978,0.65997,0.65775,0.65929,8161
2025-09-22 20:00:00,0.6593,0.66024,0.65929,0.65984,3285
2025-09-23 00:00:00,0.65964,0.66013,0.65919,0.65965,1791
2025-09-23 04:00:00,0.65964,0.65972,0.65812,0.65829,4221
2025-09-23 08:00:00,0.65824,0.66007,0.65811,0.65988,7236
2025-09-23 12:00:00,0.65992,0.66114,0.65984,0.66079,6381
2025-09-23 16:00:00,0.66081,0.66153,0.65936,0.66023,10406
2025-09-23 20:00:00,0.66024,0.66059,0.65931,0.65983,6558
2025-09-24 00:00:00,0.65934,0.66024,0.65868,0.65943,2536
2025-09-24 04:00:00,0.65944,0.66229,0.65887,0.66198,6103
2025-09-24 08:00:00,0.66197,0.6628,0.66074,0.66127,7148
2025-09-24 12:00:00,0.66128,0.66157,0.6591,0.65938,6841
2025-09-24 16:00:00,0.65937,0.65965,0.65746,0.65764,10498
2025-09-24 20:00:00,0.65765,0.65846,0.6576,0.65824,5504
2025-09-25 00:00:00,0.65799,0.65938,0.65742,0.65929,3062
2025-09-25 04:00:00,0.65928,0.66005,0.65843,0.65975,4700
2025-09-25 08:00:00,0.65976,0.66007,0.6585,0.65984,7391
2025-09-25 12:00:00,0.65985,0.66037,0.65553,0.65605,8736
2025-09-25 16:00:00,0.65604,0.65631,0.65413,0.65429,11990
2025-09-25 20:00:00,0.65427,0.65431,0.65256,0.65391,6561
2025-09-26 00:00:00,0.65256,0.65415,0.65256,0.65375,4060
2025-09-26 04:00:00,0.65375,0.65445,0.65326,0.65417,4418
2025-09-26 08:00:00,0.65418,0.65439,0.65261,0.65316,7033
2025-09-26 12:00:00,0.65317,0.65399,0.65205,0.65383,7297
2025-09-26 16:00:00,0.6538,0.65492,0.65329,0.65487,11286
2025-09-26 20:00:00,0.65488,0.65513,0.65445,0.65452,4290
2025-09-29 00:00:00,0.65418,0.65576,0.65418,0.65564,2393
2025-09-29 04:00:00,0.65562,0.65731,0.65476,0.65709,4677
2025-09-29 08:00:00,0.65708,0.65731,0.65628,0.65693,7178
2025-09-29 12:00:00,0.65694,0.6572,0.65595,0.65679,6545
2025-09-29 16:00:00,0.65679,0.658,0.65624,0.65756,9367
2025-09-29 20:00:00,0.65756,0.6581,0.65738,0.65757,3653
2025-09-30 00:00:00,0.65753,0.65806,0.65698,0.65784,2627
2025-09-30 04:00:00,0.65785,0.66085,0.6575,0.66063,6673
2025-09-30 08:00:00,0.66061,0.66137,0.65753,0.66097,10841
2025-09-30 12:00:00,0.66096,0.66159,0.66033,0.66124,7764
2025-09-30 16:00:00,0.66125,0.66283,0.66078,0.66194,11376
2025-09-30 20:00:00,0.66194,0.66215,0.66114,0.66128,5437
2025-10-01 00:00:00,0.6604,0.66184,0.66022,0.66044,3523
2025-10-01 04:00:00,0.66043,0.66051,0.65893,0.66032,4780
2025-10-01 08:00:00,0.66033,0.66198,0.65985,0.66144,9151
2025-10-01 12:00:00,0.66143,0.66287,0.66056,0.66196,10133
2025-10-01 16:00:00,0.66195,0.66229,0.6599,0.66085,13228
2025-10-01 20:00:00,0.66086,0.66205,0.66078,0.66115,4974
2025-10-02 00:00:00,0.66105,0.66156,0.66062,0.66068,2427
2025-10-02 04:00:00,0.66073,0.66212,0.66022,0.66173,4449
2025-10-02 08:00:00,0.66174,0.66244,0.66114,0.66208,6700
2025-10-02 12:00:00,0.66207,0.6622,0.6599,0.66022,6596
2025-10-02 16:00:00,0.66026,0.66068,0.65769,0.65936,10461
2025-10-02 20:00:00,0.65935,0.65996,0.65913,0.65953,4009
2025-10-03 00:00:00,0.6587,0.66027,0.6587,0.66007,2120
2025-10-03 04:00:00,0.66006,0.6604,0.65906,0.65909,3821
2025-10-03 08:00:00,0.6591,0.66089,0.65887,0.66066,5964
2025-10-03 12:00:00,0.66067,0.66076,0.65993,0.66063,5743
2025-10-03 16:00:00,0.66064,0.6614,0.65992,0.66088,10205
2025-10-03 20:00:00,0.66089,0.66095,0.65949,0.66011,5470
2025-10-06 00:00:00,0.6577,0.65984,0.6577,0.65982,5722
2025-10-06 04:00:00,0.65984,0.66134,0.65927,0.66028,4538
2025-10-06 08:00:00,0.66029,0.66177,0.65922,0.65993,9339
2025-10-06 12:00:00,0.65988,0.66102,0.65901,0.66097,7747
2025-10-06 16:00:00,0.66095,0.66203,0.66069,0.6617,7729
2025-10-06 20:00:00,0.66169,0.66202,0.66144,0.66177,2995
2025-10-07 00:00:00,0.66136,0.66203,0.66078,0.66089,2760
2025-10-07 04:00:00,0.6609,0.66242,0.66041,0.66111,3495
2025-10-07 08:00:00,0.66111,0.66123,0.65853,0.65905,6726
2025-10-07 12:00:00,0.65902,0.65969,0.65808,0.65869,6152
2025-10-07 16:00:00,0.65868,0.65969,0.65838,0.65855,10350
2025-10-07 20:00:00,0.65856,0.65917,0.65786,0.65805,4562
2025-10-08 00:00:00,0.65796,0.65859,0.65743,0.65758,2703
2025-10-08 04:00:00,0.65754,0.65799,0.65581,0.65636,6334
2025-10-08 08:00:00,0.65634,0.65697,0.65564,0.65605,7669
2025-10-08 12:00:00,0.65606,0.65809,0.65593,0.65795,7175
2025-10-08 16:00:00,0.65796,0.65885,0.65752,0.65795,8702
2025-10-08 20:00:00,0.65797,0.65889,0.65765,0.65865,5173
2025-10-09 00:00:00,0.65816,0.65953,0.65782,0.65938,2650
2025-10-09 04:00:00,0.65936,0.6609,0.65895,0.66063,4594
2025-10-09 08:00:00,0.66062,0.66101,0.65693,0.6581,8557
2025-10-09 12:00:00,0.65812,0.66099,0.6581,0.66059,7917
2025-10-09 16:00:00,0.6606,0.66122,0.65462,0.65484,14561
2025-10-09 20:00:00,0.65484,0.65554,0.65399,0.65543,7215
2025-10-10 00:00:00,0.65542,0.6567,0.65498,0.65659,3005
2025-10-10 04:00:00,0.6566,0.65727,0.65634,0.65664,4220
2025-10-10 08:00:00,0.65663,0.65688,0.65452,0.65572,8287
2025-10-10 12:00:00,0.65573,0.65592,0.65496,0.65549,7566
2025-10-10 16:00:00,0.6555,0.65553,0.64805,0.64838,18441
2025-10-10 20:00:00,0.64834,0.6492,0.64719,0.64763,10365
2025-10-13 00:00:00,0.65001,0.65145,0.64912,0.65144,7375
2025-10-13 04:00:00,0.65158,0.65325,0.65133,0.65225,6284
2025-10-13 08:00:00,0.65221,0.65282,0.65119,0.65209,9093
2025-10-13 12:00:00,0.6521,0.65247,0.65058,0.65086,8020
2025-10-13 16:00:00,0.65084,0.65243,0.65048,0.65236,10841
2025-10-13 20:00:00,0.65237,0.65246,0.65128,0.65133,4766
2025-10-14 00:00:00,0.651,0.65209,0.65074,0.65185,4578
2025-10-14 04:00:00,0.65186,0.65196,0.64757,0.64804,9458
2025-10-14 08:00:00,0.64799,0.64803,0.64488,0.64579,13736
2025-10-14 12:00:00,0.6458,0.64605,0.64402,0.64468,10344
2025-10-14 16:00:00,0.64467,0.64969,0.64462,0.64917,14479
2025-10-14 20:00:00,0.64914,0.64949,0.64783,0.64851,6718
2025-10-15 00:00:00,0.64799,0.64959,0.64794,0.64957,4045
2025-10-15 04:00:00,0.64958,0.65181,0.64924,0.65141,7327
2025-10-15 08:00:00,0.65156,0.65233,0.65106,0.65176,8509
2025-10-15 12:00:00,0.65175,0.65229,0.65073,0.65084,8541
2025-10-15 16:00:00,0.65085,0.65229,0.65037,0.65131,12988
2025-10-15 20:00:00,0.65133,0.65133,0.64885,0.65116,6711
2025-10-16 00:00:00,0.6506,0.65156,0.64799,0.64887,4772
2025-10-16 04:00:00,0.6489,0.65051,0.6482,0.64906,7839
2025-10-16 08:00:00,0.64904,0.6513,0.64888,0.65063,10493
2025-10-16 12:00:00,0.65064,0.65107,0.64957,0.65003,9310
2025-10-16 16:00:00,0.65004,0.65075,0.64732,0.64903,14978
2025-10-16 20:00:00,0.64908,0.64962,0.6471,0.64869,9072
2025-10-17 00:00:00,0.64811,0.64899,0.64751,0.64837,3940
2025-10-17 04:00:00,0.64835,0.64918,0.6462,0.64743,8279
2025-10-17 08:00:00,0.64741,0.64791,0.64433,0.64594,12871
2025-10-17 12:00:00,0.64593,0.65022,0.64581,0.64748,13664
2025-10-17 16:00:00,0.64743,0.64907,0.6471,0.64845,15031
2025-10-17 20:00:00,0.64843,0.65012,0.64821,0.64934,5356
2025-10-20 00:00:00,0.64859,0.65058,0.64852,0.65056,4578
2025-10-20 04:00:00,0.65057,0.65148,0.64995,0.65023,6170
2025-10-20 08:00:00,0.65022,0.65083,0.64913,0.64969,8676
2025-10-20 12:00:00,0.64968,0.65014,0.64845,0.64923,8846
2025-10-20 16:00:00,0.64925,0.65211,0.64901,0.65138,9861
2025-10-20 20:00:00,0.65137,0.65174,0.65115,0.65121,2868
2025-10-21 00:00:00,0.65113,0.65249,0.65092,0.65238,2983
2025-10-21 04:00:00,0.65237,0.65237,0.64998,0.65034,6814
2025-10-21 08:00:00,0.65035,0.6504,0.64763,0.64853,10185
2025-10-21 12:00:00,0.64852,0.64979,0.64802,0.64951,10273
2025-10-21 16:00:00,0.6495,0.65035,0.64727,0.64913,13356
2025-10-21 20:00:00,0.64912,0.64921,0.64856,0.64872,4150
2025-10-22 00:00:00,0.64864,0.64945,0.64851,0.64854,4221
2025-10-22 04:00:00,0.64852,0.65018,0.64831,0.64997,6473
2025-10-22 08:00:00,0.64996,0.65119,0.64927,0.64946,9173
2025-10-22 12:00:00,0.64944,0.64965,0.64817,0.64884,9473
2025-10-22 16:00:00,0.64885,0.65023,0.64788,0.64949,13217
2025-10-22 20:00:00,0.6495,0.6496,0.64782,0.64882,7013
2025-10-23 00:00:00,0.64869,0.6492,0.6483,0.6492,3453
2025-10-23 04:00:00,0.64922,0.64951,0.64786,0.64851,5663
2025-10-23 08:00:00,0.64849,0.65119,0.64843,0.65083,7519
2025-10-23 12:00:00,0.65087,0.65125,0.64981,0.65046,7026
2025-10-23 16:00:00,0.65047,0.65175,0.65039,0.65114,10186
2025-10-23 20:00:00,0.65113,0.65178,0.65064,0.65118,3397
2025-10-24 00:00:00,0.65025,0.65172,0.65025,0.65136,2615
2025-10-24 04:00:00,0.65135,0.65147,0.64962,0.65015,5447
2025-10-24 08:00:00,0.65014,0.65086,0.64931,0.64957,7511
2025-10-24 12:00:00,0.64954,0.65287,0.64926,0.65175,8729
2025-10-24 16:00:00,0.65177,0.65217,0.64935,0.65092,12150
2025-10-24 20:00:00,0.65096,0.65134,0.65082,0.65099,2611
2025-10-27 00:00:00,0.65324,0.65438,0.65276,0.65309,5315
2025-10-27 04:00:00,0.65308,0.65413,0.65282,0.65318,6386
2025-10-27 08:00:00,0.65319,0.65545,0.65305,0.65528,7316
2025-10-27 12:00:00,0.6553,0.65591,0.65479,0.65554,8173
2025-10-27 16:00:00,0.65553,0.65594,0.65435,0.65559,9335
2025-10-27 20:00:00,0.65561,0.65581,0.65525,0.65553,3329
2025-10-28 00:00:00,0.65507,0.65626,0.65501,0.65576,3114
2025-10-28 04:00:00,0.65574,0.65641,0.65534,0.65634,6289
2025-10-28 08:00:00,0.65633,0.65641,0.65443,0.65462,7148
2025-10-28 12:00:00,0.65461,0.65603,0.65455,0.65539,7228
2025-10-28 16:00:00,0.65539,0.65896,0.65508,0.65884,9803
2025-10-28 20:00:00,0.65885,0.65905,0.65831,0.65846,3094
2025-10-29 00:00:00,0.65825,0.66074,0.65783,0.65973,4596
2025-10-29 04:00:00,0.65969,0.66007,0.65888,0.65958,6580
2025-10-29 08:00:00,0.65956,0.66174,0.65938,0.65948,8337
2025-10-29 12:00:00,0.65947,0.66028,0.65864,0.65971,8753
2025-10-29 16:00:00,0.65972,0.66148,0.65957,0.66122,10299
2025-10-29 20:00:00,0.66121,0.66159,0.65571,0.65739,15292
2025-10-30 00:00:00,0.65616,0.65874,0.65616,0.65862,3840
2025-10-30 04:00:00,0.65863,0.65973,0.65738,0.65941,11568
2025-10-30 08:00:00,0.65936,0.65958,0.65732,0.65772,11458
2025-10-30 12:00:00,0.65771,0.65797,0.6538,0.65386,9718
2025-10-30 16:00:00,0.65382,0.65583,0.65326,0.65544,13449
2025-10-30 20:00:00,0.65543,0.65583,0.65463,0.65544,5421
2025-10-31 00:00:00,0.6553,0.656,0.65477,0.65567,3234
2025-10-31 04:00:00,0.65566,0.65593,0.65458,0.655,6382
2025-10-31 08:00:00,0.65501,0.65501,0.65332,0.65433,8015
2025-10-31 12:00:00,0.65434,0.65452,0.65355,0.65365,7880
2025-10-31 16:00:00,0.65363,0.65528,0.6533,0.65401,11972
2025-10-31 20:00:00,0.65402,0.65462,0.65333,0.65444,4293
2025-11-03 00:00:00,0.65415,0.65492,0.65367,0.65434,4179
2025-11-03 04:00:00,0.65436,0.65622,0.65412,0.65583,4544
2025-11-03 08:00:00,0.65582,0.65601,0.65466,0.65466,7002
2025-11-03 12:00:00,0.65467,0.65517,0.65373,0.6539,6353
2025-11-03 16:00:00,0.65391,0.65431,0.65174,0.65376,11346
2025-11-03 20:00:00,0.65377,0.65409,0.65345,0.65375,4330
2025-11-04 00:00:00,0.65327,0.65395,0.65289,0.6534,4781
2025-11-04 04:00:00,0.65341,0.65364,0.65108,0.65119,8092
2025-11-04 08:00:00,0.65124,0.65198,0.64939,0.64949,10740
2025-11-04 12:00:00,0.64946,0.65046,0.64909,0.64922,7503
2025-11-04 16:00:00,0.64921,0.65041,0.64807,0.6492,11361
2025-11-04 20:00:00,0.64918,0.64925,0.64821,0.64877,6665
2025-11-05 00:00:00,0.64881,0.64931,0.64586,0.64672,6359
2025-11-05 04:00:00,0.64671,0.6499,0.64668,0.649,7632
2025-11-05 08:00:00,0.64901,0.64958,0.64808,0.64817,7390
2025-11-05 12:00:00,0.64818,0.64873,0.64736,0.64854,7964
2025-11-05 16:00:00,0.64853,0.65127,0.64824,0.65062,11871
2025-11-05 20:00:00,0.65061,0.65106,0.65017,0.65062,2727
2025-11-06 00:00:00,0.65035,0.65112,0.64969,0.65102,4828
2025-11-06 04:00:00,0.65102,0.65179,0.65049,0.65076,5078
2025-11-06 08:00:00,0.65069,0.65174,0.6504,0.65134,8024
2025-11-06 12:00:00,0.65135,0.65185,0.65059,0.65088,8502
2025-11-06 16:00:00,0.65086,0.65095,0.64631,0.64777,15920
2025-11-06 20:00:00,0.64775,0.64891,0.64714,0.64794,7447
2025-11-07 00:00:00,0.64783,0.64865,0.64701,0.64775,5190
2025-11-07 04:00:00,0.64777,0.64832,0.64672,0.64794,6355
2025-11-07 08:00:00,0.64795,0.64906,0.64777,0.64823,8089
2025-11-07 12:00:00,0.64824,0.6493,0.64758,0.6487,10277
2025-11-07 16:00:00,0.64871,0.64897,0.64681,0.64838,15218
2025-11-07 20:00:00,0.6484,0.64988,0.64822,0.64937,7310
2025-11-10 00:00:00,0.64939,0.6522,0.64888,0.65172,8428
2025-11-10 04:00:00,0.65171,0.65295,0.65122,0.65267,7433
2025-11-10 08:00:00,0.65268,0.65392,0.65233,0.65369,8135
2025-11-10 12:00:00,0.65371,0.65381,0.65261,0.6529,7280
2025-11-10 16:00:00,0.65289,0.65396,0.65144,0.65379,10914
2025-11-10 20:00:00,0.6538,0.654,0.65353,0.65356,3395
2025-11-11 00:00:00,0.65323,0.6537,0.65281,0.65308,4582
2025-11-11 04:00:00,0.65309,0.65327,0.65176,0.65176,6373
2025-11-11 08:00:00,0.65175,0.65254,0.65148,0.65187,8326
2025-11-11 12:00:00,0.65189,0.6538,0.65177,0.65351,9265
2025-11-11 16:00:00,0.65352,0.65378,0.65205,0.65311,12063
2025-11-11 20:00:00,0.6531,0.65338,0.65266,0.65275,3919
2025-11-12 00:00:00,0.65229,0.65316,0.65195,0.65233,5035
2025-11-12 04:00:00,0.65231,0.6531,0.6516,0.6529,6451
2025-11-12 08:00:00,0.65291,0.65443,0.65285,0.65328,8598
2025-11-12 12:00:00,0.65326,0.65444,0.65302,0.6537,9005
2025-11-12 16:00:00,0.65369,0.65447,0.65309,0.65425,12952
2025-11-12 20:00:00,0.65426,0.65502,0.65386,0.65401,4363
2025-11-13 00:00:00,0.65397,0.65632,0.65322,0.65576,8132
2025-11-13 04:00:00,0.65577,0.6565,0.65524,0.6557,7775
2025-11-13 08:00:00,0.65568,0.658,0.65552,0.65729,10856
2025-11-13 12:00:00,0.6573,0.6573,0.65483,0.65532,10791
2025-11-13 16:00:00,0.65534,0.65582,0.65391,0.65491,18899
2025-11-13 20:00:00,0.6549,0.65506,0.65236,0.65292,9766
2025-11-14 00:00:00,0.65286,0.65433,0.65237,0.65403,7021
2025-11-14 04:00:00,0.65404,0.65496,0.653,0.65384,8268
2025-11-14 08:00:00,0.65386,0.65398,0.65176,0.65212,12746
2025-11-14 12:00:00,0.65211,0.65299,0.65035,0.65238,13600
2025-11-14 16:00:00,0.65236,0.65512,0.65196,0.6542,17251
2025-11-14 20:00:00,0.65421,0.65423,0.65331,0.65361,8174
2025-11-17 00:00:00,0.65308,0.65352,0.65182,0.65188,6945
2025-11-17 04:00:00,0.65189,0.65245,0.65116,0.65227,5569
2025-11-17 08:00:00,0.65226,0.65373,0.65181,0.65198,9684
2025-11-17 12:00:00,0.65198,0.65249,0.65069,0.65103,10245
2025-11-17 16:00:00,0.65099,0.65175,0.65005,0.65094,14290
2025-11-17 20:00:00,0.65093,0.65097,0.64818,0.64927,7265
2025-11-18 00:00:00,0.64909,0.64987,0.64827,0.64905,5705
2025-11-18 04:00:00,0.64907,0.64975,0.64648,0.64817,10437
2025-11-18 08:00:00,0.64815,0.64991,0.64743,0.64957,11382
2025-11-18 12:00:00,0.64955,0.65121,0.64916,0.65058,9775
2025-11-18 16:00:00,0.65056,0.65112,0.64824,0.65095,20134
2025-11-18 20:00:00,0.65097,0.65183,0.65062,0.65071,8016
2025-11-19 00:00:00,0.65028,0.65117,0.64905,0.64921,6010
2025-11-19 04:00:00,0.64922,0.64983,0.64764,0.64893,8927
2025-11-19 08:00:00,0.64895,0.64974,0.64767,0.64867,10005
2025-11-19 12:00:00,0.64866,0.64926,0.64813,0.6484,10160
2025-11-19 16:00:00,0.64839,0.64926,0.6451,0.64601,17045
2025-11-19 20:00:00,0.646,0.64805,0.64577,0.64791,9291
2025-11-20 00:00:00,0.64743,0.64911,0.64728,0.64797,6131
2025-11-20 04:00:00,0.64796,0.64887,0.64738,0.64787,7550
2025-11-20 08:00:00,0.64783,0.64831,0.64707,0.64827,9816
2025-11-20 12:00:00,0.64826,0.65013,0.64667,0.64907,11920
2025-11-20 16:00:00,0.64909,0.65025,0.64361,0.64453,22915
2025-11-20 20:00:00,0.6445,0.64608,0.64388,0.64398,12380
2025-11-21 00:00:00,0.64389,0.64574,0.64372,0.64536,7229
2025-11-21 04:00:00,0.64543,0.64573,0.64412,0.64466,9337
2025-11-21 08:00:00,0.64465,0.64538,0.64336,0.64363,12811
2025-11-21 12:00:00,0.64362,0.6453,0.64211,0.64493,15104
2025-11-21 16:00:00,0.64492,0.64606,0.6423,0.64545,22500
2025-11-21 20:00:00,0.64544,0.64599,0.64459,0.64557,10004
2025-11-24 00:00:00,0.64551,0.64658,0.64489,0.64534,6355
2025-11-24 04:00:00,0.64536,0.64649,0.64516,0.64629,6931
2025-11-24 08:00:00,0.64628,0.64672,0.6442,0.64465,10167
2025-11-24 12:00:00,0.64464,0.64595,0.64439,0.64538,9876
2025-11-24 16:00:00,0.64536,0.64612,0.64448,0.64592,13121
2025-11-24 20:00:00,0.64591,0.64683,0.64588,0.6464,5002
2025-11-25 00:00:00,0.64607,0.64688,0.64574,0.64631,4626
2025-11-25 04:00:00,0.64632,0.64669,0.64514,0.64576,6414
2025-11-25 08:00:00,0.64575,0.64613,0.64482,0.64584,8288
2025-11-25 12:00:00,0.64585,0.6469,0.64448,0.64613,10863
2025-11-25 16:00:00,0.64612,0.64756,0.6436,0.64716,18035
2025-11-25 20:00:00,0.64719,0.64754,0.64661,0.64696,6683
2025-11-26 00:00:00,0.64655,0.64956,0.64641,0.64904,7862
2025-11-26 04:00:00,0.64901,0.65078,0.64889,0.65057,8719
2025-11-26 08:00:00,0.65056,0.6512,0.64909,0.64993,11549
2025-11-26 12:00:00,0.64994,0.65046,0.64838,0.64904,14374
2025-11-26 16:00:00,0.64905,0.65168,0.64876,0.65145,13274
2025-11-26 20:00:00,0.65146,0.65209,0.65121,0.65181,5594
2025-11-27 00:00:00,0.65156,0.65315,0.65153,0.65312,5365
2025-11-27 04:00:00,0.65313,0.65396,0.65265,0.65329,6911
2025-11-27 08:00:00,0.65331,0.6534,0.65213,0.65237,8984
2025-11-27 12:00:00,0.65239,0.65291,0.65221,0.65265,8177
2025-11-27 16:00:00,0.65264,0.6534,0.6523,0.65314,5752
2025-11-27 20:00:00,0.65315,0.6533,0.65294,0.65325,2174
2025-11-28 00:00:00,0.65315,0.65408,0.65283,0.65349,5873
2025-11-28 04:00:00,0.65347,0.65404,0.6525,0.65296,26483
2025-11-28 08:00:00,0.65297,0.65298,0.65202,0.65246,28201
2025-11-28 12:00:00,0.65245,0.65367,0.65207,0.65354,29284
2025-11-28 16:00:00,0.65353,0.6559,0.65314,0.65513,12818
2025-11-28 20:00:00,0.65511,0.6553,0.65428,0.65491,9513
2025-12-01 00:00:00,0.65365,0.65568,0.65343,0.65522,5798
2025-12-01 04:00:00,0.65523,0.65529,0.65373,0.65415,5109
2025-12-01 08:00:00,0.65414,0.65544,0.65387,0.65497,8199
2025-12-01 12:00:00,0.65496,0.65663,0.65444,0.656,8032
2025-12-01 16:00:00,0.65599,0.65643,0.65463,0.65524,12621
2025-12-01 20:00:00,0.65523,0.65537,0.65402,0.65436,5838
2025-12-02 00:00:00,0.65421,0.6546,0.65336,0.65452,2869
2025-12-02 04:00:00,0.65451,0.65548,0.65433,0.65531,3115
2025-12-02 08:00:00,0.6553,0.65584,0.65462,0.65482,3612
2025-12-02 12:00:00,0.6545,0.65621,0.65434,0.65621,4319
2025-12-02 16:00:00,0.65633,0.65707,0.65536,0.65549,10097
2025-12-02 20:00:00,0.65544,0.6567,0.65531,0.65643,6751
2025-12-03 00:00:00,0.65605,0.65759,0.65522,0.65743,4236
2025-12-03 04:00:00,0.65744,0.65839,0.65707,0.65829,3496
2025-12-03 08:00:00,0.65828,0.65863,0.65739,0.65814,5755
2025-12-03 12:00:00,0.65815,0.65948,0.65812,0.65904,5812
2025-12-03 16:00:00,0.65906,0.65997,0.65747,0.65962,12042
2025-12-03 20:00:00,0.65961,0.66017,0.65937,0.6601,4796
2025-12-04 00:00:00,0.65955,0.66103,0.65954,0.66064,3616
2025-12-04 04:00:00,0.66065,0.66147,0.6602,0.66112,4647
2025-12-04 08:00:00,0.66113,0.66191,0.66052,0.66156,6386
2025-12-04 12:00:00,0.66157,0.66174,0.66053,0.66078,6356
2025-12-04 16:00:00,0.6608,0.66239,0.66061,0.66157,10448
2025-12-04 20:00:00,0.66158,0.66179,0.66072,0.66083,5419
2025-12-05 00:00:00,0.66081,0.66152,0.66043,0.66134,2548
2025-12-05 04:00:00,0.66135,0.66227,0.66105,0.66219,2716
2025-12-05 08:00:00,0.66221,0.66342,0.66202,0.66308,5141
2025-12-05 12:00:00,0.66307,0.66439,0.66256,0.66411,5777
2025-12-05 16:00:00,0.66412,0.66488,0.66265,0.66396,11984
2025-12-05 20:00:00,0.66397,0.66421,0.66353,0.66379,5486
2025-12-08 00:00:00,0.66317,0.66457,0.66258,0.6643,6449
2025-12-08 04:00:00,0.66429,0.66482,0.66396,0.66451,4240
2025-12-08 08:00:00,0.66452,0.66488,0.66337,0.66359,9059
2025-12-08 12:00:00,0.6636,0.66433,0.66323,0.66369,8529
2025-12-08 16:00:00,0.66371,0.6641,0.66142,0.6628,13016
2025-12-08 20:00:00,0.66282,0.66293,0.66186,0.66238,6321
2025-12-09 00:00:00,0.66196,0.66278,0.66175,0.66258,4332
2025-12-09 04:00:00,0.66259,0.66483,0.66087,0.66431,9750
2025-12-09 08:00:00,0.6643,0.66482,0.66335,0.6645,10072
2025-12-09 12:00:00,0.66449,0.66453,0.66311,0.66382,9790
2025-12-09 16:00:00,0.66381,0.66542,0.66346,0.66382,14779
2025-12-09 20:00:00,0.66383,0.66413,0.66336,0.66392,5539
2025-12-10 00:00:00,0.66349,0.66468,0.66324,0.66327,5482
2025-12-10 04:00:00,0.66326,0.66426,0.66287,0.66421,6406
2025-12-10 08:00:00,0.6642,0.66537,0.66417,0.66488,8260
2025-12-10 12:00:00,0.6649,0.66523,0.66363,0.6642,8335
2025-12-10 16:00:00,0.66421,0.66451,0.66293,0.66433,11922
2025-12-10 20:00:00,0.66432,0.66857,0.66307,0.66764,18802
2025-12-11 00:00:00,0.66747,0.66788,0.66593,0.66694,8200
2025-12-11 04:00:00,0.66696,0.66731,0.66294,0.66347,10942
2025-12-11 08:00:00,0.66346,0.66518,0.66263,0.66514,12141
2025-12-11 12:00:00,0.66516,0.66673,0.6648,0.66643,10738
2025-12-11 16:00:00,0.66642,0.66757,0.6656,0.66697,16339
2025-12-11 20:00:00,0.66696,0.66731,0.66613,0.66642,6337
2025-12-12 00:00:00,0.66634,0.66743,0.66565,0.6667,6200
2025-12-12 04:00:00,0.66669,0.66694,0.66596,0.66672,6029
2025-12-12 08:00:00,0.66674,0.66768,0.66606,0.66692,10016
2025-12-12 12:00:00,0.66691,0.66694,0.66607,0.66633,8935
2025-12-12 16:00:00,0.66632,0.66702,0.66325,0.66529,19684
2025-12-12 20:00:00,0.66528,0.66585,0.66472,0.66502,8808
2025-12-15 00:00:00,0.66397,0.66536,0.6634,0.66534,8388
2025-12-15 04:00:00,0.66529,0.66549,0.66406,0.66452,9178
2025-12-15 08:00:00,0.66453,0.66533,0.66414,0.66485,10116
2025-12-15 12:00:00,0.6648,0.66564,0.66414,0.66499,7271
2025-12-15 16:00:00,0.66497,0.6655,0.66352,0.66377,17954
2025-12-15 20:00:00,0.66376,0.66428,0.66319,0.66395,7221
2025-12-16 00:00:00,0.66384,0.66479,0.66179,0.66221,7846
2025-12-16 04:00:00,0.66222,0.66402,0.66194,0.66323,9810
2025-12-16 08:00:00,0.66321,0.66437,0.66284,0.66343,9210
2025-12-16 12:00:00,0.66344,0.66609,0.66316,0.66459,11401
2025-12-16 16:00:00,0.6646,0.66593,0.66287,0.66342,19609
2025-12-16 20:00:00,0.66343,0.66398,0.66205,0.66322,10216
2025-12-17 00:00:00,0.66294,0.66347,0.66189,0.6633,7270
2025-12-17 04:00:00,0.66329,0.66333,0.66133,0.66192,9357
2025-12-17 08:00:00,0.66193,0.66232,0.66119,0.66144,11420
2025-12-17 12:00:00,0.66143,0.66243,0.66122,0.6623,9534
2025-12-17 16:00:00,0.66229,0.66288,0.66035,0.66073,18292
2025-12-17 20:00:00,0.66072,0.66126,0.65989,0.66045,8199
2025-12-18 00:00:00,0.66044,0.66086,0.65939,0.65993,7196
2025-12-18 04:00:00,0.65995,0.66056,0.65924,0.66047,8496
2025-12-18 08:00:00,0.66045,0.66123,0.66027,0.66047,9966
2025-12-18 12:00:00,0.66046,0.66307,0.66032,0.66226,11086
2025-12-18 16:00:00,0.66223,0.66306,0.66029,0.66133,19658
2025-12-18 20:00:00,0.66134,0.66201,0.66095,0.66119,8819
2025-12-19 00:00:00,0.66083,0.66222,0.66077,0.66122,5531
2025-12-19 04:00:00,0.66121,0.6616,0.66036,0.66039,8183
2025-12-19 08:00:00,0.66037,0.66099,0.66001,0.66081,10357
2025-12-19 12:00:00,0.66082,0.66107,0.6601,0.66104,9518
2025-12-19 16:00:00,0.66106,0.66249,0.66064,0.66148,12182
2025-12-19 20:00:00,0.66147,0.66203,0.66065,0.66075,5051
2025-12-22 00:00:00,0.66116,0.66228,0.6604,0.66208,7961
2025-12-22 04:00:00,0.66209,0.66289,0.66202,0.66253,5714
2025-12-22 08:00:00,0.66252,0.66415,0.66252,0.66393,8190
2025-12-22 12:00:00,0.66392,0.66498,0.66383,0.66462,7786
2025-12-22 16:00:00,0.66464,0.66603,0.66436,0.66567,11240
2025-12-22 20:00:00,0.66566,0.66582,0.66514,0.66577,4731
2025-12-23 00:00:00,0.66541,0.66662,0.66539,0.66631,5313
2025-12-23 04:00:00,0.66632,0.66704,0.66631,0.66657,8214
2025-12-23 08:00:00,0.66658,0.66933,0.66647,0.66925,9122
2025-12-23 12:00:00,0.66926,0.67002,0.66853,0.66859,9068
2025-12-23 16:00:00,0.66858,0.66953,0.66756,0.66888,13144
2025-12-23 20:00:00,0.66889,0.6702,0.66877,0.67017,4486
2025-12-24 00:00:00,0.6698,0.67117,0.6697,0.67111,5034
2025-12-24 04:00:00,0.67112,0.67135,0.67024,0.67117,6095
2025-12-24 08:00:00,0.67116,0.67174,0.67052,0.67126,8093
2025-12-24 12:00:00,0.67125,0.67139,0.67001,0.67059,7956
2025-12-24 16:00:00,0.67057,0.67148,0.67023,0.67069,10508
2025-12-24 20:00:00,0.67065,0.67065,0.67022,0.67028,7040
2025-12-26 00:00:00,0.66986,0.67153,0.6696,0.671,7334
2025-12-26 04:00:00,0.67098,0.67176,0.67035,0.67093,7163
2025-12-26 08:00:00,0.67097,0.67114,0.66972,0.66978,9663
2025-12-26 12:00:00,0.66977,0.67178,0.66971,0.67161,8499
2025-12-26 16:00:00,0.67164,0.67246,0.67052,0.67089,14835
2025-12-26 20:00:00,0.6709,0.6715,0.67081,0.67103,6457
2025-12-29 00:00:00,0.66972,0.67224,0.66966,0.67192,8736
2025-12-29 04:00:00,0.67191,0.67273,0.67148,0.67152,6827
2025-12-29 08:00:00,0.67151,0.67216,0.66928,0.66993,11526
2025-12-29 12:00:00,0.66994,0.67057,0.66829,0.66935,11548
2025-12-29 16:00:00,0.66936,0.6703,0.66849,0.66886,15781
2025-12-29 20:00:00,0.66887,0.66975,0.66868,0.66926,5326
2025-12-30 00:00:00,0.66911,0.67041,0.66882,0.67039,5725
2025-12-30 04:00:00,0.67041,0.67149,0.66969,0.67136,6613
2025-12-30 08:00:00,0.67135,0.67176,0.67022,0.67045,8497
2025-12-30 12:00:00,0.67043,0.6712,0.66922,0.66939,9112
2025-12-30 16:00:00,0.66941,0.67036,0.66878,0.67029,11228
2025-12-30 20:00:00,0.67029,0.67039,0.66926,0.66952,5127
2025-12-31 00:00:00,0.66924,0.67012,0.66923,0.66939,4829
2025-12-31 04:00:00,0.66938,0.66986,0.66879,0.66898,6995
2025-12-31 08:00:00,0.66897,0.66904,0.66801,0.66831,7753
2025-12-31 12:00:00,0.66832,0.66899,0.66756,0.66832,9516
2025-12-31 16:00:00,0.66831,0.66835,0.66595,0.66716,14230
2025-12-31 20:00:00,0.66717,0.66749,0.66682,0.6673,6401
2026-01-02 00:00:00,0.66699,0.66948,0.66648,0.66928,4893
2026-01-02 04:00:00,0.66929,0.6702,0.66908,0.66955,6320
2026-01-02 08:00:00,0.66954,0.6707,0.66888,0.66987,9450
2026-01-02 12:00:00,0.66986,0.67,0.66866,0.66878,8564
2026-01-02 16:00:00,0.66879,0.6697,0.66796,0.6685,17688
2026-01-02 20:00:00,0.66848,0.66977,0.66772,0.66932,7926
2026-01-05 00:00:00,0.66791,0.66931,0.66747,0.66812,10264
2026-01-05 04:00:00,0.66813,0.66875,0.66649,0.66753,9965
2026-01-05 08:00:00,0.66752,0.66825,0.66707,0.66755,10749
2026-01-05 12:00:00,0.66755,0.66884,0.66628,0.66772,12863
2026-01-05 16:00:00,0.66773,0.67188,0.66769,0.67121,17025
2026-01-05 20:00:00,0.67119,0.67173,0.67108,0.67139,5839
2026-01-06 00:00:00,0.67099,0.67162,0.6703,0.67155,5743
2026-01-06 04:00:00,0.67155,0.67316,0.67134,0.6727,7504
2026-01-06 08:00:00,0.67269,0.67392,0.67162,0.67167,10490
2026-01-06 12:00:00,0.67166,0.67275,0.67117,0.67267,9781
2026-01-06 16:00:00,0.67266,0.67365,0.67197,0.67354,15646
2026-01-06 20:00:00,0.67353,0.67417,0.67308,0.67383,5933
2026-01-07 00:00:00,0.67349,0.67514,0.67169,0.67474,8426
2026-01-07 04:00:00,0.67472,0.67663,0.67439,0.67523,8303
2026-01-07 08:00:00,0.67527,0.67563,0.67347,0.67381,9673
2026-01-07 12:00:00,0.67379,0.67412,0.67273,0.67393,9995
2026-01-07 16:00:00,0.67394,0.67462,0.67219,0.67287,14923
2026-01-07 20:00:00,0.67288,0.67336,0.67181,0.67203,6508
2026-01-08 00:00:00,0.67202,0.67254,0.67165,0.67241,4828
2026-01-08 04:00:00,0.67244,0.67244,0.67006,0.67035,8339
2026-01-08 08:00:00,0.67034,0.67041,0.66894,0.6693,10610
2026-01-08 12:00:00,0.66931,0.67003,0.66892,0.66926,9322
2026-01-08 16:00:00,0.66925,0.67009,0.66816,0.66949,16191
2026-01-08 20:00:00,0.66947,0.67008,0.66882,0.66998,6464
2026-01-09 00:00:00,0.66979,0.6704,0.66881,0.66928,5118
2026-01-09 04:00:00,0.6693,0.66983,0.66911,0.66947,7020
2026-01-09 08:00:00,0.66946,0.66964,0.66761,0.66808,8226
2026-01-09 12:00:00,0.6681,0.67032,0.66685,0.66897,12486
2026-01-09 16:00:00,0.66898,0.66944,0.66635,0.66814,20496
2026-01-09 20:00:00,0.66812,0.66908,0.66807,0.66854,4127
2026-01-12 00:00:00,0.66752,0.67064,0.66745,0.66983,9582
2026-01-12 04:00:00,0.66982,0.67015,0.66922,0.66988,7630
2026-01-12 08:00:00,0.66986,0.67121,0.66954,0.67065,9759
2026-01-12 12:00:00,0.67064,0.67178,0.67034,0.67154,10383
2026-01-12 16:00:00,0.67153,0.67223,0.67029,0.67137,14364
2026-01-12 20:00:00,0.67137,0.67153,0.6709,0.67091,3912
2026-01-13 00:00:00,0.67087,0.67144,0.67062,0.67109,6199
2026-01-13 04:00:00,0.67108,0.67167,0.67068,0.67095,6885
2026-01-13 08:00:00,0.67094,0.671,0.66988,0.67058,8567
2026-01-13 12:00:00,0.67057,0.67269,0.6697,0.67091,11072
2026-01-13 16:00:00,0.67088,0.67143,0.66728,0.66809,18352
2026-01-13 20:00:00,0.66808,0.6685,0.66774,0.66802,6035
2026-01-14 00:00:00,0.66812,0.66884,0.66769,0.66821,5048
2026-01-14 04:00:00,0.66822,0.67003,0.66819,0.66946,7662
2026-01-14 08:00:00,0.66948,0.67023,0.66863,0.66958,9989
2026-01-14 12:00:00,0.66957,0.66961,0.66754,0.66793,11161
2026-01-14 16:00:00,0.66793,0.66891,0.66731,0.66739,17784
2026-01-14 20:00:00,0.66737,0.66859,0.66731,0.66798,7595
2026-01-15 00:00:00,0.66804,0.66859,0.66753,0.66805,6517
2026-01-15 04:00:00,0.66805,0.66813,0.66671,0.66766,6521
2026-01-15 08:00:00,0.66765,0.66989,0.66757,0.66953,7704
2026-01-15 12:00:00,0.66952,0.67008,0.66758,0.66776,8226
2026-01-15 16:00:00,0.66775,0.67096,0.66743,0.67045,13325
2026-01-15 20:00:00,0.67044,0.67086,0.66956,0.66998,5677
2026-01-16 00:00:00,0.66956,0.67042,0.6695,0.66974,4349
2026-01-16 04:00:00,0.66973,0.67069,0.66951,0.67011,4959
2026-01-16 08:00:00,0.67012,0.67054,0.66957,0.67017,5926
2026-01-16 12:00:00,0.67019,0.67094,0.66907,0.66942,7906
2026-01-16 16:00:00,0.6694,0.66951,0.6671,0.66808,15628
2026-01-16 20:00:00,0.66809,0.66861,0.66797,0.6682,4427
2026-01-19 00:00:00,0.6669,0.66951,0.66676,0.6683,10220
2026-01-19 04:00:00,0.6683,0.67007,0.6678,0.66957,6136
2026-01-19 08:00:00,0.66953,0.66987,0.66884,0.66968,8139
2026-01-19 12:00:00,0.66967,0.67079,0.66966,0.67054,6279
2026-01-19 16:00:00,0.67056,0.67165,0.6702,0.67162,6320
2026-01-19 20:00:00,0.67162,0.6717,0.6712,0.67149,1137
2026-01-20 00:00:00,0.67066,0.67142,0.67066,0.67113,4688
2026-01-20 04:00:00,0.67112,0.67409,0.67083,0.67359,6620
2026-01-20 08:00:00,0.67359,0.67471,0.67237,0.6728,13275
2026-01-20 12:00:00,0.67281,0.67388,0.67251,0.673,13695
2026-01-20 16:00:00,0.67301,0.67455,0.67266,0.67391,19357
2026-01-20 20:00:00,0.6739,0.67424,0.67307,0.67358,8952
2026-01-21 00:00:00,0.67291,0.67436,0.6729,0.67426,4931
2026-01-21 04:00:00,0.67428,0.67429,0.67274,0.67361,5915
2026-01-21 08:00:00,0.67362,0.6758,0.67351,0.67472,8071
2026-01-21 12:00:00,0.67471,0.67732,0.67434,0.67709,9498
2026-01-21 16:00:00,0.67708,0.67777,0.6753,0.67591,20330
2026-01-21 20:00:00,0.67592,0.67646,0.67542,0.67626,12699
2026-01-22 00:00:00,0.67581,0.67989,0.67536,0.6797,7138
2026-01-22 04:00:00,0.67971,0.68104,0.67911,0.68048,5599
2026-01-22 08:00:00,0.68049,0.6811,0.6797,0.68019,8018
2026-01-22 12:00:00,0.68021,0.68153,0.67956,0.68147,9466
2026-01-22 16:00:00,0.68148,0.68405,0.68104,0.684,13422
2026-01-22 20:00:00,0.68398,0.68442,0.68372,0.68413,4885
2026-01-23 00:00:00,0.68377,0.6853,0.6837,0.68448,4903
2026-01-23 04:00:00,0.68448,0.68504,0.68363,0.68487,5505
2026-01-23 08:00:00,0.68485,0.68539,0.68376,0.68398,10418
2026-01-23 12:00:00,0.68398,0.6867,0.68341,0.68499,9438
2026-01-23 16:00:00,0.68498,0.6891,0.68483,0.68823,15075
2026-01-23 20:00:00,0.68824,0.68986,0.68735,0.68966,10747
2026-01-26 00:00:00,0.69209,0.69298,0.69059,0.69196,13046
2026-01-26 04:00:00,0.69197,0.69285,0.69093,0.69143,8951
2026-01-26 08:00:00,0.69144,0.69269,0.69083,0.69218,11502
2026-01-26 12:00:00,0.6922,0.69274,0.69071,0.69173,10187
2026-01-26 16:00:00,0.69172,0.69407,0.69147,0.69343,14177
2026-01-26 20:00:00,0.69342,0.69379,0.69163,0.69173,8790
2026-01-27 00:00:00,0.69113,0.69196,0.6907,0.69173,5426
2026-01-27 04:00:00,0.69173,0.69284,0.69063,0.6913,6967
2026-01-27 08:00:00,0.69129,0.69284,0.69013,0.69272,8884
2026-01-27 12:00:00,0.6927,0.69525,0.69203,0.69446,11719
2026-01-27 16:00:00,0.69447,0.69819,0.69435,0.69783,18139
2026-01-27 20:00:00,0.69782,0.70159,0.69723,0.70126,12297
2026-01-28 00:00:00,0.7008,0.70224,0.69834,0.69859,11672
2026-01-28 04:00:00,0.6986,0.70033,0.69799,0.70029,9607
2026-01-28 08:00:00,0.70035,0.70195,0.69897,0.70021,15456
2026-01-28 12:00:00,0.70022,0.70141,0.69918,0.69961,13977
2026-01-28 16:00:00,0.69962,0.7008,0.69768,0.70003,21747
2026-01-28 20:00:00,0.70002,0.70426,0.69785,0.70423,15421
2026-01-29 00:00:00,0.70307,0.70493,0.70212,0.70279,10820
2026-01-29 04:00:00,0.7028,0.70939,0.70207,0.70878,13692
2026-01-29 08:00:00,0.70879,0.70884,0.70523,0.7056,14109
2026-01-29 12:00:00,0.70561,0.70707,0.70269,0.70653,15072
2026-01-29 16:00:00,0.70659,0.70823,0.69689,0.70187,39905
2026-01-29 20:00:00,0.70185,0.7054,0.70144,0.70503,15319
2026-01-30 00:00:00,0.70437,0.70551,0.70049,0.70057,13518
2026-01-30 04:00:00,0.70062,0.70088,0.69772,0.69995,19235
2026-01-30 08:00:00,0.69993,0.70114,0.69679,0.69761,21258
2026-01-30 12:00:00,0.69758,0.7032,0.69754,0.69907,21773
2026-01-30 16:00:00,0.69911,0.70263,0.69671,0.69721,34133
2026-01-30 20:00:00,0.69718,0.69863,0.69399,0.69624,25579
2026-02-02 00:00:00,0.6948,0.69706,0.69204,0.69641,24353
2026-02-02 04:00:00,0.6964,0.69689,0.69138,0.69251,22772
2026-02-02 08:00:00,0.69255,0.69657,0.69083,0.69642,22167
2026-02-02 12:00:00,0.6964,0.69703,0.69404,0.69476,19563
2026-02-02 16:00:00,0.69472,0.69678,0.69398,0.69526,27180
2026-02-02 20:00:00,0.69526,0.69537,0.69354,0.69499,9706
2026-02-03 00:00:00,0.69505,0.69781,0.69429,0.69773,8079
2026-02-03 04:00:00,0.69772,0.70333,0.6957,0.7006,15943
2026-02-03 08:00:00,0.70061,0.70502,0.70026,0.70057,17745
2026-02-03 12:00:00,0.70061,0.70155,0.69973,0.7008,13357
2026-02-03 16:00:00,0.70081,0.70243,0.69806,0.70106,24006
2026-02-03 20:00:00,0.70105,0.70264,0.69932,0.70224,16119
2026-02-04 00:00:00,0.70175,0.70364,0.70088,0.70278,8370
2026-02-04 04:00:00,0.7028,0.70353,0.70135,0.70288,9062
2026-02-04 08:00:00,0.70289,0.70429,0.70145,0.70204,11369
2026-02-04 12:00:00,0.70205,0.70357,0.70104,0.70327,12404
2026-02-04 16:00:00,0.70328,0.70332,0.69721,0.69789,32217
2026-02-04 20:00:00,0.6979,0.70004,0.69713,0.69983,15443
2026-02-05 00:00:00,0.69928,0.70071,0.69926,0.69968,7298
2026-02-05 04:00:00,0.6997,0.69978,0.69582,0.69717,17800
2026-02-05 08:00:00,0.69718,0.69905,0.69647,0.69668,14537
2026-02-05 12:00:00,0.69668,0.69855,0.69626,0.69693,19056
2026-02-05 16:00:00,0.69691,0.69822,0.694,0.69707,34093
2026-02-05 20:00:00,0.69707,0.69748,0.69276,0.69282,14119
2026-02-06 00:00:00,0.69274,0.69374,0.68969,0.69346,14805
2026-02-06 04:00:00,0.69345,0.69555,0.69331,0.69553,14173
2026-02-06 08:00:00,0.69552,0.69781,0.6952,0.69756,12838
2026-02-06 12:00:00,0.69756,0.69939,0.69668,0.69939,11699
2026-02-06 16:00:00,0.69937,0.70246,0.69904,0.70207,20171
2026-02-06 20:00:00,0.70206,0.70246,0.70137,0.70167,5814
2026-02-09 00:00:00,0.70064,0.70375,0.70064,0.70185,11198
2026-02-09 04:00:00,0.70185,0.70333,0.70166,0.70289,7112
2026-02-09 08:00:00,0.7029,0.70452,0.70234,0.70334,12103
2026-02-09 12:00:00,0.70335,0.70618,0.70135,0.70563,13515
2026-02-09 16:00:00,0.70563,0.70923,0.7056,0.70878,15848
2026-02-09 20:00:00,0.70877,0.70985,0.70824,0.70932,6227
2026-02-10 00:00:00,0.70828,0.70932,0.70759,0.70877,6737
2026-02-10 04:00:00,0.70878,0.70902,0.70692,0.70725,7298
2026-02-10 08:00:00,0.70724,0.70809,0.7064,0.7074,8501
2026-02-10 12:00:00,0.70741,0.70793,0.70646,0.70747,9864
2026-02-10 16:00:00,0.7075,0.70904,0.70681,0.70739,18715
2026-02-10 20:00:00,0.7074,0.708,0.70661,0.70747,6926
2026-02-11 00:00:00,0.70675,0.70982,0.70643,0.7095,5367
2026-02-11 04:00:00,0.70949,0.7128,0.70938,0.71153,7924
2026-02-11 08:00:00,0.71154,0.71205,0.70984,0.71138,9384
2026-02-11 12:00:00,0.71139,0.71238,0.70718,0.71149,15619
2026-02-11 16:00:00,0.71147,0.71419,0.70922,0.71394,30035
2026-02-11 20:00:00,0.71395,0.7143,0.7122,0.71266,9625
2026-02-12 00:00:00,0.71214,0.71468,0.71193,0.71435,6908
2026-02-12 04:00:00,0.71434,0.7147,0.71115,0.71247,8408
2026-02-12 08:00:00,0.71248,0.71255,0.71049,0.71234,11243
2026-02-12 12:00:00,0.71238,0.71411,0.71175,0.71408,9603
2026-02-12 16:00:00,0.71409,0.71446,0.70841,0.70861,30681
2026-02-12 20:00:00,0.70858,0.70986,0.70755,0.70904,13883
2026-02-13 00:00:00,0.70873,0.70972,0.70807,0.70868,8183
2026-02-13 04:00:00,0.7087,0.7093,0.70667,0.70697,7967
2026-02-13 08:00:00,0.70697,0.70793,0.70434,0.70717,12850
2026-02-13 12:00:00,0.70718,0.70754,0.70446,0.70704,16870
2026-02-13 16:00:00,0.7069,0.70819,0.7047,0.70763,29839
2026-02-13 20:00:00,0.70767,0.70859,0.70651,0.70702,11110
2026-02-16 00:00:00,0.70589,0.70862,0.70535,0.70843,7055
2026-02-16 04:00:00,0.70842,0.70892,0.70793,0.7087,5846
2026-02-16 08:00:00,0.70871,0.70965,0.70812,0.70836,7514
2026-02-16 12:00:00,0.70835,0.70885,0.70769,0.70832,7515
2026-02-16 16:00:00,0.70831,0.70872,0.7067,0.70724,8136
2026-02-16 20:00:00,0.70725,0.70765,0.70706,0.70715,1048
2026-02-17 00:00:00,0.70682,0.70757,0.70557,0.70585,6253
2026-02-17 04:00:00,0.70582,0.7069,0.7046,0.70612,8838
2026-02-17 08:00:00,0.70613,0.70733,0.70543,0.70726,10480
2026-02-17 12:00:00,0.70724,0.70766,0.70423,0.70447,14071
2026-02-17 16:00:00,0.70448,0.70696,0.7028,0.70659,30501
2026-02-17 20:00:00,0.7066,0.70902,0.70639,0.70844,10423
2026-02-18 00:00:00,0.70813,0.70871,0.70726,0.70757,5676
2026-02-18 04:00:00,0.7076,0.70773,0.70649,0.70685,5194
2026-02-18 08:00:00,0.70686,0.70799,0.70633,0.70777,8595
2026-02-18 12:00:00,0.70778,0.70809,0.7056,0.70561,9640
2026-02-18 16:00:00,0.70562,0.70774,0.70509,0.70643,16386
2026-02-18 20:00:00,0.70642,0.70661,0.70348,0.70419,9849
2026-02-19 00:00:00,0.70408,0.70673,0.70382,0.70667,6139
2026-02-19 04:00:00,0.70665,0.70713,0.70453,0.70536,5614
2026-02-19 08:00:00,0.70536,0.70801,0.70512,0.70601,9197
2026-02-19 12:00:00,0.706,0.7063,0.70367,0.70526,12001
2026-02-19 16:00:00,0.70525,0.70675,0.70239,0.70495,24904
2026-02-19 20:00:00,0.70496,0.70608,0.70424,0.70586,8945
2026-02-20 00:00:00,0.70523,0.70617,0.70227,0.70314,6964
2026-02-20 04:00:00,0.70312,0.70437,0.70152,0.70434,8854
2026-02-20 08:00:00,0.70432,0.70667,0.70387,0.70582,10902
2026-02-20 12:00:00,0.70587,0.70609,0.70402,0.70519,13104
2026-02-20 16:00:00,0.70518,0.70908,0.704,0.70763,35574
2026-02-20 20:00:00,0.70762,0.70944,0.70676,0.70843,16054
2026-02-23 00:00:00,0.70708,0.71117,0.70695,0.70804,13615
2026-02-23 04:00:00,0.70801,0.70815,0.70662,0.70733,9144
2026-02-23 08:00:00,0.70734,0.70905,0.70703,0.7084,10451
2026-02-23 12:00:00,0.7084,0.7084,0.70556,0.70682,10943
2026-02-23 16:00:00,0.70683,0.70822,0.70483,0.70588,23061
2026-02-23 20:00:00,0.70587,0.70669,0.70522,0.70556,8119
2026-02-24 00:00:00,0.70495,0.70656,0.70483,0.7058,8278
2026-02-24 04:00:00,0.70579,0.70732,0.70566,0.70652,7345
2026-02-24 08:00:00,0.70653,0.70735,0.70594,0.70632,12300
2026-02-24 12:00:00,0.70631,0.70654,0.7032,0.70346,10544
2026-02-24 16:00:00,0.70346,0.70701,0.70264,0.70649,17706
2026-02-24 20:00:00,0.70648,0.70657,0.70568,0.70578,5530
2026-02-25 00:00:00,0.706,0.70847,0.7056,0.70783,7505
2026-02-25 04:00:00,0.70782,0.71112,0.70778,0.71104,10244
2026-02-25 08:00:00,0.71102,0.71165,0.70844,0.70861,10683
2026-02-25 12:00:00,0.70862,0.70968,0.7073,0.70896,9868
2026-02-25 16:00:00,0.70895,0.71242,0.70881,0.7119,14987
2026-02-25 20:00:00,0.71189,0.71257,0.71164,0.71237,4476
2026-02-26 00:00:00,0.71198,0.71363,0.71155,0.71312,7122
2026-02-26 04:00:00,0.71311,0.7135,0.71138,0.71337,8063
2026-02-26 08:00:00,0.71336,0.71356,0.71097,0.71184,11401
2026-02-26 12:00:00,0.71184,0.7124,0.71089,0.71108,8878
2026-02-26 16:00:00,0.71102,0.71112,0.70668,0.70773,25572
2026-02-26 20:00:00,0.70772,0.71122,0.70747,0.71062,8599
2026-02-27 00:00:00,0.71017,0.71076,0.70961,0.71039,9206
2026-02-27 04:00:00,0.71043,0.7132,0.7103,0.71259,7664
2026-02-27 08:00:00,0.71259,0.71285,0.71121,0.71138,11333
2026-02-27 12:00:00,0.71139,0.71147,0.70863,0.70976,14133
2026-02-27 16:00:00,0.70977,0.7132,0.70953,0.71154,25244
2026-02-27 20:00:00,0.71155,0.7122,0.71109,0.71141,9373
2026-03-02 00:00:00,0.70406,0.71091,0.70382,0.71065,23069
2026-03-02 04:00:00,0.71065,0.71167,0.70768,0.70773,15608
2026-03-02 08:00:00,0.70772,0.70916,0.70448,0.70784,24202
2026-03-02 12:00:00,0.70783,0.70975,0.70551,0.70576,21599
2026-03-02 16:00:00,0.70572,0.70874,0.70517,0.70832,31363
2026-03-02 20:00:00,0.70831,0.71059,0.70716,0.7093,15354
2026-03-03 00:00:00,0.70887,0.71226,0.7087,0.71004,11291
2026-03-03 04:00:00,0.71003,0.71142,0.70848,0.70881,19122
2026-03-03 08:00:00,0.7088,0.70972,0.70389,0.70399,27434
2026-03-03 12:00:00,0.704,0.70464,0.70007,0.70115,33555
2026-03-03 16:00:00,0.70114,0.70289,0.6944,0.70209,47077
2026-03-03 20:00:00,0.7021,0.70572,0.70204,0.70372,24307
2026-03-04 00:00:00,0.70304,0.70455,0.69859,0.70055,19187
2026-03-04 04:00:00,0.70057,0.7022,0.69845,0.70002,27403
2026-03-04 08:00:00,0.7,0.70446,0.69917,0.70385,27203
2026-03-04 12:00:00,0.70384,0.70731,0.70374,0.70545,30734
2026-03-04 16:00:00,0.70534,0.7077,0.7033,0.70707,32058
2026-03-04 20:00:00,0.70708,0.70832,0.70607,0.70782,11066
2026-03-05 00:00:00,0.70734,0.70892,0.70629,0.70648,11073
2026-03-05 04:00:00,0.70649,0.70744,0.70388,0.70393,19429
2026-03-05 08:00:00,0.70394,0.70708,0.70112,0.70446,29684
2026-03-05 12:00:00,0.70445,0.70583,0.70239,0.70295,23283
2026-03-05 16:00:00,0.70294,0.70448,0.69782,0.6984,40289
2026-03-05 20:00:00,0.69838,0.70146,0.69739,0.70072,25369
2026-03-06 00:00:00,0.70057,0.70341,0.70043,0.70315,10317
2026-03-06 04:00:00,0.70314,0.70407,0.70271,0.70286,11871
2026-03-06 08:00:00,0.70287,0.70473,0.69973,0.69993,19910
2026-03-06 12:00:00,0.69994,0.70238,0.69813,0.69837,29628
2026-03-06 16:00:00,0.69837,0.70294,0.69768,0.70101,46210
2026-03-06 20:00:00,0.701,0.70308,0.70092,0.70267,24610
2026-03-09 00:00:00,0.69826,0.69962,0.69562,0.69634,20572
2026-03-09 04:00:00,0.69633,0.69998,0.69561,0.69923,28953
2026-03-09 08:00:00,0.69923,0.70221,0.69816,0.69926,33335
2026-03-09 12:00:00,0.69931,0.70334,0.6988,0.70107,32890
2026-03-09 16:00:00,0.7011,0.70572,0.7011,0.70506,39217
2026-03-09 20:00:00,0.70508,0.70785,0.70333,0.7076,22968
2026-03-10 00:00:00,0.707,0.70819,0.70611,0.70695,12171
2026-03-10 04:00:00,0.70696,0.70762,0.70533,0.70612,20293
2026-03-10 08:00:00,0.70611,0.71195,0.7059,0.70956,20589
2026-03-10 12:00:00,0.70955,0.71247,0.70944,0.7115,26968
2026-03-10 16:00:00,0.71149,0.71541,0.71079,0.71498,31293
2026-03-10 20:00:00,0.71495,0.71683,0.71148,0.71185,27004
2026-03-11 00:00:00,0.71149,0.71367,0.71124,0.71298,7651
2026-03-11 04:00:00,0.71297,0.71852,0.7127,0.71818,13937
2026-03-11 08:00:00,0.71818,0.71831,0.71523,0.71612,20137
2026-03-11 12:00:00,0.71612,0.71709,0.7143,0.71463,25635
2026-03-11 16:00:00,0.71461,0.71872,0.71451,0.71528,36021
2026-03-11 20:00:00,0.71529,0.71566,0.71363,0.71518,17065
2026-03-12 00:00:00,0.71462,0.71557,0.71235,0.71453,11820
2026-03-12 04:00:00,0.71452,0.71607,0.7123,0.71236,15557
2026-03-12 08:00:00,0.71238,0.7145,0.71108,0.71344,19267
2026-03-12 12:00:00,0.71349,0.7148,0.71232,0.71307,18953
2026-03-12 16:00:00,0.71308,0.71352,0.70721,0.70874,39166
2026-03-12 20:00:00,0.70875,0.70968,0.70756,0.70766,17325
2026-03-13 00:00:00,0.70754,0.70868,0.70711,0.7084,6998
2026-03-13 04:00:00,0.70841,0.70921,0.70591,0.70625,13110
2026-03-13 08:00:00,0.70626,0.70669,0.70157,0.70372,20081
2026-03-13 12:00:00,0.70372,0.70626,0.70319,0.70561,24793
2026-03-13 16:00:00,0.70562,0.70577,0.69993,0.70057,36031
2026-03-13 20:00:00,0.70059,0.70137,0.69793,0.69802,18088
2026-03-16 00:00:00,0.69894,0.70186,0.69856,0.70156,11933
2026-03-16 04:00:00,0.70157,0.70189,0.69967,0.70041,14131
2026-03-16 08:00:00,0.70042,0.70223,0.70042,0.70222,16267
2026-03-16 12:00:00,0.70219,0.70584,0.70161,0.70504,17644
2026-03-16 16:00:00,0.7051,0.7076,0.70445,0.70536,24039
2026-03-16 20:00:00,0.70542,0.70824,0.70522,0.70714,14516
2026-03-17 00:00:00,0.70697,0.7074,0.70593,0.70621,4786
2026-03-17 04:00:00,0.7062,0.7094,0.7049,0.70728,12894
2026-03-17 08:00:00,0.70728,0.70894,0.70553,0.7083,18169
2026-03-17 12:00:00,0.70827,0.70977,0.7077,0.70974,16115
2026-03-17 16:00:00,0.70973,0.71181,0.70848,0.71023,26644
2026-03-17 20:00:00,0.71024,0.71154,0.71013,0.71044,9803
2026-03-18 00:00:00,0.71009,0.7114,0.70963,0.71066,6300
2026-03-18 04:00:00,0.71066,0.71182,0.70996,0.71145,7716
2026-03-18 08:00:00,0.71146,0.71233,0.71005,0.7108,10621
2026-03-18 12:00:00,0.71079,0.71133,0.70574,0.70577,18821
2026-03-18 16:00:00,0.70576,0.70886,0.70454,0.70804,28522
2026-03-18 20:00:00,0.70803,0.70907,0.7018,0.70213,20180
2026-03-19 00:00:00,0.70219,0.70445,0.7021,0.70444,8733
2026-03-19 04:00:00,0.70447,0.70555,0.70337,0.70376,13587
2026-03-19 08:00:00,0.70377,0.70448,0.70231,0.70369,21100
2026-03-19 12:00:00,0.70369,0.7063,0.70109,0.70188,30161
2026-03-19 16:00:00,0.70185,0.70606,0.69996,0.7047,44484
2026-03-19 20:00:00,0.70469,0.71088,0.70376,0.70859,24019
2026-03-20 00:00:00,0.70861,0.70924,0.70732,0.70824,6777
2026-03-20 04:00:00,0.70822,0.70922,0.70787,0.70877,11825
2026-03-20 08:00:00,0.70878,0.70971,0.70747,0.70862,14901
2026-03-20 12:00:00,0.70864,0.70872,0.70524,0.70744,24416
2026-03-20 16:00:00,0.70743,0.70755,0.70262,0.70385,34942
2026-03-20 20:00:00,0.70386,0.70437,0.70052,0.70209,21520
2026-03-23 00:00:00,0.69962,0.70151,0.69879,0.69944,14556
2026-03-23 04:00:00,0.69947,0.70092,0.69759,0.69793,24886
2026-03-23 08:00:00,0.69792,0.69818,0.69497,0.69668,26439
2026-03-23 12:00:00,0.69671,0.70433,0.69105,0.703,46980
2026-03-23 16:00:00,0.70302,0.70623,0.69827,0.70037,50686
2026-03-23 20:00:00,0.70037,0.7029,0.70003,0.70106,22570
2026-03-24 00:00:00,0.70087,0.70242,0.69684,0.69872,12317
2026-03-24 04:00:00,0.69877,0.69939,0.69595,0.6966,24153
2026-03-24 08:00:00,0.69661,0.70147,0.69553,0.69629,29463
2026-03-24 12:00:00,0.69633,0.69801,0.69514,0.69562,26955
2026-03-24 16:00:00,0.6956,0.69887,0.6945,0.69653,40245
2026-03-24 20:00:00,0.69652,0.70133,0.6938,0.69942,26473
2026-03-25 00:00:00,0.69888,0.70037,0.69821,0.6995,10474
2026-03-25 04:00:00,0.69942,0.69989,0.69695,0.6974,16176
2026-03-25 08:00:00,0.69741,0.69895,0.6961,0.69806,18750
2026-03-25 12:00:00,0.69805,0.69852,0.69507,0.6959,21711
2026-03-25 16:00:00,0.69591,0.69711,0.69426,0.69596,31920
2026-03-25 20:00:00,0.69595,0.69705,0.69452,0.69458,14158
2026-03-26 00:00:00,0.69496,0.69517,0.69364,0.69381,6316
2026-03-26 04:00:00,0.69382,0.69569,0.69319,0.6954,12428
2026-03-26 08:00:00,0.69539,0.69559,0.69318,0.69425,16188
2026-03-26 12:00:00,0.69424,0.69442,0.69012,0.69043,17237
2026-03-26 16:00:00,0.69043,0.69288,0.68962,0.68991,29384
2026-03-26 20:00:00,0.6899,0.69186,0.68753,0.6887,15670
2026-03-27 00:00:00,0.68911,0.68964,0.68724,0.68748,8397
2026-03-27 04:00:00,0.68748,0.69118,0.68718,0.69101,11830
2026-03-27 08:00:00,0.69099,0.69119,0.68826,0.68961,14399
2026-03-27 12:00:00,0.68962,0.69016,0.68809,0.68867,17039
2026-03-27 16:00:00,0.68867,0.69019,0.68767,0.68839,28311
2026-03-27 20:00:00,0.68838,0.68943,0.68642,0.68778,13856
2026-03-30 00:00:00,0.68628,0.68653,0.68428,0.68528,14813
2026-03-30 04:00:00,0.68529,0.68738,0.68486,0.68666,14605
2026-03-30 08:00:00,0.68667,0.68742,0.68478,0.68537,14048
2026-03-30 12:00:00,0.68541,0.68691,0.68472,0.6862,15215
2026-03-30 16:00:00,0.68621,0.68655,0.68332,0.68557,26017
2026-03-30 20:00:00,0.6856,0.68612,0.68417,0.68499,11361
2026-03-31 00:00:00,0.68461,0.68641,0.68338,0.68568,10005
2026-03-31 04:00:00,0.68566,0.68747,0.68439,0.68439,18842
2026-03-31 08:00:00,0.68438,0.68689,0.68386,0.68609,17201
2026-03-31 12:00:00,0.6861,0.68904,0.68498,0.68761,20946
2026-03-31 16:00:00,0.68765,0.68983,0.6835,0.6885,32243
2026-03-31 20:00:00,0.68851,0.69036,0.68819,0.69004,20644
2026-04-01 00:00:00,0.68926,0.69301,0.68926,0.69273,6598
2026-04-01 04:00:00,0.69277,0.69279,0.68996,0.69025,12344
2026-04-01 08:00:00,0.69026,0.69527,0.69012,0.69409,20832
2026-04-01 12:00:00,0.69408,0.69626,0.69343,0.69407,18439
2026-04-01 16:00:00,0.69408,0.69555,0.69331,0.69463,29081
2026-04-01 20:00:00,0.69463,0.69509,0.69126,0.69285,12574
2026-04-02 00:00:00,0.69206,0.69346,0.69194,0.69306,7132
2026-04-02 04:00:00,0.69305,0.69405,0.68737,0.68787,26277
2026-04-02 08:00:00,0.68788,0.68856,0.68659,0.68746,16377
2026-04-02 12:00:00,0.68747,0.68867,0.68595,0.68813,15345
2026-04-02 16:00:00,0.68819,0.6918,0.68757,0.6909,32081
2026-04-02 20:00:00,0.69087,0.69152,0.69027,0.69105,10273
2026-04-03 00:00:00,0.69003,0.69159,0.68988,0.69128,3089
2026-04-03 04:00:00,0.69127,0.69134,0.69045,0.69064,3073
2026-04-03 08:00:00,0.69063,0.69149,0.69033,0.69089,3215
2026-04-03 12:00:00,0.69088,0.69112,0.68954,0.68996,6139
2026-04-03 16:00:00,0.68997,0.69062,0.689,0.68912,5380
2026-04-03 20:00:00,0.68915,0.68964,0.68834,0.68876,3845
2026-04-06 00:00:00,0.68823,0.68959,0.68761,0.68951,8825
2026-04-06 04:00:00,0.68957,0.69164,0.68916,0.6909,10083
2026-04-06 08:00:00,0.69091,0.69347,0.69052,0.69305,11924
2026-04-06 12:00:00,0.69306,0.6936,0.69183,0.69281,11417
2026-04-06 16:00:00,0.69282,0.6938,0.69113,0.69157,20805
2026-04-06 20:00:00,0.69157,0.69245,0.69055,0.69182,11524
2026-04-07 00:00:00,0.69145,0.6923,0.6911,0.69112,5023
2026-04-07 04:00:00,0.69113,0.69197,0.68982,0.69172,11201
2026-04-07 08:00:00,0.69173,0.69485,0.69088,0.69455,15611
2026-04-07 12:00:00,0.69455,0.69469,0.69241,0.69374,20846
2026-04-07 16:00:00,0.69378,0.69522,0.69243,0.69458,27183
2026-04-07 20:00:00,0.69457,0.6978,0.69438,0.69754,18113
2026-04-08 00:00:00,0.69678,0.70845,0.69635,0.70532,24357
2026-04-08 04:00:00,0.70531,0.70726,0.70426,0.70671,18268
2026-04-08 08:00:00,0.70672,0.7083,0.70324,0.70442,21115
2026-04-08 12:00:00,0.70442,0.70735,0.70329,0.70706,18172
2026-04-08 16:00:00,0.70705,0.70779,0.70433,0.70604,28883
2026-04-08 20:00:00,0.70603,0.70624,0.70285,0.70443,16050
2026-04-09 00:00:00,0.70398,0.70477,0.70298,0.70351,6236
2026-04-09 04:00:00,0.70348,0.70462,0.70247,0.704,9963
2026-04-09 08:00:00,0.70401,0.70448,0.70224,0.70265,12335
2026-04-09 12:00:00,0.70264,0.70458,0.7022,0.7041,11637
2026-04-09 16:00:00,0.70413,0.70922,0.70394,0.70854,23232
2026-04-09 20:00:00,0.70855,0.70946,0.70727,0.70841,12519
2026-04-10 00:00:00,0.70778,0.70861,0.707,0.70754,5146
2026-04-10 04:00:00,0.70754,0.70829,0.70651,0.70668,7165
2026-04-10 08:00:00,0.70668,0.70728,0.70533,0.70579,9325
2026-04-10 12:00:00,0.70582,0.70824,0.70567,0.70761,12360
2026-04-10 16:00:00,0.70757,0.70936,0.70648,0.7071,20359
2026-04-10 20:00:00,0.70709,0.70819,0.70676,0.70723,8712
2026-04-13 00:00:00,0.69887,0.70336,0.69886,0.70336,10239
2026-04-13 04:00:00,0.70336,0.70424,0.70274,0.70365,8271
2026-04-13 08:00:00,0.70365,0.70586,0.70342,0.70521,11106
2026-04-13 12:00:00,0.70521,0.70553,0.7029,0.70436,11828
2026-04-13 16:00:00,0.70438,0.7084,0.70418,0.7081,23263
2026-04-13 20:00:00,0.70811,0.71004,0.7081,0.70971,8323
2026-04-14 00:00:00,0.70918,0.71024,0.70867,0.709,4550
2026-04-14 04:00:00,0.709,0.70912,0.70784,0.7088,6289
2026-04-14 08:00:00,0.70881,0.71073,0.70769,0.71041,12212
2026-04-14 12:00:00,0.71042,0.71365,0.71036,0.71361,12435
2026-04-14 16:00:00,0.71358,0.71477,0.71278,0.7129,16701
2026-04-14 20:00:00,0.71289,0.71351,0.71241,0.71264,6767
2026-04-15 00:00:00,0.71187,0.71328,0.7115,0.71254,4756
2026-04-15 04:00:00,0.71254,0.71338,0.71221,0.71328,6291
2026-04-15 08:00:00,0.71327,0.71478,0.71327,0.71436,10119
2026-04-15 12:00:00,0.71435,0.71477,0.71296,0.71386,13568
2026-04-15 16:00:00,0.71387,0.71681,0.71386,0.7166,16701
2026-04-15 20:00:00,0.7166,0.71774,0.71608,0.71706,7308
2026-04-16 00:00:00,0.71621,0.71776,0.71591,0.7176,4050
2026-04-16 04:00:00,0.71758,0.71973,0.71627,0.71885,9462
2026-04-16 08:00:00,0.71884,0.71909,0.71686,0.71732,11792
