time,open,high,low,close,volume
2022-03-04 16:00:00,125.914,126.042,125.073,125.396,46613
2022-03-04 20:00:00,125.399,125.647,125.2,125.49,25647
2022-03-07 00:00:00,125.502,125.61,124.4,124.591,34009
2022-03-07 04:00:00,124.592,125.154,124.521,125.008,28251
2022-03-07 08:00:00,125.009,125.366,124.778,124.947,46882
2022-03-07 12:00:00,124.948,125.897,124.392,125.648,49555
2022-03-07 16:00:00,125.648,125.952,125.225,125.499,49430
2022-03-07 20:00:00,125.498,125.722,125.052,125.087,29737
2022-03-08 00:00:00,125.152,125.622,125.042,125.579,17286
2022-03-08 04:00:00,125.579,125.643,125.345,125.42,20973
2022-03-08 08:00:00,125.42,126.203,125.219,125.854,50573
2022-03-08 12:00:00,125.855,126.33,125.62,126.29,41773
2022-03-08 16:00:00,126.29,126.65,125.559,126.498,55053
2022-03-08 20:00:00,126.489,126.731,125.987,126.034,35047
2022-03-09 00:00:00,126.028,126.556,125.864,126.481,16128
2022-03-09 04:00:00,126.481,126.543,126.323,126.391,15251
2022-03-09 08:00:00,126.392,127.1,126.302,127.097,33235
2022-03-09 12:00:00,127.097,127.525,126.841,127.508,33296
2022-03-09 16:00:00,127.508,128.468,127.387,128.435,50595
2022-03-09 20:00:00,128.435,128.453,128.131,128.253,21489
2022-03-10 00:00:00,128.21,128.396,128.104,128.248,19549
2022-03-10 04:00:00,128.248,128.484,128.221,128.387,13489
2022-03-10 08:00:00,128.387,128.439,127.78,128.014,37541
2022-03-10 12:00:00,128.014,128.877,127.885,128.432,50992
2022-03-10 16:00:00,128.43,128.489,127.423,127.619,42415
2022-03-10 20:00:00,127.621,127.651,127.449,127.531,18880
2022-03-11 00:00:00,127.476,128.037,127.471,127.775,16014
2022-03-11 04:00:00,127.776,128.449,127.763,128.351,19358
2022-03-11 08:00:00,128.351,128.547,128.128,128.263,34464
2022-03-11 12:00:00,128.262,129.042,128.223,128.588,45356
2022-03-11 16:00:00,128.587,128.63,127.903,127.934,40823
2022-03-11 20:00:00,127.933,128.038,127.831,128.005,20982
2022-03-14 00:00:00,127.983,128.61,127.963,128.515,23778
2022-03-14 04:00:00,128.515,128.588,128.403,128.545,17896
2022-03-14 08:00:00,128.544,129.587,128.495,129.497,32339
2022-03-14 12:00:00,129.498,129.538,129.02,129.136,35870
2022-03-14 16:00:00,129.135,129.714,129.089,129.472,30498
2022-03-14 20:00:00,129.471,129.531,129.211,129.337,13760
2022-03-15 00:00:00,129.307,129.682,129.278,129.62,19077
2022-03-15 04:00:00,129.62,130.033,129.605,129.968,21866
2022-03-15 08:00:00,129.967,130.002,129.34,129.826,42481
2022-03-15 12:00:00,129.831,129.833,129.443,129.633,34367
2022-03-15 16:00:00,129.633,129.837,129.367,129.447,37293
2022-03-15 20:00:00,129.447,129.6,129.314,129.533,14091
2022-03-16 00:00:00,129.506,129.851,129.506,129.71,16761
2022-03-16 04:00:00,129.711,129.802,129.613,129.751,11425
2022-03-16 08:00:00,129.748,130.214,129.644,130.005,31884
2022-03-16 12:00:00,130.006,130.328,129.922,130.134,34287
2022-03-16 16:00:00,130.134,130.578,129.952,130.247,42693
2022-03-16 20:00:00,130.246,131.095,130.14,131.002,43322
2022-03-17 00:00:00,130.996,131.472,130.886,131.054,25118
2022-03-17 04:00:00,131.054,131.189,130.866,130.986,17836
2022-03-17 08:00:00,130.984,131.411,130.923,131.134,28374
2022-03-17 12:00:00,131.134,131.483,130.72,131.459,36395
2022-03-17 16:00:00,131.461,131.91,131.421,131.833,29881
2022-03-17 20:00:00,131.834,131.849,131.485,131.55,11971
2022-03-18 00:00:00,131.562,131.907,131.427,131.626,18329
2022-03-18 04:00:00,131.626,131.691,131.551,131.629,12853
2022-03-18 08:00:00,131.629,131.891,131.375,131.506,25859
2022-03-18 12:00:00,131.508,131.609,131.189,131.429,33562
2022-03-18 16:00:00,131.428,131.921,131.403,131.78,35025
2022-03-18 20:00:00,131.779,131.788,131.579,131.671,14386
2022-03-21 00:00:00,131.6,131.809,131.569,131.649,9995
2022-03-21 04:00:00,131.65,131.723,131.583,131.704,8781
2022-03-21 08:00:00,131.705,131.972,131.61,131.847,21144
2022-03-21 12:00:00,131.847,131.856,131.38,131.48,25325
2022-03-21 16:00:00,131.481,131.75,131.427,131.675,33969
2022-03-21 20:00:00,131.676,131.677,131.531,131.625,15982
2022-03-22 00:00:00,131.617,131.955,131.609,131.792,18007
2022-03-22 04:00:00,131.793,132.333,131.775,132.139,21569
2022-03-22 08:00:00,132.14,132.922,132.048,132.874,34960
2022-03-22 12:00:00,132.876,133.338,132.581,133.176,41651
2022-03-22 16:00:00,133.176,133.304,132.745,133.181,32358
2022-03-22 20:00:00,133.181,133.297,133.05,133.251,23294
2022-03-23 00:00:00,133.251,133.891,133.243,133.587,25480
2022-03-23 04:00:00,133.588,133.651,133.4,133.583,17194
2022-03-23 08:00:00,133.584,133.695,132.936,133.066,27516
2022-03-23 12:00:00,133.067,133.186,132.325,132.398,35496
2022-03-23 16:00:00,132.401,133.264,132.383,133.241,32346
2022-03-23 20:00:00,133.241,133.399,133.2,133.324,12358
2022-03-24 00:00:00,133.331,133.467,132.952,133.198,19210
2022-03-24 04:00:00,133.199,133.362,133.093,133.313,15695
2022-03-24 08:00:00,133.314,133.783,133.216,133.693,33564
2022-03-24 12:00:00,133.693,133.944,133.38,133.853,35912
2022-03-24 16:00:00,133.852,134.516,133.748,134.453,36845
2022-03-24 20:00:00,134.454,134.611,134.432,134.568,12772
2022-03-25 00:00:00,134.575,134.746,134.096,134.523,25524
2022-03-25 04:00:00,134.52,134.528,133.722,134.222,25447
2022-03-25 08:00:00,134.22,134.447,133.735,133.854,32310
2022-03-25 12:00:00,133.855,134.616,133.75,134.503,34620
2022-03-25 16:00:00,134.505,134.624,133.913,134.197,47419
2022-03-25 20:00:00,134.2,134.243,134.044,134.05,19379
2022-03-28 00:00:00,133.995,134.356,133.963,134.099,16047
2022-03-28 04:00:00,134.098,134.881,134.062,134.791,33003
2022-03-28 08:00:00,134.791,137.541,134.76,137.042,47093
2022-03-28 12:00:00,137.04,137.053,135.188,135.481,63633
2022-03-28 16:00:00,135.481,135.875,135.212,135.671,45996
2022-03-28 20:00:00,135.671,136.157,135.553,136.133,22451
2022-03-29 00:00:00,136.127,136.513,135.528,136.229,25841
2022-03-29 04:00:00,136.226,136.272,135.31,135.523,31525
2022-03-29 08:00:00,135.523,136.332,135.472,135.909,38683
2022-03-29 12:00:00,135.908,137.314,135.819,136.522,57208
2022-03-29 16:00:00,136.522,136.76,135.698,135.911,59107
2022-03-29 20:00:00,135.91,136.361,135.886,136.17,19229
2022-03-30 00:00:00,136.16,136.673,135.818,135.935,24379
2022-03-30 04:00:00,135.934,135.989,134.875,135.438,47795
2022-03-30 08:00:00,135.437,135.759,135.233,135.673,44359
2022-03-30 12:00:00,135.673,136.068,135.37,135.562,41416
2022-03-30 16:00:00,135.562,136.296,135.508,136.003,45440
2022-03-30 20:00:00,136.003,136.013,135.831,135.933,19358
2022-03-31 00:00:00,135.933,136.768,135.736,136.645,24457
2022-03-31 04:00:00,136.642,136.841,136.29,136.409,34255
2022-03-31 08:00:00,136.412,136.458,135.412,135.976,47506
2022-03-31 12:00:00,135.975,135.979,134.903,135.026,42014
2022-03-31 16:00:00,135.026,135.145,134.669,134.71,46379
2022-03-31 20:00:00,134.709,134.857,134.514,134.644,22261
2022-04-01 00:00:00,134.665,135.233,134.531,135.15,18171
2022-04-01 04:00:00,135.149,135.801,135.097,135.646,29653
2022-04-01 08:00:00,135.648,135.832,135.159,135.572,39219
2022-04-01 12:00:00,135.571,135.731,135.122,135.618,35082
2022-04-01 16:00:00,135.619,135.882,135.302,135.323,39076
2022-04-01 20:00:00,135.32,135.488,135.151,135.41,18093
2022-04-04 00:00:00,135.237,135.52,135.112,135.246,18317
2022-04-04 04:00:00,135.246,135.636,135.211,135.44,21085
2022-04-04 08:00:00,135.44,135.682,135.076,135.167,30701
2022-04-04 12:00:00,135.167,135.263,134.848,134.891,27103
2022-04-04 16:00:00,134.891,135.073,134.706,134.715,31509
2022-04-04 20:00:00,134.714,134.765,134.571,134.675,13705
2022-04-05 00:00:00,134.716,134.819,134.34,134.527,18364
2022-04-05 04:00:00,134.525,134.555,134.297,134.366,16704
2022-04-05 08:00:00,134.368,135.132,134.301,134.712,31203
2022-04-05 12:00:00,134.712,134.937,134.598,134.678,28728
2022-04-05 16:00:00,134.677,135.001,134.584,134.884,39877
2022-04-05 20:00:00,134.885,134.99,134.733,134.777,16578
2022-04-06 00:00:00,134.777,134.997,134.627,134.908,20059
2022-04-06 04:00:00,134.911,135.156,134.761,134.992,25052
2022-04-06 08:00:00,134.993,135.304,134.807,135.219,34058
2022-04-06 12:00:00,135.218,135.394,135.02,135.371,34068
2022-04-06 16:00:00,135.371,135.477,134.901,134.985,34514
2022-04-06 20:00:00,134.985,135.072,134.772,134.816,31904
2022-04-07 00:00:00,134.821,135.045,134.65,134.875,21554
2022-04-07 04:00:00,134.874,135.031,134.833,134.998,19794
2022-04-07 08:00:00,134.997,135.204,134.52,134.607,30726
2022-04-07 12:00:00,134.608,135.489,134.418,135.313,41141
2022-04-07 16:00:00,135.313,135.504,134.787,134.787,40410
2022-04-07 20:00:00,134.787,134.981,134.732,134.748,19829
2022-04-08 00:00:00,134.752,135.094,134.45,134.469,27754
2022-04-08 04:00:00,134.469,134.666,134.356,134.58,18172
2022-04-08 08:00:00,134.579,134.985,134.555,134.859,29947
2022-04-08 12:00:00,134.86,135.167,134.788,135.012,27828
2022-04-08 16:00:00,135.012,135.352,134.958,135.24,36612
2022-04-08 20:00:00,135.239,135.371,135.144,135.151,18193
2022-04-11 00:00:00,135.71,135.728,135.223,135.657,16563
2022-04-11 04:00:00,135.657,136.067,135.595,135.978,25262
2022-04-11 08:00:00,135.978,136.764,135.935,136.699,35976
2022-04-11 12:00:00,136.697,137.13,136.669,136.921,31998
2022-04-11 16:00:00,136.92,136.95,136.484,136.532,33065
2022-04-11 20:00:00,136.53,136.72,136.337,136.402,15019
2022-04-12 00:00:00,136.364,136.645,136.194,136.441,21349
2022-04-12 04:00:00,136.441,136.52,136.218,136.377,21739
2022-04-12 08:00:00,136.376,136.627,136.292,136.46,33869
2022-04-12 12:00:00,136.46,136.619,135.964,136.125,32598
2022-04-12 16:00:00,136.125,136.325,135.675,135.776,44007
2022-04-12 20:00:00,135.775,135.842,135.54,135.701,20227
2022-04-13 00:00:00,135.661,135.912,135.602,135.833,13361
2022-04-13 04:00:00,135.834,136.107,135.813,136.067,15803
2022-04-13 08:00:00,136.067,136.753,136.053,136.589,35018
2022-04-13 12:00:00,136.589,136.648,136.172,136.196,33345
2022-04-13 16:00:00,136.196,136.7,135.937,136.667,40516
2022-04-13 20:00:00,136.667,136.875,136.547,136.765,18109
2022-04-14 00:00:00,136.842,136.891,136.445,136.607,20783
2022-04-14 04:00:00,136.607,136.762,136.457,136.7,19233
2022-04-14 08:00:00,136.698,136.938,136.425,136.77,28044
2022-04-14 12:00:00,136.769,136.903,136.127,136.169,34693
2022-04-14 16:00:00,136.173,136.313,135.516,136.207,54122
2022-04-14 20:00:00,136.205,136.488,136.135,136.252,18741
2022-04-15 00:00:00,136.258,136.626,136.197,136.513,24960
2022-04-15 04:00:00,136.513,136.773,136.452,136.548,35114
2022-04-15 08:00:00,136.549,136.898,136.507,136.836,27379
2022-04-15 12:00:00,136.833,136.863,136.601,136.746,44656
2022-04-15 16:00:00,136.747,136.78,136.465,136.557,64702
2022-04-15 20:00:00,136.557,136.765,136.509,136.721,49639
2022-04-18 00:00:00,136.557,137.026,136.398,136.701,20350
2022-04-18 04:00:00,136.701,136.798,136.453,136.679,22062
2022-04-18 08:00:00,136.68,136.773,136.55,136.662,17221
2022-04-18 12:00:00,136.662,136.869,136.614,136.709,19387
2022-04-18 16:00:00,136.707,136.851,136.644,136.777,31503
2022-04-18 20:00:00,136.776,136.949,136.708,136.923,18359
2022-04-19 00:00:00,136.907,137.24,136.808,137.231,23998
2022-04-19 04:00:00,137.231,138.084,137.203,138.039,30645
2022-04-19 08:00:00,138.038,138.844,137.836,138.714,40889
2022-04-19 12:00:00,138.715,138.749,138.298,138.662,34311
2022-04-19 16:00:00,138.662,139.065,138.652,139.009,41397
2022-04-19 20:00:00,139.009,139.095,138.857,139.036,19257
2022-04-20 00:00:00,139.026,139.691,138.948,139.589,31240
2022-04-20 04:00:00,139.588,139.67,138.546,139.102,47985
2022-04-20 08:00:00,139.101,139.285,138.872,139.186,35329
2022-04-20 12:00:00,139.186,139.264,138.397,138.723,42292
2022-04-20 16:00:00,138.724,138.822,138.454,138.663,39849
2022-04-20 20:00:00,138.662,138.815,138.475,138.764,20454
2022-04-21 00:00:00,138.761,139.259,138.625,138.865,24488
2022-04-21 04:00:00,138.866,139.265,138.844,139.045,26652
2022-04-21 08:00:00,139.046,140.005,138.958,139.863,41677
2022-04-21 12:00:00,139.863,139.998,139.345,139.544,33352
2022-04-21 16:00:00,139.546,139.751,139.304,139.447,40536
2022-04-21 20:00:00,139.447,139.448,138.921,138.994,29048
2022-04-22 00:00:00,139.063,139.403,138.987,139.391,23354
2022-04-22 04:00:00,139.389,139.49,138.924,139.029,30592
2022-04-22 08:00:00,139.029,139.029,138.256,138.499,41865
2022-04-22 12:00:00,138.504,139.018,138.455,138.963,32741
2022-04-22 16:00:00,138.962,139.196,138.317,138.931,48811
2022-04-22 20:00:00,138.93,139.001,138.608,138.783,25721
2022-04-25 00:00:00,138.87,139.179,138.734,139.081,23454
2022-04-25 04:00:00,139.082,139.172,138.225,138.471,31287
2022-04-25 08:00:00,138.471,138.556,137.17,137.666,50842
2022-04-25 12:00:00,137.663,138.082,137.338,137.68,45141
2022-04-25 16:00:00,137.68,137.712,136.484,136.827,53859
2022-04-25 20:00:00,136.826,137.279,136.785,137.25,27325
2022-04-26 00:00:00,137.256,137.334,136.535,136.915,25098
2022-04-26 04:00:00,136.913,137.537,136.673,137.43,34071
2022-04-26 08:00:00,137.429,137.493,136.459,136.58,44278
2022-04-26 12:00:00,136.581,136.7,135.773,135.847,38307
2022-04-26 16:00:00,135.847,135.995,135.398,135.93,47208
2022-04-26 20:00:00,135.93,135.94,135.292,135.304,24903
2022-04-27 00:00:00,135.263,135.796,135.09,135.764,21000
2022-04-27 04:00:00,135.763,136.018,135.638,135.954,30288
2022-04-27 08:00:00,135.955,136.157,135.299,135.505,46134
2022-04-27 12:00:00,135.505,135.92,134.991,135.192,43347
2022-04-27 16:00:00,135.192,135.675,134.78,135.507,52408
2022-04-27 20:00:00,135.507,135.656,135.435,135.601,29278
2022-04-28 00:00:00,135.611,135.831,135.428,135.77,23746
2022-04-28 04:00:00,135.77,136.687,135.539,136.584,39274
2022-04-28 08:00:00,136.58,137.995,136.373,137.694,57362
2022-04-28 12:00:00,137.694,137.956,136.821,137.175,57266
2022-04-28 16:00:00,137.173,137.944,137.123,137.692,54489
2022-04-28 20:00:00,137.692,137.807,137.295,137.329,26215
2022-04-29 00:00:00,137.341,137.506,137.29,137.319,25084
2022-04-29 04:00:00,137.32,137.534,137.237,137.289,23253
2022-04-29 08:00:00,137.291,137.684,137.027,137.513,43624
2022-04-29 12:00:00,137.514,137.983,136.96,137.011,52288
2022-04-29 16:00:00,137.009,137.309,136.497,136.813,54451
2022-04-29 20:00:00,136.813,137.045,136.755,136.919,32321
2022-05-02 00:00:00,136.783,137.374,136.74,136.967,22600
2022-05-02 04:00:00,136.97,137.181,136.868,137.171,26335
2022-05-02 08:00:00,137.171,137.637,136.831,136.946,36115
2022-05-02 12:00:00,136.947,137.035,136.551,136.788,29049
2022-05-02 16:00:00,136.79,137.206,136.624,136.83,42977
2022-05-02 20:00:00,136.832,136.867,136.519,136.781,25943
2022-05-03 00:00:00,136.637,136.889,136.636,136.762,12647
2022-05-03 04:00:00,136.761,136.889,136.618,136.681,19401
2022-05-03 08:00:00,136.684,137.111,136.603,136.647,37238
2022-05-03 12:00:00,136.645,137.371,136.539,137.281,37473
2022-05-03 16:00:00,137.281,137.301,136.861,136.904,43830
2022-05-03 20:00:00,136.905,137.132,136.887,136.916,26767
2022-05-04 00:00:00,136.911,137.078,136.811,136.993,8409
2022-05-04 04:00:00,136.989,137.062,136.81,136.887,12640
2022-05-04 08:00:00,136.888,137.012,136.743,136.852,26174
2022-05-04 12:00:00,136.851,137.079,136.708,137.078,26734
2022-05-04 16:00:00,137.078,137.276,136.92,137.158,35295
2022-05-04 20:00:00,137.158,137.441,136.595,137.072,59534
2022-05-05 00:00:00,137.057,137.537,137.009,137.024,21316
2022-05-05 04:00:00,137.023,137.253,136.823,137.172,25332
2022-05-05 08:00:00,137.173,137.536,137.149,137.489,38869
2022-05-05 12:00:00,137.487,137.572,136.907,137.091,43690
2022-05-05 16:00:00,137.09,137.533,136.895,137.08,59042
2022-05-05 20:00:00,137.08,137.274,136.967,137.214,36045
2022-05-06 00:00:00,137.185,137.612,137.06,137.542,32736
2022-05-06 04:00:00,137.543,137.652,137.414,137.517,30058
2022-05-06 08:00:00,137.516,138.002,136.738,137.712,50443
2022-05-06 12:00:00,137.712,138.129,137.615,137.907,49172
2022-05-06 16:00:00,137.903,138.157,137.707,137.85,61345
2022-05-06 20:00:00,137.85,137.938,137.594,137.661,30857
2022-05-09 00:00:00,137.477,137.893,137.477,137.644,16894
2022-05-09 04:00:00,137.643,137.734,137.488,137.709,21672
2022-05-09 08:00:00,137.709,138.117,137.633,137.847,38757
2022-05-09 12:00:00,137.846,138.316,137.796,138.07,42563
2022-05-09 16:00:00,138.072,138.095,137.062,137.766,51103
2022-05-09 20:00:00,137.765,137.781,137.463,137.568,29331
2022-05-10 00:00:00,137.594,137.826,137.181,137.305,30471
2022-05-10 04:00:00,137.303,138.025,137.095,137.971,34768
2022-05-10 08:00:00,137.973,138.08,137.305,137.51,42827
2022-05-10 12:00:00,137.51,137.694,137.043,137.146,40567
2022-05-10 16:00:00,137.144,137.501,137.03,137.201,53097
2022-05-10 20:00:00,137.202,137.404,137.171,137.356,28228
2022-05-11 00:00:00,137.282,137.384,137.188,137.267,15438
2022-05-11 04:00:00,137.266,137.487,137.234,137.392,22181
2022-05-11 08:00:00,137.389,137.488,137.08,137.233,35547
2022-05-11 12:00:00,137.231,137.597,136.743,137.564,42024
2022-05-11 16:00:00,137.562,137.707,136.822,136.825,64776
2022-05-11 20:00:00,136.825,136.826,136.182,136.643,39263
2022-05-12 00:00:00,136.604,136.739,136.103,136.542,21499
2022-05-12 04:00:00,136.54,136.741,136.358,136.503,30919
2022-05-12 08:00:00,136.503,136.55,134.208,134.209,59446
2022-05-12 12:00:00,134.209,134.484,133.296,133.435,57382
2022-05-12 16:00:00,133.435,133.704,132.657,132.996,63068
2022-05-12 20:00:00,132.996,133.262,132.797,133.164,31712
2022-05-13 00:00:00,133.179,133.821,132.954,133.719,22681
2022-05-13 04:00:00,133.718,134.297,133.656,134.062,36186
2022-05-13 08:00:00,134.061,134.269,133.481,134.063,42360
2022-05-13 12:00:00,134.062,134.145,133.627,133.885,36580
2022-05-13 16:00:00,133.886,134.749,133.61,134.66,46574
2022-05-13 20:00:00,134.661,134.75,134.37,134.496,22555
2022-05-16 00:00:00,134.49,134.909,134.073,134.793,17166
2022-05-16 04:00:00,134.792,134.899,133.747,134.168,31084
2022-05-16 08:00:00,134.169,135.031,134.023,134.978,35752
2022-05-16 12:00:00,134.978,135.051,134.682,134.774,28714
2022-05-16 16:00:00,134.774,134.824,134.14,134.534,35752
2022-05-16 20:00:00,134.533,134.946,134.521,134.683,19016
2022-05-17 00:00:00,134.711,135.13,134.491,134.984,20518
2022-05-17 04:00:00,134.977,135.159,134.803,135.092,22570
2022-05-17 08:00:00,135.093,135.778,135.015,135.712,31639
2022-05-17 12:00:00,135.713,136.629,135.411,136.61,39633
2022-05-17 16:00:00,136.611,136.694,135.974,136.381,39372
2022-05-17 20:00:00,136.382,136.516,136.065,136.453,32855
2022-05-18 00:00:00,136.467,136.667,136.389,136.419,11451
2022-05-18 04:00:00,136.422,136.488,135.761,135.928,24910
2022-05-18 08:00:00,135.928,136.192,135.569,135.777,32179
2022-05-18 12:00:00,135.779,135.954,135.604,135.623,26724
2022-05-18 16:00:00,135.621,135.658,134.453,134.591,41010
2022-05-18 20:00:00,134.591,134.594,134.075,134.124,25810
2022-05-19 00:00:00,134.124,134.84,133.936,134.638,23893
2022-05-19 04:00:00,134.637,135.457,134.585,135.228,26160
2022-05-19 08:00:00,135.229,135.304,134.109,134.199,42731
2022-05-19 12:00:00,134.198,134.657,133.925,134.026,45282
2022-05-19 16:00:00,134.026,135.381,133.988,135.176,61048
2022-05-19 20:00:00,135.177,135.434,135.102,135.279,31448
2022-05-20 00:00:00,135.273,135.385,134.916,135.131,16339
2022-05-20 04:00:00,135.132,135.591,134.743,135.096,27381
2022-05-20 08:00:00,135.096,135.502,135.002,135.483,39475
2022-05-20 12:00:00,135.482,135.795,134.918,134.998,34983
2022-05-20 16:00:00,134.998,135.395,134.647,134.709,45791
2022-05-20 20:00:00,134.71,135.131,134.579,135.029,30595
2022-05-23 00:00:00,134.937,135.491,134.842,135.15,8101
2022-05-23 04:00:00,135.149,135.293,134.654,134.97,11206
2022-05-23 08:00:00,134.972,135.831,134.943,135.797,22530
2022-05-23 12:00:00,135.8,136.296,135.775,136.115,29192
2022-05-23 16:00:00,136.115,136.597,135.78,136.505,33109
2022-05-23 20:00:00,136.506,136.797,136.357,136.703,16572
2022-05-24 00:00:00,136.702,136.731,136.222,136.355,19755
2022-05-24 04:00:00,136.355,136.656,136.106,136.122,17650
2022-05-24 08:00:00,136.121,136.783,136.02,136.409,33285
2022-05-24 12:00:00,136.408,136.737,136.076,136.232,30223
2022-05-24 16:00:00,136.236,136.323,135.546,135.818,42677
2022-05-24 20:00:00,135.815,136.233,135.733,136.118,21009
2022-05-25 00:00:00,136.138,136.231,135.948,136.075,19873
2022-05-25 04:00:00,136.074,136.211,135.826,135.902,22334
2022-05-25 08:00:00,135.897,136.059,135.452,135.567,30911
2022-05-25 12:00:00,135.568,135.751,134.985,135.325,29567
2022-05-25 16:00:00,135.325,136.073,135.298,135.808,34461
2022-05-25 20:00:00,135.807,136.155,135.763,135.915,24578
2022-05-26 00:00:00,135.915,136.489,135.738,136.436,15278
2022-05-26 04:00:00,136.435,136.547,136.012,136.045,22970
2022-05-26 08:00:00,136.045,136.114,135.233,135.328,28813
2022-05-26 12:00:00,135.326,136.165,135.229,136.057,32095
2022-05-26 16:00:00,136.058,136.633,135.849,136.345,31074
2022-05-26 20:00:00,136.341,136.413,136.168,136.325,15620
2022-05-27 00:00:00,136.358,136.566,136.061,136.397,19997
2022-05-27 04:00:00,136.396,136.589,136.245,136.39,20761
2022-05-27 08:00:00,136.387,136.726,136.227,136.319,28360
2022-05-27 12:00:00,136.317,136.364,135.842,136.121,31861
2022-05-27 16:00:00,136.126,136.402,135.983,136.166,31978
2022-05-27 20:00:00,136.171,136.457,136.111,136.441,12653
2022-05-30 00:00:00,136.119,136.637,135.981,136.327,11136
2022-05-30 04:00:00,136.327,136.628,136.265,136.623,22247
2022-05-30 08:00:00,136.623,137.024,136.551,137.009,30544
2022-05-30 12:00:00,137.005,137.475,136.911,137.347,30614
2022-05-30 16:00:00,137.345,137.667,137.326,137.569,26078
2022-05-30 20:00:00,137.572,137.589,137.434,137.531,12634
2022-05-31 00:00:00,137.514,137.986,137.349,137.755,27710
2022-05-31 04:00:00,137.75,137.854,137.502,137.536,35026
2022-05-31 08:00:00,137.536,137.594,137.027,137.225,49489
2022-05-31 12:00:00,137.224,137.517,136.799,137.428,50238
2022-05-31 16:00:00,137.431,138.036,137.386,137.949,56524
2022-05-31 20:00:00,137.948,138.232,137.85,138.091,25917
2022-06-01 00:00:00,138.124,138.37,137.876,138.304,14952
2022-06-01 04:00:00,138.305,138.507,138.231,138.453,28098
2022-06-01 08:00:00,138.453,138.975,138.321,138.775,37372
2022-06-01 12:00:00,138.774,138.905,138.598,138.716,31871
2022-06-01 16:00:00,138.716,138.799,138.196,138.449,48351
2022-06-01 20:00:00,138.449,138.754,138.388,138.625,17283
2022-06-02 00:00:00,138.498,138.741,138.395,138.575,14834
2022-06-02 04:00:00,138.576,138.65,138.389,138.604,20042
2022-06-02 08:00:00,138.604,138.956,138.457,138.782,24223
2022-06-02 12:00:00,138.779,138.822,138.504,138.759,30827
2022-06-02 16:00:00,138.761,139.439,138.73,139.438,38892
2022-06-02 20:00:00,139.438,139.601,139.438,139.592,13530
2022-06-03 00:00:00,139.563,139.778,139.212,139.604,22720
2022-06-03 04:00:00,139.605,139.737,139.472,139.535,17310
2022-06-03 08:00:00,139.536,139.848,139.529,139.766,19434
2022-06-03 12:00:00,139.765,139.935,139.545,139.841,33347
2022-06-03 16:00:00,139.84,140.35,139.837,140.341,38976
2022-06-03 20:00:00,140.341,140.368,140.17,140.204,10524
2022-06-06 00:00:00,140.119,140.396,140.083,140.204,17126
2022-06-06 04:00:00,140.205,140.205,139.839,140.166,22296
2022-06-06 08:00:00,140.166,140.623,139.915,140.571,30502
2022-06-06 12:00:00,140.572,140.605,140.088,140.244,21514
2022-06-06 16:00:00,140.244,140.9,140.129,140.896,32023
2022-06-06 20:00:00,140.895,141.124,140.864,141.047,15376
2022-06-07 00:00:00,141.051,141.422,140.923,141.271,24505
2022-06-07 04:00:00,141.275,142.058,141.271,142.022,32365
2022-06-07 08:00:00,142.022,142.031,141.685,141.765,41256
2022-06-07 12:00:00,141.766,141.872,141.435,141.502,30943
2022-06-07 16:00:00,141.503,141.955,141.38,141.886,39077
2022-06-07 20:00:00,141.885,142.058,141.727,141.944,15952
2022-06-08 00:00:00,141.97,142.338,141.638,142.293,14133
2022-06-08 04:00:00,142.295,142.363,141.996,142.297,24845
2022-06-08 08:00:00,142.295,142.979,142.141,142.928,35987
2022-06-08 12:00:00,142.928,144.219,142.741,144.116,43614
2022-06-08 16:00:00,144.117,144.251,143.498,143.817,45195
2022-06-08 20:00:00,143.819,143.903,143.578,143.844,18882
2022-06-09 00:00:00,143.81,144.188,143.586,143.838,17657
2022-06-09 04:00:00,143.836,144.07,143.632,143.925,22592
2022-06-09 08:00:00,143.925,143.925,142.707,143.206,38581
2022-06-09 12:00:00,143.205,144.084,142.624,143.615,56086
2022-06-09 16:00:00,143.615,143.68,142.56,142.909,58722
2022-06-09 20:00:00,142.909,142.914,142.344,142.635,18619
2022-06-10 00:00:00,142.54,142.79,142.276,142.37,19827
2022-06-10 04:00:00,142.368,142.696,142.311,142.671,20374
2022-06-10 08:00:00,142.67,142.69,141.83,142.086,42512
2022-06-10 12:00:00,142.085,142.14,140.846,140.958,43930
2022-06-10 16:00:00,140.958,141.428,140.802,141.252,55472
2022-06-10 20:00:00,141.252,141.457,141.192,141.348,23740
2022-06-13 00:00:00,141.202,141.705,141.145,141.508,25566
2022-06-13 04:00:00,141.51,141.779,141.212,141.652,35949
2022-06-13 08:00:00,141.651,141.739,140.541,140.714,52433
2022-06-13 12:00:00,140.715,140.897,140.155,140.282,46527
2022-06-13 16:00:00,140.285,140.316,139.389,140.054,56239
2022-06-13 20:00:00,140.056,140.292,139.823,139.882,35205
2022-06-14 00:00:00,139.882,139.995,139.483,139.82,22631
2022-06-14 04:00:00,139.82,140.581,139.481,140.316,43322
2022-06-14 08:00:00,140.316,140.786,140.293,140.43,70685
2022-06-14 12:00:00,140.431,140.768,139.881,140.621,68751
2022-06-14 16:00:00,140.621,140.764,140.027,140.653,76358
2022-06-14 20:00:00,140.653,141.128,140.47,141.119,40664
2022-06-15 00:00:00,141.121,141.271,140.709,140.89,32938
2022-06-15 04:00:00,140.89,141.289,140.802,140.836,40522
2022-06-15 08:00:00,140.836,141.495,140.609,141.175,89536
2022-06-15 12:00:00,141.174,141.244,140.149,140.292,78605
2022-06-15 16:00:00,140.292,140.417,139.583,139.614,62273
2022-06-15 20:00:00,139.614,140.144,139.534,139.785,88547
2022-06-16 00:00:00,139.786,140.511,139.562,140.329,28592
2022-06-16 04:00:00,140.328,140.606,140.139,140.305,34536
2022-06-16 08:00:00,140.305,140.317,138.559,138.673,46738
2022-06-16 12:00:00,138.671,138.756,137.824,138.479,57157
2022-06-16 16:00:00,138.479,139.377,138.396,139.198,42325
2022-06-16 20:00:00,139.193,139.957,139.12,139.401,30590
2022-06-17 00:00:00,139.417,140.477,139.295,140.42,24963
2022-06-17 04:00:00,140.417,141.731,139.443,140.905,41680
2022-06-17 08:00:00,140.901,141.577,140.653,141.501,49980
2022-06-17 12:00:00,141.503,141.974,141.036,141.236,44242
2022-06-17 16:00:00,141.237,141.748,141.013,141.459,44404
2022-06-17 20:00:00,141.459,141.721,141.404,141.603,16490
2022-06-20 00:00:00,141.296,142.054,141.296,141.843,24182
2022-06-20 04:00:00,141.844,142.065,141.442,142.009,38816
2022-06-20 08:00:00,142.01,142.22,141.502,141.83,34478
2022-06-20 12:00:00,141.829,142.129,141.817,141.917,25769
2022-06-20 16:00:00,141.915,142.355,141.887,142.131,32846
2022-06-20 20:00:00,142.13,142.13,141.854,142.004,8143
2022-06-21 00:00:00,141.754,142.325,141.632,142.293,25183
2022-06-21 04:00:00,142.294,142.438,142.057,142.179,29145
2022-06-21 08:00:00,142.179,143.147,141.948,143.138,45738
2022-06-21 12:00:00,143.138,143.891,142.881,143.755,56207
2022-06-21 16:00:00,143.756,143.884,143.472,143.673,52990
2022-06-21 20:00:00,143.675,143.995,143.595,143.96,22697
2022-06-22 00:00:00,143.945,144.012,143.35,143.408,22246
2022-06-22 04:00:00,143.412,143.413,142.936,142.981,34283
2022-06-22 08:00:00,142.981,143.432,142.67,143.174,52779
2022-06-22 12:00:00,143.173,143.397,142.784,143.006,55575
2022-06-22 16:00:00,143.007,144.148,142.998,144.07,66619
2022-06-22 20:00:00,144.07,144.245,143.87,143.959,22838
2022-06-23 00:00:00,143.936,143.987,143.523,143.885,22826
2022-06-23 04:00:00,143.884,143.885,142.862,143.124,45854
2022-06-23 08:00:00,143.125,143.673,141.887,142.121,65548
2022-06-23 12:00:00,142.122,142.614,141.721,141.761,59223
2022-06-23 16:00:00,141.761,141.937,141.405,141.62,83619
2022-06-23 20:00:00,141.621,142.165,141.575,141.995,29556
2022-06-24 00:00:00,141.99,142.237,141.679,142.096,19616
2022-06-24 04:00:00,142.095,142.121,141.744,142.076,27795
2022-06-24 08:00:00,142.075,142.344,141.399,142.258,47774
2022-06-24 12:00:00,142.257,142.598,142.105,142.2,48291
2022-06-24 16:00:00,142.2,142.716,142.074,142.553,60715
2022-06-24 20:00:00,142.553,142.771,142.482,142.675,18803
2022-06-27 00:00:00,142.509,142.977,142.034,142.116,23713
2022-06-27 04:00:00,142.119,142.497,142.071,142.309,40017
2022-06-27 08:00:00,142.308,143.053,142.271,142.857,45742
2022-06-27 12:00:00,142.857,143.317,142.807,143.111,44669
2022-06-27 16:00:00,143.111,143.482,142.862,143.443,55170
2022-06-27 20:00:00,143.44,143.468,143.265,143.352,25139
2022-06-28 00:00:00,143.364,143.458,143.099,143.247,21691
2022-06-28 04:00:00,143.247,143.343,142.867,143.129,29647
2022-06-28 08:00:00,143.13,143.885,143.085,143.713,52211
2022-06-28 12:00:00,143.713,144.275,143.529,143.594,40807
2022-06-28 16:00:00,143.592,143.592,143.095,143.323,34780
2022-06-28 20:00:00,143.322,143.509,143.217,143.217,10717
2022-06-29 00:00:00,143.226,143.413,143.016,143.086,18543
2022-06-29 04:00:00,143.086,143.474,142.781,142.9,29423
2022-06-29 08:00:00,142.9,143.204,142.488,143.126,35642
2022-06-29 12:00:00,143.126,143.8,143.122,143.691,55691
2022-06-29 16:00:00,143.691,143.858,142.648,142.681,58478
2022-06-29 20:00:00,142.681,142.746,142.484,142.582,22109
2022-06-30 00:00:00,142.595,142.84,142.482,142.627,25853
2022-06-30 04:00:00,142.627,142.858,142.553,142.702,28494
2022-06-30 08:00:00,142.702,142.731,141.845,142.244,53133
2022-06-30 12:00:00,142.244,142.292,141.374,141.558,49381
2022-06-30 16:00:00,141.557,142.234,141.393,142.216,57310
2022-06-30 20:00:00,142.216,142.324,141.971,142.255,23480
2022-07-01 00:00:00,142.255,142.431,141.98,142.365,14483
2022-07-01 04:00:00,142.367,142.377,141.023,141.219,37306
2022-07-01 08:00:00,141.219,141.866,140.827,141.723,53436
2022-07-01 12:00:00,141.723,141.925,140.715,140.775,49888
2022-07-01 16:00:00,140.775,141.049,139.791,140.707,73408
2022-07-01 20:00:00,140.71,141.131,140.612,140.981,25703
2022-07-04 00:00:00,140.992,141.185,140.72,140.77,21561
2022-07-04 04:00:00,140.77,140.985,140.614,140.895,21883
2022-07-04 08:00:00,140.897,141.418,140.879,141.252,32616
2022-07-04 12:00:00,141.252,141.663,141.239,141.51,23579
2022-07-04 16:00:00,141.51,141.655,141.347,141.444,22508
2022-07-04 20:00:00,141.444,141.482,141.375,141.421,7808
2022-07-05 00:00:00,141.407,142.034,141.367,141.947,19822
2022-07-05 04:00:00,141.948,142.316,141.835,142.211,27714
2022-07-05 08:00:00,142.211,142.373,139.822,140.018,41863
2022-07-05 12:00:00,140.018,140.211,139.549,139.812,46713
2022-07-05 16:00:00,139.812,139.835,138.948,139.069,44896
2022-07-05 20:00:00,139.07,139.568,139.006,139.457,24333
2022-07-06 00:00:00,139.482,139.496,138.923,139.268,20015
2022-07-06 04:00:00,139.268,139.282,138.595,138.68,30735
2022-07-06 08:00:00,138.679,139.372,138.251,138.512,43807
2022-07-06 12:00:00,138.511,138.58,137.272,137.68,43940
2022-07-06 16:00:00,137.68,138.396,137.562,138.098,46844
2022-07-06 20:00:00,138.095,138.489,138.089,138.38,27838
2022-07-07 00:00:00,138.374,138.607,138.235,138.306,17927
2022-07-07 04:00:00,138.306,138.622,138.066,138.418,23594
2022-07-07 08:00:00,138.419,139.071,138.23,138.823,37997
2022-07-07 12:00:00,138.819,138.997,138.074,138.221,40420
2022-07-07 16:00:00,138.219,138.438,137.995,138.141,33333
2022-07-07 20:00:00,138.144,138.329,137.988,138.17,14479
2022-07-08 00:00:00,138.196,138.619,138.152,138.493,17498
2022-07-08 04:00:00,138.49,138.552,137.481,137.565,40601
2022-07-08 08:00:00,137.564,138.065,136.865,137.271,41566
2022-07-08 12:00:00,137.272,138.376,137.158,138.373,42945
2022-07-08 16:00:00,138.373,138.715,138.065,138.447,43510
2022-07-08 20:00:00,138.448,138.625,138.382,138.573,15166
2022-07-11 00:00:00,138.49,138.69,138.441,138.57,21046
2022-07-11 04:00:00,138.57,139.169,138.485,139.057,39986
2022-07-11 08:00:00,139.059,139.129,138.244,138.592,39699
2022-07-11 12:00:00,138.592,138.839,138.33,138.703,40807
2022-07-11 16:00:00,138.704,138.782,138.197,138.274,47015
2022-07-11 20:00:00,138.274,138.349,137.886,137.927,20762
2022-07-12 00:00:00,137.917,138.075,137.701,137.779,22375
2022-07-12 04:00:00,137.778,137.84,137.281,137.498,38104
2022-07-12 08:00:00,137.497,138.004,137.228,137.359,49649
2022-07-12 12:00:00,137.36,137.601,137.023,137.39,49948
2022-07-12 16:00:00,137.392,137.697,137.142,137.531,46093
2022-07-12 20:00:00,137.532,137.601,137.247,137.333,22243
2022-07-13 00:00:00,137.338,137.474,137.122,137.343,21552
2022-07-13 04:00:00,137.346,137.743,137.341,137.533,27937
2022-07-13 08:00:00,137.534,137.967,137.221,137.658,41478
2022-07-13 12:00:00,137.659,138.338,137.544,137.865,46848
2022-07-13 16:00:00,137.865,138.801,137.65,138.348,68008
2022-07-13 20:00:00,138.348,138.369,138.085,138.153,25475
2022-07-14 00:00:00,138.169,138.327,137.99,138.223,21919
2022-07-14 04:00:00,138.224,138.624,138.101,138.564,40763
2022-07-14 08:00:00,138.565,139.77,138.549,139.363,57016
2022-07-14 12:00:00,139.365,139.533,138.89,139.173,54107
2022-07-14 16:00:00,139.173,139.609,138.561,138.821,69429
2022-07-14 20:00:00,138.819,139.385,138.753,139.179,34217
2022-07-15 00:00:00,139.23,139.435,139.011,139.126,20692
2022-07-15 04:00:00,139.127,139.535,139.038,139.458,28864
2022-07-15 08:00:00,139.458,139.467,138.744,139.25,37946
2022-07-15 12:00:00,139.248,139.749,139.193,139.592,43776
2022-07-15 16:00:00,139.588,139.891,139.378,139.683,51175
2022-07-15 20:00:00,139.684,139.781,139.549,139.66,14946
2022-07-18 00:00:00,139.686,139.767,139.431,139.443,14521
2022-07-18 04:00:00,139.445,139.88,139.432,139.596,24260
2022-07-18 08:00:00,139.596,140.206,139.377,139.914,35678
2022-07-18 12:00:00,139.915,140.651,139.844,140.187,35553
2022-07-18 16:00:00,140.19,140.799,140.117,140.381,40414
2022-07-18 20:00:00,140.381,140.466,140.003,140.069,22855
2022-07-19 00:00:00,140.068,140.362,139.965,140.013,24762
2022-07-19 04:00:00,140.017,140.177,139.696,139.858,28175
2022-07-19 08:00:00,139.858,141.176,139.844,141.081,44880
2022-07-19 12:00:00,141.081,141.231,140.697,140.798,39908
2022-07-19 16:00:00,140.798,141.399,140.79,141.361,40779
2022-07-19 20:00:00,141.36,141.449,141.282,141.299,22797
2022-07-20 00:00:00,141.328,141.758,141.281,141.55,17988
2022-07-20 04:00:00,141.551,141.575,141.168,141.357,25032
2022-07-20 08:00:00,141.357,141.928,141.159,141.453,39632
2022-07-20 12:00:00,141.453,141.649,140.601,140.977,40053
2022-07-20 16:00:00,140.976,141.342,140.796,140.889,36794
2022-07-20 20:00:00,140.885,140.889,140.424,140.764,27147
2022-07-21 00:00:00,140.791,141.21,140.665,141.054,22991
2022-07-21 04:00:00,141.054,141.398,140.89,141.249,36493
2022-07-21 08:00:00,141.246,141.593,140.929,141.308,47611
2022-07-21 12:00:00,141.309,142.323,141.14,142.07,46657
2022-07-21 16:00:00,142.071,142.165,140.272,140.448,50638
2022-07-21 20:00:00,140.446,140.552,140.139,140.459,22446
2022-07-22 00:00:00,140.513,140.633,140.031,140.165,19814
2022-07-22 04:00:00,140.168,140.406,139.973,140.367,29173
2022-07-22 08:00:00,140.366,140.693,139.423,139.746,42181
2022-07-22 12:00:00,139.747,139.799,139.119,139.419,48369
2022-07-22 16:00:00,139.419,139.426,138.971,139.175,52829
2022-07-22 20:00:00,139.176,139.18,138.782,138.974,29484
2022-07-25 00:00:00,139.005,139.274,138.919,139.015,21201
2022-07-25 04:00:00,139.015,139.165,138.714,139.038,32586
2022-07-25 08:00:00,139.037,139.532,138.839,139.441,43584
2022-07-25 12:00:00,139.441,139.972,139.311,139.898,48127
2022-07-25 16:00:00,139.898,140.078,139.411,139.726,47644
2022-07-25 20:00:00,139.725,139.829,139.594,139.597,20365
2022-07-26 00:00:00,139.659,139.689,139.328,139.56,16744
2022-07-26 04:00:00,139.559,139.779,139.501,139.625,25103
2022-07-26 08:00:00,139.626,139.837,139.344,139.382,37019
2022-07-26 12:00:00,139.383,139.387,138.215,138.537,46290
2022-07-26 16:00:00,138.538,138.633,138.131,138.36,54056
2022-07-26 20:00:00,138.359,138.569,138.265,138.529,25689
2022-07-27 00:00:00,138.529,139.029,138.473,138.99,18987
2022-07-27 04:00:00,138.989,139.081,138.861,139.073,25359
2022-07-27 08:00:00,139.072,139.083,138.649,138.741,37265
2022-07-27 12:00:00,138.741,139.03,138.433,138.892,36876
2022-07-27 16:00:00,138.893,139.046,138.614,138.881,45868
2022-07-27 20:00:00,138.883,139.506,138.818,139.262,50059
2022-07-28 00:00:00,139.321,139.321,138.661,138.695,20959
2022-07-28 04:00:00,138.695,138.704,137.912,138.199,41929
2022-07-28 08:00:00,138.199,138.534,138.137,138.252,51586
2022-07-28 12:00:00,138.252,138.252,136.85,136.916,57326
2022-07-28 16:00:00,136.917,136.951,136.372,136.625,66350
2022-07-28 20:00:00,136.624,136.948,136.514,136.865,26297
2022-07-29 00:00:00,136.873,137.329,136.825,137.16,26048
2022-07-29 04:00:00,137.161,137.264,135.888,136.17,44260
2022-07-29 08:00:00,136.17,136.181,135.545,135.94,62393
2022-07-29 12:00:00,135.94,136.736,135.803,136.443,52567
2022-07-29 16:00:00,136.442,136.6,135.841,135.934,65334
2022-07-29 20:00:00,135.933,136.341,135.919,136.19,23087
2022-08-01 00:00:00,136.186,136.346,135.709,135.811,25930
2022-08-01 04:00:00,135.811,135.871,135.139,135.566,40462
2022-08-01 08:00:00,135.566,135.879,135.168,135.734,47702
2022-08-01 12:00:00,135.734,135.868,135.144,135.172,48746
2022-08-01 16:00:00,135.173,135.623,135.005,135.374,54525
2022-08-01 20:00:00,135.374,135.392,134.995,135.042,21061
2022-08-02 00:00:00,135.028,135.169,134.316,134.69,28425
2022-08-02 04:00:00,134.685,134.694,134.027,134.263,40484
2022-08-02 08:00:00,134.262,134.403,133.632,134.022,50721
2022-08-02 12:00:00,134.021,134.227,133.397,133.522,44139
2022-08-02 16:00:00,133.52,134.962,133.506,134.837,62528
2022-08-02 20:00:00,134.837,135.403,134.784,135.374,34573
2022-08-03 00:00:00,135.358,135.968,135.127,135.907,30339
2022-08-03 04:00:00,135.907,135.998,134.823,135.185,45660
2022-08-03 08:00:00,135.186,135.787,135.095,135.704,49465
2022-08-03 12:00:00,135.705,136.227,135.433,136.061,45774
2022-08-03 16:00:00,136.06,136.422,135.791,136.134,57629
2022-08-03 20:00:00,136.134,136.3,136.034,136.069,25874
2022-08-04 00:00:00,136.069,136.272,135.76,135.831,22514
2022-08-04 04:00:00,135.832,136.197,135.633,135.892,29098
2022-08-04 08:00:00,135.893,136.923,135.884,136.872,41534
2022-08-04 12:00:00,136.873,136.919,135.656,136.034,49787
2022-08-04 16:00:00,136.038,136.355,135.684,136.235,51441
2022-08-04 20:00:00,136.237,136.386,136.05,136.194,24376
2022-08-05 00:00:00,136.206,136.382,135.797,136.059,23239
2022-08-05 04:00:00,136.059,136.501,136.028,136.459,23890
2022-08-05 08:00:00,136.459,136.558,136.028,136.06,32398
2022-08-05 12:00:00,136.06,137.038,135.91,136.801,37689
2022-08-05 16:00:00,136.805,137.759,136.775,137.607,54686
2022-08-05 20:00:00,137.606,137.669,137.352,137.45,26361
2022-08-08 00:00:00,137.376,137.747,137.329,137.594,23464
2022-08-08 04:00:00,137.594,137.872,137.376,137.762,36673
2022-08-08 08:00:00,137.761,137.928,137.466,137.717,34523
2022-08-08 12:00:00,137.717,137.719,137.262,137.527,33640
2022-08-08 16:00:00,137.528,137.665,137.066,137.264,41546
2022-08-08 20:00:00,137.263,137.68,137.245,137.624,22679
2022-08-09 00:00:00,137.689,137.728,137.349,137.467,19731
2022-08-09 04:00:00,137.467,137.693,137.259,137.529,21548
2022-08-09 08:00:00,137.529,138.183,137.5,138.138,31970
2022-08-09 12:00:00,138.138,138.314,137.917,138.138,35485
2022-08-09 16:00:00,138.134,138.304,137.912,137.988,32761
2022-08-09 20:00:00,137.99,138.066,137.901,138.017,17505
2022-08-10 00:00:00,137.964,138.08,137.904,138.054,18995
2022-08-10 04:00:00,138.053,138.088,137.787,137.888,24769
2022-08-10 08:00:00,137.888,138.028,137.714,137.996,28682
2022-08-10 12:00:00,137.995,138.399,136.898,137.483,37859
2022-08-10 16:00:00,137.482,137.623,136.611,136.877,63005
2022-08-10 20:00:00,136.879,137.156,136.645,136.882,28497
2022-08-11 00:00:00,136.886,136.927,136.59,136.734,23834
2022-08-11 04:00:00,136.733,137.084,136.719,136.898,27941
2022-08-11 08:00:00,136.898,137.038,136.679,137.033,37903
2022-08-11 12:00:00,137.034,137.14,136.298,136.513,43396
2022-08-11 16:00:00,136.514,137.273,136.481,137.164,50837
2022-08-11 20:00:00,137.165,137.393,137.12,137.235,25981
2022-08-12 00:00:00,137.266,137.58,137.178,137.443,19282
2022-08-12 04:00:00,137.443,137.614,137.312,137.478,23491
2022-08-12 08:00:00,137.478,137.575,137.104,137.258,33568
2022-08-12 12:00:00,137.255,137.72,137.192,137.303,40026
2022-08-12 16:00:00,137.305,137.425,136.885,137.017,47709
2022-08-12 20:00:00,137.015,137.081,136.864,136.936,16031
2022-08-15 00:00:00,136.923,137.062,136.453,136.576,14775
2022-08-15 04:00:00,136.576,136.73,136.457,136.536,22961
2022-08-15 08:00:00,136.535,136.744,136.062,136.131,32758
2022-08-15 12:00:00,136.129,136.244,135.274,135.351,37977
2022-08-15 16:00:00,135.352,135.714,135.334,135.478,37933
2022-08-15 20:00:00,135.478,135.531,135.303,135.426,20941
2022-08-16 00:00:00,135.436,135.46,134.947,135.239,21911
2022-08-16 04:00:00,135.24,135.64,135.237,135.565,26208
2022-08-16 08:00:00,135.565,135.925,135.404,135.797,34717
2022-08-16 12:00:00,135.797,136.569,135.653,136.526,41066
2022-08-16 16:00:00,136.527,136.916,136.469,136.628,40291
2022-08-16 20:00:00,136.628,136.725,136.374,136.503,19703
2022-08-17 00:00:00,136.466,136.715,136.381,136.415,14533
2022-08-17 04:00:00,136.414,136.599,136.255,136.584,25561
2022-08-17 08:00:00,136.584,137.259,136.481,137.153,36094
2022-08-17 12:00:00,137.15,137.466,137.006,137.243,35944
2022-08-17 16:00:00,137.245,137.878,137.14,137.636,38784
2022-08-17 20:00:00,137.636,137.76,137.4,137.436,30557
2022-08-18 00:00:00,137.464,137.563,137.256,137.346,15384
2022-08-18 04:00:00,137.345,137.506,137.223,137.324,21940
2022-08-18 08:00:00,137.324,137.656,137.15,137.462,38379
2022-08-18 12:00:00,137.466,137.594,137.099,137.225,38853
2022-08-18 16:00:00,137.225,137.244,136.556,136.861,37463
2022-08-18 20:00:00,136.861,137.211,136.858,137.022,21092
2022-08-19 00:00:00,137.068,137.408,136.936,137.358,19288
2022-08-19 04:00:00,137.36,137.435,137.145,137.304,25198
2022-08-19 08:00:00,137.306,137.963,137.225,137.686,37734
2022-08-19 12:00:00,137.685,137.833,137.4,137.721,39931
2022-08-19 16:00:00,137.721,137.861,137.345,137.363,34308
2022-08-19 20:00:00,137.363,137.476,137.286,137.44,14959
2022-08-22 00:00:00,137.44,137.653,137.3,137.611,15376
2022-08-22 04:00:00,137.62,137.945,137.568,137.764,28483
2022-08-22 08:00:00,137.765,137.771,136.607,137.122,40024
2022-08-22 12:00:00,137.123,137.314,136.844,137.271,39927
2022-08-22 16:00:00,137.271,137.292,136.505,136.523,42703
2022-08-22 20:00:00,136.522,136.738,136.399,136.688,18021
2022-08-23 00:00:00,136.649,136.862,136.41,136.421,17173
2022-08-23 04:00:00,136.423,136.605,136.249,136.388,26774
2022-08-23 08:00:00,136.386,136.545,135.712,136.283,45949
2022-08-23 12:00:00,136.283,136.52,136.207,136.472,36156
2022-08-23 16:00:00,136.472,137.06,135.888,136.152,54789
2022-08-23 20:00:00,136.152,136.399,136.125,136.298,22347
2022-08-24 00:00:00,136.325,136.384,136.219,136.249,24436
2022-08-24 04:00:00,136.249,136.321,135.761,135.902,31071
2022-08-24 08:00:00,135.902,136.198,135.662,135.725,38666
2022-08-24 12:00:00,135.724,135.943,135.516,135.888,42679
2022-08-24 16:00:00,135.888,136.782,135.87,136.431,57043
2022-08-24 20:00:00,136.431,136.763,136.416,136.646,20570
2022-08-25 00:00:00,136.628,136.787,136.547,136.701,25373
2022-08-25 04:00:00,136.701,136.729,136.457,136.645,28641
2022-08-25 08:00:00,136.646,136.981,136.399,136.572,42441
2022-08-25 12:00:00,136.574,136.575,136.016,136.264,40634
2022-08-25 16:00:00,136.263,136.656,136.061,136.109,42112
2022-08-25 20:00:00,136.11,136.235,136.02,136.133,20460
2022-08-26 00:00:00,136.167,136.258,136.091,136.217,18391
2022-08-26 04:00:00,136.218,136.366,136.138,136.324,19793
2022-08-26 08:00:00,136.324,136.792,136.243,136.764,34255
2022-08-26 12:00:00,136.764,137.218,136.753,137.131,40550
2022-08-26 16:00:00,137.13,137.972,136.971,137.058,79717
2022-08-26 20:00:00,137.058,137.231,136.769,137.218,28354
2022-08-29 00:00:00,137.157,137.494,137.006,137.417,25008
2022-08-29 04:00:00,137.418,137.735,137.349,137.704,32171
2022-08-29 08:00:00,137.704,138.139,137.666,137.849,43976
2022-08-29 12:00:00,137.849,138.836,137.806,138.623,42675
2022-08-29 16:00:00,138.625,138.944,138.355,138.94,43920
2022-08-29 20:00:00,138.939,138.974,138.611,138.661,23991
2022-08-30 00:00:00,138.718,138.83,138.53,138.579,14986
2022-08-30 04:00:00,138.579,138.627,138.335,138.485,32454
2022-08-30 08:00:00,138.484,138.894,138.261,138.619,45963
2022-08-30 12:00:00,138.62,138.986,138.436,138.65,42207
2022-08-30 16:00:00,138.651,139.217,138.517,139.019,54144
2022-08-30 20:00:00,139.019,139.118,138.872,138.98,27842
2022-08-31 00:00:00,138.95,139.129,138.897,139.009,20410
2022-08-31 04:00:00,139.009,139.098,138.789,139.028,26255
2022-08-31 08:00:00,139.028,139.096,138.267,138.293,42780
2022-08-31 12:00:00,138.293,138.808,138.293,138.712,45804
2022-08-31 16:00:00,138.712,139.679,138.672,139.45,54173
2022-08-31 20:00:00,139.45,139.727,139.29,139.671,28291
2022-09-01 00:00:00,139.671,139.953,139.611,139.801,29084
2022-09-01 04:00:00,139.802,139.998,139.671,139.706,30333
2022-09-01 08:00:00,139.706,139.869,139.482,139.735,43346
2022-09-01 12:00:00,139.735,139.812,139.236,139.393,40831
2022-09-01 16:00:00,139.393,139.49,138.93,139.158,53111
2022-09-01 20:00:00,139.158,139.496,139.143,139.421,27128
2022-09-02 00:00:00,139.369,139.49,139.26,139.471,18860
2022-09-02 04:00:00,139.471,139.898,139.361,139.875,23848
2022-09-02 08:00:00,139.875,140.164,139.83,139.953,33434
2022-09-02 12:00:00,139.953,140.747,139.937,140.729,42734
2022-09-02 16:00:00,140.729,140.748,139.654,139.801,57289
2022-09-02 20:00:00,139.801,139.82,139.391,139.563,30396
2022-09-05 00:00:00,139.145,139.439,138.949,139.126,25312
2022-09-05 04:00:00,139.126,139.176,138.914,139.025,34928
2022-09-05 08:00:00,139.026,139.555,138.692,139.289,45054
2022-09-05 12:00:00,139.289,139.643,139.23,139.514,37102
2022-09-05 16:00:00,139.514,139.628,139.387,139.535,25117
2022-09-05 20:00:00,139.536,139.635,139.522,139.583,5392
2022-09-06 00:00:00,139.548,139.887,139.536,139.842,24827
2022-09-06 04:00:00,139.842,140.199,139.786,140.169,33620
2022-09-06 08:00:00,140.17,141.423,140.097,141.099,47121
2022-09-06 12:00:00,141.099,141.146,140.642,140.962,41569
2022-09-06 16:00:00,140.96,141.759,140.757,141.629,42127
2022-09-06 20:00:00,141.629,141.64,141.355,141.402,20528
2022-09-07 00:00:00,141.402,142.006,141.311,141.531,24459
2022-09-07 04:00:00,141.53,142.658,141.41,142.444,42453
2022-09-07 08:00:00,142.446,142.954,142.291,142.721,37714
2022-09-07 12:00:00,142.721,143.374,142.611,143.272,48078
2022-09-07 16:00:00,143.273,143.963,143.23,143.918,52672
2022-09-07 20:00:00,143.918,144.008,143.806,143.839,28521
2022-09-08 00:00:00,143.839,144.33,143.798,144.124,21007
2022-09-08 04:00:00,144.122,144.122,143.614,143.861,30282
2022-09-08 08:00:00,143.861,144.016,143.318,144.011,43826
2022-09-08 12:00:00,144.01,144.287,143.375,144.137,46626
2022-09-08 16:00:00,144.137,144.138,143.175,143.674,60365
2022-09-08 20:00:00,143.672,144.094,143.658,144.081,25937
2022-09-09 00:00:00,144.081,144.487,143.894,144.433,19289
2022-09-09 04:00:00,144.432,144.726,143.617,143.865,44629
2022-09-09 08:00:00,143.865,144.011,143.426,143.479,47677
2022-09-09 12:00:00,143.473,143.541,142.64,142.984,54186
2022-09-09 16:00:00,142.982,143.438,142.751,143.324,52478
2022-09-09 20:00:00,143.323,143.381,143.208,143.24,21792
2022-09-12 00:00:00,143.612,143.887,143.384,143.808,20976
2022-09-12 04:00:00,143.807,144.349,143.457,144.294,29972
2022-09-12 08:00:00,144.294,145.637,144.255,145.428,50510
2022-09-12 12:00:00,145.428,145.428,144.398,144.541,45504
2022-09-12 16:00:00,144.541,144.582,144.139,144.257,45013
2022-09-12 20:00:00,144.258,144.614,144.236,144.567,23573
2022-09-13 00:00:00,144.563,144.767,144.287,144.378,20005
2022-09-13 04:00:00,144.378,144.583,144.23,144.408,25521
2022-09-13 08:00:00,144.405,144.496,144.146,144.454,35623
2022-09-13 12:00:00,144.454,145.029,144.04,144.946,47408
2022-09-13 16:00:00,144.946,144.974,144.132,144.28,68493
2022-09-13 20:00:00,144.28,144.301,144.028,144.103,35232
2022-09-14 00:00:00,144.088,144.46,143.769,144.11,28464
2022-09-14 04:00:00,144.11,144.478,143.648,143.798,35638
2022-09-14 08:00:00,143.798,143.836,142.917,143.215,56363
2022-09-14 12:00:00,143.215,143.572,142.893,142.992,56895
2022-09-14 16:00:00,142.992,142.994,142.295,142.893,59087
2022-09-14 20:00:00,142.892,143.075,142.745,142.871,26617
2022-09-15 00:00:00,142.824,142.919,142.569,142.798,20203
2022-09-15 04:00:00,142.799,143.123,142.571,143.046,26596
2022-09-15 08:00:00,143.046,143.458,143.008,143.328,34832
2022-09-15 12:00:00,143.326,143.594,143.022,143.439,42438
2022-09-15 16:00:00,143.437,143.603,143.135,143.585,51702
2022-09-15 20:00:00,143.585,143.683,143.294,143.464,25637
2022-09-16 00:00:00,143.464,143.496,142.938,143.09,20316
2022-09-16 04:00:00,143.09,143.483,143.039,143.23,24821
2022-09-16 08:00:00,143.224,143.537,142.647,142.717,45723
2022-09-16 12:00:00,142.717,143.081,142.512,142.664,45221
2022-09-16 16:00:00,142.663,143.43,142.615,143.138,58960
2022-09-16 20:00:00,143.137,143.175,142.879,143.135,27820
2022-09-19 00:00:00,143.15,143.3,142.996,143.089,15338
2022-09-19 04:00:00,143.089,143.255,143.026,143.118,22143
2022-09-19 08:00:00,143.118,143.244,142.8,143.127,35170
2022-09-19 12:00:00,143.126,143.545,143.011,143.234,37480
2022-09-19 16:00:00,143.235,143.526,143.087,143.411,41974
2022-09-19 20:00:00,143.411,143.614,143.319,143.515,22456
2022-09-20 00:00:00,143.544,143.78,143.502,143.681,18647
2022-09-20 04:00:00,143.68,143.716,143.432,143.626,25462
2022-09-20 08:00:00,143.626,144.041,143.521,143.803,42200
2022-09-20 12:00:00,143.801,144.016,143.017,143.267,43643
2022-09-20 16:00:00,143.266,143.701,143.204,143.312,47666
2022-09-20 20:00:00,143.313,143.373,143.052,143.281,28015
2022-09-21 00:00:00,143.303,143.357,143.021,143.21,26595
2022-09-21 04:00:00,143.21,143.512,143.176,143.476,31008
2022-09-21 08:00:00,143.478,143.596,141.924,142.366,53991
2022-09-21 12:00:00,142.366,143.003,142.345,142.762,43769
2022-09-21 16:00:00,142.762,142.81,142.234,142.544,48101
2022-09-21 20:00:00,142.544,142.588,141.641,141.742,56633
2022-09-22 00:00:00,141.755,142.123,141.5,141.764,21015
2022-09-22 04:00:00,141.764,142.64,141.136,142.336,37602
2022-09-22 08:00:00,142.336,143.699,139.247,140.383,65246
2022-09-22 12:00:00,140.383,141.374,138.707,139.003,70237
2022-09-22 16:00:00,139.003,140.245,138.999,140.086,60320
2022-09-22 20:00:00,140.085,140.156,139.91,140.002,34508
2022-09-23 00:00:00,140.056,140.263,139.881,139.889,16426
2022-09-23 04:00:00,139.887,139.934,139.51,139.776,26048
2022-09-23 08:00:00,139.776,139.867,138.908,139.342,44592
2022-09-23 12:00:00,139.343,139.732,138.92,139.459,64489
2022-09-23 16:00:00,139.459,139.626,138.936,139.002,56145
2022-09-23 20:00:00,139.002,139.165,138.669,138.914,36877
2022-09-26 00:00:00,138.92,139.213,137.365,137.613,30401
2022-09-26 04:00:00,137.611,139.089,137.537,138.807,43417
2022-09-26 08:00:00,138.802,139.384,138.326,139.306,59003
2022-09-26 12:00:00,139.306,139.446,138.795,139.129,59625
2022-09-26 16:00:00,139.129,139.522,138.848,139.078,66207
2022-09-26 20:00:00,139.077,139.158,138.865,139.094,43456
2022-09-27 00:00:00,139.085,139.245,138.706,139.156,33829
2022-09-27 04:00:00,139.155,139.304,139.07,139.276,39724
2022-09-27 08:00:00,139.276,139.547,138.831,138.964,53207
2022-09-27 12:00:00,138.964,139.394,138.718,139.249,47846
2022-09-27 16:00:00,139.251,139.41,138.614,138.753,62659
2022-09-27 20:00:00,138.752,139.02,138.669,138.893,36275
2022-09-28 00:00:00,138.908,138.976,138.474,138.553,26094
2022-09-28 04:00:00,138.551,138.572,138.061,138.174,46303
2022-09-28 08:00:00,138.171,138.663,138.091,138.292,56191
2022-09-28 12:00:00,138.292,138.789,138.062,138.594,72534
2022-09-28 16:00:00,138.593,139.976,138.37,139.925,74165
2022-09-28 20:00:00,139.924,140.398,139.893,140.326,40482
2022-09-29 00:00:00,140.292,140.342,139.789,139.789,29958
2022-09-29 04:00:00,139.79,140.023,139.586,139.949,34609
2022-09-29 08:00:00,139.949,139.974,139.414,139.921,60742
2022-09-29 12:00:00,139.919,140.99,139.875,140.203,64776
2022-09-29 16:00:00,140.204,141.467,140.186,141.279,68491
2022-09-29 20:00:00,141.28,141.751,141.218,141.732,39417
2022-09-30 00:00:00,141.745,142.299,141.745,142.148,27907
2022-09-30 04:00:00,142.148,142.2,141.629,141.698,39931
2022-09-30 08:00:00,141.695,142.197,141.455,141.862,63674
2022-09-30 12:00:00,141.868,141.939,140.758,140.988,62838
2022-09-30 16:00:00,140.987,141.968,140.787,141.675,65530
2022-09-30 20:00:00,141.674,142.081,141.595,141.849,36326
2022-10-03 00:00:00,141.769,141.964,141.531,141.903,22458
2022-10-03 04:00:00,141.902,142.366,141.758,141.838,35696
2022-10-03 08:00:00,141.838,142.463,141.802,142.304,52799
2022-10-03 12:00:00,142.304,142.333,141.372,141.534,48578
2022-10-03 16:00:00,141.533,142.032,141.416,141.743,61224
2022-10-03 20:00:00,141.742,142.218,141.58,142.001,33623
2022-10-04 00:00:00,142.001,142.198,141.98,142.184,23272
2022-10-04 04:00:00,142.184,142.496,142.075,142.383,32609
2022-10-04 08:00:00,142.382,143.118,142.318,142.934,56663
2022-10-04 12:00:00,142.933,143.724,142.66,143.612,59883
2022-10-04 16:00:00,143.611,144.077,143.438,143.798,65494
2022-10-04 20:00:00,143.798,143.973,143.618,143.909,41185
2022-10-05 00:00:00,143.915,143.998,143.373,143.508,21994
2022-10-05 04:00:00,143.504,143.92,143.495,143.653,41256
2022-10-05 08:00:00,143.653,144.088,143.39,143.609,55008
2022-10-05 12:00:00,143.609,143.674,142.944,143.194,47900
2022-10-05 16:00:00,143.194,143.235,142.44,142.765,60202
2022-10-05 20:00:00,142.765,143.036,142.73,143.002,33898
2022-10-06 00:00:00,143.002,143.421,142.84,143.391,22779
2022-10-06 04:00:00,143.39,143.458,143.272,143.373,30259
2022-10-06 08:00:00,143.372,143.43,142.909,143.04,48207
2022-10-06 12:00:00,143.041,143.294,142.624,142.838,52002
2022-10-06 16:00:00,142.835,142.863,141.958,142.079,69332
2022-10-06 20:00:00,142.077,142.313,142.03,142.084,39266
2022-10-07 00:00:00,142.067,142.146,141.893,141.956,20274
2022-10-07 04:00:00,141.957,142.215,141.927,142.014,30365
2022-10-07 08:00:00,142.014,142.178,141.683,141.969,48123
2022-10-07 12:00:00,141.968,142.112,141.187,141.456,50187
2022-10-07 16:00:00,141.454,142.139,141.402,141.806,66510
2022-10-07 20:00:00,141.806,141.943,141.486,141.578,27703
2022-10-10 00:00:00,141.507,141.735,141.43,141.685,23998
2022-10-10 04:00:00,141.685,141.801,141.585,141.663,28042
2022-10-10 08:00:00,141.663,141.681,140.901,140.977,48713
2022-10-10 12:00:00,140.978,141.444,140.977,141.36,44452
2022-10-10 16:00:00,141.359,141.821,141.143,141.282,53816
2022-10-10 20:00:00,141.282,141.588,141.208,141.378,29216
2022-10-11 00:00:00,141.389,141.689,141.344,141.594,20150
2022-10-11 04:00:00,141.594,141.643,140.978,141.076,36489
2022-10-11 08:00:00,141.076,141.572,141.043,141.429,53106
2022-10-11 12:00:00,141.429,141.75,141.256,141.573,53909
2022-10-11 16:00:00,141.572,142.186,141.271,142.152,63591
2022-10-11 20:00:00,142.151,142.199,141.432,141.575,46142
2022-10-12 00:00:00,141.592,141.835,141.393,141.793,31275
2022-10-12 04:00:00,141.794,142.159,141.639,142.043,44835
2022-10-12 08:00:00,142.043,142.225,141.746,141.96,61286
2022-10-12 12:00:00,141.961,142.48,141.955,142.412,52798
2022-10-12 16:00:00,142.413,142.634,142.008,142.304,57013
2022-10-12 20:00:00,142.304,142.602,142.249,142.533,34366
2022-10-13 00:00:00,142.53,142.659,142.355,142.593,20711
2022-10-13 04:00:00,142.593,142.617,142.355,142.49,25464
2022-10-13 08:00:00,142.491,142.633,142.201,142.631,39277
2022-10-13 12:00:00,142.631,143.033,141.853,142.404,61155
2022-10-13 16:00:00,142.402,144.042,141.757,143.897,87609
2022-10-13 20:00:00,143.897,144.093,143.827,143.949,40393
2022-10-14 00:00:00,143.939,144.052,143.808,143.925,19160
2022-10-14 04:00:00,143.925,144.34,143.867,144.217,32283
2022-10-14 08:00:00,144.217,144.418,143.84,143.998,50058
2022-10-14 12:00:00,143.999,144.404,143.478,144.35,57022
2022-10-14 16:00:00,144.351,144.845,143.813,144.642,72955
2022-10-14 20:00:00,144.642,144.768,144.472,144.605,31789
2022-10-17 00:00:00,144.491,144.838,144.359,144.771,24913
2022-10-17 04:00:00,144.771,144.907,144.689,144.88,28761
2022-10-17 08:00:00,144.88,145.062,144.593,144.826,51972
2022-10-17 12:00:00,144.826,145.427,144.805,145.352,48094
2022-10-17 16:00:00,145.352,146.554,145.323,146.436,53301
2022-10-17 20:00:00,146.436,146.72,146.404,146.642,27691
2022-10-18 00:00:00,146.61,146.736,146.386,146.407,24627
2022-10-18 04:00:00,146.408,146.791,146.234,146.666,36284
2022-10-18 08:00:00,146.667,146.994,146.509,146.728,51077
2022-10-18 12:00:00,146.729,146.851,145.812,146.823,57048
2022-10-18 16:00:00,146.823,147.123,146.515,147.038,57951
2022-10-18 20:00:00,147.038,147.199,146.908,147.09,34586
2022-10-19 00:00:00,147.118,147.256,146.994,147.106,24169
2022-10-19 04:00:00,147.106,147.129,146.841,146.91,29643
2022-10-19 08:00:00,146.909,146.99,146.611,146.685,51115
2022-10-19 12:00:00,146.685,146.809,146.076,146.44,52917
2022-10-19 16:00:00,146.441,146.699,146.27,146.331,52655
2022-10-19 20:00:00,146.332,146.545,146.245,146.486,29237
2022-10-20 00:00:00,146.467,146.499,146.239,146.403,22295
2022-10-20 04:00:00,146.402,146.665,146.251,146.585,33211
2022-10-20 08:00:00,146.585,146.866,146.354,146.672,53386
2022-10-20 12:00:00,146.672,147.254,146.42,146.952,55486
2022-10-20 16:00:00,146.952,147.299,146.586,146.959,60994
2022-10-20 20:00:00,146.959,147.021,146.706,146.919,35343
2022-10-21 00:00:00,146.9,146.971,146.706,146.717,17172
2022-10-21 04:00:00,146.716,146.995,146.675,146.943,27467
2022-10-21 08:00:00,146.943,147.467,146.831,147.25,48733
2022-10-21 12:00:00,147.25,147.924,146.946,147.804,60079
2022-10-21 16:00:00,147.803,148.403,144.117,144.879,117215
2022-10-21 20:00:00,144.879,145.993,144.575,145.587,46842
2022-10-24 00:00:00,145.736,147.386,143.724,146.467,43005
2022-10-24 04:00:00,146.478,146.656,146.168,146.639,40895
2022-10-24 08:00:00,146.639,146.982,146.489,146.862,61693
2022-10-24 12:00:00,146.862,146.918,145.917,146.731,63650
2022-10-24 16:00:00,146.732,147.182,146.607,147.032,75372
2022-10-24 20:00:00,147.033,147.238,146.958,147.094,27006
2022-10-25 00:00:00,147.073,147.411,146.84,147.4,27043
2022-10-25 04:00:00,147.399,147.414,147.032,147.092,38614
2022-10-25 08:00:00,147.093,147.115,146.693,146.746,45307
2022-10-25 12:00:00,146.746,147.029,146.634,146.911,42413
2022-10-25 16:00:00,146.91,147.462,146.899,147.349,70025
2022-10-25 20:00:00,147.349,147.489,147.317,147.432,33259
2022-10-26 00:00:00,147.421,147.723,147.338,147.354,28375
2022-10-26 04:00:00,147.354,147.669,147.354,147.588,30030
2022-10-26 08:00:00,147.589,147.7,147.189,147.558,60280
2022-10-26 12:00:00,147.556,147.622,147.108,147.348,59797
2022-10-26 16:00:00,147.348,147.629,146.962,147.544,65956
2022-10-26 20:00:00,147.544,147.617,147.377,147.585,35840
2022-10-27 00:00:00,147.51,147.701,147.157,147.211,29241
2022-10-27 04:00:00,147.211,147.34,146.838,146.851,30723
2022-10-27 08:00:00,146.849,146.898,146.277,146.829,49503
2022-10-27 12:00:00,146.829,147.422,146.559,146.624,58561
2022-10-27 16:00:00,146.626,146.741,145.556,145.803,72034
2022-10-27 20:00:00,145.802,145.917,145.591,145.752,30778
2022-10-28 00:00:00,145.76,146.159,145.642,146.118,20397
2022-10-28 04:00:00,146.118,146.6,145.821,146.055,41846
2022-10-28 08:00:00,146.056,146.788,145.861,146.567,53932
2022-10-28 12:00:00,146.567,147.339,146.558,147.261,50255
2022-10-28 16:00:00,147.262,147.365,146.572,146.805,57387
2022-10-28 20:00:00,146.806,146.996,146.713,146.915,24959
2022-10-31 00:00:00,147.09,147.674,146.804,147.329,31316
2022-10-31 04:00:00,147.328,147.456,147.087,147.145,21290
2022-10-31 08:00:00,147.145,147.675,146.894,147.611,40148
2022-10-31 12:00:00,147.611,147.756,147.094,147.12,48252
2022-10-31 16:00:00,147.119,147.299,146.71,146.947,48982
2022-10-31 20:00:00,146.947,147.037,146.827,147.018,20779
2022-11-01 00:00:00,147.015,147.121,146.683,146.824,25558
2022-11-01 04:00:00,146.825,147.093,146.744,147.006,29044
2022-11-01 08:00:00,147.006,147.114,146.344,146.497,44049
2022-11-01 12:00:00,146.497,146.555,146.046,146.51,51745
2022-11-01 16:00:00,146.509,146.731,145.968,146.487,58166
2022-11-01 20:00:00,146.487,146.583,146.328,146.394,23691
2022-11-02 00:00:00,146.395,146.487,145.54,145.693,28918
2022-11-02 04:00:00,145.692,146.035,145.609,145.883,26617
2022-11-02 08:00:00,145.883,145.887,145.417,145.77,41435
2022-11-02 12:00:00,145.77,145.826,145.367,145.511,47517
2022-11-02 16:00:00,145.51,145.542,145.032,145.294,39068
2022-11-02 20:00:00,145.294,145.633,145.033,145.062,60183
2022-11-03 00:00:00,145.074,145.367,144.676,144.883,25714
2022-11-03 04:00:00,144.884,144.909,144.712,144.835,21551
2022-11-03 08:00:00,144.834,144.929,144.535,144.572,50003
2022-11-03 12:00:00,144.572,144.678,144.185,144.189,58893
2022-11-03 16:00:00,144.189,144.769,144.034,144.532,51069
2022-11-03 20:00:00,144.531,144.687,144.4,144.499,21461
2022-11-04 00:00:00,144.494,144.725,144.321,144.604,22702
2022-11-04 04:00:00,144.604,144.791,144.558,144.647,25292
2022-11-04 08:00:00,144.647,144.779,144.236,144.476,46294
2022-11-04 12:00:00,144.476,145.417,144.399,145.197,70627
2022-11-04 16:00:00,145.197,145.967,145.095,145.858,67483
2022-11-04 20:00:00,145.857,146.139,145.824,146.045,24942
2022-11-07 00:00:00,145.737,146.138,145.531,146.081,26165
2022-11-07 04:00:00,146.081,146.402,146.081,146.341,24094
2022-11-07 08:00:00,146.341,146.795,146.284,146.495,50290
2022-11-07 12:00:00,146.496,146.525,146.035,146.235,47501
2022-11-07 16:00:00,146.236,146.91,146.065,146.84,48550
2022-11-07 20:00:00,146.839,147.0,146.797,146.912,22372
2022-11-08 00:00:00,146.866,146.997,146.755,146.899,23982
2022-11-08 04:00:00,146.898,146.938,146.683,146.692,18463
2022-11-08 08:00:00,146.692,146.83,146.124,146.266,42711
2022-11-08 12:00:00,146.266,146.426,146.193,146.359,36852
2022-11-08 16:00:00,146.359,146.873,145.987,146.817,48623
2022-11-08 20:00:00,146.818,146.82,146.482,146.728,32441
2022-11-09 00:00:00,146.722,146.781,146.365,146.51,28250
2022-11-09 04:00:00,146.511,146.817,146.443,146.778,23594
2022-11-09 08:00:00,146.779,146.804,146.346,146.458,42007
2022-11-09 12:00:00,146.455,146.883,146.316,146.84,44057
2022-11-09 16:00:00,146.84,147.113,146.525,146.586,52202
2022-11-09 20:00:00,146.587,146.788,146.493,146.563,27809
2022-11-10 00:00:00,146.592,146.678,146.454,146.588,18964
2022-11-10 04:00:00,146.588,146.689,146.396,146.641,21294
2022-11-10 08:00:00,146.641,146.745,145.808,145.853,40018
2022-11-10 12:00:00,145.854,146.09,145.315,145.473,48167
2022-11-10 16:00:00,145.473,145.746,143.985,144.134,75274
2022-11-10 20:00:00,144.133,144.466,143.203,143.874,42373
2022-11-11 00:00:00,143.86,144.909,143.781,144.723,36480
2022-11-11 04:00:00,144.722,145.033,144.314,144.765,33642
2022-11-11 08:00:00,144.764,144.867,143.738,143.802,59651
2022-11-11 12:00:00,143.805,143.921,142.561,143.61,69587
2022-11-11 16:00:00,143.61,143.838,143.257,143.522,64648
2022-11-11 20:00:00,143.522,143.722,143.376,143.672,34667
2022-11-14 00:00:00,143.812,144.387,143.519,143.655,37153
2022-11-14 04:00:00,143.653,143.877,143.471,143.78,36364
2022-11-14 08:00:00,143.78,144.837,143.576,144.779,59652
2022-11-14 12:00:00,144.778,145.046,144.304,144.949,58502
2022-11-14 16:00:00,144.946,145.247,144.81,144.963,57705
2022-11-14 20:00:00,144.963,145.002,144.243,144.433,28923
2022-11-15 00:00:00,144.433,145.018,144.433,144.761,27918
2022-11-15 04:00:00,144.761,145.096,144.703,145.039,27018
2022-11-15 08:00:00,145.039,145.364,144.589,144.958,57221
2022-11-15 12:00:00,144.968,145.326,144.201,144.688,62882
2022-11-15 16:00:00,144.691,144.948,144.294,144.643,75126
2022-11-15 20:00:00,144.642,144.769,143.353,144.118,57557
2022-11-16 00:00:00,144.122,144.665,143.569,144.528,40469
2022-11-16 04:00:00,144.528,145.265,144.505,144.94,42227
2022-11-16 08:00:00,144.938,145.457,144.874,145.249,55725
2022-11-16 12:00:00,145.249,145.498,145.071,145.245,51013
2022-11-16 16:00:00,145.24,145.267,144.674,144.764,54287
2022-11-16 20:00:00,144.765,145.053,144.59,145.012,30017
2022-11-17 00:00:00,145.005,145.055,144.673,144.795,22874
2022-11-17 04:00:00,144.795,144.851,144.639,144.739,27875
2022-11-17 08:00:00,144.739,144.95,144.446,144.701,43637
2022-11-17 12:00:00,144.701,145.119,144.54,144.902,55975
2022-11-17 16:00:00,144.902,145.368,144.89,145.207,49777
2022-11-17 20:00:00,145.207,145.475,145.14,145.26,22058
2022-11-18 00:00:00,145.256,145.546,145.2,145.228,26454
2022-11-18 04:00:00,145.227,145.258,144.954,144.984,24965
2022-11-18 08:00:00,144.984,145.475,144.92,145.291,40113
2022-11-18 12:00:00,145.291,145.304,144.886,145.034,36538
2022-11-18 16:00:00,145.034,145.083,144.557,144.916,41987
2022-11-18 20:00:00,144.915,145.036,144.811,144.92,22055
2022-11-21 00:00:00,144.85,145.023,144.636,144.69,21939
2022-11-21 04:00:00,144.69,144.725,144.333,144.532,21166
2022-11-21 08:00:00,144.534,145.207,144.407,145.078,39691
2022-11-21 12:00:00,145.079,145.468,145.002,145.22,36891
2022-11-21 16:00:00,145.219,145.547,144.877,145.435,39977
2022-11-21 20:00:00,145.434,145.645,145.392,145.512,21880
2022-11-22 00:00:00,145.48,145.712,145.444,145.523,24784
2022-11-22 04:00:00,145.523,145.561,145.333,145.436,21264
2022-11-22 08:00:00,145.436,145.618,144.981,145.076,37193
2022-11-22 12:00:00,145.077,145.391,144.893,145.147,37258
2022-11-22 16:00:00,145.147,145.438,144.926,145.413,36553
2022-11-22 20:00:00,145.413,145.524,145.345,145.499,16209
2022-11-23 00:00:00,145.491,145.733,145.398,145.733,17999
2022-11-23 04:00:00,145.732,146.02,145.718,145.973,15886
2022-11-23 08:00:00,145.973,146.134,145.647,145.939,35756
2022-11-23 12:00:00,145.94,146.094,145.679,145.736,37204
2022-11-23 16:00:00,145.738,145.823,144.638,144.934,58158
2022-11-23 20:00:00,144.933,145.157,144.787,145.125,35109
2022-11-24 00:00:00,145.13,145.202,144.64,144.668,23855
2022-11-24 04:00:00,144.667,144.978,144.61,144.954,24171
2022-11-24 08:00:00,144.954,145.014,144.377,144.383,38778
2022-11-24 12:00:00,144.384,144.427,143.654,144.163,46139
2022-11-24 16:00:00,144.162,144.172,143.895,144.068,30188
2022-11-24 20:00:00,144.067,144.346,143.991,144.316,9013
2022-11-25 00:00:00,144.282,144.682,144.112,144.452,23658
2022-11-25 04:00:00,144.453,144.515,144.231,144.368,26763
2022-11-25 08:00:00,144.371,145.073,144.255,144.877,40821
2022-11-25 12:00:00,144.876,145.152,144.406,144.545,41309
2022-11-25 16:00:00,144.545,144.928,144.413,144.794,39074
2022-11-25 20:00:00,144.792,144.927,144.544,144.635,22244
2022-11-28 00:00:00,144.527,144.7,143.426,143.521,20403
2022-11-28 04:00:00,143.521,143.652,143.216,143.225,24097
2022-11-28 08:00:00,143.225,144.018,143.046,143.941,44810
2022-11-28 12:00:00,143.941,145.005,143.812,144.928,39196
2022-11-28 16:00:00,144.929,144.982,143.928,143.931,43585
2022-11-28 20:00:00,143.931,144.025,143.486,143.625,21142
2022-11-29 00:00:00,143.644,144.016,143.387,143.751,28022
2022-11-29 04:00:00,143.749,144.024,143.526,143.887,28042
2022-11-29 08:00:00,143.886,143.973,143.028,143.161,42710
2022-11-29 12:00:00,143.159,143.492,143.079,143.173,32927
2022-11-29 16:00:00,143.173,143.516,143.018,143.177,39971
2022-11-29 20:00:00,143.177,143.354,143.067,143.24,21313
2022-11-30 00:00:00,143.24,143.597,143.15,143.341,17545
2022-11-30 04:00:00,143.338,143.669,143.294,143.304,20996
2022-11-30 08:00:00,143.304,143.92,143.191,143.695,31188
2022-11-30 12:00:00,143.695,144.425,143.523,144.393,35016
2022-11-30 16:00:00,144.39,144.846,143.573,143.767,46583
2022-11-30 20:00:00,143.767,143.921,143.374,143.634,44750
2022-12-01 00:00:00,143.639,143.761,142.509,142.606,28197
2022-12-01 04:00:00,142.606,142.773,142.3,142.483,27133
2022-12-01 08:00:00,142.483,142.659,141.905,142.357,42006
2022-12-01 12:00:00,142.352,142.941,142.118,142.861,35646
2022-12-01 16:00:00,142.862,143.134,142.083,142.306,52757
2022-12-01 20:00:00,142.304,142.482,142.192,142.386,27426
2022-12-02 00:00:00,142.367,142.478,141.981,142.057,21985
2022-12-02 04:00:00,142.057,142.303,141.928,142.218,22580
2022-12-02 08:00:00,142.22,142.341,140.763,141.089,39275
2022-12-02 12:00:00,141.09,141.994,140.997,141.662,37712
2022-12-02 16:00:00,141.665,142.186,141.538,141.734,47659
2022-12-02 20:00:00,141.73,141.893,141.424,141.511,23630
2022-12-05 00:00:00,141.651,142.08,141.508,141.893,20673
2022-12-05 04:00:00,141.893,142.435,141.829,142.395,21452
2022-12-05 08:00:00,142.395,142.928,142.215,142.798,33666
2022-12-05 12:00:00,142.799,143.415,142.47,143.329,31571
2022-12-05 16:00:00,143.325,143.619,143.117,143.401,43066
2022-12-05 20:00:00,143.402,143.536,143.283,143.509,22945
2022-12-06 00:00:00,143.49,143.578,143.239,143.469,19344
2022-12-06 04:00:00,143.47,143.95,143.447,143.739,28931
2022-12-06 08:00:00,143.737,144.0,143.269,143.531,35645
2022-12-06 12:00:00,143.527,143.62,143.093,143.411,35259
2022-12-06 16:00:00,143.411,143.618,143.283,143.432,42035
2022-12-06 20:00:00,143.431,143.467,143.234,143.394,19499
2022-12-07 00:00:00,143.416,143.633,143.17,143.417,18086
2022-12-07 04:00:00,143.417,143.841,143.319,143.801,23628
2022-12-07 08:00:00,143.8,144.235,143.647,144.166,39263
2022-12-07 12:00:00,144.161,144.58,143.963,144.03,40370
2022-12-07 16:00:00,144.03,144.092,143.302,143.404,48274
2022-12-07 20:00:00,143.405,143.509,143.262,143.474,22272
2022-12-08 00:00:00,143.474,143.831,143.25,143.741,17790
2022-12-08 04:00:00,143.741,144.047,143.648,143.996,20144
2022-12-08 08:00:00,143.996,144.048,143.687,143.762,32864
2022-12-08 12:00:00,143.762,143.97,143.483,143.727,35269
2022-12-08 16:00:00,143.729,144.145,143.719,143.995,39692
2022-12-08 20:00:00,143.995,144.362,143.967,144.234,21129
2022-12-09 00:00:00,144.25,144.468,143.924,143.987,20565
2022-12-09 04:00:00,143.987,144.137,143.653,144.018,23087
2022-12-09 08:00:00,144.015,144.236,143.761,143.795,35502
2022-12-09 12:00:00,143.796,143.911,143.172,143.389,37568
2022-12-09 16:00:00,143.388,144.107,143.388,143.916,45635
2022-12-09 20:00:00,143.916,143.964,143.778,143.823,17513
2022-12-12 00:00:00,143.834,144.05,143.713,143.874,19443
2022-12-12 04:00:00,143.874,144.111,143.844,144.08,17698
2022-12-12 08:00:00,144.079,144.484,143.837,144.298,33180
2022-12-12 12:00:00,144.298,145.023,144.248,144.847,29014
2022-12-12 16:00:00,144.848,145.093,144.514,144.915,40087
2022-12-12 20:00:00,144.915,145.102,144.776,145.045,21860
2022-12-13 00:00:00,145.051,145.323,144.883,145.183,16833
2022-12-13 04:00:00,145.184,145.306,145.002,145.143,19414
2022-12-13 08:00:00,145.143,145.346,144.88,145.146,34687
2022-12-13 12:00:00,145.141,145.152,143.647,143.893,40172
2022-12-13 16:00:00,143.893,143.945,143.519,143.641,63264
2022-12-13 20:00:00,143.641,144.185,143.637,144.136,31230
2022-12-14 00:00:00,144.158,144.265,143.902,144.197,22815
2022-12-14 04:00:00,144.196,144.203,143.87,143.91,19536
2022-12-14 08:00:00,143.909,144.174,143.865,144.162,38838
2022-12-14 12:00:00,144.162,144.181,143.466,143.69,39423
2022-12-14 16:00:00,143.69,144.007,143.543,143.891,40977
2022-12-14 20:00:00,143.891,144.747,143.791,144.696,52180
2022-12-15 00:00:00,144.666,144.687,144.301,144.411,17710
2022-12-15 04:00:00,144.41,144.669,144.356,144.522,18760
2022-12-15 08:00:00,144.522,145.175,144.481,145.061,37388
2022-12-15 12:00:00,145.061,145.673,144.887,145.31,42925
2022-12-15 16:00:00,145.311,146.731,145.278,146.377,63901
2022-12-15 20:00:00,146.375,146.538,146.234,146.391,27756
2022-12-16 00:00:00,146.397,146.602,146.125,146.161,14733
2022-12-16 04:00:00,146.16,146.321,145.969,146.215,19184
2022-12-16 08:00:00,146.215,146.399,145.56,145.564,34693
2022-12-16 12:00:00,145.562,145.87,145.459,145.734,35464
2022-12-16 16:00:00,145.733,145.932,144.673,144.685,47684
2022-12-16 20:00:00,144.686,144.857,144.618,144.71,22968
2022-12-19 00:00:00,144.023,144.581,143.998,144.111,19893
2022-12-19 04:00:00,144.111,144.608,144.086,144.464,21196
2022-12-19 08:00:00,144.464,144.883,144.264,144.531,37634
2022-12-19 12:00:00,144.533,144.993,144.452,144.956,35608
2022-12-19 16:00:00,144.957,145.495,144.736,145.313,38441
2022-12-19 20:00:00,145.313,145.366,145.174,145.205,21542
2022-12-20 00:00:00,145.21,145.724,145.009,145.59,17279
2022-12-20 04:00:00,145.591,145.829,140.724,140.73,49333
2022-12-20 08:00:00,140.73,141.617,140.156,140.469,59209
2022-12-20 12:00:00,140.469,141.339,140.321,140.335,44937
2022-12-20 16:00:00,140.334,140.704,138.797,139.225,57845
2022-12-20 20:00:00,139.225,140.031,139.199,139.877,27731
2022-12-21 00:00:00,139.877,140.48,139.663,140.365,24003
2022-12-21 04:00:00,140.364,140.511,140.052,140.351,23286
2022-12-21 08:00:00,140.347,140.368,139.739,139.76,37311
2022-12-21 12:00:00,139.759,140.648,139.696,140.603,34650
2022-12-21 16:00:00,140.601,140.771,140.004,140.292,40035
2022-12-21 20:00:00,140.293,140.502,140.153,140.396,19742
2022-12-22 00:00:00,140.404,140.499,140.009,140.2,15094
2022-12-22 04:00:00,140.201,140.384,139.962,140.371,19652
2022-12-22 08:00:00,140.372,140.594,140.268,140.52,27119
2022-12-22 12:00:00,140.52,140.662,140.185,140.464,31325
2022-12-22 16:00:00,140.464,140.543,140.048,140.14,36114
2022-12-22 20:00:00,140.141,140.395,140.035,140.219,21875
2022-12-23 00:00:00,140.237,140.717,140.076,140.617,13319
2022-12-23 04:00:00,140.617,140.82,140.606,140.699,16333
2022-12-23 08:00:00,140.7,140.865,140.542,140.662,25408
2022-12-23 12:00:00,140.662,141.024,140.66,140.871,26413
2022-12-23 16:00:00,140.871,141.215,140.869,141.107,36132
2022-12-23 20:00:00,141.108,141.126,140.913,140.937,16152
2022-12-26 00:00:00,140.886,141.217,140.31,140.633,11681
2022-12-26 04:00:00,140.634,140.947,140.501,140.914,12797
2022-12-26 08:00:00,140.912,141.358,140.822,141.295,9026
2022-12-26 12:00:00,141.295,141.48,141.147,141.244,6984
2022-12-26 16:00:00,141.242,141.314,141.137,141.232,5873
2022-12-26 20:00:00,141.232,141.375,141.164,141.2,3171
2022-12-27 00:00:00,141.067,141.711,141.067,141.524,17312
2022-12-27 04:00:00,141.525,141.622,141.301,141.511,16301
2022-12-27 08:00:00,141.509,142.029,141.395,141.973,28080
2022-12-27 12:00:00,141.973,142.274,141.638,141.837,26923
2022-12-27 16:00:00,141.837,142.204,141.563,141.997,32514
2022-12-27 20:00:00,141.997,142.143,141.903,141.95,18285
2022-12-28 00:00:00,141.95,142.325,141.837,142.284,18628
2022-12-28 04:00:00,142.284,142.941,142.283,142.735,21613
2022-12-28 08:00:00,142.734,142.753,142.457,142.574,30120
2022-12-28 12:00:00,142.573,142.583,142.143,142.406,29448
2022-12-28 16:00:00,142.405,142.866,142.337,142.614,36740
2022-12-28 20:00:00,142.615,142.759,142.539,142.61,19646
2022-12-29 00:00:00,142.61,142.663,142.104,142.134,18642
2022-12-29 04:00:00,142.137,142.234,141.891,142.028,17312
2022-12-29 08:00:00,142.027,142.412,141.844,142.391,29045
2022-12-29 12:00:00,142.392,142.415,141.893,141.902,26614
2022-12-29 16:00:00,141.902,142.202,141.576,142.122,37333
2022-12-29 20:00:00,142.119,142.129,141.767,141.775,23298
2022-12-30 00:00:00,141.831,141.872,141.191,141.223,18404
2022-12-30 04:00:00,141.224,141.516,141.175,141.186,16585
2022-12-30 08:00:00,141.18,141.21,140.362,140.777,35556
2022-12-30 12:00:00,140.78,141.024,140.545,140.745,34366
2022-12-30 16:00:00,140.744,141.235,140.332,140.34,45635
2022-12-30 20:00:00,140.341,140.558,139.984,140.269,25896
2023-01-02 00:00:00,139.927,140.219,139.531,139.917,871
2023-01-02 04:00:00,139.924,140.089,139.765,139.909,1496
2023-01-02 08:00:00,139.909,140.094,139.572,139.772,6589
2023-01-02 12:00:00,139.747,139.844,139.492,139.497,6675
2023-01-02 16:00:00,139.498,139.617,139.25,139.413,17835
2023-01-02 20:00:00,139.415,139.594,139.205,139.432,2447
2023-01-03 00:00:00,139.432,140.007,138.359,138.737,24352
2023-01-03 04:00:00,138.738,138.907,138.213,138.434,25608
2023-01-03 08:00:00,138.433,138.556,137.386,137.559,50583
2023-01-03 12:00:00,137.559,138.128,137.5,137.977,40377
2023-01-03 16:00:00,137.978,138.35,137.625,137.938,40714
2023-01-03 20:00:00,137.938,138.271,137.805,138.176,17988
2023-01-04 00:00:00,138.174,138.57,138.016,138.054,20420
2023-01-04 04:00:00,138.055,138.404,138.042,138.302,18152
2023-01-04 08:00:00,138.302,138.618,137.878,138.39,42025
2023-01-04 12:00:00,138.389,138.857,138.372,138.69,32731
2023-01-04 16:00:00,138.689,140.755,138.676,140.6,46865
2023-01-04 20:00:00,140.591,140.758,140.371,140.568,29431
2023-01-05 00:00:00,140.568,140.603,139.967,140.17,24660
2023-01-05 04:00:00,140.167,140.619,140.053,140.576,24549
2023-01-05 08:00:00,140.575,141.094,140.303,140.812,37776
2023-01-05 12:00:00,140.812,141.361,140.512,141.084,36582
2023-01-05 16:00:00,141.083,141.229,140.136,140.321,50318
2023-01-05 20:00:00,140.32,140.416,140.181,140.308,28417
2023-01-06 00:00:00,140.352,140.838,140.105,140.838,19014
2023-01-06 04:00:00,140.842,141.27,140.642,141.073,24853
2023-01-06 08:00:00,141.072,141.449,140.603,141.238,36278
2023-01-06 12:00:00,141.238,141.394,140.429,140.618,42154
2023-01-06 16:00:00,140.618,140.934,140.302,140.543,60672
2023-01-06 20:00:00,140.544,140.679,140.457,140.556,23051
2023-01-09 00:00:00,140.273,140.804,140.265,140.529,22737
2023-01-09 04:00:00,140.529,140.891,140.166,140.778,23434
2023-01-09 08:00:00,140.778,141.448,140.639,141.346,41156
2023-01-09 12:00:00,141.346,141.614,141.189,141.337,37876
2023-01-09 16:00:00,141.337,141.915,141.252,141.646,42208
2023-01-09 20:00:00,141.646,141.668,141.393,141.449,24794
2023-01-10 00:00:00,141.38,141.77,141.081,141.206,24839
2023-01-10 04:00:00,141.206,141.674,141.176,141.56,22727
2023-01-10 08:00:00,141.56,141.927,141.451,141.66,35892
2023-01-10 12:00:00,141.66,141.957,141.608,141.835,30201
2023-01-10 16:00:00,141.835,142.028,141.641,141.904,43926
2023-01-10 20:00:00,141.904,142.05,141.854,141.905,17737
2023-01-11 00:00:00,141.935,142.188,141.676,142.073,19037
2023-01-11 04:00:00,142.074,142.272,142.034,142.151,16059
2023-01-11 08:00:00,142.151,142.505,142.079,142.309,29294
2023-01-11 12:00:00,142.309,142.69,142.194,142.644,30307
2023-01-11 16:00:00,142.644,142.854,142.358,142.378,35172
2023-01-11 20:00:00,142.38,142.554,142.24,142.448,24010
2023-01-12 00:00:00,142.454,142.483,141.598,141.761,27158
2023-01-12 04:00:00,141.761,141.91,141.533,141.678,19035
2023-01-12 08:00:00,141.678,141.884,140.895,140.98,35543
2023-01-12 12:00:00,140.981,141.111,140.079,140.402,42293
2023-01-12 16:00:00,140.398,140.88,140.027,140.161,61870
2023-01-12 20:00:00,140.161,140.367,140.014,140.269,31367
2023-01-13 00:00:00,140.307,140.399,139.796,139.967,27905
2023-01-13 04:00:00,139.966,140.123,139.88,139.979,24631
2023-01-13 08:00:00,139.978,139.994,139.03,139.353,44933
2023-01-13 12:00:00,139.352,139.41,138.386,138.417,36175
2023-01-13 16:00:00,138.417,138.594,138.012,138.283,44776
2023-01-13 20:00:00,138.283,138.58,138.218,138.42,18073
2023-01-16 00:00:00,138.285,138.926,138.188,138.76,23393
2023-01-16 04:00:00,138.762,138.829,138.234,138.588,24720
2023-01-16 08:00:00,138.588,139.275,138.513,138.911,40164
2023-01-16 12:00:00,138.911,139.131,138.786,138.902,26455
2023-01-16 16:00:00,138.902,139.291,138.848,139.186,17259
2023-01-16 20:00:00,139.186,139.193,138.982,138.982,8278
2023-01-17 00:00:00,139.127,139.503,138.825,139.337,21186
2023-01-17 04:00:00,139.334,139.582,139.246,139.337,22245
2023-01-17 08:00:00,139.339,139.532,139.05,139.318,36094
2023-01-17 12:00:00,139.315,139.597,139.153,139.558,38395
2023-01-17 16:00:00,139.558,139.617,138.199,138.274,45950
2023-01-17 20:00:00,138.274,138.659,138.176,138.177,21292
2023-01-18 00:00:00,138.171,139.183,138.157,138.796,23170
2023-01-18 04:00:00,138.796,141.689,138.557,141.015,46412
2023-01-18 08:00:00,141.017,141.502,140.268,140.657,56191
2023-01-18 12:00:00,140.656,140.704,139.028,139.123,50656
2023-01-18 16:00:00,139.123,139.317,138.862,139.072,47554
2023-01-18 20:00:00,139.072,139.174,138.827,139.058,26664
2023-01-19 00:00:00,139.155,139.155,138.474,138.703,24966
2023-01-19 04:00:00,138.703,138.75,137.917,138.107,20794
2023-01-19 08:00:00,138.111,138.91,137.979,138.909,34730
2023-01-19 12:00:00,138.909,139.425,138.731,138.78,38177
2023-01-19 16:00:00,138.782,139.126,138.518,139.062,37647
2023-01-19 20:00:00,139.061,139.162,139.026,139.057,22639
2023-01-20 00:00:00,139.083,139.649,138.972,139.613,17411
2023-01-20 04:00:00,139.613,140.02,139.46,139.962,18112
2023-01-20 08:00:00,139.961,140.387,139.61,140.225,30930
2023-01-20 12:00:00,140.225,141.141,140.111,141.136,36299
2023-01-20 16:00:00,141.134,141.197,140.574,140.681,36374
2023-01-20 20:00:00,140.681,140.704,140.466,140.571,20863
2023-01-23 00:00:00,140.707,140.92,140.469,140.765,11866
2023-01-23 04:00:00,140.766,141.477,140.636,141.445,8599
2023-01-23 08:00:00,141.434,142.079,141.256,141.671,29326
2023-01-23 12:00:00,141.671,141.857,141.507,141.707,33211
2023-01-23 16:00:00,141.708,142.004,141.686,141.911,34567
2023-01-23 20:00:00,141.911,142.083,141.791,142.025,19263
2023-01-24 00:00:00,142.054,142.08,141.651,141.734,17643
2023-01-24 04:00:00,141.733,141.887,141.541,141.575,13759
2023-01-24 08:00:00,141.575,141.747,141.257,141.314,30766
2023-01-24 12:00:00,141.314,141.726,141.283,141.723,25340
2023-01-24 16:00:00,141.723,142.202,141.295,141.502,42154
2023-01-24 20:00:00,141.502,141.773,141.447,141.657,15860
2023-01-25 00:00:00,141.708,142.057,141.566,141.903,18977
2023-01-25 04:00:00,141.904,142.294,141.795,142.148,16680
2023-01-25 08:00:00,142.148,142.282,141.257,141.292,30039
2023-01-25 12:00:00,141.293,141.387,140.757,141.291,26823
2023-01-25 16:00:00,141.291,141.438,141.012,141.267,37927
2023-01-25 20:00:00,141.267,141.48,141.233,141.376,20327
2023-01-26 00:00:00,141.442,141.477,140.904,141.091,16233
2023-01-26 04:00:00,141.091,141.39,140.871,141.21,14621
2023-01-26 08:00:00,141.21,141.751,141.137,141.597,32007
2023-01-26 12:00:00,141.597,141.737,141.277,141.594,28593
2023-01-26 16:00:00,141.594,141.908,141.472,141.608,40259
2023-01-26 20:00:00,141.607,141.913,141.533,141.801,17727
2023-01-27 00:00:00,141.813,141.84,141.088,141.225,23628
2023-01-27 04:00:00,141.227,141.48,141.095,141.34,16528
2023-01-27 08:00:00,141.339,141.581,141.092,141.329,25206
2023-01-27 12:00:00,141.328,141.432,140.91,140.922,27735
2023-01-27 16:00:00,140.922,141.208,140.818,141.17,35797
2023-01-27 20:00:00,141.17,141.236,141.019,141.081,16184
2023-01-30 00:00:00,140.988,141.604,140.541,141.604,20577
2023-01-30 04:00:00,141.603,141.633,140.558,140.908,30139
2023-01-30 08:00:00,140.908,141.706,140.553,141.692,34343
2023-01-30 12:00:00,141.692,141.889,141.6,141.669,28372
2023-01-30 16:00:00,141.669,141.975,141.558,141.602,34936
2023-01-30 20:00:00,141.602,141.627,141.419,141.419,17714
2023-01-31 00:00:00,141.47,141.618,141.217,141.292,17920
2023-01-31 04:00:00,141.292,141.373,141.039,141.052,13792
2023-01-31 08:00:00,141.053,141.293,140.743,141.213,27918
2023-01-31 12:00:00,141.213,141.398,140.89,140.949,30221
2023-01-31 16:00:00,140.948,141.542,140.792,141.46,37063
2023-01-31 20:00:00,141.46,141.523,141.269,141.272,14466
2023-02-01 00:00:00,140.993,141.395,140.993,141.166,12847
2023-02-01 04:00:00,141.166,141.684,141.077,141.649,12066
2023-02-01 08:00:00,141.649,141.835,141.259,141.366,27666
2023-02-01 12:00:00,141.366,141.491,141.061,141.074,28287
2023-02-01 16:00:00,141.074,141.276,140.909,140.968,35881
2023-02-01 20:00:00,140.967,141.779,140.965,141.642,47656
2023-02-02 00:00:00,141.559,141.798,141.252,141.636,24756
2023-02-02 04:00:00,141.636,141.734,141.527,141.721,14686
2023-02-02 08:00:00,141.719,141.93,141.412,141.797,32255
2023-02-02 12:00:00,141.798,141.854,140.554,140.562,43226
2023-02-02 16:00:00,140.562,140.613,140.085,140.161,48236
2023-02-02 20:00:00,140.161,140.516,140.133,140.289,22444
2023-02-03 00:00:00,140.289,140.438,140.084,140.212,15512
2023-02-03 04:00:00,140.213,140.229,139.933,140.102,15063
2023-02-03 08:00:00,140.103,140.527,140.0,140.515,28037
2023-02-03 12:00:00,140.515,141.085,140.237,140.857,35578
2023-02-03 16:00:00,140.857,142.347,140.766,141.858,57338
2023-02-03 20:00:00,141.858,141.858,141.534,141.58,22865
2023-02-06 00:00:00,142.843,142.846,141.983,142.661,26992
2023-02-06 04:00:00,142.66,142.808,142.075,142.224,24198
2023-02-06 08:00:00,142.224,142.382,142.002,142.057,35676
2023-02-06 12:00:00,142.058,142.664,141.994,142.599,35272
2023-02-06 16:00:00,142.599,142.632,142.223,142.243,39091
2023-02-06 20:00:00,142.243,142.317,142.11,142.215,17586
2023-02-07 00:00:00,142.238,142.341,142.008,142.103,17328
2023-02-07 04:00:00,142.103,142.17,141.938,142.05,18381
2023-02-07 08:00:00,142.05,142.05,141.168,141.176,38548
2023-02-07 12:00:00,141.177,141.529,141.008,141.06,35194
2023-02-07 16:00:00,141.059,141.135,140.286,140.495,46662
2023-02-07 20:00:00,140.495,140.723,140.39,140.505,42801
2023-02-08 00:00:00,140.567,140.773,140.291,140.733,17881
2023-02-08 04:00:00,140.732,140.937,140.64,140.713,17995
2023-02-08 08:00:00,140.713,140.936,140.505,140.541,36720
2023-02-08 12:00:00,140.541,140.897,140.38,140.854,28772
2023-02-08 16:00:00,140.854,141.027,140.789,140.824,36374
2023-02-08 20:00:00,140.824,140.904,140.736,140.736,20409
2023-02-09 00:00:00,140.703,141.247,140.608,141.063,21367
2023-02-09 04:00:00,141.063,141.337,140.412,141.043,15996
2023-02-09 08:00:00,141.042,141.083,140.626,140.834,34506
2023-02-09 12:00:00,140.834,141.12,140.618,140.702,30939
2023-02-09 16:00:00,140.701,141.039,140.662,140.969,35965
2023-02-09 20:00:00,140.97,141.322,140.943,141.21,24131
2023-02-10 00:00:00,141.252,141.509,141.079,141.279,22692
2023-02-10 04:00:00,141.28,141.321,140.955,141.106,23841
2023-02-10 08:00:00,141.106,141.213,139.552,140.192,60400
2023-02-10 12:00:00,140.192,140.363,139.647,139.81,35021
2023-02-10 16:00:00,139.81,140.442,139.722,140.286,39080
2023-02-10 20:00:00,140.285,140.431,140.259,140.267,16798
2023-02-13 00:00:00,140.121,140.63,140.044,140.464,25509
2023-02-13 04:00:00,140.464,141.06,140.452,141.038,19849
2023-02-13 08:00:00,141.038,141.735,140.979,141.666,31624
2023-02-13 12:00:00,141.667,141.827,141.496,141.743,27382
2023-02-13 16:00:00,141.742,142.385,141.71,142.098,31227
2023-02-13 20:00:00,142.098,142.148,141.825,141.891,16031
2023-02-14 00:00:00,141.987,142.057,141.63,141.674,21246
2023-02-14 04:00:00,141.674,141.846,141.519,141.607,20771
2023-02-14 08:00:00,141.607,142.123,141.565,142.071,33123
2023-02-14 12:00:00,142.071,142.588,141.871,142.33,44056
2023-02-14 16:00:00,142.33,142.944,142.254,142.767,59425
2023-02-14 20:00:00,142.766,142.917,142.702,142.895,23798
2023-02-15 00:00:00,142.891,142.944,142.347,142.437,21080
2023-02-15 04:00:00,142.437,142.708,142.396,142.612,20058
2023-02-15 08:00:00,142.613,143.164,142.53,143.046,33120
2023-02-15 12:00:00,143.046,143.291,142.88,143.049,33746
2023-02-15 16:00:00,143.049,143.438,142.976,143.247,41031
2023-02-15 20:00:00,143.247,143.406,143.15,143.343,18544
2023-02-16 00:00:00,143.374,143.402,143.046,143.294,25409
2023-02-16 04:00:00,143.293,143.396,143.085,143.341,19391
2023-02-16 08:00:00,143.341,143.397,143.149,143.251,29885
2023-02-16 12:00:00,143.25,143.427,143.127,143.384,30112
2023-02-16 16:00:00,143.383,143.44,143.057,143.192,39972
2023-02-16 20:00:00,143.191,143.229,142.854,142.927,23747
2023-02-17 00:00:00,142.805,143.464,142.805,143.434,20052
2023-02-17 04:00:00,143.432,143.484,143.245,143.345,17249
2023-02-17 08:00:00,143.345,143.672,143.255,143.419,27866
2023-02-17 12:00:00,143.419,143.65,143.027,143.272,28809
2023-02-17 16:00:00,143.272,143.443,143.134,143.376,39054
2023-02-17 20:00:00,143.377,143.563,143.354,143.354,15633
2023-02-20 00:00:00,143.365,143.619,143.29,143.563,17838
2023-02-20 04:00:00,143.563,143.655,143.189,143.356,20208
2023-02-20 08:00:00,143.356,143.615,143.236,143.308,27987
2023-02-20 12:00:00,143.308,143.395,143.03,143.183,23591
2023-02-20 16:00:00,143.183,143.463,143.123,143.439,17831
2023-02-20 20:00:00,143.439,143.497,143.381,143.381,9181
2023-02-21 00:00:00,143.457,143.587,143.276,143.365,17337
2023-02-21 04:00:00,143.365,143.435,143.172,143.369,15341
2023-02-21 08:00:00,143.369,144.0,143.348,143.515,34201
2023-02-21 12:00:00,143.515,143.819,143.366,143.678,32722
2023-02-21 16:00:00,143.677,144.163,143.673,143.748,44787
2023-02-21 20:00:00,143.747,143.771,143.541,143.73,16377
2023-02-22 00:00:00,143.748,143.895,143.499,143.589,20916
2023-02-22 04:00:00,143.588,143.856,143.533,143.658,15307
2023-02-22 08:00:00,143.658,143.783,143.384,143.509,28627
2023-02-22 12:00:00,143.507,143.579,143.061,143.268,33531
2023-02-22 16:00:00,143.269,143.431,143.05,143.229,37188
2023-02-22 20:00:00,143.229,143.29,142.975,142.975,27904
2023-02-23 00:00:00,143.107,143.182,142.951,143.149,12148
2023-02-23 04:00:00,143.149,143.235,143.085,143.229,10057
2023-02-23 08:00:00,143.225,143.253,142.758,142.833,25028
2023-02-23 12:00:00,142.832,143.517,142.794,143.492,30065
2023-02-23 16:00:00,143.492,143.495,142.595,142.698,41318
2023-02-23 20:00:00,142.698,142.797,142.56,142.677,18915
2023-02-24 00:00:00,142.677,142.935,142.147,142.886,30536
2023-02-24 04:00:00,142.881,142.943,142.63,142.643,20591
2023-02-24 08:00:00,142.643,143.217,142.568,143.061,30235
2023-02-24 12:00:00,143.061,143.566,142.985,143.404,36732
2023-02-24 16:00:00,143.404,144.006,143.368,143.918,48472
2023-02-24 20:00:00,143.918,144.01,143.777,143.909,19013
2023-02-27 00:00:00,143.838,144.074,143.598,143.748,18505
2023-02-27 04:00:00,143.756,143.859,143.569,143.706,17543
2023-02-27 08:00:00,143.706,143.969,143.567,143.903,31486
2023-02-27 12:00:00,143.903,144.064,143.768,143.996,28990
2023-02-27 16:00:00,143.996,144.458,143.943,144.369,35096
2023-02-27 20:00:00,144.369,144.549,144.332,144.415,15663
2023-02-28 00:00:00,144.305,144.726,144.179,144.195,16294
2023-02-28 04:00:00,144.195,144.401,144.187,144.278,16659
2023-02-28 08:00:00,144.278,145.216,144.237,145.025,32659
2023-02-28 12:00:00,145.024,145.376,144.953,145.338,26438
2023-02-28 16:00:00,145.338,145.472,143.984,144.03,42883
2023-02-28 20:00:00,144.03,144.116,143.849,143.917,16952
2023-03-01 00:00:00,143.784,144.262,143.784,144.256,18686
2023-03-01 04:00:00,144.256,144.494,144.231,144.485,16406
2023-03-01 08:00:00,144.485,144.796,144.409,144.567,38748
2023-03-01 12:00:00,144.567,144.956,144.308,144.86,36270
2023-03-01 16:00:00,144.86,145.293,144.815,144.983,43184
2023-03-01 20:00:00,144.983,145.361,144.962,145.297,15132
2023-03-02 00:00:00,145.136,145.348,145.064,145.205,19469
2023-03-02 04:00:00,145.204,145.423,145.124,145.395,19881
2023-03-02 08:00:00,145.395,145.568,144.926,144.978,37277
2023-03-02 12:00:00,144.978,145.318,144.948,145.083,37798
2023-03-02 16:00:00,145.083,145.107,144.801,144.887,37045
2023-03-02 20:00:00,144.884,144.963,144.773,144.902,19811
2023-03-03 00:00:00,144.755,145.04,144.694,144.937,19143
2023-03-03 04:00:00,144.936,145.042,144.789,144.982,15125
2023-03-03 08:00:00,144.982,144.983,144.43,144.461,32065
2023-03-03 12:00:00,144.46,144.727,144.343,144.373,29444
2023-03-03 16:00:00,144.373,144.641,144.293,144.613,40649
2023-03-03 20:00:00,144.613,144.623,144.382,144.434,16931
2023-03-06 00:00:00,144.389,144.606,144.15,144.412,19288
2023-03-06 04:00:00,144.412,144.594,144.113,144.587,18640
2023-03-06 08:00:00,144.588,144.779,144.35,144.656,30241
2023-03-06 12:00:00,144.656,144.964,144.46,144.768,27938
2023-03-06 16:00:00,144.768,145.38,144.673,145.238,29099
2023-03-06 20:00:00,145.238,145.254,144.999,145.105,14552
2023-03-07 00:00:00,144.905,145.417,144.905,145.356,15108
2023-03-07 04:00:00,145.356,145.441,145.214,145.311,15620
2023-03-07 08:00:00,145.311,145.313,144.6,144.784,31309
2023-03-07 12:00:00,144.784,145.298,144.767,145.081,26280
2023-03-07 16:00:00,145.078,145.19,144.598,144.62,55837
2023-03-07 20:00:00,144.62,144.77,144.559,144.666,20701
2023-03-08 00:00:00,144.552,144.987,144.521,144.799,18766
2023-03-08 04:00:00,144.799,145.234,144.748,145.029,17641
2023-03-08 08:00:00,145.028,145.13,144.886,144.93,28680
2023-03-08 12:00:00,144.927,145.119,144.465,144.483,26947
2023-03-08 16:00:00,144.483,144.746,144.237,144.68,39743
2023-03-08 20:00:00,144.68,144.908,144.615,144.761,16507
2023-03-09 00:00:00,144.705,144.85,144.305,144.535,11775
2023-03-09 04:00:00,144.535,144.565,144.301,144.383,9847
2023-03-09 08:00:00,144.382,144.491,143.757,143.799,21797
2023-03-09 12:00:00,143.799,144.131,143.62,143.901,30057
2023-03-09 16:00:00,143.9,144.274,143.874,144.09,32679
2023-03-09 20:00:00,144.091,144.14,143.938,144.007,24826
2023-03-10 00:00:00,143.76,144.421,143.76,144.039,22184
2023-03-10 04:00:00,144.04,144.991,143.853,144.659,30619
2023-03-10 08:00:00,144.659,144.901,144.045,144.737,40376
2023-03-10 12:00:00,144.737,145.107,144.305,144.735,37775
2023-03-10 16:00:00,144.735,144.797,143.491,143.748,64860
2023-03-10 20:00:00,143.748,143.834,143.349,143.573,30162
2023-03-13 00:00:00,143.245,144.211,142.892,143.729,41566
2023-03-13 04:00:00,143.731,144.088,143.335,144.047,35709
2023-03-13 08:00:00,144.046,144.388,141.909,142.17,61914
2023-03-13 12:00:00,142.17,142.759,141.372,142.346,79732
2023-03-13 16:00:00,142.346,143.149,142.226,143.007,60290
2023-03-13 20:00:00,143.007,143.314,142.868,142.923,32313
2023-03-14 00:00:00,142.909,143.433,142.627,143.197,31732
2023-03-14 04:00:00,143.196,143.407,143.013,143.313,24512
2023-03-14 08:00:00,143.313,143.771,142.536,143.766,55793
2023-03-14 12:00:00,143.765,144.412,143.504,144.269,58433
2023-03-14 16:00:00,144.268,144.408,143.92,144.235,44462
2023-03-14 20:00:00,144.233,144.287,143.879,144.073,21175
2023-03-15 00:00:00,144.119,144.485,144.018,144.219,26172
2023-03-15 04:00:00,144.219,144.654,144.111,144.58,22530
2023-03-15 08:00:00,144.579,144.965,142.993,143.3,51680
2023-03-15 12:00:00,143.3,143.302,139.479,139.981,90256
2023-03-15 16:00:00,139.98,140.644,139.541,140.454,65042
2023-03-15 20:00:00,140.455,141.579,140.331,141.014,39464
2023-03-16 00:00:00,141.0,141.416,140.216,140.955,35656
2023-03-16 04:00:00,140.955,141.202,140.521,140.79,30242
2023-03-16 08:00:00,140.79,141.586,140.722,141.065,55089
2023-03-16 12:00:00,141.066,141.158,139.127,140.386,61309
2023-03-16 16:00:00,140.384,141.923,139.662,141.592,69018
2023-03-16 20:00:00,141.592,142.004,141.547,141.758,23470
2023-03-17 00:00:00,141.759,141.853,141.53,141.677,25135
2023-03-17 04:00:00,141.677,141.935,141.506,141.672,23131
2023-03-17 08:00:00,141.673,142.216,141.467,141.735,42692
2023-03-17 12:00:00,141.731,141.77,140.173,140.684,55818
2023-03-17 16:00:00,140.683,141.202,140.161,140.976,52002
2023-03-17 20:00:00,140.977,141.001,140.411,140.479,24377
2023-03-20 00:00:00,140.821,141.749,140.619,141.278,29918
2023-03-20 04:00:00,141.276,141.382,140.574,140.791,26680
2023-03-20 08:00:00,140.791,140.802,138.826,140.062,74609
2023-03-20 12:00:00,140.062,141.232,139.944,141.114,64939
2023-03-20 16:00:00,141.114,141.413,140.752,141.066,51076
2023-03-20 20:00:00,141.066,141.109,140.525,140.776,21237
2023-03-21 00:00:00,140.776,141.112,140.42,140.648,24725
2023-03-21 04:00:00,140.649,140.773,140.516,140.638,15572
2023-03-21 08:00:00,140.638,142.102,140.632,142.066,42358
2023-03-21 12:00:00,142.065,142.79,142.012,142.527,41742
2023-03-21 16:00:00,142.527,142.709,141.903,142.592,42477
2023-03-21 20:00:00,142.591,142.788,142.52,142.601,18200
2023-03-22 00:00:00,142.595,143.038,142.45,142.83,23346
2023-03-22 04:00:00,142.83,142.869,142.422,142.658,20622
2023-03-22 08:00:00,142.656,142.988,142.386,142.978,35110
2023-03-22 12:00:00,142.978,143.628,142.872,143.117,32966
2023-03-22 16:00:00,143.116,143.23,142.878,143.006,29349
2023-03-22 20:00:00,143.036,143.23,142.306,142.65,52128
2023-03-23 00:00:00,142.639,142.795,142.306,142.494,29335
2023-03-23 04:00:00,142.495,142.697,142.188,142.621,28161
2023-03-23 08:00:00,142.621,143.087,142.479,142.735,45365
2023-03-23 12:00:00,142.737,143.199,142.625,142.76,40460
2023-03-23 16:00:00,142.753,143.099,142.198,142.23,43565
2023-03-23 20:00:00,142.23,142.268,141.158,141.725,41190
2023-03-24 00:00:00,141.725,141.853,140.891,141.366,28788
2023-03-24 04:00:00,141.367,141.482,140.89,140.971,29489
2023-03-24 08:00:00,140.971,141.285,139.125,139.18,52652
2023-03-24 12:00:00,139.18,140.483,139.072,140.455,66803
2023-03-24 16:00:00,140.455,140.852,139.955,140.652,51561
2023-03-24 20:00:00,140.652,140.813,140.549,140.549,15755
2023-03-27 00:00:00,140.581,141.081,140.452,140.738,21143
2023-03-27 04:00:00,140.739,141.016,140.573,140.743,26812
2023-03-27 08:00:00,140.741,141.544,140.63,141.126,44598
2023-03-27 12:00:00,141.126,141.93,141.083,141.892,37196
2023-03-27 16:00:00,141.889,142.075,141.55,142.01,34324
2023-03-27 20:00:00,142.011,142.221,141.914,141.994,16842
2023-03-28 00:00:00,142.082,142.09,141.298,141.464,20681
2023-03-28 04:00:00,141.463,141.586,141.146,141.228,28814
2023-03-28 08:00:00,141.228,142.153,141.047,141.696,40508
2023-03-28 12:00:00,141.697,142.006,141.441,141.627,35094
2023-03-28 16:00:00,141.627,142.112,141.603,141.988,36357
2023-03-28 20:00:00,141.988,142.016,141.543,141.854,16531
2023-03-29 00:00:00,141.97,142.471,141.592,142.434,18240
2023-03-29 04:00:00,142.434,142.825,142.405,142.741,24643
2023-03-29 08:00:00,142.741,143.095,142.669,142.982,34948
2023-03-29 12:00:00,142.982,143.919,142.734,143.836,35588
2023-03-29 16:00:00,143.836,143.872,143.237,143.628,39491
2023-03-29 20:00:00,143.628,144.103,143.615,144.022,16848
2023-03-30 00:00:00,144.092,144.092,143.575,143.757,18423
2023-03-30 04:00:00,143.756,143.871,143.568,143.694,22166
2023-03-30 08:00:00,143.695,144.156,143.134,144.108,41926
2023-03-30 12:00:00,144.109,144.871,143.993,144.853,36181
2023-03-30 16:00:00,144.853,145.083,144.308,144.366,35723
2023-03-30 20:00:00,144.366,144.754,144.174,144.686,15517
2023-03-31 00:00:00,144.699,145.673,144.504,145.44,19459
2023-03-31 04:00:00,145.441,145.48,144.724,144.746,24959
2023-03-31 08:00:00,144.746,145.382,144.554,145.344,39319
2023-03-31 12:00:00,145.344,145.344,144.595,144.888,37098
2023-03-31 16:00:00,144.888,145.011,144.172,144.305,39885
2023-03-31 20:00:00,144.303,144.341,143.839,143.925,17555
2023-04-03 00:00:00,144.556,144.586,143.708,143.861,27177
2023-04-03 04:00:00,143.862,144.089,143.624,144.055,27100
2023-04-03 08:00:00,144.055,144.829,143.926,144.691,35894
2023-04-03 12:00:00,144.69,144.94,144.384,144.614,34082
2023-04-03 16:00:00,144.614,144.779,143.899,144.227,39827
2023-04-03 20:00:00,144.227,144.471,144.096,144.323,15654
2023-04-04 00:00:00,144.358,144.548,144.07,144.5,17877
2023-04-04 04:00:00,144.5,144.765,144.492,144.616,21445
2023-04-04 08:00:00,144.62,145.132,144.535,145.093,34369
2023-04-04 12:00:00,145.093,145.433,144.631,144.751,31741
2023-04-04 16:00:00,144.751,144.811,143.961,144.074,46452
2023-04-04 20:00:00,144.074,144.365,144.064,144.223,14077
2023-04-05 00:00:00,144.309,144.309,143.82,144.111,16927
2023-04-05 04:00:00,144.106,144.444,143.944,144.194,21741
2023-04-05 08:00:00,144.194,144.231,143.586,143.896,35312
2023-04-05 12:00:00,143.895,144.265,143.406,143.483,35086
2023-04-05 16:00:00,143.488,143.557,142.674,142.872,42297
2023-04-05 20:00:00,142.871,143.209,142.773,143.082,13990
2023-04-06 00:00:00,143.158,143.181,142.55,142.845,18851
2023-04-06 04:00:00,142.845,142.933,142.66,142.832,16441
2023-04-06 08:00:00,142.829,143.453,142.8,143.194,29473
2023-04-06 12:00:00,143.193,143.563,142.871,143.299,29657
2023-04-06 16:00:00,143.3,143.959,143.28,143.864,30762
2023-04-06 20:00:00,143.862,144.001,143.765,143.816,10615
2023-04-07 00:00:00,143.851,144.001,143.675,143.787,10573
2023-04-07 04:00:00,143.788,143.931,143.626,143.73,13358
2023-04-07 08:00:00,143.73,144.016,143.688,143.851,16891
2023-04-07 12:00:00,143.851,144.174,143.588,144.041,25501
2023-04-07 16:00:00,144.041,144.202,143.952,144.151,23020
2023-04-07 20:00:00,144.156,144.216,143.914,143.915,18031
2023-04-10 00:00:00,143.869,144.675,143.789,144.584,15813
2023-04-10 04:00:00,144.584,144.689,144.448,144.551,21322
2023-04-10 08:00:00,144.553,144.591,144.063,144.124,25048
2023-04-10 12:00:00,144.124,144.808,144.067,144.646,34881
2023-04-10 16:00:00,144.646,145.102,144.6,145.03,29669
2023-04-10 20:00:00,145.031,145.153,144.941,145.002,13241
2023-04-11 00:00:00,145.106,145.184,144.773,145.11,15451
2023-04-11 04:00:00,145.11,145.345,145.099,145.174,21690
2023-04-11 08:00:00,145.172,145.428,145.001,145.171,31736
2023-04-11 12:00:00,145.173,145.425,145.16,145.247,28897
2023-04-11 16:00:00,145.247,145.864,145.235,145.745,27907
2023-04-11 20:00:00,145.745,145.968,145.665,145.801,12308
2023-04-12 00:00:00,145.904,146.136,145.534,146.05,21828
2023-04-12 04:00:00,146.049,146.356,145.921,146.141,16342
2023-04-12 08:00:00,146.141,146.382,145.972,146.184,24422
2023-04-12 12:00:00,146.184,146.269,145.792,145.863,29452
2023-04-12 16:00:00,145.863,146.486,145.786,146.453,35028
2023-04-12 20:00:00,146.456,146.666,146.221,146.302,14992
2023-04-13 00:00:00,146.328,146.605,146.125,146.512,10672
2023-04-13 04:00:00,146.512,146.566,146.336,146.468,12869
2023-04-13 08:00:00,146.468,146.715,146.135,146.68,25197
2023-04-13 12:00:00,146.68,146.885,146.35,146.406,30216
2023-04-13 16:00:00,146.407,146.45,146.077,146.353,34168
2023-04-13 20:00:00,146.353,146.698,146.351,146.416,12566
2023-04-14 00:00:00,146.457,146.652,146.208,146.568,13943
2023-04-14 04:00:00,146.569,146.669,146.387,146.638,21524
2023-04-14 08:00:00,146.639,146.712,146.242,146.529,25578
2023-04-14 12:00:00,146.529,146.855,146.305,146.774,33457
2023-04-14 16:00:00,146.776,147.007,146.622,146.863,38020
2023-04-14 20:00:00,146.863,147.16,146.804,147.046,15049
2023-04-17 00:00:00,146.861,147.188,146.842,146.864,14280
2023-04-17 04:00:00,146.864,147.299,146.82,147.262,19974
2023-04-17 08:00:00,147.26,147.453,146.796,146.899,29250
2023-04-17 12:00:00,146.899,147.262,146.799,146.855,28010
2023-04-17 16:00:00,146.854,147.081,146.663,146.716,34305
2023-04-17 20:00:00,146.716,146.991,146.716,146.834,10100
2023-04-18 00:00:00,146.945,146.976,146.591,146.821,18410
2023-04-18 04:00:00,146.821,147.206,146.807,147.039,25900
2023-04-18 08:00:00,147.039,147.383,146.936,147.315,31144
2023-04-18 12:00:00,147.316,147.32,146.822,147.015,28014
2023-04-18 16:00:00,147.015,147.108,146.793,147.099,27596
2023-04-18 20:00:00,147.099,147.174,147.007,147.087,10514
2023-04-19 00:00:00,147.156,147.245,146.919,147.18,19966
2023-04-19 04:00:00,147.18,147.439,147.127,147.331,19562
2023-04-19 08:00:00,147.331,147.811,147.313,147.779,31903
2023-04-19 12:00:00,147.779,147.862,147.071,147.146,32174
2023-04-19 16:00:00,147.146,147.735,147.072,147.669,27244
2023-04-19 20:00:00,147.669,147.7,147.513,147.514,12411
2023-04-20 00:00:00,147.594,147.753,147.44,147.737,17945
2023-04-20 04:00:00,147.737,147.836,147.577,147.711,20671
2023-04-20 08:00:00,147.712,147.777,147.297,147.758,31078
2023-04-20 12:00:00,147.756,147.825,147.143,147.399,31240
2023-04-20 16:00:00,147.399,147.449,147.02,147.131,28679
2023-04-20 20:00:00,147.13,147.356,147.12,147.171,12324
2023-04-21 00:00:00,147.276,147.308,146.927,147.16,20938
2023-04-21 04:00:00,147.16,147.186,146.63,146.736,20657
2023-04-21 08:00:00,146.736,147.035,146.401,146.608,30606
2023-04-21 12:00:00,146.608,147.021,146.46,146.844,26743
2023-04-21 16:00:00,146.844,147.564,146.743,147.264,37694
2023-04-21 20:00:00,147.264,147.434,147.195,147.267,13501
2023-04-24 00:00:00,147.167,147.417,147.118,147.303,10527
2023-04-24 04:00:00,147.303,147.665,147.237,147.534,23083
2023-04-24 08:00:00,147.533,147.845,147.164,147.834,27753
2023-04-24 12:00:00,147.834,148.3,147.755,148.263,26353
2023-04-24 16:00:00,148.262,148.473,148.094,148.276,25730
2023-04-24 20:00:00,148.278,148.423,148.21,148.218,10302
2023-04-25 00:00:00,148.301,148.612,148.045,148.521,18951
2023-04-25 04:00:00,148.522,148.62,148.303,148.413,20572
2023-04-25 08:00:00,148.413,148.628,147.791,148.058,32342
2023-04-25 12:00:00,148.058,148.127,147.471,147.538,27099
2023-04-25 16:00:00,147.538,147.601,146.782,146.792,32629
2023-04-25 20:00:00,146.792,146.869,146.288,146.61,18528
2023-04-26 00:00:00,146.746,146.949,146.498,146.773,18043
2023-04-26 04:00:00,146.774,146.781,146.457,146.69,24378
2023-04-26 08:00:00,146.69,147.492,146.651,147.448,36292
2023-04-26 12:00:00,147.449,147.917,147.104,147.698,42249
2023-04-26 16:00:00,147.699,147.832,147.188,147.743,43294
2023-04-26 20:00:00,147.743,147.762,147.32,147.54,17058
2023-04-27 00:00:00,147.547,147.642,147.325,147.49,15365
2023-04-27 04:00:00,147.49,147.822,147.413,147.757,22254
2023-04-27 08:00:00,147.757,147.991,147.564,147.953,31413
2023-04-27 12:00:00,147.953,147.984,147.142,147.446,34781
2023-04-27 16:00:00,147.447,147.754,147.378,147.494,35229
2023-04-27 20:00:00,147.493,147.792,147.422,147.679,15280
2023-04-28 00:00:00,147.755,147.877,147.442,147.82,22276
2023-04-28 04:00:00,147.819,148.494,146.84,148.356,39036
2023-04-28 08:00:00,148.356,149.517,148.289,148.997,53535
2023-04-28 12:00:00,148.997,149.544,148.928,149.369,36272
2023-04-28 16:00:00,149.369,150.432,149.337,150.016,45045
2023-04-28 20:00:00,150.013,150.132,149.914,150.0,17518
2023-05-01 00:00:00,149.954,150.601,149.954,150.452,17972
2023-05-01 04:00:00,150.452,150.847,150.331,150.67,21947
2023-05-01 08:00:00,150.671,150.766,150.377,150.404,25242
2023-05-01 12:00:00,150.404,150.929,150.312,150.926,24772
2023-05-01 16:00:00,150.926,150.964,150.634,150.822,33451
2023-05-01 20:00:00,150.822,150.955,150.741,150.874,16079
2023-05-02 00:00:00,150.933,151.014,150.645,150.927,14143
2023-05-02 04:00:00,150.929,151.299,150.921,151.284,22715
2023-05-02 08:00:00,151.284,151.615,150.698,150.919,39287
2023-05-02 12:00:00,150.919,151.07,150.425,150.756,31293
2023-05-02 16:00:00,150.756,150.765,149.831,150.141,47369
2023-05-02 20:00:00,150.141,150.423,150.115,150.151,18235
2023-05-03 00:00:00,150.255,150.392,149.835,150.319,13699
2023-05-03 04:00:00,150.32,150.345,149.874,150.002,18602
2023-05-03 08:00:00,150.002,150.128,149.63,149.812,33870
2023-05-03 12:00:00,149.811,149.976,149.436,149.495,32063
2023-05-03 16:00:00,149.496,149.656,149.315,149.594,36788
2023-05-03 20:00:00,149.594,149.979,148.995,149.048,49808
2023-05-04 00:00:00,149.087,149.11,148.831,149.009,24231
2023-05-04 04:00:00,149.009,149.18,148.942,149.128,18914
2023-05-04 08:00:00,149.128,149.203,148.568,148.61,38603
2023-05-04 12:00:00,148.613,148.984,148.303,148.445,43086
2023-05-04 16:00:00,148.443,148.979,147.126,147.468,69371
2023-05-04 20:00:00,147.467,147.976,147.447,147.844,26450
2023-05-05 00:00:00,147.87,148.015,147.687,147.881,12341
2023-05-05 04:00:00,147.882,148.055,147.828,147.926,19153
2023-05-05 08:00:00,147.926,148.129,147.688,147.947,34926
2023-05-05 12:00:00,147.946,148.289,147.774,148.15,33820
2023-05-05 16:00:00,148.15,148.704,147.988,148.565,37910
2023-05-05 20:00:00,148.565,148.658,148.373,148.54,13479
2023-05-08 00:00:00,148.502,149.088,148.412,148.711,14920
2023-05-08 04:00:00,148.712,148.902,148.637,148.804,16965
2023-05-08 08:00:00,148.804,149.268,148.663,148.95,24146
2023-05-08 12:00:00,148.95,149.242,148.807,149.067,22822
2023-05-08 16:00:00,149.067,149.146,148.454,148.547,24445
2023-05-08 20:00:00,148.548,148.778,148.494,148.592,15646
2023-05-09 00:00:00,148.691,148.694,148.458,148.596,22285
2023-05-09 04:00:00,148.597,148.605,148.276,148.357,19001
2023-05-09 08:00:00,148.356,148.449,147.964,148.265,32364
2023-05-09 12:00:00,148.265,148.407,147.888,148.035,26588
2023-05-09 16:00:00,148.037,148.213,147.903,148.179,29082
2023-05-09 20:00:00,148.179,148.32,148.098,148.193,17010
2023-05-10 00:00:00,148.241,148.434,147.997,148.251,17356
2023-05-10 04:00:00,148.253,148.48,148.197,148.38,17994
2023-05-10 08:00:00,148.38,148.669,148.031,148.139,29566
2023-05-10 12:00:00,148.14,148.212,147.677,147.851,33930
2023-05-10 16:00:00,147.851,148.028,147.346,147.376,41538
2023-05-10 20:00:00,147.376,147.609,147.041,147.453,18182
2023-05-11 00:00:00,147.569,147.605,147.116,147.376,18216
2023-05-11 04:00:00,147.375,147.509,147.201,147.337,20461
2023-05-11 08:00:00,147.337,147.442,146.798,147.315,35455
2023-05-11 12:00:00,147.315,147.397,146.239,146.32,40610
2023-05-11 16:00:00,146.322,146.917,146.134,146.851,41940
2023-05-11 20:00:00,146.851,146.924,146.618,146.791,17709
2023-05-12 00:00:00,146.884,146.928,146.74,146.92,14765
2023-05-12 04:00:00,146.92,147.092,146.851,147.035,18610
2023-05-12 08:00:00,147.035,147.471,146.903,147.079,30215
2023-05-12 12:00:00,147.079,147.09,146.814,146.948,23297
2023-05-12 16:00:00,146.948,147.303,146.662,147.215,36357
2023-05-12 20:00:00,147.216,147.368,147.153,147.153,13976
2023-05-15 00:00:00,147.087,147.592,147.087,147.465,16283
2023-05-15 04:00:00,147.465,147.929,147.36,147.83,20026
2023-05-15 08:00:00,147.829,148.078,147.601,147.929,27628
2023-05-15 12:00:00,147.929,148.177,147.615,147.839,26686
2023-05-15 16:00:00,147.838,148.135,147.828,148.041,26687
2023-05-15 20:00:00,148.041,148.072,147.923,147.953,14533
2023-05-16 00:00:00,148.007,148.014,147.841,147.915,14875
2023-05-16 04:00:00,147.915,148.032,147.771,147.983,16735
2023-05-16 08:00:00,147.983,148.048,147.607,147.955,26293
2023-05-16 12:00:00,147.955,148.116,147.695,148.101,25223
2023-05-16 16:00:00,148.101,148.5,148.06,148.431,35992
2023-05-16 20:00:00,148.431,148.445,148.007,148.11,14678
2023-05-17 00:00:00,148.154,148.327,148.041,148.311,15923
2023-05-17 04:00:00,148.31,148.417,148.213,148.389,16351
2023-05-17 08:00:00,148.388,148.662,148.277,148.412,30519
2023-05-17 12:00:00,148.401,148.497,148.166,148.446,25948
2023-05-17 16:00:00,148.445,149.092,148.403,149.037,29935
2023-05-17 20:00:00,149.039,149.268,149.0,149.167,16419
2023-05-18 00:00:00,149.254,149.259,148.984,149.02,12480
2023-05-18 04:00:00,149.02,149.175,148.866,149.063,17501
2023-05-18 08:00:00,149.063,149.207,148.774,149.023,28258
2023-05-18 12:00:00,149.022,149.311,148.836,149.226,25902
2023-05-18 16:00:00,149.226,149.323,149.023,149.154,31204
2023-05-18 20:00:00,149.154,149.45,149.097,149.326,15452
2023-05-19 00:00:00,149.389,149.434,149.025,149.12,19041
2023-05-19 04:00:00,149.119,149.203,148.982,149.029,16866
2023-05-19 08:00:00,149.029,149.108,148.752,149.068,27475
2023-05-19 12:00:00,149.067,149.801,149.009,149.721,26952
2023-05-19 16:00:00,149.72,149.783,148.716,149.103,40736
2023-05-19 20:00:00,149.103,149.264,148.978,148.978,16067
2023-05-22 00:00:00,149.017,149.137,148.889,149.015,12072
2023-05-22 04:00:00,149.015,149.083,148.838,149.067,18967
2023-05-22 08:00:00,149.068,149.277,148.872,149.003,26472
2023-05-22 12:00:00,149.003,149.895,148.97,149.761,26032
2023-05-22 16:00:00,149.761,149.922,149.316,149.772,34349
2023-05-22 20:00:00,149.772,149.916,149.551,149.796,16945
2023-05-23 00:00:00,149.847,150.014,149.561,149.783,17118
2023-05-23 04:00:00,149.785,150.056,149.555,149.628,20333
2023-05-23 08:00:00,149.628,149.855,149.308,149.444,30955
2023-05-23 12:00:00,149.444,149.561,149.103,149.468,26107
2023-05-23 16:00:00,149.468,149.502,149.143,149.271,36502
2023-05-23 20:00:00,149.272,149.395,149.17,149.179,17879
2023-05-24 00:00:00,149.255,149.31,149.132,149.221,19131
2023-05-24 04:00:00,149.221,149.258,149.085,149.218,18750
2023-05-24 08:00:00,149.218,149.578,149.068,149.351,34170
2023-05-24 12:00:00,149.351,149.742,148.842,149.645,31227
2023-05-24 16:00:00,149.645,149.901,149.486,149.84,38260
2023-05-24 20:00:00,149.84,149.938,149.575,149.828,24648
2023-05-25 00:00:00,149.917,149.937,149.29,149.859,19926
2023-05-25 04:00:00,149.858,150.039,149.811,149.825,18296
2023-05-25 08:00:00,149.824,149.986,149.359,149.574,32100
2023-05-25 12:00:00,149.574,149.831,149.361,149.761,30773
2023-05-25 16:00:00,149.76,150.007,149.449,149.9,37397
2023-05-25 20:00:00,149.9,150.315,149.837,150.09,16358
2023-05-26 00:00:00,150.191,150.281,149.925,150.036,21600
2023-05-26 04:00:00,150.035,150.164,149.919,150.056,18086
2023-05-26 08:00:00,150.055,150.152,149.795,149.919,27348
2023-05-26 12:00:00,149.917,150.648,149.843,150.471,27919
2023-05-26 16:00:00,150.47,150.717,150.297,150.712,37409
2023-05-26 20:00:00,150.71,150.934,150.691,150.798,12695
2023-05-29 00:00:00,150.531,151.065,150.456,150.885,10014
2023-05-29 04:00:00,150.886,150.912,150.695,150.745,11426
2023-05-29 08:00:00,150.746,150.803,150.462,150.478,17305
2023-05-29 12:00:00,150.478,150.5,150.133,150.227,15773
2023-05-29 16:00:00,150.226,150.37,150.094,150.346,9284
2023-05-29 20:00:00,150.346,150.428,150.313,150.313,3160
2023-05-30 00:00:00,150.28,150.565,150.127,150.229,8105
2023-05-30 04:00:00,150.229,150.27,150.062,150.255,12643
2023-05-30 08:00:00,150.255,150.624,149.75,150.044,29777
2023-05-30 12:00:00,150.044,150.535,149.879,149.927,30731
2023-05-30 16:00:00,149.926,150.271,149.768,150.009,26197
2023-05-30 20:00:00,150.008,150.056,149.734,150.003,11896
2023-05-31 00:00:00,149.886,150.102,149.883,149.936,9876
2023-05-31 04:00:00,149.936,150.059,149.512,149.561,11122
2023-05-31 08:00:00,149.561,149.561,148.858,149.188,29470
2023-05-31 12:00:00,149.189,149.535,149.081,149.321,21217
2023-05-31 16:00:00,149.322,149.766,148.609,148.641,31264
2023-05-31 20:00:00,148.64,148.981,148.589,148.889,17014
2023-06-01 00:00:00,148.824,148.953,148.616,148.751,11141
2023-06-01 04:00:00,148.751,149.188,148.683,148.921,13408
2023-06-01 08:00:00,148.922,149.459,148.916,149.379,21705
2023-06-01 12:00:00,149.383,149.68,148.956,148.969,23867
2023-06-01 16:00:00,148.968,149.424,148.679,149.341,29420
2023-06-01 20:00:00,149.342,149.457,149.266,149.299,9557
2023-06-02 00:00:00,149.064,149.557,149.064,149.536,8198
2023-06-02 04:00:00,149.537,149.624,149.257,149.512,11874
2023-06-02 08:00:00,149.513,149.709,149.496,149.575,18894
2023-06-02 12:00:00,149.575,149.723,149.275,149.658,22477
2023-06-02 16:00:00,149.659,149.916,149.603,149.823,26758
2023-06-02 20:00:00,149.822,149.962,149.784,149.824,10201
2023-06-05 00:00:00,149.806,149.996,149.796,149.83,9582
2023-06-05 04:00:00,149.829,150.053,149.739,149.886,13470
2023-06-05 08:00:00,149.886,150.196,149.775,150.023,22691
2023-06-05 12:00:00,150.023,150.099,149.59,149.68,16240
2023-06-05 16:00:00,149.68,149.808,149.23,149.652,26803
2023-06-05 20:00:00,149.652,149.738,149.442,149.469,11585
2023-06-06 00:00:00,149.447,149.577,149.206,149.562,9340
2023-06-06 04:00:00,149.555,149.695,149.457,149.541,14420
2023-06-06 08:00:00,149.537,149.659,148.875,148.944,27172
2023-06-06 12:00:00,148.945,149.274,148.821,149.15,21863
2023-06-06 16:00:00,149.15,149.479,149.122,149.275,21881
2023-06-06 20:00:00,149.275,149.393,149.196,149.247,11123
2023-06-07 00:00:00,149.159,149.341,149.126,149.14,7679
2023-06-07 04:00:00,149.137,149.151,148.759,148.869,13547
2023-06-07 08:00:00,148.869,149.082,148.631,149.025,19691
2023-06-07 12:00:00,149.025,149.572,148.923,149.548,18528
2023-06-07 16:00:00,149.545,149.917,149.271,149.907,27927
2023-06-07 20:00:00,149.905,150.017,149.81,149.842,12089
2023-06-08 00:00:00,149.739,150.025,149.641,149.847,10187
2023-06-08 04:00:00,149.846,149.997,149.603,149.672,12828
2023-06-08 08:00:00,149.672,149.89,149.587,149.884,21932
2023-06-08 12:00:00,149.883,150.043,149.716,149.83,21576
2023-06-08 16:00:00,149.829,149.948,149.6,149.814,27075
2023-06-08 20:00:00,149.816,149.854,149.723,149.725,9400
2023-06-09 00:00:00,149.539,149.959,149.539,149.903,8316
2023-06-09 04:00:00,149.903,150.145,149.892,150.071,11719
2023-06-09 08:00:00,150.071,150.438,150.069,150.317,21339
2023-06-09 12:00:00,150.318,150.333,149.79,149.978,22612
2023-06-09 16:00:00,149.978,150.362,149.711,149.788,25886
2023-06-09 20:00:00,149.787,149.892,149.717,149.749,10169
2023-06-12 00:00:00,149.677,149.933,149.647,149.797,7189
2023-06-12 04:00:00,149.797,149.905,149.699,149.797,13381
2023-06-12 08:00:00,149.796,150.348,149.763,150.022,20196
2023-06-12 12:00:00,150.022,150.199,149.763,149.867,23170
2023-06-12 16:00:00,149.867,150.258,149.861,150.178,23441
2023-06-12 20:00:00,150.175,150.245,150.04,150.107,11189
2023-06-13 00:00:00,150.084,150.286,150.033,150.263,7777
2023-06-13 04:00:00,150.263,150.425,150.165,150.4,11608
2023-06-13 08:00:00,150.399,150.793,150.363,150.768,23998
2023-06-13 12:00:00,150.768,150.851,150.242,150.483,24489
2023-06-13 16:00:00,150.482,151.252,150.25,151.119,30873
2023-06-13 20:00:00,151.119,151.375,151.042,151.273,13399
2023-06-14 00:00:00,151.177,151.366,151.08,151.1,7274
2023-06-14 04:00:00,151.1,151.241,150.996,151.167,9752
2023-06-14 08:00:00,151.165,151.253,150.916,151.2,19645
2023-06-14 12:00:00,151.199,151.359,151.064,151.299,22497
2023-06-14 16:00:00,151.299,151.398,151.15,151.376,21719
2023-06-14 20:00:00,151.375,151.778,151.229,151.657,31399
2023-06-15 00:00:00,151.643,152.143,151.448,152.131,8382
2023-06-15 04:00:00,152.131,152.776,152.12,152.736,18907
2023-06-15 08:00:00,152.734,153.066,152.712,153.032,22619
2023-06-15 12:00:00,153.032,153.388,152.717,152.862,26778
2023-06-15 16:00:00,152.856,153.641,152.744,153.56,29742
2023-06-15 20:00:00,153.56,153.684,153.465,153.476,10147
2023-06-16 00:00:00,153.454,153.551,153.31,153.36,8556
2023-06-16 04:00:00,153.36,153.962,153.09,153.835,19661
2023-06-16 08:00:00,153.836,154.714,153.813,154.447,29809
2023-06-16 12:00:00,154.447,154.796,154.088,154.727,23711
2023-06-16 16:00:00,154.727,155.1,154.338,155.098,30236
2023-06-16 20:00:00,155.098,155.243,154.951,155.194,11716
2023-06-19 00:00:00,155.194,155.321,154.822,155.248,9821
2023-06-19 04:00:00,155.249,155.257,154.649,154.716,12930
2023-06-19 08:00:00,154.717,155.177,154.692,155.052,18576
2023-06-19 12:00:00,155.052,155.144,154.815,155.009,17330
2023-06-19 16:00:00,155.008,155.079,154.678,154.931,11720
2023-06-19 20:00:00,154.929,155.087,154.924,154.985,2814
2023-06-20 00:00:00,154.871,155.26,154.831,155.174,10855
2023-06-20 04:00:00,155.175,155.306,154.586,155.038,18695
2023-06-20 08:00:00,155.037,155.38,154.684,154.813,26049
2023-06-20 12:00:00,154.813,154.846,154.424,154.477,21628
2023-06-20 16:00:00,154.476,154.592,154.045,154.199,26463
2023-06-20 20:00:00,154.198,154.421,154.145,154.397,8651
2023-06-21 00:00:00,154.384,154.681,154.217,154.676,9451
2023-06-21 04:00:00,154.677,154.775,154.462,154.772,16251
2023-06-21 08:00:00,154.772,155.347,154.615,155.124,26964
2023-06-21 12:00:00,155.125,155.135,154.746,155.001,23739
2023-06-21 16:00:00,155.002,155.75,154.989,155.711,29163
2023-06-21 20:00:00,155.711,155.908,155.585,155.884,13971
2023-06-22 00:00:00,155.893,155.93,155.559,155.909,9519
2023-06-22 04:00:00,155.909,155.915,155.611,155.77,14177
2023-06-22 08:00:00,155.771,156.109,155.708,156.074,25666
2023-06-22 12:00:00,156.073,156.5,155.883,156.216,24681
2023-06-22 16:00:00,156.214,156.645,156.058,156.637,26002
2023-06-22 20:00:00,156.638,156.93,156.572,156.741,13544
2023-06-23 00:00:00,156.686,156.825,156.515,156.756,11016
2023-06-23 04:00:00,156.754,156.787,156.34,156.436,19716
2023-06-23 08:00:00,156.436,156.813,155.055,155.208,32390
2023-06-23 12:00:00,155.205,155.902,155.2,155.548,26266
2023-06-23 16:00:00,155.546,156.64,155.492,156.61,29061
2023-06-23 20:00:00,156.61,156.652,156.513,156.559,12624
2023-06-26 00:00:00,156.323,156.705,156.187,156.425,12860
2023-06-26 04:00:00,156.427,156.725,156.254,156.324,16780
2023-06-26 08:00:00,156.325,156.529,155.752,155.918,26959
2023-06-26 12:00:00,155.917,156.46,155.863,156.236,19921
2023-06-26 16:00:00,156.236,156.708,156.234,156.619,26744
2023-06-26 20:00:00,156.62,156.683,156.467,156.509,10655
2023-06-27 00:00:00,156.427,156.557,156.382,156.474,7841
2023-06-27 04:00:00,156.472,156.837,156.411,156.745,17701
2023-06-27 08:00:00,156.744,157.276,156.71,157.213,22893
2023-06-27 12:00:00,157.21,157.461,157.009,157.406,24146
2023-06-27 16:00:00,157.406,157.879,157.223,157.779,28547
2023-06-27 20:00:00,157.779,157.936,157.776,157.847,11781
2023-06-28 00:00:00,157.866,157.919,157.518,157.53,10978
2023-06-28 04:00:00,157.53,157.713,157.432,157.649,16475
2023-06-28 08:00:00,157.648,157.987,157.473,157.797,22059
2023-06-28 12:00:00,157.794,157.928,157.481,157.796,23913
2023-06-28 16:00:00,157.797,157.998,157.229,157.317,30255
2023-06-28 20:00:00,157.317,157.709,157.263,157.663,11414
2023-06-29 00:00:00,157.673,157.673,157.295,157.334,9432
2023-06-29 04:00:00,157.334,157.454,157.243,157.382,16126
2023-06-29 08:00:00,157.381,157.921,157.307,157.437,26203
2023-06-29 12:00:00,157.438,157.842,157.425,157.537,23913
2023-06-29 16:00:00,157.537,157.571,157.28,157.458,32073
2023-06-29 20:00:00,157.458,157.503,157.239,157.282,10662
2023-06-30 00:00:00,157.172,157.551,157.172,157.515,8810
2023-06-30 04:00:00,157.517,157.583,157.22,157.309,15966
2023-06-30 08:00:00,157.309,157.352,156.743,156.758,21902
2023-06-30 12:00:00,156.743,157.42,156.666,157.419,22824
2023-06-30 16:00:00,157.42,157.881,157.381,157.581,28329
2023-06-30 20:00:00,157.58,157.639,157.384,157.394,13622
2023-07-03 00:00:00,157.421,157.551,157.218,157.465,8007
2023-07-03 04:00:00,157.465,157.83,157.464,157.693,13343
2023-07-03 08:00:00,157.694,157.711,157.404,157.543,25410
2023-07-03 12:00:00,157.543,157.929,157.255,157.729,21513
2023-07-03 16:00:00,157.729,157.954,157.33,157.932,25465
2023-07-03 20:00:00,157.933,157.942,157.796,157.799,5948
2023-07-04 00:00:00,157.692,157.905,157.585,157.605,5952
2023-07-04 04:00:00,157.606,157.781,157.589,157.68,10820
2023-07-04 08:00:00,157.679,157.69,157.267,157.309,16690
2023-07-04 12:00:00,157.315,157.463,157.277,157.329,14011
2023-07-04 16:00:00,157.328,157.492,157.18,157.439,12621
2023-07-04 20:00:00,157.437,157.475,157.11,157.11,4684
2023-07-05 00:00:00,157.073,157.418,157.05,157.271,6759
2023-07-05 04:00:00,157.266,157.426,157.142,157.18,10034
2023-07-05 08:00:00,157.179,157.723,156.785,157.182,23896
2023-07-05 12:00:00,157.182,157.463,156.897,157.315,20354
2023-07-05 16:00:00,157.315,157.346,156.873,157.087,23714
2023-07-05 20:00:00,157.089,157.099,156.976,156.98,10135
2023-07-06 00:00:00,156.926,157.007,156.428,156.477,8650
2023-07-06 04:00:00,156.478,156.717,155.958,156.107,16560
2023-07-06 08:00:00,156.106,156.481,155.841,156.442,29660
2023-07-06 12:00:00,156.443,156.902,156.337,156.799,28587
2023-07-06 16:00:00,156.799,157.123,156.455,156.68,34199
2023-07-06 20:00:00,156.681,156.929,156.669,156.828,10359
2023-07-07 00:00:00,156.832,156.93,156.564,156.825,7979
2023-07-07 04:00:00,156.824,156.904,156.651,156.653,12593
2023-07-07 08:00:00,156.653,156.673,155.437,155.512,28637
2023-07-07 12:00:00,155.511,156.343,155.484,156.298,28028
2023-07-07 16:00:00,156.3,156.363,155.383,155.916,33779
2023-07-07 20:00:00,155.916,155.993,155.785,155.839,10120
2023-07-10 00:00:00,155.732,156.273,155.728,156.233,11818
2023-07-10 04:00:00,156.233,156.67,156.112,156.614,17319
2023-07-10 08:00:00,156.614,156.634,155.76,156.048,25465
2023-07-10 12:00:00,156.047,156.297,155.651,155.906,19155
2023-07-10 16:00:00,155.904,155.955,155.325,155.478,25948
2023-07-10 20:00:00,155.477,155.491,155.375,155.427,9245
2023-07-11 00:00:00,155.439,155.67,155.274,155.578,10402
2023-07-11 04:00:00,155.578,155.584,154.931,155.111,18078
2023-07-11 08:00:00,155.111,155.266,154.628,154.637,28961
2023-07-11 12:00:00,154.637,154.704,154.177,154.272,24073
2023-07-11 16:00:00,154.272,154.8,154.214,154.402,22284
2023-07-11 20:00:00,154.402,154.559,154.382,154.446,9754
2023-07-12 00:00:00,154.43,154.493,153.836,153.974,12630
2023-07-12 04:00:00,153.973,154.121,153.722,153.951,20329
2023-07-12 08:00:00,153.952,154.099,153.644,153.877,24989
2023-07-12 12:00:00,153.876,154.049,153.459,154.009,25770
2023-07-12 16:00:00,154.009,154.279,153.684,154.067,34821
2023-07-12 20:00:00,154.068,154.251,153.904,154.095,12345
2023-07-13 00:00:00,154.078,154.364,153.88,154.327,12037
2023-07-13 04:00:00,154.325,154.492,154.231,154.335,17320
2023-07-13 08:00:00,154.333,154.628,154.083,154.45,30425
2023-07-13 12:00:00,154.45,155.131,154.437,155.001,27321
2023-07-13 16:00:00,154.996,155.016,154.49,154.724,28291
2023-07-13 20:00:00,154.724,155.001,154.694,154.951,11198
2023-07-14 00:00:00,154.963,155.012,154.474,154.525,12831
2023-07-14 04:00:00,154.528,154.726,154.164,154.68,21608
2023-07-14 08:00:00,154.68,155.359,154.582,155.351,27044
2023-07-14 12:00:00,155.35,155.833,155.3,155.821,25809
2023-07-14 16:00:00,155.821,156.132,155.475,155.858,29711
2023-07-14 20:00:00,155.849,155.98,155.713,155.808,10546
2023-07-17 00:00:00,155.686,155.888,155.33,155.33,9730
2023-07-17 04:00:00,155.335,155.696,155.335,155.632,13455
2023-07-17 08:00:00,155.632,155.986,155.46,155.537,22504
2023-07-17 12:00:00,155.536,156.177,155.096,156.09,24351
2023-07-17 16:00:00,156.089,156.339,155.904,155.929,24519
2023-07-17 20:00:00,155.929,156.092,155.841,155.846,9282
2023-07-18 00:00:00,155.817,156.121,155.72,156.065,9863
2023-07-18 04:00:00,156.064,156.143,155.739,155.792,14305
2023-07-18 08:00:00,155.791,155.945,155.278,155.371,26345
2023-07-18 12:00:00,155.372,155.665,155.136,155.226,26327
2023-07-18 16:00:00,155.224,156.099,154.872,156.003,32522
2023-07-18 20:00:00,156.003,156.062,155.797,155.855,10730
2023-07-19 00:00:00,155.853,156.253,155.68,155.992,10326
2023-07-19 04:00:00,155.993,156.455,155.935,156.402,16646
2023-07-19 08:00:00,156.401,156.951,156.273,156.942,31550
2023-07-19 12:00:00,156.942,157.204,156.375,156.641,25563
2023-07-19 16:00:00,156.64,156.819,156.149,156.271,29600
2023-07-19 20:00:00,156.271,156.55,156.246,156.398,11159
2023-07-20 00:00:00,156.258,156.615,156.149,156.427,9965
2023-07-20 04:00:00,156.427,156.427,156.182,156.392,16120
2023-07-20 08:00:00,156.392,156.538,156.14,156.31,25426
2023-07-20 12:00:00,156.307,156.459,156.207,156.374,25382
2023-07-20 16:00:00,156.373,156.546,156.201,156.252,25451
2023-07-20 20:00:00,156.251,156.26,155.858,155.858,10248
2023-07-21 00:00:00,155.799,155.971,155.587,155.899,11421
2023-07-21 04:00:00,155.899,156.271,155.826,156.096,14232
2023-07-21 08:00:00,156.095,158.045,156.07,157.928,30605
2023-07-21 12:00:00,157.928,157.935,157.16,157.324,28959
2023-07-21 16:00:00,157.325,157.626,157.289,157.587,25384
2023-07-21 20:00:00,157.587,157.804,157.567,157.682,9646
2023-07-24 00:00:00,157.349,157.783,157.349,157.705,8466
2023-07-24 04:00:00,157.705,157.709,157.203,157.304,17284
2023-07-24 08:00:00,157.305,157.676,156.517,156.591,29858
2023-07-24 12:00:00,156.59,156.844,156.266,156.318,26261
2023-07-24 16:00:00,156.32,156.691,156.241,156.576,27333
2023-07-24 20:00:00,156.576,156.702,156.494,156.496,8095
2023-07-25 00:00:00,156.479,156.698,156.383,156.588,8769
2023-07-25 04:00:00,156.585,156.645,156.38,156.585,15013
2023-07-25 08:00:00,156.582,156.89,156.213,156.395,25912
2023-07-25 12:00:00,156.394,156.477,156.001,156.038,22407
2023-07-25 16:00:00,156.038,156.156,155.615,155.755,25158
2023-07-25 20:00:00,155.755,155.88,155.687,155.734,10857
2023-07-26 00:00:00,155.738,155.874,155.674,155.842,9775
2023-07-26 04:00:00,155.843,155.927,155.713,155.825,13235
2023-07-26 08:00:00,155.825,155.984,155.254,155.433,27285
2023-07-26 12:00:00,155.431,155.635,155.145,155.231,23377
2023-07-26 16:00:00,155.231,155.707,155.201,155.688,23479
2023-07-26 20:00:00,155.687,155.689,155.282,155.441,26748
2023-07-27 00:00:00,155.334,155.745,155.145,155.594,10945
2023-07-27 04:00:00,155.595,155.633,154.882,155.344,19588
2023-07-27 08:00:00,155.343,155.931,155.3,155.908,29423
2023-07-27 12:00:00,155.908,156.234,155.406,155.624,32272
2023-07-27 16:00:00,155.624,155.661,154.796,155.057,36497
2023-07-27 20:00:00,155.055,155.056,152.188,153.027,32829
2023-07-28 00:00:00,152.97,153.181,152.314,153.143,18745
2023-07-28 04:00:00,153.144,154.902,151.404,152.265,43019
2023-07-28 08:00:00,152.262,153.491,151.988,153.093,50813
2023-07-28 12:00:00,153.094,154.19,152.791,154.07,34707
2023-07-28 16:00:00,154.069,155.47,154.059,155.309,36102
2023-07-28 20:00:00,155.309,155.602,155.151,155.436,19273
2023-07-31 00:00:00,155.193,155.527,155.11,155.298,16819
2023-07-31 04:00:00,155.298,156.275,155.223,156.151,26078
2023-07-31 08:00:00,156.151,157.203,155.907,157.123,32474
2023-07-31 12:00:00,157.123,157.241,156.682,156.889,27604
2023-07-31 16:00:00,156.891,157.28,156.36,156.429,30022
2023-07-31 20:00:00,156.429,156.529,156.354,156.413,11747
2023-08-01 00:00:00,156.405,156.627,156.227,156.587,10125
2023-08-01 04:00:00,156.588,156.924,156.525,156.852,20786
2023-08-01 08:00:00,156.851,157.045,156.517,156.591,27996
2023-08-01 12:00:00,156.594,157.036,156.475,156.969,28027
2023-08-01 16:00:00,156.969,157.416,156.953,157.33,31307
2023-08-01 20:00:00,157.33,157.49,157.231,157.405,9421
2023-08-02 00:00:00,157.414,157.494,157.106,157.337,18405
2023-08-02 04:00:00,157.335,157.498,157.026,157.135,19094
2023-08-02 08:00:00,157.134,157.141,156.251,156.35,37617
2023-08-02 12:00:00,156.349,157.076,156.286,156.92,33164
2023-08-02 16:00:00,156.919,157.098,156.526,156.769,32611
2023-08-02 20:00:00,156.769,156.873,156.703,156.728,10331
2023-08-03 00:00:00,156.652,156.932,156.608,156.823,9694
2023-08-03 04:00:00,156.823,157.107,156.605,156.959,19482
2023-08-03 08:00:00,156.959,157.23,155.968,156.051,42584
2023-08-03 12:00:00,156.052,156.448,155.9,156.092,37436
2023-08-03 16:00:00,156.093,156.228,155.532,156.129,35112
2023-08-03 20:00:00,156.128,156.241,155.999,155.999,9747
2023-08-04 00:00:00,155.95,156.467,155.921,156.368,11323
2023-08-04 04:00:00,156.368,156.39,155.946,156.028,21657
2023-08-04 08:00:00,156.029,156.266,155.9,156.076,28135
2023-08-04 12:00:00,156.076,156.461,155.934,156.31,32953
2023-08-04 16:00:00,156.309,156.627,156.012,156.505,34656
2023-08-04 20:00:00,156.505,156.572,156.001,156.034,11512
2023-08-07 00:00:00,155.997,156.187,155.798,155.896,11011
2023-08-07 04:00:00,155.895,156.442,155.835,156.283,18714
2023-08-07 08:00:00,156.282,156.347,156.054,156.178,23476
2023-08-07 12:00:00,156.178,156.33,156.048,156.15,19680
2023-08-07 16:00:00,156.149,156.809,156.037,156.778,22656
2023-08-07 20:00:00,156.777,156.852,156.698,156.722,7259
2023-08-08 00:00:00,156.741,157.203,156.525,157.196,8696
2023-08-08 04:00:00,157.196,157.545,157.103,157.437,20531
2023-08-08 08:00:00,157.437,157.739,156.912,157.19,30981
2023-08-08 12:00:00,157.19,157.228,156.341,156.647,35134
2023-08-08 16:00:00,156.647,156.967,156.415,156.903,27520
2023-08-08 20:00:00,156.904,157.235,156.887,157.051,9603
2023-08-09 00:00:00,157.036,157.161,156.775,157.094,10280
2023-08-09 04:00:00,157.093,157.266,157.012,157.067,14320
2023-08-09 08:00:00,157.068,157.444,156.982,157.401,22239
2023-08-09 12:00:00,157.401,157.524,157.252,157.489,22387
2023-08-09 16:00:00,157.49,157.896,157.335,157.711,25914
2023-08-09 20:00:00,157.711,157.818,157.656,157.708,13122
2023-08-10 00:00:00,157.685,157.869,157.589,157.775,8919
2023-08-10 04:00:00,157.775,158.231,157.692,158.148,15326
2023-08-10 08:00:00,158.147,158.577,158.097,158.458,26607
2023-08-10 12:00:00,158.457,158.82,158.134,158.808,30811
2023-08-10 16:00:00,158.807,159.207,158.7,159.094,37905
2023-08-10 20:00:00,159.094,159.096,158.771,158.908,20130
2023-08-11 00:00:00,158.855,159.148,158.704,159.125,7759
2023-08-11 04:00:00,159.128,159.142,158.919,158.939,9872
2023-08-11 08:00:00,158.939,159.221,158.907,159.037,22693
2023-08-11 12:00:00,159.037,159.082,158.718,158.815,23021
2023-08-11 16:00:00,158.814,158.936,158.498,158.649,30081
2023-08-11 20:00:00,158.649,158.747,158.597,158.674,10567
2023-08-14 00:00:00,158.587,158.824,158.46,158.577,11570
2023-08-14 04:00:00,158.576,158.593,158.253,158.461,18344
2023-08-14 08:00:00,158.462,158.776,158.188,158.664,24925
2023-08-14 12:00:00,158.664,158.808,158.507,158.514,23575
2023-08-14 16:00:00,158.515,158.8,158.255,158.771,30550
2023-08-14 20:00:00,158.771,158.783,158.585,158.7,11414
2023-08-15 00:00:00,158.707,158.785,158.442,158.636,7655
2023-08-15 04:00:00,158.635,158.838,158.531,158.759,15440
2023-08-15 08:00:00,158.759,159.285,158.551,159.155,28317
2023-08-15 12:00:00,159.155,159.332,158.836,159.015,31876
2023-08-15 16:00:00,159.013,159.208,158.738,158.918,31968
2023-08-15 20:00:00,158.918,158.937,158.689,158.701,8728
2023-08-16 00:00:00,158.653,158.823,158.565,158.739,7841
2023-08-16 04:00:00,158.733,158.882,158.632,158.738,13155
2023-08-16 08:00:00,158.738,159.081,158.684,159.023,18266
2023-08-16 12:00:00,159.024,159.132,158.953,159.027,20528
2023-08-16 16:00:00,159.027,159.202,158.832,158.855,28989
2023-08-16 20:00:00,158.855,159.255,158.854,159.171,14812
2023-08-17 00:00:00,159.165,159.284,158.929,159.121,10989
2023-08-17 04:00:00,159.121,159.144,159.032,159.122,20295
2023-08-17 08:00:00,159.123,159.297,158.928,159.004,23782
2023-08-17 12:00:00,159.003,159.113,158.742,159.0,27721
2023-08-17 16:00:00,159.0,159.138,158.791,158.96,29602
2023-08-17 20:00:00,158.96,158.969,158.251,158.518,13936
2023-08-18 00:00:00,158.469,158.569,158.215,158.496,10003
2023-08-18 04:00:00,158.496,158.54,158.182,158.306,17515
2023-08-18 08:00:00,158.305,158.308,157.757,158.199,24870
2023-08-18 12:00:00,158.199,158.237,157.852,158.102,25952
2023-08-18 16:00:00,158.101,158.2,157.711,157.736,31138
2023-08-18 20:00:00,157.735,158.127,157.656,158.029,11585
2023-08-21 00:00:00,157.849,158.175,157.836,157.954,9035
2023-08-21 04:00:00,157.954,158.385,157.793,158.18,17602
2023-08-21 08:00:00,158.182,158.602,158.082,158.585,20199
2023-08-21 12:00:00,158.585,159.255,158.571,159.218,19829
2023-08-21 16:00:00,159.217,159.381,159.004,159.365,26380
2023-08-21 20:00:00,159.364,159.393,159.193,159.274,10537
2023-08-22 00:00:00,159.306,159.489,159.031,159.376,9523
2023-08-22 04:00:00,159.377,159.396,159.178,159.286,12294
2023-08-22 08:00:00,159.286,159.407,158.842,158.872,18694
2023-08-22 12:00:00,158.872,158.986,158.52,158.598,21592
2023-08-22 16:00:00,158.596,158.652,158.087,158.229,24754
2023-08-22 20:00:00,158.229,158.324,158.091,158.162,8179
2023-08-23 00:00:00,158.115,158.205,157.988,157.995,7484
2023-08-23 04:00:00,157.994,158.212,157.895,158.175,11864
2023-08-23 08:00:00,158.171,158.372,157.149,157.272,22549
2023-08-23 12:00:00,157.273,157.355,157.005,157.18,25124
2023-08-23 16:00:00,157.179,157.268,156.865,157.103,31757
2023-08-23 20:00:00,157.103,157.424,157.103,157.294,11740
2023-08-24 00:00:00,157.29,157.417,157.107,157.383,8439
2023-08-24 04:00:00,157.384,157.807,157.367,157.796,13704
2023-08-24 08:00:00,157.795,157.884,157.41,157.833,20393
2023-08-24 12:00:00,157.833,157.998,157.728,157.872,23287
2023-08-24 16:00:00,157.871,158.046,157.699,157.882,29328
2023-08-24 20:00:00,157.883,157.918,157.577,157.614,11245
2023-08-25 00:00:00,157.614,157.786,157.495,157.645,10015
2023-08-25 04:00:00,157.646,157.787,157.368,157.476,13388
2023-08-25 08:00:00,157.474,157.778,157.231,157.509,20584
2023-08-25 12:00:00,157.507,157.842,157.498,157.807,19363
2023-08-25 16:00:00,157.807,158.045,157.637,158.009,35726
2023-08-25 20:00:00,158.009,158.244,157.897,158.089,12458
2023-08-28 00:00:00,157.99,158.325,157.923,158.266,9396
2023-08-28 04:00:00,158.266,158.369,158.209,158.301,9758
2023-08-28 08:00:00,158.301,158.487,158.172,158.271,17401
2023-08-28 12:00:00,158.27,158.565,158.245,158.292,17323
2023-08-28 16:00:00,158.292,158.525,158.191,158.324,24237
2023-08-28 20:00:00,158.324,158.539,158.255,158.498,9531
2023-08-29 00:00:00,158.426,158.598,158.256,158.517,6565
2023-08-29 04:00:00,158.517,158.661,158.433,158.56,11621
2023-08-29 08:00:00,158.56,158.616,158.242,158.381,18021
2023-08-29 12:00:00,158.382,159.024,158.322,158.908,21287
2023-08-29 16:00:00,158.907,159.059,158.311,158.506,31779
2023-08-29 20:00:00,158.505,158.728,158.457,158.677,12397
2023-08-30 00:00:00,158.665,158.803,158.398,158.599,8538
2023-08-30 04:00:00,158.6,158.951,158.565,158.806,11651
2023-08-30 08:00:00,158.806,159.167,158.668,159.138,22338
2023-08-30 12:00:00,159.138,159.432,159.088,159.309,23652
2023-08-30 16:00:00,159.301,159.627,159.099,159.618,27395
2023-08-30 20:00:00,159.618,159.761,159.558,159.69,11232
2023-08-31 00:00:00,159.652,159.736,159.522,159.694,6355
2023-08-31 04:00:00,159.694,159.696,159.184,159.284,10001
2023-08-31 08:00:00,159.283,159.513,158.647,158.743,19162
2023-08-31 12:00:00,158.746,158.763,158.414,158.617,22009
2023-08-31 16:00:00,158.615,158.706,157.618,157.705,27730
2023-08-31 20:00:00,157.706,157.85,157.667,157.775,8854
2023-09-01 00:00:00,157.631,157.911,157.335,157.759,8422
2023-09-01 04:00:00,157.752,157.81,157.562,157.806,15463
2023-09-01 08:00:00,157.805,157.963,157.662,157.805,19842
2023-09-01 12:00:00,157.802,157.924,157.051,157.233,21443
2023-09-01 16:00:00,157.233,157.913,157.176,157.605,33954
2023-09-01 20:00:00,157.605,157.623,157.473,157.519,7522
2023-09-04 00:00:00,157.404,157.609,157.332,157.543,6521
2023-09-04 04:00:00,157.542,157.667,157.467,157.657,9494
2023-09-04 08:00:00,157.657,158.18,157.621,158.112,15424
2023-09-04 12:00:00,158.113,158.198,158.008,158.125,12914
2023-09-04 16:00:00,158.124,158.252,157.903,158.112,13107
2023-09-04 20:00:00,158.112,158.161,158.087,158.088,2871
2023-09-05 00:00:00,158.123,158.219,157.859,158.137,6152
2023-09-05 04:00:00,158.138,158.311,158.104,158.288,12460
2023-09-05 08:00:00,158.287,158.406,157.803,158.012,23150
2023-09-05 12:00:00,158.012,158.27,157.907,158.148,20734
2023-09-05 16:00:00,158.151,158.424,158.097,158.404,28293
2023-09-05 20:00:00,158.404,158.499,158.335,158.351,7400
2023-09-06 00:00:00,158.354,158.408,158.078,158.404,8126
2023-09-06 04:00:00,158.405,158.434,158.15,158.24,15722
2023-09-06 08:00:00,158.24,158.392,157.766,158.205,24029
2023-09-06 12:00:00,158.206,158.447,158.107,158.127,21563
2023-09-06 16:00:00,158.127,158.283,157.954,158.229,30881
2023-09-06 20:00:00,158.23,158.466,158.206,158.347,9457
2023-09-07 00:00:00,158.347,158.523,158.186,158.433,6357
2023-09-07 04:00:00,158.432,158.515,158.111,158.176,12444
2023-09-07 08:00:00,158.175,158.295,157.832,157.931,23433
2023-09-07 12:00:00,157.931,158.032,157.469,157.497,21056
2023-09-07 16:00:00,157.494,157.661,157.362,157.449,20359
2023-09-07 20:00:00,157.449,157.606,157.389,157.51,6635
2023-09-08 00:00:00,157.504,157.659,157.004,157.409,9226
2023-09-08 04:00:00,157.409,157.897,157.393,157.73,14134
2023-09-08 08:00:00,157.73,157.995,157.704,157.902,19410
2023-09-08 12:00:00,157.902,157.929,157.58,157.911,18835
2023-09-08 16:00:00,157.913,158.391,157.913,158.174,19926
2023-09-08 20:00:00,158.173,158.244,158.077,158.096,7231
2023-09-11 00:00:00,157.34,157.73,157.098,157.437,11607
2023-09-11 04:00:00,157.44,157.589,156.886,156.95,17742
2023-09-11 08:00:00,156.95,157.154,156.586,157.003,22430
2023-09-11 12:00:00,157.008,157.7,156.896,157.153,17355
2023-09-11 16:00:00,157.155,157.524,157.101,157.476,18967
2023-09-11 20:00:00,157.476,157.579,157.363,157.535,8274
2023-09-12 00:00:00,157.458,157.751,157.273,157.6,6232
2023-09-12 04:00:00,157.6,157.788,157.376,157.575,11271
2023-09-12 08:00:00,157.575,157.759,157.183,157.271,16746
2023-09-12 12:00:00,157.269,157.649,157.255,157.53,12494
2023-09-12 16:00:00,157.53,157.92,157.526,157.819,16167
2023-09-12 20:00:00,157.819,158.275,157.808,158.125,8139
2023-09-13 00:00:00,158.142,158.493,157.979,158.488,5668
2023-09-13 04:00:00,158.488,158.653,158.323,158.488,10326
2023-09-13 08:00:00,158.487,158.49,158.006,158.074,18352
2023-09-13 12:00:00,158.075,158.612,158.069,158.463,20695
2023-09-13 16:00:00,158.463,158.502,158.21,158.26,23172
2023-09-13 20:00:00,158.261,158.306,158.132,158.191,8693
2023-09-14 00:00:00,158.127,158.192,157.929,157.976,5781
2023-09-14 04:00:00,157.976,158.149,157.92,158.138,8933
2023-09-14 08:00:00,158.138,158.269,157.983,158.107,17688
2023-09-14 12:00:00,158.106,158.395,157.213,157.391,22010
2023-09-14 16:00:00,157.386,157.412,156.636,156.792,30299
2023-09-14 20:00:00,156.792,156.995,156.753,156.908,9442
2023-09-15 00:00:00,156.913,156.958,156.707,156.933,7023
2023-09-15 04:00:00,156.934,157.057,156.723,157.043,9855
2023-09-15 08:00:00,157.045,157.643,156.964,157.62,21293
2023-09-15 12:00:00,157.619,157.74,157.422,157.572,14572
2023-09-15 16:00:00,157.572,157.898,157.532,157.812,21861
2023-09-15 20:00:00,157.813,157.813,157.519,157.594,7437
2023-09-18 00:00:00,157.452,157.773,157.378,157.631,4040
2023-09-18 04:00:00,157.63,157.704,157.527,157.553,6662
2023-09-18 08:00:00,157.554,157.616,157.347,157.438,13168
2023-09-18 12:00:00,157.438,157.594,157.379,157.435,13031
2023-09-18 16:00:00,157.435,157.93,157.412,157.844,17420
2023-09-18 20:00:00,157.844,157.936,157.693,157.783,6326
2023-09-19 00:00:00,157.783,157.93,157.619,157.808,4518
2023-09-19 04:00:00,157.808,157.906,157.787,157.797,5815
2023-09-19 08:00:00,157.797,157.966,157.767,157.843,14811
2023-09-19 12:00:00,157.837,158.276,157.772,158.118,16311
2023-09-19 16:00:00,158.119,158.145,157.808,157.95,14890
2023-09-19 20:00:00,157.95,158.039,157.856,157.868,7484
2023-09-20 00:00:00,157.836,157.933,157.687,157.86,4867
2023-09-20 04:00:00,157.861,157.984,157.815,157.863,5717
2023-09-20 08:00:00,157.864,158.431,157.806,158.4,16945
2023-09-20 12:00:00,158.402,158.417,158.134,158.182,15202
2023-09-20 16:00:00,158.181,158.448,158.17,158.386,15342
2023-09-20 20:00:00,158.386,158.396,157.909,158.106,22618
2023-09-21 00:00:00,157.991,158.106,157.712,157.776,8619
2023-09-21 04:00:00,157.776,157.862,157.372,157.795,10073
2023-09-21 08:00:00,157.796,158.066,157.73,157.902,18477
2023-09-21 12:00:00,157.9,158.067,157.204,157.456,24428
2023-09-21 16:00:00,157.457,157.604,157.032,157.185,25153
2023-09-21 20:00:00,157.188,157.371,157.181,157.303,8299
2023-09-22 00:00:00,157.212,157.449,157.07,157.319,6389
2023-09-22 04:00:00,157.319,157.97,157.12,157.711,14779
2023-09-22 08:00:00,157.71,158.28,157.41,157.873,26318
2023-09-22 12:00:00,157.873,158.049,157.596,157.972,20933
2023-09-22 16:00:00,157.974,158.101,157.761,158.011,21375
2023-09-22 20:00:00,158.021,158.065,157.862,157.924,8673
2023-09-25 00:00:00,157.87,158.154,157.788,158.04,6574
2023-09-25 04:00:00,158.04,158.046,157.91,157.98,7735
2023-09-25 08:00:00,157.977,158.109,157.759,157.859,15788
2023-09-25 12:00:00,157.858,158.176,157.816,157.987,15097
2023-09-25 16:00:00,157.986,158.037,157.485,157.618,18515
2023-09-25 20:00:00,157.618,157.727,157.517,157.673,8194
2023-09-26 00:00:00,157.493,157.712,157.379,157.582,6119
2023-09-26 04:00:00,157.582,157.714,157.514,157.703,9721
2023-09-26 08:00:00,157.704,157.81,157.491,157.788,21939
2023-09-26 12:00:00,157.789,157.924,157.729,157.809,16408
2023-09-26 16:00:00,157.809,157.864,157.364,157.399,19364
2023-09-26 20:00:00,157.399,157.618,157.322,157.559,7750
2023-09-27 00:00:00,157.585,157.604,157.273,157.378,7151
2023-09-27 04:00:00,157.379,157.446,157.306,157.371,10489
2023-09-27 08:00:00,157.371,157.615,157.321,157.409,14321
2023-09-27 12:00:00,157.41,157.584,157.131,157.34,20120
2023-09-27 16:00:00,157.34,157.372,157.007,157.144,24557
2023-09-27 20:00:00,157.144,157.256,156.959,157.123,14615
2023-09-28 00:00:00,156.992,157.194,156.783,157.158,7172
2023-09-28 04:00:00,157.156,157.23,156.832,156.867,10129
2023-09-28 08:00:00,156.867,157.193,156.707,157.1,19266
2023-09-28 12:00:00,157.1,157.509,157.07,157.203,25259
2023-09-28 16:00:00,157.203,157.869,157.192,157.618,27559
2023-09-28 20:00:00,157.618,157.747,157.483,157.718,10991
2023-09-29 00:00:00,157.746,157.88,157.585,157.811,5369
2023-09-29 04:00:00,157.811,158.106,157.797,158.034,9465
2023-09-29 08:00:00,158.035,158.2,157.398,158.085,24348
2023-09-29 12:00:00,158.092,158.339,157.979,158.133,24521
2023-09-29 16:00:00,158.134,158.176,157.806,158.038,30023
2023-09-29 20:00:00,158.038,158.085,157.826,157.842,14258
2023-10-02 00:00:00,157.675,158.182,157.675,158.122,8420
2023-10-02 04:00:00,158.122,158.349,158.091,158.245,6865
2023-10-02 08:00:00,158.245,158.474,158.015,158.144,17744
2023-10-02 12:00:00,158.144,158.146,157.643,157.733,19334
2023-10-02 16:00:00,157.732,157.766,157.133,157.151,25549
2023-10-02 20:00:00,157.151,157.353,156.978,156.978,10552
2023-10-03 00:00:00,157.009,157.084,156.787,156.959,6471
2023-10-03 04:00:00,156.959,156.98,156.75,156.82,9681
2023-10-03 08:00:00,156.82,157.191,156.729,157.09,18295
2023-10-03 12:00:00,157.09,157.214,156.875,156.905,16880
2023-10-03 16:00:00,156.902,157.155,154.342,155.987,38488
2023-10-03 20:00:00,155.99,156.06,155.749,155.905,13882
2023-10-04 00:00:00,155.967,156.263,155.781,156.224,9355
2023-10-04 04:00:00,156.224,156.26,156.05,156.171,11055
2023-10-04 08:00:00,156.171,156.314,155.826,156.227,22313
2023-10-04 12:00:00,156.225,156.769,156.211,156.691,25958
2023-10-04 16:00:00,156.691,156.727,156.276,156.509,26585
2023-10-04 20:00:00,156.509,156.748,156.475,156.604,11452
2023-10-05 00:00:00,156.604,156.604,156.241,156.275,6945
2023-10-05 04:00:00,156.275,156.389,156.089,156.282,14087
2023-10-05 08:00:00,156.285,156.784,156.246,156.525,19339
2023-10-05 12:00:00,156.525,156.747,156.403,156.595,22163
2023-10-05 16:00:00,156.597,156.661,156.216,156.358,31103
2023-10-05 20:00:00,156.358,156.7,156.226,156.651,12926
2023-10-06 00:00:00,156.394,156.728,156.394,156.697,5574
2023-10-06 04:00:00,156.697,156.833,156.524,156.802,11198
2023-10-06 08:00:00,156.799,157.122,156.783,157.078,16703
2023-10-06 12:00:00,157.078,157.518,156.626,156.836,24210
2023-10-06 16:00:00,156.836,157.997,156.756,157.946,36417
2023-10-06 20:00:00,157.945,158.261,157.928,157.998,12653
2023-10-09 00:00:00,157.111,157.699,157.082,157.653,10255
2023-10-09 04:00:00,157.651,157.651,157.353,157.405,6899
2023-10-09 08:00:00,157.404,157.494,156.925,157.217,19571
2023-10-09 12:00:00,157.218,157.254,156.895,157.008,16948
2023-10-09 16:00:00,157.006,157.196,156.51,156.687,20638
2023-10-09 20:00:00,156.689,156.997,156.689,156.896,10252
2023-10-10 00:00:00,156.8,157.178,156.763,157.022,8516
2023-10-10 04:00:00,157.025,157.143,156.903,157.095,10355
2023-10-10 08:00:00,157.096,157.845,156.855,157.826,26033
2023-10-10 12:00:00,157.825,157.974,157.607,157.765,20465
2023-10-10 16:00:00,157.763,157.966,157.647,157.722,21760
2023-10-10 20:00:00,157.721,157.741,157.54,157.69,11171
2023-10-11 00:00:00,157.688,157.715,157.421,157.644,5418
2023-10-11 04:00:00,157.644,157.903,157.598,157.848,7642
2023-10-11 08:00:00,157.844,158.044,157.58,157.713,19920
2023-10-11 12:00:00,157.711,158.026,157.59,158.023,20668
2023-10-11 16:00:00,158.023,158.468,157.916,158.207,22460
2023-10-11 20:00:00,158.208,158.454,157.999,158.367,11896
2023-10-12 00:00:00,158.24,158.49,158.074,158.418,6289
2023-10-12 04:00:00,158.418,158.573,158.319,158.535,8830
2023-10-12 08:00:00,158.535,158.609,158.353,158.42,15894
2023-10-12 12:00:00,158.42,158.471,158.014,158.141,18276
2023-10-12 16:00:00,158.139,158.176,157.709,157.944,25386
2023-10-12 20:00:00,157.943,157.944,157.645,157.687,13388
2023-10-13 00:00:00,157.673,157.892,157.615,157.823,6015
2023-10-13 04:00:00,157.823,157.984,157.785,157.872,8139
2023-10-13 08:00:00,157.871,158.046,157.64,157.987,21846
2023-10-13 12:00:00,157.987,158.031,157.278,157.575,23491
2023-10-13 16:00:00,157.572,157.586,157.068,157.184,24346
2023-10-13 20:00:00,157.184,157.216,157.047,157.142,11643
2023-10-16 00:00:00,157.077,157.411,156.969,157.233,6763
2023-10-16 04:00:00,157.232,157.357,157.227,157.292,5498
2023-10-16 08:00:00,157.295,157.618,157.244,157.578,15987
2023-10-16 12:00:00,157.574,157.613,157.375,157.549,15355
2023-10-16 16:00:00,157.548,157.985,157.487,157.769,18449
2023-10-16 20:00:00,157.768,157.937,157.692,157.853,6776
2023-10-17 00:00:00,157.885,157.995,157.643,157.814,5847
2023-10-17 04:00:00,157.813,157.843,157.703,157.74,8457
2023-10-17 08:00:00,157.737,157.89,157.596,157.677,14622
2023-10-17 12:00:00,157.677,158.126,157.053,157.965,28295
2023-10-17 16:00:00,157.965,158.624,157.873,158.439,27892
2023-10-17 20:00:00,158.438,158.478,158.268,158.418,10185
2023-10-18 00:00:00,158.363,158.435,158.048,158.225,4473
2023-10-18 04:00:00,158.225,158.374,158.122,158.284,9054
2023-10-18 08:00:00,158.281,158.53,158.215,158.493,20766
2023-10-18 12:00:00,158.493,158.543,157.941,158.072,19050
2023-10-18 16:00:00,158.073,158.17,157.685,157.86,25622
2023-10-18 20:00:00,157.861,158.057,157.816,157.942,12944
2023-10-19 00:00:00,157.917,157.952,157.73,157.824,7317
2023-10-19 04:00:00,157.828,157.89,157.739,157.8,7745
2023-10-19 08:00:00,157.8,157.978,157.679,157.861,17166
2023-10-19 12:00:00,157.861,158.484,157.859,158.455,16656
2023-10-19 16:00:00,158.455,158.922,158.249,158.664,34443
2023-10-19 20:00:00,158.665,158.792,158.479,158.479,19138
2023-10-20 00:00:00,158.43,158.604,158.201,158.477,7439
2023-10-20 04:00:00,158.476,158.531,158.427,158.481,10925
2023-10-20 08:00:00,158.48,158.864,158.34,158.76,24713
2023-10-20 12:00:00,158.76,158.928,158.465,158.717,16512
2023-10-20 16:00:00,158.717,158.892,158.518,158.685,25779
2023-10-20 20:00:00,158.686,158.887,158.641,158.653,10731
2023-10-23 00:00:00,158.646,158.779,158.56,158.657,5325
2023-10-23 04:00:00,158.655,158.657,158.51,158.58,4984
2023-10-23 08:00:00,158.58,159.029,158.504,158.975,15217
2023-10-23 12:00:00,158.975,159.166,158.779,159.082,16375
2023-10-23 16:00:00,159.082,159.66,158.809,159.623,21233
2023-10-23 20:00:00,159.623,159.775,159.473,159.685,12301
2023-10-24 00:00:00,159.548,159.839,159.548,159.74,6245
2023-10-24 04:00:00,159.741,159.89,159.606,159.813,9172
2023-10-24 08:00:00,159.813,159.917,158.998,159.237,19425
2023-10-24 12:00:00,159.235,159.351,159.001,159.033,16327
2023-10-24 16:00:00,159.034,159.165,158.535,158.585,22563
2023-10-24 20:00:00,158.585,158.799,158.58,158.716,8267
2023-10-25 00:00:00,158.721,158.844,158.63,158.766,5582
2023-10-25 04:00:00,158.767,158.931,158.709,158.926,8002
2023-10-25 08:00:00,158.926,158.938,158.579,158.683,13870
2023-10-25 12:00:00,158.683,158.688,158.411,158.537,12738
2023-10-25 16:00:00,158.537,158.84,158.438,158.581,22566
2023-10-25 20:00:00,158.581,158.821,158.427,158.694,11913
2023-10-26 00:00:00,158.692,158.692,158.43,158.608,6483
2023-10-26 04:00:00,158.608,158.688,158.552,158.636,9830
2023-10-26 08:00:00,158.636,158.84,158.038,158.605,20801
2023-10-26 12:00:00,158.605,158.609,158.286,158.583,17837
2023-10-26 16:00:00,158.583,158.618,158.284,158.368,23974
2023-10-26 20:00:00,158.369,158.902,158.354,158.78,12513
2023-10-27 00:00:00,158.832,158.878,158.58,158.763,6213
2023-10-27 04:00:00,158.764,158.774,158.601,158.691,6688
2023-10-27 08:00:00,158.691,158.736,158.443,158.508,13834
2023-10-27 12:00:00,158.508,158.55,157.992,158.2,16440
2023-10-27 16:00:00,158.201,158.567,158.199,158.352,29692
2023-10-27 20:00:00,158.352,158.352,157.883,158.012,15885
2023-10-30 00:00:00,158.011,158.236,157.994,158.17,9780
2023-10-30 04:00:00,158.196,158.196,157.911,158.044,4862
2023-10-30 08:00:00,158.045,158.411,157.698,158.344,15761
2023-10-30 12:00:00,158.344,158.924,158.227,158.89,17210
2023-10-30 16:00:00,158.89,158.894,158.009,158.15,25213
2023-10-30 20:00:00,158.151,158.308,157.855,158.209,7139
2023-10-31 00:00:00,158.209,158.592,158.153,158.563,7204
2023-10-31 04:00:00,158.564,159.223,158.244,159.223,16443
2023-10-31 08:00:00,159.223,160.854,159.146,160.736,25470
2023-10-31 12:00:00,160.733,160.789,160.038,160.086,28128
2023-10-31 16:00:00,160.076,160.406,159.78,160.224,29632
2023-10-31 20:00:00,160.224,160.437,159.977,160.34,8660
2023-11-01 00:00:00,160.339,160.428,159.921,159.969,10305
2023-11-01 04:00:00,159.974,159.975,159.788,159.924,7134
2023-11-01 08:00:00,159.924,160.026,159.52,159.546,13897
2023-11-01 12:00:00,159.542,159.568,159.214,159.284,19789
2023-11-01 16:00:00,159.279,159.527,159.085,159.144,21450
2023-11-01 20:00:00,159.164,159.608,159.06,159.479,24629
2023-11-02 00:00:00,159.474,159.604,159.266,159.301,9716
2023-11-02 04:00:00,159.301,159.46,159.068,159.455,6606
2023-11-02 08:00:00,159.455,159.691,159.22,159.676,16256
2023-11-02 12:00:00,159.676,160.082,159.66,159.959,24952
2023-11-02 16:00:00,159.95,160.015,159.667,159.862,23744
2023-11-02 20:00:00,159.862,159.911,159.6,159.765,6454
2023-11-03 00:00:00,159.768,159.844,159.598,159.795,5407
2023-11-03 04:00:00,159.795,159.823,159.687,159.72,5035
2023-11-03 08:00:00,159.72,160.049,159.704,160.048,11947
2023-11-03 12:00:00,160.046,160.119,159.841,160.05,26707
2023-11-03 16:00:00,160.046,160.399,159.993,160.358,25371
2023-11-03 20:00:00,160.358,160.376,160.218,160.248,6501
2023-11-06 00:00:00,160.111,160.507,159.93,160.428,6287
2023-11-06 04:00:00,160.429,160.681,160.426,160.542,6541
2023-11-06 08:00:00,160.542,160.884,160.499,160.857,14387
2023-11-06 12:00:00,160.858,160.981,160.746,160.857,14259
2023-11-06 16:00:00,160.857,160.973,160.675,160.873,17315
2023-11-06 20:00:00,160.873,160.892,160.746,160.781,9146
2023-11-07 00:00:00,160.74,160.831,160.534,160.75,5451
2023-11-07 04:00:00,160.749,160.967,160.685,160.963,5739
2023-11-07 08:00:00,160.963,161.029,160.699,160.715,13717
2023-11-07 12:00:00,160.714,160.855,160.431,160.759,17914
2023-11-07 16:00:00,160.758,160.958,160.65,160.744,18442
2023-11-07 20:00:00,160.743,160.948,160.728,160.823,8954
2023-11-08 00:00:00,160.88,161.01,160.614,160.964,7069
2023-11-08 04:00:00,160.964,160.984,160.832,160.976,5853
2023-11-08 08:00:00,160.976,161.045,160.699,160.785,15627
2023-11-08 12:00:00,160.774,161.058,160.727,161.004,14404
2023-11-08 16:00:00,161.004,161.623,160.998,161.589,19619
2023-11-08 20:00:00,161.589,161.729,161.525,161.608,9551
2023-11-09 00:00:00,161.577,161.686,161.466,161.631,6066
2023-11-09 04:00:00,161.632,161.691,161.593,161.647,4930
2023-11-09 08:00:00,161.646,161.74,161.464,161.575,14163
2023-11-09 12:00:00,161.575,161.655,161.446,161.646,16449
2023-11-09 16:00:00,161.649,161.796,161.519,161.724,18029
2023-11-09 20:00:00,161.725,161.725,161.365,161.4,20741
2023-11-10 00:00:00,161.307,161.472,161.253,161.401,6646
2023-11-10 04:00:00,161.403,161.529,161.386,161.525,6497
2023-11-10 08:00:00,161.523,161.724,161.383,161.705,13477
2023-11-10 12:00:00,161.704,161.856,161.602,161.781,16202
2023-11-10 16:00:00,161.782,161.887,161.548,161.851,19704
2023-11-10 20:00:00,161.851,161.946,161.743,161.751,7636
2023-11-13 00:00:00,161.807,162.053,161.726,161.974,8668
2023-11-13 04:00:00,161.974,162.201,161.962,162.183,8037
2023-11-13 08:00:00,162.183,162.367,162.154,162.242,18990
2023-11-13 12:00:00,162.241,162.337,161.902,162.018,17005
2023-11-13 16:00:00,162.018,162.243,161.54,162.186,25270
2023-11-13 20:00:00,162.184,162.336,162.143,162.258,9153
2023-11-14 00:00:00,162.258,162.387,162.071,162.335,8519
2023-11-14 04:00:00,162.333,162.356,162.226,162.261,6951
2023-11-14 08:00:00,162.261,162.565,162.241,162.562,16741
2023-11-14 12:00:00,162.561,163.144,162.502,162.919,25932
2023-11-14 16:00:00,162.92,163.814,162.894,163.749,38083
2023-11-14 20:00:00,163.75,163.755,163.47,163.574,13430
2023-11-15 00:00:00,163.566,163.851,163.314,163.704,11097
2023-11-15 04:00:00,163.705,163.914,163.677,163.807,9342
2023-11-15 08:00:00,163.808,163.94,163.069,163.217,23017
2023-11-15 12:00:00,163.218,163.746,163.188,163.728,23950
2023-11-15 16:00:00,163.728,164.075,163.682,164.071,30105
2023-11-15 20:00:00,164.07,164.222,164.009,164.207,12478
2023-11-16 00:00:00,164.21,164.21,163.876,163.961,9776
2023-11-16 04:00:00,163.961,164.022,163.838,163.982,9744
2023-11-16 08:00:00,163.982,164.305,163.982,164.157,18039
2023-11-16 12:00:00,164.156,164.177,163.809,163.928,22486
2023-11-16 16:00:00,163.927,163.975,163.255,163.451,30224
2023-11-16 20:00:00,163.452,163.604,163.351,163.512,13103
2023-11-17 00:00:00,163.512,163.606,163.386,163.473,8148
2023-11-17 04:00:00,163.473,163.513,163.245,163.486,8676
2023-11-17 08:00:00,163.492,163.522,162.244,162.376,24449
2023-11-17 12:00:00,162.375,162.699,162.154,162.671,27639
2023-11-17 16:00:00,162.672,163.067,162.555,163.03,27640
2023-11-17 20:00:00,163.03,163.317,163.028,163.3,10615
2023-11-20 00:00:00,163.214,163.563,162.966,163.097,12394
2023-11-20 04:00:00,163.097,163.171,162.52,162.783,21905
2023-11-20 08:00:00,162.783,162.882,162.074,162.09,27397
2023-11-20 12:00:00,162.089,162.33,161.78,162.275,23434
2023-11-20 16:00:00,162.275,162.44,162.148,162.269,23560
2023-11-20 20:00:00,162.269,162.428,162.205,162.272,12905
2023-11-21 00:00:00,162.272,162.426,161.996,162.112,16633
2023-11-21 04:00:00,162.111,162.179,161.45,161.907,21624
2023-11-21 08:00:00,161.907,161.931,161.247,161.718,26171
2023-11-21 12:00:00,161.719,161.752,161.496,161.577,21334
2023-11-21 16:00:00,161.577,161.761,161.439,161.592,28514
2023-11-21 20:00:00,161.592,161.993,161.531,161.855,16082
2023-11-22 00:00:00,161.861,161.949,161.594,161.866,14116
2023-11-22 04:00:00,161.865,162.321,161.707,162.27,11782
2023-11-22 08:00:00,162.269,162.727,162.244,162.587,26680
2023-11-22 12:00:00,162.585,162.63,162.1,162.626,28941
2023-11-22 16:00:00,162.626,162.844,162.374,162.78,31113
2023-11-22 20:00:00,162.78,162.943,162.778,162.805,12216
2023-11-23 00:00:00,162.794,162.806,162.479,162.533,7559
2023-11-23 04:00:00,162.533,162.732,162.437,162.557,8347
2023-11-23 08:00:00,162.557,163.019,162.51,163.011,22385
2023-11-23 12:00:00,163.013,163.052,162.771,162.952,17796
2023-11-23 16:00:00,162.952,163.194,162.852,163.173,12649
2023-11-23 20:00:00,163.173,163.173,163.037,163.037,3484
2023-11-24 00:00:00,163.055,163.236,162.827,163.01,10521
2023-11-24 04:00:00,163.01,163.062,162.724,162.862,9168
2023-11-24 08:00:00,162.863,163.29,162.777,163.144,17647
2023-11-24 12:00:00,163.144,163.393,163.102,163.385,16321
2023-11-24 16:00:00,163.386,163.629,163.307,163.587,17161
2023-11-24 20:00:00,163.586,163.65,163.324,163.413,8347
2023-11-27 00:00:00,163.423,163.716,163.155,163.227,13324
2023-11-27 04:00:00,163.226,163.322,162.932,163.295,15426
2023-11-27 08:00:00,163.296,163.476,162.978,163.447,20581
2023-11-27 12:00:00,163.449,163.492,162.789,162.863,20700
2023-11-27 16:00:00,162.863,162.971,162.537,162.869,26719
2023-11-27 20:00:00,162.875,162.89,162.712,162.851,13341
2023-11-28 00:00:00,162.771,162.855,162.246,162.4,15252
2023-11-28 04:00:00,162.399,162.491,162.2,162.385,13665
2023-11-28 08:00:00,162.384,162.926,162.227,162.707,21543
2023-11-28 12:00:00,162.706,162.843,162.54,162.789,22637
2023-11-28 16:00:00,162.788,162.866,162.09,162.116,42911
2023-11-28 20:00:00,162.116,162.149,161.923,162.097,17160
2023-11-29 00:00:00,161.937,162.136,161.543,161.685,21787
2023-11-29 04:00:00,161.678,162.068,161.567,161.889,16944
2023-11-29 08:00:00,161.889,162.142,161.583,161.943,29890
2023-11-29 12:00:00,161.944,162.252,161.798,162.095,32885
2023-11-29 16:00:00,162.095,162.199,161.519,161.639,35033
2023-11-29 20:00:00,161.638,161.765,161.482,161.506,14037
2023-11-30 00:00:00,161.431,161.53,161.124,161.295,14310
2023-11-30 04:00:00,161.294,161.47,161.22,161.322,13850
2023-11-30 08:00:00,161.321,161.464,160.591,161.056,28938
2023-11-30 12:00:00,161.057,161.449,161.016,161.428,29958
2023-11-30 16:00:00,161.431,161.942,161.195,161.398,46676
2023-11-30 20:00:00,161.399,161.439,161.309,161.346,17080
2023-12-01 00:00:00,161.302,161.382,160.98,161.106,18894
2023-12-01 04:00:00,161.107,161.573,161.082,161.548,14899
2023-12-01 08:00:00,161.547,161.772,160.943,161.132,24520
2023-12-01 12:00:00,161.131,161.467,160.982,161.046,21703
2023-12-01 16:00:00,161.047,161.069,159.752,159.798,46147
2023-12-01 20:00:00,159.8,159.89,159.639,159.673,19585
2023-12-04 00:00:00,159.546,159.763,159.11,159.445,24889
2023-12-04 04:00:00,159.447,159.707,159.352,159.572,14811
2023-12-04 08:00:00,159.571,159.845,159.306,159.439,27174
2023-12-04 12:00:00,159.439,159.509,159.157,159.19,24180
2023-12-04 16:00:00,159.191,159.415,158.709,159.41,36629
2023-12-04 20:00:00,159.411,159.593,159.382,159.503,13164
2023-12-05 00:00:00,159.349,159.722,159.117,159.51,14840
2023-12-05 04:00:00,159.51,159.6,159.441,159.487,11413
2023-12-05 08:00:00,159.483,159.536,158.576,159.294,27168
2023-12-05 12:00:00,159.294,159.515,158.949,158.957,25268
2023-12-05 16:00:00,158.957,159.29,158.739,158.779,40022
2023-12-05 20:00:00,158.78,158.948,158.749,158.833,13362
2023-12-06 00:00:00,158.731,158.988,158.717,158.93,12226
2023-12-06 04:00:00,158.929,159.087,158.846,158.965,12599
2023-12-06 08:00:00,158.966,159.059,158.379,158.977,25874
2023-12-06 12:00:00,158.975,159.122,158.562,158.819,26076
2023-12-06 16:00:00,158.819,159.027,158.688,158.721,31067
2023-12-06 20:00:00,158.719,158.758,158.548,158.563,12756
2023-12-07 00:00:00,158.474,158.584,158.077,158.154,13374
2023-12-07 04:00:00,158.153,158.201,157.657,157.702,15954
2023-12-07 08:00:00,157.698,157.802,156.117,156.155,43200
2023-12-07 12:00:00,156.156,156.435,155.748,156.281,41771
2023-12-07 16:00:00,156.279,156.288,153.127,154.924,48114
2023-12-07 20:00:00,154.936,155.624,154.637,155.556,27283
2023-12-08 00:00:00,155.562,155.722,153.86,154.677,37246
2023-12-08 04:00:00,154.675,155.56,154.341,155.214,30756
2023-12-08 08:00:00,155.213,155.686,155.011,155.494,39163
2023-12-08 12:00:00,155.495,155.989,154.83,154.971,42024
2023-12-08 16:00:00,154.971,155.832,154.891,155.751,48099
2023-12-08 20:00:00,155.751,156.09,155.72,155.933,14944
2023-12-11 00:00:00,155.827,156.785,155.799,156.604,20656
2023-12-11 04:00:00,156.606,156.771,156.43,156.737,12282
2023-12-11 08:00:00,156.738,157.548,156.424,157.393,27824
2023-12-11 12:00:00,157.391,157.681,157.317,157.459,23573
2023-12-11 16:00:00,157.458,157.482,156.982,157.36,30914
2023-12-11 20:00:00,157.36,157.458,157.243,157.342,16378
2023-12-12 00:00:00,156.985,157.352,156.708,156.879,18631
2023-12-12 04:00:00,156.878,157.005,156.495,156.551,15001
2023-12-12 08:00:00,156.553,157.131,156.532,156.947,25992
2023-12-12 12:00:00,156.945,157.16,156.636,156.96,32839
2023-12-12 16:00:00,156.96,157.204,156.797,157.144,34177
2023-12-12 20:00:00,157.143,157.217,156.997,156.997,13935
2023-12-13 00:00:00,156.858,157.151,156.773,156.916,15195
2023-12-13 04:00:00,156.913,157.179,156.819,157.061,15685
2023-12-13 08:00:00,157.059,157.479,157.03,157.316,27045
2023-12-13 12:00:00,157.316,157.331,156.834,156.852,29666
2023-12-13 16:00:00,156.853,156.876,156.498,156.559,30480
2023-12-13 20:00:00,156.56,156.681,155.339,155.339,57527
2023-12-14 00:00:00,155.296,155.552,154.598,155.083,32760
2023-12-14 04:00:00,155.083,155.145,153.849,154.052,35958
2023-12-14 08:00:00,154.052,154.892,154.049,154.272,47713
2023-12-14 12:00:00,154.272,155.397,154.264,155.251,53516
2023-12-14 16:00:00,155.25,156.009,154.944,155.824,53754
2023-12-14 20:00:00,155.826,156.062,155.693,155.977,22812
2023-12-15 00:00:00,155.899,156.491,155.862,156.365,19860
2023-12-15 04:00:00,156.365,156.448,155.663,155.852,22445
2023-12-15 08:00:00,155.852,156.174,155.105,155.39,32845
2023-12-15 12:00:00,155.39,155.5,154.848,155.351,39007
2023-12-15 16:00:00,155.353,155.363,154.4,154.967,46789
2023-12-15 20:00:00,154.968,155.031,154.771,154.822,23061
2023-12-18 00:00:00,154.785,155.263,154.741,155.019,17854
2023-12-18 04:00:00,155.018,155.239,154.972,155.22,17812
2023-12-18 08:00:00,155.221,155.65,155.204,155.598,31951
2023-12-18 12:00:00,155.597,156.028,155.539,155.978,32228
2023-12-18 16:00:00,155.978,156.306,155.974,156.178,32211
2023-12-18 20:00:00,156.18,156.192,155.96,155.96,14795
2023-12-19 00:00:00,155.821,156.034,155.381,155.643,21213
2023-12-19 04:00:00,155.647,157.01,155.568,156.816,29360
2023-12-19 08:00:00,156.817,158.349,155.721,158.142,44882
2023-12-19 12:00:00,158.142,158.569,158.033,158.171,32897
2023-12-19 16:00:00,158.171,158.345,157.594,157.854,35239
2023-12-19 20:00:00,157.859,157.994,157.792,157.921,15827
2023-12-20 00:00:00,157.736,158.128,157.704,157.789,18301
2023-12-20 04:00:00,157.788,157.961,157.24,157.441,18277
2023-12-20 08:00:00,157.441,157.576,157.04,157.241,33143
2023-12-20 12:00:00,157.244,157.249,156.783,157.121,28327
2023-12-20 16:00:00,157.12,157.737,157.118,157.681,30668
2023-12-20 20:00:00,157.68,157.716,156.974,156.974,21315
2023-12-21 00:00:00,156.826,157.12,156.523,156.625,16353
2023-12-21 04:00:00,156.628,156.663,156.354,156.581,16153
2023-12-21 08:00:00,156.58,156.912,156.413,156.555,25575
2023-12-21 12:00:00,156.557,156.875,156.229,156.284,34361
2023-12-21 16:00:00,156.285,156.526,156.132,156.269,40492
2023-12-21 20:00:00,156.268,156.523,156.267,156.446,18104
2023-12-22 00:00:00,156.412,156.583,156.129,156.509,17786
2023-12-22 04:00:00,156.509,156.745,156.44,156.546,17883
2023-12-22 08:00:00,156.546,156.679,156.343,156.382,28753
2023-12-22 12:00:00,156.381,156.747,156.324,156.602,31161
2023-12-22 16:00:00,156.606,156.986,156.506,156.93,35824
2023-12-22 20:00:00,156.93,156.992,156.76,156.821,15939
2023-12-25 00:00:00,156.774,156.863,156.576,156.753,250
2023-12-26 00:00:00,156.603,156.878,156.541,156.8,10296
2023-12-26 04:00:00,156.8,156.891,156.745,156.872,10839
2023-12-26 08:00:00,156.876,156.976,156.752,156.958,13323
2023-12-26 12:00:00,156.959,157.0,156.758,156.859,11881
2023-12-26 16:00:00,156.858,157.316,156.827,157.217,16217
2023-12-26 20:00:00,157.219,157.365,157.173,157.223,12305
2023-12-27 00:00:00,157.097,157.667,157.023,157.392,13548
2023-12-27 04:00:00,157.389,157.519,157.147,157.437,12940
2023-12-27 08:00:00,157.435,157.775,157.281,157.617,24705
2023-12-27 12:00:00,157.618,157.847,157.543,157.838,21764
2023-12-27 16:00:00,157.839,158.388,157.688,157.807,29504
2023-12-27 20:00:00,157.807,157.858,157.293,157.479,19617
2023-12-28 00:00:00,157.234,157.468,156.856,157.267,17507
2023-12-28 04:00:00,157.268,157.278,156.769,156.824,16033
2023-12-28 08:00:00,156.824,156.936,156.431,156.635,28902
2023-12-28 12:00:00,156.636,156.673,156.266,156.28,25196
2023-12-28 16:00:00,156.281,156.847,155.833,156.393,36981
2023-12-28 20:00:00,156.393,156.606,156.301,156.36,18352
2023-12-29 00:00:00,156.204,156.949,156.107,156.763,15467
2023-12-29 04:00:00,156.762,156.78,156.302,156.391,10358
2023-12-29 08:00:00,156.39,156.792,156.279,156.79,22306
2023-12-29 12:00:00,156.791,156.897,156.267,156.716,27102
2023-12-29 16:00:00,156.716,156.749,155.651,155.837,38163
2023-12-29 20:00:00,155.837,155.947,155.632,155.65,18204
2024-01-02 00:00:00,155.563,156.142,155.44,156.086,13850
2024-01-02 04:00:00,156.087,156.186,155.9,155.961,15359
2024-01-02 08:00:00,155.963,156.341,155.786,155.931,30168
2024-01-02 12:00:00,155.93,155.998,155.527,155.697,37729
2024-01-02 16:00:00,155.699,155.715,155.07,155.473,39601
2024-01-02 20:00:00,155.472,155.485,155.259,155.362,14535
2024-01-03 00:00:00,155.227,155.609,155.08,155.529,12816
2024-01-03 04:00:00,155.529,155.688,155.465,155.644,13674
2024-01-03 08:00:00,155.644,156.259,155.582,155.995,31917
2024-01-03 12:00:00,155.996,156.208,155.787,156.199,33843
2024-01-03 16:00:00,156.199,156.79,156.131,156.625,44185
2024-01-03 20:00:00,156.624,156.776,156.318,156.489,27897
2024-01-04 00:00:00,156.36,156.617,156.07,156.601,15940
2024-01-04 04:00:00,156.602,157.181,156.52,157.106,16609
2024-01-04 08:00:00,157.104,157.809,156.631,157.791,33483
2024-01-04 12:00:00,157.795,158.246,157.754,158.232,32579
2024-01-04 16:00:00,158.231,158.589,158.228,158.346,35662
2024-01-04 20:00:00,158.347,158.471,158.186,158.292,14023
2024-01-05 00:00:00,158.173,158.678,158.04,158.523,16761
2024-01-05 04:00:00,158.523,158.602,158.208,158.296,14949
2024-01-05 08:00:00,158.297,158.832,158.186,158.434,29198
2024-01-05 12:00:00,158.428,158.993,158.374,158.878,31668
2024-01-05 16:00:00,158.88,158.996,158.047,158.45,45013
2024-01-05 20:00:00,158.451,158.583,158.149,158.152,16522
2024-01-08 00:00:00,158.129,158.487,158.05,158.072,11589
2024-01-08 04:00:00,158.072,158.165,157.851,157.901,13132
2024-01-08 08:00:00,157.902,158.144,157.718,157.75,27452
2024-01-08 12:00:00,157.768,158.378,157.716,158.192,26865
2024-01-08 16:00:00,158.193,158.294,157.686,157.856,28688
2024-01-08 20:00:00,157.856,157.999,157.807,157.891,11990
2024-01-09 00:00:00,157.757,157.992,157.246,157.281,15896
2024-01-09 04:00:00,157.281,157.547,157.226,157.447,16920
2024-01-09 08:00:00,157.447,157.986,157.324,157.537,27295
2024-01-09 12:00:00,157.543,157.702,157.306,157.37,27608
2024-01-09 16:00:00,157.37,157.965,157.206,157.896,28863
2024-01-09 20:00:00,157.896,158.002,157.738,157.914,15887
2024-01-10 00:00:00,157.595,158.293,157.595,158.238,15461
2024-01-10 04:00:00,158.236,158.459,158.151,158.273,13733
2024-01-10 08:00:00,158.277,158.731,158.207,158.649,28066
2024-01-10 12:00:00,158.647,159.09,158.544,158.966,23217
2024-01-10 16:00:00,158.965,159.786,158.885,159.697,26434
2024-01-10 20:00:00,159.698,159.957,159.628,159.932,14960
2024-01-11 00:00:00,159.861,160.006,159.559,159.594,15742
2024-01-11 04:00:00,159.594,159.832,159.509,159.723,14159
2024-01-11 08:00:00,159.724,159.85,159.423,159.57,25577
2024-01-11 12:00:00,159.571,159.987,159.373,159.987,36659
2024-01-11 16:00:00,159.986,160.179,159.541,159.83,53801
2024-01-11 20:00:00,159.833,159.958,159.38,159.411,25231
2024-01-12 00:00:00,159.32,159.572,159.075,159.369,21680
2024-01-12 04:00:00,159.37,159.549,159.021,159.419,18036
2024-01-12 08:00:00,159.419,159.426,158.974,159.105,29049
2024-01-12 12:00:00,159.105,159.295,158.61,158.62,34573
2024-01-12 16:00:00,158.621,158.921,158.541,158.721,41295
2024-01-12 20:00:00,158.72,158.852,158.61,158.66,15653
2024-01-15 00:00:00,158.575,159.02,158.371,158.926,14583
2024-01-15 04:00:00,158.927,159.292,158.883,159.275,12595
2024-01-15 08:00:00,159.277,159.549,159.197,159.457,24745
2024-01-15 12:00:00,159.454,159.832,159.314,159.641,25996
2024-01-15 16:00:00,159.641,159.689,159.449,159.6,16317
2024-01-15 20:00:00,159.601,159.696,159.565,159.607,4937
2024-01-16 00:00:00,159.395,159.682,159.236,159.43,19225
2024-01-16 04:00:00,159.431,159.722,159.413,159.543,19460
2024-01-16 08:00:00,159.543,159.695,159.407,159.523,34738
2024-01-16 12:00:00,159.524,159.846,159.316,159.441,32935
2024-01-16 16:00:00,159.438,160.024,159.373,159.962,41139
2024-01-16 20:00:00,159.965,160.146,159.916,160.068,15128
2024-01-17 00:00:00,159.856,160.376,159.856,160.104,17480
2024-01-17 04:00:00,160.106,160.403,160.049,160.341,18237
2024-01-17 08:00:00,160.341,160.849,160.325,160.676,36429
2024-01-17 12:00:00,160.671,160.795,160.502,160.718,30299
2024-01-17 16:00:00,160.717,161.247,160.666,161.077,39325
2024-01-17 20:00:00,161.078,161.293,161.015,161.216,18669
2024-01-18 00:00:00,161.123,161.389,161.068,161.3,17799
2024-01-18 04:00:00,161.31,161.38,161.097,161.112,16259
2024-01-18 08:00:00,161.113,161.296,160.794,160.928,30982
2024-01-18 12:00:00,160.926,161.131,160.684,160.867,34010
2024-01-18 16:00:00,160.868,161.042,160.644,160.964,36975
2024-01-18 20:00:00,160.963,161.139,160.804,161.127,18885
2024-01-19 00:00:00,160.814,161.506,160.774,161.49,16977
2024-01-19 04:00:00,161.494,161.777,161.305,161.745,16890
2024-01-19 08:00:00,161.746,161.866,160.887,161.042,31230
2024-01-19 12:00:00,161.042,161.277,160.81,161.183,25572
2024-01-19 16:00:00,161.182,161.477,161.136,161.297,35402
2024-01-19 20:00:00,161.301,161.51,161.301,161.413,15803
2024-01-22 00:00:00,161.309,161.555,161.088,161.198,22289
2024-01-22 04:00:00,161.198,161.467,161.142,161.401,18418
2024-01-22 08:00:00,161.401,161.52,161.261,161.399,30615
2024-01-22 12:00:00,161.403,161.413,160.756,160.859,28880
2024-01-22 16:00:00,160.86,161.266,160.817,161.25,27324
2024-01-22 20:00:00,161.25,161.355,161.107,161.19,16769
2024-01-23 00:00:00,160.929,161.279,160.929,161.257,14240
2024-01-23 04:00:00,161.258,161.712,161.064,161.338,28496
2024-01-23 08:00:00,161.331,161.548,160.412,160.822,46573
2024-01-23 12:00:00,160.828,161.001,160.615,160.992,27454
2024-01-23 16:00:00,160.99,161.083,160.655,160.951,30489
2024-01-23 20:00:00,160.952,161.046,160.838,161.028,16102
2024-01-24 00:00:00,160.756,161.069,160.673,160.719,16644
2024-01-24 04:00:00,160.719,160.94,160.481,160.626,19905
2024-01-24 08:00:00,160.626,160.9,160.236,160.852,37236
2024-01-24 12:00:00,160.851,160.868,160.277,160.345,32407
2024-01-24 16:00:00,160.346,160.691,159.979,160.514,45333
2024-01-24 20:00:00,160.515,160.723,160.467,160.544,20520
2024-01-25 00:00:00,160.485,160.739,160.353,160.626,18094
2024-01-25 04:00:00,160.624,160.829,160.576,160.782,16062
2024-01-25 08:00:00,160.783,160.97,160.595,160.868,29342
2024-01-25 12:00:00,160.868,160.905,160.171,160.327,37716
2024-01-25 16:00:00,160.329,160.329,159.697,160.213,47202
2024-01-25 20:00:00,160.214,160.241,160.028,160.121,17647
2024-01-26 00:00:00,160.054,160.31,159.938,160.014,17223
2024-01-26 04:00:00,160.015,160.227,159.969,160.178,12659
2024-01-26 08:00:00,160.179,160.528,159.829,160.316,31757
2024-01-26 12:00:00,160.315,160.681,160.265,160.53,32553
2024-01-26 16:00:00,160.529,160.927,160.511,160.775,35581
2024-01-26 20:00:00,160.774,160.878,160.706,160.752,17063
2024-01-29 00:00:00,160.478,160.839,160.478,160.638,16382
2024-01-29 04:00:00,160.637,160.725,160.46,160.464,13535
2024-01-29 08:00:00,160.465,160.509,159.898,159.936,31046
2024-01-29 12:00:00,159.936,160.253,159.822,160.113,24966
2024-01-29 16:00:00,160.113,160.158,159.417,159.646,28679
2024-01-29 20:00:00,159.646,159.818,159.591,159.816,20736
2024-01-30 00:00:00,159.567,159.83,159.521,159.624,15638
2024-01-30 04:00:00,159.619,159.784,159.469,159.513,13833
2024-01-30 08:00:00,159.514,159.684,159.215,159.574,30331
2024-01-30 12:00:00,159.576,159.994,159.436,159.835,32123
2024-01-30 16:00:00,159.834,160.343,159.628,160.208,37830
2024-01-30 20:00:00,160.208,160.208,160.02,160.02,15239
2024-01-31 00:00:00,160.007,160.061,159.644,159.811,20500
2024-01-31 04:00:00,159.811,159.914,159.682,159.835,18419
2024-01-31 08:00:00,159.834,159.978,159.477,159.915,37936
2024-01-31 12:00:00,159.917,160.27,159.872,160.156,36702
2024-01-31 16:00:00,160.156,160.197,158.642,158.796,60109
2024-01-31 20:00:00,158.799,159.236,158.566,158.896,70419
2024-02-01 00:00:00,158.849,158.993,158.486,158.649,23517
2024-02-01 04:00:00,158.648,158.713,158.46,158.655,20585
2024-02-01 08:00:00,158.656,158.707,158.078,158.515,40461
2024-02-01 12:00:00,158.521,159.149,158.426,158.597,42688
2024-02-01 16:00:00,158.596,159.194,158.325,159.129,55160
2024-02-01 20:00:00,159.129,159.205,158.967,159.066,26136
2024-02-02 00:00:00,159.057,159.311,159.026,159.113,16595
2024-02-02 04:00:00,159.112,159.411,159.087,159.277,14829
2024-02-02 08:00:00,159.276,159.931,159.242,159.765,31969
2024-02-02 12:00:00,159.766,159.942,159.372,159.909,40021
2024-02-02 16:00:00,159.91,160.263,159.532,160.161,52911
2024-02-02 20:00:00,160.162,160.209,159.928,160.056,24928
2024-02-05 00:00:00,159.838,160.274,159.838,159.926,24032
2024-02-05 04:00:00,159.926,160.107,159.854,159.935,20389
2024-02-05 08:00:00,159.937,160.187,159.653,159.691,31364
2024-02-05 12:00:00,159.691,159.797,159.478,159.515,31210
2024-02-05 16:00:00,159.515,159.755,159.382,159.609,36507
2024-02-05 20:00:00,159.608,159.769,159.551,159.693,15724
2024-02-06 00:00:00,159.559,159.746,159.53,159.598,14590
2024-02-06 04:00:00,159.597,159.766,159.524,159.624,16499
2024-02-06 08:00:00,159.623,159.871,159.47,159.522,31810
2024-02-06 12:00:00,159.522,159.717,159.38,159.478,31634
2024-02-06 16:00:00,159.478,159.53,158.964,159.027,42637
2024-02-06 20:00:00,159.027,159.118,158.963,159.098,22396
2024-02-07 00:00:00,159.027,159.154,158.906,159.093,17180
2024-02-07 04:00:00,159.094,159.295,159.09,159.237,16109
2024-02-07 08:00:00,159.239,159.402,159.137,159.299,31421
2024-02-07 12:00:00,159.298,159.737,159.249,159.598,33871
2024-02-07 16:00:00,159.599,159.621,159.055,159.466,46634
2024-02-07 20:00:00,159.463,159.65,159.371,159.613,16760
2024-02-08 00:00:00,159.489,159.908,159.444,159.853,17438
2024-02-08 04:00:00,159.853,160.292,159.852,160.217,17734
2024-02-08 08:00:00,160.217,160.482,160.16,160.411,30097
2024-02-08 12:00:00,160.413,160.698,160.362,160.518,36473
2024-02-08 16:00:00,160.517,160.956,160.446,160.932,36417
2024-02-08 20:00:00,160.93,160.996,160.801,160.872,19091
2024-02-09 00:00:00,160.882,160.986,160.828,160.849,15866
2024-02-09 04:00:00,160.849,161.017,160.83,160.932,14398
2024-02-09 08:00:00,160.927,161.265,160.771,160.89,32028
2024-02-09 12:00:00,160.892,161.098,160.774,161.093,37886
2024-02-09 16:00:00,161.097,161.184,160.972,161.092,37916
2024-02-09 20:00:00,161.091,161.156,160.926,160.938,16004
2024-02-12 00:00:00,160.783,161.102,160.783,161.044,13393
2024-02-12 04:00:00,161.044,161.088,160.99,161.02,10165
2024-02-12 08:00:00,161.022,161.095,160.567,160.6,29054
2024-02-12 12:00:00,160.6,160.695,160.383,160.605,29025
2024-02-12 16:00:00,160.605,161.003,160.592,160.936,30206
2024-02-12 20:00:00,160.937,161.062,160.82,160.86,16445
2024-02-13 00:00:00,160.71,160.968,160.688,160.824,13035
2024-02-13 04:00:00,160.824,161.04,160.784,161.023,11965
2024-02-13 08:00:00,161.022,161.256,160.915,161.031,29106
2024-02-13 12:00:00,161.031,161.329,160.769,161.092,40608
2024-02-13 16:00:00,161.091,161.634,160.973,161.572,44368
2024-02-13 20:00:00,161.57,161.607,161.391,161.456,19790
2024-02-14 00:00:00,161.316,161.504,161.188,161.257,18409
2024-02-14 04:00:00,161.258,161.333,161.131,161.269,14954
2024-02-14 08:00:00,161.267,161.333,160.954,161.188,33094
2024-02-14 12:00:00,161.188,161.416,161.124,161.398,32313
2024-02-14 16:00:00,161.399,161.585,161.318,161.429,39064
2024-02-14 20:00:00,161.43,161.589,161.372,161.44,17605
2024-02-15 00:00:00,161.254,161.588,161.087,161.144,17456
2024-02-15 04:00:00,161.143,161.239,161.018,161.136,14695
2024-02-15 08:00:00,161.138,161.256,160.912,161.026,28957
2024-02-15 12:00:00,161.025,161.438,160.973,161.316,33456
2024-02-15 16:00:00,161.316,161.649,161.315,161.535,41284
2024-02-15 20:00:00,161.536,161.556,161.392,161.502,17691
2024-02-16 00:00:00,161.374,161.686,161.364,161.541,15319
2024-02-16 04:00:00,161.542,161.793,161.539,161.593,16322
2024-02-16 08:00:00,161.594,161.829,161.589,161.804,26539
2024-02-16 12:00:00,161.806,161.898,161.646,161.761,30505
2024-02-16 16:00:00,161.76,161.923,161.687,161.91,40059
2024-02-16 20:00:00,161.909,161.956,161.777,161.812,18122
2024-02-19 00:00:00,161.769,161.923,161.614,161.681,16342
2024-02-19 04:00:00,161.682,161.752,161.555,161.738,15995
2024-02-19 08:00:00,161.738,161.815,161.496,161.558,24090
2024-02-19 12:00:00,161.557,161.693,161.498,161.521,22970
2024-02-19 16:00:00,161.521,161.845,161.478,161.837,19069
2024-02-19 20:00:00,161.836,161.922,161.806,161.841,6282
2024-02-20 00:00:00,161.782,161.938,161.734,161.784,18195
2024-02-20 04:00:00,161.782,161.978,161.762,161.973,14990
2024-02-20 08:00:00,161.974,162.296,161.857,162.266,28361
2024-02-20 12:00:00,162.265,162.363,162.103,162.333,31411
2024-02-20 16:00:00,162.332,162.364,161.965,162.07,34937
2024-02-20 20:00:00,162.067,162.198,162.044,162.114,18193
2024-02-21 00:00:00,162.02,162.272,162.017,162.194,16146
2024-02-21 04:00:00,162.195,162.262,162.105,162.229,14244
2024-02-21 08:00:00,162.238,162.378,161.977,162.116,28139
2024-02-21 12:00:00,162.116,162.26,161.945,162.258,29143
2024-02-21 16:00:00,162.257,162.601,162.205,162.466,32877
2024-02-21 20:00:00,162.465,162.63,162.421,162.616,25639
2024-02-22 00:00:00,162.452,162.934,162.445,162.746,17093
2024-02-22 04:00:00,162.745,162.891,162.675,162.814,16114
2024-02-22 08:00:00,162.813,163.465,162.786,162.987,37034
2024-02-22 12:00:00,162.988,163.159,162.903,162.967,30737
2024-02-22 16:00:00,162.968,162.994,162.65,162.966,39770
2024-02-22 20:00:00,162.966,162.999,162.849,162.909,19720
2024-02-23 00:00:00,162.789,162.946,162.789,162.907,12944
2024-02-23 04:00:00,162.908,163.031,162.861,163.0,10872
2024-02-23 08:00:00,163.001,163.173,162.985,163.073,24835
2024-02-23 12:00:00,163.074,163.211,162.868,162.995,29544
2024-02-23 16:00:00,162.994,163.036,162.687,162.816,34374
2024-02-23 20:00:00,162.816,162.908,162.743,162.876,17247
2024-02-26 00:00:00,162.803,162.916,162.563,162.706,15747
2024-02-26 04:00:00,162.705,162.893,162.705,162.818,13578
2024-02-26 08:00:00,162.818,163.324,162.78,163.291,24520
2024-02-26 12:00:00,163.29,163.585,163.268,163.571,22205
2024-02-26 16:00:00,163.572,163.721,163.424,163.514,25173
2024-02-26 20:00:00,163.514,163.563,163.458,163.51,14195
2024-02-27 00:00:00,163.284,163.502,163.266,163.305,10275
2024-02-27 04:00:00,163.309,163.354,163.234,163.345,10165
2024-02-27 08:00:00,163.346,163.386,163.008,163.081,21165
2024-02-27 12:00:00,163.081,163.23,162.89,163.022,27098
2024-02-27 16:00:00,163.021,163.384,162.946,163.227,26788
2024-02-27 20:00:00,163.228,163.304,163.162,163.178,12566
2024-02-28 00:00:00,163.157,163.232,163.015,163.026,10950
2024-02-28 04:00:00,163.026,163.195,162.984,163.051,12902
2024-02-28 08:00:00,163.052,163.2,162.753,162.801,19819
2024-02-28 12:00:00,162.801,163.231,162.794,163.182,23658
2024-02-28 16:00:00,163.184,163.412,163.131,163.334,23533
2024-02-28 20:00:00,163.335,163.357,163.19,163.195,12335
2024-02-29 00:00:00,163.217,163.294,162.646,162.663,12709
2024-02-29 04:00:00,162.666,162.697,162.178,162.426,19299
2024-02-29 08:00:00,162.429,162.66,162.045,162.547,28734
2024-02-29 12:00:00,162.545,162.744,162.282,162.332,31509
2024-02-29 16:00:00,162.332,162.448,161.681,161.993,33950
2024-02-29 20:00:00,161.997,162.075,161.919,162.053,14333
2024-03-01 00:00:00,162.037,162.708,161.911,162.704,16093
2024-03-01 04:00:00,162.703,162.752,162.595,162.667,10814
2024-03-01 08:00:00,162.667,162.94,162.493,162.894,21964
2024-03-01 12:00:00,162.903,163.01,162.341,162.891,27800
2024-03-01 16:00:00,162.891,162.928,162.521,162.724,33058
2024-03-01 20:00:00,162.724,162.767,162.562,162.616,16682
2024-03-04 00:00:00,162.509,162.832,162.488,162.742,14465
2024-03-04 04:00:00,162.741,163.007,162.727,162.997,9980
2024-03-04 08:00:00,162.995,163.254,162.772,163.004,24258
2024-03-04 12:00:00,163.003,163.346,162.998,163.232,25061
2024-03-04 16:00:00,163.232,163.521,163.211,163.44,23709
2024-03-04 20:00:00,163.44,163.464,163.359,163.378,10863
2024-03-05 00:00:00,163.168,163.421,163.156,163.246,16200
2024-03-05 04:00:00,163.244,163.368,163.244,163.334,10879
2024-03-05 08:00:00,163.336,163.355,163.023,163.221,21259
2024-03-05 12:00:00,163.215,163.276,162.78,162.792,22106
2024-03-05 16:00:00,162.793,163.168,162.675,163.001,32767
2024-03-05 20:00:00,163.001,163.002,162.608,162.902,14124
2024-03-06 00:00:00,162.868,162.928,162.646,162.693,13569
2024-03-06 04:00:00,162.693,162.783,162.62,162.735,11702
2024-03-06 08:00:00,162.735,162.921,162.211,162.762,26898
2024-03-06 12:00:00,162.762,162.924,162.533,162.586,29456
2024-03-06 16:00:00,162.585,162.96,162.519,162.801,36006
2024-03-06 20:00:00,162.801,162.853,162.653,162.821,17914
2024-03-07 00:00:00,162.685,162.789,161.913,161.96,20737
2024-03-07 04:00:00,161.951,162.128,161.826,162.018,19041
2024-03-07 08:00:00,162.018,162.06,160.993,161.326,29501
2024-03-07 12:00:00,161.325,161.326,160.553,160.657,31345
2024-03-07 16:00:00,160.658,162.131,160.62,161.988,35895
2024-03-07 20:00:00,161.986,162.14,161.949,162.043,12538
2024-03-08 00:00:00,162.046,162.175,161.62,162.004,16957
2024-03-08 04:00:00,162.004,162.112,161.767,161.792,14113
2024-03-08 08:00:00,161.789,162.024,160.618,160.895,28388
2024-03-08 12:00:00,160.896,161.106,160.668,161.045,34442
2024-03-08 16:00:00,161.044,161.228,160.767,160.842,35555
2024-03-08 20:00:00,160.838,160.936,160.727,160.782,16848
2024-03-11 00:00:00,160.784,160.929,160.538,160.593,12986
2024-03-11 04:00:00,160.593,160.903,160.373,160.692,16543
2024-03-11 08:00:00,160.691,160.906,160.463,160.571,21326
2024-03-11 12:00:00,160.573,160.65,160.208,160.472,24097
2024-03-11 16:00:00,160.475,160.681,160.319,160.487,25662
2024-03-11 20:00:00,160.487,160.614,160.355,160.545,14412
2024-03-12 00:00:00,160.458,160.59,160.28,160.506,13866
2024-03-12 04:00:00,160.51,161.246,160.506,161.195,14663
2024-03-12 08:00:00,161.195,161.439,160.874,160.953,22716
2024-03-12 12:00:00,160.953,161.566,160.93,161.231,31632
2024-03-12 16:00:00,161.235,161.497,161.175,161.255,38389
2024-03-12 20:00:00,161.255,161.387,161.215,161.327,17749
2024-03-13 00:00:00,161.325,161.353,161.03,161.034,12772
2024-03-13 04:00:00,161.032,161.212,160.897,161.197,16759
2024-03-13 08:00:00,161.199,161.614,161.198,161.592,24294
2024-03-13 12:00:00,161.593,161.95,161.358,161.8,25663
2024-03-13 16:00:00,161.799,161.838,161.618,161.73,27822
2024-03-13 20:00:00,161.732,161.883,161.557,161.758,16498
2024-03-14 00:00:00,161.741,161.799,161.568,161.597,9395
2024-03-14 04:00:00,161.594,161.879,161.555,161.858,11169
2024-03-14 08:00:00,161.858,161.917,161.639,161.731,17258
2024-03-14 12:00:00,161.732,161.813,161.466,161.6,24509
2024-03-14 16:00:00,161.605,161.716,161.105,161.333,38438
2024-03-14 20:00:00,161.335,161.52,161.258,161.367,15252
2024-03-15 00:00:00,161.343,161.578,161.224,161.477,11903
2024-03-15 04:00:00,161.481,161.668,161.239,161.31,14226
2024-03-15 08:00:00,161.311,162.027,161.067,161.841,25283
2024-03-15 12:00:00,161.841,162.119,161.809,162.007,23013
2024-03-15 16:00:00,162.006,162.403,161.984,162.302,26304
2024-03-15 20:00:00,162.302,162.361,162.157,162.298,12191
2024-03-18 00:00:00,162.245,162.515,162.08,162.505,10801
2024-03-18 04:00:00,162.505,162.56,162.184,162.355,11243
2024-03-18 08:00:00,162.352,162.652,162.32,162.458,17777
2024-03-18 12:00:00,162.46,162.684,162.459,162.494,17053
2024-03-18 16:00:00,162.496,162.564,162.091,162.157,21522
2024-03-18 20:00:00,162.163,162.189,161.953,162.166,12390
2024-03-19 00:00:00,161.994,162.247,161.994,162.183,10280
2024-03-19 04:00:00,162.184,163.106,162.023,163.038,25583
2024-03-19 08:00:00,163.038,163.496,162.95,163.083,32772
2024-03-19 12:00:00,163.083,163.401,163.076,163.315,26995
2024-03-19 16:00:00,163.313,163.986,163.275,163.975,23674
2024-03-19 20:00:00,163.975,163.996,163.886,163.906,11872
2024-03-20 00:00:00,163.873,164.346,163.761,164.223,14278
2024-03-20 04:00:00,164.222,164.679,164.203,164.61,11751
2024-03-20 08:00:00,164.611,164.744,164.322,164.356,18519
2024-03-20 12:00:00,164.356,164.561,164.256,164.543,20186
2024-03-20 16:00:00,164.544,164.677,164.435,164.66,18790
2024-03-20 20:00:00,164.659,165.353,164.298,165.206,41921
2024-03-21 00:00:00,165.166,165.248,164.633,164.688,23457
2024-03-21 04:00:00,164.685,164.873,164.346,164.833,21986
2024-03-21 08:00:00,164.834,165.34,164.61,164.661,30158
2024-03-21 12:00:00,164.66,165.031,164.606,164.946,32802
2024-03-21 16:00:00,164.944,165.022,164.56,164.752,34336
2024-03-21 20:00:00,164.751,164.839,164.633,164.636,10971
2024-03-22 00:00:00,164.634,164.768,164.558,164.642,12246
2024-03-22 04:00:00,164.641,164.817,164.133,164.218,19632
2024-03-22 08:00:00,164.219,164.258,163.663,163.77,23532
2024-03-22 12:00:00,163.77,164.072,163.492,163.71,24943
2024-03-22 16:00:00,163.71,163.763,163.485,163.589,26234
2024-03-22 20:00:00,163.59,163.684,163.569,163.635,10568
2024-03-25 00:00:00,163.499,163.68,163.313,163.465,10289
2024-03-25 04:00:00,163.463,163.692,163.313,163.671,18656
2024-03-25 08:00:00,163.668,163.771,163.554,163.676,18035
2024-03-25 12:00:00,163.676,163.88,163.644,163.795,17790
2024-03-25 16:00:00,163.793,164.211,163.725,164.16,18176
2024-03-25 20:00:00,164.159,164.205,164.074,164.081,9965
2024-03-26 00:00:00,164.104,164.143,163.987,164.036,14612
2024-03-26 04:00:00,164.034,164.128,163.977,164.081,12084
2024-03-26 08:00:00,164.08,164.248,163.961,164.11,15391
2024-03-26 12:00:00,164.11,164.411,164.023,164.359,20444
2024-03-26 16:00:00,164.36,164.41,164.011,164.073,23175
2024-03-26 20:00:00,164.071,164.193,164.04,164.151,11133
2024-03-27 00:00:00,164.09,164.095,163.913,163.978,9078
2024-03-27 04:00:00,163.977,164.42,163.96,164.171,18104
2024-03-27 08:00:00,164.17,164.295,164.027,164.259,20989
2024-03-27 12:00:00,164.258,164.272,163.436,163.531,34317
2024-03-27 16:00:00,163.53,163.727,163.448,163.669,22807
2024-03-27 20:00:00,163.673,163.787,163.639,163.743,11951
2024-03-28 00:00:00,163.591,163.769,163.493,163.748,15154
2024-03-28 04:00:00,163.747,163.871,163.657,163.771,13485
2024-03-28 08:00:00,163.773,163.799,163.27,163.372,16943
2024-03-28 12:00:00,163.371,163.391,163.133,163.383,22517
2024-03-28 16:00:00,163.383,163.573,163.24,163.384,30417
2024-03-28 20:00:00,163.382,163.437,163.226,163.253,13448
2024-03-29 00:00:00,163.25,163.419,163.043,163.147,21601
2024-03-29 04:00:00,163.149,163.244,162.93,163.013,23052
2024-03-29 08:00:00,163.014,163.165,162.938,163.106,17320
2024-03-29 12:00:00,163.104,163.351,163.011,163.264,20779
2024-03-29 16:00:00,163.264,163.344,163.111,163.168,20093
2024-03-29 20:00:00,163.166,163.366,163.122,163.22,12806
2024-04-01 00:00:00,163.212,163.428,163.092,163.358,49830
2024-04-01 04:00:00,163.359,163.387,163.144,163.286,45907
2024-04-01 08:00:00,163.287,163.373,163.199,163.294,44564
2024-04-01 12:00:00,163.294,163.35,163.17,163.293,56695
2024-04-01 16:00:00,163.294,163.381,162.819,162.877,98426
2024-04-01 20:00:00,162.878,162.928,162.794,162.905,48352
2024-04-02 00:00:00,162.838,162.949,162.602,162.866,44746
2024-04-02 04:00:00,162.866,162.944,162.747,162.89,55951
2024-04-02 08:00:00,162.891,162.957,162.619,162.734,27558
2024-04-02 12:00:00,162.735,163.113,162.735,163.054,19373
2024-04-02 16:00:00,163.054,163.334,163.025,163.235,25792
2024-04-02 20:00:00,163.234,163.251,163.133,163.201,9343
2024-04-03 00:00:00,163.238,163.296,163.068,163.21,8250
2024-04-03 04:00:00,163.21,163.384,163.179,163.337,10586
2024-04-03 08:00:00,163.338,163.497,163.263,163.416,14690
2024-04-03 12:00:00,163.447,163.749,163.355,163.669,20055
2024-04-03 16:00:00,163.669,164.326,163.651,164.244,30996
2024-04-03 20:00:00,164.243,164.374,164.214,164.357,10835
2024-04-04 00:00:00,164.279,164.406,164.252,164.348,9905
2024-04-04 04:00:00,164.349,164.505,164.321,164.48,8887
2024-04-04 08:00:00,164.481,164.81,164.382,164.79,17562
2024-04-04 12:00:00,164.79,164.861,164.639,164.812,15873
2024-04-04 16:00:00,164.811,164.917,164.657,164.671,18872
2024-04-04 20:00:00,164.671,164.733,163.794,163.999,23496
2024-04-05 00:00:00,164.005,164.023,163.499,163.612,20654
2024-04-05 04:00:00,163.611,163.811,163.479,163.713,16823
2024-04-05 08:00:00,163.714,164.221,163.605,164.089,19078
2024-04-05 12:00:00,164.088,164.195,163.814,163.939,23668
2024-04-05 16:00:00,163.939,164.439,163.705,164.25,30019
2024-04-05 20:00:00,164.251,164.336,164.174,164.296,14960
2024-04-08 00:00:00,164.065,164.372,164.065,164.259,12293
2024-04-08 04:00:00,164.26,164.544,164.238,164.428,14635
2024-04-08 08:00:00,164.429,164.57,164.387,164.418,20157
2024-04-08 12:00:00,164.417,164.56,164.364,164.552,14886
2024-04-08 16:00:00,164.553,164.849,164.552,164.744,21073
2024-04-08 20:00:00,164.744,164.906,164.696,164.86,9179
2024-04-09 00:00:00,164.812,164.963,164.715,164.953,9983
2024-04-09 04:00:00,164.954,164.98,164.83,164.904,9259
2024-04-09 08:00:00,164.903,164.991,164.797,164.915,14933
2024-04-09 12:00:00,164.915,165.173,164.822,165.137,19271
2024-04-09 16:00:00,165.137,165.174,164.543,164.632,25724
2024-04-09 20:00:00,164.631,164.788,164.594,164.763,11282
2024-04-10 00:00:00,164.729,164.824,164.668,164.733,10477
2024-04-10 04:00:00,164.732,164.796,164.65,164.725,11347
2024-04-10 08:00:00,164.725,164.921,164.663,164.92,13851
2024-04-10 12:00:00,164.921,164.997,163.895,164.287,32979
2024-04-10 16:00:00,164.287,164.349,164.072,164.189,59845
2024-04-10 20:00:00,164.191,164.603,164.032,164.475,38744
2024-04-11 00:00:00,164.494,164.536,164.158,164.189,23108
2024-04-11 04:00:00,164.188,164.369,164.137,164.306,18679
2024-04-11 08:00:00,164.306,164.699,164.291,164.591,31838
2024-04-11 12:00:00,164.591,164.626,163.94,164.176,48160
2024-04-11 16:00:00,164.177,164.53,163.994,164.227,47654
2024-04-11 20:00:00,164.227,164.415,164.203,164.386,17327
2024-04-12 00:00:00,164.376,164.409,164.068,164.074,10304
2024-04-12 04:00:00,164.073,164.322,164.072,164.136,13213
2024-04-12 08:00:00,164.138,164.167,163.57,163.598,28078
2024-04-12 12:00:00,163.599,163.645,162.501,162.611,32658
2024-04-12 16:00:00,162.612,163.119,162.272,162.931,49114
2024-04-12 20:00:00,162.932,163.154,162.869,163.098,21098
2024-04-15 00:00:00,162.662,163.374,162.621,163.373,19505
2024-04-15 04:00:00,163.373,163.868,163.353,163.817,16407
2024-04-15 08:00:00,163.817,164.126,163.813,163.971,33845
2024-04-15 12:00:00,163.97,164.217,163.881,164.165,34700
2024-04-15 16:00:00,164.166,164.435,163.626,164.114,45934
2024-04-15 20:00:00,164.115,164.115,163.748,163.903,23249
2024-04-16 00:00:00,163.887,163.929,163.722,163.831,11195
2024-04-16 04:00:00,163.832,163.904,163.676,163.744,16166
2024-04-16 08:00:00,163.745,164.091,163.698,164.019,29949
2024-04-16 12:00:00,164.015,164.68,164.015,164.527,31756
2024-04-16 16:00:00,164.529,164.613,163.776,164.242,46870
2024-04-16 20:00:00,164.242,164.425,164.077,164.265,33180
2024-04-17 00:00:00,164.253,164.364,164.147,164.321,14483
2024-04-17 04:00:00,164.321,164.493,164.282,164.313,13832
2024-04-17 08:00:00,164.314,164.533,163.925,164.458,35678
2024-04-17 12:00:00,164.456,164.639,164.383,164.442,27448
2024-04-17 16:00:00,164.443,164.746,164.256,164.298,39094
2024-04-17 20:00:00,164.298,164.811,164.235,164.763,24061
2024-04-18 00:00:00,164.72,164.737,164.548,164.622,11339
2024-04-18 04:00:00,164.623,164.795,164.354,164.759,18379
2024-04-18 08:00:00,164.758,164.895,164.688,164.831,24606
2024-04-18 12:00:00,164.83,164.954,164.603,164.604,24555
2024-04-18 16:00:00,164.604,164.864,164.541,164.723,34521
2024-04-18 20:00:00,164.724,164.744,164.521,164.582,17679
2024-04-19 00:00:00,164.588,164.633,164.397,164.501,12418
2024-04-19 04:00:00,164.501,164.508,163.015,164.117,59356
2024-04-19 08:00:00,164.117,164.674,163.887,164.386,36487
2024-04-19 12:00:00,164.385,164.96,164.379,164.819,28373
2024-04-19 16:00:00,164.819,165.025,164.491,164.685,35090
2024-04-19 20:00:00,164.685,164.813,164.597,164.776,20610
2024-04-22 00:00:00,164.504,164.955,164.498,164.779,16683
2024-04-22 04:00:00,164.779,165.065,164.756,165.016,14213
2024-04-22 08:00:00,165.015,165.102,164.7,164.884,23848
2024-04-22 12:00:00,164.88,164.956,164.493,164.651,22808
2024-04-22 16:00:00,164.65,164.92,164.403,164.84,24845
2024-04-22 20:00:00,164.842,165.032,164.829,164.975,11214
2024-04-23 00:00:00,164.93,165.0,164.873,164.986,8706
2024-04-23 04:00:00,164.985,165.011,164.826,164.881,11776
2024-04-23 08:00:00,164.882,165.606,164.626,165.229,26171
2024-04-23 12:00:00,165.228,165.284,164.911,165.22,23817
2024-04-23 16:00:00,165.221,165.736,165.029,165.659,38305
2024-04-23 20:00:00,165.659,165.741,165.433,165.687,13205
2024-04-24 00:00:00,165.673,165.809,165.529,165.781,7921
2024-04-24 04:00:00,165.781,165.854,165.738,165.76,10276
2024-04-24 08:00:00,165.761,165.811,165.434,165.486,18255
2024-04-24 12:00:00,165.487,165.744,165.375,165.589,24078
2024-04-24 16:00:00,165.588,165.883,165.519,165.826,31836
2024-04-24 20:00:00,165.825,166.229,165.821,166.195,15057
2024-04-25 00:00:00,166.08,166.347,165.989,166.31,10993
2024-04-25 04:00:00,166.31,166.663,166.246,166.628,13015
2024-04-25 08:00:00,166.629,167.019,166.629,166.976,25061
2024-04-25 12:00:00,166.976,167.007,166.24,166.46,30834
2024-04-25 16:00:00,166.461,166.949,165.933,166.888,46042
2024-04-25 20:00:00,166.889,167.089,166.806,167.011,17993
2024-04-26 00:00:00,166.815,166.986,166.793,166.947,9398
2024-04-26 04:00:00,166.947,167.495,166.666,167.477,18672
2024-04-26 08:00:00,167.477,168.352,166.456,168.153,43052
2024-04-26 12:00:00,168.15,168.357,167.737,168.061,38216
2024-04-26 16:00:00,168.062,168.676,167.775,168.589,48695
2024-04-26 20:00:00,168.586,169.386,168.528,169.29,19188
2024-04-29 00:00:00,168.773,169.512,168.689,169.402,17265
2024-04-29 04:00:00,169.402,171.591,166.538,167.666,72320
2024-04-29 08:00:00,167.665,168.557,165.631,166.831,99784
2024-04-29 12:00:00,166.836,167.704,166.292,167.4,45410
2024-04-29 16:00:00,167.401,167.981,166.368,167.099,43246
2024-04-29 20:00:00,167.101,167.612,166.793,167.572,33094
2024-04-30 00:00:00,167.397,167.978,167.209,167.924,19389
2024-04-30 04:00:00,167.925,168.046,167.624,167.718,20077
2024-04-30 08:00:00,167.717,168.054,167.401,167.984,29243
2024-04-30 12:00:00,167.987,168.501,167.969,168.382,36819
2024-04-30 16:00:00,168.381,168.6,168.031,168.056,47972
2024-04-30 20:00:00,168.056,168.337,168.038,168.21,18977
2024-05-01 00:00:00,168.195,168.364,168.133,168.204,16248
2024-05-01 04:00:00,168.203,168.337,168.182,168.236,11937
2024-05-01 08:00:00,168.241,168.563,168.198,168.555,15527
2024-05-01 12:00:00,168.555,168.642,168.449,168.606,18489
2024-05-01 16:00:00,168.606,168.646,168.222,168.229,29851
2024-05-01 20:00:00,168.23,168.666,164.044,165.54,90978
2024-05-02 00:00:00,165.706,167.217,165.154,167.135,42899
2024-05-02 04:00:00,167.134,167.384,166.908,167.03,34155
2024-05-02 08:00:00,167.03,167.101,166.056,166.082,49755
2024-05-02 12:00:00,166.082,166.25,165.32,165.37,42510
2024-05-02 16:00:00,165.37,165.56,164.321,164.804,63380
2024-05-02 20:00:00,164.806,165.02,164.226,164.731,32900
2024-05-03 00:00:00,164.733,164.929,164.045,164.356,25010
2024-05-03 04:00:00,164.358,164.467,164.018,164.12,24438
2024-05-03 08:00:00,164.119,164.734,164.101,164.586,33180
2024-05-03 12:00:00,164.586,164.793,164.15,164.29,41812
2024-05-03 16:00:00,164.289,164.777,164.134,164.554,65217
2024-05-03 20:00:00,164.554,164.714,164.538,164.637,15339
2024-05-06 00:00:00,164.603,165.409,164.426,165.191,17052
2024-05-06 04:00:00,165.192,165.752,165.132,165.677,21661
2024-05-06 08:00:00,165.676,165.743,165.375,165.547,25680
2024-05-06 12:00:00,165.547,165.732,165.495,165.607,23593
2024-05-06 16:00:00,165.607,165.992,165.594,165.82,26840
2024-05-06 20:00:00,165.819,165.872,165.581,165.582,15564
2024-05-07 00:00:00,165.661,166.127,165.636,165.878,14162
2024-05-07 04:00:00,165.879,166.477,165.808,166.311,23233
2024-05-07 08:00:00,166.311,166.399,165.638,166.199,29398
2024-05-07 12:00:00,166.199,166.533,166.145,166.389,24452
2024-05-07 16:00:00,166.39,166.572,166.228,166.405,27695
2024-05-07 20:00:00,166.404,166.419,166.271,166.36,16989
2024-05-08 00:00:00,166.311,166.517,166.159,166.478,12707
2024-05-08 04:00:00,166.478,166.748,166.402,166.674,19588
2024-05-08 08:00:00,166.673,167.019,166.634,167.002,26431
2024-05-08 12:00:00,167.002,167.282,166.899,167.26,26465
2024-05-08 16:00:00,167.261,167.348,167.043,167.15,24770
2024-05-08 20:00:00,167.15,167.261,167.094,167.113,11829
2024-05-09 00:00:00,167.05,167.262,166.736,167.193,15410
2024-05-09 04:00:00,167.197,167.276,167.04,167.162,16614
2024-05-09 08:00:00,167.163,167.327,167.142,167.197,21063
2024-05-09 12:00:00,167.196,167.529,167.14,167.527,31237
2024-05-09 16:00:00,167.525,167.751,167.381,167.708,31291
2024-05-09 20:00:00,167.705,167.709,167.537,167.546,12359
2024-05-10 00:00:00,167.623,167.724,167.418,167.652,12046
2024-05-10 04:00:00,167.651,167.845,167.596,167.718,14704
2024-05-10 08:00:00,167.719,167.96,167.625,167.881,26996
2024-05-10 12:00:00,167.882,167.966,167.78,167.827,24378
2024-05-10 16:00:00,167.827,167.959,167.675,167.919,34121
2024-05-10 20:00:00,167.919,167.944,167.708,167.741,11918
2024-05-13 00:00:00,167.65,167.96,167.606,167.927,9646
2024-05-13 04:00:00,167.928,167.94,167.513,167.8,16130
2024-05-13 08:00:00,167.798,168.093,167.78,168.093,21349
2024-05-13 12:00:00,168.092,168.282,167.984,168.19,20605
2024-05-13 16:00:00,168.19,168.661,168.174,168.616,27516
2024-05-13 20:00:00,168.617,168.636,168.487,168.532,10855
2024-05-14 00:00:00,168.47,168.704,168.396,168.604,10205
2024-05-14 04:00:00,168.604,168.787,168.604,168.7,12300
2024-05-14 08:00:00,168.699,168.867,168.551,168.714,19338
2024-05-14 12:00:00,168.715,169.216,168.631,169.163,28054
2024-05-14 16:00:00,169.162,169.36,169.024,169.262,30959
2024-05-14 20:00:00,169.261,169.344,169.191,169.227,9479
2024-05-15 00:00:00,169.083,169.338,169.083,169.164,9336
2024-05-15 04:00:00,169.164,169.4,169.082,169.205,11645
2024-05-15 08:00:00,169.206,169.308,168.487,168.569,27215
2024-05-15 12:00:00,168.571,168.791,168.034,168.48,40773
2024-05-15 16:00:00,168.481,168.845,168.244,168.496,48904
2024-05-15 20:00:00,168.496,168.657,168.285,168.564,15796
2024-05-16 00:00:00,168.539,168.541,167.329,167.396,25262
2024-05-16 04:00:00,167.396,167.941,167.354,167.559,33009
2024-05-16 08:00:00,167.559,168.259,167.462,168.227,33924
2024-05-16 12:00:00,168.227,168.749,168.08,168.72,29915
2024-05-16 16:00:00,168.719,168.896,168.667,168.827,30671
2024-05-16 20:00:00,168.828,168.908,168.725,168.837,11162
2024-05-17 00:00:00,168.797,168.975,168.687,168.86,14141
2024-05-17 04:00:00,168.86,169.287,168.84,169.142,18961
2024-05-17 08:00:00,169.141,169.279,169.005,169.027,21751
2024-05-17 12:00:00,169.025,169.09,168.82,168.922,19599
2024-05-17 16:00:00,168.922,169.155,168.851,169.142,28772
2024-05-17 20:00:00,169.141,169.327,169.049,169.132,11805
2024-05-20 00:00:00,169.088,169.521,168.972,169.512,8586
2024-05-20 04:00:00,169.511,169.581,169.329,169.487,10804
2024-05-20 08:00:00,169.49,169.516,169.066,169.296,20692
2024-05-20 12:00:00,169.295,169.608,169.129,169.547,22671
2024-05-20 16:00:00,169.545,169.702,169.498,169.623,23207
2024-05-20 20:00:00,169.622,169.782,169.54,169.6,9964
2024-05-21 00:00:00,169.522,169.932,169.399,169.9,8793
2024-05-21 04:00:00,169.903,169.94,169.767,169.886,15062
2024-05-21 08:00:00,169.886,169.914,169.492,169.798,28538
2024-05-21 12:00:00,169.798,169.892,169.586,169.636,25176
2024-05-21 16:00:00,169.639,169.674,169.216,169.452,36240
2024-05-21 20:00:00,169.449,169.591,169.407,169.469,9812
2024-05-22 00:00:00,169.488,169.697,169.401,169.676,8738
2024-05-22 04:00:00,169.675,169.762,169.632,169.696,12568
2024-05-22 08:00:00,169.695,169.929,169.637,169.758,22204
2024-05-22 12:00:00,169.758,169.787,169.449,169.57,24256
2024-05-22 16:00:00,169.569,169.723,169.436,169.673,25781
2024-05-22 20:00:00,169.673,169.732,169.383,169.671,18488
2024-05-23 00:00:00,169.645,169.786,169.576,169.745,11109
2024-05-23 04:00:00,169.743,169.878,169.621,169.673,14039
2024-05-23 08:00:00,169.673,170.005,169.29,169.905,28081
2024-05-23 12:00:00,169.904,170.123,169.796,170.118,25663
2024-05-23 16:00:00,170.117,170.324,169.717,169.899,47671
2024-05-23 20:00:00,169.9,169.906,169.475,169.686,21660
2024-05-24 00:00:00,169.67,169.876,169.604,169.761,14313
2024-05-24 04:00:00,169.758,169.878,169.679,169.792,12914
2024-05-24 08:00:00,169.791,170.038,169.744,169.978,21204
2024-05-24 12:00:00,169.974,170.45,169.96,170.443,23163
2024-05-24 16:00:00,170.444,170.497,170.17,170.21,27443
2024-05-24 20:00:00,170.21,170.335,170.17,170.257,11438
2024-05-27 00:00:00,170.188,170.291,170.042,170.138,9232
2024-05-27 04:00:00,170.137,170.178,169.968,170.073,12333
2024-05-27 08:00:00,170.073,170.3,170.031,170.28,15226
2024-05-27 12:00:00,170.281,170.502,170.029,170.139,16569
2024-05-27 16:00:00,170.138,170.43,170.046,170.392,12665
2024-05-27 20:00:00,170.391,170.414,170.228,170.298,4899
2024-05-28 00:00:00,170.299,170.497,170.092,170.467,11929
2024-05-28 04:00:00,170.467,170.505,170.358,170.412,13549
2024-05-28 08:00:00,170.411,170.706,170.4,170.52,20592
2024-05-28 12:00:00,170.518,170.742,170.365,170.416,21081
2024-05-28 16:00:00,170.415,170.721,170.306,170.699,28551
2024-05-28 20:00:00,170.699,170.799,170.554,170.615,14694
2024-05-29 00:00:00,170.594,170.785,170.574,170.771,11420
2024-05-29 04:00:00,170.77,170.798,170.556,170.586,13057
2024-05-29 08:00:00,170.585,170.614,170.172,170.252,28525
2024-05-29 12:00:00,170.252,170.757,170.252,170.499,24470
2024-05-29 16:00:00,170.499,170.626,170.205,170.542,33200
2024-05-29 20:00:00,170.542,170.547,170.205,170.247,13486
2024-05-30 00:00:00,170.255,170.33,169.835,169.897,12352
2024-05-30 04:00:00,169.898,170.093,169.617,169.698,18013
2024-05-30 08:00:00,169.699,169.848,169.066,169.736,39523
2024-05-30 12:00:00,169.737,169.867,169.477,169.635,30465
2024-05-30 16:00:00,169.635,169.954,169.379,169.862,34985
2024-05-30 20:00:00,169.862,169.972,169.78,169.819,12572
2024-05-31 00:00:00,169.798,170.081,169.619,169.784,14994
2024-05-31 04:00:00,169.783,169.961,169.447,169.527,21935
2024-05-31 08:00:00,169.525,170.497,169.524,170.396,29003
2024-05-31 12:00:00,170.397,170.722,170.396,170.668,34108
2024-05-31 16:00:00,170.668,170.746,170.154,170.498,48620
2024-05-31 20:00:00,170.499,170.698,170.462,170.597,17086
2024-06-03 00:00:00,170.503,170.767,170.397,170.539,14125
2024-06-03 04:00:00,170.541,170.891,170.428,170.824,15817
2024-06-03 08:00:00,170.822,170.891,170.136,170.255,24298
2024-06-03 12:00:00,170.257,170.341,169.813,170.023,27996
2024-06-03 16:00:00,170.025,170.177,169.72,169.885,43095
2024-06-03 20:00:00,169.883,170.318,169.828,170.149,17212
2024-06-04 00:00:00,170.1,170.723,170.02,170.664,14512
2024-06-04 04:00:00,170.665,170.715,170.463,170.511,15491
2024-06-04 08:00:00,170.51,170.52,168.84,168.983,41900
2024-06-04 12:00:00,168.982,169.054,168.102,168.534,50319
2024-06-04 16:00:00,168.534,168.697,168.014,168.411,50106
2024-06-04 20:00:00,168.411,168.523,168.229,168.461,18621
2024-06-05 00:00:00,168.475,169.113,168.393,168.951,16216
2024-06-05 04:00:00,168.951,169.33,168.922,169.285,18727
2024-06-05 08:00:00,169.285,170.003,169.211,169.925,32303
2024-06-05 12:00:00,169.926,169.948,169.533,169.892,30178
2024-06-05 16:00:00,169.891,170.019,169.518,169.619,49585
2024-06-05 20:00:00,169.618,169.806,169.553,169.636,13893
2024-06-06 00:00:00,169.63,169.712,169.318,169.381,14962
2024-06-06 04:00:00,169.38,169.788,169.21,169.553,24791
2024-06-06 08:00:00,169.552,170.076,169.528,169.858,29365
2024-06-06 12:00:00,169.859,170.15,169.626,170.055,34582
2024-06-06 16:00:00,170.055,170.296,169.524,169.543,44339
2024-06-06 20:00:00,169.544,169.672,169.299,169.417,18578
2024-06-07 00:00:00,169.392,169.685,169.352,169.628,13473
2024-06-07 04:00:00,169.628,169.83,169.441,169.508,20078
2024-06-07 08:00:00,169.508,169.599,168.938,169.171,36371
2024-06-07 12:00:00,169.17,169.974,169.13,169.842,46236
2024-06-07 16:00:00,169.843,169.873,169.07,169.281,51638
2024-06-07 20:00:00,169.281,169.33,169.123,169.321,19643
2024-06-10 00:00:00,168.743,169.172,168.638,169.042,19212
2024-06-10 04:00:00,169.04,169.219,168.852,168.977,20446
2024-06-10 08:00:00,168.975,169.078,168.705,168.836,37194
2024-06-10 12:00:00,168.837,168.851,168.302,168.616,32639
2024-06-10 16:00:00,168.617,168.87,168.4,168.835,30816
2024-06-10 20:00:00,168.834,169.082,168.815,169.018,13647
2024-06-11 00:00:00,168.995,169.275,168.815,169.221,12690
2024-06-11 04:00:00,169.221,169.411,169.125,169.349,15491
2024-06-11 08:00:00,169.35,169.425,168.925,168.939,27184
2024-06-11 12:00:00,168.938,169.101,168.297,168.382,44450
2024-06-11 16:00:00,168.382,169.001,168.341,168.988,38944
2024-06-11 20:00:00,168.987,168.988,168.672,168.742,16743
2024-06-12 00:00:00,168.638,168.815,168.637,168.753,11886
2024-06-12 04:00:00,168.753,168.878,168.675,168.827,16107
2024-06-12 08:00:00,168.828,169.164,168.797,169.049,22848
2024-06-12 12:00:00,169.05,169.395,168.972,169.072,38297
2024-06-12 16:00:00,169.073,169.12,168.75,168.95,56702
2024-06-12 20:00:00,168.952,169.591,168.89,169.386,57466
2024-06-13 00:00:00,169.382,169.655,169.252,169.54,17336
2024-06-13 04:00:00,169.539,169.737,169.439,169.673,19912
2024-06-13 08:00:00,169.673,170.139,169.668,169.936,29574
2024-06-13 12:00:00,169.936,170.029,169.304,169.49,38925
2024-06-13 16:00:00,169.492,169.848,168.32,168.381,53159
2024-06-13 20:00:00,168.383,168.735,168.279,168.548,20043
2024-06-14 00:00:00,168.543,168.844,168.433,168.779,13503
2024-06-14 04:00:00,168.778,169.651,168.445,169.579,31714
2024-06-14 08:00:00,169.578,169.801,168.326,168.392,62467
2024-06-14 12:00:00,168.391,168.404,167.519,168.092,72743
2024-06-14 16:00:00,168.094,168.369,167.656,168.336,53329
2024-06-14 20:00:00,168.337,168.578,168.222,168.388,16337
2024-06-17 00:00:00,168.357,168.743,168.317,168.539,17270
2024-06-17 04:00:00,168.539,168.592,168.397,168.468,17124
2024-06-17 08:00:00,168.468,168.903,167.959,168.8,43383
2024-06-17 12:00:00,168.8,169.182,168.655,169.166,34212
2024-06-17 16:00:00,169.165,169.29,169.098,169.228,33667
2024-06-17 20:00:00,169.227,169.335,169.158,169.299,14277
2024-06-18 00:00:00,169.218,169.392,169.124,169.291,10328
2024-06-18 04:00:00,169.292,169.298,168.965,169.097,16960
2024-06-18 08:00:00,169.096,169.708,169.027,169.513,33824
2024-06-18 12:00:00,169.531,169.591,169.088,169.374,36510
2024-06-18 16:00:00,169.372,169.914,169.239,169.37,41926
2024-06-18 20:00:00,169.369,169.55,169.349,169.527,15994
2024-06-19 00:00:00,169.499,169.58,169.468,169.523,8683
2024-06-19 04:00:00,169.522,169.542,169.394,169.469,14523
2024-06-19 08:00:00,169.469,169.508,169.129,169.483,28457
2024-06-19 12:00:00,169.484,169.837,169.408,169.66,25244
2024-06-19 16:00:00,169.662,169.772,169.587,169.733,13727
2024-06-19 20:00:00,169.732,169.904,169.672,169.749,4902
2024-06-20 00:00:00,169.709,169.877,169.586,169.825,11011
2024-06-20 04:00:00,169.824,169.918,169.746,169.891,11979
2024-06-20 08:00:00,169.892,169.916,169.618,169.796,30437
2024-06-20 12:00:00,169.798,169.997,169.72,169.947,33821
2024-06-20 16:00:00,169.948,170.321,169.911,170.094,36295
2024-06-20 20:00:00,170.093,170.186,170.029,170.101,19255
2024-06-21 00:00:00,170.095,170.371,170.032,170.351,10915
2024-06-21 04:00:00,170.351,170.36,170.193,170.302,14214
2024-06-21 08:00:00,170.3,170.451,169.328,169.806,34266
2024-06-21 12:00:00,169.805,170.017,169.689,169.968,31635
2024-06-21 16:00:00,169.967,170.567,169.912,170.522,44292
2024-06-21 20:00:00,170.521,170.91,170.486,170.855,16686
2024-06-24 00:00:00,170.772,170.951,170.538,170.853,13961
2024-06-24 04:00:00,170.852,170.861,170.602,170.851,18818
2024-06-24 08:00:00,170.853,171.237,170.841,171.189,26420
2024-06-24 12:00:00,171.188,171.298,170.242,171.104,44347
2024-06-24 16:00:00,171.102,171.401,171.1,171.355,34746
2024-06-24 20:00:00,171.354,171.45,171.215,171.225,16061
2024-06-25 00:00:00,171.215,171.398,171.018,171.093,12361
2024-06-25 04:00:00,171.094,171.289,170.876,171.221,18675
2024-06-25 08:00:00,171.222,171.289,170.934,171.189,26810
2024-06-25 12:00:00,171.189,171.238,170.768,170.925,29500
2024-06-25 16:00:00,170.924,171.072,170.704,171.004,34043
2024-06-25 20:00:00,171.004,171.141,170.948,171.043,14044
2024-06-26 00:00:00,170.98,171.111,170.911,171.083,10246
2024-06-26 04:00:00,171.082,171.347,171.077,171.104,15508
2024-06-26 08:00:00,171.105,171.153,170.853,171.074,25141
2024-06-26 12:00:00,171.075,171.488,170.965,171.212,41057
2024-06-26 16:00:00,171.211,171.797,170.91,171.594,52682
2024-06-26 20:00:00,171.593,171.797,171.586,171.734,17229
2024-06-27 00:00:00,171.657,171.704,171.384,171.591,13913
2024-06-27 04:00:00,171.593,171.632,171.399,171.469,17233
2024-06-27 08:00:00,171.469,171.725,171.418,171.603,28105
2024-06-27 12:00:00,171.602,171.956,171.474,171.941,35310
2024-06-27 16:00:00,171.942,172.167,171.905,172.068,40665
2024-06-27 20:00:00,172.066,172.155,171.952,172.048,14878
2024-06-28 00:00:00,172.015,172.385,171.998,172.361,12375
2024-06-28 04:00:00,172.362,172.385,171.997,172.1,30802
2024-06-28 08:00:00,172.101,172.307,172.003,172.14,30997
2024-06-28 12:00:00,172.141,172.153,171.716,171.825,40778
2024-06-28 16:00:00,171.826,172.446,171.45,172.37,62223
2024-06-28 20:00:00,172.368,172.436,172.195,172.337,21922
2024-07-01 00:00:00,172.683,173.221,172.589,173.003,21231
2024-07-01 04:00:00,173.003,173.258,172.886,173.235,24312
2024-07-01 08:00:00,173.235,173.474,173.092,173.381,37438
2024-07-01 12:00:00,173.381,173.446,173.077,173.429,29840
2024-07-01 16:00:00,173.431,173.674,173.245,173.336,46366
2024-07-01 20:00:00,173.334,173.462,173.225,173.391,16530
2024-07-02 00:00:00,173.338,173.516,173.306,173.394,11340
2024-07-02 04:00:00,173.394,173.554,173.289,173.476,14240
2024-07-02 08:00:00,173.475,173.602,173.122,173.236,28980
2024-07-02 12:00:00,173.236,173.415,173.084,173.336,26069
2024-07-02 16:00:00,173.336,173.487,173.202,173.407,43055
2024-07-02 20:00:00,173.408,173.53,173.386,173.447,10881
2024-07-03 00:00:00,173.433,173.692,173.263,173.647,14345
2024-07-03 04:00:00,173.648,173.75,173.566,173.722,10800
2024-07-03 08:00:00,173.721,174.188,173.65,174.117,29952
2024-07-03 12:00:00,174.116,174.398,174.039,174.357,28916
2024-07-03 16:00:00,174.357,174.516,173.858,174.388,58467
2024-07-03 20:00:00,174.391,174.47,174.123,174.365,12904
2024-07-04 00:00:00,174.25,174.437,174.154,174.237,12774
2024-07-04 04:00:00,174.237,174.274,173.943,174.201,16212
2024-07-04 08:00:00,174.201,174.279,174.034,174.176,25070
2024-07-04 12:00:00,174.175,174.225,173.8,173.984,24484
2024-07-04 16:00:00,173.983,174.268,173.918,174.217,18875
2024-07-04 20:00:00,174.215,174.39,174.183,174.279,9296
2024-07-05 00:00:00,174.338,174.471,173.974,174.2,18311
2024-07-05 04:00:00,174.197,174.263,173.715,173.849,26444
2024-07-05 08:00:00,173.851,174.16,173.761,174.049,24455
2024-07-05 12:00:00,174.048,174.382,173.734,174.297,39566
2024-07-05 16:00:00,174.299,174.503,173.953,174.167,56990
2024-07-05 20:00:00,174.167,174.321,174.101,174.245,14161
2024-07-08 00:00:00,173.601,174.127,173.572,173.809,17370
2024-07-08 04:00:00,173.809,173.945,173.51,173.847,25166
2024-07-08 08:00:00,173.846,174.637,173.679,174.599,37845
2024-07-08 12:00:00,174.599,174.628,174.201,174.252,29456
2024-07-08 16:00:00,174.253,174.345,173.92,174.111,35298
2024-07-08 20:00:00,174.112,174.138,173.987,174.057,12382
2024-07-09 00:00:00,174.038,174.241,173.991,174.199,9377
2024-07-09 04:00:00,174.2,174.456,174.173,174.321,14685
2024-07-09 08:00:00,174.32,174.336,174.018,174.299,25264
2024-07-09 12:00:00,174.299,174.393,174.159,174.274,27233
2024-07-09 16:00:00,174.274,174.592,174.21,174.389,46207
2024-07-09 20:00:00,174.388,174.458,174.324,174.415,13504
2024-07-10 00:00:00,174.401,174.649,174.28,174.576,9964
2024-07-10 04:00:00,174.578,174.752,174.564,174.659,12853
2024-07-10 08:00:00,174.66,174.769,174.597,174.683,23930
2024-07-10 12:00:00,174.682,174.903,174.68,174.804,25670
2024-07-10 16:00:00,174.805,175.141,174.756,175.06,31258
2024-07-10 20:00:00,175.058,175.156,175.011,175.099,12940
2024-07-11 00:00:00,174.979,175.112,174.939,175.069,9373
2024-07-11 04:00:00,175.07,175.244,175.065,175.22,12141
2024-07-11 08:00:00,175.219,175.314,175.108,175.228,23699
2024-07-11 12:00:00,175.228,175.428,172.547,172.732,50166
2024-07-11 16:00:00,172.734,172.967,171.563,172.323,92320
2024-07-11 20:00:00,172.322,172.706,172.278,172.575,30291
2024-07-12 00:00:00,172.592,173.28,171.503,172.927,54593
2024-07-12 04:00:00,172.928,173.192,172.51,172.964,37438
2024-07-12 08:00:00,172.964,173.27,172.736,173.222,38460
2024-07-12 12:00:00,173.221,173.432,172.62,172.959,44342
2024-07-12 16:00:00,172.956,172.963,171.459,172.17,77096
2024-07-12 20:00:00,172.172,172.34,172.106,172.167,20873
2024-07-15 00:00:00,172.083,172.44,171.996,172.161,20723
2024-07-15 04:00:00,172.161,172.276,171.982,172.114,20281
2024-07-15 08:00:00,172.116,172.314,171.877,172.156,33926
2024-07-15 12:00:00,172.157,172.562,172.089,172.299,35823
2024-07-15 16:00:00,172.297,172.474,171.551,172.005,43010
2024-07-15 20:00:00,172.006,172.358,171.97,172.139,27974
2024-07-16 00:00:00,172.097,172.515,172.03,172.482,14181
2024-07-16 04:00:00,172.478,172.884,172.478,172.8,20738
2024-07-16 08:00:00,172.801,172.921,172.508,172.741,34107
2024-07-16 12:00:00,172.738,172.805,172.309,172.737,37449
2024-07-16 16:00:00,172.737,172.765,172.482,172.634,44584
2024-07-16 20:00:00,172.633,172.685,172.527,172.559,20261
2024-07-17 00:00:00,172.526,172.771,172.504,172.712,17612
2024-07-17 04:00:00,172.712,172.836,172.504,172.504,19896
2024-07-17 08:00:00,172.505,172.545,170.741,170.966,67401
2024-07-17 12:00:00,170.967,171.423,170.832,171.317,61113
2024-07-17 16:00:00,171.318,171.381,170.698,170.838,58186
2024-07-17 20:00:00,170.837,171.067,170.704,170.838,25494
2024-07-18 00:00:00,170.822,170.953,169.989,170.33,20045
2024-07-18 04:00:00,170.331,171.187,170.302,170.945,33137
2024-07-18 08:00:00,170.944,171.167,170.417,171.024,54491
2024-07-18 12:00:00,171.023,171.111,170.796,170.958,37638
2024-07-18 16:00:00,170.959,171.557,170.674,171.541,59886
2024-07-18 20:00:00,171.541,171.576,171.344,171.474,26161
2024-07-19 00:00:00,171.46,171.505,171.175,171.241,22950
2024-07-19 04:00:00,171.241,171.542,171.227,171.447,24860
2024-07-19 08:00:00,171.446,171.876,170.915,171.089,54457
2024-07-19 12:00:00,171.089,171.717,170.971,171.692,38092
2024-07-19 16:00:00,171.694,171.726,171.252,171.346,49602
2024-07-19 20:00:00,171.346,171.428,171.22,171.326,20102
2024-07-22 00:00:00,171.279,171.581,171.212,171.498,18879
2024-07-22 04:00:00,171.494,171.662,171.381,171.415,20300
2024-07-22 08:00:00,171.414,171.414,170.062,170.726,56129
2024-07-22 12:00:00,170.727,170.972,170.448,170.571,45032
2024-07-22 16:00:00,170.573,171.013,170.439,171.001,44361
2024-07-22 20:00:00,171.002,171.153,170.911,170.946,15270
2024-07-23 00:00:00,170.898,171.096,170.551,170.597,17719
2024-07-23 04:00:00,170.598,170.856,170.159,170.231,34437
2024-07-23 08:00:00,170.231,170.505,169.496,169.709,51036
2024-07-23 12:00:00,169.71,169.751,169.334,169.389,42573
2024-07-23 16:00:00,169.39,169.498,169.015,169.082,45520
2024-07-23 20:00:00,169.082,169.117,168.808,168.831,21940
2024-07-24 00:00:00,168.835,169.206,168.797,169.024,17171
2024-07-24 04:00:00,169.025,169.073,167.628,167.705,50166
2024-07-24 08:00:00,167.706,168.05,167.317,167.796,55755
2024-07-24 12:00:00,167.795,167.893,166.927,167.018,50568
2024-07-24 16:00:00,167.019,167.147,166.14,166.536,73245
2024-07-24 20:00:00,166.537,166.994,166.527,166.774,29312
2024-07-25 00:00:00,166.791,166.869,165.661,166.112,36689
2024-07-25 04:00:00,166.114,166.218,165.04,165.448,46399
2024-07-25 08:00:00,165.448,165.805,164.826,165.633,73080
2024-07-25 12:00:00,165.633,166.793,165.039,166.547,67606
2024-07-25 16:00:00,166.548,167.593,166.138,167.312,85037
2024-07-25 20:00:00,167.313,167.324,166.759,166.953,39839
2024-07-26 00:00:00,166.924,167.29,166.399,167.069,32487
2024-07-26 04:00:00,167.065,167.248,166.615,166.872,35009
2024-07-26 08:00:00,166.874,167.493,166.652,167.44,53905
2024-07-26 12:00:00,167.439,168.017,167.186,167.493,54613
2024-07-26 16:00:00,167.492,167.496,166.321,167.094,68888
2024-07-26 20:00:00,167.094,167.139,166.84,166.888,24697
2024-07-29 00:00:00,166.872,167.52,166.703,166.927,37340
2024-07-29 04:00:00,166.927,167.092,166.322,166.594,58938
2024-07-29 08:00:00,166.595,166.859,166.275,166.478,65393
2024-07-29 12:00:00,166.478,166.809,166.314,166.449,56313
2024-07-29 16:00:00,166.448,166.743,166.229,166.593,73058
2024-07-29 20:00:00,166.595,166.737,166.571,166.66,32585
2024-07-30 00:00:00,166.564,166.748,166.182,166.539,25054
2024-07-30 04:00:00,166.539,167.175,166.439,167.172,37903
2024-07-30 08:00:00,167.173,167.961,167.148,167.49,62292
2024-07-30 12:00:00,167.491,167.874,167.346,167.367,44305
2024-07-30 16:00:00,167.365,167.384,165.63,165.711,97513
2024-07-30 20:00:00,165.708,165.908,165.077,165.102,62464
2024-07-31 00:00:00,165.166,165.583,164.582,164.866,46325
2024-07-31 04:00:00,164.866,166.554,164.102,165.141,62555
2024-07-31 08:00:00,165.141,165.781,162.205,163.332,96825
2024-07-31 12:00:00,163.331,163.375,162.434,162.975,74754
2024-07-31 16:00:00,162.975,163.07,162.273,162.746,105967
2024-07-31 20:00:00,162.745,163.431,162.014,162.361,94816
2024-08-01 00:00:00,162.316,162.707,161.726,161.809,40463
2024-08-01 04:00:00,161.808,162.195,160.887,162.069,79704
2024-08-01 08:00:00,162.07,162.544,161.18,161.451,97059
2024-08-01 12:00:00,161.451,162.889,161.29,162.877,82268
2024-08-01 16:00:00,162.878,162.894,161.489,161.686,113779
2024-08-01 20:00:00,161.686,161.725,161.085,161.16,70828
2024-08-02 00:00:00,161.098,161.241,160.641,161.205,48536
2024-08-02 04:00:00,161.206,161.602,160.966,161.165,69076
2024-08-02 08:00:00,161.164,161.361,160.372,161.212,93880
2024-08-02 12:00:00,161.213,161.563,159.698,160.579,85966
2024-08-02 16:00:00,160.577,161.429,159.856,160.249,161235
2024-08-02 20:00:00,160.248,160.342,159.777,159.791,76423
2024-08-05 00:00:00,159.898,160.002,158.463,158.857,74054
2024-08-05 04:00:00,158.864,158.939,155.417,156.514,111997
2024-08-05 08:00:00,156.514,157.696,154.402,155.956,150963
2024-08-05 12:00:00,155.954,156.519,155.17,156.345,125539
2024-08-05 16:00:00,156.346,158.771,156.277,158.027,149600
2024-08-05 20:00:00,158.026,158.365,157.034,157.895,84970
2024-08-06 00:00:00,157.834,160.235,157.43,159.005,71414
2024-08-06 04:00:00,159.002,159.811,158.08,159.393,97724
2024-08-06 08:00:00,159.395,160.111,157.887,158.349,133507
2024-08-06 12:00:00,158.348,158.68,157.52,157.678,126219
2024-08-06 16:00:00,157.677,158.917,157.299,158.872,138240
2024-08-06 20:00:00,158.872,158.881,157.57,157.705,76858
2024-08-07 00:00:00,157.627,158.702,157.569,158.188,54576
2024-08-07 04:00:00,158.187,161.438,158.013,161.093,87517
2024-08-07 08:00:00,161.094,161.257,159.556,160.724,112982
2024-08-07 12:00:00,160.724,161.115,160.371,160.545,95573
2024-08-07 16:00:00,160.544,161.445,160.205,160.755,85023
2024-08-07 20:00:00,160.754,161.004,160.16,160.194,71984
2024-08-08 00:00:00,160.153,160.346,158.96,159.566,56951
2024-08-08 04:00:00,159.565,160.525,159.507,159.767,81156
2024-08-08 08:00:00,159.767,160.107,159.248,159.905,96110
2024-08-08 12:00:00,159.907,160.505,159.471,160.256,89698
2024-08-08 16:00:00,160.252,160.727,160.083,160.638,109001
2024-08-08 20:00:00,160.638,160.89,160.543,160.731,73003
2024-08-09 00:00:00,160.521,161.384,160.521,160.965,42038
2024-08-09 04:00:00,160.964,161.159,160.346,160.41,51673
2024-08-09 08:00:00,160.408,160.91,160.222,160.722,71474
2024-08-09 12:00:00,160.722,160.879,159.86,160.173,75130
2024-08-09 16:00:00,160.176,160.342,159.808,160.093,89472
2024-08-09 20:00:00,160.092,160.254,159.989,160.016,59783
2024-08-12 00:00:00,160.085,160.574,159.887,160.348,27247
2024-08-12 04:00:00,160.346,160.674,160.199,160.65,37882
2024-08-12 08:00:00,160.651,161.012,160.62,160.932,59358
2024-08-12 12:00:00,160.931,161.317,160.768,161.311,52394
2024-08-12 16:00:00,161.311,161.96,160.919,160.951,93889
2024-08-12 20:00:00,160.953,161.031,160.732,160.787,63065
2024-08-13 00:00:00,160.85,161.019,160.643,160.962,39305
2024-08-13 04:00:00,160.963,161.644,160.962,161.593,52770
2024-08-13 08:00:00,161.594,161.804,161.274,161.502,57547
2024-08-13 12:00:00,161.497,161.542,160.868,161.274,68936
2024-08-13 16:00:00,161.274,161.4,160.683,161.002,84792
2024-08-13 20:00:00,161.001,161.533,160.977,161.41,59586
2024-08-14 00:00:00,161.162,161.802,161.062,161.683,36935
2024-08-14 04:00:00,161.684,161.773,160.583,161.454,68216
2024-08-14 08:00:00,161.452,162.338,161.364,162.109,60375
2024-08-14 12:00:00,162.107,162.442,161.598,162.298,63982
2024-08-14 16:00:00,162.296,162.592,161.681,161.911,89093
2024-08-14 20:00:00,161.911,162.386,161.89,162.224,40186
2024-08-15 00:00:00,162.129,162.335,162.046,162.099,27899
2024-08-15 04:00:00,162.098,162.46,162.059,162.169,46573
2024-08-15 08:00:00,162.168,162.238,161.943,162.161,47789
2024-08-15 12:00:00,162.161,163.382,162.063,163.207,56832
2024-08-15 16:00:00,163.21,163.732,163.183,163.619,87776
2024-08-15 20:00:00,163.62,163.886,163.485,163.786,43637
2024-08-16 00:00:00,163.792,163.86,163.441,163.706,29509
2024-08-16 04:00:00,163.706,163.776,163.352,163.481,45243
2024-08-16 08:00:00,163.483,163.744,163.24,163.302,42977
2024-08-16 12:00:00,163.301,163.4,162.291,162.365,58192
2024-08-16 16:00:00,162.367,163.021,162.299,162.86,73465
2024-08-16 20:00:00,162.859,162.871,162.628,162.768,34490
2024-08-19 00:00:00,162.726,163.211,162.671,163.053,24929
2024-08-19 04:00:00,163.054,163.093,161.036,161.39,61545
2024-08-19 08:00:00,161.389,161.519,160.42,161.233,80871
2024-08-19 12:00:00,161.234,161.689,161.118,161.409,64132
2024-08-19 16:00:00,161.408,162.301,161.408,162.23,71416
2024-08-19 20:00:00,162.229,162.576,162.163,162.449,33206
2024-08-20 00:00:00,162.402,162.78,162.028,162.181,29187
2024-08-20 04:00:00,162.181,162.994,161.702,162.757,54520
2024-08-20 08:00:00,162.758,163.195,162.098,162.34,67973
2024-08-20 12:00:00,162.341,162.41,162.071,162.225,59585
2024-08-20 16:00:00,162.226,162.362,161.59,161.607,79800
2024-08-20 20:00:00,161.606,161.798,161.539,161.664,32328
2024-08-21 00:00:00,161.566,161.946,161.351,161.854,43361
2024-08-21 04:00:00,161.855,162.06,161.583,161.976,49694
2024-08-21 08:00:00,161.976,162.478,161.806,162.366,60218
2024-08-21 12:00:00,162.365,162.66,162.135,162.178,55463
2024-08-21 16:00:00,162.177,163.059,161.653,161.84,111172
2024-08-21 20:00:00,161.839,162.018,161.404,161.793,54244
2024-08-22 00:00:00,161.71,162.161,161.614,162.012,26138
2024-08-22 04:00:00,162.013,162.29,161.583,161.729,36422
2024-08-22 08:00:00,161.728,162.361,161.478,162.277,46704
2024-08-22 12:00:00,162.278,162.862,162.131,162.701,49068
2024-08-22 16:00:00,162.702,162.916,162.081,162.582,70261
2024-08-22 20:00:00,162.583,162.753,162.382,162.546,29474
2024-08-23 00:00:00,162.466,162.63,162.236,162.43,25481
2024-08-23 04:00:00,162.431,162.477,161.685,162.213,50513
2024-08-23 08:00:00,162.214,162.408,161.71,162.32,49004
2024-08-23 12:00:00,162.319,162.496,162.245,162.253,37669
2024-08-23 16:00:00,162.258,162.716,161.735,161.852,95848
2024-08-23 20:00:00,161.851,161.975,161.206,161.579,36964
2024-08-26 00:00:00,161.294,161.491,160.649,160.872,44852
2024-08-26 04:00:00,160.871,161.125,160.634,161.085,44313
2024-08-26 08:00:00,161.086,161.249,160.57,160.84,46426
2024-08-26 12:00:00,160.839,161.104,160.635,160.651,43833
2024-08-26 16:00:00,160.654,161.48,160.501,161.379,57306
2024-08-26 20:00:00,161.38,161.481,161.2,161.292,19827
2024-08-27 00:00:00,161.3,161.672,161.054,161.663,20804
2024-08-27 04:00:00,161.663,161.883,161.524,161.539,31647
2024-08-27 08:00:00,161.539,162.178,161.497,161.979,47256
2024-08-27 12:00:00,161.975,162.009,161.024,161.12,47202
2024-08-27 16:00:00,161.115,161.369,160.876,160.942,57224
2024-08-27 20:00:00,160.942,161.2,160.916,160.966,21921
2024-08-28 00:00:00,160.927,161.25,160.697,161.123,22345
2024-08-28 04:00:00,161.121,161.374,161.064,161.1,35145
2024-08-28 08:00:00,161.098,161.318,160.789,160.824,44113
2024-08-28 12:00:00,160.824,160.859,160.446,160.794,39468
2024-08-28 16:00:00,160.792,161.217,160.591,160.873,59948
2024-08-28 20:00:00,160.874,160.939,160.518,160.757,30477
2024-08-29 00:00:00,160.674,160.941,160.43,160.776,23031
2024-08-29 04:00:00,160.775,161.138,160.697,161.097,25101
2024-08-29 08:00:00,161.095,161.27,160.026,160.394,52024
2024-08-29 12:00:00,160.394,161.187,160.202,161.16,56047
2024-08-29 16:00:00,161.16,161.26,160.61,160.692,65593
2024-08-29 20:00:00,160.689,160.702,160.312,160.6,44565
2024-08-30 00:00:00,160.511,160.733,160.316,160.364,18526
2024-08-30 04:00:00,160.366,160.514,160.189,160.405,25099
2024-08-30 08:00:00,160.405,160.893,160.367,160.702,33985
2024-08-30 12:00:00,160.735,161.284,160.689,161.197,43267
2024-08-30 16:00:00,161.199,161.577,160.838,161.573,71400
2024-08-30 20:00:00,161.573,161.636,161.398,161.456,25641
2024-09-02 00:00:00,161.278,161.93,161.265,161.593,22091
2024-09-02 04:00:00,161.594,161.706,161.024,161.231,33429
2024-09-02 08:00:00,161.23,162.634,161.227,162.362,46346
2024-09-02 12:00:00,162.362,162.731,162.28,162.683,31851
2024-09-02 16:00:00,162.683,162.894,162.451,162.465,33703
2024-09-02 20:00:00,162.472,162.682,162.472,162.613,3643
2024-09-03 00:00:00,162.452,162.799,162.317,162.718,17933
2024-09-03 04:00:00,162.721,162.757,161.836,161.984,40308
2024-09-03 08:00:00,161.985,162.059,160.926,161.086,55911
2024-09-03 12:00:00,161.088,161.473,160.91,161.177,44204
2024-09-03 16:00:00,161.178,161.235,160.499,160.915,75125
2024-09-03 20:00:00,160.915,160.99,160.616,160.64,23558
2024-09-04 00:00:00,160.543,160.803,160.112,160.393,35266
2024-09-04 04:00:00,160.392,160.894,160.373,160.596,39421
2024-09-04 08:00:00,160.595,160.623,159.956,160.484,59133
2024-09-04 12:00:00,160.485,160.599,160.064,160.339,43491
2024-09-04 16:00:00,160.339,160.459,159.564,159.667,88845
2024-09-04 20:00:00,159.666,159.675,159.252,159.28,41029
2024-09-05 00:00:00,159.221,159.31,158.704,159.234,27691
2024-09-05 04:00:00,159.233,159.456,158.945,159.042,37177
2024-09-05 08:00:00,159.043,159.475,158.543,159.356,54786
2024-09-05 12:00:00,159.355,159.42,158.61,158.734,52443
2024-09-05 16:00:00,158.738,159.793,158.674,159.227,81158
2024-09-05 20:00:00,159.226,159.389,158.973,159.364,34718
2024-09-06 00:00:00,159.301,159.404,159.083,159.123,18474
2024-09-06 04:00:00,159.123,159.303,158.814,158.949,25702
2024-09-06 08:00:00,158.95,158.961,157.913,158.547,63437
2024-09-06 12:00:00,158.547,159.62,158.349,159.026,63027
2024-09-06 16:00:00,159.026,159.35,157.467,157.788,143716
2024-09-06 20:00:00,157.791,157.984,157.648,157.713,59569
2024-09-09 00:00:00,157.594,158.238,157.381,158.154,34254
2024-09-09 04:00:00,158.157,158.488,158.067,158.356,42579
2024-09-09 08:00:00,158.355,158.502,158.028,158.402,56072
2024-09-09 12:00:00,158.401,158.734,158.086,158.124,48719
2024-09-09 16:00:00,158.125,158.131,157.478,157.872,65118
2024-09-09 20:00:00,157.871,158.023,157.656,157.981,39655
2024-09-10 00:00:00,157.965,158.281,157.704,158.261,23680
2024-09-10 04:00:00,158.261,158.37,157.932,157.963,29005
2024-09-10 08:00:00,157.963,158.64,157.905,158.408,44138
2024-09-10 12:00:00,158.409,158.413,157.474,157.581,47447
2024-09-10 16:00:00,157.581,157.889,156.792,157.086,71719
2024-09-10 20:00:00,157.083,157.177,156.793,156.974,36259
2024-09-11 00:00:00,156.893,157.013,156.512,156.802,20349
2024-09-11 04:00:00,156.803,156.969,155.593,155.851,53278
2024-09-11 08:00:00,155.852,156.497,155.496,156.313,63343
2024-09-11 12:00:00,156.312,156.956,156.089,156.759,69724
2024-09-11 16:00:00,156.758,156.977,155.457,156.376,113965
2024-09-11 20:00:00,156.378,156.952,156.336,156.754,54761
2024-09-12 00:00:00,156.707,157.365,156.542,157.06,20445
2024-09-12 04:00:00,157.059,157.368,156.621,157.305,43833
2024-09-12 08:00:00,157.306,157.513,156.936,157.068,58501
2024-09-12 12:00:00,157.069,157.338,156.563,156.671,62772
2024-09-12 16:00:00,156.667,157.503,156.53,157.434,87673
2024-09-12 20:00:00,157.434,157.488,156.912,157.047,69206
2024-09-13 00:00:00,157.02,157.104,156.484,156.553,23770
2024-09-13 04:00:00,156.549,156.603,155.954,156.251,40459
2024-09-13 08:00:00,156.249,156.627,155.754,156.074,62391
2024-09-13 12:00:00,156.073,156.263,155.759,156.117,62924
2024-09-13 16:00:00,156.118,156.142,155.612,156.085,82753
2024-09-13 20:00:00,156.084,156.222,155.908,155.955,40718
2024-09-16 00:00:00,155.924,156.198,155.656,155.836,23505
2024-09-16 04:00:00,155.835,155.915,155.403,155.602,39810
2024-09-16 08:00:00,155.601,155.676,155.145,155.554,55985
2024-09-16 12:00:00,155.553,156.186,155.507,156.016,56071
2024-09-16 16:00:00,156.016,156.67,156.001,156.52,67204
2024-09-16 20:00:00,156.522,156.669,156.389,156.531,30511
2024-09-17 00:00:00,156.504,157.109,156.337,156.462,20530
2024-09-17 04:00:00,156.46,156.555,156.148,156.503,31786
2024-09-17 08:00:00,156.502,156.743,156.044,156.664,44687
2024-09-17 12:00:00,156.665,156.953,156.48,156.829,47782
2024-09-17 16:00:00,156.828,157.884,156.733,157.599,77110
2024-09-17 20:00:00,157.6,158.321,157.586,158.255,47248
2024-09-18 00:00:00,158.213,158.254,157.551,157.614,18301
2024-09-18 04:00:00,157.612,157.739,157.041,157.146,28462
2024-09-18 08:00:00,157.147,158.032,157.1,157.72,42969
2024-09-18 12:00:00,157.721,158.037,157.532,157.852,41746
2024-09-18 16:00:00,157.848,158.03,157.611,157.831,68731
2024-09-18 20:00:00,157.831,158.378,157.112,158.123,195343
2024-09-19 00:00:00,157.963,159.19,157.772,159.018,59916
2024-09-19 04:00:00,159.018,159.419,158.876,159.221,101426
2024-09-19 08:00:00,159.224,159.47,158.286,159.397,110709
2024-09-19 12:00:00,159.397,159.967,159.126,159.947,126774
2024-09-19 16:00:00,159.947,159.952,158.821,159.572,141096
2024-09-19 20:00:00,159.572,159.626,159.11,159.135,97745
2024-09-20 00:00:00,159.081,159.499,158.935,158.935,38476
2024-09-20 04:00:00,158.936,159.343,158.508,158.759,81939
2024-09-20 08:00:00,158.759,160.69,158.417,160.553,116733
2024-09-20 12:00:00,160.553,161.161,160.347,160.543,87528
2024-09-20 16:00:00,160.543,160.984,160.202,160.633,107259
2024-09-20 20:00:00,160.633,160.97,160.481,160.566,50839
2024-09-23 00:00:00,160.536,160.957,160.365,160.836,25123
2024-09-23 04:00:00,160.836,161.189,160.836,161.04,30707
2024-09-23 08:00:00,161.04,161.109,159.04,159.272,66724
2024-09-23 12:00:00,159.272,159.989,159.181,159.909,58586
2024-09-23 16:00:00,159.91,160.527,159.418,159.466,83647
2024-09-23 20:00:00,159.466,159.596,159.304,159.539,39091
2024-09-24 00:00:00,159.43,159.704,159.375,159.427,23374
2024-09-24 04:00:00,159.427,160.017,159.233,159.913,44782
2024-09-24 08:00:00,159.913,161.105,159.903,160.733,64954
2024-09-24 12:00:00,160.729,161.001,160.007,160.39,61480
2024-09-24 16:00:00,160.39,160.601,160.022,160.08,80668
2024-09-24 20:00:00,160.08,160.328,159.96,160.095,40177
2024-09-25 00:00:00,160.003,160.353,159.863,160.231,27298
2024-09-25 04:00:00,160.232,160.61,160.179,160.387,49169
2024-09-25 08:00:00,160.387,161.225,160.256,160.991,62381
2024-09-25 12:00:00,160.991,161.665,160.958,161.475,62271
2024-09-25 16:00:00,161.475,161.561,160.847,160.922,80229
2024-09-25 20:00:00,160.922,161.187,160.835,161.116,42506
2024-09-26 00:00:00,161.033,161.136,160.851,160.913,20949
2024-09-26 04:00:00,160.913,161.54,160.903,161.211,33630
2024-09-26 08:00:00,161.212,161.858,161.117,161.348,66497
2024-09-26 12:00:00,161.349,161.632,160.742,161.214,67499
2024-09-26 16:00:00,161.214,161.904,160.859,161.785,88935
2024-09-26 20:00:00,161.785,161.926,161.474,161.799,47324
2024-09-27 00:00:00,161.828,162.49,161.723,162.467,29509
2024-09-27 04:00:00,162.466,162.781,161.918,162.758,51348
2024-09-27 08:00:00,162.76,163.492,159.006,159.508,105916
2024-09-27 12:00:00,159.507,160.056,159.279,159.608,80156
2024-09-27 16:00:00,159.607,159.987,158.772,158.918,86565
2024-09-27 20:00:00,158.918,159.038,158.561,158.639,53162
2024-09-30 00:00:00,158.739,159.653,158.488,159.395,32540
2024-09-30 04:00:00,159.395,159.573,158.59,158.634,53413
2024-09-30 08:00:00,158.634,159.756,158.098,159.715,75372
2024-09-30 12:00:00,159.715,159.975,159.404,159.956,62526
2024-09-30 16:00:00,159.957,159.966,159.225,159.523,88305
2024-09-30 20:00:00,159.522,160.125,159.459,159.883,62941
2024-10-01 00:00:00,159.862,160.426,159.743,160.262,26927
2024-10-01 04:00:00,160.262,160.833,160.035,160.727,43745
2024-10-01 08:00:00,160.727,160.907,159.515,159.653,79206
2024-10-01 12:00:00,159.653,159.807,159.085,159.465,68164
2024-10-01 16:00:00,159.465,159.627,158.417,158.771,114545
2024-10-01 20:00:00,158.77,159.244,158.374,158.848,59952
2024-10-02 00:00:00,158.837,159.227,158.746,159.142,23497
2024-10-02 04:00:00,159.142,159.623,158.829,159.006,48680
2024-10-02 08:00:00,159.005,159.859,158.703,159.796,73588
2024-10-02 12:00:00,159.797,160.758,159.5,160.683,70762
2024-10-02 16:00:00,160.683,161.489,160.608,161.302,89297
2024-10-02 20:00:00,161.302,161.878,161.246,161.714,36010
2024-10-03 00:00:00,161.652,162.332,161.55,162.268,34076
2024-10-03 04:00:00,162.267,162.49,161.831,161.871,50158
2024-10-03 08:00:00,161.872,162.102,161.369,161.967,71478
2024-10-03 12:00:00,161.967,162.355,161.722,161.925,70983
2024-10-03 16:00:00,161.925,162.255,161.491,161.839,94075
2024-10-03 20:00:00,161.84,162.09,161.716,162.023,42323
2024-10-04 00:00:00,161.949,162.134,161.798,161.815,23764
2024-10-04 04:00:00,161.815,161.851,161.16,161.259,44340
2024-10-04 08:00:00,161.259,161.451,161.012,161.345,64409
2024-10-04 12:00:00,161.345,162.973,161.302,162.936,73826
2024-10-04 16:00:00,162.934,163.276,162.749,163.222,93837
2024-10-04 20:00:00,163.222,163.369,163.037,163.037,37908
2024-10-07 00:00:00,162.985,163.572,162.787,162.818,31301
2024-10-07 04:00:00,162.818,163.094,162.7,162.92,41718
2024-10-07 08:00:00,162.92,162.981,162.444,162.686,65222
2024-10-07 12:00:00,162.687,163.053,162.396,162.655,64174
2024-10-07 16:00:00,162.654,162.738,162.291,162.565,66447
2024-10-07 20:00:00,162.565,162.639,162.367,162.615,31930
2024-10-08 00:00:00,162.53,162.641,162.033,162.339,27001
2024-10-08 04:00:00,162.339,162.689,161.907,162.67,51880
2024-10-08 08:00:00,162.67,162.759,161.997,162.527,66364
2024-10-08 12:00:00,162.527,162.698,162.326,162.492,53209
2024-10-08 16:00:00,162.492,162.819,162.455,162.601,56314
2024-10-08 20:00:00,162.601,162.816,162.563,162.691,31887
2024-10-09 00:00:00,162.537,162.846,162.451,162.687,17651
2024-10-09 04:00:00,162.687,162.87,162.45,162.627,41865
2024-10-09 08:00:00,162.629,163.07,162.39,162.962,61420
2024-10-09 12:00:00,162.962,163.158,162.815,163.153,45354
2024-10-09 16:00:00,163.152,163.462,162.996,163.281,54630
2024-10-09 20:00:00,163.281,163.373,163.156,163.29,31069
2024-10-10 00:00:00,163.211,163.341,163.005,163.243,19403
2024-10-10 04:00:00,163.243,163.608,163.132,163.454,35365
2024-10-10 08:00:00,163.454,163.55,162.914,162.963,49590
2024-10-10 12:00:00,162.963,163.06,162.375,162.628,64797
2024-10-10 16:00:00,162.625,162.764,162.172,162.415,110526
2024-10-10 20:00:00,162.415,162.559,162.313,162.409,69874
2024-10-11 00:00:00,162.238,162.662,162.197,162.375,29637
2024-10-11 04:00:00,162.378,162.725,162.301,162.629,46508
2024-10-11 08:00:00,162.629,162.892,162.488,162.855,60525
2024-10-11 12:00:00,162.855,163.119,162.699,162.978,72749
2024-10-11 16:00:00,162.978,163.41,162.921,163.091,84700
2024-10-11 20:00:00,163.091,163.189,163.026,163.063,34270
2024-10-14 00:00:00,162.903,163.251,162.872,162.961,22496
2024-10-14 04:00:00,162.962,163.205,162.919,163.074,35900
2024-10-14 08:00:00,163.074,163.349,162.959,163.27,48758
2024-10-14 12:00:00,163.27,163.516,163.238,163.359,51024
2024-10-14 16:00:00,163.359,163.6,163.335,163.449,60147
2024-10-14 20:00:00,163.449,163.453,163.214,163.273,29859
2024-10-15 00:00:00,163.158,163.434,163.073,163.152,23958
2024-10-15 04:00:00,163.152,163.265,163.004,163.044,35086
2024-10-15 08:00:00,163.043,163.063,162.42,162.744,70738
2024-10-15 12:00:00,162.744,162.948,162.358,162.652,68572
2024-10-15 16:00:00,162.65,162.876,162.336,162.741,94422
2024-10-15 20:00:00,162.741,162.807,162.395,162.497,55044
2024-10-16 00:00:00,162.385,162.577,162.184,162.49,33773
2024-10-16 04:00:00,162.49,162.556,162.102,162.543,65621
2024-10-16 08:00:00,162.543,162.705,162.255,162.667,74933
2024-10-16 12:00:00,162.667,162.79,162.449,162.735,73760
2024-10-16 16:00:00,162.735,162.887,162.519,162.751,71826
2024-10-16 20:00:00,162.751,162.758,162.467,162.487,36765
2024-10-17 00:00:00,162.402,162.577,162.278,162.456,29147
2024-10-17 04:00:00,162.456,162.479,162.065,162.306,61616
2024-10-17 08:00:00,162.306,162.635,162.178,162.603,62171
2024-10-17 12:00:00,162.603,162.719,162.287,162.457,79003
2024-10-17 16:00:00,162.458,162.766,161.84,162.595,111408
2024-10-17 20:00:00,162.595,162.747,162.522,162.629,37984
2024-10-18 00:00:00,162.555,162.7,162.353,162.486,24032
2024-10-18 04:00:00,162.487,162.641,162.333,162.495,46255
2024-10-18 08:00:00,162.494,162.806,162.354,162.474,72047
2024-10-18 12:00:00,162.474,162.858,162.172,162.743,71064
2024-10-18 16:00:00,162.743,162.833,162.294,162.369,66772
2024-10-18 20:00:00,162.369,162.52,162.347,162.379,40431
2024-10-21 00:00:00,162.3,162.644,162.172,162.314,30091
2024-10-21 04:00:00,162.314,162.335,161.991,162.148,56232
2024-10-21 08:00:00,162.148,162.788,162.049,162.765,67960
2024-10-21 12:00:00,162.765,162.86,162.588,162.773,65965
2024-10-21 16:00:00,162.772,162.905,162.634,162.825,70248
2024-10-21 20:00:00,162.824,163.155,162.819,163.03,36555
2024-10-22 00:00:00,163.061,163.096,162.802,162.923,28732
2024-10-22 04:00:00,162.923,163.486,162.812,163.248,56031
2024-10-22 08:00:00,163.248,163.666,163.094,163.47,82057
2024-10-22 12:00:00,163.47,163.505,163.066,163.157,77750
2024-10-22 16:00:00,163.156,163.45,162.775,163.264,95241
2024-10-22 20:00:00,163.264,163.273,162.992,163.038,41461
2024-10-23 00:00:00,163.059,163.55,162.966,163.505,22172
2024-10-23 04:00:00,163.505,164.318,163.484,164.263,59342
2024-10-23 08:00:00,164.263,164.566,164.235,164.418,84016
2024-10-23 12:00:00,164.417,164.959,164.411,164.911,84891
2024-10-23 16:00:00,164.91,165.021,164.66,164.669,94976
2024-10-23 20:00:00,164.669,164.726,164.294,164.651,58203
2024-10-24 00:00:00,164.596,164.762,164.48,164.682,36121
2024-10-24 04:00:00,164.678,164.75,164.163,164.292,65779
2024-10-24 08:00:00,164.292,164.462,163.787,164.209,107081
2024-10-24 12:00:00,164.207,164.348,163.86,164.17,94269
2024-10-24 16:00:00,164.17,164.489,163.879,163.987,114521
2024-10-24 20:00:00,163.988,164.458,163.978,164.372,45345
2024-10-25 00:00:00,164.258,164.587,164.075,164.49,30843
2024-10-25 04:00:00,164.49,164.543,164.057,164.175,42370
2024-10-25 08:00:00,164.175,164.761,163.917,164.472,77723
2024-10-25 12:00:00,164.472,164.668,164.259,164.66,67221
2024-10-25 16:00:00,164.66,164.796,164.368,164.442,87711
2024-10-25 20:00:00,164.442,164.561,164.261,164.4,51094
2024-10-28 00:00:00,165.221,165.679,164.678,165.645,63591
2024-10-28 04:00:00,165.646,166.08,165.415,165.742,68005
2024-10-28 08:00:00,165.742,165.862,165.374,165.725,68116
2024-10-28 12:00:00,165.726,165.739,164.885,165.07,71788
2024-10-28 16:00:00,165.07,165.83,165.019,165.761,81288
2024-10-28 20:00:00,165.75,165.839,165.654,165.69,41368
2024-10-29 00:00:00,165.699,165.807,165.349,165.504,23380
2024-10-29 04:00:00,165.503,165.581,165.209,165.295,58129
2024-10-29 08:00:00,165.295,165.992,165.151,165.952,70460
2024-10-29 12:00:00,165.953,166.081,165.626,165.711,81396
2024-10-29 16:00:00,165.71,165.968,165.171,165.809,129826
2024-10-29 20:00:00,165.809,166.009,165.708,165.881,48658
2024-10-30 00:00:00,165.76,165.918,165.686,165.843,24781
2024-10-30 04:00:00,165.845,165.995,165.699,165.88,48455
2024-10-30 08:00:00,165.879,166.088,165.568,165.585,62097
2024-10-30 12:00:00,165.585,166.208,165.501,165.832,100829
2024-10-30 16:00:00,165.831,166.596,165.744,166.269,120108
2024-10-30 20:00:00,166.27,166.595,166.258,166.493,48553
2024-10-31 00:00:00,166.422,166.686,166.288,166.634,21901
2024-10-31 04:00:00,166.633,166.694,165.764,165.882,45307
2024-10-31 08:00:00,165.882,166.095,164.932,165.445,85468
2024-10-31 12:00:00,165.445,166.271,165.395,166.135,97458
2024-10-31 16:00:00,166.137,166.363,165.008,165.525,148065
2024-10-31 20:00:00,165.525,165.605,165.069,165.408,69955
2024-11-01 00:00:00,165.437,165.594,165.223,165.516,33068
2024-11-01 04:00:00,165.516,165.944,165.404,165.864,56955
2024-11-01 08:00:00,165.863,165.963,165.521,165.808,68468
2024-11-01 12:00:00,165.808,166.115,165.255,165.514,97120
2024-11-01 16:00:00,165.512,166.114,165.35,165.937,181809
2024-11-01 20:00:00,165.937,165.962,165.607,165.634,87827
2024-11-04 00:00:00,165.664,165.909,165.21,165.271,43143
2024-11-04 04:00:00,165.271,165.57,165.23,165.501,54219
2024-11-04 08:00:00,165.501,165.859,165.438,165.491,72088
2024-11-04 12:00:00,165.491,165.702,165.33,165.574,56285
2024-11-04 16:00:00,165.571,165.77,165.393,165.517,80846
2024-11-04 20:00:00,165.52,165.633,165.401,165.411,52458
2024-11-05 00:00:00,165.44,165.783,165.378,165.632,31296
2024-11-05 04:00:00,165.63,165.922,165.534,165.82,33591
2024-11-05 08:00:00,165.82,165.935,165.627,165.76,52545
2024-11-05 12:00:00,165.76,165.984,165.57,165.615,45996
2024-11-05 16:00:00,165.615,166.039,165.429,165.792,88299
2024-11-05 20:00:00,165.794,165.82,165.425,165.63,81035
2024-11-06 00:00:00,165.564,165.898,165.23,165.721,201932
2024-11-06 04:00:00,165.721,165.988,165.171,165.429,348895
2024-11-06 08:00:00,165.424,165.902,165.018,165.614,289545
2024-11-06 12:00:00,165.614,165.732,164.916,165.248,192577
2024-11-06 16:00:00,165.248,166.035,165.166,165.907,136251
2024-11-06 20:00:00,165.907,166.103,165.665,165.83,74747
2024-11-07 00:00:00,165.729,165.964,165.482,165.595,58599
2024-11-07 04:00:00,165.595,165.907,165.407,165.506,67008
2024-11-07 08:00:00,165.506,165.899,165.378,165.413,104208
2024-11-07 12:00:00,165.413,165.876,165.399,165.663,94834
2024-11-07 16:00:00,165.663,165.801,165.152,165.331,115122
2024-11-07 20:00:00,165.332,165.343,164.944,165.172,106520
2024-11-08 00:00:00,165.178,165.427,165.057,165.134,40126
2024-11-08 04:00:00,165.134,165.171,164.494,164.743,49480
2024-11-08 08:00:00,164.743,164.844,164.062,164.143,94007
2024-11-08 12:00:00,164.143,164.489,163.88,164.243,89055
2024-11-08 16:00:00,164.243,164.399,163.2,163.469,98553
2024-11-08 20:00:00,163.469,163.644,163.419,163.577,49831
2024-11-11 00:00:00,163.397,164.276,163.362,164.255,39726
2024-11-11 04:00:00,164.255,164.657,164.175,164.543,51879
2024-11-11 08:00:00,164.544,164.58,163.898,164.092,78107
2024-11-11 12:00:00,164.093,164.278,163.726,163.741,69017
2024-11-11 16:00:00,163.737,163.937,163.573,163.872,71050
2024-11-11 20:00:00,163.867,163.867,163.691,163.8,39394
2024-11-12 00:00:00,163.588,164.029,163.556,163.939,37910
2024-11-12 04:00:00,163.939,163.982,163.233,163.432,58179
2024-11-12 08:00:00,163.432,163.784,163.34,163.771,78483
2024-11-12 12:00:00,163.771,164.0,163.43,163.988,82165
2024-11-12 16:00:00,163.987,164.226,163.692,164.181,95434
2024-11-12 20:00:00,164.179,164.33,164.144,164.295,49282
2024-11-13 00:00:00,164.203,164.516,164.005,164.314,38878
2024-11-13 04:00:00,164.314,164.476,164.212,164.404,52896
2024-11-13 08:00:00,164.404,164.65,164.31,164.597,77549
2024-11-13 12:00:00,164.597,164.799,164.228,164.347,95559
2024-11-13 16:00:00,164.347,164.359,163.624,164.244,136170
2024-11-13 20:00:00,164.244,164.423,164.136,164.226,64520
2024-11-14 00:00:00,164.119,164.618,163.949,164.531,37801
2024-11-14 04:00:00,164.529,164.672,164.377,164.556,49257
2024-11-14 08:00:00,164.555,164.583,164.125,164.218,72670
2024-11-14 12:00:00,164.212,164.44,163.798,164.291,98774
2024-11-14 16:00:00,164.291,164.977,164.212,164.45,135208
2024-11-14 20:00:00,164.453,164.588,164.343,164.579,136081
2024-11-15 00:00:00,164.498,165.037,164.4,164.876,75243
2024-11-15 04:00:00,164.875,164.995,164.752,164.903,88437
2024-11-15 08:00:00,164.901,164.966,164.038,164.094,145278
2024-11-15 12:00:00,164.096,164.546,163.989,164.003,166588
2024-11-15 16:00:00,164.0,164.073,162.687,162.746,198057
2024-11-15 20:00:00,162.746,162.758,162.311,162.681,65893
2024-11-18 00:00:00,162.446,163.493,162.259,162.977,75031
2024-11-18 04:00:00,162.979,163.294,162.713,162.91,65203
2024-11-18 08:00:00,162.91,163.557,162.711,163.543,98118
2024-11-18 12:00:00,163.543,163.881,163.301,163.695,86134
2024-11-18 16:00:00,163.694,163.937,163.409,163.846,94780
2024-11-18 20:00:00,163.846,163.981,163.706,163.9,47683
2024-11-19 00:00:00,163.851,163.933,163.153,163.252,41046
2024-11-19 04:00:00,163.251,163.574,163.107,163.428,49733
2024-11-19 08:00:00,163.431,163.707,161.485,162.206,131803
2024-11-19 12:00:00,162.206,162.999,161.965,162.326,117687
2024-11-19 16:00:00,162.325,163.75,162.279,163.698,125626
2024-11-19 20:00:00,163.698,163.927,163.589,163.898,37918
2024-11-20 00:00:00,163.769,164.298,163.65,164.061,37182
2024-11-20 04:00:00,164.062,164.295,164.01,164.292,34916
2024-11-20 08:00:00,164.292,164.758,164.265,164.402,73616
2024-11-20 12:00:00,164.402,164.583,164.244,164.393,68176
2024-11-20 16:00:00,164.394,164.406,163.156,163.475,113211
2024-11-20 20:00:00,163.477,163.933,163.444,163.871,57442
2024-11-21 00:00:00,163.715,163.828,163.341,163.504,41151
2024-11-21 04:00:00,163.504,163.771,163.339,163.663,41357
2024-11-21 08:00:00,163.663,163.667,162.059,162.377,122941
2024-11-21 12:00:00,162.377,162.795,162.163,162.468,95769
2024-11-21 16:00:00,162.469,162.667,161.736,161.963,196767
2024-11-21 20:00:00,161.963,162.197,161.797,161.838,79083
2024-11-22 00:00:00,161.75,161.873,161.192,161.698,75211
2024-11-22 04:00:00,161.698,161.92,161.509,161.886,76025
2024-11-22 08:00:00,161.892,162.488,159.891,160.717,199191
2024-11-22 12:00:00,160.717,161.09,160.386,160.896,167518
2024-11-22 16:00:00,160.896,161.373,160.866,161.232,198924
2024-11-22 20:00:00,161.235,161.334,161.087,161.256,74674
2024-11-25 00:00:00,161.58,161.929,161.052,161.116,78728
2024-11-25 04:00:00,161.117,161.759,160.983,161.658,60136
2024-11-25 08:00:00,161.658,162.121,161.308,161.982,118237
2024-11-25 12:00:00,161.983,162.115,161.553,162.061,111879
2024-11-25 16:00:00,162.06,162.094,161.356,161.816,140716
2024-11-25 20:00:00,161.82,161.982,161.698,161.831,53139
2024-11-26 00:00:00,161.741,161.843,160.569,161.05,97325
2024-11-26 04:00:00,161.05,161.335,160.859,161.018,62893
2024-11-26 08:00:00,161.018,162.009,160.937,161.734,117984
2024-11-26 12:00:00,161.735,161.846,160.983,161.147,122005
2024-11-26 16:00:00,161.146,161.399,160.38,160.536,133194
2024-11-26 20:00:00,160.536,160.656,160.297,160.606,61686
2024-11-27 00:00:00,160.443,160.714,159.937,159.978,58947
2024-11-27 04:00:00,159.978,160.155,159.51,159.702,53765
2024-11-27 08:00:00,159.702,159.786,159.107,159.296,128356
2024-11-27 12:00:00,159.296,160.013,159.086,159.991,116616
2024-11-27 16:00:00,159.992,160.064,159.247,159.453,156672
2024-11-27 20:00:00,159.452,159.742,159.345,159.685,45487
2024-11-28 00:00:00,159.505,160.129,159.35,159.869,45535
2024-11-28 04:00:00,159.869,160.109,159.797,159.884,41694
2024-11-28 08:00:00,159.884,160.34,159.586,159.964,96934
2024-11-28 12:00:00,159.963,160.338,159.628,159.662,71569
2024-11-28 16:00:00,159.665,159.97,159.562,159.86,72328
2024-11-28 20:00:00,159.87,159.984,159.844,159.936,9949
2024-11-29 00:00:00,159.77,159.953,158.226,158.334,91324
2024-11-29 04:00:00,158.334,158.975,158.329,158.617,97634
2024-11-29 08:00:00,158.617,158.82,158.342,158.493,145500
2024-11-29 12:00:00,158.493,158.837,158.208,158.407,135032
2024-11-29 16:00:00,158.407,158.894,158.025,158.086,145382
2024-11-29 20:00:00,158.086,158.397,158.047,158.27,134821
2024-12-02 00:00:00,158.079,158.557,157.919,158.518,72489
2024-12-02 04:00:00,158.518,158.644,158.362,158.582,59877
2024-12-02 08:00:00,158.581,158.588,157.58,158.054,120883
2024-12-02 12:00:00,158.054,158.182,157.501,157.671,112885
2024-12-02 16:00:00,157.668,157.747,156.372,156.89,153705
2024-12-02 20:00:00,156.89,157.136,156.829,157.027,56134
2024-12-03 00:00:00,156.973,157.318,156.847,157.186,47620
2024-12-03 04:00:00,157.186,157.53,157.14,157.403,44755
2024-12-03 08:00:00,157.403,157.858,157.25,157.609,95680
2024-12-03 12:00:00,157.609,157.983,156.626,156.659,90543
2024-12-03 16:00:00,156.659,157.214,156.168,157.094,135676
2024-12-03 20:00:00,157.094,157.228,156.75,157.218,48672
2024-12-04 00:00:00,157.033,157.578,157.007,157.514,43867
2024-12-04 04:00:00,157.514,157.855,156.976,157.83,64849
2024-12-04 08:00:00,157.83,158.277,157.611,158.2,104739
2024-12-04 12:00:00,158.2,158.658,158.163,158.379,108372
2024-12-04 16:00:00,158.379,158.591,158.003,158.23,132164
2024-12-04 20:00:00,158.23,158.408,157.978,158.303,57406
2024-12-05 00:00:00,158.168,158.485,157.9,158.247,40679
2024-12-05 04:00:00,158.248,158.253,157.68,157.828,47038
2024-12-05 08:00:00,157.828,158.248,157.558,158.234,89652
2024-12-05 12:00:00,158.232,159.171,157.981,159.143,110821
2024-12-05 16:00:00,159.143,159.39,158.479,158.652,157959
2024-12-05 20:00:00,158.652,158.923,158.587,158.911,66223
2024-12-06 00:00:00,158.815,159.033,158.552,158.582,55209
2024-12-06 04:00:00,158.582,158.664,158.368,158.516,61503
2024-12-06 08:00:00,158.516,159.36,158.361,159.265,104374
2024-12-06 12:00:00,159.265,159.581,158.692,158.703,143056
2024-12-06 16:00:00,158.701,158.772,158.088,158.222,140874
2024-12-06 20:00:00,158.223,158.59,158.172,158.584,44109
2024-12-09 00:00:00,158.208,158.545,158.016,158.186,43698
2024-12-09 04:00:00,158.186,158.317,157.859,158.02,49120
2024-12-09 08:00:00,158.02,159.09,158.002,158.929,103927
2024-12-09 12:00:00,158.926,159.587,158.911,159.561,86167
2024-12-09 16:00:00,159.561,159.999,159.388,159.902,85444
2024-12-09 20:00:00,159.901,159.908,159.446,159.569,32585
2024-12-10 00:00:00,159.473,159.887,159.416,159.679,35849
2024-12-10 04:00:00,159.68,159.699,159.364,159.42,51763
2024-12-10 08:00:00,159.42,160.066,159.38,159.651,83038
2024-12-10 12:00:00,159.651,159.885,159.449,159.614,82932
2024-12-10 16:00:00,159.614,159.908,159.529,159.862,92661
2024-12-10 20:00:00,159.863,159.99,159.806,159.955,42487
2024-12-11 00:00:00,159.923,160.021,159.724,159.815,27064
2024-12-11 04:00:00,159.814,159.836,159.434,159.707,38321
2024-12-11 08:00:00,159.707,160.389,158.645,160.319,106315
2024-12-11 12:00:00,160.319,160.685,160.024,160.278,116798
2024-12-11 16:00:00,160.278,160.322,159.564,159.934,114098
2024-12-11 20:00:00,159.935,160.159,159.878,160.021,45416
2024-12-12 00:00:00,159.852,160.048,159.641,159.664,34866
2024-12-12 04:00:00,159.664,160.314,159.643,160.217,41220
2024-12-12 08:00:00,160.217,160.547,160.134,160.3,85443
2024-12-12 12:00:00,160.299,160.343,159.283,159.398,105483
2024-12-12 16:00:00,159.397,160.237,159.103,159.877,136979
2024-12-12 20:00:00,159.877,160.005,159.722,159.784,46233
2024-12-13 00:00:00,159.728,160.256,159.618,159.879,41559
2024-12-13 04:00:00,159.879,160.114,159.712,159.997,42603
2024-12-13 08:00:00,159.997,160.995,159.74,160.873,101119
2024-12-13 12:00:00,160.873,161.551,160.822,161.123,58534
2024-12-13 16:00:00,161.122,161.5,160.957,161.316,55240
2024-12-13 20:00:00,161.317,161.428,161.231,161.402,18954
2024-12-16 00:00:00,160.995,161.907,160.995,161.893,41723
2024-12-16 04:00:00,161.893,161.988,161.595,161.641,34467
2024-12-16 08:00:00,161.641,161.727,161.16,161.569,76271
2024-12-16 12:00:00,161.569,161.863,161.206,161.845,66052
2024-12-16 16:00:00,161.843,162.206,161.527,162.029,87823
2024-12-16 20:00:00,162.029,162.103,161.919,162.073,30775
2024-12-17 00:00:00,161.928,162.476,161.871,162.122,34241
2024-12-17 04:00:00,162.123,162.144,161.796,161.911,37159
2024-12-17 08:00:00,161.912,161.977,161.106,161.248,75548
2024-12-17 12:00:00,161.248,161.649,161.136,161.53,87187
2024-12-17 16:00:00,161.53,161.567,160.882,160.926,96544
2024-12-17 20:00:00,160.926,161.088,160.767,161.077,37497
2024-12-18 00:00:00,160.871,161.482,160.822,161.3,29435
2024-12-18 04:00:00,161.3,161.457,161.025,161.062,34054
2024-12-18 08:00:00,161.061,161.385,161.048,161.224,66845
2024-12-18 12:00:00,161.224,161.561,161.144,161.414,66865
2024-12-18 16:00:00,161.415,161.503,161.106,161.137,79977
2024-12-18 20:00:00,161.137,161.341,159.799,160.251,135714
2024-12-19 00:00:00,160.179,160.762,159.855,160.485,55553
2024-12-19 04:00:00,160.485,161.404,160.272,161.148,59165
2024-12-19 08:00:00,161.148,163.675,160.912,163.518,144774
2024-12-19 12:00:00,163.518,163.551,162.843,163.165,123705
2024-12-19 16:00:00,163.163,163.803,163.158,163.397,140936
2024-12-19 20:00:00,163.397,163.512,163.026,163.143,58013
2024-12-20 00:00:00,162.995,163.666,162.855,162.991,56985
2024-12-20 04:00:00,162.991,163.07,162.522,162.784,77407
2024-12-20 08:00:00,162.785,163.181,162.339,162.715,140749
2024-12-20 12:00:00,162.715,163.024,162.649,162.888,103393
2024-12-20 16:00:00,162.888,162.988,162.507,162.757,140853
2024-12-20 20:00:00,162.757,163.165,162.738,163.156,57189
2024-12-23 00:00:00,163.013,163.441,162.922,163.259,43874
2024-12-23 04:00:00,163.254,163.563,163.171,163.521,34680
2024-12-23 08:00:00,163.521,163.601,162.897,163.071,66852
2024-12-23 12:00:00,163.071,163.528,162.844,163.472,72866
2024-12-23 16:00:00,163.472,163.567,163.184,163.388,87547
2024-12-23 20:00:00,163.392,163.62,163.384,163.515,38440
2024-12-24 00:00:00,163.472,163.598,163.245,163.383,31307
2024-12-24 04:00:00,163.384,163.468,163.017,163.159,30042
2024-12-24 08:00:00,163.159,163.303,163.06,163.165,43776
2024-12-24 12:00:00,163.165,163.455,163.09,163.439,49595
2024-12-24 16:00:00,163.439,163.632,163.266,163.344,62335
2024-12-24 20:00:00,163.344,163.525,163.058,163.358,23530
2024-12-25 00:00:00,160.856,163.626,160.856,163.298,1412
2024-12-25 04:00:00,163.283,163.659,163.05,163.477,1485
2024-12-25 08:00:00,163.49,163.786,163.053,163.239,736
2024-12-25 16:00:00,163.239,163.239,163.239,163.239,1
2024-12-25 20:00:00,163.671,163.997,163.403,163.576,594
2024-12-26 00:00:00,163.437,163.759,163.313,163.674,32182
2024-12-26 04:00:00,163.674,163.777,163.578,163.609,24489
2024-12-26 08:00:00,163.609,163.731,163.477,163.71,37999
2024-12-26 12:00:00,163.71,164.198,163.693,164.191,35743
2024-12-26 16:00:00,164.191,164.702,164.113,164.542,64292
2024-12-26 20:00:00,164.542,164.76,164.507,164.686,40581
2024-12-27 00:00:00,164.445,164.664,164.304,164.329,36549
2024-12-27 04:00:00,164.328,164.35,164.027,164.28,35149
2024-12-27 08:00:00,164.281,164.616,164.162,164.516,55786
2024-12-27 12:00:00,164.516,164.778,164.309,164.769,71232
2024-12-27 16:00:00,164.768,164.831,164.168,164.537,97719
2024-12-27 20:00:00,164.537,164.776,164.529,164.622,34817
2024-12-30 00:00:00,164.574,164.772,164.394,164.537,24147
2024-12-30 04:00:00,164.537,164.713,164.459,164.605,26185
2024-12-30 08:00:00,164.604,164.907,164.408,164.759,64418
2024-12-30 12:00:00,164.759,164.87,163.564,163.609,84324
2024-12-30 16:00:00,163.609,163.996,162.803,163.383,129804
2024-12-30 20:00:00,163.382,163.451,163.062,163.24,45483
2024-12-31 00:00:00,163.176,163.434,162.801,162.909,31493
2024-12-31 04:00:00,162.908,162.938,162.489,162.579,32629
2024-12-31 08:00:00,162.579,163.302,162.448,163.216,58571
2024-12-31 12:00:00,163.216,163.407,162.92,163.197,80310
2024-12-31 16:00:00,163.197,163.209,162.609,162.874,128017
2024-12-31 20:00:00,162.874,163.106,162.81,162.836,54018
2025-01-01 20:00:00,161.341,162.84,161.341,162.758,324
2025-01-02 00:00:00,162.632,163.323,162.553,163.155,44843
2025-01-02 04:00:00,163.153,163.196,162.772,162.934,33953
2025-01-02 08:00:00,162.934,162.935,161.956,162.306,91217
2025-01-02 12:00:00,162.306,162.554,161.687,161.747,116485
2025-01-02 16:00:00,161.747,161.987,160.891,161.743,168362
2025-01-02 20:00:00,161.747,161.813,161.49,161.748,60006
2025-01-03 00:00:00,161.43,161.759,161.408,161.486,29429
2025-01-03 04:00:00,161.486,161.725,161.444,161.576,32864
2025-01-03 08:00:00,161.576,161.919,161.382,161.811,74554
2025-01-03 12:00:00,161.811,161.991,161.612,161.79,74330
2025-01-03 16:00:00,161.79,162.076,161.623,161.844,103880
2025-01-03 20:00:00,161.844,162.204,161.781,162.166,36030
2025-01-06 00:00:00,161.875,162.559,161.875,162.538,43839
2025-01-06 04:00:00,162.538,162.812,162.516,162.658,37954
2025-01-06 08:00:00,162.658,163.517,162.487,163.346,85222
2025-01-06 12:00:00,163.348,164.022,162.916,163.136,165878
2025-01-06 16:00:00,163.136,163.839,162.575,163.611,147220
2025-01-06 20:00:00,163.611,163.81,163.487,163.79,49764
2025-01-07 00:00:00,163.506,164.395,163.481,164.342,42225
2025-01-07 04:00:00,164.347,164.389,164.108,164.119,36381
2025-01-07 08:00:00,164.119,164.442,163.791,164.292,90951
2025-01-07 12:00:00,164.292,164.547,163.813,163.924,86774
2025-01-07 16:00:00,163.924,164.232,163.385,163.484,143660
2025-01-07 20:00:00,163.484,163.503,163.203,163.457,46822
2025-01-08 00:00:00,163.342,163.697,163.314,163.547,34559
2025-01-08 04:00:00,163.547,163.81,163.512,163.79,26768
2025-01-08 08:00:00,163.79,163.798,163.117,163.205,81077
2025-01-08 12:00:00,163.206,163.393,162.835,163.024,132025
2025-01-08 16:00:00,163.024,163.308,162.928,163.224,108912
2025-01-08 20:00:00,163.224,163.51,163.182,163.388,50121
2025-01-09 00:00:00,163.282,163.429,163.032,163.081,28612
2025-01-09 04:00:00,163.08,163.137,162.623,162.911,33542
2025-01-09 08:00:00,162.911,163.118,162.666,162.9,88634
2025-01-09 12:00:00,162.902,162.952,162.37,162.515,80178
2025-01-09 16:00:00,162.511,162.846,162.51,162.809,58526
2025-01-09 20:00:00,162.809,162.92,162.788,162.865,17078
2025-01-10 00:00:00,162.818,162.98,162.609,162.911,35649
2025-01-10 04:00:00,162.911,163.12,162.9,162.948,31296
2025-01-10 08:00:00,162.949,163.189,162.361,162.668,91979
2025-01-10 12:00:00,162.67,162.954,162.239,162.62,118639
2025-01-10 16:00:00,162.622,162.774,161.204,161.531,183151
2025-01-10 20:00:00,161.531,161.785,161.49,161.616,49100
2025-01-13 00:00:00,161.496,161.795,161.074,161.25,36419
2025-01-13 04:00:00,161.25,161.476,160.66,160.862,46250
2025-01-13 08:00:00,160.862,161.198,160.028,160.144,95244
2025-01-13 12:00:00,160.144,160.682,160.079,160.474,92827
2025-01-13 16:00:00,160.475,160.98,160.315,160.763,99305
2025-01-13 20:00:00,160.762,161.293,160.706,161.284,41602
2025-01-14 00:00:00,161.237,161.87,160.938,161.355,62988
2025-01-14 04:00:00,161.355,161.754,161.242,161.433,43949
2025-01-14 08:00:00,161.433,162.138,161.358,162.038,90112
2025-01-14 12:00:00,162.039,162.13,161.488,161.767,97483
2025-01-14 16:00:00,161.767,162.729,161.719,162.69,122395
2025-01-14 20:00:00,162.691,162.84,162.57,162.819,36165
2025-01-15 00:00:00,162.825,162.895,162.554,162.634,29849
2025-01-15 04:00:00,162.635,162.7,161.888,161.922,40381
2025-01-15 08:00:00,161.922,162.123,161.529,161.721,84660
2025-01-15 12:00:00,161.721,161.916,161.425,161.778,112114
2025-01-15 16:00:00,161.778,161.815,160.734,161.019,138209
2025-01-15 20:00:00,161.019,161.122,160.965,161.009,37388
2025-01-16 00:00:00,160.926,161.09,159.986,160.05,50135
2025-01-16 04:00:00,160.053,160.538,159.738,160.524,55821
2025-01-16 08:00:00,160.524,160.887,160.052,160.132,85173
2025-01-16 12:00:00,160.132,160.559,160.029,160.296,100034
2025-01-16 16:00:00,160.295,160.559,159.817,159.877,188366
2025-01-16 20:00:00,159.878,160.059,159.76,159.831,62842
2025-01-17 00:00:00,159.661,160.156,159.632,159.946,37810
2025-01-17 04:00:00,159.946,160.205,159.917,160.126,41344
2025-01-17 08:00:00,160.126,160.503,159.886,160.33,79566
2025-01-17 12:00:00,160.33,160.534,160.022,160.197,85312
2025-01-17 16:00:00,160.197,161.01,159.942,160.642,144930
2025-01-17 20:00:00,160.642,160.694,160.413,160.493,44076
2025-01-20 00:00:00,160.517,160.815,160.309,160.458,40735
2025-01-20 04:00:00,160.458,160.788,160.39,160.775,38682
2025-01-20 08:00:00,160.775,161.18,160.713,161.065,77545
2025-01-20 12:00:00,161.065,162.115,161.064,161.913,122356
2025-01-20 16:00:00,161.914,162.316,161.52,161.84,165690
2025-01-20 20:00:00,161.84,162.262,161.797,162.042,53842
2025-01-21 00:00:00,161.821,162.149,161.213,161.298,113177
2025-01-21 04:00:00,161.298,161.347,160.951,161.198,80186
2025-01-21 08:00:00,161.199,161.598,161.177,161.414,103838
2025-01-21 12:00:00,161.413,161.516,161.232,161.358,104042
2025-01-21 16:00:00,161.358,162.175,161.299,162.128,132933
2025-01-21 20:00:00,162.128,162.227,162.005,162.155,43217
2025-01-22 00:00:00,162.052,162.192,161.86,162.063,58471
2025-01-22 04:00:00,162.063,162.386,162.025,162.312,40177
2025-01-22 08:00:00,162.312,162.635,162.049,162.615,98425
2025-01-22 12:00:00,162.615,162.895,162.521,162.62,85765
2025-01-22 16:00:00,162.619,163.214,162.416,163.146,96899
2025-01-22 20:00:00,163.147,163.155,162.921,162.968,32225
2025-01-23 00:00:00,162.823,162.892,162.672,162.87,34876
2025-01-23 04:00:00,162.87,163.129,162.739,163.054,37023
2025-01-23 08:00:00,163.053,163.095,162.621,162.807,80501
2025-01-23 12:00:00,162.808,162.946,162.5,162.618,89406
2025-01-23 16:00:00,162.618,162.832,162.185,162.695,134945
2025-01-23 20:00:00,162.696,162.712,162.358,162.542,39265
2025-01-24 00:00:00,162.514,162.829,162.418,162.805,31390
2025-01-24 04:00:00,162.805,163.268,161.912,162.358,92372
2025-01-24 08:00:00,162.359,163.34,162.078,163.259,148493
2025-01-24 12:00:00,163.258,163.995,163.23,163.65,96452
2025-01-24 16:00:00,163.65,164.082,163.561,163.698,129791
2025-01-24 20:00:00,163.698,163.772,163.494,163.673,39114
2025-01-27 00:00:00,163.077,163.384,162.6,162.679,49046
2025-01-27 04:00:00,162.679,163.296,162.607,163.289,45690
2025-01-27 08:00:00,163.289,163.453,162.06,162.152,121250
2025-01-27 12:00:00,162.152,162.402,161.537,162.215,167908
2025-01-27 16:00:00,162.215,162.383,161.726,161.834,138561
2025-01-27 20:00:00,161.834,162.321,161.779,162.105,59396
2025-01-28 00:00:00,162.055,162.528,161.572,162.296,76241
2025-01-28 04:00:00,162.296,162.673,162.174,162.494,58725
2025-01-28 08:00:00,162.494,162.701,162.124,162.214,101144
2025-01-28 12:00:00,162.214,162.272,161.778,162.086,90242
2025-01-28 16:00:00,162.086,162.446,161.749,162.266,106719
2025-01-28 20:00:00,162.267,162.37,162.182,162.214,41503
2025-01-29 00:00:00,162.094,162.49,162.094,162.357,27521
2025-01-29 04:00:00,162.357,162.444,161.823,161.835,34943
2025-01-29 08:00:00,161.835,162.198,161.592,161.61,92216
2025-01-29 12:00:00,161.61,161.755,161.301,161.443,91856
2025-01-29 16:00:00,161.444,161.821,161.366,161.59,110179
2025-01-29 20:00:00,161.591,161.846,161.528,161.791,99648
2025-01-30 00:00:00,161.561,161.8,160.973,161.135,52653
2025-01-30 04:00:00,161.135,161.209,160.828,161.005,60069
2025-01-30 08:00:00,161.005,161.185,160.603,160.733,85787
2025-01-30 12:00:00,160.733,160.975,160.201,160.916,113357
2025-01-30 16:00:00,160.924,161.093,160.482,160.734,128617
2025-01-30 20:00:00,160.736,161.033,160.196,160.35,65585
2025-01-31 00:00:00,160.129,160.489,159.899,160.083,53388
2025-01-31 04:00:00,160.083,160.862,159.961,160.731,52329
2025-01-31 08:00:00,160.731,161.044,160.175,160.651,101879
2025-01-31 12:00:00,160.653,161.006,160.375,160.716,94596
2025-01-31 16:00:00,160.716,161.503,160.2,161.259,148999
2025-01-31 20:00:00,161.259,161.348,160.477,160.745,119224
2025-02-03 00:00:00,158.453,159.724,158.45,159.406,141042
2025-02-03 04:00:00,159.407,159.465,158.925,159.311,97739
2025-02-03 08:00:00,159.311,159.38,158.519,158.591,134026
2025-02-03 12:00:00,158.591,158.955,158.356,158.733,141671
2025-02-03 16:00:00,158.732,159.821,157.958,158.972,240054
2025-02-03 20:00:00,158.972,160.147,158.794,160.047,75079
2025-02-04 00:00:00,159.84,160.488,159.774,160.105,68438
2025-02-04 04:00:00,160.105,160.209,159.175,159.797,74174
2025-02-04 08:00:00,159.797,160.652,159.746,160.597,111288
2025-02-04 12:00:00,160.597,160.64,160.175,160.54,84997
2025-02-04 16:00:00,160.54,160.7,159.999,160.082,134668
2025-02-04 20:00:00,160.082,160.231,160.041,160.183,43269
2025-02-05 00:00:00,160.068,160.317,159.265,159.338,50714
2025-02-05 04:00:00,159.334,159.376,158.926,159.224,58432
2025-02-05 08:00:00,159.223,159.54,158.879,159.004,101753
2025-02-05 12:00:00,159.005,159.45,158.843,159.276,97271
2025-02-05 16:00:00,159.278,159.6,158.489,158.684,127442
2025-02-05 20:00:00,158.684,158.93,158.625,158.698,42203
2025-02-06 00:00:00,158.637,158.865,157.91,158.142,41673
2025-02-06 04:00:00,158.142,158.421,158.038,158.302,44786
2025-02-06 08:00:00,158.303,158.612,158.073,158.131,84052
2025-02-06 12:00:00,158.13,158.164,157.492,157.562,106637
2025-02-06 16:00:00,157.562,157.763,157.229,157.632,106616
2025-02-06 20:00:00,157.632,157.693,157.025,157.291,48692
2025-02-07 00:00:00,157.233,157.406,156.759,157.397,42479
2025-02-07 04:00:00,157.397,157.595,157.268,157.41,44947
2025-02-07 08:00:00,157.41,157.896,157.25,157.769,73716
2025-02-07 12:00:00,157.771,158.018,157.267,157.487,104651
2025-02-07 16:00:00,157.487,157.641,155.859,156.55,191133
2025-02-07 20:00:00,156.55,156.681,156.205,156.388,52284
2025-02-10 00:00:00,155.679,156.822,155.519,156.614,50750
2025-02-10 04:00:00,156.616,156.925,156.558,156.763,42700
2025-02-10 08:00:00,156.764,157.412,156.544,157.178,84067
2025-02-10 12:00:00,157.176,157.294,156.722,156.74,75755
2025-02-10 16:00:00,156.741,156.761,156.281,156.608,76779
2025-02-10 20:00:00,156.609,156.772,156.578,156.664,34021
2025-02-11 00:00:00,156.591,156.647,156.254,156.61,29971
2025-02-11 04:00:00,156.609,156.632,156.369,156.586,33412
2025-02-11 08:00:00,156.586,156.827,156.325,156.769,73678
2025-02-11 12:00:00,156.769,157.36,156.764,157.215,72406
2025-02-11 16:00:00,157.214,157.801,157.162,157.62,88902
2025-02-11 20:00:00,157.62,158.198,157.569,158.003,47884
2025-02-12 00:00:00,157.903,159.008,157.831,159.008,36639
2025-02-12 04:00:00,159.008,159.311,158.933,159.034,52636
2025-02-12 08:00:00,159.034,159.671,158.966,159.242,76378
2025-02-12 12:00:00,159.242,159.573,158.708,159.555,97204
2025-02-12 16:00:00,159.554,160.948,159.393,160.922,142140
2025-02-12 20:00:00,160.922,160.969,160.264,160.326,55105
2025-02-13 00:00:00,160.191,160.672,160.156,160.418,40384
2025-02-13 04:00:00,160.418,161.19,160.372,160.866,52702
2025-02-13 08:00:00,160.87,160.956,160.264,160.483,92332
2025-02-13 12:00:00,160.483,160.576,159.426,159.534,108924
2025-02-13 16:00:00,159.534,160.356,159.311,159.684,119941
2025-02-13 20:00:00,159.684,159.929,158.998,159.875,70532
2025-02-14 00:00:00,159.824,160.172,159.471,159.579,44852
2025-02-14 04:00:00,159.578,159.979,159.423,159.527,39101
2025-02-14 08:00:00,159.528,160.189,159.445,159.832,87220
2025-02-14 12:00:00,159.832,160.264,159.534,159.605,90230
2025-02-14 16:00:00,159.605,160.042,159.584,160.02,89705
2025-02-14 20:00:00,160.02,160.067,159.749,159.799,35033
2025-02-17 00:00:00,159.597,159.843,159.198,159.571,50074
2025-02-17 04:00:00,159.571,159.604,158.905,158.952,55086
2025-02-17 08:00:00,158.952,159.281,158.898,159.006,86853
2025-02-17 12:00:00,159.006,159.117,158.538,158.652,69114
2025-02-17 16:00:00,158.652,158.788,158.525,158.693,44184
2025-02-17 20:00:00,158.693,158.857,158.64,158.85,26317
2025-02-18 00:00:00,158.605,158.997,158.532,158.794,41864
2025-02-18 04:00:00,158.794,159.186,158.765,158.926,53064
2025-02-18 08:00:00,158.926,159.198,158.799,158.866,81625
2025-02-18 12:00:00,158.866,158.921,158.387,158.438,75060
2025-02-18 16:00:00,158.438,158.836,158.365,158.696,84115
2025-02-18 20:00:00,158.697,158.922,158.538,158.872,44848
2025-02-19 00:00:00,158.745,158.966,158.487,158.923,39224
2025-02-19 04:00:00,158.923,159.128,158.575,158.672,47975
2025-02-19 08:00:00,158.673,158.72,158.109,158.165,82009
2025-02-19 12:00:00,158.165,158.487,158.08,158.28,89400
2025-02-19 16:00:00,158.28,158.295,157.703,157.925,95123
2025-02-19 20:00:00,157.925,158.07,157.85,157.912,45264
2025-02-20 00:00:00,157.724,157.869,156.941,156.994,54511
2025-02-20 04:00:00,156.994,157.341,156.659,156.843,69004
2025-02-20 08:00:00,156.843,156.991,156.313,156.885,90555
2025-02-20 12:00:00,156.885,156.885,156.484,156.819,96727
2025-02-20 16:00:00,156.82,156.956,156.306,156.791,120055
2025-02-20 20:00:00,156.791,157.326,156.765,157.105,43893
2025-02-21 00:00:00,156.865,157.775,156.825,157.662,59027
2025-02-21 04:00:00,157.662,158.225,157.58,157.772,59590
2025-02-21 08:00:00,157.771,158.165,157.402,157.539,106735
2025-02-21 12:00:00,157.54,157.688,157.26,157.582,75874
2025-02-21 16:00:00,157.582,157.642,156.087,156.13,125776
2025-02-21 20:00:00,156.13,156.23,155.808,156.212,80243
2025-02-24 00:00:00,156.152,156.999,156.085,156.973,67409
2025-02-24 04:00:00,156.973,157.255,156.838,157.124,67964
2025-02-24 08:00:00,157.125,157.175,156.342,156.605,112854
2025-02-24 12:00:00,156.605,156.896,156.553,156.756,85542
2025-02-24 16:00:00,156.756,156.866,156.081,156.646,130736
2025-02-24 20:00:00,156.645,156.99,156.575,156.717,65063
2025-02-25 00:00:00,156.588,157.245,156.514,157.023,47917
2025-02-25 04:00:00,157.023,157.097,156.54,156.853,57893
2025-02-25 08:00:00,156.853,156.977,156.078,156.674,117920
2025-02-25 12:00:00,156.674,157.306,156.645,156.91,107798
2025-02-25 16:00:00,156.91,156.975,156.16,156.55,148250
2025-02-25 20:00:00,156.548,156.921,156.547,156.679,76173
2025-02-26 00:00:00,156.565,156.923,156.402,156.916,49041
2025-02-26 04:00:00,156.916,157.099,156.747,156.783,62949
2025-02-26 08:00:00,156.783,157.052,156.657,156.777,99293
2025-02-26 12:00:00,156.778,157.023,156.61,156.777,95433
2025-02-26 16:00:00,156.776,157.126,156.325,156.489,152026
2025-02-26 20:00:00,156.489,156.543,156.025,156.321,77972
2025-02-27 00:00:00,156.223,156.548,155.987,156.499,50344
2025-02-27 04:00:00,156.498,156.535,155.939,156.288,58596
2025-02-27 08:00:00,156.288,157.21,156.186,157.095,97779
2025-02-27 12:00:00,157.095,157.169,155.954,156.06,119100
2025-02-27 16:00:00,156.06,156.582,155.747,156.062,179410
2025-02-27 20:00:00,156.062,156.396,155.653,155.755,77237
2025-02-28 00:00:00,155.65,156.067,155.031,155.042,60361
2025-02-28 04:00:00,155.042,155.711,154.788,155.653,71708
2025-02-28 08:00:00,155.653,156.783,155.593,156.192,112017
2025-02-28 12:00:00,156.192,157.166,156.173,156.774,103528
2025-02-28 16:00:00,156.774,157.117,156.257,156.324,176734
2025-02-28 20:00:00,156.324,156.414,155.761,156.24,103655
2025-03-03 00:00:00,156.722,157.309,156.569,156.717,67114
2025-03-03 04:00:00,156.717,156.816,156.434,156.648,68536
2025-03-03 08:00:00,156.648,156.807,155.91,156.752,97620
2025-03-03 12:00:00,156.755,158.465,156.754,158.094,116052
2025-03-03 16:00:00,158.094,158.195,157.441,157.542,143440
2025-03-03 20:00:00,157.542,157.696,156.09,156.739,125186
2025-03-04 00:00:00,156.772,156.941,155.923,156.203,73502
2025-03-04 04:00:00,156.201,156.643,156.036,156.601,88286
2025-03-04 08:00:00,156.601,157.206,156.243,156.668,142050
2025-03-04 12:00:00,156.667,156.677,156.08,156.193,131874
2025-03-04 16:00:00,156.193,156.925,155.591,156.801,203720
2025-03-04 20:00:00,156.801,159.207,156.747,159.174,144221
2025-03-05 00:00:00,158.987,159.541,158.724,159.152,72331
2025-03-05 04:00:00,159.15,159.333,158.731,159.165,83637
2025-03-05 08:00:00,159.165,160.114,158.942,159.995,139777
2025-03-05 12:00:00,159.995,160.19,159.46,159.681,145633
2025-03-05 16:00:00,159.68,160.598,159.512,160.543,223307
2025-03-05 20:00:00,160.543,160.725,160.215,160.591,113346
2025-03-06 00:00:00,160.474,161.282,160.44,161.137,46433
2025-03-06 04:00:00,161.137,161.238,160.895,161.006,76550
2025-03-06 08:00:00,161.006,161.058,159.393,159.7,160725
2025-03-06 12:00:00,159.701,159.966,159.135,159.601,142590
2025-03-06 16:00:00,159.601,160.722,159.416,159.7,219732
2025-03-06 20:00:00,159.7,159.823,159.114,159.597,120997
2025-03-07 00:00:00,159.574,159.829,159.317,159.583,58081
2025-03-07 04:00:00,159.584,159.765,159.265,159.446,73292
2025-03-07 08:00:00,159.446,160.329,159.362,160.136,130070
2025-03-07 12:00:00,160.136,160.565,159.639,159.67,142162
2025-03-07 16:00:00,159.669,160.768,159.423,159.914,217927
2025-03-07 20:00:00,159.914,160.662,159.906,160.39,119467
2025-03-10 00:00:00,160.074,160.374,159.9,160.016,57616
2025-03-10 04:00:00,160.017,160.191,159.777,159.891,84735
2025-03-10 08:00:00,159.892,160.233,159.033,159.112,121454
2025-03-10 12:00:00,159.112,159.947,158.884,159.427,175999
2025-03-10 16:00:00,159.427,159.694,158.923,159.488,223506
2025-03-10 20:00:00,159.488,159.632,159.146,159.535,131086
2025-03-11 00:00:00,159.509,159.528,158.963,159.237,55920
2025-03-11 04:00:00,159.234,159.833,159.015,159.531,115482
2025-03-11 08:00:00,159.53,160.796,159.431,160.796,141659
2025-03-11 12:00:00,160.797,161.473,160.502,161.332,140960
2025-03-11 16:00:00,161.332,161.736,160.625,160.914,251067
2025-03-11 20:00:00,160.914,161.79,160.647,161.33,141119
2025-03-12 00:00:00,161.339,161.685,160.961,161.599,45387
2025-03-12 04:00:00,161.599,161.613,161.2,161.464,74880
2025-03-12 08:00:00,161.464,162.043,161.315,162.005,123772
2025-03-12 12:00:00,162.005,162.36,161.591,162.227,160454
2025-03-12 16:00:00,162.228,162.296,161.618,161.712,201170
2025-03-12 20:00:00,161.712,161.831,161.386,161.468,93041
2025-03-13 00:00:00,161.255,161.494,161.227,161.315,31866
2025-03-13 04:00:00,161.315,161.516,160.943,161.049,62593
2025-03-13 08:00:00,161.049,161.084,160.411,160.834,123155
2025-03-13 12:00:00,160.833,161.269,160.348,160.58,143795
2025-03-13 16:00:00,160.58,160.988,160.279,160.464,190277
2025-03-13 20:00:00,160.464,160.492,160.046,160.437,93855
2025-03-14 00:00:00,160.327,160.985,160.207,160.884,39729
2025-03-14 04:00:00,160.884,161.019,160.591,160.98,63253
2025-03-14 08:00:00,160.98,161.616,160.977,161.593,108250
2025-03-14 12:00:00,161.593,162.329,161.509,161.962,138522
2025-03-14 16:00:00,161.959,162.034,161.271,161.453,156967
2025-03-14 20:00:00,161.452,161.802,161.355,161.709,66718
2025-03-17 00:00:00,161.787,161.952,161.518,161.877,32304
2025-03-17 04:00:00,161.877,162.258,161.63,162.179,50947
2025-03-17 08:00:00,162.179,162.207,161.72,162.084,74506
2025-03-17 12:00:00,162.084,162.285,161.613,162.234,83932
2025-03-17 16:00:00,162.232,162.564,162.105,162.429,115111
2025-03-17 20:00:00,162.423,163.049,162.371,162.935,57885
2025-03-18 00:00:00,162.923,163.203,162.808,163.156,26922
2025-03-18 04:00:00,163.156,163.362,163.065,163.193,44883
2025-03-18 08:00:00,163.193,164.188,163.144,164.011,62120
2025-03-18 12:00:00,164.011,164.061,163.318,163.502,92649
2025-03-18 16:00:00,163.503,163.665,163.007,163.449,143888
2025-03-18 20:00:00,163.449,163.547,163.168,163.41,63805
2025-03-19 00:00:00,163.351,163.677,163.266,163.618,25912
2025-03-19 04:00:00,163.619,163.656,163.254,163.46,35142
2025-03-19 08:00:00,163.46,163.885,162.193,163.236,85526
2025-03-19 12:00:00,163.237,163.553,163.022,163.314,63906
2025-03-19 16:00:00,163.315,163.659,163.051,163.233,84468
2025-03-19 20:00:00,163.24,163.243,162.071,162.089,110958
2025-03-20 00:00:00,162.077,162.33,161.773,161.829,29430
2025-03-20 04:00:00,161.828,161.977,161.658,161.803,46837
2025-03-20 08:00:00,161.803,161.803,161.325,161.39,63459
2025-03-20 12:00:00,161.39,161.517,160.781,160.941,109256
2025-03-20 16:00:00,160.94,161.596,160.729,161.376,111167
2025-03-20 20:00:00,161.376,161.567,161.29,161.466,55354
2025-03-21 00:00:00,161.377,161.741,161.223,161.705,28348
2025-03-21 04:00:00,161.705,161.917,161.544,161.815,50930
2025-03-21 08:00:00,161.816,162.135,161.597,161.97,69539
2025-03-21 12:00:00,161.97,161.978,161.009,161.042,76635
2025-03-21 16:00:00,161.041,161.464,160.725,161.447,117066
2025-03-21 20:00:00,161.447,161.608,161.267,161.46,54277
2025-03-24 00:00:00,161.469,162.314,161.444,162.27,41168
2025-03-24 04:00:00,162.27,162.323,161.991,162.093,53849
2025-03-24 08:00:00,162.093,162.578,162.017,162.225,85981
2025-03-24 12:00:00,162.225,162.401,161.937,162.252,91735
2025-03-24 16:00:00,162.25,162.816,161.995,162.499,126708
2025-03-24 20:00:00,162.5,162.826,162.36,162.756,54956
2025-03-25 00:00:00,162.668,163.025,162.588,163.01,28217
2025-03-25 04:00:00,163.009,163.031,162.621,162.655,48387
2025-03-25 08:00:00,162.656,162.668,162.317,162.518,71549
2025-03-25 12:00:00,162.518,162.679,162.226,162.342,94780
2025-03-25 16:00:00,162.342,162.345,161.615,161.855,113194
2025-03-25 20:00:00,161.854,162.011,161.741,161.759,46547
2025-03-26 00:00:00,161.737,161.982,161.674,161.956,26997
2025-03-26 04:00:00,161.956,162.347,161.809,162.338,41680
2025-03-26 08:00:00,162.343,162.431,161.959,162.12,72764
2025-03-26 12:00:00,162.121,162.229,161.972,162.19,82128
2025-03-26 16:00:00,162.19,162.609,161.996,162.43,124643
2025-03-26 20:00:00,162.429,162.533,161.625,161.893,70229
2025-03-27 00:00:00,161.899,161.915,161.369,161.847,38159
2025-03-27 04:00:00,161.847,161.96,161.542,161.917,49980
2025-03-27 08:00:00,161.917,162.323,161.661,162.314,94509
2025-03-27 12:00:00,162.314,162.992,162.24,162.584,97608
2025-03-27 16:00:00,162.583,163.169,162.392,163.071,141213
2025-03-27 20:00:00,163.073,163.361,162.996,163.163,58996
2025-03-28 00:00:00,163.077,163.172,162.835,162.964,30509
2025-03-28 04:00:00,162.964,162.991,162.658,162.761,49534
2025-03-28 08:00:00,162.763,162.827,162.062,162.247,67852
2025-03-28 12:00:00,162.248,162.622,162.156,162.517,86505
2025-03-28 16:00:00,162.517,162.928,162.292,162.414,157220
2025-03-28 20:00:00,162.413,162.438,162.064,162.304,62081
2025-03-31 00:00:00,162.047,162.168,161.477,161.861,60189
2025-03-31 04:00:00,161.861,161.965,161.164,161.515,65302
2025-03-31 08:00:00,161.515,161.751,161.033,161.387,122791
2025-03-31 12:00:00,161.388,161.723,161.252,161.618,101290
2025-03-31 16:00:00,161.619,162.188,161.409,162.06,152919
2025-03-31 20:00:00,162.059,162.483,162.046,162.218,65777
2025-04-01 00:00:00,162.199,162.385,162.023,162.089,38224
2025-04-01 04:00:00,162.089,162.242,161.892,161.892,50632
2025-04-01 08:00:00,161.893,162.138,161.527,161.892,93818
2025-04-01 12:00:00,161.889,162.032,160.769,161.143,109685
2025-04-01 16:00:00,161.143,161.654,161.004,161.464,157015
2025-04-01 20:00:00,161.464,161.574,161.059,161.514,62954
2025-04-02 00:00:00,161.335,161.94,161.248,161.63,37239
2025-04-02 04:00:00,161.628,161.872,161.617,161.787,41444
2025-04-02 08:00:00,161.785,161.898,161.364,161.59,76661
2025-04-02 12:00:00,161.591,161.694,161.107,161.397,95256
2025-04-02 16:00:00,161.397,163.039,161.333,162.993,146122
2025-04-02 20:00:00,162.993,164.184,161.382,161.956,114752
2025-04-03 00:00:00,161.75,161.902,160.112,161.063,124635
2025-04-03 04:00:00,161.064,161.396,160.621,160.928,109969
2025-04-03 08:00:00,160.928,161.957,160.835,161.623,184411
2025-04-03 12:00:00,161.621,163.066,161.433,161.667,218089
2025-04-03 16:00:00,161.667,162.107,161.017,161.336,262871
2025-04-03 20:00:00,161.339,161.677,160.976,161.441,125510
2025-04-04 00:00:00,161.344,161.693,160.947,161.435,67244
2025-04-04 04:00:00,161.433,162.0,161.158,161.24,110518
2025-04-04 08:00:00,161.241,161.727,160.656,160.993,191446
2025-04-04 12:00:00,160.993,161.061,159.573,160.438,318600
2025-04-04 16:00:00,160.441,161.0,159.016,160.958,338325
2025-04-04 20:00:00,160.958,161.407,160.413,161.036,187454
2025-04-07 00:00:00,158.268,159.924,158.132,159.92,171112
2025-04-07 04:00:00,159.92,160.562,159.809,160.249,167266
2025-04-07 08:00:00,160.249,160.956,159.744,160.714,256370
2025-04-07 12:00:00,160.716,161.558,159.897,161.289,237265
2025-04-07 16:00:00,161.291,162.398,160.533,161.728,305288
2025-04-07 20:00:00,161.728,162.069,161.169,161.223,193676
2025-04-08 00:00:00,161.112,161.754,161.022,161.476,97728
2025-04-08 04:00:00,161.476,162.186,161.358,162.175,147814
2025-04-08 08:00:00,162.175,162.207,160.863,161.222,170078
2025-04-08 12:00:00,161.222,161.28,160.44,160.744,166481
2025-04-08 16:00:00,160.744,161.189,160.056,160.151,244797
2025-04-08 20:00:00,160.153,160.815,160.016,160.255,219725
2025-04-09 00:00:00,160.043,160.418,159.626,160.158,111607
2025-04-09 04:00:00,160.158,160.803,159.881,160.432,217032
2025-04-09 08:00:00,160.432,160.897,160.042,160.215,266107
2025-04-09 12:00:00,160.215,160.611,159.473,159.84,230217
2025-04-09 16:00:00,159.84,160.364,159.521,159.703,212754
2025-04-09 20:00:00,159.703,162.205,159.426,161.759,228458
2025-04-10 00:00:00,161.912,161.912,161.062,161.191,93451
2025-04-10 04:00:00,161.192,161.42,160.857,161.017,131668
2025-04-10 08:00:00,161.017,161.736,160.933,161.478,163754
2025-04-10 12:00:00,161.477,161.625,160.949,161.403,160192
2025-04-10 16:00:00,161.403,161.936,161.096,161.832,241716
2025-04-10 20:00:00,161.832,162.584,161.601,161.977,186143
2025-04-11 00:00:00,161.633,162.689,161.287,162.148,124608
2025-04-11 04:00:00,162.148,162.603,161.775,161.832,141079
2025-04-11 08:00:00,161.832,163.148,161.691,162.723,212217
2025-04-11 12:00:00,162.722,162.742,161.5,162.413,203846
2025-04-11 16:00:00,162.413,162.943,162.164,162.563,230482
2025-04-11 20:00:00,162.557,163.017,162.527,162.957,111035
2025-04-14 00:00:00,162.782,163.281,162.345,162.413,87731
2025-04-14 04:00:00,162.412,162.786,162.086,162.599,123151
2025-04-14 08:00:00,162.599,163.097,162.381,162.74,164444
2025-04-14 12:00:00,162.74,163.171,162.709,162.902,135972
2025-04-14 16:00:00,162.902,162.959,162.262,162.273,207359
2025-04-14 20:00:00,162.275,162.587,162.07,162.381,104016
2025-04-15 00:00:00,162.22,162.631,162.096,162.574,55163
2025-04-15 04:00:00,162.573,162.59,162.195,162.439,69415
2025-04-15 08:00:00,162.439,162.801,162.063,162.156,121710
2025-04-15 12:00:00,162.155,162.165,161.557,161.63,118298
2025-04-15 16:00:00,161.63,162.006,161.293,161.322,157190
2025-04-15 20:00:00,161.323,161.637,161.289,161.609,59826
2025-04-16 00:00:00,161.412,161.668,161.315,161.627,49686
2025-04-16 04:00:00,161.627,161.821,161.45,161.749,57647
2025-04-16 08:00:00,161.749,162.276,161.378,162.07,136746
2025-04-16 12:00:00,162.07,162.257,161.609,161.839,136575
2025-04-16 16:00:00,161.839,162.281,161.757,162.072,139857
2025-04-16 20:00:00,162.071,162.13,161.544,161.654,108988
2025-04-17 00:00:00,161.536,162.22,161.419,162.044,61481
2025-04-17 04:00:00,162.044,162.261,161.892,162.061,70872
2025-04-17 08:00:00,162.061,162.63,161.899,162.306,100868
2025-04-17 12:00:00,162.303,162.437,161.455,161.591,110620
2025-04-17 16:00:00,161.591,161.878,161.235,161.673,153344
2025-04-17 20:00:00,161.673,162.021,161.529,161.907,71882
2025-04-18 00:00:00,161.703,162.12,161.584,161.939,54025
2025-04-18 04:00:00,161.95,162.012,161.761,161.818,163879
2025-04-18 08:00:00,161.818,161.966,161.575,161.887,118133
2025-04-18 12:00:00,161.887,162.082,161.784,161.968,95328
2025-04-18 16:00:00,161.968,162.167,161.792,162.005,79187
2025-04-18 20:00:00,162.005,162.112,161.787,161.863,74043
2025-04-21 00:00:00,161.812,162.24,161.44,161.884,82567
2025-04-21 04:00:00,161.884,162.262,161.633,162.134,91795
2025-04-21 08:00:00,162.134,162.581,161.943,162.477,105782
2025-04-21 12:00:00,162.477,162.671,162.303,162.492,111109
2025-04-21 16:00:00,162.491,162.511,161.771,162.088,129878
2025-04-21 20:00:00,162.088,162.254,161.89,162.196,55543
2025-04-22 00:00:00,162.066,162.323,161.81,161.846,49786
2025-04-22 04:00:00,161.846,161.981,161.569,161.64,73857
2025-04-22 08:00:00,161.64,161.716,161.248,161.591,147336
2025-04-22 12:00:00,161.592,161.654,160.975,161.195,112957
2025-04-22 16:00:00,161.195,161.681,161.117,161.567,139691
2025-04-22 20:00:00,161.567,161.811,161.423,161.717,77756
2025-04-23 00:00:00,161.609,162.45,161.462,161.943,109660
2025-04-23 04:00:00,161.943,162.002,161.601,161.69,99360
2025-04-23 08:00:00,161.691,161.782,161.127,161.757,141343
2025-04-23 12:00:00,161.756,162.123,161.572,161.769,125592
2025-04-23 16:00:00,161.769,162.354,161.648,162.187,249484
2025-04-23 20:00:00,162.187,162.462,162.041,162.317,89236
2025-04-24 00:00:00,162.221,162.381,161.808,162.158,57493
2025-04-24 04:00:00,162.158,162.29,161.844,161.864,70160
2025-04-24 08:00:00,161.864,162.388,161.833,162.317,117915
2025-04-24 12:00:00,162.317,162.374,161.857,162.003,113695
2025-04-24 16:00:00,162.003,162.374,161.92,162.324,137912
2025-04-24 20:00:00,162.324,162.494,162.261,162.432,51282
2025-04-25 00:00:00,162.287,162.614,162.2,162.352,39888
2025-04-25 04:00:00,162.352,162.881,162.117,162.789,77059
2025-04-25 08:00:00,162.789,163.154,162.653,162.786,115760
2025-04-25 12:00:00,162.786,163.073,162.662,162.821,108466
2025-04-25 16:00:00,162.812,163.759,162.778,163.505,130144
2025-04-25 20:00:00,163.505,163.564,163.144,163.299,50870
2025-04-28 00:00:00,163.061,163.363,162.941,163.065,41742
2025-04-28 04:00:00,163.065,163.26,162.881,162.99,49253
2025-04-28 08:00:00,162.99,163.331,162.822,162.835,74300
2025-04-28 12:00:00,162.837,162.945,162.683,162.71,65517
2025-04-28 16:00:00,162.71,162.792,162.328,162.431,95194
2025-04-28 20:00:00,162.431,162.446,162.199,162.223,48379
2025-04-29 00:00:00,162.126,162.351,162.023,162.127,31442
2025-04-29 04:00:00,162.127,162.318,162.105,162.152,54028
2025-04-29 08:00:00,162.152,162.47,162.077,162.316,77425
2025-04-29 12:00:00,162.316,162.544,162.199,162.351,70846
2025-04-29 16:00:00,162.351,162.366,161.916,161.959,120978
2025-04-29 20:00:00,161.959,162.187,161.88,162.073,55406
2025-04-30 00:00:00,161.812,162.084,161.675,162.045,31207
2025-04-30 04:00:00,162.044,162.072,161.708,162.017,43341
2025-04-30 08:00:00,162.016,162.485,162.002,162.437,63677
2025-04-30 12:00:00,162.437,162.651,162.245,162.363,80701
2025-04-30 16:00:00,162.363,162.429,161.698,161.947,127405
2025-04-30 20:00:00,161.948,162.224,161.795,161.942,67158
2025-05-01 00:00:00,161.955,162.11,161.818,161.918,30431
2025-05-01 04:00:00,161.918,162.74,161.798,162.631,50946
2025-05-01 08:00:00,162.631,163.488,162.609,163.274,90994
2025-05-01 12:00:00,163.275,163.866,163.187,163.753,91576
2025-05-01 16:00:00,163.753,164.202,163.517,164.173,127698
2025-05-01 20:00:00,164.174,164.458,164.089,164.163,51765
2025-05-02 00:00:00,164.052,164.638,163.938,164.585,39195
2025-05-02 04:00:00,164.585,164.607,164.232,164.371,60002
2025-05-02 08:00:00,164.37,164.524,164.115,164.12,93138
2025-05-02 12:00:00,164.12,164.226,163.595,163.733,122535
2025-05-02 16:00:00,163.733,163.967,163.447,163.785,140180
2025-05-02 20:00:00,163.785,164.023,163.584,163.696,55938
2025-05-05 00:00:00,163.544,163.898,163.437,163.783,34314
2025-05-05 04:00:00,163.783,163.787,163.381,163.433,52063
2025-05-05 08:00:00,163.433,163.521,163.067,163.158,83618
2025-05-05 12:00:00,163.157,163.363,163.094,163.177,85162
2025-05-05 16:00:00,163.177,163.293,162.771,162.95,103998
2025-05-05 20:00:00,162.95,162.98,162.595,162.6,38240
2025-05-06 00:00:00,162.584,162.693,162.375,162.521,24495
2025-05-06 04:00:00,162.521,162.792,162.493,162.747,48641
2025-05-06 08:00:00,162.747,162.951,162.053,162.119,94056
2025-05-06 12:00:00,162.119,162.154,161.588,161.611,94522
2025-05-06 16:00:00,161.611,162.135,161.591,161.98,109133
2025-05-06 20:00:00,161.98,162.09,161.894,161.943,46865
2025-05-07 00:00:00,161.854,162.49,161.783,162.114,68924
2025-05-07 04:00:00,162.114,162.584,161.995,162.535,67203
2025-05-07 08:00:00,162.535,163.02,162.447,162.758,86496
2025-05-07 12:00:00,162.757,162.984,162.637,162.842,80098
2025-05-07 16:00:00,162.842,162.903,162.614,162.756,93954
2025-05-07 20:00:00,162.756,162.864,162.304,162.562,111805
2025-05-08 00:00:00,162.459,162.779,162.426,162.7,30986
2025-05-08 04:00:00,162.7,162.765,162.526,162.726,60730
2025-05-08 08:00:00,162.726,163.505,162.575,163.459,99492
2025-05-08 12:00:00,163.46,163.665,163.245,163.492,98867
2025-05-08 16:00:00,163.492,163.739,163.288,163.584,152261
2025-05-08 20:00:00,163.579,163.903,163.507,163.835,56763
2025-05-09 00:00:00,163.626,163.941,163.532,163.577,38875
2025-05-09 04:00:00,163.577,163.615,163.314,163.37,58722
2025-05-09 08:00:00,163.37,163.537,163.216,163.429,75535
2025-05-09 12:00:00,163.429,163.506,163.157,163.462,73694
2025-05-09 16:00:00,163.462,163.641,163.334,163.559,99852
2025-05-09 20:00:00,163.563,163.627,163.459,163.524,37077
2025-05-12 00:00:00,163.52,164.089,163.52,163.98,47305
2025-05-12 04:00:00,163.98,164.207,163.685,163.828,55255
2025-05-12 08:00:00,163.828,164.607,163.786,164.567,173133
2025-05-12 12:00:00,164.567,164.683,164.282,164.531,166474
2025-05-12 16:00:00,164.531,164.92,164.425,164.622,148826
2025-05-12 20:00:00,164.622,164.693,164.409,164.618,55945
2025-05-13 00:00:00,164.615,164.666,164.126,164.143,39442
2025-05-13 04:00:00,164.142,164.341,164.133,164.191,57841
2025-05-13 08:00:00,164.191,164.488,164.133,164.358,93834
2025-05-13 12:00:00,164.358,164.757,164.286,164.723,87287
2025-05-13 16:00:00,164.723,165.214,164.602,164.961,133156
2025-05-13 20:00:00,164.961,165.054,164.908,164.966,41543
2025-05-14 00:00:00,164.946,165.159,164.805,164.929,34409
2025-05-14 04:00:00,164.929,164.956,164.392,164.417,63738
2025-05-14 08:00:00,164.417,164.833,164.303,164.363,110077
2025-05-14 12:00:00,164.363,164.401,163.827,164.096,117675
2025-05-14 16:00:00,164.097,164.434,163.727,164.138,133677
2025-05-14 20:00:00,164.138,164.146,163.918,163.993,55638
2025-05-15 00:00:00,163.85,164.066,163.604,163.63,32057
2025-05-15 04:00:00,163.632,163.83,163.449,163.51,52558
2025-05-15 08:00:00,163.51,163.547,163.25,163.364,94287
2025-05-15 12:00:00,163.364,163.587,163.149,163.442,95024
2025-05-15 16:00:00,163.442,163.469,162.739,162.808,126700
2025-05-15 20:00:00,162.808,162.933,162.752,162.927,46334
2025-05-16 00:00:00,162.882,163.03,162.466,162.566,34481
2025-05-16 04:00:00,162.566,162.93,162.441,162.783,49768
2025-05-16 08:00:00,162.783,162.977,162.525,162.726,75982
2025-05-16 12:00:00,162.725,163.106,162.686,162.928,75915
2025-05-16 16:00:00,162.927,163.104,162.531,162.643,105605
2025-05-16 20:00:00,162.643,162.765,162.503,162.548,41968
2025-05-19 00:00:00,162.385,162.652,162.194,162.256,47668
2025-05-19 04:00:00,162.256,162.535,162.139,162.515,60747
2025-05-19 08:00:00,162.515,163.113,162.332,163.11,103954
2025-05-19 12:00:00,163.11,163.391,163.04,163.244,97457
2025-05-19 16:00:00,163.244,163.308,162.883,162.896,108115
2025-05-19 20:00:00,162.896,162.91,162.761,162.884,45604
2025-05-20 00:00:00,162.763,163.282,162.725,163.101,25006
2025-05-20 04:00:00,163.1,163.136,162.732,162.751,53127
2025-05-20 08:00:00,162.751,162.79,162.407,162.66,91816
2025-05-20 12:00:00,162.66,162.767,162.455,162.677,69676
2025-05-20 16:00:00,162.676,163.013,162.657,162.999,94173
2025-05-20 20:00:00,162.999,163.154,162.9,163.067,44801
2025-05-21 00:00:00,163.024,163.11,162.689,162.842,38154
2025-05-21 04:00:00,162.842,163.091,162.768,162.839,69939
2025-05-21 08:00:00,162.842,163.217,162.659,163.178,110143
2025-05-21 12:00:00,163.177,163.304,162.693,162.865,114477
2025-05-21 16:00:00,162.865,163.106,162.774,162.9,117950
2025-05-21 20:00:00,162.9,163.013,162.616,162.795,73249
2025-05-22 00:00:00,162.656,163.406,162.372,162.503,53509
2025-05-22 04:00:00,162.504,162.583,162.306,162.404,66116
2025-05-22 08:00:00,162.405,162.517,161.779,161.934,111523
2025-05-22 12:00:00,161.934,162.437,161.895,162.138,109572
2025-05-22 16:00:00,162.143,162.544,162.054,162.304,140943
2025-05-22 20:00:00,162.305,162.602,162.29,162.432,52835
2025-05-23 00:00:00,162.343,162.578,162.218,162.526,34049
2025-05-23 04:00:00,162.527,162.633,162.194,162.37,47000
2025-05-23 08:00:00,162.369,162.61,162.232,162.534,75321
2025-05-23 12:00:00,162.535,162.749,161.073,161.629,150057
2025-05-23 16:00:00,161.629,162.06,161.538,162.019,141374
2025-05-23 20:00:00,162.019,162.058,161.85,162.027,49964
2025-05-26 00:00:00,161.818,162.636,161.779,162.476,54286
2025-05-26 04:00:00,162.475,162.728,162.368,162.656,69188
2025-05-26 08:00:00,162.656,162.979,162.614,162.681,90835
2025-05-26 12:00:00,162.681,162.748,162.528,162.631,60549
2025-05-26 16:00:00,162.631,162.642,162.434,162.468,49508
2025-05-26 20:00:00,162.468,162.645,162.43,162.644,10545
2025-05-27 00:00:00,162.462,162.684,162.176,162.194,29416
2025-05-27 04:00:00,162.193,162.556,162.087,162.539,53208
2025-05-27 08:00:00,162.538,163.29,162.538,163.262,116156
2025-05-27 12:00:00,163.262,163.81,163.229,163.706,97347
2025-05-27 16:00:00,163.706,163.943,163.496,163.594,118463
2025-05-27 20:00:00,163.594,163.599,163.478,163.529,42183
2025-05-28 00:00:00,163.406,163.53,163.187,163.353,27143
2025-05-28 04:00:00,163.354,163.836,163.171,163.282,77794
2025-05-28 08:00:00,163.282,163.525,163.066,163.219,94849
2025-05-28 12:00:00,163.219,163.547,163.197,163.457,86649
2025-05-28 16:00:00,163.459,163.909,163.447,163.662,128933
2025-05-28 20:00:00,163.662,163.711,163.483,163.617,55456
2025-05-29 00:00:00,163.481,164.168,163.432,164.138,86466
2025-05-29 04:00:00,164.138,164.216,163.846,163.93,77125
2025-05-29 08:00:00,163.929,164.263,163.608,163.736,98254
2025-05-29 12:00:00,163.738,163.934,163.341,163.916,107270
2025-05-29 16:00:00,163.916,164.025,163.745,163.914,135017
2025-05-29 20:00:00,163.912,163.956,163.774,163.889,54945
2025-05-30 00:00:00,163.844,163.938,163.372,163.506,43106
2025-05-30 04:00:00,163.506,163.535,163.104,163.127,68611
2025-05-30 08:00:00,163.127,163.402,163.101,163.112,98313
2025-05-30 12:00:00,163.112,163.312,162.803,163.072,101891
2025-05-30 16:00:00,163.067,163.841,162.85,163.328,153627
2025-05-30 20:00:00,163.329,163.523,163.317,163.448,61343
2025-06-02 00:00:00,163.096,163.427,163.034,163.177,37895
2025-06-02 04:00:00,163.177,163.281,163.053,163.129,56933
2025-06-02 08:00:00,163.128,163.381,163.066,163.23,94939
2025-06-02 12:00:00,163.231,163.336,162.832,163.091,97482
2025-06-02 16:00:00,163.091,163.302,163.013,163.211,140699
2025-06-02 20:00:00,163.21,163.411,163.202,163.262,52740
2025-06-03 00:00:00,163.232,163.357,163.068,163.3,31091
2025-06-03 04:00:00,163.3,163.712,163.262,163.315,62932
2025-06-03 08:00:00,163.315,163.394,162.792,162.931,87884
2025-06-03 12:00:00,162.932,163.261,162.864,163.246,86414
2025-06-03 16:00:00,163.246,163.877,163.181,163.739,121222
2025-06-03 20:00:00,163.737,163.838,163.624,163.751,40372
2025-06-04 00:00:00,163.572,163.928,163.463,163.899,30832
2025-06-04 04:00:00,163.898,164.099,163.632,163.973,60308
2025-06-04 08:00:00,163.973,164.174,163.67,164.028,86700
2025-06-04 12:00:00,164.028,164.242,163.703,163.791,99536
2025-06-04 16:00:00,163.791,163.927,163.035,163.08,133795
2025-06-04 20:00:00,163.083,163.141,163.0,163.049,42138
2025-06-05 00:00:00,162.915,163.171,162.839,163.05,34106
2025-06-05 04:00:00,163.05,163.243,162.98,163.205,59143
2025-06-05 08:00:00,163.205,163.673,163.187,163.521,78682
2025-06-05 12:00:00,163.52,164.089,163.372,163.859,111218
2025-06-05 16:00:00,163.859,164.671,163.854,164.313,181653
2025-06-05 20:00:00,164.313,164.52,164.198,164.337,71535
2025-06-06 00:00:00,164.18,164.592,164.126,164.563,28306
2025-06-06 04:00:00,164.562,164.597,164.381,164.54,42320
2025-06-06 08:00:00,164.54,164.783,164.34,164.426,73109
2025-06-06 12:00:00,164.427,164.899,164.397,164.819,107066
2025-06-06 16:00:00,164.82,165.286,164.744,165.076,161946
2025-06-06 20:00:00,165.076,165.119,164.946,165.024,48186
2025-06-09 00:00:00,165.035,165.144,164.864,165.136,30931
2025-06-09 04:00:00,165.136,165.167,164.816,164.854,54864
2025-06-09 08:00:00,164.854,164.979,164.553,164.74,75171
2025-06-09 12:00:00,164.74,164.993,164.545,164.883,75256
2025-06-09 16:00:00,164.883,165.002,164.811,164.965,84371
2025-06-09 20:00:00,164.965,165.21,164.951,165.141,29614
2025-06-10 00:00:00,165.003,165.242,164.925,165.106,26324
2025-06-10 04:00:00,165.105,165.45,165.05,165.217,64678
2025-06-10 08:00:00,165.217,165.22,164.621,165.013,105806
2025-06-10 12:00:00,165.013,165.379,164.987,165.352,77000
2025-06-10 16:00:00,165.352,165.612,165.278,165.605,94579
2025-06-10 20:00:00,165.605,165.635,165.479,165.556,42706
2025-06-11 00:00:00,165.424,165.809,165.365,165.517,52783
2025-06-11 04:00:00,165.517,165.585,165.379,165.568,55456
2025-06-11 08:00:00,165.568,165.893,165.54,165.821,73551
2025-06-11 12:00:00,165.822,166.293,165.699,165.867,107562
2025-06-11 16:00:00,165.867,166.426,165.786,166.162,124460
2025-06-11 20:00:00,166.162,166.215,165.854,166.09,61004
2025-06-12 00:00:00,165.943,166.053,165.841,165.958,47191
2025-06-12 04:00:00,165.958,165.973,165.666,165.759,71239
2025-06-12 08:00:00,165.758,166.043,165.487,165.999,102104
2025-06-12 12:00:00,165.999,166.73,165.984,166.351,134629
2025-06-12 16:00:00,166.351,166.545,166.112,166.246,138930
2025-06-12 20:00:00,166.246,166.34,166.112,166.277,46478
2025-06-13 00:00:00,166.152,166.323,164.93,165.337,78492
2025-06-13 04:00:00,165.337,165.743,165.036,165.556,133205
2025-06-13 08:00:00,165.557,166.083,165.454,165.765,138911
2025-06-13 12:00:00,165.765,166.18,165.749,166.174,140136
2025-06-13 16:00:00,166.174,166.592,165.974,166.419,137445
2025-06-13 20:00:00,166.418,166.439,165.981,166.427,75023
2025-06-16 00:00:00,166.026,166.874,165.852,166.521,69915
2025-06-16 04:00:00,166.52,166.581,166.337,166.469,73470
2025-06-16 08:00:00,166.469,167.213,166.355,167.032,106965
2025-06-16 12:00:00,167.032,167.109,166.669,166.919,90301
2025-06-16 16:00:00,166.919,167.05,166.745,167.001,130215
2025-06-16 20:00:00,167.0,167.457,166.975,167.359,52024
2025-06-17 00:00:00,167.342,167.596,167.092,167.543,50259
2025-06-17 04:00:00,167.543,167.594,167.012,167.157,85671
2025-06-17 08:00:00,167.157,167.613,166.973,167.385,108188
2025-06-17 12:00:00,167.385,167.509,167.009,167.313,109663
2025-06-17 16:00:00,167.311,167.588,166.955,167.037,134681
2025-06-17 20:00:00,167.037,167.073,166.699,166.815,81517
2025-06-18 00:00:00,166.612,167.031,166.572,167.003,42971
2025-06-18 04:00:00,167.003,167.046,166.72,166.853,66372
2025-06-18 08:00:00,166.853,167.052,166.701,166.74,90821
2025-06-18 12:00:00,166.74,166.855,166.421,166.704,86705
2025-06-18 16:00:00,166.703,166.832,166.317,166.423,123697
2025-06-18 20:00:00,166.422,166.666,166.271,166.626,141021
2025-06-19 00:00:00,166.52,166.656,166.21,166.344,55782
2025-06-19 04:00:00,166.344,166.372,166.03,166.346,98994
2025-06-19 08:00:00,166.347,166.765,166.224,166.73,119181
2025-06-19 12:00:00,166.731,167.314,166.709,167.041,101107
2025-06-19 16:00:00,167.041,167.17,166.811,166.935,85306
2025-06-19 20:00:00,166.935,167.249,166.902,167.24,34632
2025-06-20 00:00:00,167.103,167.38,166.973,167.371,56358
2025-06-20 04:00:00,167.371,167.59,167.245,167.543,91114
2025-06-20 08:00:00,167.543,167.682,167.316,167.447,93194
2025-06-20 12:00:00,167.447,167.774,167.346,167.619,99818
2025-06-20 16:00:00,167.619,168.25,167.573,168.235,136416
2025-06-20 20:00:00,168.235,168.402,168.23,168.334,62918
2025-06-23 00:00:00,167.995,168.416,167.937,168.26,60255
2025-06-23 04:00:00,168.26,168.938,168.215,168.892,80019
2025-06-23 08:00:00,168.891,169.664,168.891,169.471,118853
2025-06-23 12:00:00,169.469,169.718,168.916,169.031,120268
2025-06-23 16:00:00,169.032,169.303,168.728,168.974,173884
2025-06-23 20:00:00,168.974,169.263,168.925,169.191,90302
2025-06-24 00:00:00,169.146,169.283,168.869,168.885,62458
2025-06-24 04:00:00,168.885,168.939,168.614,168.773,75014
2025-06-24 08:00:00,168.774,168.852,168.053,168.195,122309
2025-06-24 12:00:00,168.194,168.539,168.13,168.197,106324
2025-06-24 16:00:00,168.196,168.352,167.907,168.202,145729
2025-06-24 20:00:00,168.202,168.282,168.089,168.208,43964
2025-06-25 00:00:00,168.218,168.564,167.985,168.426,33675
2025-06-25 04:00:00,168.426,168.426,168.156,168.328,61164
2025-06-25 08:00:00,168.328,168.923,168.328,168.901,86310
2025-06-25 12:00:00,168.901,169.21,168.833,169.087,85474
2025-06-25 16:00:00,169.086,169.375,169.062,169.166,111667
2025-06-25 20:00:00,169.166,169.357,169.13,169.326,48473
2025-06-26 00:00:00,169.239,169.391,169.02,169.029,39499
2025-06-26 04:00:00,169.029,169.4,168.98,169.102,63497
2025-06-26 08:00:00,169.101,169.215,168.553,168.787,112782
2025-06-26 12:00:00,168.787,169.034,168.678,168.931,111690
2025-06-26 16:00:00,168.931,169.201,168.893,169.183,139327
2025-06-26 20:00:00,169.184,169.21,168.899,168.976,52117
2025-06-27 00:00:00,168.891,169.291,168.68,169.121,43588
2025-06-27 04:00:00,169.121,169.223,168.623,168.903,64769
2025-06-27 08:00:00,168.902,169.306,168.753,169.103,91988
2025-06-27 12:00:00,169.098,169.694,168.981,169.675,98325
2025-06-27 16:00:00,169.675,169.811,169.443,169.551,128412
2025-06-27 20:00:00,169.552,169.58,169.175,169.54,72529
2025-06-30 00:00:00,169.244,169.643,169.158,169.466,53086
2025-06-30 04:00:00,169.465,169.513,168.793,168.848,82128
2025-06-30 08:00:00,168.848,169.068,168.698,169.036,121601
2025-06-30 12:00:00,169.036,169.256,168.944,169.212,83254
2025-06-30 16:00:00,169.212,169.734,169.081,169.643,136376
2025-06-30 20:00:00,169.642,169.86,169.577,169.669,61623
2025-07-01 00:00:00,169.663,169.742,169.323,169.369,33720
2025-07-01 04:00:00,169.37,169.662,169.254,169.42,54219
2025-07-01 08:00:00,169.421,169.426,168.454,168.83,96833
2025-07-01 12:00:00,168.83,168.967,168.591,168.867,102006
2025-07-01 16:00:00,168.868,169.168,168.724,169.063,139861
2025-07-01 20:00:00,169.062,169.525,169.053,169.307,52467
2025-07-02 00:00:00,169.225,169.546,169.082,169.404,30070
2025-07-02 04:00:00,169.403,169.526,169.291,169.335,54426
2025-07-02 08:00:00,169.334,169.633,169.321,169.531,85625
2025-07-02 12:00:00,169.531,169.789,169.033,169.146,116360
2025-07-02 16:00:00,169.146,169.538,169.08,169.445,136931
2025-07-02 20:00:00,169.445,169.535,169.396,169.479,42752
2025-07-03 00:00:00,169.454,169.566,169.251,169.521,27158
2025-07-03 04:00:00,169.521,169.633,169.416,169.576,41382
2025-07-03 08:00:00,169.576,169.87,169.553,169.739,73729
2025-07-03 12:00:00,169.738,170.322,169.33,170.215,100876
2025-07-03 16:00:00,170.215,170.613,170.162,170.462,137876
2025-07-03 20:00:00,170.462,170.562,170.355,170.389,24810
2025-07-04 00:00:00,170.383,170.418,170.079,170.148,26784
2025-07-04 04:00:00,170.148,170.282,169.989,170.077,47055
2025-07-04 08:00:00,170.077,170.137,169.846,169.954,73712
2025-07-04 12:00:00,169.949,170.068,169.867,169.937,65255
2025-07-04 16:00:00,169.937,170.328,169.932,170.138,56060
2025-07-04 20:00:00,170.142,170.29,170.023,170.126,81040
2025-07-07 00:00:00,170.11,170.323,169.978,170.041,29112
2025-07-07 04:00:00,170.041,170.617,169.878,170.581,51164
2025-07-07 08:00:00,170.581,170.733,170.308,170.375,80312
2025-07-07 12:00:00,170.373,170.763,170.363,170.663,71936
2025-07-07 16:00:00,170.663,171.269,170.643,170.87,98175
2025-07-07 20:00:00,170.87,171.314,170.746,170.997,57819
2025-07-08 00:00:00,170.98,171.677,170.894,171.634,34865
2025-07-08 04:00:00,171.635,171.804,171.325,171.422,55409
2025-07-08 08:00:00,171.422,171.844,171.324,171.755,81396
2025-07-08 12:00:00,171.754,172.003,171.559,171.885,80240
2025-07-08 16:00:00,171.886,171.996,171.636,171.817,110836
2025-07-08 20:00:00,171.817,172.021,171.797,171.869,51735
2025-07-09 00:00:00,171.705,172.212,171.641,172.105,26920
2025-07-09 04:00:00,172.105,172.281,172.03,172.216,51364
2025-07-09 08:00:00,172.216,172.26,171.74,171.804,72072
2025-07-09 12:00:00,171.803,171.83,171.547,171.609,76157
2025-07-09 16:00:00,171.609,171.646,171.305,171.377,86082
2025-07-09 20:00:00,171.377,171.639,171.264,171.547,37449
2025-07-10 00:00:00,171.352,171.531,171.176,171.244,30537
2025-07-10 04:00:00,171.245,171.748,171.174,171.587,39856
2025-07-10 08:00:00,171.587,171.78,171.406,171.633,62928
2025-07-10 12:00:00,171.633,171.682,171.161,171.422,62815
2025-07-10 16:00:00,171.422,171.496,171.048,171.149,101769
2025-07-10 20:00:00,171.149,171.159,170.932,171.086,38659
2025-07-11 00:00:00,171.038,171.237,170.801,171.095,37974
2025-07-11 04:00:00,171.094,171.768,171.075,171.731,65475
2025-07-11 08:00:00,171.73,171.77,171.412,171.705,87555
2025-07-11 12:00:00,171.705,171.964,171.597,171.782,65472
2025-07-11 16:00:00,171.782,172.422,171.763,172.294,72526
2025-07-11 20:00:00,172.294,172.386,172.162,172.359,32670
2025-07-14 00:00:00,171.6,172.143,171.571,171.836,59344
2025-07-14 04:00:00,171.836,172.178,171.761,172.052,63215
2025-07-14 08:00:00,172.05,172.237,171.723,172.103,86618
2025-07-14 12:00:00,172.104,172.368,171.979,172.228,79961
2025-07-14 16:00:00,172.228,172.471,172.08,172.265,102541
2025-07-14 20:00:00,172.267,172.446,172.204,172.361,40690
2025-07-15 00:00:00,172.264,172.475,172.166,172.267,31886
2025-07-15 04:00:00,172.268,172.495,172.255,172.411,41255
2025-07-15 08:00:00,172.411,172.732,172.388,172.574,73125
2025-07-15 12:00:00,172.574,172.867,172.35,172.711,90490
2025-07-15 16:00:00,172.71,173.082,172.642,172.659,140321
2025-07-15 20:00:00,172.659,172.769,172.627,172.704,42432
2025-07-16 00:00:00,172.649,172.998,172.586,172.932,30892
2025-07-16 04:00:00,172.932,173.24,172.753,173.043,51095
2025-07-16 08:00:00,173.043,173.075,172.779,173.023,76999
2025-07-16 12:00:00,173.022,173.086,172.311,172.477,87677
2025-07-16 16:00:00,172.477,172.505,171.83,172.31,199907
2025-07-16 20:00:00,172.31,172.324,171.836,172.158,53140
2025-07-17 00:00:00,172.038,172.494,171.873,172.483,23121
2025-07-17 04:00:00,172.483,172.673,172.33,172.538,34169
2025-07-17 08:00:00,172.538,172.613,172.132,172.375,56799
2025-07-17 12:00:00,172.374,172.522,172.123,172.329,58789
2025-07-17 16:00:00,172.329,172.346,171.937,172.203,70231
2025-07-17 20:00:00,172.202,172.371,172.158,172.334,27947
2025-07-18 00:00:00,172.095,172.739,172.095,172.728,24563
2025-07-18 04:00:00,172.728,172.869,172.57,172.747,31811
2025-07-18 08:00:00,172.748,173.112,172.709,172.897,45393
2025-07-18 12:00:00,172.896,173.093,172.823,172.944,52360
2025-07-18 16:00:00,172.943,173.08,172.858,172.912,65975
2025-07-18 20:00:00,172.912,173.0,172.833,172.987,29719
2025-07-21 00:00:00,172.049,172.844,171.921,172.412,61356
2025-07-21 04:00:00,172.412,172.662,172.411,172.625,46406
2025-07-21 08:00:00,172.623,172.63,171.999,172.184,86308
2025-07-21 12:00:00,172.184,172.29,171.913,172.045,83487
2025-07-21 16:00:00,172.046,172.553,172.023,172.173,100484
2025-07-21 20:00:00,172.174,172.343,172.1,172.33,42927
2025-07-22 00:00:00,172.248,172.594,172.074,172.39,27428
2025-07-22 04:00:00,172.39,172.626,172.329,172.565,41303
2025-07-22 08:00:00,172.564,172.931,172.489,172.687,69235
2025-07-22 12:00:00,172.687,172.689,171.477,171.623,80530
2025-07-22 16:00:00,171.622,172.197,171.357,172.104,120720
2025-07-22 20:00:00,172.105,172.37,172.062,172.363,41854
2025-07-23 00:00:00,172.317,172.476,171.664,172.022,56287
2025-07-23 04:00:00,172.022,172.737,171.896,172.432,86369
2025-07-23 08:00:00,172.433,172.689,172.072,172.225,98609
2025-07-23 12:00:00,172.224,172.239,171.368,171.664,86024
2025-07-23 16:00:00,171.665,172.362,171.617,172.239,105289
2025-07-23 20:00:00,172.244,172.549,172.125,172.456,55236
2025-07-24 00:00:00,172.226,172.501,172.157,172.304,34376
2025-07-24 04:00:00,172.302,172.317,171.748,171.927,62125
2025-07-24 08:00:00,171.926,172.319,171.847,172.307,89980
2025-07-24 12:00:00,172.307,172.37,172.041,172.277,89718
2025-07-24 16:00:00,172.278,172.921,172.23,172.789,133057
2025-07-24 20:00:00,172.791,172.894,172.649,172.702,49897
2025-07-25 00:00:00,172.52,173.165,172.478,173.036,33687
2025-07-25 04:00:00,173.037,173.177,172.708,172.737,54090
2025-07-25 08:00:00,172.738,173.611,172.469,173.506,99474
2025-07-25 12:00:00,173.506,173.586,173.054,173.253,85343
2025-07-25 16:00:00,173.252,173.389,172.961,173.298,122433
2025-07-25 20:00:00,173.297,173.412,173.253,173.333,41649
2025-07-28 00:00:00,173.544,173.87,173.493,173.653,41546
2025-07-28 04:00:00,173.654,173.896,173.531,173.558,57806
2025-07-28 08:00:00,173.558,173.775,173.088,173.165,101578
2025-07-28 12:00:00,173.165,173.246,172.484,172.591,114133
2025-07-28 16:00:00,172.592,172.605,172.217,172.23,109695
2025-07-28 20:00:00,172.231,172.257,172.065,172.143,41736
2025-07-29 00:00:00,172.089,172.286,172.0,172.247,25257
2025-07-29 04:00:00,172.248,172.318,171.759,171.91,55239
2025-07-29 08:00:00,171.909,171.926,171.266,171.857,100232
2025-07-29 12:00:00,171.858,172.083,171.366,171.371,95897
2025-07-29 16:00:00,171.372,171.565,171.044,171.454,124873
2025-07-29 20:00:00,171.455,171.542,171.37,171.407,54798
2025-07-30 00:00:00,171.395,171.549,171.231,171.262,29056
2025-07-30 04:00:00,171.262,171.323,171.026,171.136,52815
2025-07-30 08:00:00,171.136,171.168,170.859,170.984,83648
2025-07-30 12:00:00,170.985,171.121,170.699,170.777,102973
2025-07-30 16:00:00,170.775,171.045,170.695,170.881,75610
2025-07-30 20:00:00,170.88,170.927,170.432,170.537,90131
2025-07-31 00:00:00,170.45,170.788,170.391,170.719,23359
2025-07-31 04:00:00,170.719,170.721,169.718,170.256,48160
2025-07-31 08:00:00,170.255,171.362,170.094,171.318,97390
2025-07-31 12:00:00,171.318,171.728,171.214,171.648,97518
2025-07-31 16:00:00,171.647,172.317,171.491,172.117,116503
2025-07-31 20:00:00,172.116,172.336,171.923,172.125,60663
2025-08-01 00:00:00,172.024,172.304,171.98,172.203,36356
2025-08-01 04:00:00,172.204,172.388,171.907,171.975,58608
2025-08-01 08:00:00,171.976,172.225,171.741,171.786,75401
2025-08-01 12:00:00,171.786,171.986,171.236,171.598,116323
2025-08-01 16:00:00,171.598,171.613,170.565,170.584,190147
2025-08-01 20:00:00,170.583,170.911,170.272,170.902,79880
2025-08-04 00:00:00,170.578,170.774,170.458,170.651,63374
2025-08-04 04:00:00,170.652,171.147,170.619,170.94,72525
2025-08-04 08:00:00,170.94,171.164,170.741,170.936,101903
2025-08-04 12:00:00,170.936,171.05,170.316,170.378,107499
2025-08-04 16:00:00,170.379,170.548,170.069,170.146,124342
2025-08-04 20:00:00,170.146,170.249,169.899,170.223,48964
2025-08-05 00:00:00,170.152,170.205,169.895,170.025,35620
2025-08-05 04:00:00,170.024,170.184,169.919,169.999,56067
2025-08-05 08:00:00,170.0,170.278,169.81,170.258,80779
2025-08-05 12:00:00,170.26,170.515,170.128,170.365,86841
2025-08-05 16:00:00,170.365,170.912,170.23,170.892,119432
2025-08-05 20:00:00,170.891,170.945,170.742,170.825,38077
2025-08-06 00:00:00,170.768,170.934,170.644,170.812,23893
2025-08-06 04:00:00,170.811,170.913,170.613,170.665,40007
2025-08-06 08:00:00,170.663,171.108,170.651,171.072,56580
2025-08-06 12:00:00,171.071,171.462,171.057,171.374,67389
2025-08-06 16:00:00,171.373,171.65,171.201,171.426,91174
2025-08-06 20:00:00,171.426,171.987,171.423,171.775,47166
2025-08-07 00:00:00,171.662,171.989,171.63,171.981,24584
2025-08-07 04:00:00,171.982,172.169,171.888,171.928,39999
2025-08-07 08:00:00,171.928,171.999,171.395,171.896,71841
2025-08-07 12:00:00,171.896,172.037,171.286,171.614,91540
2025-08-07 16:00:00,171.614,171.656,171.324,171.51,100340
2025-08-07 20:00:00,171.51,171.668,171.269,171.664,52822
2025-08-08 00:00:00,171.479,171.801,171.362,171.77,34100
2025-08-08 04:00:00,171.771,171.811,171.552,171.576,41920
2025-08-08 08:00:00,171.576,171.879,171.453,171.821,67758
2025-08-08 12:00:00,171.821,172.244,171.756,172.129,72987
2025-08-08 16:00:00,172.129,172.341,172.065,172.21,80924
2025-08-08 20:00:00,172.211,172.308,171.967,171.986,47678
2025-08-11 00:00:00,171.783,172.09,171.707,171.987,32059
2025-08-11 04:00:00,171.987,172.203,171.949,172.138,38255
2025-08-11 08:00:00,172.138,172.191,171.596,171.912,47920
2025-08-11 12:00:00,171.91,172.142,171.753,171.753,52269
2025-08-11 16:00:00,171.752,171.937,171.546,171.775,54398
2025-08-11 20:00:00,171.775,172.127,171.729,172.117,27382
2025-08-12 00:00:00,171.825,172.413,171.674,172.371,22761
2025-08-12 04:00:00,172.372,172.521,172.262,172.492,36679
2025-08-12 08:00:00,172.492,172.511,172.077,172.39,58770
2025-08-12 12:00:00,172.39,172.536,172.13,172.347,71923
2025-08-12 16:00:00,172.349,172.855,172.161,172.527,106172
2025-08-12 20:00:00,172.527,172.624,172.312,172.594,31996
2025-08-13 00:00:00,172.37,172.643,172.367,172.623,23474
2025-08-13 04:00:00,172.629,173.018,172.575,172.845,38586
2025-08-13 08:00:00,172.845,172.91,172.432,172.511,57777
2025-08-13 12:00:00,172.511,172.81,172.394,172.451,56624
2025-08-13 16:00:00,172.451,172.585,172.225,172.49,62019
2025-08-13 20:00:00,172.49,172.6,172.448,172.518,26776
2025-08-14 00:00:00,172.392,172.484,171.726,171.789,23593
2025-08-14 04:00:00,171.789,171.805,171.28,171.325,45416
2025-08-14 08:00:00,171.325,171.46,170.957,171.001,63081
2025-08-14 12:00:00,171.004,171.497,170.972,171.4,73097
2025-08-14 16:00:00,171.4,172.204,171.368,172.005,82126
2025-08-14 20:00:00,172.006,172.177,171.992,172.102,27842
2025-08-15 00:00:00,172.016,172.22,171.83,171.846,20275
2025-08-15 04:00:00,171.845,171.889,171.542,171.607,32714
2025-08-15 08:00:00,171.607,171.902,171.501,171.562,52685
2025-08-15 12:00:00,171.562,171.94,171.514,171.774,62427
2025-08-15 16:00:00,171.774,172.305,171.718,172.274,71221
2025-08-15 20:00:00,172.278,172.376,172.233,172.241,30194
2025-08-18 00:00:00,172.402,172.578,172.176,172.507,28635
2025-08-18 04:00:00,172.508,172.653,172.407,172.559,42437
2025-08-18 08:00:00,172.559,172.583,172.056,172.117,69663
2025-08-18 12:00:00,172.117,172.506,172.049,172.492,59114
2025-08-18 16:00:00,172.487,172.678,172.263,172.292,70950
2025-08-18 20:00:00,172.293,172.569,172.177,172.453,40485
2025-08-19 00:00:00,172.126,172.627,172.118,172.286,19284
2025-08-19 04:00:00,172.285,172.438,171.989,172.299,37210
2025-08-19 08:00:00,172.299,172.626,172.015,172.398,51526
2025-08-19 12:00:00,172.398,172.698,172.362,172.539,48363
2025-08-19 16:00:00,172.537,172.655,172.048,172.079,70506
2025-08-19 20:00:00,172.079,172.102,171.691,171.992,30416
2025-08-20 00:00:00,171.697,172.017,171.685,171.756,25276
2025-08-20 04:00:00,171.756,171.83,171.461,171.699,42574
2025-08-20 08:00:00,171.699,171.947,171.106,171.75,65074
2025-08-20 12:00:00,171.75,171.934,171.618,171.881,58010
2025-08-20 16:00:00,171.88,171.946,171.335,171.535,83867
2025-08-20 20:00:00,171.535,171.792,171.502,171.668,37728
2025-08-21 00:00:00,171.636,171.76,171.517,171.655,22902
2025-08-21 04:00:00,171.655,171.773,171.515,171.632,34651
2025-08-21 08:00:00,171.637,172.078,171.523,172.002,60189
2025-08-21 12:00:00,172.003,172.362,171.823,172.078,72139
2025-08-21 16:00:00,172.078,172.276,171.684,172.177,110665
2025-08-21 20:00:00,172.177,172.265,172.088,172.21,33041
2025-08-22 00:00:00,172.086,172.481,171.974,172.444,24143
2025-08-22 04:00:00,172.445,172.539,172.231,172.31,39465
2025-08-22 08:00:00,172.31,172.415,172.052,172.41,55608
2025-08-22 12:00:00,172.409,172.636,172.331,172.62,55566
2025-08-22 16:00:00,172.619,172.675,171.822,171.958,157511
2025-08-22 20:00:00,171.958,172.286,171.95,172.235,47366
2025-08-25 00:00:00,172.048,172.576,172.002,172.412,44772
2025-08-25 04:00:00,172.412,172.551,172.282,172.351,45269
2025-08-25 08:00:00,172.351,172.516,172.317,172.386,61469
2025-08-25 12:00:00,172.386,172.474,172.227,172.433,56048
2025-08-25 16:00:00,172.432,172.66,171.908,171.949,97161
2025-08-25 20:00:00,171.95,171.957,171.572,171.656,74708
2025-08-26 00:00:00,171.636,171.745,171.321,171.356,62000
2025-08-26 04:00:00,171.356,171.883,171.342,171.874,67486
2025-08-26 08:00:00,171.873,171.999,171.326,171.449,100902
2025-08-26 12:00:00,171.449,171.953,171.44,171.822,77852
2025-08-26 16:00:00,171.822,172.12,171.511,171.596,67741
2025-08-26 20:00:00,171.594,171.679,171.504,171.633,30153
2025-08-27 00:00:00,171.494,171.774,171.415,171.737,20878
2025-08-27 04:00:00,171.738,171.909,171.676,171.818,31220
2025-08-27 08:00:00,171.818,171.869,171.248,171.409,47944
2025-08-27 12:00:00,171.409,171.703,171.386,171.553,48226
2025-08-27 16:00:00,171.553,171.783,171.349,171.501,67815
2025-08-27 20:00:00,171.502,171.601,171.412,171.576,30892
2025-08-28 00:00:00,171.443,171.752,171.308,171.537,23946
2025-08-28 04:00:00,171.537,171.723,171.239,171.295,32385
2025-08-28 08:00:00,171.295,171.618,171.113,171.357,48958
2025-08-28 12:00:00,171.354,171.741,171.261,171.661,58535
2025-08-28 16:00:00,171.661,171.791,171.452,171.648,66334
2025-08-28 20:00:00,171.648,171.706,171.503,171.689,26200
2025-08-29 00:00:00,171.387,171.71,171.309,171.415,25762
2025-08-29 04:00:00,171.418,171.571,171.236,171.352,33421
2025-08-29 08:00:00,171.35,171.761,171.344,171.569,45121
2025-08-29 12:00:00,171.569,171.797,171.533,171.755,48612
2025-08-29 16:00:00,171.755,171.986,171.587,171.907,73821
2025-08-29 20:00:00,171.907,172.015,171.786,171.839,29699
2025-09-01 00:00:00,171.8,172.247,171.746,172.213,21092
2025-09-01 04:00:00,172.214,172.281,171.957,172.157,45411
2025-09-01 08:00:00,172.154,172.503,172.048,172.492,65413
2025-09-01 12:00:00,172.492,172.538,172.312,172.337,60792
2025-09-01 16:00:00,172.337,172.495,172.249,172.329,50875
2025-09-01 20:00:00,172.33,172.399,172.267,172.367,9349
2025-09-02 00:00:00,172.203,172.501,172.163,172.404,22643
2025-09-02 04:00:00,172.404,172.887,172.316,172.736,40979
2025-09-02 08:00:00,172.736,173.418,172.656,172.849,76405
2025-09-02 12:00:00,172.849,173.208,172.724,172.891,74751
2025-09-02 16:00:00,172.893,172.964,172.631,172.678,111995
2025-09-02 20:00:00,172.678,172.815,172.621,172.713,29311
2025-09-03 00:00:00,172.606,173.07,172.529,173.053,24660
2025-09-03 04:00:00,173.054,173.176,172.779,172.829,32906
2025-09-03 08:00:00,172.829,173.274,172.748,173.195,60828
2025-09-03 12:00:00,173.195,173.3,173.018,173.239,73462
2025-09-03 16:00:00,173.238,173.28,172.599,172.718,108469
2025-09-03 20:00:00,172.718,172.779,172.534,172.688,40576
2025-09-04 00:00:00,172.626,172.744,172.473,172.583,26495
2025-09-04 04:00:00,172.583,172.799,172.448,172.717,43055
2025-09-04 08:00:00,172.717,172.935,172.641,172.769,61874
2025-09-04 12:00:00,172.769,172.883,172.471,172.856,81504
2025-09-04 16:00:00,172.856,173.212,172.783,172.99,98160
2025-09-04 20:00:00,172.99,173.053,172.948,172.975,32900
2025-09-05 00:00:00,172.89,173.037,172.711,172.765,27689
2025-09-05 04:00:00,172.765,172.987,172.748,172.925,34904
2025-09-05 08:00:00,172.925,173.112,172.885,173.093,52944
2025-09-05 12:00:00,173.093,173.27,172.589,172.841,75871
2025-09-05 16:00:00,172.841,172.881,172.484,172.717,98404
2025-09-05 20:00:00,172.718,172.837,172.649,172.751,32860
2025-09-08 00:00:00,173.45,173.911,173.25,173.742,64632
2025-09-08 04:00:00,173.742,173.816,173.354,173.536,66472
2025-09-08 08:00:00,173.536,173.602,173.061,173.25,78617
2025-09-08 12:00:00,173.256,173.399,173.116,173.356,68661
2025-09-08 16:00:00,173.354,173.657,173.313,173.391,83199
2025-09-08 20:00:00,173.391,173.53,173.311,173.493,39132
2025-09-09 00:00:00,173.399,173.529,173.22,173.441,28890
2025-09-09 04:00:00,173.442,173.474,173.193,173.213,35127
2025-09-09 08:00:00,173.214,173.214,172.256,172.417,82123
2025-09-09 12:00:00,172.416,172.452,172.127,172.449,78897
2025-09-09 16:00:00,172.448,172.68,172.277,172.583,113604
2025-09-09 20:00:00,172.583,172.678,172.508,172.637,42410
2025-09-10 00:00:00,172.343,172.647,172.311,172.44,24535
2025-09-10 04:00:00,172.439,172.675,172.377,172.585,37903
2025-09-10 08:00:00,172.584,172.745,172.38,172.593,68203
2025-09-10 12:00:00,172.593,172.726,172.358,172.609,82410
2025-09-10 16:00:00,172.609,172.907,172.452,172.503,97345
2025-09-10 20:00:00,172.503,172.531,172.371,172.449,34191
2025-09-11 00:00:00,172.325,172.506,172.238,172.452,19756
2025-09-11 04:00:00,172.451,172.538,172.351,172.491,27827
2025-09-11 08:00:00,172.496,172.912,172.417,172.878,65065
2025-09-11 12:00:00,172.879,172.969,172.392,172.846,98005
2025-09-11 16:00:00,172.846,173.058,172.505,172.603,120504
2025-09-11 20:00:00,172.595,172.838,172.58,172.78,39724
2025-09-12 00:00:00,172.661,172.869,172.593,172.75,22352
2025-09-12 04:00:00,172.75,173.017,172.698,172.964,29678
2025-09-12 08:00:00,172.964,173.388,172.779,173.308,72551
2025-09-12 12:00:00,173.307,173.439,173.154,173.179,77533
2025-09-12 16:00:00,173.179,173.269,172.854,173.193,84857
2025-09-12 20:00:00,173.193,173.279,173.089,173.264,31683
2025-09-15 00:00:00,172.858,173.364,172.852,173.022,18221
2025-09-15 04:00:00,173.021,173.108,172.891,172.962,24726
2025-09-15 08:00:00,172.963,173.112,172.9,173.006,60588
2025-09-15 12:00:00,173.007,173.446,172.979,173.325,62473
2025-09-15 16:00:00,173.325,173.392,173.177,173.247,73730
2025-09-15 20:00:00,173.247,173.45,173.238,173.362,33722
2025-09-16 00:00:00,173.271,173.436,173.181,173.418,19378
2025-09-16 04:00:00,173.418,173.496,173.095,173.13,42083
2025-09-16 08:00:00,173.13,173.462,173.012,173.364,74905
2025-09-16 12:00:00,173.366,173.691,173.366,173.638,89697
2025-09-16 16:00:00,173.639,173.792,173.46,173.639,111610
2025-09-16 20:00:00,173.638,173.822,173.589,173.783,44530
2025-09-17 00:00:00,173.618,173.848,173.463,173.765,24777
2025-09-17 04:00:00,173.765,173.773,173.591,173.603,30804
2025-09-17 08:00:00,173.603,173.754,173.442,173.519,53720
2025-09-17 12:00:00,173.519,173.524,173.083,173.364,58248
2025-09-17 16:00:00,173.365,173.45,173.267,173.392,69827
2025-09-17 20:00:00,173.393,173.777,173.056,173.657,156277
2025-09-18 00:00:00,173.557,173.758,173.459,173.731,31823
2025-09-18 04:00:00,173.73,173.798,173.608,173.626,41907
2025-09-18 08:00:00,173.625,174.467,173.598,174.381,86551
2025-09-18 12:00:00,174.381,174.44,174.042,174.329,88556
2025-09-18 16:00:00,174.328,174.428,174.131,174.286,103701
2025-09-18 20:00:00,174.282,174.423,174.249,174.388,26305
2025-09-19 00:00:00,174.212,174.499,174.186,174.458,23822
2025-09-19 04:00:00,174.458,174.465,173.482,173.703,54356
2025-09-19 08:00:00,173.703,174.167,173.575,173.902,71372
2025-09-19 12:00:00,173.902,174.063,173.76,173.887,46862
2025-09-19 16:00:00,173.887,173.998,173.647,173.775,63121
2025-09-19 20:00:00,173.775,173.872,173.737,173.77,25374
2025-09-22 00:00:00,173.589,173.921,173.526,173.871,24286
2025-09-22 04:00:00,173.871,174.078,173.842,173.96,41443
2025-09-22 08:00:00,173.96,174.068,173.83,173.917,69647
2025-09-22 12:00:00,173.917,174.274,173.873,174.211,70985
2025-09-22 16:00:00,174.21,174.269,173.974,174.17,81121
2025-09-22 20:00:00,174.17,174.385,174.134,174.337,29547
2025-09-23 00:00:00,174.144,174.391,174.082,174.335,17871
2025-09-23 04:00:00,174.335,174.493,174.297,174.37,35598
2025-09-23 08:00:00,174.369,174.425,174.027,174.161,78588
2025-09-23 12:00:00,174.161,174.395,174.105,174.323,70274
2025-09-23 16:00:00,174.322,174.474,174.179,174.443,98448
2025-09-23 20:00:00,174.442,174.466,174.223,174.463,44002
2025-09-24 00:00:00,174.294,174.535,174.203,174.435,25342
2025-09-24 04:00:00,174.435,174.649,174.296,174.56,40527
2025-09-24 08:00:00,174.56,174.635,174.333,174.528,70192
2025-09-24 12:00:00,174.529,174.592,174.36,174.569,74778
2025-09-24 16:00:00,174.568,174.698,174.447,174.539,92313
2025-09-24 20:00:00,174.539,174.785,174.521,174.781,31430
2025-09-25 00:00:00,174.653,174.789,174.497,174.537,20934
2025-09-25 04:00:00,174.537,174.785,174.517,174.643,31716
2025-09-25 08:00:00,174.643,174.872,174.502,174.664,64936
2025-09-25 12:00:00,174.665,174.832,174.302,174.581,84280
2025-09-25 16:00:00,174.58,174.94,174.521,174.839,107455
2025-09-25 20:00:00,174.839,174.862,174.543,174.703,36866
2025-09-26 00:00:00,174.573,174.853,174.475,174.699,32979
2025-09-26 04:00:00,174.699,174.86,174.653,174.782,25910
2025-09-26 08:00:00,174.783,175.018,174.744,174.92,44105
2025-09-26 12:00:00,174.919,174.976,174.706,174.795,63352
2025-09-26 16:00:00,174.796,175.052,174.76,174.863,99314
2025-09-26 20:00:00,174.862,175.008,174.811,174.968,33878
2025-09-29 00:00:00,174.775,175.013,174.72,174.855,24017
2025-09-29 04:00:00,174.855,174.889,174.587,174.663,37563
2025-09-29 08:00:00,174.666,174.753,173.98,174.119,60041
2025-09-29 12:00:00,174.119,174.615,174.047,174.608,69098
2025-09-29 16:00:00,174.608,174.649,174.176,174.271,80614
2025-09-29 20:00:00,174.271,174.382,174.142,174.279,30489
2025-09-30 00:00:00,174.177,174.416,174.104,174.393,22291
2025-09-30 04:00:00,174.393,174.405,173.957,174.051,33213
2025-09-30 08:00:00,174.051,174.13,173.691,173.808,53200
2025-09-30 12:00:00,173.807,173.92,173.548,173.656,41846
2025-09-30 16:00:00,173.656,173.705,173.372,173.685,68769
2025-09-30 20:00:00,173.685,173.724,173.526,173.594,28591
2025-10-01 00:00:00,173.372,173.913,173.322,173.82,22116
2025-10-01 04:00:00,173.82,173.84,173.472,173.49,25878
2025-10-01 08:00:00,173.489,173.578,172.799,172.864,66666
2025-10-01 12:00:00,172.863,172.921,172.298,172.474,73363
2025-10-01 16:00:00,172.473,172.665,172.341,172.511,97390
2025-10-01 20:00:00,172.511,172.669,172.504,172.519,41953
2025-10-02 00:00:00,172.474,172.748,172.321,172.646,22949
2025-10-02 04:00:00,172.648,172.769,172.501,172.698,28656
2025-10-02 08:00:00,172.697,172.979,172.459,172.528,68312
2025-10-02 12:00:00,172.528,172.812,172.271,172.733,66022
2025-10-02 16:00:00,172.733,172.748,172.262,172.398,100178
2025-10-02 20:00:00,172.398,172.569,172.374,172.522,31218
2025-10-03 00:00:00,172.44,172.772,172.419,172.762,21251
2025-10-03 04:00:00,172.762,173.215,172.609,173.1,29224
2025-10-03 08:00:00,173.1,173.19,172.899,172.962,41959
2025-10-03 12:00:00,172.962,173.013,172.765,172.877,35636
2025-10-03 16:00:00,172.876,173.245,172.719,173.164,56355
2025-10-03 20:00:00,173.164,173.172,173.01,173.132,21168
2025-10-06 00:00:00,175.17,175.5,174.576,175.39,81173
2025-10-06 04:00:00,175.391,176.24,175.292,176.172,60918
2025-10-06 08:00:00,176.173,176.254,174.895,175.429,112373
2025-10-06 12:00:00,175.428,175.594,174.959,175.084,96705
2025-10-06 16:00:00,175.083,175.863,175.052,175.855,90478
2025-10-06 20:00:00,175.855,176.141,175.774,176.096,30080
2025-10-07 00:00:00,175.93,176.347,175.794,176.202,31651
2025-10-07 04:00:00,176.203,176.264,175.861,175.955,30648
2025-10-07 08:00:00,175.955,176.104,175.78,175.905,68010
2025-10-07 12:00:00,175.905,176.062,175.786,175.975,70959
2025-10-07 16:00:00,175.975,176.724,175.89,176.593,96973
2025-10-07 20:00:00,176.592,177.145,176.588,177.074,49540
2025-10-08 00:00:00,176.99,177.457,176.932,177.4,31682
2025-10-08 04:00:00,177.4,177.438,176.955,177.036,54563
2025-10-08 08:00:00,177.036,177.458,176.895,177.407,81678
2025-10-08 12:00:00,177.406,177.856,177.352,177.402,77338
2025-10-08 16:00:00,177.402,177.596,177.177,177.273,87629
2025-10-08 20:00:00,177.272,177.624,177.264,177.582,49861
2025-10-09 00:00:00,177.463,177.702,177.273,177.702,36058
2025-10-09 04:00:00,177.702,177.792,177.402,177.554,41263
2025-10-09 08:00:00,177.553,177.937,177.383,177.44,79793
2025-10-09 12:00:00,177.44,177.51,177.215,177.411,77267
2025-10-09 16:00:00,177.411,177.48,176.758,176.839,136489
2025-10-09 20:00:00,176.841,177.04,176.785,177.024,57169
2025-10-10 00:00:00,176.811,177.156,176.719,176.937,26248
2025-10-10 04:00:00,176.937,177.022,176.647,176.8,36032
2025-10-10 08:00:00,176.8,177.087,176.33,176.754,85833
2025-10-10 12:00:00,176.754,176.926,176.434,176.548,69520
2025-10-10 16:00:00,176.548,176.696,176.165,176.289,150546
2025-10-10 20:00:00,176.289,176.331,175.733,175.737,63322
2025-10-13 00:00:00,176.271,176.524,176.117,176.38,64375
2025-10-13 04:00:00,176.38,176.622,176.373,176.524,45596
2025-10-13 08:00:00,176.528,176.915,176.332,176.489,74324
2025-10-13 12:00:00,176.488,176.57,175.895,176.093,68219
2025-10-13 16:00:00,176.094,176.298,175.992,176.265,76649
2025-10-13 20:00:00,176.265,176.331,176.143,176.193,34272
2025-10-14 00:00:00,175.998,176.377,175.936,176.266,29932
2025-10-14 04:00:00,176.266,176.453,175.836,176.027,59161
2025-10-14 08:00:00,176.027,176.035,175.346,175.671,98533
2025-10-14 12:00:00,175.671,175.871,175.498,175.696,62482
2025-10-14 16:00:00,175.696,176.288,175.682,176.155,90286
2025-10-14 20:00:00,176.155,176.237,175.976,176.182,38700
2025-10-15 00:00:00,176.071,176.297,175.875,175.966,26956
2025-10-15 04:00:00,175.966,176.006,175.504,175.727,40566
2025-10-15 08:00:00,175.727,176.172,175.433,175.904,64710
2025-10-15 12:00:00,175.903,176.263,175.886,176.16,70907
2025-10-15 16:00:00,176.16,176.309,175.843,175.977,105006
2025-10-15 20:00:00,175.978,176.155,175.811,175.954,46530
2025-10-16 00:00:00,175.858,176.0,175.487,175.766,36834
2025-10-16 04:00:00,175.766,176.14,175.663,176.057,47860
2025-10-16 08:00:00,176.057,176.361,175.863,176.331,90015
2025-10-16 12:00:00,176.331,176.459,176.032,176.181,72250
2025-10-16 16:00:00,176.18,176.331,175.446,175.61,128163
2025-10-16 20:00:00,175.611,175.859,175.544,175.819,86444
2025-10-17 00:00:00,175.576,175.868,175.528,175.865,37223
2025-10-17 04:00:00,175.865,175.972,175.546,175.608,51124
2025-10-17 08:00:00,175.607,175.671,174.808,175.203,120791
2025-10-17 12:00:00,175.203,175.751,175.024,175.596,110439
2025-10-17 16:00:00,175.595,175.679,175.237,175.541,121144
2025-10-17 20:00:00,175.541,175.648,175.468,175.478,55039
2025-10-20 00:00:00,175.387,176.086,175.196,176.054,44718
2025-10-20 04:00:00,176.054,176.37,175.63,175.774,39368
2025-10-20 08:00:00,175.775,175.918,175.592,175.633,68158
2025-10-20 12:00:00,175.632,175.838,175.236,175.589,76698
2025-10-20 16:00:00,175.589,175.711,175.424,175.534,81271
2025-10-20 20:00:00,175.534,175.64,175.411,175.524,33491
2025-10-21 00:00:00,175.333,175.651,175.259,175.557,23901
2025-10-21 04:00:00,175.557,175.934,175.383,175.794,46680
2025-10-21 08:00:00,175.794,176.244,175.562,176.189,89585
2025-10-21 12:00:00,176.189,176.617,176.165,176.512,83210
2025-10-21 16:00:00,176.51,176.572,175.837,176.292,108830
2025-10-21 20:00:00,176.289,176.376,176.158,176.225,41812
2025-10-22 00:00:00,176.157,176.27,175.948,175.96,24669
2025-10-22 04:00:00,175.96,176.28,175.847,176.176,33596
2025-10-22 08:00:00,176.176,176.379,175.866,175.917,73471
2025-10-22 12:00:00,175.915,176.04,175.761,175.979,70333
2025-10-22 16:00:00,175.978,176.385,175.968,176.336,100235
2025-10-22 20:00:00,176.336,176.432,176.086,176.406,46295
2025-10-23 00:00:00,176.368,176.637,176.31,176.562,24517
2025-10-23 04:00:00,176.563,176.846,176.532,176.775,29486
2025-10-23 08:00:00,176.775,177.016,176.67,176.962,57378
2025-10-23 12:00:00,176.961,177.043,176.864,176.951,58364
2025-10-23 16:00:00,176.952,177.447,176.887,177.25,74245
2025-10-23 20:00:00,177.25,177.319,177.165,177.281,27764
2025-10-24 00:00:00,177.164,177.364,177.137,177.34,19244
2025-10-24 04:00:00,177.34,177.528,177.305,177.466,27758
2025-10-24 08:00:00,177.466,177.7,177.285,177.579,63803
2025-10-24 12:00:00,177.579,177.672,177.131,177.619,79173
2025-10-24 16:00:00,177.619,177.825,177.556,177.684,92981
2025-10-24 20:00:00,177.684,177.779,177.62,177.757,28742
2025-10-27 00:00:00,177.822,178.149,177.642,177.88,36855
2025-10-27 04:00:00,177.88,178.029,177.791,178.008,36730
2025-10-27 08:00:00,178.008,178.113,177.631,177.705,60263
2025-10-27 12:00:00,177.705,177.966,177.621,177.927,62468
2025-10-27 16:00:00,177.926,178.231,177.883,178.065,70940
2025-10-27 20:00:00,178.068,178.163,177.977,178.018,29303
2025-10-28 00:00:00,177.974,178.011,177.656,177.747,20343
2025-10-28 04:00:00,177.747,177.767,177.153,177.178,34804
2025-10-28 08:00:00,177.177,177.534,177.024,177.042,56913
2025-10-28 12:00:00,177.044,177.323,176.981,177.083,50391
2025-10-28 16:00:00,177.083,177.559,177.033,177.475,65126
2025-10-28 20:00:00,177.475,177.508,177.155,177.245,29352
2025-10-29 00:00:00,177.192,177.326,176.664,176.715,27101
2025-10-29 04:00:00,176.715,177.137,176.629,176.925,34993
2025-10-29 08:00:00,176.929,177.408,176.844,177.061,46152
2025-10-29 12:00:00,177.061,177.359,177.01,177.113,50873
2025-10-29 16:00:00,177.113,177.41,176.764,177.363,65616
2025-10-29 20:00:00,177.363,177.596,177.037,177.158,98413
2025-10-30 00:00:00,177.073,177.384,176.978,177.248,25361
2025-10-30 04:00:00,177.248,177.894,176.809,177.703,67574
2025-10-30 08:00:00,177.704,178.707,177.591,178.605,67437
2025-10-30 12:00:00,178.604,178.82,178.21,178.289,75687
2025-10-30 16:00:00,178.289,178.612,178.184,178.284,113237
2025-10-30 20:00:00,178.285,178.346,178.14,178.311,42886
2025-10-31 00:00:00,178.24,178.322,178.032,178.118,25985
2025-10-31 04:00:00,178.119,178.228,177.831,178.142,38190
2025-10-31 08:00:00,178.142,178.564,177.966,178.482,61192
2025-10-31 12:00:00,178.484,178.536,177.912,178.123,63495
2025-10-31 16:00:00,178.123,178.17,177.442,177.704,102345
2025-10-31 20:00:00,177.705,177.774,177.53,177.716,40607
2025-11-03 00:00:00,177.551,177.886,177.492,177.644,53059
2025-11-03 04:00:00,177.644,177.798,177.602,177.774,38324
2025-11-03 08:00:00,177.772,177.98,177.365,177.512,64437
2025-11-03 12:00:00,177.513,177.621,177.408,177.557,57986
2025-11-03 16:00:00,177.557,177.776,177.127,177.69,86336
2025-11-03 20:00:00,177.694,177.744,177.574,177.649,37362
2025-11-04 00:00:00,177.59,177.694,177.485,177.628,36534
2025-11-04 04:00:00,177.628,177.649,176.942,176.981,39129
2025-11-04 08:00:00,176.981,177.116,176.465,176.527,80318
2025-11-04 12:00:00,176.528,176.713,176.243,176.269,68827
2025-11-04 16:00:00,176.271,176.453,176.086,176.381,80788
2025-11-04 20:00:00,176.381,176.462,176.293,176.431,35408
2025-11-05 00:00:00,176.409,176.54,175.695,175.977,50406
2025-11-05 04:00:00,175.977,176.48,175.871,176.414,42964
2025-11-05 08:00:00,176.414,176.615,176.302,176.496,60941
2025-11-05 12:00:00,176.497,176.8,176.391,176.673,64273
2025-11-05 16:00:00,176.673,177.138,176.634,176.888,90323
2025-11-05 20:00:00,176.888,177.127,176.827,177.124,28459
2025-11-06 00:00:00,177.065,177.161,176.848,177.065,31757
2025-11-06 04:00:00,177.064,177.205,176.987,177.122,27498
2025-11-06 08:00:00,177.115,177.219,176.863,176.974,57718
2025-11-06 12:00:00,176.976,177.186,176.887,177.075,63684
2025-11-06 16:00:00,177.076,177.12,176.274,176.59,101077
2025-11-06 20:00:00,176.591,176.868,176.527,176.762,48664
2025-11-07 00:00:00,176.523,176.892,176.5,176.678,44459
2025-11-07 04:00:00,176.678,176.894,176.518,176.869,37560
2025-11-07 08:00:00,176.869,177.144,176.869,177.104,57858
2025-11-07 12:00:00,177.102,177.421,176.863,177.392,75906
2025-11-07 16:00:00,177.393,177.607,177.163,177.281,105487
2025-11-07 20:00:00,177.282,177.524,177.165,177.416,53725
2025-11-10 00:00:00,177.589,177.828,177.305,177.797,73289
2025-11-10 04:00:00,177.797,178.08,177.738,177.978,57328
2025-11-10 08:00:00,177.978,178.451,177.933,178.332,83925
2025-11-10 12:00:00,178.332,178.388,178.166,178.214,69906
2025-11-10 16:00:00,178.215,178.23,177.73,177.973,96043
2025-11-10 20:00:00,177.973,178.167,177.943,178.149,46464
2025-11-11 00:00:00,177.892,178.393,177.86,178.315,43450
2025-11-11 04:00:00,178.316,178.395,178.177,178.199,44962
2025-11-11 08:00:00,178.198,178.518,178.097,178.466,69418
2025-11-11 12:00:00,178.469,178.569,178.256,178.388,76828
2025-11-11 16:00:00,178.387,178.747,178.344,178.648,90633
2025-11-11 20:00:00,178.648,178.699,178.507,178.542,46743
2025-11-12 00:00:00,178.496,178.739,178.431,178.636,52601
2025-11-12 04:00:00,178.636,179.145,178.618,179.011,54402
2025-11-12 08:00:00,179.011,179.292,179.007,179.149,71494
2025-11-12 12:00:00,179.149,179.31,179.095,179.297,73922
2025-11-12 16:00:00,179.296,179.448,179.143,179.215,84512
2025-11-12 20:00:00,179.216,179.446,179.139,179.433,35503
2025-11-13 00:00:00,179.385,179.498,179.206,179.329,35875
2025-11-13 04:00:00,179.323,179.5,179.218,179.463,33070
2025-11-13 08:00:00,179.463,179.814,179.344,179.496,73421
2025-11-13 12:00:00,179.496,179.749,179.445,179.71,68673
2025-11-13 16:00:00,179.71,179.934,179.395,179.794,105253
2025-11-13 20:00:00,179.794,179.83,179.655,179.785,59534
2025-11-14 00:00:00,179.776,179.944,179.679,179.739,42717
2025-11-14 04:00:00,179.738,179.936,179.671,179.933,42572
2025-11-14 08:00:00,179.933,179.972,179.627,179.785,81960
2025-11-14 12:00:00,179.786,179.794,178.972,179.321,102146
2025-11-14 16:00:00,179.321,179.7,179.169,179.601,125678
2025-11-14 20:00:00,179.601,179.642,179.47,179.574,52570
2025-11-17 00:00:00,179.458,179.649,179.258,179.408,38929
2025-11-17 04:00:00,179.408,179.558,179.341,179.445,31833
2025-11-17 08:00:00,179.446,179.72,179.427,179.529,57381
2025-11-17 12:00:00,179.529,179.641,179.454,179.527,60355
2025-11-17 16:00:00,179.527,180.019,179.484,179.883,77581
2025-11-17 20:00:00,179.883,179.944,179.742,179.936,51427
2025-11-18 00:00:00,179.833,180.023,179.739,179.888,34139
2025-11-18 04:00:00,179.889,179.969,179.6,179.858,50020
2025-11-18 08:00:00,179.858,179.958,179.621,179.896,85877
2025-11-18 12:00:00,179.897,180.096,179.798,179.95,80857
2025-11-18 16:00:00,179.95,180.223,179.78,180.216,119887
2025-11-18 20:00:00,180.215,180.292,180.056,180.083,57723
2025-11-19 00:00:00,179.914,180.178,179.914,180.01,35664
2025-11-19 04:00:00,180.01,180.06,179.769,180.053,46819
2025-11-19 08:00:00,180.053,180.498,180.016,180.49,72358
2025-11-19 12:00:00,180.489,180.976,180.417,180.863,73553
2025-11-19 16:00:00,180.863,180.999,180.597,180.782,105968
2025-11-19 20:00:00,180.782,181.358,180.711,181.337,59272
2025-11-20 00:00:00,181.31,181.432,180.963,181.403,44520
2025-11-20 04:00:00,181.401,181.46,181.118,181.45,48296
2025-11-20 08:00:00,181.45,181.723,181.01,181.188,73909
2025-11-20 12:00:00,181.188,181.799,181.145,181.653,92625
2025-11-20 16:00:00,181.649,182.009,181.416,181.6,144581
2025-11-20 20:00:00,181.599,181.835,181.494,181.512,72242
2025-11-21 00:00:00,181.463,181.647,181.282,181.632,48494
2025-11-21 04:00:00,181.631,181.659,181.255,181.374,47450
2025-11-21 08:00:00,181.375,181.45,180.659,180.672,93018
2025-11-21 12:00:00,180.671,180.727,180.296,180.668,110876
2025-11-21 16:00:00,180.668,180.687,179.763,180.144,142533
2025-11-21 20:00:00,180.145,180.26,179.976,180.048,66451
2025-11-24 00:00:00,179.929,180.408,179.915,180.394,35523
2025-11-24 04:00:00,180.394,180.458,180.325,180.412,30300
2025-11-24 08:00:00,180.413,180.929,180.405,180.724,65106
2025-11-24 12:00:00,180.724,181.266,180.695,181.054,64636
2025-11-24 16:00:00,181.054,181.212,180.652,180.695,75954
2025-11-24 20:00:00,180.696,180.791,180.643,180.778,24905
2025-11-25 00:00:00,180.656,180.858,180.472,180.553,27129
2025-11-25 04:00:00,180.553,180.643,180.422,180.509,23669
2025-11-25 08:00:00,180.51,180.591,180.092,180.271,48253
2025-11-25 12:00:00,180.27,180.849,180.217,180.471,86857
2025-11-25 16:00:00,180.471,180.707,180.367,180.566,124017
2025-11-25 20:00:00,180.565,180.61,180.484,180.597,49080
2025-11-26 00:00:00,180.385,180.956,180.332,180.541,48998
2025-11-26 04:00:00,180.541,180.973,180.344,180.944,61392
2025-11-26 08:00:00,180.944,181.262,180.907,181.048,77567
2025-11-26 12:00:00,181.048,181.248,180.929,180.984,107542
2025-11-26 16:00:00,180.984,181.465,180.901,181.313,99426
2025-11-26 20:00:00,181.319,181.442,181.268,181.426,35016
2025-11-27 00:00:00,181.243,181.418,180.75,181.165,42200
2025-11-27 04:00:00,181.165,181.339,180.799,180.975,44623
2025-11-27 08:00:00,180.975,181.27,180.923,181.021,63368
2025-11-27 12:00:00,181.021,181.236,180.961,181.19,52929
2025-11-27 16:00:00,181.19,181.308,181.136,181.265,43443
2025-11-27 20:00:00,181.265,181.303,181.198,181.241,15488
2025-11-28 00:00:00,181.157,181.522,181.123,181.13,42391
2025-11-28 04:00:00,181.132,181.285,180.688,181.196,220946
2025-11-28 08:00:00,181.193,181.27,180.791,180.817,251436
2025-11-28 12:00:00,180.855,180.909,180.513,180.59,189567
2025-11-28 16:00:00,180.59,181.246,180.572,181.245,109170
2025-11-28 20:00:00,181.245,181.27,180.981,181.057,57904
2025-12-01 00:00:00,180.936,181.17,180.538,180.617,88154
2025-12-01 04:00:00,180.616,180.639,180.186,180.457,71209
2025-12-01 08:00:00,180.457,180.646,180.278,180.472,112653
2025-12-01 12:00:00,180.472,180.639,180.129,180.306,121364
2025-12-01 16:00:00,180.306,180.597,180.168,180.523,139764
2025-12-01 20:00:00,180.523,180.602,180.445,180.508,48812
2025-12-02 00:00:00,180.431,180.781,180.32,180.67,42383
2025-12-02 04:00:00,180.669,180.779,180.628,180.707,39362
2025-12-02 08:00:00,180.707,181.187,180.702,181.071,85894
2025-12-02 12:00:00,181.071,181.294,180.971,181.205,91928
2025-12-02 16:00:00,181.205,181.359,180.753,181.003,132348
2025-12-02 20:00:00,181.003,181.204,180.976,181.182,57654
2025-12-03 00:00:00,181.061,181.245,180.975,181.136,38695
2025-12-03 04:00:00,181.136,181.289,181.114,181.269,37085
2025-12-03 08:00:00,181.269,181.322,181.103,181.223,81792
2025-12-03 12:00:00,181.224,181.457,181.167,181.394,97322
2025-12-03 16:00:00,181.393,181.419,180.791,181.009,140624
2025-12-03 20:00:00,181.011,181.18,181.0,181.172,41980
2025-12-04 00:00:00,181.146,181.198,180.815,181.086,42144
2025-12-04 04:00:00,181.085,181.293,180.955,180.987,54004
2025-12-04 08:00:00,180.987,181.156,180.701,180.776,88264
2025-12-04 12:00:00,180.776,180.826,180.394,180.57,62942
2025-12-04 16:00:00,180.569,180.672,180.396,180.588,82819
2025-12-04 20:00:00,180.589,180.664,180.53,180.642,40868
2025-12-05 00:00:00,180.543,180.774,180.444,180.647,29665
2025-12-05 04:00:00,180.647,180.73,180.167,180.25,31528
2025-12-05 08:00:00,180.251,180.556,180.088,180.542,60655
2025-12-05 12:00:00,180.542,180.846,180.535,180.826,61652
2025-12-05 16:00:00,180.825,180.926,180.652,180.816,93771
2025-12-05 20:00:00,180.816,180.883,180.756,180.86,33960
2025-12-08 00:00:00,180.491,180.879,180.485,180.507,58532
2025-12-08 04:00:00,180.507,180.971,180.492,180.898,47210
2025-12-08 08:00:00,180.898,181.212,180.888,181.111,89827
2025-12-08 12:00:00,181.111,181.339,181.067,181.281,71741
2025-12-08 16:00:00,181.281,181.436,181.07,181.279,93006
2025-12-08 20:00:00,181.272,181.494,181.229,181.456,38067
2025-12-09 00:00:00,181.315,181.592,181.256,181.458,29874
2025-12-09 04:00:00,181.458,181.779,181.408,181.731,27750
2025-12-09 08:00:00,181.73,182.146,181.615,181.872,61635
2025-12-09 12:00:00,181.873,182.02,181.661,181.897,51643
2025-12-09 16:00:00,181.897,182.643,181.877,182.398,78232
2025-12-09 20:00:00,182.398,182.493,182.28,182.41,34934
2025-12-10 00:00:00,182.237,182.449,182.111,182.149,28151
2025-12-10 04:00:00,182.148,182.254,182.0,182.238,26407
2025-12-10 08:00:00,182.244,182.618,182.238,182.476,56769
2025-12-10 12:00:00,182.477,182.499,182.179,182.223,63719
2025-12-10 16:00:00,182.223,182.293,182.045,182.224,66791
2025-12-10 20:00:00,182.225,182.556,182.01,182.499,87670
2025-12-11 00:00:00,182.125,182.504,182.029,182.212,34197
2025-12-11 04:00:00,182.212,182.394,181.928,182.365,32464
2025-12-11 08:00:00,182.364,182.554,182.275,182.391,49957
2025-12-11 12:00:00,182.392,182.543,182.13,182.158,56766
2025-12-11 16:00:00,182.158,182.573,181.868,182.479,79609
2025-12-11 20:00:00,182.478,182.748,182.475,182.604,53983
2025-12-12 00:00:00,182.601,182.855,182.496,182.676,46183
2025-12-12 04:00:00,182.676,182.819,182.635,182.814,36042
2025-12-12 08:00:00,182.814,182.944,182.593,182.9,69808
2025-12-12 12:00:00,182.9,183.009,182.678,183.001,67260
2025-12-12 16:00:00,183.0,183.157,182.673,183.002,115575
2025-12-12 20:00:00,183.002,183.052,182.896,182.937,39830
2025-12-15 00:00:00,182.742,183.009,182.695,182.712,46714
2025-12-15 04:00:00,182.711,182.751,181.917,181.917,64634
2025-12-15 08:00:00,181.917,182.19,181.832,181.978,86930
2025-12-15 12:00:00,181.978,182.337,181.941,182.266,79944
2025-12-15 16:00:00,182.266,182.614,182.078,182.416,135399
2025-12-15 20:00:00,182.416,182.458,182.343,182.407,48026
2025-12-16 00:00:00,182.312,182.458,181.924,181.987,61619
2025-12-16 04:00:00,181.987,182.087,181.774,181.947,66380
2025-12-16 08:00:00,181.947,182.16,181.914,182.015,92500
2025-12-16 12:00:00,182.014,182.309,181.889,182.182,130631
2025-12-16 16:00:00,182.183,182.475,181.954,181.962,187372
2025-12-16 20:00:00,181.961,181.988,181.708,181.799,77338
2025-12-17 00:00:00,181.714,181.907,181.565,181.695,56979
2025-12-17 04:00:00,181.695,182.005,181.694,181.978,70205
2025-12-17 08:00:00,181.979,182.258,181.884,182.21,108177
2025-12-17 12:00:00,182.21,182.427,182.106,182.355,108653
2025-12-17 16:00:00,182.354,182.843,182.298,182.738,138152
2025-12-17 20:00:00,182.738,182.876,182.698,182.795,54206
2025-12-18 00:00:00,182.617,182.852,182.511,182.848,47331
2025-12-18 04:00:00,182.843,183.095,182.756,183.015,54146
2025-12-18 08:00:00,183.015,183.17,182.637,182.784,89444
2025-12-18 12:00:00,182.783,182.844,182.3,182.774,120680
2025-12-18 16:00:00,182.774,182.775,182.278,182.386,180971
2025-12-18 20:00:00,182.386,182.493,182.304,182.396,60748
2025-12-19 00:00:00,182.148,182.687,182.081,182.595,59550
2025-12-19 04:00:00,182.594,183.001,182.418,182.826,103144
2025-12-19 08:00:00,182.826,184.129,182.664,184.114,158125
2025-12-19 12:00:00,184.114,184.375,184.054,184.369,121533
2025-12-19 16:00:00,184.368,184.684,184.103,184.505,144372
2025-12-19 20:00:00,184.505,184.756,184.495,184.709,58517
2025-12-22 00:00:00,184.486,184.692,184.254,184.3,90076
2025-12-22 04:00:00,184.299,184.488,184.232,184.384,55885
2025-12-22 08:00:00,184.384,184.923,184.286,184.689,80074
2025-12-22 12:00:00,184.69,184.823,184.289,184.702,98665
2025-12-22 16:00:00,184.698,184.78,184.316,184.424,110871
2025-12-22 20:00:00,184.423,184.712,184.392,184.696,45403
2025-12-23 00:00:00,184.408,184.654,184.131,184.155,50624
2025-12-23 04:00:00,184.155,184.23,183.586,183.651,63037
2025-12-23 08:00:00,183.651,183.908,183.43,183.877,96863
2025-12-23 12:00:00,183.877,184.098,183.827,184.035,99373
2025-12-23 16:00:00,184.034,184.231,183.842,183.919,121095
2025-12-23 20:00:00,183.92,184.265,183.917,184.217,47106
2025-12-24 00:00:00,184.03,184.273,183.619,183.692,66854
2025-12-24 04:00:00,183.691,183.883,183.598,183.763,58118
2025-12-24 08:00:00,183.762,183.824,183.561,183.811,86016
2025-12-24 12:00:00,183.812,183.914,183.721,183.794,91870
2025-12-24 16:00:00,183.794,183.82,183.288,183.605,111399
2025-12-24 20:00:00,183.605,183.691,183.433,183.463,50780
2025-12-26 00:00:00,183.574,184.434,183.47,184.212,88986
2025-12-26 04:00:00,184.212,184.285,183.82,184.106,69451
2025-12-26 08:00:00,184.106,184.201,183.922,184.161,84277
2025-12-26 12:00:00,184.16,184.391,184.118,184.328,79544
2025-12-26 16:00:00,184.328,184.41,184.175,184.284,122979
2025-12-26 20:00:00,184.285,184.382,184.173,184.293,61369
2025-12-29 00:00:00,184.209,184.372,183.798,184.252,95842
2025-12-29 04:00:00,184.252,184.418,183.768,183.809,92788
2025-12-29 08:00:00,183.81,184.258,183.734,184.152,116936
2025-12-29 12:00:00,184.153,184.188,183.858,183.932,103792
2025-12-29 16:00:00,183.932,184.16,183.462,183.599,123750
2025-12-29 20:00:00,183.599,183.802,183.593,183.784,47784
2025-12-30 00:00:00,183.529,184.091,183.468,183.982,51528
2025-12-30 04:00:00,183.982,184.089,183.742,183.775,46853
2025-12-30 08:00:00,183.775,183.877,183.455,183.531,75407
2025-12-30 12:00:00,183.531,183.83,183.412,183.772,87064
2025-12-30 16:00:00,183.773,183.979,183.629,183.822,107546
2025-12-30 20:00:00,183.822,183.897,183.745,183.783,48646
2025-12-31 00:00:00,183.556,183.794,183.511,183.693,30688
2025-12-31 04:00:00,183.693,183.834,183.666,183.821,41835
2025-12-31 08:00:00,183.82,183.884,183.529,183.804,69161
2025-12-31 12:00:00,183.805,184.181,183.747,184.129,92704
2025-12-31 16:00:00,184.127,184.245,183.929,184.056,143583
2025-12-31 20:00:00,184.057,184.176,183.985,184.051,61922
2026-01-02 00:00:00,183.933,184.294,183.92,184.218,38038
2026-01-02 04:00:00,184.219,184.428,184.144,184.389,36046
2026-01-02 08:00:00,184.389,184.422,183.886,183.925,80182
2026-01-02 12:00:00,183.926,184.104,183.708,183.914,78854
2026-01-02 16:00:00,183.916,184.046,183.813,183.902,117876
2026-01-02 20:00:00,183.902,183.954,183.781,183.836,60561
2026-01-05 00:00:00,183.663,184.059,183.486,183.709,89265
2026-01-05 04:00:00,183.709,183.778,183.462,183.673,85690
2026-01-05 08:00:00,183.673,183.716,183.138,183.322,108310
2026-01-05 12:00:00,183.322,183.342,182.808,183.086,114092
2026-01-05 16:00:00,183.086,183.322,182.979,183.134,135219
2026-01-05 20:00:00,183.134,183.367,183.034,183.31,52183
2026-01-06 00:00:00,183.249,183.649,183.116,183.439,53325
2026-01-06 04:00:00,183.439,183.564,183.335,183.468,58158
2026-01-06 08:00:00,183.469,183.615,183.054,183.162,93686
2026-01-06 12:00:00,183.162,183.262,183.008,183.126,58395
2026-01-06 16:00:00,183.125,183.351,183.008,183.338,65238
2026-01-06 20:00:00,183.338,183.386,183.033,183.115,30350
2026-01-07 00:00:00,182.992,183.355,182.941,183.295,25372
2026-01-07 04:00:00,183.295,183.374,182.848,182.864,27882
2026-01-07 08:00:00,182.862,182.961,182.709,182.787,41676
2026-01-07 12:00:00,182.787,183.038,182.755,182.869,42407
2026-01-07 16:00:00,182.87,183.231,182.772,183.056,64896
2026-01-07 20:00:00,183.055,183.154,183.021,183.032,23804
2026-01-08 00:00:00,182.957,183.219,182.884,183.202,21710
2026-01-08 04:00:00,183.202,183.248,182.961,183.038,23721
2026-01-08 08:00:00,183.038,183.04,182.709,183.024,43577
2026-01-08 12:00:00,183.024,183.109,182.902,183.072,37586
2026-01-08 16:00:00,183.072,183.247,182.626,182.698,61593
2026-01-08 20:00:00,182.698,182.936,182.673,182.908,29134
2026-01-09 00:00:00,182.599,183.125,182.531,183.085,23322
2026-01-09 04:00:00,183.085,183.38,183.07,183.361,26079
2026-01-09 08:00:00,183.361,183.673,183.326,183.601,41403
2026-01-09 12:00:00,183.602,183.656,183.283,183.406,50596
2026-01-09 16:00:00,183.407,183.951,183.363,183.848,101241
2026-01-09 20:00:00,183.848,183.873,183.653,183.705,25800
2026-01-12 00:00:00,183.75,183.95,183.694,183.866,67185
2026-01-12 04:00:00,183.866,184.455,183.857,184.371,55149
2026-01-12 08:00:00,184.371,184.552,184.202,184.44,83362
2026-01-12 12:00:00,184.44,184.561,184.329,184.558,79751
2026-01-12 16:00:00,184.558,184.66,184.338,184.462,101650
2026-01-12 20:00:00,184.462,184.595,184.405,184.505,34883
2026-01-13 00:00:00,184.464,184.788,184.247,184.768,52138
2026-01-13 04:00:00,184.768,185.286,184.607,185.189,57451
2026-01-13 08:00:00,185.189,185.537,185.064,185.454,75668
2026-01-13 12:00:00,185.455,185.529,184.981,185.382,89553
2026-01-13 16:00:00,185.384,185.454,185.114,185.194,128121
2026-01-13 20:00:00,185.194,185.38,185.153,185.332,39315
2026-01-14 00:00:00,185.168,185.568,185.132,185.433,41956
2026-01-14 04:00:00,185.433,185.503,185.264,185.494,41846
2026-01-14 08:00:00,185.494,185.569,184.809,184.984,85572
2026-01-14 12:00:00,184.985,185.02,184.252,184.766,108010
2026-01-14 16:00:00,184.766,184.843,184.283,184.366,129775
2026-01-14 20:00:00,184.365,184.68,184.295,184.556,53328
2026-01-15 00:00:00,184.468,184.614,184.168,184.297,51723
2026-01-15 04:00:00,184.297,184.619,184.267,184.34,51624
2026-01-15 08:00:00,184.339,184.636,184.193,184.302,88864
2026-01-15 12:00:00,184.301,184.484,184.182,184.259,80789
2026-01-15 16:00:00,184.26,184.305,183.861,184.012,88191
2026-01-15 20:00:00,184.011,184.191,184.004,184.174,41900
2026-01-16 00:00:00,183.999,184.198,183.886,184.084,32372
2026-01-16 04:00:00,184.084,184.114,183.439,183.822,50080
2026-01-16 08:00:00,183.823,183.916,183.49,183.633,66444
2026-01-16 12:00:00,183.632,183.806,183.499,183.598,66780
2026-01-16 16:00:00,183.596,183.657,183.201,183.371,97215
2026-01-16 20:00:00,183.371,183.446,183.309,183.372,35405
2026-01-19 00:00:00,182.805,183.368,182.613,183.269,89270
2026-01-19 04:00:00,183.268,183.718,183.268,183.596,63109
2026-01-19 08:00:00,183.6,183.843,183.488,183.565,102384
2026-01-19 12:00:00,183.566,183.809,183.481,183.685,68300
2026-01-19 16:00:00,183.685,184.14,183.633,184.04,54659
2026-01-19 20:00:00,184.04,184.153,184.035,184.14,14550
2026-01-20 00:00:00,183.873,184.193,183.765,183.906,38019
2026-01-20 04:00:00,183.906,184.438,183.862,184.401,43524
2026-01-20 08:00:00,184.397,185.204,184.388,184.946,108413
2026-01-20 12:00:00,184.946,185.394,184.938,185.193,95449
2026-01-20 16:00:00,185.193,185.425,184.947,185.306,85413
2026-01-20 20:00:00,185.306,185.465,185.288,185.432,37856
2026-01-21 00:00:00,185.306,185.538,185.209,185.269,34095
2026-01-21 04:00:00,185.269,185.411,185.084,185.373,35775
2026-01-21 08:00:00,185.374,185.441,184.816,184.917,53713
2026-01-21 12:00:00,184.917,185.381,184.898,185.347,57298
2026-01-21 16:00:00,185.346,185.438,185.013,185.068,106302
2026-01-21 20:00:00,185.072,185.202,184.988,185.02,63590
2026-01-22 00:00:00,184.936,185.121,184.806,185.09,35536
2026-01-22 04:00:00,185.089,185.576,185.065,185.512,34431
2026-01-22 08:00:00,185.512,185.767,185.451,185.554,53985
2026-01-22 12:00:00,185.554,186.008,185.466,185.891,59848
2026-01-22 16:00:00,185.893,186.012,185.701,185.949,80559
2026-01-22 20:00:00,185.949,186.22,185.909,186.216,43146
2026-01-23 00:00:00,186.018,186.424,185.966,186.388,33636
2026-01-23 04:00:00,186.388,186.452,186.158,186.399,38684
2026-01-23 08:00:00,186.398,186.875,184.659,185.401,110902
2026-01-23 12:00:00,185.405,185.818,185.381,185.709,65996
2026-01-23 16:00:00,185.707,185.992,184.187,184.408,117385
2026-01-23 20:00:00,184.408,184.539,183.77,184.23,90313
2026-01-26 00:00:00,183.629,184.105,183.049,183.113,123682
2026-01-26 04:00:00,183.114,183.17,182.543,182.845,117699
2026-01-26 08:00:00,182.844,183.013,181.912,182.306,162525
2026-01-26 12:00:00,182.305,182.751,181.788,182.645,140853
2026-01-26 16:00:00,182.645,183.102,182.494,182.901,140359
2026-01-26 20:00:00,182.902,183.2,182.827,183.186,79887
2026-01-27 00:00:00,182.948,183.381,182.939,183.337,57009
2026-01-27 04:00:00,183.337,183.6,183.271,183.498,67834
2026-01-27 08:00:00,183.498,183.687,182.065,182.774,109526
2026-01-27 12:00:00,182.774,183.136,182.515,182.723,178606
2026-01-27 16:00:00,182.721,183.433,182.658,183.01,220261
2026-01-27 20:00:00,183.01,183.785,182.805,183.329,146686
2026-01-28 00:00:00,183.247,183.564,183.105,183.473,88111
2026-01-28 04:00:00,183.473,183.532,182.76,183.105,77447
2026-01-28 08:00:00,183.105,183.246,182.797,183.046,135461
2026-01-28 12:00:00,183.046,183.063,182.568,182.771,125336
2026-01-28 16:00:00,182.77,183.573,182.692,183.328,199633
2026-01-28 20:00:00,183.328,183.529,183.115,183.367,129705
2026-01-29 00:00:00,183.309,183.484,183.079,183.313,86487
2026-01-29 04:00:00,183.313,183.522,183.154,183.331,82706
2026-01-29 08:00:00,183.331,183.737,183.22,183.295,124594
2026-01-29 12:00:00,183.295,183.475,183.15,183.325,125198
2026-01-29 16:00:00,183.326,183.389,182.076,182.797,266189
2026-01-29 20:00:00,182.797,183.311,182.783,183.26,121068
2026-01-30 00:00:00,182.951,183.416,182.903,183.223,126045
2026-01-30 04:00:00,183.224,183.712,183.031,183.547,162038
2026-01-30 08:00:00,183.547,183.817,183.351,183.723,166443
2026-01-30 12:00:00,183.723,183.956,183.514,183.881,166968
2026-01-30 16:00:00,183.881,184.073,183.229,183.354,220497
2026-01-30 20:00:00,183.354,183.534,183.263,183.422,133618
2026-02-02 00:00:00,183.466,184.282,183.453,184.037,123794
2026-02-02 04:00:00,184.038,184.093,183.439,183.55,107217
2026-02-02 08:00:00,183.55,183.909,183.187,183.591,151011
2026-02-02 12:00:00,183.591,183.785,183.467,183.49,129602
2026-02-02 16:00:00,183.49,183.755,183.362,183.499,180358
2026-02-02 20:00:00,183.498,183.542,183.334,183.463,66647
2026-02-03 00:00:00,183.44,183.734,183.28,183.671,67287
2026-02-03 04:00:00,183.671,183.682,183.461,183.545,77552
2026-02-03 08:00:00,183.544,183.888,183.482,183.81,126668
2026-02-03 12:00:00,183.81,183.955,183.734,183.88,88002
2026-02-03 16:00:00,183.88,184.089,183.72,184.002,120245
2026-02-03 20:00:00,184.001,184.196,183.785,184.15,66630
2026-02-04 00:00:00,183.86,184.74,183.84,184.641,52753
2026-02-04 04:00:00,184.641,185.06,184.635,184.942,55117
2026-02-04 08:00:00,184.942,185.165,184.877,185.032,76543
2026-02-04 12:00:00,185.032,185.237,184.977,184.992,85322
2026-02-04 16:00:00,184.992,185.016,184.672,184.828,133269
2026-02-04 20:00:00,184.828,185.274,184.794,185.21,68386
2026-02-05 00:00:00,184.894,185.277,184.894,185.157,34801
2026-02-05 04:00:00,185.157,185.214,184.692,185.07,54031
2026-02-05 08:00:00,185.071,185.505,184.888,185.321,76253
2026-02-05 12:00:00,185.32,185.429,184.861,184.957,107908
2026-02-05 16:00:00,184.956,185.273,184.549,185.047,140013
2026-02-05 20:00:00,185.048,185.12,184.919,184.923,49177
2026-02-06 00:00:00,184.768,185.016,184.353,184.629,53056
2026-02-06 04:00:00,184.631,184.955,184.611,184.95,34377
2026-02-06 08:00:00,184.95,185.282,184.752,185.187,49705
2026-02-06 12:00:00,185.189,185.412,185.028,185.337,42820
2026-02-06 16:00:00,185.338,185.644,185.291,185.602,62448
2026-02-06 20:00:00,185.601,185.799,185.585,185.765,24111
2026-02-09 00:00:00,185.956,186.237,184.85,185.222,117351
2026-02-09 04:00:00,185.222,185.535,185.216,185.328,100884
2026-02-09 08:00:00,185.329,185.916,185.178,185.818,143627
2026-02-09 12:00:00,185.818,185.942,185.605,185.618,152237
2026-02-09 16:00:00,185.618,185.844,185.309,185.74,95662
2026-02-09 20:00:00,185.74,185.857,185.55,185.719,45397
2026-02-10 00:00:00,185.467,185.997,185.375,185.415,51438
2026-02-10 04:00:00,185.415,185.563,184.667,184.927,59352
2026-02-10 08:00:00,184.927,185.328,184.856,185.014,71625
2026-02-10 12:00:00,185.021,185.036,184.182,184.254,80019
2026-02-10 16:00:00,184.254,184.306,183.442,183.65,106003
2026-02-10 20:00:00,183.65,183.799,183.538,183.695,40548
2026-02-11 00:00:00,183.504,183.699,183.071,183.199,42088
2026-02-11 04:00:00,183.2,183.226,182.325,182.399,50286
2026-02-11 08:00:00,182.399,182.738,182.209,182.589,68541
2026-02-11 12:00:00,182.588,183.006,181.452,182.48,103527
2026-02-11 16:00:00,182.48,182.634,181.429,181.646,198171
2026-02-11 20:00:00,181.648,181.988,181.331,181.961,92288
2026-02-12 00:00:00,181.745,182.133,181.511,181.595,63208
2026-02-12 04:00:00,181.603,181.682,180.843,181.644,83454
2026-02-12 08:00:00,181.643,182.011,181.482,181.76,106627
2026-02-12 12:00:00,181.76,182.538,181.666,182.148,94447
2026-02-12 16:00:00,182.148,182.219,180.799,181.36,184015
2026-02-12 20:00:00,181.36,181.529,181.205,181.322,101179
2026-02-13 00:00:00,181.199,181.939,181.094,181.877,77407
2026-02-13 04:00:00,181.877,181.929,181.377,181.796,63419
2026-02-13 08:00:00,181.796,182.283,181.597,182.054,92133
2026-02-13 12:00:00,182.054,182.145,181.595,181.753,98641
2026-02-13 16:00:00,181.755,181.782,181.23,181.452,135322
2026-02-13 20:00:00,181.452,181.576,181.211,181.231,53307
2026-02-16 00:00:00,181.19,181.66,181.017,181.558,57335
2026-02-16 04:00:00,181.558,181.79,181.523,181.767,48597
2026-02-16 08:00:00,181.767,182.254,181.69,182.192,75652
2026-02-16 12:00:00,182.192,182.295,181.689,181.775,67072
2026-02-16 16:00:00,181.775,182.008,181.727,181.831,61285
2026-02-16 20:00:00,181.831,181.977,181.826,181.931,15967
2026-02-17 00:00:00,181.727,182.178,181.356,181.397,65272
2026-02-17 04:00:00,181.397,181.516,181.015,181.113,77535
2026-02-17 08:00:00,181.114,181.246,180.811,181.14,93002
2026-02-17 12:00:00,181.14,181.33,181.0,181.203,98386
2026-02-17 16:00:00,181.203,181.788,181.191,181.696,166855
2026-02-17 20:00:00,181.696,181.745,181.514,181.693,60330
2026-02-18 00:00:00,181.577,181.782,181.406,181.776,46779
2026-02-18 04:00:00,181.776,182.006,181.76,181.783,42647
2026-02-18 08:00:00,181.783,181.977,181.679,181.952,71540
2026-02-18 12:00:00,181.952,182.106,181.823,182.016,75542
2026-02-18 16:00:00,182.017,182.545,182.002,182.439,117629
2026-02-18 20:00:00,182.439,182.517,182.005,182.434,70938
2026-02-19 00:00:00,182.362,182.815,182.205,182.769,46038
2026-02-19 04:00:00,182.769,183.144,182.529,183.133,61172
2026-02-19 08:00:00,183.133,183.156,182.587,182.681,87637
2026-02-19 12:00:00,182.681,182.707,182.01,182.269,98718
2026-02-19 16:00:00,182.269,182.606,182.178,182.397,139600
2026-02-19 20:00:00,182.397,182.583,182.241,182.487,46183
2026-02-20 00:00:00,182.265,182.695,182.241,182.44,43531
2026-02-20 04:00:00,182.44,182.579,182.31,182.561,42235
2026-02-20 08:00:00,182.56,183.045,182.214,182.855,71275
2026-02-20 12:00:00,182.855,182.937,182.475,182.925,76415
2026-02-20 16:00:00,182.925,183.113,182.465,182.591,170422
2026-02-20 20:00:00,182.592,182.814,182.586,182.722,69914
2026-02-23 00:00:00,182.563,182.762,182.169,182.379,92644
2026-02-23 04:00:00,182.377,182.563,182.256,182.545,69531
2026-02-23 08:00:00,182.545,182.811,182.442,182.692,93681
2026-02-23 12:00:00,182.692,182.751,182.336,182.391,88043
2026-02-23 16:00:00,182.391,182.622,181.972,182.158,107739
2026-02-23 20:00:00,182.159,182.433,182.148,182.345,46395
2026-02-24 00:00:00,182.14,182.686,182.057,182.585,66332
2026-02-24 04:00:00,182.584,182.84,182.485,182.785,76221
2026-02-24 08:00:00,182.785,184.185,182.516,183.718,126979
2026-02-24 12:00:00,183.719,183.766,183.417,183.707,92289
2026-02-24 16:00:00,183.708,183.799,183.405,183.566,119650
2026-02-24 20:00:00,183.565,183.601,183.457,183.554,55410
2026-02-25 00:00:00,183.495,183.677,183.309,183.468,58164
2026-02-25 04:00:00,183.468,183.953,183.185,183.618,103900
2026-02-25 08:00:00,183.618,184.678,183.549,184.528,109563
2026-02-25 12:00:00,184.529,184.764,184.448,184.482,99821
2026-02-25 16:00:00,184.484,184.678,184.382,184.577,117273
2026-02-25 20:00:00,184.577,184.769,184.543,184.686,38626
2026-02-26 00:00:00,184.555,184.694,184.273,184.306,54368
2026-02-26 04:00:00,184.306,184.429,184.073,184.319,56869
2026-02-26 08:00:00,184.319,184.489,184.0,184.116,78191
2026-02-26 12:00:00,184.117,184.421,183.955,184.377,67377
2026-02-26 16:00:00,184.377,184.424,183.818,184.165,131734
2026-02-26 20:00:00,184.166,184.318,184.102,184.185,53653
2026-02-27 00:00:00,184.125,184.196,183.697,183.907,64796
2026-02-27 04:00:00,183.907,184.017,183.715,184.006,52606
2026-02-27 08:00:00,184.006,184.474,183.949,184.087,80455
2026-02-27 12:00:00,184.087,184.205,183.924,184.167,80420
2026-02-27 16:00:00,184.167,184.548,184.124,184.4,127145
2026-02-27 20:00:00,184.4,184.537,184.288,184.419,52901
2026-03-02 00:00:00,183.638,184.447,183.558,184.205,121174
2026-03-02 04:00:00,184.205,184.687,184.12,184.519,88095
2026-03-02 08:00:00,184.518,184.55,183.731,184.214,158432
2026-03-02 12:00:00,184.214,184.465,184.037,184.26,129276
2026-03-02 16:00:00,184.26,184.619,183.86,184.208,176594
2026-03-02 20:00:00,184.208,184.216,183.845,183.936,84626
2026-03-03 00:00:00,183.9,184.333,183.777,183.971,68268
2026-03-03 04:00:00,183.973,184.054,183.592,183.63,90056
2026-03-03 08:00:00,183.63,183.705,182.862,182.979,153194
2026-03-03 12:00:00,182.979,183.182,182.792,182.901,168175
2026-03-03 16:00:00,182.9,183.069,182.022,182.94,238314
2026-03-03 20:00:00,182.94,183.203,182.934,183.149,118295
2026-03-04 00:00:00,182.72,183.231,182.557,182.708,89235
2026-03-04 04:00:00,182.709,182.839,182.369,182.705,100118
2026-03-04 08:00:00,182.705,182.98,182.451,182.475,129115
2026-03-04 12:00:00,182.475,183.13,182.459,182.946,157278
2026-03-04 16:00:00,182.948,183.074,182.473,182.607,160521
2026-03-04 20:00:00,182.606,182.883,182.582,182.733,52544
2026-03-05 00:00:00,182.588,182.785,182.166,182.288,69228
2026-03-05 04:00:00,182.288,182.498,182.218,182.259,100400
2026-03-05 08:00:00,182.259,182.724,182.095,182.645,168642
2026-03-05 12:00:00,182.645,183.092,182.55,182.965,134428
2026-03-05 16:00:00,182.965,183.021,182.354,182.722,193441
2026-03-05 20:00:00,182.722,182.891,182.564,182.88,115539
2026-03-06 00:00:00,182.803,182.983,182.696,182.916,65908
2026-03-06 04:00:00,182.915,183.251,182.906,183.204,63479
2026-03-06 08:00:00,183.205,183.267,182.681,182.696,105172
2026-03-06 12:00:00,182.697,182.837,182.358,182.417,162470
2026-03-06 16:00:00,182.417,183.082,182.367,182.984,237280
2026-03-06 20:00:00,182.984,183.383,182.978,183.279,103148
2026-03-09 00:00:00,182.537,182.842,182.399,182.711,121194
2026-03-09 04:00:00,182.711,183.104,182.56,182.936,126286
2026-03-09 08:00:00,182.936,183.327,182.643,182.969,193740
2026-03-09 12:00:00,182.969,183.273,182.866,183.203,184354
2026-03-09 16:00:00,183.202,183.399,183.041,183.238,218688
2026-03-09 20:00:00,183.239,183.472,183.168,183.359,100945
2026-03-10 00:00:00,183.396,183.631,183.168,183.217,71657
2026-03-10 04:00:00,183.217,183.369,183.056,183.207,80763
2026-03-10 08:00:00,183.206,183.697,183.109,183.652,96847
2026-03-10 12:00:00,183.652,183.764,183.469,183.597,114199
2026-03-10 16:00:00,183.596,183.72,183.497,183.598,122751
2026-03-10 20:00:00,183.598,183.66,183.446,183.501,114237
2026-03-11 00:00:00,183.443,183.861,183.389,183.79,34091
2026-03-11 04:00:00,183.79,184.08,183.784,183.928,56605
2026-03-11 08:00:00,183.929,184.023,183.716,183.947,83232
2026-03-11 12:00:00,183.947,183.98,183.623,183.703,117030
2026-03-11 16:00:00,183.706,183.886,183.58,183.78,141585
2026-03-11 20:00:00,183.78,183.971,183.762,183.847,65557
2026-03-12 00:00:00,183.773,183.884,183.538,183.556,47649
2026-03-12 04:00:00,183.556,183.583,183.429,183.514,57440
2026-03-12 08:00:00,183.514,183.685,183.336,183.47,76578
2026-03-12 12:00:00,183.47,183.591,183.235,183.348,85925
2026-03-12 16:00:00,183.348,183.527,183.214,183.432,165261
2026-03-12 20:00:00,183.432,183.614,183.417,183.423,110476
2026-03-13 00:00:00,183.345,183.59,183.205,183.328,69306
2026-03-13 04:00:00,183.328,183.654,183.319,183.483,97083
2026-03-13 08:00:00,183.484,183.49,182.292,182.357,127150
2026-03-13 12:00:00,182.358,182.917,182.326,182.881,136922
2026-03-13 16:00:00,182.881,182.922,182.466,182.632,185585
2026-03-13 20:00:00,182.633,182.688,182.252,182.325,88422
2026-03-16 00:00:00,182.159,182.559,182.081,182.472,71445
2026-03-16 04:00:00,182.471,182.731,182.4,182.557,88509
2026-03-16 08:00:00,182.557,182.59,181.863,182.372,113198
2026-03-16 12:00:00,182.372,182.778,182.336,182.58,127493
2026-03-16 16:00:00,182.581,183.075,182.567,183.049,166178
2026-03-16 20:00:00,183.048,183.181,182.996,183.001,112871
2026-03-17 00:00:00,182.906,183.094,182.899,183.088,46019
2026-03-17 04:00:00,183.087,183.245,183.047,183.071,63147
2026-03-17 08:00:00,183.071,183.221,182.812,183.137,95534
2026-03-17 12:00:00,183.138,183.333,183.032,183.273,105968
2026-03-17 16:00:00,183.272,183.386,183.128,183.228,162650
2026-03-17 20:00:00,183.228,183.547,183.218,183.501,48101
2026-03-18 00:00:00,183.45,183.575,183.176,183.472,71368
2026-03-18 04:00:00,183.472,183.52,183.252,183.316,39795
2026-03-18 08:00:00,183.316,183.362,182.978,183.328,72205
2026-03-18 12:00:00,183.327,183.642,183.312,183.501,120212
2026-03-18 16:00:00,183.501,183.829,183.373,183.584,166477
2026-03-18 20:00:00,183.58,183.631,183.1,183.113,120745
2026-03-19 00:00:00,183.022,183.35,182.899,183.332,51727
2026-03-19 04:00:00,183.332,183.44,183.073,183.111,65600
2026-03-19 08:00:00,183.111,183.253,182.047,182.289,138907
2026-03-19 12:00:00,182.289,182.79,182.279,182.546,178624
2026-03-19 16:00:00,182.546,182.637,182.045,182.319,278562
2026-03-19 20:00:00,182.322,182.989,182.321,182.719,132069
2026-03-20 00:00:00,182.633,182.903,182.536,182.702,39571
2026-03-20 04:00:00,182.702,183.107,182.588,183.024,55921
2026-03-20 08:00:00,183.023,183.425,183.011,183.335,80260
2026-03-20 12:00:00,183.335,183.61,183.264,183.526,139080
2026-03-20 16:00:00,183.526,184.131,183.429,184.097,210474
2026-03-20 20:00:00,184.097,184.255,183.961,184.243,110617
2026-03-23 00:00:00,183.647,184.207,183.471,184.129,65820
2026-03-23 04:00:00,184.129,184.336,184.009,184.109,85387
2026-03-23 08:00:00,184.108,184.152,183.735,183.817,140949
2026-03-23 12:00:00,183.816,184.242,183.169,184.076,317829
2026-03-23 16:00:00,184.076,184.245,183.648,183.934,332112
2026-03-23 20:00:00,183.932,184.024,183.723,183.929,88615
2026-03-24 00:00:00,183.922,183.99,183.631,183.758,50404
2026-03-24 04:00:00,183.758,183.873,183.624,183.841,65106
2026-03-24 08:00:00,183.842,184.059,183.671,183.856,100448
2026-03-24 12:00:00,183.856,184.111,183.749,183.985,95093
2026-03-24 16:00:00,183.985,184.125,183.808,184.066,137591
2026-03-24 20:00:00,184.066,184.259,183.866,184.233,104670
2026-03-25 00:00:00,184.09,184.563,183.968,184.403,45080
2026-03-25 04:00:00,184.404,184.435,184.212,184.267,45243
2026-03-25 08:00:00,184.268,184.603,184.184,184.208,74238
2026-03-25 12:00:00,184.207,184.438,184.189,184.322,83996
2026-03-25 16:00:00,184.323,184.386,184.032,184.204,115037
2026-03-25 20:00:00,184.205,184.449,184.2,184.321,57471
2026-03-26 00:00:00,184.269,184.374,184.142,184.319,25571
2026-03-26 04:00:00,184.319,184.476,184.309,184.451,39280
2026-03-26 08:00:00,184.45,184.461,184.158,184.333,59227
2026-03-26 12:00:00,184.332,184.452,183.964,184.134,67817
2026-03-26 16:00:00,184.135,184.311,184.113,184.173,112184
2026-03-26 20:00:00,184.172,184.28,184.106,184.192,65363
2026-03-27 00:00:00,184.065,184.259,183.861,183.986,33778
2026-03-27 04:00:00,183.975,184.25,183.927,184.249,38454
2026-03-27 08:00:00,184.249,184.343,184.099,184.138,57955
2026-03-27 12:00:00,184.137,184.225,183.859,184.09,62901
2026-03-27 16:00:00,184.089,184.655,184.089,184.47,113924
2026-03-27 20:00:00,184.47,184.639,184.421,184.493,60564
2026-03-30 00:00:00,184.198,184.498,183.964,183.968,61737
2026-03-30 04:00:00,183.968,184.075,183.886,183.981,57229
2026-03-30 08:00:00,183.981,184.019,183.466,183.57,92698
2026-03-30 12:00:00,183.57,183.602,182.974,183.003,103625
2026-03-30 16:00:00,183.003,183.075,182.583,182.714,128687
2026-03-30 20:00:00,182.716,183.044,182.711,183.021,58986
2026-03-31 00:00:00,182.934,183.465,182.855,183.455,48539
2026-03-31 04:00:00,183.455,183.571,183.061,183.065,68813
2026-03-31 08:00:00,183.065,183.264,182.82,182.965,82671
2026-03-31 12:00:00,182.965,183.429,182.864,183.309,115929
2026-03-31 16:00:00,183.309,183.649,183.068,183.441,217223
2026-03-31 20:00:00,183.442,183.55,183.313,183.385,127352
2026-04-01 00:00:00,183.316,183.785,183.205,183.728,56623
2026-04-01 04:00:00,183.728,183.795,183.374,183.573,78699
2026-04-01 08:00:00,183.573,183.992,183.342,183.828,159266
2026-04-01 12:00:00,183.828,184.013,183.634,183.9,134253
2026-04-01 16:00:00,183.9,184.243,183.863,184.161,148884
2026-04-01 20:00:00,184.162,184.164,183.795,183.971,74133
2026-04-02 00:00:00,183.888,184.035,183.622,183.932,41757
2026-04-02 04:00:00,183.932,184.104,183.777,183.803,126389
2026-04-02 08:00:00,183.802,184.149,183.488,183.999,103225
2026-04-02 12:00:00,184.0,184.058,183.76,183.935,81444
2026-04-02 16:00:00,183.936,184.158,183.772,184.036,157473
2026-04-02 20:00:00,184.036,184.203,184.016,184.086,56184
2026-04-03 00:00:00,184.019,184.163,183.955,184.132,33534
2026-04-03 04:00:00,184.131,184.194,183.999,184.085,29625
2026-04-03 08:00:00,184.085,184.245,184.022,184.213,36502
2026-04-03 12:00:00,184.21,184.273,183.595,184.044,50858
2026-04-03 16:00:00,184.044,184.089,183.844,183.852,47766
2026-04-03 20:00:00,183.852,183.932,183.516,183.655,35850
2026-04-06 00:00:00,183.75,184.015,183.619,183.9,47663
2026-04-06 04:00:00,183.901,183.926,183.696,183.885,52891
2026-04-06 08:00:00,183.885,184.433,183.847,184.172,73795
2026-04-06 12:00:00,184.172,184.241,184.071,184.165,70912
2026-04-06 16:00:00,184.164,184.458,184.136,184.342,113305
2026-04-06 20:00:00,184.342,184.451,184.301,184.323,56230
2026-04-07 00:00:00,184.221,184.41,184.174,184.399,41048
2026-04-07 04:00:00,184.398,184.434,184.267,184.305,42208
2026-04-07 08:00:00,184.305,184.65,184.256,184.586,90852
2026-04-07 12:00:00,184.586,184.815,184.446,184.71,104935
2026-04-07 16:00:00,184.711,185.15,184.683,185.029,122737
2026-04-07 20:00:00,185.031,185.175,184.914,185.162,96826
2026-04-08 00:00:00,184.996,185.558,184.932,185.223,158066
2026-04-08 04:00:00,185.223,185.271,184.805,184.89,108203
2026-04-08 08:00:00,184.89,185.187,184.859,184.979,143139
2026-04-08 12:00:00,184.978,185.317,184.932,185.094,121094
2026-04-08 16:00:00,185.093,185.215,184.958,185.059,154625
2026-04-08 20:00:00,185.06,185.101,184.863,184.914,97834
2026-04-09 00:00:00,184.804,185.19,184.789,185.177,38557
2026-04-09 04:00:00,185.177,185.243,185.096,185.188,47726
2026-04-09 08:00:00,185.188,185.614,185.131,185.586,72166
2026-04-09 12:00:00,185.587,185.876,185.565,185.803,76800
2026-04-09 16:00:00,185.803,186.22,185.734,185.912,135186
2026-04-09 20:00:00,185.911,186.229,185.902,186.018,66896
2026-04-10 00:00:00,185.82,186.112,185.82,186.049,31664
2026-04-10 04:00:00,186.05,186.168,185.937,186.118,37176
2026-04-10 08:00:00,186.116,186.206,186.055,186.174,53325
2026-04-10 12:00:00,186.171,186.551,186.085,186.536,79205
2026-04-10 16:00:00,186.537,186.788,186.513,186.662,97261
2026-04-10 20:00:00,186.662,186.881,186.661,186.844,42442
2026-04-13 00:00:00,186.11,186.778,186.016,186.654,57267
2026-04-13 04:00:00,186.654,186.726,186.572,186.648,44556
2026-04-13 08:00:00,186.657,186.786,186.471,186.629,78457
2026-04-13 12:00:00,186.632,186.875,186.592,186.872,76941
2026-04-13 16:00:00,186.872,187.112,186.725,187.041,135707
2026-04-13 20:00:00,187.041,187.512,186.984,187.488,76397
2026-04-14 00:00:00,187.393,187.526,187.248,187.278,33818
2026-04-14 04:00:00,187.278,187.347,187.116,187.121,38263
2026-04-14 08:00:00,187.122,187.534,187.075,187.418,83455
2026-04-14 12:00:00,187.417,187.524,187.222,187.352,85834
2026-04-14 16:00:00,187.352,187.467,187.18,187.33,106127
2026-04-14 20:00:00,187.33,187.376,187.185,187.318,37323
2026-04-15 00:00:00,187.263,187.414,187.17,187.307,33921
2026-04-15 04:00:00,187.309,187.454,187.286,187.42,37149
2026-04-15 08:00:00,187.422,187.494,187.094,187.168,70230
2026-04-15 12:00:00,187.172,187.594,187.097,187.553,95240
2026-04-15 16:00:00,187.552,187.638,187.318,187.485,102184
2026-04-15 20:00:00,187.486,187.695,187.478,187.581,45653
2026-04-16 00:00:00,187.537,187.611,187.321,187.419,26504
2026-04-16 04:00:00,187.42,187.535,187.095,187.436,54010
2026-04-16 08:00:00,187.436,187.537,187.282,187.383,79344
2026-04-16 12:00:00,187.383,187.472,187.258,187.449,73575
2026-04-16 16:00:00,187.449,187.519,187.292,187.428,116250
2026-04-16 20:00:00,187.428,187.567,187.397,187.532,45897
2026-04-17 00:00:00,187.439,187.716,187.35,187.669,23482
2026-04-17 04:00:00,187.669,187.907,187.601,187.891,33784
2026-04-17 08:00:00,187.891,187.952,187.572,187.681,71325
2026-04-17 12:00:00,187.682,187.824,187.441,187.478,96484
2026-04-17 16:00:00,187.473,187.553,186.308,186.461,199523
2026-04-17 20:00:00,186.461,186.677,186.451,186.592,81964
2026-04-20 00:00:00,186.34,187.053,186.24,186.896,45437
2026-04-20 04:00:00,186.896,186.919,186.734,186.842,34922
2026-04-20 08:00:00,186.842,187.078,186.745,186.97,84908
2026-04-20 12:00:00,186.97,187.09,186.835,186.911,72822
2026-04-20 16:00:00,186.912,187.041,186.75,186.986,123406
2026-04-20 20:00:00,186.987,187.29,186.976,187.212,52573
2026-04-21 00:00:00,186.992,187.334,186.946,187.284,33238
2026-04-21 04:00:00,187.283,187.321,187.16,187.174,29553
2026-04-21 08:00:00,187.175,187.304,186.978,187.272,72775
2026-04-21 12:00:00,187.274,187.31,187.089,187.179,67423
2026-04-21 16:00:00,187.183,187.36,187.129,187.24,99179
2026-04-21 20:00:00,187.24,187.293,187.021,187.146,104982
2026-04-22 00:00:00,187.15,187.219,186.984,187.064,32920
2026-04-22 04:00:00,187.064,187.152,187.009,187.056,31583
2026-04-22 08:00:00,187.056,187.312,186.946,187.297,70664
2026-04-22 12:00:00,187.299,187.321,186.762,186.889,46855
2026-04-22 16:00:00,186.889,186.912,186.715,186.822,61134
2026-04-22 20:00:00,186.822,186.834,186.692,186.705,42966
2026-04-23 00:00:00,186.631,186.754,186.531,186.601,39483
2026-04-23 04:00:00,186.602,186.703,186.566,186.672,52067
2026-04-23 08:00:00,186.671,186.961,186.658,186.862,66088
2026-04-23 12:00:00,186.862,186.876,186.428,186.489,93497
2026-04-23 16:00:00,186.489,186.749,186.448,186.594,102385
2026-04-23 20:00:00,186.594,186.659,186.515,186.606,105912
2026-04-24 00:00:00,186.493,186.725,186.324,186.723,31156
2026-04-24 04:00:00,186.724,186.754,186.538,186.599,42221
2026-04-24 08:00:00,186.599,186.761,186.434,186.709,63591
2026-04-24 12:00:00,186.709,186.875,186.636,186.81,86860
2026-04-24 16:00:00,186.807,186.856,186.67,186.747,112120
2026-04-24 20:00:00,186.747,186.84,186.703,186.775,50606
2026-04-27 00:00:00,186.614,186.87,186.518,186.85,37879
2026-04-27 04:00:00,186.85,186.889,186.69,186.738,79831
2026-04-27 08:00:00,186.734,187.024,186.721,186.978,96742
2026-04-27 12:00:00,186.977,187.08,186.854,187.004,86967
2026-04-27 16:00:00,187.006,187.107,186.801,186.905,114813
2026-04-27 20:00:00,186.904,186.93,186.838,186.872,57739
2026-04-28 00:00:00,186.774,186.886,186.656,186.842,30965
2026-04-28 04:00:00,186.841,186.877,186.199,186.288,60161
2026-04-28 08:00:00,186.288,186.816,186.067,186.587,74271
2026-04-28 12:00:00,186.586,186.777,186.441,186.48,45171
2026-04-28 16:00:00,186.485,186.916,186.451,186.818,48577
2026-04-28 20:00:00,186.816,186.946,186.796,186.928,25306
2026-04-29 00:00:00,186.74,186.937,186.696,186.848,13012
2026-04-29 04:00:00,186.848,186.905,186.766,186.783,22076
2026-04-29 08:00:00,186.787,186.886,186.676,186.872,32442
2026-04-29 12:00:00,186.872,187.085,186.829,187.08,39160
2026-04-29 16:00:00,187.081,187.413,186.983,187.246,53664
2026-04-29 20:00:00,187.246,187.264,186.971,187.228,45104
2026-04-30 00:00:00,187.163,187.3,187.038,187.225,24000
2026-04-30 04:00:00,187.226,187.243,187.037,187.205,38628
2026-04-30 08:00:00,187.205,187.556,186.229,186.398,52670
2026-04-30 12:00:00,186.398,186.469,182.287,183.382,182482
2026-04-30 16:00:00,183.382,183.918,182.749,183.612,165747
2026-04-30 20:00:00,183.612,183.762,183.415,183.74,72728
2026-05-01 00:00:00,183.541,184.502,183.391,184.243,46433
2026-05-01 04:00:00,184.243,184.586,184.188,184.427,53950
2026-05-01 08:00:00,184.426,184.453,182.635,183.773,113875
2026-05-01 12:00:00,183.773,184.178,183.654,184.14,85645
2026-05-01 16:00:00,184.14,184.452,183.781,184.241,129969
2026-05-01 20:00:00,184.24,184.251,183.963,184.112,63249
2026-05-04 00:00:00,184.126,184.182,183.844,184.022,38725
2026-05-04 04:00:00,184.022,184.406,182.766,183.847,97142
2026-05-04 08:00:00,183.847,184.106,183.64,183.944,87845
2026-05-04 12:00:00,183.944,184.039,183.745,184.02,122691
2026-05-04 16:00:00,184.019,184.03,183.731,183.743,155142
2026-05-04 20:00:00,183.743,183.905,183.124,183.846,85087
2026-05-05 00:00:00,183.665,183.855,183.585,183.731,24596
2026-05-05 04:00:00,183.731,183.815,183.675,183.677,41364
2026-05-05 08:00:00,183.676,183.946,183.661,183.849,84668
2026-05-05 12:00:00,183.848,184.521,183.643,184.476,103160
2026-05-05 16:00:00,184.476,184.671,184.465,184.603,54161
2026-05-05 20:00:00,184.603,184.758,184.575,184.634,40680
2026-05-06 00:00:00,184.521,184.798,184.461,184.704,48536
2026-05-06 04:00:00,184.703,185.041,182.035,183.014,109378
2026-05-06 08:00:00,183.014,183.613,182.75,183.468,134340
2026-05-06 12:00:00,183.468,183.858,183.428,183.688,155921
2026-05-06 16:00:00,183.688,183.899,183.407,183.704,134623
2026-05-06 20:00:00,183.704,183.869,183.648,183.698,70665
2026-05-07 00:00:00,183.617,183.887,183.487,183.657,42610
2026-05-07 04:00:00,183.656,183.813,183.49,183.732,68305
2026-05-07 08:00:00,183.732,184.027,183.512,184.003,98252
2026-05-07 12:00:00,184.003,184.167,183.931,183.989,86494
2026-05-07 16:00:00,183.989,184.22,183.906,184.204,116808
2026-05-07 20:00:00,184.204,184.239,184.011,184.045,110818
2026-05-08 00:00:00,183.877,184.121,183.713,184.08,39976
2026-05-08 04:00:00,184.08,184.125,183.926,184.057,58285
2026-05-08 08:00:00,184.058,184.342,184.037,184.339,74571
2026-05-08 12:00:00,184.339,184.493,184.206,184.422,79889
2026-05-08 16:00:00,184.422,184.493,184.272,184.446,102452
2026-05-08 20:00:00,184.446,184.745,184.402,184.708,51948
2026-05-11 00:00:00,183.848,184.805,183.769,184.716,40378
2026-05-11 04:00:00,184.717,184.876,184.603,184.627,46806
2026-05-11 08:00:00,184.626,185.018,184.599,184.909,59751
2026-05-11 12:00:00,184.91,184.994,184.83,184.992,62116
2026-05-11 16:00:00,184.992,185.124,184.918,185.019,76075
2026-05-11 20:00:00,185.018,185.254,185.007,185.221,39233
2026-05-12 00:00:00,185.057,185.295,184.95,185.239,24649
2026-05-12 04:00:00,185.238,185.398,185.199,185.273,45465
2026-05-12 08:00:00,185.274,185.457,184.401,185.11,90657
2026-05-12 12:00:00,185.11,185.197,184.925,185.089,72147
2026-05-12 16:00:00,185.088,185.125,184.863,185.014,92087
2026-05-12 20:00:00,185.014,185.076,184.945,185.055,43780
2026-05-13 00:00:00,184.932,185.154,184.889,185.12,20746
2026-05-13 04:00:00,185.12,185.158,184.978,185.073,36751
2026-05-13 08:00:00,185.075,185.118,184.621,184.672,51994
2026-05-13 12:00:00,184.672,184.88,184.632,184.709,63149
2026-05-13 16:00:00,184.707,184.892,184.686,184.824,72141
2026-05-13 20:00:00,184.823,184.944,184.81,184.928,39373
2026-05-14 00:00:00,184.769,184.982,184.565,184.957,21895
2026-05-14 04:00:00,184.956,185.048,184.549,184.929,42831
2026-05-14 08:00:00,184.929,185.015,184.835,184.918,57189
2026-05-14 12:00:00,184.919,184.951,184.759,184.783,55386
2026-05-14 16:00:00,184.783,184.854,184.033,184.677,95422
2026-05-14 20:00:00,184.678,184.848,184.672,184.831,42640
2026-05-15 00:00:00,184.741,184.845,184.623,184.705,34957
2026-05-15 04:00:00,184.704,184.744,184.564,184.628,51677
2026-05-15 08:00:00,184.628,184.69,184.261,184.45,81551
2026-05-15 12:00:00,184.449,184.557,184.168,184.361,86111
2026-05-15 16:00:00,184.362,184.602,184.308,184.563,94096
2026-05-15 20:00:00,184.563,184.612,184.406,184.57,51925
2026-05-18 00:00:00,184.238,184.602,184.128,184.544,44083
2026-05-18 04:00:00,184.544,184.882,184.475,184.748,74276
2026-05-18 08:00:00,184.744,184.94,184.666,184.897,80771
2026-05-18 12:00:00,184.896,185.039,184.77,184.895,94885
2026-05-18 16:00:00,184.89,185.213,184.857,185.182,112791
2026-05-18 20:00:00,185.181,185.198,184.973,185.12,78296
2026-05-19 00:00:00,185.098,185.21,184.929,185.161,31897
2026-05-19 04:00:00,185.161,185.165,184.979,185.009,50599
2026-05-19 08:00:00,185.008,185.186,184.909,184.97,71844
2026-05-19 12:00:00,184.97,184.979,184.36,184.775,89928
2026-05-19 16:00:00,184.772,184.869,184.193,184.344,138521
2026-05-19 20:00:00,184.339,184.64,184.333,184.623,64533
2026-05-20 00:00:00,184.509,184.684,184.399,184.456,35710
2026-05-20 04:00:00,184.456,184.498,184.281,184.369,66704
2026-05-20 08:00:00,184.369,184.416,184.262,184.335,79152
2026-05-20 12:00:00,184.334,184.523,184.312,184.378,68181
2026-05-20 16:00:00,184.379,184.695,184.334,184.652,157335
2026-05-20 20:00:00,184.653,184.783,184.586,184.746,75232
2026-05-21 00:00:00,184.646,184.754,184.597,184.729,32500
2026-05-21 04:00:00,184.729,184.81,184.62,184.789,52107
2026-05-21 08:00:00,184.791,184.939,184.4,184.783,96820
2026-05-21 12:00:00,184.784,184.906,184.527,184.582,97264
2026-05-21 16:00:00,184.578,184.635,184.387,184.522,122411
2026-05-21 20:00:00,184.523,184.771,184.496,184.707,101878
2026-05-22 00:00:00,184.667,184.798,184.62,184.77,26745
2026-05-22 04:00:00,184.77,184.804,184.623,184.762,35161
2026-05-22 08:00:00,184.763,184.805,184.662,184.663,20627
