time,open,high,low,close,volume
2022-03-14 04:00:00,1.09171,1.09183,1.09007,1.09112,10249
2022-03-14 08:00:00,1.09111,1.09897,1.0909200000000001,1.09824,22033
2022-03-14 12:00:00,1.09823,1.09842,1.0935,1.09427,24575
2022-03-14 16:00:00,1.09426,1.09939,1.09395,1.09751,24466
2022-03-14 20:00:00,1.0975,1.09762,1.0936,1.09421,9792
2022-03-15 00:00:00,1.09418,1.09557,1.09306,1.09547,10520
2022-03-15 04:00:00,1.09545,1.09854,1.09536,1.0983,13666
2022-03-15 08:00:00,1.09831,1.10199,1.09671,1.10055,28819
2022-03-15 12:00:00,1.10055,1.10055,1.0974,1.09973,25548
2022-03-15 16:00:00,1.09974,1.09997,1.09369,1.09384,27809
2022-03-15 20:00:00,1.09382,1.09543,1.09261,1.0949,9623
2022-03-16 00:00:00,1.0951,1.09741,1.09506,1.09671,9857
2022-03-16 04:00:00,1.0967,1.0977999999999999,1.09646,1.09774,7430
2022-03-16 08:00:00,1.0977,1.10052,1.09558,1.09868,23152
2022-03-16 12:00:00,1.09869,1.10249,1.0982,1.1,26094
2022-03-16 16:00:00,1.10002,1.10401,1.09819,1.09824,32910
2022-03-16 20:00:00,1.09822,1.10467,1.09499,1.10308,31233
2022-03-17 00:00:00,1.10308,1.10524,1.10078,1.10359,11505
2022-03-17 04:00:00,1.1036,1.10426,1.10233,1.10235,10068
2022-03-17 08:00:00,1.10234,1.1067,1.10221,1.10542,18376
2022-03-17 12:00:00,1.10541,1.10707,1.10228,1.10701,25266
2022-03-17 16:00:00,1.10703,1.11376,1.10674,1.11269,19850
2022-03-17 20:00:00,1.11267,1.11274,1.10878,1.10909,7078
2022-03-18 00:00:00,1.10916,1.11185,1.10857,1.10876,10775
2022-03-18 04:00:00,1.10877,1.10906,1.10756,1.1084100000000001,7970
2022-03-18 08:00:00,1.1084100000000001,1.10944,1.10532,1.10573,17606
2022-03-18 12:00:00,1.10574,1.10602,1.10031,1.10254,22566
2022-03-18 16:00:00,1.10253,1.10722,1.10243,1.10587,24743
2022-03-18 20:00:00,1.10586,1.10592,1.10423,1.10511,7550
2022-03-21 00:00:00,1.10505,1.10576,1.10377,1.10452,4682
2022-03-21 04:00:00,1.1045,1.10516,1.10378,1.10418,4254
2022-03-21 08:00:00,1.10419,1.10701,1.10345,1.10571,16079
2022-03-21 12:00:00,1.10571,1.10583,1.10257,1.10335,17794
2022-03-21 16:00:00,1.10336,1.10524,1.10181,1.10307,25383
2022-03-21 20:00:00,1.10306,1.10311,1.10103,1.10188,9419
2022-03-22 00:00:00,1.10176,1.1025800000000001,1.09813,1.09955,9009
2022-03-22 04:00:00,1.09957,1.10052,1.09809,1.09816,11160
2022-03-22 08:00:00,1.09816,1.10145,1.0961,1.09964,21293
2022-03-22 12:00:00,1.0996299999999999,1.10432,1.09871,1.10412,25887
2022-03-22 16:00:00,1.10414,1.10458,1.10114,1.10234,18979
2022-03-22 20:00:00,1.10233,1.10329,1.10203,1.10294,6390
2022-03-23 00:00:00,1.10279,1.1044100000000001,1.10208,1.1026,9992
2022-03-23 04:00:00,1.10259,1.10399,1.10237,1.10371,7516
2022-03-23 08:00:00,1.1037,1.10398,1.09886,1.09971,15743
2022-03-23 12:00:00,1.09972,1.1007,1.0964,1.09657,21008
2022-03-23 16:00:00,1.09659,1.10072,1.09659,1.10058,18226
2022-03-23 20:00:00,1.10059,1.10119,1.10026,1.10066,6279
2022-03-24 00:00:00,1.10052,1.1014,1.09822,1.09882,9159
2022-03-24 04:00:00,1.09886,1.09915,1.09767,1.09777,8272
2022-03-24 08:00:00,1.09776,1.10009,1.09722,1.0988,17840
2022-03-24 12:00:00,1.09879,1.10013,1.0966,1.09738,21443
2022-03-24 16:00:00,1.09737,1.10135,1.09715,1.09939,21708
2022-03-24 20:00:00,1.09938,1.10058,1.09893,1.09965,6935
2022-03-25 00:00:00,1.09968,1.10355,1.09967,1.10325,9756
2022-03-25 04:00:00,1.10323,1.10379,1.10236,1.10286,9548
2022-03-25 08:00:00,1.10285,1.10306,1.10007,1.10052,16161
2022-03-25 12:00:00,1.1005,1.10223,1.0992,1.10115,18555
2022-03-25 16:00:00,1.10116,1.10245,1.09809,1.09908,23990
2022-03-25 20:00:00,1.09907,1.09967,1.09818,1.09835,6632
2022-03-28 00:00:00,1.09849,1.0986,1.09674,1.09709,5401
2022-03-28 04:00:00,1.09708,1.09749,1.09505,1.09543,13734
2022-03-28 08:00:00,1.09542,1.09992,1.09446,1.09908,25165
2022-03-28 12:00:00,1.09907,1.09933,1.09512,1.09566,26998
2022-03-28 16:00:00,1.09567,1.09996,1.09466,1.09941,23370
2022-03-28 20:00:00,1.0994,1.09992,1.09747,1.09769,9927
2022-03-29 00:00:00,1.09819,1.09978,1.09694,1.09738,9294
2022-03-29 04:00:00,1.09737,1.09974,1.09733,1.09853,12290
2022-03-29 08:00:00,1.09853,1.10183,1.09791,1.0985,19279
2022-03-29 12:00:00,1.09849,1.1129,1.09751,1.11128,38992
2022-03-29 16:00:00,1.11129,1.11371,1.1078000000000001,1.10802,35140
2022-03-29 20:00:00,1.10803,1.10944,1.10717,1.10861,10966
2022-03-30 00:00:00,1.10864,1.10992,1.10792,1.10975,8868
2022-03-30 04:00:00,1.10976,1.11214,1.10971,1.11107,19068
2022-03-30 08:00:00,1.11108,1.11565,1.11056,1.11561,26393
2022-03-30 12:00:00,1.11562,1.1161699999999999,1.11119,1.11249,24266
2022-03-30 16:00:00,1.1125,1.11711,1.11193,1.11572,25367
2022-03-30 20:00:00,1.11569,1.11625,1.11478,1.11575,7867
2022-03-31 00:00:00,1.11579,1.11748,1.11542,1.1174,8421
2022-03-31 04:00:00,1.11741,1.11848,1.11577,1.11606,10232
2022-03-31 08:00:00,1.1160700000000001,1.11757,1.11127,1.11293,21790
2022-03-31 12:00:00,1.11294,1.11319,1.1088,1.11021,22275
2022-03-31 16:00:00,1.11023,1.11327,1.10683,1.10817,32352
2022-03-31 20:00:00,1.10816,1.10936,1.1061,1.10665,12011
2022-04-01 00:00:00,1.10669,1.10764,1.10596,1.10673,7136
2022-04-01 04:00:00,1.10674,1.10731,1.10615,1.1064,8448
2022-04-01 08:00:00,1.10641,1.10756,1.10429,1.10608,21168
2022-04-01 12:00:00,1.1060699999999999,1.10677,1.10362,1.1044,21187
2022-04-01 16:00:00,1.1044100000000001,1.10539,1.1028,1.10402,20675
2022-04-01 20:00:00,1.10403,1.10524,1.10328,1.10491,8565
2022-04-04 00:00:00,1.10315,1.10538,1.10315,1.10493,5491
2022-04-04 04:00:00,1.10491,1.10545,1.10435,1.1048,6744
2022-04-04 08:00:00,1.10481,1.1054,1.10194,1.10223,17205
2022-04-04 12:00:00,1.10222,1.1032,1.09958,1.09993,16086
2022-04-04 16:00:00,1.09994,1.10029,1.09744,1.09749,17492
2022-04-04 20:00:00,1.09751,1.09771,1.09606,1.09708,8337
2022-04-05 00:00:00,1.09708,1.09799,1.09677,1.09763,4823
2022-04-05 04:00:00,1.09763,1.0977,1.09623,1.09643,6958
2022-04-05 08:00:00,1.09645,1.09886,1.09621,1.09678,17139
2022-04-05 12:00:00,1.09676,1.09854,1.09562,1.0964,16831
2022-04-05 16:00:00,1.09644,1.09757,1.09122,1.09143,22035
2022-04-05 20:00:00,1.09142,1.09212,1.09,1.09048,8480
2022-04-06 00:00:00,1.09047,1.09083,1.08942,1.08945,4669
2022-04-06 04:00:00,1.08944,1.09034,1.08908,1.08971,9890
2022-04-06 08:00:00,1.08968,1.09269,1.08742,1.09232,20026
2022-04-06 12:00:00,1.09231,1.0937999999999999,1.08994,1.09333,19629
2022-04-06 16:00:00,1.09334,1.09373,1.09029,1.09082,19958
2022-04-06 20:00:00,1.09081,1.0929,1.08789,1.08956,23218
2022-04-07 00:00:00,1.08917,1.09122,1.08883,1.0912,6491
2022-04-07 04:00:00,1.09119,1.09159,1.09044,1.09144,8164
2022-04-07 08:00:00,1.09144,1.09341,1.08755,1.08781,17109
2022-04-07 12:00:00,1.0878,1.09268,1.08648,1.09135,23653
2022-04-07 16:00:00,1.09138,1.09385,1.08767,1.08772,24776
2022-04-07 20:00:00,1.08771,1.08923,1.08678,1.08779,11648
2022-04-08 00:00:00,1.08764,1.08823,1.08579,1.08621,8070
2022-04-08 04:00:00,1.08622,1.08698,1.08546,1.08549,8822
2022-04-08 08:00:00,1.08547,1.08792,1.08481,1.08669,16117
2022-04-08 12:00:00,1.08668,1.08918,1.08501,1.08531,15951
2022-04-08 16:00:00,1.08529,1.08815,1.08364,1.08723,19621
2022-04-08 20:00:00,1.08732,1.08852,1.0865,1.08747,8149
2022-04-11 00:00:00,1.09169,1.09219,1.08802,1.08882,7829
2022-04-11 04:00:00,1.08881,1.08947,1.08751,1.08856,9812
2022-04-11 08:00:00,1.08854,1.09195,1.08742,1.09072,17341
2022-04-11 12:00:00,1.09073,1.09333,1.08924,1.09054,13976
2022-04-11 16:00:00,1.09054,1.09063,1.08728,1.08778,17019
2022-04-11 20:00:00,1.08777,1.08947,1.08775,1.08829,9261
2022-04-12 00:00:00,1.08825,1.08873,1.0871,1.08745,6254
2022-04-12 04:00:00,1.08746,1.08832,1.0866500000000001,1.08794,8098
2022-04-12 08:00:00,1.08795,1.08821,1.08533,1.08619,17907
2022-04-12 12:00:00,1.08618,1.09037,1.08505,1.08959,20980
2022-04-12 16:00:00,1.08957,1.09033,1.08322,1.08417,31103
2022-04-12 20:00:00,1.08416,1.08449,1.08213,1.08275,12099
2022-04-13 00:00:00,1.08274,1.08313,1.08114,1.08162,4702
2022-04-13 04:00:00,1.08163,1.08408,1.08148,1.08334,8744
2022-04-13 08:00:00,1.08334,1.08448,1.08151,1.0836999999999999,14547
2022-04-13 12:00:00,1.08369,1.08479,1.08152,1.08181,18228
2022-04-13 16:00:00,1.0818,1.08943,1.08089,1.0882,23876
2022-04-13 20:00:00,1.08821,1.08924,1.08718,1.08853,10758
2022-04-14 00:00:00,1.08828,1.09,1.08733,1.0884800000000001,6034
2022-04-14 04:00:00,1.08849,1.09129,1.08828,1.09121,9493
2022-04-14 08:00:00,1.09121,1.09234,1.0903100000000001,1.09082,14684
2022-04-14 12:00:00,1.09081,1.09179,1.08437,1.08476,23772
2022-04-14 16:00:00,1.08479,1.08488,1.07575,1.08161,39877
2022-04-14 20:00:00,1.08162,1.0835,1.08089,1.08278,9776
2022-04-15 00:00:00,1.08276,1.08303,1.07976,1.08078,10580
2022-04-15 04:00:00,1.08079,1.08154,1.07963,1.08055,15889
2022-04-15 08:00:00,1.08055,1.08235,1.0802,1.0818699999999999,6643
2022-04-15 12:00:00,1.08186,1.08197,1.08048,1.08135,13115
2022-04-15 16:00:00,1.08133,1.08142,1.08053,1.08061,5718
2022-04-15 20:00:00,1.08062,1.08148,1.0804,1.08129,3913
2022-04-18 00:00:00,1.07994,1.08216,1.07935,1.08009,7583
2022-04-18 04:00:00,1.08009,1.08119,1.07896,1.07925,9932
2022-04-18 08:00:00,1.07926,1.08037,1.07832,1.07922,8104
2022-04-18 12:00:00,1.07919,1.08146,1.07895,1.0805,8821
2022-04-18 16:00:00,1.08051,1.08108,1.07699,1.07729,14185
2022-04-18 20:00:00,1.07728,1.07863,1.07715,1.07821,7071
2022-04-19 00:00:00,1.07821,1.07881,1.0773,1.07789,6818
2022-04-19 04:00:00,1.0779,1.07844,1.07612,1.07721,10877
2022-04-19 08:00:00,1.07721,1.08146,1.07666,1.08107,17262
2022-04-19 12:00:00,1.0811,1.08114,1.07847,1.0794,15378
2022-04-19 16:00:00,1.07942,1.08084,1.07819,1.07966,22970
2022-04-19 20:00:00,1.07968,1.08036,1.07824,1.07871,9733
2022-04-20 00:00:00,1.07874,1.0799,1.07837,1.07963,12561
2022-04-20 04:00:00,1.07963,1.08226,1.0784,1.08201,17957
2022-04-20 08:00:00,1.08201,1.08413,1.08058,1.08399,14747
2022-04-20 12:00:00,1.08398,1.0867,1.08208,1.0829,20138
2022-04-20 16:00:00,1.08291,1.08662,1.0822,1.08429,22560
2022-04-20 20:00:00,1.08427,1.08574,1.08398,1.08512,11316
2022-04-21 00:00:00,1.08512,1.08547,1.08312,1.08358,7268
2022-04-21 04:00:00,1.08357,1.08437,1.08237,1.08323,10194
2022-04-21 08:00:00,1.08323,1.09363,1.08318,1.09212,23156
2022-04-21 12:00:00,1.09214,1.09253,1.08745,1.08911,18493
2022-04-21 16:00:00,1.08912,1.08962,1.0833,1.08436,25640
2022-04-21 20:00:00,1.08437,1.08584,1.08307,1.08318,15814
2022-04-22 00:00:00,1.08346,1.0843,1.08318,1.08372,9946
2022-04-22 04:00:00,1.08373,1.08506,1.08308,1.08457,10699
2022-04-22 08:00:00,1.08458,1.08516,1.07903,1.0798,21078
2022-04-22 12:00:00,1.07985,1.08253,1.07922,1.08192,16415
2022-04-22 16:00:00,1.08195,1.0845,1.07708,1.07794,27472
2022-04-22 20:00:00,1.07793,1.0802100000000001,1.07784,1.07961,11691
2022-04-25 00:00:00,1.0806,1.08139,1.07959,1.08022,9343
2022-04-25 04:00:00,1.08024,1.08046,1.07724,1.07743,13420
2022-04-25 08:00:00,1.07742,1.07788,1.07068,1.07447,28790
2022-04-25 12:00:00,1.07451,1.07583,1.07198,1.07427,27854
2022-04-25 16:00:00,1.07428,1.07436,1.06968,1.07154,32604
2022-04-25 20:00:00,1.07152,1.0719,1.07047,1.07125,13540
2022-04-26 00:00:00,1.07121,1.07314,1.07067,1.07303,7463
2022-04-26 04:00:00,1.07302,1.07388,1.07206,1.07282,13557
2022-04-26 08:00:00,1.07281,1.07346,1.06729,1.06812,23314
2022-04-26 12:00:00,1.06813,1.06973,1.06693,1.06789,18521
2022-04-26 16:00:00,1.0679,1.06855,1.06419,1.06592,26219
2022-04-26 20:00:00,1.06591,1.06616,1.06359,1.0637,12259
2022-04-27 00:00:00,1.06376,1.06478,1.06348,1.06434,6797
2022-04-27 04:00:00,1.06433,1.06535,1.06338,1.06499,11500
2022-04-27 08:00:00,1.06495,1.06548,1.05854,1.05888,26267
2022-04-27 12:00:00,1.05882,1.06227,1.05453,1.05554,25013
2022-04-27 16:00:00,1.05553,1.05712,1.05146,1.05628,31482
2022-04-27 20:00:00,1.0563,1.05725,1.05536,1.05543,15058
2022-04-28 00:00:00,1.05534,1.05602,1.05308,1.05385,6344
2022-04-28 04:00:00,1.05384,1.05533,1.05088,1.05176,17308
2022-04-28 08:00:00,1.05176,1.05648,1.04811,1.0516,32593
2022-04-28 12:00:00,1.05159,1.05386,1.04713,1.04853,30652
2022-04-28 16:00:00,1.04859,1.05312,1.04817,1.05127,35604
2022-04-28 20:00:00,1.05125,1.05159,1.04971,1.04982,11669
2022-04-29 00:00:00,1.04977,1.05172,1.04912,1.05157,5732
2022-04-29 04:00:00,1.05158,1.05298,1.05051,1.05167,11006
2022-04-29 08:00:00,1.05166,1.05929,1.05166,1.05691,23355
2022-04-29 12:00:00,1.05692,1.05802,1.05097,1.05314,24925
2022-04-29 16:00:00,1.05313,1.05594,1.05185,1.05494,31120
2022-04-29 20:00:00,1.05492,1.05788,1.05414,1.05414,15696
2022-05-02 00:00:00,1.05421,1.05579,1.05266,1.05294,11980
2022-05-02 04:00:00,1.05295,1.05335,1.05168,1.05186,11596
2022-05-02 08:00:00,1.05187,1.05684,1.05101,1.05289,17171
2022-05-02 12:00:00,1.0529,1.0533,1.05084,1.05107,14120
2022-05-02 16:00:00,1.05106,1.05417,1.05023,1.05093,24359
2022-05-02 20:00:00,1.05095,1.05115,1.04902,1.05074,12712
2022-05-03 00:00:00,1.0507,1.05259,1.04982,1.05254,5247
2022-05-03 04:00:00,1.05253,1.05265,1.05017,1.0501800000000001,8369
2022-05-03 08:00:00,1.05017,1.0528,1.04944,1.0500099999999999,19560
2022-05-03 12:00:00,1.05,1.05777,1.04923,1.05677,22425
2022-05-03 16:00:00,1.05675,1.05721,1.05117,1.05156,23853
2022-05-03 20:00:00,1.05157,1.05406,1.05125,1.05196,11925
2022-05-04 00:00:00,1.05197,1.05343,1.05178,1.05248,4200
2022-05-04 04:00:00,1.05249,1.05334,1.0514000000000001,1.05169,5979
2022-05-04 08:00:00,1.05165,1.05345,1.05061,1.05221,15226
2022-05-04 12:00:00,1.05222,1.05553,1.05148,1.05532,16067
2022-05-04 16:00:00,1.05533,1.05642,1.05246,1.0549,22059
2022-05-04 20:00:00,1.05491,1.0631,1.05107,1.06184,46616
2022-05-05 00:00:00,1.06184,1.06277,1.06039,1.06138,8347
2022-05-05 04:00:00,1.06139,1.0642,1.06098,1.06125,12952
2022-05-05 08:00:00,1.06124,1.06193,1.05816,1.06003,22686
2022-05-05 12:00:00,1.06002,1.06078,1.05457,1.05533,28324
2022-05-05 16:00:00,1.05536,1.05659,1.04927,1.05111,37581
2022-05-05 20:00:00,1.05107,1.05509,1.05022,1.05385,23170
2022-05-06 00:00:00,1.05383,1.05508,1.05336,1.05411,8340
2022-05-06 04:00:00,1.05412,1.05456,1.05156,1.05325,16822
2022-05-06 08:00:00,1.05327,1.05809,1.04827,1.05574,33615
2022-05-06 12:00:00,1.05575,1.05989,1.05476,1.0554,31675
2022-05-06 16:00:00,1.05539,1.05959,1.05538,1.05691,44719
2022-05-06 20:00:00,1.05692,1.05746,1.05362,1.0545,18983
2022-05-09 00:00:00,1.05439,1.05439,1.05182,1.05192,7212
2022-05-09 04:00:00,1.0519,1.05267,1.05028,1.05125,11489
2022-05-09 08:00:00,1.05124,1.05295,1.04952,1.05074,22658
2022-05-09 12:00:00,1.05075,1.05734,1.05047,1.05623,26977
2022-05-09 16:00:00,1.05624,1.05925,1.05172,1.05735,32157
2022-05-09 20:00:00,1.05734,1.05756,1.05507,1.05584,19566
2022-05-10 00:00:00,1.0557,1.05691,1.05521,1.0559,11120
2022-05-10 04:00:00,1.05588,1.0581,1.05552,1.05759,17694
2022-05-10 08:00:00,1.05756,1.05855,1.05511,1.05721,24590
2022-05-10 12:00:00,1.05725,1.05758,1.05355,1.05517,22484
2022-05-10 16:00:00,1.05515,1.05751,1.05254,1.05338,35797
2022-05-10 20:00:00,1.05339,1.05415,1.05253,1.05253,16691
2022-05-11 00:00:00,1.05248,1.05368,1.0524,1.05313,5656
2022-05-11 04:00:00,1.05314,1.05433,1.05256,1.05411,10392
2022-05-11 08:00:00,1.05412,1.05745,1.05371,1.05679,20398
2022-05-11 12:00:00,1.05677,1.05757,1.0502,1.0521,27648
2022-05-11 16:00:00,1.05207,1.05772,1.05178,1.05308,47644
2022-05-11 20:00:00,1.05307,1.05356,1.05099,1.0512299999999999,23532
2022-05-12 00:00:00,1.05119,1.05288,1.05076,1.05243,7356
2022-05-12 04:00:00,1.05244,1.05294,1.05125,1.05179,12787
2022-05-12 08:00:00,1.05179,1.05208,1.04404,1.04406,32793
2022-05-12 12:00:00,1.04405,1.04461,1.03888,1.04151,30671
2022-05-12 16:00:00,1.04149,1.04258,1.03545,1.03579,39682
2022-05-12 20:00:00,1.0358,1.03827,1.03538,1.03789,19850
2022-05-13 00:00:00,1.03789,1.03842,1.03731,1.03808,7760
2022-05-13 04:00:00,1.03804,1.03979,1.03745,1.03971,14641
2022-05-13 08:00:00,1.03971,1.04198,1.03837,1.0408,23817
2022-05-13 12:00:00,1.0408,1.04089,1.03709,1.03778,20600
2022-05-13 16:00:00,1.03778,1.0416,1.03496,1.04088,26546
2022-05-13 20:00:00,1.04088,1.04158,1.03937,1.04068,10606
2022-05-16 00:00:00,1.03959,1.04143,1.03922,1.04101,6477
2022-05-16 04:00:00,1.04102,1.04173,1.03891,1.03996,15713
2022-05-16 08:00:00,1.03997,1.04344,1.0395,1.04329,18581
2022-05-16 12:00:00,1.04329,1.04383,1.04126,1.0423499999999999,16728
2022-05-16 16:00:00,1.04234,1.04332,1.03898,1.04251,21394
2022-05-16 20:00:00,1.04247,1.04432,1.0418,1.04314,9914
2022-05-17 00:00:00,1.0431,1.04539,1.04284,1.0447,9463
2022-05-17 04:00:00,1.04471,1.04502,1.0432,1.04408,9262
2022-05-17 08:00:00,1.04407,1.04921,1.04405,1.04903,19019
2022-05-17 12:00:00,1.04906,1.05558,1.04689,1.05428,26227
2022-05-17 16:00:00,1.05431,1.0551,1.05252,1.0543,22265
2022-05-17 20:00:00,1.05431,1.05549,1.05213,1.05462,24169
2022-05-18 00:00:00,1.05462,1.05639,1.05433,1.0555,8291
2022-05-18 04:00:00,1.0555,1.05571,1.0524499999999999,1.05293,12059
2022-05-18 08:00:00,1.05293,1.05408,1.04943,1.05077,18757
2022-05-18 12:00:00,1.05078,1.05293,1.05046,1.05216,18774
2022-05-18 16:00:00,1.05217,1.0542,1.04824,1.04872,26255
2022-05-18 20:00:00,1.04873,1.04885,1.04603,1.0461,14905
2022-05-19 00:00:00,1.04614,1.05006,1.0459,1.04884,11836
2022-05-19 04:00:00,1.04885,1.05067,1.04788,1.04962,15778
2022-05-19 08:00:00,1.04964,1.05089,1.04651,1.04963,22240
2022-05-19 12:00:00,1.04962,1.05451,1.04872,1.05378,28486
2022-05-19 16:00:00,1.05377,1.05987,1.05366,1.05934,39173
2022-05-19 20:00:00,1.05935,1.06072,1.05807,1.05854,18271
2022-05-20 00:00:00,1.05816,1.05873,1.05682,1.05761,9331
2022-05-20 04:00:00,1.05763,1.05815,1.05547,1.05738,11733
2022-05-20 08:00:00,1.05738,1.05935,1.05546,1.05772,20578
2022-05-20 12:00:00,1.05772,1.05989,1.05609,1.05641,19451
2022-05-20 16:00:00,1.05641,1.05712,1.05396,1.05489,25745
2022-05-20 20:00:00,1.05489,1.05675,1.05327,1.05598,15087
2022-05-23 00:00:00,1.05617,1.05907,1.05561,1.05832,5463
2022-05-23 04:00:00,1.0583,1.05946,1.05796,1.05907,6797
2022-05-23 08:00:00,1.05907,1.06487,1.05888,1.06458,15717
2022-05-23 12:00:00,1.0646,1.06875,1.06448,1.06488,17496
2022-05-23 16:00:00,1.0649,1.0691,1.06445,1.06772,17879
2022-05-23 20:00:00,1.06773,1.06974,1.06715,1.06901,9273
2022-05-24 00:00:00,1.06878,1.0694,1.06669,1.06691,5340
2022-05-24 04:00:00,1.0669,1.06751,1.06607,1.06633,6984
2022-05-24 08:00:00,1.06631,1.07361,1.06622,1.07046,20426
2022-05-24 12:00:00,1.07045,1.07278,1.06958,1.07074,16437
2022-05-24 16:00:00,1.07074,1.07485,1.07041,1.07309,25019
2022-05-24 20:00:00,1.07308,1.07386,1.07222,1.07328,11672
2022-05-25 00:00:00,1.07338,1.0739,1.07179,1.07228,6014
2022-05-25 04:00:00,1.07229,1.07233,1.07031,1.07054,10554
2022-05-25 08:00:00,1.07052,1.07091,1.06665,1.06699,17929
2022-05-25 12:00:00,1.06698,1.06792,1.06422,1.06509,18924
2022-05-25 16:00:00,1.0651,1.06871,1.06478,1.06545,18729
2022-05-25 20:00:00,1.06546,1.06945,1.0652,1.0679,16496
2022-05-26 00:00:00,1.06775,1.07063,1.06762,1.07041,7606
2022-05-26 04:00:00,1.07041,1.07056,1.06803,1.06822,10437
2022-05-26 08:00:00,1.06823,1.06958,1.06624,1.06824,15412
2022-05-26 12:00:00,1.06822,1.0723,1.06791,1.06984,18128
2022-05-26 16:00:00,1.06984,1.07294,1.06921,1.07057,16666
2022-05-26 20:00:00,1.07059,1.07315,1.0702,1.0729,8689
2022-05-27 00:00:00,1.07239,1.07402,1.07139,1.074,6504
2022-05-27 04:00:00,1.07401,1.07649,1.0734,1.07552,10075
2022-05-27 08:00:00,1.07552,1.07569,1.07256,1.07303,14344
2022-05-27 12:00:00,1.07302,1.07314,1.06969,1.07154,17336
2022-05-27 16:00:00,1.07156,1.07505,1.0701100000000001,1.07103,18797
2022-05-27 20:00:00,1.07102,1.07343,1.07062,1.07343,8707
2022-05-30 00:00:00,1.07325,1.0735999999999999,1.07243,1.07298,5726
2022-05-30 04:00:00,1.07298,1.076,1.07268,1.07576,8862
2022-05-30 08:00:00,1.07576,1.07698,1.07402,1.07632,17223
2022-05-30 12:00:00,1.07632,1.07805,1.0748199999999999,1.07526,14796
2022-05-30 16:00:00,1.07527,1.07866,1.07504,1.07863,13208
2022-05-30 20:00:00,1.07864,1.07869,1.0777,1.0778,3471
2022-05-31 00:00:00,1.07756,1.0779,1.07433,1.07455,11782
2022-05-31 04:00:00,1.07453,1.07576,1.07343,1.07447,13784
2022-05-31 08:00:00,1.07447,1.07552,1.07249,1.07274,20828
2022-05-31 12:00:00,1.07273,1.07387,1.068,1.06815,28006
2022-05-31 16:00:00,1.06817,1.07382,1.06789,1.07311,33823
2022-05-31 20:00:00,1.07309,1.07466,1.07256,1.07326,13293
2022-06-01 00:00:00,1.0732,1.0737700000000001,1.07266,1.07279,9030
2022-06-01 04:00:00,1.07279,1.07284,1.07071,1.07142,10765
2022-06-01 08:00:00,1.07142,1.07392,1.07052,1.07179,17255
2022-06-01 12:00:00,1.07179,1.07285,1.0702,1.07259,15570
2022-06-01 16:00:00,1.07261,1.07308,1.06272,1.06391,28310
2022-06-01 20:00:00,1.06392,1.06605,1.06371,1.06484,9389
2022-06-02 00:00:00,1.06453,1.06596,1.0645,1.06565,5056
2022-06-02 04:00:00,1.06564,1.06584,1.06448,1.06574,9099
2022-06-02 08:00:00,1.06576,1.06949,1.06495,1.06843,14315
2022-06-02 12:00:00,1.06841,1.07163,1.06808,1.0703,22679
2022-06-02 16:00:00,1.07029,1.07447,1.06922,1.07442,33792
2022-06-02 20:00:00,1.07443,1.07502,1.07378,1.07463,10188
2022-06-03 00:00:00,1.07443,1.07629,1.07375,1.07591,7031
2022-06-03 04:00:00,1.07592,1.07645,1.07461,1.07461,12438
2022-06-03 08:00:00,1.07462,1.07625,1.07449,1.07534,14272
2022-06-03 12:00:00,1.07535,1.07557,1.07038,1.07161,30793
2022-06-03 16:00:00,1.07162,1.07522,1.07105,1.07288,36399
2022-06-03 20:00:00,1.07284,1.07294,1.07148,1.0716,8575
2022-06-06 00:00:00,1.07146,1.07318,1.07132,1.07163,7635
2022-06-06 04:00:00,1.07162,1.07279,1.07101,1.07275,8887
2022-06-06 08:00:00,1.07274,1.0752,1.07181,1.07508,20558
2022-06-06 12:00:00,1.07509,1.07511,1.07155,1.07225,15820
2022-06-06 16:00:00,1.07226,1.07239,1.06839,1.07007,27177
2022-06-06 20:00:00,1.07006,1.0703,1.06851,1.06955,10025
2022-06-07 00:00:00,1.0695000000000001,1.06962,1.068,1.06843,14840
2022-06-07 04:00:00,1.06844,1.07,1.06705,1.06825,20752
2022-06-07 08:00:00,1.06826,1.07048,1.06651,1.06793,33988
2022-06-07 12:00:00,1.0679400000000001,1.06917,1.06538,1.06555,25569
2022-06-07 16:00:00,1.06554,1.07097,1.0652,1.0701,32687
2022-06-07 20:00:00,1.0701100000000001,1.07142,1.06931,1.07049,9327
2022-06-08 00:00:00,1.07036,1.07078,1.0688900000000001,1.06932,7691
2022-06-08 04:00:00,1.06931,1.06958,1.06785,1.06786,14361
2022-06-08 08:00:00,1.06787,1.06949,1.06757,1.0679,24890
2022-06-08 12:00:00,1.06791,1.07408,1.06713,1.0731600000000001,31636
2022-06-08 16:00:00,1.07317,1.07484,1.07247,1.07285,31492
2022-06-08 20:00:00,1.07284,1.07285,1.07127,1.07157,9632
2022-06-09 00:00:00,1.07154,1.07208,1.07094,1.07122,8925
2022-06-09 04:00:00,1.07121,1.07337,1.07096,1.07266,11600
2022-06-09 08:00:00,1.07264,1.07295,1.06938,1.07154,25301
2022-06-09 12:00:00,1.07155,1.0774,1.0688,1.07344,66320
2022-06-09 16:00:00,1.07345,1.0743,1.06451,1.06524,70686
2022-06-09 20:00:00,1.06525,1.06549,1.06111,1.06159,15843
2022-06-10 00:00:00,1.06142,1.06243,1.06111,1.06239,13424
2022-06-10 04:00:00,1.06237,1.06354,1.06173,1.06307,13099
2022-06-10 08:00:00,1.06308,1.06422,1.06076,1.06146,32000
2022-06-10 12:00:00,1.06145,1.06177,1.0521,1.05224,50655
2022-06-10 16:00:00,1.05225,1.05445,1.05057,1.05165,61423
2022-06-10 20:00:00,1.05166,1.05333,1.05134,1.05161,17889
2022-06-13 00:00:00,1.05135,1.05202,1.04805,1.0485,20034
2022-06-13 04:00:00,1.04849,1.04941,1.04756,1.0491,21350
2022-06-13 08:00:00,1.04908,1.04955,1.04562,1.04751,39155
2022-06-13 12:00:00,1.0475,1.04816,1.04451,1.04655,41428
2022-06-13 16:00:00,1.04654,1.04685,1.04181,1.04371,46620
2022-06-13 20:00:00,1.04372,1.04585,1.03996,1.04076,45103
2022-06-14 00:00:00,1.04078,1.04244,1.04018,1.04227,12522
2022-06-14 04:00:00,1.04227,1.04362,1.03968,1.04245,25143
2022-06-14 08:00:00,1.04245,1.04848,1.04179,1.04655,44400
2022-06-14 12:00:00,1.04656,1.04684,1.04254,1.04489,48966
2022-06-14 16:00:00,1.04489,1.04598,1.04068,1.04203,54597
2022-06-14 20:00:00,1.04203,1.04433,1.03999,1.04157,24805
2022-06-15 00:00:00,1.04157,1.04407,1.04071,1.04349,16896
2022-06-15 04:00:00,1.04348,1.04519,1.04244,1.04268,21935
2022-06-15 08:00:00,1.04268,1.05078,1.04244,1.04939,67598
2022-06-15 12:00:00,1.04939,1.04978,1.0404,1.04149,61494
2022-06-15 16:00:00,1.04149,1.04321,1.038,1.03818,42477
2022-06-15 20:00:00,1.03818,1.04698,1.0359099999999999,1.04423,133236
2022-06-16 00:00:00,1.04423,1.04695,1.04397,1.04528,15512
2022-06-16 04:00:00,1.04528,1.0459,1.0431,1.04386,24314
2022-06-16 08:00:00,1.04386,1.04441,1.03811,1.04096,29717
2022-06-16 12:00:00,1.04096,1.04368,1.03836,1.04283,31790
2022-06-16 16:00:00,1.04283,1.0573,1.04279,1.05602,33205
2022-06-16 20:00:00,1.05601,1.06012,1.05459,1.05468,16518
2022-06-17 00:00:00,1.05467,1.05599,1.05354,1.05409,6876
2022-06-17 04:00:00,1.05411,1.05428,1.05176,1.05277,17169
2022-06-17 08:00:00,1.05277,1.05307,1.0493999999999999,1.0520100000000001,23874
2022-06-17 12:00:00,1.0520100000000001,1.05358,1.04758,1.04948,19635
2022-06-17 16:00:00,1.04948,1.05,1.04446,1.04676,27425
2022-06-17 20:00:00,1.04675,1.05027,1.04668,1.04918,11270
2022-06-20 00:00:00,1.04747,1.04968,1.04746,1.04933,6049
2022-06-20 04:00:00,1.04934,1.05305,1.04912,1.05232,10803
2022-06-20 08:00:00,1.05232,1.05429,1.05101,1.0524499999999999,16279
2022-06-20 12:00:00,1.05246,1.05458,1.0515,1.05173,12001
2022-06-20 16:00:00,1.05172,1.05417,1.05074,1.05233,23365
2022-06-20 20:00:00,1.05232,1.05233,1.0498,1.05073,5036
2022-06-21 00:00:00,1.05086,1.05332,1.05053,1.05327,11190
2022-06-21 04:00:00,1.05327,1.05425,1.05207,1.05226,15453
2022-06-21 08:00:00,1.05226,1.05792,1.05132,1.05783,32116
2022-06-21 12:00:00,1.0578400000000001,1.05826,1.05443,1.05517,36851
2022-06-21 16:00:00,1.05516,1.05667,1.05279,1.05341,38161
2022-06-21 20:00:00,1.0534,1.05405,1.05186,1.05329,14176
2022-06-22 00:00:00,1.05329,1.0539,1.05104,1.05126,12460
2022-06-22 04:00:00,1.05126,1.05155,1.04935,1.04966,21522
2022-06-22 08:00:00,1.04966,1.0514000000000001,1.04689,1.05077,44110
2022-06-22 12:00:00,1.05078,1.05354,1.05044,1.05309,38635
2022-06-22 16:00:00,1.05308,1.06056,1.05306,1.0575,54874
2022-06-22 20:00:00,1.05749,1.05844,1.05634,1.05657,15520
2022-06-23 00:00:00,1.05653,1.05752,1.0561,1.05741,12843
2022-06-23 04:00:00,1.05741,1.05812,1.05558,1.05672,29692
2022-06-23 08:00:00,1.05672,1.05794,1.04827,1.04935,55538
2022-06-23 12:00:00,1.04934,1.05218,1.04903,1.05042,43411
2022-06-23 16:00:00,1.05042,1.05541,1.04942,1.05084,70763
2022-06-23 20:00:00,1.05084,1.05336,1.05045,1.05198,22263
2022-06-24 00:00:00,1.05225,1.05283,1.05122,1.05167,11406
2022-06-24 04:00:00,1.05167,1.05432,1.05136,1.05399,19402
2022-06-24 08:00:00,1.05401,1.05467,1.05192,1.05443,30244
2022-06-24 12:00:00,1.05443,1.05548,1.05142,1.05231,33087
2022-06-24 16:00:00,1.05231,1.05712,1.05157,1.05467,52928
2022-06-24 20:00:00,1.05467,1.05594,1.05344,1.05522,11864
2022-06-27 00:00:00,1.05456,1.05748,1.05456,1.05559,14153
2022-06-27 04:00:00,1.05559,1.05667,1.05503,1.05648,21247
2022-06-27 08:00:00,1.05649,1.05911,1.05542,1.0584,30689
2022-06-27 12:00:00,1.05841,1.05888,1.05536,1.05681,30459
2022-06-27 16:00:00,1.05682,1.06148,1.05682,1.05975,40482
2022-06-27 20:00:00,1.05974,1.05992,1.0578,1.0582,15794
2022-06-28 00:00:00,1.05819,1.05857,1.05705,1.05761,9990
2022-06-28 04:00:00,1.05762,1.05865,1.05715,1.05755,21850
2022-06-28 08:00:00,1.05756,1.06062,1.05705,1.0592,43876
2022-06-28 12:00:00,1.0592,1.0597,1.05327,1.05377,22758
2022-06-28 16:00:00,1.05377,1.0542,1.05034,1.05231,18114
2022-06-28 20:00:00,1.05231,1.05345,1.05161,1.05161,6583
2022-06-29 00:00:00,1.05157,1.05311,1.05154,1.0521,4434
2022-06-29 04:00:00,1.0521,1.05353,1.05008,1.05043,7133
2022-06-29 08:00:00,1.05043,1.05206,1.04854,1.05103,21789
2022-06-29 12:00:00,1.05104,1.05351,1.05047,1.0521,44038
2022-06-29 16:00:00,1.05211,1.05264,1.04444,1.04457,44406
2022-06-29 20:00:00,1.04457,1.04537,1.04352,1.0439,11131
2022-06-30 00:00:00,1.0439,1.04472,1.04371,1.04423,9294
2022-06-30 04:00:00,1.04422,1.04575,1.04329,1.04534,13243
2022-06-30 08:00:00,1.04534,1.04688,1.04298,1.04414,35397
2022-06-30 12:00:00,1.04414,1.04428,1.03825,1.03978,33073
2022-06-30 16:00:00,1.03977,1.04854,1.03977,1.04825,41809
2022-06-30 20:00:00,1.04826,1.04889,1.04675,1.04835,15002
2022-07-01 00:00:00,1.04837,1.04852,1.04666,1.04714,9502
2022-07-01 04:00:00,1.04715,1.04737,1.04472,1.04539,18455
2022-07-01 08:00:00,1.0454,1.04705,1.04328,1.04586,32940
2022-07-01 12:00:00,1.04586,1.04741,1.04065,1.04067,32040
2022-07-01 16:00:00,1.04067,1.04198,1.03657,1.04014,45065
2022-07-01 20:00:00,1.04012,1.0433,1.03932,1.04267,13235
2022-07-04 00:00:00,1.04196,1.04444,1.04183,1.04339,9479
2022-07-04 04:00:00,1.04343,1.04398,1.04244,1.04275,11863
2022-07-04 08:00:00,1.04276,1.04389,1.04207,1.04376,17760
2022-07-04 12:00:00,1.04377,1.04628,1.0435,1.0451,17725
2022-07-04 16:00:00,1.04511,1.04575,1.04171,1.04234,15473
2022-07-04 20:00:00,1.04234,1.0425200000000001,1.04184,1.0423,3484
2022-07-05 00:00:00,1.04202,1.0436,1.04166,1.04338,9504
2022-07-05 04:00:00,1.04339,1.04383,1.04233,1.04378,12535
2022-07-05 08:00:00,1.04378,1.04488,1.03058,1.03072,29659
2022-07-05 12:00:00,1.03073,1.03248,1.02804,1.02918,33319
2022-07-05 16:00:00,1.02918,1.02936,1.02351,1.02452,32203
2022-07-05 20:00:00,1.02452,1.02711,1.02396,1.02664,13112
2022-07-06 00:00:00,1.02666,1.02717,1.02539,1.02663,9383
2022-07-06 04:00:00,1.02664,1.02714,1.02394,1.0247,16054
2022-07-06 08:00:00,1.0247,1.02764,1.02262,1.02444,29896
2022-07-06 12:00:00,1.02445,1.02446,1.01662,1.01871,32181
2022-07-06 16:00:00,1.0187,1.02011,1.01618,1.0173,33608
2022-07-06 20:00:00,1.01729,1.01989,1.0172,1.0181,19336
2022-07-07 00:00:00,1.01797,1.01891,1.01761,1.0187,7591
2022-07-07 04:00:00,1.0187,1.02097,1.01805,1.02016,13912
2022-07-07 08:00:00,1.02017,1.02211,1.01819,1.01979,25887
2022-07-07 12:00:00,1.01978,1.02176,1.01695,1.01702,30254
2022-07-07 16:00:00,1.01702,1.01935,1.0151,1.01551,26486
2022-07-07 20:00:00,1.01551,1.01682,1.01441,1.01606,9545
2022-07-08 00:00:00,1.01616,1.01871,1.01595,1.01868,7211
2022-07-08 04:00:00,1.01869,1.01915,1.01397,1.01545,17243
2022-07-08 08:00:00,1.01544,1.01701,1.00719,1.01135,30314
2022-07-08 12:00:00,1.01136,1.01687,1.01051,1.01429,32684
2022-07-08 16:00:00,1.01429,1.01904,1.01339,1.01673,35700
2022-07-08 20:00:00,1.01674,1.01861,1.01636,1.01831,8821
2022-07-11 00:00:00,1.01718,1.01835,1.01532,1.01544,11097
2022-07-11 04:00:00,1.01546,1.01563,1.01349,1.01511,14762
2022-07-11 08:00:00,1.0151,1.0152,1.01056,1.01184,24799
2022-07-11 12:00:00,1.01184,1.01254,1.00747,1.0081,26266
2022-07-11 16:00:00,1.00809,1.00929,1.00521,1.00637,33965
2022-07-11 20:00:00,1.00637,1.00734,1.00337,1.00393,14892
2022-07-12 00:00:00,1.00389,1.00553,1.00351,1.00401,9558
2022-07-12 04:00:00,1.00402,1.00417,1.00061,1.00152,25182
2022-07-12 08:00:00,1.00154,1.00392,1.00019,1.00104,34376
2022-07-12 12:00:00,1.00102,1.00694,0.99999,1.00532,33456
2022-07-12 16:00:00,1.00529,1.00738,1.00332,1.0062,32294
2022-07-12 20:00:00,1.00622,1.00643,1.00315,1.00345,12741
2022-07-13 00:00:00,1.00345,1.00396,1.00254,1.00302,8940
2022-07-13 04:00:00,1.00302,1.00471,1.00229,1.00358,17999
2022-07-13 08:00:00,1.00357,1.00532,1.00063,1.00367,33193
2022-07-13 12:00:00,1.00366,1.00998,0.9998,1.00201,37440
2022-07-13 16:00:00,1.00202,1.01222,1.00087,1.00822,55902
2022-07-13 20:00:00,1.00823,1.00874,1.00539,1.00557,20259
2022-07-14 00:00:00,1.00551,1.00598,1.0021,1.00219,11089
2022-07-14 04:00:00,1.00219,1.00403,1.00138,1.0023,18572
2022-07-14 08:00:00,1.0023,1.00464,1.00053,1.00202,33983
2022-07-14 12:00:00,1.00201,1.00504,1.0002,1.0002,34728
2022-07-14 16:00:00,1.00021,1.00478,0.99522,0.99906,56228
2022-07-14 20:00:00,0.99908,1.00377,0.99908,1.00151,24972
2022-07-15 00:00:00,1.00151,1.00277,1.00112,1.00192,10693
2022-07-15 04:00:00,1.00192,1.00411,1.00179,1.00305,15030
2022-07-15 08:00:00,1.00305,1.00356,1.00068,1.0031,27106
2022-07-15 12:00:00,1.0031,1.00767,1.00283,1.00723,31190
2022-07-15 16:00:00,1.00724,1.00978,1.00409,1.00811,40250
2022-07-15 20:00:00,1.00813,1.00938,1.00722,1.00823,11395
2022-07-18 00:00:00,1.00815,1.00987,1.00786,1.00917,7698
2022-07-18 04:00:00,1.00919,1.01143,1.0087,1.00915,13571
2022-07-18 08:00:00,1.00916,1.01492,1.00813,1.01305,28238
2022-07-18 12:00:00,1.01305,1.01753,1.01194,1.01366,24231
2022-07-18 16:00:00,1.01366,1.02013,1.01242,1.01672,28622
2022-07-18 20:00:00,1.01671,1.01774,1.01394,1.01454,12966
2022-07-19 00:00:00,1.01454,1.01484,1.01284,1.01289,7249
2022-07-19 04:00:00,1.01289,1.01434,1.01196,1.01281,12877
2022-07-19 08:00:00,1.01283,1.02533,1.01272,1.0244,33566
2022-07-19 12:00:00,1.02442,1.02693,1.02202,1.02291,33501
2022-07-19 16:00:00,1.02288,1.02645,1.02285,1.02403,31618
2022-07-19 20:00:00,1.02404,1.02441,1.02212,1.02233,12605
2022-07-20 00:00:00,1.02228,1.02485,1.02228,1.0246,7141
2022-07-20 04:00:00,1.02464,1.02481,1.02312,1.02438,8892
2022-07-20 08:00:00,1.02438,1.02731,1.02193,1.02315,27177
2022-07-20 12:00:00,1.02311,1.02529,1.01734,1.02109,31062
2022-07-20 16:00:00,1.02107,1.02378,1.01832,1.01905,28695
2022-07-20 20:00:00,1.01904,1.01932,1.01554,1.01762,14729
2022-07-21 00:00:00,1.01748,1.01936,1.01745,1.01871,7280
2022-07-21 04:00:00,1.01872,1.02254,1.01814,1.0223,12457
2022-07-21 08:00:00,1.0223,1.02306,1.01707,1.01912,31075
2022-07-21 12:00:00,1.01912,1.0278,1.01658,1.02648,35991
2022-07-21 16:00:00,1.02649,1.02751,1.01533,1.01814,37876
2022-07-21 20:00:00,1.01814,1.02337,1.01754,1.02287,13541
2022-07-22 00:00:00,1.02286,1.02304,1.02035,1.02045,6571
2022-07-22 04:00:00,1.02045,1.02083,1.01803,1.01811,12160
2022-07-22 08:00:00,1.0181,1.02134,1.01299,1.01533,28398
2022-07-22 12:00:00,1.01534,1.0197,1.01433,1.01873,31906
2022-07-22 16:00:00,1.01872,1.02554,1.01798,1.0232,37389
2022-07-22 20:00:00,1.02321,1.02376,1.01901,1.02103,15605
2022-07-25 00:00:00,1.02089,1.02184,1.0182,1.01823,9982
2022-07-25 04:00:00,1.01823,1.02129,1.0181,1.02074,15485
2022-07-25 08:00:00,1.02075,1.02288,1.01785,1.02222,34003
2022-07-25 12:00:00,1.02222,1.02579,1.02145,1.02456,29905
2022-07-25 16:00:00,1.02456,1.0255,1.02032,1.02212,29553
2022-07-25 20:00:00,1.02212,1.02288,1.02138,1.02183,8741
2022-07-26 00:00:00,1.02198,1.0233,1.0215,1.023,6365
2022-07-26 04:00:00,1.02299,1.02502,1.02232,1.02255,10967
2022-07-26 08:00:00,1.02255,1.02362,1.02023,1.02079,21618
2022-07-26 12:00:00,1.02079,1.02081,1.01162,1.01483,31689
2022-07-26 16:00:00,1.01484,1.01528,1.01076,1.01271,33022
2022-07-26 20:00:00,1.0127,1.01327,1.0114,1.0115,11581
2022-07-27 00:00:00,1.01148,1.01443,1.01125,1.01403,6884
2022-07-27 04:00:00,1.01402,1.01521,1.0137,1.01507,10814
2022-07-27 08:00:00,1.01507,1.01589,1.01278,1.01417,21926
2022-07-27 12:00:00,1.01416,1.0172,1.01385,1.01429,23353
2022-07-27 16:00:00,1.01428,1.01523,1.00966,1.0111,26488
2022-07-27 20:00:00,1.01111,1.02207,1.0107,1.01971,39457
2022-07-28 00:00:00,1.01975,1.02122,1.01805,1.01862,10048
2022-07-28 04:00:00,1.01863,1.02237,1.01837,1.02021,19663
2022-07-28 08:00:00,1.02021,1.02344,1.01852,1.02176,32214
2022-07-28 12:00:00,1.02172,1.02172,1.01139,1.01637,42050
2022-07-28 16:00:00,1.01637,1.01734,1.01261,1.01578,46306
2022-07-28 20:00:00,1.01578,1.01996,1.01553,1.01954,13156
2022-07-29 00:00:00,1.01956,1.02031,1.01891,1.01979,8300
2022-07-29 04:00:00,1.01979,1.0225,1.01912,1.02094,14987
2022-07-29 08:00:00,1.02094,1.02546,1.02028,1.02213,35978
2022-07-29 12:00:00,1.02211,1.02456,1.01742,1.01771,35520
2022-07-29 16:00:00,1.01771,1.0213,1.0146,1.0197,43490
2022-07-29 20:00:00,1.0197,1.0227,1.01935,1.0223,12474
2022-08-01 00:00:00,1.0223,1.02261,1.02055,1.02204,11850
2022-08-01 04:00:00,1.02204,1.02413,1.02157,1.02239,17423
2022-08-01 08:00:00,1.0224,1.02677,1.02133,1.02559,26592
2022-08-01 12:00:00,1.02559,1.027,1.0225,1.02361,32099
2022-08-01 16:00:00,1.0236,1.02753,1.02267,1.0274,36034
2022-08-01 20:00:00,1.02739,1.02742,1.02453,1.02603,14495
2022-08-02 00:00:00,1.026,1.02939,1.02535,1.02866,13362
2022-08-02 04:00:00,1.02866,1.02866,1.0261,1.02712,25917
2022-08-02 08:00:00,1.02712,1.02769,1.02152,1.02407,34095
2022-08-02 12:00:00,1.02407,1.02455,1.02068,1.02119,28136
2022-08-02 16:00:00,1.02119,1.0236,1.01811,1.0195,43557
2022-08-02 20:00:00,1.01949,1.01961,1.0163,1.01656,19649
2022-08-03 00:00:00,1.01652,1.01726,1.01501,1.01581,11659
2022-08-03 04:00:00,1.01582,1.01938,1.01567,1.0186,17566
2022-08-03 08:00:00,1.01859,1.01913,1.0154,1.01877,28362
2022-08-03 12:00:00,1.01879,1.02105,1.01787,1.0186,29146
2022-08-03 16:00:00,1.01858,1.01875,1.01226,1.01501,38592
2022-08-03 20:00:00,1.015,1.01739,1.01484,1.01632,13040
2022-08-04 00:00:00,1.01632,1.01709,1.01541,1.0165,8848
2022-08-04 04:00:00,1.0165,1.01762,1.01603,1.0164,11967
2022-08-04 08:00:00,1.01641,1.01941,1.01566,1.01916,23835
2022-08-04 12:00:00,1.01916,1.01979,1.01604,1.0188,33278
2022-08-04 16:00:00,1.01881,1.02394,1.01733,1.02366,36158
2022-08-04 20:00:00,1.02365,1.02538,1.02306,1.02452,12490
2022-08-05 00:00:00,1.0245,1.02522,1.02315,1.02323,7178
2022-08-05 04:00:00,1.02323,1.02396,1.02294,1.02351,11140
2022-08-05 08:00:00,1.0235,1.02392,1.02183,1.02236,18982
2022-08-05 12:00:00,1.02237,1.02386,1.0154,1.01581,26576
2022-08-05 16:00:00,1.0158,1.01875,1.01415,1.01828,41063
2022-08-05 20:00:00,1.01828,1.01928,1.01721,1.01763,17967
2022-08-08 00:00:00,1.01739,1.01787,1.01592,1.01664,9740
2022-08-08 04:00:00,1.01663,1.01859,1.01644,1.01857,10561
2022-08-08 08:00:00,1.01857,1.0215,1.01712,1.0192,21529
2022-08-08 12:00:00,1.01919,1.02024,1.01728,1.01985,19973
2022-08-08 16:00:00,1.01988,1.02219,1.01908,1.0196,22732
2022-08-08 20:00:00,1.01962,1.02056,1.01853,1.01947,12811
2022-08-09 00:00:00,1.01946,1.0201,1.01889,1.01916,5614
2022-08-09 04:00:00,1.01916,1.01976,1.01884,1.0194,6959
2022-08-09 08:00:00,1.0194,1.02448,1.01927,1.02393,18209
2022-08-09 12:00:00,1.02392,1.02475,1.02147,1.02374,20030
2022-08-09 16:00:00,1.02373,1.02442,1.02147,1.02184,21370
2022-08-09 20:00:00,1.02183,1.02202,1.02025,1.02124,8964
2022-08-10 00:00:00,1.02124,1.02148,1.02027,1.02078,5652
2022-08-10 04:00:00,1.02077,1.02191,1.02054,1.02131,6403
2022-08-10 08:00:00,1.0213,1.02259,1.0202,1.02224,15324
2022-08-10 12:00:00,1.02223,1.0346,1.0217,1.0324,26025
2022-08-10 16:00:00,1.03241,1.03687,1.03051,1.03251,44669
2022-08-10 20:00:00,1.03253,1.03283,1.02946,1.02992,19311
2022-08-11 00:00:00,1.02994,1.03046,1.02936,1.02982,7650
2022-08-11 04:00:00,1.02981,1.02981,1.02814,1.02832,10282
2022-08-11 08:00:00,1.02833,1.03414,1.02754,1.03411,23677
2022-08-11 12:00:00,1.0341,1.03518,1.03221,1.03471,26849
2022-08-11 16:00:00,1.0347,1.03644,1.03237,1.033,33597
2022-08-11 20:00:00,1.03302,1.03326,1.03096,1.03184,14234
2022-08-12 00:00:00,1.03174,1.03275,1.03066,1.0313,7468
2022-08-12 04:00:00,1.03131,1.03217,1.0305,1.03176,9595
2022-08-12 08:00:00,1.03175,1.03243,1.02881,1.0302,19959
2022-08-12 12:00:00,1.03019,1.03083,1.0269,1.02705,24878
2022-08-12 16:00:00,1.02707,1.0284200000000001,1.02382,1.02564,31273
2022-08-12 20:00:00,1.02566,1.0268,1.02545,1.02565,8708
2022-08-15 00:00:00,1.02565,1.02671,1.02534,1.02663,6118
2022-08-15 04:00:00,1.02663,1.02683,1.02399,1.02504,10438
2022-08-15 08:00:00,1.02504,1.02523,1.02001,1.02071,19472
2022-08-15 12:00:00,1.02072,1.02146,1.01859,1.02007,26229
2022-08-15 16:00:00,1.02007,1.02231,1.01716,1.01757,24330
2022-08-15 20:00:00,1.01758,1.01785,1.01545,1.01601,9628
2022-08-16 00:00:00,1.01601,1.01671,1.01475,1.01537,8253
2022-08-16 04:00:00,1.01538,1.01698,1.0149,1.01589,11290
2022-08-16 08:00:00,1.0159,1.01689,1.01341,1.0139,23299
2022-08-16 12:00:00,1.0139,1.01465,1.01225,1.01436,24407
2022-08-16 16:00:00,1.01437,1.01948,1.01431,1.01659,25403
2022-08-16 20:00:00,1.01659,1.01807,1.01621,1.01709,10302
2022-08-17 00:00:00,1.01706,1.01748,1.01647,1.01706,7827
2022-08-17 04:00:00,1.01705,1.01838,1.01667,1.0181499999999999,10400
2022-08-17 08:00:00,1.0181499999999999,1.01864,1.01493,1.01739,22827
2022-08-17 12:00:00,1.01739,1.01839,1.01453,1.01583,24652
2022-08-17 16:00:00,1.01583,1.01985,1.0153,1.01652,28426
2022-08-17 20:00:00,1.01653,1.02029,1.0163,1.01795,21286
2022-08-18 00:00:00,1.01795,1.01931,1.01723,1.0188,5988
2022-08-18 04:00:00,1.01881,1.01915,1.01631,1.0167,11198
2022-08-18 08:00:00,1.0167,1.01784,1.0146,1.0167,22623
2022-08-18 12:00:00,1.0167,1.01883,1.01579,1.01701,24981
2022-08-18 16:00:00,1.01699,1.01722,1.00889,1.00902,29200
2022-08-18 20:00:00,1.00902,1.00993,1.00796,1.00849,13635
2022-08-19 00:00:00,1.0086,1.00924,1.0074,1.00793,7139
2022-08-19 04:00:00,1.00794,1.00869,1.00699,1.00759,10298
2022-08-19 08:00:00,1.0076,1.00955,1.0074,1.00887,20731
2022-08-19 12:00:00,1.00886,1.00891,1.00455,1.00654,22838
2022-08-19 16:00:00,1.00655,1.00685,1.00326,1.00359,23167
2022-08-19 20:00:00,1.0036,1.00458,1.00319,1.00371,8442
2022-08-22 00:00:00,1.00411,1.00411,1.00248,1.00259,7623
2022-08-22 04:00:00,1.00258,1.00466,1.00234,1.00382,10866
2022-08-22 08:00:00,1.00382,1.00396,0.99892,1.00137,23792
2022-08-22 12:00:00,1.00139,1.00183,0.99953,1.00061,25058
2022-08-22 16:00:00,1.00062,1.00074,0.99277,0.99319,31763
2022-08-22 20:00:00,0.9932,0.99461,0.99262,0.99425,9893
2022-08-23 00:00:00,0.99419,0.99502,0.99301,0.99399,7857
2022-08-23 04:00:00,0.99399,0.99492,0.99346,0.99348,12723
2022-08-23 08:00:00,0.99346,0.99496,0.99,0.99323,31246
2022-08-23 12:00:00,0.99322,0.99404,0.99127,0.99237,24468
2022-08-23 16:00:00,0.99237,1.00184,0.99206,0.99793,38707
2022-08-23 20:00:00,0.99792,0.99803,0.99595,0.99685,11422
2022-08-24 00:00:00,0.99668,0.99735,0.99521,0.99527,6771
2022-08-24 04:00:00,0.99527,0.99606,0.99426,0.99574,12428
2022-08-24 08:00:00,0.99573,0.99621,0.99349,0.99461,21486
2022-08-24 12:00:00,0.99461,0.99584,0.99147,0.99285,30025
2022-08-24 16:00:00,0.99285,0.9999,0.99101,0.99532,44078
2022-08-24 20:00:00,0.99532,0.99757,0.99513,0.99642,11874
2022-08-25 00:00:00,0.99642,0.99876,0.99631,0.99825,7989
2022-08-25 04:00:00,0.99825,1.00081,0.99761,0.99988,13982
2022-08-25 08:00:00,0.99988,1.00333,0.99874,1.00072,30056
2022-08-25 12:00:00,1.00072,1.00112,0.99633,0.99694,28415
2022-08-25 16:00:00,0.99694,1.00005,0.99491,0.99607,32267
2022-08-25 20:00:00,0.99607,0.9979,0.99586,0.99776,12573
2022-08-26 00:00:00,0.99776,0.99784,0.99628,0.99656,8576
2022-08-26 04:00:00,0.99656,0.99748,0.99621,0.99626,10413
2022-08-26 08:00:00,0.99625,0.99913,0.99464,0.9989,21205
2022-08-26 12:00:00,0.9989,1.0033,0.99857,1.00328,27704
2022-08-26 16:00:00,1.00326,1.00902,0.99754,0.99799,66336
2022-08-26 20:00:00,0.99799,0.99832,0.99566,0.99641,16644
2022-08-29 00:00:00,0.99656,0.99664,0.99287,0.99302,14049
2022-08-29 04:00:00,0.99304,0.99378,0.99147,0.99165,14963
2022-08-29 08:00:00,0.99165,0.99505,0.9914,0.99384,27038
2022-08-29 12:00:00,0.99384,1.00291,0.9938,1.00085,32902
2022-08-29 16:00:00,1.00085,1.0027,0.99813,1.00145,33483
2022-08-29 20:00:00,1.00145,1.00226,0.99898,0.99932,13975
2022-08-30 00:00:00,0.99927,1.00133,0.99927,1.00062,6583
2022-08-30 04:00:00,1.0006,1.00106,0.9982,0.99997,16376
2022-08-30 08:00:00,0.99998,1.00341,0.99823,1.00248,29114
2022-08-30 12:00:00,1.00247,1.0054400000000001,1.00084,1.00114,29782
2022-08-30 16:00:00,1.00114,1.0041,0.99827,1.00237,43003
2022-08-30 20:00:00,1.00238,1.00315,1.00103,1.00136,17835
2022-08-31 00:00:00,1.00136,1.00345,1.00105,1.00273,7152
2022-08-31 04:00:00,1.00273,1.00448,1.00165,1.00402,12271
2022-08-31 08:00:00,1.00402,1.00459,0.99743,0.99795,27430
2022-08-31 12:00:00,0.99795,1.0018,0.99713,1.00082,32966
2022-08-31 16:00:00,1.00082,1.0079,0.99952,1.00534,41290
2022-08-31 20:00:00,1.00534,1.00572,1.00355,1.00518,19415
2022-09-01 00:00:00,1.00509,1.0054400000000001,1.00202,1.00234,10207
2022-09-01 04:00:00,1.00234,1.00319,1.0009,1.00142,13817
2022-09-01 08:00:00,1.00142,1.00485,1.00078,1.0037,29291
2022-09-01 12:00:00,1.00369,1.00468,0.99858,0.99882,28393
2022-09-01 16:00:00,0.99883,0.99995,0.99114,0.99368,42119
2022-09-01 20:00:00,0.99368,0.99601,0.99355,0.99445,16152
2022-09-02 00:00:00,0.99467,0.99586,0.99408,0.99562,7754
2022-09-02 04:00:00,0.99562,0.99672,0.99537,0.99665,10730
2022-09-02 08:00:00,0.99665,0.99962,0.9964,0.99729,21737
2022-09-02 12:00:00,0.99727,1.00292,0.9968,1.00103,34003
2022-09-02 16:00:00,1.00103,1.00335,0.9962,0.99695,42679
2022-09-02 20:00:00,0.99695,0.99727,0.99452,0.99512,20133
2022-09-05 00:00:00,0.99212,0.99332,0.99033,0.99155,15022
2022-09-05 04:00:00,0.99155,0.99246,0.99008,0.99052,17111
2022-09-05 08:00:00,0.99053,0.9937,0.98781,0.99111,30965
2022-09-05 12:00:00,0.99112,0.99438,0.99071,0.99236,24765
2022-09-05 16:00:00,0.99236,0.99348,0.99179,0.99291,15681
2022-09-05 20:00:00,0.99291,0.99359,0.99271,0.99271,2559
2022-09-06 00:00:00,0.99251,0.9969,0.99242,0.99685,13136
2022-09-06 04:00:00,0.99685,0.99708,0.99427,0.99462,16259
2022-09-06 08:00:00,0.99462,0.99861,0.99447,0.9958,27296
2022-09-06 12:00:00,0.9958,0.99602,0.98992,0.99004,28051
2022-09-06 16:00:00,0.99004,0.9929,0.9864,0.99086,35908
2022-09-06 20:00:00,0.99086,0.99118,0.98954,0.99037,13969
2022-09-07 00:00:00,0.99022,0.99081,0.98839,0.98905,8814
2022-09-07 04:00:00,0.98904,0.98964,0.9877,0.98925,16580
2022-09-07 08:00:00,0.98925,0.99299,0.98875,0.99072,19913
2022-09-07 12:00:00,0.99073,0.99143,0.98754,0.9893,25583
2022-09-07 16:00:00,0.98929,0.99755,0.98834,0.99734,32329
2022-09-07 20:00:00,0.99732,1.00109,0.99714,1.00021,15408
2022-09-08 00:00:00,1.00057,1.00129,0.99829,0.99852,7876
2022-09-08 04:00:00,0.99852,0.99946,0.99794,0.99897,13020
2022-09-08 08:00:00,0.99896,1.00149,0.99761,0.99978,24323
2022-09-08 12:00:00,0.99977,1.00295,0.99852,1.00001,32582
2022-09-08 16:00:00,1.00001,1.00013,0.99306,0.99687,48031
2022-09-08 20:00:00,0.99688,0.99999,0.99645,0.99949,16959
2022-09-09 00:00:00,0.99929,1.00511,0.99925,1.00441,9098
2022-09-09 04:00:00,1.00441,1.00842,1.00439,1.00724,17879
2022-09-09 08:00:00,1.00724,1.01134,1.00584,1.01071,28000
2022-09-09 12:00:00,1.01065,1.01072,1.00346,1.00445,27459
2022-09-09 16:00:00,1.00445,1.00625,1.00322,1.00539,31406
2022-09-09 20:00:00,1.00539,1.00553,1.00368,1.00417,9871
2022-09-12 00:00:00,1.01042,1.01045,1.00597,1.00703,10244
2022-09-12 04:00:00,1.00703,1.00952,1.0069,1.0078,12235
2022-09-12 08:00:00,1.0078,1.01979,1.00775,1.01918,31703
2022-09-12 12:00:00,1.01918,1.01918,1.01292,1.01416,29803
2022-09-12 16:00:00,1.01416,1.01441,1.01045,1.01436,28882
2022-09-12 20:00:00,1.01436,1.01443,1.01109,1.0122,12886
2022-09-13 00:00:00,1.01213,1.01467,1.01186,1.01351,6472
2022-09-13 04:00:00,1.01352,1.01379,1.01196,1.01286,10508
2022-09-13 08:00:00,1.01284,1.01562,1.0127,1.01548,20042
2022-09-13 12:00:00,1.01548,1.01872,1.00302,1.00373,32541
2022-09-13 16:00:00,1.00374,1.00427,0.99893,0.99983,43409
2022-09-13 20:00:00,0.99983,1.00062,0.99666,0.99711,15778
2022-09-14 00:00:00,0.99696,0.99833,0.99556,0.99788,11524
2022-09-14 04:00:00,0.99787,1.00007,0.99717,0.99952,17185
2022-09-14 08:00:00,0.99952,1.00098,0.99594,0.99914,34597
2022-09-14 12:00:00,0.99914,1.00236,0.99801,0.99977,36736
2022-09-14 16:00:00,0.99977,1.00084,0.99707,0.99973,37555
2022-09-14 20:00:00,0.99973,0.99998,0.99691,0.99799,12930
2022-09-15 00:00:00,0.998,0.99846,0.99716,0.99756,5755
2022-09-15 04:00:00,0.99756,0.99826,0.99663,0.99681,9486
2022-09-15 08:00:00,0.99681,0.99955,0.99557,0.99923,21410
2022-09-15 12:00:00,0.99923,1.00177,0.99691,1.00077,28983
2022-09-15 16:00:00,1.00077,1.00138,0.99815,1.00056,34302
2022-09-15 20:00:00,1.00056,1.00153,0.99879,0.99945,13298
2022-09-16 00:00:00,0.99975,1.00108,0.99861,1.00058,6307
2022-09-16 04:00:00,1.00059,1.00122,0.9991,0.99957,10445
2022-09-16 08:00:00,0.99957,0.99986,0.9945,0.99551,29848
2022-09-16 12:00:00,0.99552,0.99891,0.99532,0.99554,25126
2022-09-16 16:00:00,0.99554,1.00365,0.99535,1.00068,42151
2022-09-16 20:00:00,1.00068,1.00159,0.99931,1.0013,14041
2022-09-19 00:00:00,1.00095,1.00293,1.00052,1.00112,6888
2022-09-19 04:00:00,1.00111,1.00129,0.99905,0.99921,9018
2022-09-19 08:00:00,0.99921,0.99934,0.9966,0.99761,19567
2022-09-19 12:00:00,0.99759,1.00048,0.99671,0.99829,23148
2022-09-19 16:00:00,0.9983,1.00181,0.99757,1.00123,24310
2022-09-19 20:00:00,1.00123,1.00275,1.00029,1.00213,11819
2022-09-20 00:00:00,1.00213,1.00505,1.00196,1.00348,8040
2022-09-20 04:00:00,1.00348,1.00376,1.00198,1.00224,10526
2022-09-20 08:00:00,1.00224,1.0042,1.00001,1.00099,28559
2022-09-20 12:00:00,1.00098,1.00186,0.99551,0.9971,30803
2022-09-20 16:00:00,0.9971,0.99994,0.99591,0.99798,33978
2022-09-20 20:00:00,0.99799,0.99833,0.99602,0.99705,18277
2022-09-21 00:00:00,0.99696,0.99752,0.99572,0.99625,8832
2022-09-21 04:00:00,0.99625,0.9971,0.99573,0.996,11935
2022-09-21 08:00:00,0.996,0.99684,0.98848,0.99019,38102
2022-09-21 12:00:00,0.99019,0.99376,0.98955,0.99132,24794
2022-09-21 16:00:00,0.99132,0.99164,0.98662,0.98698,32408
2022-09-21 20:00:00,0.98697,0.99103,0.98129,0.98367,58235
2022-09-22 00:00:00,0.98367,0.98483,0.98075,0.98156,12202
2022-09-22 04:00:00,0.98156,0.98381,0.98088,0.98286,22109
2022-09-22 08:00:00,0.98286,0.99075,0.98132,0.98794,52069
2022-09-22 12:00:00,0.98793,0.98878,0.98554,0.98767,46800
2022-09-22 16:00:00,0.98766,0.98773,0.98121,0.98395,50915
2022-09-22 20:00:00,0.98395,0.98521,0.98297,0.98334,19657
2022-09-23 00:00:00,0.98395,0.98485,0.98283,0.98434,6533
2022-09-23 04:00:00,0.98434,0.98519,0.98185,0.98229,10496
2022-09-23 08:00:00,0.98228,0.98382,0.97511,0.97532,30826
2022-09-23 12:00:00,0.97532,0.97715,0.97362,0.97556,48982
2022-09-23 16:00:00,0.97556,0.97747,0.97022,0.97074,49928
2022-09-23 20:00:00,0.97076,0.97185,0.9668,0.96944,24316
2022-09-26 00:00:00,0.96687,0.97099,0.95501,0.95693,21544
2022-09-26 04:00:00,0.95694,0.96636,0.95595,0.96282,38970
2022-09-26 08:00:00,0.9628,0.97015,0.96205,0.9685,53180
2022-09-26 12:00:00,0.9685,0.96976,0.9619,0.96696,49410
2022-09-26 16:00:00,0.96696,0.9682,0.96079,0.96215,68590
2022-09-26 20:00:00,0.96214,0.96275,0.95998,0.96094,33906
2022-09-27 00:00:00,0.96094,0.96385,0.9584,0.96342,13146
2022-09-27 04:00:00,0.96341,0.96458,0.96234,0.96366,17610
2022-09-27 08:00:00,0.96366,0.9671,0.9621,0.96243,38677
2022-09-27 12:00:00,0.96243,0.96526,0.96066,0.96226,38071
2022-09-27 16:00:00,0.96227,0.96436,0.95691,0.95814,60548
2022-09-27 20:00:00,0.95813,0.96009,0.95709,0.95931,23792
2022-09-28 00:00:00,0.95929,0.96006,0.95677,0.95725,11782
2022-09-28 04:00:00,0.95724,0.95765,0.95424,0.95508,30492
2022-09-28 08:00:00,0.95507,0.95885,0.95359,0.95562,45370
2022-09-28 12:00:00,0.95564,0.96027,0.95379,0.95849,68822
2022-09-28 16:00:00,0.95848,0.97083,0.95757,0.97021,67580
2022-09-28 20:00:00,0.9702,0.97509,0.97008,0.97325,27040
2022-09-29 00:00:00,0.97325,0.97373,0.96893,0.96893,13198
2022-09-29 04:00:00,0.96893,0.96997,0.96745,0.96857,19465
2022-09-29 08:00:00,0.96856,0.96877,0.96356,0.96655,47730
2022-09-29 12:00:00,0.96654,0.97467,0.96641,0.9688,53680
2022-09-29 16:00:00,0.9688,0.97977,0.96849,0.9776,64132
2022-09-29 20:00:00,0.9776,0.98163,0.97695,0.98155,26223
2022-09-30 00:00:00,0.98159,0.98441,0.98094,0.98254,16640
2022-09-30 04:00:00,0.98254,0.98293,0.97945,0.97994,21826
2022-09-30 08:00:00,0.97994,0.98539,0.979,0.98331,50303
2022-09-30 12:00:00,0.98331,0.98381,0.97353,0.97547,51226
2022-09-30 16:00:00,0.97547,0.98184,0.97349,0.979,62851
2022-09-30 20:00:00,0.979,0.98155,0.97829,0.98015,24290
2022-10-03 00:00:00,0.97922,0.9809,0.97852,0.98014,12393
2022-10-03 04:00:00,0.98013,0.98286,0.97853,0.97854,15977
2022-10-03 08:00:00,0.97855,0.98346,0.97843,0.98109,43544
2022-10-03 12:00:00,0.98109,0.98128,0.97527,0.97657,34509
2022-10-03 16:00:00,0.97656,0.98446,0.97579,0.9808,55199
2022-10-03 20:00:00,0.98079,0.98288,0.9788,0.98247,25465
2022-10-04 00:00:00,0.98247,0.98379,0.98113,0.98268,11414
2022-10-04 04:00:00,0.98268,0.98454,0.98061,0.98333,21679
2022-10-04 08:00:00,0.98334,0.9896,0.9826,0.98749,44720
2022-10-04 12:00:00,0.98748,0.99346,0.98527,0.99241,47715
2022-10-04 16:00:00,0.99242,0.99937,0.99099,0.997,53164
2022-10-04 20:00:00,0.99701,0.99995,0.99603,0.99856,30719
2022-10-05 00:00:00,0.99858,0.99899,0.99703,0.99762,11459
2022-10-05 04:00:00,0.99761,0.99907,0.99595,0.99662,25149
2022-10-05 08:00:00,0.99662,0.99949,0.99228,0.99474,41732
2022-10-05 12:00:00,0.99473,0.9952,0.98921,0.99115,36721
2022-10-05 16:00:00,0.99116,0.99142,0.98347,0.98632,52810
2022-10-05 20:00:00,0.98632,0.98969,0.98601,0.98752,24354
2022-10-06 00:00:00,0.98747,0.99263,0.98695,0.99169,11840
2022-10-06 04:00:00,0.99169,0.99265,0.99031,0.9921,18901
2022-10-06 08:00:00,0.9921,0.9926,0.98752,0.98884,41598
2022-10-06 12:00:00,0.98885,0.99028,0.98557,0.98687,44118
2022-10-06 16:00:00,0.98686,0.98705,0.97881,0.98025,59549
2022-10-06 20:00:00,0.98025,0.98168,0.97891,0.97912,30040
2022-10-07 00:00:00,0.97896,0.97977,0.9785,0.97931,10601
2022-10-07 04:00:00,0.97932,0.9812,0.97866,0.97916,16000
2022-10-07 08:00:00,0.97917,0.98169,0.97657,0.98017,35760
2022-10-07 12:00:00,0.98018,0.98112,0.97261,0.97502,40519
2022-10-07 16:00:00,0.97502,0.97911,0.97417,0.9761,63795
2022-10-07 20:00:00,0.9761,0.97693,0.97307,0.97337,21563
2022-10-10 00:00:00,0.97292,0.97413,0.97248,0.97378,13786
2022-10-10 04:00:00,0.97378,0.97533,0.97325,0.97398,15396
2022-10-10 08:00:00,0.97398,0.97435,0.96817,0.96884,33540
2022-10-10 12:00:00,0.96884,0.97191,0.96871,0.97147,32660
2022-10-10 16:00:00,0.97147,0.97457,0.96855,0.96918,46689
2022-10-10 20:00:00,0.96919,0.97239,0.96854,0.97027,24192
2022-10-11 00:00:00,0.97027,0.9723,0.96968,0.97204,11781
2022-10-11 04:00:00,0.97203,0.97213,0.96707,0.96772,26178
2022-10-11 08:00:00,0.96771,0.97248,0.96747,0.97076,41841
2022-10-11 12:00:00,0.97077,0.9738,0.96919,0.97198,41091
2022-10-11 16:00:00,0.97199,0.97746,0.96907,0.97654,51864
2022-10-11 20:00:00,0.97656,0.97667,0.96938,0.97055,33232
2022-10-12 00:00:00,0.97045,0.97179,0.96903,0.97032,13363
2022-10-12 04:00:00,0.97032,0.97348,0.96827,0.9715,28404
2022-10-12 08:00:00,0.9715,0.9733,0.96959,0.97038,46277
2022-10-12 12:00:00,0.97037,0.97199,0.96872,0.97053,37665
2022-10-12 16:00:00,0.97053,0.97112,0.96678,0.96836,45417
2022-10-12 20:00:00,0.96836,0.97202,0.96807,0.97024,26302
2022-10-13 00:00:00,0.97017,0.97219,0.96977,0.97145,9536
2022-10-13 04:00:00,0.97146,0.97148,0.9695,0.9704,14956
2022-10-13 08:00:00,0.9704,0.97142,0.96854,0.9714,26194
2022-10-13 12:00:00,0.97139,0.97532,0.96315,0.96682,52045
2022-10-13 16:00:00,0.96681,0.97992,0.96453,0.97745,97982
2022-10-13 20:00:00,0.97745,0.9806,0.97683,0.97741,34343
2022-10-14 00:00:00,0.97697,0.9779,0.97619,0.97681,11660
2022-10-14 04:00:00,0.97681,0.98088,0.97678,0.97818,23596
2022-10-14 08:00:00,0.97818,0.97971,0.97449,0.97504,43401
2022-10-14 12:00:00,0.97504,0.97768,0.97091,0.9773,49828
2022-10-14 16:00:00,0.9773,0.97997,0.97072,0.97177,74442
2022-10-14 20:00:00,0.97176,0.97319,0.97138,0.9719,23027
2022-10-17 00:00:00,0.97212,0.97507,0.97177,0.97457,14707
2022-10-17 04:00:00,0.97457,0.97523,0.97326,0.97367,19098
2022-10-17 08:00:00,0.97367,0.9757,0.97199,0.97385,40480
2022-10-17 12:00:00,0.97386,0.97848,0.97296,0.97753,36116
2022-10-17 16:00:00,0.97753,0.98522,0.97726,0.98393,45091
2022-10-17 20:00:00,0.98392,0.98509,0.98324,0.98361,20939
2022-10-18 00:00:00,0.98361,0.98529,0.98361,0.98412,12702
2022-10-18 04:00:00,0.98412,0.98664,0.98232,0.98574,23997
2022-10-18 08:00:00,0.98575,0.98736,0.98246,0.9829,40581
2022-10-18 12:00:00,0.9829,0.98579,0.98126,0.98544,40176
2022-10-18 16:00:00,0.98545,0.98757,0.98213,0.98559,48421
2022-10-18 20:00:00,0.98559,0.98637,0.98418,0.98507,27485
2022-10-19 00:00:00,0.98576,0.98725,0.9852,0.98611,12821
2022-10-19 04:00:00,0.98611,0.98644,0.98372,0.984,18791
2022-10-19 08:00:00,0.984,0.9844,0.98125,0.98169,39098
2022-10-19 12:00:00,0.9817,0.98239,0.97595,0.97798,40653
2022-10-19 16:00:00,0.97799,0.98026,0.97649,0.9766,46060
2022-10-19 20:00:00,0.9766,0.97785,0.97574,0.97722,23234
2022-10-20 00:00:00,0.97722,0.97758,0.97585,0.97651,12514
2022-10-20 04:00:00,0.9765,0.97856,0.97545,0.97784,28838
2022-10-20 08:00:00,0.97783,0.97946,0.97715,0.97816,46954
2022-10-20 12:00:00,0.97817,0.98375,0.97729,0.98026,51299
2022-10-20 16:00:00,0.98026,0.98454,0.97797,0.98027,61888
2022-10-20 20:00:00,0.98027,0.98028,0.97733,0.97864,29238
2022-10-21 00:00:00,0.97829,0.9789,0.97679,0.97707,11684
2022-10-21 04:00:00,0.97709,0.97834,0.97645,0.97712,18814
2022-10-21 08:00:00,0.97711,0.98024,0.97526,0.97559,41718
2022-10-21 12:00:00,0.97561,0.97774,0.97048,0.9758,53592
2022-10-21 16:00:00,0.97579,0.98679,0.97519,0.9839,123214
2022-10-21 20:00:00,0.9839,0.98691,0.98241,0.98601,39279
2022-10-24 00:00:00,0.98734,0.98993,0.98313,0.98493,41945
2022-10-24 04:00:00,0.98493,0.98494,0.98254,0.9848,29557
2022-10-24 08:00:00,0.98479,0.98618,0.98167,0.98349,52820
2022-10-24 12:00:00,0.98349,0.98578,0.98068,0.98434,56422
2022-10-24 16:00:00,0.98435,0.98937,0.98268,0.98708,70663
2022-10-24 20:00:00,0.98707,0.98809,0.98684,0.9874,15687
2022-10-25 00:00:00,0.98734,0.98971,0.98692,0.98944,14853
2022-10-25 04:00:00,0.98944,0.98985,0.98774,0.98788,26704
2022-10-25 08:00:00,0.98789,0.98802,0.98527,0.98571,34371
2022-10-25 12:00:00,0.98571,0.98756,0.98487,0.98746,32699
2022-10-25 16:00:00,0.98744,0.99768,0.98731,0.99535,60962
2022-10-25 20:00:00,0.99535,0.99697,0.99506,0.9963,20522
2022-10-26 00:00:00,0.9963,0.99676,0.99435,0.99473,13466
2022-10-26 04:00:00,0.99473,0.99609,0.99452,0.99548,21159
2022-10-26 08:00:00,0.99547,1.00449,0.99517,1.00382,46424
2022-10-26 12:00:00,1.00381,1.00476,0.99956,1.00045,46681
2022-10-26 16:00:00,1.00045,1.00836,1.00019,1.00763,59239
2022-10-26 20:00:00,1.00764,1.00887,1.0067,1.00788,23596
2022-10-27 00:00:00,1.00782,1.00937,1.00704,1.00784,12507
2022-10-27 04:00:00,1.00783,1.00842,1.00619,1.00706,20219
2022-10-27 08:00:00,1.00707,1.00838,1.00542,1.00601,38477
2022-10-27 12:00:00,1.00601,1.00628,0.99854,1.00064,53087
2022-10-27 16:00:00,1.00064,1.00437,0.99704,0.99779,75530
2022-10-27 20:00:00,0.99779,0.99957,0.99576,0.99645,23665
2022-10-28 00:00:00,0.99642,0.99721,0.99581,0.99667,9944
2022-10-28 04:00:00,0.99668,0.99981,0.99645,0.9985,24600
2022-10-28 08:00:00,0.9985,0.9991,0.99267,0.9941,47170
2022-10-28 12:00:00,0.99413,0.99757,0.99353,0.99691,49530
2022-10-28 16:00:00,0.99692,0.99897,0.99289,0.99384,56332
2022-10-28 20:00:00,0.99384,0.99677,0.99341,0.99624,15084
2022-10-31 00:00:00,0.99577,0.99649,0.99432,0.99482,18673
2022-10-31 04:00:00,0.99482,0.99658,0.99442,0.99482,13511
2022-10-31 08:00:00,0.99481,0.99546,0.99143,0.99463,31256
2022-10-31 12:00:00,0.99463,0.99467,0.98883,0.989,37903
2022-10-31 16:00:00,0.98901,0.9908,0.9873,0.98869,41153
2022-10-31 20:00:00,0.98869,0.98958,0.98752,0.98835,12482
2022-11-01 00:00:00,0.98834,0.98999,0.98814,0.98949,13004
2022-11-01 04:00:00,0.9895,0.99279,0.98929,0.9925,18941
2022-11-01 08:00:00,0.99249,0.99478,0.99086,0.99339,35413
2022-11-01 12:00:00,0.99339,0.9954,0.99234,0.99363,40867
2022-11-01 16:00:00,0.99366,0.99373,0.98529,0.98818,57191
2022-11-01 20:00:00,0.98819,0.98861,0.9873,0.98748,15396
2022-11-02 00:00:00,0.98741,0.98891,0.98704,0.98881,13906
2022-11-02 04:00:00,0.98881,0.98997,0.98789,0.98876,13754
2022-11-02 08:00:00,0.98878,0.99069,0.98711,0.9905,24296
2022-11-02 12:00:00,0.9905,0.9915,0.98845,0.98942,31883
2022-11-02 16:00:00,0.98943,0.98944,0.98588,0.98797,27096
2022-11-02 20:00:00,0.98799,0.99759,0.9813,0.9815,64051
2022-11-03 00:00:00,0.98177,0.98396,0.981,0.98311,14128
2022-11-03 04:00:00,0.9831,0.98393,0.98243,0.98262,12234
2022-11-03 08:00:00,0.98262,0.98262,0.97475,0.97533,35411
2022-11-03 12:00:00,0.97533,0.97636,0.973,0.97446,48430
2022-11-03 16:00:00,0.9745,0.97948,0.97425,0.97472,44795
2022-11-03 20:00:00,0.97472,0.97614,0.97425,0.97491,12016
2022-11-04 00:00:00,0.97492,0.97665,0.97427,0.97639,12270
2022-11-04 04:00:00,0.97639,0.97904,0.97604,0.97754,14608
2022-11-04 08:00:00,0.97754,0.97966,0.97569,0.97753,33217
2022-11-04 12:00:00,0.97753,0.98817,0.9751,0.98665,62339
2022-11-04 16:00:00,0.98665,0.99405,0.98603,0.99233,60503
2022-11-04 20:00:00,0.99232,0.99665,0.99144,0.99559,18196
2022-11-07 00:00:00,0.9905,0.99471,0.99026,0.99303,19534
2022-11-07 04:00:00,0.99303,0.99555,0.99252,0.99444,16413
2022-11-07 08:00:00,0.99444,1.0007,0.99241,0.99856,37602
2022-11-07 12:00:00,0.99856,0.99983,0.99659,0.99939,32790
2022-11-07 16:00:00,0.99938,1.00265,0.99809,1.00219,42305
2022-11-07 20:00:00,1.00219,1.00341,1.00188,1.00194,13237
2022-11-08 00:00:00,1.00187,1.0031,1.0011,1.0014,10427
2022-11-08 04:00:00,1.0014,1.00157,0.99954,0.99956,10327
2022-11-08 08:00:00,0.99956,1.00077,0.99722,1.00035,28549
2022-11-08 12:00:00,1.00035,1.00097,0.99852,0.99994,23564
2022-11-08 16:00:00,0.99995,1.00941,0.99985,1.00883,38715
2022-11-08 20:00:00,1.00883,1.00963,1.00541,1.00713,23708
2022-11-09 00:00:00,1.00706,1.00851,1.00592,1.0063,14678
2022-11-09 04:00:00,1.00631,1.00882,1.00631,1.00685,16560
2022-11-09 08:00:00,1.00685,1.00852,1.00403,1.0047,31977
2022-11-09 12:00:00,1.0047,1.00644,1.00227,1.00286,35332
2022-11-09 16:00:00,1.00286,1.00864,1.0011,1.0027,51218
2022-11-09 20:00:00,1.00272,1.00311,0.99929,1.00091,22700
2022-11-10 00:00:00,1.00079,1.00289,1.00062,1.00238,9191
2022-11-10 04:00:00,1.00237,1.00383,1.00103,1.00346,14244
2022-11-10 08:00:00,1.00346,1.00429,0.99594,0.99612,32389
2022-11-10 12:00:00,0.99611,1.01598,0.99355,1.01226,46707
2022-11-10 16:00:00,1.01228,1.01852,1.01098,1.01425,76554
2022-11-10 20:00:00,1.01428,1.02218,1.01427,1.02085,27345
2022-11-11 00:00:00,1.02079,1.02079,1.01632,1.01663,19879
2022-11-11 04:00:00,1.01663,1.02231,1.01663,1.0219,22454
2022-11-11 08:00:00,1.0219,1.02738,1.02081,1.02691,44680
2022-11-11 12:00:00,1.02692,1.03242,1.02541,1.03117,46769
2022-11-11 16:00:00,1.03118,1.0345,1.02658,1.0342,53540
2022-11-11 20:00:00,1.0342,1.03641,1.03381,1.03527,20947
2022-11-14 00:00:00,1.03314,1.035,1.03139,1.03275,23276
2022-11-14 04:00:00,1.03275,1.03345,1.0298,1.03004,21254
2022-11-14 08:00:00,1.03004,1.03506,1.03004,1.03126,36626
2022-11-14 12:00:00,1.03126,1.03361,1.02713,1.03177,39471
2022-11-14 16:00:00,1.03178,1.0351,1.02974,1.03356,45871
2022-11-14 20:00:00,1.03356,1.03586,1.03253,1.03262,16202
2022-11-15 00:00:00,1.03262,1.03317,1.03123,1.03195,13039
2022-11-15 04:00:00,1.03195,1.03349,1.03138,1.0332,14955
2022-11-15 08:00:00,1.03319,1.04181,1.03277,1.0401,43129
2022-11-15 12:00:00,1.04029,1.04814,1.03921,1.04385,49987
2022-11-15 16:00:00,1.04385,1.04445,1.03488,1.03849,68717
2022-11-15 20:00:00,1.03849,1.03887,1.02802,1.03482,62011
2022-11-16 00:00:00,1.03482,1.03612,1.03308,1.03438,23529
2022-11-16 04:00:00,1.03438,1.03872,1.03376,1.03737,29422
2022-11-16 08:00:00,1.03736,1.0425200000000001,1.0366,1.042,41186
2022-11-16 12:00:00,1.04204,1.04385,1.03842,1.03909,40901
2022-11-16 16:00:00,1.03909,1.04127,1.03715,1.03837,49642
2022-11-16 20:00:00,1.03838,1.04048,1.0354700000000001,1.03938,21923
2022-11-17 00:00:00,1.03934,1.03983,1.03741,1.03775,12086
2022-11-17 04:00:00,1.03775,1.03834,1.03597,1.03803,15273
2022-11-17 08:00:00,1.03803,1.04066,1.03568,1.03638,31692
2022-11-17 12:00:00,1.03638,1.03701,1.03111,1.03123,47593
2022-11-17 16:00:00,1.03124,1.03567,1.03055,1.03501,44113
2022-11-17 20:00:00,1.03501,1.03696,1.03483,1.03599,16067
2022-11-18 00:00:00,1.03604,1.03781,1.03572,1.03677,12663
2022-11-18 04:00:00,1.03677,1.03909,1.03612,1.03717,14483
2022-11-18 08:00:00,1.03718,1.0396,1.03422,1.03817,32024
2022-11-18 12:00:00,1.03817,1.03865,1.03566,1.03646,29323
2022-11-18 16:00:00,1.03647,1.03718,1.03263,1.03332,35604
2022-11-18 20:00:00,1.03332,1.03372,1.03136,1.03218,15582
2022-11-21 00:00:00,1.03217,1.03332,1.03003,1.03119,12452
2022-11-21 04:00:00,1.03119,1.03119,1.02723,1.02824,17000
2022-11-21 08:00:00,1.02825,1.02869,1.02261,1.02268,33799
2022-11-21 12:00:00,1.02268,1.0256,1.02263,1.02543,29152
2022-11-21 16:00:00,1.02544,1.02627,1.02226,1.02325,32622
2022-11-21 20:00:00,1.02324,1.02484,1.02305,1.02408,15799
2022-11-22 00:00:00,1.02404,1.02682,1.02375,1.02606,11039
2022-11-22 04:00:00,1.02606,1.02676,1.02458,1.02534,12581
2022-11-22 08:00:00,1.02535,1.02862,1.02461,1.02687,28882
2022-11-22 12:00:00,1.02687,1.0291,1.02559,1.02604,28536
2022-11-22 16:00:00,1.02605,1.02959,1.0254,1.02959,29165
2022-11-22 20:00:00,1.02958,1.03083,1.02896,1.03033,10927
2022-11-23 00:00:00,1.03029,1.03211,1.02996,1.03109,9386
2022-11-23 04:00:00,1.03109,1.03309,1.0308,1.03273,9388
2022-11-23 08:00:00,1.03273,1.0348600000000001,1.0302,1.03251,27524
2022-11-23 12:00:00,1.03251,1.03404,1.02965,1.03319,29281
2022-11-23 16:00:00,1.03319,1.03839,1.03267,1.03639,45373
2022-11-23 20:00:00,1.03638,1.04051,1.03594,1.03956,28297
2022-11-24 00:00:00,1.03959,1.0425200000000001,1.03918,1.0423499999999999,12168
2022-11-24 04:00:00,1.0423499999999999,1.04486,1.04176,1.04339,12868
2022-11-24 08:00:00,1.04339,1.04397,1.04001,1.04193,26556
2022-11-24 12:00:00,1.04193,1.04292,1.03817,1.04229,29249
2022-11-24 16:00:00,1.04228,1.04276,1.04017,1.04089,20549
2022-11-24 20:00:00,1.04089,1.04142,1.04012,1.04074,4790
2022-11-25 00:00:00,1.04074,1.04152,1.03961,1.04096,9448
2022-11-25 04:00:00,1.04096,1.04293,1.04046,1.04112,12272
2022-11-25 08:00:00,1.04112,1.04283,1.03823,1.03934,27923
2022-11-25 12:00:00,1.03934,1.04216,1.03612,1.03726,28084
2022-11-25 16:00:00,1.03727,1.04116,1.0354700000000001,1.0406,30232
2022-11-25 20:00:00,1.0406,1.04146,1.03852,1.03941,15313
2022-11-28 00:00:00,1.03699,1.0384,1.03412,1.03483,13988
2022-11-28 04:00:00,1.03483,1.0365,1.03432,1.03509,15107
2022-11-28 08:00:00,1.03509,1.04565,1.03481,1.04478,34173
2022-11-28 12:00:00,1.04478,1.04969,1.04389,1.04629,33589
2022-11-28 16:00:00,1.04629,1.04629,1.03682,1.03697,41807
2022-11-28 20:00:00,1.03698,1.0373,1.03302,1.0338,16026
2022-11-29 00:00:00,1.03381,1.03625,1.03342,1.03597,12098
2022-11-29 04:00:00,1.03596,1.03944,1.03472,1.03868,17488
2022-11-29 08:00:00,1.03868,1.03927,1.03509,1.03648,36236
2022-11-29 12:00:00,1.03648,1.03936,1.03248,1.03302,32462
2022-11-29 16:00:00,1.03303,1.0373,1.03256,1.03402,43095
2022-11-29 20:00:00,1.03402,1.03465,1.03199,1.03247,16432
2022-11-30 00:00:00,1.03276,1.03532,1.03191,1.03479,12314
2022-11-30 04:00:00,1.03479,1.03611,1.03406,1.0348600000000001,9392
2022-11-30 08:00:00,1.0348600000000001,1.03814,1.03358,1.03584,24247
2022-11-30 12:00:00,1.03584,1.03917,1.03466,1.0359,30655
2022-11-30 16:00:00,1.03589,1.03999,1.02902,1.0315,50539
2022-11-30 20:00:00,1.0315,1.04287,1.03063,1.04023,48521
2022-12-01 00:00:00,1.04029,1.04478,1.03984,1.04262,16025
2022-12-01 04:00:00,1.0426,1.04515,1.0419,1.04458,16033
2022-12-01 08:00:00,1.04458,1.0464,1.03931,1.04414,37663
2022-12-01 12:00:00,1.04414,1.05138,1.04179,1.04894,34852
2022-12-01 16:00:00,1.04895,1.05341,1.04696,1.05076,59200
2022-12-01 20:00:00,1.05075,1.05304,1.0496,1.05216,24923
2022-12-02 00:00:00,1.05247,1.05396,1.05066,1.05135,10668
2022-12-02 04:00:00,1.05135,1.05286,1.05053,1.05232,13044
2022-12-02 08:00:00,1.05233,1.0545,1.05131,1.05299,34149
2022-12-02 12:00:00,1.053,1.05447,1.04281,1.04623,38770
2022-12-02 16:00:00,1.04623,1.05341,1.04451,1.05254,58789
2022-12-02 20:00:00,1.05256,1.05425,1.05105,1.05402,17954
2022-12-05 00:00:00,1.0535,1.05742,1.05307,1.05681,12241
2022-12-05 04:00:00,1.05681,1.0585,1.05572,1.05831,11716
2022-12-05 08:00:00,1.05832,1.05832,1.05304,1.05593,28255
2022-12-05 12:00:00,1.05593,1.05949,1.05198,1.0566,29840
2022-12-05 16:00:00,1.05657,1.05685,1.04905,1.04954,44618
2022-12-05 20:00:00,1.04953,1.0506199999999999,1.04803,1.04891,14821
2022-12-06 00:00:00,1.04914,1.05189,1.04849,1.05105,9529
2022-12-06 04:00:00,1.05105,1.05152,1.04833,1.0493999999999999,15668
2022-12-06 08:00:00,1.04939,1.05096,1.04759,1.04942,29469
2022-12-06 12:00:00,1.04942,1.05329,1.04915,1.05136,26938
2022-12-06 16:00:00,1.05136,1.05288,1.04796,1.04821,40663
2022-12-06 20:00:00,1.04822,1.04825,1.04593,1.04621,13668
2022-12-07 00:00:00,1.04642,1.04741,1.04552,1.04729,8308
2022-12-07 04:00:00,1.04729,1.04765,1.04582,1.04665,11058
2022-12-07 08:00:00,1.04665,1.04844,1.04432,1.04759,29663
2022-12-07 12:00:00,1.04759,1.05473,1.04727,1.05424,30245
2022-12-07 16:00:00,1.05426,1.05498,1.04884,1.05182,48201
2022-12-07 20:00:00,1.05181,1.05286,1.05026,1.05035,15640
2022-12-08 00:00:00,1.05031,1.05153,1.04948,1.05017,10140
2022-12-08 04:00:00,1.0501800000000001,1.05075,1.0493999999999999,1.05036,12426
2022-12-08 08:00:00,1.05036,1.05308,1.04896,1.04947,23830
2022-12-08 12:00:00,1.04947,1.0532,1.04908,1.05205,27962
2022-12-08 16:00:00,1.05204,1.05649,1.05173,1.05442,35810
2022-12-08 20:00:00,1.05442,1.05636,1.05383,1.05497,15952
2022-12-09 00:00:00,1.05523,1.05855,1.05517,1.05792,11469
2022-12-09 04:00:00,1.05792,1.05868,1.05663,1.0577,12079
2022-12-09 08:00:00,1.05769,1.05883,1.05468,1.05572,21830
2022-12-09 12:00:00,1.05572,1.05687,1.05023,1.05387,30041
2022-12-09 16:00:00,1.05387,1.05587,1.05191,1.05456,40202
2022-12-09 20:00:00,1.05455,1.05558,1.0529,1.05314,13516
2022-12-12 00:00:00,1.0526,1.05377,1.05059,1.05126,10847
2022-12-12 04:00:00,1.05125,1.05204,1.05064,1.05164,10337
2022-12-12 08:00:00,1.05163,1.0565,1.05088,1.05594,25455
2022-12-12 12:00:00,1.05594,1.05776,1.05534,1.05716,20157
2022-12-12 16:00:00,1.05716,1.05802,1.05175,1.05343,32557
2022-12-12 20:00:00,1.05343,1.05391,1.05107,1.05319,15594
2022-12-13 00:00:00,1.05351,1.05495,1.05295,1.05466,8330
2022-12-13 04:00:00,1.05465,1.05543,1.05313,1.05511,11551
2022-12-13 08:00:00,1.05511,1.05609,1.05311,1.05434,24158
2022-12-13 12:00:00,1.05436,1.0662,1.0528,1.06467,35296
2022-12-13 16:00:00,1.06465,1.0673300000000001,1.06107,1.06145,60730
2022-12-13 20:00:00,1.06145,1.06412,1.06104,1.06301,23328
2022-12-14 00:00:00,1.06319,1.06391,1.06207,1.06347,12908
2022-12-14 04:00:00,1.06347,1.06386,1.062,1.06261,9612
2022-12-14 08:00:00,1.06261,1.0665,1.06189,1.06622,29829
2022-12-14 12:00:00,1.06622,1.06721,1.06363,1.06466,28952
2022-12-14 16:00:00,1.06466,1.06676,1.0631599999999999,1.06514,34012
2022-12-14 20:00:00,1.06514,1.06954,1.06205,1.06805,59489
2022-12-15 00:00:00,1.06811,1.06828,1.066,1.06625,10124
2022-12-15 04:00:00,1.06626,1.06651,1.06457,1.06585,12103
2022-12-15 08:00:00,1.06585,1.06608,1.06057,1.06219,27882
2022-12-15 12:00:00,1.06219,1.06681,1.06068,1.06526,34294
2022-12-15 16:00:00,1.06525,1.07363,1.05928,1.05994,63385
2022-12-15 20:00:00,1.05992,1.06383,1.05925,1.06232,17471
2022-12-16 00:00:00,1.06236,1.06471,1.06206,1.06418,10524
2022-12-16 04:00:00,1.06419,1.06625,1.06406,1.06456,12909
2022-12-16 08:00:00,1.06455,1.06633,1.06102,1.06116,26920
2022-12-16 12:00:00,1.06114,1.06396,1.06094,1.06342,24873
2022-12-16 16:00:00,1.06343,1.0649,1.05976,1.06052,47170
2022-12-16 20:00:00,1.06052,1.06172,1.05843,1.05843,15891
2022-12-19 00:00:00,1.05888,1.06066,1.05822,1.06065,10263
2022-12-19 04:00:00,1.06064,1.06131,1.06014,1.06076,10455
2022-12-19 08:00:00,1.06076,1.06581,1.06036,1.06173,26242
2022-12-19 12:00:00,1.06181,1.06352,1.05972,1.06064,26329
2022-12-19 16:00:00,1.06067,1.06311,1.05758,1.0625,32880
2022-12-19 20:00:00,1.06249,1.06264,1.06006,1.06049,16102
2022-12-20 00:00:00,1.06064,1.06129,1.05979,1.06054,9471
2022-12-20 04:00:00,1.06054,1.0652,1.05791,1.05865,34481
2022-12-20 08:00:00,1.05866,1.06381,1.0583,1.06372,43153
2022-12-20 12:00:00,1.06371,1.06462,1.05942,1.06156,31446
2022-12-20 16:00:00,1.06155,1.06587,1.05984,1.0615,43989
2022-12-20 20:00:00,1.0615,1.06293,1.05993,1.06224,14860
2022-12-21 00:00:00,1.06218,1.06282,1.06137,1.062,10726
2022-12-21 04:00:00,1.062,1.0626,1.06069,1.06176,9788
2022-12-21 08:00:00,1.06176,1.06375,1.06099,1.06147,23552
2022-12-21 12:00:00,1.06146,1.06457,1.06047,1.06285,24621
2022-12-21 16:00:00,1.06284,1.06336,1.05904,1.06006,34592
2022-12-21 20:00:00,1.06007,1.06202,1.05932,1.0604,14444
2022-12-22 00:00:00,1.0602800000000001,1.06302,1.0602800000000001,1.06296,7580
2022-12-22 04:00:00,1.06296,1.06487,1.06258,1.06402,10431
2022-12-22 08:00:00,1.064,1.06595,1.06261,1.06464,20445
2022-12-22 12:00:00,1.06464,1.06563,1.06035,1.06113,25310
2022-12-22 16:00:00,1.06113,1.06185,1.05822,1.0584500000000001,32325
2022-12-22 20:00:00,1.05844,1.06032,1.05733,1.05916,17964
2022-12-23 00:00:00,1.05971,1.06041,1.05868,1.06018,7357
2022-12-23 04:00:00,1.0602,1.06123,1.06018,1.06038,7763
2022-12-23 08:00:00,1.06038,1.06307,1.05962,1.06097,17029
2022-12-23 12:00:00,1.06097,1.06331,1.05948,1.06081,23780
2022-12-23 16:00:00,1.06081,1.06322,1.05924,1.06204,38389
2022-12-23 20:00:00,1.06206,1.06234,1.06061,1.06122,10698
2022-12-26 00:00:00,1.06115,1.06342,1.05974,1.06169,5251
2022-12-26 04:00:00,1.06168,1.06301,1.06136,1.06289,5022
2022-12-26 08:00:00,1.06288,1.06313,1.06149,1.06219,2551
2022-12-26 12:00:00,1.06219,1.06326,1.06166,1.06273,2280
2022-12-26 16:00:00,1.06273,1.0631599999999999,1.06211,1.06284,3007
2022-12-26 20:00:00,1.06287,1.0637,1.06237,1.06291,1810
2022-12-27 00:00:00,1.06355,1.0653299999999999,1.06289,1.0652,7448
2022-12-27 04:00:00,1.0652,1.06605,1.06354,1.06556,8186
2022-12-27 08:00:00,1.06555,1.06679,1.06384,1.06606,15578
2022-12-27 12:00:00,1.06606,1.06694,1.06195,1.06277,17502
2022-12-27 16:00:00,1.06275,1.06604,1.06116,1.06373,24957
2022-12-27 20:00:00,1.06373,1.06565,1.06331,1.06331,11847
2022-12-28 00:00:00,1.0639,1.0643,1.06246,1.06421,7932
2022-12-28 04:00:00,1.06421,1.06471,1.06321,1.06461,9901
2022-12-28 08:00:00,1.06461,1.06546,1.06279,1.0637,16722
2022-12-28 12:00:00,1.06371,1.06577,1.06294,1.06418,19659
2022-12-28 16:00:00,1.06418,1.06745,1.06116,1.06291,30035
2022-12-28 20:00:00,1.06291,1.06357,1.06056,1.06056,11416
2022-12-29 00:00:00,1.06115,1.06374,1.06055,1.06281,9354
2022-12-29 04:00:00,1.06281,1.06328,1.06193,1.06247,7812
2022-12-29 08:00:00,1.06249,1.06582,1.06113,1.06563,17069
2022-12-29 12:00:00,1.06563,1.06673,1.06317,1.0655000000000001,20405
2022-12-29 16:00:00,1.06551,1.06907,1.06364,1.06822,33200
2022-12-29 20:00:00,1.06823,1.06836,1.06599,1.06645,12971
2022-12-30 00:00:00,1.0661,1.06695,1.06542,1.06608,6816
2022-12-30 04:00:00,1.06608,1.06632,1.06421,1.06431,7811
2022-12-30 08:00:00,1.06432,1.06746,1.06383,1.06546,19951
2022-12-30 12:00:00,1.06546,1.06986,1.06453,1.06687,24803
2022-12-30 16:00:00,1.06688,1.07113,1.0659399999999999,1.07108,41824
2022-12-30 20:00:00,1.07109,1.0713300000000001,1.06922,1.07013,18726
2023-01-02 00:00:00,1.06809,1.07089,1.06719,1.06881,821
2023-01-02 04:00:00,1.06881,1.07019,1.06806,1.06967,1022
2023-01-02 08:00:00,1.06971,1.06995,1.06636,1.06788,7046
2023-01-02 12:00:00,1.06784,1.069,1.06745,1.06783,3553
2023-01-02 16:00:00,1.06785,1.06821,1.06511,1.06607,5672
2023-01-02 20:00:00,1.06607,1.06727,1.06499,1.0658,3338
2023-01-03 00:00:00,1.06643,1.06837,1.065,1.06599,12167
2023-01-03 04:00:00,1.06598,1.06802,1.06577,1.06636,11001
2023-01-03 08:00:00,1.06636,1.06678,1.05341,1.05476,37396
2023-01-03 12:00:00,1.05476,1.05699,1.05195,1.05603,30887
2023-01-03 16:00:00,1.05603,1.05974,1.05371,1.05463,41868
2023-01-03 20:00:00,1.05463,1.05689,1.05411,1.05411,15663
2023-01-04 00:00:00,1.05465,1.05695,1.05411,1.05667,10763
2023-01-04 04:00:00,1.05667,1.0578400000000001,1.05616,1.05692,9598
2023-01-04 08:00:00,1.05692,1.06356,1.05597,1.06108,34669
2023-01-04 12:00:00,1.06108,1.06244,1.05949,1.06105,25498
2023-01-04 16:00:00,1.06105,1.06285,1.05812,1.06074,45897
2023-01-04 20:00:00,1.06074,1.06128,1.05853,1.06001,25842
2023-01-05 00:00:00,1.0603,1.0631599999999999,1.05986,1.06205,10851
2023-01-05 04:00:00,1.06204,1.06204,1.06016,1.06106,11720
2023-01-05 08:00:00,1.06107,1.06291,1.05902,1.06234,25151
2023-01-05 12:00:00,1.06235,1.0626,1.05514,1.05523,29110
2023-01-05 16:00:00,1.05524,1.05671,1.0515,1.05299,45770
2023-01-05 20:00:00,1.05299,1.05433,1.05156,1.0516,18943
2023-01-06 00:00:00,1.05207,1.05327,1.0516,1.05252,7854
2023-01-06 04:00:00,1.05251,1.05363,1.05107,1.05146,10270
2023-01-06 08:00:00,1.05146,1.0531,1.04968,1.05075,24633
2023-01-06 12:00:00,1.05075,1.05452,1.04814,1.05426,34077
2023-01-06 16:00:00,1.05426,1.06382,1.0501,1.0637699999999999,53921
2023-01-06 20:00:00,1.0637699999999999,1.06482,1.06296,1.06403,13763
2023-01-09 00:00:00,1.06393,1.06724,1.06304,1.06667,11191
2023-01-09 04:00:00,1.06668,1.06831,1.06661,1.06772,12039
2023-01-09 08:00:00,1.06771,1.06997,1.06606,1.06724,26874
2023-01-09 12:00:00,1.06725,1.07318,1.06616,1.07252,25194
2023-01-09 16:00:00,1.07252,1.07607,1.07116,1.07503,32776
2023-01-09 20:00:00,1.07503,1.07541,1.07301,1.07301,16499
2023-01-10 00:00:00,1.07318,1.07398,1.07208,1.07363,11380
2023-01-10 04:00:00,1.07363,1.07441,1.07213,1.07428,12985
2023-01-10 08:00:00,1.07428,1.07519,1.07222,1.07461,25184
2023-01-10 12:00:00,1.07461,1.07461,1.07122,1.07217,21382
2023-01-10 16:00:00,1.07217,1.07593,1.07217,1.07334,43646
2023-01-10 20:00:00,1.07334,1.07441,1.07278,1.07281,12929
2023-01-11 00:00:00,1.07334,1.07453,1.07257,1.0731,9206
2023-01-11 04:00:00,1.0731,1.07568,1.07266,1.07477,8525
2023-01-11 08:00:00,1.07477,1.07574,1.0725500000000001,1.07416,21954
2023-01-11 12:00:00,1.07417,1.07554,1.07282,1.0749900000000001,20975
2023-01-11 16:00:00,1.0749900000000001,1.07765,1.07364,1.07467,28143
2023-01-11 20:00:00,1.07467,1.07673,1.0735,1.07537,13844
2023-01-12 00:00:00,1.07535,1.07746,1.07451,1.07668,13011
2023-01-12 04:00:00,1.07668,1.07752,1.07615,1.07627,8423
2023-01-12 08:00:00,1.07627,1.07735,1.07428,1.07654,21126
2023-01-12 12:00:00,1.07654,1.0838700000000001,1.07306,1.08289,33611
2023-01-12 16:00:00,1.08291,1.08489,1.07516,1.08486,62029
2023-01-12 20:00:00,1.08486,1.08671,1.08397,1.08453,21834
2023-01-13 00:00:00,1.08515,1.08679,1.08385,1.08558,12477
2023-01-13 04:00:00,1.08559,1.08564,1.08318,1.08372,12883
2023-01-13 08:00:00,1.08372,1.08645,1.08332,1.08425,28222
2023-01-13 12:00:00,1.08425,1.08517,1.07929,1.07937,27226
2023-01-13 16:00:00,1.07937,1.0838700000000001,1.07804,1.08282,37837
2023-01-13 20:00:00,1.08282,1.08358,1.08182,1.08257,11275
2023-01-16 00:00:00,1.0828,1.0872,1.082,1.08681,10722
2023-01-16 04:00:00,1.08681,1.08743,1.08509,1.08605,10455
2023-01-16 08:00:00,1.08605,1.08606,1.08016,1.0821,22866
2023-01-16 12:00:00,1.0821,1.08367,1.08059,1.08158,16335
2023-01-16 16:00:00,1.08158,1.08291,1.08118,1.08139,12415
2023-01-16 20:00:00,1.08139,1.0824799999999999,1.08109,1.08169,2743
2023-01-17 00:00:00,1.0821,1.08338,1.08142,1.08172,9946
2023-01-17 04:00:00,1.08171,1.08328,1.08063,1.0831,11512
2023-01-17 08:00:00,1.08311,1.0838700000000001,1.08109,1.08174,24975
2023-01-17 12:00:00,1.08175,1.08581,1.0809,1.08426,30603
2023-01-17 16:00:00,1.08426,1.08695,1.07745,1.07821,42908
2023-01-17 20:00:00,1.07821,1.08037,1.07799,1.07861,13767
2023-01-18 00:00:00,1.07876,1.07963,1.078,1.07963,7458
2023-01-18 04:00:00,1.07963,1.07994,1.07662,1.07797,22431
2023-01-18 08:00:00,1.07797,1.08716,1.07796,1.08701,35632
2023-01-18 12:00:00,1.08701,1.08703,1.08114,1.08584,32089
2023-01-18 16:00:00,1.08583,1.08874,1.07874,1.07959,50157
2023-01-18 20:00:00,1.0796000000000001,1.07993,1.07868,1.07901,17674
2023-01-19 00:00:00,1.07936,1.07983,1.07827,1.07877,10563
2023-01-19 04:00:00,1.07877,1.08056,1.07825,1.07916,11194
2023-01-19 08:00:00,1.07916,1.08293,1.07825,1.08249,23339
2023-01-19 12:00:00,1.08249,1.08381,1.07955,1.08096,29170
2023-01-19 16:00:00,1.08096,1.08253,1.07835,1.08164,33930
2023-01-19 20:00:00,1.08164,1.084,1.0813,1.08267,16984
2023-01-20 00:00:00,1.08294,1.0844,1.0825,1.08363,6893
2023-01-20 04:00:00,1.08363,1.0844,1.08251,1.08353,8668
2023-01-20 08:00:00,1.08353,1.08591,1.08208,1.0831,20543
2023-01-20 12:00:00,1.08311,1.08474,1.08024,1.0806499999999999,22201
2023-01-20 16:00:00,1.0806499999999999,1.08478,1.08046,1.08437,29110
2023-01-20 20:00:00,1.08437,1.08586,1.08337,1.0857,13083
2023-01-23 00:00:00,1.08661,1.08997,1.08522,1.0895,7594
2023-01-23 04:00:00,1.0895,1.09032,1.0889,1.08922,6715
2023-01-23 08:00:00,1.08922,1.09267,1.08873,1.09117,20815
2023-01-23 12:00:00,1.09117,1.09152,1.08534,1.08589,23732
2023-01-23 16:00:00,1.08589,1.08759,1.08464,1.08624,29912
2023-01-23 20:00:00,1.08624,1.0873,1.08476,1.08682,14259
2023-01-24 00:00:00,1.08715,1.08826,1.0867,1.08809,5453
2023-01-24 04:00:00,1.08807,1.0883,1.08695,1.08784,5535
2023-01-24 08:00:00,1.08784,1.08981,1.08519,1.08609,20799
2023-01-24 12:00:00,1.08609,1.08808,1.08522,1.0866,20921
2023-01-24 16:00:00,1.08659,1.08871,1.08352,1.08833,36711
2023-01-24 20:00:00,1.08833,1.08891,1.08741,1.08812,10238
2023-01-25 00:00:00,1.08879,1.08943,1.08802,1.08931,8387
2023-01-25 04:00:00,1.08931,1.09029,1.0892,1.08975,7097
2023-01-25 08:00:00,1.08976,1.09112,1.08677,1.08813,19572
2023-01-25 12:00:00,1.08813,1.08849,1.08573,1.0872,21202
2023-01-25 16:00:00,1.0872,1.09238,1.08688,1.08992,32397
2023-01-25 20:00:00,1.08993,1.09181,1.08993,1.09121,12261
2023-01-26 00:00:00,1.09147,1.09247,1.09071,1.09192,6717
2023-01-26 04:00:00,1.09192,1.09218,1.0909,1.09187,6721
2023-01-26 08:00:00,1.09186,1.09294,1.08926,1.08957,19573
2023-01-26 12:00:00,1.08956,1.09084,1.08728,1.09027,21961
2023-01-26 16:00:00,1.09027,1.09176,1.08506,1.08647,35246
2023-01-26 20:00:00,1.08647,1.08948,1.08636,1.08879,10358
2023-01-27 00:00:00,1.08917,1.09004,1.08853,1.08895,7202
2023-01-27 04:00:00,1.08895,1.08901,1.08657,1.08738,7626
2023-01-27 08:00:00,1.08738,1.08923,1.08657,1.08838,15205
2023-01-27 12:00:00,1.08838,1.08954,1.08587,1.08623,18250
2023-01-27 16:00:00,1.08623,1.08793,1.08378,1.0866500000000001,32796
2023-01-27 20:00:00,1.0866500000000001,1.08731,1.08564,1.08661,9765
2023-01-30 00:00:00,1.08563,1.08754,1.08563,1.0873599999999999,7304
2023-01-30 04:00:00,1.08737,1.08794,1.08644,1.08692,12178
2023-01-30 08:00:00,1.08692,1.09041,1.08531,1.09019,20399
2023-01-30 12:00:00,1.0902,1.09137,1.08862,1.08862,18695
2023-01-30 16:00:00,1.08862,1.08997,1.08574,1.08577,27059
2023-01-30 20:00:00,1.08577,1.08607,1.08392,1.08476,10874
2023-01-31 00:00:00,1.085,1.08602,1.0846,1.08576,7286
2023-01-31 04:00:00,1.08577,1.08591,1.08331,1.08347,7718
2023-01-31 08:00:00,1.08347,1.08497,1.0802,1.08299,21063
2023-01-31 12:00:00,1.08301,1.08633,1.0820400000000001,1.08511,24489
2023-01-31 16:00:00,1.08511,1.08677,1.08337,1.08651,33143
2023-01-31 20:00:00,1.08652,1.08749,1.08599,1.08611,9795
2023-02-01 00:00:00,1.08639,1.08657,1.08571,1.08573,5211
2023-02-01 04:00:00,1.08573,1.08749,1.08523,1.08717,5242
2023-02-01 08:00:00,1.08717,1.08886,1.08658,1.08836,18014
2023-02-01 12:00:00,1.08833,1.09099,1.08796,1.09042,17875
2023-02-01 16:00:00,1.09042,1.0924800000000001,1.08878,1.09077,27425
2023-02-01 20:00:00,1.09079,1.1001,1.08887,1.09848,45392
2023-02-02 00:00:00,1.09886,1.10331,1.0984,1.10134,12724
2023-02-02 04:00:00,1.10133,1.10256,1.1012,1.10201,10029
2023-02-02 08:00:00,1.10201,1.10218,1.0989,1.09986,20587
2023-02-02 12:00:00,1.09986,1.10044,1.0944099999999999,1.09452,34347
2023-02-02 16:00:00,1.09452,1.09664,1.08852,1.09084,45076
2023-02-02 20:00:00,1.09084,1.09228,1.09053,1.09061,19381
2023-02-03 00:00:00,1.09099,1.09116,1.08912,1.08938,7294
2023-02-03 04:00:00,1.08938,1.08984,1.08872,1.08937,7847
2023-02-03 08:00:00,1.08937,1.0931,1.08821,1.093,19913
2023-02-03 12:00:00,1.093,1.09402,1.0826500000000001,1.08398,29656
2023-02-03 16:00:00,1.08398,1.08762,1.08094,1.08247,51209
2023-02-03 20:00:00,1.08247,1.0824799999999999,1.07923,1.07936,16616
2023-02-06 00:00:00,1.07825,1.07984,1.07754,1.07851,13138
2023-02-06 04:00:00,1.07851,1.07989,1.07822,1.07967,11388
2023-02-06 08:00:00,1.07967,1.07979,1.07651,1.07667,21426
2023-02-06 12:00:00,1.07667,1.07832,1.07567,1.07581,20661
2023-02-06 16:00:00,1.07581,1.07662,1.07094,1.07131,29302
2023-02-06 20:00:00,1.07131,1.07373,1.07103,1.07216,11636
2023-02-07 00:00:00,1.07249,1.07427,1.07213,1.07412,6409
2023-02-07 04:00:00,1.07412,1.07427,1.07287,1.07403,10206
2023-02-07 08:00:00,1.07403,1.07437,1.06971,1.07109,25467
2023-02-07 12:00:00,1.07109,1.07227,1.06858,1.06953,23335
2023-02-07 16:00:00,1.06953,1.07666,1.06692,1.07605,38176
2023-02-07 20:00:00,1.0760399999999999,1.07627,1.06874,1.07195,37757
2023-02-08 00:00:00,1.07267,1.07351,1.07182,1.07264,6200
2023-02-08 04:00:00,1.07264,1.07349,1.07239,1.07337,6037
2023-02-08 08:00:00,1.07337,1.07608,1.0724,1.07553,20238
2023-02-08 12:00:00,1.07553,1.07557,1.07258,1.0731600000000001,17016
2023-02-08 16:00:00,1.07317,1.07433,1.07137,1.07284,30321
2023-02-08 20:00:00,1.07285,1.07392,1.07081,1.07081,14227
2023-02-09 00:00:00,1.07129,1.0726,1.07081,1.07248,9722
2023-02-09 04:00:00,1.07248,1.07383,1.07237,1.07356,7898
2023-02-09 08:00:00,1.07356,1.07691,1.07241,1.07637,21231
2023-02-09 12:00:00,1.07637,1.07902,1.07587,1.07898,20090
2023-02-09 16:00:00,1.07898,1.07908,1.0739,1.07486,26352
2023-02-09 20:00:00,1.07486,1.07486,1.0731,1.0731,14941
2023-02-10 00:00:00,1.07386,1.0742,1.07258,1.07336,6714
2023-02-10 04:00:00,1.07332,1.07343,1.07174,1.0726,8430
2023-02-10 08:00:00,1.0726,1.07528,1.07042,1.07067,30864
2023-02-10 12:00:00,1.07067,1.07114,1.06813,1.06959,21902
2023-02-10 16:00:00,1.06959,1.07069,1.06664,1.06683,29311
2023-02-10 20:00:00,1.06684,1.06808,1.06677,1.06727,7893
2023-02-13 00:00:00,1.06802,1.0682,1.06557,1.0667,9315
2023-02-13 04:00:00,1.0667,1.06711,1.06605,1.06695,8206
2023-02-13 08:00:00,1.06696,1.0689899999999999,1.06632,1.06772,17453
2023-02-13 12:00:00,1.06771,1.06966,1.0673300000000001,1.06807,15652
2023-02-13 16:00:00,1.06807,1.07275,1.06765,1.07183,23168
2023-02-13 20:00:00,1.07183,1.0729899999999999,1.07117,1.07181,8538
2023-02-14 00:00:00,1.07243,1.07369,1.07181,1.07288,6729
2023-02-14 04:00:00,1.07288,1.074,1.0725500000000001,1.07384,7196
2023-02-14 08:00:00,1.07384,1.0767,1.07289,1.07614,18376
2023-02-14 12:00:00,1.07614,1.08038,1.07183,1.07605,31800
2023-02-14 16:00:00,1.0761,1.0772,1.07068,1.07278,63229
2023-02-14 20:00:00,1.07278,1.07455,1.07231,1.07352,18026
2023-02-15 00:00:00,1.0735999999999999,1.07445,1.07321,1.07397,6870
2023-02-15 04:00:00,1.07398,1.07399,1.07136,1.07152,9078
2023-02-15 08:00:00,1.07152,1.0729899999999999,1.07001,1.07258,21637
2023-02-15 12:00:00,1.07257,1.0733,1.06741,1.06831,24665
2023-02-15 16:00:00,1.06831,1.06892,1.06618,1.06669,34128
2023-02-15 20:00:00,1.06669,1.06915,1.06606,1.06847,9642
2023-02-16 00:00:00,1.06864,1.0708,1.06829,1.07049,13292
2023-02-16 04:00:00,1.07048,1.07149,1.0701,1.07054,8319
2023-02-16 08:00:00,1.07054,1.07225,1.06891,1.07005,18326
2023-02-16 12:00:00,1.07004,1.07128,1.06698,1.0679400000000001,24601
2023-02-16 16:00:00,1.0679400000000001,1.0695999999999999,1.06545,1.06929,36165
2023-02-16 20:00:00,1.06929,1.06975,1.06693,1.06697,16754
2023-02-17 00:00:00,1.0672,1.06746,1.06523,1.06535,7220
2023-02-17 04:00:00,1.06535,1.06557,1.06328,1.06384,8733
2023-02-17 08:00:00,1.06384,1.06613,1.06296,1.0637,19313
2023-02-17 12:00:00,1.0637,1.06447,1.06129,1.06412,19760
2023-02-17 16:00:00,1.06412,1.06938,1.06366,1.06785,34786
2023-02-17 20:00:00,1.06785,1.06985,1.06776,1.06911,11446
2023-02-20 00:00:00,1.06835,1.06933,1.06731,1.0676,7731
2023-02-20 04:00:00,1.0676,1.06933,1.06754,1.06909,7366
2023-02-20 08:00:00,1.06909,1.07047,1.06792,1.0679400000000001,14283
2023-02-20 12:00:00,1.06793,1.06922,1.06703,1.06805,12578
2023-02-20 16:00:00,1.06805,1.06939,1.06783,1.06857,8801
2023-02-20 20:00:00,1.06857,1.06874,1.06824,1.06849,2450
2023-02-21 00:00:00,1.06853,1.06886,1.06676,1.06738,7961
2023-02-21 04:00:00,1.06737,1.06753,1.06621,1.06737,7784
2023-02-21 08:00:00,1.06737,1.06884,1.0642800000000001,1.06629,23142
2023-02-21 12:00:00,1.06627,1.06696,1.06458,1.06529,21262
2023-02-21 16:00:00,1.06529,1.06983,1.06439,1.06606,34568
2023-02-21 20:00:00,1.06607,1.06614,1.06374,1.06439,10028
2023-02-22 00:00:00,1.06439,1.0664,1.06426,1.06577,9989
2023-02-22 04:00:00,1.06577,1.06626,1.06513,1.06576,7460
2023-02-22 08:00:00,1.06576,1.06636,1.06357,1.06376,17982
2023-02-22 12:00:00,1.06375,1.06505,1.06246,1.06462,21165
2023-02-22 16:00:00,1.06463,1.06602,1.06172,1.06282,28962
2023-02-22 20:00:00,1.06282,1.0636,1.05992,1.06045,21628
2023-02-23 00:00:00,1.06036,1.06218,1.06015,1.06197,4757
2023-02-23 04:00:00,1.06197,1.06249,1.06146,1.06224,5572
2023-02-23 08:00:00,1.06224,1.06278,1.05875,1.0591,18428
2023-02-23 12:00:00,1.0591,1.06211,1.05859,1.06076,22886
2023-02-23 16:00:00,1.06077,1.06165,1.05771,1.05853,33399
2023-02-23 20:00:00,1.05853,1.06032,1.0581,1.05941,11829
2023-02-24 00:00:00,1.05971,1.06143,1.0588899999999999,1.06014,10834
2023-02-24 04:00:00,1.06013,1.06064,1.05948,1.05975,7866
2023-02-24 08:00:00,1.05975,1.06022,1.058,1.05858,18589
2023-02-24 12:00:00,1.05857,1.05961,1.05439,1.05538,27575
2023-02-24 16:00:00,1.05539,1.05607,1.05361,1.05471,41779
2023-02-24 20:00:00,1.05471,1.05556,1.05438,1.05438,12521
2023-02-27 00:00:00,1.05426,1.05594,1.05426,1.05593,8560
2023-02-27 04:00:00,1.05592,1.05599,1.05388,1.05394,8558
2023-02-27 08:00:00,1.05394,1.05613,1.05331,1.05511,20435
2023-02-27 12:00:00,1.05512,1.05834,1.05487,1.05829,19627
2023-02-27 16:00:00,1.05829,1.06199,1.05761,1.06012,27792
2023-02-27 20:00:00,1.06012,1.06128,1.05987,1.06063,11222
2023-02-28 00:00:00,1.06017,1.0615,1.05861,1.05866,7337
2023-02-28 04:00:00,1.05867,1.05988,1.0582,1.05847,7598
2023-02-28 08:00:00,1.05847,1.06258,1.0582,1.06059,21138
2023-02-28 12:00:00,1.06059,1.06319,1.06055,1.06312,17903
2023-02-28 16:00:00,1.06312,1.06453,1.05952,1.06056,32300
2023-02-28 20:00:00,1.06055,1.06068,1.05692,1.05692,10228
2023-03-01 00:00:00,1.05728,1.05851,1.05654,1.05844,11716
2023-03-01 04:00:00,1.05844,1.05955,1.05815,1.0591,8083
2023-03-01 08:00:00,1.0591,1.06573,1.05894,1.06423,25426
2023-03-01 12:00:00,1.06423,1.06916,1.064,1.06714,24182
2023-03-01 16:00:00,1.06714,1.06797,1.06436,1.06652,37010
2023-03-01 20:00:00,1.06653,1.06713,1.06464,1.06671,10623
2023-03-02 00:00:00,1.0666,1.06728,1.06467,1.06515,8082
2023-03-02 04:00:00,1.06515,1.06569,1.06372,1.06413,8673
2023-03-02 08:00:00,1.06413,1.06447,1.06191,1.06245,21486
2023-03-02 12:00:00,1.06244,1.0631599999999999,1.0582,1.0586,27709
2023-03-02 16:00:00,1.0586,1.06147,1.05766,1.05798,31233
2023-03-02 20:00:00,1.05798,1.06065,1.05765,1.05962,14507
2023-03-03 00:00:00,1.0596,1.06144,1.05936,1.06084,6710
2023-03-03 04:00:00,1.06085,1.06149,1.0602,1.06091,7258
2023-03-03 08:00:00,1.06091,1.06292,1.06073,1.061,19192
2023-03-03 12:00:00,1.06099,1.06297,1.06005,1.06224,18088
2023-03-03 16:00:00,1.06224,1.06297,1.05884,1.06249,32098
2023-03-03 20:00:00,1.06249,1.06387,1.06201,1.06314,10283
2023-03-06 00:00:00,1.06111,1.06381,1.06111,1.06364,6265
2023-03-06 04:00:00,1.06363,1.06502,1.06282,1.06484,7712
2023-03-06 08:00:00,1.06484,1.06574,1.06281,1.06292,18125
2023-03-06 12:00:00,1.06292,1.06583,1.06223,1.06547,18631
2023-03-06 16:00:00,1.06547,1.06944,1.06503,1.06852,26855
2023-03-06 20:00:00,1.06852,1.0686,1.06685,1.06735,9941
2023-03-07 00:00:00,1.06713,1.0688900000000001,1.06673,1.06865,7267
2023-03-07 04:00:00,1.06865,1.06933,1.06814,1.06854,7770
2023-03-07 08:00:00,1.06853,1.06947,1.06556,1.06568,19454
2023-03-07 12:00:00,1.06569,1.06721,1.06504,1.06564,17016
2023-03-07 16:00:00,1.06563,1.0661100000000001,1.0566,1.05673,52550
2023-03-07 20:00:00,1.05674,1.05738,1.0546,1.05466,14462
2023-03-08 00:00:00,1.05451,1.05531,1.05392,1.05448,6338
2023-03-08 04:00:00,1.05448,1.05471,1.05244,1.05311,7954
2023-03-08 08:00:00,1.05311,1.05487,1.05304,1.05357,16596
2023-03-08 12:00:00,1.05356,1.05493,1.05341,1.05411,17714
2023-03-08 16:00:00,1.05411,1.05739,1.05293,1.05452,37790
2023-03-08 20:00:00,1.05452,1.05506,1.05393,1.05399,11387
2023-03-09 00:00:00,1.05439,1.05534,1.0538,1.05406,5321
2023-03-09 04:00:00,1.05406,1.05555,1.05394,1.05524,4916
2023-03-09 08:00:00,1.05524,1.05698,1.05482,1.05585,11980
2023-03-09 12:00:00,1.05585,1.05813,1.05526,1.05744,19759
2023-03-09 16:00:00,1.05743,1.05864,1.05638,1.05772,25490
2023-03-09 20:00:00,1.05772,1.05912,1.05726,1.0576,17302
2023-03-10 00:00:00,1.0576,1.05996,1.05744,1.05946,7138
2023-03-10 04:00:00,1.05947,1.05985,1.05792,1.05867,13242
2023-03-10 08:00:00,1.05866,1.06068,1.0574,1.05814,22229
2023-03-10 12:00:00,1.05813,1.0644,1.05778,1.06217,28710
2023-03-10 16:00:00,1.06217,1.07007,1.06121,1.06685,61103
2023-03-10 20:00:00,1.06685,1.06728,1.0636,1.06362,24502
2023-03-13 00:00:00,1.06962,1.07035,1.06641,1.06686,25800
2023-03-13 04:00:00,1.06685,1.07366,1.06682,1.07203,19261
2023-03-13 08:00:00,1.07203,1.07372,1.06626,1.06704,41523
2023-03-13 12:00:00,1.06705,1.07212,1.06503,1.06993,63977
2023-03-13 16:00:00,1.06992,1.07485,1.06968,1.07384,47324
2023-03-13 20:00:00,1.07384,1.07427,1.07211,1.07284,17570
2023-03-14 00:00:00,1.07284,1.07305,1.07053,1.07086,12862
2023-03-14 04:00:00,1.07085,1.0713,1.06971,1.07076,9205
2023-03-14 08:00:00,1.07076,1.07156,1.0679,1.07113,35020
2023-03-14 12:00:00,1.07113,1.07491,1.06945,1.07081,51491
2023-03-14 16:00:00,1.07081,1.0743,1.07051,1.0733,38388
2023-03-14 20:00:00,1.0733,1.07496,1.07261,1.0731,14961
2023-03-15 00:00:00,1.0731,1.07395,1.07253,1.07381,9271
2023-03-15 04:00:00,1.07382,1.07599,1.07359,1.07383,9401
2023-03-15 08:00:00,1.07383,1.07443,1.06658,1.0678,29508
2023-03-15 12:00:00,1.06781,1.06844,1.05224,1.05453,62118
2023-03-15 16:00:00,1.05453,1.05649,1.05162,1.05568,43790
2023-03-15 20:00:00,1.05568,1.05924,1.05473,1.05773,27410
2023-03-16 00:00:00,1.05788,1.0599,1.05732,1.05938,17272
2023-03-16 04:00:00,1.05938,1.06156,1.05875,1.06072,11181
2023-03-16 08:00:00,1.06072,1.06357,1.05927,1.06175,31522
2023-03-16 12:00:00,1.06177,1.06211,1.05513,1.06066,45516
2023-03-16 16:00:00,1.06068,1.06268,1.05729,1.05922,51191
2023-03-16 20:00:00,1.05922,1.06204,1.05917,1.06132,12078
2023-03-17 00:00:00,1.06118,1.06322,1.0609,1.06261,10698
2023-03-17 04:00:00,1.06261,1.06506,1.06258,1.06487,9022
2023-03-17 08:00:00,1.06487,1.06701,1.06402,1.06469,21017
2023-03-17 12:00:00,1.06469,1.06469,1.06122,1.06257,26170
2023-03-17 16:00:00,1.06262,1.06758,1.06248,1.06729,30453
2023-03-17 20:00:00,1.06729,1.06853,1.06585,1.06617,11476
2023-03-20 00:00:00,1.06842,1.069,1.06661,1.0675,14460
2023-03-20 04:00:00,1.0675,1.06846,1.06647,1.06793,11315
2023-03-20 08:00:00,1.0679400000000001,1.0681,1.06312,1.06745,42335
2023-03-20 12:00:00,1.06745,1.07309,1.0671,1.0723799999999999,29732
2023-03-20 16:00:00,1.0723799999999999,1.07296,1.07069,1.07161,23275
2023-03-20 20:00:00,1.07161,1.07257,1.07141,1.07177,10676
2023-03-21 00:00:00,1.07177,1.0726,1.07151,1.0717,10252
2023-03-21 04:00:00,1.07169,1.07224,1.07098,1.07157,5703
2023-03-21 08:00:00,1.07157,1.07496,1.07041,1.07464,21590
2023-03-21 12:00:00,1.07464,1.07886,1.07401,1.07772,22648
2023-03-21 16:00:00,1.07774,1.07829,1.07608,1.07643,23812
2023-03-21 20:00:00,1.07644,1.07746,1.07562,1.07686,6018
2023-03-22 00:00:00,1.07686,1.07769,1.07659,1.07727,8178
2023-03-22 04:00:00,1.07727,1.07753,1.07654,1.0772599999999999,7454
2023-03-22 08:00:00,1.07725,1.07931,1.07591,1.07867,19785
2023-03-22 12:00:00,1.07867,1.08002,1.07759,1.07814,18238
2023-03-22 16:00:00,1.07814,1.08005,1.07757,1.07934,16978
2023-03-22 20:00:00,1.07934,1.09126,1.07904,1.08587,42514
2023-03-23 00:00:00,1.08581,1.08884,1.08572,1.08864,11038
2023-03-23 04:00:00,1.08864,1.09115,1.08823,1.09047,12945
2023-03-23 08:00:00,1.09046,1.09299,1.08807,1.08857,26831
2023-03-23 12:00:00,1.08856,1.08937,1.08669,1.08869,24969
2023-03-23 16:00:00,1.0887,1.09079,1.08642,1.08688,24255
2023-03-23 20:00:00,1.08688,1.08767,1.08243,1.08328,20049
2023-03-24 00:00:00,1.08328,1.08385,1.08206,1.08252,13019
2023-03-24 04:00:00,1.08252,1.08372,1.08173,1.08335,11280
2023-03-24 08:00:00,1.08335,1.08353,1.07215,1.07256,32335
2023-03-24 12:00:00,1.07256,1.07658,1.0713300000000001,1.07569,40048
2023-03-24 16:00:00,1.0757,1.07676,1.07416,1.07616,26665
2023-03-24 20:00:00,1.07616,1.07664,1.07541,1.07551,6849
2023-03-27 00:00:00,1.07745,1.07799,1.07609,1.0761,8698
2023-03-27 04:00:00,1.0761,1.07749,1.07577,1.07679,10704
2023-03-27 08:00:00,1.07679,1.07822,1.07451,1.07666,22086
2023-03-27 12:00:00,1.07666,1.07809,1.07565,1.07731,17722
2023-03-27 16:00:00,1.0773,1.07949,1.07703,1.0791,20036
2023-03-27 20:00:00,1.07911,1.08001,1.07861,1.07951,7526
2023-03-28 00:00:00,1.0798,1.08179,1.07936,1.08158,5082
2023-03-28 04:00:00,1.08158,1.08194,1.08101,1.08123,10001
2023-03-28 08:00:00,1.08122,1.08341,1.08062,1.08123,17838
2023-03-28 12:00:00,1.08123,1.08469,1.08103,1.08394,18519
2023-03-28 16:00:00,1.08394,1.0846,1.08165,1.08421,20538
2023-03-28 20:00:00,1.08422,1.08486,1.08357,1.08418,6869
2023-03-29 00:00:00,1.0846,1.08477,1.08366,1.08472,5907
2023-03-29 04:00:00,1.08472,1.08495,1.08337,1.08375,8173
2023-03-29 08:00:00,1.08375,1.08408,1.08178,1.08329,15439
2023-03-29 12:00:00,1.08329,1.08713,1.08322,1.08537,18168
2023-03-29 16:00:00,1.08537,1.08585,1.08236,1.08277,23677
2023-03-29 20:00:00,1.08278,1.08483,1.08258,1.08422,8301
2023-03-30 00:00:00,1.08445,1.08486,1.08355,1.08377,6532
2023-03-30 04:00:00,1.08377,1.08414,1.08264,1.0839,7137
2023-03-30 08:00:00,1.08392,1.08794,1.08237,1.08732,21341
2023-03-30 12:00:00,1.08734,1.09111,1.08592,1.09102,18105
2023-03-30 16:00:00,1.09102,1.09264,1.08945,1.09049,22550
2023-03-30 20:00:00,1.09049,1.09079,1.08922,1.09025,6783
2023-03-31 00:00:00,1.09055,1.09172,1.0902,1.09157,5647
2023-03-31 04:00:00,1.09157,1.0925799999999999,1.09012,1.09034,9109
2023-03-31 08:00:00,1.09033,1.09108,1.0873,1.08898,18391
2023-03-31 12:00:00,1.0889,1.08961,1.08642,1.08871,19148
2023-03-31 16:00:00,1.08871,1.09018,1.08576,1.08693,24310
2023-03-31 20:00:00,1.08693,1.08712,1.08363,1.08395,9299
2023-04-03 00:00:00,1.08396,1.08439,1.07988,1.08138,11145
2023-04-03 04:00:00,1.08139,1.08169,1.07882,1.07931,11195
2023-04-03 08:00:00,1.07931,1.08497,1.07891,1.08429,18025
2023-04-03 12:00:00,1.08428,1.08779,1.08427,1.08651,18816
2023-04-03 16:00:00,1.08653,1.09166,1.08645,1.08887,26787
2023-04-03 20:00:00,1.08887,1.09083,1.088,1.09013,8712
2023-04-04 00:00:00,1.09022,1.09099,1.08991,1.09011,5027
2023-04-04 04:00:00,1.09011,1.09016,1.08879,1.08945,8963
2023-04-04 08:00:00,1.08944,1.09382,1.0883,1.09172,17820
2023-04-04 12:00:00,1.09172,1.0936,1.08868,1.08912,18169
2023-04-04 16:00:00,1.08912,1.09733,1.08886,1.09463,30172
2023-04-04 20:00:00,1.09462,1.09581,1.09436,1.09476,6608
2023-04-05 00:00:00,1.09554,1.09696,1.09465,1.09607,5525
2023-04-05 04:00:00,1.09606,1.09645,1.09537,1.09549,7761
2023-04-05 08:00:00,1.09549,1.09674,1.09409,1.09512,14979
2023-04-05 12:00:00,1.09512,1.09631,1.0935,1.09578,18854
2023-04-05 16:00:00,1.09579,1.09669,1.08963,1.08968,28490
2023-04-05 20:00:00,1.08969,1.09097,1.08911,1.09015,6545
2023-04-06 00:00:00,1.09072,1.09105,1.08931,1.0894,5801
2023-04-06 04:00:00,1.0894,1.0896,1.08847,1.08928,6350
2023-04-06 08:00:00,1.08928,1.09173,1.08897,1.08995,14717
2023-04-06 12:00:00,1.08995,1.09192,1.08896,1.08922,15281
2023-04-06 16:00:00,1.08922,1.09376,1.0886,1.09343,18872
2023-04-06 20:00:00,1.09343,1.09362,1.09154,1.09159,5600
2023-04-07 00:00:00,1.09204,1.09241,1.09143,1.09159,2856
2023-04-07 04:00:00,1.09159,1.09216,1.09148,1.09148,2708
2023-04-07 08:00:00,1.09148,1.09196,1.09115,1.09156,3708
2023-04-07 12:00:00,1.09155,1.09218,1.08761,1.09035,9240
2023-04-07 16:00:00,1.09035,1.09156,1.08934,1.091,6577
2023-04-07 20:00:00,1.091,1.09104,1.08945,1.09022,1794
2023-04-10 00:00:00,1.08925,1.09147,1.08852,1.09036,4388
2023-04-10 04:00:00,1.09036,1.09069,1.08951,1.08964,5288
2023-04-10 08:00:00,1.08964,1.09173,1.0890900000000001,1.0912,6981
2023-04-10 12:00:00,1.0912,1.09166,1.08471,1.0849,14052
2023-04-10 16:00:00,1.0849,1.08573,1.08313,1.08477,15514
2023-04-10 20:00:00,1.08477,1.08631,1.08477,1.08528,5849
2023-04-11 00:00:00,1.08605,1.0879,1.08512,1.08777,4936
2023-04-11 04:00:00,1.08776,1.08878,1.08671,1.08826,8691
2023-04-11 08:00:00,1.08825,1.09103,1.0881,1.09069,15278
2023-04-11 12:00:00,1.09069,1.09267,1.09023,1.0912,15745
2023-04-11 16:00:00,1.09119,1.09281,1.08976,1.08989,16007
2023-04-11 20:00:00,1.08989,1.09169,1.08962,1.091,5753
2023-04-12 00:00:00,1.09132,1.09277,1.09059,1.09253,3544
2023-04-12 04:00:00,1.09253,1.09288,1.09165,1.09256,6569
2023-04-12 08:00:00,1.09256,1.09374,1.09161,1.09238,12555
2023-04-12 12:00:00,1.09238,1.099,1.09198,1.0964,19452
2023-04-12 16:00:00,1.0964,1.09999,1.09583,1.09962,27490
2023-04-12 20:00:00,1.09961,1.10004,1.09867,1.09888,8927
2023-04-13 00:00:00,1.09909,1.1005,1.09874,1.10021,4443
2023-04-13 04:00:00,1.10021,1.10035,1.09839,1.09899,7697
2023-04-13 08:00:00,1.099,1.10251,1.09769,1.10147,14711
2023-04-13 12:00:00,1.10147,1.10537,1.10084,1.10489,19622
2023-04-13 16:00:00,1.1049,1.10678,1.10433,1.10556,21068
2023-04-13 20:00:00,1.10557,1.10598,1.1044,1.10445,6401
2023-04-14 00:00:00,1.10462,1.10591,1.10436,1.10545,4126
2023-04-14 04:00:00,1.1054599999999999,1.10752,1.10531,1.10691,7532
2023-04-14 08:00:00,1.10691,1.10758,1.10539,1.10591,12876
2023-04-14 12:00:00,1.10591,1.10734,1.10186,1.10346,21118
2023-04-14 16:00:00,1.10346,1.10364,1.09724,1.09778,28540
2023-04-14 20:00:00,1.09777,1.09993,1.09753,1.09911,7796
2023-04-17 00:00:00,1.09884,1.09955,1.09727,1.09727,4854
2023-04-17 04:00:00,1.09727,1.09848,1.09618,1.09845,7824
2023-04-17 08:00:00,1.09846,1.09998,1.09642,1.09649,13983
2023-04-17 12:00:00,1.09649,1.0985,1.09516,1.09537,16416
2023-04-17 16:00:00,1.09537,1.09571,1.0909200000000001,1.09118,23339
2023-04-17 20:00:00,1.09118,1.09314,1.09117,1.09232,6231
2023-04-18 00:00:00,1.09274,1.09291,1.09169,1.09253,3104
2023-04-18 04:00:00,1.09253,1.0939,1.09234,1.09369,7711
2023-04-18 08:00:00,1.09369,1.09828,1.09343,1.09812,15021
2023-04-18 12:00:00,1.09812,1.09829,1.09546,1.09558,15455
2023-04-18 16:00:00,1.09558,1.09711,1.0943,1.09703,18843
2023-04-18 20:00:00,1.09703,1.09748,1.09673,1.09714,6487
2023-04-19 00:00:00,1.09735,1.09829,1.09645,1.09827,5067
2023-04-19 04:00:00,1.09827,1.0984099999999999,1.09651,1.09686,6429
2023-04-19 08:00:00,1.09686,1.09724,1.09465,1.09557,18619
2023-04-19 12:00:00,1.09556,1.09633,1.09174,1.09497,18277
2023-04-19 16:00:00,1.09497,1.09794,1.09475,1.0965799999999999,18158
2023-04-19 20:00:00,1.0965799999999999,1.09668,1.09517,1.09546,7050
2023-04-20 00:00:00,1.0956,1.09591,1.09471,1.09568,4084
2023-04-20 04:00:00,1.09567,1.09618,1.09496,1.09592,6855
2023-04-20 08:00:00,1.09592,1.09784,1.095,1.09714,15688
2023-04-20 12:00:00,1.09715,1.09849,1.09334,1.09777,19849
2023-04-20 16:00:00,1.09777,1.09897,1.09634,1.09672,20676
2023-04-20 20:00:00,1.09673,1.09726,1.09564,1.09654,7639
2023-04-21 00:00:00,1.09707,1.0972,1.09619,1.09703,3287
2023-04-21 04:00:00,1.09703,1.09733,1.09587,1.09604,5414
2023-04-21 08:00:00,1.09605,1.09722,1.0937999999999999,1.09596,16547
2023-04-21 12:00:00,1.09596,1.09903,1.0949,1.09882,14583
2023-04-21 16:00:00,1.09882,1.09938,1.09426,1.09791,25720
2023-04-21 20:00:00,1.09791,1.09929,1.09721,1.09888,7434
2023-04-24 00:00:00,1.09911,1.09962,1.09838,1.09949,3677
2023-04-24 04:00:00,1.09949,1.0995,1.09794,1.09805,6432
2023-04-24 08:00:00,1.09805,1.10096,1.09659,1.10086,13751
2023-04-24 12:00:00,1.10087,1.10251,1.09991,1.10231,15189
2023-04-24 16:00:00,1.10231,1.10369,1.10131,1.10339,18252
2023-04-24 20:00:00,1.1034,1.10501,1.10336,1.10431,5795
2023-04-25 00:00:00,1.10462,1.10666,1.10421,1.10593,4544
2023-04-25 04:00:00,1.10593,1.10671,1.10508,1.10513,6796
2023-04-25 08:00:00,1.10513,1.10565,1.10247,1.10397,16677
2023-04-25 12:00:00,1.10397,1.1044,1.10095,1.10173,13794
2023-04-25 16:00:00,1.10173,1.10187,1.09654,1.0968,21653
2023-04-25 20:00:00,1.0968,1.09762,1.09642,1.09706,9535
2023-04-26 00:00:00,1.0973600000000001,1.09805,1.0961400000000001,1.09783,5666
2023-04-26 04:00:00,1.09783,1.09818,1.09684,1.09812,7870
2023-04-26 08:00:00,1.09812,1.10431,1.09798,1.10418,18515
2023-04-26 12:00:00,1.10419,1.10626,1.10313,1.10538,23680
2023-04-26 16:00:00,1.10538,1.10956,1.1033,1.1041,28726
2023-04-26 20:00:00,1.1041,1.10422,1.10324,1.10355,9226
2023-04-27 00:00:00,1.1039,1.10475,1.1031900000000001,1.10458,4751
2023-04-27 04:00:00,1.10458,1.10549,1.10391,1.10507,7230
2023-04-27 08:00:00,1.10507,1.10634,1.104,1.1053,16227
2023-04-27 12:00:00,1.1053,1.10574,1.10008,1.10131,21320
2023-04-27 16:00:00,1.10131,1.10269,1.09921,1.10086,26090
2023-04-27 20:00:00,1.10086,1.10299,1.10055,1.1026,8291
2023-04-28 00:00:00,1.10286,1.10396,1.10141,1.10347,5151
2023-04-28 04:00:00,1.10347,1.10348,1.10083,1.1013600000000001,12339
2023-04-28 08:00:00,1.1013600000000001,1.10365,1.09768,1.09912,23794
2023-04-28 12:00:00,1.09912,1.09986,1.09624,1.09845,21068
2023-04-28 16:00:00,1.09845,1.10449,1.09827,1.1031,31874
2023-04-28 20:00:00,1.10308,1.10311,1.10108,1.10115,9555
2023-05-01 00:00:00,1.10251,1.10251,1.10045,1.10055,4868
2023-05-01 04:00:00,1.10055,1.10144,1.10008,1.10064,5574
2023-05-01 08:00:00,1.10064,1.10089,1.09916,1.09922,9933
2023-05-01 12:00:00,1.09923,1.10338,1.09884,1.10329,10245
2023-05-01 16:00:00,1.10329,1.10356,1.09644,1.0967500000000001,21001
2023-05-01 20:00:00,1.09674,1.0977,1.09653,1.09743,7632
2023-05-02 00:00:00,1.09765,1.0979,1.09631,1.0979,3976
2023-05-02 04:00:00,1.09789,1.09946,1.09785,1.09847,7689
2023-05-02 08:00:00,1.09847,1.10066,1.096,1.09717,17442
2023-05-02 12:00:00,1.0971899999999999,1.09817,1.09482,1.09552,15355
2023-05-02 16:00:00,1.09552,1.10032,1.09422,1.09998,27723
2023-05-02 20:00:00,1.09998,1.1008,1.09924,1.09937,6613
2023-05-03 00:00:00,1.09991,1.10205,1.09969,1.10174,4076
2023-05-03 04:00:00,1.10175,1.10299,1.1013,1.10218,5295
2023-05-03 08:00:00,1.10218,1.10468,1.10143,1.10397,12945
2023-05-03 12:00:00,1.10397,1.10469,1.10229,1.10385,15039
2023-05-03 16:00:00,1.10385,1.10593,1.10298,1.10469,19775
2023-05-03 20:00:00,1.1047,1.10914,1.10373,1.10552,33292
2023-05-04 00:00:00,1.10621,1.10874,1.1054,1.10759,7897
2023-05-04 04:00:00,1.10759,1.10877,1.10714,1.10815,8528
2023-05-04 08:00:00,1.10815,1.10917,1.10374,1.10402,16986
2023-05-04 12:00:00,1.10405,1.10842,1.10015,1.10093,25043
2023-05-04 16:00:00,1.10093,1.10547,1.0986,1.10248,39499
2023-05-04 20:00:00,1.10247,1.10316,1.10087,1.10087,9764
2023-05-05 00:00:00,1.10119,1.10296,1.10077,1.1025,3156
2023-05-05 04:00:00,1.10251,1.1045,1.10251,1.10418,6352
2023-05-05 08:00:00,1.10418,1.10479,1.10241,1.10282,14700
2023-05-05 12:00:00,1.10282,1.1031900000000001,1.09667,1.0976,18869
2023-05-05 16:00:00,1.09762,1.10366,1.09761,1.10322,23981
2023-05-05 20:00:00,1.10322,1.10346,1.10096,1.10116,8495
2023-05-08 00:00:00,1.10164,1.10254,1.10124,1.10243,4345
2023-05-08 04:00:00,1.10243,1.10443,1.10187,1.10436,6080
2023-05-08 08:00:00,1.10436,1.10538,1.10359,1.10361,11097
2023-05-08 12:00:00,1.10361,1.10515,1.10229,1.10371,12110
2023-05-08 16:00:00,1.10371,1.10443,1.10117,1.10271,13844
2023-05-08 20:00:00,1.10271,1.10293,1.10001,1.10003,6901
2023-05-09 00:00:00,1.10039,1.1006,1.09851,1.09898,5019
2023-05-09 04:00:00,1.09898,1.09954,1.09851,1.0989,5570
2023-05-09 08:00:00,1.0989,1.10008,1.09727,1.09789,15103
2023-05-09 12:00:00,1.09789,1.09844,1.09499,1.095,12894
2023-05-09 16:00:00,1.09501,1.09645,1.09411,1.0955300000000001,17052
2023-05-09 20:00:00,1.09552,1.09725,1.09543,1.09589,8047
2023-05-10 00:00:00,1.09615,1.09721,1.0945,1.09692,4149
2023-05-10 04:00:00,1.09692,1.09773,1.09683,1.09722,5051
2023-05-10 08:00:00,1.09722,1.09825,1.0950199999999999,1.09521,13963
2023-05-10 12:00:00,1.0952,1.10058,1.09416,1.10007,19766
2023-05-10 16:00:00,1.10007,1.10069,1.09642,1.09704,26354
2023-05-10 20:00:00,1.09704,1.09849,1.09617,1.09792,8632
2023-05-11 00:00:00,1.09824,1.09932,1.09774,1.09928,4113
2023-05-11 04:00:00,1.09928,1.09981,1.09696,1.09753,6868
2023-05-11 08:00:00,1.09753,1.09823,1.09182,1.09285,20418
2023-05-11 12:00:00,1.09285,1.0948,1.0918,1.09328,22699
2023-05-11 16:00:00,1.09329,1.09332,1.09002,1.09252,24393
2023-05-11 20:00:00,1.09251,1.0925799999999999,1.09108,1.09137,6729
2023-05-12 00:00:00,1.0915300000000001,1.09215,1.09116,1.09214,3579
2023-05-12 04:00:00,1.09214,1.09269,1.09151,1.09262,6381
2023-05-12 08:00:00,1.09263,1.09356,1.09046,1.09135,14799
2023-05-12 12:00:00,1.09135,1.09174,1.08813,1.08869,13881
2023-05-12 16:00:00,1.08869,1.08973,1.08486,1.08518,21208
2023-05-12 20:00:00,1.08518,1.08568,1.08475,1.08475,7768
2023-05-15 00:00:00,1.08603,1.08603,1.0842,1.08531,4208
2023-05-15 04:00:00,1.08531,1.08643,1.08524,1.0863,6082
2023-05-15 08:00:00,1.0863,1.08802,1.08602,1.08686,12185
2023-05-15 12:00:00,1.08686,1.08908,1.08556,1.0879,13723
2023-05-15 16:00:00,1.0879,1.0882,1.0864,1.08788,14035
2023-05-15 20:00:00,1.08788,1.08789,1.0872,1.0872,5146
2023-05-16 00:00:00,1.08744,1.08821,1.08728,1.08818,3010
2023-05-16 04:00:00,1.08818,1.08846,1.08684,1.0883,5309
2023-05-16 08:00:00,1.0883,1.08979,1.0863,1.08911,14641
2023-05-16 12:00:00,1.08913,1.09046,1.0868,1.08816,15144
2023-05-16 16:00:00,1.08816,1.0889199999999999,1.08549,1.08669,21758
2023-05-16 20:00:00,1.08669,1.08711,1.08581,1.08606,6839
2023-05-17 00:00:00,1.08624,1.08719,1.08583,1.08705,3257
2023-05-17 04:00:00,1.08705,1.08737,1.08623,1.08647,5589
2023-05-17 08:00:00,1.08647,1.08653,1.08272,1.08292,15728
2023-05-17 12:00:00,1.08291,1.08416,1.08137,1.08239,14417
2023-05-17 16:00:00,1.08239,1.08454,1.08103,1.08418,19612
2023-05-17 20:00:00,1.08418,1.0849199999999999,1.08365,1.08371,8132
2023-05-18 00:00:00,1.08389,1.08453,1.08349,1.08422,3361
2023-05-18 04:00:00,1.08422,1.08481,1.08327,1.0833,7090
2023-05-18 08:00:00,1.0833,1.08359,1.08092,1.08166,14264
2023-05-18 12:00:00,1.08166,1.08199,1.07853,1.079,14169
2023-05-18 16:00:00,1.079,1.0795,1.07627,1.07631,19583
2023-05-18 20:00:00,1.0763,1.07749,1.07626,1.07679,7473
2023-05-19 00:00:00,1.07701,1.07801,1.07643,1.07739,4068
2023-05-19 04:00:00,1.07739,1.07759,1.076,1.07637,7330
2023-05-19 08:00:00,1.07636,1.07945,1.07616,1.07883,13928
2023-05-19 12:00:00,1.07882,1.08235,1.07877,1.08059,16720
2023-05-19 16:00:00,1.0806,1.0826500000000001,1.07821,1.08208,26681
2023-05-19 20:00:00,1.08209,1.08288,1.07977,1.07987,7928
2023-05-22 00:00:00,1.08012,1.0825,1.08012,1.08235,4589
2023-05-22 04:00:00,1.08236,1.08299,1.08178,1.08185,9061
2023-05-22 08:00:00,1.08186,1.08242,1.07955,1.08104,15981
2023-05-22 12:00:00,1.08103,1.08314,1.0808200000000001,1.08193,15305
2023-05-22 16:00:00,1.08193,1.08244,1.07962,1.08099,20252
2023-05-22 20:00:00,1.08098,1.08217,1.0808200000000001,1.08106,8047
2023-05-23 00:00:00,1.08123,1.08206,1.08051,1.08117,5165
2023-05-23 04:00:00,1.08117,1.0812,1.08027,1.08103,7987
2023-05-23 08:00:00,1.08104,1.08131,1.07851,1.08032,18154
2023-05-23 12:00:00,1.08032,1.08037,1.0763,1.07639,16583
2023-05-23 16:00:00,1.07638,1.07955,1.07602,1.07668,24401
2023-05-23 20:00:00,1.07668,1.07808,1.07642,1.07671,8375
2023-05-24 00:00:00,1.07707,1.07752,1.07664,1.07725,4118
2023-05-24 04:00:00,1.07725,1.07823,1.07678,1.078,7588
2023-05-24 08:00:00,1.07801,1.07947,1.07703,1.0777700000000001,18133
2023-05-24 12:00:00,1.0777700000000001,1.08014,1.0748199999999999,1.07895,18836
2023-05-24 16:00:00,1.07895,1.07941,1.07497,1.0756000000000001,23289
2023-05-24 20:00:00,1.07561,1.07659,1.07477,1.07477,12202
2023-05-25 00:00:00,1.07492,1.07567,1.07422,1.07505,5402
2023-05-25 04:00:00,1.07505,1.07535,1.0733,1.07342,7547
2023-05-25 08:00:00,1.07342,1.07439,1.07141,1.0723,16958
2023-05-25 12:00:00,1.07229,1.07403,1.07148,1.07184,18742
2023-05-25 16:00:00,1.07184,1.07325,1.07074,1.07126,22816
2023-05-25 20:00:00,1.07126,1.07293,1.07114,1.07248,8266
2023-05-26 00:00:00,1.07251,1.07276,1.07191,1.07254,4491
2023-05-26 04:00:00,1.07254,1.07409,1.07244,1.07398,7091
2023-05-26 08:00:00,1.07398,1.07444,1.07254,1.07317,15534
2023-05-26 12:00:00,1.07317,1.07586,1.07257,1.0742,17916
2023-05-26 16:00:00,1.07419,1.07505,1.07019,1.07196,24954
2023-05-26 20:00:00,1.07196,1.07328,1.07187,1.07227,6844
2023-05-29 00:00:00,1.07178,1.07289,1.07159,1.07199,3185
2023-05-29 04:00:00,1.07199,1.07363,1.07185,1.07361,3941
2023-05-29 08:00:00,1.07361,1.07435,1.07153,1.07242,6869
2023-05-29 12:00:00,1.0724,1.0724,1.07099,1.07147,5484
2023-05-29 16:00:00,1.07147,1.07157,1.07059,1.07126,4762
2023-05-29 20:00:00,1.07128,1.0715,1.07054,1.07054,1680
2023-05-30 00:00:00,1.07058,1.07198,1.07042,1.07138,3853
2023-05-30 04:00:00,1.07139,1.07263,1.07014,1.07081,6205
2023-05-30 08:00:00,1.0708,1.07083,1.06725,1.07048,14242
2023-05-30 12:00:00,1.07047,1.07466,1.06972,1.07222,14922
2023-05-30 16:00:00,1.07224,1.07408,1.07163,1.07209,14173
2023-05-30 20:00:00,1.07208,1.07349,1.0714299999999999,1.07328,5839
2023-05-31 00:00:00,1.07244,1.07357,1.0723799999999999,1.07351,3542
2023-05-31 04:00:00,1.07351,1.07356,1.06943,1.06981,7519
2023-05-31 08:00:00,1.06981,1.06989,1.06585,1.06597,15430
2023-05-31 12:00:00,1.06597,1.06874,1.06597,1.06809,11658
2023-05-31 16:00:00,1.0681,1.07052,1.06351,1.06379,21771
2023-05-31 20:00:00,1.06379,1.06922,1.06354,1.06878,10291
2023-06-01 00:00:00,1.0683799999999999,1.06972,1.06828,1.06866,4642
2023-06-01 04:00:00,1.06866,1.0694,1.06804,1.06817,8530
2023-06-01 08:00:00,1.06817,1.06869,1.06619,1.06866,13258
2023-06-01 12:00:00,1.06866,1.07156,1.06828,1.0708199999999999,16191
2023-06-01 16:00:00,1.0708199999999999,1.0764,1.0703,1.07601,20701
2023-06-01 20:00:00,1.07601,1.07684,1.07557,1.07586,6508
2023-06-02 00:00:00,1.07614,1.07657,1.07563,1.07618,3414
2023-06-02 04:00:00,1.07618,1.0769,1.07588,1.07632,5388
2023-06-02 08:00:00,1.07632,1.0779,1.07601,1.07742,10274
2023-06-02 12:00:00,1.07742,1.07769,1.0735,1.07474,14617
2023-06-02 16:00:00,1.07475,1.07709,1.07086,1.071,17777
2023-06-02 20:00:00,1.07101,1.07157,1.07049,1.07075,5844
2023-06-05 00:00:00,1.07071,1.07096,1.06904,1.06938,4405
2023-06-05 04:00:00,1.06939,1.07047,1.06908,1.07,6653
2023-06-05 08:00:00,1.06998,1.07037,1.06833,1.0695999999999999,11526
2023-06-05 12:00:00,1.0695999999999999,1.06991,1.06745,1.06788,9630
2023-06-05 16:00:00,1.06788,1.07225,1.06778,1.07116,17234
2023-06-05 20:00:00,1.07114,1.07175,1.07073,1.07108,6469
2023-06-06 00:00:00,1.07124,1.07169,1.0707200000000001,1.07161,3156
2023-06-06 04:00:00,1.07161,1.07247,1.07129,1.07234,6689
2023-06-06 08:00:00,1.07235,1.07329,1.06951,1.06993,15120
2023-06-06 12:00:00,1.06994,1.0701100000000001,1.0667,1.06706,11769
2023-06-06 16:00:00,1.06705,1.06979,1.06692,1.06884,13553
2023-06-06 20:00:00,1.06884,1.06963,1.06822,1.06906,4706
2023-06-07 00:00:00,1.06927,1.07044,1.06906,1.07005,2944
2023-06-07 04:00:00,1.07004,1.07015,1.06888,1.06906,5317
2023-06-07 08:00:00,1.06905,1.06933,1.06683,1.0693,9929
2023-06-07 12:00:00,1.06929,1.07232,1.069,1.07161,11325
2023-06-07 16:00:00,1.0716,1.07397,1.06928,1.06933,17775
2023-06-07 20:00:00,1.06933,1.07053,1.06911,1.06962,6639
2023-06-08 00:00:00,1.06977,1.07099,1.06913,1.07086,3792
2023-06-08 04:00:00,1.07087,1.07136,1.07031,1.07115,5814
2023-06-08 08:00:00,1.07115,1.0729899999999999,1.0701100000000001,1.07268,11593
2023-06-08 12:00:00,1.07267,1.07591,1.07209,1.0747,13007
2023-06-08 16:00:00,1.07469,1.0787,1.0742,1.07847,16917
2023-06-08 20:00:00,1.07846,1.07857,1.07737,1.07795,5859
2023-06-09 00:00:00,1.07792,1.07854,1.07779,1.0782,3287
2023-06-09 04:00:00,1.07821,1.07851,1.07748,1.07754,5388
2023-06-09 08:00:00,1.07754,1.0784,1.07593,1.07633,10451
2023-06-09 12:00:00,1.07634,1.07842,1.07565,1.0767,12797
2023-06-09 16:00:00,1.0767,1.07751,1.07436,1.07483,15446
2023-06-09 20:00:00,1.07484,1.07523,1.07427,1.0747,5704
2023-06-12 00:00:00,1.07448,1.07516,1.07432,1.07453,3028
2023-06-12 04:00:00,1.07453,1.0746,1.07332,1.0741,6539
2023-06-12 08:00:00,1.07409,1.07842,1.07405,1.07773,11347
2023-06-12 12:00:00,1.07773,1.07901,1.07606,1.07662,12650
2023-06-12 16:00:00,1.07662,1.07715,1.07429,1.07486,14823
2023-06-12 20:00:00,1.07487,1.07634,1.0745,1.07559,6077
2023-06-13 00:00:00,1.07541,1.07667,1.07509,1.07606,3180
2023-06-13 04:00:00,1.07606,1.07831,1.07593,1.07822,5622
2023-06-13 08:00:00,1.07822,1.08083,1.07812,1.08076,13722
2023-06-13 12:00:00,1.08076,1.08236,1.07822,1.08141,15058
2023-06-13 16:00:00,1.08142,1.08179,1.07783,1.08024,19709
2023-06-13 20:00:00,1.08024,1.08043,1.07829,1.07907,7322
2023-06-14 00:00:00,1.07931,1.07939,1.07858,1.07901,3349
2023-06-14 04:00:00,1.07901,1.07961,1.0784799999999999,1.07896,4832
2023-06-14 08:00:00,1.07896,1.08047,1.07739,1.0802,8981
2023-06-14 12:00:00,1.0802,1.08335,1.07964,1.08312,10262
2023-06-14 16:00:00,1.08311,1.08641,1.08273,1.08624,12866
2023-06-14 20:00:00,1.08623,1.08629,1.08014,1.08303,22463
2023-06-15 00:00:00,1.08242,1.08446,1.08214,1.08382,2723
2023-06-15 04:00:00,1.08382,1.08382,1.08083,1.08116,6310
2023-06-15 08:00:00,1.08116,1.08374,1.08037,1.08328,9041
2023-06-15 12:00:00,1.08328,1.08811,1.08145,1.08642,14698
2023-06-15 16:00:00,1.08636,1.0945,1.08585,1.09438,17426
2023-06-15 20:00:00,1.09437,1.09525,1.09395,1.09433,5697
2023-06-16 00:00:00,1.09418,1.09513,1.09399,1.09419,3683
2023-06-16 04:00:00,1.0942,1.09482,1.09356,1.09389,6352
2023-06-16 08:00:00,1.09389,1.09622,1.09339,1.09506,12200
2023-06-16 12:00:00,1.09506,1.09706,1.09398,1.09508,11203
2023-06-16 16:00:00,1.0951,1.0967,1.09178,1.09338,19335
2023-06-16 20:00:00,1.09338,1.09455,1.09321,1.0937999999999999,6339
2023-06-19 00:00:00,1.0937999999999999,1.09463,1.09296,1.09367,4048
2023-06-19 04:00:00,1.09368,1.09408,1.09322,1.09347,5760
2023-06-19 08:00:00,1.09347,1.09414,1.09252,1.09295,10434
2023-06-19 12:00:00,1.09295,1.09297,1.09071,1.0926,8607
2023-06-19 16:00:00,1.0926,1.09288,1.09123,1.09162,8125
2023-06-19 20:00:00,1.09163,1.09226,1.09157,1.09157,2182
2023-06-20 00:00:00,1.09185,1.09263,1.09157,1.09202,3541
2023-06-20 04:00:00,1.09199,1.09239,1.09109,1.09138,7178
2023-06-20 08:00:00,1.09137,1.09462,1.09119,1.09379,12100
2023-06-20 12:00:00,1.09379,1.094,1.0912,1.09194,11340
2023-06-20 16:00:00,1.09194,1.09246,1.08923,1.09151,17414
2023-06-20 20:00:00,1.0915,1.09185,1.09097,1.09157,6191
2023-06-21 00:00:00,1.09138,1.09225,1.09138,1.09161,3670
2023-06-21 04:00:00,1.0916,1.09211,1.09119,1.09161,6060
2023-06-21 08:00:00,1.09161,1.09337,1.09056,1.09249,13472
2023-06-21 12:00:00,1.09249,1.09297,1.09085,1.09251,13067
2023-06-21 16:00:00,1.0924800000000001,1.09737,1.09105,1.09706,19713
2023-06-21 20:00:00,1.09706,1.0991,1.09672,1.09861,7593
2023-06-22 00:00:00,1.09847,1.09924,1.0982,1.09885,4473
2023-06-22 04:00:00,1.09885,1.09949,1.09866,1.09872,5009
2023-06-22 08:00:00,1.09873,1.10037,1.09796,1.09929,12515
2023-06-22 12:00:00,1.09928,1.10123,1.09805,1.09826,14620
2023-06-22 16:00:00,1.09825,1.09889,1.09485,1.09545,17981
2023-06-22 20:00:00,1.09547,1.09617,1.095,1.09533,6730
2023-06-23 00:00:00,1.09556,1.09586,1.09527,1.09552,4237
2023-06-23 04:00:00,1.0955300000000001,1.09563,1.09289,1.0933,8257
2023-06-23 08:00:00,1.09331,1.09341,1.08485,1.0849199999999999,18763
2023-06-23 12:00:00,1.08491,1.08956,1.08444,1.08872,14071
2023-06-23 16:00:00,1.08872,1.09026,1.08789,1.08857,18539
2023-06-23 20:00:00,1.08857,1.08966,1.08857,1.08881,6767
2023-06-26 00:00:00,1.09029,1.09095,1.08931,1.09054,5432
2023-06-26 04:00:00,1.09054,1.09098,1.08997,1.09024,7901
2023-06-26 08:00:00,1.09025,1.09111,1.08873,1.0892,13687
2023-06-26 12:00:00,1.0892,1.09201,1.08908,1.09175,10302
2023-06-26 16:00:00,1.09173,1.09199,1.08998,1.09087,14032
2023-06-26 20:00:00,1.09087,1.09154,1.0903,1.0903,5407
2023-06-27 00:00:00,1.09056,1.09123,1.09019,1.09045,3329
2023-06-27 04:00:00,1.09045,1.0935,1.09039,1.09233,8636
2023-06-27 08:00:00,1.09233,1.09438,1.09162,1.09396,12891
2023-06-27 12:00:00,1.09394,1.0972,1.09261,1.09654,13304
2023-06-27 16:00:00,1.09654,1.09768,1.09423,1.09589,19127
2023-06-27 20:00:00,1.09588,1.0964,1.09551,1.09585,6208
2023-06-28 00:00:00,1.0958,1.09623,1.09528,1.09546,4286
2023-06-28 04:00:00,1.09547,1.09563,1.09423,1.09488,8385
2023-06-28 08:00:00,1.09488,1.09606,1.09361,1.09528,12394
2023-06-28 12:00:00,1.09526,1.09622,1.09261,1.09277,13828
2023-06-28 16:00:00,1.09277,1.09444,1.0897000000000001,1.0911,21387
2023-06-28 20:00:00,1.09109,1.09238,1.09099,1.09105,6973
2023-06-29 00:00:00,1.09124,1.09188,1.09013,1.0907,3248
2023-06-29 04:00:00,1.0907,1.09144,1.08809,1.08855,7562
2023-06-29 08:00:00,1.08854,1.09218,1.08841,1.09145,14167
2023-06-29 12:00:00,1.09145,1.09414,1.08733,1.08806,14323
2023-06-29 16:00:00,1.0881,1.08966,1.08602,1.08707,21215
2023-06-29 20:00:00,1.08707,1.08749,1.0861399999999999,1.08626,6620
2023-06-30 00:00:00,1.08641,1.0874,1.08608,1.08721,3648
2023-06-30 04:00:00,1.08723,1.08755,1.0860400000000001,1.08699,7534
2023-06-30 08:00:00,1.08699,1.08755,1.08353,1.08389,12757
2023-06-30 12:00:00,1.08383,1.08977,1.08359,1.08969,14152
2023-06-30 16:00:00,1.08964,1.0931899999999999,1.08962,1.09184,21549
2023-06-30 20:00:00,1.09185,1.09229,1.09076,1.09095,7532
2023-07-03 00:00:00,1.09076,1.09129,1.09007,1.09016,2188
2023-07-03 04:00:00,1.09016,1.09182,1.09012,1.09175,4342
2023-07-03 08:00:00,1.09176,1.09182,1.087,1.08863,12083
2023-07-03 12:00:00,1.08862,1.09097,1.08762,1.09089,11548
2023-07-03 16:00:00,1.09089,1.0934,1.09018,1.09156,17036
2023-07-03 20:00:00,1.09157,1.09163,1.09084,1.09091,2975
2023-07-04 00:00:00,1.09102,1.09157,1.09086,1.09098,2347
2023-07-04 04:00:00,1.09099,1.09164,1.09007,1.09007,4765
2023-07-04 08:00:00,1.09007,1.09149,1.0892,1.08951,9169
2023-07-04 12:00:00,1.08951,1.09038,1.08896,1.09008,8050
2023-07-04 16:00:00,1.09007,1.09074,1.08921,1.08943,6391
2023-07-04 20:00:00,1.08945,1.08973,1.08768,1.08771,2828
2023-07-05 00:00:00,1.08797,1.08908,1.0875,1.08867,3074
2023-07-05 04:00:00,1.08868,1.08872,1.08749,1.08757,5052
2023-07-05 08:00:00,1.08757,1.0908,1.08662,1.08881,13856
2023-07-05 12:00:00,1.08881,1.09019,1.08754,1.08942,12340
2023-07-05 16:00:00,1.08943,1.0901399999999999,1.08591,1.08608,16526
2023-07-05 20:00:00,1.08609,1.08654,1.08509,1.08524,7617
2023-07-06 00:00:00,1.08533,1.08573,1.08462,1.0849,3370
2023-07-06 04:00:00,1.0849,1.08535,1.08337,1.08433,7005
2023-07-06 08:00:00,1.0843099999999999,1.08752,1.08416,1.08641,14463
2023-07-06 12:00:00,1.08641,1.09007,1.08584,1.08738,18752
2023-07-06 16:00:00,1.08739,1.08878,1.08337,1.0872600000000001,23486
2023-07-06 20:00:00,1.0872600000000001,1.08925,1.08724,1.08862,6312
2023-07-07 00:00:00,1.08875,1.0895,1.08824,1.08851,3167
2023-07-07 04:00:00,1.08851,1.08951,1.08835,1.08911,5382
2023-07-07 08:00:00,1.08911,1.09004,1.0867,1.08777,13659
2023-07-07 12:00:00,1.08777,1.09315,1.087,1.09121,18003
2023-07-07 16:00:00,1.09116,1.09728,1.0895299999999999,1.09718,23975
2023-07-07 20:00:00,1.09717,1.09733,1.09633,1.0965,6896
2023-07-10 00:00:00,1.0959,1.09698,1.09541,1.09643,4262
2023-07-10 04:00:00,1.09642,1.09694,1.09526,1.09531,7656
2023-07-10 08:00:00,1.09532,1.09657,1.09451,1.09648,11924
2023-07-10 12:00:00,1.09648,1.09734,1.09435,1.0947,12533
2023-07-10 16:00:00,1.09471,1.09929,1.09471,1.09893,16528
2023-07-10 20:00:00,1.09893,1.1001400000000001,1.09874,1.09997,6111
2023-07-11 00:00:00,1.1001,1.10087,1.09948,1.10067,3421
2023-07-11 04:00:00,1.10068,1.102,1.10059,1.10198,7864
2023-07-11 08:00:00,1.10198,1.10269,1.1002399999999999,1.10029,14587
2023-07-11 12:00:00,1.10028,1.10126,1.09769,1.09818,12876
2023-07-11 16:00:00,1.09819,1.10026,1.09785,1.10025,14733
2023-07-11 20:00:00,1.10025,1.10092,1.09976,1.10072,5745
2023-07-12 00:00:00,1.10047,1.10217,1.09972,1.10187,4160
2023-07-12 04:00:00,1.10187,1.10369,1.10185,1.10362,7935
2023-07-12 08:00:00,1.10362,1.10362,1.10203,1.10223,11169
2023-07-12 12:00:00,1.1022,1.10718,1.1013600000000001,1.10581,16316
2023-07-12 16:00:00,1.10581,1.11334,1.10561,1.11321,24283
2023-07-12 20:00:00,1.11316,1.11403,1.11246,1.11291,7911
2023-07-13 00:00:00,1.11287,1.1145100000000001,1.11274,1.11384,4243
2023-07-13 04:00:00,1.11384,1.11487,1.11365,1.1141,7576
2023-07-13 08:00:00,1.11409,1.117,1.11295,1.11609,16110
2023-07-13 12:00:00,1.11609,1.11898,1.11551,1.11797,17207
2023-07-13 16:00:00,1.11798,1.12089,1.11763,1.12058,19519
2023-07-13 20:00:00,1.12058,1.1228,1.12022,1.12248,8035
2023-07-14 00:00:00,1.1207,1.12297,1.12037,1.12227,5361
2023-07-14 04:00:00,1.12228,1.12429,1.12222,1.12331,9441
2023-07-14 08:00:00,1.12332,1.12358,1.12042,1.12312,13643
2023-07-14 12:00:00,1.12312,1.12448,1.12102,1.12258,14271
2023-07-14 16:00:00,1.12258,1.12443,1.12154,1.12395,20540
2023-07-14 20:00:00,1.12396,1.12396,1.12241,1.12241,6614
2023-07-17 00:00:00,1.12272,1.12345,1.12195,1.12247,3457
2023-07-17 04:00:00,1.12249,1.12286,1.12146,1.12269,5298
2023-07-17 08:00:00,1.1227,1.12488,1.12221,1.12379,10733
2023-07-17 12:00:00,1.12379,1.12449,1.12209,1.12355,11845
2023-07-17 16:00:00,1.12355,1.1238299999999999,1.12036,1.1233,13013
2023-07-17 20:00:00,1.1233,1.12461,1.12321,1.12363,4391
2023-07-18 00:00:00,1.12319,1.12465,1.12308,1.12418,3844
2023-07-18 04:00:00,1.1242,1.12563,1.12389,1.12518,8370
2023-07-18 08:00:00,1.12518,1.12758,1.12281,1.12372,15763
2023-07-18 12:00:00,1.12372,1.12699,1.12232,1.12397,17401
2023-07-18 16:00:00,1.12397,1.12458,1.12088,1.12147,22976
2023-07-18 20:00:00,1.12147,1.12316,1.12092,1.12268,6564
2023-07-19 00:00:00,1.12233,1.12328,1.12232,1.12297,3944
2023-07-19 04:00:00,1.12298,1.12313,1.12163,1.1221700000000001,7947
2023-07-19 08:00:00,1.1221700000000001,1.12372,1.11961,1.12326,18172
2023-07-19 12:00:00,1.12323,1.12402,1.12089,1.12171,14433
2023-07-19 16:00:00,1.12172,1.12245,1.11744,1.1192,18949
2023-07-19 20:00:00,1.11921,1.12051,1.11902,1.12007,7040
2023-07-20 00:00:00,1.11966,1.12203,1.11868,1.12182,4357
2023-07-20 04:00:00,1.12181,1.1229,1.1215600000000001,1.12213,9075
2023-07-20 08:00:00,1.12213,1.12232,1.11981,1.12085,13297
2023-07-20 12:00:00,1.12085,1.12167,1.11772,1.11827,15217
2023-07-20 16:00:00,1.11826,1.11886,1.11184,1.11241,19330
2023-07-20 20:00:00,1.11242,1.11348,1.11219,1.11284,6592
2023-07-21 00:00:00,1.11288,1.11383,1.11234,1.11375,4305
2023-07-21 04:00:00,1.11374,1.11417,1.11311,1.11396,7506
2023-07-21 08:00:00,1.11397,1.1145100000000001,1.11216,1.11283,14761
2023-07-21 12:00:00,1.11282,1.11344,1.11171,1.11283,13503
2023-07-21 16:00:00,1.11281,1.1138,1.11079,1.11235,15234
2023-07-21 20:00:00,1.11234,1.11301,1.1118999999999999,1.11223,5259
2023-07-24 00:00:00,1.11203,1.1133,1.11203,1.11299,4138
2023-07-24 04:00:00,1.11299,1.1131199999999999,1.11169,1.11202,7712
2023-07-24 08:00:00,1.11202,1.1147,1.10656,1.1071,17762
2023-07-24 12:00:00,1.10709,1.11092,1.10695,1.10877,14600
2023-07-24 16:00:00,1.10877,1.1104,1.10691,1.10815,19022
2023-07-24 20:00:00,1.10815,1.10846,1.10603,1.10626,6620
2023-07-25 00:00:00,1.10629,1.10702,1.10598,1.10673,3690
2023-07-25 04:00:00,1.10673,1.10816,1.1067,1.10704,7456
2023-07-25 08:00:00,1.10703,1.10869,1.10528,1.10648,13593
2023-07-25 12:00:00,1.10647,1.10676,1.10389,1.10486,10341
2023-07-25 16:00:00,1.10487,1.10547,1.10209,1.1042399999999999,13675
2023-07-25 20:00:00,1.10423,1.10555,1.10353,1.10539,5832
2023-07-26 00:00:00,1.10543,1.10569,1.10443,1.10457,4082
2023-07-26 04:00:00,1.10457,1.10531,1.10378,1.10482,6982
2023-07-26 08:00:00,1.1048,1.10777,1.10475,1.10756,13225
2023-07-26 12:00:00,1.10756,1.10861,1.10573,1.10682,12061
2023-07-26 16:00:00,1.10682,1.10823,1.10576,1.10718,16461
2023-07-26 20:00:00,1.10718,1.11067,1.10567,1.10853,23675
2023-07-27 00:00:00,1.1085,1.10893,1.10738,1.10866,4081
2023-07-27 04:00:00,1.10866,1.11179,1.10865,1.10962,8481
2023-07-27 08:00:00,1.10961,1.11394,1.1088,1.11391,15096
2023-07-27 12:00:00,1.11391,1.11497,1.10479,1.10594,19559
2023-07-27 16:00:00,1.10592,1.10653,1.09838,1.0990199999999999,28379
2023-07-27 20:00:00,1.09904,1.10098,1.0965799999999999,1.09752,16011
2023-07-28 00:00:00,1.09764,1.09837,1.09737,1.09802,4445
2023-07-28 04:00:00,1.09803,1.09882,1.09598,1.09728,17815
2023-07-28 08:00:00,1.09729,1.09912,1.09435,1.0959699999999999,22558
2023-07-28 12:00:00,1.09598,1.1033,1.09566,1.10093,17302
2023-07-28 16:00:00,1.10093,1.10475,1.09931,1.10255,21118
2023-07-28 20:00:00,1.10255,1.10297,1.10116,1.10131,7435
2023-07-31 00:00:00,1.1019,1.10283,1.10101,1.10221,4550
2023-07-31 04:00:00,1.10221,1.10264,1.10058,1.10059,8363
2023-07-31 08:00:00,1.10059,1.10362,1.10053,1.10339,14069
2023-07-31 12:00:00,1.10344,1.10402,1.1019,1.10282,12007
2023-07-31 16:00:00,1.10283,1.10459,1.10038,1.1007,17873
2023-07-31 20:00:00,1.1007,1.10114,1.09934,1.09952,5936
2023-08-01 00:00:00,1.09948,1.1003,1.09884,1.0989,3528
2023-08-01 04:00:00,1.09889,1.0991,1.09805,1.0990199999999999,6131
2023-08-01 08:00:00,1.09901,1.10003,1.09702,1.09748,12675
2023-08-01 12:00:00,1.09748,1.09846,1.09524,1.09564,12647
2023-08-01 16:00:00,1.09565,1.09892,1.0956,1.09722,17978
2023-08-01 20:00:00,1.09721,1.09853,1.09627,1.0984099999999999,4920
2023-08-02 00:00:00,1.098,1.10192,1.09756,1.0996299999999999,7812
2023-08-02 04:00:00,1.09962,1.10073,1.09802,1.09891,8632
2023-08-02 08:00:00,1.09891,1.10006,1.09762,1.09843,16397
2023-08-02 12:00:00,1.09843,1.09872,1.09576,1.0959699999999999,16774
2023-08-02 16:00:00,1.0959699999999999,1.09678,1.0918,1.09506,20372
2023-08-02 20:00:00,1.09507,1.09576,1.09348,1.09363,6470
2023-08-03 00:00:00,1.09361,1.09457,1.09348,1.09401,3769
2023-08-03 04:00:00,1.094,1.0949200000000001,1.09224,1.09233,7223
2023-08-03 08:00:00,1.09233,1.09432,1.09124,1.0924800000000001,17379
2023-08-03 12:00:00,1.09246,1.09562,1.09217,1.09381,20119
2023-08-03 16:00:00,1.09377,1.09628,1.09155,1.09552,21294
2023-08-03 20:00:00,1.09552,1.09569,1.09384,1.09459,5890
2023-08-04 00:00:00,1.09424,1.09556,1.09402,1.09554,3817
2023-08-04 04:00:00,1.09555,1.09615,1.09495,1.09504,8673
2023-08-04 08:00:00,1.09504,1.09584,1.09378,1.09403,12104
2023-08-04 12:00:00,1.09402,1.09978,1.0935,1.09889,16792
2023-08-04 16:00:00,1.09887,1.1042,1.09864,1.1034,23446
2023-08-04 20:00:00,1.10339,1.1039,1.10038,1.10061,7640
2023-08-07 00:00:00,1.1016,1.10161,1.10005,1.10099,3817
2023-08-07 04:00:00,1.10097,1.10101,1.0991900000000001,1.09964,5513
2023-08-07 08:00:00,1.09965,1.09973,1.09707,1.09747,11423
2023-08-07 12:00:00,1.09747,1.09962,1.09655,1.09956,10112
2023-08-07 16:00:00,1.09957,1.10117,1.0985800000000001,1.10007,13124
2023-08-07 20:00:00,1.10006,1.10101,1.09955,1.10011,4489
2023-08-08 00:00:00,1.10016,1.10055,1.09897,1.0991900000000001,3033
2023-08-08 04:00:00,1.0991900000000001,1.09926,1.09768,1.09921,7518
2023-08-08 08:00:00,1.09922,1.10112,1.09737,1.09854,13152
2023-08-08 12:00:00,1.09854,1.09864,1.09347,1.0943100000000001,15167
2023-08-08 16:00:00,1.09429,1.09576,1.09292,1.09484,15024
2023-08-08 20:00:00,1.09484,1.0962,1.0948,1.09551,5860
2023-08-09 00:00:00,1.09501,1.09652,1.09445,1.09578,2953
2023-08-09 04:00:00,1.09576,1.09707,1.09554,1.09669,6721
2023-08-09 08:00:00,1.09668,1.09887,1.09668,1.09838,12204
2023-08-09 12:00:00,1.09838,1.09872,1.0962,1.09816,11620
2023-08-09 16:00:00,1.09816,1.09953,1.09714,1.09784,15652
2023-08-09 20:00:00,1.09783,1.09917,1.09713,1.09726,6209
2023-08-10 00:00:00,1.09734,1.09796,1.09651,1.09709,3219
2023-08-10 04:00:00,1.09709,1.09881,1.09676,1.09793,5320
2023-08-10 08:00:00,1.09793,1.10263,1.09786,1.10186,11439
2023-08-10 12:00:00,1.10186,1.10648,1.10107,1.10419,15747
2023-08-10 16:00:00,1.10416,1.10459,1.1007500000000001,1.10133,24349
2023-08-10 20:00:00,1.10133,1.10141,1.09764,1.09779,12062
2023-08-11 00:00:00,1.09788,1.09891,1.09767,1.09879,3346
2023-08-11 04:00:00,1.0988,1.09979,1.09838,1.09853,5160
2023-08-11 08:00:00,1.09853,1.10033,1.0984,1.09994,11720
2023-08-11 12:00:00,1.09993,1.1005,1.09659,1.09684,14656
2023-08-11 16:00:00,1.09684,1.09836,1.09458,1.09465,21306
2023-08-11 20:00:00,1.09465,1.09557,1.09428,1.0946,6323
2023-08-14 00:00:00,1.09488,1.09522,1.09363,1.09372,3655
2023-08-14 04:00:00,1.09371,1.09409,1.0929,1.09356,7229
2023-08-14 08:00:00,1.09357,1.09602,1.09264,1.09459,13126
2023-08-14 12:00:00,1.0946,1.09531,1.0902,1.09058,13126
2023-08-14 16:00:00,1.09058,1.09361,1.08747,1.09285,18790
2023-08-14 20:00:00,1.09285,1.09313,1.09028,1.09043,6270
2023-08-15 00:00:00,1.09051,1.0909,1.09006,1.09068,3113
2023-08-15 04:00:00,1.09069,1.09176,1.09005,1.09103,8157
2023-08-15 08:00:00,1.09103,1.09343,1.09065,1.09276,17884
2023-08-15 12:00:00,1.09276,1.09448,1.08971,1.0922,18795
2023-08-15 16:00:00,1.09219,1.09525,1.09149,1.09173,22867
2023-08-15 20:00:00,1.09172,1.09209,1.08984,1.08995,7387
2023-08-16 00:00:00,1.09013,1.09067,1.08952,1.09032,3735
2023-08-16 04:00:00,1.09029,1.0913599999999999,1.0899,1.09135,7337
2023-08-16 08:00:00,1.09135,1.09346,1.09105,1.09281,13429
2023-08-16 12:00:00,1.0928,1.09326,1.0902,1.09022,14325
2023-08-16 16:00:00,1.0902,1.09234,1.08862,1.08868,18945
2023-08-16 20:00:00,1.08869,1.09002,1.08712,1.08772,12369
2023-08-17 00:00:00,1.08758,1.08827,1.08663,1.08695,4815
2023-08-17 04:00:00,1.08696,1.08708,1.0861399999999999,1.08684,8310
2023-08-17 08:00:00,1.08684,1.08867,1.08627,1.08732,13465
2023-08-17 12:00:00,1.08732,1.09181,1.0864,1.09065,18137
2023-08-17 16:00:00,1.09064,1.09178,1.08667,1.0878,20943
2023-08-17 20:00:00,1.0878,1.08785,1.08563,1.08704,9914
2023-08-18 00:00:00,1.08595,1.08919,1.08587,1.08897,8309
2023-08-18 04:00:00,1.08898,1.0894,1.08805,1.08825,9946
2023-08-18 08:00:00,1.08826,1.08873,1.08638,1.0867499999999999,14288
2023-08-18 12:00:00,1.08676,1.08763,1.08448,1.08555,14297
2023-08-18 16:00:00,1.08554,1.08814,1.0853,1.08732,17606
2023-08-18 20:00:00,1.08732,1.08812,1.08676,1.0868,8214
2023-08-21 00:00:00,1.0867,1.08842,1.08616,1.08799,3774
2023-08-21 04:00:00,1.08798,1.08839,1.08695,1.08812,6519
2023-08-21 08:00:00,1.08812,1.08899,1.08724,1.08862,14104
2023-08-21 12:00:00,1.08862,1.09137,1.08856,1.08983,13126
2023-08-21 16:00:00,1.08983,1.09041,1.08751,1.0901399999999999,16770
2023-08-21 20:00:00,1.0901399999999999,1.09034,1.08924,1.08935,6221
2023-08-22 00:00:00,1.08907,1.09016,1.08864,1.09003,3150
2023-08-22 04:00:00,1.09004,1.09169,1.0898,1.09091,8330
2023-08-22 08:00:00,1.09091,1.09303,1.09047,1.09099,14039
2023-08-22 12:00:00,1.09099,1.09123,1.08649,1.08662,12547
2023-08-22 16:00:00,1.08662,1.08713,1.08329,1.08494,16704
2023-08-22 20:00:00,1.08495,1.08555,1.08432,1.08433,6798
2023-08-23 00:00:00,1.08442,1.08535,1.08398,1.08472,3602
2023-08-23 04:00:00,1.08471,1.08607,1.08446,1.08606,6303
2023-08-23 08:00:00,1.08607,1.08714,1.08118,1.08192,15888
2023-08-23 12:00:00,1.08193,1.0820400000000001,1.08023,1.08043,14063
2023-08-23 16:00:00,1.08043,1.08683,1.08035,1.0863,20970
2023-08-23 20:00:00,1.08629,1.08702,1.08558,1.08602,8230
2023-08-24 00:00:00,1.08625,1.08752,1.08582,1.08694,4477
2023-08-24 04:00:00,1.08692,1.0871,1.08583,1.08698,7342
2023-08-24 08:00:00,1.08698,1.08767,1.0852,1.0862,13299
2023-08-24 12:00:00,1.08619,1.08636,1.08142,1.08208,13583
2023-08-24 16:00:00,1.08209,1.08488,1.0818,1.08212,18303
2023-08-24 20:00:00,1.08212,1.08238,1.08051,1.08084,7229
2023-08-25 00:00:00,1.08086,1.08152,1.07923,1.07944,3931
2023-08-25 04:00:00,1.07944,1.0795,1.07764,1.07826,6269
2023-08-25 08:00:00,1.07825,1.07921,1.0766,1.07864,14311
2023-08-25 12:00:00,1.07863,1.08168,1.07847,1.08128,11156
2023-08-25 16:00:00,1.08129,1.08417,1.07659,1.07964,27046
2023-08-25 20:00:00,1.07965,1.0812599999999999,1.07907,1.07938,9995
2023-08-28 00:00:00,1.07958,1.08047,1.07928,1.08024,5267
2023-08-28 04:00:00,1.08024,1.08112,1.08015,1.08077,6472
2023-08-28 08:00:00,1.08078,1.08209,1.07994,1.08006,8547
2023-08-28 12:00:00,1.08006,1.08219,1.08001,1.08103,10532
2023-08-28 16:00:00,1.08102,1.08141,1.07987,1.08076,14734
2023-08-28 20:00:00,1.08076,1.08202,1.08038,1.08169,6019
2023-08-29 00:00:00,1.08103,1.08317,1.08092,1.08238,3602
2023-08-29 04:00:00,1.08238,1.08384,1.08234,1.08242,5026
2023-08-29 08:00:00,1.08242,1.08297,1.08084,1.08101,11219
2023-08-29 12:00:00,1.08101,1.08163,1.07861,1.07924,13190
2023-08-29 16:00:00,1.07924,1.08641,1.07819,1.08628,23672
2023-08-29 20:00:00,1.08625,1.0892,1.0860400000000001,1.08784,12613
2023-08-30 00:00:00,1.08774,1.08849,1.0867,1.08699,4117
2023-08-30 04:00:00,1.08698,1.08723,1.08605,1.08607,6543
2023-08-30 08:00:00,1.08606,1.08768,1.0855,1.08673,13158
2023-08-30 12:00:00,1.08673,1.09257,1.08661,1.09213,16535
2023-08-30 16:00:00,1.09213,1.09456,1.09129,1.09257,19607
2023-08-30 20:00:00,1.09257,1.09329,1.09163,1.09209,6531
2023-08-31 00:00:00,1.09223,1.09341,1.09181,1.09331,3731
2023-08-31 04:00:00,1.09331,1.09396,1.09184,1.09186,5445
2023-08-31 08:00:00,1.09185,1.09246,1.08772,1.08778,12367
2023-08-31 12:00:00,1.08778,1.08851,1.08573,1.08744,16823
2023-08-31 16:00:00,1.08745,1.08748,1.08352,1.0838700000000001,19648
2023-08-31 20:00:00,1.0839,1.08544,1.08367,1.08415,11018
2023-09-01 00:00:00,1.08374,1.08454,1.0835,1.08377,6553
2023-09-01 04:00:00,1.08377,1.08542,1.08377,1.08467,7952
2023-09-01 08:00:00,1.08466,1.08596,1.08286,1.08485,11974
2023-09-01 12:00:00,1.08483,1.08817,1.08324,1.0864,15721
2023-09-01 16:00:00,1.08641,1.0881,1.07801,1.0784,27190
2023-09-01 20:00:00,1.0784,1.07892,1.0771,1.07725,9078
2023-09-04 00:00:00,1.07757,1.07802,1.07713,1.07788,2725
2023-09-04 04:00:00,1.07788,1.07873,1.07749,1.0787,5142
2023-09-04 08:00:00,1.0787,1.08067,1.07835,1.07979,9306
2023-09-04 12:00:00,1.0798,1.08089,1.07925,1.07974,7563
2023-09-04 16:00:00,1.07973,1.08054,1.07833,1.0794,6766
2023-09-04 20:00:00,1.0794,1.07969,1.07927,1.07939,7062
2023-09-05 00:00:00,1.07904,1.07977,1.07856,1.07931,6640
2023-09-05 04:00:00,1.07932,1.07985,1.07808,1.07922,5375
2023-09-05 08:00:00,1.07922,1.07935,1.07419,1.07483,14256
2023-09-05 12:00:00,1.07483,1.07571,1.07165,1.0744,14099
2023-09-05 16:00:00,1.0744,1.07487,1.0706,1.07296,18849
2023-09-05 20:00:00,1.07296,1.07315,1.07189,1.07203,5674
2023-09-06 00:00:00,1.07222,1.07282,1.07149,1.07193,3266
2023-09-06 04:00:00,1.07193,1.07361,1.07131,1.07359,6788
2023-09-06 08:00:00,1.0735999999999999,1.0748199999999999,1.07242,1.07341,13713
2023-09-06 12:00:00,1.07341,1.07489,1.07246,1.07369,11996
2023-09-06 16:00:00,1.0737,1.07403,1.07027,1.07208,21901
2023-09-06 20:00:00,1.07209,1.07295,1.07199,1.07243,8540
2023-09-07 00:00:00,1.07209,1.07276,1.07191,1.07223,2942
2023-09-07 04:00:00,1.07221,1.07319,1.07181,1.07192,4578
2023-09-07 08:00:00,1.07192,1.07257,1.07076,1.07106,11846
2023-09-07 12:00:00,1.07105,1.07179,1.06861,1.06935,13402
2023-09-07 16:00:00,1.06934,1.07099,1.06865,1.07041,16360
2023-09-07 20:00:00,1.0704,1.07095,1.06938,1.06942,7605
2023-09-08 00:00:00,1.06965,1.07151,1.06924,1.07141,9921
2023-09-08 04:00:00,1.07141,1.07234,1.07048,1.07135,5845
2023-09-08 08:00:00,1.07134,1.07282,1.07077,1.07119,11575
2023-09-08 12:00:00,1.07119,1.07137,1.06944,1.07024,12709
2023-09-08 16:00:00,1.07024,1.07437,1.06994,1.07045,15406
2023-09-08 20:00:00,1.07044,1.07108,1.06971,1.06983,6006
2023-09-11 00:00:00,1.07123,1.07211,1.07068,1.0713300000000001,4735
2023-09-11 04:00:00,1.0713300000000001,1.07379,1.07102,1.07355,7123
2023-09-11 08:00:00,1.07355,1.07414,1.07222,1.07286,12154
2023-09-11 12:00:00,1.07286,1.07344,1.07156,1.07276,10788
2023-09-11 16:00:00,1.07275,1.07594,1.07224,1.0751,14501
2023-09-11 20:00:00,1.0751,1.07522,1.07442,1.07479,5820
2023-09-12 00:00:00,1.07495,1.07526,1.07356,1.0744,2558
2023-09-12 04:00:00,1.0744,1.07691,1.07376,1.0739,6848
2023-09-12 08:00:00,1.0739,1.07408,1.07122,1.07145,10236
2023-09-12 12:00:00,1.07144,1.07261,1.07057,1.07074,10947
2023-09-12 16:00:00,1.0707200000000001,1.07376,1.07055,1.07232,12320
2023-09-12 20:00:00,1.07232,1.07647,1.07231,1.07522,7794
2023-09-13 00:00:00,1.07504,1.07642,1.07485,1.07593,4390
2023-09-13 04:00:00,1.07593,1.07648,1.07445,1.07524,5977
2023-09-13 08:00:00,1.07524,1.07546,1.07312,1.07352,12061
2023-09-13 12:00:00,1.07352,1.07616,1.07109,1.07478,17559
2023-09-13 16:00:00,1.07476,1.0756000000000001,1.07269,1.07407,21596
2023-09-13 20:00:00,1.07407,1.07492,1.07281,1.07284,10770
2023-09-14 00:00:00,1.07281,1.07425,1.07269,1.07401,4873
2023-09-14 04:00:00,1.07401,1.07487,1.07319,1.07471,6115
2023-09-14 08:00:00,1.07469,1.07522,1.07323,1.07342,8779
2023-09-14 12:00:00,1.07341,1.07474,1.06553,1.06772,19843
2023-09-14 16:00:00,1.06767,1.06975,1.06451,1.06488,26019
2023-09-14 20:00:00,1.06487,1.06508,1.06319,1.06412,7858
2023-09-15 00:00:00,1.06339,1.06439,1.06314,1.06424,3189
2023-09-15 04:00:00,1.06424,1.06537,1.06333,1.06535,5763
2023-09-15 08:00:00,1.06535,1.06688,1.0648900000000001,1.06658,11514
2023-09-15 12:00:00,1.06657,1.06694,1.06452,1.06505,11020
2023-09-15 16:00:00,1.06505,1.06878,1.06497,1.06723,18239
2023-09-15 20:00:00,1.06723,1.06764,1.06565,1.0657,6623
2023-09-18 00:00:00,1.06605,1.06719,1.06577,1.06715,2578
2023-09-18 04:00:00,1.06715,1.06738,1.06612,1.06688,3955
2023-09-18 08:00:00,1.06688,1.06779,1.06563,1.06642,8533
2023-09-18 12:00:00,1.06642,1.06748,1.06559,1.0657,8899
2023-09-18 16:00:00,1.0657,1.06989,1.06546,1.06922,13529
2023-09-18 20:00:00,1.06922,1.0698,1.0677699999999999,1.069,5240
2023-09-19 00:00:00,1.06791,1.06966,1.06691,1.06885,4237
2023-09-19 04:00:00,1.06885,1.06896,1.06787,1.068,3921
2023-09-19 08:00:00,1.06801,1.06953,1.06751,1.06867,8696
2023-09-19 12:00:00,1.06862,1.07179,1.06821,1.06996,10976
2023-09-19 16:00:00,1.06997,1.07014,1.06784,1.06848,13638
2023-09-19 20:00:00,1.06848,1.06918,1.06762,1.06775,6401
2023-09-20 00:00:00,1.06773,1.0686,1.06755,1.0685,3372
2023-09-20 04:00:00,1.0685,1.06897,1.06778,1.06786,3976
2023-09-20 08:00:00,1.06786,1.0697,1.06726,1.06963,10308
2023-09-20 12:00:00,1.06963,1.07051,1.06923,1.0698,8609
2023-09-20 16:00:00,1.0698,1.07369,1.0697,1.07354,13841
2023-09-20 20:00:00,1.07354,1.07354,1.06502,1.06613,24978
2023-09-21 00:00:00,1.06562,1.0664,1.06299,1.06314,4209
2023-09-21 04:00:00,1.06314,1.06414,1.06169,1.06372,6412
2023-09-21 08:00:00,1.06373,1.06639,1.06327,1.06556,13439
2023-09-21 12:00:00,1.06552,1.06646,1.06244,1.06422,16809
2023-09-21 16:00:00,1.06421,1.0673300000000001,1.06379,1.06558,21406
2023-09-21 20:00:00,1.06558,1.06709,1.06557,1.06598,9817
2023-09-22 00:00:00,1.06545,1.06639,1.06476,1.06576,3060
2023-09-22 04:00:00,1.06575,1.06577,1.0641,1.06548,5808
2023-09-22 08:00:00,1.06548,1.0668,1.0615,1.06463,14869
2023-09-22 12:00:00,1.06463,1.06607,1.06341,1.06556,11000
2023-09-22 16:00:00,1.06556,1.06717,1.06424,1.06555,14511
2023-09-22 20:00:00,1.06555,1.06615,1.06394,1.0643,5280
2023-09-25 00:00:00,1.065,1.06554,1.06425,1.06544,3807
2023-09-25 04:00:00,1.06544,1.0655000000000001,1.06432,1.0649,4391
2023-09-25 08:00:00,1.0649,1.0653299999999999,1.0624,1.06258,10596
2023-09-25 12:00:00,1.06258,1.06435,1.06192,1.06222,11124
2023-09-25 16:00:00,1.06222,1.06245,1.05753,1.05891,16112
2023-09-25 20:00:00,1.05891,1.05989,1.05855,1.05916,6938
2023-09-26 00:00:00,1.05924,1.05965,1.05808,1.05843,4083
2023-09-26 04:00:00,1.05842,1.05931,1.05786,1.05927,5047
2023-09-26 08:00:00,1.05927,1.06,1.05701,1.05963,11314
2023-09-26 12:00:00,1.05963,1.0609,1.05896,1.06058,11141
2023-09-26 16:00:00,1.06058,1.06066,1.05677,1.05692,16350
2023-09-26 20:00:00,1.05693,1.05762,1.0562,1.05702,9717
2023-09-27 00:00:00,1.05682,1.05736,1.0556,1.056,3369
2023-09-27 04:00:00,1.056,1.05702,1.05572,1.05602,6258
2023-09-27 08:00:00,1.05603,1.0574,1.05549,1.05598,10150
2023-09-27 12:00:00,1.05599,1.05637,1.05344,1.05464,13743
2023-09-27 16:00:00,1.05464,1.05489,1.05007,1.05032,20779
2023-09-27 20:00:00,1.05033,1.05189,1.04882,1.0501,12248
2023-09-28 00:00:00,1.05044,1.05153,1.04932,1.05152,6878
2023-09-28 04:00:00,1.05152,1.05163,1.04971,1.05046,5168
2023-09-28 08:00:00,1.05047,1.05243,1.0491,1.05171,13695
2023-09-28 12:00:00,1.05169,1.05573,1.05153,1.05182,18505
2023-09-28 16:00:00,1.05185,1.05791,1.05178,1.0558,25120
2023-09-28 20:00:00,1.0558,1.05671,1.05498,1.05638,9013
2023-09-29 00:00:00,1.05571,1.05675,1.05553,1.05642,4436
2023-09-29 04:00:00,1.05642,1.0582799999999999,1.05623,1.05802,4770
2023-09-29 08:00:00,1.05802,1.06163,1.05745,1.06061,13956
2023-09-29 12:00:00,1.06065,1.06171,1.05882,1.05999,16634
2023-09-29 16:00:00,1.05999,1.06075,1.05699,1.05778,24804
2023-09-29 20:00:00,1.05776,1.058,1.0564,1.05681,10957
2023-10-02 00:00:00,1.05651,1.05727,1.05578,1.05641,4635
2023-10-02 04:00:00,1.05641,1.05712,1.0564,1.05687,3387
2023-10-02 08:00:00,1.05685,1.0592,1.05596,1.05622,12260
2023-10-02 12:00:00,1.05621,1.05628,1.0525,1.05294,14240
2023-10-02 16:00:00,1.05295,1.05326,1.04883,1.04893,22644
2023-10-02 20:00:00,1.04894,1.05052,1.04758,1.04758,9209
2023-10-03 00:00:00,1.04763,1.04828,1.0464,1.04725,4420
2023-10-03 04:00:00,1.04725,1.04749,1.04596,1.04633,5599
2023-10-03 08:00:00,1.04633,1.04935,1.04609,1.04853,11959
2023-10-03 12:00:00,1.04854,1.04913,1.04621,1.04662,13207
2023-10-03 16:00:00,1.04663,1.04857,1.04484,1.04624,29167
2023-10-03 20:00:00,1.04623,1.04797,1.04589,1.04648,9665
2023-10-04 00:00:00,1.04665,1.04757,1.04518,1.04715,3823
2023-10-04 04:00:00,1.04715,1.04719,1.04572,1.047,6062
2023-10-04 08:00:00,1.04701,1.04888,1.04515,1.04862,13222
2023-10-04 12:00:00,1.04861,1.05322,1.04848,1.05253,19106
2023-10-04 16:00:00,1.05253,1.0526,1.04831,1.0512299999999999,24395
2023-10-04 20:00:00,1.05121,1.05195,1.04979,1.0504,9386
2023-10-05 00:00:00,1.05036,1.05221,1.05005,1.05203,3077
2023-10-05 04:00:00,1.05202,1.0529,1.052,1.05207,6375
2023-10-05 08:00:00,1.05206,1.05261,1.05017,1.05042,11777
2023-10-05 12:00:00,1.05044,1.05298,1.04999,1.05147,16013
2023-10-05 16:00:00,1.05147,1.054,1.0508,1.0536,24950
2023-10-05 20:00:00,1.0536,1.05518,1.05289,1.05484,10956
2023-10-06 00:00:00,1.05379,1.05507,1.05379,1.05415,5646
2023-10-06 04:00:00,1.05415,1.05473,1.05381,1.05404,5564
2023-10-06 08:00:00,1.054,1.05532,1.05315,1.05484,10838
2023-10-06 12:00:00,1.05483,1.05685,1.04825,1.04962,19358
2023-10-06 16:00:00,1.04963,1.06,1.04882,1.05791,33389
2023-10-06 20:00:00,1.05791,1.05995,1.05772,1.05831,8640
2023-10-09 00:00:00,1.05517,1.05743,1.0549,1.05735,6098
2023-10-09 04:00:00,1.05735,1.05741,1.05481,1.05503,5226
2023-10-09 08:00:00,1.05503,1.05588,1.05195,1.05417,13747
2023-10-09 12:00:00,1.05418,1.05451,1.05226,1.05333,10992
2023-10-09 16:00:00,1.05331,1.05576,1.05328,1.05355,16687
2023-10-09 20:00:00,1.05357,1.05722,1.05352,1.05649,7949
2023-10-10 00:00:00,1.05576,1.05835,1.05558,1.05727,11376
2023-10-10 04:00:00,1.05727,1.05807,1.05609,1.05616,6891
2023-10-10 08:00:00,1.05617,1.06096,1.05544,1.06045,16413
2023-10-10 12:00:00,1.06043,1.06111,1.0572,1.05934,16672
2023-10-10 16:00:00,1.05931,1.06197,1.05846,1.06172,20613
2023-10-10 20:00:00,1.06169,1.06185,1.05927,1.06038,10481
2023-10-11 00:00:00,1.0601,1.06143,1.05942,1.06106,3297
2023-10-11 04:00:00,1.06106,1.06124,1.06013,1.06029,5731
2023-10-11 08:00:00,1.0603,1.06284,1.05934,1.06085,15505
2023-10-11 12:00:00,1.06086,1.06148,1.05811,1.06145,16406
2023-10-11 16:00:00,1.06145,1.06347,1.05995,1.06073,21015
2023-10-11 20:00:00,1.06072,1.06203,1.0585,1.06172,9226
2023-10-12 00:00:00,1.06077,1.0628,1.0603,1.06225,4050
2023-10-12 04:00:00,1.06225,1.06319,1.06201,1.06311,5838
2023-10-12 08:00:00,1.06311,1.06397,1.06192,1.06264,12228
2023-10-12 12:00:00,1.06268,1.06273,1.05718,1.05818,16906
2023-10-12 16:00:00,1.05818,1.05864,1.05445,1.05486,24111
2023-10-12 20:00:00,1.05485,1.05491,1.05258,1.05265,13196
2023-10-13 00:00:00,1.05271,1.05397,1.05258,1.05391,3692
2023-10-13 04:00:00,1.05391,1.05499,1.05376,1.05498,5150
2023-10-13 08:00:00,1.05499,1.05585,1.05314,1.05539,12460
2023-10-13 12:00:00,1.05539,1.05551,1.05141,1.05379,15342
2023-10-13 16:00:00,1.05378,1.05413,1.04954,1.05091,21886
2023-10-13 20:00:00,1.05092,1.05159,1.0501,1.05059,9244
2023-10-16 00:00:00,1.05058,1.05255,1.05037,1.05177,5033
2023-10-16 04:00:00,1.05177,1.05269,1.05176,1.05261,5450
2023-10-16 08:00:00,1.05261,1.05429,1.05229,1.05407,13502
2023-10-16 12:00:00,1.05407,1.05462,1.0526200000000001,1.05419,13798
2023-10-16 16:00:00,1.05419,1.05555,1.05256,1.05474,16569
2023-10-16 20:00:00,1.05474,1.05627,1.05436,1.05582,6712
2023-10-17 00:00:00,1.05601,1.05616,1.0553,1.05558,5162
2023-10-17 04:00:00,1.05558,1.0556,1.05458,1.05476,5645
2023-10-17 08:00:00,1.05476,1.05548,1.0533,1.05359,10952
2023-10-17 12:00:00,1.05359,1.05793,1.05359,1.05473,17562
2023-10-17 16:00:00,1.05473,1.0594999999999999,1.05398,1.05796,23008
2023-10-17 20:00:00,1.05795,1.05813,1.05641,1.05756,7868
2023-10-18 00:00:00,1.05754,1.05774,1.05606,1.05644,3114
2023-10-18 04:00:00,1.05644,1.0579,1.05615,1.05756,6216
2023-10-18 08:00:00,1.05756,1.05942,1.05705,1.05833,12110
2023-10-18 12:00:00,1.05833,1.05868,1.05493,1.0557,14556
2023-10-18 16:00:00,1.0557,1.05641,1.05232,1.05368,22563
2023-10-18 20:00:00,1.05369,1.05538,1.05317,1.05348,10675
2023-10-19 00:00:00,1.05337,1.05399,1.05321,1.05391,4160
2023-10-19 04:00:00,1.05391,1.05419,1.05306,1.05335,6288
2023-10-19 08:00:00,1.05336,1.05482,1.0528,1.05358,12513
2023-10-19 12:00:00,1.05358,1.05797,1.05353,1.05763,14908
2023-10-19 16:00:00,1.05763,1.06165,1.0556,1.05964,32109
2023-10-19 20:00:00,1.05965,1.06066,1.05782,1.05811,19298
2023-10-20 00:00:00,1.05824,1.05865,1.05739,1.05762,3843
2023-10-20 04:00:00,1.05761,1.058,1.05682,1.05754,6096
2023-10-20 08:00:00,1.05754,1.05954,1.0565,1.05879,12250
2023-10-20 12:00:00,1.05879,1.0599,1.05652,1.05838,13559
2023-10-20 16:00:00,1.05837,1.06008,1.0572300000000001,1.05895,20162
2023-10-20 20:00:00,1.05895,1.06037,1.05863,1.0592,9039
2023-10-23 00:00:00,1.05952,1.05972,1.05841,1.05872,5955
2023-10-23 04:00:00,1.05872,1.05872,1.05732,1.05762,4944
2023-10-23 08:00:00,1.05762,1.06106,1.05715,1.0602800000000001,10868
2023-10-23 12:00:00,1.06027,1.06189,1.05905,1.06099,12696
2023-10-23 16:00:00,1.06098,1.06649,1.05911,1.06648,20267
2023-10-23 20:00:00,1.06648,1.0678,1.06597,1.06666,11575
2023-10-24 00:00:00,1.06635,1.06735,1.06609,1.06725,10975
2023-10-24 04:00:00,1.06725,1.06871,1.06678,1.06791,9425
2023-10-24 08:00:00,1.06791,1.06942,1.06442,1.06504,14236
2023-10-24 12:00:00,1.06503,1.06513,1.06123,1.0616,14119
2023-10-24 16:00:00,1.0616,1.06243,1.05831,1.05869,20541
2023-10-24 20:00:00,1.05869,1.05944,1.05846,1.05885,7066
2023-10-25 00:00:00,1.0588899999999999,1.05988,1.05833,1.05928,4641
2023-10-25 04:00:00,1.05929,1.06064,1.05918,1.06062,5009
2023-10-25 08:00:00,1.06062,1.06067,1.05783,1.05853,10133
2023-10-25 12:00:00,1.05852,1.05853,1.05657,1.0575,12173
2023-10-25 16:00:00,1.05749,1.05956,1.05668,1.05745,22368
2023-10-25 20:00:00,1.05746,1.05766,1.05651,1.05651,12276
2023-10-26 00:00:00,1.05659,1.05692,1.05575,1.05597,4825
2023-10-26 04:00:00,1.05597,1.05614,1.05415,1.05457,5410
2023-10-26 08:00:00,1.05455,1.05527,1.05329,1.05454,12479
2023-10-26 12:00:00,1.05455,1.05591,1.05213,1.05591,16907
2023-10-26 16:00:00,1.05592,1.05604,1.05249,1.05286,24427
2023-10-26 20:00:00,1.05286,1.05648,1.05283,1.05589,12756
2023-10-27 00:00:00,1.05533,1.05659,1.05528,1.0558,4033
2023-10-27 04:00:00,1.05578,1.05679,1.05525,1.05672,3920
2023-10-27 08:00:00,1.05672,1.057,1.05519,1.05619,9502
2023-10-27 12:00:00,1.05619,1.05695,1.05355,1.0556,12871
2023-10-27 16:00:00,1.05559,1.05971,1.05555,1.0583,23176
2023-10-27 20:00:00,1.0583,1.05832,1.05574,1.05596,11703
2023-10-30 00:00:00,1.05657,1.05677,1.05553,1.05637,6876
2023-10-30 04:00:00,1.05636,1.05658,1.05586,1.05616,3220
2023-10-30 08:00:00,1.05616,1.05862,1.05471,1.05826,10633
2023-10-30 12:00:00,1.05825,1.06148,1.05733,1.06097,14103
2023-10-30 16:00:00,1.06096,1.06252,1.0591,1.06115,16523
2023-10-30 20:00:00,1.06114,1.06218,1.06102,1.06153,5908
2023-10-31 00:00:00,1.06152,1.06175,1.06034,1.06099,6745
2023-10-31 04:00:00,1.06099,1.06115,1.0590600000000001,1.05988,6835
2023-10-31 08:00:00,1.05988,1.06749,1.05943,1.06683,14816
2023-10-31 12:00:00,1.06688,1.06705,1.06013,1.06036,22436
2023-10-31 16:00:00,1.06036,1.06158,1.05576,1.05751,27162
2023-10-31 20:00:00,1.05751,1.05856,1.05711,1.05747,7368
2023-11-01 00:00:00,1.05748,1.05806,1.05672,1.05691,4284
2023-11-01 04:00:00,1.05691,1.05737,1.05652,1.0568,4287
2023-11-01 08:00:00,1.0568,1.05777,1.05454,1.05492,9009
2023-11-01 12:00:00,1.05492,1.05574,1.05217,1.05312,16931
2023-11-01 16:00:00,1.05315,1.0571,1.05277,1.0533,18541
2023-11-01 20:00:00,1.0533,1.05758,1.05166,1.05674,25085
2023-11-02 00:00:00,1.05672,1.06023,1.05672,1.05979,9412
2023-11-02 04:00:00,1.05978,1.0602,1.05932,1.05972,4358
2023-11-02 08:00:00,1.0597,1.06247,1.05913,1.06237,11632
2023-11-02 12:00:00,1.06237,1.06677,1.06209,1.06479,19384
2023-11-02 16:00:00,1.06471,1.0648,1.06104,1.06284,17978
2023-11-02 20:00:00,1.06283,1.06324,1.06141,1.06207,8094
2023-11-03 00:00:00,1.06207,1.06226,1.06149,1.06222,3393
2023-11-03 04:00:00,1.06222,1.0631599999999999,1.06214,1.06298,3300
2023-11-03 08:00:00,1.06299,1.06485,1.06198,1.06482,9375
2023-11-03 12:00:00,1.06481,1.07246,1.06408,1.07166,23180
2023-11-03 16:00:00,1.07171,1.07466,1.06935,1.07367,24222
2023-11-03 20:00:00,1.07366,1.07398,1.07225,1.07282,6329
2023-11-06 00:00:00,1.07215,1.07334,1.07166,1.07285,4352
2023-11-06 04:00:00,1.07287,1.07389,1.07266,1.07356,3635
2023-11-06 08:00:00,1.07356,1.07564,1.07317,1.07472,10632
2023-11-06 12:00:00,1.07473,1.07559,1.07352,1.07374,10522
2023-11-06 16:00:00,1.07375,1.07492,1.07262,1.07356,13239
2023-11-06 20:00:00,1.07355,1.0737,1.07155,1.07155,7718
2023-11-07 00:00:00,1.07161,1.07223,1.07081,1.07106,3526
2023-11-07 04:00:00,1.07106,1.07141,1.07053,1.07104,4664
2023-11-07 08:00:00,1.07104,1.07117,1.06831,1.0683799999999999,11106
2023-11-07 12:00:00,1.0683799999999999,1.06975,1.0665499999999999,1.06762,13348
2023-11-07 16:00:00,1.06765,1.06928,1.06642,1.06773,16983
2023-11-07 20:00:00,1.06773,1.07048,1.06761,1.06981,9384
2023-11-08 00:00:00,1.06995,1.0701100000000001,1.06865,1.06919,3025
2023-11-08 04:00:00,1.06921,1.06991,1.06853,1.06862,3867
2023-11-08 08:00:00,1.06862,1.06882,1.06603,1.06653,10570
2023-11-08 12:00:00,1.06647,1.0678,1.0659399999999999,1.06694,10686
2023-11-08 16:00:00,1.06693,1.0716,1.0669,1.07077,17551
2023-11-08 20:00:00,1.07078,1.07142,1.06999,1.07059,10890
2023-11-09 00:00:00,1.0703,1.07147,1.07025,1.07121,5988
2023-11-09 04:00:00,1.07121,1.07158,1.07023,1.07027,3403
2023-11-09 08:00:00,1.07027,1.071,1.06937,1.06979,10604
2023-11-09 12:00:00,1.06978,1.07089,1.06803,1.07075,12560
2023-11-09 16:00:00,1.07076,1.07254,1.07001,1.07048,18646
2023-11-09 20:00:00,1.07048,1.07057,1.06602,1.06657,24242
2023-11-10 00:00:00,1.06644,1.06751,1.06631,1.0672,3847
2023-11-10 04:00:00,1.0672,1.06745,1.0666,1.06692,3741
2023-11-10 08:00:00,1.06692,1.06801,1.06563,1.06774,12650
2023-11-10 12:00:00,1.06773,1.06929,1.06694,1.06888,13120
2023-11-10 16:00:00,1.0688900000000001,1.06898,1.06625,1.0679400000000001,19936
2023-11-10 20:00:00,1.0679400000000001,1.06875,1.0673,1.06843,8496
2023-11-13 00:00:00,1.0683,1.06907,1.06796,1.06868,5219
2023-11-13 04:00:00,1.06868,1.0689,1.06816,1.06859,3965
2023-11-13 08:00:00,1.06858,1.07014,1.06837,1.06897,12129
2023-11-13 12:00:00,1.06896,1.06997,1.06652,1.06728,13275
2023-11-13 16:00:00,1.06728,1.07062,1.0668,1.06958,20514
2023-11-13 20:00:00,1.06958,1.07058,1.06901,1.06983,11596
2023-11-14 00:00:00,1.06973,1.07023,1.06919,1.0699,6750
2023-11-14 04:00:00,1.06988,1.07023,1.06929,1.06957,3567
2023-11-14 08:00:00,1.06957,1.07177,1.06944,1.07158,11603
2023-11-14 12:00:00,1.07161,1.08002,1.07087,1.07894,22805
2023-11-14 16:00:00,1.07894,1.08738,1.07888,1.0873,35358
2023-11-14 20:00:00,1.0873,1.08875,1.08679,1.08788,11701
2023-11-15 00:00:00,1.08786,1.08827,1.08656,1.0872,5694
2023-11-15 04:00:00,1.08721,1.08838,1.08707,1.08728,5311
2023-11-15 08:00:00,1.08729,1.08795,1.0844,1.08521,17086
2023-11-15 12:00:00,1.08521,1.08861,1.08401,1.08589,19327
2023-11-15 16:00:00,1.0859,1.08688,1.08316,1.08541,26302
2023-11-15 20:00:00,1.08541,1.08548,1.0841,1.08469,12541
2023-11-16 00:00:00,1.08471,1.08557,1.08421,1.08438,5643
2023-11-16 04:00:00,1.08438,1.0844,1.08301,1.08381,4922
2023-11-16 08:00:00,1.08381,1.0861,1.0834,1.08511,13020
2023-11-16 12:00:00,1.0851,1.08817,1.08392,1.08812,17533
2023-11-16 16:00:00,1.08812,1.08955,1.08465,1.08599,27199
2023-11-16 20:00:00,1.08599,1.08656,1.0845,1.08521,10302
2023-11-17 00:00:00,1.08521,1.08571,1.0844,1.0853,7455
2023-11-17 04:00:00,1.0853,1.08571,1.08481,1.08532,4331
2023-11-17 08:00:00,1.08534,1.08584,1.08249,1.08529,16824
2023-11-17 12:00:00,1.08532,1.08776,1.08516,1.08712,19740
2023-11-17 16:00:00,1.08713,1.08935,1.08586,1.08904,24644
2023-11-17 20:00:00,1.08904,1.09145,1.08884,1.09135,10694
2023-11-20 00:00:00,1.09095,1.09125,1.08976,1.09084,7588
2023-11-20 04:00:00,1.09084,1.09358,1.09081,1.09187,8450
2023-11-20 08:00:00,1.09187,1.09402,1.09132,1.09368,19380
2023-11-20 12:00:00,1.09368,1.09368,1.09208,1.09266,14994
2023-11-20 16:00:00,1.09266,1.09517,1.09189,1.09377,18805
2023-11-20 20:00:00,1.09376,1.09518,1.0937000000000001,1.09396,11320
2023-11-21 00:00:00,1.09398,1.09575,1.09353,1.09521,5897
2023-11-21 04:00:00,1.0952,1.09652,1.09482,1.0956,7274
2023-11-21 08:00:00,1.0956,1.0964,1.09427,1.09439,15332
2023-11-21 12:00:00,1.09439,1.0961400000000001,1.09391,1.09451,16372
2023-11-21 16:00:00,1.09451,1.09595,1.09189,1.0921,25114
2023-11-21 20:00:00,1.0921,1.09216,1.09002,1.09109,13638
2023-11-22 00:00:00,1.091,1.09229,1.09055,1.09135,6640
2023-11-22 04:00:00,1.09135,1.09204,1.09051,1.09074,6717
2023-11-22 08:00:00,1.09074,1.09199,1.08828,1.09027,16799
2023-11-22 12:00:00,1.09027,1.09178,1.08914,1.08962,23014
2023-11-22 16:00:00,1.08963,1.08985,1.08524,1.08788,29235
2023-11-22 20:00:00,1.0878700000000001,1.08896,1.08776,1.08882,9695
2023-11-23 00:00:00,1.08882,1.0896,1.08809,1.08951,4041
2023-11-23 04:00:00,1.08952,1.09118,1.08948,1.09106,4012
2023-11-23 08:00:00,1.09106,1.09307,1.08957,1.09232,18574
2023-11-23 12:00:00,1.09232,1.09241,1.08968,1.09017,11945
2023-11-23 16:00:00,1.09018,1.09106,1.08873,1.09058,9578
2023-11-23 20:00:00,1.09058,1.09072,1.09026,1.09026,2916
2023-11-24 00:00:00,1.09026,1.09105,1.08994,1.09019,6118
2023-11-24 04:00:00,1.0902,1.09122,1.08949,1.09118,4923
2023-11-24 08:00:00,1.09118,1.0921,1.09016,1.09029,11890
2023-11-24 12:00:00,1.0903,1.09283,1.09019,1.09221,13447
2023-11-24 16:00:00,1.09221,1.09454,1.09173,1.09406,18454
2023-11-24 20:00:00,1.09406,1.09485,1.09331,1.09362,8458
2023-11-27 00:00:00,1.09435,1.09498,1.09268,1.09469,5594
2023-11-27 04:00:00,1.0947,1.09507,1.09381,1.09496,6104
2023-11-27 08:00:00,1.09496,1.09593,1.09393,1.09486,11259
2023-11-27 12:00:00,1.09485,1.09566,1.09437,1.09438,13334
2023-11-27 16:00:00,1.0944,1.09452,1.09251,1.09345,21005
2023-11-27 20:00:00,1.09344,1.09575,1.09324,1.09537,7135
2023-11-28 00:00:00,1.09529,1.0962,1.09474,1.09579,5407
2023-11-28 04:00:00,1.09579,1.09629,1.09501,1.09512,4499
2023-11-28 08:00:00,1.09512,1.0955300000000001,1.09346,1.09538,12530
2023-11-28 12:00:00,1.09538,1.0974,1.09453,1.09725,14491
2023-11-28 16:00:00,1.09724,1.1009,1.09642,1.09869,31214
2023-11-28 20:00:00,1.09871,1.09956,1.09733,1.09926,11162
2023-11-29 00:00:00,1.099,1.10173,1.09884,1.1006,8558
2023-11-29 04:00:00,1.10064,1.10086,1.09968,1.10021,6703
2023-11-29 08:00:00,1.10021,1.10047,1.0972,1.09746,17972
2023-11-29 12:00:00,1.09747,1.0995,1.09692,1.09728,20440
2023-11-29 16:00:00,1.09728,1.09911,1.09602,1.09761,25232
2023-11-29 20:00:00,1.09761,1.0995,1.09683,1.09686,8659
2023-11-30 00:00:00,1.09694,1.0984,1.09667,1.09696,5261
2023-11-30 04:00:00,1.09696,1.0977999999999999,1.09652,1.09724,6210
2023-11-30 08:00:00,1.09722,1.0982,1.09202,1.09251,18339
2023-11-30 12:00:00,1.09247,1.09504,1.0909200000000001,1.09158,20309
2023-11-30 16:00:00,1.09158,1.09226,1.08882,1.08901,33239
2023-11-30 20:00:00,1.089,1.09,1.08795,1.0887,9763
2023-12-01 00:00:00,1.0882,1.09102,1.08813,1.0907,6894
2023-12-01 04:00:00,1.09069,1.09129,1.08983,1.09111,6120
2023-12-01 08:00:00,1.09109,1.0912,1.0886,1.0898,15940
2023-12-01 12:00:00,1.08979,1.09039,1.08664,1.08676,16517
2023-12-01 16:00:00,1.0867499999999999,1.08856,1.08288,1.08818,35691
2023-12-01 20:00:00,1.08818,1.08929,1.08701,1.08823,12341
2023-12-04 00:00:00,1.08776,1.0895,1.08667,1.08733,11764
2023-12-04 04:00:00,1.0873,1.08861,1.08684,1.08694,7671
2023-12-04 08:00:00,1.08693,1.08809,1.08498,1.08748,16883
2023-12-04 12:00:00,1.08747,1.08789,1.08533,1.08545,15836
2023-12-04 16:00:00,1.08546,1.08552,1.08042,1.08257,27299
2023-12-04 20:00:00,1.08258,1.08371,1.08153,1.0836,8351
2023-12-05 00:00:00,1.08261,1.08463,1.08261,1.08394,6142
2023-12-05 04:00:00,1.08394,1.08476,1.08349,1.08474,6444
2023-12-05 08:00:00,1.08475,1.08475,1.08041,1.0832,18533
2023-12-05 12:00:00,1.08319,1.08398,1.08125,1.08287,17583
2023-12-05 16:00:00,1.08287,1.0839,1.07821,1.0792,33385
2023-12-05 20:00:00,1.07921,1.0799,1.07782,1.07956,9245
2023-12-06 00:00:00,1.07952,1.07986,1.0788,1.07922,5761
2023-12-06 04:00:00,1.07921,1.0802,1.07882,1.08012,5722
2023-12-06 08:00:00,1.08012,1.08012,1.07752,1.07912,15424
2023-12-06 12:00:00,1.07912,1.07999,1.0772599999999999,1.07981,17902
2023-12-06 16:00:00,1.07981,1.08047,1.07809,1.07815,22935
2023-12-06 20:00:00,1.07812,1.07844,1.07588,1.07636,8132
2023-12-07 00:00:00,1.0764,1.07724,1.07621,1.07674,5133
2023-12-07 04:00:00,1.07673,1.07709,1.07569,1.07617,6722
2023-12-07 08:00:00,1.07618,1.07847,1.07553,1.07799,19219
2023-12-07 12:00:00,1.078,1.07981,1.07594,1.07904,22728
2023-12-07 16:00:00,1.07904,1.08177,1.07671,1.08138,30663
2023-12-07 20:00:00,1.08136,1.08138,1.07905,1.07936,10728
2023-12-08 00:00:00,1.07913,1.08008,1.07852,1.07881,10350
2023-12-08 04:00:00,1.07881,1.07957,1.07823,1.07841,9109
2023-12-08 08:00:00,1.07841,1.07913,1.07724,1.0777,17525
2023-12-08 12:00:00,1.0777,1.079,1.07236,1.0747,23404
2023-12-08 16:00:00,1.07471,1.07858,1.07305,1.07561,33286
2023-12-08 20:00:00,1.07562,1.0766499999999999,1.07529,1.0757,8206
2023-12-11 00:00:00,1.07582,1.0774,1.07556,1.07676,7268
2023-12-11 04:00:00,1.07676,1.07684,1.07611,1.07682,5007
2023-12-11 08:00:00,1.07682,1.0771,1.07514,1.07671,13894
2023-12-11 12:00:00,1.0767,1.0779,1.07523,1.07637,14448
2023-12-11 16:00:00,1.07638,1.07638,1.07417,1.07441,18308
2023-12-11 20:00:00,1.07441,1.07698,1.07425,1.07642,8403
2023-12-12 00:00:00,1.07597,1.07698,1.07557,1.07649,4365
2023-12-12 04:00:00,1.07648,1.0771,1.07613,1.07692,5047
2023-12-12 08:00:00,1.07692,1.07978,1.07686,1.07935,13245
2023-12-12 12:00:00,1.07935,1.08266,1.07727,1.07757,21940
2023-12-12 16:00:00,1.07757,1.07994,1.07672,1.07883,25118
2023-12-12 20:00:00,1.07882,1.07993,1.07869,1.07943,9497
2023-12-13 00:00:00,1.07912,1.08,1.07883,1.07936,4543
2023-12-13 04:00:00,1.07935,1.0794,1.07843,1.07901,5109
2023-12-13 08:00:00,1.07901,1.07928,1.07803,1.07874,14392
2023-12-13 12:00:00,1.07874,1.08037,1.07733,1.08006,16112
2023-12-13 16:00:00,1.08006,1.08096,1.07827,1.07843,18679
2023-12-13 20:00:00,1.07841,1.08968,1.07802,1.0874,36078
2023-12-14 00:00:00,1.08717,1.08983,1.08708,1.08966,10955
2023-12-14 04:00:00,1.08967,1.09155,1.08931,1.08939,12185
2023-12-14 08:00:00,1.08942,1.09131,1.08799,1.09042,24456
2023-12-14 12:00:00,1.09041,1.09514,1.08983,1.0944,30193
2023-12-14 16:00:00,1.09438,1.10093,1.0936,1.1005,36379
2023-12-14 20:00:00,1.10049,1.10061,1.09796,1.09917,12309
2023-12-15 00:00:00,1.0991,1.09966,1.0977,1.09847,7569
2023-12-15 04:00:00,1.09847,1.10039,1.09838,1.09844,8293
2023-12-15 08:00:00,1.09844,1.09994,1.09462,1.09605,20796
2023-12-15 12:00:00,1.09605,1.09697,1.09042,1.09164,21943
2023-12-15 16:00:00,1.09165,1.09285,1.09018,1.09104,31069
2023-12-15 20:00:00,1.09103,1.09109,1.08882,1.08939,14751
2023-12-18 00:00:00,1.0895299999999999,1.0901399999999999,1.08921,1.08976,6925
2023-12-18 04:00:00,1.08976,1.0916,1.08975,1.09155,8588
2023-12-18 08:00:00,1.09156,1.09301,1.09117,1.09196,15450
2023-12-18 12:00:00,1.09196,1.09294,1.09072,1.09214,17245
2023-12-18 16:00:00,1.09214,1.09313,1.0911,1.09277,20714
2023-12-18 20:00:00,1.09278,1.09281,1.09132,1.09235,9774
2023-12-19 00:00:00,1.09126,1.09261,1.09125,1.09187,9624
2023-12-19 04:00:00,1.09187,1.09293,1.09149,1.09279,10398
2023-12-19 08:00:00,1.0928,1.09496,1.09231,1.09415,18363
2023-12-19 12:00:00,1.09416,1.09738,1.09305,1.09621,17153
2023-12-19 16:00:00,1.09622,1.09876,1.09591,1.0975,22283
2023-12-19 20:00:00,1.0975,1.09811,1.09695,1.09807,9107
2023-12-20 00:00:00,1.09801,1.09835,1.0968,1.09699,7594
2023-12-20 04:00:00,1.09699,1.09729,1.09643,1.0965,7832
2023-12-20 08:00:00,1.0965,1.09714,1.09508,1.09645,16897
2023-12-20 12:00:00,1.09644,1.09654,1.09341,1.09606,16398
2023-12-20 16:00:00,1.09608,1.09757,1.09497,1.0958,21534
2023-12-20 20:00:00,1.0958,1.09638,1.09299,1.09384,15129
2023-12-21 00:00:00,1.09384,1.09536,1.09363,1.09525,9683
2023-12-21 04:00:00,1.09524,1.09559,1.09453,1.09546,7879
2023-12-21 08:00:00,1.09547,1.0955,1.09354,1.0944,13449
2023-12-21 12:00:00,1.09439,1.1002399999999999,1.094,1.09911,20438
2023-12-21 16:00:00,1.09912,1.1001400000000001,1.09755,1.09862,30172
2023-12-21 20:00:00,1.09861,1.10126,1.09786,1.1011,13034
2023-12-22 00:00:00,1.10083,1.10126,1.09838,1.09982,7649
2023-12-22 04:00:00,1.09984,1.1005,1.09955,1.09969,8414
2023-12-22 08:00:00,1.09968,1.10137,1.09938,1.10045,16614
2023-12-22 12:00:00,1.10045,1.10381,1.10018,1.10291,20586
2023-12-22 16:00:00,1.1029,1.10403,1.10002,1.10159,24857
2023-12-22 20:00:00,1.10159,1.10193,1.10023,1.10139,10660
2023-12-25 00:00:00,1.10128,1.10158,1.10128,1.10135,616
2023-12-26 00:00:00,1.10029,1.10231,1.09998,1.10224,5978
2023-12-26 04:00:00,1.10224,1.10291,1.10198,1.10266,6246
2023-12-26 08:00:00,1.10267,1.1026799999999999,1.10097,1.10144,7637
2023-12-26 12:00:00,1.10144,1.10246,1.10087,1.10177,9852
2023-12-26 16:00:00,1.10177,1.10378,1.10141,1.10352,11875
2023-12-26 20:00:00,1.10353,1.10451,1.10342,1.10415,9399
2023-12-27 00:00:00,1.10418,1.10442,1.10321,1.10361,5876
2023-12-27 04:00:00,1.10361,1.1044100000000001,1.10286,1.10436,8162
2023-12-27 08:00:00,1.10436,1.1055,1.10367,1.1054599999999999,11368
2023-12-27 12:00:00,1.10549,1.10741,1.10487,1.10706,12062
2023-12-27 16:00:00,1.10709,1.11229,1.10689,1.11054,20722
2023-12-27 20:00:00,1.11053,1.11142,1.1099,1.11051,10937
2023-12-28 00:00:00,1.11011,1.11223,1.1097299999999999,1.1122,7103
2023-12-28 04:00:00,1.1122,1.11227,1.11086,1.11093,8990
2023-12-28 08:00:00,1.11092,1.11395,1.11045,1.11293,15679
2023-12-28 12:00:00,1.11293,1.11326,1.10725,1.10734,16317
2023-12-28 16:00:00,1.10734,1.11135,1.10662,1.10739,21613
2023-12-28 20:00:00,1.10739,1.10741,1.10552,1.10609,11610
2023-12-29 00:00:00,1.10601,1.10844,1.10598,1.1078999999999999,7526
2023-12-29 04:00:00,1.1078999999999999,1.10794,1.10606,1.10663,8589
2023-12-29 08:00:00,1.10664,1.10777,1.10444,1.10493,12925
2023-12-29 12:00:00,1.1049,1.10809,1.10467,1.10488,15673
2023-12-29 16:00:00,1.10489,1.10787,1.10428,1.10641,24745
2023-12-29 20:00:00,1.10641,1.10641,1.10335,1.10367,12185
2024-01-02 00:00:00,1.1042,1.10451,1.1034,1.1035,6251
2024-01-02 04:00:00,1.10351,1.10361,1.10167,1.10336,9533
2024-01-02 08:00:00,1.10337,1.1039,1.10108,1.10153,18306
2024-01-02 12:00:00,1.10151,1.10172,1.09496,1.0953,21017
2024-01-02 16:00:00,1.09529,1.09684,1.0941,1.09507,26753
2024-01-02 20:00:00,1.09506,1.09561,1.09374,1.09415,11049
2024-01-03 00:00:00,1.09423,1.09549,1.09381,1.09516,7479
2024-01-03 04:00:00,1.09516,1.09629,1.09485,1.09514,7921
2024-01-03 08:00:00,1.09514,1.09656,1.09349,1.09365,17256
2024-01-03 12:00:00,1.09365,1.09392,1.09102,1.09217,19849
2024-01-03 16:00:00,1.09218,1.09389,1.08982,1.09067,31583
2024-01-03 20:00:00,1.09066,1.0925799999999999,1.08929,1.09212,21787
2024-01-04 00:00:00,1.09204,1.09277,1.09117,1.0918,7005
2024-01-04 04:00:00,1.0918,1.09308,1.09156,1.09267,7928
2024-01-04 08:00:00,1.09266,1.09693,1.09211,1.09676,19834
2024-01-04 12:00:00,1.09677,1.09723,1.09328,1.09472,19266
2024-01-04 16:00:00,1.09473,1.09654,1.09383,1.09506,25144
2024-01-04 20:00:00,1.09505,1.09545,1.09429,1.09435,10078
2024-01-05 00:00:00,1.09432,1.09561,1.09406,1.09517,8906
2024-01-05 04:00:00,1.09516,1.09543,1.09342,1.09375,7750
2024-01-05 08:00:00,1.09375,1.09375,1.09029,1.09132,14808
2024-01-05 12:00:00,1.0913,1.0928,1.08767,1.09212,22975
2024-01-05 16:00:00,1.09211,1.09985,1.09211,1.09464,42393
2024-01-05 20:00:00,1.09464,1.09598,1.09354,1.09415,13804
2024-01-08 00:00:00,1.09363,1.09533,1.09346,1.09479,7508
2024-01-08 04:00:00,1.09479,1.09479,1.09303,1.09376,7607
2024-01-08 08:00:00,1.09375,1.09524,1.09227,1.09372,15961
2024-01-08 12:00:00,1.09373,1.09563,1.09344,1.09508,17668
2024-01-08 16:00:00,1.09509,1.09789,1.09494,1.09647,22429
2024-01-08 20:00:00,1.09646,1.09659,1.0949,1.0950199999999999,10126
2024-01-09 00:00:00,1.09495,1.09619,1.09482,1.09616,8767
2024-01-09 04:00:00,1.09617,1.09664,1.09481,1.09498,9341
2024-01-09 08:00:00,1.09498,1.0963,1.0937999999999999,1.0944099999999999,15320
2024-01-09 12:00:00,1.09445,1.09482,1.09288,1.0946,18236
2024-01-09 16:00:00,1.0946,1.09514,1.09104,1.09342,25136
2024-01-09 20:00:00,1.09341,1.09402,1.09201,1.09305,11985
2024-01-10 00:00:00,1.09259,1.09364,1.09231,1.09323,8281
2024-01-10 04:00:00,1.09324,1.09361,1.09278,1.09323,8302
2024-01-10 08:00:00,1.09322,1.0952,1.09229,1.09473,16787
2024-01-10 12:00:00,1.09471,1.09555,1.09407,1.09407,14666
2024-01-10 16:00:00,1.09406,1.09693,1.0932,1.09672,18535
2024-01-10 20:00:00,1.09671,1.09732,1.09594,1.09724,12579
2024-01-11 00:00:00,1.09686,1.09802,1.0967,1.09791,9496
2024-01-11 04:00:00,1.09792,1.0985,1.09758,1.09784,7851
2024-01-11 08:00:00,1.09784,1.09887,1.09589,1.09639,13591
2024-01-11 12:00:00,1.09638,1.09996,1.09356,1.09396,25917
2024-01-11 16:00:00,1.09395,1.09738,1.09303,1.09509,45247
2024-01-11 20:00:00,1.09508,1.09831,1.09499,1.09722,18117
2024-01-12 00:00:00,1.09623,1.09849,1.09623,1.09828,10090
2024-01-12 04:00:00,1.09827,1.09855,1.09734,1.09756,7512
2024-01-12 08:00:00,1.09759,1.09829,1.0961,1.09626,15368
2024-01-12 12:00:00,1.09624,1.09698,1.0936,1.09554,22833
2024-01-12 16:00:00,1.09552,1.0987,1.09473,1.09497,31756
2024-01-12 20:00:00,1.09498,1.09635,1.0948,1.09497,10518
2024-01-15 00:00:00,1.09458,1.09563,1.09408,1.09549,8717
2024-01-15 04:00:00,1.09551,1.09677,1.0955,1.0964,7681
2024-01-15 08:00:00,1.09641,1.09666,1.09432,1.09469,15123
2024-01-15 12:00:00,1.09469,1.09591,1.09336,1.09507,15225
2024-01-15 16:00:00,1.09507,1.09525,1.09383,1.09483,12050
2024-01-15 20:00:00,1.09484,1.09537,1.09454,1.09484,4977
2024-01-16 00:00:00,1.09473,1.09511,1.09155,1.09277,11766
2024-01-16 04:00:00,1.09278,1.09278,1.09122,1.09155,9237
2024-01-16 08:00:00,1.09155,1.09268,1.0884,1.08863,22074
2024-01-16 12:00:00,1.08864,1.08981,1.08716,1.08742,22855
2024-01-16 16:00:00,1.08742,1.08948,1.08622,1.08632,36309
2024-01-16 20:00:00,1.08632,1.08772,1.0863,1.08748,11356
2024-01-17 00:00:00,1.08715,1.08825,1.08681,1.08774,7923
2024-01-17 04:00:00,1.08774,1.08846,1.08609,1.08649,9135
2024-01-17 08:00:00,1.08651,1.08818,1.08555,1.08769,20263
2024-01-17 12:00:00,1.08763,1.08839,1.08515,1.0864,21335
2024-01-17 16:00:00,1.08639,1.0871,1.08447,1.08671,27250
2024-01-17 20:00:00,1.0867,1.08827,1.08567,1.08825,12238
2024-01-18 00:00:00,1.08803,1.09009,1.08792,1.08964,10303
2024-01-18 04:00:00,1.08961,1.0903100000000001,1.08905,1.08951,8862
2024-01-18 08:00:00,1.0895,1.09069,1.08767,1.0884800000000001,16229
2024-01-18 12:00:00,1.08847,1.08961,1.08506,1.08527,20784
2024-01-18 16:00:00,1.08525,1.08701,1.08468,1.08598,30629
2024-01-18 20:00:00,1.08599,1.08776,1.08544,1.08757,13300
2024-01-19 00:00:00,1.08717,1.08875,1.08591,1.08858,8752
2024-01-19 04:00:00,1.08856,1.08898,1.08793,1.0881,8157
2024-01-19 08:00:00,1.08805,1.08865,1.08682,1.0883,15155
2024-01-19 12:00:00,1.08828,1.08932,1.08732,1.08807,14995
2024-01-19 16:00:00,1.08808,1.08935,1.08657,1.08898,26414
2024-01-19 20:00:00,1.08898,1.08979,1.08859,1.08969,10797
2024-01-22 00:00:00,1.08907,1.09052,1.08832,1.0902,11779
2024-01-22 04:00:00,1.0902,1.09094,1.08985,1.09016,7721
2024-01-22 08:00:00,1.09017,1.09096,1.08874,1.08969,15914
2024-01-22 12:00:00,1.08971,1.08997,1.08799,1.08918,16629
2024-01-22 16:00:00,1.08919,1.09001,1.08819,1.08965,18783
2024-01-22 20:00:00,1.08965,1.08965,1.08804,1.0882,11075
2024-01-23 00:00:00,1.08821,1.08886,1.08758,1.08885,13308
2024-01-23 04:00:00,1.08885,1.0908,1.0885,1.09068,11026
2024-01-23 08:00:00,1.09068,1.09163,1.08838,1.08875,18421
2024-01-23 12:00:00,1.08874,1.08885,1.08602,1.08741,16636
2024-01-23 16:00:00,1.0874,1.08742,1.08217,1.08316,25022
2024-01-23 20:00:00,1.08316,1.08561,1.08304,1.08542,10559
2024-01-24 00:00:00,1.08442,1.086,1.08438,1.08581,8340
2024-01-24 04:00:00,1.08582,1.08662,1.08534,1.08621,7741
2024-01-24 08:00:00,1.08621,1.09078,1.0860400000000001,1.09028,20379
2024-01-24 12:00:00,1.09025,1.09272,1.08875,1.0925,19508
2024-01-24 16:00:00,1.0924800000000001,1.09325,1.08905,1.09053,33259
2024-01-24 20:00:00,1.09052,1.0906,1.08777,1.0884,14994
2024-01-25 00:00:00,1.08818,1.08867,1.08704,1.08777,9020
2024-01-25 04:00:00,1.08779,1.0882,1.08746,1.08784,7578
2024-01-25 08:00:00,1.08785,1.08999,1.08753,1.0896,16003
2024-01-25 12:00:00,1.08961,1.09019,1.08668,1.08793,24692
2024-01-25 16:00:00,1.08791,1.08791,1.08242,1.08377,38006
2024-01-25 20:00:00,1.08377,1.0848,1.08217,1.08421,15133
2024-01-26 00:00:00,1.08426,1.08478,1.08376,1.08446,7274
2024-01-26 04:00:00,1.08446,1.08489,1.0838,1.08426,7593
2024-01-26 08:00:00,1.08426,1.08506,1.08129,1.08443,19838
2024-01-26 12:00:00,1.08443,1.08857,1.08442,1.08721,21767
2024-01-26 16:00:00,1.08719,1.08804,1.08552,1.08638,25055
2024-01-26 20:00:00,1.08637,1.08661,1.08512,1.0854,10594
2024-01-29 00:00:00,1.08419,1.08493,1.08403,1.08441,9820
2024-01-29 04:00:00,1.08441,1.08477,1.0839,1.084,7567
2024-01-29 08:00:00,1.08401,1.08503,1.08232,1.08252,14475
2024-01-29 12:00:00,1.08253,1.0836999999999999,1.08139,1.08205,15310
2024-01-29 16:00:00,1.08205,1.08227,1.0796000000000001,1.08118,17994
2024-01-29 20:00:00,1.08119,1.08406,1.08094,1.08316,11991
2024-01-30 00:00:00,1.08317,1.08424,1.08289,1.08349,8700
2024-01-30 04:00:00,1.0835,1.08362,1.08214,1.08228,8147
2024-01-30 08:00:00,1.08227,1.08322,1.08121,1.0827,16062
2024-01-30 12:00:00,1.0827,1.085,1.08231,1.08346,16570
2024-01-30 16:00:00,1.08346,1.08574,1.08282,1.08389,27077
2024-01-30 20:00:00,1.08388,1.08487,1.08316,1.08393,10379
2024-01-31 00:00:00,1.08395,1.08484,1.08313,1.08313,9024
2024-01-31 04:00:00,1.08312,1.08313,1.08157,1.08205,9646
2024-01-31 08:00:00,1.08207,1.08369,1.08061,1.08224,20378
2024-01-31 12:00:00,1.08226,1.0863,1.08214,1.08576,22672
2024-01-31 16:00:00,1.08576,1.08875,1.08419,1.08497,40759
2024-01-31 20:00:00,1.08495,1.08643,1.07947,1.08174,55046
2024-02-01 00:00:00,1.08156,1.08203,1.08019,1.08089,9454
2024-02-01 04:00:00,1.08087,1.0822,1.08029,1.08029,10336
2024-02-01 08:00:00,1.08029,1.08051,1.078,1.07996,21675
2024-02-01 12:00:00,1.08001,1.08275,1.07915,1.08139,26140
2024-02-01 16:00:00,1.08139,1.08748,1.08032,1.08728,43343
2024-02-01 20:00:00,1.08729,1.08749,1.08629,1.08709,18731
2024-02-02 00:00:00,1.08702,1.08799,1.0864,1.08717,7772
2024-02-02 04:00:00,1.08718,1.08827,1.08714,1.08775,8028
2024-02-02 08:00:00,1.08772,1.08976,1.0873599999999999,1.08907,15313
2024-02-02 12:00:00,1.08907,1.08951,1.08037,1.08073,27281
2024-02-02 16:00:00,1.08073,1.0817,1.07809,1.07836,38397
2024-02-02 20:00:00,1.07835,1.07975,1.07805,1.07862,17728
2024-02-05 00:00:00,1.07827,1.0787,1.07674,1.07781,14205
2024-02-05 04:00:00,1.07784,1.07823,1.07734,1.07821,9901
2024-02-05 08:00:00,1.07821,1.07862,1.0752,1.07537,17204
2024-02-05 12:00:00,1.07536,1.07587,1.07363,1.0737700000000001,18484
2024-02-05 16:00:00,1.07376,1.07451,1.07233,1.07395,26854
2024-02-05 20:00:00,1.07395,1.07467,1.07368,1.0742099999999999,10871
2024-02-06 00:00:00,1.07403,1.07473,1.0737,1.07454,6968
2024-02-06 04:00:00,1.07455,1.0754299999999999,1.07435,1.07537,9230
2024-02-06 08:00:00,1.07536,1.07625,1.07256,1.07291,18570
2024-02-06 12:00:00,1.07292,1.07441,1.07227,1.07303,17095
2024-02-06 16:00:00,1.07302,1.07553,1.07291,1.07511,28031
2024-02-06 20:00:00,1.07509,1.07575,1.07435,1.0751,14838
2024-02-07 00:00:00,1.07535,1.07651,1.07485,1.07637,7342
2024-02-07 04:00:00,1.07637,1.07666,1.07566,1.07628,7886
2024-02-07 08:00:00,1.07628,1.07736,1.07568,1.07695,16847
2024-02-07 12:00:00,1.07694,1.0784,1.07624,1.07704,19840
2024-02-07 16:00:00,1.07705,1.078,1.07558,1.0765,32140
2024-02-07 20:00:00,1.07651,1.07755,1.07645,1.07704,13001
2024-02-08 00:00:00,1.07694,1.07798,1.07667,1.07788,6902
2024-02-08 04:00:00,1.07789,1.07884,1.07784,1.07831,7154
2024-02-08 08:00:00,1.07829,1.0789,1.07685,1.07831,18000
2024-02-08 12:00:00,1.07832,1.07857,1.07416,1.07436,19941
2024-02-08 16:00:00,1.07436,1.07767,1.07436,1.07737,23641
2024-02-08 20:00:00,1.07735,1.0783,1.07727,1.07761,13394
2024-02-09 00:00:00,1.07753,1.07789,1.07721,1.07744,6499
2024-02-09 04:00:00,1.07744,1.07784,1.07695,1.07713,5610
2024-02-09 08:00:00,1.07714,1.07849,1.07661,1.0767,17075
2024-02-09 12:00:00,1.07671,1.0795,1.07621,1.07826,25181
2024-02-09 16:00:00,1.07825,1.07954,1.07751,1.07856,26936
2024-02-09 20:00:00,1.07857,1.0791,1.07797,1.07844,8478
2024-02-12 00:00:00,1.07793,1.07999,1.07775,1.07956,7674
2024-02-12 04:00:00,1.07956,1.07979,1.07891,1.07917,8056
2024-02-12 08:00:00,1.07917,1.08058,1.07669,1.07692,15095
2024-02-12 12:00:00,1.07692,1.07789,1.07612,1.0764,16211
2024-02-12 16:00:00,1.0764,1.07826,1.0756000000000001,1.07825,18425
2024-02-12 20:00:00,1.07826,1.07862,1.0768,1.07718,10736
2024-02-13 00:00:00,1.0771,1.07747,1.07656,1.07666,4572
2024-02-13 04:00:00,1.07669,1.0768,1.07607,1.0767,5525
2024-02-13 08:00:00,1.07669,1.07778,1.07569,1.07667,15733
2024-02-13 12:00:00,1.07668,1.07961,1.07031,1.07085,26709
2024-02-13 16:00:00,1.07086,1.0727,1.07005,1.07155,35282
2024-02-13 20:00:00,1.07155,1.07204,1.07006,1.07084,12677
2024-02-14 00:00:00,1.0708199999999999,1.07146,1.07035,1.07117,6786
2024-02-14 04:00:00,1.07118,1.07153,1.07083,1.07142,7527
2024-02-14 08:00:00,1.0714299999999999,1.07189,1.06948,1.07001,18645
2024-02-14 12:00:00,1.07003,1.07169,1.06965,1.07089,18124
2024-02-14 16:00:00,1.07088,1.07346,1.07067,1.07308,27787
2024-02-14 20:00:00,1.07309,1.07339,1.07247,1.07257,11331
2024-02-15 00:00:00,1.0725,1.07357,1.07243,1.07285,5479
2024-02-15 04:00:00,1.07284,1.07322,1.07245,1.07292,5885
2024-02-15 08:00:00,1.07292,1.07415,1.07272,1.07331,15558
2024-02-15 12:00:00,1.07332,1.07728,1.07308,1.0766499999999999,21269
2024-02-15 16:00:00,1.0766499999999999,1.07849,1.07553,1.07626,29944
2024-02-15 20:00:00,1.07625,1.07741,1.07606,1.07718,11143
2024-02-16 00:00:00,1.077,1.07769,1.07613,1.0765,6417
2024-02-16 04:00:00,1.0765,1.07652,1.07571,1.07603,7349
2024-02-16 08:00:00,1.0760399999999999,1.07718,1.07587,1.07662,15480
2024-02-16 12:00:00,1.07663,1.07801,1.07322,1.07467,20065
2024-02-16 16:00:00,1.07468,1.07781,1.07411,1.0778,29990
2024-02-16 20:00:00,1.07778,1.07876,1.0773,1.07776,12572
2024-02-19 00:00:00,1.07718,1.07891,1.07706,1.07805,6925
2024-02-19 04:00:00,1.07804,1.07834,1.07748,1.0782,6647
2024-02-19 08:00:00,1.07818,1.07895,1.07723,1.07748,12552
2024-02-19 12:00:00,1.07748,1.07819,1.07677,1.07703,11577
2024-02-19 16:00:00,1.07703,1.07765,1.07622,1.07762,11769
2024-02-19 20:00:00,1.07763,1.07837,1.07761,1.07782,5406
2024-02-20 00:00:00,1.07767,1.078,1.07651,1.0766,8579
2024-02-20 04:00:00,1.07659,1.07709,1.07617,1.07678,8515
2024-02-20 08:00:00,1.07678,1.0799,1.07674,1.07979,17491
2024-02-20 12:00:00,1.0798,1.0825,1.07937,1.08234,23086
2024-02-20 16:00:00,1.08235,1.0839,1.08092,1.08119,24829
2024-02-20 20:00:00,1.08118,1.08131,1.08044,1.08068,11391
2024-02-21 00:00:00,1.08045,1.08128,1.08045,1.08121,7030
2024-02-21 04:00:00,1.08122,1.08191,1.08121,1.08153,7909
2024-02-21 08:00:00,1.08154,1.08154,1.079,1.07999,14922
2024-02-21 12:00:00,1.07999,1.08116,1.07943,1.08103,16990
2024-02-21 16:00:00,1.08103,1.08201,1.0801,1.08076,23927
2024-02-21 20:00:00,1.08077,1.08244,1.08,1.0815,21654
2024-02-22 00:00:00,1.08181,1.08321,1.08127,1.0826500000000001,6335
2024-02-22 04:00:00,1.08266,1.08381,1.08191,1.08333,7078
2024-02-22 08:00:00,1.08333,1.08886,1.08331,1.08528,25092
2024-02-22 12:00:00,1.08529,1.0859,1.08213,1.08231,22716
2024-02-22 16:00:00,1.08231,1.08246,1.08028,1.08203,29790
2024-02-22 20:00:00,1.08202,1.08263,1.08145,1.0822,11471
2024-02-23 00:00:00,1.08185,1.08321,1.08149,1.08274,7471
2024-02-23 04:00:00,1.08274,1.08306,1.08213,1.08228,8294
2024-02-23 08:00:00,1.08229,1.0832600000000001,1.08141,1.08177,15469
2024-02-23 12:00:00,1.08177,1.08398,1.08173,1.08316,19519
2024-02-23 16:00:00,1.08318,1.0836999999999999,1.08119,1.08249,27919
2024-02-23 20:00:00,1.0825,1.08296,1.08175,1.08189,11567
2024-02-26 00:00:00,1.08297,1.08297,1.08128,1.08166,11050
2024-02-26 04:00:00,1.08165,1.08243,1.0814300000000001,1.08233,6298
2024-02-26 08:00:00,1.08233,1.08405,1.08218,1.08402,15866
2024-02-26 12:00:00,1.08401,1.08598,1.08386,1.08581,16112
2024-02-26 16:00:00,1.08582,1.08589,1.08388,1.08454,20527
2024-02-26 20:00:00,1.08454,1.08527,1.08398,1.08484,10760
2024-02-27 00:00:00,1.08472,1.08513,1.08455,1.08502,6635
2024-02-27 04:00:00,1.08503,1.08555,1.08484,1.08523,9167
2024-02-27 08:00:00,1.08522,1.0866,1.08471,1.0853,14094
2024-02-27 12:00:00,1.0853,1.08633,1.0842,1.0848200000000001,16407
2024-02-27 16:00:00,1.08481,1.0858,1.08331,1.08509,24860
2024-02-27 20:00:00,1.08509,1.08567,1.08408,1.0843099999999999,12443
2024-02-28 00:00:00,1.08421,1.08465,1.08379,1.08395,7039
2024-02-28 04:00:00,1.08395,1.08404,1.0825,1.08267,8443
2024-02-28 08:00:00,1.08267,1.08296,1.07966,1.07998,18854
2024-02-28 12:00:00,1.08,1.0831,1.07994,1.08278,21237
2024-02-28 16:00:00,1.08278,1.0846,1.08214,1.08385,21902
2024-02-28 20:00:00,1.08386,1.08407,1.0832600000000001,1.08369,9015
2024-02-29 00:00:00,1.0832,1.08403,1.08279,1.08291,8900
2024-02-29 04:00:00,1.08293,1.0838,1.08288,1.08355,12794
2024-02-29 08:00:00,1.08354,1.08522,1.0826,1.08507,21676
2024-02-29 12:00:00,1.08506,1.08544,1.08219,1.08377,25049
2024-02-29 16:00:00,1.08376,1.08559,1.07959,1.08,33585
2024-02-29 20:00:00,1.08,1.08113,1.07985,1.08051,14785
2024-03-01 00:00:00,1.0799,1.08214,1.0799,1.08213,9883
2024-03-01 04:00:00,1.08212,1.0822,1.08107,1.08122,7202
2024-03-01 08:00:00,1.08122,1.082,1.0808,1.08159,18778
2024-03-01 12:00:00,1.08158,1.08249,1.07985,1.08129,22885
2024-03-01 16:00:00,1.08129,1.08418,1.07981,1.08376,29953
2024-03-01 20:00:00,1.08374,1.08433,1.08315,1.08394,11337
2024-03-04 00:00:00,1.08348,1.08481,1.08348,1.08402,8334
2024-03-04 04:00:00,1.08402,1.08469,1.08383,1.08445,6418
2024-03-04 08:00:00,1.08444,1.0858,1.08378,1.08491,15691
2024-03-04 12:00:00,1.0849,1.08577,1.08401,1.08488,15581
2024-03-04 16:00:00,1.08489,1.08669,1.0845,1.08581,22125
2024-03-04 20:00:00,1.0858,1.08608,1.0853,1.0853,8871
2024-03-05 00:00:00,1.08539,1.08581,1.08472,1.08496,12035
2024-03-05 04:00:00,1.08496,1.08549,1.08484,1.08531,6051
2024-03-05 08:00:00,1.08531,1.0856,1.08415,1.08515,15953
2024-03-05 12:00:00,1.08514,1.08552,1.08421,1.08464,16283
2024-03-05 16:00:00,1.08465,1.08762,1.08401,1.08599,26326
2024-03-05 20:00:00,1.086,1.08601,1.08491,1.08545,10986
2024-03-06 00:00:00,1.08536,1.08589,1.08422,1.0844,9656
2024-03-06 04:00:00,1.08441,1.0857,1.08439,1.08552,8184
2024-03-06 08:00:00,1.08552,1.08779,1.08549,1.08765,15365
2024-03-06 12:00:00,1.08766,1.08852,1.0867499999999999,1.08849,18969
2024-03-06 16:00:00,1.08846,1.09155,1.08814,1.09024,31689
2024-03-06 20:00:00,1.09025,1.09079,1.0893,1.08973,17620
2024-03-07 00:00:00,1.08935,1.09074,1.08928,1.0898,10208
2024-03-07 04:00:00,1.08979,1.09057,1.08936,1.09005,8495
2024-03-07 08:00:00,1.09004,1.09044,1.08877,1.09017,16657
2024-03-07 12:00:00,1.09017,1.0902,1.08679,1.08723,22609
2024-03-07 16:00:00,1.08724,1.09422,1.08692,1.09371,31394
2024-03-07 20:00:00,1.0937000000000001,1.09499,1.09365,1.09465,9728
2024-03-08 00:00:00,1.09438,1.09558,1.09411,1.09478,8987
2024-03-08 04:00:00,1.09478,1.09509,1.09442,1.09466,7017
2024-03-08 08:00:00,1.09465,1.09512,1.09262,1.09354,19679
2024-03-08 12:00:00,1.09354,1.09813,1.09176,1.09585,27609
2024-03-08 16:00:00,1.09584,1.09666,1.09369,1.09394,35564
2024-03-08 20:00:00,1.09395,1.0944,1.09335,1.0937000000000001,13580
2024-03-11 00:00:00,1.09399,1.09466,1.09346,1.09424,6659
2024-03-11 04:00:00,1.09422,1.09458,1.09366,1.09387,9434
2024-03-11 08:00:00,1.09389,1.09481,1.09354,1.09446,14473
2024-03-11 12:00:00,1.09447,1.09451,1.09294,1.09296,14673
2024-03-11 16:00:00,1.09295,1.09318,1.09146,1.09273,21430
2024-03-11 20:00:00,1.09274,1.09304,1.09183,1.09252,12481
2024-03-12 00:00:00,1.09196,1.09323,1.09176,1.09288,9427
2024-03-12 04:00:00,1.09287,1.09382,1.09267,1.0937000000000001,6897
2024-03-12 08:00:00,1.09371,1.09395,1.09213,1.09249,12796
2024-03-12 12:00:00,1.09249,1.09439,1.09009,1.09201,31242
2024-03-12 16:00:00,1.09201,1.09232,1.09023,1.09177,34345
2024-03-12 20:00:00,1.09176,1.09275,1.09128,1.09261,14561
2024-03-13 00:00:00,1.09252,1.09298,1.09247,1.0927,11108
2024-03-13 04:00:00,1.0927,1.09308,1.09222,1.09235,11773
2024-03-13 08:00:00,1.09236,1.0933,1.09209,1.09278,14472
2024-03-13 12:00:00,1.09279,1.09474,1.09201,1.09367,18140
2024-03-13 16:00:00,1.09368,1.09495,1.09315,1.0949200000000001,22256
2024-03-13 20:00:00,1.0949200000000001,1.09638,1.09457,1.09461,12486
2024-03-14 00:00:00,1.09504,1.09549,1.09456,1.09488,6467
2024-03-14 04:00:00,1.09489,1.0953,1.09391,1.09426,6291
2024-03-14 08:00:00,1.09426,1.09442,1.09318,1.09378,13008
2024-03-14 12:00:00,1.09378,1.09455,1.0924,1.093,20541
2024-03-14 16:00:00,1.09301,1.09314,1.0883,1.08872,32612
2024-03-14 20:00:00,1.08871,1.0892,1.08807,1.0883,11804
2024-03-15 00:00:00,1.08838,1.08864,1.08762,1.08779,8423
2024-03-15 04:00:00,1.0878,1.08803,1.0873,1.08766,7778
2024-03-15 08:00:00,1.08766,1.0887,1.08734,1.0883,11859
2024-03-15 12:00:00,1.0883,1.08998,1.08826,1.08873,16447
2024-03-15 16:00:00,1.08873,1.0895,1.08814,1.08859,25416
2024-03-15 20:00:00,1.08859,1.08915,1.08835,1.0888,10839
2024-03-18 00:00:00,1.089,1.08914,1.08784,1.08854,5463
2024-03-18 04:00:00,1.08853,1.08919,1.08829,1.08877,5429
2024-03-18 08:00:00,1.08877,1.08979,1.08853,1.08933,9752
2024-03-18 12:00:00,1.08934,1.09063,1.08899,1.08923,12923
2024-03-18 16:00:00,1.08924,1.08936,1.08695,1.08725,18006
2024-03-18 20:00:00,1.0872600000000001,1.08753,1.0866,1.08722,8312
2024-03-19 00:00:00,1.0872600000000001,1.08747,1.08694,1.08696,5848
2024-03-19 04:00:00,1.08695,1.08767,1.08668,1.08707,12593
2024-03-19 08:00:00,1.08706,1.08723,1.08424,1.08476,16263
2024-03-19 12:00:00,1.08477,1.08562,1.08348,1.08517,19767
2024-03-19 16:00:00,1.08516,1.08656,1.08494,1.08635,19497
2024-03-19 20:00:00,1.08636,1.08677,1.08597,1.08653,9897
2024-03-20 00:00:00,1.08649,1.0867,1.08584,1.08646,7898
2024-03-20 04:00:00,1.08645,1.08712,1.08623,1.08668,4954
2024-03-20 08:00:00,1.08667,1.08723,1.08501,1.08521,10996
2024-03-20 12:00:00,1.08522,1.08524,1.08365,1.08423,15493
2024-03-20 16:00:00,1.08424,1.08613,1.08373,1.08608,14340
2024-03-20 20:00:00,1.08609,1.09229,1.08587,1.09216,41209
2024-03-21 00:00:00,1.09202,1.09376,1.09156,1.09335,9265
2024-03-21 04:00:00,1.09335,1.09391,1.09327,1.09333,8097
2024-03-21 08:00:00,1.09332,1.09427,1.08873,1.08926,17876
2024-03-21 12:00:00,1.08925,1.09237,1.08891,1.09116,23568
2024-03-21 16:00:00,1.09116,1.09119,1.08559,1.0861,32232
2024-03-21 20:00:00,1.0861,1.08664,1.08555,1.08599,10049
2024-03-22 00:00:00,1.08588,1.08682,1.08583,1.08652,5997
2024-03-22 04:00:00,1.08653,1.08659,1.08312,1.08334,10728
2024-03-22 08:00:00,1.08334,1.08421,1.0808200000000001,1.08116,15934
2024-03-22 12:00:00,1.08119,1.08313,1.08117,1.08266,19545
2024-03-22 16:00:00,1.0826500000000001,1.0832,1.08058,1.08059,17760
2024-03-22 20:00:00,1.08058,1.08108,1.08019,1.08077,6883
2024-03-25 00:00:00,1.08085,1.08104,1.08027,1.08036,4260
2024-03-25 04:00:00,1.08037,1.08222,1.08022,1.08132,10404
2024-03-25 08:00:00,1.08133,1.08238,1.08072,1.08138,10355
2024-03-25 12:00:00,1.08139,1.08342,1.08117,1.08308,12358
2024-03-25 16:00:00,1.08307,1.08426,1.08292,1.08367,15259
2024-03-25 20:00:00,1.08367,1.08409,1.08333,1.08367,6905
2024-03-26 00:00:00,1.08377,1.0843,1.08328,1.08428,7535
2024-03-26 04:00:00,1.08428,1.08458,1.08359,1.08403,6433
2024-03-26 08:00:00,1.08402,1.0853,1.0838700000000001,1.08496,12206
2024-03-26 12:00:00,1.08495,1.08644,1.08456,1.08521,20515
2024-03-26 16:00:00,1.0852,1.08586,1.08243,1.08284,20437
2024-03-26 20:00:00,1.08284,1.08359,1.08268,1.0831,7661
2024-03-27 00:00:00,1.08314,1.08335,1.08275,1.08295,4886
2024-03-27 04:00:00,1.08296,1.0831,1.08206,1.083,8395
2024-03-27 08:00:00,1.08299,1.08339,1.08214,1.08287,11551
2024-03-27 12:00:00,1.08287,1.08392,1.08152,1.08189,16976
2024-03-27 16:00:00,1.08188,1.08259,1.08109,1.08232,19354
2024-03-27 20:00:00,1.08232,1.08292,1.08175,1.08269,10209
2024-03-28 00:00:00,1.08237,1.08275,1.0808,1.08177,7221
2024-03-28 04:00:00,1.08176,1.08261,1.0815,1.08236,6599
2024-03-28 08:00:00,1.08236,1.08268,1.07898,1.0792,12517
2024-03-28 12:00:00,1.07919,1.0809,1.07752,1.0808200000000001,18793
2024-03-28 16:00:00,1.0808200000000001,1.08188,1.07929,1.07995,25983
2024-03-28 20:00:00,1.07994,1.0802,1.0784799999999999,1.07883,9174
2024-03-29 00:00:00,1.0787,1.0794,1.07728,1.0783800000000001,7105
2024-03-29 04:00:00,1.0783800000000001,1.07847,1.07739,1.07765,5301
2024-03-29 08:00:00,1.07765,1.07815,1.07676,1.0778699999999999,5133
2024-03-29 12:00:00,1.0778699999999999,1.08053,1.07729,1.07986,9545
2024-03-29 16:00:00,1.07987,1.08036,1.07869,1.07879,8050
2024-03-29 20:00:00,1.07878,1.07963,1.07871,1.07925,6097
2024-04-01 00:00:00,1.07894,1.0799,1.0785,1.07914,34499
2024-04-01 04:00:00,1.07916,1.07948,1.07842,1.07867,31377
2024-04-01 08:00:00,1.07867,1.07923,1.07828,1.0789900000000001,42766
2024-04-01 12:00:00,1.0789900000000001,1.0791,1.07771,1.07817,60618
2024-04-01 16:00:00,1.07818,1.07832,1.0731,1.07369,125263
2024-04-01 20:00:00,1.07369,1.07441,1.07369,1.07422,44912
2024-04-02 00:00:00,1.07361,1.07445,1.0731,1.07371,28868
2024-04-02 04:00:00,1.07371,1.07383,1.07293,1.07333,33842
2024-04-02 08:00:00,1.07332,1.0743,1.07246,1.07315,20912
2024-04-02 12:00:00,1.07315,1.07562,1.07312,1.07491,16955
2024-04-02 16:00:00,1.07491,1.07793,1.0748,1.07684,23763
2024-04-02 20:00:00,1.07683,1.07697,1.07603,1.07692,6595
2024-04-03 00:00:00,1.07686,1.0774,1.0766,1.07688,5252
2024-04-03 04:00:00,1.07688,1.07795,1.07658,1.07748,6678
2024-04-03 08:00:00,1.07748,1.07775,1.0764,1.07714,10656
2024-04-03 12:00:00,1.07711,1.07865,1.07651,1.07782,15437
2024-04-03 16:00:00,1.07783,1.08363,1.07779,1.08307,31307
2024-04-03 20:00:00,1.08308,1.0836999999999999,1.08256,1.08361,10489
2024-04-04 00:00:00,1.08339,1.08436,1.08325,1.08432,4624
2024-04-04 04:00:00,1.0843099999999999,1.08449,1.08383,1.08426,4778
2024-04-04 08:00:00,1.08426,1.08628,1.0839,1.08619,15044
2024-04-04 12:00:00,1.08618,1.08705,1.08507,1.08698,14361
2024-04-04 16:00:00,1.08698,1.08766,1.08581,1.08589,16741
2024-04-04 20:00:00,1.08588,1.0862,1.08318,1.08369,18620
2024-04-05 00:00:00,1.08385,1.08442,1.08343,1.08418,9055
2024-04-05 04:00:00,1.08417,1.08432,1.08233,1.0826500000000001,9783
2024-04-05 08:00:00,1.0826500000000001,1.08465,1.08226,1.08374,11819
2024-04-05 12:00:00,1.08374,1.08481,1.08001,1.081,20363
2024-04-05 16:00:00,1.08099,1.08446,1.07915,1.08359,31599
2024-04-05 20:00:00,1.0836,1.0839,1.08307,1.0836,10848
2024-04-08 00:00:00,1.08363,1.08379,1.0823,1.0827,4964
2024-04-08 04:00:00,1.0827,1.08434,1.08269,1.08323,8101
2024-04-08 08:00:00,1.08323,1.08379,1.08223,1.08235,15004
2024-04-08 12:00:00,1.08235,1.08357,1.08208,1.08343,14162
2024-04-08 16:00:00,1.08344,1.0859,1.08344,1.08502,20258
2024-04-08 20:00:00,1.08503,1.08624,1.08496,1.08592,7996
2024-04-09 00:00:00,1.0856,1.08636,1.08551,1.08588,6142
2024-04-09 04:00:00,1.08588,1.08624,1.0854,1.08566,6484
2024-04-09 08:00:00,1.08567,1.08628,1.08491,1.08577,10418
2024-04-09 12:00:00,1.08576,1.08841,1.08566,1.08808,13914
2024-04-09 16:00:00,1.08807,1.08852,1.08523,1.08547,23776
2024-04-09 20:00:00,1.08545,1.08592,1.08477,1.08569,9364
2024-04-10 00:00:00,1.08551,1.086,1.08523,1.08573,7231
2024-04-10 04:00:00,1.08572,1.0859,1.08505,1.08525,6325
2024-04-10 08:00:00,1.08526,1.08607,1.08479,1.08606,11536
2024-04-10 12:00:00,1.08605,1.0866500000000001,1.07785,1.07808,27845
2024-04-10 16:00:00,1.07809,1.07813,1.07288,1.07361,41959
2024-04-10 20:00:00,1.07362,1.07544,1.07291,1.07425,25951
2024-04-11 00:00:00,1.07427,1.07461,1.07383,1.07426,8460
2024-04-11 04:00:00,1.07427,1.0749,1.07413,1.07463,7464
2024-04-11 08:00:00,1.07464,1.0749900000000001,1.07267,1.07406,18126
2024-04-11 12:00:00,1.07405,1.0747,1.0714,1.07415,32707
2024-04-11 16:00:00,1.07415,1.07567,1.06993,1.07176,41543
2024-04-11 20:00:00,1.07177,1.07347,1.07151,1.07257,13501
2024-04-12 00:00:00,1.07273,1.07295,1.07226,1.0726,3742
2024-04-12 04:00:00,1.0726,1.07283,1.0711,1.07115,6933
2024-04-12 08:00:00,1.07114,1.0714299999999999,1.06707,1.06712,19524
2024-04-12 12:00:00,1.06712,1.0675,1.06313,1.06384,23457
2024-04-12 16:00:00,1.06385,1.06511,1.06226,1.06419,34339
2024-04-12 20:00:00,1.0642,1.06506,1.06372,1.06405,14111
2024-04-15 00:00:00,1.06343,1.06517,1.06303,1.06457,11108
2024-04-15 04:00:00,1.06457,1.06551,1.06393,1.06527,10694
2024-04-15 08:00:00,1.06526,1.0665,1.065,1.06566,19572
2024-04-15 12:00:00,1.06565,1.06652,1.0631,1.06477,22607
2024-04-15 16:00:00,1.06478,1.0661,1.06219,1.06361,35789
2024-04-15 20:00:00,1.0636,1.06396,1.06203,1.06243,17751
2024-04-16 00:00:00,1.06238,1.06286,1.0618,1.06184,6097
2024-04-16 04:00:00,1.06184,1.06194,1.06061,1.0614,10809
2024-04-16 08:00:00,1.0614,1.06248,1.06024,1.06164,21845
2024-04-16 12:00:00,1.06163,1.06538,1.06163,1.06391,24057
2024-04-16 16:00:00,1.0639,1.0645,1.06188,1.06252,39482
2024-04-16 20:00:00,1.06253,1.06352,1.0601099999999999,1.06187,29399
2024-04-17 00:00:00,1.06181,1.06253,1.06127,1.06224,7885
2024-04-17 04:00:00,1.06223,1.06357,1.06203,1.0625,8559
2024-04-17 08:00:00,1.0625,1.0649,1.06061,1.06406,23529
2024-04-17 12:00:00,1.06406,1.06493,1.06315,1.06346,19427
2024-04-17 16:00:00,1.06346,1.06565,1.06301,1.06498,31249
2024-04-17 20:00:00,1.06498,1.06797,1.06481,1.06725,19372
2024-04-18 00:00:00,1.06713,1.06757,1.06643,1.06698,5782
2024-04-18 04:00:00,1.067,1.06804,1.06645,1.06784,8459
2024-04-18 08:00:00,1.06784,1.06902,1.06749,1.06786,16656
2024-04-18 12:00:00,1.06785,1.06815,1.06598,1.06628,18623
2024-04-18 16:00:00,1.06627,1.06686,1.06464,1.06532,30048
2024-04-18 20:00:00,1.06532,1.06549,1.06411,1.06431,13171
2024-04-19 00:00:00,1.06417,1.06447,1.06361,1.06386,6718
2024-04-19 04:00:00,1.06387,1.06433,1.06105,1.06348,36351
2024-04-19 08:00:00,1.06347,1.0659399999999999,1.0627,1.06458,29738
2024-04-19 12:00:00,1.06458,1.06739,1.06432,1.06653,21984
2024-04-19 16:00:00,1.06653,1.0677699999999999,1.06403,1.06536,31261
2024-04-19 20:00:00,1.06536,1.06586,1.06466,1.06565,14533
2024-04-22 00:00:00,1.06531,1.06651,1.06471,1.0653299999999999,7438
2024-04-22 04:00:00,1.06534,1.06708,1.06534,1.0666,8635
2024-04-22 08:00:00,1.06659,1.06693,1.06474,1.0657,16875
2024-04-22 12:00:00,1.0657,1.06621,1.06309,1.06398,16998
2024-04-22 16:00:00,1.06398,1.0651,1.0624,1.0648900000000001,20141
2024-04-22 20:00:00,1.06488,1.06608,1.06483,1.06544,8173
2024-04-23 00:00:00,1.06536,1.0659399999999999,1.06496,1.06587,4161
2024-04-23 04:00:00,1.06587,1.06607,1.06534,1.06552,7612
2024-04-23 08:00:00,1.06551,1.06952,1.06386,1.06706,22521
2024-04-23 12:00:00,1.06706,1.06781,1.0653299999999999,1.06722,18800
2024-04-23 16:00:00,1.06721,1.07114,1.06601,1.07,33502
2024-04-23 20:00:00,1.07,1.07078,1.06994,1.07013,8763
2024-04-24 00:00:00,1.06997,1.07108,1.06991,1.07096,4256
2024-04-24 04:00:00,1.07095,1.07144,1.07044,1.07054,7413
2024-04-24 08:00:00,1.07053,1.07057,1.06808,1.06836,14228
2024-04-24 12:00:00,1.06836,1.06931,1.0678,1.06868,16126
2024-04-24 16:00:00,1.06867,1.07026,1.06811,1.06906,23272
2024-04-24 20:00:00,1.06906,1.07066,1.06871,1.06987,10801
2024-04-25 00:00:00,1.06941,1.07047,1.06935,1.07035,4620
2024-04-25 04:00:00,1.07035,1.071,1.0697,1.07092,6415
2024-04-25 08:00:00,1.07093,1.07289,1.07078,1.07256,15469
2024-04-25 12:00:00,1.07256,1.07407,1.06855,1.06925,23617
2024-04-25 16:00:00,1.06927,1.07352,1.06784,1.07313,35224
2024-04-25 20:00:00,1.07314,1.07389,1.0723,1.07297,11906
2024-04-26 00:00:00,1.07291,1.07304,1.07228,1.07275,3558
2024-04-26 04:00:00,1.07275,1.07294,1.07186,1.07225,6674
2024-04-26 08:00:00,1.07224,1.0753,1.07216,1.07409,19715
2024-04-26 12:00:00,1.07409,1.07434,1.07103,1.07167,25503
2024-04-26 16:00:00,1.07169,1.07239,1.0674,1.06948,30883
2024-04-26 20:00:00,1.06948,1.07073,1.0691,1.06925,7941
2024-04-29 00:00:00,1.06903,1.07113,1.06895,1.07098,4565
2024-04-29 04:00:00,1.07099,1.07336,1.07077,1.07289,16274
2024-04-29 08:00:00,1.07289,1.07339,1.07012,1.07047,30765
2024-04-29 12:00:00,1.07048,1.07273,1.06974,1.07034,16456
2024-04-29 16:00:00,1.07034,1.07291,1.06903,1.07262,19810
2024-04-29 20:00:00,1.07261,1.07297,1.07151,1.07205,10240
2024-04-30 00:00:00,1.07215,1.07228,1.07103,1.07152,4221
2024-04-30 04:00:00,1.07152,1.0718,1.07024,1.07058,5564
2024-04-30 08:00:00,1.07059,1.07123,1.069,1.07117,14205
2024-04-30 12:00:00,1.07115,1.07355,1.06893,1.07004,23871
2024-04-30 16:00:00,1.07006,1.07197,1.0676,1.0679,34667
2024-04-30 20:00:00,1.06791,1.06832,1.06628,1.06661,10147
2024-05-01 00:00:00,1.06661,1.06729,1.0658,1.06617,4211
2024-05-01 04:00:00,1.06618,1.06633,1.06549,1.06559,4208
2024-05-01 08:00:00,1.06559,1.06706,1.06495,1.06695,7681
2024-05-01 12:00:00,1.06695,1.06849,1.06667,1.06844,12059
2024-05-01 16:00:00,1.06843,1.06926,1.06707,1.06717,20012
2024-05-01 20:00:00,1.06719,1.07328,1.06708,1.07097,54017
2024-05-02 00:00:00,1.07123,1.07219,1.07064,1.07118,7765
2024-05-02 04:00:00,1.07117,1.0721,1.0707,1.07177,7033
2024-05-02 08:00:00,1.07178,1.07283,1.06999,1.07042,18419
2024-05-02 12:00:00,1.07043,1.07124,1.06935,1.07012,18293
2024-05-02 16:00:00,1.07012,1.07217,1.06742,1.07167,29798
2024-05-02 20:00:00,1.07168,1.07303,1.0714,1.0725,10850
2024-05-03 00:00:00,1.07233,1.07318,1.07215,1.07314,5091
2024-05-03 04:00:00,1.07315,1.07396,1.0731,1.07324,5999
2024-05-03 08:00:00,1.07323,1.07443,1.07245,1.07427,13322
2024-05-03 12:00:00,1.07428,1.0813,1.07388,1.07934,24589
2024-05-03 16:00:00,1.07931,1.0799,1.07516,1.07637,47360
2024-05-03 20:00:00,1.07637,1.07695,1.07592,1.07628,7687
2024-05-06 00:00:00,1.07608,1.0769,1.07552,1.07676,4277
2024-05-06 04:00:00,1.07676,1.07717,1.07622,1.07629,6755
2024-05-06 08:00:00,1.07629,1.07763,1.07577,1.07686,11260
2024-05-06 12:00:00,1.07685,1.07908,1.07662,1.07874,11192
2024-05-06 16:00:00,1.07875,1.0789,1.07713,1.07743,12380
2024-05-06 20:00:00,1.07744,1.07767,1.07663,1.07682,5643
2024-05-07 00:00:00,1.07654,1.07762,1.07652,1.07751,3711
2024-05-07 04:00:00,1.07751,1.0777,1.07608,1.07659,6751
2024-05-07 08:00:00,1.07658,1.07697,1.0754299999999999,1.07639,12687
2024-05-07 12:00:00,1.07639,1.07792,1.07553,1.07758,12475
2024-05-07 16:00:00,1.07757,1.07875,1.07662,1.07704,16023
2024-05-07 20:00:00,1.07704,1.07707,1.0748,1.07547,8385
2024-05-08 00:00:00,1.07531,1.07562,1.07469,1.0748,3872
2024-05-08 04:00:00,1.07481,1.07489,1.07381,1.07414,5739
2024-05-08 08:00:00,1.07414,1.07492,1.07351,1.07444,10191
2024-05-08 12:00:00,1.07444,1.07541,1.07398,1.0749,11814
2024-05-08 16:00:00,1.07491,1.07576,1.07443,1.07459,13616
2024-05-08 20:00:00,1.07459,1.07487,1.0741,1.07481,5991
2024-05-09 00:00:00,1.07443,1.07507,1.07425,1.07433,3370
2024-05-09 04:00:00,1.07432,1.07517,1.07423,1.07453,5114
2024-05-09 08:00:00,1.07454,1.07465,1.07262,1.07283,9235
2024-05-09 12:00:00,1.07283,1.07624,1.0724,1.07594,17294
2024-05-09 16:00:00,1.07593,1.07818,1.07506,1.07759,16938
2024-05-09 20:00:00,1.07758,1.07845,1.07738,1.07822,6485
2024-05-10 00:00:00,1.07788,1.0786,1.07766,1.07793,3644
2024-05-10 04:00:00,1.07794,1.07827,1.07731,1.0774,5722
2024-05-10 08:00:00,1.0774,1.07868,1.0771600000000001,1.07812,12542
2024-05-10 12:00:00,1.07812,1.07862,1.07663,1.07701,12500
2024-05-10 16:00:00,1.07701,1.07902,1.0760399999999999,1.0776,18653
2024-05-10 20:00:00,1.07759,1.07775,1.07671,1.07694,6025
2024-05-13 00:00:00,1.07684,1.07754,1.07624,1.07694,4145
2024-05-13 04:00:00,1.07694,1.07733,1.07659,1.07697,4919
2024-05-13 08:00:00,1.07697,1.07846,1.07689,1.0783800000000001,8260
2024-05-13 12:00:00,1.0783800000000001,1.07998,1.07773,1.07983,11877
2024-05-13 16:00:00,1.07984,1.0807,1.07895,1.07935,15650
2024-05-13 20:00:00,1.07935,1.07942,1.07868,1.07898,6480
2024-05-14 00:00:00,1.07879,1.07937,1.07854,1.07876,3171
2024-05-14 04:00:00,1.07876,1.07898,1.07844,1.07855,4968
2024-05-14 08:00:00,1.07855,1.07895,1.07754,1.0783800000000001,10780
2024-05-14 12:00:00,1.07837,1.08107,1.0767,1.08032,19867
2024-05-14 16:00:00,1.08031,1.08257,1.08007,1.08169,20586
2024-05-14 20:00:00,1.0817,1.08231,1.08156,1.08189,5166
2024-05-15 00:00:00,1.08183,1.08201,1.08132,1.0817,3694
2024-05-15 04:00:00,1.08169,1.08278,1.08165,1.08215,4132
2024-05-15 08:00:00,1.08215,1.08347,1.08213,1.083,10854
2024-05-15 12:00:00,1.083,1.08695,1.08219,1.0861399999999999,22424
2024-05-15 16:00:00,1.08613,1.08746,1.08316,1.08722,28166
2024-05-15 20:00:00,1.08721,1.08861,1.08717,1.08842,7481
2024-05-16 00:00:00,1.08849,1.08951,1.08779,1.08938,5307
2024-05-16 04:00:00,1.08939,1.0894,1.08815,1.0885,6845
2024-05-16 08:00:00,1.0885,1.08852,1.08663,1.08735,11188
2024-05-16 12:00:00,1.08734,1.08749,1.08607,1.08633,13691
2024-05-16 16:00:00,1.08632,1.08759,1.08545,1.08735,16491
2024-05-16 20:00:00,1.08734,1.08756,1.08647,1.08668,5810
2024-05-17 00:00:00,1.08636,1.08693,1.08599,1.08629,4047
2024-05-17 04:00:00,1.08629,1.08637,1.08544,1.08563,4657
2024-05-17 08:00:00,1.08563,1.08684,1.08417,1.08443,10241
2024-05-17 12:00:00,1.08443,1.08468,1.08357,1.0843099999999999,9517
2024-05-17 16:00:00,1.0843099999999999,1.08785,1.0843099999999999,1.08686,15394
2024-05-17 20:00:00,1.08686,1.08769,1.08681,1.08694,5453
2024-05-20 00:00:00,1.08656,1.08774,1.08625,1.08752,3216
2024-05-20 04:00:00,1.08751,1.08825,1.08717,1.08809,4656
2024-05-20 08:00:00,1.08809,1.08846,1.08694,1.08746,8364
2024-05-20 12:00:00,1.08747,1.08751,1.08542,1.08576,10349
2024-05-20 16:00:00,1.08575,1.08699,1.08575,1.08659,12551
2024-05-20 20:00:00,1.08658,1.08707,1.08561,1.08568,5421
2024-05-21 00:00:00,1.08563,1.0862,1.08545,1.08615,3159
2024-05-21 04:00:00,1.0861399999999999,1.08616,1.0851,1.08589,5512
2024-05-21 08:00:00,1.0859,1.08697,1.08566,1.08668,10626
2024-05-21 12:00:00,1.08668,1.08748,1.08548,1.08572,11728
2024-05-21 16:00:00,1.0857,1.08618,1.08427,1.08539,22183
2024-05-21 20:00:00,1.08539,1.08566,1.08464,1.08537,5692
2024-05-22 00:00:00,1.08546,1.08599,1.08525,1.08576,3601
2024-05-22 04:00:00,1.08575,1.08636,1.08528,1.08536,5563
2024-05-22 08:00:00,1.08536,1.08636,1.08463,1.08487,11833
2024-05-22 12:00:00,1.08486,1.08499,1.0822,1.0832,13344
2024-05-22 16:00:00,1.08319,1.08444,1.08318,1.08425,16750
2024-05-22 20:00:00,1.08424,1.08471,1.08175,1.08227,12684
2024-05-23 00:00:00,1.0822,1.08289,1.08211,1.08256,3659
2024-05-23 04:00:00,1.08255,1.08325,1.0822,1.08267,5389
2024-05-23 08:00:00,1.08266,1.0845,1.08125,1.0838700000000001,16035
2024-05-23 12:00:00,1.08388,1.08545,1.08337,1.08527,14306
2024-05-23 16:00:00,1.08528,1.0861,1.0818,1.08184,29337
2024-05-23 20:00:00,1.08184,1.08202,1.08048,1.0815,11077
2024-05-24 00:00:00,1.08125,1.08152,1.08076,1.08103,4411
2024-05-24 04:00:00,1.08102,1.08139,1.08056,1.08093,5337
2024-05-24 08:00:00,1.08092,1.08284,1.08076,1.0824799999999999,10564
2024-05-24 12:00:00,1.08247,1.08538,1.08237,1.08513,12361
2024-05-24 16:00:00,1.08513,1.08579,1.08414,1.08471,16379
2024-05-24 20:00:00,1.08471,1.08534,1.08445,1.08457,6457
2024-05-27 00:00:00,1.08461,1.08515,1.08418,1.08487,3213
2024-05-27 04:00:00,1.08487,1.08522,1.08473,1.08486,3911
2024-05-27 08:00:00,1.08485,1.08536,1.08443,1.08494,6744
2024-05-27 12:00:00,1.08494,1.0867499999999999,1.08407,1.08491,10374
2024-05-27 16:00:00,1.08491,1.0862,1.08444,1.086,8661
2024-05-27 20:00:00,1.08599,1.08609,1.08545,1.08586,1683
2024-05-28 00:00:00,1.08575,1.08684,1.08515,1.08652,5945
2024-05-28 04:00:00,1.08652,1.08802,1.08643,1.08762,6768
2024-05-28 08:00:00,1.08761,1.08802,1.08671,1.08701,10090
2024-05-28 12:00:00,1.087,1.08891,1.08673,1.08766,11523
2024-05-28 16:00:00,1.08765,1.08803,1.08579,1.08749,18555
2024-05-28 20:00:00,1.08748,1.08759,1.08551,1.08567,10206
2024-05-29 00:00:00,1.08562,1.08611,1.08478,1.08513,4788
2024-05-29 04:00:00,1.08513,1.08571,1.0844,1.08478,5189
2024-05-29 08:00:00,1.08479,1.08589,1.08293,1.08373,14435
2024-05-29 12:00:00,1.08372,1.08586,1.08355,1.08463,14521
2024-05-29 16:00:00,1.08464,1.0847,1.08075,1.08155,23279
2024-05-29 20:00:00,1.08154,1.08161,1.07996,1.08007,10066
2024-05-30 00:00:00,1.08017,1.08047,1.07954,1.07965,4265
2024-05-30 04:00:00,1.07965,1.08046,1.07921,1.0796000000000001,6779
2024-05-30 08:00:00,1.0796000000000001,1.08186,1.07884,1.08151,15838
2024-05-30 12:00:00,1.08151,1.08329,1.08085,1.08291,17010
2024-05-30 16:00:00,1.08292,1.08453,1.08254,1.08401,21259
2024-05-30 20:00:00,1.084,1.08434,1.08269,1.08318,8223
2024-05-31 00:00:00,1.08293,1.08342,1.08279,1.08322,4734
2024-05-31 04:00:00,1.08322,1.08336,1.08112,1.08184,8304
2024-05-31 08:00:00,1.08183,1.08386,1.08145,1.08342,13549
2024-05-31 12:00:00,1.08343,1.08824,1.08337,1.08802,20054
2024-05-31 16:00:00,1.08802,1.0881,1.08398,1.08474,29173
2024-05-31 20:00:00,1.08474,1.08529,1.08407,1.08483,10170
2024-06-03 00:00:00,1.08451,1.08577,1.08435,1.08565,4972
2024-06-03 04:00:00,1.08567,1.08588,1.08493,1.08519,5624
2024-06-03 08:00:00,1.08519,1.08588,1.08335,1.08403,14440
2024-06-03 12:00:00,1.08404,1.085,1.08278,1.08446,15839
2024-06-03 16:00:00,1.08447,1.08907,1.08447,1.08853,26010
2024-06-03 20:00:00,1.08852,1.09048,1.08814,1.09043,9742
2024-06-04 00:00:00,1.09026,1.09162,1.0898,1.09129,5006
2024-06-04 04:00:00,1.09128,1.09139,1.09053,1.09093,5696
2024-06-04 08:00:00,1.09093,1.09108,1.0874,1.0881,17213
2024-06-04 12:00:00,1.08809,1.08821,1.0859,1.08648,20430
2024-06-04 16:00:00,1.08649,1.08836,1.08621,1.08803,26826
2024-06-04 20:00:00,1.08804,1.08878,1.08773,1.08792,10570
2024-06-05 00:00:00,1.08807,1.08863,1.08775,1.08843,3999
2024-06-05 04:00:00,1.08843,1.08863,1.08768,1.08808,5950
2024-06-05 08:00:00,1.08808,1.08824,1.08701,1.08756,12566
2024-06-05 12:00:00,1.08754,1.08843,1.08598,1.0884,14005
2024-06-05 16:00:00,1.0884,1.08918,1.08545,1.08645,27887
2024-06-05 20:00:00,1.08646,1.08774,1.08607,1.08686,7667
2024-06-06 00:00:00,1.08705,1.08826,1.08678,1.08821,3898
2024-06-06 04:00:00,1.08821,1.08959,1.08821,1.08873,7712
2024-06-06 08:00:00,1.08872,1.08883,1.08713,1.08769,12116
2024-06-06 12:00:00,1.08769,1.09021,1.0862,1.08813,19159
2024-06-06 16:00:00,1.08814,1.08914,1.08719,1.0882,21418
2024-06-06 20:00:00,1.0882,1.08944,1.08811,1.08874,8107
2024-06-07 00:00:00,1.08885,1.08933,1.08869,1.08896,4112
2024-06-07 04:00:00,1.08897,1.0898,1.08873,1.08954,6651
2024-06-07 08:00:00,1.08955,1.08985,1.08833,1.08891,14000
2024-06-07 12:00:00,1.0889,1.09019,1.0824,1.08332,25804
2024-06-07 16:00:00,1.08333,1.08358,1.08033,1.08052,28754
2024-06-07 20:00:00,1.08053,1.08073,1.07994,1.07994,10671
2024-06-10 00:00:00,1.07687,1.07818,1.07639,1.0778,8049
2024-06-10 04:00:00,1.0778,1.07801,1.07481,1.07544,6726
2024-06-10 08:00:00,1.07545,1.07682,1.0748,1.07568,18976
2024-06-10 12:00:00,1.07567,1.07605,1.07329,1.07413,15723
2024-06-10 16:00:00,1.07413,1.07589,1.07332,1.07541,17884
2024-06-10 20:00:00,1.0754,1.07667,1.07504,1.07651,8956
2024-06-11 00:00:00,1.07634,1.07683,1.07563,1.07637,4549
2024-06-11 04:00:00,1.07638,1.07707,1.07624,1.07685,6433
2024-06-11 08:00:00,1.07684,1.07736,1.07435,1.07453,14780
2024-06-11 12:00:00,1.07452,1.07566,1.0723799999999999,1.07323,22986
2024-06-11 16:00:00,1.07323,1.0739,1.07195,1.07374,19048
2024-06-11 20:00:00,1.07375,1.07496,1.07368,1.07401,8160
2024-06-12 00:00:00,1.0737,1.07431,1.0735,1.07361,4391
2024-06-12 04:00:00,1.07362,1.07433,1.07346,1.07368,5401
2024-06-12 08:00:00,1.07367,1.07541,1.07356,1.07467,11847
2024-06-12 12:00:00,1.07467,1.08301,1.07441,1.08266,23319
2024-06-12 16:00:00,1.08266,1.08524,1.08176,1.08442,27928
2024-06-12 20:00:00,1.08441,1.08459,1.08037,1.08088,41912
2024-06-13 00:00:00,1.08055,1.08157,1.08049,1.08129,5132
2024-06-13 04:00:00,1.0813,1.08159,1.08032,1.0804,7251
2024-06-13 08:00:00,1.08039,1.08165,1.08005,1.08062,14694
2024-06-13 12:00:00,1.08061,1.08164,1.07806,1.07939,21805
2024-06-13 16:00:00,1.07939,1.08077,1.07329,1.07353,27782
2024-06-13 20:00:00,1.07354,1.07441,1.07352,1.07368,9508
2024-06-14 00:00:00,1.07351,1.0741,1.0735,1.07365,4565
2024-06-14 04:00:00,1.07365,1.07451,1.07351,1.07364,7326
2024-06-14 08:00:00,1.07364,1.07374,1.06897,1.0692,22883
2024-06-14 12:00:00,1.06918,1.07059,1.06718,1.06893,31330
2024-06-14 16:00:00,1.06895,1.07019,1.06676,1.07005,26679
2024-06-14 20:00:00,1.07006,1.07078,1.06947,1.0702099999999999,8702
2024-06-17 00:00:00,1.07023,1.07096,1.06999,1.07041,6316
2024-06-17 04:00:00,1.07041,1.07057,1.0699,1.07043,6245
2024-06-17 08:00:00,1.07042,1.07124,1.06864,1.0707200000000001,22867
2024-06-17 12:00:00,1.07074,1.07179,1.0702099999999999,1.07138,17166
2024-06-17 16:00:00,1.07138,1.07279,1.07115,1.07253,18390
2024-06-17 20:00:00,1.07252,1.07379,1.07234,1.07343,8017
2024-06-18 00:00:00,1.07328,1.07413,1.07286,1.07362,5100
2024-06-18 04:00:00,1.07363,1.07371,1.07203,1.07216,7084
2024-06-18 08:00:00,1.07216,1.07353,1.0715,1.0719400000000001,15783
2024-06-18 12:00:00,1.07195,1.07342,1.071,1.07313,19660
2024-06-18 16:00:00,1.07312,1.07615,1.07301,1.07394,23406
2024-06-18 20:00:00,1.07394,1.07435,1.07322,1.07398,10241
2024-06-19 00:00:00,1.0737700000000001,1.07414,1.07365,1.07375,3351
2024-06-19 04:00:00,1.07375,1.07426,1.07353,1.0735999999999999,4950
2024-06-19 08:00:00,1.07359,1.07419,1.07249,1.07404,16825
2024-06-19 12:00:00,1.07404,1.07534,1.07326,1.0746,15206
2024-06-19 16:00:00,1.07461,1.07509,1.07409,1.07473,7872
2024-06-19 20:00:00,1.07472,1.07473,1.07422,1.07422,1614
2024-06-20 00:00:00,1.07423,1.07489,1.07423,1.07462,3633
2024-06-20 04:00:00,1.07463,1.0748199999999999,1.07388,1.07428,5769
2024-06-20 08:00:00,1.07427,1.07435,1.07126,1.0717,14768
2024-06-20 12:00:00,1.07171,1.07323,1.07129,1.07192,18954
2024-06-20 16:00:00,1.07192,1.07308,1.07034,1.0707200000000001,20143
2024-06-20 20:00:00,1.07073,1.07179,1.07016,1.07018,10234
2024-06-21 00:00:00,1.07017,1.07077,1.07009,1.07067,4341
2024-06-21 04:00:00,1.07067,1.07187,1.07051,1.07186,6413
2024-06-21 08:00:00,1.07185,1.07207,1.06711,1.0691,20700
2024-06-21 12:00:00,1.0691,1.06982,1.06766,1.06948,17128
2024-06-21 16:00:00,1.06948,1.06978,1.06779,1.06923,22920
2024-06-21 20:00:00,1.06922,1.06969,1.06907,1.06924,7317
2024-06-24 00:00:00,1.06894,1.06957,1.06849,1.06919,4110
2024-06-24 04:00:00,1.06919,1.06948,1.06837,1.06947,7317
2024-06-24 08:00:00,1.06948,1.0718,1.06948,1.07136,14211
2024-06-24 12:00:00,1.07135,1.0735999999999999,1.07132,1.07347,19148
2024-06-24 16:00:00,1.07348,1.07466,1.07235,1.07279,19112
2024-06-24 20:00:00,1.07278,1.07384,1.0722,1.0732,8698
2024-06-25 00:00:00,1.07321,1.07358,1.07305,1.07341,3846
2024-06-25 04:00:00,1.07341,1.07402,1.07323,1.07395,6656
2024-06-25 08:00:00,1.07396,1.07443,1.0721,1.07343,14195
2024-06-25 12:00:00,1.07342,1.07354,1.07022,1.07051,16108
2024-06-25 16:00:00,1.07052,1.07132,1.06908,1.07048,18011
2024-06-25 20:00:00,1.07047,1.07177,1.07045,1.07139,7305
2024-06-26 00:00:00,1.07091,1.07152,1.07063,1.07115,3983
2024-06-26 04:00:00,1.07115,1.0718,1.07075,1.07105,7669
2024-06-26 08:00:00,1.07105,1.07114,1.06853,1.0695000000000001,13854
2024-06-26 12:00:00,1.06949,1.06997,1.06771,1.06771,17254
2024-06-26 16:00:00,1.06771,1.06959,1.0666,1.06822,26385
2024-06-26 20:00:00,1.06821,1.06909,1.06751,1.06804,8457
2024-06-27 00:00:00,1.06783,1.06822,1.06769,1.06783,4556
2024-06-27 04:00:00,1.06783,1.06949,1.06778,1.06943,6561
2024-06-27 08:00:00,1.06944,1.06992,1.06806,1.06881,14596
2024-06-27 12:00:00,1.06881,1.07223,1.06875,1.07195,20899
2024-06-27 16:00:00,1.07196,1.07265,1.07003,1.07068,22326
2024-06-27 20:00:00,1.07068,1.07085,1.07014,1.07038,8186
2024-06-28 00:00:00,1.07018,1.0711,1.06975,1.06977,4602
2024-06-28 04:00:00,1.06976,1.06991,1.06854,1.06867,9605
2024-06-28 08:00:00,1.06868,1.07041,1.06862,1.0698,13974
2024-06-28 12:00:00,1.06979,1.07197,1.06921,1.07047,20318
2024-06-28 16:00:00,1.07047,1.07223,1.06926,1.07161,35749
2024-06-28 20:00:00,1.0716,1.07248,1.07062,1.07125,10737
2024-07-01 00:00:00,1.0742,1.07498,1.07325,1.07459,8406
2024-07-01 04:00:00,1.07456,1.07616,1.0743,1.0755,12930
2024-07-01 08:00:00,1.07549,1.07765,1.07496,1.07685,20044
2024-07-01 12:00:00,1.07684,1.07688,1.07398,1.07485,15145
2024-07-01 16:00:00,1.07487,1.077,1.07196,1.07315,25304
2024-07-01 20:00:00,1.0731600000000001,1.07427,1.07242,1.07403,7987
2024-07-02 00:00:00,1.07373,1.07418,1.0733,1.07348,4926
2024-07-02 04:00:00,1.07349,1.07366,1.07283,1.07297,5813
2024-07-02 08:00:00,1.07297,1.0735999999999999,1.07121,1.0721,16425
2024-07-02 12:00:00,1.07209,1.07337,1.071,1.07318,14378
2024-07-02 16:00:00,1.07317,1.07469,1.07242,1.07321,26316
2024-07-02 20:00:00,1.07322,1.07472,1.07317,1.07445,6679
2024-07-03 00:00:00,1.07433,1.07546,1.07422,1.07481,4671
2024-07-03 04:00:00,1.0748,1.0748,1.07404,1.07425,5238
2024-07-03 08:00:00,1.07425,1.07637,1.07362,1.07582,14169
2024-07-03 12:00:00,1.07582,1.07785,1.07527,1.07746,15467
2024-07-03 16:00:00,1.07746,1.08169,1.0772,1.07958,27636
2024-07-03 20:00:00,1.07959,1.0796000000000001,1.07782,1.07855,6854
2024-07-04 00:00:00,1.0783,1.0794,1.07828,1.07926,4109
2024-07-04 04:00:00,1.07928,1.07951,1.07837,1.07866,5132
2024-07-04 08:00:00,1.07865,1.08032,1.07849,1.08019,13411
2024-07-04 12:00:00,1.08019,1.08031,1.07941,1.07972,10871
2024-07-04 16:00:00,1.07971,1.08139,1.07949,1.08124,8827
2024-07-04 20:00:00,1.08123,1.08138,1.08095,1.08099,2152
2024-07-05 00:00:00,1.08115,1.08181,1.08093,1.08149,4376
2024-07-05 04:00:00,1.08148,1.08246,1.08139,1.08221,6045
2024-07-05 08:00:00,1.08221,1.08307,1.08165,1.08282,11418
2024-07-05 12:00:00,1.08282,1.08423,1.07958,1.08297,21160
2024-07-05 16:00:00,1.08296,1.08343,1.08107,1.08257,27241
2024-07-05 20:00:00,1.08256,1.08428,1.08249,1.0836999999999999,7792
2024-07-08 00:00:00,1.08023,1.08331,1.08023,1.08216,7152
2024-07-08 04:00:00,1.08217,1.08366,1.08202,1.08288,7274
2024-07-08 08:00:00,1.08288,1.0843099999999999,1.08147,1.08385,18648
2024-07-08 12:00:00,1.08384,1.08447,1.08236,1.08437,15792
2024-07-08 16:00:00,1.08438,1.08451,1.08286,1.08325,16020
2024-07-08 20:00:00,1.08324,1.08337,1.0822,1.0824,6006
2024-07-09 00:00:00,1.08232,1.08335,1.08222,1.08271,3578
2024-07-09 04:00:00,1.08271,1.08314,1.08193,1.08296,5998
2024-07-09 08:00:00,1.08296,1.08308,1.08152,1.08225,12298
2024-07-09 12:00:00,1.08225,1.08286,1.08121,1.08157,13441
2024-07-09 16:00:00,1.08158,1.08284,1.08054,1.08101,25618
2024-07-09 20:00:00,1.08101,1.08166,1.0806499999999999,1.08137,8363
2024-07-10 00:00:00,1.08137,1.08168,1.08113,1.08122,3394
2024-07-10 04:00:00,1.08123,1.08212,1.08109,1.08186,5764
2024-07-10 08:00:00,1.0818699999999999,1.08251,1.08119,1.08155,11703
2024-07-10 12:00:00,1.08154,1.08283,1.08135,1.08271,12793
2024-07-10 16:00:00,1.0827,1.0829,1.082,1.0827,17765
2024-07-10 20:00:00,1.08271,1.0830899999999999,1.08175,1.08302,7302
2024-07-11 00:00:00,1.08278,1.08369,1.0825,1.08352,3629
2024-07-11 04:00:00,1.08351,1.08404,1.0832600000000001,1.08365,4830
2024-07-11 08:00:00,1.08365,1.0848,1.08323,1.08474,10990
2024-07-11 12:00:00,1.08474,1.09,1.08432,1.08869,25456
2024-07-11 16:00:00,1.08868,1.08992,1.0864,1.08669,41961
2024-07-11 20:00:00,1.08669,1.08701,1.08598,1.08682,11452
2024-07-12 00:00:00,1.08649,1.08748,1.08639,1.08699,9443
2024-07-12 04:00:00,1.08699,1.08723,1.08635,1.08699,6907
2024-07-12 08:00:00,1.087,1.08873,1.08618,1.08868,13663
2024-07-12 12:00:00,1.08869,1.08931,1.08735,1.08906,21678
2024-07-12 16:00:00,1.08906,1.0911,1.08869,1.09047,28104
2024-07-12 20:00:00,1.09047,1.09115,1.0901,1.09064,8119
2024-07-15 00:00:00,1.08842,1.08937,1.08821,1.08884,7861
2024-07-15 04:00:00,1.08885,1.08958,1.08861,1.08937,6117
2024-07-15 08:00:00,1.08936,1.09094,1.08839,1.09084,13716
2024-07-15 12:00:00,1.09084,1.09204,1.09022,1.09074,17591
2024-07-15 16:00:00,1.09074,1.09224,1.09,1.09063,22330
2024-07-15 20:00:00,1.09064,1.09065,1.08933,1.08943,13480
2024-07-16 00:00:00,1.08915,1.08987,1.0890900000000001,1.08914,4598
2024-07-16 04:00:00,1.08915,1.08947,1.08888,1.08924,6141
2024-07-16 08:00:00,1.08925,1.09028,1.08836,1.09004,14428
2024-07-16 12:00:00,1.09005,1.09055,1.08757,1.08807,21046
2024-07-16 16:00:00,1.08808,1.0889199999999999,1.08717,1.0889,20657
2024-07-16 20:00:00,1.08889,1.0903,1.08878,1.08993,8210
2024-07-17 00:00:00,1.08995,1.0903100000000001,1.08959,1.08976,5263
2024-07-17 04:00:00,1.08977,1.0907,1.08957,1.0903,6179
2024-07-17 08:00:00,1.0903100000000001,1.0944,1.08952,1.0942,21468
2024-07-17 12:00:00,1.09421,1.09451,1.0929,1.09426,21342
2024-07-17 16:00:00,1.09425,1.09482,1.09238,1.09297,24883
2024-07-17 20:00:00,1.09298,1.09403,1.09284,1.09395,9026
2024-07-18 00:00:00,1.09392,1.09411,1.09366,1.09371,4551
2024-07-18 04:00:00,1.09371,1.09392,1.09317,1.09337,8521
2024-07-18 08:00:00,1.09336,1.09389,1.09262,1.09307,16985
2024-07-18 12:00:00,1.09307,1.09371,1.09239,1.09285,16151
2024-07-18 16:00:00,1.09285,1.09292,1.0905,1.0916,26707
2024-07-18 20:00:00,1.0916,1.09166,1.08937,1.08966,12747
2024-07-19 00:00:00,1.08977,1.09019,1.0890900000000001,1.08922,5872
2024-07-19 04:00:00,1.08925,1.08948,1.08862,1.08872,7976
2024-07-19 08:00:00,1.08872,1.08908,1.08761,1.08791,18584
2024-07-19 12:00:00,1.0879,1.08942,1.08775,1.0889199999999999,16929
2024-07-19 16:00:00,1.08893,1.08913,1.08794,1.0885,19846
2024-07-19 20:00:00,1.08851,1.08855,1.08757,1.08777,9850
2024-07-22 00:00:00,1.08834,1.09029,1.08809,1.0894,7747
2024-07-22 04:00:00,1.0894,1.08954,1.08846,1.08876,7533
2024-07-22 08:00:00,1.08876,1.08927,1.08789,1.08881,17575
2024-07-22 12:00:00,1.08882,1.08955,1.0875,1.08783,15953
2024-07-22 16:00:00,1.08785,1.0887,1.08732,1.08866,19241
2024-07-22 20:00:00,1.08867,1.08919,1.08859,1.0890900000000001,7761
2024-07-23 00:00:00,1.08873,1.08926,1.08859,1.08899,5618
2024-07-23 04:00:00,1.08898,1.08968,1.08875,1.0890900000000001,7177
2024-07-23 08:00:00,1.0891,1.08914,1.0868,1.0878,15103
2024-07-23 12:00:00,1.08779,1.08786,1.08549,1.0856,17346
2024-07-23 16:00:00,1.08561,1.0858,1.08439,1.08534,17808
2024-07-23 20:00:00,1.08536,1.08567,1.08493,1.0853,8666
2024-07-24 00:00:00,1.08539,1.08546,1.08458,1.08469,4900
2024-07-24 04:00:00,1.08468,1.08503,1.08417,1.08471,9387
2024-07-24 08:00:00,1.08471,1.08539,1.08257,1.08351,18862
2024-07-24 12:00:00,1.08351,1.08594,1.08324,1.08585,15871
2024-07-24 16:00:00,1.08586,1.08666,1.08476,1.08512,27023
2024-07-24 20:00:00,1.08513,1.08552,1.08359,1.08398,11154
2024-07-25 00:00:00,1.08398,1.08422,1.0835,1.08397,6222
2024-07-25 04:00:00,1.08397,1.08442,1.08364,1.08404,10662
2024-07-25 08:00:00,1.08403,1.08578,1.08284,1.08458,24171
2024-07-25 12:00:00,1.08457,1.08591,1.08363,1.08498,26253
2024-07-25 16:00:00,1.08499,1.08648,1.08304,1.08624,33532
2024-07-25 20:00:00,1.08623,1.08701,1.08436,1.08453,14161
2024-07-26 00:00:00,1.08449,1.08556,1.08437,1.08539,5494
2024-07-26 04:00:00,1.0854,1.08607,1.0852,1.08583,7257
2024-07-26 08:00:00,1.08584,1.08608,1.08422,1.08516,13935
2024-07-26 12:00:00,1.08515,1.08657,1.0848,1.08608,16766
2024-07-26 16:00:00,1.08609,1.08683,1.08515,1.08653,22995
2024-07-26 20:00:00,1.08652,1.08655,1.08547,1.08557,10065
2024-07-29 00:00:00,1.08569,1.08667,1.08509,1.08636,6705
2024-07-29 04:00:00,1.08636,1.08701,1.08584,1.08591,8218
2024-07-29 08:00:00,1.08593,1.08632,1.08318,1.08323,17098
2024-07-29 12:00:00,1.08322,1.08421,1.0815,1.08162,15574
2024-07-29 16:00:00,1.08162,1.0824,1.08029,1.08219,18894
2024-07-29 20:00:00,1.08219,1.08261,1.08195,1.08212,8404
2024-07-30 00:00:00,1.08195,1.08239,1.08156,1.08171,4435
2024-07-30 04:00:00,1.08172,1.08252,1.08144,1.08238,6548
2024-07-30 08:00:00,1.08238,1.08348,1.08161,1.08288,15791
2024-07-30 12:00:00,1.08288,1.0836,1.08016,1.0802,14886
2024-07-30 16:00:00,1.08019,1.08167,1.07982,1.0814,26925
2024-07-30 20:00:00,1.08141,1.08177,1.08085,1.08152,11346
2024-07-31 00:00:00,1.0814,1.08202,1.08124,1.082,6493
2024-07-31 04:00:00,1.08201,1.08304,1.08165,1.08258,14584
2024-07-31 08:00:00,1.08258,1.08277,1.0806499999999999,1.08229,25225
2024-07-31 12:00:00,1.08229,1.08481,1.08221,1.0841,19576
2024-07-31 16:00:00,1.08411,1.08496,1.08044,1.08093,28795
2024-07-31 20:00:00,1.08093,1.08331,1.0802,1.08256,31048
2024-08-01 00:00:00,1.08246,1.08311,1.08218,1.08277,6005
2024-08-01 04:00:00,1.08277,1.08355,1.08243,1.0827,12049
2024-08-01 08:00:00,1.0827,1.08299,1.07815,1.07843,23332
2024-08-01 12:00:00,1.07843,1.08086,1.07775,1.07965,23681
2024-08-01 16:00:00,1.07966,1.08185,1.07804,1.07864,36162
2024-08-01 20:00:00,1.07864,1.07957,1.07826,1.07915,17595
2024-08-02 00:00:00,1.07894,1.07935,1.07819,1.07911,8805
2024-08-02 04:00:00,1.0791,1.07988,1.07846,1.07979,10400
2024-08-02 08:00:00,1.07978,1.08154,1.07862,1.08146,27323
2024-08-02 12:00:00,1.08147,1.08971,1.08147,1.08906,33225
2024-08-02 16:00:00,1.08906,1.09267,1.08844,1.09121,52819
2024-08-02 20:00:00,1.09121,1.09168,1.09073,1.09108,20224
2024-08-05 00:00:00,1.09199,1.09228,1.09029,1.09168,18764
2024-08-05 04:00:00,1.09167,1.09399,1.0912,1.09327,29328
2024-08-05 08:00:00,1.09326,1.09752,1.08927,1.09514,79102
2024-08-05 12:00:00,1.09514,1.1009,1.0933,1.0991,48948
2024-08-05 16:00:00,1.0991,1.10034,1.09477,1.09596,75307
2024-08-05 20:00:00,1.0959699999999999,1.09645,1.09474,1.0952,26941
2024-08-06 00:00:00,1.09483,1.09632,1.09439,1.0963,16798
2024-08-06 04:00:00,1.09629,1.09631,1.09497,1.09522,20660
2024-08-06 08:00:00,1.09521,1.09551,1.09186,1.09274,43510
2024-08-06 12:00:00,1.09273,1.09276,1.09037,1.09055,33065
2024-08-06 16:00:00,1.09057,1.09349,1.09057,1.09278,40686
2024-08-06 20:00:00,1.09277,1.09338,1.09227,1.0929,21611
2024-08-07 00:00:00,1.09263,1.09318,1.09233,1.09297,10688
2024-08-07 04:00:00,1.09297,1.09305,1.09111,1.09115,19978
2024-08-07 08:00:00,1.09115,1.09281,1.09055,1.09188,28783
2024-08-07 12:00:00,1.09188,1.09268,1.09085,1.09218,22460
2024-08-07 16:00:00,1.09218,1.09367,1.09126,1.09222,25810
2024-08-07 20:00:00,1.09221,1.09272,1.09176,1.0922,21002
2024-08-08 00:00:00,1.09196,1.09341,1.09173,1.09282,10701
2024-08-08 04:00:00,1.09281,1.09378,1.09236,1.0931899999999999,14856
2024-08-08 08:00:00,1.0931899999999999,1.09453,1.09299,1.0937000000000001,23940
2024-08-08 12:00:00,1.09371,1.09397,1.08917,1.08982,24758
2024-08-08 16:00:00,1.08981,1.09149,1.08814,1.0909,33578
2024-08-08 20:00:00,1.0909,1.09192,1.09074,1.09187,14403
2024-08-09 00:00:00,1.09161,1.0919699999999999,1.09117,1.0913,6849
2024-08-09 04:00:00,1.09131,1.09245,1.0912,1.09202,10008
2024-08-09 08:00:00,1.09202,1.09293,1.0913,1.09176,17350
2024-08-09 12:00:00,1.09177,1.0926,1.09091,1.09119,16516
2024-08-09 16:00:00,1.09119,1.09315,1.09098,1.09189,18749
2024-08-09 20:00:00,1.09189,1.09237,1.09147,1.09158,10928
2024-08-12 00:00:00,1.09138,1.09198,1.09102,1.09184,4767
2024-08-12 04:00:00,1.09183,1.09232,1.09128,1.09191,5526
2024-08-12 08:00:00,1.09191,1.09286,1.09159,1.09208,12647
2024-08-12 12:00:00,1.09208,1.093,1.09176,1.09201,11103
2024-08-12 16:00:00,1.09202,1.09394,1.09152,1.09229,21734
2024-08-12 20:00:00,1.09228,1.0935,1.09223,1.09316,10067
2024-08-13 00:00:00,1.09296,1.09366,1.09276,1.093,5138
2024-08-13 04:00:00,1.093,1.09395,1.09293,1.09394,5472
2024-08-13 08:00:00,1.09395,1.09412,1.09207,1.09235,13743
2024-08-13 12:00:00,1.09236,1.09467,1.09138,1.09409,18120
2024-08-13 16:00:00,1.0941,1.09742,1.09382,1.09724,24112
2024-08-13 20:00:00,1.09725,1.09997,1.09697,1.09933,15577
2024-08-14 00:00:00,1.0985800000000001,1.09984,1.09823,1.09917,7070
2024-08-14 04:00:00,1.09917,1.09967,1.09888,1.0993,9012
2024-08-14 08:00:00,1.0993,1.10202,1.09864,1.10194,15068
2024-08-14 12:00:00,1.10193,1.10358,1.10041,1.10168,20784
2024-08-14 16:00:00,1.10169,1.10475,1.10156,1.10184,23163
2024-08-14 20:00:00,1.10184,1.10186,1.10109,1.10123,9728
2024-08-15 00:00:00,1.10119,1.10159,1.10092,1.10096,3976
2024-08-15 04:00:00,1.10097,1.10122,1.10033,1.10118,7306
2024-08-15 08:00:00,1.10118,1.10156,1.10054,1.10063,10275
2024-08-15 12:00:00,1.10062,1.10143,1.09519,1.09567,16829
2024-08-15 16:00:00,1.09566,1.09897,1.09496,1.09781,25543
2024-08-15 20:00:00,1.09781,1.098,1.09697,1.09721,9886
2024-08-16 00:00:00,1.09693,1.09772,1.09693,1.09758,4738
2024-08-16 04:00:00,1.09759,1.09827,1.09744,1.09821,7002
2024-08-16 08:00:00,1.09822,1.09898,1.09768,1.09809,11140
2024-08-16 12:00:00,1.09809,1.09952,1.09789,1.09939,13914
2024-08-16 16:00:00,1.0994,1.10047,1.09827,1.10038,18349
2024-08-16 20:00:00,1.10039,1.10298,1.10038,1.10278,9824
2024-08-19 00:00:00,1.10265,1.10361,1.1022,1.10303,6840
2024-08-19 04:00:00,1.10303,1.10419,1.10277,1.10399,8436
2024-08-19 08:00:00,1.104,1.10507,1.10356,1.10373,16939
2024-08-19 12:00:00,1.10373,1.10445,1.1031,1.10389,14468
2024-08-19 16:00:00,1.10389,1.10741,1.10303,1.10736,22804
2024-08-19 20:00:00,1.10735,1.10865,1.10705,1.10852,9163
2024-08-20 00:00:00,1.1082,1.10876,1.108,1.1082,5463
2024-08-20 04:00:00,1.1082,1.10873,1.1075,1.10771,9290
2024-08-20 08:00:00,1.1077,1.1089,1.10719,1.10798,16982
2024-08-20 12:00:00,1.10799,1.10988,1.10751,1.10983,16766
2024-08-20 16:00:00,1.10984,1.11192,1.10926,1.11149,29747
2024-08-20 20:00:00,1.1115,1.11306,1.11088,1.11295,12106
2024-08-21 00:00:00,1.1126,1.11328,1.1124,1.11279,6508
2024-08-21 04:00:00,1.11279,1.11282,1.11166,1.11191,8257
2024-08-21 08:00:00,1.11191,1.11289,1.11104,1.11186,15619
2024-08-21 12:00:00,1.11186,1.11301,1.11101,1.11249,14982
2024-08-21 16:00:00,1.11249,1.11483,1.10989,1.11464,42768
2024-08-21 20:00:00,1.11464,1.11741,1.11456,1.1149499999999999,13204
2024-08-22 00:00:00,1.11456,1.11583,1.1145,1.11476,5552
2024-08-22 04:00:00,1.11476,1.11493,1.11405,1.1143399999999999,6137
2024-08-22 08:00:00,1.1143399999999999,1.11652,1.11274,1.11426,18146
2024-08-22 12:00:00,1.11427,1.11462,1.11253,1.11403,18335
2024-08-22 16:00:00,1.11404,1.11417,1.10981,1.11105,27461
2024-08-22 20:00:00,1.11106,1.11134,1.10988,1.11119,9726
2024-08-23 00:00:00,1.1107,1.11225,1.1107,1.11198,5261
2024-08-23 04:00:00,1.11198,1.11288,1.11182,1.11278,6772
2024-08-23 08:00:00,1.11279,1.11321,1.11124,1.11229,12936
2024-08-23 12:00:00,1.11229,1.11273,1.1111,1.11142,14190
2024-08-23 16:00:00,1.11142,1.11963,1.11055,1.1174,46033
2024-08-23 20:00:00,1.1173899999999999,1.12009,1.11731,1.11926,13193
2024-08-26 00:00:00,1.11869,1.1201699999999999,1.11862,1.11938,8561
2024-08-26 04:00:00,1.11937,1.12004,1.11817,1.11834,8791
2024-08-26 08:00:00,1.11834,1.11894,1.11759,1.11805,15221
2024-08-26 12:00:00,1.11805,1.11829,1.11586,1.11614,17746
2024-08-26 16:00:00,1.11613,1.1179000000000001,1.11501,1.11714,24449
2024-08-26 20:00:00,1.11713,1.11756,1.11587,1.11611,10551
2024-08-27 00:00:00,1.11589,1.1167,1.11589,1.1161,4492
2024-08-27 04:00:00,1.11611,1.11707,1.11597,1.11685,6033
2024-08-27 08:00:00,1.11684,1.11742,1.11613,1.11664,14972
2024-08-27 12:00:00,1.11665,1.11789,1.11501,1.11583,17828
2024-08-27 16:00:00,1.1158,1.11719,1.11526,1.11658,23129
2024-08-27 20:00:00,1.11658,1.11906,1.11644,1.11838,10298
2024-08-28 00:00:00,1.11798,1.11854,1.11745,1.11798,4491
2024-08-28 04:00:00,1.11798,1.11799,1.11582,1.11596,7648
2024-08-28 08:00:00,1.11595,1.11608,1.1135,1.11414,19200
2024-08-28 12:00:00,1.11413,1.11457,1.1105,1.1112,21049
2024-08-28 16:00:00,1.1112,1.11378,1.11103,1.11148,28215
2024-08-28 20:00:00,1.11148,1.11202,1.11054,1.11197,11666
2024-08-29 00:00:00,1.11196,1.11326,1.11175,1.11315,4592
2024-08-29 04:00:00,1.11314,1.11371,1.11274,1.11355,5425
2024-08-29 08:00:00,1.11356,1.11401,1.10719,1.10852,23496
2024-08-29 12:00:00,1.10853,1.11002,1.1072899999999999,1.10844,24235
2024-08-29 16:00:00,1.10845,1.10896,1.10557,1.10817,28945
2024-08-29 20:00:00,1.10817,1.10855,1.10748,1.10773,14069
2024-08-30 00:00:00,1.10748,1.10834,1.10748,1.10804,3892
2024-08-30 04:00:00,1.10805,1.10822,1.10698,1.10741,6594
2024-08-30 08:00:00,1.10742,1.10953,1.10736,1.1075,15683
2024-08-30 12:00:00,1.1075,1.10883,1.10578,1.10691,21899
2024-08-30 16:00:00,1.10692,1.10802,1.10438,1.10497,35974
2024-08-30 20:00:00,1.10496,1.10569,1.10465,1.10471,12016
2024-09-02 00:00:00,1.10449,1.1056,1.1042,1.10536,4547
2024-09-02 04:00:00,1.10537,1.10558,1.1044,1.10486,6358
2024-09-02 08:00:00,1.1048499999999999,1.10776,1.10453,1.10676,13932
2024-09-02 12:00:00,1.10676,1.1073,1.10585,1.10682,14059
2024-09-02 16:00:00,1.10683,1.10721,1.10601,1.10659,10320
2024-09-02 20:00:00,1.10659,1.10728,1.10659,1.10713,1493
2024-09-03 00:00:00,1.1067,1.1073,1.10591,1.1061,4379
2024-09-03 04:00:00,1.1060699999999999,1.10704,1.1054,1.10543,7958
2024-09-03 08:00:00,1.10542,1.10678,1.10481,1.10487,18471
2024-09-03 12:00:00,1.10486,1.10527,1.10332,1.10483,21838
2024-09-03 16:00:00,1.10484,1.10699,1.10361,1.10395,35669
2024-09-03 20:00:00,1.10395,1.10445,1.10264,1.10433,8146
2024-09-04 00:00:00,1.10423,1.10515,1.10352,1.10483,7459
2024-09-04 04:00:00,1.10483,1.10572,1.10476,1.10564,7489
2024-09-04 08:00:00,1.10564,1.1063,1.10469,1.1052,18176
2024-09-04 12:00:00,1.10519,1.10587,1.104,1.10525,15649
2024-09-04 16:00:00,1.10526,1.10952,1.105,1.10842,30512
2024-09-04 20:00:00,1.1084100000000001,1.10863,1.10654,1.10821,11039
2024-09-05 00:00:00,1.10833,1.10867,1.10759,1.10793,5724
2024-09-05 04:00:00,1.10793,1.10857,1.10748,1.1077,7471
2024-09-05 08:00:00,1.10769,1.11003,1.10767,1.1099,16910
2024-09-05 12:00:00,1.1099,1.11198,1.10872,1.1093,23502
2024-09-05 16:00:00,1.10931,1.1108500000000001,1.10763,1.11011,32021
2024-09-05 20:00:00,1.1101,1.11134,1.10995,1.11105,9552
2024-09-06 00:00:00,1.11094,1.11148,1.1108,1.11135,3884
2024-09-06 04:00:00,1.11134,1.11177,1.11093,1.1116,5113
2024-09-06 08:00:00,1.1116,1.1121,1.11109,1.11173,12542
2024-09-06 12:00:00,1.11173,1.11557,1.10783,1.11211,30639
2024-09-06 16:00:00,1.11212,1.11352,1.10657,1.10766,66761
2024-09-06 20:00:00,1.10767,1.10896,1.10696,1.10854,14613
2024-09-09 00:00:00,1.10796,1.1091199999999999,1.10796,1.10833,7801
2024-09-09 04:00:00,1.10834,1.10911,1.10747,1.10759,7037
2024-09-09 08:00:00,1.10758,1.1076,1.10456,1.10477,16266
2024-09-09 12:00:00,1.10477,1.10593,1.10358,1.10397,16340
2024-09-09 16:00:00,1.10397,1.10523,1.10341,1.10491,20611
2024-09-09 20:00:00,1.1049,1.10538,1.10333,1.10347,8943
2024-09-10 00:00:00,1.10339,1.10397,1.10287,1.10308,4278
2024-09-10 04:00:00,1.10309,1.10407,1.10306,1.10401,4684
2024-09-10 08:00:00,1.104,1.10497,1.10336,1.10379,13463
2024-09-10 12:00:00,1.10378,1.1044,1.10267,1.10299,14866
2024-09-10 16:00:00,1.10298,1.10351,1.10152,1.10267,21031
2024-09-10 20:00:00,1.10267,1.10279,1.10182,1.10195,8357
2024-09-11 00:00:00,1.10177,1.10239,1.10168,1.10203,3917
2024-09-11 04:00:00,1.10202,1.10473,1.10183,1.10466,10495
2024-09-11 08:00:00,1.10467,1.10521,1.10367,1.10439,15320
2024-09-11 12:00:00,1.10438,1.1055,1.10034,1.10164,27976
2024-09-11 16:00:00,1.10165,1.10264,1.10021,1.10161,36827
2024-09-11 20:00:00,1.1016,1.10267,1.10104,1.10119,12621
2024-09-12 00:00:00,1.1012,1.10158,1.10061,1.10069,3662
2024-09-12 04:00:00,1.10069,1.1017,1.10066,1.10164,5282
2024-09-12 08:00:00,1.10164,1.1024,1.10055,1.10156,14210
2024-09-12 12:00:00,1.10157,1.10326,1.10084,1.10251,23645
2024-09-12 16:00:00,1.10252,1.10481,1.10247,1.10463,29117
2024-09-12 20:00:00,1.10463,1.10753,1.10425,1.10744,16347
2024-09-13 00:00:00,1.10736,1.10875,1.10704,1.10873,5549
2024-09-13 04:00:00,1.10874,1.10903,1.10795,1.10845,7749
2024-09-13 08:00:00,1.10845,1.10943,1.10731,1.10929,15346
2024-09-13 12:00:00,1.1093,1.1101,1.10793,1.10932,20095
2024-09-13 16:00:00,1.10933,1.11019,1.1077,1.1084100000000001,32595
2024-09-13 20:00:00,1.1084,1.10861,1.10728,1.1076,9354
2024-09-16 00:00:00,1.10761,1.10925,1.10743,1.10896,5079
2024-09-16 04:00:00,1.10895,1.1105,1.10867,1.10972,6548
2024-09-16 08:00:00,1.10972,1.11263,1.10958,1.11229,13744
2024-09-16 12:00:00,1.11229,1.1132900000000001,1.1116,1.1125,17947
2024-09-16 16:00:00,1.1125099999999999,1.11377,1.11167,1.1129,23059
2024-09-16 20:00:00,1.1129,1.11336,1.11162,1.11326,10105
2024-09-17 00:00:00,1.11315,1.11325,1.1122,1.11229,4785
2024-09-17 04:00:00,1.11231,1.11298,1.11219,1.11244,5868
2024-09-17 08:00:00,1.11245,1.11463,1.11158,1.11445,13684
2024-09-17 12:00:00,1.1145,1.1145,1.11179,1.11249,24407
2024-09-17 16:00:00,1.11249,1.11284,1.11116,1.11195,32183
2024-09-17 20:00:00,1.11195,1.11236,1.11107,1.11136,13476
2024-09-18 00:00:00,1.11137,1.11288,1.1112,1.11271,4050
2024-09-18 04:00:00,1.11272,1.11306,1.112,1.11202,5031
2024-09-18 08:00:00,1.11201,1.11334,1.11153,1.11298,15071
2024-09-18 12:00:00,1.11298,1.11401,1.1118,1.11224,14281
2024-09-18 16:00:00,1.11224,1.11399,1.11082,1.11241,22472
2024-09-18 20:00:00,1.1124,1.11893,1.10966,1.11168,88506
2024-09-19 00:00:00,1.11082,1.11242,1.10785,1.10818,14538
2024-09-19 04:00:00,1.10818,1.11216,1.10682,1.11204,24815
2024-09-19 08:00:00,1.11206,1.11694,1.11199,1.11629,40224
2024-09-19 12:00:00,1.11629,1.11791,1.11254,1.11257,50503
2024-09-19 16:00:00,1.11256,1.11587,1.11163,1.11559,57236
2024-09-19 20:00:00,1.11558,1.11682,1.11523,1.1160700000000001,18725
2024-09-20 00:00:00,1.11589,1.1164,1.1157,1.11606,9246
2024-09-20 04:00:00,1.1160700000000001,1.11695,1.11571,1.11648,18951
2024-09-20 08:00:00,1.11648,1.11822,1.11522,1.11641,35233
2024-09-20 12:00:00,1.11642,1.11771,1.11539,1.11741,28431
2024-09-20 16:00:00,1.1174,1.11761,1.11359,1.1174,59016
2024-09-20 20:00:00,1.1174,1.11745,1.11559,1.11588,44127
2024-09-23 00:00:00,1.11552,1.11664,1.11476,1.11583,7619
2024-09-23 04:00:00,1.11587,1.11652,1.1155599999999999,1.11637,11797
2024-09-23 08:00:00,1.11638,1.11675,1.10829,1.10927,43158
2024-09-23 12:00:00,1.10922,1.11259,1.10919,1.11222,33644
2024-09-23 16:00:00,1.11223,1.11437,1.11151,1.11249,53124
2024-09-23 20:00:00,1.11255,1.11288,1.1109499999999999,1.11114,17684
2024-09-24 00:00:00,1.11113,1.11171,1.11041,1.1106,6835
2024-09-24 04:00:00,1.11055,1.1118,1.11031,1.11166,12883
2024-09-24 08:00:00,1.11166,1.1145,1.11041,1.11395,31117
2024-09-24 12:00:00,1.11393,1.1148,1.11219,1.11405,32246
2024-09-24 16:00:00,1.11405,1.11638,1.11323,1.11586,44533
2024-09-24 20:00:00,1.11587,1.11812,1.11545,1.11778,12628
2024-09-25 00:00:00,1.11793,1.11942,1.11746,1.11937,7790
2024-09-25 04:00:00,1.11938,1.1199,1.1185,1.1195599999999999,14538
2024-09-25 08:00:00,1.11955,1.11967,1.11819,1.1185,21591
2024-09-25 12:00:00,1.11849,1.1207799999999999,1.11779,1.11979,26029
2024-09-25 16:00:00,1.1198,1.12142,1.1132900000000001,1.11341,37493
2024-09-25 20:00:00,1.11342,1.11391,1.11214,1.1133,15417
2024-09-26 00:00:00,1.11303,1.11372,1.11281,1.11369,6618
2024-09-26 04:00:00,1.1137,1.11455,1.11314,1.11419,10323
2024-09-26 08:00:00,1.11418,1.11582,1.11256,1.11416,26472
2024-09-26 12:00:00,1.11417,1.11658,1.1137299999999999,1.11517,32830
2024-09-26 16:00:00,1.11514,1.11895,1.11255,1.11692,45193
2024-09-26 20:00:00,1.11692,1.11843,1.11682,1.11749,18706
2024-09-27 00:00:00,1.11758,1.11789,1.1167799999999999,1.11693,9492
2024-09-27 04:00:00,1.11689,1.11736,1.11622,1.11648,14439
2024-09-27 08:00:00,1.11648,1.11761,1.11249,1.11442,39247
2024-09-27 12:00:00,1.11443,1.12019,1.1137,1.11989,33951
2024-09-27 16:00:00,1.11988,1.1203400000000001,1.11461,1.11518,42591
2024-09-27 20:00:00,1.11519,1.11681,1.11502,1.11594,44667
2024-09-30 00:00:00,1.11524,1.11741,1.11456,1.11708,12003
2024-09-30 04:00:00,1.11707,1.1172900000000001,1.1156,1.11615,12517
2024-09-30 08:00:00,1.11616,1.12091,1.1156,1.12055,27377
2024-09-30 12:00:00,1.12053,1.1206,1.1183,1.11901,28279
2024-09-30 16:00:00,1.11901,1.11915,1.11348,1.11483,44074
2024-09-30 20:00:00,1.11484,1.11623,1.11135,1.11325,29202
2024-10-01 00:00:00,1.11296,1.1143,1.11259,1.11324,7375
2024-10-01 04:00:00,1.11324,1.11436,1.11311,1.1141,11325
2024-10-01 08:00:00,1.1141,1.11443,1.10978,1.11029,33038
2024-10-01 12:00:00,1.1103,1.1114600000000001,1.10699,1.10714,32833
2024-10-01 16:00:00,1.10714,1.1087,1.1048,1.10539,55339
2024-10-01 20:00:00,1.10539,1.10775,1.10456,1.10667,23868
2024-10-02 00:00:00,1.10621,1.10722,1.10618,1.10656,7182
2024-10-02 04:00:00,1.10656,1.10742,1.10602,1.10632,12756
2024-10-02 08:00:00,1.1063,1.10831,1.10539,1.10721,26151
2024-10-02 12:00:00,1.10721,1.10776,1.10509,1.10538,29128
2024-10-02 16:00:00,1.10539,1.10657,1.10324,1.1047,34971
2024-10-02 20:00:00,1.1047,1.10536,1.10365,1.1042399999999999,14642
2024-10-03 00:00:00,1.10469,1.10495,1.1037,1.10389,8154
2024-10-03 04:00:00,1.10389,1.1041,1.1031900000000001,1.10328,11869
2024-10-03 08:00:00,1.10329,1.10464,1.10247,1.10377,30550
2024-10-03 12:00:00,1.10377,1.10469,1.10279,1.10318,30600
2024-10-03 16:00:00,1.1032,1.10438,1.10034,1.10312,48911
2024-10-03 20:00:00,1.10312,1.1036299999999999,1.1025,1.10288,14605
2024-10-04 00:00:00,1.10289,1.104,1.10257,1.10349,6619
2024-10-04 04:00:00,1.10349,1.10364,1.10251,1.10276,14781
2024-10-04 08:00:00,1.10275,1.10358,1.10208,1.10252,22774
2024-10-04 12:00:00,1.10252,1.10371,1.09589,1.09609,38147
2024-10-04 16:00:00,1.09609,1.0982,1.09511,1.09599,43805
2024-10-04 20:00:00,1.09599,1.0977999999999999,1.09575,1.09716,30288
2024-10-07 00:00:00,1.09686,1.09755,1.09633,1.097,7411
2024-10-07 04:00:00,1.097,1.09776,1.09683,1.09686,10063
2024-10-07 08:00:00,1.09686,1.0979,1.09581,1.09697,20379
2024-10-07 12:00:00,1.09697,1.09836,1.09542,1.0977,23704
2024-10-07 16:00:00,1.09769,1.09851,1.09693,1.09839,29241
2024-10-07 20:00:00,1.09839,1.0987,1.09655,1.09744,13796
2024-10-08 00:00:00,1.09682,1.09842,1.0959,1.09814,8056
2024-10-08 04:00:00,1.09814,1.0987,1.09726,1.09854,15478
2024-10-08 08:00:00,1.09857,1.09974,1.09784,1.09936,23075
2024-10-08 12:00:00,1.09937,1.09946,1.09712,1.09758,24062
2024-10-08 16:00:00,1.09757,1.09842,1.09607,1.09753,24500
2024-10-08 20:00:00,1.09753,1.09805,1.09656,1.0973600000000001,11913
2024-10-09 00:00:00,1.0971899999999999,1.09813,1.09621,1.09753,5555
2024-10-09 04:00:00,1.09752,1.09776,1.09619,1.09635,12398
2024-10-09 08:00:00,1.09638,1.09763,1.09508,1.09579,24620
2024-10-09 12:00:00,1.09579,1.09709,1.09525,1.09565,18061
2024-10-09 16:00:00,1.09565,1.096,1.09393,1.09416,24302
2024-10-09 20:00:00,1.09417,1.09429,1.0936,1.0937000000000001,10889
2024-10-10 00:00:00,1.09367,1.09432,1.09367,1.094,6097
2024-10-10 04:00:00,1.094,1.09463,1.09382,1.09406,12422
2024-10-10 08:00:00,1.09407,1.09434,1.09283,1.09327,17788
2024-10-10 12:00:00,1.09327,1.09552,1.09078,1.09449,36855
2024-10-10 16:00:00,1.09449,1.095,1.09027,1.09066,42051
2024-10-10 20:00:00,1.09066,1.0937999999999999,1.08999,1.09311,15530
2024-10-11 00:00:00,1.09307,1.09382,1.09263,1.09373,7394
2024-10-11 04:00:00,1.09374,1.0941,1.09293,1.09354,7826
2024-10-11 08:00:00,1.09354,1.0954,1.09321,1.09496,14480
2024-10-11 12:00:00,1.09496,1.09513,1.0925799999999999,1.09333,20656
2024-10-11 16:00:00,1.09333,1.09527,1.09278,1.09446,24808
2024-10-11 20:00:00,1.09448,1.09477,1.09254,1.09255,10942
2024-10-14 00:00:00,1.09315,1.09344,1.09152,1.09212,5643
2024-10-14 04:00:00,1.09212,1.09295,1.09177,1.09237,7714
2024-10-14 08:00:00,1.09235,1.0931899999999999,1.09222,1.09267,15726
2024-10-14 12:00:00,1.09267,1.09369,1.09071,1.0909200000000001,16799
2024-10-14 16:00:00,1.0909200000000001,1.09276,1.09006,1.0901399999999999,22859
2024-10-14 20:00:00,1.0901399999999999,1.09102,1.08882,1.0907499999999999,9963
2024-10-15 00:00:00,1.09059,1.09107,1.09038,1.09076,5375
2024-10-15 04:00:00,1.0907499999999999,1.09091,1.08914,1.08931,8845
2024-10-15 08:00:00,1.08931,1.09161,1.08847,1.09107,20451
2024-10-15 12:00:00,1.09106,1.09152,1.08974,1.09103,22772
2024-10-15 16:00:00,1.09103,1.0917,1.08891,1.08896,25330
2024-10-15 20:00:00,1.08896,1.08925,1.08817,1.08869,14018
2024-10-16 00:00:00,1.08894,1.08944,1.08819,1.08852,4917
2024-10-16 04:00:00,1.08852,1.08957,1.08841,1.08896,9693
2024-10-16 08:00:00,1.08896,1.08904,1.0875,1.0883099999999999,20989
2024-10-16 12:00:00,1.0883,1.09018,1.08823,1.08891,20037
2024-10-16 16:00:00,1.08891,1.08977,1.08659,1.08684,24763
2024-10-16 20:00:00,1.08685,1.08686,1.0853,1.0861,10494
2024-10-17 00:00:00,1.0858,1.08757,1.08563,1.08634,7699
2024-10-17 04:00:00,1.08634,1.08651,1.0851,1.08532,12435
2024-10-17 08:00:00,1.08532,1.08585,1.08488,1.08518,17643
2024-10-17 12:00:00,1.08518,1.08735,1.08331,1.08425,27146
2024-10-17 16:00:00,1.08426,1.0845,1.08108,1.0825,37434
2024-10-17 20:00:00,1.08251,1.08323,1.08208,1.08304,11163
2024-10-18 00:00:00,1.08274,1.08334,1.08251,1.08291,5321
2024-10-18 04:00:00,1.08292,1.08408,1.08274,1.08404,10371
2024-10-18 08:00:00,1.08405,1.08488,1.08344,1.08381,18141
2024-10-18 12:00:00,1.0838,1.08603,1.0834,1.08592,19262
2024-10-18 16:00:00,1.08592,1.08685,1.08513,1.0866500000000001,19269
2024-10-18 20:00:00,1.08664,1.08698,1.08589,1.08652,10894
2024-10-21 00:00:00,1.08606,1.0872,1.08591,1.08649,6719
2024-10-21 04:00:00,1.0865,1.08693,1.08582,1.08591,12823
2024-10-21 08:00:00,1.08592,1.08636,1.08461,1.0855,16276
2024-10-21 12:00:00,1.0855,1.08593,1.08443,1.08573,16876
2024-10-21 16:00:00,1.08573,1.08583,1.08169,1.08188,20841
2024-10-21 20:00:00,1.0818699999999999,1.08233,1.0811,1.08146,12190
2024-10-22 00:00:00,1.08169,1.08186,1.08124,1.08162,5616
2024-10-22 04:00:00,1.08163,1.08216,1.08148,1.08205,9311
2024-10-22 08:00:00,1.08205,1.08384,1.08179,1.08271,15242
2024-10-22 12:00:00,1.08271,1.0830899999999999,1.0811,1.08115,19245
2024-10-22 16:00:00,1.08115,1.08188,1.08008,1.08075,26132
2024-10-22 20:00:00,1.08075,1.0809,1.07925,1.07958,10371
2024-10-23 00:00:00,1.0796999999999999,1.08011,1.07921,1.07952,5200
2024-10-23 04:00:00,1.07952,1.08056,1.07936,1.08019,11701
2024-10-23 08:00:00,1.0802,1.08069,1.07793,1.07881,18300
2024-10-23 12:00:00,1.07881,1.07896,1.07611,1.07741,19695
2024-10-23 16:00:00,1.07742,1.07863,1.07695,1.07728,22783
2024-10-23 20:00:00,1.07728,1.07868,1.07672,1.0777700000000001,14835
2024-10-24 00:00:00,1.07823,1.07902,1.07791,1.0789,8574
2024-10-24 04:00:00,1.0789,1.07939,1.07812,1.07929,11478
2024-10-24 08:00:00,1.07929,1.08083,1.07704,1.08029,25119
2024-10-24 12:00:00,1.08029,1.08055,1.07887,1.07968,22517
2024-10-24 16:00:00,1.07969,1.08116,1.07945,1.08105,27670
2024-10-24 20:00:00,1.08105,1.083,1.08105,1.08275,11709
2024-10-25 00:00:00,1.0824799999999999,1.08291,1.082,1.08221,6579
2024-10-25 04:00:00,1.08217,1.08278,1.082,1.08222,8746
2024-10-25 08:00:00,1.08221,1.08372,1.08134,1.08241,17463
2024-10-25 12:00:00,1.08237,1.08396,1.08207,1.08388,16075
2024-10-25 16:00:00,1.08386,1.08389,1.08023,1.08053,22380
2024-10-25 20:00:00,1.08054,1.08068,1.07931,1.07945,13214
2024-10-28 00:00:00,1.07896,1.08019,1.07859,1.0794,8699
2024-10-28 04:00:00,1.07938,1.07962,1.07819,1.07876,13769
2024-10-28 08:00:00,1.07876,1.08216,1.07818,1.0819,16025
2024-10-28 12:00:00,1.08191,1.0826500000000001,1.08083,1.08158,17876
2024-10-28 16:00:00,1.08158,1.08279,1.08136,1.08158,21360
2024-10-28 20:00:00,1.08158,1.08193,1.081,1.08119,12321
2024-10-29 00:00:00,1.08114,1.08196,1.08106,1.08156,6114
2024-10-29 04:00:00,1.08156,1.08183,1.08059,1.08086,12738
2024-10-29 08:00:00,1.08087,1.08207,1.08054,1.08188,16051
2024-10-29 12:00:00,1.08186,1.08266,1.0772,1.07772,22906
2024-10-29 16:00:00,1.07774,1.08124,1.07687,1.07987,39329
2024-10-29 20:00:00,1.07987,1.08185,1.07979,1.08167,15144
2024-10-30 00:00:00,1.08132,1.08263,1.08114,1.08217,5651
2024-10-30 04:00:00,1.08218,1.0826,1.0813,1.08165,9448
2024-10-30 08:00:00,1.08165,1.0845,1.08139,1.08342,15200
2024-10-30 12:00:00,1.08342,1.08595,1.08078,1.08138,28671
2024-10-30 16:00:00,1.08138,1.08671,1.08112,1.0861,35728
2024-10-30 20:00:00,1.08609,1.08716,1.08534,1.08536,13387
2024-10-31 00:00:00,1.08563,1.08603,1.08514,1.08537,6142
2024-10-31 04:00:00,1.08536,1.08582,1.08443,1.08477,10474
2024-10-31 08:00:00,1.08476,1.08637,1.08466,1.08564,16811
2024-10-31 12:00:00,1.08565,1.0887,1.08541,1.08801,26837
2024-10-31 16:00:00,1.088,1.08884,1.08459,1.08579,41562
2024-10-31 20:00:00,1.08579,1.08854,1.08555,1.08826,18398
2024-11-01 00:00:00,1.08843,1.08877,1.08803,1.08864,9400
2024-11-01 04:00:00,1.08864,1.08889,1.0875,1.0877,10235
2024-11-01 08:00:00,1.08771,1.08783,1.08572,1.08626,13966
2024-11-01 12:00:00,1.08626,1.0906,1.08522,1.08865,28950
2024-11-01 16:00:00,1.08865,1.08899,1.08462,1.08525,69128
2024-11-01 20:00:00,1.08525,1.08532,1.08304,1.08304,44393
2024-11-04 00:00:00,1.08796,1.08913,1.08699,1.08884,10088
2024-11-04 04:00:00,1.08884,1.0905,1.08849,1.0899,11460
2024-11-04 08:00:00,1.0899,1.09022,1.08872,1.08961,16884
2024-11-04 12:00:00,1.08962,1.09148,1.08932,1.09053,17515
2024-11-04 16:00:00,1.09051,1.09099,1.08798,1.0889,25321
2024-11-04 20:00:00,1.0889,1.0889199999999999,1.08734,1.08737,11789
2024-11-05 00:00:00,1.08778,1.08797,1.08723,1.08778,6158
2024-11-05 04:00:00,1.08773,1.08803,1.08744,1.08789,7999
2024-11-05 08:00:00,1.08789,1.08979,1.08768,1.08922,13686
2024-11-05 12:00:00,1.08922,1.09018,1.08895,1.08926,15210
2024-11-05 16:00:00,1.08926,1.09307,1.08885,1.09304,31036
2024-11-05 20:00:00,1.09305,1.09367,1.0924,1.09269,29215
2024-11-06 00:00:00,1.09262,1.09374,1.0821,1.0836999999999999,78375
2024-11-06 04:00:00,1.08368,1.08397,1.07185,1.0760399999999999,125387
2024-11-06 08:00:00,1.07599,1.07816,1.0702,1.07554,116255
2024-11-06 12:00:00,1.07554,1.07621,1.06822,1.07098,77497
2024-11-06 16:00:00,1.07098,1.07454,1.06982,1.07275,47703
2024-11-06 20:00:00,1.07275,1.07583,1.07246,1.07251,23755
2024-11-07 00:00:00,1.07247,1.07375,1.07126,1.07176,11222
2024-11-07 04:00:00,1.07176,1.0748,1.07173,1.07461,12208
2024-11-07 08:00:00,1.07461,1.0772,1.07408,1.07458,28530
2024-11-07 12:00:00,1.07458,1.0795,1.07457,1.07926,32416
2024-11-07 16:00:00,1.07926,1.08257,1.0781,1.08045,35478
2024-11-07 20:00:00,1.08045,1.08093,1.07666,1.08026,41618
2024-11-08 00:00:00,1.08035,1.08057,1.07791,1.07867,9880
2024-11-08 04:00:00,1.07868,1.07901,1.07764,1.0782,11642
2024-11-08 08:00:00,1.0782,1.07894,1.07608,1.07792,30605
2024-11-08 12:00:00,1.07793,1.07977,1.07441,1.07531,29481
2024-11-08 16:00:00,1.07532,1.07659,1.06867,1.07088,37349
2024-11-08 20:00:00,1.07089,1.07214,1.06996,1.07182,15157
2024-11-11 00:00:00,1.07069,1.07281,1.07038,1.07204,15701
2024-11-11 04:00:00,1.07202,1.07274,1.07076,1.07178,10462
2024-11-11 08:00:00,1.07178,1.07224,1.06678,1.06817,25632
2024-11-11 12:00:00,1.06813,1.06888,1.06366,1.06483,24547
2024-11-11 16:00:00,1.06483,1.06578,1.06284,1.0649,23314
2024-11-11 20:00:00,1.0648900000000001,1.06581,1.06457,1.06558,9676
2024-11-12 00:00:00,1.06516,1.06634,1.06476,1.0648,9583
2024-11-12 04:00:00,1.0648,1.06522,1.06378,1.06397,12167
2024-11-12 08:00:00,1.06396,1.06396,1.06163,1.06264,25249
2024-11-12 12:00:00,1.06264,1.06299,1.06062,1.06228,26784
2024-11-12 16:00:00,1.06227,1.06263,1.0594999999999999,1.06067,34176
2024-11-12 20:00:00,1.06067,1.0627,1.06064,1.06246,12792
2024-11-13 00:00:00,1.06202,1.06294,1.06108,1.06282,9866
2024-11-13 04:00:00,1.06283,1.06297,1.06093,1.06129,9634
2024-11-13 08:00:00,1.06129,1.06301,1.05932,1.06267,21812
2024-11-13 12:00:00,1.06267,1.06539,1.061,1.06368,43240
2024-11-13 16:00:00,1.06368,1.06383,1.05556,1.05688,57242
2024-11-13 20:00:00,1.05687,1.0576,1.05563,1.05638,15572
2024-11-14 00:00:00,1.05617,1.05687,1.05508,1.05563,9959
2024-11-14 04:00:00,1.05563,1.0558,1.05338,1.05474,11479
2024-11-14 08:00:00,1.05474,1.05583,1.05176,1.05202,24290
2024-11-14 12:00:00,1.05202,1.05455,1.04965,1.05303,41647
2024-11-14 16:00:00,1.05302,1.0582799999999999,1.05293,1.05591,69352
2024-11-14 20:00:00,1.05595,1.05609,1.05119,1.05292,69461
2024-11-15 00:00:00,1.05278,1.05419,1.05235,1.05319,30142
2024-11-15 04:00:00,1.05322,1.05463,1.05316,1.05405,37626
2024-11-15 08:00:00,1.05405,1.05802,1.05336,1.0562,66280
2024-11-15 12:00:00,1.05622,1.05933,1.05538,1.05587,86827
2024-11-15 16:00:00,1.05585,1.05636,1.0523,1.05489,93259
2024-11-15 20:00:00,1.05489,1.0555,1.05162,1.05337,19584
2024-11-18 00:00:00,1.05303,1.05509,1.0528,1.05424,15309
2024-11-18 04:00:00,1.05424,1.05468,1.05302,1.0538,11941
2024-11-18 08:00:00,1.05378,1.05714,1.0536,1.05665,26502
2024-11-18 12:00:00,1.05664,1.05689,1.05323,1.05676,28217
2024-11-18 16:00:00,1.05676,1.05927,1.05604,1.05909,31960
2024-11-18 20:00:00,1.05909,1.06074,1.05871,1.05996,13928
2024-11-19 00:00:00,1.0596700000000001,1.05993,1.0587,1.0593,10318
2024-11-19 04:00:00,1.0593,1.0601099999999999,1.05825,1.05833,12048
2024-11-19 08:00:00,1.05837,1.05966,1.05236,1.05493,44002
2024-11-19 12:00:00,1.05493,1.05977,1.05437,1.05771,35994
2024-11-19 16:00:00,1.05771,1.0601,1.05655,1.05802,44955
2024-11-19 20:00:00,1.05801,1.05982,1.05709,1.0596,16037
2024-11-20 00:00:00,1.05891,1.06101,1.05884,1.06004,10296
2024-11-20 04:00:00,1.06004,1.06036,1.05865,1.05869,8765
2024-11-20 08:00:00,1.05869,1.05958,1.05529,1.05553,26407
2024-11-20 12:00:00,1.05553,1.05681,1.05421,1.05564,27524
2024-11-20 16:00:00,1.05568,1.05571,1.05065,1.05322,36837
2024-11-20 20:00:00,1.05322,1.05446,1.05254,1.05435,16297
2024-11-21 00:00:00,1.05409,1.055,1.05399,1.05456,7959
2024-11-21 04:00:00,1.05457,1.05551,1.05456,1.05464,8673
2024-11-21 08:00:00,1.05464,1.05547,1.05136,1.05172,33377
2024-11-21 12:00:00,1.05171,1.05395,1.05139,1.05329,30609
2024-11-21 16:00:00,1.05329,1.0545,1.0462,1.04876,95997
2024-11-21 20:00:00,1.04876,1.04895,1.04716,1.04729,32391
2024-11-22 00:00:00,1.04722,1.0478,1.04663,1.04719,20628
2024-11-22 04:00:00,1.04716,1.04785,1.04615,1.04645,26820
2024-11-22 08:00:00,1.04644,1.04983,1.03316,1.04018,108980
2024-11-22 12:00:00,1.04018,1.04377,1.03793,1.04295,90149
2024-11-22 16:00:00,1.04295,1.0435,1.03919,1.04189,100437
2024-11-22 20:00:00,1.04187,1.04257,1.04079,1.04179,34902
2024-11-25 00:00:00,1.04757,1.05015,1.04504,1.04781,29450
2024-11-25 04:00:00,1.04782,1.04897,1.04744,1.04794,16194
2024-11-25 08:00:00,1.04789,1.04974,1.04487,1.04893,37774
2024-11-25 12:00:00,1.04893,1.05308,1.04738,1.05287,38551
2024-11-25 16:00:00,1.05287,1.05306,1.04666,1.04858,46147
2024-11-25 20:00:00,1.04859,1.05109,1.04854,1.04937,15905
2024-11-26 00:00:00,1.04913,1.0501,1.0425,1.04544,33132
2024-11-26 04:00:00,1.04544,1.04904,1.04512,1.04751,16179
2024-11-26 08:00:00,1.04751,1.05196,1.04698,1.05075,40335
2024-11-26 12:00:00,1.05074,1.0545,1.04999,1.05034,41875
2024-11-26 16:00:00,1.05034,1.05103,1.04635,1.04707,47653
2024-11-26 20:00:00,1.04706,1.04905,1.0457,1.04896,20890
2024-11-27 00:00:00,1.04857,1.04968,1.04831,1.04871,13864
2024-11-27 04:00:00,1.0487,1.04883,1.04743,1.04766,10141
2024-11-27 08:00:00,1.04766,1.05402,1.04752,1.05168,41463
2024-11-27 12:00:00,1.05167,1.0574,1.05102,1.05726,39921
2024-11-27 16:00:00,1.05726,1.05878,1.05329,1.05762,52397
2024-11-27 20:00:00,1.05762,1.05791,1.05592,1.05658,12281
2024-11-28 00:00:00,1.05629,1.05701,1.05475,1.05575,10314
2024-11-28 04:00:00,1.05575,1.05614,1.0549,1.05499,9341
2024-11-28 08:00:00,1.05499,1.05567,1.05273,1.05317,34182
2024-11-28 12:00:00,1.05318,1.05566,1.05298,1.05342,23545
2024-11-28 16:00:00,1.05342,1.05573,1.05314,1.05531,31420
2024-11-28 20:00:00,1.05527,1.05574,1.0552,1.05553,2866
2024-11-29 00:00:00,1.05475,1.05753,1.0547,1.05601,24429
2024-11-29 04:00:00,1.05597,1.05771,1.05589,1.05678,23308
2024-11-29 08:00:00,1.05678,1.05974,1.05518,1.05575,65315
2024-11-29 12:00:00,1.05575,1.05736,1.05479,1.05631,69227
2024-11-29 16:00:00,1.05631,1.05681,1.05413,1.05672,71575
2024-11-29 20:00:00,1.05672,1.05847,1.05672,1.05777,23290
2024-12-02 00:00:00,1.05661,1.05705,1.05278,1.05307,23528
2024-12-02 04:00:00,1.05308,1.05323,1.0515,1.05218,16844
2024-12-02 08:00:00,1.05216,1.05375,1.04958,1.05134,41684
2024-12-02 12:00:00,1.05135,1.05387,1.04949,1.05059,40402
2024-12-02 16:00:00,1.05058,1.0515,1.04606,1.04878,58190
2024-12-02 20:00:00,1.04877,1.05162,1.04844,1.04988,21715
2024-12-03 00:00:00,1.04958,1.05019,1.04846,1.04877,16409
2024-12-03 04:00:00,1.04878,1.04947,1.04805,1.04918,15092
2024-12-03 08:00:00,1.04918,1.0531,1.04833,1.0520100000000001,36344
2024-12-03 12:00:00,1.0520100000000001,1.05301,1.05061,1.05239,32619
2024-12-03 16:00:00,1.05238,1.05306,1.04922,1.05284,52767
2024-12-03 20:00:00,1.05284,1.05353,1.05027,1.05111,17162
2024-12-04 00:00:00,1.05042,1.05129,1.04971,1.0506,12663
2024-12-04 04:00:00,1.0506,1.05202,1.04877,1.05152,18401
2024-12-04 08:00:00,1.05153,1.05293,1.04823,1.05027,34659
2024-12-04 12:00:00,1.05028,1.05127,1.0479,1.04838,37551
2024-12-04 16:00:00,1.04837,1.05443,1.0472,1.05371,60393
2024-12-04 20:00:00,1.05371,1.05388,1.05047,1.05098,23348
2024-12-05 00:00:00,1.05078,1.05161,1.05073,1.05125,11406
2024-12-05 04:00:00,1.05125,1.05292,1.05105,1.05264,12101
2024-12-05 08:00:00,1.05264,1.05467,1.05215,1.0528,26286
2024-12-05 12:00:00,1.0528,1.05685,1.05231,1.05669,44057
2024-12-05 16:00:00,1.05669,1.05899,1.05507,1.05679,83948
2024-12-05 20:00:00,1.05679,1.0588899999999999,1.05568,1.05883,32954
2024-12-06 00:00:00,1.05884,1.05886,1.05658,1.05689,16223
2024-12-06 04:00:00,1.05689,1.05806,1.05682,1.05726,21988
2024-12-06 08:00:00,1.05725,1.05944,1.05673,1.05771,43853
2024-12-06 12:00:00,1.05776,1.06301,1.05713,1.06042,68892
2024-12-06 16:00:00,1.06042,1.06074,1.05439,1.05512,56533
2024-12-06 20:00:00,1.05512,1.05698,1.05421,1.05681,13653
2024-12-09 00:00:00,1.05563,1.05694,1.05511,1.05519,9179
2024-12-09 04:00:00,1.05519,1.05565,1.05321,1.05372,10678
2024-12-09 08:00:00,1.05372,1.05754,1.05366,1.05665,30386
2024-12-09 12:00:00,1.05666,1.05857,1.05576,1.05759,32240
2024-12-09 16:00:00,1.0576,1.05947,1.05665,1.05668,34663
2024-12-09 20:00:00,1.05666,1.05678,1.05469,1.05544,11898
2024-12-10 00:00:00,1.05521,1.05573,1.05451,1.05533,9684
2024-12-10 04:00:00,1.05533,1.05629,1.05487,1.05623,13610
2024-12-10 08:00:00,1.05623,1.05684,1.0523,1.05314,27103
2024-12-10 12:00:00,1.05312,1.05382,1.05157,1.05232,30583
2024-12-10 16:00:00,1.05232,1.05315,1.04985,1.05099,39474
2024-12-10 20:00:00,1.05099,1.05315,1.05084,1.05264,14894
2024-12-11 00:00:00,1.05265,1.05359,1.05241,1.05345,7858
2024-12-11 04:00:00,1.05344,1.05395,1.05204,1.05238,10953
2024-12-11 08:00:00,1.05239,1.05288,1.0488,1.05004,36222
2024-12-11 12:00:00,1.05003,1.05376,1.04869,1.0524,50143
2024-12-11 16:00:00,1.0524,1.05292,1.048,1.04879,49178
2024-12-11 20:00:00,1.04879,1.05003,1.04813,1.04958,15728
2024-12-12 00:00:00,1.04933,1.05089,1.04897,1.0506,9669
2024-12-12 04:00:00,1.0506,1.05098,1.05007,1.05067,9634
2024-12-12 08:00:00,1.05068,1.05312,1.05041,1.05098,32629
2024-12-12 12:00:00,1.05098,1.05146,1.04693,1.0485,44752
2024-12-12 16:00:00,1.04851,1.05212,1.04636,1.05006,66476
2024-12-12 20:00:00,1.05006,1.05027,1.0464,1.04673,19057
2024-12-13 00:00:00,1.04676,1.04808,1.04635,1.04655,13249
2024-12-13 04:00:00,1.04655,1.04671,1.04561,1.04655,11165
2024-12-13 08:00:00,1.04655,1.04943,1.04529,1.04869,45615
2024-12-13 12:00:00,1.04869,1.05242,1.04833,1.05104,39792
2024-12-13 16:00:00,1.05104,1.05106,1.04822,1.04964,37281
2024-12-13 20:00:00,1.04964,1.05046,1.04891,1.05039,13268
2024-12-16 00:00:00,1.04852,1.05217,1.04846,1.05192,12826
2024-12-16 04:00:00,1.05192,1.05232,1.05096,1.05194,9941
2024-12-16 08:00:00,1.05194,1.05252,1.05002,1.05053,30420
2024-12-16 12:00:00,1.05054,1.05085,1.04831,1.05077,24768
2024-12-16 16:00:00,1.05077,1.05209,1.0472,1.0511,39767
2024-12-16 20:00:00,1.05111,1.05227,1.05057,1.05144,11848
2024-12-17 00:00:00,1.05107,1.05346,1.05082,1.05213,10075
2024-12-17 04:00:00,1.05212,1.05271,1.05025,1.05049,9808
2024-12-17 08:00:00,1.05049,1.05094,1.04803,1.04856,25715
2024-12-17 12:00:00,1.04856,1.05069,1.04789,1.05047,32668
2024-12-17 16:00:00,1.05046,1.05161,1.04944,1.04995,41430
2024-12-17 20:00:00,1.04993,1.05044,1.04852,1.04915,13502
2024-12-18 00:00:00,1.04923,1.05031,1.04893,1.05021,7992
2024-12-18 04:00:00,1.05021,1.0506,1.04959,1.05026,10135
2024-12-18 08:00:00,1.05025,1.05131,1.04875,1.04941,24695
2024-12-18 12:00:00,1.04941,1.05038,1.04824,1.04919,28567
2024-12-18 16:00:00,1.04919,1.05033,1.04669,1.04755,34089
2024-12-18 20:00:00,1.04757,1.04927,1.03437,1.03493,67268
2024-12-19 00:00:00,1.0349,1.03802,1.03466,1.03779,18966
2024-12-19 04:00:00,1.03781,1.03906,1.03723,1.03823,16904
2024-12-19 08:00:00,1.03822,1.04227,1.03772,1.04128,45183
2024-12-19 12:00:00,1.04128,1.04161,1.03856,1.03988,46270
2024-12-19 16:00:00,1.03988,1.04075,1.0354700000000001,1.03618,51174
2024-12-19 20:00:00,1.03619,1.03775,1.03554,1.03626,20141
2024-12-20 00:00:00,1.03607,1.03695,1.03587,1.03633,10956
2024-12-20 04:00:00,1.03633,1.0367,1.03564,1.03665,16849
2024-12-20 08:00:00,1.03665,1.03986,1.03429,1.03826,53422
2024-12-20 12:00:00,1.03826,1.04194,1.03795,1.04072,33957
2024-12-20 16:00:00,1.04072,1.04452,1.03858,1.04283,57289
2024-12-20 20:00:00,1.04282,1.04478,1.04222,1.0429,21306
2024-12-23 00:00:00,1.04302,1.04449,1.04267,1.04358,13267
2024-12-23 04:00:00,1.04359,1.04456,1.0435699999999999,1.04399,11168
2024-12-23 08:00:00,1.04399,1.04423,1.04071,1.04076,21751
2024-12-23 12:00:00,1.04076,1.04101,1.03855,1.03994,25881
2024-12-23 16:00:00,1.03997,1.0418,1.0384,1.03978,32985
2024-12-23 20:00:00,1.03979,1.04145,1.03974,1.04062,11890
2024-12-24 00:00:00,1.0402,1.04085,1.03979,1.04025,6766
2024-12-24 04:00:00,1.04026,1.0409,1.03886,1.03968,7927
2024-12-24 08:00:00,1.03969,1.04058,1.039,1.03919,12852
2024-12-24 12:00:00,1.03918,1.04038,1.03889,1.04024,16049
2024-12-24 16:00:00,1.04024,1.04102,1.03833,1.03887,20985
2024-12-24 20:00:00,1.03886,1.04011,1.03797,1.03932,10956
2024-12-25 00:00:00,1.03969,1.04096,1.03913,1.04004,153
2024-12-25 04:00:00,1.04016,1.04086,1.03995,1.04002,171
2024-12-25 08:00:00,1.04002,1.04075,1.0386,1.03862,332
2024-12-25 16:00:00,1.03862,1.03862,1.03862,1.03862,1
2024-12-25 20:00:00,1.04071,1.04071,1.03962,1.04021,42
2024-12-26 00:00:00,1.03997,1.04045,1.03929,1.03975,10013
2024-12-26 04:00:00,1.03975,1.0404,1.03965,1.0398,7137
2024-12-26 08:00:00,1.0398,1.04005,1.03904,1.03994,9381
2024-12-26 12:00:00,1.03994,1.04061,1.03925,1.04025,9951
2024-12-26 16:00:00,1.04025,1.0423,1.03949,1.04115,21419
2024-12-26 20:00:00,1.04115,1.04304,1.04115,1.04227,13663
2024-12-27 00:00:00,1.0416,1.04249,1.04119,1.04134,9953
2024-12-27 04:00:00,1.04134,1.04142,1.04065,1.04097,8071
2024-12-27 08:00:00,1.04097,1.0426,1.04048,1.04167,15937
2024-12-27 12:00:00,1.04167,1.04443,1.04115,1.04388,18311
2024-12-27 16:00:00,1.04388,1.044,1.04144,1.0421,31122
2024-12-27 20:00:00,1.04211,1.04307,1.04206,1.04239,12260
2024-12-30 00:00:00,1.0429599999999999,1.04345,1.04249,1.04256,7384
2024-12-30 04:00:00,1.04255,1.04278,1.04209,1.04251,6932
2024-12-30 08:00:00,1.04251,1.04394,1.04095,1.04342,20734
2024-12-30 12:00:00,1.04342,1.04586,1.0385,1.03884,30705
2024-12-30 16:00:00,1.03884,1.04091,1.03716,1.03944,38831
2024-12-30 20:00:00,1.03944,1.04071,1.03937,1.04047,11680
2024-12-31 00:00:00,1.03975,1.04134,1.03958,1.04122,9047
2024-12-31 04:00:00,1.04122,1.04148,1.04028,1.04041,8324
2024-12-31 08:00:00,1.04041,1.04247,1.03994,1.04183,19246
2024-12-31 12:00:00,1.04183,1.04203,1.03833,1.03933,26538
2024-12-31 16:00:00,1.03933,1.03944,1.03437,1.03484,42163
2024-12-31 20:00:00,1.03483,1.03645,1.03455,1.0354700000000001,15159
2025-01-01 20:00:00,1.03447,1.03514,1.0336,1.03494,94
2025-01-02 00:00:00,1.03485,1.03609,1.03405,1.03581,12523
2025-01-02 04:00:00,1.03581,1.03756,1.03575,1.03641,8483
2025-01-02 08:00:00,1.03641,1.03727,1.03461,1.03515,25823
2025-01-02 12:00:00,1.03519,1.03571,1.03109,1.03132,39445
2025-01-02 16:00:00,1.03132,1.03242,1.02237,1.02652,60141
2025-01-02 20:00:00,1.02652,1.02687,1.02478,1.02668,13234
2025-01-03 00:00:00,1.0256,1.02738,1.02558,1.02673,12726
2025-01-03 04:00:00,1.02673,1.02749,1.02647,1.02721,7707
2025-01-03 08:00:00,1.02721,1.03002,1.02687,1.029,26648
2025-01-03 12:00:00,1.029,1.03031,1.0279,1.02934,25851
2025-01-03 16:00:00,1.02934,1.03061,1.02729,1.02978,40100
2025-01-03 20:00:00,1.02978,1.03102,1.02926,1.0308,11785
2025-01-06 00:00:00,1.03014,1.03136,1.02956,1.03123,9664
2025-01-06 04:00:00,1.03123,1.03185,1.03084,1.03092,11720
2025-01-06 08:00:00,1.03092,1.03691,1.03076,1.03559,33429
2025-01-06 12:00:00,1.03559,1.0437,1.03285,1.0417,66801
2025-01-06 16:00:00,1.04171,1.0424,1.03528,1.03876,65833
2025-01-06 20:00:00,1.03876,1.03926,1.03769,1.03897,17042
2025-01-07 00:00:00,1.03818,1.03932,1.0376,1.0381,10076
2025-01-07 04:00:00,1.03811,1.04034,1.038,1.03965,9994
2025-01-07 08:00:00,1.03969,1.04346,1.03961,1.0427,30963
2025-01-07 12:00:00,1.0427,1.04346,1.03864,1.03968,37566
2025-01-07 16:00:00,1.03968,1.03979,1.03535,1.03672,59945
2025-01-07 20:00:00,1.03671,1.03697,1.03402,1.03405,16409
2025-01-08 00:00:00,1.034,1.03533,1.03389,1.03531,8411
2025-01-08 04:00:00,1.03531,1.03561,1.03461,1.03548,7264
2025-01-08 08:00:00,1.03548,1.03578,1.03153,1.03192,32197
2025-01-08 12:00:00,1.03192,1.03215,1.02731,1.03036,58366
2025-01-08 16:00:00,1.03036,1.03147,1.02889,1.03057,45608
2025-01-08 20:00:00,1.03057,1.03245,1.03054,1.0318,19654
2025-01-09 00:00:00,1.03157,1.03192,1.03048,1.0314,8966
2025-01-09 04:00:00,1.03142,1.03218,1.03055,1.03069,9960
2025-01-09 08:00:00,1.0307,1.03177,1.02834,1.03052,35115
2025-01-09 12:00:00,1.03053,1.03194,1.02957,1.03081,31784
2025-01-09 16:00:00,1.03077,1.03149,1.02908,1.02977,25898
2025-01-09 20:00:00,1.02977,1.03039,1.02942,1.02998,6219
2025-01-10 00:00:00,1.02981,1.03047,1.02921,1.03022,9474
2025-01-10 04:00:00,1.03022,1.03038,1.02845,1.0286,8238
2025-01-10 08:00:00,1.0286,1.03121,1.0281,1.02996,32316
2025-01-10 12:00:00,1.03001,1.0312,1.02126,1.02562,56157
2025-01-10 16:00:00,1.02567,1.02788,1.02274,1.02443,89483
2025-01-10 20:00:00,1.02442,1.02493,1.02346,1.02451,19208
2025-01-13 00:00:00,1.02364,1.02503,1.02354,1.02416,11843
2025-01-13 04:00:00,1.02416,1.02455,1.02075,1.02197,14263
2025-01-13 08:00:00,1.02197,1.02313,1.0177,1.01935,41896
2025-01-13 12:00:00,1.01935,1.0221,1.01859,1.02086,37140
2025-01-13 16:00:00,1.02086,1.02198,1.01915,1.02182,38698
2025-01-13 20:00:00,1.02182,1.02385,1.02068,1.02381,12492
2025-01-14 00:00:00,1.02462,1.02776,1.02381,1.02489,17351
2025-01-14 04:00:00,1.0249,1.02553,1.02383,1.02446,11672
2025-01-14 08:00:00,1.02446,1.0275,1.02446,1.02598,35606
2025-01-14 12:00:00,1.02598,1.02732,1.02394,1.02534,46299
2025-01-14 16:00:00,1.02534,1.03045,1.02433,1.02885,54257
2025-01-14 20:00:00,1.02885,1.03088,1.02865,1.03074,12665
2025-01-15 00:00:00,1.03047,1.03085,1.02977,1.02999,7124
2025-01-15 04:00:00,1.02998,1.03055,1.02924,1.02934,8873
2025-01-15 08:00:00,1.0293,1.03172,1.02865,1.03095,32030
2025-01-15 12:00:00,1.03096,1.03551,1.02933,1.03447,51885
2025-01-15 16:00:00,1.03447,1.03459,1.02577,1.02854,53907
2025-01-15 20:00:00,1.02859,1.02992,1.0284200000000001,1.029,11555
2025-01-16 00:00:00,1.0289,1.03001,1.02846,1.02899,12850
2025-01-16 04:00:00,1.02898,1.02941,1.02807,1.02823,11672
2025-01-16 08:00:00,1.02822,1.03017,1.02815,1.02859,29067
2025-01-16 12:00:00,1.02859,1.02964,1.02601,1.02818,37774
2025-01-16 16:00:00,1.02818,1.03153,1.02678,1.02963,86257
2025-01-16 20:00:00,1.02963,1.03079,1.02934,1.03027,28265
2025-01-17 00:00:00,1.02967,1.03098,1.0293,1.03054,9555
2025-01-17 04:00:00,1.03054,1.03094,1.02872,1.0293,10789
2025-01-17 08:00:00,1.02931,1.03043,1.02774,1.02961,27973
2025-01-17 12:00:00,1.02965,1.03103,1.02853,1.029,35306
2025-01-17 16:00:00,1.02901,1.03307,1.02654,1.02806,67362
2025-01-17 20:00:00,1.02806,1.02923,1.02689,1.027,14569
2025-01-20 00:00:00,1.02764,1.02931,1.02662,1.0290300000000001,14778
2025-01-20 04:00:00,1.02905,1.03073,1.02868,1.03027,13617
2025-01-20 08:00:00,1.03027,1.03191,1.02993,1.03064,31371
2025-01-20 12:00:00,1.03065,1.04003,1.03065,1.03979,66504
2025-01-20 16:00:00,1.03978,1.04302,1.03531,1.03855,81828
2025-01-20 20:00:00,1.03855,1.04346,1.03831,1.04141,15443
2025-01-21 00:00:00,1.04076,1.04346,1.03521,1.03705,54550
2025-01-21 04:00:00,1.03705,1.04012,1.03689,1.03786,23731
2025-01-21 08:00:00,1.03786,1.03862,1.03416,1.03533,41767
2025-01-21 12:00:00,1.03532,1.03781,1.03429,1.03775,43903
2025-01-21 16:00:00,1.03776,1.04301,1.03728,1.04216,61464
2025-01-21 20:00:00,1.04215,1.04356,1.04156,1.04282,17931
2025-01-22 00:00:00,1.04239,1.04336,1.03921,1.04095,21756
2025-01-22 04:00:00,1.04094,1.04216,1.04061,1.04159,13145
2025-01-22 08:00:00,1.04158,1.04476,1.04001,1.04463,40281
2025-01-22 12:00:00,1.04464,1.04576,1.0422,1.04315,37253
2025-01-22 16:00:00,1.04315,1.0432,1.04119,1.04173,40093
2025-01-22 20:00:00,1.04173,1.04233,1.04077,1.04107,12969
2025-01-23 00:00:00,1.04081,1.0416,1.04021,1.04039,11635
2025-01-23 04:00:00,1.04039,1.0413000000000001,1.03968,1.04051,11992
2025-01-23 08:00:00,1.04051,1.04151,1.03898,1.04114,32209
2025-01-23 12:00:00,1.0411299999999999,1.04207,1.0394,1.04106,35800
2025-01-23 16:00:00,1.04106,1.04383,1.03718,1.04352,60436
2025-01-23 20:00:00,1.04351,1.04371,1.04127,1.04156,18556
2025-01-24 00:00:00,1.04157,1.04232,1.04114,1.04161,9483
2025-01-24 04:00:00,1.04162,1.04541,1.0416,1.04517,26460
2025-01-24 08:00:00,1.04517,1.05154,1.04472,1.04938,49745
2025-01-24 12:00:00,1.04938,1.04981,1.04635,1.04689,30178
2025-01-24 16:00:00,1.04688,1.05217,1.0467,1.05108,51341
2025-01-24 20:00:00,1.05108,1.05121,1.04881,1.04963,13124
2025-01-27 00:00:00,1.04775,1.04869,1.04611,1.0463,15383
2025-01-27 04:00:00,1.04631,1.04775,1.04556,1.04632,16172
2025-01-27 08:00:00,1.04632,1.04941,1.04536,1.04885,45942
2025-01-27 12:00:00,1.04886,1.05335,1.04886,1.05197,55817
2025-01-27 16:00:00,1.05196,1.05247,1.04849,1.04889,47792
2025-01-27 20:00:00,1.04889,1.04943,1.04791,1.0491,19144
2025-01-28 00:00:00,1.04914,1.04932,1.04282,1.04376,29976
2025-01-28 04:00:00,1.04376,1.04419,1.04241,1.04363,19805
2025-01-28 08:00:00,1.04363,1.04447,1.04196,1.04355,36897
2025-01-28 12:00:00,1.04354,1.04377,1.04135,1.0425,35251
2025-01-28 16:00:00,1.04249,1.04412,1.04208,1.04283,42948
2025-01-28 20:00:00,1.04283,1.04385,1.04224,1.04305,18083
2025-01-29 00:00:00,1.04269,1.04347,1.04256,1.04271,9625
2025-01-29 04:00:00,1.0427,1.04428,1.04256,1.04403,10415
2025-01-29 08:00:00,1.04403,1.04439,1.04019,1.0404,31719
2025-01-29 12:00:00,1.04035,1.04086,1.03822,1.03876,39170
2025-01-29 16:00:00,1.03876,1.04285,1.03862,1.04211,48389
2025-01-29 20:00:00,1.04213,1.04292,1.03881,1.04213,45388
2025-01-30 00:00:00,1.04169,1.04291,1.04159,1.04199,10017
2025-01-30 04:00:00,1.04199,1.04278,1.04175,1.04221,10801
2025-01-30 08:00:00,1.04221,1.04288,1.04019,1.04074,30589
2025-01-30 12:00:00,1.04074,1.04601,1.03901,1.04559,45484
2025-01-30 16:00:00,1.0456,1.0468,1.04095,1.04173,57224
2025-01-30 20:00:00,1.04175,1.04325,1.03859,1.03927,29217
2025-01-31 00:00:00,1.03908,1.04026,1.03767,1.03886,14077
2025-01-31 04:00:00,1.03888,1.03953,1.03825,1.03886,12540
2025-01-31 08:00:00,1.03886,1.04131,1.03654,1.03834,38137
2025-01-31 12:00:00,1.03833,1.03956,1.03719,1.03821,37417
2025-01-31 16:00:00,1.03823,1.04343,1.03601,1.04203,65361
2025-01-31 20:00:00,1.04203,1.0422,1.03498,1.03584,57702
2025-02-03 00:00:00,1.02406,1.02704,1.02103,1.02381,51201
2025-02-03 04:00:00,1.02381,1.02436,1.02122,1.02401,33042
2025-02-03 08:00:00,1.024,1.02545,1.02128,1.02297,49684
2025-02-03 12:00:00,1.02297,1.02883,1.02297,1.0264199999999999,54121
2025-02-03 16:00:00,1.02641,1.03358,1.02428,1.02795,110881
2025-02-03 20:00:00,1.02795,1.03501,1.027,1.03349,34846
2025-02-04 00:00:00,1.03349,1.03515,1.03084,1.03223,20680
2025-02-04 04:00:00,1.03223,1.03243,1.0272,1.0293,30344
2025-02-04 08:00:00,1.0293,1.03497,1.02921,1.03385,40478
2025-02-04 12:00:00,1.03383,1.03436,1.03198,1.03403,32071
2025-02-04 16:00:00,1.03404,1.03876,1.03399,1.0377,59350
2025-02-04 20:00:00,1.03769,1.03879,1.03742,1.03805,16512
2025-02-05 00:00:00,1.03745,1.0387,1.03696,1.03736,11562
2025-02-05 04:00:00,1.03736,1.03864,1.03729,1.03775,11398
2025-02-05 08:00:00,1.03775,1.04178,1.0374,1.04037,29787
2025-02-05 12:00:00,1.04038,1.04309,1.04015,1.04075,28403
2025-02-05 16:00:00,1.04076,1.04424,1.04061,1.042,38188
2025-02-05 20:00:00,1.04199,1.04215,1.03967,1.03993,12024
2025-02-06 00:00:00,1.04027,1.04065,1.03946,1.04026,8433
2025-02-06 04:00:00,1.04026,1.04057,1.0385,1.03867,10311
2025-02-06 08:00:00,1.03867,1.03928,1.0356,1.03594,23081
2025-02-06 12:00:00,1.03595,1.0368,1.03524,1.03605,29724
2025-02-06 16:00:00,1.03605,1.03807,1.03596,1.03794,29980
2025-02-06 20:00:00,1.03794,1.03969,1.03742,1.0385,14297
2025-02-07 00:00:00,1.03842,1.03912,1.03744,1.03837,8854
2025-02-07 04:00:00,1.03836,1.03864,1.03738,1.03754,10619
2025-02-07 08:00:00,1.03754,1.04002,1.03725,1.03909,18893
2025-02-07 12:00:00,1.03909,1.04126,1.03491,1.03635,33953
2025-02-07 16:00:00,1.03635,1.03891,1.03056,1.03219,61330
2025-02-07 20:00:00,1.03219,1.03386,1.03208,1.03257,13377
2025-02-10 00:00:00,1.02867,1.03187,1.02792,1.03033,12886
2025-02-10 04:00:00,1.03033,1.03219,1.02983,1.03165,10339
2025-02-10 08:00:00,1.03165,1.03351,1.03065,1.03271,25469
2025-02-10 12:00:00,1.03271,1.03368,1.03084,1.03209,22960
2025-02-10 16:00:00,1.03209,1.03239,1.03042,1.03127,23625
2025-02-10 20:00:00,1.03127,1.03163,1.03048,1.03065,7962
2025-02-11 00:00:00,1.03082,1.0309,1.02983,1.03022,8029
2025-02-11 04:00:00,1.03022,1.03062,1.0292,1.0305,10047
2025-02-11 08:00:00,1.0305,1.03221,1.02997,1.03178,21808
2025-02-11 12:00:00,1.03179,1.0329,1.03143,1.03227,21061
2025-02-11 16:00:00,1.03227,1.03515,1.03218,1.03457,25503
2025-02-11 20:00:00,1.03457,1.03819,1.03417,1.0360800000000001,14826
2025-02-12 00:00:00,1.03612,1.0368,1.03538,1.0360800000000001,7292
2025-02-12 04:00:00,1.0360800000000001,1.0368,1.03549,1.03582,10695
2025-02-12 08:00:00,1.03582,1.03801,1.03569,1.03737,20740
2025-02-12 12:00:00,1.03738,1.0386,1.03068,1.0333,34340
2025-02-12 16:00:00,1.03335,1.04276,1.03251,1.04261,51340
2025-02-12 20:00:00,1.0426,1.04301,1.03814,1.03822,18504
2025-02-13 00:00:00,1.03807,1.04021,1.03807,1.03997,9903
2025-02-13 04:00:00,1.03996,1.04386,1.03964,1.04353,15444
2025-02-13 08:00:00,1.04353,1.04404,1.04104,1.04229,28482
2025-02-13 12:00:00,1.0423,1.04293,1.03752,1.03928,35731
2025-02-13 16:00:00,1.03928,1.04456,1.03816,1.04257,40668
2025-02-13 20:00:00,1.04257,1.04676,1.03729,1.04649,28316
2025-02-14 00:00:00,1.04632,1.04688,1.04488,1.04595,11321
2025-02-14 04:00:00,1.04595,1.04641,1.0447,1.0453,10420
2025-02-14 08:00:00,1.04529,1.04881,1.04519,1.04809,25396
2025-02-14 12:00:00,1.04809,1.04981,1.04569,1.0488,28232
2025-02-14 16:00:00,1.04881,1.05143,1.04872,1.0507,29654
2025-02-14 20:00:00,1.0507,1.05084,1.04885,1.04893,11597
2025-02-17 00:00:00,1.04869,1.05067,1.0484,1.05051,13996
2025-02-17 04:00:00,1.05051,1.05056,1.04847,1.04902,13794
2025-02-17 08:00:00,1.04902,1.04956,1.0471,1.04745,23335
2025-02-17 12:00:00,1.04745,1.04896,1.04669,1.04741,19760
2025-02-17 16:00:00,1.04741,1.04849,1.04712,1.04825,13253
2025-02-17 20:00:00,1.04825,1.04854,1.04791,1.04844,4225
2025-02-18 00:00:00,1.04773,1.04867,1.04623,1.04665,8834
2025-02-18 04:00:00,1.04665,1.04728,1.04521,1.04554,12655
2025-02-18 08:00:00,1.04554,1.04695,1.04546,1.04641,22959
2025-02-18 12:00:00,1.04642,1.04675,1.04417,1.04449,21053
2025-02-18 16:00:00,1.04449,1.04695,1.0439,1.04456,26850
2025-02-18 20:00:00,1.04457,1.04499,1.0435,1.04466,10644
2025-02-19 00:00:00,1.04452,1.04522,1.0441,1.04464,8646
2025-02-19 04:00:00,1.04464,1.04565,1.04448,1.0456,9314
2025-02-19 08:00:00,1.04561,1.04616,1.04282,1.04293,21790
2025-02-19 12:00:00,1.04295,1.04354,1.04187,1.04342,25705
2025-02-19 16:00:00,1.04342,1.04417,1.04007,1.041,28105
2025-02-19 20:00:00,1.04095,1.04327,1.04084,1.04246,13379
2025-02-20 00:00:00,1.04196,1.04329,1.04185,1.04215,10261
2025-02-20 04:00:00,1.04215,1.04378,1.04205,1.04279,14074
2025-02-20 08:00:00,1.04279,1.04423,1.04236,1.04373,23038
2025-02-20 12:00:00,1.04373,1.04551,1.04309,1.04485,25063
2025-02-20 16:00:00,1.04485,1.04949,1.0442,1.04891,33197
2025-02-20 20:00:00,1.04891,1.05037,1.04853,1.05008,11851
2025-02-21 00:00:00,1.04948,1.05061,1.04843,1.0487,10378
2025-02-21 04:00:00,1.04871,1.05052,1.04863,1.04928,12509
2025-02-21 08:00:00,1.04928,1.04999,1.04665,1.04694,25815
2025-02-21 12:00:00,1.04694,1.04782,1.04593,1.04751,20539
2025-02-21 16:00:00,1.04751,1.04925,1.04492,1.04628,34316
2025-02-21 20:00:00,1.04627,1.04682,1.04507,1.046,17322
2025-02-24 00:00:00,1.04659,1.05211,1.04605,1.05178,19162
2025-02-24 04:00:00,1.05178,1.05287,1.051,1.05167,18023
2025-02-24 08:00:00,1.05167,1.05167,1.04687,1.04722,28858
2025-02-24 12:00:00,1.04722,1.04815,1.046,1.04673,20693
2025-02-24 16:00:00,1.04673,1.0484,1.04528,1.04722,30993
2025-02-24 20:00:00,1.04721,1.04859,1.04618,1.04668,15333
2025-02-25 00:00:00,1.04663,1.04699,1.04598,1.04654,8504
2025-02-25 04:00:00,1.04654,1.04784,1.0465,1.04771,11646
2025-02-25 08:00:00,1.04771,1.04804,1.04561,1.04733,27715
2025-02-25 12:00:00,1.04733,1.05098,1.0465,1.05005,25511
2025-02-25 16:00:00,1.05005,1.05195,1.04837,1.05019,35542
2025-02-25 20:00:00,1.0502,1.0519,1.0501800000000001,1.05142,16770
2025-02-26 00:00:00,1.05128,1.05252,1.05036,1.05155,10685
2025-02-26 04:00:00,1.05156,1.05172,1.04903,1.04917,12338
2025-02-26 08:00:00,1.04917,1.05119,1.04872,1.04969,24091
2025-02-26 12:00:00,1.04969,1.05024,1.04748,1.04844,25583
2025-02-26 16:00:00,1.04844,1.05292,1.04791,1.04925,44143
2025-02-26 20:00:00,1.04925,1.05008,1.04783,1.04832,22700
2025-02-27 00:00:00,1.048,1.04928,1.04728,1.04787,8499
2025-02-27 04:00:00,1.04786,1.04808,1.04589,1.04652,13121
2025-02-27 08:00:00,1.04652,1.04855,1.04637,1.04839,23136
2025-02-27 12:00:00,1.04839,1.04896,1.0419100000000001,1.04238,34826
2025-02-27 16:00:00,1.04238,1.04419,1.04001,1.0407,41328
2025-02-27 20:00:00,1.04073,1.0418,1.03969,1.0397,17013
2025-02-28 00:00:00,1.03991,1.04045,1.03843,1.03848,11501
2025-02-28 04:00:00,1.03848,1.03919,1.03805,1.03891,14734
2025-02-28 08:00:00,1.03891,1.04082,1.03825,1.03955,24005
2025-02-28 12:00:00,1.03954,1.04164,1.03923,1.04072,23039
2025-02-28 16:00:00,1.04072,1.04202,1.03897,1.03967,41157
2025-02-28 20:00:00,1.03965,1.03985,1.03597,1.03761,27174
2025-03-03 00:00:00,1.04033,1.04233,1.03982,1.04196,17684
2025-03-03 04:00:00,1.04196,1.04233,1.04099,1.04147,14090
2025-03-03 08:00:00,1.04147,1.04292,1.03883,1.04265,26968
2025-03-03 12:00:00,1.04268,1.04765,1.04266,1.04722,32980
2025-03-03 16:00:00,1.04723,1.0504,1.04686,1.04906,36728
2025-03-03 20:00:00,1.04907,1.05045,1.04667,1.04855,29415
2025-03-04 00:00:00,1.04877,1.04964,1.04764,1.04887,15704
2025-03-04 04:00:00,1.04887,1.04903,1.0471,1.04838,19347
2025-03-04 08:00:00,1.04838,1.05274,1.0479,1.05118,36386
2025-03-04 12:00:00,1.05118,1.05601,1.05024,1.05389,37446
2025-03-04 16:00:00,1.05389,1.05488,1.04962,1.05414,49688
2025-03-04 20:00:00,1.05415,1.06277,1.05376,1.06242,35644
2025-03-05 00:00:00,1.062,1.06375,1.06084,1.06126,18827
2025-03-05 04:00:00,1.06122,1.06325,1.06019,1.06314,20482
2025-03-05 08:00:00,1.06312,1.07224,1.06242,1.07115,43508
2025-03-05 12:00:00,1.07115,1.07231,1.06765,1.07157,40741
2025-03-05 16:00:00,1.07157,1.07881,1.07137,1.07854,62928
2025-03-05 20:00:00,1.07854,1.0796999999999999,1.07638,1.079,26243
2025-03-06 00:00:00,1.07895,1.08203,1.07869,1.08151,14504
2025-03-06 04:00:00,1.08152,1.08194,1.0784,1.08101,20708
2025-03-06 08:00:00,1.08102,1.08224,1.07801,1.07999,49336
2025-03-06 12:00:00,1.07998,1.08454,1.07827,1.08262,43466
2025-03-06 16:00:00,1.08262,1.08541,1.07914,1.07973,64773
2025-03-06 20:00:00,1.07972,1.08117,1.0765500000000001,1.07852,25744
2025-03-07 00:00:00,1.07798,1.07964,1.07747,1.0789900000000001,12203
2025-03-07 04:00:00,1.07901,1.08178,1.07846,1.08132,14776
2025-03-07 08:00:00,1.08132,1.08716,1.08079,1.08618,32209
2025-03-07 12:00:00,1.08618,1.0889,1.08411,1.08453,43222
2025-03-07 16:00:00,1.08449,1.08867,1.08318,1.08434,53849
2025-03-07 20:00:00,1.08434,1.08513,1.08255,1.08361,19718
2025-03-10 00:00:00,1.08275,1.08674,1.08268,1.0864,17272
2025-03-10 04:00:00,1.0864,1.08714,1.083,1.08306,20011
2025-03-10 08:00:00,1.08304,1.08452,1.08053,1.08102,30309
2025-03-10 12:00:00,1.08101,1.0875,1.08087,1.08438,40742
2025-03-10 16:00:00,1.08441,1.08511,1.08207,1.08301,38905
2025-03-10 20:00:00,1.08301,1.08459,1.08175,1.08315,19799
2025-03-11 00:00:00,1.08324,1.08536,1.08308,1.08512,9138
2025-03-11 04:00:00,1.08513,1.08617,1.08436,1.08542,18355
2025-03-11 08:00:00,1.08542,1.09192,1.08355,1.09174,34523
2025-03-11 12:00:00,1.09172,1.0921,1.08811,1.09179,29066
2025-03-11 16:00:00,1.0918,1.0930900000000001,1.08949,1.09249,48119
2025-03-11 20:00:00,1.09249,1.09474,1.09099,1.0918,24900
2025-03-12 00:00:00,1.09181,1.09191,1.09055,1.09088,7663
2025-03-12 04:00:00,1.0909,1.09155,1.08956,1.08991,13485
2025-03-12 08:00:00,1.08987,1.0922,1.08873,1.09215,29176
2025-03-12 12:00:00,1.09216,1.09314,1.08761,1.08783,45117
2025-03-12 16:00:00,1.08783,1.0928,1.08755,1.0906,43413
2025-03-12 20:00:00,1.09059,1.09145,1.08796,1.08872,18009
2025-03-13 00:00:00,1.0889199999999999,1.08921,1.08825,1.08915,5513
2025-03-13 04:00:00,1.08918,1.08974,1.08816,1.08937,10196
2025-03-13 08:00:00,1.08937,1.08937,1.0859,1.08732,28764
2025-03-13 12:00:00,1.0873,1.08855,1.08261,1.08349,37027
2025-03-13 16:00:00,1.0835,1.08783,1.08224,1.08725,43317
2025-03-13 20:00:00,1.08724,1.08738,1.08464,1.08552,17195
2025-03-14 00:00:00,1.0848,1.08588,1.08448,1.08489,7172
2025-03-14 04:00:00,1.0849,1.08495,1.08342,1.08412,12363
2025-03-14 08:00:00,1.08412,1.08571,1.08304,1.08541,24047
2025-03-14 12:00:00,1.08541,1.09129,1.08468,1.0895,38950
2025-03-14 16:00:00,1.08949,1.0898,1.08653,1.08829,35835
2025-03-14 20:00:00,1.08827,1.08882,1.08732,1.08824,13127
2025-03-17 00:00:00,1.08789,1.08855,1.08745,1.08798,7429
2025-03-17 04:00:00,1.08797,1.08941,1.0874,1.0882,11747
2025-03-17 08:00:00,1.0882,1.08872,1.08685,1.08835,20831
2025-03-17 12:00:00,1.08839,1.09121,1.08769,1.09016,26486
2025-03-17 16:00:00,1.09016,1.09298,1.0897000000000001,1.09214,31062
2025-03-17 20:00:00,1.09211,1.09281,1.09115,1.09224,12893
2025-03-18 00:00:00,1.09207,1.09229,1.09149,1.09159,5944
2025-03-18 04:00:00,1.09159,1.09194,1.09061,1.09112,8978
2025-03-18 08:00:00,1.09112,1.09549,1.09034,1.09518,18685
2025-03-18 12:00:00,1.09518,1.09535,1.08924,1.09114,25793
2025-03-18 16:00:00,1.09113,1.094,1.08965,1.09385,33014
2025-03-18 20:00:00,1.09384,1.09517,1.09384,1.09452,13640
2025-03-19 00:00:00,1.09434,1.09463,1.09317,1.0935,5850
2025-03-19 04:00:00,1.09351,1.09451,1.0928,1.09302,7553
2025-03-19 08:00:00,1.09302,1.09365,1.0873,1.09074,23251
2025-03-19 12:00:00,1.09074,1.09178,1.08911,1.09013,22303
2025-03-19 16:00:00,1.09013,1.0904,1.08753,1.08849,25870
2025-03-19 20:00:00,1.0885,1.09135,1.08546,1.09042,32398
2025-03-20 00:00:00,1.0902,1.09167,1.09003,1.09121,7273
2025-03-20 04:00:00,1.09121,1.09175,1.09003,1.09035,12101
2025-03-20 08:00:00,1.0903100000000001,1.09036,1.0863,1.08652,19173
2025-03-20 12:00:00,1.08651,1.08687,1.08308,1.0834,29125
2025-03-20 16:00:00,1.0834,1.08525,1.08146,1.08489,29698
2025-03-20 20:00:00,1.08489,1.08593,1.0839,1.08534,9825
2025-03-21 00:00:00,1.08528,1.0859,1.08498,1.08534,6379
2025-03-21 04:00:00,1.0853,1.08559,1.08275,1.08305,11080
2025-03-21 08:00:00,1.08303,1.08457,1.082,1.08358,19845
2025-03-21 12:00:00,1.08357,1.08618,1.08246,1.0832,22654
2025-03-21 16:00:00,1.08319,1.08363,1.07967,1.08184,30277
2025-03-21 20:00:00,1.08183,1.08271,1.0805,1.08135,12637
2025-03-24 00:00:00,1.08122,1.08402,1.08112,1.08374,10750
2025-03-24 04:00:00,1.08375,1.08378,1.08168,1.08231,16815
2025-03-24 08:00:00,1.0823,1.08583,1.08181,1.08429,24072
2025-03-24 12:00:00,1.0843099999999999,1.08551,1.08214,1.08299,23605
2025-03-24 16:00:00,1.08299,1.08308,1.07816,1.07922,34229
2025-03-24 20:00:00,1.07922,1.08134,1.07841,1.08011,13111
2025-03-25 00:00:00,1.07999,1.08038,1.07938,1.08005,6394
2025-03-25 04:00:00,1.08005,1.08092,1.0794,1.08033,10932
2025-03-25 08:00:00,1.08033,1.08073,1.07768,1.07902,20675
2025-03-25 12:00:00,1.07902,1.08303,1.07874,1.08249,27763
2025-03-25 16:00:00,1.0825,1.08279,1.0796999999999999,1.08067,32405
2025-03-25 20:00:00,1.08068,1.08172,1.07883,1.07905,12777
2025-03-26 00:00:00,1.07891,1.0794,1.07834,1.07846,6136
2025-03-26 04:00:00,1.07846,1.07974,1.07779,1.07844,10649
2025-03-26 08:00:00,1.07844,1.08,1.0777700000000001,1.07995,21943
2025-03-26 12:00:00,1.07993,1.08029,1.07817,1.07841,24272
2025-03-26 16:00:00,1.07842,1.07956,1.07674,1.07874,31025
2025-03-26 20:00:00,1.07875,1.07896,1.0743800000000001,1.07516,17062
2025-03-27 00:00:00,1.0755,1.07577,1.0733,1.07554,10817
2025-03-27 04:00:00,1.07555,1.07873,1.07552,1.07806,11096
2025-03-27 08:00:00,1.07806,1.07825,1.07541,1.07761,26201
2025-03-27 12:00:00,1.07761,1.07997,1.07609,1.07868,26705
2025-03-27 16:00:00,1.07869,1.08214,1.07762,1.07992,34831
2025-03-27 20:00:00,1.07992,1.0809,1.07881,1.08017,12157
2025-03-28 00:00:00,1.0798,1.08015,1.07881,1.07951,6466
2025-03-28 04:00:00,1.07951,1.0799,1.07842,1.07884,10929
2025-03-28 08:00:00,1.07885,1.08001,1.07749,1.07785,18504
2025-03-28 12:00:00,1.07786,1.07921,1.0764,1.07888,22751
2025-03-28 16:00:00,1.07886,1.08449,1.07847,1.08214,35302
2025-03-28 20:00:00,1.08214,1.08365,1.08118,1.08308,14247
2025-03-31 00:00:00,1.08231,1.08417,1.08052,1.08414,18005
2025-03-31 04:00:00,1.08412,1.08459,1.08288,1.08344,15116
2025-03-31 08:00:00,1.08343,1.08496,1.08116,1.08276,31396
2025-03-31 12:00:00,1.08275,1.08307,1.08009,1.08035,25194
2025-03-31 16:00:00,1.08036,1.08216,1.07839,1.08116,34374
2025-03-31 20:00:00,1.08115,1.08199,1.08068,1.08174,12593
2025-04-01 00:00:00,1.08168,1.08268,1.08138,1.08251,7050
2025-04-01 04:00:00,1.0825,1.08302,1.08168,1.0824799999999999,10924
2025-04-01 08:00:00,1.0825,1.08253,1.07988,1.08178,24381
2025-04-01 12:00:00,1.08177,1.08295,1.07782,1.07873,28698
2025-04-01 16:00:00,1.07874,1.08125,1.07792,1.07996,34198
2025-04-01 20:00:00,1.07996,1.08048,1.0785,1.07953,11790
2025-04-02 00:00:00,1.07881,1.08084,1.07868,1.07902,7585
2025-04-02 04:00:00,1.07903,1.0802,1.0787,1.07925,8919
2025-04-02 08:00:00,1.07924,1.0802,1.07801,1.07974,19779
2025-04-02 12:00:00,1.07973,1.08198,1.07859,1.08194,23978
2025-04-02 16:00:00,1.08194,1.08733,1.08146,1.0852,33059
2025-04-02 20:00:00,1.0852,1.09247,1.08104,1.0843,29699
2025-04-03 00:00:00,1.08393,1.09111,1.08048,1.08911,33020
2025-04-03 04:00:00,1.08911,1.0924800000000001,1.08866,1.0907,24396
2025-04-03 08:00:00,1.09071,1.10209,1.09065,1.10089,46372
2025-04-03 12:00:00,1.1009,1.1146,1.10034,1.10816,60877
2025-04-03 16:00:00,1.10817,1.11354,1.10326,1.10389,61218
2025-04-03 20:00:00,1.10389,1.10531,1.10159,1.10525,22409
2025-04-04 00:00:00,1.10501,1.10718,1.10365,1.1060699999999999,16292
2025-04-04 04:00:00,1.10605,1.10989,1.1057,1.10875,26317
2025-04-04 08:00:00,1.10875,1.11079,1.09751,1.09965,48662
2025-04-04 12:00:00,1.09966,1.10891,1.09644,1.10195,80716
2025-04-04 16:00:00,1.10199,1.10484,1.096,1.09711,87436
2025-04-04 20:00:00,1.09711,1.09771,1.09244,1.09629,43084
2025-04-07 00:00:00,1.08857,1.10015,1.08788,1.09671,58368
2025-04-07 04:00:00,1.09671,1.09874,1.0919699999999999,1.09847,46088
2025-04-07 08:00:00,1.09848,1.10501,1.0968,1.0992,75332
2025-04-07 12:00:00,1.09915,1.09966,1.09354,1.09735,69482
2025-04-07 16:00:00,1.0973600000000001,1.09827,1.09009,1.0931899999999999,93818
2025-04-07 20:00:00,1.09322,1.09531,1.09016,1.09058,49145
2025-04-08 00:00:00,1.09024,1.09505,1.09017,1.094,24752
2025-04-08 04:00:00,1.09398,1.09807,1.09379,1.09762,32207
2025-04-08 08:00:00,1.09761,1.09921,1.09213,1.09368,52821
2025-04-08 12:00:00,1.09367,1.09688,1.09111,1.09483,51959
2025-04-08 16:00:00,1.09482,1.09561,1.08881,1.09299,66393
2025-04-08 20:00:00,1.09299,1.09781,1.0926,1.09548,43327
2025-04-09 00:00:00,1.0948,1.10168,1.0946,1.1014599999999999,25612
2025-04-09 04:00:00,1.10147,1.10692,1.10094,1.10682,52497
2025-04-09 08:00:00,1.10681,1.10898,1.09978,1.10273,81479
2025-04-09 12:00:00,1.10273,1.10953,1.10091,1.10754,71897
2025-04-09 16:00:00,1.10755,1.10821,1.10135,1.10203,59597
2025-04-09 20:00:00,1.10204,1.10641,1.09132,1.09496,84909
2025-04-10 00:00:00,1.09452,1.09868,1.09429,1.09862,27043
2025-04-10 04:00:00,1.09861,1.09895,1.09612,1.09825,31559
2025-04-10 08:00:00,1.09824,1.10481,1.09629,1.10373,56833
2025-04-10 12:00:00,1.10373,1.11323,1.10335,1.10972,59289
2025-04-10 16:00:00,1.10976,1.12292,1.10907,1.11967,77494
2025-04-10 20:00:00,1.11966,1.12415,1.11586,1.12022,45473
2025-04-11 00:00:00,1.1189,1.13859,1.11821,1.13105,42368
2025-04-11 04:00:00,1.13105,1.13545,1.12761,1.13227,47944
2025-04-11 08:00:00,1.13226,1.1474199999999999,1.12463,1.1427100000000001,77883
2025-04-11 12:00:00,1.1427100000000001,1.14272,1.1320000000000001,1.13952,70816
2025-04-11 16:00:00,1.13952,1.1412200000000001,1.12764,1.13056,82700
2025-04-11 20:00:00,1.13056,1.1354,1.12822,1.13516,34325
2025-04-14 00:00:00,1.13123,1.13709,1.13123,1.13658,28296
2025-04-14 04:00:00,1.13659,1.1409,1.1357599999999999,1.13674,31418
2025-04-14 08:00:00,1.13674,1.14249,1.13529,1.13875,49150
2025-04-14 12:00:00,1.13874,1.14078,1.13346,1.13391,43584
2025-04-14 16:00:00,1.13392,1.13819,1.12957,1.1331,54256
2025-04-14 20:00:00,1.13309,1.137,1.13282,1.13512,22552
2025-04-15 00:00:00,1.13429,1.13617,1.13171,1.13286,14314
2025-04-15 04:00:00,1.13285,1.13635,1.13157,1.13567,18750
2025-04-15 08:00:00,1.13567,1.13791,1.13206,1.1347,40078
2025-04-15 12:00:00,1.1347,1.13564,1.13086,1.13129,40336
2025-04-15 16:00:00,1.13126,1.1329799999999999,1.12638,1.12742,51387
2025-04-15 20:00:00,1.12742,1.12901,1.12662,1.1283,16756
2025-04-16 00:00:00,1.12799,1.1322,1.12784,1.13172,16518
2025-04-16 04:00:00,1.13172,1.13481,1.13162,1.13459,21495
2025-04-16 08:00:00,1.13464,1.13926,1.13384,1.13697,45523
2025-04-16 12:00:00,1.13697,1.13781,1.13401,1.13513,46247
2025-04-16 16:00:00,1.13513,1.13873,1.13495,1.1374900000000001,45461
2025-04-16 20:00:00,1.13747,1.14129,1.13593,1.13975,31850
2025-04-17 00:00:00,1.13964,1.14095,1.13649,1.13683,16300
2025-04-17 04:00:00,1.13683,1.1381999999999999,1.13552,1.13624,21235
2025-04-17 08:00:00,1.13625,1.13888,1.13431,1.1378300000000001,36739
2025-04-17 12:00:00,1.13782,1.13811,1.13352,1.13568,41903
2025-04-17 16:00:00,1.13568,1.1386,1.13384,1.13509,50842
2025-04-17 20:00:00,1.13509,1.13769,1.13408,1.13657,18613
2025-04-18 00:00:00,1.13559,1.13868,1.13557,1.13743,20643
2025-04-18 04:00:00,1.13743,1.1379299999999999,1.13668,1.1369,52397
2025-04-18 08:00:00,1.1369,1.13762,1.13486,1.13708,66419
2025-04-18 12:00:00,1.13708,1.13868,1.13658,1.13814,64778
2025-04-18 16:00:00,1.13814,1.1398,1.13745,1.13937,39126
2025-04-18 20:00:00,1.13937,1.13967,1.13863,1.13933,14127
2025-04-21 00:00:00,1.13957,1.1486399999999999,1.13864,1.14664,36825
2025-04-21 04:00:00,1.14664,1.15323,1.14649,1.15177,42538
2025-04-21 08:00:00,1.15178,1.1568,1.15046,1.1558,33151
2025-04-21 12:00:00,1.1558,1.15734,1.15129,1.15424,32021
2025-04-21 16:00:00,1.15423,1.15431,1.14815,1.1509800000000001,36424
2025-04-21 20:00:00,1.1509800000000001,1.15272,1.14935,1.15123,15398
2025-04-22 00:00:00,1.15072,1.15256,1.14819,1.14908,16094
2025-04-22 04:00:00,1.14908,1.15405,1.1485400000000001,1.15305,24224
2025-04-22 08:00:00,1.15305,1.15476,1.14833,1.15,47679
2025-04-22 12:00:00,1.15001,1.1508,1.14609,1.14706,39717
2025-04-22 16:00:00,1.14706,1.14923,1.1433200000000001,1.1434199999999999,44144
2025-04-22 20:00:00,1.1434199999999999,1.14542,1.14174,1.14195,20035
2025-04-23 00:00:00,1.14221,1.14262,1.13077,1.13977,37113
2025-04-23 04:00:00,1.13977,1.14151,1.13707,1.13898,28442
2025-04-23 08:00:00,1.13899,1.14153,1.1371,1.14127,43169
2025-04-23 12:00:00,1.14127,1.14402,1.1386,1.14051,33661
2025-04-23 16:00:00,1.14052,1.14127,1.13278,1.13401,70957
2025-04-23 20:00:00,1.13401,1.1344400000000001,1.13107,1.13136,20563
2025-04-24 00:00:00,1.13157,1.13469,1.13117,1.13439,18548
2025-04-24 04:00:00,1.13439,1.13578,1.13325,1.1339,20288
2025-04-24 08:00:00,1.13389,1.13929,1.13305,1.13803,34148
2025-04-24 12:00:00,1.13803,1.13949,1.1358,1.13768,31672
2025-04-24 16:00:00,1.13768,1.13876,1.1347800000000001,1.13796,37741
2025-04-24 20:00:00,1.13797,1.13982,1.13636,1.13936,14429
2025-04-25 00:00:00,1.1383,1.13918,1.13466,1.13475,13779
2025-04-25 04:00:00,1.13475,1.13593,1.13155,1.13353,22647
2025-04-25 08:00:00,1.13352,1.13683,1.13215,1.13503,33467
2025-04-25 12:00:00,1.13503,1.13669,1.13342,1.13526,31178
2025-04-25 16:00:00,1.13522,1.1389,1.13327,1.13689,37306
2025-04-25 20:00:00,1.13692,1.13829,1.1356600000000001,1.13605,14095
2025-04-28 00:00:00,1.13603,1.13652,1.134,1.13636,12869
2025-04-28 04:00:00,1.13636,1.13728,1.1343,1.13725,15890
2025-04-28 08:00:00,1.13726,1.13811,1.1329500000000001,1.13439,29078
2025-04-28 12:00:00,1.13438,1.13731,1.13408,1.13509,25552
2025-04-28 16:00:00,1.13509,1.14225,1.1339299999999999,1.14113,39961
2025-04-28 20:00:00,1.14113,1.14251,1.14001,1.14237,16045
2025-04-29 00:00:00,1.142,1.14223,1.13992,1.14001,10181
2025-04-29 04:00:00,1.13996,1.14201,1.13739,1.1378300000000001,19416
2025-04-29 08:00:00,1.13784,1.14124,1.1375899999999999,1.1385,32805
2025-04-29 12:00:00,1.1385,1.14146,1.13699,1.14103,29611
2025-04-29 16:00:00,1.14102,1.14191,1.13789,1.14035,42082
2025-04-29 20:00:00,1.14035,1.1405,1.13758,1.1385399999999999,15893
2025-04-30 00:00:00,1.13781,1.1396,1.1374900000000001,1.13828,12436
2025-04-30 04:00:00,1.13824,1.13867,1.1354899999999999,1.13735,16180
2025-04-30 08:00:00,1.13734,1.13998,1.13621,1.13719,28276
2025-04-30 12:00:00,1.13719,1.1389,1.13558,1.13733,31802
2025-04-30 16:00:00,1.13733,1.1379299999999999,1.13233,1.13557,47344
2025-04-30 20:00:00,1.13558,1.1365,1.1317,1.13246,19219
2025-05-01 00:00:00,1.13276,1.13316,1.13188,1.13217,10160
2025-05-01 04:00:00,1.13217,1.13226,1.12996,1.13025,15673
2025-05-01 08:00:00,1.1303,1.13312,1.12874,1.1320000000000001,27261
2025-05-01 12:00:00,1.13199,1.13413,1.1308,1.1315,28086
2025-05-01 16:00:00,1.13148,1.13279,1.12659,1.12906,36787
2025-05-01 20:00:00,1.1290499999999999,1.12943,1.1274899999999999,1.1293199999999999,14590
2025-05-02 00:00:00,1.1285,1.12996,1.12742,1.12821,12402
2025-05-02 04:00:00,1.12823,1.13153,1.12785,1.1304400000000001,17756
2025-05-02 08:00:00,1.1304400000000001,1.1338,1.13023,1.13317,29864
2025-05-02 12:00:00,1.13317,1.13553,1.13025,1.13186,38738
2025-05-02 16:00:00,1.13186,1.13814,1.13145,1.13201,50488
2025-05-02 20:00:00,1.13202,1.13205,1.12912,1.12992,16350
2025-05-05 00:00:00,1.1298300000000001,1.13279,1.1289500000000001,1.13227,13373
2025-05-05 04:00:00,1.13228,1.13469,1.13226,1.13372,19751
2025-05-05 08:00:00,1.13376,1.13475,1.13114,1.13262,30602
2025-05-05 12:00:00,1.13263,1.13636,1.13262,1.13601,29697
2025-05-05 16:00:00,1.13601,1.13651,1.12991,1.13024,33201
2025-05-05 20:00:00,1.13023,1.1320999999999999,1.12969,1.13136,11827
2025-05-06 00:00:00,1.13137,1.1320000000000001,1.12808,1.1286,8123
2025-05-06 04:00:00,1.1286,1.13277,1.12798,1.13247,18236
2025-05-06 08:00:00,1.13247,1.13497,1.13134,1.13275,31328
2025-05-06 12:00:00,1.13273,1.1344,1.13052,1.13402,30190
2025-05-06 16:00:00,1.13402,1.13699,1.13262,1.1349,35113
2025-05-06 20:00:00,1.13492,1.13812,1.13491,1.1373199999999999,13524
2025-05-07 00:00:00,1.1364,1.1373,1.13251,1.13408,22324
2025-05-07 04:00:00,1.13408,1.13519,1.13262,1.13435,20930
2025-05-07 08:00:00,1.13435,1.13785,1.13428,1.13577,29413
2025-05-07 12:00:00,1.1357599999999999,1.1373,1.13471,1.13594,24685
2025-05-07 16:00:00,1.13593,1.13712,1.13368,1.13487,27352
2025-05-07 20:00:00,1.1348799999999999,1.13654,1.12914,1.13022,36075
2025-05-08 00:00:00,1.1303,1.13228,1.12999,1.131,10446
2025-05-08 04:00:00,1.131,1.13365,1.13081,1.13182,19318
2025-05-08 08:00:00,1.13182,1.13187,1.12701,1.12877,32891
2025-05-08 12:00:00,1.12877,1.13203,1.12752,1.12999,30876
2025-05-08 16:00:00,1.12999,1.13167,1.12204,1.12259,48052
2025-05-08 20:00:00,1.12259,1.12308,1.12118,1.12297,15745
2025-05-09 00:00:00,1.12228,1.12335,1.12134,1.12271,8617
2025-05-09 04:00:00,1.1227,1.123,1.11965,1.1227800000000001,18618
2025-05-09 08:00:00,1.12277,1.12594,1.12182,1.12567,23996
2025-05-09 12:00:00,1.12567,1.12604,1.12422,1.12538,22999
2025-05-09 16:00:00,1.12538,1.1293199999999999,1.1253,1.12583,28453
2025-05-09 20:00:00,1.12588,1.12665,1.1247,1.12483,9290
2025-05-12 00:00:00,1.11987,1.12392,1.11928,1.12386,15576
2025-05-12 04:00:00,1.12386,1.12428,1.12225,1.12274,16722
2025-05-12 08:00:00,1.12275,1.1236,1.10819,1.11375,64982
2025-05-12 12:00:00,1.11375,1.11421,1.10719,1.11137,51853
2025-05-12 16:00:00,1.11137,1.11348,1.10836,1.10844,40327
2025-05-12 20:00:00,1.10845,1.10967,1.10653,1.10876,14883
2025-05-13 00:00:00,1.10896,1.11066,1.10843,1.11042,9821
2025-05-13 04:00:00,1.11042,1.11172,1.1099,1.11166,15951
2025-05-13 08:00:00,1.11166,1.11248,1.11014,1.11117,29009
2025-05-13 12:00:00,1.1112,1.11315,1.1097,1.11308,26430
2025-05-13 16:00:00,1.11309,1.11832,1.11273,1.11762,40409
2025-05-13 20:00:00,1.11763,1.1195,1.11675,1.11876,11703
2025-05-14 00:00:00,1.11857,1.11975,1.11809,1.1192,9664
2025-05-14 04:00:00,1.1192,1.1201,1.11829,1.11891,21085
2025-05-14 08:00:00,1.11889,1.12524,1.1179999999999999,1.12385,36347
2025-05-14 12:00:00,1.12385,1.1266,1.12092,1.12251,35881
2025-05-14 16:00:00,1.12252,1.1235,1.11757,1.11889,40657
2025-05-14 20:00:00,1.11889,1.11972,1.11644,1.11734,15081
2025-05-15 00:00:00,1.11769,1.11946,1.1172,1.11914,9021
2025-05-15 04:00:00,1.11915,1.1201699999999999,1.11887,1.11927,14594
2025-05-15 08:00:00,1.11928,1.12284,1.11854,1.12098,28796
2025-05-15 12:00:00,1.12098,1.12141,1.11792,1.12097,28042
2025-05-15 16:00:00,1.12097,1.12239,1.11724,1.11806,35871
2025-05-15 20:00:00,1.11806,1.11892,1.11701,1.11862,11669
2025-05-16 00:00:00,1.11854,1.12084,1.11781,1.12047,10536
2025-05-16 04:00:00,1.12047,1.12089,1.11962,1.1203,15357
2025-05-16 08:00:00,1.1203,1.12199,1.1197,1.11989,23485
2025-05-16 12:00:00,1.11988,1.12091,1.1188,1.1197,23028
2025-05-16 16:00:00,1.1197,1.12061,1.11309,1.11447,38020
2025-05-16 20:00:00,1.11448,1.11626,1.11394,1.11608,12872
2025-05-19 00:00:00,1.11772,1.11987,1.11681,1.1197300000000001,13103
2025-05-19 04:00:00,1.11974,1.11991,1.11725,1.11839,16281
2025-05-19 08:00:00,1.11839,1.12595,1.11762,1.1257,31362
2025-05-19 12:00:00,1.12573,1.12884,1.12547,1.12568,33964
2025-05-19 16:00:00,1.12569,1.12655,1.12292,1.12353,34239
2025-05-19 20:00:00,1.12354,1.12451,1.1224,1.12431,18754
2025-05-20 00:00:00,1.12358,1.12439,1.1218,1.12277,7788
2025-05-20 04:00:00,1.12277,1.12517,1.12259,1.12425,17543
2025-05-20 08:00:00,1.12425,1.12781,1.1242,1.12581,31171
2025-05-20 12:00:00,1.12581,1.12673,1.12235,1.12341,23923
2025-05-20 16:00:00,1.12341,1.127,1.12246,1.12564,30932
2025-05-20 20:00:00,1.12569,1.12853,1.12546,1.12841,11590
2025-05-21 00:00:00,1.12832,1.13013,1.12775,1.1295600000000001,9416
2025-05-21 04:00:00,1.1295600000000001,1.13401,1.12867,1.13288,18157
2025-05-21 08:00:00,1.13288,1.13533,1.13121,1.13228,32151
2025-05-21 12:00:00,1.13229,1.13623,1.13147,1.13349,31105
2025-05-21 16:00:00,1.13349,1.13544,1.1323,1.13407,32705
2025-05-21 20:00:00,1.13406,1.13631,1.13155,1.13303,21732
2025-05-22 00:00:00,1.13219,1.13438,1.13109,1.13276,15721
2025-05-22 04:00:00,1.13275,1.13453,1.1317599999999999,1.13334,20382
2025-05-22 08:00:00,1.13334,1.13422,1.1295,1.13018,36476
2025-05-22 12:00:00,1.13016,1.13152,1.12847,1.12952,31282
2025-05-22 16:00:00,1.12953,1.1309,1.12658,1.12696,37261
2025-05-22 20:00:00,1.12698,1.1286,1.12557,1.12808,14150
2025-05-23 00:00:00,1.1279,1.13002,1.12763,1.12973,9341
2025-05-23 04:00:00,1.12973,1.13211,1.1295,1.13177,12787
2025-05-23 08:00:00,1.13177,1.13449,1.1308,1.13418,23301
2025-05-23 12:00:00,1.1341700000000001,1.13758,1.12973,1.13338,50294
2025-05-23 16:00:00,1.13338,1.1360000000000001,1.13108,1.13581,35917
2025-05-23 20:00:00,1.1358,1.13696,1.1351499999999999,1.13646,12536
2025-05-26 00:00:00,1.13636,1.13979,1.13592,1.13971,20107
2025-05-26 04:00:00,1.13971,1.14193,1.1388099999999999,1.14096,20315
2025-05-26 08:00:00,1.14095,1.14187,1.13828,1.13849,26309
2025-05-26 12:00:00,1.13849,1.13872,1.1368800000000001,1.13753,16746
2025-05-26 16:00:00,1.13753,1.13857,1.13731,1.13836,14868
2025-05-26 20:00:00,1.13836,1.13884,1.13779,1.13872,4052
2025-05-27 00:00:00,1.13809,1.14032,1.13767,1.13999,8936
2025-05-27 04:00:00,1.1400299999999999,1.14075,1.13776,1.13782,14236
2025-05-27 08:00:00,1.1378300000000001,1.13931,1.13371,1.13484,31471
2025-05-27 12:00:00,1.13483,1.13681,1.13405,1.13668,25132
2025-05-27 16:00:00,1.13668,1.13757,1.13231,1.13319,31446
2025-05-27 20:00:00,1.1332,1.13391,1.1326,1.13294,12367
2025-05-28 00:00:00,1.13253,1.1346,1.13224,1.13343,7828
2025-05-28 04:00:00,1.13342,1.13392,1.13006,1.1306,19030
2025-05-28 08:00:00,1.13061,1.13346,1.12954,1.13324,23851
2025-05-28 12:00:00,1.13323,1.1341,1.13074,1.13109,24871
2025-05-28 16:00:00,1.13107,1.1325,1.12837,1.12942,35089
2025-05-28 20:00:00,1.12942,1.1301,1.12842,1.12931,14701
2025-05-29 00:00:00,1.12915,1.12975,1.12102,1.12349,26264
2025-05-29 04:00:00,1.12349,1.12573,1.12236,1.12476,21619
2025-05-29 08:00:00,1.12477,1.1283,1.12309,1.12717,28652
2025-05-29 12:00:00,1.12717,1.13501,1.12679,1.13493,30150
2025-05-29 16:00:00,1.13494,1.13801,1.13391,1.13711,36333
2025-05-29 20:00:00,1.13712,1.13847,1.13608,1.13691,13236
2025-05-30 00:00:00,1.13667,1.13851,1.13643,1.13723,13469
2025-05-30 04:00:00,1.13724,1.13902,1.13455,1.13461,19783
2025-05-30 08:00:00,1.13457,1.13547,1.13232,1.1323699999999999,26374
2025-05-30 12:00:00,1.13233,1.13585,1.13229,1.13464,28320
2025-05-30 16:00:00,1.13464,1.13587,1.13128,1.13507,42618
2025-05-30 20:00:00,1.13507,1.13673,1.13429,1.13476,15436
2025-06-02 00:00:00,1.13436,1.1375,1.13431,1.13684,14381
2025-06-02 04:00:00,1.13684,1.13824,1.13543,1.13652,15269
2025-06-02 08:00:00,1.13652,1.14369,1.13636,1.14201,25696
2025-06-02 12:00:00,1.14201,1.14372,1.1409,1.14186,27034
2025-06-02 16:00:00,1.14186,1.14501,1.1404,1.14189,35022
2025-06-02 20:00:00,1.14189,1.14466,1.14162,1.1442700000000001,14026
2025-06-03 00:00:00,1.14387,1.1454900000000001,1.14343,1.14436,8146
2025-06-03 04:00:00,1.14435,1.14435,1.1416,1.14252,15351
2025-06-03 08:00:00,1.14252,1.14326,1.14053,1.14107,23632
2025-06-03 12:00:00,1.14108,1.14184,1.1377,1.13822,25305
2025-06-03 16:00:00,1.13822,1.13953,1.13639,1.13728,32335
2025-06-03 20:00:00,1.13731,1.13819,1.13676,1.13716,10321
2025-06-04 00:00:00,1.13717,1.13893,1.13683,1.13825,9692
2025-06-04 04:00:00,1.13824,1.13934,1.13646,1.13669,17011
2025-06-04 08:00:00,1.1367,1.14042,1.1357,1.13993,26212
2025-06-04 12:00:00,1.13989,1.14113,1.13745,1.1409799999999999,27148
2025-06-04 16:00:00,1.1409799999999999,1.14347,1.13928,1.1433200000000001,38092
2025-06-04 20:00:00,1.1433200000000001,1.14338,1.14101,1.14207,13312
2025-06-05 00:00:00,1.14155,1.14296,1.14124,1.14289,10520
2025-06-05 04:00:00,1.14289,1.14351,1.14078,1.14106,15652
2025-06-05 08:00:00,1.14106,1.14254,1.14044,1.14127,24169
2025-06-05 12:00:00,1.14126,1.14487,1.14095,1.14294,31622
2025-06-05 16:00:00,1.14298,1.1495199999999999,1.1418300000000001,1.14481,47898
2025-06-05 20:00:00,1.14481,1.14486,1.1431,1.14441,16797
2025-06-06 00:00:00,1.14398,1.1457600000000001,1.14383,1.145,9014
2025-06-06 04:00:00,1.145,1.14527,1.1433,1.14396,11513
2025-06-06 08:00:00,1.14396,1.1442700000000001,1.14115,1.14147,21460
2025-06-06 12:00:00,1.14146,1.14314,1.13832,1.13967,30817
2025-06-06 16:00:00,1.1396600000000001,1.14166,1.13715,1.1387,41656
2025-06-06 20:00:00,1.1387,1.14022,1.13845,1.1393,13177
2025-06-09 00:00:00,1.13932,1.14114,1.13887,1.13939,7265
2025-06-09 04:00:00,1.1394199999999999,1.14254,1.13941,1.14184,10162
2025-06-09 08:00:00,1.14184,1.14363,1.14121,1.14283,15903
2025-06-09 12:00:00,1.14284,1.1439300000000001,1.13946,1.1400299999999999,22758
2025-06-09 16:00:00,1.1400299999999999,1.14258,1.13865,1.14245,23307
2025-06-09 20:00:00,1.14246,1.14311,1.14163,1.14188,8070
2025-06-10 00:00:00,1.14213,1.1436,1.14133,1.1424400000000001,9695
2025-06-10 04:00:00,1.14245,1.14284,1.13861,1.13997,16388
2025-06-10 08:00:00,1.13997,1.14148,1.13727,1.14081,31765
2025-06-10 12:00:00,1.14079,1.14408,1.14034,1.1432,25657
2025-06-10 16:00:00,1.1432,1.14479,1.14157,1.14238,30458
2025-06-10 20:00:00,1.14233,1.14365,1.14164,1.14253,15843
2025-06-11 00:00:00,1.1424400000000001,1.14397,1.1414900000000001,1.14213,17757
2025-06-11 04:00:00,1.14212,1.14272,1.14063,1.1415899999999999,15470
2025-06-11 08:00:00,1.1415899999999999,1.14389,1.14053,1.14307,20475
2025-06-11 12:00:00,1.14307,1.14895,1.14204,1.14609,29442
2025-06-11 16:00:00,1.14609,1.14967,1.1453,1.14894,31904
2025-06-11 20:00:00,1.14895,1.14998,1.14791,1.14877,15681
2025-06-12 00:00:00,1.14848,1.15269,1.14816,1.15216,13293
2025-06-12 04:00:00,1.15216,1.15294,1.15064,1.15151,17944
2025-06-12 08:00:00,1.1515,1.15478,1.15054,1.15444,28187
2025-06-12 12:00:00,1.15443,1.16322,1.154,1.16097,40562
2025-06-12 16:00:00,1.16096,1.16174,1.15668,1.15759,37460
2025-06-12 20:00:00,1.15758,1.15879,1.15636,1.15862,12258
2025-06-13 00:00:00,1.1583,1.16149,1.15394,1.15591,24060
2025-06-13 04:00:00,1.15591,1.156,1.1514,1.1525,39597
2025-06-13 08:00:00,1.1525,1.15606,1.15117,1.15284,38351
2025-06-13 12:00:00,1.1528100000000001,1.15361,1.14889,1.15162,37858
2025-06-13 16:00:00,1.1515900000000001,1.15697,1.15012,1.15547,33240
2025-06-13 20:00:00,1.15547,1.15557,1.15332,1.1548,19076
2025-06-16 00:00:00,1.15299,1.15476,1.15253,1.1535,30756
2025-06-16 04:00:00,1.15345,1.15441,1.15236,1.15361,27571
2025-06-16 08:00:00,1.15361,1.15869,1.15357,1.15787,32712
2025-06-16 12:00:00,1.15786,1.15862,1.15696,1.15842,25343
2025-06-16 16:00:00,1.15842,1.16148,1.15781,1.1583700000000001,32968
2025-06-16 20:00:00,1.15838,1.15851,1.15544,1.15618,13640
2025-06-17 00:00:00,1.15563,1.15664,1.15424,1.15497,16014
2025-06-17 04:00:00,1.1549800000000001,1.15675,1.15455,1.15609,22336
2025-06-17 08:00:00,1.15609,1.15726,1.15452,1.15517,27162
2025-06-17 12:00:00,1.15515,1.1581,1.15476,1.15501,28678
2025-06-17 16:00:00,1.15502,1.15697,1.14983,1.15026,35729
2025-06-17 20:00:00,1.15027,1.15086,1.14747,1.14842,21228
2025-06-18 00:00:00,1.14782,1.14971,1.14744,1.14927,12880
2025-06-18 04:00:00,1.14926,1.15082,1.14895,1.15054,21943
2025-06-18 08:00:00,1.15054,1.15237,1.14982,1.15024,24099
2025-06-18 12:00:00,1.15024,1.1517,1.14917,1.15058,24426
2025-06-18 16:00:00,1.15057,1.15306,1.1484,1.1503,34538
2025-06-18 20:00:00,1.15029,1.15293,1.14607,1.14801,47964
2025-06-19 00:00:00,1.14731,1.14892,1.14709,1.14812,22052
2025-06-19 04:00:00,1.14809,1.14824,1.14503,1.1469,34668
2025-06-19 08:00:00,1.1469,1.14794,1.14461,1.14764,34121
2025-06-19 12:00:00,1.14764,1.14876,1.14675,1.14774,28636
2025-06-19 16:00:00,1.14773,1.14848,1.14545,1.14567,22822
2025-06-19 20:00:00,1.14566,1.15,1.14554,1.14992,9724
2025-06-20 00:00:00,1.14905,1.15241,1.1489,1.15226,19467
2025-06-20 04:00:00,1.15225,1.15327,1.15109,1.15268,32257
2025-06-20 08:00:00,1.15268,1.15298,1.151,1.15224,31168
2025-06-20 12:00:00,1.15222,1.15351,1.15054,1.15131,26776
2025-06-20 16:00:00,1.15131,1.15374,1.1495,1.15362,36070
2025-06-20 20:00:00,1.15362,1.1544,1.15138,1.15224,20872
2025-06-23 00:00:00,1.14571,1.15076,1.14567,1.1489099999999999,22681
2025-06-23 04:00:00,1.1489099999999999,1.15069,1.14722,1.14909,25826
2025-06-23 08:00:00,1.1491,1.15214,1.14801,1.14816,40115
2025-06-23 12:00:00,1.14815,1.14831,1.14535,1.14675,36868
2025-06-23 16:00:00,1.14674,1.15578,1.14643,1.15451,51142
2025-06-23 20:00:00,1.15452,1.15818,1.15405,1.15783,26425
2025-06-24 00:00:00,1.15763,1.1609,1.15697,1.15991,18369
2025-06-24 04:00:00,1.15991,1.16144,1.1586400000000001,1.1606,21260
2025-06-24 08:00:00,1.1606,1.16226,1.158,1.15927,36982
2025-06-24 12:00:00,1.15924,1.16182,1.15919,1.16008,29254
2025-06-24 16:00:00,1.16008,1.16421,1.15819,1.16238,41508
2025-06-24 20:00:00,1.16237,1.16328,1.16068,1.16106,14540
2025-06-25 00:00:00,1.16075,1.1627,1.16016,1.1625,9005
2025-06-25 04:00:00,1.1625,1.16318,1.1611,1.16136,15666
2025-06-25 08:00:00,1.16136,1.16228,1.15903,1.16102,23239
2025-06-25 12:00:00,1.16102,1.16136,1.159,1.15927,23477
2025-06-25 16:00:00,1.15931,1.16361,1.15902,1.16307,26917
2025-06-25 20:00:00,1.16309,1.16655,1.16269,1.16564,12387
2025-06-26 00:00:00,1.16554,1.16891,1.16516,1.16825,9599
2025-06-26 04:00:00,1.16825,1.17178,1.1667399999999999,1.16797,16286
2025-06-26 08:00:00,1.16795,1.17456,1.16716,1.17276,30318
2025-06-26 12:00:00,1.17275,1.17311,1.16898,1.17069,30018
2025-06-26 16:00:00,1.17072,1.17404,1.16901,1.17292,36529
2025-06-26 20:00:00,1.17292,1.17324,1.16943,1.17004,14527
2025-06-27 00:00:00,1.16974,1.17084,1.168,1.16917,12039
2025-06-27 04:00:00,1.16917,1.17097,1.16848,1.16851,16581
2025-06-27 08:00:00,1.16849,1.17272,1.16833,1.17093,22630
2025-06-27 12:00:00,1.17092,1.17498,1.17011,1.17468,25213
2025-06-27 16:00:00,1.17469,1.17543,1.17053,1.17225,33778
2025-06-27 20:00:00,1.17226,1.17244,1.16877,1.17194,20088
2025-06-30 00:00:00,1.1730800000000001,1.1739,1.17157,1.17181,16877
2025-06-30 04:00:00,1.17183,1.17349,1.17116,1.17303,25705
2025-06-30 08:00:00,1.17301,1.1751,1.17134,1.17298,35979
2025-06-30 12:00:00,1.17297,1.17331,1.17077,1.17136,20418
2025-06-30 16:00:00,1.17131,1.1772,1.17106,1.17628,33551
2025-06-30 20:00:00,1.17627,1.17868,1.17604,1.17825,14775
2025-07-01 00:00:00,1.17822,1.1798,1.17699,1.17973,10930
2025-07-01 04:00:00,1.17973,1.1808,1.17778,1.17865,12255
2025-07-01 08:00:00,1.17866,1.18177,1.17675,1.1804000000000001,24166
2025-07-01 12:00:00,1.18041,1.18303,1.17967,1.18034,27253
2025-07-01 16:00:00,1.18036,1.18123,1.17611,1.17656,34263
2025-07-01 20:00:00,1.17656,1.18071,1.17653,1.18053,12891
2025-07-02 00:00:00,1.18005,1.18083,1.17947,1.1807400000000001,6676
2025-07-02 04:00:00,1.18075,1.18103,1.17882,1.17961,11719
2025-07-02 08:00:00,1.1796,1.17985,1.17698,1.17758,21087
2025-07-02 12:00:00,1.17758,1.17885,1.17465,1.17567,31143
2025-07-02 16:00:00,1.17567,1.17939,1.17506,1.17883,34186
2025-07-02 20:00:00,1.17882,1.18035,1.17881,1.17961,11265
2025-07-03 00:00:00,1.17949,1.18089,1.17875,1.18065,7034
2025-07-03 04:00:00,1.18068,1.18103,1.17877,1.17892,9822
2025-07-03 08:00:00,1.17893,1.1810100000000001,1.1786699999999999,1.1797900000000001,19233
2025-07-03 12:00:00,1.17978,1.18003,1.1717,1.17382,28559
2025-07-03 16:00:00,1.17381,1.17899,1.17337,1.17521,35089
2025-07-03 20:00:00,1.1752,1.176,1.17442,1.17569,7885
2025-07-04 00:00:00,1.17559,1.17718,1.17503,1.17672,8649
2025-07-04 04:00:00,1.17673,1.178,1.17559,1.17799,12680
2025-07-04 08:00:00,1.17799,1.17856,1.17675,1.17742,21270
2025-07-04 12:00:00,1.1774,1.17824,1.17636,1.17664,18755
2025-07-04 16:00:00,1.17664,1.17877,1.17662,1.17748,14551
2025-07-04 20:00:00,1.17743,1.1783,1.17712,1.17742,20881
2025-07-07 00:00:00,1.17822,1.17905,1.17728,1.17797,8875
2025-07-07 04:00:00,1.17797,1.17808,1.17639,1.17658,17904
2025-07-07 08:00:00,1.1766,1.1774,1.1723,1.17241,24969
2025-07-07 12:00:00,1.1724,1.17363,1.17179,1.17224,19946
2025-07-07 16:00:00,1.17222,1.17456,1.16873,1.16941,27664
2025-07-07 20:00:00,1.16941,1.1724,1.16864,1.17083,16487
2025-07-08 00:00:00,1.17071,1.17481,1.17052,1.17433,9856
2025-07-08 04:00:00,1.17432,1.17504,1.17311,1.17418,12683
2025-07-08 08:00:00,1.17417,1.17655,1.17317,1.17487,22475
2025-07-08 12:00:00,1.17486,1.17508,1.17137,1.17209,22377
2025-07-08 16:00:00,1.17208,1.17224,1.16826,1.1709,31197
2025-07-08 20:00:00,1.1709,1.17299,1.17074,1.1726,15270
2025-07-09 00:00:00,1.17177,1.17296,1.17146,1.17248,7171
2025-07-09 04:00:00,1.17248,1.17259,1.17014,1.17123,12727
2025-07-09 08:00:00,1.17123,1.17287,1.17022,1.17131,21582
2025-07-09 12:00:00,1.17131,1.172,1.16895,1.1715200000000001,21772
2025-07-09 16:00:00,1.1715200000000001,1.1724999999999999,1.17003,1.17049,23459
2025-07-09 20:00:00,1.17046,1.17234,1.17037,1.17207,9972
2025-07-10 00:00:00,1.17147,1.17498,1.17107,1.17441,8138
2025-07-10 04:00:00,1.17436,1.17448,1.17304,1.17352,8990
2025-07-10 08:00:00,1.17351,1.17436,1.17258,1.1728,16886
2025-07-10 12:00:00,1.17279,1.1734499999999999,1.17016,1.1706699999999999,17613
2025-07-10 16:00:00,1.1706699999999999,1.17148,1.16625,1.16856,29946
2025-07-10 20:00:00,1.16856,1.16995,1.16814,1.16986,9904
2025-07-11 00:00:00,1.16962,1.17075,1.16646,1.16747,12724
2025-07-11 04:00:00,1.16746,1.16861,1.16684,1.1676199999999999,15641
2025-07-11 08:00:00,1.16761,1.16961,1.16703,1.16821,21778
2025-07-11 12:00:00,1.16819,1.17013,1.16811,1.16887,22662
2025-07-11 16:00:00,1.16888,1.17142,1.16742,1.16917,29465
2025-07-11 20:00:00,1.1691799999999999,1.16961,1.16787,1.16922,12818
2025-07-14 00:00:00,1.1669,1.16942,1.16598,1.16937,13754
2025-07-14 04:00:00,1.16937,1.16978,1.1672500000000001,1.16751,11982
2025-07-14 08:00:00,1.1675,1.16891,1.16541,1.16827,19555
2025-07-14 12:00:00,1.16828,1.16974,1.16793,1.16858,18508
2025-07-14 16:00:00,1.1685699999999999,1.1696,1.16601,1.16623,24940
2025-07-14 20:00:00,1.16623,1.16732,1.1659,1.16637,9892
2025-07-15 00:00:00,1.16614,1.16775,1.1659,1.16726,11994
2025-07-15 04:00:00,1.16727,1.16803,1.16654,1.16757,9204
2025-07-15 08:00:00,1.16758,1.16927,1.16707,1.16868,19200
2025-07-15 12:00:00,1.16867,1.16913,1.16622,1.16782,21787
2025-07-15 16:00:00,1.16782,1.16794,1.1593499999999999,1.1596,36133
2025-07-15 20:00:00,1.1596,1.1605699999999999,1.15927,1.16009,10070
2025-07-16 00:00:00,1.15976,1.16136,1.15957,1.16083,5757
2025-07-16 04:00:00,1.16082,1.162,1.16059,1.16196,8625
2025-07-16 08:00:00,1.16196,1.16286,1.16125,1.16252,17055
2025-07-16 12:00:00,1.16251,1.16267,1.15885,1.15988,22385
2025-07-16 16:00:00,1.15988,1.1722,1.1562000000000001,1.16393,65905
2025-07-16 20:00:00,1.16393,1.16584,1.1620300000000001,1.16426,17079
2025-07-17 00:00:00,1.16349,1.16428,1.16171,1.16238,7663
2025-07-17 04:00:00,1.16236,1.16292,1.16133,1.16245,10410
2025-07-17 08:00:00,1.16244,1.1627399999999999,1.15733,1.16017,20579
2025-07-17 12:00:00,1.16018,1.16048,1.15563,1.15875,17794
2025-07-17 16:00:00,1.1587399999999999,1.16028,1.15779,1.15861,24231
2025-07-17 20:00:00,1.15859,1.16004,1.15798,1.15961,10032
2025-07-18 00:00:00,1.15938,1.16278,1.15893,1.16244,8542
2025-07-18 04:00:00,1.16245,1.16342,1.1617899999999999,1.16191,9660
2025-07-18 08:00:00,1.16188,1.1646,1.1611799999999999,1.16353,16273
2025-07-18 12:00:00,1.16353,1.16586,1.16319,1.16564,19716
2025-07-18 16:00:00,1.16561,1.16719,1.16263,1.16288,26861
2025-07-18 20:00:00,1.16288,1.163,1.1617,1.16223,10576
2025-07-21 00:00:00,1.16236,1.16366,1.16186,1.16192,20837
2025-07-21 04:00:00,1.16188,1.16302,1.16143,1.16295,13789
2025-07-21 08:00:00,1.16294,1.16524,1.16276,1.16424,18574
2025-07-21 12:00:00,1.16425,1.16736,1.1633499999999999,1.16649,19953
2025-07-21 16:00:00,1.16649,1.17169,1.16577,1.17,24025
2025-07-21 20:00:00,1.16999,1.17018,1.16859,1.16931,11066
2025-07-22 00:00:00,1.16889,1.16961,1.16833,1.16887,6052
2025-07-22 04:00:00,1.16887,1.16959,1.16824,1.16881,6788
2025-07-22 08:00:00,1.16882,1.17036,1.16816,1.16987,15411
2025-07-22 12:00:00,1.16986,1.17096,1.16829,1.1690800000000001,17602
2025-07-22 16:00:00,1.1690800000000001,1.17607,1.16788,1.17545,30869
2025-07-22 20:00:00,1.17546,1.17553,1.17418,1.17524,8716
2025-07-23 00:00:00,1.17527,1.1756199999999999,1.1733500000000001,1.17474,8918
2025-07-23 04:00:00,1.17474,1.1749,1.17305,1.17347,12605
2025-07-23 08:00:00,1.17347,1.17531,1.1727,1.17329,19874
2025-07-23 12:00:00,1.17329,1.17397,1.172,1.17249,18632
2025-07-23 16:00:00,1.1724700000000001,1.1761,1.1711,1.17514,31345
2025-07-23 20:00:00,1.17514,1.17755,1.17454,1.17706,15792
2025-07-24 00:00:00,1.17675,1.17789,1.17621,1.17669,6573
2025-07-24 04:00:00,1.1767,1.17802,1.17668,1.17744,10561
2025-07-24 08:00:00,1.17743,1.17784,1.1755,1.17582,19235
2025-07-24 12:00:00,1.17583,1.17595,1.17319,1.17364,19282
2025-07-24 16:00:00,1.17364,1.1789100000000001,1.17304,1.17627,34582
2025-07-24 20:00:00,1.17627,1.17782,1.17452,1.17473,11372
2025-07-25 00:00:00,1.1741,1.1758899999999999,1.17362,1.17546,6758
2025-07-25 04:00:00,1.17546,1.17587,1.17337,1.17399,10646
2025-07-25 08:00:00,1.17399,1.17611,1.17371,1.17434,22321
2025-07-25 12:00:00,1.17434,1.17437,1.17111,1.1718,19172
2025-07-25 16:00:00,1.17183,1.17388,1.1703000000000001,1.17287,32083
2025-07-25 20:00:00,1.17286,1.17472,1.17283,1.17395,11788
2025-07-28 00:00:00,1.17512,1.17707,1.1751,1.1764000000000001,11526
2025-07-28 04:00:00,1.17641,1.177,1.17456,1.17475,12542
2025-07-28 08:00:00,1.17471,1.17479,1.16704,1.16789,24962
2025-07-28 12:00:00,1.16788,1.16845,1.16434,1.16578,28267
2025-07-28 16:00:00,1.1657899999999999,1.16624,1.15983,1.1599,27522
2025-07-28 20:00:00,1.15989,1.16018,1.15852,1.15883,10979
2025-07-29 00:00:00,1.15881,1.15978,1.15844,1.1585,5392
2025-07-29 04:00:00,1.15849,1.15993,1.15745,1.1589,10763
2025-07-29 08:00:00,1.15883,1.15903,1.15265,1.15689,27130
2025-07-29 12:00:00,1.1569,1.15888,1.15245,1.15245,24700
2025-07-29 16:00:00,1.15245,1.15516,1.15188,1.15412,32840
2025-07-29 20:00:00,1.15417,1.15608,1.15374,1.15456,13765
2025-07-30 00:00:00,1.15457,1.15679,1.15434,1.15674,6777
2025-07-30 04:00:00,1.15675,1.15725,1.15503,1.15514,9956
2025-07-30 08:00:00,1.15514,1.15688,1.154,1.15565,18829
2025-07-30 12:00:00,1.15565,1.15608,1.14689,1.1473200000000001,25701
2025-07-30 16:00:00,1.1473200000000001,1.14856,1.14578,1.14737,28936
2025-07-30 20:00:00,1.14739,1.15033,1.14021,1.14059,35345
2025-07-31 00:00:00,1.14052,1.14375,1.14014,1.1434,8447
2025-07-31 04:00:00,1.14341,1.14383,1.14075,1.14355,13994
2025-07-31 08:00:00,1.14355,1.1461000000000001,1.14306,1.14503,23618
2025-07-31 12:00:00,1.14503,1.14511,1.14206,1.14289,24610
2025-07-31 16:00:00,1.14289,1.14501,1.14056,1.14224,32733
2025-07-31 20:00:00,1.14225,1.14333,1.14092,1.14144,12675
2025-08-01 00:00:00,1.1415,1.14289,1.14115,1.14242,9321
2025-08-01 04:00:00,1.14242,1.14288,1.14048,1.14189,13655
2025-08-01 08:00:00,1.14189,1.14382,1.14054,1.1406399999999999,19075
2025-08-01 12:00:00,1.14063,1.1559,1.13903,1.15451,36060
2025-08-01 16:00:00,1.15454,1.15884,1.15359,1.15391,57643
2025-08-01 20:00:00,1.1539,1.15973,1.15164,1.15954,23535
2025-08-04 00:00:00,1.15918,1.15968,1.15557,1.15578,17715
2025-08-04 04:00:00,1.15577,1.15863,1.15503,1.15744,17196
2025-08-04 08:00:00,1.15744,1.15834,1.15495,1.15583,25147
2025-08-04 12:00:00,1.15583,1.15887,1.15548,1.15754,25542
2025-08-04 16:00:00,1.15754,1.15887,1.1556899999999999,1.15719,29768
2025-08-04 20:00:00,1.15719,1.15778,1.15629,1.15754,11366
2025-08-05 00:00:00,1.15674,1.15881,1.15599,1.15722,7510
2025-08-05 04:00:00,1.15722,1.15743,1.1554,1.15582,10566
2025-08-05 08:00:00,1.15581,1.15626,1.15312,1.1537,20705
2025-08-05 12:00:00,1.15371,1.15486,1.15277,1.15374,22216
2025-08-05 16:00:00,1.15374,1.15863,1.15308,1.15825,31762
2025-08-05 20:00:00,1.15825,1.15835,1.15663,1.15761,11440
2025-08-06 00:00:00,1.15717,1.15852,1.15711,1.1574,6419
2025-08-06 04:00:00,1.15738,1.15865,1.15642,1.15827,8735
2025-08-06 08:00:00,1.15827,1.15886,1.15704,1.15744,17584
2025-08-06 12:00:00,1.15744,1.16288,1.15738,1.16235,19307
2025-08-06 16:00:00,1.16234,1.16486,1.16172,1.16348,28360
2025-08-06 20:00:00,1.16348,1.16687,1.16328,1.16563,12309
2025-08-07 00:00:00,1.16523,1.16658,1.1650800000000001,1.16527,7175
2025-08-07 04:00:00,1.16528,1.16766,1.16494,1.1671,9748
2025-08-07 08:00:00,1.1671,1.16986,1.16679,1.16825,18793
2025-08-07 12:00:00,1.16829,1.1685,1.16342,1.16509,27289
2025-08-07 16:00:00,1.16509,1.16587,1.16109,1.1638,32936
2025-08-07 20:00:00,1.16384,1.16715,1.16194,1.16673,15534
2025-08-08 00:00:00,1.16622,1.1679599999999999,1.16584,1.1673,9795
2025-08-08 04:00:00,1.1673,1.16741,1.16549,1.16585,12883
2025-08-08 08:00:00,1.16584,1.16648,1.16344,1.16368,19505
2025-08-08 12:00:00,1.16372,1.16543,1.16286,1.1642000000000001,21374
2025-08-08 16:00:00,1.16416,1.1668,1.16412,1.16561,22949
2025-08-08 20:00:00,1.1656,1.16669,1.16366,1.16414,11944
2025-08-11 00:00:00,1.16432,1.1651799999999999,1.16407,1.16477,21033
2025-08-11 04:00:00,1.16477,1.16757,1.16452,1.16721,19819
2025-08-11 08:00:00,1.16719,1.16742,1.16439,1.1655,19641
2025-08-11 12:00:00,1.16545,1.16584,1.1614,1.162,20749
2025-08-11 16:00:00,1.16201,1.16276,1.159,1.16077,21741
2025-08-11 20:00:00,1.16078,1.16194,1.15988,1.16185,9101
2025-08-12 00:00:00,1.16121,1.16201,1.16098,1.1615,7862
2025-08-12 04:00:00,1.16151,1.16281,1.16143,1.1627399999999999,12767
2025-08-12 08:00:00,1.16273,1.16293,1.16079,1.1615,21649
2025-08-12 12:00:00,1.16151,1.16561,1.1598600000000001,1.16425,29983
2025-08-12 16:00:00,1.16426,1.16976,1.16173,1.1679599999999999,45950
2025-08-12 20:00:00,1.16797,1.16808,1.16644,1.16729,12056
2025-08-13 00:00:00,1.16708,1.1681,1.16676,1.16798,8664
2025-08-13 04:00:00,1.16801,1.16881,1.16704,1.16839,11839
2025-08-13 08:00:00,1.1684,1.17209,1.16764,1.17143,21085
2025-08-13 12:00:00,1.17145,1.17305,1.16972,1.16991,18931
2025-08-13 16:00:00,1.1699,1.17237,1.16927,1.1707,24714
2025-08-13 20:00:00,1.17066,1.1711,1.16955,1.17057,8775
2025-08-14 00:00:00,1.17003,1.17151,1.16961,1.1711,7447
2025-08-14 04:00:00,1.1711,1.17153,1.16989,1.17041,11612
2025-08-14 08:00:00,1.1703999999999999,1.1706699999999999,1.16677,1.16686,20165
2025-08-14 12:00:00,1.16686,1.16976,1.16488,1.16639,28126
2025-08-14 16:00:00,1.1663999999999999,1.16718,1.16309,1.16345,30329
2025-08-14 20:00:00,1.16346,1.16506,1.16312,1.1649,9766
2025-08-15 00:00:00,1.1648100000000001,1.16532,1.16451,1.1652,6259
2025-08-15 04:00:00,1.1652,1.16647,1.1648100000000001,1.16631,8877
2025-08-15 08:00:00,1.1663000000000001,1.16854,1.16612,1.16821,17388
2025-08-15 12:00:00,1.16819,1.17002,1.16731,1.16942,22779
2025-08-15 16:00:00,1.16942,1.17154,1.16816,1.1703999999999999,28339
2025-08-15 20:00:00,1.17041,1.17083,1.1697899999999999,1.17032,8515
2025-08-18 00:00:00,1.17109,1.17163,1.16999,1.17014,9888
2025-08-18 04:00:00,1.17018,1.17105,1.1693500000000001,1.17085,12681
2025-08-18 08:00:00,1.17084,1.1709,1.16713,1.16817,17237
2025-08-18 12:00:00,1.16817,1.16886,1.16661,1.16767,16446
2025-08-18 16:00:00,1.16767,1.1684700000000001,1.16559,1.16577,21112
2025-08-18 20:00:00,1.16576,1.16706,1.16567,1.16619,13661
2025-08-19 00:00:00,1.1659,1.16755,1.16557,1.16587,5771
2025-08-19 04:00:00,1.16586,1.16625,1.16394,1.16609,9685
2025-08-19 08:00:00,1.16609,1.16846,1.1651,1.1675200000000001,16385
2025-08-19 12:00:00,1.1675200000000001,1.16931,1.16724,1.16754,15735
2025-08-19 16:00:00,1.16754,1.16785,1.16543,1.16566,20848
2025-08-19 20:00:00,1.16566,1.16609,1.16419,1.16464,7862
2025-08-20 00:00:00,1.1644700000000001,1.1650800000000001,1.16315,1.1639,8420
2025-08-20 04:00:00,1.1639,1.16424,1.16216,1.16343,10901
2025-08-20 08:00:00,1.16343,1.16471,1.16229,1.16377,17956
2025-08-20 12:00:00,1.16377,1.16736,1.16348,1.16709,17091
2025-08-20 16:00:00,1.1671,1.16721,1.16461,1.166,22599
2025-08-20 20:00:00,1.16599,1.16723,1.16469,1.16514,10958
2025-08-21 00:00:00,1.16494,1.16563,1.16411,1.16466,6447
2025-08-21 04:00:00,1.16467,1.1650800000000001,1.16411,1.16454,8501
2025-08-21 08:00:00,1.16454,1.16616,1.16248,1.16545,17568
2025-08-21 12:00:00,1.1655,1.1663000000000001,1.16355,1.16469,17649
2025-08-21 16:00:00,1.16468,1.16502,1.16009,1.16113,29663
2025-08-21 20:00:00,1.16114,1.16189,1.16031,1.16059,8683
2025-08-22 00:00:00,1.16032,1.16168,1.16012,1.16146,8093
2025-08-22 04:00:00,1.1615,1.16159,1.15827,1.1584699999999999,9289
2025-08-22 08:00:00,1.1584699999999999,1.15998,1.15828,1.1599599999999999,12503
2025-08-22 12:00:00,1.1599599999999999,1.16139,1.15933,1.16085,13047
2025-08-22 16:00:00,1.16084,1.17324,1.15971,1.17217,43896
2025-08-22 20:00:00,1.17217,1.17428,1.17149,1.17217,12098
2025-08-25 00:00:00,1.17221,1.1728399999999999,1.16952,1.1698,21869
2025-08-25 04:00:00,1.1698,1.1708,1.16934,1.17053,6991
2025-08-25 08:00:00,1.17053,1.17207,1.16943,1.17039,11917
2025-08-25 12:00:00,1.17036,1.17047,1.16851,1.16995,13016
2025-08-25 16:00:00,1.16995,1.17093,1.16512,1.1655,21929
2025-08-25 20:00:00,1.1655,1.16561,1.16027,1.16198,16890
2025-08-26 00:00:00,1.16181,1.16602,1.16101,1.16479,13431
2025-08-26 04:00:00,1.16479,1.16504,1.16232,1.1632,10745
2025-08-26 08:00:00,1.16322,1.16445,1.1602000000000001,1.16182,20323
2025-08-26 12:00:00,1.16181,1.16608,1.16174,1.16458,19652
2025-08-26 16:00:00,1.16462,1.16655,1.16372,1.1649,24229
2025-08-26 20:00:00,1.1649,1.16528,1.16333,1.16417,10277
2025-08-27 00:00:00,1.16412,1.16479,1.16337,1.16366,5903
2025-08-27 04:00:00,1.16366,1.1641,1.1611799999999999,1.1614200000000001,7878
2025-08-27 08:00:00,1.16143,1.1623999999999999,1.15769,1.15886,16353
2025-08-27 12:00:00,1.15887,1.15985,1.15739,1.15862,16524
2025-08-27 16:00:00,1.15865,1.1641,1.15819,1.1638,25306
2025-08-27 20:00:00,1.16381,1.1643,1.16278,1.16382,9936
2025-08-28 00:00:00,1.16352,1.16495,1.16317,1.16454,5814
2025-08-28 04:00:00,1.16455,1.1655,1.16387,1.164,7108
2025-08-28 08:00:00,1.1639599999999999,1.16497,1.1629,1.16425,15739
2025-08-28 12:00:00,1.16426,1.16873,1.16425,1.16698,21270
2025-08-28 16:00:00,1.16698,1.16903,1.16584,1.16892,24515
2025-08-28 20:00:00,1.16891,1.16976,1.16773,1.16815,7906
2025-08-29 00:00:00,1.16805,1.16824,1.16726,1.16749,6751
2025-08-29 04:00:00,1.1675,1.16767,1.1656,1.16649,7995
2025-08-29 08:00:00,1.1665,1.16905,1.16611,1.1676,15820
2025-08-29 12:00:00,1.1676,1.16827,1.16507,1.16588,18032
2025-08-29 16:00:00,1.16589,1.1709,1.16532,1.17014,26577
2025-08-29 20:00:00,1.17014,1.17031,1.16809,1.16869,8384
2025-09-01 00:00:00,1.16939,1.16983,1.16854,1.1696900000000001,7505
2025-09-01 04:00:00,1.16971,1.17146,1.16878,1.17081,12130
2025-09-01 08:00:00,1.17082,1.17365,1.17079,1.1735,15929
2025-09-01 12:00:00,1.17351,1.17363,1.17062,1.17077,13961
2025-09-01 16:00:00,1.17077,1.17164,1.16965,1.17045,13274
2025-09-01 20:00:00,1.17045,1.17139,1.17012,1.17119,4212
2025-09-02 00:00:00,1.17066,1.17185,1.1703000000000001,1.17042,6379
2025-09-02 04:00:00,1.17043,1.17072,1.16897,1.16931,10062
2025-09-02 08:00:00,1.16932,1.17068,1.1633499999999999,1.16449,27114
2025-09-02 12:00:00,1.16448,1.16533,1.16128,1.16174,28265
2025-09-02 16:00:00,1.16177,1.16826,1.16149,1.16443,30673
2025-09-02 20:00:00,1.16443,1.16485,1.16289,1.16422,9843
2025-09-03 00:00:00,1.16342,1.16446,1.16287,1.16329,5867
2025-09-03 04:00:00,1.16328,1.16357,1.16217,1.16315,8678
2025-09-03 08:00:00,1.16316,1.16576,1.16084,1.16567,19700
2025-09-03 12:00:00,1.16566,1.1665,1.1639599999999999,1.16485,18040
2025-09-03 16:00:00,1.16485,1.16824,1.16385,1.16751,26765
2025-09-03 20:00:00,1.16751,1.16774,1.16555,1.16611,9020
2025-09-04 00:00:00,1.16588,1.16635,1.16545,1.16589,6809
2025-09-04 04:00:00,1.16589,1.16697,1.165,1.16514,7935
2025-09-04 08:00:00,1.16514,1.16615,1.16437,1.16574,15344
2025-09-04 12:00:00,1.16577,1.16599,1.16297,1.16461,20855
2025-09-04 16:00:00,1.16461,1.16559,1.16292,1.16397,24214
2025-09-04 20:00:00,1.16398,1.16527,1.16345,1.1652,6725
2025-09-05 00:00:00,1.16465,1.16611,1.16429,1.16598,6343
2025-09-05 04:00:00,1.16599,1.16746,1.16595,1.16671,6855
2025-09-05 08:00:00,1.16671,1.16844,1.16648,1.16831,12324
2025-09-05 12:00:00,1.16831,1.17507,1.16776,1.1734499999999999,26829
2025-09-05 16:00:00,1.17346,1.17597,1.1714,1.17392,36877
2025-09-05 20:00:00,1.17392,1.17392,1.17129,1.17209,10185
2025-09-08 00:00:00,1.17134,1.17198,1.17035,1.1712799999999999,15996
2025-09-08 04:00:00,1.17131,1.17177,1.1706,1.1712799999999999,19867
2025-09-08 08:00:00,1.17129,1.17426,1.17117,1.17315,17878
2025-09-08 12:00:00,1.17315,1.17419,1.17199,1.17376,15800
2025-09-08 16:00:00,1.17377,1.17563,1.17349,1.17404,20092
2025-09-08 20:00:00,1.17405,1.17658,1.17349,1.17615,8915
2025-09-09 00:00:00,1.17599,1.17746,1.17573,1.17713,7428
2025-09-09 04:00:00,1.17712,1.17781,1.17632,1.17727,8143
2025-09-09 08:00:00,1.17727,1.17802,1.17441,1.17593,20290
2025-09-09 12:00:00,1.17593,1.17723,1.17276,1.17375,18123
2025-09-09 16:00:00,1.17376,1.17622,1.17157,1.17187,30625
2025-09-09 20:00:00,1.17188,1.17239,1.17036,1.17097,10946
2025-09-10 00:00:00,1.17052,1.17139,1.1696,1.16968,6014
2025-09-10 04:00:00,1.16968,1.17158,1.16893,1.1715200000000001,9458
2025-09-10 08:00:00,1.1715200000000001,1.1718600000000001,1.16825,1.17001,19893
2025-09-10 12:00:00,1.17001,1.1727,1.16871,1.17001,23987
2025-09-10 16:00:00,1.17001,1.17305,1.16957,1.17053,25562
2025-09-10 20:00:00,1.17054,1.17123,1.16933,1.1695,8864
2025-09-11 00:00:00,1.16942,1.17071,1.16926,1.16942,6082
2025-09-11 04:00:00,1.1694,1.1703000000000001,1.16928,1.16992,6564
2025-09-11 08:00:00,1.16992,1.16997,1.16836,1.16922,18100
2025-09-11 12:00:00,1.16922,1.17211,1.16578,1.17153,30989
2025-09-11 16:00:00,1.17153,1.17463,1.17137,1.17363,35454
2025-09-11 20:00:00,1.17363,1.17398,1.17276,1.17368,10922
2025-09-12 00:00:00,1.17315,1.1741,1.17271,1.17329,8175
2025-09-12 04:00:00,1.1733,1.17348,1.17207,1.17254,7840
2025-09-12 08:00:00,1.17255,1.1748,1.17155,1.17172,20824
2025-09-12 12:00:00,1.17172,1.17356,1.17011,1.17126,19758
2025-09-12 16:00:00,1.17126,1.17318,1.17032,1.17267,23379
2025-09-12 20:00:00,1.17268,1.17419,1.17267,1.1732,9116
2025-09-15 00:00:00,1.17288,1.17357,1.17217,1.17271,5600
2025-09-15 04:00:00,1.1727,1.17357,1.17226,1.17338,7784
2025-09-15 08:00:00,1.17338,1.17444,1.17161,1.17373,17490
2025-09-15 12:00:00,1.17372,1.1771099999999999,1.17359,1.17694,16499
2025-09-15 16:00:00,1.17694,1.17748,1.17507,1.17581,19933
2025-09-15 20:00:00,1.1758,1.1773,1.1757900000000001,1.17611,8399
2025-09-16 00:00:00,1.17621,1.17668,1.17572,1.17618,6633
2025-09-16 04:00:00,1.17618,1.17871,1.1757900000000001,1.17771,9929
2025-09-16 08:00:00,1.1777,1.18042,1.1773500000000001,1.17946,19990
2025-09-16 12:00:00,1.17949,1.18216,1.17888,1.18046,25261
2025-09-16 16:00:00,1.18046,1.1872,1.18041,1.18644,30843
2025-09-16 20:00:00,1.18643,1.18786,1.18579,1.18643,12233
2025-09-17 00:00:00,1.18579,1.18732,1.18498,1.1858,6945
2025-09-17 04:00:00,1.18579,1.18596,1.1851099999999999,1.18541,7755
2025-09-17 08:00:00,1.18541,1.18602,1.18381,1.18484,14389
2025-09-17 12:00:00,1.18484,1.185,1.18327,1.18437,14630
2025-09-17 16:00:00,1.18437,1.18595,1.18421,1.18533,17832
2025-09-17 20:00:00,1.18532,1.19187,1.18078,1.18121,51883
2025-09-18 00:00:00,1.18108,1.18289,1.18096,1.18251,8527
2025-09-18 04:00:00,1.18251,1.18289,1.17936,1.17948,10978
2025-09-18 08:00:00,1.17949,1.1839,1.17804,1.1828,22716
2025-09-18 12:00:00,1.18281,1.18485,1.17951,1.17958,23651
2025-09-18 16:00:00,1.1795499999999999,1.17965,1.1750099999999999,1.1786699999999999,33165
2025-09-18 20:00:00,1.17872,1.17941,1.17813,1.17822,10268
2025-09-19 00:00:00,1.17831,1.17908,1.1775,1.17863,9629
2025-09-19 04:00:00,1.17863,1.17926,1.17702,1.17742,13630
2025-09-19 08:00:00,1.17741,1.17784,1.17507,1.17607,23255
2025-09-19 12:00:00,1.17607,1.17689,1.17289,1.17359,18101
2025-09-19 16:00:00,1.17358,1.17682,1.17352,1.17533,24193
2025-09-19 20:00:00,1.17532,1.17551,1.17405,1.17439,7659
2025-09-22 00:00:00,1.17363,1.17504,1.17259,1.17348,7714
2025-09-22 04:00:00,1.17348,1.17413,1.17263,1.17305,9660
2025-09-22 08:00:00,1.17305,1.17694,1.17297,1.17621,17226
2025-09-22 12:00:00,1.17621,1.17876,1.17614,1.1783,18239
2025-09-22 16:00:00,1.1783,1.17903,1.17626,1.1788,21355
2025-09-22 20:00:00,1.17884,1.18036,1.17854,1.18018,7590
2025-09-23 00:00:00,1.17935,1.18076,1.1785700000000001,1.18066,6363
2025-09-23 04:00:00,1.18065,1.18202,1.17964,1.17975,9119
2025-09-23 08:00:00,1.17968,1.18056,1.17776,1.18029,23337
2025-09-23 12:00:00,1.1803,1.18126,1.17842,1.17969,18742
2025-09-23 16:00:00,1.17969,1.18096,1.17841,1.18047,27260
2025-09-23 20:00:00,1.18046,1.18185,1.18028,1.18151,11465
2025-09-24 00:00:00,1.1812,1.18191,1.18033,1.18041,8303
2025-09-24 04:00:00,1.18037,1.18055,1.17948,1.18028,10644
2025-09-24 08:00:00,1.18028,1.18053,1.17662,1.17722,20434
2025-09-24 12:00:00,1.17721,1.17752,1.17394,1.17429,21058
2025-09-24 16:00:00,1.17429,1.17464,1.17279,1.17323,28142
2025-09-24 20:00:00,1.17324,1.1741,1.17316,1.17378,10117
2025-09-25 00:00:00,1.17373,1.17485,1.1736,1.17476,6095
2025-09-25 04:00:00,1.17476,1.17539,1.17405,1.17522,8015
2025-09-25 08:00:00,1.17523,1.17526,1.17304,1.1743000000000001,18514
2025-09-25 12:00:00,1.17431,1.17542,1.16875,1.16983,25105
2025-09-25 16:00:00,1.1698,1.17104,1.16666,1.16709,32882
2025-09-25 20:00:00,1.16708,1.16722,1.16453,1.16647,13183
2025-09-26 00:00:00,1.16571,1.16716,1.16495,1.16715,14258
2025-09-26 04:00:00,1.16715,1.16821,1.16654,1.16801,8158
2025-09-26 08:00:00,1.16801,1.1688,1.16683,1.16808,16752
2025-09-26 12:00:00,1.16808,1.16865,1.16616,1.16828,22100
2025-09-26 16:00:00,1.16827,1.1705,1.1678,1.16925,28571
2025-09-26 20:00:00,1.16926,1.17075,1.16906,1.17023,10320
2025-09-29 00:00:00,1.17004,1.17231,1.16975,1.17214,7476
2025-09-29 04:00:00,1.17212,1.17332,1.17145,1.17268,8137
2025-09-29 08:00:00,1.17268,1.17334,1.17076,1.17235,18178
2025-09-29 12:00:00,1.17239,1.17511,1.1709,1.17498,20377
2025-09-29 16:00:00,1.17498,1.17546,1.17226,1.17295,23464
2025-09-29 20:00:00,1.17296,1.17331,1.172,1.17267,7358
2025-09-30 00:00:00,1.17225,1.17326,1.1712500000000001,1.17206,7967
2025-09-30 04:00:00,1.1721,1.17289,1.17119,1.17288,9750
2025-09-30 08:00:00,1.17289,1.17619,1.1728,1.17557,18959
2025-09-30 12:00:00,1.17558,1.17583,1.17329,1.17372,17258
2025-09-30 16:00:00,1.17373,1.17593,1.17164,1.17563,30179
2025-09-30 20:00:00,1.17564,1.17617,1.17328,1.1733500000000001,10249
2025-10-01 00:00:00,1.17342,1.17429,1.17295,1.17362,9400
2025-10-01 04:00:00,1.17363,1.17588,1.17305,1.1758,7516
2025-10-01 08:00:00,1.17584,1.17789,1.1742,1.17489,28348
2025-10-01 12:00:00,1.17489,1.1769,1.17158,1.17493,32809
2025-10-01 16:00:00,1.17493,1.17635,1.17154,1.17226,37629
2025-10-01 20:00:00,1.17227,1.17421,1.17212,1.1729,11518
2025-10-02 00:00:00,1.17275,1.17373,1.17216,1.17297,10471
2025-10-02 04:00:00,1.17297,1.17421,1.17236,1.1734499999999999,6418
2025-10-02 08:00:00,1.1734499999999999,1.1757,1.17294,1.17534,17125
2025-10-02 12:00:00,1.17534,1.17587,1.17342,1.17377,16553
2025-10-02 16:00:00,1.17378,1.17441,1.16829,1.1715,29604
2025-10-02 20:00:00,1.1715,1.17269,1.17122,1.1716199999999999,8486
2025-10-03 00:00:00,1.17135,1.1726,1.17099,1.17244,8587
2025-10-03 04:00:00,1.17244,1.17296,1.17161,1.17178,8263
2025-10-03 08:00:00,1.17177,1.17449,1.17149,1.17399,14559
2025-10-03 12:00:00,1.17399,1.17431,1.17272,1.17393,15150
2025-10-03 16:00:00,1.17392,1.17591,1.17325,1.17395,25565
2025-10-03 20:00:00,1.17394,1.17446,1.17266,1.1739600000000001,8143
2025-10-06 00:00:00,1.17246,1.17294,1.17061,1.1716,24384
2025-10-06 04:00:00,1.17164,1.1731,1.17099,1.17204,17540
2025-10-06 08:00:00,1.17201,1.17255,1.16516,1.16672,38558
2025-10-06 12:00:00,1.16663,1.16899,1.16524,1.16894,23568
2025-10-06 16:00:00,1.16894,1.17212,1.16836,1.17119,22696
2025-10-06 20:00:00,1.17119,1.17171,1.17083,1.17102,7738
2025-10-07 00:00:00,1.17074,1.17149,1.17033,1.17086,10032
2025-10-07 04:00:00,1.17086,1.1709,1.16942,1.16985,6772
2025-10-07 08:00:00,1.16985,1.17001,1.16649,1.16658,17761
2025-10-07 12:00:00,1.16656,1.16761,1.16537,1.16671,19294
2025-10-07 16:00:00,1.16671,1.16811,1.16545,1.16699,24202
2025-10-07 20:00:00,1.16698,1.1679599999999999,1.16469,1.16581,10857
2025-10-08 00:00:00,1.16536,1.16612,1.16454,1.16475,7587
2025-10-08 04:00:00,1.16475,1.16475,1.16158,1.16194,11896
2025-10-08 08:00:00,1.16194,1.16357,1.16068,1.16148,20696
2025-10-08 12:00:00,1.16148,1.16382,1.16054,1.16327,19118
2025-10-08 16:00:00,1.16323,1.16451,1.15985,1.16054,26805
2025-10-08 20:00:00,1.16054,1.1632500000000001,1.15995,1.16293,15344
2025-10-09 00:00:00,1.16237,1.16411,1.1618,1.16373,12972
2025-10-09 04:00:00,1.16372,1.16478,1.16366,1.16456,11000
2025-10-09 08:00:00,1.16456,1.16483,1.16031,1.16126,24970
2025-10-09 12:00:00,1.16126,1.16276,1.1605,1.16151,22179
2025-10-09 16:00:00,1.16153,1.1623,1.1547,1.15582,37519
2025-10-09 20:00:00,1.15581,1.15672,1.15423,1.15643,14365
2025-10-10 00:00:00,1.15565,1.15709,1.15534,1.15677,7240
2025-10-10 04:00:00,1.15677,1.1574200000000001,1.15626,1.15736,8931
2025-10-10 08:00:00,1.15736,1.15895,1.1561,1.1579,19862
2025-10-10 12:00:00,1.15789,1.15836,1.1559300000000001,1.15721,17243
2025-10-10 16:00:00,1.15721,1.1631,1.15618,1.16059,39600
2025-10-10 20:00:00,1.16058,1.16256,1.1597,1.16248,15132
2025-10-13 00:00:00,1.16088,1.16161,1.1592,1.16159,17218
2025-10-13 04:00:00,1.1616,1.16278,1.16097,1.1620300000000001,11947
2025-10-13 08:00:00,1.1620300000000001,1.163,1.15816,1.15856,24286
2025-10-13 12:00:00,1.15856,1.15982,1.15615,1.15687,20297
2025-10-13 16:00:00,1.15688,1.15794,1.15575,1.15756,19891
2025-10-13 20:00:00,1.15756,1.15778,1.1565,1.15678,9277
2025-10-14 00:00:00,1.1565699999999999,1.15741,1.1555,1.15612,8939
2025-10-14 04:00:00,1.15613,1.15928,1.15607,1.15918,14054
2025-10-14 08:00:00,1.15917,1.15938,1.15423,1.15591,28617
2025-10-14 12:00:00,1.15591,1.1565400000000001,1.15465,1.15556,22017
2025-10-14 16:00:00,1.15555,1.16151,1.15543,1.16095,33123
2025-10-14 20:00:00,1.16095,1.16122,1.15999,1.16064,13667
2025-10-15 00:00:00,1.16066,1.16143,1.16016,1.16107,7708
2025-10-15 04:00:00,1.16106,1.16262,1.1607,1.16183,11866
2025-10-15 08:00:00,1.16183,1.16456,1.16175,1.1632500000000001,23456
2025-10-15 12:00:00,1.16322,1.16393,1.16137,1.16178,20866
2025-10-15 16:00:00,1.16178,1.16472,1.16105,1.16401,26974
2025-10-15 20:00:00,1.16399,1.16479,1.16269,1.16459,12603
2025-10-16 00:00:00,1.16428,1.16671,1.16401,1.16631,9170
2025-10-16 04:00:00,1.16633,1.16755,1.16558,1.1656,11634
2025-10-16 08:00:00,1.1656,1.16681,1.1643,1.16589,26147
2025-10-16 12:00:00,1.16588,1.1663999999999999,1.16463,1.16605,18381
2025-10-16 16:00:00,1.16607,1.16791,1.165,1.16771,27625
2025-10-16 20:00:00,1.16771,1.16944,1.16768,1.16877,16670
2025-10-17 00:00:00,1.16824,1.17113,1.168,1.1706699999999999,9239
2025-10-17 04:00:00,1.17066,1.17126,1.16952,1.171,12039
2025-10-17 08:00:00,1.17098,1.17285,1.16916,1.16971,29897
2025-10-17 12:00:00,1.1697,1.1708,1.1667,1.16766,24378
2025-10-17 16:00:00,1.16765,1.1681300000000001,1.16565,1.16708,26951
2025-10-17 20:00:00,1.16707,1.1676,1.16506,1.1653,12467
2025-10-20 00:00:00,1.16636,1.16666,1.16517,1.16665,12023
2025-10-20 04:00:00,1.16666,1.16741,1.16565,1.16715,9162
2025-10-20 08:00:00,1.16713,1.16756,1.16536,1.16633,17038
2025-10-20 12:00:00,1.16634,1.16679,1.16445,1.16533,18287
2025-10-20 16:00:00,1.16533,1.16646,1.16462,1.16495,19420
2025-10-20 20:00:00,1.16493,1.16531,1.16383,1.16436,8922
2025-10-21 00:00:00,1.16406,1.16553,1.16385,1.1653,6128
2025-10-21 04:00:00,1.16529,1.16531,1.1632,1.1636,10097
2025-10-21 08:00:00,1.16361,1.16377,1.16128,1.1621299999999999,20650
2025-10-21 12:00:00,1.16214,1.16273,1.16019,1.16112,20700
2025-10-21 16:00:00,1.16111,1.16247,1.15976,1.1609099999999999,26656
2025-10-21 20:00:00,1.16092,1.16102,1.15983,1.15998,9734
2025-10-22 00:00:00,1.15988,1.1608100000000001,1.15988,1.16046,7412
2025-10-22 04:00:00,1.16046,1.1611,1.16014,1.16092,7978
2025-10-22 08:00:00,1.16093,1.16159,1.1589800000000001,1.15977,19092
2025-10-22 12:00:00,1.15976,1.16022,1.15768,1.15831,17043
2025-10-22 16:00:00,1.15832,1.16226,1.15819,1.16193,23661
2025-10-22 20:00:00,1.16194,1.16207,1.16048,1.16097,9689
2025-10-23 00:00:00,1.1607,1.16147,1.15977,1.16043,6430
2025-10-23 04:00:00,1.16044,1.1605699999999999,1.15903,1.1599,7832
2025-10-23 08:00:00,1.15988,1.16064,1.15906,1.15962,14737
2025-10-23 12:00:00,1.15962,1.16062,1.15854,1.16006,13843
2025-10-23 16:00:00,1.16007,1.16201,1.15981,1.16067,19147
2025-10-23 20:00:00,1.16067,1.1620300000000001,1.16043,1.16185,8665
2025-10-24 00:00:00,1.16155,1.16217,1.16079,1.1617899999999999,6741
2025-10-24 04:00:00,1.16178,1.16189,1.16056,1.16077,7131
2025-10-24 08:00:00,1.16077,1.1628,1.16008,1.16101,17730
2025-10-24 12:00:00,1.16096,1.16489,1.16045,1.16343,22377
2025-10-24 16:00:00,1.16344,1.16436,1.16182,1.16257,24553
2025-10-24 20:00:00,1.16256,1.1636199999999999,1.16208,1.16277,8662
2025-10-27 00:00:00,1.16347,1.16378,1.16256,1.16348,11260
2025-10-27 04:00:00,1.16348,1.16476,1.16207,1.16244,9373
2025-10-27 08:00:00,1.16246,1.16333,1.16176,1.16283,14874
2025-10-27 12:00:00,1.16283,1.16517,1.1626,1.16414,15797
2025-10-27 16:00:00,1.16413,1.16429,1.16315,1.1638600000000001,16428
2025-10-27 20:00:00,1.1638600000000001,1.16522,1.1635,1.16441,9177
2025-10-28 00:00:00,1.16444,1.16588,1.1642000000000001,1.16557,7562
2025-10-28 04:00:00,1.16556,1.16677,1.16539,1.16662,9840
2025-10-28 08:00:00,1.16661,1.16683,1.16487,1.1651799999999999,14935
2025-10-28 12:00:00,1.16517,1.16651,1.16347,1.16403,15936
2025-10-28 16:00:00,1.16403,1.16679,1.16255,1.16678,23154
2025-10-28 20:00:00,1.16677,1.16689,1.16509,1.16535,11606
2025-10-29 00:00:00,1.16509,1.1661,1.16483,1.16545,9009
2025-10-29 04:00:00,1.16545,1.16561,1.16316,1.16343,9243
2025-10-29 08:00:00,1.16343,1.1638,1.16231,1.16231,14847
2025-10-29 12:00:00,1.16231,1.1649,1.16176,1.16341,17683
2025-10-29 16:00:00,1.1634,1.16661,1.16315,1.16573,22857
2025-10-29 20:00:00,1.16573,1.16591,1.15778,1.15994,42095
2025-10-30 00:00:00,1.15999,1.16157,1.1597,1.16121,9011
2025-10-30 04:00:00,1.1612,1.16375,1.16068,1.1632,15395
2025-10-30 08:00:00,1.16319,1.16342,1.16066,1.16172,18889
2025-10-30 12:00:00,1.16172,1.16286,1.15528,1.15548,21246
2025-10-30 16:00:00,1.15548,1.1586400000000001,1.15467,1.15694,29350
2025-10-30 20:00:00,1.15695,1.15723,1.15603,1.15699,11554
2025-10-31 00:00:00,1.15638,1.15772,1.15628,1.15738,8362
2025-10-31 04:00:00,1.15738,1.15777,1.15649,1.15721,9350
2025-10-31 08:00:00,1.1572,1.15735,1.15549,1.15706,13585
2025-10-31 12:00:00,1.15707,1.15769,1.15533,1.1556,15615
2025-10-31 16:00:00,1.1556,1.15563,1.1522000000000001,1.15303,27667
2025-10-31 20:00:00,1.15303,1.1538,1.15214,1.1536,10366
2025-11-03 00:00:00,1.15323,1.15387,1.15213,1.1527,16192
2025-11-03 04:00:00,1.1527,1.15378,1.15265,1.15353,9403
2025-11-03 08:00:00,1.15351,1.15415,1.15096,1.15146,15950
2025-11-03 12:00:00,1.15145,1.15222,1.15057,1.15112,15175
2025-11-03 16:00:00,1.15111,1.15379,1.15051,1.15273,21131
2025-11-03 20:00:00,1.15273,1.15311,1.1516,1.152,9507
2025-11-04 00:00:00,1.15171,1.1521,1.14981,1.151,11355
2025-11-04 04:00:00,1.15102,1.15178,1.15049,1.15127,9359
2025-11-04 08:00:00,1.15127,1.15337,1.15,1.15012,18622
2025-11-04 12:00:00,1.15012,1.15101,1.1477,1.14921,17155
2025-11-04 16:00:00,1.1492,1.1497,1.14729,1.14839,19120
2025-11-04 20:00:00,1.14837,1.14873,1.14752,1.14808,9166
2025-11-05 00:00:00,1.14823,1.14983,1.14781,1.14895,12488
2025-11-05 04:00:00,1.14895,1.14943,1.14851,1.14916,8388
2025-11-05 08:00:00,1.14918,1.14956,1.14813,1.14843,13237
2025-11-05 12:00:00,1.14844,1.14937,1.14729,1.14737,15423
2025-11-05 16:00:00,1.14737,1.14933,1.14685,1.14804,24155
2025-11-05 20:00:00,1.14806,1.14943,1.14788,1.14931,7515
2025-11-06 00:00:00,1.14916,1.1509,1.14898,1.15074,7573
2025-11-06 04:00:00,1.15073,1.15111,1.15031,1.15104,6555
2025-11-06 08:00:00,1.15103,1.1524,1.15053,1.15133,14268
2025-11-06 12:00:00,1.15133,1.15443,1.15102,1.15355,17484
2025-11-06 16:00:00,1.15356,1.15429,1.15191,1.15407,23813
2025-11-06 20:00:00,1.15408,1.15525,1.1539,1.15478,11480
2025-11-07 00:00:00,1.15384,1.15517,1.15362,1.1538,13535
2025-11-07 04:00:00,1.1538,1.15431,1.15323,1.1534200000000001,7542
2025-11-07 08:00:00,1.1534200000000001,1.15424,1.15295,1.15383,12618
2025-11-07 12:00:00,1.15383,1.15698,1.15374,1.15675,16614
2025-11-07 16:00:00,1.15676,1.15912,1.1565400000000001,1.1580300000000001,20825
2025-11-07 20:00:00,1.15805,1.15836,1.15554,1.15641,10216
2025-11-10 00:00:00,1.15555,1.15606,1.15417,1.15582,16055
2025-11-10 04:00:00,1.15582,1.15667,1.15513,1.15618,11207
2025-11-10 08:00:00,1.15619,1.1583,1.15514,1.1568100000000001,18942
2025-11-10 12:00:00,1.1568,1.15781,1.1554,1.1568100000000001,16230
2025-11-10 16:00:00,1.15682,1.15686,1.1541,1.15607,20449
2025-11-10 20:00:00,1.15607,1.1565,1.15552,1.15566,8930
2025-11-11 00:00:00,1.155,1.15605,1.1547,1.15549,10661
2025-11-11 04:00:00,1.15549,1.15653,1.15519,1.15618,9419
2025-11-11 08:00:00,1.15617,1.15687,1.15496,1.15647,16271
2025-11-11 12:00:00,1.15647,1.16061,1.15624,1.1601,18830
2025-11-11 16:00:00,1.16011,1.16052,1.15907,1.15948,19140
2025-11-11 20:00:00,1.15948,1.15957,1.15812,1.15828,9829
2025-11-12 00:00:00,1.15846,1.1587399999999999,1.15745,1.15753,11250
2025-11-12 04:00:00,1.15753,1.15816,1.15701,1.15762,9240
2025-11-12 08:00:00,1.1576,1.15885,1.15679,1.15701,15095
2025-11-12 12:00:00,1.15701,1.15804,1.1565,1.15722,16448
2025-11-12 16:00:00,1.15721,1.1598,1.1562999999999999,1.15931,19984
2025-11-12 20:00:00,1.15931,1.15946,1.1584,1.15905,8513
2025-11-13 00:00:00,1.15913,1.15949,1.15788,1.15895,9523
2025-11-13 04:00:00,1.15894,1.15931,1.15802,1.15821,7486
2025-11-13 08:00:00,1.15818,1.16349,1.15812,1.16165,18913
2025-11-13 12:00:00,1.16166,1.1625,1.16046,1.16206,17738
2025-11-13 16:00:00,1.16207,1.16563,1.1617,1.1651,24753
2025-11-13 20:00:00,1.16511,1.16519,1.16307,1.16377,11785
2025-11-14 00:00:00,1.1632500000000001,1.16393,1.16234,1.16333,13283
2025-11-14 04:00:00,1.16333,1.16485,1.16296,1.16479,9958
2025-11-14 08:00:00,1.1648,1.16487,1.16202,1.1622,21964
2025-11-14 12:00:00,1.16217,1.16538,1.16088,1.16378,23926
2025-11-14 16:00:00,1.16379,1.16385,1.16061,1.1614,25678
2025-11-14 20:00:00,1.1614,1.16237,1.16096,1.16222,11043
2025-11-17 00:00:00,1.16141,1.16248,1.1605,1.16066,9498
2025-11-17 04:00:00,1.16067,1.16067,1.15963,1.16005,8302
2025-11-17 08:00:00,1.16006,1.16151,1.1595,1.16014,14608
2025-11-17 12:00:00,1.16012,1.16083,1.15884,1.15911,16810
2025-11-17 16:00:00,1.15911,1.16018,1.15819,1.15939,17746
2025-11-17 20:00:00,1.15937,1.15955,1.15825,1.15915,11683
2025-11-18 00:00:00,1.15907,1.15943,1.15844,1.1591,7876
2025-11-18 04:00:00,1.1591,1.16039,1.15881,1.15978,9142
2025-11-18 08:00:00,1.15979,1.16066,1.15873,1.15892,16887
2025-11-18 12:00:00,1.15893,1.16021,1.15795,1.15967,18277
2025-11-18 16:00:00,1.15968,1.16079,1.15714,1.15756,24147
2025-11-18 20:00:00,1.15756,1.15873,1.1575,1.15785,9626
2025-11-19 00:00:00,1.15736,1.15852,1.15719,1.15767,8003
2025-11-19 04:00:00,1.15768,1.1591,1.15725,1.1589,9391
2025-11-19 08:00:00,1.1589,1.15974,1.15655,1.15732,17223
2025-11-19 12:00:00,1.15731,1.15912,1.15675,1.1573,17576
2025-11-19 16:00:00,1.15729,1.1574,1.15261,1.15332,24044
2025-11-19 20:00:00,1.15333,1.15389,1.15177,1.15372,13897
2025-11-20 00:00:00,1.15372,1.15422,1.15224,1.15228,9368
2025-11-20 04:00:00,1.1522999999999999,1.15236,1.15101,1.15156,10223
2025-11-20 08:00:00,1.15155,1.15279,1.15114,1.15275,15783
2025-11-20 12:00:00,1.15276,1.15398,1.14984,1.15276,24021
2025-11-20 16:00:00,1.15276,1.15501,1.15199,1.15285,30814
2025-11-20 20:00:00,1.15284,1.15408,1.15237,1.15275,10982
2025-11-21 00:00:00,1.15215,1.15384,1.1519300000000001,1.15326,10300
2025-11-21 04:00:00,1.15328,1.15421,1.15322,1.15351,9024
2025-11-21 08:00:00,1.1535199999999999,1.15527,1.15249,1.15251,20442
2025-11-21 12:00:00,1.15251,1.15272,1.14966,1.15206,26130
2025-11-21 16:00:00,1.15205,1.15235,1.14911,1.15074,27931
2025-11-21 20:00:00,1.15074,1.1521,1.15018,1.15158,11862
2025-11-24 00:00:00,1.15107,1.15146,1.15018,1.15104,7902
2025-11-24 04:00:00,1.15105,1.15283,1.15103,1.15226,8221
2025-11-24 08:00:00,1.15225,1.15346,1.15097,1.15298,15828
2025-11-24 12:00:00,1.15299,1.15506,1.15299,1.15385,16173
2025-11-24 16:00:00,1.15384,1.1541299999999999,1.15115,1.15179,18788
2025-11-24 20:00:00,1.15179,1.15293,1.15172,1.15215,8587
2025-11-25 00:00:00,1.15162,1.15302,1.15162,1.15256,7977
2025-11-25 04:00:00,1.15257,1.15304,1.15114,1.1516899999999999,8150
2025-11-25 08:00:00,1.1517,1.15368,1.15148,1.1534200000000001,16979
2025-11-25 12:00:00,1.15341,1.15624,1.15246,1.15584,23406
2025-11-25 16:00:00,1.15584,1.1584,1.15499,1.15822,28639
2025-11-25 20:00:00,1.15825,1.15862,1.1558,1.1571,13301
2025-11-26 00:00:00,1.15672,1.15832,1.15633,1.15773,11339
2025-11-26 04:00:00,1.15772,1.15918,1.15747,1.1590799999999999,11323
2025-11-26 08:00:00,1.1590799999999999,1.15961,1.1565699999999999,1.1571799999999999,17825
2025-11-26 12:00:00,1.15719,1.15841,1.15485,1.15525,30056
2025-11-26 16:00:00,1.15526,1.16011,1.1547,1.15929,26689
2025-11-26 20:00:00,1.15928,1.15975,1.15892,1.15971,9193
2025-11-27 00:00:00,1.15889,1.16128,1.15889,1.1609099999999999,9169
2025-11-27 04:00:00,1.16092,1.16136,1.16,1.16021,10394
2025-11-27 08:00:00,1.16023,1.16055,1.15764,1.15775,14803
2025-11-27 12:00:00,1.15778,1.15971,1.15769,1.15951,13035
2025-11-27 16:00:00,1.15951,1.16017,1.15903,1.15951,10735
2025-11-27 20:00:00,1.15949,1.15973,1.15912,1.15965,5848
2025-11-28 00:00:00,1.15927,1.16021,1.15816,1.15832,9334
2025-11-28 04:00:00,1.15832,1.15931,1.15785,1.15879,37643
2025-11-28 08:00:00,1.15879,1.15904,1.15659,1.15677,60302
2025-11-28 12:00:00,1.15677,1.15787,1.15551,1.15749,33329
2025-11-28 16:00:00,1.15749,1.16077,1.15712,1.16028,23453
2025-11-28 20:00:00,1.16028,1.1604700000000001,1.15958,1.15985,9199
2025-12-01 00:00:00,1.15923,1.16161,1.159,1.1605,13951
2025-12-01 04:00:00,1.1605,1.16059,1.15894,1.15977,10625
2025-12-01 08:00:00,1.15976,1.16237,1.15904,1.16221,20161
2025-12-01 12:00:00,1.16221,1.16524,1.16189,1.1644700000000001,19349
2025-12-01 16:00:00,1.1644700000000001,1.1645,1.16178,1.16206,21999
2025-12-01 20:00:00,1.16207,1.16237,1.16066,1.16097,10874
2025-12-02 00:00:00,1.16076,1.16113,1.16037,1.16093,12150
2025-12-02 04:00:00,1.16093,1.16143,1.1607,1.16099,6971
2025-12-02 08:00:00,1.16098,1.16164,1.16022,1.16098,13007
2025-12-02 12:00:00,1.16098,1.16196,1.15983,1.16178,14501
2025-12-02 16:00:00,1.1617899999999999,1.16234,1.15911,1.16072,21852
2025-12-02 20:00:00,1.16072,1.16261,1.16056,1.16237,11371
2025-12-03 00:00:00,1.16217,1.16378,1.16174,1.16368,8768
2025-12-03 04:00:00,1.16369,1.16439,1.16354,1.16428,9028
2025-12-03 08:00:00,1.16428,1.16529,1.16356,1.16455,15542
2025-12-03 12:00:00,1.16456,1.16755,1.16449,1.16663,16435
2025-12-03 16:00:00,1.16663,1.16709,1.16544,1.16686,23050
2025-12-03 20:00:00,1.16686,1.16778,1.16639,1.16711,10480
2025-12-04 00:00:00,1.16711,1.1674,1.16588,1.16633,12674
2025-12-04 04:00:00,1.16633,1.1663999999999999,1.16533,1.16598,10022
2025-12-04 08:00:00,1.16599,1.16821,1.1653,1.16772,14681
2025-12-04 12:00:00,1.16772,1.1681,1.1652,1.16648,17998
2025-12-04 16:00:00,1.16648,1.1677,1.16529,1.1656,17802
2025-12-04 20:00:00,1.1656,1.16599,1.1641,1.16455,8944
2025-12-05 00:00:00,1.16431,1.16538,1.16408,1.16536,8433
2025-12-05 04:00:00,1.16537,1.16593,1.16464,1.16591,6324
2025-12-05 08:00:00,1.16591,1.1672,1.16482,1.16546,13598
2025-12-05 12:00:00,1.16546,1.1656900000000001,1.16416,1.16516,14484
2025-12-05 16:00:00,1.1651799999999999,1.1660300000000001,1.16281,1.16442,21524
2025-12-05 20:00:00,1.16444,1.16488,1.16397,1.16416,8375
2025-12-08 00:00:00,1.16354,1.16534,1.1634,1.16517,10198
2025-12-08 04:00:00,1.1651799999999999,1.16564,1.16486,1.16562,7102
2025-12-08 08:00:00,1.16563,1.16722,1.16478,1.16487,15954
2025-12-08 12:00:00,1.16485,1.16575,1.16455,1.16485,14790
2025-12-08 16:00:00,1.1648399999999999,1.16549,1.16163,1.16392,25384
2025-12-08 20:00:00,1.16393,1.1642299999999999,1.16342,1.1638,10005
2025-12-09 00:00:00,1.16327,1.16477,1.16319,1.16473,7460
2025-12-09 04:00:00,1.16474,1.16504,1.16435,1.16489,7890
2025-12-09 08:00:00,1.16488,1.16574,1.16336,1.16525,17853
2025-12-09 12:00:00,1.16524,1.16543,1.16289,1.16344,19680
2025-12-09 16:00:00,1.16343,1.16413,1.16149,1.16242,27841
2025-12-09 20:00:00,1.16242,1.16321,1.16167,1.16259,9791
2025-12-10 00:00:00,1.16245,1.16291,1.16202,1.16238,7291
2025-12-10 04:00:00,1.16238,1.16311,1.16215,1.16299,8102
2025-12-10 08:00:00,1.16299,1.1657899999999999,1.16286,1.16363,16878
2025-12-10 12:00:00,1.1636199999999999,1.16425,1.1627399999999999,1.164,21059
2025-12-10 16:00:00,1.164,1.1660300000000001,1.16338,1.16588,24295
2025-12-10 20:00:00,1.16586,1.16998,1.16439,1.16932,39966
2025-12-11 00:00:00,1.16852,1.17074,1.16798,1.17018,8955
2025-12-11 04:00:00,1.17017,1.17062,1.16845,1.16855,8526
2025-12-11 08:00:00,1.16854,1.1706699999999999,1.16822,1.17021,16957
2025-12-11 12:00:00,1.17022,1.17364,1.16988,1.1731,21164
2025-12-11 16:00:00,1.17309,1.17628,1.17302,1.17551,27694
2025-12-11 20:00:00,1.1755,1.17594,1.17365,1.1739,10175
2025-12-12 00:00:00,1.17384,1.17462,1.17326,1.17349,6941
2025-12-12 04:00:00,1.17348,1.17395,1.17312,1.17387,5982
2025-12-12 08:00:00,1.17387,1.17433,1.17268,1.17329,15324
2025-12-12 12:00:00,1.17328,1.17352,1.17195,1.1727400000000001,14680
2025-12-12 16:00:00,1.17273,1.17481,1.17232,1.17471,25639
2025-12-12 20:00:00,1.17473,1.17498,1.17353,1.17386,11089
2025-12-15 00:00:00,1.1728,1.17424,1.1728,1.17414,6917
2025-12-15 04:00:00,1.17412,1.17448,1.17318,1.17344,8496
2025-12-15 08:00:00,1.17343,1.17436,1.17264,1.17432,14534
2025-12-15 12:00:00,1.17432,1.17599,1.1739,1.17474,13822
2025-12-15 16:00:00,1.17475,1.17689,1.17439,1.17459,25676
2025-12-15 20:00:00,1.17458,1.17526,1.17383,1.17508,7763
2025-12-16 00:00:00,1.17474,1.17581,1.17444,1.1751800000000001,8025
2025-12-16 04:00:00,1.1751800000000001,1.17593,1.17492,1.17504,5947
2025-12-16 08:00:00,1.17503,1.1764000000000001,1.17444,1.1756,15153
2025-12-16 12:00:00,1.1756,1.17948,1.17516,1.17757,26898
2025-12-16 16:00:00,1.17758,1.18043,1.17611,1.17639,32921
2025-12-16 20:00:00,1.17639,1.17639,1.17348,1.17492,14577
2025-12-17 00:00:00,1.17463,1.17524,1.1745,1.17473,5759
2025-12-17 04:00:00,1.17474,1.17481,1.1724700000000001,1.17292,9238
2025-12-17 08:00:00,1.1729,1.17307,1.17031,1.17158,23159
2025-12-17 12:00:00,1.17157,1.17334,1.17076,1.1732,21279
2025-12-17 16:00:00,1.1732,1.17583,1.1728,1.17494,25662
2025-12-17 20:00:00,1.17495,1.17558,1.17384,1.17411,10362
2025-12-18 00:00:00,1.17391,1.17458,1.17351,1.17385,7473
2025-12-18 04:00:00,1.17384,1.1747,1.17367,1.17461,8048
2025-12-18 08:00:00,1.17461,1.17497,1.17172,1.17219,16686
2025-12-18 12:00:00,1.17218,1.17627,1.17121,1.17466,28631
2025-12-18 16:00:00,1.17465,1.17559,1.1715,1.17188,37104
2025-12-18 20:00:00,1.1718899999999999,1.17279,1.1715200000000001,1.17251,12853
2025-12-19 00:00:00,1.17177,1.17289,1.17167,1.17244,9294
2025-12-19 04:00:00,1.17244,1.17287,1.17154,1.17198,10263
2025-12-19 08:00:00,1.17199,1.17217,1.17032,1.17123,21125
2025-12-19 12:00:00,1.17124,1.17196,1.17025,1.17194,18181
2025-12-19 16:00:00,1.17195,1.1738,1.17083,1.17195,23090
2025-12-19 20:00:00,1.17194,1.1727400000000001,1.17063,1.17083,11279
2025-12-22 00:00:00,1.17148,1.17194,1.17062,1.17173,13441
2025-12-22 04:00:00,1.17174,1.1722299999999999,1.17134,1.17173,7587
2025-12-22 08:00:00,1.17172,1.17384,1.17127,1.17299,16080
2025-12-22 12:00:00,1.17298,1.17544,1.17287,1.17505,19654
2025-12-22 16:00:00,1.17505,1.17695,1.17449,1.17581,20365
2025-12-22 20:00:00,1.17581,1.17621,1.17487,1.1762,9060
2025-12-23 00:00:00,1.17566,1.1776200000000001,1.1751800000000001,1.17729,8926
2025-12-23 04:00:00,1.17728,1.17807,1.17724,1.1775,8984
2025-12-23 08:00:00,1.17749,1.17931,1.1768399999999999,1.17927,18705
2025-12-23 12:00:00,1.1792799999999999,1.18022,1.17741,1.17748,19375
2025-12-23 16:00:00,1.17749,1.1780599999999999,1.17639,1.1771,21124
2025-12-23 20:00:00,1.1771,1.1797,1.17696,1.17966,9183
2025-12-24 00:00:00,1.17913,1.18063,1.17881,1.18051,9495
2025-12-24 04:00:00,1.18051,1.1808,1.17858,1.17992,9387
2025-12-24 08:00:00,1.17991,1.18041,1.1779600000000001,1.17995,16471
2025-12-24 12:00:00,1.17994,1.18,1.17837,1.17852,15634
2025-12-24 16:00:00,1.17847,1.17871,1.17726,1.17766,17515
2025-12-24 20:00:00,1.17766,1.17822,1.17742,1.17773,9677
2025-12-26 00:00:00,1.17774,1.17922,1.1775,1.17872,19653
2025-12-26 04:00:00,1.17872,1.17938,1.17799,1.1786,9445
2025-12-26 08:00:00,1.17862,1.1788,1.17663,1.17704,15618
2025-12-26 12:00:00,1.17698,1.17969,1.1769,1.17914,15047
2025-12-26 16:00:00,1.17917,1.17946,1.17614,1.17703,22118
2025-12-26 20:00:00,1.17703,1.17816,1.17658,1.17699,12816
2025-12-29 00:00:00,1.1764000000000001,1.17866,1.1762,1.17843,17388
2025-12-29 04:00:00,1.17843,1.17853,1.17536,1.17561,16390
2025-12-29 08:00:00,1.1756199999999999,1.17892,1.17542,1.17763,25610
2025-12-29 12:00:00,1.17763,1.17803,1.17554,1.17697,24103
2025-12-29 16:00:00,1.17694,1.17887,1.17494,1.17522,25738
2025-12-29 20:00:00,1.17521,1.17749,1.17504,1.17743,10929
2025-12-30 00:00:00,1.1768,1.17752,1.17601,1.17751,9010
2025-12-30 04:00:00,1.17751,1.17791,1.17704,1.17753,7145
2025-12-30 08:00:00,1.17753,1.178,1.17641,1.1769,15552
2025-12-30 12:00:00,1.1769,1.17776,1.17553,1.17632,18014
2025-12-30 16:00:00,1.17632,1.17668,1.17452,1.17561,21155
2025-12-30 20:00:00,1.17561,1.17595,1.17432,1.17468,10070
2025-12-31 00:00:00,1.17435,1.17492,1.17416,1.17426,7814
2025-12-31 04:00:00,1.17425,1.17438,1.1733,1.17385,8375
2025-12-31 08:00:00,1.17387,1.17401,1.17199,1.17349,15098
2025-12-31 12:00:00,1.1735,1.17595,1.17285,1.17421,18770
2025-12-31 16:00:00,1.17421,1.17489,1.17202,1.1736,25631
2025-12-31 20:00:00,1.17361,1.1753,1.17302,1.17458,12164
2026-01-02 00:00:00,1.17448,1.17629,1.17447,1.17608,9933
2026-01-02 04:00:00,1.17607,1.17651,1.17506,1.17515,7185
2026-01-02 08:00:00,1.17514,1.17515,1.17205,1.17214,17752
2026-01-02 12:00:00,1.17215,1.17291,1.1713,1.17218,17919
2026-01-02 16:00:00,1.17217,1.17546,1.17157,1.17306,24834
2026-01-02 20:00:00,1.17306,1.17315,1.17142,1.1721,12597
2026-01-05 00:00:00,1.17188,1.17246,1.16996,1.17005,22637
2026-01-05 04:00:00,1.1700599999999999,1.17018,1.16722,1.16855,16417
2026-01-05 08:00:00,1.16853,1.1695,1.16737,1.16825,17959
2026-01-05 12:00:00,1.16824,1.16911,1.16589,1.16743,23169
2026-01-05 16:00:00,1.16745,1.17199,1.1673,1.17145,27468
2026-01-05 20:00:00,1.17146,1.1729,1.17132,1.1721,9937
2026-01-06 00:00:00,1.17181,1.17253,1.17107,1.17253,8228
2026-01-06 04:00:00,1.17254,1.17384,1.1722,1.17288,9800
2026-01-06 08:00:00,1.17289,1.1743000000000001,1.1708,1.17133,20690
2026-01-06 12:00:00,1.17134,1.17174,1.16971,1.17112,20263
2026-01-06 16:00:00,1.17112,1.17176,1.16838,1.17008,28771
2026-01-06 20:00:00,1.17008,1.17023,1.16838,1.1688,11475
2026-01-07 00:00:00,1.16851,1.17008,1.16848,1.16959,9782
2026-01-07 04:00:00,1.16958,1.17028,1.16906,1.1693,9665
2026-01-07 08:00:00,1.1693,1.16997,1.16728,1.16838,17604
2026-01-07 12:00:00,1.16838,1.16949,1.1681,1.16916,19481
2026-01-07 16:00:00,1.16915,1.16988,1.16798,1.1688,27765
2026-01-07 20:00:00,1.16879,1.16905,1.16736,1.16764,9828
2026-01-08 00:00:00,1.16746,1.16782,1.16727,1.16749,7425
2026-01-08 04:00:00,1.16748,1.1683,1.16723,1.16826,9806
2026-01-08 08:00:00,1.16825,1.16832,1.16688,1.16768,17682
2026-01-08 12:00:00,1.16768,1.16821,1.16582,1.1663000000000001,17383
2026-01-08 16:00:00,1.16628,1.16739,1.16435,1.1650800000000001,25731
2026-01-08 20:00:00,1.1650800000000001,1.16627,1.16425,1.16602,10336
2026-01-09 00:00:00,1.16551,1.16624,1.1648100000000001,1.16493,8941
2026-01-09 04:00:00,1.16494,1.16593,1.16459,1.16513,8979
2026-01-09 08:00:00,1.16512,1.16532,1.16398,1.16419,15524
2026-01-09 12:00:00,1.16419,1.16609,1.1625,1.16454,24278
2026-01-09 16:00:00,1.16454,1.16526,1.16181,1.16316,35486
2026-01-09 20:00:00,1.16317,1.16401,1.16295,1.16305,9979
2026-01-12 00:00:00,1.16269,1.16713,1.16215,1.1656,15622
2026-01-12 04:00:00,1.16561,1.16712,1.16529,1.16694,10368
2026-01-12 08:00:00,1.16692,1.16959,1.16639,1.16815,19252
2026-01-12 12:00:00,1.16816,1.16986,1.16755,1.16928,19352
2026-01-12 16:00:00,1.16927,1.1693,1.16658,1.16684,23729
2026-01-12 20:00:00,1.16685,1.1674,1.16629,1.16675,9032
2026-01-13 00:00:00,1.1667,1.16708,1.16561,1.16586,8391
2026-01-13 04:00:00,1.16586,1.16678,1.16565,1.16626,8266
2026-01-13 08:00:00,1.16628,1.16729,1.16537,1.16721,19466
2026-01-13 12:00:00,1.1672,1.16776,1.165,1.16683,23335
2026-01-13 16:00:00,1.16682,1.1673499999999999,1.16343,1.16459,27339
2026-01-13 20:00:00,1.16459,1.16547,1.16414,1.16438,9498
2026-01-14 00:00:00,1.16422,1.1646,1.16366,1.16379,8930
2026-01-14 04:00:00,1.1638,1.16491,1.1636,1.1642000000000001,7794
2026-01-14 08:00:00,1.1642000000000001,1.16539,1.16409,1.16517,16196
2026-01-14 12:00:00,1.1651799999999999,1.16601,1.16437,1.16501,21406
2026-01-14 16:00:00,1.16498,1.16618,1.16454,1.16469,25325
2026-01-14 20:00:00,1.16468,1.16479,1.16352,1.16443,12457
2026-01-15 00:00:00,1.16452,1.16471,1.16331,1.16388,9745
2026-01-15 04:00:00,1.16387,1.16416,1.16334,1.16354,7898
2026-01-15 08:00:00,1.16353,1.164,1.16259,1.16358,17848
2026-01-15 12:00:00,1.16358,1.16413,1.15987,1.16015,20756
2026-01-15 16:00:00,1.16016,1.16138,1.15931,1.1609099999999999,23930
2026-01-15 20:00:00,1.16092,1.16176,1.16028,1.1609,11381
2026-01-16 00:00:00,1.16033,1.16103,1.16023,1.16069,6403
2026-01-16 04:00:00,1.1607,1.16143,1.16058,1.16068,7941
2026-01-16 08:00:00,1.16067,1.16154,1.16043,1.16082,12836
2026-01-16 12:00:00,1.16082,1.16236,1.1608,1.16185,16333
2026-01-16 16:00:00,1.16187,1.16275,1.15846,1.15955,29986
2026-01-16 20:00:00,1.15954,1.16025,1.15893,1.15988,9582
2026-01-19 00:00:00,1.15785,1.16381,1.15766,1.16225,19129
2026-01-19 04:00:00,1.16226,1.16378,1.16157,1.16276,11177
2026-01-19 08:00:00,1.16275,1.16416,1.16111,1.16242,19053
2026-01-19 12:00:00,1.16243,1.16357,1.16201,1.16317,15268
2026-01-19 16:00:00,1.16316,1.16474,1.1630099999999999,1.16461,14928
2026-01-19 20:00:00,1.1646,1.16489,1.16417,1.1645699999999999,6002
2026-01-20 00:00:00,1.16403,1.16468,1.1632500000000001,1.16439,8087
2026-01-20 04:00:00,1.1644,1.16727,1.16404,1.16633,10179
2026-01-20 08:00:00,1.16631,1.17331,1.1662,1.1726,29715
2026-01-20 12:00:00,1.1726,1.1770100000000001,1.1715200000000001,1.17333,32476
2026-01-20 16:00:00,1.17333,1.17429,1.1715200000000001,1.17315,32257
2026-01-20 20:00:00,1.17314,1.17342,1.17107,1.1724999999999999,13264
2026-01-21 00:00:00,1.17188,1.1734499999999999,1.17164,1.17292,9306
2026-01-21 04:00:00,1.17291,1.17319,1.17103,1.17172,10712
2026-01-21 08:00:00,1.17173,1.17256,1.17011,1.17037,18100
2026-01-21 12:00:00,1.17036,1.17433,1.17013,1.17394,20183
2026-01-21 16:00:00,1.17394,1.17408,1.1694499999999999,1.17027,39527
2026-01-21 20:00:00,1.17027,1.17055,1.1676199999999999,1.16873,22226
2026-01-22 00:00:00,1.16815,1.16904,1.16699,1.1689,10155
2026-01-22 04:00:00,1.16889,1.16974,1.16832,1.16882,8607
2026-01-22 08:00:00,1.16883,1.16975,1.1684,1.16927,16831
2026-01-22 12:00:00,1.16928,1.17187,1.16865,1.17137,21140
2026-01-22 16:00:00,1.17138,1.17506,1.17107,1.17463,25603
2026-01-22 20:00:00,1.17462,1.17551,1.17412,1.17545,10750
2026-01-23 00:00:00,1.17484,1.17596,1.1747,1.1749100000000001,8470
2026-01-23 04:00:00,1.17492,1.17541,1.1743000000000001,1.17509,8902
2026-01-23 08:00:00,1.17509,1.17529,1.17282,1.17349,24238
2026-01-23 12:00:00,1.17351,1.17474,1.17299,1.17341,15043
2026-01-23 16:00:00,1.17343,1.17988,1.17319,1.17945,29982
2026-01-23 20:00:00,1.17944,1.18338,1.17771,1.1829399999999999,22375
2026-01-26 00:00:00,1.18602,1.18979,1.18443,1.18577,29323
2026-01-26 04:00:00,1.18578,1.18767,1.18554,1.18651,22888
2026-01-26 08:00:00,1.18651,1.18674,1.18364,1.18638,30474
2026-01-26 12:00:00,1.18638,1.18654,1.18349,1.18557,22643
2026-01-26 16:00:00,1.18558,1.19069,1.18524,1.18787,31388
2026-01-26 20:00:00,1.18789,1.18905,1.18706,1.18781,17619
2026-01-27 00:00:00,1.18739,1.18828,1.18715,1.18786,11548
2026-01-27 04:00:00,1.18785,1.18996,1.18699,1.1877,12176
2026-01-27 08:00:00,1.18771,1.189,1.18502,1.18892,22376
2026-01-27 12:00:00,1.18891,1.19386,1.1874,1.19232,35605
2026-01-27 16:00:00,1.19228,1.19903,1.19183,1.19798,53058
2026-01-27 20:00:00,1.19798,1.2082600000000001,1.19709,1.20461,47865
2026-01-28 00:00:00,1.20366,1.20449,1.19927,1.19927,18920
2026-01-28 04:00:00,1.19927,1.20052,1.19748,1.1997,17947
2026-01-28 08:00:00,1.19971,1.20258,1.1970399999999999,1.19869,30879
2026-01-28 12:00:00,1.19869,1.1995,1.19518,1.19577,26327
2026-01-28 16:00:00,1.19576,1.19776,1.19186,1.19411,48748
2026-01-28 20:00:00,1.19411,1.19532,1.18956,1.19531,34509
2026-01-29 00:00:00,1.1955,1.19854,1.19522,1.19612,18075
2026-01-29 04:00:00,1.19612,1.1993800000000001,1.19531,1.19811,16584
2026-01-29 08:00:00,1.19809,1.19965,1.19514,1.19559,29542
2026-01-29 12:00:00,1.1956,1.19709,1.1938,1.19563,29824
2026-01-29 16:00:00,1.19563,1.19725,1.19062,1.19556,73422
2026-01-29 20:00:00,1.19556,1.19715,1.19457,1.19695,31289
2026-01-30 00:00:00,1.19678,1.19748,1.1914,1.19169,33784
2026-01-30 04:00:00,1.19169,1.19353,1.18944,1.19246,46115
2026-01-30 08:00:00,1.19246,1.19434,1.18984,1.1908,38390
2026-01-30 12:00:00,1.1908,1.19547,1.19017,1.19127,36766
2026-01-30 16:00:00,1.19125,1.19212,1.18664,1.18725,53514
2026-01-30 20:00:00,1.18723,1.18851,1.18499,1.18514,31850
2026-02-02 00:00:00,1.1846700000000001,1.18748,1.18394,1.18705,34672
2026-02-02 04:00:00,1.18706,1.18749,1.18409,1.18507,21736
2026-02-02 08:00:00,1.18509,1.18667,1.18431,1.18624,36871
2026-02-02 12:00:00,1.18624,1.18715,1.18179,1.18208,32169
2026-02-02 16:00:00,1.18208,1.18301,1.17902,1.18002,48745
2026-02-02 20:00:00,1.18002,1.18014,1.17758,1.179,19804
2026-02-03 00:00:00,1.17871,1.1815,1.17856,1.1814,15274
2026-02-03 04:00:00,1.1814,1.18167,1.18006,1.18087,17323
2026-02-03 08:00:00,1.18087,1.18247,1.17922,1.17923,29419
2026-02-03 12:00:00,1.17922,1.18069,1.17825,1.17961,26205
2026-02-03 16:00:00,1.1796,1.1829,1.17801,1.18165,37700
2026-02-03 20:00:00,1.18164,1.18255,1.18059,1.1823299999999999,22154
2026-02-04 00:00:00,1.18134,1.18321,1.18087,1.18262,16522
2026-02-04 04:00:00,1.18263,1.18363,1.18188,1.18329,16197
2026-02-04 08:00:00,1.1833,1.18383,1.1811099999999999,1.18139,24942
2026-02-04 12:00:00,1.1814,1.18271,1.18047,1.18225,26349
2026-02-04 16:00:00,1.18227,1.18258,1.17904,1.17977,45048
2026-02-04 20:00:00,1.17976,1.18098,1.17942,1.18037,23698
2026-02-05 00:00:00,1.18043,1.18084,1.17995,1.18037,9595
2026-02-05 04:00:00,1.18036,1.18053,1.17827,1.17902,14556
2026-02-05 08:00:00,1.17902,1.18089,1.17799,1.17804,22753
2026-02-05 12:00:00,1.17805,1.18155,1.17801,1.1812,32024
2026-02-05 16:00:00,1.18119,1.1822,1.17819,1.18009,42264
2026-02-05 20:00:00,1.18011,1.18029,1.1775,1.17753,13336
2026-02-06 00:00:00,1.1777,1.17884,1.17658,1.17852,14598
2026-02-06 04:00:00,1.17852,1.18015,1.17846,1.17983,10860
2026-02-06 08:00:00,1.1798,1.1802,1.1785700000000001,1.1792,19082
2026-02-06 12:00:00,1.17919,1.18113,1.17855,1.18106,17885
2026-02-06 16:00:00,1.18105,1.18263,1.18053,1.18181,25544
2026-02-06 20:00:00,1.18181,1.18241,1.18134,1.18143,10680
2026-02-09 00:00:00,1.18105,1.18338,1.18096,1.18256,16364
2026-02-09 04:00:00,1.18256,1.18364,1.1816200000000001,1.18332,13772
2026-02-09 08:00:00,1.18331,1.18699,1.1833,1.18624,27913
2026-02-09 12:00:00,1.1862300000000001,1.19056,1.18551,1.19038,28467
2026-02-09 16:00:00,1.19038,1.19268,1.18932,1.1908400000000001,29343
2026-02-09 20:00:00,1.1908400000000001,1.19224,1.19035,1.19137,13678
2026-02-10 00:00:00,1.19083,1.19147,1.18965,1.19056,9837
2026-02-10 04:00:00,1.19056,1.19173,1.19036,1.19073,11473
2026-02-10 08:00:00,1.19071,1.192,1.18993,1.1914500000000001,18597
2026-02-10 12:00:00,1.19144,1.19176,1.18882,1.19056,21309
2026-02-10 16:00:00,1.19056,1.19287,1.18931,1.18957,31555
2026-02-10 20:00:00,1.18958,1.19035,1.1886700000000001,1.18955,10841
2026-02-11 00:00:00,1.18895,1.19022,1.18863,1.18977,9944
2026-02-11 04:00:00,1.18977,1.19193,1.18977,1.19184,12288
2026-02-11 08:00:00,1.19184,1.19257,1.19101,1.1918199999999999,17292
2026-02-11 12:00:00,1.19181,1.19274,1.18331,1.18619,31206
2026-02-11 16:00:00,1.18619,1.18936,1.1851,1.18857,45654
2026-02-11 20:00:00,1.18857,1.18909,1.18686,1.18707,18066
2026-02-12 00:00:00,1.1869399999999999,1.18827,1.18667,1.1880600000000001,11105
2026-02-12 04:00:00,1.18804,1.18848,1.18581,1.18648,13264
2026-02-12 08:00:00,1.18648,1.18881,1.18523,1.18872,20189
2026-02-12 12:00:00,1.18872,1.18874,1.18671,1.18851,18974
2026-02-12 16:00:00,1.18852,1.1890100000000001,1.1859899999999999,1.18654,42185
2026-02-12 20:00:00,1.18655,1.18728,1.1856200000000001,1.18705,21768
2026-02-13 00:00:00,1.18637,1.18735,1.18602,1.18671,10590
2026-02-13 04:00:00,1.18671,1.18712,1.18579,1.18595,9679
2026-02-13 08:00:00,1.18593,1.18667,1.1847,1.18604,15948
2026-02-13 12:00:00,1.18605,1.18848,1.1852800000000001,1.18744,22845
2026-02-13 16:00:00,1.18742,1.18829,1.1847699999999999,1.18749,31005
2026-02-13 20:00:00,1.18751,1.18807,1.18643,1.18681,11421
2026-02-16 00:00:00,1.18675,1.18707,1.18589,1.18653,11732
2026-02-16 04:00:00,1.18653,1.18692,1.18608,1.18651,9482
2026-02-16 08:00:00,1.1865,1.18706,1.18569,1.18643,14273
2026-02-16 12:00:00,1.18642,1.18678,1.18489,1.18548,13309
2026-02-16 16:00:00,1.18547,1.18637,1.18461,1.18483,13194
2026-02-16 20:00:00,1.18481,1.18552,1.1848,1.1851,5859
2026-02-17 00:00:00,1.1849,1.18522,1.18407,1.18445,10205
2026-02-17 04:00:00,1.18442,1.18474,1.18357,1.1841599999999999,9718
2026-02-17 08:00:00,1.18417,1.185,1.18286,1.18468,15729
2026-02-17 12:00:00,1.18468,1.18474,1.18157,1.18222,19919
2026-02-17 16:00:00,1.1822300000000001,1.18422,1.1804999999999999,1.18393,30912
2026-02-17 20:00:00,1.18393,1.18547,1.18387,1.18533,13356
2026-02-18 00:00:00,1.18508,1.18578,1.18425,1.18463,8553
2026-02-18 04:00:00,1.18464,1.18476,1.18392,1.18459,7824
2026-02-18 08:00:00,1.18459,1.18466,1.18283,1.18363,15928
2026-02-18 12:00:00,1.18362,1.18487,1.18235,1.18237,18185
2026-02-18 16:00:00,1.18238,1.18278,1.18019,1.18059,24972
2026-02-18 20:00:00,1.18061,1.18075,1.1782,1.17835,13910
2026-02-19 00:00:00,1.17821,1.17953,1.17814,1.17946,8712
2026-02-19 04:00:00,1.17947,1.17958,1.17847,1.17915,10309
2026-02-19 08:00:00,1.17914,1.18078,1.17897,1.17997,16694
2026-02-19 12:00:00,1.17999,1.1803,1.17512,1.17656,21748
2026-02-19 16:00:00,1.17655,1.17757,1.17418,1.17658,31883
2026-02-19 20:00:00,1.1766,1.17782,1.17591,1.17754,11405
2026-02-20 00:00:00,1.17671,1.17763,1.1755,1.1758899999999999,9382
2026-02-20 04:00:00,1.1759,1.176,1.1750099999999999,1.17554,8795
2026-02-20 08:00:00,1.17555,1.17682,1.17432,1.17667,18746
2026-02-20 12:00:00,1.17667,1.17836,1.1757,1.17693,21405
2026-02-20 16:00:00,1.1769,1.1807400000000001,1.17553,1.17801,48943
2026-02-20 20:00:00,1.178,1.17991,1.1777,1.17859,19749
2026-02-23 00:00:00,1.17895,1.18349,1.17872,1.18262,27835
2026-02-23 04:00:00,1.18261,1.18314,1.1815,1.18199,17441
2026-02-23 08:00:00,1.18199,1.18339,1.18003,1.18009,19084
2026-02-23 12:00:00,1.1801,1.1801300000000001,1.17743,1.17961,24284
2026-02-23 16:00:00,1.17961,1.1810100000000001,1.17881,1.17988,34369
2026-02-23 20:00:00,1.1798899999999999,1.18011,1.17856,1.1786,19807
2026-02-24 00:00:00,1.17845,1.17965,1.17715,1.1782,18175
2026-02-24 04:00:00,1.17819,1.17855,1.17678,1.17799,17282
2026-02-24 08:00:00,1.17798,1.17931,1.17715,1.17878,26100
2026-02-24 12:00:00,1.17878,1.17912,1.17679,1.17721,22576
2026-02-24 16:00:00,1.1772,1.17901,1.17659,1.17854,29434
2026-02-24 20:00:00,1.17855,1.17868,1.1773500000000001,1.17736,15981
2026-02-25 00:00:00,1.17729,1.17823,1.17708,1.17779,15279
2026-02-25 04:00:00,1.17778,1.18055,1.17777,1.18008,22722
2026-02-25 08:00:00,1.18008,1.18081,1.17855,1.17877,22581
2026-02-25 12:00:00,1.17877,1.17903,1.1771099999999999,1.17734,18441
2026-02-25 16:00:00,1.17733,1.18145,1.17729,1.18071,24124
2026-02-25 20:00:00,1.18072,1.1813,1.18027,1.18094,10394
2026-02-26 00:00:00,1.18056,1.1829,1.17999,1.18274,10490
2026-02-26 04:00:00,1.18274,1.18291,1.18125,1.1819600000000001,10860
2026-02-26 08:00:00,1.18198,1.18224,1.17966,1.17971,17137
2026-02-26 12:00:00,1.17969,1.18169,1.17931,1.18069,15854
2026-02-26 16:00:00,1.18068,1.1816,1.17738,1.1776200000000001,29658
2026-02-26 20:00:00,1.17761,1.18038,1.17739,1.17994,12031
2026-02-27 00:00:00,1.17916,1.1806,1.17889,1.17903,11580
2026-02-27 04:00:00,1.17904,1.18133,1.17904,1.18083,9989
2026-02-27 08:00:00,1.18083,1.18219,1.1792799999999999,1.17954,18424
2026-02-27 12:00:00,1.17954,1.18084,1.17904,1.1792799999999999,20399
2026-02-27 16:00:00,1.17929,1.18271,1.17908,1.18164,32639
2026-02-27 20:00:00,1.18166,1.1826,1.18112,1.18125,12633
2026-03-02 00:00:00,1.17651,1.17941,1.17551,1.1791800000000001,23119
2026-03-02 04:00:00,1.17917,1.17959,1.17658,1.17662,14094
2026-03-02 08:00:00,1.17661,1.17667,1.16978,1.17329,36499
2026-03-02 12:00:00,1.17329,1.17471,1.16951,1.16983,27855
2026-03-02 16:00:00,1.16982,1.17237,1.16715,1.17071,40750
2026-03-02 20:00:00,1.17069,1.17136,1.16785,1.1691,21367
2026-03-03 00:00:00,1.16853,1.17071,1.16838,1.1697,12799
2026-03-03 04:00:00,1.1697,1.16992,1.16649,1.16667,18164
2026-03-03 08:00:00,1.16667,1.16718,1.1598600000000001,1.16049,37163
2026-03-03 12:00:00,1.16049,1.16155,1.15821,1.15907,40109
2026-03-03 16:00:00,1.15906,1.16061,1.153,1.15904,64259
2026-03-03 20:00:00,1.15904,1.16259,1.15899,1.16112,29617
2026-03-04 00:00:00,1.16121,1.16206,1.15748,1.15936,19027
2026-03-04 04:00:00,1.15937,1.16106,1.15869,1.15954,21320
2026-03-04 08:00:00,1.15954,1.16283,1.15896,1.16085,31933
2026-03-04 12:00:00,1.16085,1.16549,1.16084,1.16311,40748
2026-03-04 16:00:00,1.1631,1.16463,1.16166,1.1633,40688
2026-03-04 20:00:00,1.1633,1.16439,1.16233,1.1636199999999999,14020
2026-03-05 00:00:00,1.16282,1.16474,1.16266,1.1628,14626
2026-03-05 04:00:00,1.16279,1.1632,1.1594,1.15947,20201
2026-03-05 08:00:00,1.15947,1.16446,1.15815,1.16226,45565
2026-03-05 12:00:00,1.16225,1.16318,1.15896,1.15976,31510
2026-03-05 16:00:00,1.15976,1.16092,1.15588,1.15879,52199
2026-03-05 20:00:00,1.15878,1.16106,1.157,1.16075,34983
2026-03-06 00:00:00,1.1605699999999999,1.16202,1.16015,1.16149,13982
2026-03-06 04:00:00,1.16147,1.16212,1.16055,1.16064,14480
2026-03-06 08:00:00,1.16065,1.16184,1.15717,1.15738,26240
2026-03-06 12:00:00,1.15738,1.15934,1.15504,1.1555,43947
2026-03-06 16:00:00,1.1555,1.16132,1.15459,1.1595900000000001,65085
2026-03-06 20:00:00,1.15958,1.16216,1.1593,1.16135,32236
2026-03-09 00:00:00,1.15461,1.15573,1.1516,1.15175,33921
2026-03-09 04:00:00,1.15174,1.15297,1.15072,1.15261,35970
2026-03-09 08:00:00,1.15261,1.15716,1.15154,1.15346,58482
2026-03-09 12:00:00,1.15347,1.15732,1.15309,1.1553200000000001,52419
2026-03-09 16:00:00,1.1553200000000001,1.15994,1.15475,1.15875,63767
2026-03-09 20:00:00,1.15875,1.16337,1.15753,1.1629800000000001,39283
2026-03-10 00:00:00,1.16344,1.1645699999999999,1.16117,1.1626400000000001,20762
2026-03-10 04:00:00,1.1626400000000001,1.163,1.16069,1.16116,23497
2026-03-10 08:00:00,1.16115,1.16636,1.16114,1.16458,31417
2026-03-10 12:00:00,1.16459,1.16591,1.16205,1.16344,38059
2026-03-10 16:00:00,1.16345,1.16552,1.16271,1.1651799999999999,42192
2026-03-10 20:00:00,1.16517,1.1667399999999999,1.16065,1.16096,44804
2026-03-11 00:00:00,1.16058,1.16251,1.16028,1.16181,12546
2026-03-11 04:00:00,1.16181,1.16352,1.16123,1.16336,16298
2026-03-11 08:00:00,1.1633499999999999,1.16456,1.16036,1.16127,28045
2026-03-11 12:00:00,1.16126,1.1614,1.15773,1.15825,41483
2026-03-11 16:00:00,1.15824,1.16127,1.1562999999999999,1.1571,54124
2026-03-11 20:00:00,1.1571,1.15766,1.15607,1.15655,21071
2026-03-12 00:00:00,1.15658,1.15738,1.15339,1.15459,13422
2026-03-12 04:00:00,1.15461,1.15557,1.15317,1.1533,14087
2026-03-12 08:00:00,1.15329,1.15561,1.15328,1.15473,20426
2026-03-12 12:00:00,1.1547399999999999,1.15664,1.1532499999999999,1.15394,22862
2026-03-12 16:00:00,1.15395,1.15504,1.15109,1.15219,57187
2026-03-12 20:00:00,1.15218,1.15321,1.151,1.15124,27145
2026-03-13 00:00:00,1.1510799999999999,1.15285,1.15094,1.15235,13293
2026-03-13 04:00:00,1.15235,1.15299,1.15,1.15031,18088
2026-03-13 08:00:00,1.15032,1.15067,1.1433,1.1445,31346
2026-03-13 12:00:00,1.14453,1.14886,1.14453,1.14778,38144
2026-03-13 16:00:00,1.14779,1.14904,1.14347,1.1442,53863
2026-03-13 20:00:00,1.1442,1.14462,1.14109,1.14143,26521
2026-03-16 00:00:00,1.1418,1.14557,1.14151,1.1455,19904
2026-03-16 04:00:00,1.14552,1.14567,1.14397,1.14414,22121
2026-03-16 08:00:00,1.14415,1.14455,1.14141,1.14447,24840
2026-03-16 12:00:00,1.14447,1.1488,1.14422,1.14738,26316
2026-03-16 16:00:00,1.14739,1.15023,1.14739,1.14935,36898
2026-03-16 20:00:00,1.14936,1.15251,1.14907,1.15065,26503
2026-03-17 00:00:00,1.15046,1.15103,1.1489099999999999,1.14927,11754
2026-03-17 04:00:00,1.14927,1.1503,1.1486399999999999,1.1497,13514
2026-03-17 08:00:00,1.1497,1.1518,1.14659,1.15104,22308
2026-03-17 12:00:00,1.15105,1.15248,1.1504,1.15242,24688
2026-03-17 16:00:00,1.15242,1.1543700000000001,1.15183,1.15279,39772
2026-03-17 20:00:00,1.15278,1.1547399999999999,1.15262,1.15411,14007
2026-03-18 00:00:00,1.15356,1.15446,1.15313,1.15327,19033
2026-03-18 04:00:00,1.15326,1.15427,1.1532,1.15417,9437
2026-03-18 08:00:00,1.15418,1.15495,1.15178,1.15327,15007
2026-03-18 12:00:00,1.15326,1.15555,1.15056,1.15073,30208
2026-03-18 16:00:00,1.15074,1.15297,1.14906,1.1510799999999999,44700
2026-03-18 20:00:00,1.1510799999999999,1.15248,1.14499,1.1451,33490
2026-03-19 00:00:00,1.1451,1.14746,1.1449,1.14743,14819
2026-03-19 04:00:00,1.14744,1.14913,1.14669,1.14691,15832
2026-03-19 08:00:00,1.1469,1.1477,1.14429,1.1451,29800
2026-03-19 12:00:00,1.1451,1.14901,1.1451,1.1487,46611
2026-03-19 16:00:00,1.1487,1.15389,1.14695,1.15359,81363
2026-03-19 20:00:00,1.15358,1.16163,1.15358,1.1586,39068
2026-03-20 00:00:00,1.15876,1.1595,1.1571,1.1574,11069
2026-03-20 04:00:00,1.15739,1.15771,1.15549,1.15558,12083
2026-03-20 08:00:00,1.15558,1.15809,1.15523,1.15679,20112
2026-03-20 12:00:00,1.15678,1.15801,1.15351,1.15643,35990
2026-03-20 16:00:00,1.15644,1.15666,1.15246,1.1559300000000001,54153
2026-03-20 20:00:00,1.15594,1.1572,1.15468,1.15703,32860
2026-03-23 00:00:00,1.15364,1.15649,1.15337,1.15443,21166
2026-03-23 04:00:00,1.15442,1.15618,1.15426,1.15506,22471
2026-03-23 08:00:00,1.15507,1.15526,1.1520299999999999,1.15296,34963
2026-03-23 12:00:00,1.15295,1.16197,1.14844,1.16128,88300
2026-03-23 16:00:00,1.16128,1.16401,1.15764,1.15909,97626
2026-03-23 20:00:00,1.15909,1.16376,1.15866,1.16098,36086
2026-03-24 00:00:00,1.16101,1.16178,1.15812,1.15884,17718
2026-03-24 04:00:00,1.15883,1.15961,1.15756,1.1580300000000001,24219
2026-03-24 08:00:00,1.15804,1.1618,1.15757,1.15885,37341
2026-03-24 12:00:00,1.15885,1.16007,1.15786,1.15845,38257
2026-03-24 16:00:00,1.1584699999999999,1.1607,1.15669,1.15828,63650
2026-03-24 20:00:00,1.15828,1.16284,1.1557,1.16064,48570
2026-03-25 00:00:00,1.16027,1.16309,1.16001,1.16234,16414
2026-03-25 04:00:00,1.16233,1.16245,1.15964,1.15978,17920
2026-03-25 08:00:00,1.15977,1.16166,1.15869,1.16026,28733
2026-03-25 12:00:00,1.16026,1.16137,1.1586400000000001,1.15914,34856
2026-03-25 16:00:00,1.15914,1.15991,1.15553,1.15674,51043
2026-03-25 20:00:00,1.15675,1.1584,1.1555900000000001,1.15582,22091
2026-03-26 00:00:00,1.15581,1.15649,1.15539,1.15584,8590
2026-03-26 04:00:00,1.15584,1.15726,1.15546,1.15694,12679
2026-03-26 08:00:00,1.15695,1.157,1.1547399999999999,1.1559599999999999,21128
2026-03-26 12:00:00,1.1559599999999999,1.15652,1.15224,1.1535199999999999,26412
2026-03-26 16:00:00,1.15351,1.15551,1.15309,1.15357,46598
2026-03-26 20:00:00,1.15357,1.15592,1.15194,1.15294,24899
2026-03-27 00:00:00,1.1529099999999999,1.15406,1.15244,1.15305,10597
2026-03-27 04:00:00,1.15305,1.15439,1.15297,1.15428,12518
2026-03-27 08:00:00,1.15428,1.15464,1.1515900000000001,1.15205,20373
2026-03-27 12:00:00,1.15205,1.15262,1.15017,1.15151,23444
2026-03-27 16:00:00,1.15151,1.1548,1.1514,1.15192,43733
2026-03-27 20:00:00,1.15191,1.15293,1.15062,1.15123,21003
2026-03-30 00:00:00,1.15012,1.15127,1.14875,1.1507,17160
2026-03-30 04:00:00,1.15072,1.15214,1.15014,1.15136,14294
2026-03-30 08:00:00,1.15136,1.15202,1.14906,1.14962,21153
2026-03-30 12:00:00,1.14961,1.15008,1.14729,1.14829,25920
2026-03-30 16:00:00,1.14829,1.1488,1.14432,1.14599,36144
2026-03-30 20:00:00,1.146,1.14664,1.14536,1.14595,16358
2026-03-31 00:00:00,1.1455,1.14762,1.14472,1.1475,14316
2026-03-31 04:00:00,1.14748,1.1491,1.14665,1.1469,17220
2026-03-31 08:00:00,1.1469,1.1476,1.14604,1.14667,20672
2026-03-31 12:00:00,1.14667,1.15103,1.14574,1.15028,30987
2026-03-31 16:00:00,1.15029,1.15595,1.15004,1.15404,59108
2026-03-31 20:00:00,1.1540300000000001,1.15635,1.15384,1.15536,41321
2026-04-01 00:00:00,1.15516,1.15791,1.15492,1.15746,13919
2026-04-01 04:00:00,1.15746,1.15758,1.15548,1.1565400000000001,19968
2026-04-01 08:00:00,1.1565400000000001,1.1610800000000001,1.1562000000000001,1.1596,37435
2026-04-01 12:00:00,1.1596,1.16235,1.15807,1.16045,32240
2026-04-01 16:00:00,1.16046,1.1627399999999999,1.15985,1.16191,41182
2026-04-01 20:00:00,1.16192,1.16237,1.15762,1.159,20064
2026-04-02 00:00:00,1.1581299999999999,1.1598,1.15809,1.15952,11478
2026-04-02 04:00:00,1.15951,1.16058,1.15321,1.15371,35406
2026-04-02 08:00:00,1.15371,1.15391,1.15151,1.15255,25585
2026-04-02 12:00:00,1.15255,1.15321,1.1509,1.15245,21216
2026-04-02 16:00:00,1.15243,1.1564,1.15202,1.15391,47461
2026-04-02 20:00:00,1.15392,1.15494,1.15321,1.15393,15198
2026-04-03 00:00:00,1.15328,1.15452,1.15328,1.1538,7474
2026-04-03 04:00:00,1.1538,1.15399,1.1532,1.15338,7394
2026-04-03 08:00:00,1.15338,1.15466,1.15292,1.15429,7999
2026-04-03 12:00:00,1.15428,1.15493,1.15146,1.1531,12255
2026-04-03 16:00:00,1.15309,1.15388,1.15184,1.15194,16835
2026-04-03 20:00:00,1.1519300000000001,1.15302,1.15094,1.15105,11615
2026-04-06 00:00:00,1.15219,1.15235,1.15052,1.15121,17005
2026-04-06 04:00:00,1.1512,1.1529,1.15062,1.15244,18739
2026-04-06 08:00:00,1.15244,1.15689,1.1522000000000001,1.15552,19217
2026-04-06 12:00:00,1.15552,1.15603,1.1537600000000001,1.15533,18183
2026-04-06 16:00:00,1.15533,1.1571799999999999,1.15354,1.15449,30297
2026-04-06 20:00:00,1.1545,1.15525,1.1534,1.15424,18547
2026-04-07 00:00:00,1.15388,1.15481,1.15366,1.15374,10140
2026-04-07 04:00:00,1.15375,1.1540300000000001,1.15242,1.15384,12741
2026-04-07 08:00:00,1.15384,1.15755,1.15301,1.15734,25941
2026-04-07 12:00:00,1.15734,1.15755,1.15459,1.15602,31805
2026-04-07 16:00:00,1.15602,1.1583700000000001,1.1555900000000001,1.15714,36365
2026-04-07 20:00:00,1.15712,1.16052,1.15662,1.15967,27791
2026-04-08 00:00:00,1.15928,1.1697,1.15881,1.16716,46357
2026-04-08 04:00:00,1.16716,1.16882,1.16659,1.16765,26992
2026-04-08 08:00:00,1.16765,1.1709,1.16689,1.16807,39130
2026-04-08 12:00:00,1.16806,1.17181,1.16774,1.1714,32111
2026-04-08 16:00:00,1.1714,1.17219,1.16771,1.16816,43199
2026-04-08 20:00:00,1.16817,1.16855,1.16434,1.1661299999999999,26419
2026-04-09 00:00:00,1.16527,1.16679,1.16527,1.16574,10298
2026-04-09 04:00:00,1.16573,1.16712,1.16503,1.1666400000000001,13509
2026-04-09 08:00:00,1.16666,1.1675,1.1654200000000001,1.16722,19201
2026-04-09 12:00:00,1.16722,1.16902,1.16684,1.16863,20313
2026-04-09 16:00:00,1.16862,1.17142,1.16743,1.17105,35509
2026-04-09 20:00:00,1.17107,1.17236,1.16953,1.16983,17952
2026-04-10 00:00:00,1.16961,1.17027,1.16854,1.16878,9716
2026-04-10 04:00:00,1.16878,1.1696900000000001,1.1686,1.1692,10374
2026-04-10 08:00:00,1.16919,1.16938,1.16774,1.16861,15725
2026-04-10 12:00:00,1.16861,1.17256,1.16846,1.17207,22795
2026-04-10 16:00:00,1.17206,1.17395,1.17135,1.17203,29837
2026-04-10 20:00:00,1.17204,1.17356,1.17187,1.173,14821
2026-04-13 00:00:00,1.16661,1.16879,1.16639,1.16879,17607
2026-04-13 04:00:00,1.16879,1.16903,1.16804,1.1686,11592
2026-04-13 08:00:00,1.1686,1.17003,1.16778,1.16861,18593
2026-04-13 12:00:00,1.16862,1.16998,1.16805,1.16985,20042
2026-04-13 16:00:00,1.16986,1.17315,1.16963,1.1724999999999999,32526
2026-04-13 20:00:00,1.17249,1.17658,1.1724700000000001,1.1759,17867
2026-04-14 00:00:00,1.1755,1.17682,1.17521,1.17665,8340
2026-04-14 04:00:00,1.17664,1.177,1.1756199999999999,1.17665,9930
2026-04-14 08:00:00,1.17665,1.1797,1.1758,1.17826,21681
2026-04-14 12:00:00,1.17827,1.18064,1.17818,1.18048,21757
2026-04-14 16:00:00,1.18047,1.18113,1.17875,1.17941,27537
2026-04-14 20:00:00,1.1794,1.17997,1.17904,1.1795200000000001,11218
2026-04-15 00:00:00,1.17942,1.18021,1.17868,1.1794,10303
2026-04-15 04:00:00,1.17939,1.1797,1.17788,1.17885,10466
2026-04-15 08:00:00,1.17885,1.17995,1.17827,1.1789100000000001,18220
2026-04-15 12:00:00,1.17892,1.17929,1.17721,1.17881,25262
2026-04-15 16:00:00,1.17883,1.18081,1.1784,1.18007,24996
2026-04-15 20:00:00,1.18008,1.18051,1.17926,1.18003,12855
2026-04-16 00:00:00,1.1794,1.18085,1.17938,1.1807400000000001,7724
2026-04-16 04:00:00,1.18073,1.1824,1.17968,1.18094,12295
2026-04-16 08:00:00,1.18094,1.18103,1.17765,1.17864,18391
2026-04-16 12:00:00,1.1786,1.17888,1.17724,1.17814,17357
2026-04-16 16:00:00,1.17815,1.17872,1.17669,1.17751,28335
2026-04-16 20:00:00,1.17751,1.17859,1.17681,1.17824,13385
2026-04-17 00:00:00,1.1774,1.17874,1.1774,1.17792,7813
2026-04-17 04:00:00,1.1779,1.17855,1.1773,1.17825,8809
2026-04-17 08:00:00,1.17824,1.17956,1.17721,1.17938,15744
2026-04-17 12:00:00,1.17937,1.18376,1.17909,1.1835,23411
2026-04-17 16:00:00,1.18352,1.18492,1.17921,1.17986,46109
2026-04-17 20:00:00,1.17987,1.17987,1.17604,1.17634,20218
2026-04-20 00:00:00,1.17404,1.17571,1.17283,1.17545,14864
2026-04-20 04:00:00,1.17545,1.17627,1.17505,1.17591,15910
2026-04-20 08:00:00,1.1759,1.17719,1.1747,1.1761,23598
2026-04-20 12:00:00,1.17609,1.17756,1.17551,1.17652,17861
2026-04-20 16:00:00,1.17652,1.17897,1.17611,1.17859,31411
2026-04-20 20:00:00,1.1786,1.17904,1.17785,1.17869,13309
2026-04-21 00:00:00,1.17813,1.17912,1.178,1.17827,9205
2026-04-21 04:00:00,1.17827,1.17864,1.17732,1.17755,10460
2026-04-21 08:00:00,1.17757,1.17824,1.1757,1.17653,19461
2026-04-21 12:00:00,1.17653,1.17686,1.17539,1.17594,21422
2026-04-21 16:00:00,1.17594,1.1776200000000001,1.17404,1.17415,33064
2026-04-21 20:00:00,1.17414,1.17638,1.17187,1.17422,41730
2026-04-22 00:00:00,1.17448,1.17513,1.17307,1.17437,11293
2026-04-22 04:00:00,1.17436,1.17485,1.17375,1.1739600000000001,10882
2026-04-22 08:00:00,1.17394,1.17628,1.17389,1.17537,20896
2026-04-22 12:00:00,1.17538,1.17574,1.1724700000000001,1.17276,21599
2026-04-22 16:00:00,1.17275,1.17433,1.171,1.17126,30306
2026-04-22 20:00:00,1.17126,1.17171,1.1703000000000001,1.17055,13731
2026-04-23 00:00:00,1.17046,1.17139,1.16921,1.17115,13243
2026-04-23 04:00:00,1.17116,1.17129,1.16942,1.17003,16769
2026-04-23 08:00:00,1.17001,1.17121,1.16937,1.17015,20496
2026-04-23 12:00:00,1.17015,1.17024,1.1679,1.16922,27966
2026-04-23 16:00:00,1.16922,1.17166,1.16831,1.17021,30899
2026-04-23 20:00:00,1.17021,1.17029,1.16693,1.16826,35744
2026-04-24 00:00:00,1.16806,1.16887,1.16761,1.16855,11338
2026-04-24 04:00:00,1.16855,1.16896,1.16728,1.16789,13233
2026-04-24 08:00:00,1.1679,1.16962,1.1676,1.169,17841
2026-04-24 12:00:00,1.169,1.17187,1.16839,1.17089,26095
2026-04-24 16:00:00,1.1709,1.172,1.16986,1.1719,34074
2026-04-24 20:00:00,1.17192,1.17226,1.17109,1.17222,14801
2026-04-27 00:00:00,1.16976,1.17174,1.16952,1.1716199999999999,13207
2026-04-27 04:00:00,1.17163,1.17328,1.17163,1.17265,21080
2026-04-27 08:00:00,1.17265,1.1751,1.17168,1.17484,24014
2026-04-27 12:00:00,1.17485,1.17551,1.17378,1.17445,19328
2026-04-27 16:00:00,1.17446,1.17541,1.17253,1.17262,25379
2026-04-27 20:00:00,1.17261,1.173,1.1718899999999999,1.17215,13874
2026-04-28 00:00:00,1.17209,1.17272,1.17172,1.1719,8112
2026-04-28 04:00:00,1.1719,1.1719,1.17078,1.1712500000000001,15472
2026-04-28 08:00:00,1.1712500000000001,1.17134,1.1686,1.1702,20513
2026-04-28 12:00:00,1.1702,1.17023,1.16773,1.1696900000000001,19992
2026-04-28 16:00:00,1.1697,1.17171,1.16886,1.17105,24309
2026-04-28 20:00:00,1.17105,1.1718,1.17065,1.17138,11785
2026-04-29 00:00:00,1.171,1.17208,1.17097,1.17155,6966
2026-04-29 04:00:00,1.17156,1.17169,1.17044,1.17055,11207
2026-04-29 08:00:00,1.17054,1.17083,1.1693500000000001,1.17001,14254
2026-04-29 12:00:00,1.17,1.17098,1.16933,1.16991,15728
2026-04-29 16:00:00,1.16991,1.1703999999999999,1.16825,1.16848,24145
2026-04-29 20:00:00,1.16849,1.16905,1.1661299999999999,1.16732,21584
2026-04-30 00:00:00,1.16608,1.16893,1.16608,1.16791,10381
2026-04-30 04:00:00,1.16791,1.1682,1.16552,1.16602,14049
2026-04-30 08:00:00,1.166,1.16977,1.16577,1.1679599999999999,20249
2026-04-30 12:00:00,1.1679599999999999,1.17197,1.16731,1.16926,46649
2026-04-30 16:00:00,1.16927,1.1736,1.16817,1.17254,49242
2026-04-30 20:00:00,1.17254,1.17419,1.17221,1.17329,20707
2026-05-01 00:00:00,1.17271,1.17361,1.17241,1.17275,11296
2026-05-01 04:00:00,1.17275,1.17366,1.17251,1.17266,11840
2026-05-01 08:00:00,1.17267,1.17483,1.17187,1.17437,24812
2026-05-01 12:00:00,1.17438,1.17691,1.17307,1.17577,22853
2026-05-01 16:00:00,1.17576,1.17854,1.17376,1.17381,36367
2026-05-01 20:00:00,1.1738,1.1740599999999999,1.17154,1.17203,18631
2026-05-04 00:00:00,1.17452,1.17481,1.17215,1.17272,15491
2026-05-04 04:00:00,1.17271,1.1739,1.17202,1.17293,18392
2026-05-04 08:00:00,1.17292,1.17373,1.17115,1.1718899999999999,21301
2026-05-04 12:00:00,1.1719,1.17239,1.16889,1.17093,35010
2026-05-04 16:00:00,1.17093,1.1718,1.16808,1.1682299999999999,43515
2026-05-04 20:00:00,1.1682299999999999,1.17024,1.16818,1.16913,22187
2026-05-05 00:00:00,1.16882,1.1694,1.16834,1.16865,7504
2026-05-05 04:00:00,1.16865,1.16915,1.16769,1.16777,11137
2026-05-05 08:00:00,1.16776,1.1696900000000001,1.16765,1.16887,22313
2026-05-05 12:00:00,1.16888,1.1697899999999999,1.16812,1.16925,25099
2026-05-05 16:00:00,1.16924,1.17138,1.16916,1.16994,27396
2026-05-05 20:00:00,1.16992,1.17042,1.16921,1.1694,12879
2026-05-06 00:00:00,1.16912,1.17256,1.16907,1.17204,15117
2026-05-06 04:00:00,1.17203,1.17429,1.17156,1.1736900000000001,21766
2026-05-06 08:00:00,1.1737,1.17707,1.17244,1.17625,29507
2026-05-06 12:00:00,1.17626,1.17967,1.1751800000000001,1.17538,41337
2026-05-06 16:00:00,1.17537,1.17631,1.17418,1.17443,34357
2026-05-06 20:00:00,1.17442,1.17558,1.17427,1.17468,15359
2026-05-07 00:00:00,1.17434,1.17543,1.17433,1.17486,10377
2026-05-07 04:00:00,1.17486,1.17635,1.17465,1.17508,14694
2026-05-07 08:00:00,1.17507,1.17743,1.17449,1.17716,26520
2026-05-07 12:00:00,1.17716,1.17782,1.17622,1.17729,24397
2026-05-07 16:00:00,1.17728,1.17781,1.17566,1.17605,33887
2026-05-07 20:00:00,1.17606,1.17608,1.17287,1.17292,32417
2026-05-08 00:00:00,1.17254,1.17349,1.172,1.17269,12709
2026-05-08 04:00:00,1.1727,1.1736,1.17245,1.17351,14598
2026-05-08 08:00:00,1.17352,1.1766,1.17328,1.1764000000000001,21445
2026-05-08 12:00:00,1.17639,1.17789,1.17574,1.17742,22905
2026-05-08 16:00:00,1.17741,1.17872,1.17663,1.1771099999999999,30158
2026-05-08 20:00:00,1.1771,1.17882,1.17705,1.17875,13914
2026-05-11 00:00:00,1.17456,1.17722,1.17442,1.177,15161
2026-05-11 04:00:00,1.1770100000000001,1.17713,1.1750099999999999,1.17505,12186
2026-05-11 08:00:00,1.17504,1.17823,1.17487,1.17716,16206
2026-05-11 12:00:00,1.17715,1.17748,1.17634,1.1774499999999999,18753
2026-05-11 16:00:00,1.17746,1.17879,1.17722,1.17734,26157
2026-05-11 20:00:00,1.17733,1.17832,1.17708,1.17809,11868
2026-05-12 00:00:00,1.17781,1.1788,1.17662,1.17672,8728
2026-05-12 04:00:00,1.17669,1.17691,1.17547,1.17571,14443
2026-05-12 08:00:00,1.17571,1.17681,1.17394,1.17448,24072
2026-05-12 12:00:00,1.17449,1.17519,1.17348,1.17478,23054
2026-05-12 16:00:00,1.17478,1.17502,1.17219,1.1728399999999999,31352
2026-05-12 20:00:00,1.1728399999999999,1.1747,1.17272,1.17403,15041
2026-05-13 00:00:00,1.1734499999999999,1.17415,1.17327,1.17382,9630
2026-05-13 04:00:00,1.17383,1.17419,1.17318,1.17344,11530
2026-05-13 08:00:00,1.17344,1.17371,1.17002,1.17029,16726
2026-05-13 12:00:00,1.17029,1.17174,1.16952,1.17018,22535
2026-05-13 16:00:00,1.17018,1.17181,1.17009,1.17087,25502
2026-05-13 20:00:00,1.17086,1.17139,1.17039,1.17131,13141
2026-05-14 00:00:00,1.17057,1.1718899999999999,1.17045,1.17172,10015
2026-05-14 04:00:00,1.17171,1.17177,1.17097,1.17144,13438
2026-05-14 08:00:00,1.17144,1.17215,1.17048,1.17111,19226
2026-05-14 12:00:00,1.17111,1.17134,1.16962,1.16972,19306
2026-05-14 16:00:00,1.16971,1.17003,1.16707,1.16765,31353
2026-05-14 20:00:00,1.16764,1.16809,1.16658,1.16688,15024
2026-05-15 00:00:00,1.16678,1.1673,1.1652,1.16554,12524
2026-05-15 04:00:00,1.16554,1.16576,1.16456,1.16472,16209
2026-05-15 08:00:00,1.16472,1.16491,1.16304,1.16331,27231
2026-05-15 12:00:00,1.16332,1.16556,1.16173,1.16262,30455
2026-05-15 16:00:00,1.16263,1.1638,1.16189,1.1629800000000001,31796
2026-05-15 20:00:00,1.16299,1.1635900000000001,1.16168,1.16236,17043
2026-05-18 00:00:00,1.16172,1.16246,1.1608100000000001,1.1611799999999999,16155
2026-05-18 04:00:00,1.16117,1.16263,1.16083,1.16208,23781
2026-05-18 08:00:00,1.16208,1.16454,1.16168,1.16417,23896
2026-05-18 12:00:00,1.16416,1.16574,1.16263,1.16513,26670
2026-05-18 16:00:00,1.16513,1.16563,1.16333,1.16516,35783
2026-05-18 20:00:00,1.16513,1.16609,1.16286,1.16549,23354
2026-05-19 00:00:00,1.16547,1.16623,1.16437,1.16446,12361
2026-05-19 04:00:00,1.1644700000000001,1.16529,1.16354,1.16365,16661
2026-05-19 08:00:00,1.16366,1.16459,1.16222,1.16234,22261
2026-05-19 12:00:00,1.16234,1.16268,1.16109,1.16167,25620
2026-05-19 16:00:00,1.16166,1.16181,1.1592,1.1607,38843
2026-05-19 20:00:00,1.1607,1.1615,1.16026,1.16053,15832
2026-05-20 00:00:00,1.16019,1.16131,1.15964,1.16015,11432
2026-05-20 04:00:00,1.16013,1.16069,1.1593499999999999,1.15971,20184
2026-05-20 08:00:00,1.15971,1.16061,1.15836,1.15904,22743
2026-05-20 12:00:00,1.15902,1.16056,1.15873,1.15954,18810
2026-05-20 16:00:00,1.15955,1.16452,1.15826,1.16256,47128
2026-05-20 20:00:00,1.16257,1.1635900000000001,1.16155,1.1626,20210
2026-05-21 00:00:00,1.16211,1.16292,1.16184,1.16287,10505
2026-05-21 04:00:00,1.16287,1.16353,1.16156,1.16221,15182
2026-05-21 08:00:00,1.1622,1.16357,1.1594,1.16235,28865
2026-05-21 12:00:00,1.16235,1.1633499999999999,1.15933,1.15972,29900
2026-05-21 16:00:00,1.15971,1.16013,1.15763,1.15954,36264
2026-05-21 20:00:00,1.15955,1.16302,1.15927,1.16181,31956
2026-05-22 00:00:00,1.16198,1.16212,1.16122,1.16145,10209
2026-05-22 04:00:00,1.1614200000000001,1.1616,1.16087,1.16153,10702
2026-05-22 08:00:00,1.16151,1.16171,1.16013,1.16077,18874
2026-05-22 12:00:00,1.16076,1.16082,1.15932,1.16043,20538
2026-05-22 16:00:00,1.16043,1.16185,1.15882,1.1610800000000001,28791
2026-05-22 20:00:00,1.1610800000000001,1.16193,1.15982,1.16026,17471
2026-05-25 00:00:00,1.16357,1.16491,1.16278,1.16368,16989
2026-05-25 04:00:00,1.16367,1.16471,1.16355,1.16421,19646
2026-05-25 08:00:00,1.16422,1.16454,1.16297,1.16438,21441
2026-05-25 12:00:00,1.16439,1.1653,1.16402,1.16482,14060
2026-05-25 16:00:00,1.16482,1.16499,1.16367,1.16411,17560
2026-05-25 20:00:00,1.16411,1.16443,1.16402,1.16434,8304
2026-05-26 00:00:00,1.16369,1.16435,1.16338,1.16389,13732
2026-05-26 04:00:00,1.16388,1.16399,1.16294,1.16295,14216
2026-05-26 08:00:00,1.16295,1.1642299999999999,1.16239,1.16366,16817
2026-05-26 12:00:00,1.16365,1.16454,1.1631,1.16319,17465
2026-05-26 16:00:00,1.1632,1.16331,1.16162,1.1623999999999999,24939
2026-05-26 20:00:00,1.16241,1.16331,1.1621299999999999,1.16316,10325
2026-05-27 00:00:00,1.16268,1.16407,1.16235,1.16382,9675
2026-05-27 04:00:00,1.16382,1.16426,1.16329,1.16411,10957
2026-05-27 08:00:00,1.16411,1.16495,1.16371,1.16451,16758
2026-05-27 12:00:00,1.1645,1.1661299999999999,1.16328,1.1644,25108
2026-05-27 16:00:00,1.16437,1.16524,1.16224,1.16322,35804
2026-05-27 20:00:00,1.16322,1.16331,1.16221,1.16263,13356
2026-05-28 00:00:00,1.16279,1.16305,1.1616,1.16206,10315
2026-05-28 04:00:00,1.16206,1.16212,1.15862,1.1592,16817
2026-05-28 08:00:00,1.1592,1.16176,1.15889,1.16157,18188
2026-05-28 12:00:00,1.16156,1.16383,1.16034,1.16365,20418
2026-05-28 16:00:00,1.16365,1.16615,1.16269,1.1656900000000001,35178
2026-05-28 20:00:00,1.1657,1.16575,1.16448,1.16493,14450
2026-05-29 00:00:00,1.1651,1.16559,1.16474,1.16487,8250
2026-05-29 04:00:00,1.16486,1.16567,1.16342,1.16391,12776
2026-05-29 08:00:00,1.16392,1.16545,1.16249,1.16282,17196
2026-05-29 12:00:00,1.16282,1.16492,1.16265,1.16491,18714
2026-05-29 16:00:00,1.1649,1.16859,1.16403,1.16719,32595
2026-05-29 20:00:00,1.1672,1.1673499999999999,1.16596,1.16598,15420
