time,open,high,low,close,volume
2022-03-14 04:00:00,153.383,153.41,153.184,153.363,12726
2022-03-14 08:00:00,153.362,153.844,153.291,153.811,24304
2022-03-14 12:00:00,153.814,154.19,153.536,153.985,31670
2022-03-14 16:00:00,153.985,154.128,153.613,153.68,29271
2022-03-14 20:00:00,153.679,153.796,153.559,153.681,14444
2022-03-15 00:00:00,153.67,154.042,153.657,153.905,14687
2022-03-15 04:00:00,153.906,154.494,153.871,154.392,17014
2022-03-15 08:00:00,154.391,154.394,153.227,153.851,32824
2022-03-15 12:00:00,153.851,154.322,153.729,154.113,31591
2022-03-15 16:00:00,154.111,154.694,154.088,154.333,35090
2022-03-15 20:00:00,154.332,154.352,154.116,154.228,16255
2022-03-16 00:00:00,154.232,154.448,154.201,154.376,14492
2022-03-16 04:00:00,154.377,154.441,154.25,154.392,10247
2022-03-16 08:00:00,154.386,154.665,154.253,154.534,25772
2022-03-16 12:00:00,154.535,154.937,154.439,154.779,29082
2022-03-16 16:00:00,154.78,155.496,154.646,155.163,38204
2022-03-16 20:00:00,155.162,156.155,155.099,156.119,43864
2022-03-17 00:00:00,156.101,156.57,155.977,156.064,22724
2022-03-17 04:00:00,156.062,156.329,156.023,156.299,17258
2022-03-17 08:00:00,156.298,156.613,156.213,156.267,24036
2022-03-17 12:00:00,156.27,156.713,155.456,155.765,32893
2022-03-17 16:00:00,155.766,156.02,155.547,156.015,26718
2022-03-17 20:00:00,156.015,156.092,155.872,155.935,11224
2022-03-18 00:00:00,155.936,156.326,155.858,156.238,15228
2022-03-18 04:00:00,156.238,156.349,156.171,156.321,11874
2022-03-18 08:00:00,156.321,156.55,156.027,156.257,20527
2022-03-18 12:00:00,156.258,156.601,156.2,156.527,23969
2022-03-18 16:00:00,156.527,157.222,156.51,157.16,26038
2022-03-18 20:00:00,157.16,157.162,156.969,157.002,12275
2022-03-21 00:00:00,156.872,157.138,156.78,156.93,11571
2022-03-21 04:00:00,156.931,156.935,156.784,156.901,8010
2022-03-21 08:00:00,156.902,156.99,156.665,156.809,19157
2022-03-21 12:00:00,156.809,157.172,156.377,156.981,23196
2022-03-21 16:00:00,156.984,157.507,156.964,157.293,31048
2022-03-21 20:00:00,157.293,157.353,157.146,157.268,15928
2022-03-22 00:00:00,157.241,157.788,157.24,157.529,16481
2022-03-22 04:00:00,157.529,158.164,157.529,157.946,17951
2022-03-22 08:00:00,157.945,159.394,157.883,159.323,28594
2022-03-22 12:00:00,159.324,160.077,159.263,160.024,37515
2022-03-22 16:00:00,160.026,160.176,159.728,160.103,30474
2022-03-22 20:00:00,160.103,160.274,159.951,160.209,13456
2022-03-23 00:00:00,160.198,161.026,160.166,160.906,21382
2022-03-23 04:00:00,160.907,161.099,160.689,160.807,13837
2022-03-23 08:00:00,160.816,160.936,159.798,160.052,23732
2022-03-23 12:00:00,160.052,160.117,159.036,159.079,31271
2022-03-23 16:00:00,159.077,159.961,159.06,159.895,27948
2022-03-23 20:00:00,159.893,160.041,159.817,159.917,10128
2022-03-24 00:00:00,159.895,160.124,159.584,159.907,17202
2022-03-24 04:00:00,159.908,160.154,159.8,160.106,16920
2022-03-24 08:00:00,160.106,160.686,159.99,160.302,30596
2022-03-24 12:00:00,160.304,160.846,160.221,160.768,32541
2022-03-24 16:00:00,160.763,161.346,160.458,161.078,34888
2022-03-24 20:00:00,161.079,161.408,161.062,161.3,13689
2022-03-25 00:00:00,161.3,161.501,160.616,161.102,22789
2022-03-25 04:00:00,161.102,161.102,160.164,160.874,23032
2022-03-25 08:00:00,160.874,161.114,159.851,160.118,28619
2022-03-25 12:00:00,160.117,161.224,160.022,161.074,27818
2022-03-25 16:00:00,161.074,161.278,160.664,161.106,34589
2022-03-25 20:00:00,161.109,161.151,160.891,160.92,10257
2022-03-28 00:00:00,160.819,161.18,160.765,160.839,11793
2022-03-28 04:00:00,160.836,162.006,160.804,161.769,30177
2022-03-28 08:00:00,161.77,164.64,161.589,164.124,42173
2022-03-28 12:00:00,164.124,164.134,161.65,161.989,53911
2022-03-28 16:00:00,161.989,162.274,161.206,161.531,47559
2022-03-28 20:00:00,161.53,162.283,161.441,162.147,19137
2022-03-29 00:00:00,162.211,162.716,161.511,162.373,20945
2022-03-29 04:00:00,162.37,162.428,161.218,161.523,31708
2022-03-29 08:00:00,161.522,162.307,161.475,161.58,35797
2022-03-29 12:00:00,161.58,162.617,161.043,161.497,50543
2022-03-29 16:00:00,161.496,161.594,160.271,160.51,50995
2022-03-29 20:00:00,160.51,161.053,160.257,160.826,16800
2022-03-30 00:00:00,160.832,161.367,160.35,160.43,19249
2022-03-30 04:00:00,160.433,160.494,159.042,159.693,40119
2022-03-30 08:00:00,159.692,160.111,159.478,159.804,38506
2022-03-30 12:00:00,159.805,160.497,159.756,160.338,40212
2022-03-30 16:00:00,160.34,160.85,160.098,160.218,40914
2022-03-30 20:00:00,160.217,160.247,159.899,159.923,16707
2022-03-31 00:00:00,160.007,160.826,159.807,160.701,18522
2022-03-31 04:00:00,160.701,160.887,160.182,160.306,28752
2022-03-31 08:00:00,160.307,160.351,159.446,160.307,42243
2022-03-31 12:00:00,160.307,160.32,159.519,159.795,37648
2022-03-31 16:00:00,159.796,159.94,159.438,159.705,44642
2022-03-31 20:00:00,159.708,160.016,159.614,159.804,19312
2022-04-01 00:00:00,159.794,160.534,159.732,160.426,16997
2022-04-01 04:00:00,160.426,161.188,160.37,160.984,25509
2022-04-01 08:00:00,160.985,161.053,160.468,160.92,30751
2022-04-01 12:00:00,160.92,161.077,160.625,161.012,31996
2022-04-01 16:00:00,161.012,161.135,160.573,160.624,37510
2022-04-01 20:00:00,160.624,160.751,160.386,160.728,14302
2022-04-04 00:00:00,160.545,160.853,160.274,160.494,13635
2022-04-04 04:00:00,160.494,161.015,160.471,160.812,16977
2022-04-04 08:00:00,160.813,161.172,160.747,160.824,27626
2022-04-04 12:00:00,160.824,161.066,160.721,160.738,26045
2022-04-04 16:00:00,160.739,161.307,160.724,160.841,30388
2022-04-04 20:00:00,160.84,161.096,160.744,161.011,13188
2022-04-05 00:00:00,161.025,161.088,160.506,160.693,11354
2022-04-05 04:00:00,160.689,160.903,160.604,160.784,14868
2022-04-05 08:00:00,160.787,161.504,160.726,161.144,27368
2022-04-05 12:00:00,161.146,161.495,161.088,161.354,28308
2022-04-05 16:00:00,161.359,161.972,161.266,161.708,37388
2022-04-05 20:00:00,161.708,161.862,161.535,161.561,17439
2022-04-06 00:00:00,161.56,161.875,161.448,161.78,13637
2022-04-06 04:00:00,161.783,162.133,161.653,161.894,22129
2022-04-06 08:00:00,161.894,162.202,161.678,162.125,31301
2022-04-06 12:00:00,162.125,162.244,161.917,162.121,30390
2022-04-06 16:00:00,162.121,162.282,161.712,161.814,32196
2022-04-06 20:00:00,161.814,162.014,161.633,161.768,32585
2022-04-07 00:00:00,161.756,161.986,161.396,161.627,11636
2022-04-07 04:00:00,161.627,161.856,161.598,161.803,17722
2022-04-07 08:00:00,161.803,162.272,161.692,161.763,28057
2022-04-07 12:00:00,161.762,162.237,161.614,162.047,32535
2022-04-07 16:00:00,162.047,162.132,161.64,161.764,37376
2022-04-07 20:00:00,161.764,162.135,161.754,161.972,17918
2022-04-08 00:00:00,161.994,162.357,161.735,161.802,15507
2022-04-08 04:00:00,161.806,162.02,161.647,161.923,16526
2022-04-08 08:00:00,161.923,162.126,161.644,161.874,24099
2022-04-08 12:00:00,161.873,162.014,161.72,162.002,25062
2022-04-08 16:00:00,162.001,162.123,161.722,162.095,35050
2022-04-08 20:00:00,162.096,162.171,161.972,161.982,14522
2022-04-11 00:00:00,161.816,162.302,161.464,162.224,11964
2022-04-11 04:00:00,162.224,162.689,162.176,162.604,25625
2022-04-11 08:00:00,162.606,163.331,162.543,163.289,33000
2022-04-11 12:00:00,163.286,163.846,163.239,163.684,28182
2022-04-11 16:00:00,163.681,163.744,163.319,163.478,30091
2022-04-11 20:00:00,163.477,163.616,163.258,163.312,15666
2022-04-12 00:00:00,163.301,163.547,163.102,163.358,15532
2022-04-12 04:00:00,163.359,163.427,163.102,163.282,19910
2022-04-12 08:00:00,163.281,163.629,163.247,163.357,32993
2022-04-12 12:00:00,163.358,163.538,162.78,163.022,32689
2022-04-12 16:00:00,163.033,163.421,162.986,163.082,46774
2022-04-12 20:00:00,163.082,163.177,162.855,162.943,19843
2022-04-13 00:00:00,162.936,163.213,162.88,163.165,13606
2022-04-13 04:00:00,163.167,163.43,163.144,163.328,12680
2022-04-13 08:00:00,163.328,164.074,163.299,163.936,28967
2022-04-13 12:00:00,163.935,164.064,163.479,163.598,29389
2022-04-13 16:00:00,163.598,164.475,163.407,164.438,35548
2022-04-13 20:00:00,164.436,164.843,164.396,164.615,17042
2022-04-14 00:00:00,164.617,164.848,164.353,164.611,15574
2022-04-14 04:00:00,164.611,164.679,164.365,164.583,15875
2022-04-14 08:00:00,164.581,164.794,164.271,164.692,28268
2022-04-14 12:00:00,164.694,164.775,164.36,164.395,33082
2022-04-14 16:00:00,164.4,164.522,164.032,164.424,42945
2022-04-14 20:00:00,164.423,164.775,164.387,164.472,14979
2022-04-15 00:00:00,164.462,165.029,164.393,164.909,15209
2022-04-15 04:00:00,164.914,165.247,164.75,165.152,45707
2022-04-15 08:00:00,165.152,165.408,164.931,165.263,45298
2022-04-15 12:00:00,165.249,165.343,165.071,165.228,45412
2022-04-15 16:00:00,165.227,165.307,164.945,165.087,22362
2022-04-15 20:00:00,165.087,165.23,164.967,165.088,22265
2022-04-18 00:00:00,164.98,165.419,164.784,165.091,15042
2022-04-18 04:00:00,165.091,165.165,164.754,164.907,22002
2022-04-18 08:00:00,164.905,165.018,164.637,164.806,16337
2022-04-18 12:00:00,164.807,165.086,164.718,164.943,17161
2022-04-18 16:00:00,164.94,165.18,164.817,165.177,26121
2022-04-18 20:00:00,165.177,165.28,165.071,165.276,16849
2022-04-19 00:00:00,165.258,165.619,165.143,165.582,12718
2022-04-19 04:00:00,165.582,166.643,165.527,166.571,28415
2022-04-19 08:00:00,166.571,167.396,166.162,167.318,37808
2022-04-19 12:00:00,167.318,167.405,166.739,167.014,34085
2022-04-19 16:00:00,167.013,167.541,166.935,167.47,41492
2022-04-19 20:00:00,167.468,167.609,167.302,167.518,19712
2022-04-20 00:00:00,167.507,168.427,167.437,168.32,23143
2022-04-20 04:00:00,168.32,168.414,167.048,167.588,40156
2022-04-20 08:00:00,167.588,167.785,167.173,167.301,32024
2022-04-20 12:00:00,167.302,167.399,166.517,167.24,39462
2022-04-20 16:00:00,167.239,167.239,166.426,166.899,39853
2022-04-20 20:00:00,166.903,167.12,166.691,167.117,21254
2022-04-21 00:00:00,167.108,167.672,166.875,167.271,23921
2022-04-21 04:00:00,167.271,167.807,167.232,167.531,23735
2022-04-21 08:00:00,167.531,167.589,167.087,167.247,34243
2022-04-21 12:00:00,167.249,167.479,166.972,167.168,27562
2022-04-21 16:00:00,167.166,167.911,167.126,167.629,37463
2022-04-21 20:00:00,167.628,167.641,167.007,167.206,27164
2022-04-22 00:00:00,167.202,167.552,167.132,167.504,20394
2022-04-22 04:00:00,167.501,167.588,166.856,166.981,26373
2022-04-22 08:00:00,166.981,166.997,165.183,165.292,38854
2022-04-22 12:00:00,165.291,165.83,165.206,165.439,30885
2022-04-22 16:00:00,165.447,165.813,164.8,165.446,45153
2022-04-22 20:00:00,165.446,165.446,164.822,164.957,19361
2022-04-25 00:00:00,164.887,165.315,164.802,165.079,16946
2022-04-25 04:00:00,165.089,165.156,164.097,164.503,29744
2022-04-25 08:00:00,164.51,164.676,163.011,163.313,45254
2022-04-25 12:00:00,163.313,163.748,162.853,163.238,41695
2022-04-25 16:00:00,163.239,163.314,162.051,162.551,52412
2022-04-25 20:00:00,162.55,163.27,162.517,163.24,28445
2022-04-26 00:00:00,163.234,163.387,162.258,162.641,24413
2022-04-26 04:00:00,162.643,163.597,162.362,163.469,31385
2022-04-26 08:00:00,163.471,163.537,162.428,162.661,38772
2022-04-26 12:00:00,162.661,162.699,161.188,161.31,34545
2022-04-26 16:00:00,161.31,161.503,160.443,160.824,46878
2022-04-26 20:00:00,160.824,160.832,159.953,159.955,24346
2022-04-27 00:00:00,159.96,160.473,159.614,160.44,18252
2022-04-27 04:00:00,160.44,160.783,160.238,160.63,28669
2022-04-27 08:00:00,160.629,161.187,160.196,160.416,38448
2022-04-27 12:00:00,160.416,161.248,160.317,160.597,36016
2022-04-27 16:00:00,160.596,161.386,160.314,161.182,46486
2022-04-27 20:00:00,161.183,161.245,160.808,161.028,23625
2022-04-28 00:00:00,161.033,161.456,160.879,161.433,23743
2022-04-28 04:00:00,161.431,162.638,161.218,162.5,34205
2022-04-28 08:00:00,162.502,164.247,162.355,164.126,50549
2022-04-28 12:00:00,164.124,164.251,162.213,162.595,48911
2022-04-28 16:00:00,162.59,163.279,162.44,163.228,52653
2022-04-28 20:00:00,163.23,163.445,162.87,162.921,24012
2022-04-29 00:00:00,162.982,163.251,162.836,163.017,12751
2022-04-29 04:00:00,163.017,163.161,162.892,163.087,22130
2022-04-29 08:00:00,163.088,163.557,162.91,163.316,39990
2022-04-29 12:00:00,163.316,163.99,163.016,163.202,43140
2022-04-29 16:00:00,163.201,163.58,162.392,163.099,47827
2022-04-29 20:00:00,163.101,163.407,162.947,163.299,22445
2022-05-02 00:00:00,163.265,163.889,163.189,163.465,21595
2022-05-02 04:00:00,163.462,163.683,163.323,163.647,19150
2022-05-02 08:00:00,163.645,163.829,163.366,163.495,30505
2022-05-02 12:00:00,163.492,163.534,162.93,163.124,28970
2022-05-02 16:00:00,163.127,163.27,162.657,162.679,42544
2022-05-02 20:00:00,162.68,162.746,162.288,162.519,23298
2022-05-03 00:00:00,162.526,162.783,162.429,162.642,11863
2022-05-03 04:00:00,162.643,163.052,162.561,162.823,13611
2022-05-03 08:00:00,162.826,163.414,162.702,163.176,31785
2022-05-03 12:00:00,163.175,163.207,162.511,163.092,37848
2022-05-03 16:00:00,163.092,163.119,162.494,162.555,42973
2022-05-03 20:00:00,162.551,162.803,162.35,162.614,26368
2022-05-04 00:00:00,162.615,162.715,162.363,162.633,8627
2022-05-04 04:00:00,162.629,162.645,162.416,162.449,9937
2022-05-04 08:00:00,162.448,162.871,162.255,162.756,20411
2022-05-04 12:00:00,162.756,162.791,162.464,162.729,23595
2022-05-04 16:00:00,162.729,162.809,162.178,162.43,36854
2022-05-04 20:00:00,162.43,163.193,161.779,162.966,56295
2022-05-05 00:00:00,162.978,163.574,162.758,162.781,21888
2022-05-05 04:00:00,162.78,162.917,162.099,162.18,24119
2022-05-05 08:00:00,162.179,162.757,162.179,162.718,32651
2022-05-05 12:00:00,162.72,163.176,160.463,160.933,45511
2022-05-05 16:00:00,160.931,161.498,160.718,160.904,49476
2022-05-05 20:00:00,160.903,161.184,160.647,160.876,33662
2022-05-06 00:00:00,160.862,161.479,160.811,161.353,15995
2022-05-06 04:00:00,161.354,161.601,161.172,161.478,27998
2022-05-06 08:00:00,161.476,161.548,160.318,160.964,39050
2022-05-06 12:00:00,160.965,161.3,160.665,161.017,36415
2022-05-06 16:00:00,161.008,161.202,160.388,161.168,61083
2022-05-06 20:00:00,161.169,161.247,160.943,160.955,25652
2022-05-09 00:00:00,161.097,161.411,160.926,160.986,15535
2022-05-09 04:00:00,160.987,161.132,160.766,160.904,20612
2022-05-09 08:00:00,160.905,161.352,160.737,160.979,32767
2022-05-09 12:00:00,160.979,162.182,160.912,161.96,42436
2022-05-09 16:00:00,161.959,161.976,160.158,160.885,54199
2022-05-09 20:00:00,160.879,160.984,160.557,160.594,34013
2022-05-10 00:00:00,160.602,160.979,160.128,160.342,21955
2022-05-10 04:00:00,160.341,161.369,160.07,161.323,32871
2022-05-10 08:00:00,161.323,161.515,160.283,160.478,35168
2022-05-10 12:00:00,160.476,160.795,160.038,160.115,36032
2022-05-10 16:00:00,160.112,160.599,160.08,160.329,52000
2022-05-10 20:00:00,160.329,160.734,160.287,160.589,26914
2022-05-11 00:00:00,160.596,160.672,160.372,160.538,15196
2022-05-11 04:00:00,160.537,160.876,160.513,160.782,20835
2022-05-11 08:00:00,160.78,160.864,160.208,160.672,31919
2022-05-11 12:00:00,160.672,160.695,159.903,160.658,40604
2022-05-11 16:00:00,160.658,161.308,159.653,159.684,63416
2022-05-11 20:00:00,159.685,159.685,158.836,159.166,42018
2022-05-12 00:00:00,159.156,159.289,158.355,158.856,19684
2022-05-12 04:00:00,158.856,159.049,158.391,158.438,31682
2022-05-12 08:00:00,158.44,158.537,156.566,156.566,55124
2022-05-12 12:00:00,156.566,157.365,156.417,156.654,49235
2022-05-12 16:00:00,156.653,157.033,155.596,156.538,62041
2022-05-12 20:00:00,156.539,156.636,155.927,156.539,35733
2022-05-13 00:00:00,156.502,157.372,156.403,157.254,20372
2022-05-13 04:00:00,157.254,157.936,157.199,157.605,33449
2022-05-13 08:00:00,157.606,157.649,156.8,157.21,38065
2022-05-13 12:00:00,157.21,157.64,156.832,157.388,31237
2022-05-13 16:00:00,157.393,158.465,156.928,158.296,42003
2022-05-13 20:00:00,158.302,158.496,157.994,158.487,16751
2022-05-16 00:00:00,158.074,158.994,158.035,158.867,20404
2022-05-16 04:00:00,158.866,159.231,157.464,157.915,31572
2022-05-16 08:00:00,157.915,158.397,157.424,158.299,34429
2022-05-16 12:00:00,158.304,158.858,158.076,158.44,30877
2022-05-16 16:00:00,158.44,158.591,157.903,158.41,41689
2022-05-16 20:00:00,158.41,159.278,158.391,159.09,22794
2022-05-17 00:00:00,159.079,159.482,158.787,159.294,13078
2022-05-17 04:00:00,159.293,159.746,159.089,159.7,22151
2022-05-17 08:00:00,159.702,161.599,159.523,161.402,32051
2022-05-17 12:00:00,161.404,161.848,160.933,161.821,39979
2022-05-17 16:00:00,161.821,161.834,160.8,161.441,37130
2022-05-17 20:00:00,161.441,161.622,161.05,161.569,30903
2022-05-18 00:00:00,161.567,161.778,161.38,161.41,12850
2022-05-18 04:00:00,161.411,161.546,160.733,161.005,20799
2022-05-18 08:00:00,161.005,161.435,159.857,159.898,30316
2022-05-18 12:00:00,159.899,160.529,159.874,160.083,29356
2022-05-18 16:00:00,160.084,160.108,158.685,158.917,45613
2022-05-18 20:00:00,158.913,158.915,158.062,158.255,28414
2022-05-19 00:00:00,158.217,158.779,157.884,158.568,23156
2022-05-19 04:00:00,158.568,159.808,158.487,159.571,26052
2022-05-19 08:00:00,159.57,159.663,158.174,158.433,40409
2022-05-19 12:00:00,158.433,159.08,157.879,158.079,44455
2022-05-19 16:00:00,158.079,159.92,158.024,159.479,62559
2022-05-19 20:00:00,159.48,159.748,159.329,159.329,35075
2022-05-20 00:00:00,159.379,159.537,159.016,159.243,18579
2022-05-20 04:00:00,159.243,159.812,158.729,159.124,25641
2022-05-20 08:00:00,159.122,159.982,159.003,159.939,37834
2022-05-20 12:00:00,159.941,160.198,159.374,159.457,35046
2022-05-20 16:00:00,159.456,160.07,159.185,159.27,50174
2022-05-20 20:00:00,159.27,159.851,159.088,159.784,26793
2022-05-23 00:00:00,159.356,160.305,159.315,159.97,6684
2022-05-23 04:00:00,159.969,160.145,159.404,159.869,10266
2022-05-23 08:00:00,159.869,160.767,159.832,160.357,17488
2022-05-23 12:00:00,160.358,160.711,160.106,160.637,27726
2022-05-23 16:00:00,160.638,160.86,160.178,160.677,32560
2022-05-23 20:00:00,160.678,161.011,160.462,160.98,13836
2022-05-24 00:00:00,160.977,160.977,160.301,160.505,11323
2022-05-24 04:00:00,160.504,160.846,160.259,160.335,17396
2022-05-24 08:00:00,160.336,160.729,158.873,159.113,31307
2022-05-24 12:00:00,159.109,159.651,158.739,158.937,30461
2022-05-24 16:00:00,158.931,159.002,157.985,158.649,43785
2022-05-24 20:00:00,158.644,159.073,158.543,158.968,22366
2022-05-25 00:00:00,158.857,159.225,158.789,158.973,12846
2022-05-25 04:00:00,158.972,159.381,158.78,159.163,21086
2022-05-25 08:00:00,159.163,159.701,158.948,159.117,29774
2022-05-25 12:00:00,159.114,159.117,158.388,158.823,30961
2022-05-25 16:00:00,158.826,159.868,158.779,159.738,36181
2022-05-25 20:00:00,159.74,160.3,159.597,160.03,25477
2022-05-26 00:00:00,160.038,160.708,159.877,160.649,11391
2022-05-26 04:00:00,160.647,160.826,160.008,160.068,20551
2022-05-26 08:00:00,160.066,160.126,159.102,159.166,29278
2022-05-26 12:00:00,159.165,160.312,159.013,159.78,33126
2022-05-26 16:00:00,159.779,160.331,159.542,160.149,32275
2022-05-26 20:00:00,160.15,160.283,159.952,160.198,16594
2022-05-27 00:00:00,160.209,160.528,159.825,160.295,12545
2022-05-27 04:00:00,160.294,160.626,160.129,160.45,20705
2022-05-27 08:00:00,160.448,160.651,160.143,160.304,28770
2022-05-27 12:00:00,160.303,160.558,159.821,160.378,37036
2022-05-27 16:00:00,160.378,160.568,160.158,160.283,35825
2022-05-27 20:00:00,160.287,160.579,160.212,160.54,14873
2022-05-30 00:00:00,160.248,160.809,160.247,160.438,12205
2022-05-30 04:00:00,160.441,160.712,160.337,160.607,26526
2022-05-30 08:00:00,160.609,160.871,160.505,160.761,33724
2022-05-30 12:00:00,160.758,161.502,160.758,161.349,28819
2022-05-30 16:00:00,161.349,161.518,161.24,161.399,26903
2022-05-30 20:00:00,161.4,161.501,161.339,161.339,11607
2022-05-31 00:00:00,161.402,161.952,161.159,161.67,24486
2022-05-31 04:00:00,161.662,161.804,161.278,161.425,35830
2022-05-31 08:00:00,161.425,161.438,160.938,161.321,45100
2022-05-31 12:00:00,161.318,161.643,161.045,161.608,46632
2022-05-31 16:00:00,161.605,162.338,161.589,162.209,57864
2022-05-31 20:00:00,162.207,162.362,162.003,162.146,30344
2022-06-01 00:00:00,162.004,162.618,161.872,162.536,16337
2022-06-01 04:00:00,162.534,162.76,162.383,162.579,32400
2022-06-01 08:00:00,162.577,163.319,162.444,162.843,38514
2022-06-01 12:00:00,162.844,163.083,162.683,162.771,30520
2022-06-01 16:00:00,162.773,162.836,161.968,162.255,52898
2022-06-01 20:00:00,162.257,162.681,162.213,162.455,21783
2022-06-02 00:00:00,162.465,162.587,162.177,162.36,13062
2022-06-02 04:00:00,162.36,162.426,162.127,162.371,20002
2022-06-02 08:00:00,162.374,162.957,162.11,162.843,24451
2022-06-02 12:00:00,162.842,162.903,162.577,162.757,29174
2022-06-02 16:00:00,162.759,163.277,162.615,163.274,39656
2022-06-02 20:00:00,163.272,163.422,163.145,163.329,13910
2022-06-03 00:00:00,163.338,163.504,163.157,163.212,10588
2022-06-03 04:00:00,163.214,163.377,163.06,163.218,17374
2022-06-03 08:00:00,163.218,163.511,163.154,163.429,20689
2022-06-03 12:00:00,163.424,163.672,163.314,163.575,32101
2022-06-03 16:00:00,163.577,164.096,163.492,163.701,43701
2022-06-03 20:00:00,163.701,163.741,163.317,163.375,13856
2022-06-06 00:00:00,163.388,163.581,163.185,163.309,13705
2022-06-06 04:00:00,163.305,163.321,162.908,163.315,23080
2022-06-06 08:00:00,163.316,164.453,163.113,164.389,35393
2022-06-06 12:00:00,164.387,164.435,163.906,164.223,23619
2022-06-06 16:00:00,164.223,165.121,164.113,165.112,37595
2022-06-06 20:00:00,165.112,165.471,165.087,165.244,16887
2022-06-07 00:00:00,165.213,165.663,165.174,165.5,17820
2022-06-07 04:00:00,165.506,166.142,165.496,166.067,33101
2022-06-07 08:00:00,166.066,166.257,165.284,165.853,50095
2022-06-07 12:00:00,165.853,166.165,165.711,165.82,39384
2022-06-07 16:00:00,165.82,167.047,165.658,166.971,42973
2022-06-07 20:00:00,166.971,167.107,166.65,166.94,16918
2022-06-08 00:00:00,166.936,167.38,166.841,167.332,17348
2022-06-08 04:00:00,167.332,167.439,167.015,167.325,27054
2022-06-08 08:00:00,167.322,167.724,167.204,167.587,42788
2022-06-08 12:00:00,167.586,168.53,167.418,168.354,44208
2022-06-08 16:00:00,168.356,168.507,167.692,168.204,53098
2022-06-08 20:00:00,168.202,168.395,167.953,168.259,19816
2022-06-09 00:00:00,168.259,168.723,167.896,168.298,21048
2022-06-09 04:00:00,168.307,168.371,167.915,168.103,27829
2022-06-09 08:00:00,168.102,168.12,166.686,167.396,43334
2022-06-09 12:00:00,167.397,168.088,166.948,167.652,55862
2022-06-09 16:00:00,167.651,168.613,167.575,167.888,62743
2022-06-09 20:00:00,167.888,168.074,167.634,167.837,21116
2022-06-10 00:00:00,167.758,168.2,167.355,167.5,17000
2022-06-10 04:00:00,167.5,167.712,167.335,167.706,25362
2022-06-10 08:00:00,167.706,167.713,166.547,167.085,45762
2022-06-10 12:00:00,167.084,167.151,165.787,165.882,48943
2022-06-10 16:00:00,165.882,166.295,165.168,165.351,63891
2022-06-10 20:00:00,165.352,165.56,165.219,165.406,23955
2022-06-13 00:00:00,165.372,165.84,165.301,165.671,22704
2022-06-13 04:00:00,165.67,166.124,165.337,165.879,33968
2022-06-13 08:00:00,165.879,165.992,164.086,164.144,59927
2022-06-13 12:00:00,164.148,164.439,163.353,163.459,59462
2022-06-13 16:00:00,163.46,163.673,162.248,163.352,65150
2022-06-13 20:00:00,163.352,163.395,162.827,163.084,45914
2022-06-14 00:00:00,163.032,163.237,162.701,163.068,26712
2022-06-14 04:00:00,163.07,164.317,162.825,163.892,49384
2022-06-14 08:00:00,163.891,164.253,163.017,163.069,70795
2022-06-14 12:00:00,163.069,163.234,162.221,162.529,73707
2022-06-14 16:00:00,162.53,162.587,161.339,161.905,92478
2022-06-14 20:00:00,161.905,162.53,161.534,162.519,51782
2022-06-15 00:00:00,162.519,162.647,162.022,162.283,26217
2022-06-15 04:00:00,162.283,162.832,162.083,162.107,39535
2022-06-15 08:00:00,162.107,162.795,161.731,162.623,79351
2022-06-15 12:00:00,162.623,163.104,162.329,162.5,76811
2022-06-15 16:00:00,162.5,162.739,162.048,162.239,61221
2022-06-15 20:00:00,162.239,163.167,162.119,162.952,85641
2022-06-16 00:00:00,162.94,163.617,162.756,163.489,31224
2022-06-16 04:00:00,163.489,163.797,163.05,163.261,41443
2022-06-16 08:00:00,163.261,163.288,161.353,161.562,50372
2022-06-16 12:00:00,161.561,162.51,159.995,162.278,60749
2022-06-16 16:00:00,162.278,163.526,162.122,163.184,55868
2022-06-16 20:00:00,163.18,163.776,162.898,163.244,34093
2022-06-17 00:00:00,163.244,164.247,163.192,164.182,27028
2022-06-17 04:00:00,164.18,165.728,162.997,164.697,40660
2022-06-17 08:00:00,164.69,165.934,164.085,165.664,51261
2022-06-17 12:00:00,165.663,166.223,164.936,165.086,46000
2022-06-17 16:00:00,165.086,165.283,164.481,164.708,50419
2022-06-17 20:00:00,164.693,165.032,164.658,164.85,28284
2022-06-20 00:00:00,164.704,165.556,164.704,165.214,17103
2022-06-20 04:00:00,165.215,165.336,164.47,165.118,37266
2022-06-20 08:00:00,165.119,165.323,164.49,165.027,41927
2022-06-20 12:00:00,165.027,165.651,164.914,165.463,32426
2022-06-20 16:00:00,165.463,165.551,165.073,165.506,44038
2022-06-20 20:00:00,165.508,165.568,165.247,165.363,8224
2022-06-21 00:00:00,165.398,165.8,165.218,165.763,30282
2022-06-21 04:00:00,165.766,165.875,165.61,165.723,41204
2022-06-21 08:00:00,165.722,166.787,165.4,166.556,55362
2022-06-21 12:00:00,166.554,167.236,166.338,167.112,62387
2022-06-21 16:00:00,167.115,167.42,166.837,167.374,65046
2022-06-21 20:00:00,167.373,167.827,167.29,167.798,30158
2022-06-22 00:00:00,167.781,167.864,167.001,167.057,27304
2022-06-22 04:00:00,167.064,167.065,166.493,166.639,44845
2022-06-22 08:00:00,166.64,167.04,165.767,166.471,62750
2022-06-22 12:00:00,166.472,167.052,166.036,166.4,63985
2022-06-22 16:00:00,166.401,167.33,166.389,167.099,76911
2022-06-22 20:00:00,167.099,167.451,166.984,167.048,28787
2022-06-23 00:00:00,167.043,167.08,166.443,166.827,26338
2022-06-23 04:00:00,166.827,166.828,165.64,165.979,59146
2022-06-23 08:00:00,165.979,166.385,164.812,165.225,75995
2022-06-23 12:00:00,165.225,165.83,164.991,165.248,69249
2022-06-23 16:00:00,165.248,165.46,164.682,164.797,97609
2022-06-23 20:00:00,164.797,165.603,164.655,165.479,38510
2022-06-24 00:00:00,165.479,165.692,165.109,165.519,29549
2022-06-24 04:00:00,165.518,165.624,165.184,165.519,42713
2022-06-24 08:00:00,165.519,165.666,164.804,165.614,61175
2022-06-24 12:00:00,165.615,166.309,165.484,165.983,60941
2022-06-24 16:00:00,165.981,166.295,165.646,165.826,74820
2022-06-24 20:00:00,165.826,166.14,165.728,165.961,25411
2022-06-27 00:00:00,165.948,166.248,165.125,165.195,31854
2022-06-27 04:00:00,165.194,165.729,165.146,165.463,51259
2022-06-27 08:00:00,165.463,166.537,165.437,166.247,55072
2022-06-27 12:00:00,166.246,166.268,165.804,165.957,51627
2022-06-27 16:00:00,165.956,166.485,165.775,166.362,67382
2022-06-27 20:00:00,166.363,166.364,166.079,166.175,33254
2022-06-28 00:00:00,166.175,166.403,165.943,166.208,24402
2022-06-28 04:00:00,166.206,166.336,165.718,166.033,43749
2022-06-28 08:00:00,166.039,166.857,165.975,166.672,65933
2022-06-28 12:00:00,166.672,166.936,166.269,166.422,43116
2022-06-28 16:00:00,166.422,166.583,165.966,166.061,40751
2022-06-28 20:00:00,166.061,166.15,165.847,165.847,22772
2022-06-29 00:00:00,165.888,166.122,165.71,165.802,21171
2022-06-29 04:00:00,165.806,166.282,165.735,165.931,29701
2022-06-29 08:00:00,165.934,166.139,165.431,165.788,42428
2022-06-29 12:00:00,165.788,166.212,165.717,165.977,66601
2022-06-29 16:00:00,165.98,166.34,165.529,165.575,73410
2022-06-29 20:00:00,165.574,165.729,165.403,165.54,25788
2022-06-30 00:00:00,165.547,165.823,165.394,165.626,20237
2022-06-30 04:00:00,165.627,165.82,165.437,165.6,26724
2022-06-30 08:00:00,165.598,165.805,165.07,165.419,49401
2022-06-30 12:00:00,165.419,165.43,164.805,165.043,45323
2022-06-30 16:00:00,165.036,165.662,164.823,165.204,57763
2022-06-30 20:00:00,165.203,165.333,164.966,165.285,26327
2022-07-01 00:00:00,165.268,165.316,165.033,165.238,15131
2022-07-01 04:00:00,165.237,165.254,163.503,163.717,39042
2022-07-01 08:00:00,163.722,164.35,163.261,163.977,48696
2022-07-01 12:00:00,163.975,164.242,162.31,162.423,50210
2022-07-01 16:00:00,162.427,163.188,161.573,162.952,62642
2022-07-01 20:00:00,162.949,163.72,162.886,163.559,21190
2022-07-04 00:00:00,163.638,164.001,163.279,163.336,16724
2022-07-04 04:00:00,163.338,163.514,163.003,163.399,27491
2022-07-04 08:00:00,163.4,164.28,163.372,164.046,34079
2022-07-04 12:00:00,164.045,164.643,163.948,164.56,26073
2022-07-04 16:00:00,164.56,164.743,164.153,164.341,23926
2022-07-04 20:00:00,164.34,164.374,164.14,164.217,9946
2022-07-05 00:00:00,164.217,164.875,164.118,164.762,13727
2022-07-05 04:00:00,164.762,165.278,164.637,165.032,25645
2022-07-05 08:00:00,165.032,165.224,163.515,163.606,39306
2022-07-05 12:00:00,163.606,163.702,162.457,162.595,43616
2022-07-05 16:00:00,162.597,162.729,161.583,161.853,50065
2022-07-05 20:00:00,161.856,162.539,161.781,162.43,22962
2022-07-06 00:00:00,162.412,162.433,161.835,162.313,20519
2022-07-06 04:00:00,162.31,162.326,161.426,161.523,32524
2022-07-06 08:00:00,161.523,162.579,160.884,161.709,43899
2022-07-06 12:00:00,161.709,161.787,160.391,160.788,45228
2022-07-06 16:00:00,160.788,161.966,160.745,161.662,49765
2022-07-06 20:00:00,161.663,162.244,161.652,162.06,28966
2022-07-07 00:00:00,162.059,162.265,161.799,161.909,19789
2022-07-07 04:00:00,161.914,162.301,161.578,162.108,26779
2022-07-07 08:00:00,162.109,163.26,162.01,162.923,40503
2022-07-07 12:00:00,162.922,163.434,162.247,162.598,42138
2022-07-07 16:00:00,162.598,163.362,162.338,163.346,41580
2022-07-07 20:00:00,163.346,163.621,163.188,163.495,17117
2022-07-08 00:00:00,163.475,163.935,163.398,163.822,14906
2022-07-08 04:00:00,163.821,163.9,162.677,162.761,38816
2022-07-08 08:00:00,162.758,162.978,161.819,161.992,41627
2022-07-08 12:00:00,161.992,163.572,161.894,163.522,41236
2022-07-08 16:00:00,163.524,163.913,163.06,163.66,44268
2022-07-08 20:00:00,163.662,163.826,163.553,163.777,15145
2022-07-11 00:00:00,163.742,163.955,163.671,163.866,15682
2022-07-11 04:00:00,163.866,164.466,163.713,164.222,34084
2022-07-11 08:00:00,164.222,164.347,163.493,163.902,39202
2022-07-11 12:00:00,163.902,164.158,163.58,164.042,37239
2022-07-11 16:00:00,164.042,164.133,163.03,163.274,48904
2022-07-11 20:00:00,163.275,163.545,163.241,163.352,19851
2022-07-12 00:00:00,163.438,163.552,163.094,163.2,21870
2022-07-12 04:00:00,163.2,163.246,162.723,162.882,36659
2022-07-12 08:00:00,162.882,163.198,162.013,162.314,47256
2022-07-12 12:00:00,162.314,162.373,161.83,162.069,47803
2022-07-12 16:00:00,162.07,162.891,161.976,162.796,47611
2022-07-12 20:00:00,162.793,162.868,162.519,162.67,19958
2022-07-13 00:00:00,162.693,162.799,162.353,162.662,17034
2022-07-13 04:00:00,162.662,163.405,162.66,163.103,28720
2022-07-13 08:00:00,163.103,163.718,162.879,163.085,43047
2022-07-13 12:00:00,163.085,163.709,162.853,163.112,43404
2022-07-13 16:00:00,163.108,164.118,162.99,163.584,67582
2022-07-13 20:00:00,163.583,163.644,163.265,163.383,28771
2022-07-14 00:00:00,163.346,163.614,163.079,163.536,17806
2022-07-14 04:00:00,163.541,164.014,163.398,163.956,34185
2022-07-14 08:00:00,163.956,165.189,163.918,164.697,48037
2022-07-14 12:00:00,164.696,164.888,164.013,164.344,54212
2022-07-14 16:00:00,164.344,164.389,163.646,163.671,66884
2022-07-14 20:00:00,163.671,164.357,163.567,164.275,32529
2022-07-15 00:00:00,164.239,164.612,164.093,164.223,17838
2022-07-15 04:00:00,164.226,164.702,164.163,164.483,28200
2022-07-15 08:00:00,164.483,164.484,163.647,164.178,40390
2022-07-15 12:00:00,164.178,164.413,164.005,164.17,43317
2022-07-15 16:00:00,164.172,164.545,163.995,164.257,53084
2022-07-15 20:00:00,164.257,164.42,164.163,164.37,15423
2022-07-18 00:00:00,164.39,164.543,164.166,164.191,14130
2022-07-18 04:00:00,164.191,164.741,164.177,164.42,22830
2022-07-18 08:00:00,164.42,165.156,164.254,164.981,35683
2022-07-18 12:00:00,164.981,165.792,164.952,165.675,34041
2022-07-18 16:00:00,165.674,166.093,165.356,165.357,35958
2022-07-18 20:00:00,165.357,165.381,164.926,165.082,20337
2022-07-19 00:00:00,165.09,165.309,164.915,164.982,15747
2022-07-19 04:00:00,164.982,165.111,164.715,164.957,22371
2022-07-19 08:00:00,164.957,165.603,164.81,165.551,35363
2022-07-19 12:00:00,165.55,165.567,165.123,165.332,35513
2022-07-19 16:00:00,165.332,165.977,165.22,165.75,35339
2022-07-19 20:00:00,165.75,165.913,165.654,165.761,15340
2022-07-20 00:00:00,165.821,166.245,165.736,166.0,19131
2022-07-20 04:00:00,166.0,166.199,165.654,165.996,18356
2022-07-20 08:00:00,165.996,166.18,165.594,165.962,30667
2022-07-20 12:00:00,165.962,166.19,165.133,165.446,32968
2022-07-20 16:00:00,165.442,165.885,165.327,165.515,32563
2022-07-20 20:00:00,165.512,165.658,165.279,165.592,19428
2022-07-21 00:00:00,165.609,165.836,165.522,165.698,18497
2022-07-21 04:00:00,165.698,165.989,165.424,165.783,30209
2022-07-21 08:00:00,165.783,165.922,165.108,165.543,36745
2022-07-21 12:00:00,165.542,165.959,165.288,165.862,37654
2022-07-21 16:00:00,165.862,165.906,164.54,164.859,44832
2022-07-21 20:00:00,164.858,164.962,164.537,164.819,19858
2022-07-22 00:00:00,164.86,164.979,164.354,164.645,17971
2022-07-22 04:00:00,164.648,164.891,164.468,164.844,23625
2022-07-22 08:00:00,164.844,165.146,164.05,164.552,36024
2022-07-22 12:00:00,164.552,164.611,163.379,163.657,43820
2022-07-22 16:00:00,163.654,163.893,163.404,163.519,45756
2022-07-22 20:00:00,163.519,163.527,162.999,163.36,22817
2022-07-25 00:00:00,163.324,163.703,163.272,163.327,14771
2022-07-25 04:00:00,163.327,163.485,162.989,163.216,26056
2022-07-25 08:00:00,163.216,164.088,163.115,164.065,35010
2022-07-25 12:00:00,164.063,165.007,163.977,164.812,37255
2022-07-25 16:00:00,164.81,165.09,164.285,164.734,37103
2022-07-25 20:00:00,164.734,164.824,164.567,164.583,11990
2022-07-26 00:00:00,164.568,164.656,164.284,164.515,13492
2022-07-26 04:00:00,164.513,164.96,164.456,164.717,18220
2022-07-26 08:00:00,164.717,164.967,164.207,164.314,32246
2022-07-26 12:00:00,164.314,164.335,163.472,163.85,40634
2022-07-26 16:00:00,163.846,164.631,163.577,164.287,48050
2022-07-26 20:00:00,164.287,164.787,164.247,164.716,19253
2022-07-27 00:00:00,164.716,165.16,164.659,165.091,14271
2022-07-27 04:00:00,165.091,165.224,164.884,165.221,25356
2022-07-27 08:00:00,165.218,165.287,164.877,164.981,37081
2022-07-27 12:00:00,164.981,165.186,164.739,164.961,35174
2022-07-27 16:00:00,164.961,165.439,164.793,165.357,37336
2022-07-27 20:00:00,165.357,166.331,165.152,166.044,44632
2022-07-28 00:00:00,166.022,166.08,165.357,165.411,18203
2022-07-28 04:00:00,165.411,165.42,164.527,164.708,37632
2022-07-28 08:00:00,164.708,165.286,164.579,164.9,43882
2022-07-28 12:00:00,164.9,164.9,163.425,163.529,48546
2022-07-28 16:00:00,163.528,163.629,162.858,163.15,54454
2022-07-28 20:00:00,163.15,163.597,163.129,163.462,20783
2022-07-29 00:00:00,163.527,163.899,163.447,163.738,22655
2022-07-29 04:00:00,163.735,163.8,162.136,162.565,41047
2022-07-29 08:00:00,162.561,162.627,161.544,161.84,55904
2022-07-29 12:00:00,161.84,162.674,161.762,162.42,47397
2022-07-29 16:00:00,162.42,162.689,161.886,162.216,56008
2022-07-29 20:00:00,162.216,162.432,162.022,162.197,17832
2022-08-01 00:00:00,162.187,162.502,161.723,161.754,18830
2022-08-01 04:00:00,161.754,161.82,161.041,161.534,35508
2022-08-01 08:00:00,161.534,161.89,161.069,161.86,38334
2022-08-01 12:00:00,161.861,162.087,161.567,161.734,51538
2022-08-01 16:00:00,161.734,162.211,161.475,161.762,52915
2022-08-01 20:00:00,161.762,161.773,161.247,161.254,19383
2022-08-02 00:00:00,161.254,161.472,160.31,160.653,23306
2022-08-02 04:00:00,160.653,160.656,160.021,160.113,39655
2022-08-02 08:00:00,160.113,160.317,159.437,159.55,44316
2022-08-02 12:00:00,159.555,160.151,159.516,159.793,35119
2022-08-02 16:00:00,159.79,161.797,159.771,161.534,53682
2022-08-02 20:00:00,161.534,162.001,161.427,161.932,26735
2022-08-03 00:00:00,161.948,162.562,161.684,162.51,23903
2022-08-03 04:00:00,162.514,162.68,161.202,161.643,39655
2022-08-03 08:00:00,161.644,162.619,161.638,162.215,40464
2022-08-03 12:00:00,162.215,162.906,161.923,162.623,35836
2022-08-03 16:00:00,162.623,163.061,162.221,162.856,48074
2022-08-03 20:00:00,162.856,163.007,162.538,162.588,17336
2022-08-04 00:00:00,162.547,162.839,162.343,162.465,16608
2022-08-04 04:00:00,162.477,162.767,162.256,162.514,25677
2022-08-04 08:00:00,162.514,163.428,162.505,163.374,32079
2022-08-04 12:00:00,163.374,163.769,161.145,161.731,43888
2022-08-04 16:00:00,161.736,162.038,161.114,161.641,45794
2022-08-04 20:00:00,161.644,162.024,161.551,161.592,20615
2022-08-05 00:00:00,161.637,161.853,161.106,161.396,18818
2022-08-05 04:00:00,161.396,161.883,161.371,161.869,24321
2022-08-05 08:00:00,161.869,162.176,161.579,161.618,31910
2022-08-05 12:00:00,161.618,162.451,161.285,161.975,40058
2022-08-05 16:00:00,161.978,163.369,161.956,163.211,55007
2022-08-05 20:00:00,163.211,163.328,162.803,162.976,25263
2022-08-08 00:00:00,162.933,163.346,162.795,163.176,19455
2022-08-08 04:00:00,163.174,163.463,162.968,163.333,28189
2022-08-08 08:00:00,163.333,163.841,163.177,163.305,30483
2022-08-08 12:00:00,163.305,163.513,162.901,163.446,28469
2022-08-08 16:00:00,163.446,163.464,162.578,162.581,33590
2022-08-08 20:00:00,162.581,163.175,162.562,163.097,15467
2022-08-09 00:00:00,163.105,163.212,162.788,162.906,14850
2022-08-09 04:00:00,162.905,163.147,162.617,163.029,18888
2022-08-09 08:00:00,163.029,163.519,162.699,163.478,23819
2022-08-09 12:00:00,163.483,163.673,163.211,163.357,28745
2022-08-09 16:00:00,163.357,163.6,163.018,163.159,29031
2022-08-09 20:00:00,163.159,163.251,163.001,163.16,11010
2022-08-10 00:00:00,163.155,163.342,163.081,163.189,11044
2022-08-10 04:00:00,163.189,163.256,162.964,163.113,15336
2022-08-10 08:00:00,163.113,163.384,162.98,163.25,19811
2022-08-10 12:00:00,163.25,163.507,161.978,162.692,34429
2022-08-10 16:00:00,162.69,162.924,161.677,162.341,51298
2022-08-10 20:00:00,162.339,162.762,162.067,162.316,19455
2022-08-11 00:00:00,162.315,162.418,161.988,162.093,11828
2022-08-11 04:00:00,162.094,162.454,162.073,162.292,17240
2022-08-11 08:00:00,162.292,162.409,161.883,162.222,30466
2022-08-11 12:00:00,162.221,162.225,161.257,161.426,37471
2022-08-11 16:00:00,161.425,162.371,161.384,162.308,43786
2022-08-11 20:00:00,162.309,162.382,162.098,162.167,18811
2022-08-12 00:00:00,162.276,162.55,162.111,162.386,12826
2022-08-12 04:00:00,162.382,162.609,162.274,162.417,18437
2022-08-12 08:00:00,162.418,162.789,162.161,162.261,29540
2022-08-12 12:00:00,162.259,162.46,161.798,161.91,34717
2022-08-12 16:00:00,161.907,162.14,161.816,162.029,40213
2022-08-12 20:00:00,162.028,162.119,161.916,161.959,10292
2022-08-15 00:00:00,161.979,162.075,161.434,161.535,13199
2022-08-15 04:00:00,161.535,161.695,161.341,161.372,24024
2022-08-15 08:00:00,161.375,161.649,160.959,161.033,25228
2022-08-15 12:00:00,161.033,161.268,160.351,160.404,30012
2022-08-15 16:00:00,160.406,161.029,160.354,160.888,27171
2022-08-15 20:00:00,160.888,160.955,160.583,160.69,11929
2022-08-16 00:00:00,160.678,160.734,160.086,160.36,14900
2022-08-16 04:00:00,160.36,160.872,160.357,160.823,25216
2022-08-16 08:00:00,160.824,161.316,160.572,161.217,28912
2022-08-16 12:00:00,161.217,162.314,161.132,162.253,31358
2022-08-16 16:00:00,162.253,162.745,162.056,162.371,31253
2022-08-16 20:00:00,162.371,162.522,162.148,162.351,11846
2022-08-17 00:00:00,162.321,162.652,162.29,162.401,11708
2022-08-17 04:00:00,162.402,162.59,162.173,162.576,21407
2022-08-17 08:00:00,162.575,163.387,162.476,163.167,31256
2022-08-17 12:00:00,163.167,163.365,162.891,162.967,31917
2022-08-17 16:00:00,162.967,163.568,162.785,163.022,33464
2022-08-17 20:00:00,163.019,163.219,162.618,162.714,23740
2022-08-18 00:00:00,162.749,162.858,162.426,162.461,10211
2022-08-18 04:00:00,162.463,162.687,162.363,162.624,21532
2022-08-18 08:00:00,162.624,163.08,162.281,162.887,32989
2022-08-18 12:00:00,162.89,163.248,162.421,162.576,33864
2022-08-18 16:00:00,162.578,162.629,161.678,161.907,36777
2022-08-18 20:00:00,161.907,162.272,161.901,162.066,16054
2022-08-19 00:00:00,162.107,162.422,161.951,162.251,18152
2022-08-19 04:00:00,162.251,162.463,162.073,162.184,19089
2022-08-19 08:00:00,162.187,162.837,162.096,162.341,32952
2022-08-19 12:00:00,162.341,162.37,161.858,162.104,34623
2022-08-19 16:00:00,162.104,162.189,161.631,161.856,33033
2022-08-19 20:00:00,161.855,161.978,161.651,161.961,12228
2022-08-22 00:00:00,161.79,162.142,161.721,162.07,15125
2022-08-22 04:00:00,162.081,162.528,162.069,162.362,24307
2022-08-22 08:00:00,162.362,162.399,161.158,161.751,39308
2022-08-22 12:00:00,161.75,162.184,161.43,162.125,37889
2022-08-22 16:00:00,162.129,162.154,161.583,161.85,41973
2022-08-22 20:00:00,161.851,161.859,161.551,161.767,15613
2022-08-23 00:00:00,161.694,162.059,161.583,161.597,16322
2022-08-23 04:00:00,161.598,161.789,161.374,161.492,22698
2022-08-23 08:00:00,161.492,161.652,160.802,161.6,40359
2022-08-23 12:00:00,161.6,161.802,161.418,161.784,33810
2022-08-23 16:00:00,161.785,162.31,161.197,161.651,55311
2022-08-23 20:00:00,161.651,161.9,161.605,161.786,16907
2022-08-24 00:00:00,161.735,161.89,161.686,161.716,22055
2022-08-24 04:00:00,161.716,161.819,161.157,161.387,24795
2022-08-24 08:00:00,161.387,161.812,161.232,161.33,33670
2022-08-24 12:00:00,161.33,161.374,160.836,161.118,46416
2022-08-24 16:00:00,161.119,161.772,161.084,161.541,57222
2022-08-24 20:00:00,161.541,161.808,161.496,161.753,22742
2022-08-25 00:00:00,161.762,161.789,161.537,161.739,18187
2022-08-25 04:00:00,161.74,161.781,161.483,161.717,33956
2022-08-25 08:00:00,161.717,161.99,161.48,161.629,37780
2022-08-25 12:00:00,161.629,161.748,161.322,161.548,43236
2022-08-25 16:00:00,161.545,161.914,161.333,161.512,49730
2022-08-25 20:00:00,161.512,161.608,161.326,161.494,24267
2022-08-26 00:00:00,161.546,161.588,161.35,161.475,16367
2022-08-26 04:00:00,161.471,161.721,161.44,161.576,24462
2022-08-26 08:00:00,161.576,161.692,161.277,161.564,37615
2022-08-26 12:00:00,161.564,162.136,161.564,161.999,40874
2022-08-26 16:00:00,162.001,162.687,161.221,161.404,76006
2022-08-26 20:00:00,161.403,161.602,161.231,161.601,28192
2022-08-29 00:00:00,161.494,161.775,161.406,161.603,21726
2022-08-29 04:00:00,161.602,161.878,161.463,161.833,34686
2022-08-29 08:00:00,161.834,162.193,161.695,161.704,43036
2022-08-29 12:00:00,161.703,162.451,161.598,162.281,42280
2022-08-29 16:00:00,162.28,162.646,162.11,162.634,45179
2022-08-29 20:00:00,162.634,162.648,162.265,162.378,22091
2022-08-30 00:00:00,162.491,162.556,162.173,162.272,27226
2022-08-30 04:00:00,162.271,162.36,161.958,162.097,32457
2022-08-30 08:00:00,162.097,162.59,161.961,162.316,48506
2022-08-30 12:00:00,162.316,162.573,161.778,162.014,45182
2022-08-30 16:00:00,162.014,162.232,161.499,161.588,57714
2022-08-30 20:00:00,161.588,161.841,161.572,161.748,29101
2022-08-31 00:00:00,161.761,161.825,161.582,161.734,18289
2022-08-31 04:00:00,161.731,161.903,161.551,161.786,27985
2022-08-31 08:00:00,161.788,161.9,161.296,161.326,41793
2022-08-31 12:00:00,161.326,161.532,160.901,161.295,46259
2022-08-31 16:00:00,161.295,161.566,160.982,161.255,56121
2022-08-31 20:00:00,161.254,161.522,161.086,161.482,29768
2022-09-01 00:00:00,161.494,161.665,161.331,161.557,28505
2022-09-01 04:00:00,161.557,161.713,161.444,161.51,30745
2022-09-01 08:00:00,161.51,161.703,161.271,161.458,48702
2022-09-01 12:00:00,161.458,161.524,160.975,161.386,46619
2022-09-01 16:00:00,161.387,161.649,161.081,161.521,54310
2022-09-01 20:00:00,161.521,161.877,161.51,161.831,26992
2022-09-02 00:00:00,161.831,161.875,161.619,161.806,17137
2022-09-02 04:00:00,161.8,162.127,161.674,162.096,29501
2022-09-02 08:00:00,162.096,162.224,161.88,162.158,34945
2022-09-02 12:00:00,162.158,162.491,162.072,162.224,43269
2022-09-02 16:00:00,162.224,162.365,161.49,161.597,56694
2022-09-02 20:00:00,161.597,161.599,161.157,161.4,26701
2022-09-05 00:00:00,161.12,161.373,160.846,161.07,22429
2022-09-05 04:00:00,161.07,161.167,160.812,160.905,36210
2022-09-05 08:00:00,160.905,161.489,160.664,161.482,46318
2022-09-05 12:00:00,161.482,161.794,161.43,161.546,39728
2022-09-05 16:00:00,161.546,161.921,161.546,161.817,27364
2022-09-05 20:00:00,161.817,161.969,161.792,161.882,5160
2022-09-06 00:00:00,161.879,162.652,161.876,162.597,21790
2022-09-06 04:00:00,162.592,163.002,162.522,162.947,29856
2022-09-06 08:00:00,162.947,164.302,162.862,163.992,38936
2022-09-06 12:00:00,163.992,164.584,163.863,164.402,35333
2022-09-06 16:00:00,164.402,165.096,164.139,164.803,39016
2022-09-06 20:00:00,164.803,164.821,164.394,164.469,21997
2022-09-07 00:00:00,164.461,165.191,164.246,164.277,19372
2022-09-07 04:00:00,164.277,165.435,164.189,165.273,37819
2022-09-07 08:00:00,165.272,165.864,165.038,165.602,39170
2022-09-07 12:00:00,165.602,166.013,165.221,165.552,45256
2022-09-07 16:00:00,165.552,165.949,165.205,165.872,49711
2022-09-07 20:00:00,165.873,166.01,165.675,165.736,25902
2022-09-08 00:00:00,165.736,166.316,165.736,166.073,16958
2022-09-08 04:00:00,166.073,166.074,165.399,165.675,28657
2022-09-08 08:00:00,165.675,165.816,164.882,165.584,40981
2022-09-08 12:00:00,165.585,165.934,165.229,165.786,42502
2022-09-08 16:00:00,165.783,165.789,165.257,165.481,56147
2022-09-08 20:00:00,165.48,165.779,165.456,165.759,27386
2022-09-09 00:00:00,165.755,166.057,165.589,165.983,18476
2022-09-09 04:00:00,165.981,166.239,165.152,165.51,40394
2022-09-09 08:00:00,165.51,165.803,165.083,165.091,45283
2022-09-09 12:00:00,165.089,165.281,164.307,164.773,44670
2022-09-09 16:00:00,164.773,165.455,164.612,165.379,52822
2022-09-09 20:00:00,165.38,165.449,165.225,165.261,19808
2022-09-12 00:00:00,165.304,165.89,165.284,165.82,16053
2022-09-12 04:00:00,165.82,166.25,165.386,166.154,26291
2022-09-12 08:00:00,166.154,167.038,166.147,166.822,45651
2022-09-12 12:00:00,166.822,166.888,166.376,166.641,46068
2022-09-12 16:00:00,166.64,166.966,166.424,166.515,45807
2022-09-12 20:00:00,166.515,166.887,166.496,166.801,25122
2022-09-13 00:00:00,166.826,167.01,166.508,166.6,17122
2022-09-13 04:00:00,166.6,166.755,166.419,166.555,24905
2022-09-13 08:00:00,166.555,166.933,166.34,166.635,39176
2022-09-13 12:00:00,166.635,167.097,166.206,166.869,44031
2022-09-13 16:00:00,166.869,166.889,166.113,166.298,60352
2022-09-13 20:00:00,166.298,166.428,166.011,166.104,25900
2022-09-14 00:00:00,166.117,166.515,165.801,166.108,22737
2022-09-14 04:00:00,166.108,166.431,165.601,165.745,27357
2022-09-14 08:00:00,165.745,165.827,164.822,165.383,44022
2022-09-14 12:00:00,165.383,165.858,165.152,165.285,51692
2022-09-14 16:00:00,165.285,165.404,164.758,165.308,52641
2022-09-14 20:00:00,165.308,165.522,165.052,165.176,28522
2022-09-15 00:00:00,165.167,165.216,164.849,165.086,14475
2022-09-15 04:00:00,165.086,165.456,164.798,165.372,30255
2022-09-15 08:00:00,165.373,165.735,165.194,165.349,37969
2022-09-15 12:00:00,165.349,165.349,164.774,164.95,44858
2022-09-15 16:00:00,164.95,165.146,164.587,164.749,56895
2022-09-15 20:00:00,164.75,164.884,164.474,164.553,26921
2022-09-16 00:00:00,164.553,164.581,163.939,164.029,15057
2022-09-16 04:00:00,164.03,164.5,163.988,164.276,21951
2022-09-16 08:00:00,164.275,164.451,162.741,163.006,39561
2022-09-16 12:00:00,163.006,163.447,162.852,163.049,42011
2022-09-16 16:00:00,163.049,163.608,162.825,163.014,58438
2022-09-16 20:00:00,163.014,163.335,162.812,163.226,24282
2022-09-19 00:00:00,163.317,163.444,163.105,163.29,14880
2022-09-19 04:00:00,163.29,163.404,163.116,163.304,18134
2022-09-19 08:00:00,163.303,163.453,163.062,163.068,29042
2022-09-19 12:00:00,163.067,163.44,162.945,163.156,34003
2022-09-19 16:00:00,163.157,163.658,162.994,163.536,38767
2022-09-19 20:00:00,163.534,163.836,163.48,163.693,16106
2022-09-20 00:00:00,163.642,163.949,163.617,163.674,20709
2022-09-20 04:00:00,163.671,163.858,163.377,163.766,24507
2022-09-20 08:00:00,163.766,164.442,163.684,164.232,37155
2022-09-20 12:00:00,164.231,164.428,163.869,164.053,43812
2022-09-20 16:00:00,164.053,164.164,163.373,163.464,45343
2022-09-20 20:00:00,163.465,163.622,163.137,163.572,31377
2022-09-21 00:00:00,163.517,163.632,163.272,163.45,18225
2022-09-21 04:00:00,163.45,163.768,163.373,163.735,21747
2022-09-21 08:00:00,163.735,163.942,162.314,162.875,46816
2022-09-21 12:00:00,162.877,163.519,162.857,163.326,35788
2022-09-21 16:00:00,163.324,163.497,163.065,163.379,36420
2022-09-21 20:00:00,163.379,163.424,162.239,162.39,50889
2022-09-22 00:00:00,162.354,162.719,161.934,162.146,13887
2022-09-22 04:00:00,162.146,163.208,161.45,162.804,31037
2022-09-22 08:00:00,162.804,164.438,159.587,160.921,49848
2022-09-22 12:00:00,160.921,161.953,159.115,159.507,60994
2022-09-22 16:00:00,159.5,160.522,159.298,160.358,52336
2022-09-22 20:00:00,160.358,160.394,160.112,160.232,29789
2022-09-23 00:00:00,160.202,160.461,160.072,160.081,19989
2022-09-23 04:00:00,160.079,160.111,159.431,159.817,26028
2022-09-23 08:00:00,159.816,159.902,158.819,159.661,39848
2022-09-23 12:00:00,159.661,160.112,157.458,158.117,57750
2022-09-23 16:00:00,158.117,158.434,155.655,156.023,54034
2022-09-23 20:00:00,156.023,156.135,155.419,155.57,30370
2022-09-26 00:00:00,155.325,155.614,149.47,149.518,25517
2022-09-26 04:00:00,149.541,152.38,149.067,151.858,52141
2022-09-26 08:00:00,151.853,154.975,151.675,154.683,66995
2022-09-26 12:00:00,154.683,157.209,153.773,156.544,60677
2022-09-26 16:00:00,156.544,156.823,153.687,154.383,65293
2022-09-26 20:00:00,154.383,154.925,154.036,154.662,43457
2022-09-27 00:00:00,154.648,155.848,154.134,155.557,22750
2022-09-27 04:00:00,155.555,155.928,155.28,155.649,43804
2022-09-27 08:00:00,155.649,156.362,155.423,156.036,54540
2022-09-27 12:00:00,156.035,156.197,155.671,155.865,50088
2022-09-27 16:00:00,155.865,156.164,154.419,154.595,62194
2022-09-27 20:00:00,154.594,155.468,154.344,155.392,34541
2022-09-28 00:00:00,155.386,155.47,154.69,154.755,18673
2022-09-28 04:00:00,154.754,154.82,153.788,154.068,40106
2022-09-28 08:00:00,154.062,154.857,153.993,154.69,57949
2022-09-28 12:00:00,154.69,156.662,152.554,154.311,62988
2022-09-28 16:00:00,154.308,156.675,153.54,156.624,72440
2022-09-28 20:00:00,156.626,157.095,156.51,156.899,37168
2022-09-29 00:00:00,156.864,156.907,155.895,155.897,25958
2022-09-29 04:00:00,155.895,156.257,155.606,156.152,32977
2022-09-29 08:00:00,156.152,156.505,155.646,156.312,54267
2022-09-29 12:00:00,156.31,157.65,156.295,157.428,58378
2022-09-29 16:00:00,157.427,160.252,157.427,159.825,64969
2022-09-29 20:00:00,159.822,160.585,159.512,160.551,38713
2022-09-30 00:00:00,160.634,161.733,160.624,161.422,23984
2022-09-30 04:00:00,161.422,161.593,160.232,160.586,36547
2022-09-30 08:00:00,160.586,162.175,160.337,161.829,54026
2022-09-30 12:00:00,161.828,161.884,159.435,159.97,48229
2022-09-30 16:00:00,159.972,161.695,159.728,161.054,58557
2022-09-30 20:00:00,161.053,161.83,160.944,161.591,30956
2022-10-03 00:00:00,161.827,161.927,160.777,161.105,24249
2022-10-03 04:00:00,161.103,161.602,160.566,160.792,28972
2022-10-03 08:00:00,160.792,163.294,160.74,162.591,50971
2022-10-03 12:00:00,162.59,162.76,162.096,162.565,37544
2022-10-03 16:00:00,162.562,163.489,162.325,162.952,57747
2022-10-03 20:00:00,162.952,163.893,162.887,163.639,30568
2022-10-04 00:00:00,163.638,163.995,163.552,163.934,21666
2022-10-04 04:00:00,163.935,164.025,163.423,163.919,33981
2022-10-04 08:00:00,163.919,165.211,163.918,164.705,54331
2022-10-04 12:00:00,164.705,164.868,163.65,164.754,52727
2022-10-04 16:00:00,164.754,165.54,164.319,165.2,58764
2022-10-04 20:00:00,165.201,165.425,164.852,165.374,38807
2022-10-05 00:00:00,165.412,165.582,164.329,164.545,20011
2022-10-05 04:00:00,164.545,165.011,164.545,164.781,38342
2022-10-05 08:00:00,164.782,165.716,164.438,164.9,49854
2022-10-05 12:00:00,164.903,165.012,163.37,163.556,43824
2022-10-05 16:00:00,163.556,163.643,162.606,163.424,53690
2022-10-05 20:00:00,163.424,164.034,163.414,163.859,37931
2022-10-06 00:00:00,163.859,164.451,163.394,164.307,23272
2022-10-06 04:00:00,164.307,164.437,163.976,164.255,38625
2022-10-06 08:00:00,164.255,164.28,163.187,163.291,51833
2022-10-06 12:00:00,163.294,163.739,162.694,163.07,46344
2022-10-06 16:00:00,163.068,163.107,161.089,161.52,60453
2022-10-06 20:00:00,161.52,162.256,161.504,161.958,39887
2022-10-07 00:00:00,161.943,162.039,161.459,161.591,24905
2022-10-07 04:00:00,161.591,162.188,161.533,161.761,34119
2022-10-07 08:00:00,161.761,162.463,161.243,162.106,45050
2022-10-07 12:00:00,162.106,162.601,161.163,161.501,43694
2022-10-07 16:00:00,161.501,161.964,161.041,161.214,57949
2022-10-07 20:00:00,161.214,161.314,160.771,161.255,26901
2022-10-10 00:00:00,161.173,161.44,160.816,161.326,20878
2022-10-10 04:00:00,161.328,161.561,161.013,161.163,33730
2022-10-10 08:00:00,161.163,161.417,160.47,160.853,46390
2022-10-10 12:00:00,160.851,161.431,160.646,161.134,37284
2022-10-10 16:00:00,161.134,161.205,160.686,160.737,44928
2022-10-10 20:00:00,160.736,161.41,160.653,161.081,34955
2022-10-11 00:00:00,161.082,161.649,161.062,161.506,22728
2022-10-11 04:00:00,161.506,161.623,160.616,160.694,42300
2022-10-11 08:00:00,160.694,161.142,160.306,160.896,55040
2022-10-11 12:00:00,160.894,161.76,160.772,161.505,51711
2022-10-11 16:00:00,161.506,162.673,160.997,162.476,64524
2022-10-11 20:00:00,162.472,162.564,159.728,159.957,50678
2022-10-12 00:00:00,159.945,160.373,159.75,160.297,27847
2022-10-12 04:00:00,160.297,161.499,159.818,160.769,41906
2022-10-12 08:00:00,160.766,161.755,160.092,161.44,59410
2022-10-12 12:00:00,161.44,162.443,161.331,162.097,52977
2022-10-12 16:00:00,162.098,163.066,161.863,162.569,55838
2022-10-12 20:00:00,162.569,163.325,162.515,163.035,40949
2022-10-13 00:00:00,162.971,163.178,162.749,163.105,25761
2022-10-13 04:00:00,163.105,163.153,162.64,162.834,27879
2022-10-13 08:00:00,162.828,163.027,162.322,163.023,37663
2022-10-13 12:00:00,163.023,165.667,162.989,165.199,59299
2022-10-13 16:00:00,165.198,167.282,164.105,166.778,85457
2022-10-13 20:00:00,166.778,166.923,166.38,166.793,44285
2022-10-14 00:00:00,166.78,166.858,166.372,166.601,21669
2022-10-14 04:00:00,166.605,167.212,166.481,166.915,36658
2022-10-14 08:00:00,166.909,167.057,166.063,166.512,47543
2022-10-14 12:00:00,166.515,166.932,165.027,166.325,55191
2022-10-14 16:00:00,166.321,167.126,165.286,166.128,71491
2022-10-14 20:00:00,166.128,166.338,165.952,166.291,30212
2022-10-17 00:00:00,166.741,167.153,166.561,166.736,25512
2022-10-17 04:00:00,166.736,167.048,166.671,167.031,35279
2022-10-17 08:00:00,167.033,168.042,166.961,167.555,52449
2022-10-17 12:00:00,167.554,168.778,167.543,168.594,46797
2022-10-17 16:00:00,168.594,170.097,168.559,169.511,55858
2022-10-17 20:00:00,169.511,169.641,168.968,169.279,31326
2022-10-18 00:00:00,169.243,169.365,168.881,168.895,25677
2022-10-18 04:00:00,168.897,169.801,168.646,169.451,31515
2022-10-18 08:00:00,169.451,169.638,168.447,168.595,55122
2022-10-18 12:00:00,168.593,168.974,167.561,168.765,54716
2022-10-18 16:00:00,168.763,168.995,168.316,168.763,59086
2022-10-18 20:00:00,168.762,169.122,168.383,168.947,40400
2022-10-19 00:00:00,168.958,169.373,168.887,169.183,27742
2022-10-19 04:00:00,169.183,169.287,168.931,169.084,32384
2022-10-19 08:00:00,169.084,169.139,168.031,168.294,48452
2022-10-19 12:00:00,168.294,168.661,167.98,168.396,47439
2022-10-19 16:00:00,168.395,168.795,167.631,167.723,52111
2022-10-19 20:00:00,167.721,168.257,167.634,168.158,39553
2022-10-20 00:00:00,168.14,168.182,167.778,168.062,23714
2022-10-20 04:00:00,168.061,168.466,167.784,168.212,42217
2022-10-20 08:00:00,168.208,168.478,167.627,167.713,50668
2022-10-20 12:00:00,167.712,169.33,167.421,168.73,62196
2022-10-20 16:00:00,168.73,169.73,168.507,168.731,63016
2022-10-20 20:00:00,168.731,168.738,168.347,168.681,45817
2022-10-21 00:00:00,168.592,168.695,168.217,168.274,17995
2022-10-21 04:00:00,168.273,168.559,168.157,168.371,32033
2022-10-21 08:00:00,168.371,168.752,167.865,167.991,44923
2022-10-21 12:00:00,167.991,168.792,167.705,168.579,55049
2022-10-21 16:00:00,168.577,169.579,164.964,165.794,105795
2022-10-21 20:00:00,165.794,167.173,165.678,166.807,49677
2022-10-24 00:00:00,168.253,169.806,165.477,168.462,40980
2022-10-24 04:00:00,168.468,169.007,168.202,168.963,46443
2022-10-24 08:00:00,168.962,169.501,168.74,169.127,58035
2022-10-24 12:00:00,169.128,169.462,167.802,168.807,53151
2022-10-24 16:00:00,168.809,168.857,167.594,167.952,68062
2022-10-24 20:00:00,167.952,168.198,167.856,167.956,29846
2022-10-25 00:00:00,167.997,168.709,167.991,168.622,25568
2022-10-25 04:00:00,168.622,168.677,168.103,168.232,43378
2022-10-25 08:00:00,168.231,168.701,167.841,168.531,49809
2022-10-25 12:00:00,168.531,169.075,168.341,169.055,39299
2022-10-25 16:00:00,169.06,169.95,169.052,169.792,72068
2022-10-25 20:00:00,169.792,169.873,169.549,169.657,40296
2022-10-26 00:00:00,169.735,169.969,169.393,169.446,37778
2022-10-26 04:00:00,169.446,169.987,169.389,169.792,43032
2022-10-26 08:00:00,169.792,170.603,169.328,170.513,62275
2022-10-26 12:00:00,170.515,170.59,169.947,170.187,56758
2022-10-26 16:00:00,170.187,170.313,169.564,170.008,67749
2022-10-26 20:00:00,170.008,170.263,169.824,170.215,38748
2022-10-27 00:00:00,170.154,170.262,169.726,169.794,33267
2022-10-27 04:00:00,169.794,169.982,169.463,169.485,41604
2022-10-27 08:00:00,169.481,169.489,168.734,169.164,49080
2022-10-27 12:00:00,169.164,170.025,169.038,169.654,58964
2022-10-27 16:00:00,169.65,169.789,168.794,169.11,71391
2022-10-27 20:00:00,169.109,169.36,168.911,169.135,37639
2022-10-28 00:00:00,169.135,169.409,168.992,169.364,23126
2022-10-28 04:00:00,169.368,169.946,169.067,169.271,49052
2022-10-28 08:00:00,169.271,170.0,168.88,169.955,55825
2022-10-28 12:00:00,169.956,170.504,169.885,170.448,51046
2022-10-28 16:00:00,170.448,171.216,170.186,171.18,58829
2022-10-28 20:00:00,171.176,171.371,171.048,171.26,25961
2022-10-31 00:00:00,171.354,172.129,171.018,171.715,28912
2022-10-31 04:00:00,171.711,171.828,171.398,171.488,25473
2022-10-31 08:00:00,171.488,171.686,171.151,171.634,40035
2022-10-31 12:00:00,171.634,171.743,170.72,170.769,51489
2022-10-31 16:00:00,170.768,171.347,170.331,170.449,47751
2022-10-31 20:00:00,170.453,170.725,170.355,170.571,24507
2022-11-01 00:00:00,170.571,170.827,170.332,170.503,29428
2022-11-01 04:00:00,170.502,170.864,170.432,170.665,39654
2022-11-01 08:00:00,170.668,170.952,169.933,170.095,47716
2022-11-01 12:00:00,170.095,170.292,169.664,170.253,54136
2022-11-01 16:00:00,170.283,170.49,169.482,170.248,63343
2022-11-01 20:00:00,170.247,170.338,170.019,170.259,25360
2022-11-02 00:00:00,170.248,170.328,169.336,169.523,38894
2022-11-02 04:00:00,169.521,169.991,169.457,169.805,34465
2022-11-02 08:00:00,169.805,169.813,168.956,169.193,42210
2022-11-02 12:00:00,169.191,169.435,168.81,168.998,45581
2022-11-02 16:00:00,168.998,169.055,168.474,168.639,40046
2022-11-02 20:00:00,168.683,168.998,168.261,168.309,62571
2022-11-03 00:00:00,168.309,168.569,167.88,168.195,31349
2022-11-03 04:00:00,168.195,168.223,167.968,168.177,36162
2022-11-03 08:00:00,168.177,168.22,166.697,166.809,54323
2022-11-03 12:00:00,166.809,167.177,165.315,165.364,61220
2022-11-03 16:00:00,165.364,166.046,165.091,165.727,56797
2022-11-03 20:00:00,165.727,165.739,165.327,165.39,27490
2022-11-04 00:00:00,165.381,165.918,165.149,165.846,32629
2022-11-04 04:00:00,165.842,166.265,165.756,165.836,41423
2022-11-04 08:00:00,165.838,166.137,165.413,165.808,51683
2022-11-04 12:00:00,165.806,166.092,165.097,165.852,66806
2022-11-04 16:00:00,165.852,166.606,165.799,166.577,66609
2022-11-04 20:00:00,166.577,166.977,166.516,166.818,27154
2022-11-07 00:00:00,166.364,166.713,166.184,166.609,26441
2022-11-07 04:00:00,166.609,166.909,166.575,166.808,35518
2022-11-07 08:00:00,166.808,168.25,166.579,167.846,54421
2022-11-07 12:00:00,167.846,168.261,167.624,167.837,47605
2022-11-07 16:00:00,167.836,168.767,167.554,168.76,52458
2022-11-07 20:00:00,168.761,169.092,168.679,168.774,28577
2022-11-08 00:00:00,168.719,169.078,168.68,168.913,26199
2022-11-08 04:00:00,168.913,168.996,168.519,168.57,29797
2022-11-08 08:00:00,168.572,168.643,167.67,168.023,46782
2022-11-08 12:00:00,168.023,168.089,167.306,167.531,40526
2022-11-08 16:00:00,167.53,168.655,167.313,168.5,54813
2022-11-08 20:00:00,168.498,168.501,167.748,168.159,35902
2022-11-09 00:00:00,168.154,168.201,167.65,167.864,30721
2022-11-09 04:00:00,167.864,168.232,167.8,168.154,42108
2022-11-09 08:00:00,168.153,168.321,166.801,166.935,49041
2022-11-09 12:00:00,166.93,167.344,166.51,167.073,49515
2022-11-09 16:00:00,167.073,167.115,166.276,166.355,56583
2022-11-09 20:00:00,166.356,166.477,165.97,166.27,35392
2022-11-10 00:00:00,166.288,166.623,166.168,166.528,23505
2022-11-10 04:00:00,166.528,166.772,166.329,166.699,31125
2022-11-10 08:00:00,166.699,166.764,166.354,166.427,44792
2022-11-10 12:00:00,166.431,167.429,166.425,166.82,48656
2022-11-10 16:00:00,166.82,167.083,165.204,165.472,75058
2022-11-10 20:00:00,165.47,165.933,164.374,165.125,46415
2022-11-11 00:00:00,165.283,166.076,165.254,165.852,33543
2022-11-11 04:00:00,165.852,166.093,165.4,165.867,44358
2022-11-11 08:00:00,165.866,165.95,164.477,164.617,54977
2022-11-11 12:00:00,164.615,164.659,163.052,164.057,54415
2022-11-11 16:00:00,164.062,164.159,163.463,163.738,53752
2022-11-11 20:00:00,163.738,164.317,163.683,164.226,33167
2022-11-14 00:00:00,164.698,164.832,163.817,163.977,37194
2022-11-14 04:00:00,163.977,164.111,163.76,163.976,39006
2022-11-14 08:00:00,163.973,165.67,163.691,165.658,51501
2022-11-14 12:00:00,165.658,165.717,165.03,165.179,54103
2022-11-14 16:00:00,165.179,165.222,164.54,164.906,54837
2022-11-14 20:00:00,164.909,165.144,164.158,164.458,30813
2022-11-15 00:00:00,164.415,165.071,164.389,164.805,27491
2022-11-15 04:00:00,164.805,165.344,164.764,165.314,27936
2022-11-15 08:00:00,165.314,165.559,164.522,164.787,53569
2022-11-15 12:00:00,164.786,165.905,164.572,165.876,59879
2022-11-15 16:00:00,165.877,166.208,165.329,165.631,68167
2022-11-15 20:00:00,165.631,165.768,164.424,165.252,55225
2022-11-16 00:00:00,165.222,165.695,164.698,165.486,39451
2022-11-16 04:00:00,165.486,166.257,165.471,165.85,41332
2022-11-16 08:00:00,165.848,166.204,165.447,165.822,48513
2022-11-16 12:00:00,165.822,166.396,165.795,165.951,47715
2022-11-16 16:00:00,165.948,166.025,165.046,165.831,54463
2022-11-16 20:00:00,165.826,166.306,165.716,166.212,36054
2022-11-17 00:00:00,166.144,166.293,165.743,165.857,27565
2022-11-17 04:00:00,165.856,165.994,165.697,165.891,40641
2022-11-17 08:00:00,165.892,166.326,165.745,165.96,46697
2022-11-17 12:00:00,165.957,166.083,165.187,165.309,53840
2022-11-17 16:00:00,165.31,166.084,165.31,166.066,55865
2022-11-17 20:00:00,166.065,166.378,166.008,166.298,29229
2022-11-18 00:00:00,166.326,166.844,166.278,166.498,33511
2022-11-18 04:00:00,166.497,166.68,166.321,166.385,36675
2022-11-18 08:00:00,166.385,167.318,166.261,166.926,46357
2022-11-18 12:00:00,166.926,166.969,166.396,166.611,37657
2022-11-18 16:00:00,166.613,166.945,166.13,166.595,47752
2022-11-18 20:00:00,166.595,166.993,166.551,166.843,26113
2022-11-21 00:00:00,166.883,166.991,166.327,166.361,27718
2022-11-21 04:00:00,166.362,166.419,166.107,166.308,27870
2022-11-21 08:00:00,166.306,167.484,166.235,167.46,44208
2022-11-21 12:00:00,167.459,167.666,167.187,167.22,40205
2022-11-21 16:00:00,167.22,167.72,167.006,167.605,44719
2022-11-21 20:00:00,167.605,168.065,167.569,168.036,26243
2022-11-22 00:00:00,167.969,168.303,167.902,168.104,29922
2022-11-22 04:00:00,168.104,168.204,167.909,167.998,29940
2022-11-22 08:00:00,168.001,168.106,167.51,167.563,43847
2022-11-22 12:00:00,167.56,168.194,167.351,168.012,37338
2022-11-22 16:00:00,168.012,168.052,167.68,167.812,41925
2022-11-22 20:00:00,167.812,167.946,167.718,167.813,19185
2022-11-23 00:00:00,167.812,168.004,167.737,167.975,24308
2022-11-23 04:00:00,167.975,168.053,167.888,168.004,20436
2022-11-23 08:00:00,168.004,168.68,167.774,168.476,36054
2022-11-23 12:00:00,168.476,169.002,168.397,168.852,40457
2022-11-23 16:00:00,168.853,168.988,168.049,168.229,53416
2022-11-23 20:00:00,168.229,168.369,167.917,168.217,31416
2022-11-24 00:00:00,168.236,168.287,167.747,167.768,41357
2022-11-24 04:00:00,167.763,168.077,167.661,168.011,31124
2022-11-24 08:00:00,168.011,168.109,167.401,167.587,39274
2022-11-24 12:00:00,167.589,167.849,167.158,167.59,43099
2022-11-24 16:00:00,167.598,168.029,167.52,167.799,26637
2022-11-24 20:00:00,167.801,167.949,167.637,167.899,13038
2022-11-25 00:00:00,167.887,168.31,167.735,167.924,20709
2022-11-25 04:00:00,167.923,168.04,167.659,167.795,25263
2022-11-25 08:00:00,167.8,168.606,167.636,168.394,34471
2022-11-25 12:00:00,168.396,168.8,168.193,168.326,34711
2022-11-25 16:00:00,168.33,168.525,168.089,168.297,34330
2022-11-25 20:00:00,168.292,168.342,167.827,168.195,7564
2022-11-28 00:00:00,168.079,168.201,166.855,166.959,35061
2022-11-28 04:00:00,166.959,167.137,166.588,166.725,35021
2022-11-28 08:00:00,166.725,166.979,166.282,166.536,42273
2022-11-28 12:00:00,166.536,167.45,166.418,167.27,35199
2022-11-28 16:00:00,167.267,167.3,166.57,166.573,43679
2022-11-28 20:00:00,166.573,166.728,165.843,166.132,28955
2022-11-29 00:00:00,166.004,166.611,165.822,166.363,28625
2022-11-29 04:00:00,166.361,166.62,166.181,166.392,35891
2022-11-29 08:00:00,166.393,166.675,165.527,165.556,41904
2022-11-29 12:00:00,165.556,166.351,165.537,166.131,36754
2022-11-29 16:00:00,166.128,166.201,165.596,165.758,40399
2022-11-29 20:00:00,165.759,165.872,165.595,165.744,29952
2022-11-30 00:00:00,165.818,166.222,165.654,165.971,22979
2022-11-30 04:00:00,165.97,166.27,165.883,165.883,29646
2022-11-30 08:00:00,165.883,166.75,165.453,166.719,32259
2022-11-30 12:00:00,166.719,167.151,166.335,167.076,35151
2022-11-30 16:00:00,167.076,167.4,166.057,166.452,46652
2022-11-30 20:00:00,166.452,166.554,165.976,166.429,55323
2022-12-01 00:00:00,166.429,166.568,165.169,165.269,31887
2022-12-01 04:00:00,165.269,165.492,164.851,165.081,33445
2022-12-01 08:00:00,165.081,165.74,164.517,165.648,38633
2022-12-01 12:00:00,165.647,166.438,165.467,166.352,36701
2022-12-01 16:00:00,166.352,167.223,165.839,166.03,55366
2022-12-01 20:00:00,166.026,166.19,165.57,165.808,33913
2022-12-02 00:00:00,165.808,165.93,165.316,165.42,23854
2022-12-02 04:00:00,165.42,165.621,165.205,165.274,30815
2022-12-02 08:00:00,165.273,165.405,164.043,164.453,38549
2022-12-02 12:00:00,164.46,165.197,164.274,164.984,38222
2022-12-02 16:00:00,164.985,165.987,164.939,165.315,47942
2022-12-02 20:00:00,165.32,165.455,164.875,165.076,28356
2022-12-05 00:00:00,165.079,165.665,165.059,165.468,18804
2022-12-05 04:00:00,165.466,166.063,165.428,165.962,23327
2022-12-05 08:00:00,165.957,166.346,165.536,166.118,32534
2022-12-05 12:00:00,166.12,166.442,165.592,166.338,32228
2022-12-05 16:00:00,166.335,166.575,166.063,166.44,44882
2022-12-05 20:00:00,166.44,166.828,166.299,166.768,28503
2022-12-06 00:00:00,166.768,166.836,166.4,166.642,20829
2022-12-06 04:00:00,166.645,167.282,166.614,167.012,30097
2022-12-06 08:00:00,167.011,167.497,166.331,166.555,35526
2022-12-06 12:00:00,166.555,166.677,166.159,166.445,34252
2022-12-06 16:00:00,166.445,167.26,166.141,166.607,43025
2022-12-06 20:00:00,166.607,166.702,166.171,166.228,21118
2022-12-07 00:00:00,166.156,166.53,165.953,166.295,21000
2022-12-07 04:00:00,166.295,166.753,166.176,166.653,31145
2022-12-07 08:00:00,166.653,167.193,166.46,166.929,35023
2022-12-07 12:00:00,166.927,167.431,166.829,166.91,33895
2022-12-07 16:00:00,166.91,167.046,166.32,166.671,46619
2022-12-07 20:00:00,166.671,166.789,166.403,166.719,30348
2022-12-08 00:00:00,166.713,166.942,166.374,166.77,20285
2022-12-08 04:00:00,166.77,167.174,166.685,167.08,27845
2022-12-08 08:00:00,167.084,167.098,166.552,166.734,30206
2022-12-08 12:00:00,166.734,166.957,166.289,166.847,28649
2022-12-08 16:00:00,166.857,167.088,166.607,167.062,34859
2022-12-08 20:00:00,167.061,167.345,166.997,167.236,22140
2022-12-09 00:00:00,167.236,167.406,166.8,166.972,23093
2022-12-09 04:00:00,166.975,167.087,166.625,166.921,27933
2022-12-09 08:00:00,166.92,167.205,166.706,166.819,29416
2022-12-09 12:00:00,166.813,167.182,166.498,166.941,32620
2022-12-09 16:00:00,166.941,168.061,166.937,167.679,40342
2022-12-09 20:00:00,167.679,167.698,167.385,167.503,19767
2022-12-12 00:00:00,167.421,167.501,167.126,167.274,18318
2022-12-12 04:00:00,167.273,167.637,167.239,167.516,22050
2022-12-12 08:00:00,167.517,167.992,167.094,167.728,29580
2022-12-12 12:00:00,167.73,168.634,167.709,168.433,23391
2022-12-12 16:00:00,168.432,169.016,168.088,168.959,32999
2022-12-12 20:00:00,168.958,169.025,168.676,168.876,22059
2022-12-13 00:00:00,168.89,169.184,168.66,168.985,17360
2022-12-13 04:00:00,168.986,169.143,168.752,168.948,23231
2022-12-13 08:00:00,168.947,169.278,168.49,168.991,30485
2022-12-13 12:00:00,168.991,169.218,167.697,167.732,33212
2022-12-13 16:00:00,167.732,167.902,167.098,167.353,53176
2022-12-13 20:00:00,167.351,167.744,167.319,167.656,28838
2022-12-14 00:00:00,167.653,167.711,167.134,167.468,19307
2022-12-14 04:00:00,167.469,167.52,167.276,167.321,20145
2022-12-14 08:00:00,167.319,167.661,167.215,167.573,34286
2022-12-14 12:00:00,167.574,167.58,166.729,166.973,32555
2022-12-14 16:00:00,166.97,167.792,166.821,167.767,34583
2022-12-14 20:00:00,167.766,168.374,167.42,168.338,56575
2022-12-15 00:00:00,168.325,168.325,167.839,167.942,19140
2022-12-15 04:00:00,167.941,168.214,167.833,168.038,21876
2022-12-15 08:00:00,168.038,168.586,167.989,168.513,34315
2022-12-15 12:00:00,168.512,168.842,167.858,168.016,39663
2022-12-15 16:00:00,168.015,168.488,167.886,167.908,50873
2022-12-15 20:00:00,167.901,168.077,167.622,167.754,23277
2022-12-16 00:00:00,167.888,168.001,167.49,167.584,18567
2022-12-16 04:00:00,167.583,167.736,167.375,167.65,29037
2022-12-16 08:00:00,167.65,167.695,166.123,166.596,39272
2022-12-16 12:00:00,166.597,167.37,166.446,167.039,31738
2022-12-16 16:00:00,167.039,167.445,165.99,166.164,44450
2022-12-16 20:00:00,166.164,166.327,165.941,165.946,26436
2022-12-19 00:00:00,165.778,166.081,165.465,165.72,20754
2022-12-19 04:00:00,165.72,166.131,165.631,165.74,27330
2022-12-19 08:00:00,165.739,166.443,165.486,166.237,38864
2022-12-19 12:00:00,166.239,166.331,165.951,166.269,34791
2022-12-19 16:00:00,166.274,166.902,165.942,166.594,33485
2022-12-19 20:00:00,166.594,166.594,166.21,166.283,18475
2022-12-20 00:00:00,166.284,166.953,166.183,166.829,16131
2022-12-20 04:00:00,166.83,167.006,160.888,161.061,39596
2022-12-20 08:00:00,161.061,162.267,160.29,160.447,53541
2022-12-20 12:00:00,160.447,161.471,160.437,160.58,39632
2022-12-20 16:00:00,160.58,160.901,158.585,159.251,50126
2022-12-20 20:00:00,159.251,160.516,159.228,160.449,22845
2022-12-21 00:00:00,160.397,160.967,160.214,160.806,23129
2022-12-21 04:00:00,160.806,161.034,160.48,160.83,22903
2022-12-21 08:00:00,160.823,160.829,159.653,159.824,31807
2022-12-21 12:00:00,159.823,160.666,159.476,160.616,32371
2022-12-21 16:00:00,160.614,160.874,159.573,159.711,39209
2022-12-21 20:00:00,159.707,160.048,159.547,160.048,21730
2022-12-22 00:00:00,160.009,160.009,159.536,159.717,23663
2022-12-22 04:00:00,159.716,159.936,159.434,159.857,24373
2022-12-22 08:00:00,159.857,160.246,159.54,159.678,28618
2022-12-22 12:00:00,159.676,159.847,158.962,159.235,31457
2022-12-22 16:00:00,159.237,159.363,158.798,159.144,35006
2022-12-22 20:00:00,159.143,159.5,158.957,159.289,22918
2022-12-23 00:00:00,159.265,159.809,159.071,159.74,17188
2022-12-23 04:00:00,159.74,159.927,159.587,159.677,25368
2022-12-23 08:00:00,159.676,160.103,159.531,159.95,29978
2022-12-23 12:00:00,159.949,160.353,159.814,159.912,31827
2022-12-23 16:00:00,159.912,160.526,159.844,160.117,41546
2022-12-23 20:00:00,160.117,160.143,159.784,159.962,15589
2022-12-26 00:00:00,160.165,160.229,159.478,159.774,11559
2022-12-26 04:00:00,159.77,159.991,159.622,159.955,12336
2022-12-26 08:00:00,159.95,160.424,159.776,160.365,10482
2022-12-26 12:00:00,160.364,160.721,160.212,160.438,6485
2022-12-26 16:00:00,160.435,160.459,160.124,160.193,4503
2022-12-26 20:00:00,160.193,160.365,160.021,160.031,957
2022-12-27 00:00:00,160.121,160.852,160.031,160.738,16606
2022-12-27 04:00:00,160.741,160.803,160.48,160.623,15881
2022-12-27 08:00:00,160.623,160.934,160.471,160.636,23061
2022-12-27 12:00:00,160.635,160.949,160.261,160.468,25528
2022-12-27 16:00:00,160.468,160.568,160.196,160.366,29639
2022-12-27 20:00:00,160.366,160.679,160.313,160.582,16035
2022-12-28 00:00:00,160.3,160.883,160.222,160.806,16742
2022-12-28 04:00:00,160.806,161.385,160.806,161.228,21698
2022-12-28 08:00:00,161.228,161.454,160.973,161.237,26287
2022-12-28 12:00:00,161.237,161.806,161.168,161.708,28344
2022-12-28 16:00:00,161.709,162.341,161.344,161.603,32911
2022-12-28 20:00:00,161.602,161.695,161.414,161.491,16981
2022-12-29 00:00:00,161.388,161.532,160.961,161.012,18838
2022-12-29 04:00:00,161.012,161.159,160.756,160.914,17427
2022-12-29 08:00:00,160.913,161.173,160.715,161.081,23419
2022-12-29 12:00:00,161.081,161.092,160.444,160.467,23022
2022-12-29 16:00:00,160.465,160.853,160.054,160.557,31977
2022-12-29 20:00:00,160.552,160.586,160.281,160.287,18159
2022-12-30 00:00:00,160.305,160.446,159.695,159.735,16411
2022-12-30 04:00:00,159.733,159.909,159.68,159.735,17359
2022-12-30 08:00:00,159.73,159.755,158.449,158.959,27842
2022-12-30 12:00:00,158.951,159.049,158.549,158.978,27179
2022-12-30 16:00:00,158.98,159.445,158.394,158.497,41436
2022-12-30 20:00:00,158.497,158.723,157.833,158.514,26819
2023-01-02 00:00:00,158.214,158.464,157.712,158.146,1544
2023-01-02 04:00:00,158.163,158.301,157.92,157.998,1358
2023-01-02 08:00:00,157.998,158.162,157.603,157.652,7068
2023-01-02 12:00:00,157.652,157.73,157.409,157.439,4378
2023-01-02 16:00:00,157.439,157.657,157.282,157.499,16578
2023-01-02 20:00:00,157.499,157.567,157.331,157.379,4683
2023-01-03 00:00:00,157.379,158.386,156.367,156.846,18293
2023-01-03 04:00:00,156.848,157.101,156.43,156.689,25620
2023-01-03 08:00:00,156.687,156.938,155.354,155.501,40910
2023-01-03 12:00:00,155.501,156.883,155.405,156.698,33585
2023-01-03 16:00:00,156.697,157.326,156.375,156.485,38967
2023-01-03 20:00:00,156.484,156.861,156.407,156.715,19930
2023-01-04 00:00:00,156.755,157.247,156.625,156.701,21138
2023-01-04 04:00:00,156.702,156.974,156.59,156.817,22566
2023-01-04 08:00:00,156.813,157.474,156.5,157.293,37658
2023-01-04 12:00:00,157.293,157.788,157.15,157.591,31514
2023-01-04 16:00:00,157.59,160.176,157.557,159.925,43545
2023-01-04 20:00:00,159.931,160.021,159.679,159.808,28398
2023-01-05 00:00:00,159.709,159.845,158.999,159.202,18167
2023-01-05 04:00:00,159.2,159.595,158.96,159.478,24158
2023-01-05 08:00:00,159.477,159.667,158.986,159.446,30797
2023-01-05 12:00:00,159.446,160.038,159.14,159.358,34939
2023-01-05 16:00:00,159.358,159.471,158.584,158.668,43956
2023-01-05 20:00:00,158.668,158.988,158.512,158.835,22806
2023-01-06 00:00:00,158.913,159.477,158.573,159.471,14123
2023-01-06 04:00:00,159.47,159.919,159.29,159.702,23583
2023-01-06 08:00:00,159.702,160.025,159.302,159.383,31899
2023-01-06 12:00:00,159.383,159.892,158.895,159.061,36296
2023-01-06 16:00:00,159.067,159.711,158.924,159.654,50443
2023-01-06 20:00:00,159.657,159.843,159.51,159.69,18109
2023-01-09 00:00:00,159.323,160.002,159.287,159.591,20143
2023-01-09 04:00:00,159.591,160.307,159.307,160.141,23222
2023-01-09 08:00:00,160.139,161.235,160.005,161.027,36635
2023-01-09 12:00:00,161.028,161.04,160.322,160.356,32760
2023-01-09 16:00:00,160.358,161.098,160.314,160.679,41101
2023-01-09 20:00:00,160.68,160.744,160.473,160.615,25734
2023-01-10 00:00:00,160.675,160.938,160.037,160.193,22189
2023-01-10 04:00:00,160.193,160.544,160.154,160.429,24399
2023-01-10 08:00:00,160.433,160.799,160.249,160.609,34602
2023-01-10 12:00:00,160.61,160.799,160.382,160.566,29296
2023-01-10 16:00:00,160.566,160.898,160.289,160.617,44362
2023-01-10 20:00:00,160.615,160.911,160.532,160.532,17695
2023-01-11 00:00:00,160.573,160.911,160.366,160.865,17616
2023-01-11 04:00:00,160.865,161.081,160.817,160.947,17438
2023-01-11 08:00:00,160.947,161.212,160.691,160.728,27451
2023-01-11 12:00:00,160.736,160.958,160.528,160.64,28490
2023-01-11 16:00:00,160.637,161.119,160.525,160.585,33707
2023-01-11 20:00:00,160.585,161.007,160.585,160.738,22602
2023-01-12 00:00:00,160.745,160.927,159.918,160.092,26521
2023-01-12 04:00:00,160.095,160.315,159.868,160.02,19631
2023-01-12 08:00:00,160.018,160.123,159.352,159.467,31938
2023-01-12 12:00:00,159.467,159.722,158.202,158.637,40325
2023-01-12 16:00:00,158.64,158.982,157.723,157.994,54319
2023-01-12 20:00:00,157.993,158.099,157.769,157.771,30897
2023-01-13 00:00:00,157.818,158.01,157.363,157.541,28981
2023-01-13 04:00:00,157.539,157.693,157.303,157.336,25072
2023-01-13 08:00:00,157.335,157.424,156.605,157.162,38894
2023-01-13 12:00:00,157.158,157.249,155.938,156.032,33250
2023-01-13 16:00:00,156.035,156.211,155.646,155.92,41753
2023-01-13 20:00:00,155.921,156.532,155.874,156.339,18864
2023-01-16 00:00:00,155.978,156.934,155.868,156.683,22146
2023-01-16 04:00:00,156.684,156.805,156.187,156.491,25896
2023-01-16 08:00:00,156.494,157.079,156.355,156.615,35225
2023-01-16 12:00:00,156.613,156.971,156.449,156.595,26441
2023-01-16 16:00:00,156.596,157.047,156.528,156.91,23123
2023-01-16 20:00:00,156.909,156.919,156.62,156.759,14097
2023-01-17 00:00:00,156.675,157.146,156.391,156.995,23313
2023-01-17 04:00:00,156.996,157.247,156.842,156.967,23627
2023-01-17 08:00:00,156.965,157.385,156.821,157.231,34299
2023-01-17 12:00:00,157.231,157.846,157.176,157.694,34755
2023-01-17 16:00:00,157.69,158.026,157.073,157.256,43939
2023-01-17 20:00:00,157.256,157.596,157.228,157.33,20794
2023-01-18 00:00:00,157.412,158.379,157.251,157.937,20408
2023-01-18 04:00:00,157.936,161.532,157.688,160.671,43969
2023-01-18 08:00:00,160.671,161.204,159.361,159.913,49740
2023-01-18 12:00:00,159.913,160.092,158.803,158.812,42084
2023-01-18 16:00:00,158.812,159.252,158.597,159.033,47847
2023-01-18 20:00:00,159.034,159.176,158.707,159.048,23974
2023-01-19 00:00:00,159.059,159.159,158.126,158.624,24610
2023-01-19 04:00:00,158.624,158.634,157.573,157.813,22655
2023-01-19 08:00:00,157.812,158.382,157.665,158.315,31656
2023-01-19 12:00:00,158.314,158.908,158.237,158.546,33671
2023-01-19 16:00:00,158.54,159.1,158.412,159.067,34411
2023-01-19 20:00:00,159.066,159.226,158.978,159.042,20173
2023-01-20 00:00:00,159.1,159.616,158.981,159.575,18276
2023-01-20 04:00:00,159.575,159.977,159.378,159.903,17404
2023-01-20 08:00:00,159.902,159.912,159.193,159.776,28408
2023-01-20 12:00:00,159.774,161.197,159.746,161.19,31060
2023-01-20 16:00:00,161.189,161.29,160.582,160.699,32720
2023-01-20 20:00:00,160.699,160.717,160.386,160.386,18611
2023-01-23 00:00:00,160.42,160.844,160.358,160.543,11779
2023-01-23 04:00:00,160.543,161.28,160.424,161.195,10482
2023-01-23 08:00:00,161.191,161.628,160.869,161.078,25643
2023-01-23 12:00:00,161.073,161.228,160.758,161.111,28369
2023-01-23 16:00:00,161.111,161.708,161.092,161.592,33003
2023-01-23 20:00:00,161.592,161.805,161.51,161.691,17733
2023-01-24 00:00:00,161.767,161.792,161.241,161.373,12692
2023-01-24 04:00:00,161.373,161.592,161.175,161.206,13092
2023-01-24 08:00:00,161.207,161.432,160.176,160.437,24697
2023-01-24 12:00:00,160.437,160.478,159.992,160.327,23812
2023-01-24 16:00:00,160.326,160.904,160.129,160.262,36582
2023-01-24 20:00:00,160.259,160.668,160.259,160.437,15368
2023-01-25 00:00:00,160.557,160.802,160.386,160.574,17445
2023-01-25 04:00:00,160.575,160.931,160.456,160.729,15835
2023-01-25 08:00:00,160.728,160.855,159.764,159.846,24995
2023-01-25 12:00:00,159.846,160.155,159.501,160.05,24768
2023-01-25 16:00:00,160.05,160.488,159.642,160.486,34342
2023-01-25 20:00:00,160.487,160.744,160.416,160.632,17141
2023-01-26 00:00:00,160.693,160.693,160.13,160.355,17892
2023-01-26 04:00:00,160.354,160.612,160.011,160.383,15776
2023-01-26 08:00:00,160.38,161.205,160.294,160.949,28410
2023-01-26 12:00:00,160.95,161.249,160.662,160.945,26925
2023-01-26 16:00:00,160.946,161.464,160.872,161.292,36975
2023-01-26 20:00:00,161.29,161.737,161.239,161.512,15334
2023-01-27 00:00:00,161.515,161.583,160.731,160.868,21188
2023-01-27 04:00:00,160.868,161.194,160.747,160.938,14988
2023-01-27 08:00:00,160.938,161.072,160.551,160.635,22193
2023-01-27 12:00:00,160.638,160.784,160.449,160.464,23363
2023-01-27 16:00:00,160.465,161.015,160.408,160.987,31902
2023-01-27 20:00:00,160.987,161.046,160.837,160.937,13411
2023-01-30 00:00:00,160.62,161.39,160.522,161.382,18163
2023-01-30 04:00:00,161.386,161.411,160.259,160.71,26774
2023-01-30 08:00:00,160.708,161.164,160.207,161.068,28809
2023-01-30 12:00:00,161.067,161.358,160.958,161.04,23086
2023-01-30 16:00:00,161.041,161.422,161.027,161.234,28314
2023-01-30 20:00:00,161.231,161.237,161.022,161.06,15738
2023-01-31 00:00:00,161.086,161.201,160.844,160.934,16852
2023-01-31 04:00:00,160.929,160.99,160.617,160.633,15373
2023-01-31 08:00:00,160.632,160.921,160.411,160.713,25263
2023-01-31 12:00:00,160.713,160.867,159.966,160.052,26960
2023-01-31 16:00:00,160.051,160.585,159.765,160.475,36374
2023-01-31 20:00:00,160.473,160.557,160.142,160.142,15449
2023-02-01 00:00:00,160.272,160.321,159.855,160.059,13937
2023-02-01 04:00:00,160.06,160.502,159.969,160.456,13129
2023-02-01 08:00:00,160.455,160.673,159.911,159.975,24077
2023-02-01 12:00:00,159.965,160.092,159.607,159.649,25213
2023-02-01 16:00:00,159.65,159.866,158.91,158.986,33061
2023-02-01 20:00:00,158.983,159.667,158.978,159.52,46046
2023-02-02 00:00:00,159.544,159.544,158.885,159.189,24110
2023-02-02 04:00:00,159.189,159.373,159.123,159.351,17519
2023-02-02 08:00:00,159.347,159.608,158.985,159.147,27574
2023-02-02 12:00:00,159.147,159.362,157.556,157.971,39159
2023-02-02 16:00:00,157.971,158.078,157.206,157.317,42441
2023-02-02 20:00:00,157.318,157.576,157.184,157.351,27384
2023-02-03 00:00:00,157.317,157.392,156.974,157.253,18933
2023-02-03 04:00:00,157.254,157.265,156.826,157.08,16761
2023-02-03 08:00:00,157.081,157.506,156.731,157.435,25543
2023-02-03 12:00:00,157.432,157.717,157.23,157.596,31581
2023-02-03 16:00:00,157.594,158.748,157.51,158.238,51784
2023-02-03 20:00:00,158.237,158.238,157.968,158.14,23966
2023-02-06 00:00:00,159.299,159.381,158.475,159.291,24960
2023-02-06 04:00:00,159.291,159.434,158.724,158.968,23262
2023-02-06 08:00:00,158.968,159.14,158.758,158.818,29772
2023-02-06 12:00:00,158.817,159.769,158.742,159.717,30676
2023-02-06 16:00:00,159.716,159.951,159.352,159.487,36552
2023-02-06 20:00:00,159.487,159.551,159.311,159.351,20000
2023-02-07 00:00:00,159.409,159.576,159.263,159.445,15627
2023-02-07 04:00:00,159.445,159.504,159.218,159.352,18925
2023-02-07 08:00:00,159.351,159.354,158.242,158.243,33952
2023-02-07 12:00:00,158.245,158.445,157.866,157.998,32576
2023-02-07 16:00:00,158.001,158.176,157.535,157.786,41048
2023-02-07 20:00:00,157.785,158.021,157.43,157.785,36357
2023-02-08 00:00:00,157.871,158.103,157.614,158.063,19040
2023-02-08 04:00:00,158.063,158.251,157.969,158.017,14276
2023-02-08 08:00:00,158.015,158.433,157.935,158.185,30087
2023-02-08 12:00:00,158.183,158.68,158.043,158.598,22783
2023-02-08 16:00:00,158.599,158.834,158.418,158.613,32969
2023-02-08 20:00:00,158.613,158.68,158.495,158.548,15788
2023-02-09 00:00:00,158.604,159.013,158.411,158.82,18721
2023-02-09 04:00:00,158.819,159.156,158.097,158.819,17058
2023-02-09 08:00:00,158.814,158.955,158.468,158.854,27940
2023-02-09 12:00:00,158.854,159.155,158.773,158.991,26939
2023-02-09 16:00:00,158.991,159.416,158.926,159.247,33484
2023-02-09 20:00:00,159.245,159.507,159.213,159.369,22745
2023-02-10 00:00:00,159.441,159.627,159.163,159.395,16087
2023-02-10 04:00:00,159.396,159.432,159.059,159.194,17801
2023-02-10 08:00:00,159.195,159.34,157.533,158.439,45435
2023-02-10 12:00:00,158.438,158.689,158.162,158.326,28178
2023-02-10 16:00:00,158.326,158.955,158.257,158.439,35718
2023-02-10 20:00:00,158.439,158.633,158.288,158.288,16183
2023-02-13 00:00:00,158.311,158.8,158.192,158.648,15677
2023-02-13 04:00:00,158.648,159.269,158.638,159.227,15392
2023-02-13 08:00:00,159.225,159.88,159.168,159.725,25555
2023-02-13 12:00:00,159.724,160.566,159.515,160.417,25468
2023-02-13 16:00:00,160.418,161.196,160.341,160.886,29947
2023-02-13 20:00:00,160.887,160.982,160.526,160.651,14249
2023-02-14 00:00:00,160.717,160.819,160.275,160.32,14554
2023-02-14 04:00:00,160.32,160.519,160.109,160.169,14698
2023-02-14 08:00:00,160.17,160.915,160.118,160.908,27838
2023-02-14 12:00:00,160.909,161.704,160.892,161.497,39746
2023-02-14 16:00:00,161.498,162.18,161.188,161.976,51730
2023-02-14 20:00:00,161.976,162.069,161.857,161.97,22726
2023-02-15 00:00:00,162.038,162.058,161.325,161.357,14535
2023-02-15 04:00:00,161.357,161.812,161.339,161.698,15462
2023-02-15 08:00:00,161.697,161.868,160.973,161.325,31292
2023-02-15 12:00:00,161.318,161.342,160.84,160.871,29875
2023-02-15 16:00:00,160.87,161.495,160.785,161.214,37106
2023-02-15 20:00:00,161.214,161.48,161.071,161.349,16001
2023-02-16 00:00:00,161.253,161.349,160.96,161.164,20937
2023-02-16 04:00:00,161.162,161.385,160.938,161.288,15976
2023-02-16 08:00:00,161.286,161.431,160.998,161.382,25885
2023-02-16 12:00:00,161.38,161.516,160.882,160.944,24959
2023-02-16 16:00:00,160.949,161.27,160.762,160.92,37439
2023-02-16 20:00:00,160.922,160.971,160.469,160.54,24050
2023-02-17 00:00:00,160.574,160.992,160.498,160.939,17113
2023-02-17 04:00:00,160.937,161.027,160.789,160.992,13617
2023-02-17 08:00:00,160.99,161.064,160.744,161.023,25958
2023-02-17 12:00:00,161.023,161.247,160.879,161.169,28524
2023-02-17 16:00:00,161.167,161.494,161.019,161.388,38721
2023-02-17 20:00:00,161.388,161.646,161.349,161.526,14420
2023-02-20 00:00:00,161.331,161.686,161.295,161.628,14415
2023-02-20 04:00:00,161.628,161.728,161.243,161.48,17694
2023-02-20 08:00:00,161.48,161.718,161.177,161.318,23624
2023-02-20 12:00:00,161.318,161.45,161.17,161.38,18365
2023-02-20 16:00:00,161.382,161.581,161.206,161.57,12955
2023-02-20 20:00:00,161.569,161.713,161.534,161.668,7642
2023-02-21 00:00:00,161.578,161.742,161.437,161.522,13312
2023-02-21 04:00:00,161.521,161.693,161.455,161.584,12614
2023-02-21 08:00:00,161.586,162.879,161.483,162.736,28840
2023-02-21 12:00:00,162.736,163.51,162.593,163.181,28885
2023-02-21 16:00:00,163.18,163.757,162.872,163.522,40098
2023-02-21 20:00:00,163.524,163.55,163.202,163.463,17984
2023-02-22 00:00:00,163.525,163.564,163.227,163.286,17962
2023-02-22 04:00:00,163.286,163.53,163.15,163.164,13534
2023-02-22 08:00:00,163.163,163.36,162.754,162.915,25945
2023-02-22 12:00:00,162.914,163.053,162.731,162.878,28031
2023-02-22 16:00:00,162.879,162.967,162.392,162.693,31414
2023-02-22 20:00:00,162.693,162.759,162.415,162.466,22245
2023-02-23 00:00:00,162.516,162.638,162.251,162.527,8778
2023-02-23 04:00:00,162.519,162.635,162.488,162.62,8062
2023-02-23 08:00:00,162.62,162.752,162.061,162.252,20948
2023-02-23 12:00:00,162.252,162.83,162.191,162.795,24939
2023-02-23 16:00:00,162.796,162.855,161.67,161.753,36242
2023-02-23 20:00:00,161.752,161.914,161.677,161.721,17667
2023-02-24 00:00:00,161.799,162.045,161.208,161.957,24081
2023-02-24 04:00:00,161.956,162.052,161.794,161.831,15536
2023-02-24 08:00:00,161.83,162.644,161.726,162.496,24354
2023-02-24 12:00:00,162.495,162.752,162.077,162.574,30724
2023-02-24 16:00:00,162.575,163.119,162.442,163.006,38755
2023-02-24 20:00:00,163.006,163.099,162.888,162.933,14440
2023-02-27 00:00:00,163.031,163.139,162.736,162.858,15455
2023-02-27 04:00:00,162.862,162.943,162.643,162.779,13043
2023-02-27 08:00:00,162.774,163.394,162.601,163.308,27022
2023-02-27 12:00:00,163.306,163.559,163.151,163.541,24129
2023-02-27 16:00:00,163.542,164.261,163.429,164.223,30702
2023-02-27 20:00:00,164.225,164.361,164.067,164.189,13689
2023-02-28 00:00:00,164.042,164.511,164.03,164.172,12587
2023-02-28 04:00:00,164.172,164.295,164.108,164.12,11408
2023-02-28 08:00:00,164.12,165.335,164.093,165.104,24869
2023-02-28 12:00:00,165.102,165.859,165.084,165.721,23876
2023-02-28 16:00:00,165.719,166.011,164.163,164.325,36682
2023-02-28 20:00:00,164.326,164.383,163.492,163.504,15778
2023-03-01 00:00:00,163.557,164.075,163.377,164.014,15934
2023-03-01 04:00:00,164.014,164.285,163.867,164.262,11598
2023-03-01 08:00:00,164.262,164.512,163.827,163.933,29038
2023-03-01 12:00:00,163.932,163.998,162.868,163.013,31150
2023-03-01 16:00:00,163.011,163.672,163.004,163.44,39112
2023-03-01 20:00:00,163.44,163.843,163.383,163.763,14804
2023-03-02 00:00:00,163.775,163.885,163.563,163.718,14864
2023-03-02 04:00:00,163.716,163.839,163.615,163.793,14574
2023-03-02 08:00:00,163.792,163.935,163.315,163.396,27775
2023-03-02 12:00:00,163.395,163.818,163.285,163.488,30375
2023-03-02 16:00:00,163.489,163.589,163.067,163.422,31572
2023-03-02 20:00:00,163.423,163.472,163.26,163.26,19698
2023-03-03 00:00:00,163.368,163.629,163.138,163.441,13447
2023-03-03 04:00:00,163.44,163.638,163.318,163.508,11368
2023-03-03 08:00:00,163.509,163.553,163.162,163.192,24471
2023-03-03 12:00:00,163.191,163.533,163.145,163.207,24013
2023-03-03 16:00:00,163.209,163.496,163.073,163.467,32080
2023-03-03 20:00:00,163.469,163.643,163.417,163.534,14228
2023-03-06 00:00:00,163.49,163.686,163.179,163.409,13808
2023-03-06 04:00:00,163.412,163.527,163.031,163.431,13468
2023-03-06 08:00:00,163.43,163.742,163.119,163.7,23976
2023-03-06 12:00:00,163.701,163.745,163.148,163.198,22671
2023-03-06 16:00:00,163.198,163.785,162.983,163.662,24963
2023-03-06 20:00:00,163.663,163.663,163.373,163.389,12716
2023-03-07 00:00:00,163.375,163.794,163.25,163.743,12005
2023-03-07 04:00:00,163.743,163.863,163.557,163.691,12568
2023-03-07 08:00:00,163.692,163.834,163.019,163.2,24083
2023-03-07 12:00:00,163.202,163.4,162.994,163.113,20365
2023-03-07 16:00:00,163.114,163.332,162.078,162.17,45337
2023-03-07 20:00:00,162.171,162.313,162.049,162.155,17644
2023-03-08 00:00:00,162.047,162.671,162.031,162.43,15882
2023-03-08 04:00:00,162.431,162.983,162.419,162.797,14310
2023-03-08 08:00:00,162.791,162.967,162.432,162.776,23548
2023-03-08 12:00:00,162.775,162.918,162.048,162.055,24797
2023-03-08 16:00:00,162.056,162.387,161.71,162.327,37578
2023-03-08 20:00:00,162.326,162.787,162.326,162.639,12854
2023-03-09 00:00:00,162.488,162.651,162.09,162.316,12079
2023-03-09 04:00:00,162.315,162.345,162.119,162.201,8511
2023-03-09 08:00:00,162.199,162.212,161.617,161.656,22096
2023-03-09 12:00:00,161.656,162.137,161.624,162.083,24992
2023-03-09 16:00:00,162.081,162.623,162.046,162.45,28165
2023-03-09 20:00:00,162.45,162.524,162.073,162.264,18764
2023-03-10 00:00:00,162.202,162.659,162.015,162.126,14271
2023-03-10 04:00:00,162.125,163.194,161.952,162.933,22966
2023-03-10 08:00:00,162.935,164.167,162.495,163.972,32267
2023-03-10 12:00:00,163.974,164.238,163.374,163.767,35267
2023-03-10 16:00:00,163.765,163.856,162.365,162.495,55430
2023-03-10 20:00:00,162.495,162.66,162.003,162.312,23637
2023-03-13 00:00:00,161.89,163.071,161.44,162.464,34407
2023-03-13 04:00:00,162.466,162.803,162.175,162.74,30109
2023-03-13 08:00:00,162.739,163.049,160.646,160.897,47619
2023-03-13 12:00:00,160.896,161.475,160.047,160.924,64031
2023-03-13 16:00:00,160.926,162.191,160.823,162.14,50253
2023-03-13 20:00:00,162.139,162.796,162.079,162.296,25139
2023-03-14 00:00:00,162.3,162.72,161.866,162.492,22512
2023-03-14 04:00:00,162.491,162.823,162.373,162.744,19650
2023-03-14 08:00:00,162.741,163.253,162.148,163.144,43868
2023-03-14 12:00:00,163.143,164.083,162.731,163.887,48276
2023-03-14 16:00:00,163.887,163.938,162.976,163.527,39590
2023-03-14 20:00:00,163.528,163.565,162.972,163.169,18589
2023-03-15 00:00:00,163.169,163.609,163.103,163.377,24186
2023-03-15 04:00:00,163.375,163.694,163.204,163.671,16551
2023-03-15 08:00:00,163.67,164.143,162.389,162.576,37518
2023-03-15 12:00:00,162.576,162.584,159.859,159.952,68553
2023-03-15 16:00:00,159.95,160.702,159.211,160.395,52781
2023-03-15 20:00:00,160.395,161.531,160.129,160.629,28911
2023-03-16 00:00:00,160.631,161.235,160.025,160.558,28801
2023-03-16 04:00:00,160.559,160.771,160.105,160.239,22371
2023-03-16 08:00:00,160.243,161.253,160.082,160.44,38130
2023-03-16 12:00:00,160.439,160.494,158.558,159.982,46152
2023-03-16 16:00:00,159.98,162.072,159.359,161.825,53380
2023-03-16 20:00:00,161.824,162.11,161.547,161.771,17629
2023-03-17 00:00:00,161.764,161.857,161.467,161.67,16548
2023-03-17 04:00:00,161.671,161.907,161.528,161.763,16850
2023-03-17 08:00:00,161.764,162.184,161.294,161.476,31671
2023-03-17 12:00:00,161.476,161.665,160.17,160.811,39247
2023-03-17 16:00:00,160.811,161.069,160.117,160.948,39158
2023-03-17 20:00:00,160.951,161.039,160.415,160.47,19325
2023-03-20 00:00:00,160.87,161.735,160.583,161.166,23805
2023-03-20 04:00:00,161.166,161.301,160.471,160.707,21193
2023-03-20 08:00:00,160.705,160.71,158.96,159.98,52016
2023-03-20 12:00:00,159.98,161.464,159.827,161.295,47384
2023-03-20 16:00:00,161.294,161.695,161.003,161.481,39674
2023-03-20 20:00:00,161.484,161.555,160.964,161.192,15880
2023-03-21 00:00:00,161.192,161.594,160.811,160.984,20483
2023-03-21 04:00:00,160.986,161.082,160.765,160.905,12585
2023-03-21 08:00:00,160.903,162.003,160.901,161.985,31715
2023-03-21 12:00:00,161.983,162.263,161.68,161.826,32403
2023-03-21 16:00:00,161.826,161.944,161.014,161.643,35323
2023-03-21 20:00:00,161.642,161.964,161.564,161.847,16676
2023-03-22 00:00:00,161.847,162.215,161.639,161.999,23536
2023-03-22 04:00:00,161.998,162.124,161.707,161.936,19597
2023-03-22 08:00:00,161.932,162.898,161.751,162.788,29732
2023-03-22 12:00:00,162.791,163.339,162.3,162.427,28452
2023-03-22 16:00:00,162.426,162.467,162.045,162.259,25096
2023-03-22 20:00:00,162.023,162.328,160.795,161.245,37529
2023-03-23 00:00:00,161.245,161.302,160.705,160.845,24014
2023-03-23 04:00:00,160.842,161.249,160.694,161.188,21863
2023-03-23 08:00:00,161.185,161.754,160.997,161.485,38093
2023-03-23 12:00:00,161.485,161.865,161.213,161.477,37576
2023-03-23 16:00:00,161.472,161.747,160.924,160.957,37620
2023-03-23 20:00:00,160.957,161.017,159.94,160.737,31698
2023-03-24 00:00:00,160.762,160.853,159.752,160.16,27171
2023-03-24 04:00:00,160.16,160.341,159.772,159.866,25162
2023-03-24 08:00:00,159.865,160.2,158.411,158.483,41186
2023-03-24 12:00:00,158.482,159.462,158.265,159.431,49650
2023-03-24 16:00:00,159.433,159.989,159.189,159.825,39985
2023-03-24 20:00:00,159.822,160.029,159.762,159.857,12657
2023-03-27 00:00:00,159.559,160.312,159.436,159.958,17030
2023-03-27 04:00:00,159.959,160.309,159.807,159.959,19843
2023-03-27 08:00:00,159.956,160.988,159.953,160.734,32970
2023-03-27 12:00:00,160.731,161.432,160.679,161.26,28236
2023-03-27 16:00:00,161.261,161.72,161.099,161.643,29435
2023-03-27 20:00:00,161.644,161.842,161.458,161.572,13563
2023-03-28 00:00:00,161.677,161.677,160.857,161.004,18280
2023-03-28 04:00:00,161.002,161.168,160.777,160.865,22165
2023-03-28 08:00:00,160.863,161.782,160.732,161.139,31210
2023-03-28 12:00:00,161.138,161.489,160.743,160.891,29267
2023-03-28 16:00:00,160.888,161.707,160.875,161.655,30361
2023-03-28 20:00:00,161.658,161.664,161.13,161.502,14430
2023-03-29 00:00:00,161.519,162.046,161.351,161.988,16005
2023-03-29 04:00:00,161.99,162.417,161.978,162.383,20040
2023-03-29 08:00:00,162.383,162.768,162.264,162.68,30238
2023-03-29 12:00:00,162.678,163.481,162.324,163.421,33902
2023-03-29 16:00:00,163.42,163.461,162.892,163.277,34642
2023-03-29 20:00:00,163.277,163.685,163.193,163.522,15665
2023-03-30 00:00:00,163.636,163.636,162.979,163.218,14318
2023-03-30 04:00:00,163.217,163.352,163.052,163.215,17183
2023-03-30 08:00:00,163.216,163.887,163.014,163.752,32647
2023-03-30 12:00:00,163.755,164.343,163.246,164.342,30444
2023-03-30 16:00:00,164.341,164.456,163.882,163.974,29472
2023-03-30 20:00:00,163.974,164.449,163.782,164.3,13757
2023-03-31 00:00:00,164.365,165.472,164.147,165.206,18047
2023-03-31 04:00:00,165.206,165.365,164.527,164.551,22457
2023-03-31 08:00:00,164.549,165.119,164.221,165.071,32603
2023-03-31 12:00:00,165.07,165.252,164.491,164.902,30017
2023-03-31 16:00:00,164.902,165.017,163.92,163.938,35105
2023-03-31 20:00:00,163.936,163.985,163.627,163.719,17692
2023-04-03 00:00:00,164.316,164.369,163.453,163.723,20720
2023-04-03 04:00:00,163.719,163.941,163.427,163.917,23682
2023-04-03 08:00:00,163.916,164.61,163.798,164.571,29600
2023-04-03 12:00:00,164.568,164.889,164.438,164.859,27898
2023-04-03 16:00:00,164.859,164.902,163.775,164.198,34207
2023-04-03 20:00:00,164.195,164.547,164.069,164.351,15306
2023-04-04 00:00:00,164.417,164.548,164.182,164.516,15499
2023-04-04 04:00:00,164.516,164.935,164.509,164.739,19736
2023-04-04 08:00:00,164.749,165.806,164.634,165.801,28341
2023-04-04 12:00:00,165.799,166.399,165.634,165.747,27767
2023-04-04 16:00:00,165.747,165.849,164.264,164.448,38375
2023-04-04 20:00:00,164.449,164.735,164.411,164.592,11598
2023-04-05 00:00:00,164.644,164.644,163.986,164.161,13770
2023-04-05 04:00:00,164.158,164.676,164.06,164.336,19707
2023-04-05 08:00:00,164.335,164.563,163.7,164.083,30067
2023-04-05 12:00:00,164.084,164.399,163.456,163.542,31437
2023-04-05 16:00:00,163.541,163.672,162.775,163.262,38571
2023-04-05 20:00:00,163.262,163.64,163.186,163.531,10736
2023-04-06 00:00:00,163.557,163.579,162.9,163.224,14481
2023-04-06 04:00:00,163.224,163.352,162.987,163.196,11161
2023-04-06 08:00:00,163.196,163.976,163.168,163.804,24514
2023-04-06 12:00:00,163.805,164.112,163.37,163.55,25065
2023-04-06 16:00:00,163.551,164.042,163.399,163.969,26084
2023-04-06 20:00:00,163.969,164.074,163.791,163.791,9278
2023-04-07 00:00:00,163.828,164.03,163.697,163.829,11418
2023-04-07 04:00:00,163.831,164.07,163.683,163.917,10141
2023-04-07 08:00:00,163.918,164.283,163.856,163.947,12371
2023-04-07 12:00:00,163.947,164.179,163.542,164.022,17667
2023-04-07 16:00:00,164.025,164.15,163.805,164.042,25090
2023-04-07 20:00:00,164.042,164.329,163.931,163.943,11958
2023-04-10 00:00:00,164.002,164.747,163.789,164.651,12551
2023-04-10 04:00:00,164.649,164.762,164.525,164.573,17097
2023-04-10 08:00:00,164.574,164.654,163.991,164.156,19960
2023-04-10 12:00:00,164.155,165.036,164.124,164.686,29085
2023-04-10 16:00:00,164.687,165.498,164.608,165.455,26119
2023-04-10 20:00:00,165.456,165.477,165.327,165.358,12115
2023-04-11 00:00:00,165.427,165.518,165.194,165.401,10115
2023-04-11 04:00:00,165.4,165.66,165.385,165.459,15890
2023-04-11 08:00:00,165.459,165.805,165.301,165.516,25855
2023-04-11 12:00:00,165.519,165.696,165.43,165.476,27362
2023-04-11 16:00:00,165.474,166.112,165.387,165.935,25041
2023-04-11 20:00:00,165.935,166.192,165.845,166.047,9905
2023-04-12 00:00:00,166.119,166.263,165.963,166.163,13031
2023-04-12 04:00:00,166.162,166.579,166.076,166.359,12624
2023-04-12 08:00:00,166.362,166.584,166.021,166.184,21819
2023-04-12 12:00:00,166.185,166.248,165.394,165.591,26266
2023-04-12 16:00:00,165.59,166.294,165.476,166.274,33450
2023-04-12 20:00:00,166.278,166.603,166.069,166.142,17115
2023-04-13 00:00:00,166.182,166.462,165.96,166.361,13328
2023-04-13 04:00:00,166.359,166.509,166.206,166.455,17969
2023-04-13 08:00:00,166.454,166.749,166.191,166.729,25670
2023-04-13 12:00:00,166.729,166.849,166.019,166.054,27906
2023-04-13 16:00:00,166.058,166.062,165.412,165.856,34154
2023-04-13 20:00:00,165.856,166.324,165.855,165.94,13591
2023-04-14 00:00:00,166.024,166.162,165.818,166.013,13903
2023-04-14 04:00:00,166.012,166.161,165.826,166.132,21230
2023-04-14 08:00:00,166.133,166.184,165.408,165.67,25025
2023-04-14 12:00:00,165.672,166.088,165.525,166.081,30004
2023-04-14 16:00:00,166.077,166.232,165.861,165.961,36983
2023-04-14 20:00:00,165.961,166.138,165.826,165.993,13015
2023-04-17 00:00:00,166.084,166.189,165.825,165.854,9516
2023-04-17 04:00:00,165.855,166.435,165.841,166.4,16851
2023-04-17 08:00:00,166.4,166.561,165.694,165.822,26775
2023-04-17 12:00:00,165.822,166.534,165.769,166.38,29407
2023-04-17 16:00:00,166.379,166.633,166.109,166.136,32227
2023-04-17 20:00:00,166.136,166.453,166.125,166.342,8422
2023-04-18 00:00:00,166.429,166.463,166.167,166.281,15490
2023-04-18 04:00:00,166.281,166.73,166.263,166.493,18751
2023-04-18 08:00:00,166.493,167.01,166.404,166.861,27665
2023-04-18 12:00:00,166.86,166.938,166.475,166.785,26991
2023-04-18 16:00:00,166.785,166.9,166.422,166.656,27155
2023-04-18 20:00:00,166.656,166.68,166.536,166.536,9333
2023-04-19 00:00:00,166.618,166.699,166.489,166.596,16517
2023-04-19 04:00:00,166.594,166.853,166.511,166.809,14207
2023-04-19 08:00:00,166.809,167.973,166.795,167.749,31398
2023-04-19 12:00:00,167.749,167.905,167.005,167.179,31972
2023-04-19 16:00:00,167.18,167.758,167.051,167.683,25212
2023-04-19 20:00:00,167.683,167.739,167.493,167.493,11360
2023-04-20 00:00:00,167.572,167.628,167.364,167.567,15157
2023-04-20 04:00:00,167.568,167.71,167.368,167.528,19899
2023-04-20 08:00:00,167.529,167.594,167.121,167.578,30103
2023-04-20 12:00:00,167.574,167.606,166.941,167.227,29911
2023-04-20 16:00:00,167.227,167.306,166.844,167.009,29795
2023-04-20 20:00:00,167.007,167.26,166.919,166.957,10518
2023-04-21 00:00:00,167.039,167.079,166.653,166.896,13879
2023-04-21 04:00:00,166.897,166.949,166.332,166.442,13558
2023-04-21 08:00:00,166.442,166.454,165.797,165.881,29987
2023-04-21 12:00:00,165.878,166.027,165.514,165.893,26646
2023-04-21 16:00:00,165.891,166.804,165.779,166.729,35275
2023-04-21 20:00:00,166.727,166.924,166.656,166.85,10949
2023-04-24 00:00:00,166.559,166.906,166.529,166.775,8220
2023-04-24 04:00:00,166.777,167.226,166.705,167.083,14195
2023-04-24 08:00:00,167.082,167.244,166.544,167.217,26784
2023-04-24 12:00:00,167.217,167.625,167.039,167.506,25743
2023-04-24 16:00:00,167.506,167.69,167.293,167.54,24220
2023-04-24 20:00:00,167.542,167.722,167.459,167.54,8655
2023-04-25 00:00:00,167.613,167.923,167.31,167.837,15174
2023-04-25 04:00:00,167.837,167.957,167.564,167.624,19011
2023-04-25 08:00:00,167.625,167.788,167.026,167.294,31998
2023-04-25 12:00:00,167.294,167.324,166.317,166.384,29281
2023-04-25 16:00:00,166.381,166.439,165.86,165.95,33890
2023-04-25 20:00:00,165.95,166.028,165.427,165.846,19719
2023-04-26 00:00:00,165.949,166.192,165.751,165.934,13526
2023-04-26 04:00:00,165.933,165.988,165.651,165.97,21341
2023-04-26 08:00:00,165.97,166.645,165.947,166.64,33230
2023-04-26 12:00:00,166.641,166.994,166.205,166.659,38359
2023-04-26 16:00:00,166.658,167.013,166.023,166.835,37905
2023-04-26 20:00:00,166.835,166.928,166.269,166.589,15037
2023-04-27 00:00:00,166.636,166.675,166.342,166.519,10600
2023-04-27 04:00:00,166.519,166.824,166.416,166.799,20936
2023-04-27 08:00:00,166.799,167.032,166.582,166.951,30313
2023-04-27 12:00:00,166.951,166.974,166.32,166.665,32161
2023-04-27 16:00:00,166.664,167.363,166.631,167.019,33927
2023-04-27 20:00:00,167.02,167.504,166.934,167.351,13716
2023-04-28 00:00:00,167.434,167.434,166.909,167.355,17630
2023-04-28 04:00:00,167.353,168.252,166.429,168.076,29381
2023-04-28 08:00:00,168.074,169.435,168.011,168.786,44726
2023-04-28 12:00:00,168.786,169.821,168.715,169.753,33294
2023-04-28 16:00:00,169.752,171.13,169.723,170.954,39499
2023-04-28 20:00:00,170.955,171.168,170.855,171.04,13143
2023-05-01 00:00:00,171.015,171.699,170.867,171.629,14010
2023-05-01 04:00:00,171.629,172.097,171.517,171.858,14765
2023-05-01 08:00:00,171.858,171.914,171.201,171.231,18563
2023-05-01 12:00:00,171.231,171.725,170.995,171.699,22612
2023-05-01 16:00:00,171.7,171.984,171.482,171.745,30311
2023-05-01 20:00:00,171.745,171.811,171.618,171.77,15518
2023-05-02 00:00:00,171.77,171.818,171.52,171.702,11451
2023-05-02 04:00:00,171.704,172.093,171.689,172.071,17178
2023-05-02 08:00:00,172.067,172.331,171.406,171.509,34545
2023-05-02 12:00:00,171.509,171.622,171.126,171.412,32530
2023-05-02 16:00:00,171.412,171.432,169.951,170.294,43473
2023-05-02 20:00:00,170.294,170.548,170.185,170.192,12469
2023-05-03 00:00:00,170.266,170.37,170.049,170.281,11038
2023-05-03 04:00:00,170.28,170.314,169.756,169.926,13105
2023-05-03 08:00:00,169.927,170.287,169.694,169.891,27423
2023-05-03 12:00:00,169.891,169.988,169.18,169.226,31427
2023-05-03 16:00:00,169.224,169.952,169.146,169.94,31847
2023-05-03 20:00:00,169.941,170.376,169.208,169.208,39935
2023-05-04 00:00:00,169.302,169.302,168.923,169.198,19535
2023-05-04 04:00:00,169.198,169.439,169.114,169.327,15197
2023-05-04 08:00:00,169.327,169.437,168.652,169.037,36131
2023-05-04 12:00:00,169.039,169.353,168.85,169.232,40803
2023-05-04 16:00:00,169.231,169.539,168.059,168.467,53772
2023-05-04 20:00:00,168.467,168.93,168.407,168.79,19726
2023-05-05 00:00:00,168.801,168.938,168.598,168.778,9839
2023-05-05 04:00:00,168.778,169.035,168.71,168.868,12734
2023-05-05 08:00:00,168.87,169.389,168.745,169.107,28843
2023-05-05 12:00:00,169.105,169.729,168.988,169.63,31605
2023-05-05 16:00:00,169.628,170.62,169.468,170.292,35562
2023-05-05 20:00:00,170.293,170.422,170.174,170.296,9982
2023-05-08 00:00:00,170.176,170.87,170.176,170.433,13159
2023-05-08 04:00:00,170.433,170.646,170.328,170.478,16151
2023-05-08 08:00:00,170.478,170.761,170.323,170.569,23012
2023-05-08 12:00:00,170.569,171.072,170.492,170.802,23835
2023-05-08 16:00:00,170.802,170.898,170.183,170.264,29012
2023-05-08 20:00:00,170.264,170.56,170.239,170.385,14047
2023-05-09 00:00:00,170.501,170.615,170.297,170.494,17190
2023-05-09 04:00:00,170.493,170.541,170.145,170.284,14219
2023-05-09 08:00:00,170.285,170.407,169.86,170.275,32836
2023-05-09 12:00:00,170.276,170.448,169.994,170.156,29594
2023-05-09 16:00:00,170.156,170.593,170.121,170.579,32751
2023-05-09 20:00:00,170.582,170.711,170.478,170.581,13441
2023-05-10 00:00:00,170.67,170.885,170.497,170.675,16323
2023-05-10 04:00:00,170.675,170.838,170.611,170.681,17426
2023-05-10 08:00:00,170.683,171.178,170.513,170.737,31608
2023-05-10 12:00:00,170.736,170.766,170.226,170.338,30399
2023-05-10 16:00:00,170.338,170.393,169.5,169.54,41422
2023-05-10 20:00:00,169.539,169.722,169.106,169.541,17331
2023-05-11 00:00:00,169.631,169.649,169.136,169.421,14981
2023-05-11 04:00:00,169.418,169.518,169.246,169.388,16902
2023-05-11 08:00:00,169.388,169.657,169.039,169.625,34585
2023-05-11 12:00:00,169.624,169.744,168.408,168.442,42153
2023-05-11 16:00:00,168.442,168.466,167.84,168.193,39936
2023-05-11 20:00:00,168.193,168.41,168.017,168.231,16680
2023-05-12 00:00:00,168.361,168.41,168.076,168.399,13139
2023-05-12 04:00:00,168.399,168.578,168.291,168.547,20502
2023-05-12 08:00:00,168.549,169.133,168.467,168.895,30865
2023-05-12 12:00:00,168.896,168.978,168.557,168.8,26470
2023-05-12 16:00:00,168.798,169.066,168.449,168.918,36379
2023-05-12 20:00:00,168.92,169.124,168.85,168.931,8950
2023-05-15 00:00:00,168.919,169.327,168.763,169.166,14476
2023-05-15 04:00:00,169.166,169.696,169.066,169.6,15353
2023-05-15 08:00:00,169.599,170.003,169.444,169.982,26603
2023-05-15 12:00:00,169.98,170.426,169.811,169.97,27750
2023-05-15 16:00:00,169.967,170.578,169.949,170.552,29901
2023-05-15 20:00:00,170.552,170.622,170.39,170.461,12455
2023-05-16 00:00:00,170.504,170.504,170.236,170.322,14712
2023-05-16 04:00:00,170.322,170.444,170.157,170.338,13777
2023-05-16 08:00:00,170.336,170.344,169.4,170.11,29925
2023-05-16 12:00:00,170.11,170.406,169.938,170.311,27599
2023-05-16 16:00:00,170.311,170.839,170.207,170.537,37509
2023-05-16 20:00:00,170.539,170.549,170.086,170.177,13443
2023-05-17 00:00:00,170.276,170.403,170.146,170.355,14666
2023-05-17 04:00:00,170.353,170.53,170.255,170.426,14687
2023-05-17 08:00:00,170.428,170.604,170.112,170.318,32491
2023-05-17 12:00:00,170.318,171.064,170.202,171.015,29616
2023-05-17 16:00:00,171.015,171.94,170.929,171.891,34330
2023-05-17 20:00:00,171.893,172.01,171.757,171.845,16682
2023-05-18 00:00:00,171.944,171.953,171.588,171.593,13135
2023-05-18 04:00:00,171.592,171.766,171.425,171.644,17425
2023-05-18 08:00:00,171.645,171.769,171.205,171.357,31360
2023-05-18 12:00:00,171.356,171.919,171.19,171.836,32116
2023-05-18 16:00:00,171.835,172.163,171.719,171.782,35634
2023-05-18 20:00:00,171.783,172.138,171.679,172.058,15573
2023-05-19 00:00:00,172.104,172.133,171.637,171.811,16498
2023-05-19 04:00:00,171.811,171.86,171.596,171.641,19478
2023-05-19 08:00:00,171.642,171.677,171.25,171.461,30358
2023-05-19 12:00:00,171.461,172.501,171.454,172.48,31190
2023-05-19 16:00:00,172.48,172.505,171.344,171.779,41021
2023-05-19 20:00:00,171.777,171.941,171.496,171.601,14006
2023-05-22 00:00:00,171.581,171.771,171.398,171.64,9680
2023-05-22 04:00:00,171.638,171.671,171.376,171.646,17775
2023-05-22 08:00:00,171.648,171.755,171.199,171.486,29191
2023-05-22 12:00:00,171.486,172.582,171.452,172.472,30507
2023-05-22 16:00:00,172.471,172.494,171.63,172.086,35529
2023-05-22 20:00:00,172.084,172.418,171.833,172.307,13731
2023-05-23 00:00:00,172.349,172.558,172.245,172.334,11796
2023-05-23 04:00:00,172.339,172.624,172.036,172.131,18179
2023-05-23 08:00:00,172.132,172.319,171.291,171.657,31492
2023-05-23 12:00:00,171.657,171.993,171.339,171.897,30148
2023-05-23 16:00:00,171.899,172.398,171.639,172.129,36241
2023-05-23 20:00:00,172.13,172.267,171.817,171.926,17029
2023-05-24 00:00:00,172.03,172.204,171.984,172.118,16155
2023-05-24 04:00:00,172.118,172.132,171.896,172.122,12898
2023-05-24 08:00:00,172.121,172.795,171.838,172.144,34681
2023-05-24 12:00:00,172.144,172.164,171.231,172.014,32401
2023-05-24 16:00:00,172.014,172.423,171.704,172.342,38643
2023-05-24 20:00:00,172.343,172.452,171.953,172.352,20706
2023-05-25 00:00:00,172.437,172.444,171.685,172.351,17735
2023-05-25 04:00:00,172.347,172.456,172.224,172.252,19549
2023-05-25 08:00:00,172.253,172.625,171.991,172.521,34518
2023-05-25 12:00:00,172.52,172.772,172.16,172.434,33744
2023-05-25 16:00:00,172.433,172.587,172.076,172.24,41418
2023-05-25 20:00:00,172.239,172.686,172.161,172.494,17361
2023-05-26 00:00:00,172.538,172.607,172.206,172.358,15518
2023-05-26 04:00:00,172.352,172.501,172.251,172.329,14036
2023-05-26 08:00:00,172.324,172.769,172.237,172.552,25988
2023-05-26 12:00:00,172.551,173.435,172.494,173.273,27515
2023-05-26 16:00:00,173.272,173.552,172.898,173.517,33319
2023-05-26 20:00:00,173.516,173.739,173.489,173.58,10135
2023-05-29 00:00:00,173.377,173.957,173.354,173.778,12588
2023-05-29 04:00:00,173.779,173.8,173.426,173.484,14899
2023-05-29 08:00:00,173.484,173.617,173.241,173.251,17890
2023-05-29 12:00:00,173.25,173.291,172.949,173.11,16106
2023-05-29 16:00:00,173.107,173.493,172.993,173.463,10171
2023-05-29 20:00:00,173.464,173.549,173.436,173.437,5140
2023-05-30 00:00:00,173.412,173.622,173.243,173.323,10511
2023-05-30 04:00:00,173.323,173.41,173.089,173.395,17705
2023-05-30 08:00:00,173.396,173.829,172.993,173.474,30335
2023-05-30 12:00:00,173.474,174.276,173.423,173.71,33918
2023-05-30 16:00:00,173.707,174.084,173.209,173.476,31434
2023-05-30 20:00:00,173.475,173.511,173.066,173.439,14892
2023-05-31 00:00:00,173.291,173.618,173.276,173.503,10230
2023-05-31 04:00:00,173.503,173.647,173.127,173.244,15292
2023-05-31 08:00:00,173.243,173.243,172.527,172.874,30190
2023-05-31 12:00:00,172.873,173.168,172.554,172.852,22456
2023-05-31 16:00:00,172.85,173.621,172.752,173.072,36993
2023-05-31 20:00:00,173.072,173.398,172.959,173.283,19828
2023-06-01 00:00:00,173.229,173.366,172.966,173.142,12040
2023-06-01 04:00:00,173.142,173.586,173.06,173.331,19180
2023-06-01 08:00:00,173.328,173.922,173.323,173.775,26646
2023-06-01 12:00:00,173.775,174.112,173.607,173.68,28490
2023-06-01 16:00:00,173.68,174.099,173.286,173.946,34200
2023-06-01 20:00:00,173.946,174.023,173.779,173.79,11061
2023-06-02 00:00:00,173.823,174.066,173.663,174.045,8188
2023-06-02 04:00:00,174.045,174.167,173.857,174.052,15096
2023-06-02 08:00:00,174.051,174.24,173.951,174.037,20868
2023-06-02 12:00:00,174.037,174.313,173.836,174.254,22777
2023-06-02 16:00:00,174.253,174.678,174.125,174.162,31581
2023-06-02 20:00:00,174.162,174.347,174.139,174.193,11632
2023-06-05 00:00:00,174.149,174.362,174.092,174.178,9581
2023-06-05 04:00:00,174.179,174.338,174.045,174.164,15585
2023-06-05 08:00:00,174.164,174.255,173.861,174.037,23084
2023-06-05 12:00:00,174.038,174.063,173.334,173.47,18000
2023-06-05 16:00:00,173.469,173.787,172.855,173.738,28804
2023-06-05 20:00:00,173.739,173.836,173.417,173.505,13588
2023-06-06 00:00:00,173.396,173.576,173.191,173.547,8301
2023-06-06 04:00:00,173.545,173.777,173.507,173.617,14724
2023-06-06 08:00:00,173.617,173.669,172.871,172.915,26673
2023-06-06 12:00:00,172.916,173.407,172.682,173.339,21401
2023-06-06 16:00:00,173.337,173.666,173.201,173.556,23262
2023-06-06 20:00:00,173.557,173.629,173.409,173.409,9445
2023-06-07 00:00:00,173.445,173.537,173.268,173.273,7622
2023-06-07 04:00:00,173.268,173.287,172.906,173.003,14246
2023-06-07 08:00:00,173.002,173.368,172.669,173.36,19637
2023-06-07 12:00:00,173.36,173.945,173.166,173.943,18917
2023-06-07 16:00:00,173.943,174.365,173.679,174.309,28762
2023-06-07 20:00:00,174.307,174.433,174.156,174.206,10559
2023-06-08 00:00:00,174.103,174.417,173.952,174.201,8580
2023-06-08 04:00:00,174.2,174.376,173.907,174.012,14186
2023-06-08 08:00:00,174.014,174.365,173.947,174.36,21644
2023-06-08 12:00:00,174.359,174.411,173.925,174.039,23706
2023-06-08 16:00:00,174.038,174.486,173.944,174.394,29815
2023-06-08 20:00:00,174.394,174.518,174.337,174.42,11319
2023-06-09 00:00:00,174.301,174.632,174.168,174.553,9614
2023-06-09 04:00:00,174.552,174.861,174.543,174.726,15200
2023-06-09 08:00:00,174.723,175.237,174.717,175.165,24918
2023-06-09 12:00:00,175.165,175.261,174.732,175.075,26674
2023-06-09 16:00:00,175.075,175.543,174.981,175.344,28375
2023-06-09 20:00:00,175.345,175.407,175.156,175.252,9825
2023-06-12 00:00:00,175.009,175.472,175.009,175.313,8073
2023-06-12 04:00:00,175.313,175.469,175.207,175.309,14675
2023-06-12 08:00:00,175.308,175.768,175.194,175.272,25005
2023-06-12 12:00:00,175.273,175.419,174.655,174.718,26102
2023-06-12 16:00:00,174.717,174.95,174.353,174.572,31471
2023-06-12 20:00:00,174.569,174.693,174.476,174.642,13405
2023-06-13 00:00:00,174.525,174.828,174.455,174.807,8074
2023-06-13 04:00:00,174.807,174.849,174.553,174.808,14643
2023-06-13 08:00:00,174.808,175.465,174.682,175.309,29003
2023-06-13 12:00:00,175.308,175.565,175.122,175.26,29834
2023-06-13 16:00:00,175.26,176.652,175.113,176.588,37229
2023-06-13 20:00:00,176.588,176.852,176.42,176.774,15740
2023-06-14 00:00:00,176.764,176.885,176.512,176.564,8227
2023-06-14 04:00:00,176.565,176.731,176.5,176.703,13068
2023-06-14 08:00:00,176.703,176.863,176.444,176.852,24025
2023-06-14 12:00:00,176.851,177.144,176.755,177.055,25981
2023-06-14 16:00:00,177.055,177.14,176.827,176.916,29468
2023-06-14 20:00:00,176.912,177.408,176.801,177.395,35027
2023-06-15 00:00:00,177.279,177.718,177.128,177.693,9217
2023-06-15 04:00:00,177.691,178.591,177.676,178.538,26858
2023-06-15 08:00:00,178.538,179.043,178.533,178.86,31524
2023-06-15 12:00:00,178.86,178.894,178.13,178.248,32447
2023-06-15 16:00:00,178.244,179.369,178.128,179.243,37079
2023-06-15 20:00:00,179.243,179.4,179.108,179.231,16161
2023-06-16 00:00:00,179.228,179.359,179.073,179.144,9544
2023-06-16 04:00:00,179.144,179.851,178.828,179.717,23018
2023-06-16 08:00:00,179.716,180.855,179.689,180.466,35857
2023-06-16 12:00:00,180.466,181.28,180.1,181.076,30276
2023-06-16 16:00:00,181.076,181.963,180.856,181.96,39556
2023-06-16 20:00:00,181.961,182.044,181.781,181.884,18245
2023-06-19 00:00:00,181.583,182.129,181.564,182.0,11466
2023-06-19 04:00:00,182.0,182.004,181.227,181.306,20024
2023-06-19 08:00:00,181.305,182.034,181.288,181.847,27753
2023-06-19 12:00:00,181.845,181.967,181.587,181.719,23470
2023-06-19 16:00:00,181.718,181.755,181.224,181.302,18584
2023-06-19 20:00:00,181.301,181.64,181.286,181.493,5401
2023-06-20 00:00:00,181.414,182.015,181.283,181.911,12834
2023-06-20 04:00:00,181.912,182.094,181.156,181.537,28390
2023-06-20 08:00:00,181.536,181.745,180.764,180.946,35319
2023-06-20 12:00:00,180.946,181.115,180.117,180.226,31998
2023-06-20 16:00:00,180.226,180.326,179.924,180.196,37529
2023-06-20 20:00:00,180.195,180.594,180.107,180.483,16217
2023-06-21 00:00:00,180.382,180.798,180.216,180.797,13183
2023-06-21 04:00:00,180.796,180.988,180.584,180.987,23022
2023-06-21 08:00:00,180.987,181.601,180.554,180.617,36998
2023-06-21 12:00:00,180.617,180.661,179.911,180.62,33363
2023-06-21 16:00:00,180.621,181.242,180.573,181.058,38920
2023-06-21 20:00:00,181.059,181.222,180.922,181.109,19006
2023-06-22 00:00:00,181.001,181.173,180.89,181.168,11417
2023-06-22 04:00:00,181.167,181.175,180.74,180.889,17569
2023-06-22 08:00:00,180.891,181.46,180.703,181.389,31045
2023-06-22 12:00:00,181.391,182.333,180.741,181.346,34503
2023-06-22 16:00:00,181.346,182.207,181.171,182.063,36263
2023-06-22 20:00:00,182.061,182.559,181.948,182.346,18005
2023-06-23 00:00:00,182.202,182.505,182.127,182.388,12653
2023-06-23 04:00:00,182.386,182.431,181.643,181.825,25321
2023-06-23 08:00:00,181.825,182.453,181.23,181.7,35446
2023-06-23 12:00:00,181.701,182.476,181.584,181.613,30287
2023-06-23 16:00:00,181.611,182.813,181.488,182.691,32617
2023-06-23 20:00:00,182.691,182.95,182.61,182.769,10151
2023-06-26 00:00:00,182.308,182.842,182.259,182.653,14668
2023-06-26 04:00:00,182.654,182.994,182.456,182.566,24044
2023-06-26 08:00:00,182.563,182.687,182.006,182.335,33437
2023-06-26 12:00:00,182.334,182.47,181.688,181.911,28165
2023-06-26 16:00:00,181.911,182.663,181.875,182.652,33741
2023-06-26 20:00:00,182.652,182.691,182.325,182.341,14837
2023-06-27 00:00:00,182.312,182.423,182.218,182.318,12211
2023-06-27 04:00:00,182.319,182.694,182.239,182.663,22740
2023-06-27 08:00:00,182.664,183.051,182.657,183.049,30736
2023-06-27 12:00:00,183.047,183.114,182.555,182.841,30393
2023-06-27 16:00:00,182.841,183.689,182.622,183.565,32856
2023-06-27 20:00:00,183.564,183.765,183.48,183.601,13836
2023-06-28 00:00:00,183.666,183.666,183.245,183.257,10349
2023-06-28 04:00:00,183.258,183.391,183.069,183.237,21750
2023-06-28 08:00:00,183.235,183.6,183.053,183.134,28990
2023-06-28 12:00:00,183.134,183.175,182.413,182.525,30507
2023-06-28 16:00:00,182.525,182.661,182.146,182.363,34637
2023-06-28 20:00:00,182.366,182.619,182.289,182.523,14188
2023-06-29 00:00:00,182.518,182.558,182.216,182.254,10708
2023-06-29 04:00:00,182.255,182.529,182.225,182.469,19368
2023-06-29 08:00:00,182.468,182.866,182.242,182.424,29252
2023-06-29 12:00:00,182.422,182.718,182.392,182.519,25865
2023-06-29 16:00:00,182.519,182.883,182.324,182.847,37567
2023-06-29 20:00:00,182.848,182.848,182.518,182.518,13648
2023-06-30 00:00:00,182.566,182.853,182.409,182.802,10657
2023-06-30 04:00:00,182.802,182.956,182.588,182.698,23385
2023-06-30 08:00:00,182.697,183.158,182.202,182.456,28772
2023-06-30 12:00:00,182.455,183.305,182.402,183.246,30096
2023-06-30 16:00:00,183.25,183.879,183.127,183.526,38138
2023-06-30 20:00:00,183.526,183.596,183.101,183.193,19664
2023-07-03 00:00:00,183.184,183.36,183.043,183.306,11656
2023-07-03 04:00:00,183.307,183.761,183.303,183.514,21417
2023-07-03 08:00:00,183.513,183.735,183.225,183.361,28447
2023-07-03 12:00:00,183.361,183.64,183.108,183.541,28765
2023-07-03 16:00:00,183.541,183.739,183.097,183.706,32462
2023-07-03 20:00:00,183.711,183.713,183.488,183.585,8336
2023-07-04 00:00:00,183.483,183.65,183.391,183.426,7203
2023-07-04 04:00:00,183.426,183.612,183.381,183.517,16840
2023-07-04 08:00:00,183.517,183.607,183.233,183.316,21824
2023-07-04 12:00:00,183.315,183.856,183.26,183.822,19247
2023-07-04 16:00:00,183.821,183.911,183.52,183.803,19528
2023-07-04 20:00:00,183.801,183.895,183.611,183.631,6034
2023-07-05 00:00:00,183.505,183.878,183.439,183.662,6615
2023-07-05 04:00:00,183.661,183.91,183.569,183.63,12206
2023-07-05 08:00:00,183.631,184.016,183.202,183.511,25065
2023-07-05 12:00:00,183.51,183.819,183.156,183.608,23507
2023-07-05 16:00:00,183.607,183.882,183.322,183.797,26752
2023-07-05 20:00:00,183.797,183.82,183.599,183.728,10711
2023-07-06 00:00:00,183.736,183.736,183.062,183.134,10294
2023-07-06 04:00:00,183.134,183.509,182.731,182.897,20561
2023-07-06 08:00:00,182.895,183.239,182.502,183.042,33760
2023-07-06 12:00:00,183.043,183.913,182.949,183.799,34892
2023-07-06 16:00:00,183.798,184.01,182.825,183.408,39277
2023-07-06 20:00:00,183.408,183.715,183.378,183.499,13096
2023-07-07 00:00:00,183.404,183.57,183.181,183.434,9929
2023-07-07 04:00:00,183.433,183.509,183.222,183.253,18342
2023-07-07 08:00:00,183.254,183.281,182.052,182.055,31887
2023-07-07 12:00:00,182.055,183.105,182.021,183.069,33877
2023-07-07 16:00:00,183.069,183.119,182.09,182.595,41022
2023-07-07 20:00:00,182.595,182.623,182.33,182.387,16401
2023-07-10 00:00:00,182.388,182.803,182.309,182.751,12526
2023-07-10 04:00:00,182.751,183.223,182.645,183.17,21359
2023-07-10 08:00:00,183.168,183.196,182.143,182.431,28785
2023-07-10 12:00:00,182.428,182.648,181.507,181.639,27845
2023-07-10 16:00:00,181.638,181.796,181.098,181.746,31917
2023-07-10 20:00:00,181.747,181.831,181.574,181.704,11908
2023-07-11 00:00:00,181.71,181.993,181.591,181.899,11166
2023-07-11 04:00:00,181.898,181.903,181.005,181.278,21786
2023-07-11 08:00:00,181.277,181.768,180.788,181.112,33730
2023-07-11 12:00:00,181.112,181.518,181.058,181.166,31372
2023-07-11 16:00:00,181.166,181.853,181.069,181.347,30997
2023-07-11 20:00:00,181.347,181.614,181.309,181.413,12974
2023-07-12 00:00:00,181.481,181.494,180.775,180.921,13166
2023-07-12 04:00:00,180.921,181.149,180.664,180.882,24802
2023-07-12 08:00:00,180.882,180.901,180.46,180.541,30123
2023-07-12 12:00:00,180.54,180.648,179.788,180.332,32076
2023-07-12 16:00:00,180.332,180.759,179.473,179.868,44116
2023-07-12 20:00:00,179.868,179.959,179.502,179.828,16782
2023-07-13 00:00:00,179.695,180.022,179.494,179.993,14573
2023-07-13 04:00:00,179.992,180.289,179.895,180.168,24154
2023-07-13 08:00:00,180.168,180.85,179.879,180.485,34516
2023-07-13 12:00:00,180.486,181.43,180.461,181.387,32311
2023-07-13 16:00:00,181.379,181.465,180.795,181.063,36421
2023-07-13 20:00:00,181.063,181.353,181.028,181.301,15218
2023-07-14 00:00:00,181.309,181.327,180.608,180.647,14166
2023-07-14 04:00:00,180.651,180.84,180.195,180.81,23301
2023-07-14 08:00:00,180.811,181.528,180.672,181.481,31720
2023-07-14 12:00:00,181.481,182.052,181.435,182.011,31726
2023-07-14 16:00:00,182.011,182.275,181.395,181.832,36101
2023-07-14 20:00:00,181.827,181.932,181.616,181.666,13206
2023-07-17 00:00:00,181.64,181.818,181.178,181.187,10433
2023-07-17 04:00:00,181.187,181.519,181.187,181.432,15404
2023-07-17 08:00:00,181.432,181.763,180.945,181.224,27685
2023-07-17 12:00:00,181.226,181.729,180.575,181.547,29743
2023-07-17 16:00:00,181.547,182.149,181.46,181.496,30461
2023-07-17 20:00:00,181.496,181.674,181.256,181.305,12381
2023-07-18 00:00:00,181.328,181.623,181.196,181.559,10958
2023-07-18 04:00:00,181.559,181.657,181.244,181.311,20817
2023-07-18 08:00:00,181.312,181.385,180.714,180.837,31994
2023-07-18 12:00:00,180.838,181.48,180.657,180.771,32806
2023-07-18 16:00:00,180.766,181.835,180.365,181.326,40094
2023-07-18 20:00:00,181.326,181.368,180.926,180.943,14105
2023-07-19 00:00:00,180.956,181.414,180.881,181.086,10506
2023-07-19 04:00:00,181.087,181.475,181.021,181.416,20647
2023-07-19 08:00:00,181.414,181.626,180.283,180.709,35807
2023-07-19 12:00:00,180.704,181.178,179.987,180.361,30682
2023-07-19 16:00:00,180.361,180.393,179.824,180.242,35276
2023-07-19 20:00:00,180.241,180.825,180.233,180.649,14498
2023-07-20 00:00:00,180.519,180.711,180.451,180.53,12275
2023-07-20 04:00:00,180.53,180.557,180.257,180.402,21543
2023-07-20 08:00:00,180.403,180.422,179.998,180.23,31193
2023-07-20 12:00:00,180.229,180.229,179.693,179.984,31681
2023-07-20 16:00:00,179.984,180.57,179.842,180.537,34789
2023-07-20 20:00:00,180.538,180.547,180.14,180.199,14252
2023-07-21 00:00:00,180.237,180.291,179.912,180.248,12953
2023-07-21 04:00:00,180.248,180.7,180.13,180.478,19375
2023-07-21 08:00:00,180.479,182.528,180.452,182.474,36541
2023-07-21 12:00:00,182.473,182.522,181.118,181.383,35770
2023-07-21 16:00:00,181.379,182.201,181.353,182.169,32736
2023-07-21 20:00:00,182.17,182.375,182.117,182.258,14457
2023-07-24 00:00:00,181.947,182.342,181.912,182.282,11003
2023-07-24 04:00:00,182.284,182.285,181.747,181.974,21153
2023-07-24 08:00:00,181.973,182.291,181.179,181.278,32852
2023-07-24 12:00:00,181.277,181.522,180.849,180.98,32606
2023-07-24 16:00:00,180.98,181.324,180.76,181.312,33499
2023-07-24 20:00:00,181.312,181.552,181.29,181.367,11419
2023-07-25 00:00:00,181.282,181.472,181.199,181.327,10880
2023-07-25 04:00:00,181.326,181.554,181.258,181.488,20238
2023-07-25 08:00:00,181.486,182.012,181.47,181.642,31163
2023-07-25 12:00:00,181.642,181.857,181.19,181.264,28585
2023-07-25 16:00:00,181.264,181.668,181.15,181.647,29939
2023-07-25 20:00:00,181.648,181.92,181.585,181.742,12942
2023-07-26 00:00:00,181.675,181.949,181.617,181.785,11728
2023-07-26 04:00:00,181.785,181.884,181.671,181.773,18929
2023-07-26 08:00:00,181.773,181.945,180.983,181.182,32798
2023-07-26 12:00:00,181.179,181.418,180.912,181.035,29677
2023-07-26 16:00:00,181.035,181.641,181.024,181.611,32006
2023-07-26 20:00:00,181.609,181.685,181.205,181.444,31083
2023-07-27 00:00:00,181.356,181.746,181.266,181.619,11633
2023-07-27 04:00:00,181.618,181.662,180.816,181.471,22424
2023-07-27 08:00:00,181.471,181.881,181.272,181.848,32754
2023-07-27 12:00:00,181.844,181.92,181.247,181.469,33389
2023-07-27 16:00:00,181.469,181.594,180.842,181.174,38546
2023-07-27 20:00:00,181.168,181.174,177.418,178.457,35845
2023-07-28 00:00:00,178.357,178.44,177.503,178.396,20652
2023-07-28 04:00:00,178.396,180.515,176.306,177.338,45290
2023-07-28 08:00:00,177.334,179.084,177.059,178.878,50225
2023-07-28 12:00:00,178.879,180.25,178.475,180.103,31352
2023-07-28 16:00:00,180.104,181.456,180.059,181.321,32400
2023-07-28 20:00:00,181.32,181.49,181.037,181.348,13062
2023-07-31 00:00:00,180.972,181.362,180.874,181.164,18045
2023-07-31 04:00:00,181.164,182.427,181.055,182.288,33609
2023-07-31 08:00:00,182.288,183.097,182.079,183.021,36306
2023-07-31 12:00:00,183.021,183.193,182.647,182.864,30054
2023-07-31 16:00:00,182.864,183.119,182.574,182.738,38413
2023-07-31 20:00:00,182.737,182.851,182.501,182.553,17165
2023-08-01 00:00:00,182.581,182.815,182.462,182.813,12446
2023-08-01 04:00:00,182.814,183.206,182.724,183.137,28903
2023-08-01 08:00:00,183.132,183.205,182.862,183.009,33954
2023-08-01 12:00:00,183.009,183.175,182.585,182.881,31862
2023-08-01 16:00:00,182.88,183.249,182.612,182.983,38474
2023-08-01 20:00:00,182.983,183.207,182.957,183.08,19365
2023-08-02 00:00:00,183.047,183.099,182.355,182.872,19658
2023-08-02 04:00:00,182.872,183.136,182.611,182.714,27538
2023-08-02 08:00:00,182.714,182.718,181.943,182.019,40848
2023-08-02 12:00:00,182.018,182.609,181.932,182.179,34477
2023-08-02 16:00:00,182.179,182.279,181.756,182.184,43467
2023-08-02 20:00:00,182.183,182.362,182.109,182.113,21683
2023-08-03 00:00:00,182.137,182.394,182.051,182.254,12644
2023-08-03 04:00:00,182.254,182.65,182.084,182.501,27398
2023-08-03 08:00:00,182.498,182.768,180.999,181.065,44682
2023-08-03 12:00:00,181.064,181.364,180.396,180.848,43577
2023-08-03 16:00:00,180.846,181.337,180.517,181.263,43319
2023-08-03 20:00:00,181.263,181.413,181.082,181.083,16234
2023-08-04 00:00:00,181.089,181.733,181.05,181.634,13682
2023-08-04 04:00:00,181.636,181.744,181.236,181.356,32478
2023-08-04 08:00:00,181.357,181.464,181.029,181.172,34593
2023-08-04 12:00:00,181.171,181.436,180.995,181.297,34534
2023-08-04 16:00:00,181.296,181.409,180.738,181.29,44974
2023-08-04 20:00:00,181.289,181.452,180.593,180.702,23768
2023-08-07 00:00:00,180.437,180.979,180.433,180.66,14950
2023-08-07 04:00:00,180.657,181.219,180.6,180.989,24426
2023-08-07 08:00:00,180.989,181.252,180.761,181.128,30225
2023-08-07 12:00:00,181.128,181.444,180.978,181.379,27687
2023-08-07 16:00:00,181.379,182.066,181.245,182.065,33151
2023-08-07 20:00:00,182.065,182.192,181.976,182.089,17019
2023-08-08 00:00:00,182.106,182.688,181.941,182.675,10543
2023-08-08 04:00:00,182.675,182.957,182.506,182.789,14748
2023-08-08 08:00:00,182.787,182.95,182.194,182.487,26230
2023-08-08 12:00:00,182.487,182.517,181.388,181.759,28065
2023-08-08 16:00:00,181.759,182.568,181.482,182.483,26962
2023-08-08 20:00:00,182.484,182.906,182.394,182.724,10327
2023-08-09 00:00:00,182.761,182.761,182.3,182.638,9536
2023-08-09 04:00:00,182.638,182.822,182.58,182.682,14636
2023-08-09 08:00:00,182.681,183.005,182.527,182.752,22947
2023-08-09 12:00:00,182.751,182.865,182.365,182.536,22803
2023-08-09 16:00:00,182.535,183.02,182.504,182.756,25745
2023-08-09 20:00:00,182.753,182.939,182.708,182.768,10227
2023-08-10 00:00:00,182.732,182.937,182.634,182.832,6622
2023-08-10 04:00:00,182.832,183.181,182.698,183.098,11398
2023-08-10 08:00:00,183.098,183.651,183.085,183.447,22147
2023-08-10 12:00:00,183.446,183.857,183.349,183.82,23611
2023-08-10 16:00:00,183.817,184.239,183.54,183.678,32240
2023-08-10 20:00:00,183.675,183.706,183.297,183.434,16074
2023-08-11 00:00:00,183.364,183.648,183.309,183.647,7143
2023-08-11 04:00:00,183.646,183.678,183.445,183.49,6048
2023-08-11 08:00:00,183.488,184.119,183.457,183.712,24217
2023-08-11 12:00:00,183.713,184.035,183.558,183.684,25286
2023-08-11 16:00:00,183.683,184.243,183.63,183.926,31960
2023-08-11 20:00:00,183.924,184.09,183.877,183.995,10873
2023-08-14 00:00:00,183.786,184.197,183.786,183.883,9944
2023-08-14 04:00:00,183.881,183.9,183.48,183.616,15246
2023-08-14 08:00:00,183.616,184.114,183.462,184.05,25663
2023-08-14 12:00:00,184.05,184.328,183.846,183.964,25766
2023-08-14 16:00:00,183.964,184.501,183.638,184.47,30824
2023-08-14 20:00:00,184.47,184.704,184.381,184.514,11245
2023-08-15 00:00:00,184.5,184.662,184.371,184.463,6386
2023-08-15 04:00:00,184.462,184.662,184.344,184.59,13810
2023-08-15 08:00:00,184.589,185.27,184.381,185.145,27399
2023-08-15 12:00:00,185.144,185.305,184.797,185.138,29679
2023-08-15 16:00:00,185.138,185.327,184.836,185.201,35076
2023-08-15 20:00:00,185.201,185.203,184.819,184.89,10667
2023-08-16 00:00:00,184.915,184.98,184.743,184.839,8445
2023-08-16 04:00:00,184.833,184.968,184.707,184.833,13681
2023-08-16 08:00:00,184.833,185.742,184.694,185.659,22106
2023-08-16 12:00:00,185.66,185.825,185.479,185.559,21720
2023-08-16 16:00:00,185.56,186.025,185.489,185.793,27818
2023-08-16 20:00:00,185.793,186.327,185.727,186.261,18219
2023-08-17 00:00:00,186.118,186.413,185.913,186.222,8919
2023-08-17 04:00:00,186.221,186.283,186.103,186.277,13345
2023-08-17 08:00:00,186.277,186.47,185.877,185.908,21553
2023-08-17 12:00:00,185.907,186.312,185.771,186.184,28831
2023-08-17 16:00:00,186.182,186.465,186.015,186.461,29545
2023-08-17 20:00:00,186.463,186.47,185.562,185.839,14447
2023-08-18 00:00:00,185.883,185.912,185.583,185.6,8259
2023-08-18 04:00:00,185.598,185.785,185.288,185.404,16268
2023-08-18 08:00:00,185.404,185.408,184.555,185.166,23170
2023-08-18 12:00:00,185.166,185.368,184.645,185.119,25728
2023-08-18 16:00:00,185.121,185.304,184.731,184.887,29137
2023-08-18 20:00:00,184.887,185.225,184.811,185.123,11767
2023-08-21 00:00:00,184.884,185.219,184.884,185.056,7355
2023-08-21 04:00:00,185.057,185.469,184.889,185.181,11999
2023-08-21 08:00:00,185.181,185.321,185.003,185.316,20866
2023-08-21 12:00:00,185.317,186.397,185.285,186.295,22425
2023-08-21 16:00:00,186.294,186.483,186.019,186.48,26214
2023-08-21 20:00:00,186.479,186.662,186.32,186.467,9922
2023-08-22 00:00:00,186.388,186.769,186.273,186.61,7288
2023-08-22 04:00:00,186.61,186.631,186.331,186.448,13590
2023-08-22 08:00:00,186.449,186.701,186.103,186.126,22047
2023-08-22 12:00:00,186.125,186.248,185.92,185.983,23669
2023-08-22 16:00:00,185.981,186.153,185.53,185.731,27450
2023-08-22 20:00:00,185.727,185.859,185.541,185.672,8017
2023-08-23 00:00:00,185.664,185.717,185.387,185.49,5612
2023-08-23 04:00:00,185.49,185.776,185.398,185.703,11972
2023-08-23 08:00:00,185.701,185.944,184.114,184.302,26213
2023-08-23 12:00:00,184.301,184.324,183.499,183.753,28834
2023-08-23 16:00:00,183.754,184.062,183.372,183.976,32608
2023-08-23 20:00:00,183.976,184.364,183.927,184.3,11979
2023-08-24 00:00:00,184.296,184.3,183.912,184.137,10254
2023-08-24 04:00:00,184.137,184.644,184.121,184.63,9839
2023-08-24 08:00:00,184.629,184.764,184.177,184.491,21093
2023-08-24 12:00:00,184.492,184.621,184.187,184.326,21665
2023-08-24 16:00:00,184.326,184.368,183.964,184.147,24029
2023-08-24 20:00:00,184.148,184.193,183.602,183.677,9342
2023-08-25 00:00:00,183.72,183.943,183.544,183.841,8471
2023-08-25 04:00:00,183.835,183.996,183.359,183.479,12039
2023-08-25 08:00:00,183.478,183.89,183.381,183.764,22114
2023-08-25 12:00:00,183.761,184.251,183.734,184.153,20835
2023-08-25 16:00:00,184.152,184.382,183.71,184.111,35396
2023-08-25 20:00:00,184.11,184.405,183.94,184.18,10445
2023-08-28 00:00:00,184.162,184.569,184.051,184.517,7414
2023-08-28 04:00:00,184.519,184.644,184.467,184.543,10634
2023-08-28 08:00:00,184.543,184.546,184.198,184.291,16752
2023-08-28 12:00:00,184.291,184.522,184.181,184.416,17282
2023-08-28 16:00:00,184.416,184.597,184.253,184.511,21981
2023-08-28 20:00:00,184.511,184.708,184.429,184.6,10773
2023-08-29 00:00:00,184.627,184.755,184.4,184.74,6437
2023-08-29 04:00:00,184.739,184.912,184.625,184.91,9854
2023-08-29 08:00:00,184.91,184.989,184.61,184.776,19220
2023-08-29 12:00:00,184.776,185.266,184.664,185.133,24946
2023-08-29 16:00:00,185.133,185.158,184.072,184.154,38165
2023-08-29 20:00:00,184.155,184.486,184.074,184.398,16032
2023-08-30 00:00:00,184.33,184.648,184.219,184.443,6898
2023-08-30 04:00:00,184.441,184.702,184.397,184.574,11529
2023-08-30 08:00:00,184.574,185.219,184.439,185.073,24087
2023-08-30 12:00:00,185.076,185.553,185.025,185.46,26996
2023-08-30 16:00:00,185.452,185.866,185.14,185.778,32891
2023-08-30 20:00:00,185.778,186.063,185.742,185.964,11832
2023-08-31 00:00:00,185.879,186.025,185.635,185.8,6565
2023-08-31 04:00:00,185.8,185.812,185.427,185.611,11340
2023-08-31 08:00:00,185.61,185.75,185.108,185.292,23032
2023-08-31 12:00:00,185.293,185.293,184.718,185.032,28467
2023-08-31 16:00:00,185.03,185.296,184.084,184.243,34296
2023-08-31 20:00:00,184.243,184.431,184.11,184.397,10331
2023-09-01 00:00:00,184.411,184.506,184.224,184.331,7056
2023-09-01 04:00:00,184.323,184.366,184.09,184.312,15705
2023-09-01 08:00:00,184.312,184.553,184.043,184.378,22625
2023-09-01 12:00:00,184.372,184.515,183.535,183.693,26497
2023-09-01 16:00:00,183.694,184.36,183.594,183.983,42267
2023-09-01 20:00:00,183.978,184.146,183.941,184.065,16160
2023-09-04 00:00:00,183.897,184.185,183.766,184.107,5683
2023-09-04 04:00:00,184.107,184.27,184.041,184.267,8561
2023-09-04 08:00:00,184.267,184.992,184.259,184.976,17626
2023-09-04 12:00:00,184.976,185.011,184.787,184.896,17007
2023-09-04 16:00:00,184.898,185.086,184.735,184.986,12031
2023-09-04 20:00:00,184.988,185.055,184.934,184.934,4115
2023-09-05 00:00:00,184.949,185.142,184.651,185.05,5641
2023-09-05 04:00:00,185.05,185.219,184.97,185.186,10592
2023-09-05 08:00:00,185.183,185.301,184.075,184.274,26518
2023-09-05 12:00:00,184.271,185.168,184.244,185.109,26655
2023-09-05 16:00:00,185.11,185.782,185.054,185.68,31354
2023-09-05 20:00:00,185.676,185.742,185.486,185.541,9886
2023-09-06 00:00:00,185.476,185.62,185.273,185.567,6726
2023-09-06 04:00:00,185.567,185.602,185.25,185.341,10553
2023-09-06 08:00:00,185.34,185.477,184.928,185.117,24664
2023-09-06 12:00:00,185.117,185.284,184.767,184.896,24566
2023-09-06 16:00:00,184.898,185.054,184.234,184.516,36779
2023-09-06 20:00:00,184.516,184.785,184.486,184.627,11883
2023-09-07 00:00:00,184.655,184.772,184.411,184.641,5989
2023-09-07 04:00:00,184.64,184.709,184.311,184.425,10136
2023-09-07 08:00:00,184.425,184.54,183.656,183.991,25242
2023-09-07 12:00:00,183.992,184.164,183.434,183.548,26917
2023-09-07 16:00:00,183.546,183.847,183.376,183.494,31254
2023-09-07 20:00:00,183.494,183.759,183.493,183.662,11108
2023-09-08 00:00:00,183.656,183.858,183.067,183.52,8158
2023-09-08 04:00:00,183.522,184.116,183.451,183.889,13473
2023-09-08 08:00:00,183.89,184.259,183.739,184.063,22471
2023-09-08 12:00:00,184.063,184.146,183.742,184.141,26465
2023-09-08 16:00:00,184.141,184.465,184.096,184.149,29380
2023-09-08 20:00:00,184.144,184.249,184.018,184.223,9913
2023-09-11 00:00:00,183.299,183.785,182.935,183.495,13599
2023-09-11 04:00:00,183.494,183.66,182.908,183.028,20728
2023-09-11 08:00:00,183.027,183.367,182.679,183.213,30167
2023-09-11 12:00:00,183.22,183.912,183.122,183.511,27114
2023-09-11 16:00:00,183.511,183.76,183.291,183.409,26933
2023-09-11 20:00:00,183.407,183.446,183.239,183.346,10950
2023-09-12 00:00:00,183.35,183.571,183.235,183.448,6833
2023-09-12 04:00:00,183.447,183.633,183.229,183.573,10162
2023-09-12 08:00:00,183.571,183.922,182.942,183.011,24072
2023-09-12 12:00:00,183.005,183.557,182.964,183.43,22789
2023-09-12 16:00:00,183.43,183.716,183.356,183.647,21830
2023-09-12 20:00:00,183.644,183.824,183.591,183.599,6992
2023-09-13 00:00:00,183.646,184.068,183.486,184.038,7454
2023-09-13 04:00:00,184.039,184.234,183.928,184.154,13785
2023-09-13 08:00:00,184.158,184.185,183.191,183.73,25412
2023-09-13 12:00:00,183.731,184.179,183.591,184.082,30091
2023-09-13 16:00:00,184.081,184.387,183.932,184.114,36263
2023-09-13 20:00:00,184.114,184.208,184.028,184.133,10319
2023-09-14 00:00:00,183.997,184.133,183.788,183.884,7277
2023-09-14 04:00:00,183.884,183.95,183.693,183.934,11694
2023-09-14 08:00:00,183.934,184.068,183.702,183.921,19249
2023-09-14 12:00:00,183.919,183.944,183.108,183.37,28984
2023-09-14 16:00:00,183.369,183.406,182.514,182.779,36650
2023-09-14 20:00:00,182.78,183.026,182.72,182.929,9785
2023-09-15 00:00:00,183.006,183.036,182.816,183.011,7316
2023-09-15 04:00:00,183.011,183.231,182.765,183.205,11975
2023-09-15 08:00:00,183.205,183.908,183.083,183.839,24813
2023-09-15 12:00:00,183.839,183.848,183.232,183.308,21463
2023-09-15 16:00:00,183.307,183.52,183.094,183.344,30203
2023-09-15 20:00:00,183.341,183.343,183.018,183.032,7561
2023-09-18 00:00:00,182.849,183.341,182.798,183.158,4816
2023-09-18 04:00:00,183.158,183.276,182.982,183.056,8153
2023-09-18 08:00:00,183.052,183.104,182.717,182.777,17355
2023-09-18 12:00:00,182.776,183.228,182.746,182.899,17295
2023-09-18 16:00:00,182.9,183.11,182.762,182.984,23748
2023-09-18 20:00:00,182.987,183.024,182.714,182.714,9442
2023-09-19 00:00:00,182.737,182.947,182.678,182.808,5423
2023-09-19 04:00:00,182.807,182.969,182.777,182.886,8176
2023-09-19 08:00:00,182.885,183.098,182.789,182.808,18374
2023-09-19 12:00:00,182.803,183.488,182.719,183.323,20692
2023-09-19 16:00:00,183.32,183.362,182.968,183.113,24481
2023-09-19 20:00:00,183.112,183.301,183.074,183.177,9635
2023-09-20 00:00:00,183.115,183.24,182.991,183.047,5977
2023-09-20 04:00:00,183.046,183.177,183.001,183.14,9117
2023-09-20 08:00:00,183.14,183.302,182.454,183.168,24146
2023-09-20 12:00:00,183.167,183.192,182.736,183.002,19395
2023-09-20 16:00:00,183.0,183.347,182.966,183.203,23705
2023-09-20 20:00:00,183.203,183.212,182.784,183.071,32238
2023-09-21 00:00:00,182.955,183.011,182.669,182.737,10349
2023-09-21 04:00:00,182.735,182.861,182.384,182.753,12900
2023-09-21 08:00:00,182.753,182.867,182.27,182.331,22566
2023-09-21 12:00:00,182.33,182.427,180.719,181.503,32597
2023-09-21 16:00:00,181.511,181.648,181.113,181.392,32948
2023-09-21 20:00:00,181.391,181.501,181.276,181.4,10400
2023-09-22 00:00:00,181.348,181.533,181.257,181.362,7473
2023-09-22 04:00:00,181.361,182.048,181.205,181.834,18760
2023-09-22 08:00:00,181.833,182.307,181.455,181.699,32380
2023-09-22 12:00:00,181.699,181.894,181.317,181.716,24730
2023-09-22 16:00:00,181.716,182.059,181.57,181.679,28295
2023-09-22 20:00:00,181.683,181.749,181.478,181.592,12296
2023-09-25 00:00:00,181.543,181.82,181.402,181.687,9014
2023-09-25 04:00:00,181.687,181.744,181.551,181.61,9397
2023-09-25 08:00:00,181.61,181.824,181.483,181.546,20414
2023-09-25 12:00:00,181.546,181.957,181.404,181.712,20478
2023-09-25 16:00:00,181.706,181.819,181.514,181.767,26616
2023-09-25 20:00:00,181.767,181.847,181.625,181.742,9809
2023-09-26 00:00:00,181.79,181.79,181.523,181.718,8062
2023-09-26 04:00:00,181.718,181.811,181.541,181.716,14651
2023-09-26 08:00:00,181.714,181.73,181.121,181.447,26910
2023-09-26 12:00:00,181.446,181.552,181.268,181.393,23558
2023-09-26 16:00:00,181.395,181.544,181.048,181.258,28475
2023-09-26 20:00:00,181.258,181.315,181.053,181.145,13733
2023-09-27 00:00:00,181.107,181.213,180.926,180.965,7659
2023-09-27 04:00:00,180.965,181.08,180.886,181.013,9690
2023-09-27 08:00:00,181.013,181.262,180.919,181.106,20141
2023-09-27 12:00:00,181.107,181.324,180.999,181.177,24546
2023-09-27 16:00:00,181.178,181.547,181.138,181.407,32059
2023-09-27 20:00:00,181.407,181.678,181.192,181.532,16925
2023-09-28 00:00:00,181.419,181.554,181.093,181.501,8473
2023-09-28 04:00:00,181.499,181.573,181.232,181.294,12344
2023-09-28 08:00:00,181.294,181.842,181.057,181.816,21540
2023-09-28 12:00:00,181.816,182.359,181.806,182.001,26696
2023-09-28 16:00:00,181.999,182.425,181.879,182.119,35972
2023-09-28 20:00:00,182.122,182.213,181.943,182.143,15644
2023-09-29 00:00:00,182.084,182.352,181.89,182.268,6996
2023-09-29 04:00:00,182.259,182.663,182.246,182.563,11540
2023-09-29 08:00:00,182.563,182.615,181.906,182.36,26297
2023-09-29 12:00:00,182.366,183.021,182.295,182.893,28833
2023-09-29 16:00:00,182.891,182.892,181.889,182.363,41145
2023-09-29 20:00:00,182.364,182.408,182.109,182.193,19807
2023-10-02 00:00:00,182.282,182.556,182.089,182.432,9580
2023-10-02 04:00:00,182.431,182.632,182.411,182.473,7588
2023-10-02 08:00:00,182.463,182.817,182.195,182.472,20660
2023-10-02 12:00:00,182.472,182.482,181.874,182.031,22374
2023-10-02 16:00:00,182.029,182.036,181.404,181.407,31924
2023-10-02 20:00:00,181.407,181.609,181.075,181.08,11899
2023-10-03 00:00:00,181.131,181.206,180.904,181.147,8492
2023-10-03 04:00:00,181.146,181.153,180.775,180.815,11348
2023-10-03 08:00:00,180.815,181.201,180.591,181.091,20889
2023-10-03 12:00:00,181.083,181.159,180.67,181.006,24052
2023-10-03 16:00:00,181.007,181.376,178.084,180.039,44694
2023-10-03 20:00:00,180.04,180.143,179.626,179.872,18068
2023-10-04 00:00:00,179.891,180.283,179.77,180.237,10353
2023-10-04 04:00:00,180.234,180.257,179.937,180.221,12512
2023-10-04 08:00:00,180.221,180.487,179.562,180.476,25227
2023-10-04 12:00:00,180.475,181.259,180.464,181.175,31560
2023-10-04 16:00:00,181.172,181.243,180.416,180.918,41740
2023-10-04 20:00:00,180.917,181.139,180.809,180.896,18687
2023-10-05 00:00:00,180.93,180.93,180.407,180.485,8198
2023-10-05 04:00:00,180.486,180.665,180.29,180.576,14587
2023-10-05 08:00:00,180.576,180.934,180.525,180.642,22566
2023-10-05 12:00:00,180.642,180.949,180.44,180.659,27298
2023-10-05 16:00:00,180.659,180.85,180.471,180.755,43244
2023-10-05 20:00:00,180.758,181.074,180.592,181.026,19570
2023-10-06 00:00:00,181.039,181.105,180.754,181.056,8057
2023-10-06 04:00:00,181.056,181.188,180.841,181.134,14339
2023-10-06 08:00:00,181.134,181.732,181.125,181.644,22148
2023-10-06 12:00:00,181.644,182.076,180.954,181.131,30156
2023-10-06 16:00:00,181.132,182.761,181.064,182.641,50585
2023-10-06 20:00:00,182.641,182.977,182.59,182.635,22161
2023-10-09 00:00:00,181.911,182.316,181.774,182.241,12531
2023-10-09 04:00:00,182.238,182.247,181.895,181.928,9679
2023-10-09 08:00:00,181.928,182.204,181.439,181.62,22355
2023-10-09 12:00:00,181.619,181.774,181.429,181.611,20061
2023-10-09 16:00:00,181.608,181.912,181.253,181.406,32412
2023-10-09 20:00:00,181.406,181.853,181.405,181.696,14781
2023-10-10 00:00:00,181.702,182.038,181.545,181.891,10803
2023-10-10 04:00:00,181.892,181.954,181.739,181.855,17497
2023-10-10 08:00:00,181.855,182.643,181.541,182.632,30369
2023-10-10 12:00:00,182.632,182.788,182.347,182.429,29437
2023-10-10 16:00:00,182.427,182.693,182.352,182.587,39086
2023-10-10 20:00:00,182.587,182.747,182.325,182.664,20415
2023-10-11 00:00:00,182.522,182.733,182.382,182.729,10170
2023-10-11 04:00:00,182.726,183.018,182.668,183.006,12667
2023-10-11 08:00:00,183.002,183.125,182.484,182.567,25995
2023-10-11 12:00:00,182.568,183.348,182.496,183.302,29705
2023-10-11 16:00:00,183.298,183.748,183.179,183.402,39139
2023-10-11 20:00:00,183.402,183.734,183.194,183.626,19096
2023-10-12 00:00:00,183.619,183.692,183.309,183.634,6185
2023-10-12 04:00:00,183.634,183.814,183.536,183.714,10870
2023-10-12 08:00:00,183.714,183.781,183.279,183.311,22410
2023-10-12 12:00:00,183.311,183.65,183.103,183.255,27259
2023-10-12 16:00:00,183.256,183.329,182.667,182.694,38546
2023-10-12 20:00:00,182.696,182.704,182.331,182.338,18089
2023-10-13 00:00:00,182.359,182.597,182.272,182.509,6765
2023-10-13 04:00:00,182.508,182.826,182.48,182.611,12394
2023-10-13 08:00:00,182.613,182.945,182.418,182.838,23152
2023-10-13 12:00:00,182.84,182.871,181.918,182.261,29550
2023-10-13 16:00:00,182.259,182.279,181.506,181.529,33741
2023-10-13 20:00:00,181.527,181.657,181.268,181.533,17868
2023-10-16 00:00:00,181.189,181.815,181.127,181.589,9452
2023-10-16 04:00:00,181.589,181.735,181.578,181.708,8904
2023-10-16 08:00:00,181.707,182.171,181.661,181.777,24564
2023-10-16 12:00:00,181.776,182.138,181.528,181.975,23522
2023-10-16 16:00:00,181.975,182.554,181.868,182.485,29548
2023-10-16 20:00:00,182.485,182.737,182.442,182.63,12730
2023-10-17 00:00:00,182.511,182.728,182.364,182.532,6954
2023-10-17 04:00:00,182.531,182.566,182.366,182.406,7512
2023-10-17 08:00:00,182.4,182.483,181.851,181.927,18366
2023-10-17 12:00:00,181.921,182.159,181.175,181.835,28468
2023-10-17 16:00:00,181.836,182.8,181.789,182.58,32766
2023-10-17 20:00:00,182.579,182.616,182.326,182.451,13650
2023-10-18 00:00:00,182.458,182.487,182.08,182.161,7005
2023-10-18 04:00:00,182.161,182.371,182.063,182.315,14169
2023-10-18 08:00:00,182.31,182.764,182.254,182.713,26617
2023-10-18 12:00:00,182.711,182.811,182.265,182.325,28409
2023-10-18 16:00:00,182.326,182.467,181.849,182.07,39747
2023-10-18 20:00:00,182.07,182.33,181.926,181.967,25538
2023-10-19 00:00:00,181.902,181.993,181.739,181.826,9129
2023-10-19 04:00:00,181.825,181.874,181.612,181.651,11832
2023-10-19 08:00:00,181.65,181.894,181.327,181.397,24082
2023-10-19 12:00:00,181.398,181.937,181.173,181.906,25279
2023-10-19 16:00:00,181.906,182.516,181.764,182.291,44100
2023-10-19 20:00:00,182.291,182.408,181.823,181.829,30552
2023-10-20 00:00:00,181.792,181.91,181.629,181.699,8305
2023-10-20 04:00:00,181.699,181.964,181.653,181.844,14856
2023-10-20 08:00:00,181.844,181.913,181.278,181.792,25766
2023-10-20 12:00:00,181.791,182.163,181.622,182.059,25669
2023-10-20 16:00:00,182.059,182.309,181.868,182.128,33154
2023-10-20 20:00:00,182.128,182.369,182.065,182.191,18534
2023-10-23 00:00:00,182.05,182.317,181.973,182.265,6868
2023-10-23 04:00:00,182.265,182.27,182.081,182.164,7076
2023-10-23 08:00:00,182.165,182.627,182.107,182.354,20961
2023-10-23 12:00:00,182.354,182.598,182.097,182.391,21963
2023-10-23 16:00:00,182.391,183.279,182.186,183.109,33768
2023-10-23 20:00:00,183.118,183.424,183.045,183.367,21540
2023-10-24 00:00:00,183.272,183.53,183.107,183.434,6670
2023-10-24 04:00:00,183.434,183.589,183.266,183.55,12505
2023-10-24 08:00:00,183.55,183.753,182.919,183.363,25774
2023-10-24 12:00:00,183.359,183.392,182.741,182.817,24317
2023-10-24 16:00:00,182.817,182.872,182.054,182.132,32418
2023-10-24 20:00:00,182.132,182.35,182.117,182.224,16122
2023-10-25 00:00:00,182.211,182.372,182.122,182.346,6891
2023-10-25 04:00:00,182.347,182.442,182.27,182.439,8990
2023-10-25 08:00:00,182.441,182.456,181.889,181.964,18242
2023-10-25 12:00:00,181.964,181.982,181.63,181.864,19628
2023-10-25 16:00:00,181.863,182.221,181.762,181.87,32838
2023-10-25 20:00:00,181.87,181.999,181.64,181.877,18701
2023-10-26 00:00:00,181.826,181.892,181.502,181.604,7147
2023-10-26 04:00:00,181.604,181.826,181.541,181.719,12716
2023-10-26 08:00:00,181.718,182.111,181.168,181.677,24804
2023-10-26 12:00:00,181.677,182.097,181.411,182.097,26045
2023-10-26 16:00:00,182.106,182.358,181.887,182.076,36210
2023-10-26 20:00:00,182.076,182.584,182.043,182.324,19805
2023-10-27 00:00:00,182.403,182.506,182.259,182.363,7259
2023-10-27 04:00:00,182.361,182.377,182.193,182.272,11661
2023-10-27 08:00:00,182.269,182.35,181.791,182.017,20903
2023-10-27 12:00:00,182.014,182.174,181.597,181.802,23523
2023-10-27 16:00:00,181.803,182.029,181.517,181.53,33325
2023-10-27 20:00:00,181.529,181.529,181.043,181.346,19943
2023-10-30 00:00:00,181.229,181.427,181.229,181.369,9347
2023-10-30 04:00:00,181.403,181.403,181.19,181.274,7980
2023-10-30 08:00:00,181.274,181.589,180.766,181.477,20792
2023-10-30 12:00:00,181.474,181.877,181.394,181.777,23606
2023-10-30 16:00:00,181.779,181.792,180.931,181.158,31759
2023-10-30 20:00:00,181.158,181.493,181.108,181.318,11813
2023-10-31 00:00:00,181.324,181.73,181.262,181.674,11005
2023-10-31 04:00:00,181.675,182.504,181.35,182.499,20882
2023-10-31 08:00:00,182.498,183.775,182.353,183.693,26359
2023-10-31 12:00:00,183.694,183.835,183.199,183.246,28135
2023-10-31 16:00:00,183.238,184.101,183.131,184.055,37129
2023-10-31 20:00:00,184.053,184.38,183.965,184.163,14951
2023-11-01 00:00:00,184.16,184.267,183.601,183.676,12794
2023-11-01 04:00:00,183.68,183.763,183.523,183.629,12330
2023-11-01 08:00:00,183.629,184.003,183.49,183.569,20231
2023-11-01 12:00:00,183.57,183.632,182.999,183.07,30392
2023-11-01 16:00:00,183.391,183.62,182.98,182.981,34023
2023-11-01 20:00:00,182.979,183.431,182.929,183.367,33981
2023-11-02 00:00:00,183.353,183.559,183.204,183.254,15181
2023-11-02 04:00:00,183.255,183.346,183.052,183.305,12191
2023-11-02 08:00:00,183.306,183.309,182.721,183.145,23396
2023-11-02 12:00:00,183.144,183.7,183.019,183.262,35270
2023-11-02 16:00:00,183.261,183.522,183.013,183.516,33650
2023-11-02 20:00:00,183.516,183.721,183.437,183.507,13295
2023-11-03 00:00:00,183.494,183.641,183.217,183.402,8236
2023-11-03 04:00:00,183.404,183.507,183.327,183.44,10662
2023-11-03 08:00:00,183.441,183.603,183.261,183.589,18843
2023-11-03 12:00:00,183.587,184.257,183.524,184.165,35637
2023-11-03 16:00:00,184.158,185.017,184.12,184.974,39159
2023-11-03 20:00:00,184.975,184.988,184.814,184.835,12278
2023-11-06 00:00:00,184.674,185.119,184.581,184.965,9761
2023-11-06 04:00:00,184.969,185.209,184.96,185.11,11695
2023-11-06 08:00:00,185.111,185.722,185.06,185.573,22082
2023-11-06 12:00:00,185.573,185.96,185.499,185.539,22396
2023-11-06 16:00:00,185.539,185.738,185.322,185.387,25995
2023-11-06 20:00:00,185.387,185.411,185.104,185.165,17808
2023-11-07 00:00:00,185.189,185.254,185.02,185.186,6903
2023-11-07 04:00:00,185.186,185.377,185.111,185.364,10347
2023-11-07 08:00:00,185.364,185.464,185.026,185.086,19080
2023-11-07 12:00:00,185.082,185.315,184.649,185.221,21047
2023-11-07 16:00:00,185.219,185.306,184.679,184.749,29637
2023-11-07 20:00:00,184.747,185.042,184.697,184.868,16343
2023-11-08 00:00:00,184.81,185.043,184.766,184.951,8392
2023-11-08 04:00:00,184.95,184.989,184.782,184.916,11388
2023-11-08 08:00:00,184.915,185.014,184.545,184.642,22438
2023-11-08 12:00:00,184.64,185.112,184.552,185.072,19325
2023-11-08 16:00:00,185.069,185.536,185.034,185.499,29674
2023-11-08 20:00:00,185.503,185.674,185.371,185.371,17370
2023-11-09 00:00:00,185.349,185.512,185.206,185.411,8544
2023-11-09 04:00:00,185.412,185.496,185.325,185.441,10968
2023-11-09 08:00:00,185.44,185.893,185.25,185.783,22203
2023-11-09 12:00:00,185.775,185.856,185.126,185.269,23735
2023-11-09 16:00:00,185.269,185.508,185.129,185.319,30283
2023-11-09 20:00:00,185.317,185.359,184.847,184.919,35396
2023-11-10 00:00:00,184.857,184.982,184.759,184.881,8768
2023-11-10 04:00:00,184.882,185.115,184.844,185.094,12116
2023-11-10 08:00:00,185.096,185.22,184.857,185.025,23349
2023-11-10 12:00:00,185.023,185.164,184.81,185.019,24579
2023-11-10 16:00:00,185.02,185.178,184.627,185.157,30325
2023-11-10 20:00:00,185.157,185.34,185.13,185.191,19016
2023-11-13 00:00:00,184.868,185.474,184.868,185.448,8102
2023-11-13 04:00:00,185.447,185.654,185.384,185.621,8205
2023-11-13 08:00:00,185.62,185.914,185.592,185.825,19924
2023-11-13 12:00:00,185.826,185.969,185.695,185.91,18317
2023-11-13 16:00:00,185.91,186.051,185.262,186.032,32849
2023-11-13 20:00:00,186.03,186.317,185.977,186.282,11311
2023-11-14 00:00:00,186.224,186.327,185.947,186.206,8945
2023-11-14 04:00:00,186.199,186.238,186.089,186.129,6891
2023-11-14 08:00:00,186.129,186.63,186.115,186.625,21426
2023-11-14 12:00:00,186.626,187.291,186.265,187.26,33391
2023-11-14 16:00:00,187.257,188.285,187.247,188.141,50203
2023-11-14 20:00:00,188.141,188.142,187.751,187.957,20422
2023-11-15 00:00:00,187.913,188.185,187.714,187.984,13156
2023-11-15 04:00:00,187.984,188.236,187.944,188.162,10828
2023-11-15 08:00:00,188.165,188.238,187.363,187.44,29581
2023-11-15 12:00:00,187.44,187.68,187.176,187.608,33140
2023-11-15 16:00:00,187.607,187.92,187.496,187.783,42516
2023-11-15 20:00:00,187.783,188.001,187.71,187.874,18203
2023-11-16 00:00:00,187.893,187.936,187.481,187.54,10067
2023-11-16 04:00:00,187.54,187.572,187.301,187.541,10711
2023-11-16 08:00:00,187.543,187.715,187.336,187.604,24907
2023-11-16 12:00:00,187.604,187.661,187.28,187.43,31414
2023-11-16 16:00:00,187.429,187.449,186.827,187.015,42861
2023-11-16 20:00:00,187.015,187.156,186.853,187.101,17421
2023-11-17 00:00:00,187.047,187.149,186.826,186.972,10045
2023-11-17 04:00:00,186.972,187.015,186.63,187.002,10356
2023-11-17 08:00:00,187.0,187.055,185.319,185.666,29075
2023-11-17 12:00:00,185.666,185.907,185.504,185.864,35393
2023-11-17 16:00:00,185.864,186.257,185.72,186.165,37885
2023-11-17 20:00:00,186.165,186.57,186.149,186.448,15519
2023-11-20 00:00:00,186.214,186.793,186.064,186.418,16466
2023-11-20 04:00:00,186.418,186.488,185.762,186.063,23460
2023-11-20 08:00:00,186.063,186.165,185.082,185.407,33024
2023-11-20 12:00:00,185.407,185.407,184.629,185.239,26964
2023-11-20 16:00:00,185.239,185.525,185.183,185.447,26786
2023-11-20 20:00:00,185.447,185.63,185.362,185.517,17288
2023-11-21 00:00:00,185.488,185.645,185.165,185.28,16892
2023-11-21 04:00:00,185.274,185.432,184.589,185.117,21303
2023-11-21 08:00:00,185.117,185.233,184.464,185.175,31183
2023-11-21 12:00:00,185.175,185.258,184.938,185.114,27231
2023-11-21 16:00:00,185.114,185.655,184.943,185.645,33600
2023-11-21 20:00:00,185.645,186.096,185.561,186.041,20165
2023-11-22 00:00:00,186.058,186.058,185.637,185.902,13887
2023-11-22 04:00:00,185.902,186.382,185.744,186.327,12788
2023-11-22 08:00:00,186.326,187.026,186.295,186.82,26873
2023-11-22 12:00:00,186.82,186.868,186.205,186.775,32409
2023-11-22 16:00:00,186.775,186.794,186.32,186.709,34369
2023-11-22 20:00:00,186.709,186.95,186.704,186.819,11740
2023-11-23 00:00:00,186.731,186.834,186.347,186.415,9792
2023-11-23 04:00:00,186.414,186.595,186.284,186.411,12296
2023-11-23 08:00:00,186.411,187.618,186.34,187.418,25938
2023-11-23 12:00:00,187.418,187.535,187.188,187.396,17859
2023-11-23 16:00:00,187.396,187.589,187.338,187.495,12747
2023-11-23 20:00:00,187.493,187.527,187.413,187.451,5418
2023-11-24 00:00:00,187.384,187.649,187.209,187.39,11347
2023-11-24 04:00:00,187.391,187.429,187.14,187.244,10064
2023-11-24 08:00:00,187.244,187.889,187.105,187.778,16881
2023-11-24 12:00:00,187.779,188.158,187.693,188.142,17376
2023-11-24 16:00:00,188.142,188.663,188.121,188.513,19453
2023-11-24 20:00:00,188.513,188.543,188.232,188.232,12490
2023-11-27 00:00:00,188.226,188.527,187.905,187.932,10245
2023-11-27 04:00:00,187.932,188.086,187.601,188.066,15290
2023-11-27 08:00:00,188.07,188.27,187.768,188.24,20297
2023-11-27 12:00:00,188.237,188.35,187.767,187.88,25652
2023-11-27 16:00:00,187.88,188.033,187.633,187.738,32058
2023-11-27 20:00:00,187.738,187.828,187.621,187.718,13194
2023-11-28 00:00:00,187.658,187.778,187.103,187.243,14545
2023-11-28 04:00:00,187.243,187.334,187.052,187.221,12159
2023-11-28 08:00:00,187.221,187.869,187.126,187.582,21770
2023-11-28 12:00:00,187.581,187.874,187.279,187.568,24300
2023-11-28 16:00:00,187.568,187.724,187.132,187.279,46612
2023-11-28 20:00:00,187.279,187.295,187.076,187.19,18701
2023-11-29 00:00:00,187.168,187.273,186.622,186.836,20601
2023-11-29 04:00:00,186.84,187.271,186.722,187.064,18338
2023-11-29 08:00:00,187.063,187.393,186.843,187.121,30693
2023-11-29 12:00:00,187.122,187.533,186.974,187.41,33293
2023-11-29 16:00:00,187.407,187.523,186.69,186.989,38635
2023-11-29 20:00:00,186.99,187.235,186.854,186.901,15588
2023-11-30 00:00:00,186.819,186.823,186.437,186.63,14792
2023-11-30 04:00:00,186.63,186.882,186.611,186.711,13091
2023-11-30 08:00:00,186.711,186.924,186.229,186.466,28086
2023-11-30 12:00:00,186.466,186.797,186.458,186.707,31119
2023-11-30 16:00:00,186.707,187.562,186.692,187.038,48787
2023-11-30 20:00:00,187.038,187.175,186.988,187.073,15256
2023-12-01 00:00:00,186.957,187.093,186.674,186.898,16862
2023-12-01 04:00:00,186.899,187.24,186.866,187.212,12653
2023-12-01 08:00:00,187.212,187.518,187.046,187.305,25408
2023-12-01 12:00:00,187.305,187.491,187.088,187.153,23136
2023-12-01 16:00:00,187.15,187.175,186.192,186.424,51331
2023-12-01 20:00:00,186.427,186.672,186.383,186.59,20971
2023-12-04 00:00:00,186.408,186.5,185.519,185.888,27592
2023-12-04 04:00:00,185.889,186.154,185.776,186.117,15485
2023-12-04 08:00:00,186.117,186.341,185.741,185.822,29890
2023-12-04 12:00:00,185.823,185.931,185.518,185.615,29341
2023-12-04 16:00:00,185.618,185.909,185.077,185.866,42376
2023-12-04 20:00:00,185.866,186.058,185.802,185.958,13453
2023-12-05 00:00:00,185.794,186.19,185.665,185.953,17515
2023-12-05 04:00:00,185.953,185.994,185.8,185.825,12097
2023-12-05 08:00:00,185.825,185.898,185.064,185.761,30932
2023-12-05 12:00:00,185.761,185.952,185.452,185.495,27443
2023-12-05 16:00:00,185.494,185.766,185.28,185.31,46149
2023-12-05 20:00:00,185.31,185.416,185.231,185.275,15155
2023-12-06 00:00:00,185.192,185.678,185.107,185.59,11687
2023-12-06 04:00:00,185.59,185.795,185.536,185.602,11102
2023-12-06 08:00:00,185.602,185.661,185.138,185.625,24588
2023-12-06 12:00:00,185.626,185.807,185.169,185.302,29355
2023-12-06 16:00:00,185.302,185.508,185.104,185.211,33276
2023-12-06 20:00:00,185.214,185.238,184.987,185.002,11027
2023-12-07 00:00:00,184.799,184.985,184.402,184.482,13891
2023-12-07 04:00:00,184.482,184.518,183.858,183.911,15848
2023-12-07 08:00:00,183.911,184.024,182.27,182.322,42810
2023-12-07 12:00:00,182.321,182.666,181.888,182.254,41805
2023-12-07 16:00:00,182.254,182.257,178.545,180.565,50799
2023-12-07 20:00:00,180.568,181.55,180.201,181.449,25622
2023-12-08 00:00:00,181.343,181.67,179.541,180.517,32257
2023-12-08 04:00:00,180.514,181.497,180.125,181.174,26462
2023-12-08 08:00:00,181.174,181.582,180.641,181.18,40588
2023-12-08 12:00:00,181.18,182.043,180.741,180.899,43864
2023-12-08 16:00:00,180.901,181.745,180.458,181.667,50712
2023-12-08 20:00:00,181.665,181.952,181.644,181.834,14346
2023-12-11 00:00:00,181.61,182.707,181.568,182.474,19017
2023-12-11 04:00:00,182.474,182.614,182.265,182.557,11746
2023-12-11 08:00:00,182.56,183.721,182.33,183.523,31660
2023-12-11 12:00:00,183.524,184.324,183.483,184.045,24742
2023-12-11 16:00:00,184.044,184.069,183.592,183.67,31865
2023-12-11 20:00:00,183.67,183.726,183.451,183.489,16511
2023-12-12 00:00:00,183.429,183.545,182.903,183.119,15826
2023-12-12 04:00:00,183.115,183.254,182.769,182.82,13734
2023-12-12 08:00:00,182.82,182.983,182.487,182.712,27049
2023-12-12 12:00:00,182.712,183.016,182.273,182.688,32821
2023-12-12 16:00:00,182.686,182.997,182.336,182.735,38754
2023-12-12 20:00:00,182.735,183.02,182.648,182.721,15805
2023-12-13 00:00:00,182.84,182.869,182.472,182.585,14217
2023-12-13 04:00:00,182.585,182.849,182.513,182.788,12884
2023-12-13 08:00:00,182.788,183.152,182.492,182.676,28563
2023-12-13 12:00:00,182.676,182.694,182.108,182.109,28147
2023-12-13 16:00:00,182.109,182.109,181.556,181.581,31347
2023-12-13 20:00:00,181.581,181.684,180.189,180.284,58580
2023-12-14 00:00:00,180.188,180.412,179.281,179.901,31865
2023-12-14 04:00:00,179.901,179.978,178.335,178.684,36382
2023-12-14 08:00:00,178.682,179.466,178.631,179.226,50154
2023-12-14 12:00:00,179.226,180.668,178.919,180.551,53503
2023-12-14 16:00:00,180.55,181.216,180.31,181.02,56007
2023-12-14 20:00:00,181.019,181.205,180.721,181.081,22229
2023-12-15 00:00:00,181.006,181.738,180.911,181.563,18614
2023-12-15 04:00:00,181.563,181.633,180.76,181.036,22075
2023-12-15 08:00:00,181.036,181.356,180.454,181.11,38799
2023-12-15 12:00:00,181.111,181.2,180.39,180.896,39726
2023-12-15 16:00:00,180.896,180.92,179.817,180.463,48124
2023-12-15 20:00:00,180.466,180.497,180.05,180.186,23490
2023-12-18 00:00:00,180.11,180.582,179.843,180.393,14575
2023-12-18 04:00:00,180.393,180.638,180.329,180.499,12068
2023-12-18 08:00:00,180.5,180.895,180.372,180.493,26848
2023-12-18 12:00:00,180.494,180.917,180.481,180.906,31985
2023-12-18 16:00:00,180.906,181.179,180.596,180.836,32264
2023-12-18 20:00:00,180.836,180.844,180.54,180.552,15372
2023-12-19 00:00:00,180.404,180.676,180.042,180.367,18298
2023-12-19 04:00:00,180.367,181.957,180.306,181.637,25193
2023-12-19 08:00:00,181.644,183.609,180.403,183.548,42447
2023-12-19 12:00:00,183.548,184.177,183.425,183.87,32433
2023-12-19 16:00:00,183.874,184.011,183.034,183.18,37176
2023-12-19 20:00:00,183.18,183.238,182.98,183.097,13260
2023-12-20 00:00:00,182.947,183.333,182.865,182.952,17472
2023-12-20 04:00:00,182.951,183.165,182.418,182.669,18672
2023-12-20 08:00:00,182.667,182.826,181.274,181.824,34869
2023-12-20 12:00:00,181.822,181.84,181.27,181.49,26595
2023-12-20 16:00:00,181.489,182.331,181.488,182.315,32471
2023-12-20 20:00:00,182.315,182.358,181.36,181.441,22460
2023-12-21 00:00:00,181.196,181.409,180.697,180.791,16941
2023-12-21 04:00:00,180.791,180.888,180.44,180.809,16558
2023-12-21 08:00:00,180.809,181.114,180.517,180.696,24065
2023-12-21 12:00:00,180.693,180.997,180.263,180.321,31976
2023-12-21 16:00:00,180.32,180.581,179.783,180.142,44943
2023-12-21 20:00:00,180.142,180.49,180.14,180.304,18808
2023-12-22 00:00:00,180.249,180.555,179.944,180.462,17376
2023-12-22 04:00:00,180.462,180.781,180.414,180.588,17714
2023-12-22 08:00:00,180.588,180.933,180.244,180.291,28516
2023-12-22 12:00:00,180.289,181.052,180.286,180.824,32545
2023-12-22 16:00:00,180.827,181.334,180.541,181.05,39263
2023-12-22 20:00:00,181.05,181.074,180.658,180.79,18139
2023-12-25 00:00:00,181.035,181.035,181.035,181.035,1
2023-12-26 00:00:00,180.497,180.86,180.392,180.753,9458
2023-12-26 04:00:00,180.753,180.811,180.649,180.757,8455
2023-12-26 08:00:00,180.757,180.874,180.571,180.848,10798
2023-12-26 12:00:00,180.849,180.891,180.641,180.864,14210
2023-12-26 16:00:00,180.864,181.248,180.851,181.033,13502
2023-12-26 20:00:00,181.034,181.296,180.973,181.186,9270
2023-12-27 00:00:00,181.046,181.665,180.908,181.476,12509
2023-12-27 04:00:00,181.476,181.589,181.266,181.516,11413
2023-12-27 08:00:00,181.515,181.87,181.114,181.368,20989
2023-12-27 12:00:00,181.368,181.932,181.187,181.853,17362
2023-12-27 16:00:00,181.854,182.197,181.533,181.739,28624
2023-12-27 20:00:00,181.738,181.809,181.178,181.502,17728
2023-12-28 00:00:00,181.244,181.408,180.722,181.168,14349
2023-12-28 04:00:00,181.168,181.204,180.731,180.807,12856
2023-12-28 08:00:00,180.807,180.914,180.0,180.055,27656
2023-12-28 12:00:00,180.054,180.183,179.642,179.814,28229
2023-12-28 16:00:00,179.813,180.361,178.994,179.902,36426
2023-12-28 20:00:00,179.901,180.096,179.828,179.981,15869
2023-12-29 00:00:00,179.951,180.466,179.826,180.204,13540
2023-12-29 04:00:00,180.204,180.393,180.038,180.357,11781
2023-12-29 08:00:00,180.358,180.465,180.074,180.287,20153
2023-12-29 12:00:00,180.287,180.531,179.813,180.422,26280
2023-12-29 16:00:00,180.422,180.428,179.303,179.749,39738
2023-12-29 20:00:00,179.749,179.875,179.382,179.507,15293
2024-01-02 00:00:00,179.291,179.99,179.167,179.92,12292
2024-01-02 04:00:00,179.92,180.227,179.86,180.038,13450
2024-01-02 08:00:00,180.036,180.649,179.933,180.022,29409
2024-01-02 12:00:00,180.022,180.185,179.29,179.529,37634
2024-01-02 16:00:00,179.527,179.554,178.736,179.355,43829
2024-01-02 20:00:00,179.355,179.379,178.972,179.123,15202
2024-01-03 00:00:00,179.038,179.469,178.946,179.347,12990
2024-01-03 04:00:00,179.35,179.532,179.282,179.51,12440
2024-01-03 08:00:00,179.51,180.351,179.45,180.119,30624
2024-01-03 12:00:00,180.12,180.669,180.034,180.63,31259
2024-01-03 16:00:00,180.63,181.746,180.55,181.589,46400
2024-01-03 20:00:00,181.589,181.756,181.255,181.468,31247
2024-01-04 00:00:00,181.369,181.647,181.012,181.614,13106
2024-01-04 04:00:00,181.614,182.263,181.488,182.099,14256
2024-01-04 08:00:00,182.099,183.041,181.675,183.003,34772
2024-01-04 12:00:00,183.003,183.355,182.836,183.172,32162
2024-01-04 16:00:00,183.172,183.782,183.168,183.397,36781
2024-01-04 20:00:00,183.397,183.523,183.221,183.389,13061
2024-01-05 00:00:00,183.238,183.89,183.213,183.727,12871
2024-01-05 04:00:00,183.727,183.828,183.399,183.438,12733
2024-01-05 08:00:00,183.438,184.131,183.413,183.802,27576
2024-01-05 12:00:00,183.799,184.286,183.633,184.121,32505
2024-01-05 16:00:00,184.121,184.306,183.552,184.167,58799
2024-01-05 20:00:00,184.164,184.304,183.778,183.87,20036
2024-01-08 00:00:00,183.86,184.226,183.566,183.657,9544
2024-01-08 04:00:00,183.657,183.797,183.392,183.398,12341
2024-01-08 08:00:00,183.394,183.684,183.021,183.103,27439
2024-01-08 12:00:00,183.103,184.004,183.079,183.626,26412
2024-01-08 16:00:00,183.624,183.759,183.29,183.623,34198
2024-01-08 20:00:00,183.623,183.92,183.62,183.864,15351
2024-01-09 00:00:00,183.799,183.901,183.029,183.087,17466
2024-01-09 04:00:00,183.087,183.327,183.016,183.241,14889
2024-01-09 08:00:00,183.241,183.78,183.104,183.309,25445
2024-01-09 12:00:00,183.302,183.479,182.904,182.951,28081
2024-01-09 16:00:00,182.951,183.662,182.754,183.547,33655
2024-01-09 20:00:00,183.547,183.649,183.353,183.62,17181
2024-01-10 00:00:00,183.396,184.077,183.396,183.973,12186
2024-01-10 04:00:00,183.973,184.14,183.782,183.886,11461
2024-01-10 08:00:00,183.894,184.496,183.808,184.418,27172
2024-01-10 12:00:00,184.417,184.929,184.294,184.878,23453
2024-01-10 16:00:00,184.878,185.518,184.796,185.421,30416
2024-01-10 20:00:00,185.421,185.754,185.34,185.721,17501
2024-01-11 00:00:00,185.441,185.825,185.263,185.491,14503
2024-01-11 04:00:00,185.491,185.807,185.438,185.694,13186
2024-01-11 08:00:00,185.694,185.845,185.311,185.416,23242
2024-01-11 12:00:00,185.416,185.903,185.076,185.893,37796
2024-01-11 16:00:00,185.894,186.162,185.303,185.657,68183
2024-01-11 20:00:00,185.657,185.938,185.186,185.243,31361
2024-01-12 00:00:00,185.265,185.622,185.016,185.458,19853
2024-01-12 04:00:00,185.458,185.656,185.051,185.525,20310
2024-01-12 08:00:00,185.524,185.553,184.978,185.08,28287
2024-01-12 12:00:00,185.08,185.366,184.64,184.683,36445
2024-01-12 16:00:00,184.684,184.897,184.473,184.661,50372
2024-01-12 20:00:00,184.663,184.827,184.606,184.783,21233
2024-01-15 00:00:00,184.592,184.919,184.394,184.85,16107
2024-01-15 04:00:00,184.85,185.293,184.838,185.257,10978
2024-01-15 08:00:00,185.257,185.556,185.205,185.373,25653
2024-01-15 12:00:00,185.373,185.752,185.275,185.547,26543
2024-01-15 16:00:00,185.547,185.725,185.369,185.564,21317
2024-01-15 20:00:00,185.564,185.623,185.343,185.421,2605
2024-01-16 00:00:00,185.367,185.538,185.046,185.216,19867
2024-01-16 04:00:00,185.216,185.503,185.15,185.343,20199
2024-01-16 08:00:00,185.343,185.5,184.963,185.231,36672
2024-01-16 12:00:00,185.231,185.642,185.118,185.37,36834
2024-01-16 16:00:00,185.37,186.184,185.328,185.902,56692
2024-01-16 20:00:00,185.902,186.054,185.817,185.99,17590
2024-01-17 00:00:00,185.888,186.352,185.786,185.984,14658
2024-01-17 04:00:00,185.984,186.177,185.872,186.095,16487
2024-01-17 08:00:00,186.095,187.351,186.087,187.318,42215
2024-01-17 12:00:00,187.319,187.527,187.032,187.145,32398
2024-01-17 16:00:00,187.145,188.125,187.03,187.925,44639
2024-01-17 20:00:00,187.925,188.046,187.707,187.812,22119
2024-01-18 00:00:00,187.73,187.933,187.583,187.86,19143
2024-01-18 04:00:00,187.856,187.902,187.563,187.608,17639
2024-01-18 08:00:00,187.608,187.795,187.374,187.381,31287
2024-01-18 12:00:00,187.381,187.76,187.349,187.547,35328
2024-01-18 16:00:00,187.547,188.062,187.316,187.96,45617
2024-01-18 20:00:00,187.96,188.257,187.84,188.24,22065
2024-01-19 00:00:00,188.077,188.521,188.056,188.512,15237
2024-01-19 04:00:00,188.512,188.821,188.29,188.769,15209
2024-01-19 08:00:00,188.769,188.931,187.623,187.698,31456
2024-01-19 12:00:00,187.698,187.889,187.409,187.749,31917
2024-01-19 16:00:00,187.749,188.11,187.663,187.939,42061
2024-01-19 20:00:00,187.939,188.233,187.928,188.163,16430
2024-01-22 00:00:00,187.984,188.375,187.758,187.908,14658
2024-01-22 04:00:00,187.911,188.371,187.87,188.303,14192
2024-01-22 08:00:00,188.303,188.39,187.964,188.17,29673
2024-01-22 12:00:00,188.17,188.185,187.874,187.958,33108
2024-01-22 16:00:00,187.96,188.379,187.905,188.252,37981
2024-01-22 20:00:00,188.252,188.354,188.02,188.16,20695
2024-01-23 00:00:00,188.169,188.418,187.943,188.391,13712
2024-01-23 04:00:00,188.391,188.919,188.146,188.411,26946
2024-01-23 08:00:00,188.409,188.708,187.344,188.013,50891
2024-01-23 12:00:00,188.02,188.248,187.834,188.143,31688
2024-01-23 16:00:00,188.141,188.185,187.876,188.089,42601
2024-01-23 20:00:00,188.089,188.296,188.026,188.027,19230
2024-01-24 00:00:00,188.013,188.288,187.844,187.87,23039
2024-01-24 04:00:00,187.87,188.094,187.621,187.835,20283
2024-01-24 08:00:00,187.835,188.472,187.46,188.315,40323
2024-01-24 12:00:00,188.314,188.378,187.291,187.375,39748
2024-01-24 16:00:00,187.378,187.857,187.119,187.634,57656
2024-01-24 20:00:00,187.633,187.835,187.567,187.673,25268
2024-01-25 00:00:00,187.551,187.849,187.516,187.706,18097
2024-01-25 04:00:00,187.703,187.908,187.65,187.856,20083
2024-01-25 08:00:00,187.856,188.19,187.67,187.89,31764
2024-01-25 12:00:00,187.89,188.047,187.499,187.7,41988
2024-01-25 16:00:00,187.698,187.705,187.155,187.601,60831
2024-01-25 20:00:00,187.601,187.769,187.513,187.527,23733
2024-01-26 00:00:00,187.289,187.841,187.289,187.512,17224
2024-01-26 04:00:00,187.513,187.785,187.481,187.7,16666
2024-01-26 08:00:00,187.702,188.128,187.334,187.956,32236
2024-01-26 12:00:00,187.956,188.355,187.905,188.232,37319
2024-01-26 16:00:00,188.232,188.562,188.015,188.142,45595
2024-01-26 20:00:00,188.139,188.231,188.022,188.164,17192
2024-01-29 00:00:00,188.009,188.292,187.909,188.128,11788
2024-01-29 04:00:00,188.13,188.245,188.023,188.026,10307
2024-01-29 08:00:00,188.026,188.086,187.668,187.685,30342
2024-01-29 12:00:00,187.685,188.023,187.589,187.829,26304
2024-01-29 16:00:00,187.829,187.858,187.117,187.283,38570
2024-01-29 20:00:00,187.283,187.51,187.167,187.423,22983
2024-01-30 00:00:00,187.359,187.51,187.178,187.252,13518
2024-01-30 04:00:00,187.252,187.458,187.177,187.262,15631
2024-01-30 08:00:00,187.262,187.295,186.682,186.901,32341
2024-01-30 12:00:00,186.901,187.002,186.633,186.977,32815
2024-01-30 16:00:00,186.978,187.457,186.495,187.43,51772
2024-01-30 20:00:00,187.43,187.485,187.299,187.387,20795
2024-01-31 00:00:00,187.206,187.456,186.911,187.154,15943
2024-01-31 04:00:00,187.154,187.387,187.097,187.27,16751
2024-01-31 08:00:00,187.266,187.422,186.914,187.216,34552
2024-01-31 12:00:00,187.217,187.6,187.143,187.41,39639
2024-01-31 16:00:00,187.411,187.487,185.988,186.141,75586
2024-01-31 20:00:00,186.142,186.693,185.957,186.312,82553
2024-02-01 00:00:00,186.129,186.474,185.956,186.105,19827
2024-02-01 04:00:00,186.1,186.173,185.939,186.043,19834
2024-02-01 08:00:00,186.043,186.138,185.391,185.785,39952
2024-02-01 12:00:00,185.785,186.596,185.283,185.658,44496
2024-02-01 16:00:00,185.656,186.479,185.228,186.404,69754
2024-02-01 20:00:00,186.406,186.653,186.313,186.46,28068
2024-02-02 00:00:00,186.551,186.732,186.402,186.549,14029
2024-02-02 04:00:00,186.549,186.803,186.508,186.687,13343
2024-02-02 08:00:00,186.683,187.333,186.628,187.15,26451
2024-02-02 12:00:00,187.15,187.572,186.808,187.49,40498
2024-02-02 16:00:00,187.49,187.734,186.97,187.414,66587
2024-02-02 20:00:00,187.414,187.514,187.194,187.382,22535
2024-02-05 00:00:00,187.366,187.609,187.113,187.117,21628
2024-02-05 04:00:00,187.117,187.235,187.025,187.069,15660
2024-02-05 08:00:00,187.069,187.524,186.967,187.122,31570
2024-02-05 12:00:00,187.123,187.147,186.388,186.481,35529
2024-02-05 16:00:00,186.481,186.568,186.171,186.307,43046
2024-02-05 20:00:00,186.307,186.441,186.209,186.335,17196
2024-02-06 00:00:00,186.272,186.442,186.165,186.347,13596
2024-02-06 04:00:00,186.346,186.517,186.283,186.323,18078
2024-02-06 08:00:00,186.323,186.676,186.189,186.475,32711
2024-02-06 12:00:00,186.475,186.753,186.438,186.722,34577
2024-02-06 16:00:00,186.721,186.78,186.185,186.305,48749
2024-02-06 20:00:00,186.305,186.403,186.24,186.292,24554
2024-02-07 00:00:00,186.269,186.408,186.093,186.388,14597
2024-02-07 04:00:00,186.388,186.559,186.322,186.496,16044
2024-02-07 08:00:00,186.495,186.95,186.438,186.865,34046
2024-02-07 12:00:00,186.865,187.265,186.856,187.082,31351
2024-02-07 16:00:00,187.082,187.175,186.542,186.991,45963
2024-02-07 20:00:00,186.991,187.129,186.903,187.058,19551
2024-02-08 00:00:00,187.006,187.421,186.776,187.345,15436
2024-02-08 04:00:00,187.345,187.747,187.343,187.665,17858
2024-02-08 08:00:00,187.664,188.009,187.659,187.885,31139
2024-02-08 12:00:00,187.885,188.224,187.836,187.947,40166
2024-02-08 16:00:00,187.95,188.485,187.782,188.47,38717
2024-02-08 20:00:00,188.47,188.489,188.32,188.372,21865
2024-02-09 00:00:00,188.161,188.484,188.146,188.375,13717
2024-02-09 04:00:00,188.375,188.574,188.345,188.461,12909
2024-02-09 08:00:00,188.453,188.868,188.258,188.436,31701
2024-02-09 12:00:00,188.436,188.552,188.232,188.535,40701
2024-02-09 16:00:00,188.538,188.817,188.432,188.625,36298
2024-02-09 20:00:00,188.625,188.757,188.469,188.469,14453
2024-02-12 00:00:00,188.336,188.592,188.243,188.504,11581
2024-02-12 04:00:00,188.504,188.535,188.396,188.443,6786
2024-02-12 08:00:00,188.441,188.64,188.164,188.217,31510
2024-02-12 12:00:00,188.217,188.293,187.854,188.137,26537
2024-02-12 16:00:00,188.137,188.711,188.133,188.651,29134
2024-02-12 20:00:00,188.651,188.72,188.553,188.607,16977
2024-02-13 00:00:00,188.423,188.675,188.411,188.509,10157
2024-02-13 04:00:00,188.508,188.713,188.437,188.657,11713
2024-02-13 08:00:00,188.657,189.336,188.572,189.281,28247
2024-02-13 12:00:00,189.281,189.564,188.891,189.439,40707
2024-02-13 16:00:00,189.436,190.074,189.289,189.985,51498
2024-02-13 20:00:00,189.982,190.01,189.694,189.802,22044
2024-02-14 00:00:00,189.681,189.885,189.5,189.634,14739
2024-02-14 04:00:00,189.634,189.732,189.548,189.693,16910
2024-02-14 08:00:00,189.691,189.832,188.751,188.89,41694
2024-02-14 12:00:00,188.89,189.304,188.847,189.255,31312
2024-02-14 16:00:00,189.255,189.275,188.866,189.007,40738
2024-02-14 20:00:00,189.009,189.268,188.972,189.11,18309
2024-02-15 00:00:00,189.003,189.222,188.621,188.687,15352
2024-02-15 04:00:00,188.687,188.857,188.605,188.704,15806
2024-02-15 08:00:00,188.704,188.77,188.236,188.346,32374
2024-02-15 12:00:00,188.345,188.492,187.919,188.332,33957
2024-02-15 16:00:00,188.328,188.998,188.328,188.91,46863
2024-02-15 20:00:00,188.913,188.967,188.773,188.846,20321
2024-02-16 00:00:00,188.805,189.034,188.664,188.897,13420
2024-02-16 04:00:00,188.897,189.153,188.883,188.956,18052
2024-02-16 08:00:00,188.956,189.335,188.91,189.144,29283
2024-02-16 12:00:00,189.144,189.256,189.036,189.156,31631
2024-02-16 16:00:00,189.156,189.425,188.878,189.394,44296
2024-02-16 20:00:00,189.393,189.517,189.193,189.252,17382
2024-02-19 00:00:00,189.178,189.359,188.955,189.177,10917
2024-02-19 04:00:00,189.18,189.326,189.091,189.292,11986
2024-02-19 08:00:00,189.292,189.388,189.002,189.143,22827
2024-02-19 12:00:00,189.142,189.298,188.932,188.95,18623
2024-02-19 16:00:00,188.948,189.132,188.906,189.104,13248
2024-02-19 20:00:00,189.104,189.195,188.918,189.044,3312
2024-02-20 00:00:00,188.997,189.216,188.867,189.105,16349
2024-02-20 04:00:00,189.105,189.276,189.073,189.258,14189
2024-02-20 08:00:00,189.258,189.497,189.131,189.395,29197
2024-02-20 12:00:00,189.395,189.664,189.08,189.62,37023
2024-02-20 16:00:00,189.62,189.724,189.317,189.394,42513
2024-02-20 20:00:00,189.394,189.406,189.106,189.106,22105
2024-02-21 00:00:00,189.138,189.479,189.138,189.41,12655
2024-02-21 04:00:00,189.41,189.524,189.343,189.49,14383
2024-02-21 08:00:00,189.49,189.669,189.154,189.294,27772
2024-02-21 12:00:00,189.294,189.477,189.167,189.459,26285
2024-02-21 16:00:00,189.459,189.768,189.352,189.623,34017
2024-02-21 20:00:00,189.623,189.939,189.562,189.902,27056
2024-02-22 00:00:00,189.838,190.237,189.809,189.992,14481
2024-02-22 04:00:00,189.992,190.12,189.9,190.033,11575
2024-02-22 08:00:00,190.033,190.837,189.96,190.358,32981
2024-02-22 12:00:00,190.358,190.595,190.115,190.138,30878
2024-02-22 16:00:00,190.138,190.657,189.856,190.615,42579
2024-02-22 20:00:00,190.615,190.642,190.487,190.557,20807
2024-02-23 00:00:00,190.493,190.565,190.399,190.519,13824
2024-02-23 04:00:00,190.519,190.739,190.471,190.69,13033
2024-02-23 08:00:00,190.691,190.96,190.639,190.789,24822
2024-02-23 12:00:00,190.789,191.145,190.778,191.001,30419
2024-02-23 16:00:00,191.0,191.017,190.5,190.694,33755
2024-02-23 20:00:00,190.694,190.763,190.6,190.719,18484
2024-02-26 00:00:00,190.576,190.776,190.329,190.463,10943
2024-02-26 04:00:00,190.463,190.685,190.444,190.55,8356
2024-02-26 08:00:00,190.55,191.015,190.473,190.999,22032
2024-02-26 12:00:00,190.999,191.317,190.91,191.273,29821
2024-02-26 16:00:00,191.274,191.312,191.04,191.118,43123
2024-02-26 20:00:00,191.118,191.202,191.054,191.159,26929
2024-02-27 00:00:00,191.01,191.136,190.792,190.829,16724
2024-02-27 04:00:00,190.829,190.877,190.715,190.858,19245
2024-02-27 08:00:00,190.86,190.943,190.488,190.671,33305
2024-02-27 12:00:00,190.67,190.796,190.36,190.577,37750
2024-02-27 16:00:00,190.576,190.993,190.466,190.82,41535
2024-02-27 20:00:00,190.821,190.958,190.747,190.907,23641
2024-02-28 00:00:00,190.81,190.899,190.628,190.648,17354
2024-02-28 04:00:00,190.647,190.793,190.563,190.646,24237
2024-02-28 08:00:00,190.645,190.88,190.279,190.312,33112
2024-02-28 12:00:00,190.313,190.668,190.261,190.551,35768
2024-02-28 16:00:00,190.55,190.936,190.483,190.785,43628
2024-02-28 20:00:00,190.786,190.831,190.634,190.664,25465
2024-02-29 00:00:00,190.562,190.758,190.118,190.157,19613
2024-02-29 04:00:00,190.158,190.176,189.601,189.877,27694
2024-02-29 08:00:00,189.877,189.887,189.355,189.751,41142
2024-02-29 12:00:00,189.75,190.036,189.456,189.511,43554
2024-02-29 16:00:00,189.511,189.75,189.046,189.252,48150
2024-02-29 20:00:00,189.255,189.365,189.12,189.328,26041
2024-03-01 00:00:00,189.233,189.969,189.123,189.927,21490
2024-03-01 04:00:00,189.933,190.035,189.849,189.955,23993
2024-03-01 08:00:00,189.956,190.391,189.827,190.254,32025
2024-03-01 12:00:00,190.249,190.301,189.71,190.271,40424
2024-03-01 16:00:00,190.272,190.284,189.605,190.031,54348
2024-03-01 20:00:00,190.031,190.095,189.747,189.863,26062
2024-03-04 00:00:00,189.725,190.127,189.689,190.051,11583
2024-03-04 04:00:00,190.052,190.347,190.012,190.321,8740
2024-03-04 08:00:00,190.319,190.643,190.236,190.475,20948
2024-03-04 12:00:00,190.475,190.796,190.469,190.748,24210
2024-03-04 16:00:00,190.747,191.189,190.731,191.111,37295
2024-03-04 20:00:00,191.111,191.114,190.938,190.979,18630
2024-03-05 00:00:00,190.902,191.045,190.822,190.944,17576
2024-03-05 04:00:00,190.943,191.03,190.842,190.88,21378
2024-03-05 08:00:00,190.879,190.922,190.535,190.807,30870
2024-03-05 12:00:00,190.805,190.862,190.414,190.478,32538
2024-03-05 16:00:00,190.482,191.036,190.402,190.785,52053
2024-03-05 20:00:00,190.786,190.787,190.308,190.613,28844
2024-03-06 00:00:00,190.49,190.665,190.305,190.429,18118
2024-03-06 04:00:00,190.428,190.515,190.34,190.443,17762
2024-03-06 08:00:00,190.445,190.686,189.853,190.508,36584
2024-03-06 12:00:00,190.509,190.609,190.004,190.058,35953
2024-03-06 16:00:00,190.057,190.462,189.955,190.301,48543
2024-03-06 20:00:00,190.303,190.35,190.095,190.107,28704
2024-03-07 00:00:00,190.034,190.153,189.138,189.192,27180
2024-03-07 04:00:00,189.179,189.381,189.051,189.268,33134
2024-03-07 08:00:00,189.267,189.302,188.245,188.68,40172
2024-03-07 12:00:00,188.679,188.702,188.229,188.432,40141
2024-03-07 16:00:00,188.432,189.575,188.397,189.458,54136
2024-03-07 20:00:00,189.462,189.725,189.446,189.613,25037
2024-03-08 00:00:00,189.389,189.718,189.112,189.543,20064
2024-03-08 04:00:00,189.542,189.67,189.292,189.33,20426
2024-03-08 08:00:00,189.327,189.617,188.384,188.738,32722
2024-03-08 12:00:00,188.74,189.21,188.536,189.049,37963
2024-03-08 16:00:00,189.051,189.492,188.899,188.913,53410
2024-03-08 20:00:00,188.914,189.13,188.77,189.072,25841
2024-03-11 00:00:00,188.998,189.117,188.59,188.679,16384
2024-03-11 04:00:00,188.684,188.988,188.454,188.788,19733
2024-03-11 08:00:00,188.786,188.973,188.213,188.336,27713
2024-03-11 12:00:00,188.335,188.594,188.144,188.291,32146
2024-03-11 16:00:00,188.293,188.596,187.959,188.096,36222
2024-03-11 20:00:00,188.097,188.306,187.984,188.27,23827
2024-03-12 00:00:00,188.007,188.3,187.959,188.234,14257
2024-03-12 04:00:00,188.238,189.03,188.233,188.935,22681
2024-03-12 08:00:00,188.936,189.2,188.23,188.375,30564
2024-03-12 12:00:00,188.374,189.057,188.324,188.568,41412
2024-03-12 16:00:00,188.571,188.934,188.461,188.739,53044
2024-03-12 20:00:00,188.736,188.958,188.676,188.878,31938
2024-03-13 00:00:00,188.782,188.929,188.543,188.543,17913
2024-03-13 04:00:00,188.546,188.77,188.411,188.755,29749
2024-03-13 08:00:00,188.755,189.207,188.582,189.176,41518
2024-03-13 12:00:00,189.176,189.547,188.93,189.369,37488
2024-03-13 16:00:00,189.367,189.416,188.952,189.027,38408
2024-03-13 20:00:00,189.026,189.197,188.805,189.077,24231
2024-03-14 00:00:00,188.981,189.068,188.812,188.921,14389
2024-03-14 04:00:00,188.915,189.245,188.859,189.21,20882
2024-03-14 08:00:00,189.21,189.447,189.145,189.37,26506
2024-03-14 12:00:00,189.37,189.522,188.913,189.172,33730
2024-03-14 16:00:00,189.173,189.302,188.591,188.915,58088
2024-03-14 20:00:00,188.915,189.18,188.881,189.156,23187
2024-03-15 00:00:00,189.056,189.182,188.959,189.068,14621
2024-03-15 04:00:00,189.074,189.276,188.844,188.935,21545
2024-03-15 08:00:00,188.936,189.66,188.59,189.435,33071
2024-03-15 12:00:00,189.434,189.756,189.395,189.698,32139
2024-03-15 16:00:00,189.698,190.027,189.664,189.802,40429
2024-03-15 20:00:00,189.803,189.915,189.651,189.73,20543
2024-03-18 00:00:00,189.556,190.063,189.556,190.058,12431
2024-03-18 04:00:00,190.059,190.117,189.657,189.841,19662
2024-03-18 08:00:00,189.843,190.158,189.817,190.066,24167
2024-03-18 12:00:00,190.068,190.124,189.833,189.989,26219
2024-03-18 16:00:00,189.989,190.06,189.687,189.801,35584
2024-03-18 20:00:00,189.804,189.879,189.533,189.845,18320
2024-03-19 00:00:00,189.886,189.89,189.655,189.795,12426
2024-03-19 04:00:00,189.796,190.817,189.605,190.728,33409
2024-03-19 08:00:00,190.725,191.2,190.574,190.767,41308
2024-03-19 12:00:00,190.768,191.233,190.722,191.112,36076
2024-03-19 16:00:00,191.111,192.093,191.054,192.076,34675
2024-03-19 20:00:00,192.076,192.166,191.886,191.89,17837
2024-03-20 00:00:00,191.893,192.385,191.762,192.226,15164
2024-03-20 04:00:00,192.226,192.762,192.193,192.669,20952
2024-03-20 08:00:00,192.669,192.855,192.291,192.391,29459
2024-03-20 12:00:00,192.393,192.66,192.366,192.642,28819
2024-03-20 16:00:00,192.64,192.847,192.534,192.824,30604
2024-03-20 20:00:00,192.822,193.535,192.437,193.381,49784
2024-03-21 00:00:00,193.371,193.394,192.614,192.708,24225
2024-03-21 04:00:00,192.71,192.856,192.345,192.822,28407
2024-03-21 08:00:00,192.824,193.505,192.814,192.99,36629
2024-03-21 12:00:00,192.984,193.221,192.236,192.516,41040
2024-03-21 16:00:00,192.515,192.602,191.868,192.114,45675
2024-03-21 20:00:00,192.113,192.209,191.843,191.929,18732
2024-03-22 00:00:00,191.891,192.075,191.799,192.039,12461
2024-03-22 04:00:00,192.038,192.238,191.45,191.631,27487
2024-03-22 08:00:00,191.63,191.675,190.501,190.828,31874
2024-03-22 12:00:00,190.837,190.966,190.388,190.826,32610
2024-03-22 16:00:00,190.827,190.873,190.504,190.673,40621
2024-03-22 20:00:00,190.674,190.832,190.554,190.778,18132
2024-03-25 00:00:00,190.634,190.768,190.343,190.564,15080
2024-03-25 04:00:00,190.565,190.823,190.438,190.805,25202
2024-03-25 08:00:00,190.803,190.915,190.598,190.837,23912
2024-03-25 12:00:00,190.838,191.31,190.753,191.133,26459
2024-03-25 16:00:00,191.13,191.569,191.072,191.461,26601
2024-03-25 20:00:00,191.461,191.519,191.325,191.343,14721
2024-03-26 00:00:00,191.311,191.382,191.221,191.261,11408
2024-03-26 04:00:00,191.259,191.385,191.212,191.35,18932
2024-03-26 08:00:00,191.35,191.545,191.281,191.333,21560
2024-03-26 12:00:00,191.335,191.68,191.18,191.436,27575
2024-03-26 16:00:00,191.436,191.513,191.1,191.364,32919
2024-03-26 20:00:00,191.362,191.425,191.299,191.386,16747
2024-03-27 00:00:00,191.27,191.354,191.051,191.115,11415
2024-03-27 04:00:00,191.112,191.532,191.094,191.272,23562
2024-03-27 08:00:00,191.27,191.521,191.197,191.456,26363
2024-03-27 12:00:00,191.455,191.456,190.5,190.701,39847
2024-03-27 16:00:00,190.698,191.074,190.633,191.008,31084
2024-03-27 20:00:00,191.007,191.191,190.978,191.152,16475
2024-03-28 00:00:00,190.962,191.132,190.761,191.117,15778
2024-03-28 04:00:00,191.115,191.252,190.994,191.114,17857
2024-03-28 08:00:00,191.114,191.168,190.699,190.834,21825
2024-03-28 12:00:00,190.839,191.098,190.56,191.085,28108
2024-03-28 16:00:00,191.081,191.313,190.84,191.135,38525
2024-03-28 20:00:00,191.133,191.206,190.917,191.024,14641
2024-03-29 00:00:00,191.032,191.2,190.877,191.012,10954
2024-03-29 04:00:00,191.012,191.158,190.791,190.93,17093
2024-03-29 08:00:00,190.931,191.134,190.841,191.059,12964
2024-03-29 12:00:00,191.057,191.078,190.773,191.007,11089
2024-03-29 16:00:00,191.009,191.198,190.959,191.011,10981
2024-03-29 20:00:00,191.012,191.049,190.817,190.903,5577
2024-04-01 00:00:00,190.96,191.355,190.878,191.261,68250
2024-04-01 04:00:00,191.258,191.299,190.985,191.177,65568
2024-04-01 08:00:00,191.18,191.216,190.935,191.031,76968
2024-04-01 12:00:00,191.032,191.099,190.854,191.016,91825
2024-04-01 16:00:00,191.017,191.051,190.272,190.312,149238
2024-04-01 20:00:00,190.312,190.344,190.18,190.328,72095
2024-04-02 00:00:00,190.329,190.38,190.039,190.32,58273
2024-04-02 04:00:00,190.321,190.417,190.174,190.38,83306
2024-04-02 08:00:00,190.38,190.514,190.243,190.493,36906
2024-04-02 12:00:00,190.493,190.718,190.456,190.475,26160
2024-04-02 16:00:00,190.47,190.635,190.325,190.57,36540
2024-04-02 20:00:00,190.57,190.674,190.499,190.613,14692
2024-04-03 00:00:00,190.514,190.678,190.422,190.546,11670
2024-04-03 04:00:00,190.545,190.717,190.476,190.684,15391
2024-04-03 08:00:00,190.685,190.911,190.581,190.834,21899
2024-04-03 12:00:00,190.834,191.044,190.68,190.92,27864
2024-04-03 16:00:00,190.92,191.814,190.886,191.771,41833
2024-04-03 20:00:00,191.772,191.934,191.722,191.922,17012
2024-04-04 00:00:00,191.788,191.901,191.723,191.77,12046
2024-04-04 04:00:00,191.771,191.964,191.749,191.928,14299
2024-04-04 08:00:00,191.934,192.191,191.834,192.12,23025
2024-04-04 12:00:00,192.117,192.222,191.917,192.088,22493
2024-04-04 16:00:00,192.087,192.246,192.03,192.072,28228
2024-04-04 20:00:00,192.072,192.135,191.012,191.325,30602
2024-04-05 00:00:00,191.209,191.31,190.724,190.859,19619
2024-04-05 04:00:00,190.859,191.029,190.67,190.919,22624
2024-04-05 08:00:00,190.919,191.409,190.756,191.335,25928
2024-04-05 12:00:00,191.334,191.406,190.864,191.016,31065
2024-04-05 16:00:00,191.018,191.549,190.785,191.518,43718
2024-04-05 20:00:00,191.519,191.634,191.449,191.618,19121
2024-04-08 00:00:00,191.297,191.617,191.292,191.404,13157
2024-04-08 04:00:00,191.407,191.827,191.388,191.706,22150
2024-04-08 08:00:00,191.709,191.847,191.604,191.736,23658
2024-04-08 12:00:00,191.736,191.863,191.625,191.768,22110
2024-04-08 16:00:00,191.769,192.141,191.769,192.049,30893
2024-04-08 20:00:00,192.049,192.188,191.963,192.085,17038
2024-04-09 00:00:00,192.051,192.24,191.935,192.224,11122
2024-04-09 04:00:00,192.224,192.268,192.149,192.244,16041
2024-04-09 08:00:00,192.245,192.345,192.135,192.299,19532
2024-04-09 12:00:00,192.301,192.784,192.157,192.7,26777
2024-04-09 16:00:00,192.7,192.851,192.137,192.16,34379
2024-04-09 20:00:00,192.159,192.42,192.082,192.372,18565
2024-04-10 00:00:00,192.319,192.425,192.131,192.31,10408
2024-04-10 04:00:00,192.31,192.425,192.25,192.421,17013
2024-04-10 08:00:00,192.422,192.771,192.359,192.77,19333
2024-04-10 12:00:00,192.77,192.953,191.515,192.177,39001
2024-04-10 16:00:00,192.178,192.189,191.471,191.685,67029
2024-04-10 20:00:00,191.684,192.143,191.469,192.04,41687
2024-04-11 00:00:00,191.922,191.995,191.561,191.614,21123
2024-04-11 04:00:00,191.614,191.909,191.57,191.839,21663
2024-04-11 08:00:00,191.838,192.585,191.819,192.323,34411
2024-04-11 12:00:00,192.324,192.383,191.821,192.079,47221
2024-04-11 16:00:00,192.079,192.35,191.776,192.109,54206
2024-04-11 20:00:00,192.108,192.438,192.06,192.377,25010
2024-04-12 00:00:00,192.377,192.405,192.049,192.057,13597
2024-04-12 04:00:00,192.059,192.357,192.059,192.121,20057
2024-04-12 08:00:00,192.122,192.199,191.714,191.756,31957
2024-04-12 12:00:00,191.756,191.796,190.331,190.365,41149
2024-04-12 16:00:00,190.369,190.791,189.987,190.598,64442
2024-04-12 20:00:00,190.6,190.879,190.543,190.8,29029
2024-04-15 00:00:00,190.348,191.098,190.223,191.095,21426
2024-04-15 04:00:00,191.095,191.664,191.05,191.623,27976
2024-04-15 08:00:00,191.622,192.213,191.619,192.054,38695
2024-04-15 12:00:00,192.052,192.456,191.857,192.412,39700
2024-04-15 16:00:00,192.417,192.718,191.738,192.218,54123
2024-04-15 20:00:00,192.218,192.221,191.74,191.996,28926
2024-04-16 00:00:00,191.836,192.007,191.762,191.895,15049
2024-04-16 04:00:00,191.894,191.972,191.684,191.81,23996
2024-04-16 08:00:00,191.81,192.348,191.643,192.155,36885
2024-04-16 12:00:00,192.154,192.81,192.154,192.696,34981
2024-04-16 16:00:00,192.697,192.81,191.859,192.231,57007
2024-04-16 20:00:00,192.232,192.494,192.007,192.232,39823
2024-04-17 00:00:00,192.207,192.334,192.093,192.275,14137
2024-04-17 04:00:00,192.275,192.388,192.169,192.219,18605
2024-04-17 08:00:00,192.219,192.822,192.007,192.763,37227
2024-04-17 12:00:00,192.76,192.822,192.514,192.516,29384
2024-04-17 16:00:00,192.517,192.844,191.732,191.746,53634
2024-04-17 20:00:00,191.744,192.375,191.678,192.257,33105
2024-04-18 00:00:00,192.183,192.263,192.074,192.13,14513
2024-04-18 04:00:00,192.134,192.438,191.897,192.413,24604
2024-04-18 08:00:00,192.412,192.602,192.261,192.542,30201
2024-04-18 12:00:00,192.543,192.785,192.265,192.326,33455
2024-04-18 16:00:00,192.327,192.757,192.231,192.485,46972
2024-04-18 20:00:00,192.485,192.494,192.235,192.31,23912
2024-04-19 00:00:00,192.321,192.344,192.09,192.159,13534
2024-04-19 04:00:00,192.159,192.174,190.299,191.656,68994
2024-04-19 08:00:00,191.656,192.36,191.273,192.097,43865
2024-04-19 12:00:00,192.096,192.603,192.081,192.373,35001
2024-04-19 16:00:00,192.373,192.73,191.279,191.525,44663
2024-04-19 20:00:00,191.524,191.593,191.158,191.269,24307
2024-04-22 00:00:00,191.22,191.557,190.954,191.373,17784
2024-04-22 04:00:00,191.374,191.698,191.358,191.636,17785
2024-04-22 08:00:00,191.636,191.687,190.967,191.323,27833
2024-04-22 12:00:00,191.322,191.353,190.468,190.514,30559
2024-04-22 16:00:00,190.513,191.164,190.319,191.128,32640
2024-04-22 20:00:00,191.128,191.372,191.101,191.226,16407
2024-04-23 00:00:00,191.174,191.255,191.11,191.231,9456
2024-04-23 04:00:00,191.231,191.28,191.047,191.128,18533
2024-04-23 08:00:00,191.128,191.812,190.831,191.544,30766
2024-04-23 12:00:00,191.546,192.035,191.09,191.84,28454
2024-04-23 16:00:00,191.836,192.767,191.72,192.677,47782
2024-04-23 20:00:00,192.674,192.85,192.441,192.737,19858
2024-04-24 00:00:00,192.552,192.898,192.492,192.852,10726
2024-04-24 04:00:00,192.85,192.957,192.815,192.853,16197
2024-04-24 08:00:00,192.853,192.936,192.416,192.485,23736
2024-04-24 12:00:00,192.484,192.914,192.432,192.784,27979
2024-04-24 16:00:00,192.784,193.071,192.666,193.06,39624
2024-04-24 20:00:00,193.06,193.641,193.051,193.608,20693
2024-04-25 00:00:00,193.344,193.696,193.273,193.632,11822
2024-04-25 04:00:00,193.632,194.024,193.52,193.977,19577
2024-04-25 08:00:00,193.978,194.949,193.973,194.917,29462
2024-04-25 12:00:00,194.917,194.928,193.95,194.261,37337
2024-04-25 16:00:00,194.261,194.66,193.598,194.621,56415
2024-04-25 20:00:00,194.62,194.822,194.506,194.763,26207
2024-04-26 00:00:00,194.746,194.752,194.51,194.621,12882
2024-04-26 04:00:00,194.62,195.299,194.34,195.26,24361
2024-04-26 08:00:00,195.26,196.423,193.965,196.118,47419
2024-04-26 12:00:00,196.115,196.606,195.624,196.173,42738
2024-04-26 16:00:00,196.174,196.948,195.863,196.852,56214
2024-04-26 20:00:00,196.848,197.936,196.79,197.821,23426
2024-04-29 00:00:00,197.821,198.111,196.888,197.987,19168
2024-04-29 04:00:00,197.985,200.558,194.723,196.046,66525
2024-04-29 08:00:00,196.043,197.05,193.597,195.144,88825
2024-04-29 12:00:00,195.144,196.22,194.503,195.989,43234
2024-04-29 16:00:00,195.99,196.785,194.89,195.757,47297
2024-04-29 20:00:00,195.755,196.415,195.388,196.404,28958
2024-04-30 00:00:00,196.218,196.943,196.074,196.878,18462
2024-04-30 04:00:00,196.879,197.056,196.542,196.66,23619
2024-04-30 08:00:00,196.659,196.859,196.148,196.788,33395
2024-04-30 12:00:00,196.793,197.121,196.57,197.111,40415
2024-04-30 16:00:00,197.11,197.378,196.859,196.945,55261
2024-04-30 20:00:00,196.941,197.244,196.891,197.118,20858
2024-05-01 00:00:00,196.886,197.116,196.805,196.96,18606
2024-05-01 04:00:00,196.961,197.11,196.892,196.968,14408
2024-05-01 08:00:00,196.969,197.414,196.857,197.414,19827
2024-05-01 12:00:00,197.416,197.43,196.991,197.038,23201
2024-05-01 16:00:00,197.037,197.14,196.547,196.719,39381
2024-05-01 20:00:00,196.72,197.22,191.78,193.619,85365
2024-05-02 00:00:00,193.656,195.554,193.089,195.451,36302
2024-05-02 04:00:00,195.449,195.751,195.182,195.318,31289
2024-05-02 08:00:00,195.319,195.383,194.218,194.254,51630
2024-05-02 12:00:00,194.254,194.446,193.336,193.381,49923
2024-05-02 16:00:00,193.372,193.568,191.874,192.464,72817
2024-05-02 20:00:00,192.465,192.865,191.856,192.507,35281
2024-05-03 00:00:00,192.389,192.667,191.712,192.106,24431
2024-05-03 04:00:00,192.107,192.219,191.771,191.871,27839
2024-05-03 08:00:00,191.878,192.56,191.841,192.409,37694
2024-05-03 12:00:00,192.41,192.514,191.721,191.867,50765
2024-05-03 16:00:00,191.867,192.058,191.365,191.748,80316
2024-05-03 20:00:00,191.748,191.979,191.709,191.884,22096
2024-05-06 00:00:00,191.784,192.827,191.592,192.541,16811
2024-05-06 04:00:00,192.542,193.183,192.527,193.081,24404
2024-05-06 08:00:00,193.081,193.451,192.959,193.405,30795
2024-05-06 12:00:00,193.405,193.508,193.169,193.297,28597
2024-05-06 16:00:00,193.296,193.666,193.267,193.359,33512
2024-05-06 20:00:00,193.358,193.485,193.224,193.224,20557
2024-05-07 00:00:00,193.227,193.766,193.18,193.484,16913
2024-05-07 04:00:00,193.483,194.132,193.407,193.915,25761
2024-05-07 08:00:00,193.919,193.998,192.986,193.614,34252
2024-05-07 12:00:00,193.614,194.028,193.556,193.838,29460
2024-05-07 16:00:00,193.84,194.011,193.517,193.535,33197
2024-05-07 20:00:00,193.537,193.622,193.366,193.489,20747
2024-05-08 00:00:00,193.337,193.591,193.256,193.548,13963
2024-05-08 04:00:00,193.549,193.863,193.509,193.759,25506
2024-05-08 08:00:00,193.76,193.99,193.64,193.903,29904
2024-05-08 12:00:00,193.902,194.273,193.848,194.194,30924
2024-05-08 16:00:00,194.193,194.416,194.062,194.398,35323
2024-05-08 20:00:00,194.395,194.511,194.316,194.316,16887
2024-05-09 00:00:00,194.168,194.454,193.827,194.373,16612
2024-05-09 04:00:00,194.374,194.466,194.224,194.326,22496
2024-05-09 08:00:00,194.327,194.483,194.305,194.388,23843
2024-05-09 12:00:00,194.388,194.861,194.049,194.665,43996
2024-05-09 16:00:00,194.664,194.823,194.429,194.758,40265
2024-05-09 20:00:00,194.757,194.816,194.605,194.605,17986
2024-05-10 00:00:00,194.595,194.813,194.481,194.72,14674
2024-05-10 04:00:00,194.721,194.992,194.679,194.819,22180
2024-05-10 08:00:00,194.819,195.31,194.754,195.153,35505
2024-05-10 12:00:00,195.152,195.229,195.026,195.127,30580
2024-05-10 16:00:00,195.126,195.335,194.829,195.319,44769
2024-05-10 20:00:00,195.319,195.342,195.046,195.074,16639
2024-05-13 00:00:00,194.832,195.269,194.735,195.247,8175
2024-05-13 04:00:00,195.247,195.266,194.737,195.142,17244
2024-05-13 08:00:00,195.141,195.359,195.055,195.357,21992
2024-05-13 12:00:00,195.358,195.667,195.231,195.567,31185
2024-05-13 16:00:00,195.568,196.278,195.504,196.229,42370
2024-05-13 20:00:00,196.229,196.255,196.073,196.154,19813
2024-05-14 00:00:00,196.088,196.375,196.013,196.263,13609
2024-05-14 04:00:00,196.262,196.486,196.262,196.359,22448
2024-05-14 08:00:00,196.36,196.621,195.719,196.012,34587
2024-05-14 12:00:00,196.013,196.68,195.944,196.559,37729
2024-05-14 16:00:00,196.558,197.058,196.458,196.93,46817
2024-05-14 20:00:00,196.932,197.025,196.862,196.95,14909
2024-05-15 00:00:00,196.834,197.074,196.789,196.863,10192
2024-05-15 04:00:00,196.863,197.091,196.766,196.905,15282
2024-05-15 08:00:00,196.906,196.968,196.133,196.309,32411
2024-05-15 12:00:00,196.308,196.756,195.778,196.142,47696
2024-05-15 16:00:00,196.144,196.602,196.045,196.426,62603
2024-05-15 20:00:00,196.427,196.547,196.128,196.455,24170
2024-05-16 00:00:00,196.335,196.406,195.057,195.135,25253
2024-05-16 04:00:00,195.136,195.743,195.044,195.307,36810
2024-05-16 08:00:00,195.308,196.209,195.205,196.09,39295
2024-05-16 12:00:00,196.09,196.565,195.797,196.538,37300
2024-05-16 16:00:00,196.537,196.905,196.468,196.767,42567
2024-05-16 20:00:00,196.766,196.916,196.67,196.826,17499
2024-05-17 00:00:00,196.795,197.034,196.738,196.868,14404
2024-05-17 04:00:00,196.867,197.335,196.812,197.17,24313
2024-05-17 08:00:00,197.17,197.33,197.034,197.162,28061
2024-05-17 12:00:00,197.161,197.305,197.085,197.222,24048
2024-05-17 16:00:00,197.221,197.681,197.181,197.657,39092
2024-05-17 20:00:00,197.657,197.857,197.53,197.633,17472
2024-05-20 00:00:00,197.441,198.04,197.301,198.033,7542
2024-05-20 04:00:00,198.036,198.092,197.752,197.949,10134
2024-05-20 08:00:00,197.949,197.982,197.385,197.792,23435
2024-05-20 12:00:00,197.791,198.401,197.667,198.253,29087
2024-05-20 16:00:00,198.248,198.545,198.192,198.533,33811
2024-05-20 20:00:00,198.532,198.642,198.344,198.506,15059
2024-05-21 00:00:00,198.406,198.851,198.267,198.803,11089
2024-05-21 04:00:00,198.807,198.909,198.649,198.847,20354
2024-05-21 08:00:00,198.845,198.891,198.408,198.616,31847
2024-05-21 12:00:00,198.616,198.839,198.482,198.546,29343
2024-05-21 16:00:00,198.548,198.594,198.258,198.389,47488
2024-05-21 20:00:00,198.386,198.612,198.35,198.444,17108
2024-05-22 00:00:00,198.376,198.698,198.305,198.674,10964
2024-05-22 04:00:00,198.673,198.787,198.653,198.718,19902
2024-05-22 08:00:00,198.717,199.541,198.639,199.168,31111
2024-05-22 12:00:00,199.167,199.247,198.869,199.228,33336
2024-05-22 16:00:00,199.226,199.483,199.098,199.428,40921
2024-05-22 20:00:00,199.427,199.499,199.019,199.348,28966
2024-05-23 00:00:00,199.31,199.489,199.236,199.446,14490
2024-05-23 04:00:00,199.445,199.587,199.33,199.436,19085
2024-05-23 08:00:00,199.437,199.724,199.085,199.404,34850
2024-05-23 12:00:00,199.404,199.601,199.13,199.574,33738
2024-05-23 16:00:00,199.574,199.894,199.183,199.644,61160
2024-05-23 20:00:00,199.645,199.65,199.017,199.22,28334
2024-05-24 00:00:00,199.095,199.44,198.994,199.313,16295
2024-05-24 04:00:00,199.31,199.442,199.207,199.333,17284
2024-05-24 08:00:00,199.331,199.502,199.027,199.465,28226
2024-05-24 12:00:00,199.462,199.801,199.439,199.776,28798
2024-05-24 16:00:00,199.775,200.065,199.673,199.782,40582
2024-05-24 20:00:00,199.782,199.989,199.749,199.933,16096
2024-05-27 00:00:00,199.802,199.987,199.668,199.773,11013
2024-05-27 04:00:00,199.774,199.819,199.607,199.763,14486
2024-05-27 08:00:00,199.763,200.002,199.677,199.98,17865
2024-05-27 12:00:00,199.981,200.147,199.891,200.051,20115
2024-05-27 16:00:00,200.051,200.429,200.023,200.354,18010
2024-05-27 20:00:00,200.354,200.395,200.218,200.253,9633
2024-05-28 00:00:00,200.291,200.431,200.23,200.373,11233
2024-05-28 04:00:00,200.373,200.422,200.15,200.161,19975
2024-05-28 08:00:00,200.16,200.462,200.157,200.304,27409
2024-05-28 12:00:00,200.305,200.531,200.29,200.425,28830
2024-05-28 16:00:00,200.425,200.626,200.365,200.552,41775
2024-05-28 20:00:00,200.551,200.649,200.39,200.454,25021
2024-05-29 00:00:00,200.482,200.741,200.401,200.717,14838
2024-05-29 04:00:00,200.717,200.742,200.482,200.533,20939
2024-05-29 08:00:00,200.532,200.617,200.118,200.393,36067
2024-05-29 12:00:00,200.395,200.615,200.276,200.339,33397
2024-05-29 16:00:00,200.341,200.529,200.047,200.521,47135
2024-05-29 20:00:00,200.519,200.522,200.19,200.19,21309
2024-05-30 00:00:00,200.179,200.237,199.678,199.751,15849
2024-05-30 04:00:00,199.754,199.984,199.462,199.551,24885
2024-05-30 08:00:00,199.55,199.617,198.752,199.514,45455
2024-05-30 12:00:00,199.513,199.673,199.124,199.327,40491
2024-05-30 16:00:00,199.326,199.738,198.997,199.651,48899
2024-05-30 20:00:00,199.652,199.766,199.562,199.602,19173
2024-05-31 00:00:00,199.553,199.889,199.352,199.537,17458
2024-05-31 04:00:00,199.536,199.746,199.236,199.345,28966
2024-05-31 08:00:00,199.346,199.992,199.32,199.922,37105
2024-05-31 12:00:00,199.922,200.264,199.625,199.942,42599
2024-05-31 16:00:00,199.944,200.253,199.704,200.086,61446
2024-05-31 20:00:00,200.088,200.513,200.029,200.334,25678
2024-06-03 00:00:00,200.061,200.504,200.06,200.342,16374
2024-06-03 04:00:00,200.341,200.648,200.153,200.596,22961
2024-06-03 08:00:00,200.594,200.625,199.476,199.54,37176
2024-06-03 12:00:00,199.54,199.786,199.22,199.605,41403
2024-06-03 16:00:00,199.605,199.911,199.364,199.44,60656
2024-06-03 20:00:00,199.438,200.045,199.409,199.816,25760
2024-06-04 00:00:00,199.776,200.405,199.724,200.363,17289
2024-06-04 04:00:00,200.365,200.42,200.169,200.211,21613
2024-06-04 08:00:00,200.211,200.219,198.308,198.426,50153
2024-06-04 12:00:00,198.426,198.501,197.201,198.014,60135
2024-06-04 16:00:00,198.016,198.155,197.498,197.914,66222
2024-06-04 20:00:00,197.912,197.96,197.658,197.741,28879
2024-06-05 00:00:00,197.61,198.486,197.58,198.311,18514
2024-06-05 04:00:00,198.311,198.787,198.28,198.742,27989
2024-06-05 08:00:00,198.743,199.632,198.635,199.6,39229
2024-06-05 12:00:00,199.597,199.734,199.206,199.682,38029
2024-06-05 16:00:00,199.682,199.749,199.159,199.49,62703
2024-06-05 20:00:00,199.491,199.747,199.419,199.561,21860
2024-06-06 00:00:00,199.54,199.645,199.204,199.269,16541
2024-06-06 04:00:00,199.27,199.544,198.973,199.262,30506
2024-06-06 08:00:00,199.262,199.942,199.232,199.686,36152
2024-06-06 12:00:00,199.687,199.792,199.306,199.703,39819
2024-06-06 16:00:00,199.703,199.805,199.058,199.086,52117
2024-06-06 20:00:00,199.086,199.292,198.83,199.013,26454
2024-06-07 00:00:00,198.957,199.3,198.871,199.21,15124
2024-06-07 04:00:00,199.212,199.373,198.906,198.992,25970
2024-06-07 08:00:00,198.995,199.138,198.395,198.681,41683
2024-06-07 12:00:00,198.679,199.812,198.646,199.701,49041
2024-06-07 16:00:00,199.703,199.814,199.066,199.346,65094
2024-06-07 20:00:00,199.348,199.443,199.146,199.336,26117
2024-06-10 00:00:00,199.352,199.759,199.23,199.566,19887
2024-06-10 04:00:00,199.562,199.929,199.494,199.803,25474
2024-06-10 08:00:00,199.799,199.817,199.383,199.455,42001
2024-06-10 12:00:00,199.457,199.808,198.934,199.56,40795
2024-06-10 16:00:00,199.561,199.892,199.314,199.831,35767
2024-06-10 20:00:00,199.832,200.049,199.792,199.863,23493
2024-06-11 00:00:00,199.817,200.158,199.714,200.1,17473
2024-06-11 04:00:00,200.099,200.343,199.977,200.272,26262
2024-06-11 08:00:00,200.273,200.398,199.96,200.054,33194
2024-06-11 12:00:00,200.055,200.392,199.814,199.946,46521
2024-06-11 16:00:00,199.946,200.343,199.679,200.331,50008
2024-06-11 20:00:00,200.33,200.333,200.006,200.159,26568
2024-06-12 00:00:00,200.016,200.244,199.968,200.149,11633
2024-06-12 04:00:00,200.149,200.344,200.069,200.312,19392
2024-06-12 08:00:00,200.312,200.715,200.268,200.684,32932
2024-06-12 12:00:00,200.682,200.944,200.375,200.713,47138
2024-06-12 16:00:00,200.717,200.722,199.945,200.133,64743
2024-06-12 20:00:00,200.132,200.805,199.967,200.556,66642
2024-06-13 00:00:00,200.505,200.745,200.348,200.618,19278
2024-06-13 04:00:00,200.617,200.816,200.502,200.706,27367
2024-06-13 08:00:00,200.705,201.288,200.703,201.265,35686
2024-06-13 12:00:00,201.265,201.315,200.491,200.749,41116
2024-06-13 16:00:00,200.751,201.029,199.695,199.91,64260
2024-06-13 20:00:00,199.91,200.536,199.807,200.379,28920
2024-06-14 00:00:00,200.237,200.506,200.164,200.447,14134
2024-06-14 04:00:00,200.445,201.459,200.087,201.369,34867
2024-06-14 08:00:00,201.37,201.617,200.227,200.359,65585
2024-06-14 12:00:00,200.358,200.398,199.195,199.559,76845
2024-06-14 16:00:00,199.562,199.735,198.922,199.576,57607
2024-06-14 20:00:00,199.577,199.724,199.43,199.637,22809
2024-06-17 00:00:00,199.522,199.912,199.412,199.719,20261
2024-06-17 04:00:00,199.718,199.798,199.525,199.615,20606
2024-06-17 08:00:00,199.615,199.897,199.062,199.81,41376
2024-06-17 12:00:00,199.812,200.085,199.502,200.006,35869
2024-06-17 16:00:00,200.009,200.356,199.893,200.331,40857
2024-06-17 20:00:00,200.332,200.454,200.274,200.38,20121
2024-06-18 00:00:00,200.282,200.505,200.199,200.415,13529
2024-06-18 04:00:00,200.415,200.44,200.031,200.208,22822
2024-06-18 08:00:00,200.207,200.768,200.145,200.54,41786
2024-06-18 12:00:00,200.537,200.678,200.018,200.311,43996
2024-06-18 16:00:00,200.311,200.847,200.175,200.329,48260
2024-06-18 20:00:00,200.331,200.646,200.319,200.604,24040
2024-06-19 00:00:00,200.473,200.664,200.318,200.57,12464
2024-06-19 04:00:00,200.57,200.66,200.461,200.572,18797
2024-06-19 08:00:00,200.572,200.921,200.418,200.917,31149
2024-06-19 12:00:00,200.915,201.116,200.754,200.823,26936
2024-06-19 16:00:00,200.824,201.076,200.795,200.901,20392
2024-06-19 20:00:00,200.902,201.13,200.807,201.018,5853
2024-06-20 00:00:00,200.887,201.054,200.853,200.945,14226
2024-06-20 04:00:00,200.944,201.115,200.888,201.059,17880
2024-06-20 08:00:00,201.058,201.284,200.838,201.169,35586
2024-06-20 12:00:00,201.169,201.357,200.78,201.006,40632
2024-06-20 16:00:00,201.001,201.39,200.945,201.171,39503
2024-06-20 20:00:00,201.171,201.383,201.089,201.176,24571
2024-06-21 00:00:00,201.139,201.396,201.038,201.366,15387
2024-06-21 04:00:00,201.366,201.376,201.133,201.184,19750
2024-06-21 08:00:00,201.182,201.465,200.439,200.986,37304
2024-06-21 12:00:00,200.989,201.125,200.78,201.025,31854
2024-06-21 16:00:00,201.025,201.652,200.761,201.566,50237
2024-06-21 20:00:00,201.564,202.052,201.532,201.969,20220
2024-06-24 00:00:00,201.816,202.159,201.694,201.989,16984
2024-06-24 04:00:00,201.988,202.012,201.72,202.011,24815
2024-06-24 08:00:00,202.012,202.34,201.941,202.254,35113
2024-06-24 12:00:00,202.253,202.288,201.087,201.876,47969
2024-06-24 16:00:00,201.876,202.702,201.865,202.527,44737
2024-06-24 20:00:00,202.526,202.695,202.335,202.37,27141
2024-06-25 00:00:00,202.316,202.561,202.144,202.209,18735
2024-06-25 04:00:00,202.214,202.513,201.958,202.386,28409
2024-06-25 08:00:00,202.384,202.594,202.219,202.552,32604
2024-06-25 12:00:00,202.553,202.611,202.128,202.459,34743
2024-06-25 16:00:00,202.457,202.579,202.326,202.534,44337
2024-06-25 20:00:00,202.533,202.726,202.441,202.523,23479
2024-06-26 00:00:00,202.416,202.646,202.39,202.6,14613
2024-06-26 04:00:00,202.598,202.88,202.584,202.658,22746
2024-06-26 08:00:00,202.657,202.771,202.497,202.597,32367
2024-06-26 12:00:00,202.596,203.039,202.52,202.768,50670
2024-06-26 16:00:00,202.766,203.149,202.414,202.815,60794
2024-06-26 20:00:00,202.816,203.048,202.756,202.948,26239
2024-06-27 00:00:00,202.89,202.937,202.526,202.706,17608
2024-06-27 04:00:00,202.707,202.754,202.493,202.6,25322
2024-06-27 08:00:00,202.6,202.968,202.551,202.864,34536
2024-06-27 12:00:00,202.863,203.082,202.843,202.988,39340
2024-06-27 16:00:00,202.988,203.39,202.861,203.314,49211
2024-06-27 20:00:00,203.312,203.336,203.059,203.161,22910
2024-06-28 00:00:00,203.146,203.495,203.061,203.474,16869
2024-06-28 04:00:00,203.475,203.591,203.183,203.284,38107
2024-06-28 08:00:00,203.283,203.589,203.205,203.323,40665
2024-06-28 12:00:00,203.322,203.325,202.937,203.05,47446
2024-06-28 16:00:00,203.048,203.451,202.566,203.348,68381
2024-06-28 20:00:00,203.347,203.48,203.144,203.376,28937
2024-07-01 00:00:00,203.368,203.933,203.132,203.702,20702
2024-07-01 04:00:00,203.702,203.878,203.6,203.873,27011
2024-07-01 08:00:00,203.872,204.258,203.799,204.063,42221
2024-07-01 12:00:00,204.062,204.415,203.965,204.36,35204
2024-07-01 16:00:00,204.361,204.74,204.198,204.296,56814
2024-07-01 20:00:00,204.295,204.307,204.072,204.222,24378
2024-07-02 00:00:00,204.059,204.338,204.051,204.183,13010
2024-07-02 04:00:00,204.182,204.35,204.083,204.249,22346
2024-07-02 08:00:00,204.25,204.384,203.876,204.068,37741
2024-07-02 12:00:00,204.068,204.6,204.047,204.549,33433
2024-07-02 16:00:00,204.554,204.835,204.458,204.694,51269
2024-07-02 20:00:00,204.693,204.861,204.649,204.745,18905
2024-07-03 00:00:00,204.59,205.049,204.588,204.998,13778
2024-07-03 04:00:00,204.999,205.195,204.934,205.165,17860
2024-07-03 08:00:00,205.165,205.542,205.083,205.474,34014
2024-07-03 12:00:00,205.472,205.899,205.373,205.821,33977
2024-07-03 16:00:00,205.822,206.169,205.342,206.021,64405
2024-07-03 20:00:00,206.023,206.086,205.69,205.972,19008
2024-07-04 00:00:00,205.832,206.06,205.748,205.848,13419
2024-07-04 04:00:00,205.849,205.895,205.499,205.803,23369
2024-07-04 08:00:00,205.802,205.873,205.609,205.678,33137
2024-07-04 12:00:00,205.68,205.729,205.289,205.437,31813
2024-07-04 16:00:00,205.438,205.723,205.392,205.616,22427
2024-07-04 20:00:00,205.616,205.813,205.585,205.612,11451
2024-07-05 00:00:00,205.737,205.857,205.319,205.599,18782
2024-07-05 04:00:00,205.593,205.674,204.978,205.148,31135
2024-07-05 08:00:00,205.147,205.522,205.077,205.415,31637
2024-07-05 12:00:00,205.415,206.181,205.257,206.054,45648
2024-07-05 16:00:00,206.057,206.447,205.762,205.906,66423
2024-07-05 20:00:00,205.905,206.108,205.887,205.989,20611
2024-07-08 00:00:00,205.632,205.982,205.51,205.662,19230
2024-07-08 04:00:00,205.666,205.796,205.289,205.721,29918
2024-07-08 08:00:00,205.722,206.541,205.621,206.506,41309
2024-07-08 12:00:00,206.503,206.668,206.204,206.299,36524
2024-07-08 16:00:00,206.301,206.514,206.038,206.077,43246
2024-07-08 20:00:00,206.076,206.089,205.89,205.935,18788
2024-07-09 00:00:00,205.84,206.163,205.798,206.074,13383
2024-07-09 04:00:00,206.075,206.302,206.032,206.165,24719
2024-07-09 08:00:00,206.167,206.247,205.863,206.237,32314
2024-07-09 12:00:00,206.236,206.455,206.153,206.346,35270
2024-07-09 16:00:00,206.345,206.585,206.181,206.217,57193
2024-07-09 20:00:00,206.218,206.296,206.162,206.213,21162
2024-07-10 00:00:00,206.201,206.504,206.096,206.442,12798
2024-07-10 04:00:00,206.441,206.62,206.44,206.554,20920
2024-07-10 08:00:00,206.554,206.703,206.458,206.684,31768
2024-07-10 12:00:00,206.685,206.991,206.685,206.79,33170
2024-07-10 16:00:00,206.791,207.791,206.774,207.706,43055
2024-07-10 20:00:00,207.706,207.811,207.601,207.721,21704
2024-07-11 00:00:00,207.664,207.764,207.547,207.692,11430
2024-07-11 04:00:00,207.69,207.956,207.675,207.893,18660
2024-07-11 08:00:00,207.892,208.102,207.833,207.973,31777
2024-07-11 12:00:00,207.973,208.112,204.948,205.171,52669
2024-07-11 16:00:00,205.169,205.268,203.839,204.721,85733
2024-07-11 20:00:00,204.721,205.22,204.682,205.052,35926
2024-07-12 00:00:00,204.956,205.93,203.834,205.36,49781
2024-07-12 04:00:00,205.36,205.674,204.882,205.431,40806
2024-07-12 08:00:00,205.435,206.019,205.184,205.976,46744
2024-07-12 12:00:00,205.978,206.334,205.365,205.899,51530
2024-07-12 16:00:00,205.9,205.939,204.165,205.039,71927
2024-07-12 20:00:00,205.038,205.224,204.883,205.043,20768
2024-07-15 00:00:00,204.976,205.405,204.836,205.012,24498
2024-07-15 04:00:00,205.011,205.127,204.799,204.998,26215
2024-07-15 08:00:00,204.999,205.211,204.783,204.991,41186
2024-07-15 12:00:00,204.99,205.236,204.923,204.99,41654
2024-07-15 16:00:00,204.991,205.294,204.118,204.673,53360
2024-07-15 20:00:00,204.672,205.112,204.629,204.885,32255
2024-07-16 00:00:00,204.912,205.362,204.803,205.32,17446
2024-07-16 04:00:00,205.319,205.776,205.317,205.649,29726
2024-07-16 08:00:00,205.649,205.787,205.212,205.432,43148
2024-07-16 12:00:00,205.431,205.629,205.016,205.538,45508
2024-07-16 16:00:00,205.536,205.606,205.304,205.384,49916
2024-07-16 20:00:00,205.386,205.525,205.31,205.4,29176
2024-07-17 00:00:00,205.253,205.619,205.242,205.544,19786
2024-07-17 04:00:00,205.542,205.694,205.181,205.181,27332
2024-07-17 08:00:00,205.18,205.215,203.392,203.561,71880
2024-07-17 12:00:00,203.56,204.363,203.411,204.039,66173
2024-07-17 16:00:00,204.037,204.098,203.126,203.259,71563
2024-07-17 20:00:00,203.259,203.513,203.02,203.159,37433
2024-07-18 00:00:00,203.08,203.283,202.097,202.515,8536
2024-07-18 04:00:00,202.515,203.589,202.472,203.274,36943
2024-07-18 08:00:00,203.273,203.415,202.677,203.182,63542
2024-07-18 12:00:00,203.183,203.298,202.811,203.068,52487
2024-07-18 16:00:00,203.077,203.87,202.928,203.845,68178
2024-07-18 20:00:00,203.844,203.857,203.558,203.681,36889
2024-07-19 00:00:00,203.686,203.783,203.346,203.508,27286
2024-07-19 04:00:00,203.508,203.833,203.467,203.755,35681
2024-07-19 08:00:00,203.754,204.227,203.069,203.135,64162
2024-07-19 12:00:00,203.136,203.753,202.951,203.716,45870
2024-07-19 16:00:00,203.715,203.73,203.143,203.288,61053
2024-07-19 20:00:00,203.288,203.427,203.154,203.302,25684
2024-07-22 00:00:00,203.302,203.596,203.164,203.53,26646
2024-07-22 04:00:00,203.529,203.613,203.37,203.374,32108
2024-07-22 08:00:00,203.373,203.374,201.889,202.701,68693
2024-07-22 12:00:00,202.702,203.079,202.386,202.536,53521
2024-07-22 16:00:00,202.539,202.933,202.419,202.914,55454
2024-07-22 20:00:00,202.916,203.137,202.891,203.01,25588
2024-07-23 00:00:00,202.979,203.158,202.474,202.533,24764
2024-07-23 04:00:00,202.535,202.847,201.961,202.071,46462
2024-07-23 08:00:00,202.072,202.38,201.327,201.624,61396
2024-07-23 12:00:00,201.623,201.84,201.143,201.372,52988
2024-07-23 16:00:00,201.371,201.694,201.036,201.119,51868
2024-07-23 20:00:00,201.121,201.151,200.74,200.783,29708
2024-07-24 00:00:00,200.72,201.181,200.688,200.969,20933
2024-07-24 04:00:00,200.972,201.03,199.162,199.259,58556
2024-07-24 08:00:00,199.257,199.811,198.968,199.72,60974
2024-07-24 12:00:00,199.72,199.823,198.746,198.856,54230
2024-07-24 16:00:00,198.857,198.991,197.773,198.381,78612
2024-07-24 20:00:00,198.382,198.813,198.354,198.552,34171
2024-07-25 00:00:00,198.504,198.585,197.109,197.625,41019
2024-07-25 04:00:00,197.633,197.756,196.26,196.717,50965
2024-07-25 08:00:00,196.716,197.154,195.931,196.78,75210
2024-07-25 12:00:00,196.783,197.918,195.856,197.64,66068
2024-07-25 16:00:00,197.637,198.809,197.254,198.442,89370
2024-07-25 20:00:00,198.442,198.466,197.63,197.822,49252
2024-07-26 00:00:00,197.791,198.182,197.18,197.895,35387
2024-07-26 04:00:00,197.893,198.102,197.353,197.691,36272
2024-07-26 08:00:00,197.689,198.672,197.458,198.507,58674
2024-07-26 12:00:00,198.508,199.145,198.208,198.427,58782
2024-07-26 16:00:00,198.426,198.43,196.883,197.992,72850
2024-07-26 20:00:00,197.991,198.089,197.701,197.765,30901
2024-07-29 00:00:00,197.586,198.618,197.586,197.984,39161
2024-07-29 04:00:00,197.986,198.126,197.198,197.52,60212
2024-07-29 08:00:00,197.522,197.797,196.835,196.92,64099
2024-07-29 12:00:00,196.913,197.739,196.79,197.565,59333
2024-07-29 16:00:00,197.565,198.052,197.319,197.893,68460
2024-07-29 20:00:00,197.893,198.168,197.875,198.077,34227
2024-07-30 00:00:00,197.893,198.195,197.495,197.892,26634
2024-07-30 04:00:00,197.893,198.593,197.689,198.583,41597
2024-07-30 08:00:00,198.578,199.474,198.555,198.889,56872
2024-07-30 12:00:00,198.889,199.265,198.701,198.772,40699
2024-07-30 16:00:00,198.771,198.773,196.559,196.662,91177
2024-07-30 20:00:00,196.661,196.896,195.922,195.924,50975
2024-07-31 00:00:00,195.94,196.53,195.339,195.655,46891
2024-07-31 04:00:00,195.656,197.61,194.72,195.957,64297
2024-07-31 08:00:00,195.958,196.685,192.509,193.64,94750
2024-07-31 12:00:00,193.64,193.658,192.447,193.145,81123
2024-07-31 16:00:00,193.144,193.46,192.17,193.265,91586
2024-07-31 20:00:00,193.264,193.98,192.4,192.806,84007
2024-08-01 00:00:00,192.721,193.249,191.973,192.086,43217
2024-08-01 04:00:00,192.086,192.513,190.967,192.358,73814
2024-08-01 08:00:00,192.359,192.748,190.989,191.313,93028
2024-08-01 12:00:00,191.309,193.262,191.004,193.259,76253
2024-08-01 16:00:00,193.259,193.261,190.999,191.178,96109
2024-08-01 20:00:00,191.176,191.232,190.153,190.221,57364
2024-08-02 00:00:00,190.212,190.312,189.511,190.076,50601
2024-08-02 04:00:00,190.077,190.515,189.732,189.928,57105
2024-08-02 08:00:00,189.929,190.119,188.993,189.845,78807
2024-08-02 12:00:00,189.846,190.051,187.581,188.754,71876
2024-08-02 16:00:00,188.757,189.895,187.377,187.805,134477
2024-08-02 20:00:00,187.804,188.075,187.501,187.545,52297
2024-08-05 00:00:00,187.5,187.687,185.668,186.027,64773
2024-08-05 04:00:00,186.026,186.221,181.924,183.258,98028
2024-08-05 08:00:00,183.254,184.328,180.095,181.749,128750
2024-08-05 12:00:00,181.749,182.318,180.692,181.4,96345
2024-08-05 16:00:00,181.402,185.186,181.398,184.066,130209
2024-08-05 20:00:00,184.063,184.544,182.927,184.144,64121
2024-08-06 00:00:00,183.934,187.101,183.571,185.689,57864
2024-08-06 04:00:00,185.684,186.523,184.461,185.892,62435
2024-08-06 08:00:00,185.893,186.708,184.023,184.497,106393
2024-08-06 12:00:00,184.49,184.793,183.132,183.324,98805
2024-08-06 16:00:00,183.319,184.788,182.808,184.705,110219
2024-08-06 20:00:00,184.705,184.725,182.963,183.106,64081
2024-08-07 00:00:00,183.01,184.404,182.945,183.844,45925
2024-08-07 04:00:00,183.843,188.085,183.638,187.558,73976
2024-08-07 08:00:00,187.56,187.808,185.379,186.973,97385
2024-08-07 12:00:00,186.97,187.718,186.787,187.015,73540
2024-08-07 16:00:00,187.012,187.887,186.387,187.03,86270
2024-08-07 20:00:00,187.029,187.271,186.103,186.116,68658
2024-08-08 00:00:00,186.037,186.279,184.479,185.161,53283
2024-08-08 04:00:00,185.162,186.379,185.09,185.536,80139
2024-08-08 08:00:00,185.545,185.964,184.809,185.68,95264
2024-08-08 12:00:00,185.681,186.681,184.939,186.396,88815
2024-08-08 16:00:00,186.392,187.657,186.296,187.628,93007
2024-08-08 20:00:00,187.631,187.884,187.411,187.659,50686
2024-08-09 00:00:00,187.564,188.423,187.493,187.912,51546
2024-08-09 04:00:00,187.912,188.221,187.19,187.272,58733
2024-08-09 08:00:00,187.274,188.043,187.04,187.914,74800
2024-08-09 12:00:00,187.913,188.021,186.468,186.966,69154
2024-08-09 16:00:00,186.967,187.389,186.564,187.049,81087
2024-08-09 20:00:00,187.05,187.321,186.927,187.019,41256
2024-08-12 00:00:00,186.922,187.603,186.922,187.348,29463
2024-08-12 04:00:00,187.349,187.822,187.154,187.779,36527
2024-08-12 08:00:00,187.778,188.2,187.72,188.088,56695
2024-08-12 12:00:00,188.088,188.547,187.794,188.543,47797
2024-08-12 16:00:00,188.542,189.333,187.961,187.991,86927
2024-08-12 20:00:00,187.991,188.126,187.724,187.774,48713
2024-08-13 00:00:00,187.861,188.069,187.581,188.005,32297
2024-08-13 04:00:00,188.005,188.838,188.005,188.762,39525
2024-08-13 08:00:00,188.762,189.517,188.637,189.209,55591
2024-08-13 12:00:00,189.211,189.285,188.17,188.783,64221
2024-08-13 16:00:00,188.782,188.913,187.99,188.483,81313
2024-08-13 20:00:00,188.481,189.006,188.47,188.761,57340
2024-08-14 00:00:00,188.626,189.329,188.606,189.211,29410
2024-08-14 04:00:00,189.211,189.31,187.861,188.848,57848
2024-08-14 08:00:00,188.848,189.365,188.418,188.911,59643
2024-08-14 12:00:00,188.912,189.439,188.377,189.144,61239
2024-08-14 16:00:00,189.142,189.435,188.337,188.648,84053
2024-08-14 20:00:00,188.646,189.159,188.615,188.896,39029
2024-08-15 00:00:00,188.871,189.057,188.754,188.855,22848
2024-08-15 04:00:00,188.856,189.345,188.801,189.095,43248
2024-08-15 08:00:00,189.093,189.337,188.887,189.235,46363
2024-08-15 12:00:00,189.234,191.118,189.197,190.928,55521
2024-08-15 16:00:00,190.93,191.697,190.863,191.543,79534
2024-08-15 20:00:00,191.545,192.014,191.434,191.781,31027
2024-08-16 00:00:00,191.829,191.937,191.506,191.847,26341
2024-08-16 04:00:00,191.848,191.932,191.479,191.631,41071
2024-08-16 08:00:00,191.628,192.01,191.572,191.62,46177
2024-08-16 12:00:00,191.619,191.885,190.43,190.473,56691
2024-08-16 16:00:00,190.471,191.335,190.368,191.23,66938
2024-08-16 20:00:00,191.23,191.244,190.978,191.043,29898
2024-08-19 00:00:00,190.838,191.632,190.83,191.355,27355
2024-08-19 04:00:00,191.354,191.442,188.959,189.363,54547
2024-08-19 08:00:00,189.364,189.627,188.236,189.493,79333
2024-08-19 12:00:00,189.496,189.925,189.031,189.363,65894
2024-08-19 16:00:00,189.362,190.384,189.357,190.185,67542
2024-08-19 20:00:00,190.185,190.573,190.167,190.326,34494
2024-08-20 00:00:00,190.319,190.771,189.817,190.046,30318
2024-08-20 04:00:00,190.046,191.002,189.473,190.71,56154
2024-08-20 08:00:00,190.712,191.269,190.168,190.49,65689
2024-08-20 12:00:00,190.491,190.648,190.231,190.414,58048
2024-08-20 16:00:00,190.419,190.508,189.375,189.377,82795
2024-08-20 20:00:00,189.376,189.539,189.226,189.286,36641
2024-08-21 00:00:00,189.288,189.701,188.935,189.591,43421
2024-08-21 04:00:00,189.591,189.862,189.237,189.762,54187
2024-08-21 08:00:00,189.76,190.301,189.522,190.03,63790
2024-08-21 12:00:00,190.029,190.712,189.993,190.165,53658
2024-08-21 16:00:00,190.165,191.502,189.64,190.047,102740
2024-08-21 20:00:00,190.047,190.199,189.453,189.952,47543
2024-08-22 00:00:00,189.786,190.342,189.641,190.211,24388
2024-08-22 04:00:00,190.211,190.562,189.69,189.866,32969
2024-08-22 08:00:00,189.865,191.139,189.724,190.957,47737
2024-08-22 12:00:00,190.958,191.726,190.823,191.572,50671
2024-08-22 16:00:00,191.572,191.941,190.853,191.463,69870
2024-08-22 20:00:00,191.462,191.697,191.272,191.329,33146
2024-08-23 00:00:00,191.397,191.57,191.095,191.309,24391
2024-08-23 04:00:00,191.31,191.368,190.372,191.074,41941
2024-08-23 08:00:00,191.074,191.665,190.649,191.599,44092
2024-08-23 12:00:00,191.597,191.877,191.471,191.5,41398
2024-08-23 16:00:00,191.495,192.032,190.82,191.041,100161
2024-08-23 20:00:00,191.039,191.118,190.271,190.717,45360
2024-08-26 00:00:00,190.514,190.69,189.607,189.913,42677
2024-08-26 04:00:00,189.907,190.246,189.605,190.147,41127
2024-08-26 08:00:00,190.148,190.35,189.499,189.861,46528
2024-08-26 12:00:00,189.859,190.45,189.796,190.01,44038
2024-08-26 16:00:00,190.017,190.79,189.852,190.662,60849
2024-08-26 20:00:00,190.663,190.775,190.463,190.569,27326
2024-08-27 00:00:00,190.533,190.938,190.239,190.927,19904
2024-08-27 04:00:00,190.93,191.189,190.794,190.817,27019
2024-08-27 08:00:00,190.816,191.927,190.807,191.721,46598
2024-08-27 12:00:00,191.719,191.866,190.665,190.782,52251
2024-08-27 16:00:00,190.781,191.25,190.62,190.736,62926
2024-08-27 20:00:00,190.738,191.012,190.707,190.858,28548
2024-08-28 00:00:00,190.725,191.242,190.519,191.09,22232
2024-08-28 04:00:00,191.087,191.43,191.005,191.147,33979
2024-08-28 08:00:00,191.146,191.313,190.863,190.97,47356
2024-08-28 12:00:00,190.969,191.245,190.539,191.157,48976
2024-08-28 16:00:00,191.152,191.45,190.439,190.847,68158
2024-08-28 20:00:00,190.85,190.915,190.354,190.701,38723
2024-08-29 00:00:00,190.568,190.955,190.251,190.75,25180
2024-08-29 04:00:00,190.747,191.157,190.68,191.139,28733
2024-08-29 08:00:00,191.14,191.488,190.311,190.821,56049
2024-08-29 12:00:00,190.826,191.417,190.447,191.35,62337
2024-08-29 16:00:00,191.351,191.543,191.029,191.152,75054
2024-08-29 20:00:00,191.149,191.161,190.537,190.89,49416
2024-08-30 00:00:00,190.79,190.984,190.483,190.573,18042
2024-08-30 04:00:00,190.574,190.756,190.493,190.684,25658
2024-08-30 08:00:00,190.684,191.39,190.641,191.311,36607
2024-08-30 12:00:00,191.309,191.805,191.178,191.584,47479
2024-08-30 16:00:00,191.582,191.844,191.061,191.835,79569
2024-08-30 20:00:00,191.834,192.015,191.633,191.839,34861
2024-09-02 00:00:00,191.608,192.502,191.567,192.006,22548
2024-09-02 04:00:00,192.007,192.155,191.324,191.548,29817
2024-09-02 08:00:00,191.549,192.96,191.546,192.69,42004
2024-09-02 12:00:00,192.69,193.246,192.585,193.172,33342
2024-09-02 16:00:00,193.172,193.486,192.924,192.939,30854
2024-09-02 20:00:00,192.939,193.139,192.939,193.03,4225
2024-09-03 00:00:00,192.924,193.359,192.768,193.272,19039
2024-09-03 04:00:00,193.279,193.312,192.145,192.324,42896
2024-09-03 08:00:00,192.325,192.407,191.071,191.322,61721
2024-09-03 12:00:00,191.322,192.045,191.178,191.558,51525
2024-09-03 16:00:00,191.563,191.62,190.322,190.999,82192
2024-09-03 20:00:00,191.001,191.07,190.719,190.756,27110
2024-09-04 00:00:00,190.724,190.845,189.948,190.241,32864
2024-09-04 04:00:00,190.242,190.851,190.231,190.53,35565
2024-09-04 08:00:00,190.528,190.627,189.701,190.526,55421
2024-09-04 12:00:00,190.526,190.637,189.978,190.386,44190
2024-09-04 16:00:00,190.385,190.54,189.318,189.424,85399
2024-09-04 20:00:00,189.416,189.436,188.915,188.922,44494
2024-09-05 00:00:00,188.789,189.002,188.228,188.904,30580
2024-09-05 04:00:00,188.903,189.267,188.643,188.77,37030
2024-09-05 08:00:00,188.771,189.189,188.064,189.079,54892
2024-09-05 12:00:00,189.078,189.172,188.117,188.343,53494
2024-09-05 16:00:00,188.345,189.778,188.308,188.946,80412
2024-09-05 20:00:00,188.945,189.099,188.55,189.06,44173
2024-09-06 00:00:00,188.934,189.055,188.654,188.686,17950
2024-09-06 04:00:00,188.686,188.912,188.273,188.447,24261
2024-09-06 08:00:00,188.446,188.454,187.253,187.784,62182
2024-09-06 12:00:00,187.782,189.49,187.726,188.889,65080
2024-09-06 16:00:00,188.887,189.392,186.512,186.904,136963
2024-09-06 20:00:00,186.903,187.185,186.687,186.759,59233
2024-09-09 00:00:00,186.759,187.534,186.418,187.363,34621
2024-09-09 04:00:00,187.361,187.814,187.33,187.575,44166
2024-09-09 08:00:00,187.573,187.748,187.172,187.656,57593
2024-09-09 12:00:00,187.657,188.125,187.337,187.393,47161
2024-09-09 16:00:00,187.392,187.448,186.55,187.136,63486
2024-09-09 20:00:00,187.136,187.21,186.728,187.173,38287
2024-09-10 00:00:00,187.117,187.428,186.799,187.415,22753
2024-09-10 04:00:00,187.416,187.552,187.039,187.106,29510
2024-09-10 08:00:00,187.104,188.094,187.033,187.794,46975
2024-09-10 12:00:00,187.794,187.799,186.665,186.73,49875
2024-09-10 16:00:00,186.73,187.043,185.725,186.173,69901
2024-09-10 20:00:00,186.168,186.394,186.0,186.325,42715
2024-09-11 00:00:00,186.142,186.377,185.697,186.005,23178
2024-09-11 04:00:00,186.006,186.203,184.52,184.851,53710
2024-09-11 08:00:00,184.852,185.367,184.47,185.173,62058
2024-09-11 12:00:00,185.173,186.006,185.002,185.86,64215
2024-09-11 16:00:00,185.861,186.155,183.713,185.06,96158
2024-09-11 20:00:00,185.064,185.821,185.018,185.672,55214
2024-09-12 00:00:00,185.572,186.369,185.515,185.976,21675
2024-09-12 04:00:00,185.979,186.376,185.421,186.313,42152
2024-09-12 08:00:00,186.314,186.639,185.853,186.031,57036
2024-09-12 12:00:00,186.032,186.415,185.344,185.511,63261
2024-09-12 16:00:00,185.508,186.731,185.279,186.583,86462
2024-09-12 20:00:00,186.583,186.648,185.918,186.109,72972
2024-09-13 00:00:00,186.059,186.216,185.55,185.609,26529
2024-09-13 04:00:00,185.61,185.674,184.951,185.324,41834
2024-09-13 08:00:00,185.322,185.644,184.566,184.918,59765
2024-09-13 12:00:00,184.918,185.001,184.363,184.889,60796
2024-09-13 16:00:00,184.89,185.169,184.397,184.904,72287
2024-09-13 20:00:00,184.903,185.042,184.708,184.756,43398
2024-09-16 00:00:00,184.66,185.032,184.383,184.669,22872
2024-09-16 04:00:00,184.663,184.77,184.173,184.429,34553
2024-09-16 08:00:00,184.425,184.524,183.76,184.438,51375
2024-09-16 12:00:00,184.439,185.269,184.395,185.09,55345
2024-09-16 16:00:00,185.084,185.916,185.062,185.744,62624
2024-09-16 20:00:00,185.745,186.046,185.65,185.822,35160
2024-09-17 00:00:00,185.762,186.518,185.534,185.703,22361
2024-09-17 04:00:00,185.704,185.824,185.321,185.743,35245
2024-09-17 08:00:00,185.743,186.047,185.283,185.949,44380
2024-09-17 12:00:00,185.949,186.367,185.705,186.229,51969
2024-09-17 16:00:00,186.229,187.174,186.058,186.496,79145
2024-09-17 20:00:00,186.495,187.448,186.446,187.403,54888
2024-09-18 00:00:00,187.226,187.358,186.43,186.536,22465
2024-09-18 04:00:00,186.537,186.654,185.82,185.958,32449
2024-09-18 08:00:00,185.958,187.414,185.892,187.142,47238
2024-09-18 12:00:00,187.143,187.625,187.03,187.602,48076
2024-09-18 16:00:00,187.6,187.983,187.27,187.425,66374
2024-09-18 20:00:00,187.425,188.056,186.687,187.892,191630
2024-09-19 00:00:00,187.567,189.14,187.416,188.995,52189
2024-09-19 04:00:00,188.995,189.415,188.816,189.114,77799
2024-09-19 08:00:00,189.114,189.39,188.166,189.381,87088
2024-09-19 12:00:00,189.382,190.393,189.301,190.335,105619
2024-09-19 16:00:00,190.335,190.385,189.047,189.969,110248
2024-09-19 20:00:00,189.969,190.053,189.262,189.359,63531
2024-09-20 00:00:00,189.16,189.792,189.078,189.078,30704
2024-09-20 04:00:00,189.077,189.669,188.687,189.01,64673
2024-09-20 08:00:00,188.998,191.375,188.923,191.277,100060
2024-09-20 12:00:00,191.277,191.989,191.024,191.37,74816
2024-09-20 16:00:00,191.37,191.82,190.903,191.568,94480
2024-09-20 20:00:00,191.566,191.923,191.407,191.614,45238
2024-09-23 00:00:00,191.614,192.005,191.335,191.857,17707
2024-09-23 04:00:00,191.858,192.301,191.858,192.093,17462
2024-09-23 08:00:00,192.091,192.174,190.127,190.56,53160
2024-09-23 12:00:00,190.56,191.704,190.486,191.607,52825
2024-09-23 16:00:00,191.606,192.434,191.18,191.254,66521
2024-09-23 20:00:00,191.255,191.745,191.15,191.621,26998
2024-09-24 00:00:00,191.44,191.852,191.316,191.561,13539
2024-09-24 04:00:00,191.562,192.25,191.335,192.143,25171
2024-09-24 08:00:00,192.154,193.283,192.154,193.005,57623
2024-09-24 12:00:00,193.001,193.319,192.169,192.718,39655
2024-09-24 16:00:00,192.719,193.013,192.062,192.098,63615
2024-09-24 20:00:00,192.097,192.437,191.964,192.056,27521
2024-09-25 00:00:00,191.984,192.315,191.757,192.159,14377
2024-09-25 04:00:00,192.161,192.528,192.08,192.211,23486
2024-09-25 08:00:00,192.211,192.835,191.963,192.574,38031
2024-09-25 12:00:00,192.574,193.223,192.525,193.162,40975
2024-09-25 16:00:00,193.162,193.262,192.536,192.696,62282
2024-09-25 20:00:00,192.695,192.882,192.474,192.807,33617
2024-09-26 00:00:00,192.613,192.843,192.504,192.566,16019
2024-09-26 04:00:00,192.566,193.411,192.552,193.01,16844
2024-09-26 08:00:00,193.01,193.758,192.932,193.342,41415
2024-09-26 12:00:00,193.338,193.702,192.687,193.328,53222
2024-09-26 16:00:00,193.332,194.356,192.826,194.232,80521
2024-09-26 20:00:00,194.232,194.342,193.877,194.265,51077
2024-09-27 00:00:00,194.122,194.931,193.998,194.894,15443
2024-09-27 04:00:00,194.893,195.172,194.168,195.132,25832
2024-09-27 08:00:00,195.132,195.969,190.995,191.416,96108
2024-09-27 12:00:00,191.416,191.972,191.025,191.317,62049
2024-09-27 16:00:00,191.317,191.817,190.568,190.718,82800
2024-09-27 20:00:00,190.718,190.818,190.0,190.083,51073
2024-09-30 00:00:00,190.083,191.287,190.038,190.952,17130
2024-09-30 04:00:00,190.952,191.176,190.215,190.272,23730
2024-09-30 08:00:00,190.275,191.359,189.558,191.241,49372
2024-09-30 12:00:00,191.241,191.384,190.872,191.353,44828
2024-09-30 16:00:00,191.353,192.166,190.998,191.767,76388
2024-09-30 20:00:00,191.768,192.31,191.562,192.043,60733
2024-10-01 00:00:00,191.912,192.754,191.856,192.549,14194
2024-10-01 04:00:00,192.549,193.157,192.275,193.039,20805
2024-10-01 08:00:00,193.039,193.356,191.573,191.679,52571
2024-10-01 12:00:00,191.678,191.908,191.237,191.83,47172
2024-10-01 16:00:00,191.829,191.977,189.982,190.377,112700
2024-10-01 20:00:00,190.376,191.076,189.852,190.665,60646
2024-10-02 00:00:00,190.595,191.062,190.471,190.941,10675
2024-10-02 04:00:00,190.941,191.554,190.545,190.718,28335
2024-10-02 08:00:00,190.717,191.909,190.411,191.896,49694
2024-10-02 12:00:00,191.897,193.083,191.442,192.957,54317
2024-10-02 16:00:00,192.957,194.022,192.843,193.784,66694
2024-10-02 20:00:00,193.784,194.42,193.681,194.279,35577
2024-10-03 00:00:00,194.067,195.0,193.955,194.931,20318
2024-10-03 04:00:00,194.931,195.175,194.28,194.309,21561
2024-10-03 08:00:00,194.309,194.392,192.227,192.47,56712
2024-10-03 12:00:00,192.469,192.888,192.125,192.473,63971
2024-10-03 16:00:00,192.475,192.847,192.136,192.569,87934
2024-10-03 20:00:00,192.568,192.874,192.371,192.813,40848
2024-10-04 00:00:00,192.629,192.884,192.522,192.557,10545
2024-10-04 04:00:00,192.558,192.581,191.848,191.959,17037
2024-10-04 08:00:00,191.959,192.714,191.731,192.521,35252
2024-10-04 12:00:00,192.522,194.535,192.475,194.427,58154
2024-10-04 16:00:00,194.424,195.365,194.234,195.324,80727
2024-10-04 20:00:00,195.324,195.525,194.911,195.03,48487
2024-10-07 00:00:00,194.927,195.62,194.72,194.761,17885
2024-10-07 04:00:00,194.757,195.16,194.598,194.827,23133
2024-10-07 08:00:00,194.828,194.899,194.058,194.09,50266
2024-10-07 12:00:00,194.091,194.223,193.556,193.786,47028
2024-10-07 16:00:00,193.786,193.978,193.341,193.721,69330
2024-10-07 20:00:00,193.722,193.881,193.494,193.808,25820
2024-10-08 00:00:00,193.667,193.923,193.103,193.659,18650
2024-10-08 04:00:00,193.66,193.919,193.068,193.828,31702
2024-10-08 08:00:00,193.829,193.972,192.883,193.657,49244
2024-10-08 12:00:00,193.657,194.225,193.435,193.942,40878
2024-10-08 16:00:00,193.942,194.37,193.815,193.898,50395
2024-10-08 20:00:00,193.898,194.321,193.845,194.138,25526
2024-10-09 00:00:00,194.049,194.347,193.875,194.175,9925
2024-10-09 04:00:00,194.175,194.369,193.883,194.086,24176
2024-10-09 08:00:00,194.087,194.588,193.586,194.488,40263
2024-10-09 12:00:00,194.488,194.817,194.292,194.806,27725
2024-10-09 16:00:00,194.805,195.247,194.636,195.023,35794
2024-10-09 20:00:00,195.024,195.234,194.883,195.104,20938
2024-10-10 00:00:00,194.975,195.134,194.723,194.996,9885
2024-10-10 04:00:00,194.996,195.499,194.861,195.296,19033
2024-10-10 08:00:00,195.296,195.413,194.829,194.877,35232
2024-10-10 12:00:00,194.877,195.027,193.935,194.307,60044
2024-10-10 16:00:00,194.304,194.453,193.572,194.115,83181
2024-10-10 20:00:00,194.115,194.284,193.862,193.944,32130
2024-10-11 00:00:00,193.765,194.307,193.762,193.943,10153
2024-10-11 04:00:00,193.946,194.293,193.859,194.054,14129
2024-10-11 08:00:00,194.054,194.569,193.907,194.435,27229
2024-10-11 12:00:00,194.435,194.937,194.409,194.744,33357
2024-10-11 16:00:00,194.746,195.232,194.637,194.775,36710
2024-10-11 20:00:00,194.775,194.959,194.694,194.728,13891
2024-10-14 00:00:00,194.647,195.006,194.604,194.744,9972
2024-10-14 04:00:00,194.744,195.076,194.626,194.951,12901
2024-10-14 08:00:00,194.951,195.279,194.862,195.243,20525
2024-10-14 12:00:00,195.241,195.371,195.01,195.165,23733
2024-10-14 16:00:00,195.165,195.706,195.133,195.684,27393
2024-10-14 20:00:00,195.684,195.71,195.441,195.446,13058
2024-10-15 00:00:00,195.437,195.727,195.34,195.431,9590
2024-10-15 04:00:00,195.432,195.6,195.253,195.321,17012
2024-10-15 08:00:00,195.322,195.324,194.66,195.028,38780
2024-10-15 12:00:00,195.03,195.579,194.633,195.118,53882
2024-10-15 16:00:00,195.118,195.524,194.851,195.306,82840
2024-10-15 20:00:00,195.306,195.423,194.924,194.994,53193
2024-10-16 00:00:00,195.014,195.147,194.691,195.021,23236
2024-10-16 04:00:00,195.021,195.166,194.547,195.154,45369
2024-10-16 08:00:00,195.154,195.307,193.694,194.361,68175
2024-10-16 12:00:00,194.361,194.626,194.177,194.502,61796
2024-10-16 16:00:00,194.502,194.785,194.376,194.724,56218
2024-10-16 20:00:00,194.722,194.772,194.285,194.327,37274
2024-10-17 00:00:00,194.107,194.417,194.076,194.224,19505
2024-10-17 04:00:00,194.224,194.296,193.827,194.164,42012
2024-10-17 08:00:00,194.164,194.662,194.041,194.456,44597
2024-10-17 12:00:00,194.454,195.198,194.301,194.905,61716
2024-10-17 16:00:00,194.905,195.513,194.334,195.424,100173
2024-10-17 20:00:00,195.421,195.605,195.322,195.399,39840
2024-10-18 00:00:00,195.286,195.517,195.089,195.264,15983
2024-10-18 04:00:00,195.262,195.406,195.072,195.183,29030
2024-10-18 08:00:00,195.187,196.053,195.027,195.506,55602
2024-10-18 12:00:00,195.505,195.791,195.012,195.559,59465
2024-10-18 16:00:00,195.559,195.788,194.748,194.901,66058
2024-10-18 20:00:00,194.901,195.169,194.871,195.104,53163
2024-10-21 00:00:00,194.929,195.339,194.716,194.843,22795
2024-10-21 04:00:00,194.843,194.88,194.564,194.724,39309
2024-10-21 08:00:00,194.724,195.332,194.563,195.315,49907
2024-10-21 12:00:00,195.316,195.442,195.135,195.337,52058
2024-10-21 16:00:00,195.333,195.545,195.079,195.457,65671
2024-10-21 20:00:00,195.457,195.892,195.441,195.727,41377
2024-10-22 00:00:00,195.657,195.799,195.467,195.521,18252
2024-10-22 04:00:00,195.52,196.4,195.417,196.115,36073
2024-10-22 08:00:00,196.115,196.524,195.956,196.1,58182
2024-10-22 12:00:00,196.099,196.16,195.498,195.515,52350
2024-10-22 16:00:00,195.516,196.157,195.09,196.004,76063
2024-10-22 20:00:00,196.002,196.226,195.846,196.091,44798
2024-10-23 00:00:00,195.894,196.584,195.755,196.545,23268
2024-10-23 04:00:00,196.545,197.564,196.502,197.513,66339
2024-10-23 08:00:00,197.513,197.986,197.388,197.882,89316
2024-10-23 12:00:00,197.881,198.428,197.876,198.249,93435
2024-10-23 16:00:00,198.249,198.362,197.548,197.625,102876
2024-10-23 20:00:00,197.626,197.626,196.875,197.343,64382
2024-10-24 00:00:00,197.188,197.356,197.033,197.303,35417
2024-10-24 04:00:00,197.303,197.402,196.637,196.82,66227
2024-10-24 08:00:00,196.819,197.498,196.691,197.01,103473
2024-10-24 12:00:00,197.009,197.565,196.838,197.275,93284
2024-10-24 16:00:00,197.274,197.662,196.42,196.564,112914
2024-10-24 20:00:00,196.563,197.081,196.562,196.942,55802
2024-10-25 00:00:00,196.883,197.227,196.622,197.12,33543
2024-10-25 04:00:00,197.12,197.192,196.514,196.67,53844
2024-10-25 08:00:00,196.67,197.349,196.372,197.17,79653
2024-10-25 12:00:00,197.17,197.457,197.04,197.376,71653
2024-10-25 16:00:00,197.376,197.791,197.248,197.483,95616
2024-10-25 20:00:00,197.483,197.609,197.129,197.388,66914
2024-10-28 00:00:00,198.468,198.848,197.842,198.773,71341
2024-10-28 04:00:00,198.774,199.361,198.538,198.919,77132
2024-10-28 08:00:00,198.918,199.04,198.473,198.748,71788
2024-10-28 12:00:00,198.752,198.787,197.797,198.214,79349
2024-10-28 16:00:00,198.214,199.012,198.117,198.927,90566
2024-10-28 20:00:00,198.917,199.003,198.695,198.777,48482
2024-10-29 00:00:00,198.708,198.854,198.371,198.509,22567
2024-10-29 04:00:00,198.509,198.62,198.132,198.22,66379
2024-10-29 08:00:00,198.22,199.288,198.029,199.172,77342
2024-10-29 12:00:00,199.171,199.687,199.001,199.529,84744
2024-10-29 16:00:00,199.531,199.676,198.695,199.589,133465
2024-10-29 20:00:00,199.589,199.719,199.356,199.539,55173
2024-10-30 00:00:00,199.436,199.585,199.187,199.423,27685
2024-10-30 04:00:00,199.423,199.581,199.127,199.34,53334
2024-10-30 08:00:00,199.339,199.563,198.923,198.95,73100
2024-10-30 12:00:00,198.95,199.382,198.188,198.565,117272
2024-10-30 16:00:00,198.568,199.811,198.458,198.988,136349
2024-10-30 20:00:00,198.988,199.135,198.76,198.834,61085
2024-10-31 00:00:00,198.711,198.871,198.4,198.8,28043
2024-10-31 04:00:00,198.8,198.898,197.865,198.015,53823
2024-10-31 08:00:00,198.014,198.239,197.173,197.797,99562
2024-10-31 12:00:00,197.794,198.408,197.457,198.169,109106
2024-10-31 16:00:00,198.171,198.62,195.368,196.105,185527
2024-10-31 20:00:00,196.104,196.19,195.55,196.038,90079
2024-11-01 00:00:00,196.001,196.272,195.77,196.052,34669
2024-11-01 04:00:00,196.051,196.788,195.94,196.659,61549
2024-11-01 08:00:00,196.658,197.148,196.295,196.967,84375
2024-11-01 12:00:00,196.968,197.505,196.743,196.929,124645
2024-11-01 16:00:00,196.918,198.383,196.85,198.094,217502
2024-11-01 20:00:00,198.095,198.133,197.531,197.561,94597
2024-11-04 00:00:00,197.426,197.768,196.875,196.943,46455
2024-11-04 04:00:00,196.942,197.355,196.912,197.295,54897
2024-11-04 08:00:00,197.295,197.727,196.781,197.006,94206
2024-11-04 12:00:00,197.006,197.186,196.491,196.916,81625
2024-11-04 16:00:00,196.915,197.486,196.613,196.947,112429
2024-11-04 20:00:00,196.947,197.163,196.864,197.062,73658
2024-11-05 00:00:00,197.011,197.463,196.906,197.272,41022
2024-11-05 04:00:00,197.266,197.708,197.183,197.551,63151
2024-11-05 08:00:00,197.551,197.725,197.318,197.574,77722
2024-11-05 12:00:00,197.574,197.846,197.261,197.406,76439
2024-11-05 16:00:00,197.405,197.88,197.331,197.695,107132
2024-11-05 20:00:00,197.688,197.766,197.094,197.674,92261
2024-11-06 00:00:00,197.534,198.373,197.243,198.298,244768
2024-11-06 04:00:00,198.298,199.066,197.866,198.143,414851
2024-11-06 08:00:00,198.143,198.906,197.851,198.653,293222
2024-11-06 12:00:00,198.654,198.83,198.146,198.476,193712
2024-11-06 16:00:00,198.478,199.525,198.187,199.343,145316
2024-11-06 20:00:00,199.338,199.502,199.001,199.107,82677
2024-11-07 00:00:00,198.909,199.302,198.684,199.141,63543
2024-11-07 04:00:00,199.141,199.563,198.963,199.149,69681
2024-11-07 08:00:00,199.148,199.373,198.658,198.664,111675
2024-11-07 12:00:00,198.662,199.384,198.475,199.127,112009
2024-11-07 16:00:00,199.125,199.232,198.607,198.762,122413
2024-11-07 20:00:00,198.762,198.776,198.182,198.551,121229
2024-11-08 00:00:00,198.437,198.923,198.421,198.614,44894
2024-11-08 04:00:00,198.614,198.638,197.82,198.17,65989
2024-11-08 08:00:00,198.17,198.324,197.286,197.355,101806
2024-11-08 12:00:00,197.354,197.714,197.097,197.671,105655
2024-11-08 16:00:00,197.672,197.825,196.728,196.865,108926
2024-11-08 20:00:00,196.864,197.244,196.864,197.169,57808
2024-11-11 00:00:00,196.886,197.94,196.751,197.94,40096
2024-11-11 04:00:00,197.942,198.427,197.828,198.269,60089
2024-11-11 08:00:00,198.282,198.466,197.831,198.164,88180
2024-11-11 12:00:00,198.165,198.367,197.836,197.841,78538
2024-11-11 16:00:00,197.835,198.103,197.714,197.954,74717
2024-11-11 20:00:00,197.952,197.952,197.651,197.824,41209
2024-11-12 00:00:00,197.665,198.065,197.545,198.022,46976
2024-11-12 04:00:00,198.023,198.023,196.935,197.135,64868
2024-11-12 08:00:00,197.133,197.64,196.869,197.6,95106
2024-11-12 12:00:00,197.601,197.797,197.282,197.742,107274
2024-11-12 16:00:00,197.742,197.827,196.924,197.097,122618
2024-11-12 20:00:00,197.098,197.252,196.971,197.129,65459
2024-11-13 00:00:00,197.029,197.441,196.82,197.125,42648
2024-11-13 04:00:00,197.125,197.452,197.029,197.401,51714
2024-11-13 08:00:00,197.399,197.716,197.292,197.507,73937
2024-11-13 12:00:00,197.506,197.579,196.913,197.058,90312
2024-11-13 16:00:00,197.058,197.61,196.645,197.516,139751
2024-11-13 20:00:00,197.517,197.813,197.448,197.571,66200
2024-11-14 00:00:00,197.467,197.995,197.148,197.85,45226
2024-11-14 04:00:00,197.849,197.989,197.672,197.932,54205
2024-11-14 08:00:00,197.932,197.982,197.428,197.566,79300
2024-11-14 12:00:00,197.566,197.653,197.06,197.478,95487
2024-11-14 16:00:00,197.478,198.237,197.43,197.841,132673
2024-11-14 20:00:00,197.836,198.009,197.688,197.991,127092
2024-11-15 00:00:00,197.828,198.452,197.71,198.266,80170
2024-11-15 04:00:00,198.271,198.423,198.093,198.303,91930
2024-11-15 08:00:00,198.297,198.365,196.453,196.567,148923
2024-11-15 12:00:00,196.567,197.376,196.464,196.488,152556
2024-11-15 16:00:00,196.488,196.824,194.678,194.808,192447
2024-11-15 20:00:00,194.809,194.873,194.288,194.835,82108
2024-11-18 00:00:00,194.772,195.983,194.355,195.337,83609
2024-11-18 04:00:00,195.337,195.72,194.995,195.257,68870
2024-11-18 08:00:00,195.257,195.552,194.998,195.478,98208
2024-11-18 12:00:00,195.478,196.141,195.418,195.558,89453
2024-11-18 16:00:00,195.558,196.151,195.323,195.939,98787
2024-11-18 20:00:00,195.938,196.149,195.902,196.042,54948
2024-11-19 00:00:00,195.902,196.137,195.208,195.373,44142
2024-11-19 04:00:00,195.373,195.823,195.208,195.632,50979
2024-11-19 08:00:00,195.632,196.001,193.553,194.124,129776
2024-11-19 12:00:00,194.123,194.892,193.827,193.909,120282
2024-11-19 16:00:00,193.909,196.11,193.852,196.04,134307
2024-11-19 20:00:00,196.041,196.212,195.877,196.159,49572
2024-11-20 00:00:00,196.022,196.633,195.804,196.402,47119
2024-11-20 04:00:00,196.402,196.842,196.334,196.837,40158
2024-11-20 08:00:00,196.837,197.781,196.725,197.318,83414
2024-11-20 12:00:00,197.319,197.496,197.058,197.363,73563
2024-11-20 16:00:00,197.364,197.381,196.115,196.399,114812
2024-11-20 20:00:00,196.398,196.718,196.33,196.663,56180
2024-11-21 00:00:00,196.568,196.612,196.012,196.206,40706
2024-11-21 04:00:00,196.206,196.422,195.958,196.311,42972
2024-11-21 08:00:00,196.311,196.311,194.532,195.041,120791
2024-11-21 12:00:00,195.041,195.534,194.715,195.071,101192
2024-11-21 16:00:00,195.071,195.298,194.359,194.584,189001
2024-11-21 20:00:00,194.584,194.951,194.473,194.51,81217
2024-11-22 00:00:00,194.461,194.568,193.777,194.376,82602
2024-11-22 04:00:00,194.369,194.488,194.049,194.439,81943
2024-11-22 08:00:00,194.446,194.811,192.89,193.316,187458
2024-11-22 12:00:00,193.316,193.517,192.841,193.156,151383
2024-11-22 16:00:00,193.156,194.108,193.151,193.907,178909
2024-11-22 20:00:00,193.906,194.049,193.708,193.964,76294
2024-11-25 00:00:00,194.142,194.325,193.549,193.656,71811
2024-11-25 04:00:00,193.656,194.387,193.485,194.273,57060
2024-11-25 08:00:00,194.273,194.628,193.957,194.17,113372
2024-11-25 12:00:00,194.172,194.279,193.566,194.114,107903
2024-11-25 16:00:00,194.114,194.165,193.265,193.722,141221
2024-11-25 20:00:00,193.722,193.877,193.637,193.782,60857
2024-11-26 00:00:00,193.762,193.841,192.517,192.967,100298
2024-11-26 04:00:00,192.966,193.266,192.675,192.879,60020
2024-11-26 08:00:00,192.878,193.732,192.769,193.501,115374
2024-11-26 12:00:00,193.502,193.658,192.812,193.033,118764
2024-11-26 16:00:00,193.033,193.291,192.106,192.225,135962
2024-11-26 20:00:00,192.225,192.482,192.034,192.43,70486
2024-11-27 00:00:00,192.282,192.63,191.78,191.817,73509
2024-11-27 04:00:00,191.817,192.05,191.362,191.581,53352
2024-11-27 08:00:00,191.581,191.621,190.726,190.917,115686
2024-11-27 12:00:00,190.917,191.642,190.677,191.614,113558
2024-11-27 16:00:00,191.614,191.877,190.873,191.078,156362
2024-11-27 20:00:00,191.079,191.687,190.982,191.636,55669
2024-11-28 00:00:00,191.414,192.255,191.096,191.891,49309
2024-11-28 04:00:00,191.891,192.142,191.783,191.923,47365
2024-11-28 08:00:00,191.923,192.272,191.59,192.141,92239
2024-11-28 12:00:00,192.141,192.481,191.897,191.946,76947
2024-11-28 16:00:00,191.946,192.257,191.809,192.208,71824
2024-11-28 20:00:00,192.208,192.301,192.131,192.248,10382
2024-11-29 00:00:00,192.106,192.343,190.321,190.458,90853
2024-11-29 04:00:00,190.458,191.109,190.439,190.717,100011
2024-11-29 08:00:00,190.716,190.987,190.527,190.557,140207
2024-11-29 12:00:00,190.553,190.807,190.139,190.227,122748
2024-11-29 16:00:00,190.227,191.257,190.168,190.357,150894
2024-11-29 20:00:00,190.357,190.772,190.284,190.545,93990
2024-12-02 00:00:00,190.385,191.061,190.091,191.035,81927
2024-12-02 04:00:00,191.035,191.29,190.93,191.21,65331
2024-12-02 08:00:00,191.211,191.219,190.264,190.949,115870
2024-12-02 12:00:00,190.966,191.103,190.068,190.364,111251
2024-12-02 16:00:00,190.365,190.416,188.464,189.145,159484
2024-12-02 20:00:00,189.147,189.395,189.024,189.261,68885
2024-12-03 00:00:00,189.188,189.698,189.097,189.539,50031
2024-12-03 04:00:00,189.539,189.932,189.39,189.745,53186
2024-12-03 08:00:00,189.745,190.38,189.641,189.921,97528
2024-12-03 12:00:00,189.921,190.25,188.546,188.591,96174
2024-12-03 16:00:00,188.596,189.423,188.075,189.362,162409
2024-12-03 20:00:00,189.359,189.583,189.05,189.563,61997
2024-12-04 00:00:00,189.541,190.01,189.398,189.918,45086
2024-12-04 04:00:00,189.918,190.496,189.359,190.474,69520
2024-12-04 08:00:00,190.475,191.089,190.062,190.932,118210
2024-12-04 12:00:00,190.932,191.535,190.901,191.419,122722
2024-12-04 16:00:00,191.419,191.48,190.729,190.949,150693
2024-12-04 20:00:00,190.949,191.369,190.673,191.274,69286
2024-12-05 00:00:00,191.143,191.511,190.688,191.139,51167
2024-12-05 04:00:00,191.139,191.143,190.415,190.635,56224
2024-12-05 08:00:00,190.633,191.212,190.335,191.191,94376
2024-12-05 12:00:00,191.19,192.076,190.906,192.037,116455
2024-12-05 16:00:00,192.048,192.219,191.187,191.355,168397
2024-12-05 20:00:00,191.355,191.529,191.154,191.514,70977
2024-12-06 00:00:00,191.285,191.7,191.15,191.223,62145
2024-12-06 04:00:00,191.223,191.304,190.913,191.094,65136
2024-12-06 08:00:00,191.094,192.198,190.911,192.122,109288
2024-12-06 12:00:00,192.108,192.375,191.479,191.485,146949
2024-12-06 16:00:00,191.485,191.574,190.712,190.859,170790
2024-12-06 20:00:00,190.858,191.209,190.846,191.203,55931
2024-12-09 00:00:00,191.025,191.277,190.71,190.966,47260
2024-12-09 04:00:00,190.966,191.115,190.599,190.748,49829
2024-12-09 08:00:00,190.748,192.227,190.745,192.047,104066
2024-12-09 12:00:00,192.046,192.911,192.028,192.785,87531
2024-12-09 16:00:00,192.785,193.412,192.432,193.257,95252
2024-12-09 20:00:00,193.256,193.257,192.643,192.785,41856
2024-12-10 00:00:00,192.661,193.15,192.559,192.886,48267
2024-12-10 04:00:00,192.886,192.888,192.445,192.504,58807
2024-12-10 08:00:00,192.504,193.413,192.469,193.353,87707
2024-12-10 12:00:00,193.352,193.675,193.173,193.406,84834
2024-12-10 16:00:00,193.406,194.006,193.286,193.875,102900
2024-12-10 20:00:00,193.875,194.104,193.8,194.062,51418
2024-12-11 00:00:00,193.927,194.113,193.798,193.84,39233
2024-12-11 04:00:00,193.84,193.879,193.421,193.727,43435
2024-12-11 08:00:00,193.727,194.507,192.515,194.348,111072
2024-12-11 12:00:00,194.348,194.778,193.998,194.488,121016
2024-12-11 16:00:00,194.488,194.545,193.844,194.33,122911
2024-12-11 20:00:00,194.33,194.559,194.239,194.386,59948
2024-12-12 00:00:00,194.24,194.482,194.012,194.036,43948
2024-12-12 04:00:00,194.034,194.773,194.012,194.636,48943
2024-12-12 08:00:00,194.636,194.999,194.461,194.61,86631
2024-12-12 12:00:00,194.61,194.67,193.355,193.513,108726
2024-12-12 16:00:00,193.513,193.976,192.918,193.409,131270
2024-12-12 20:00:00,193.409,193.579,193.231,193.431,48586
2024-12-13 00:00:00,193.325,193.864,193.181,193.501,39771
2024-12-13 04:00:00,193.501,193.783,193.306,193.609,35237
2024-12-13 08:00:00,193.609,193.987,192.844,193.896,91630
2024-12-13 12:00:00,193.896,194.456,193.847,194.149,55228
2024-12-13 16:00:00,194.15,194.295,193.637,193.964,65774
2024-12-13 20:00:00,193.964,194.106,193.845,193.963,34863
2024-12-16 00:00:00,193.648,194.49,193.601,194.467,44265
2024-12-16 04:00:00,194.468,194.571,194.112,194.158,39158
2024-12-16 08:00:00,194.159,194.752,193.8,194.613,75318
2024-12-16 12:00:00,194.613,195.14,194.367,195.058,71151
2024-12-16 16:00:00,195.058,195.887,194.818,195.503,105378
2024-12-16 20:00:00,195.498,195.649,195.375,195.532,39218
2024-12-17 00:00:00,195.325,195.901,195.296,195.535,37167
2024-12-17 04:00:00,195.534,195.593,195.199,195.346,40548
2024-12-17 08:00:00,195.346,195.797,195.008,195.092,83540
2024-12-17 12:00:00,195.094,195.572,194.823,195.319,91700
2024-12-17 16:00:00,195.319,195.345,194.645,194.95,110739
2024-12-17 20:00:00,194.951,195.192,194.826,195.18,48762
2024-12-18 00:00:00,194.802,195.483,194.791,195.23,33198
2024-12-18 04:00:00,195.229,195.317,194.751,194.797,35568
2024-12-18 08:00:00,194.797,195.394,194.694,194.922,69154
2024-12-18 12:00:00,194.922,195.771,194.906,195.248,78161
2024-12-18 16:00:00,195.248,195.607,195.026,195.423,93552
2024-12-18 20:00:00,195.424,195.784,194.063,194.642,154122
2024-12-19 00:00:00,194.476,194.928,194.049,194.7,61000
2024-12-19 04:00:00,194.7,195.716,194.429,195.334,62982
2024-12-19 08:00:00,195.334,198.949,195.108,198.825,146862
2024-12-19 12:00:00,198.823,198.833,197.17,197.572,133167
2024-12-19 16:00:00,197.567,198.102,197.13,197.275,155561
2024-12-19 20:00:00,197.274,197.419,196.606,196.802,67868
2024-12-20 00:00:00,196.676,197.308,196.307,196.441,58533
2024-12-20 04:00:00,196.441,196.484,195.765,196.08,76690
2024-12-20 08:00:00,196.087,196.435,195.739,195.935,130272
2024-12-20 12:00:00,195.935,196.625,195.859,196.486,104725
2024-12-20 16:00:00,196.486,196.785,196.189,196.701,151607
2024-12-20 20:00:00,196.701,196.791,196.467,196.623,61430
2024-12-23 00:00:00,196.396,196.993,196.26,196.817,49992
2024-12-23 04:00:00,196.806,197.076,196.697,197.006,37625
2024-12-23 08:00:00,197.006,197.074,196.57,196.934,70845
2024-12-23 12:00:00,196.934,196.968,196.441,196.896,79025
2024-12-23 16:00:00,196.896,197.039,196.604,196.753,97502
2024-12-23 20:00:00,196.753,197.017,196.727,196.973,50932
2024-12-24 00:00:00,196.748,197.063,196.687,196.818,38552
2024-12-24 04:00:00,196.817,196.992,196.596,196.746,47781
2024-12-24 08:00:00,196.746,196.915,196.623,196.804,58036
2024-12-24 12:00:00,196.804,197.451,196.659,197.421,58998
2024-12-24 16:00:00,197.421,197.628,196.83,196.833,68369
2024-12-24 20:00:00,196.833,197.261,196.454,196.851,19394
2024-12-25 00:00:00,196.892,197.093,196.664,196.84,1451
2024-12-25 04:00:00,196.839,197.203,196.667,197.131,2066
2024-12-25 08:00:00,197.139,197.387,196.912,197.248,616
2024-12-25 16:00:00,197.054,197.315,197.054,197.246,6
2024-12-25 20:00:00,197.243,197.455,197.154,197.374,250
2024-12-26 00:00:00,197.161,197.497,196.929,197.421,30859
2024-12-26 04:00:00,197.421,197.568,197.328,197.39,22474
2024-12-26 08:00:00,197.39,197.487,197.014,197.269,33982
2024-12-26 12:00:00,197.27,197.68,197.226,197.657,33844
2024-12-26 16:00:00,197.657,197.885,197.436,197.786,65831
2024-12-26 20:00:00,197.787,198.007,197.752,197.928,43038
2024-12-27 00:00:00,197.628,197.87,197.482,197.517,42993
2024-12-27 04:00:00,197.517,197.568,197.21,197.513,41672
2024-12-27 08:00:00,197.514,197.828,197.336,197.467,61445
2024-12-27 12:00:00,197.468,198.399,197.364,198.389,70941
2024-12-27 16:00:00,198.389,198.506,198.016,198.229,111223
2024-12-27 20:00:00,198.229,198.719,198.186,198.516,55274
2024-12-30 00:00:00,198.26,198.728,198.064,198.501,28840
2024-12-30 04:00:00,198.501,198.734,198.362,198.602,29103
2024-12-30 08:00:00,198.602,198.959,198.286,198.554,57959
2024-12-30 12:00:00,198.554,198.752,197.647,197.67,73635
2024-12-30 16:00:00,197.67,197.963,196.315,197.127,134026
2024-12-30 20:00:00,197.129,197.289,196.679,196.852,51966
2024-12-31 00:00:00,196.71,197.055,196.323,196.443,36680
2024-12-31 04:00:00,196.444,196.501,195.868,196.088,39795
2024-12-31 08:00:00,196.088,196.747,195.732,196.646,61048
2024-12-31 12:00:00,196.647,196.85,196.373,196.703,85911
2024-12-31 16:00:00,196.703,197.199,196.306,196.99,124425
2024-12-31 20:00:00,196.99,197.129,196.677,196.751,60021
2025-01-01 20:00:00,196.482,196.828,196.472,196.827,245
2025-01-02 00:00:00,196.598,197.528,196.478,197.205,44787
2025-01-02 04:00:00,197.205,197.205,196.744,197.012,29944
2025-01-02 08:00:00,197.012,197.014,195.547,195.71,81269
2025-01-02 12:00:00,195.71,196.048,194.355,194.525,118727
2025-01-02 16:00:00,194.525,195.324,194.187,194.936,160938
2025-01-02 20:00:00,194.938,195.189,194.778,195.032,63061
2025-01-03 00:00:00,194.795,195.025,194.675,194.798,32642
2025-01-03 04:00:00,194.797,195.157,194.742,194.969,36944
2025-01-03 08:00:00,194.969,195.182,194.632,195.07,72432
2025-01-03 12:00:00,195.07,195.256,194.72,194.926,80436
2025-01-03 16:00:00,194.926,195.365,194.831,195.162,108690
2025-01-03 20:00:00,195.162,195.537,195.137,195.42,45933
2025-01-06 00:00:00,195.286,196.071,195.072,195.99,47052
2025-01-06 04:00:00,195.99,196.356,195.958,196.212,40928
2025-01-06 08:00:00,196.212,197.011,196.023,196.786,69581
2025-01-06 12:00:00,196.787,197.415,195.936,196.302,139139
2025-01-06 16:00:00,196.302,197.399,195.816,197.16,133471
2025-01-06 20:00:00,197.16,197.404,196.945,197.364,51777
2025-01-07 00:00:00,197.105,198.213,197.064,198.191,47112
2025-01-07 04:00:00,198.19,198.258,197.869,197.916,42088
2025-01-07 08:00:00,197.917,198.204,197.319,197.966,92067
2025-01-07 12:00:00,197.965,198.164,197.513,197.743,86175
2025-01-07 16:00:00,197.743,197.974,196.988,197.111,155162
2025-01-07 20:00:00,197.108,197.255,196.862,197.247,54514
2025-01-08 00:00:00,197.068,197.443,197.03,197.219,40581
2025-01-08 04:00:00,197.219,197.541,197.183,197.534,34143
2025-01-08 08:00:00,197.534,197.551,196.715,196.899,77263
2025-01-08 12:00:00,196.899,197.101,195.132,195.506,146611
2025-01-08 16:00:00,195.506,195.825,195.118,195.55,122901
2025-01-08 20:00:00,195.549,196.017,195.533,195.772,60390
2025-01-09 00:00:00,195.597,195.817,195.33,195.4,35025
2025-01-09 04:00:00,195.4,195.443,194.582,194.91,42317
2025-01-09 08:00:00,194.91,194.945,193.68,194.121,110225
2025-01-09 12:00:00,194.121,194.298,193.473,193.918,101519
2025-01-09 16:00:00,193.918,194.604,193.903,194.485,81620
2025-01-09 20:00:00,194.485,194.712,194.427,194.628,24704
2025-01-10 00:00:00,194.451,194.737,194.226,194.559,40593
2025-01-10 04:00:00,194.56,194.776,194.418,194.466,41588
2025-01-10 08:00:00,194.466,194.741,193.68,194.278,100336
2025-01-10 12:00:00,194.278,194.695,193.661,193.935,136114
2025-01-10 16:00:00,193.929,193.993,192.202,192.703,218033
2025-01-10 20:00:00,192.704,192.91,192.519,192.559,63780
2025-01-13 00:00:00,192.374,192.763,191.705,191.95,43790
2025-01-13 04:00:00,191.95,192.14,190.825,191.208,51543
2025-01-13 08:00:00,191.196,191.738,190.064,190.191,117946
2025-01-13 12:00:00,190.192,191.111,190.138,190.865,125012
2025-01-13 16:00:00,190.864,191.762,190.632,191.523,127036
2025-01-13 20:00:00,191.523,192.2,191.395,192.187,54619
2025-01-14 00:00:00,191.996,192.915,191.729,192.239,72383
2025-01-14 04:00:00,192.239,192.674,192.043,192.277,51596
2025-01-14 08:00:00,192.28,192.79,192.134,192.329,114348
2025-01-14 12:00:00,192.329,192.541,191.451,191.741,122104
2025-01-14 16:00:00,191.742,192.857,191.651,192.683,151486
2025-01-14 20:00:00,192.681,192.986,192.548,192.94,49540
2025-01-15 00:00:00,192.921,193.006,192.565,192.624,36731
2025-01-15 04:00:00,192.624,192.719,191.84,191.928,47033
2025-01-15 08:00:00,191.928,192.135,191.123,191.658,102954
2025-01-15 12:00:00,191.658,192.398,191.535,192.318,98357
2025-01-15 16:00:00,192.318,192.391,191.095,191.212,133501
2025-01-15 20:00:00,191.212,191.617,191.175,191.554,42918
2025-01-16 00:00:00,191.462,191.541,190.128,190.218,57816
2025-01-16 04:00:00,190.218,190.644,189.817,190.588,59464
2025-01-16 08:00:00,190.588,190.935,189.786,189.889,92363
2025-01-16 12:00:00,189.889,190.544,189.768,190.165,107659
2025-01-16 16:00:00,190.165,190.518,189.868,190.0,198996
2025-01-16 20:00:00,190.0,190.089,189.765,189.862,67510
2025-01-17 00:00:00,189.806,190.21,189.609,189.853,40871
2025-01-17 04:00:00,189.853,190.228,189.841,190.056,44678
2025-01-17 08:00:00,190.056,190.176,189.321,189.909,92749
2025-01-17 12:00:00,189.908,190.181,189.485,189.652,91236
2025-01-17 16:00:00,189.651,190.606,189.412,190.202,152492
2025-01-17 20:00:00,190.202,190.276,189.953,190.137,51051
2025-01-20 00:00:00,190.104,190.459,189.88,190.106,45121
2025-01-20 04:00:00,190.106,190.562,189.974,190.546,40729
2025-01-20 08:00:00,190.546,190.881,190.122,190.309,75079
2025-01-20 12:00:00,190.309,191.661,190.301,191.522,109767
2025-01-20 16:00:00,191.522,191.658,191.146,191.388,154443
2025-01-20 20:00:00,191.388,192.018,191.277,191.754,59774
2025-01-21 00:00:00,191.59,191.895,190.845,190.924,120791
2025-01-21 04:00:00,190.925,191.006,190.464,190.666,81366
2025-01-21 08:00:00,190.671,191.143,190.537,190.945,94865
2025-01-21 12:00:00,190.945,191.1,190.642,190.919,96464
2025-01-21 16:00:00,190.919,191.823,190.827,191.759,126693
2025-01-21 20:00:00,191.759,192.191,191.696,192.11,46732
2025-01-22 00:00:00,191.858,192.286,191.772,191.984,63271
2025-01-22 04:00:00,191.987,192.422,191.945,192.344,41715
2025-01-22 08:00:00,192.343,192.488,191.689,192.463,92311
2025-01-22 12:00:00,192.463,192.755,192.376,192.449,81838
2025-01-22 16:00:00,192.449,193.008,192.251,192.969,102131
2025-01-22 20:00:00,192.973,193.007,192.738,192.782,43812
2025-01-23 00:00:00,192.605,192.755,192.37,192.725,39672
2025-01-23 04:00:00,192.725,193.011,192.538,192.93,44607
2025-01-23 08:00:00,192.931,192.989,192.386,192.597,67961
2025-01-23 12:00:00,192.597,192.889,192.371,192.482,76534
2025-01-23 16:00:00,192.482,192.932,192.264,192.888,127696
2025-01-23 20:00:00,192.888,192.901,192.514,192.758,42602
2025-01-24 00:00:00,192.677,193.124,192.6,193.102,34334
2025-01-24 04:00:00,193.102,193.699,192.058,192.606,96018
2025-01-24 08:00:00,192.608,193.417,192.066,193.33,137421
2025-01-24 12:00:00,193.329,194.262,193.283,194.064,88613
2025-01-24 16:00:00,194.066,194.596,193.929,194.475,112827
2025-01-24 20:00:00,194.475,194.754,194.434,194.673,41927
2025-01-27 00:00:00,194.085,194.357,193.457,193.544,56291
2025-01-27 04:00:00,193.543,194.315,193.452,194.248,50976
2025-01-27 08:00:00,194.248,194.646,192.588,193.028,118028
2025-01-27 12:00:00,193.028,193.146,192.141,192.782,164494
2025-01-27 16:00:00,192.782,193.072,192.152,192.472,147845
2025-01-27 20:00:00,192.472,193.276,192.416,193.136,71489
2025-01-28 00:00:00,192.883,193.761,192.691,193.598,81673
2025-01-28 04:00:00,193.598,193.969,193.48,193.773,63590
2025-01-28 08:00:00,193.773,194.023,193.318,193.503,96025
2025-01-28 12:00:00,193.503,193.57,192.911,193.165,88010
2025-01-28 16:00:00,193.161,193.774,192.754,193.389,114515
2025-01-28 20:00:00,193.39,193.604,193.274,193.471,49150
2025-01-29 00:00:00,193.361,193.75,193.301,193.631,36557
2025-01-29 04:00:00,193.631,193.765,193.025,193.042,44343
2025-01-29 08:00:00,193.044,193.51,192.874,192.946,90701
2025-01-29 12:00:00,192.946,193.118,192.471,192.676,91451
2025-01-29 16:00:00,192.676,193.186,192.5,192.923,124779
2025-01-29 20:00:00,192.923,193.354,192.837,193.292,122848
2025-01-30 00:00:00,192.847,193.303,192.282,192.527,59699
2025-01-30 04:00:00,192.527,192.554,192.108,192.307,58916
2025-01-30 08:00:00,192.307,192.59,191.983,192.165,84921
2025-01-30 12:00:00,192.165,192.272,191.169,191.877,110346
2025-01-30 16:00:00,191.877,192.42,191.742,192.013,148807
2025-01-30 20:00:00,192.015,192.356,191.472,191.598,83119
2025-01-31 00:00:00,191.4,191.831,191.177,191.355,55507
2025-01-31 04:00:00,191.356,192.321,191.215,192.167,50483
2025-01-31 08:00:00,192.167,192.466,191.596,192.176,95703
2025-01-31 12:00:00,192.176,192.552,191.838,192.161,90810
2025-01-31 16:00:00,192.161,193.033,191.594,192.737,160363
2025-01-31 20:00:00,192.737,192.943,192.05,192.28,124278
2025-02-03 00:00:00,190.528,191.669,190.476,191.336,147510
2025-02-03 04:00:00,191.336,191.384,190.592,190.981,111715
2025-02-03 08:00:00,190.981,191.577,190.492,190.514,140900
2025-02-03 12:00:00,190.514,191.331,190.232,191.221,144154
2025-02-03 16:00:00,191.221,192.307,190.01,191.661,262354
2025-02-03 20:00:00,191.661,192.838,191.46,192.719,90505
2025-02-04 00:00:00,192.352,193.155,192.313,192.654,69708
2025-02-04 04:00:00,192.654,192.862,191.768,192.478,73643
2025-02-04 08:00:00,192.478,193.174,192.375,193.001,113388
2025-02-04 12:00:00,193.001,193.13,192.546,192.967,95666
2025-02-04 16:00:00,192.964,193.106,192.463,192.565,147728
2025-02-04 20:00:00,192.565,192.688,192.434,192.614,52707
2025-02-05 00:00:00,192.53,192.782,191.475,191.537,54629
2025-02-05 04:00:00,191.537,191.588,190.981,191.29,61454
2025-02-05 08:00:00,191.289,191.724,191.015,191.302,98119
2025-02-05 12:00:00,191.3,191.82,191.097,191.518,94608
2025-02-05 16:00:00,191.519,191.842,190.267,190.482,125199
2025-02-05 20:00:00,190.481,190.98,190.434,190.796,44915
2025-02-06 00:00:00,190.751,190.968,189.886,190.123,42200
2025-02-06 04:00:00,190.124,190.472,189.954,190.262,47072
2025-02-06 08:00:00,190.26,190.596,189.594,189.645,75735
2025-02-06 12:00:00,189.644,189.738,188.229,188.31,121494
2025-02-06 16:00:00,188.31,189.103,188.267,188.949,119647
2025-02-06 20:00:00,188.949,189.031,188.051,188.356,51281
2025-02-07 00:00:00,188.264,188.477,187.639,188.432,40849
2025-02-07 04:00:00,188.432,188.69,188.317,188.439,43504
2025-02-07 08:00:00,188.441,189.278,188.295,189.156,68801
2025-02-07 12:00:00,189.156,189.574,188.494,188.869,101875
2025-02-07 16:00:00,188.868,189.162,187.034,188.104,196281
2025-02-07 20:00:00,188.104,188.308,187.667,187.775,55697
2025-02-10 00:00:00,187.103,188.463,186.951,188.213,52069
2025-02-10 04:00:00,188.212,188.646,188.164,188.429,38607
2025-02-10 08:00:00,188.43,189.138,188.24,188.847,72657
2025-02-10 12:00:00,188.846,188.99,188.108,188.142,69921
2025-02-10 16:00:00,188.139,188.146,187.607,188.013,79332
2025-02-10 20:00:00,188.013,188.091,187.857,187.964,38538
2025-02-11 00:00:00,187.787,187.993,187.403,187.892,32111
2025-02-11 04:00:00,187.892,187.898,187.561,187.822,38339
2025-02-11 08:00:00,187.822,188.052,187.232,187.875,65929
2025-02-11 12:00:00,187.876,188.931,187.845,188.818,66318
2025-02-11 16:00:00,188.818,189.458,188.749,189.276,90271
2025-02-11 20:00:00,189.276,189.911,189.198,189.801,53741
2025-02-12 00:00:00,189.47,191.082,189.399,191.082,40763
2025-02-12 04:00:00,191.082,191.389,190.969,191.063,48930
2025-02-12 08:00:00,191.063,191.744,190.831,191.068,66780
2025-02-12 12:00:00,191.068,191.389,190.187,191.293,87387
2025-02-12 16:00:00,191.293,192.681,191.045,192.592,138865
2025-02-12 20:00:00,192.591,192.661,192.012,192.117,60488
2025-02-13 00:00:00,191.903,192.464,191.824,192.136,42654
2025-02-13 04:00:00,192.136,192.954,192.063,192.556,51043
2025-02-13 08:00:00,192.563,193.055,192.009,192.316,83203
2025-02-13 12:00:00,192.315,192.536,191.203,191.433,91277
2025-02-13 16:00:00,191.433,192.25,191.158,191.776,116694
2025-02-13 20:00:00,191.776,192.026,191.242,192.001,78461
2025-02-14 00:00:00,191.848,192.352,191.515,191.666,46416
2025-02-14 04:00:00,191.673,192.116,191.465,191.569,32588
2025-02-14 08:00:00,191.569,192.395,191.479,191.954,73284
2025-02-14 12:00:00,191.953,192.505,191.684,191.788,77474
2025-02-14 16:00:00,191.787,192.264,191.617,192.028,87238
2025-02-14 20:00:00,192.027,192.083,191.617,191.732,36524
2025-02-17 00:00:00,191.504,191.769,190.934,191.365,50316
2025-02-17 04:00:00,191.364,191.409,190.695,190.726,59659
2025-02-17 08:00:00,190.727,191.37,190.685,191.14,79589
2025-02-17 12:00:00,191.14,191.206,190.671,190.756,65523
2025-02-17 16:00:00,190.756,191.193,190.621,191.087,49702
2025-02-17 20:00:00,191.087,191.293,191.035,191.281,33528
2025-02-18 00:00:00,191.03,191.375,190.82,191.25,42234
2025-02-18 04:00:00,191.25,191.75,191.205,191.498,52546
2025-02-18 08:00:00,191.498,191.945,191.32,191.405,74877
2025-02-18 12:00:00,191.407,191.441,190.913,191.001,69228
2025-02-18 16:00:00,191.001,191.52,190.907,191.42,79299
2025-02-18 20:00:00,191.421,191.815,191.316,191.774,47308
2025-02-19 00:00:00,191.669,192.173,191.323,191.885,44523
2025-02-19 04:00:00,191.883,192.121,191.397,191.564,48298
2025-02-19 08:00:00,191.564,191.734,191.054,191.152,75815
2025-02-19 12:00:00,191.152,191.296,190.885,190.987,77152
2025-02-19 16:00:00,190.987,191.05,190.439,190.739,89705
2025-02-19 20:00:00,190.739,190.823,190.503,190.671,52002
2025-02-20 00:00:00,190.426,190.591,189.481,189.552,53800
2025-02-20 04:00:00,189.553,189.86,189.155,189.417,57731
2025-02-20 08:00:00,189.416,189.734,188.782,189.597,82512
2025-02-20 12:00:00,189.596,189.598,188.912,189.288,95021
2025-02-20 16:00:00,189.288,189.455,188.666,189.111,120214
2025-02-20 20:00:00,189.111,189.789,189.092,189.545,48430
2025-02-21 00:00:00,189.384,190.397,189.164,190.257,59312
2025-02-21 04:00:00,190.256,190.924,190.152,190.339,57628
2025-02-21 08:00:00,190.338,190.937,189.998,190.348,98388
2025-02-21 12:00:00,190.348,190.404,189.933,190.222,65898
2025-02-21 16:00:00,190.222,190.296,188.622,188.679,117492
2025-02-21 20:00:00,188.679,188.68,188.127,188.608,81395
2025-02-24 00:00:00,188.436,189.243,188.372,189.215,62675
2025-02-24 04:00:00,189.215,189.592,189.061,189.362,52829
2025-02-24 08:00:00,189.362,189.44,188.456,188.994,101600
2025-02-24 12:00:00,188.994,189.507,188.87,189.369,76598
2025-02-24 16:00:00,189.37,189.471,188.209,189.051,140844
2025-02-24 20:00:00,189.05,189.316,188.876,189.031,68556
2025-02-25 00:00:00,188.858,189.663,188.797,189.397,47097
2025-02-25 04:00:00,189.397,189.464,188.82,189.192,45385
2025-02-25 08:00:00,189.191,189.295,188.163,188.835,104165
2025-02-25 12:00:00,188.835,189.745,188.793,189.338,104361
2025-02-25 16:00:00,189.338,189.413,188.149,188.767,152003
2025-02-25 20:00:00,188.77,189.124,188.654,188.743,76607
2025-02-26 00:00:00,188.552,189.038,188.378,188.989,47299
2025-02-26 04:00:00,188.989,189.228,188.804,188.861,57500
2025-02-26 08:00:00,188.865,189.251,188.711,188.991,92342
2025-02-26 12:00:00,188.992,189.356,188.76,189.221,88778
2025-02-26 16:00:00,189.221,189.862,189.001,189.166,151481
2025-02-26 20:00:00,189.165,189.282,188.617,188.998,87898
2025-02-27 00:00:00,188.918,189.212,188.552,189.139,53231
2025-02-27 04:00:00,189.138,189.185,188.609,188.973,60404
2025-02-27 08:00:00,188.974,190.102,188.871,189.974,90751
2025-02-27 12:00:00,189.974,190.103,188.987,189.129,122845
2025-02-27 16:00:00,189.129,189.707,188.844,189.13,190141
2025-02-27 20:00:00,189.129,189.606,188.598,188.729,86713
2025-02-28 00:00:00,188.686,189.14,188.003,188.015,59391
2025-02-28 04:00:00,188.017,188.624,187.665,188.569,62993
2025-02-28 08:00:00,188.569,189.881,188.477,189.235,104850
2025-02-28 12:00:00,189.234,190.226,189.207,189.843,107331
2025-02-28 16:00:00,189.843,190.313,189.074,189.301,186032
2025-02-28 20:00:00,189.301,189.486,188.785,189.4,119506
2025-03-03 00:00:00,189.507,190.314,189.349,189.639,67376
2025-03-03 04:00:00,189.639,189.753,189.283,189.594,54025
2025-03-03 08:00:00,189.594,189.907,188.799,189.827,89752
2025-03-03 12:00:00,189.826,191.977,189.819,191.42,113112
2025-03-03 16:00:00,191.407,191.555,190.532,190.957,149355
2025-03-03 20:00:00,190.956,191.073,189.078,189.841,136695
2025-03-04 00:00:00,189.79,190.111,188.774,189.088,79535
2025-03-04 04:00:00,189.088,189.717,188.951,189.634,81057
2025-03-04 08:00:00,189.631,190.123,189.112,189.638,137350
2025-03-04 12:00:00,189.637,189.649,188.528,188.543,123717
2025-03-04 16:00:00,188.544,189.73,188.236,189.535,214392
2025-03-04 20:00:00,189.536,191.773,189.492,191.68,156506
2025-03-05 00:00:00,191.452,192.085,191.223,191.59,71801
2025-03-05 04:00:00,191.591,191.824,191.159,191.559,78414
2025-03-05 08:00:00,191.558,192.323,191.281,191.725,130002
2025-03-05 12:00:00,191.725,191.997,190.862,191.065,132904
2025-03-05 16:00:00,191.065,191.88,190.803,191.709,220450
2025-03-05 20:00:00,191.709,192.236,191.481,191.909,115925
2025-03-06 00:00:00,191.824,192.548,191.693,192.26,48771
2025-03-06 04:00:00,192.261,192.516,192.121,192.159,62861
2025-03-06 08:00:00,192.159,192.184,190.26,190.395,147424
2025-03-06 12:00:00,190.396,190.697,189.866,190.122,138818
2025-03-06 16:00:00,190.121,191.509,189.912,190.621,225371
2025-03-06 20:00:00,190.626,190.799,190.144,190.618,122337
2025-03-07 00:00:00,190.551,190.884,190.174,190.534,54715
2025-03-07 04:00:00,190.534,190.664,189.971,189.992,62308
2025-03-07 08:00:00,189.992,190.877,189.905,190.75,123701
2025-03-07 12:00:00,190.749,191.025,189.862,189.961,132692
2025-03-07 16:00:00,189.962,191.044,189.642,190.353,225368
2025-03-07 20:00:00,190.353,191.432,190.334,191.276,119459
2025-03-10 00:00:00,190.882,191.043,190.491,190.556,56567
2025-03-10 04:00:00,190.555,190.784,190.279,190.559,71934
2025-03-10 08:00:00,190.559,190.916,189.456,189.531,109447
2025-03-10 12:00:00,189.533,190.25,189.451,190.14,170300
2025-03-10 16:00:00,190.141,190.424,189.291,189.883,233557
2025-03-10 20:00:00,189.884,189.958,189.171,189.6,137830
2025-03-11 00:00:00,189.567,189.636,188.783,189.077,67142
2025-03-11 04:00:00,189.074,189.819,188.779,189.513,117383
2025-03-11 08:00:00,189.516,190.508,189.374,190.449,132420
2025-03-11 12:00:00,190.448,191.473,190.301,191.267,138682
2025-03-11 16:00:00,191.267,191.591,190.306,190.551,265369
2025-03-11 20:00:00,190.552,191.683,190.202,191.35,148671
2025-03-12 00:00:00,191.268,191.756,191.047,191.625,50248
2025-03-12 04:00:00,191.625,191.643,191.232,191.449,71448
2025-03-12 08:00:00,191.449,192.173,191.277,191.978,108398
2025-03-12 12:00:00,191.978,193.107,191.843,193.002,149410
2025-03-12 16:00:00,193.003,193.078,191.817,192.358,205271
2025-03-12 20:00:00,192.358,192.466,192.048,192.206,95777
2025-03-13 00:00:00,192.061,192.346,191.959,192.05,34692
2025-03-13 04:00:00,192.051,192.307,191.541,191.625,59978
2025-03-13 08:00:00,191.625,191.689,191.144,191.512,109486
2025-03-13 12:00:00,191.512,192.087,191.185,191.671,128324
2025-03-13 16:00:00,191.67,191.932,190.985,191.071,187004
2025-03-13 20:00:00,191.07,191.499,190.734,191.47,96178
2025-03-14 00:00:00,191.298,192.127,191.162,191.956,44252
2025-03-14 04:00:00,191.955,192.21,191.729,192.155,69819
2025-03-14 08:00:00,192.156,192.669,192.045,192.54,104546
2025-03-14 12:00:00,192.53,192.75,192.17,192.391,125867
2025-03-14 16:00:00,192.39,192.692,191.444,191.74,158108
2025-03-14 20:00:00,191.739,192.3,191.715,192.258,69890
2025-03-17 00:00:00,192.211,192.505,191.952,192.374,43253
2025-03-17 04:00:00,192.373,192.811,192.139,192.764,60501
2025-03-17 08:00:00,192.771,192.852,192.358,192.729,72806
2025-03-17 12:00:00,192.727,193.193,192.179,193.043,88255
2025-03-17 16:00:00,193.044,193.48,192.751,193.194,116420
2025-03-17 20:00:00,193.193,193.961,193.118,193.783,64055
2025-03-18 00:00:00,193.732,194.097,193.58,194.036,29120
2025-03-18 04:00:00,194.036,194.272,193.935,194.09,45863
2025-03-18 08:00:00,194.088,194.898,194.022,194.622,50721
2025-03-18 12:00:00,194.622,194.796,194.048,194.337,82334
2025-03-18 16:00:00,194.337,194.445,193.791,194.216,144372
2025-03-18 20:00:00,194.216,194.247,193.841,194.117,61633
2025-03-19 00:00:00,194.016,194.496,193.908,194.416,28510
2025-03-19 04:00:00,194.42,194.479,193.929,194.191,37286
2025-03-19 08:00:00,194.192,194.696,193.249,194.12,83787
2025-03-19 12:00:00,194.119,194.51,193.937,194.215,55913
2025-03-19 16:00:00,194.214,194.704,194.108,194.52,79271
2025-03-19 20:00:00,194.522,194.547,193.233,193.253,114659
2025-03-20 00:00:00,193.172,193.582,192.871,192.915,32555
2025-03-20 04:00:00,192.915,193.12,192.749,192.931,41441
2025-03-20 08:00:00,192.932,192.949,192.462,192.681,57202
2025-03-20 12:00:00,192.681,192.76,192.058,192.392,108824
2025-03-20 16:00:00,192.392,193.224,192.159,192.857,116281
2025-03-20 20:00:00,192.857,193.039,192.692,192.89,57170
2025-03-21 00:00:00,192.853,193.199,192.627,193.153,34607
2025-03-21 04:00:00,193.153,193.431,192.998,193.326,49096
2025-03-21 08:00:00,193.327,193.589,192.939,193.421,65360
2025-03-21 12:00:00,193.423,193.442,192.293,192.317,73153
2025-03-21 16:00:00,192.317,192.833,192.0,192.818,116317
2025-03-21 20:00:00,192.818,193.019,192.571,192.828,52210
2025-03-24 00:00:00,192.569,193.715,192.462,193.664,44252
2025-03-24 04:00:00,193.663,193.788,193.355,193.45,54610
2025-03-24 08:00:00,193.451,194.009,193.342,193.792,78414
2025-03-24 12:00:00,193.791,194.024,193.538,193.918,97542
2025-03-24 16:00:00,193.918,194.725,193.574,194.291,134938
2025-03-24 20:00:00,194.29,194.767,194.153,194.719,59700
2025-03-25 00:00:00,194.598,195.007,194.577,194.953,29740
2025-03-25 04:00:00,194.952,194.966,194.536,194.567,50920
2025-03-25 08:00:00,194.568,194.645,194.292,194.493,67054
2025-03-25 12:00:00,194.492,194.659,194.112,194.273,87364
2025-03-25 16:00:00,194.275,194.284,193.615,194.06,115798
2025-03-25 20:00:00,194.06,194.231,193.881,194.027,46814
2025-03-26 00:00:00,193.934,194.287,193.883,194.214,30624
2025-03-26 04:00:00,194.213,194.716,194.063,194.707,44241
2025-03-26 08:00:00,194.716,194.783,193.455,193.746,78618
2025-03-26 12:00:00,193.746,193.988,193.512,193.906,84578
2025-03-26 16:00:00,193.908,194.373,193.682,194.171,127256
2025-03-26 20:00:00,194.171,194.34,193.626,194.073,67509
2025-03-27 00:00:00,193.926,194.043,193.491,193.942,39905
2025-03-27 04:00:00,193.941,194.088,193.535,194.069,46686
2025-03-27 08:00:00,194.07,194.663,193.907,194.64,80987
2025-03-27 12:00:00,194.64,195.598,194.608,195.097,93953
2025-03-27 16:00:00,195.097,195.916,194.81,195.645,143787
2025-03-27 20:00:00,195.647,195.971,195.541,195.603,58511
2025-03-28 00:00:00,195.46,195.72,195.23,195.47,31693
2025-03-28 04:00:00,195.47,195.502,195.111,195.247,44715
2025-03-28 08:00:00,195.248,195.325,194.627,194.88,66574
2025-03-28 12:00:00,194.88,195.187,194.782,194.969,87516
2025-03-28 16:00:00,194.969,195.296,194.167,194.26,157650
2025-03-28 20:00:00,194.261,194.284,193.721,193.959,58077
2025-03-31 00:00:00,193.642,193.756,193.018,193.466,50272
2025-03-31 04:00:00,193.466,193.614,192.716,193.156,66133
2025-03-31 08:00:00,193.157,193.408,192.748,192.935,108306
2025-03-31 12:00:00,192.933,193.617,192.76,193.471,98609
2025-03-31 16:00:00,193.47,193.673,192.899,193.459,159229
2025-03-31 20:00:00,193.457,194.0,193.431,193.754,66798
2025-04-01 00:00:00,193.617,193.936,193.452,193.536,43407
2025-04-01 04:00:00,193.536,193.843,193.372,193.475,50659
2025-04-01 08:00:00,193.476,193.912,192.992,193.415,89736
2025-04-01 12:00:00,193.415,193.677,192.286,192.549,112525
2025-04-01 16:00:00,192.55,193.485,192.198,193.254,164625
2025-04-01 20:00:00,193.254,193.395,192.771,193.38,70388
2025-04-02 00:00:00,193.221,193.788,193.113,193.393,41416
2025-04-02 04:00:00,193.394,193.76,193.347,193.652,42010
2025-04-02 08:00:00,193.651,193.74,193.072,193.359,74223
2025-04-02 12:00:00,193.36,193.65,192.977,193.075,92748
2025-04-02 16:00:00,193.071,194.832,192.985,194.807,143228
2025-04-02 20:00:00,194.805,195.768,193.641,194.188,118655
2025-04-03 00:00:00,193.838,193.91,192.291,192.851,127128
2025-04-03 04:00:00,192.852,193.214,192.307,192.667,103012
2025-04-03 08:00:00,192.667,193.67,192.367,193.218,179052
2025-04-03 12:00:00,193.218,193.314,191.893,191.949,210409
2025-04-03 16:00:00,191.946,192.287,191.102,191.519,271863
2025-04-03 20:00:00,191.52,191.877,191.136,191.295,136246
2025-04-04 00:00:00,191.187,191.629,190.67,191.215,79001
2025-04-04 04:00:00,191.213,191.763,190.369,190.473,98295
2025-04-04 08:00:00,190.473,191.156,189.917,190.07,185763
2025-04-04 12:00:00,190.071,190.261,187.999,189.294,327138
2025-04-04 16:00:00,189.296,189.709,187.523,189.167,359528
2025-04-04 20:00:00,189.168,190.294,188.797,189.266,193438
2025-04-07 00:00:00,186.582,188.299,186.071,188.252,174951
2025-04-07 04:00:00,188.252,188.789,188.027,188.218,164170
2025-04-07 08:00:00,188.22,188.84,187.108,188.17,255287
2025-04-07 12:00:00,188.156,188.944,187.201,188.684,260733
2025-04-07 16:00:00,188.685,190.112,187.528,188.326,323540
2025-04-07 20:00:00,188.33,189.087,187.929,188.047,191582
2025-04-08 00:00:00,187.846,188.549,187.839,188.206,98604
2025-04-08 04:00:00,188.207,188.934,188.05,188.905,147758
2025-04-08 08:00:00,188.905,188.952,187.512,187.985,172604
2025-04-08 12:00:00,187.986,188.038,187.178,187.567,181926
2025-04-08 16:00:00,187.567,188.757,187.108,187.158,253429
2025-04-08 20:00:00,187.163,187.882,186.526,186.738,241962
2025-04-09 00:00:00,186.552,186.879,185.697,186.322,116046
2025-04-09 04:00:00,186.321,187.161,185.785,186.329,210630
2025-04-09 08:00:00,186.329,186.699,185.555,186.33,254887
2025-04-09 12:00:00,186.349,186.681,184.394,184.775,220766
2025-04-09 16:00:00,184.774,185.494,184.373,184.972,211497
2025-04-09 20:00:00,184.971,189.833,184.407,189.456,230713
2025-04-10 00:00:00,189.399,189.463,188.375,188.47,95340
2025-04-10 04:00:00,188.47,188.708,188.197,188.54,110932
2025-04-10 08:00:00,188.541,189.425,188.098,188.273,161857
2025-04-10 12:00:00,188.273,188.369,187.464,187.971,172269
2025-04-10 16:00:00,187.989,188.032,186.336,187.234,244637
2025-04-10 20:00:00,187.234,187.936,186.905,187.548,188117
2025-04-11 00:00:00,187.307,187.498,186.059,186.612,117719
2025-04-11 04:00:00,186.612,187.066,185.999,186.108,145342
2025-04-11 08:00:00,186.107,187.491,186.08,186.662,193433
2025-04-11 12:00:00,186.661,187.321,186.149,187.031,199068
2025-04-11 16:00:00,187.031,187.821,186.627,187.636,226626
2025-04-11 20:00:00,187.634,188.202,187.565,187.707,115183
2025-04-14 00:00:00,188.289,188.404,187.141,187.145,85413
2025-04-14 04:00:00,187.144,187.644,186.559,187.434,116473
2025-04-14 08:00:00,187.434,188.65,187.179,188.225,145608
2025-04-14 12:00:00,188.216,189.002,188.168,188.856,119514
2025-04-14 16:00:00,188.856,189.204,188.125,188.565,210113
2025-04-14 20:00:00,188.565,188.815,188.355,188.638,116527
2025-04-15 00:00:00,188.415,189.127,188.361,189.05,53518
2025-04-15 04:00:00,189.05,189.12,188.689,188.955,70129
2025-04-15 08:00:00,188.956,189.559,188.534,189.059,116489
2025-04-15 12:00:00,189.059,189.35,188.637,188.913,118986
2025-04-15 16:00:00,188.913,189.354,188.769,189.04,159900
2025-04-15 20:00:00,189.041,189.543,189.009,189.523,70738
2025-04-16 00:00:00,189.252,189.437,189.057,189.179,51660
2025-04-16 04:00:00,189.178,189.368,188.82,189.084,62839
2025-04-16 08:00:00,189.086,189.65,188.528,189.42,145365
2025-04-16 12:00:00,189.42,189.584,188.771,189.043,124969
2025-04-16 16:00:00,189.044,189.132,188.503,188.544,158634
2025-04-16 20:00:00,188.54,188.64,187.548,187.761,108118
2025-04-17 00:00:00,187.714,188.387,187.436,188.348,65559
2025-04-17 04:00:00,188.349,188.652,188.212,188.403,70052
2025-04-17 08:00:00,188.403,189.35,188.296,188.848,102524
2025-04-17 12:00:00,188.848,189.085,188.159,188.524,112244
2025-04-17 16:00:00,188.525,189.01,188.06,188.836,171029
2025-04-17 20:00:00,188.836,189.145,188.628,188.954,75251
2025-04-18 00:00:00,188.744,189.17,188.509,189.077,55664
2025-04-18 04:00:00,189.116,189.178,188.715,188.859,275867
2025-04-18 08:00:00,188.859,189.042,188.661,188.926,185987
2025-04-18 12:00:00,188.926,189.075,188.737,188.918,157170
2025-04-18 16:00:00,188.918,189.099,188.694,188.852,116547
2025-04-18 20:00:00,188.846,189.033,188.639,188.892,111977
2025-04-21 00:00:00,188.424,188.831,188.087,188.426,67766
2025-04-21 04:00:00,188.426,188.6,187.98,188.384,72056
2025-04-21 08:00:00,188.383,188.623,188.213,188.579,85445
2025-04-21 12:00:00,188.578,188.843,188.437,188.708,91943
2025-04-21 16:00:00,188.706,188.812,188.348,188.424,126214
2025-04-21 20:00:00,188.423,188.597,188.006,188.495,49533
2025-04-22 00:00:00,188.142,188.776,188.142,188.308,49157
2025-04-22 04:00:00,188.308,188.55,187.791,187.895,68220
2025-04-22 08:00:00,187.896,188.157,187.569,188.113,131048
2025-04-22 12:00:00,188.114,188.181,187.449,187.91,112127
2025-04-22 16:00:00,187.918,188.752,187.881,188.589,144353
2025-04-22 20:00:00,188.586,188.858,188.235,188.751,81528
2025-04-23 00:00:00,188.661,189.963,188.463,189.039,104146
2025-04-23 04:00:00,189.037,189.22,188.611,188.878,80875
2025-04-23 08:00:00,188.878,189.055,188.134,188.774,131069
2025-04-23 12:00:00,188.774,189.129,188.337,188.69,122216
2025-04-23 16:00:00,188.69,189.72,188.662,189.64,249690
2025-04-23 20:00:00,189.64,190.31,189.551,190.163,86782
2025-04-24 00:00:00,189.938,190.118,189.485,189.792,52665
2025-04-24 04:00:00,189.792,189.96,189.387,189.417,55558
2025-04-24 08:00:00,189.418,189.824,189.277,189.724,103654
2025-04-24 12:00:00,189.725,189.839,189.304,189.41,108140
2025-04-24 16:00:00,189.408,190.17,189.37,190.108,136924
2025-04-24 20:00:00,190.109,190.381,190.039,190.248,46545
2025-04-25 00:00:00,190.126,190.514,189.897,190.377,40179
2025-04-25 04:00:00,190.376,191.008,190.036,190.81,72011
2025-04-25 08:00:00,190.811,191.241,190.466,190.773,111303
2025-04-25 12:00:00,190.773,191.126,190.528,191.058,105876
2025-04-25 16:00:00,191.07,191.723,191.052,191.531,138083
2025-04-25 20:00:00,191.535,191.621,191.132,191.349,56376
2025-04-28 00:00:00,190.926,191.368,190.77,190.845,39356
2025-04-28 04:00:00,190.845,191.097,190.645,190.828,44905
2025-04-28 08:00:00,190.829,191.477,190.788,191.314,75247
2025-04-28 12:00:00,191.316,191.554,191.104,191.254,66039
2025-04-28 16:00:00,191.254,191.459,190.867,190.9,101213
2025-04-28 20:00:00,190.901,191.043,190.743,190.89,49110
2025-04-29 00:00:00,190.691,191.171,190.675,190.956,32168
2025-04-29 04:00:00,190.957,191.188,190.882,190.908,45001
2025-04-29 08:00:00,190.907,191.263,190.797,191.207,64686
2025-04-29 12:00:00,191.206,191.347,190.783,190.825,60962
2025-04-29 16:00:00,190.804,190.895,190.317,190.431,106712
2025-04-29 20:00:00,190.432,190.95,190.382,190.864,49125
2025-04-30 00:00:00,190.531,190.975,190.447,190.894,33570
2025-04-30 04:00:00,190.897,190.913,190.612,190.825,39389
2025-04-30 08:00:00,190.826,191.23,190.763,191.02,60156
2025-04-30 12:00:00,191.02,191.262,190.559,190.687,83595
2025-04-30 16:00:00,190.687,190.711,189.926,190.424,128603
2025-04-30 20:00:00,190.422,190.871,190.26,190.65,68487
2025-05-01 00:00:00,190.451,190.668,190.324,190.448,29661
2025-05-01 04:00:00,190.448,191.346,190.353,191.242,44214
2025-05-01 08:00:00,191.242,192.305,191.238,192.153,87447
2025-05-01 12:00:00,192.152,192.787,192.069,192.691,88581
2025-05-01 16:00:00,192.691,193.371,192.386,193.094,137692
2025-05-01 20:00:00,193.092,193.454,192.969,193.024,56538
2025-05-02 00:00:00,193.06,193.748,192.713,193.688,36791
2025-05-02 04:00:00,193.691,193.718,193.161,193.48,51450
2025-05-02 08:00:00,193.48,193.528,192.455,192.46,87047
2025-05-02 12:00:00,192.461,192.595,191.585,192.243,107799
2025-05-02 16:00:00,192.242,192.306,191.461,192.16,132119
2025-05-02 20:00:00,192.158,192.633,192.053,192.19,59401
2025-05-05 00:00:00,191.822,192.308,191.758,191.937,30645
2025-05-05 04:00:00,191.937,191.963,191.539,191.657,43650
2025-05-05 08:00:00,191.657,191.821,191.237,191.326,72674
2025-05-05 12:00:00,191.326,191.696,191.219,191.478,75250
2025-05-05 16:00:00,191.478,191.638,191.027,191.368,102026
2025-05-05 20:00:00,191.37,191.414,191.015,191.051,40640
2025-05-06 00:00:00,190.939,191.121,190.838,191.087,26090
2025-05-06 04:00:00,191.087,191.356,190.917,191.157,47198
2025-05-06 08:00:00,191.156,191.338,190.44,190.565,83269
2025-05-06 12:00:00,190.566,191.193,190.466,190.913,91932
2025-05-06 16:00:00,190.915,191.158,190.552,190.637,111686
2025-05-06 20:00:00,190.639,190.712,190.315,190.379,50792
2025-05-07 00:00:00,190.426,191.269,190.204,190.871,65251
2025-05-07 04:00:00,190.87,191.224,190.703,191.172,62273
2025-05-07 08:00:00,191.172,191.508,190.859,191.086,77770
2025-05-07 12:00:00,191.085,191.622,191.017,191.616,68343
2025-05-07 16:00:00,191.621,191.667,191.222,191.43,95166
2025-05-07 20:00:00,191.429,191.449,190.645,191.158,111183
2025-05-08 00:00:00,190.99,191.371,190.89,191.266,29992
2025-05-08 04:00:00,191.267,191.789,191.097,191.686,60951
2025-05-08 08:00:00,191.686,192.19,191.517,192.103,106764
2025-05-08 12:00:00,192.105,193.101,191.712,192.78,107199
2025-05-08 16:00:00,192.78,193.397,192.601,193.295,145981
2025-05-08 20:00:00,193.295,193.502,193.121,193.284,53210
2025-05-09 00:00:00,193.022,193.364,192.804,192.884,38616
2025-05-09 04:00:00,192.884,192.959,192.516,192.591,56490
2025-05-09 08:00:00,192.591,192.751,192.33,192.645,71926
2025-05-09 12:00:00,192.645,192.974,192.474,192.963,73736
2025-05-09 16:00:00,192.959,193.386,192.74,193.306,95854
2025-05-09 20:00:00,193.303,193.474,193.255,193.317,33542
2025-05-12 00:00:00,193.764,194.075,193.66,193.887,42423
2025-05-12 04:00:00,193.887,194.208,193.626,193.87,49569
2025-05-12 08:00:00,193.869,195.18,193.836,194.955,152788
2025-05-12 12:00:00,194.954,195.513,194.829,195.366,155804
2025-05-12 16:00:00,195.36,195.806,195.155,195.712,150542
2025-05-12 20:00:00,195.713,195.773,195.418,195.636,52512
2025-05-13 00:00:00,195.415,195.59,194.767,194.801,37751
2025-05-13 04:00:00,194.798,195.124,194.776,194.958,54976
2025-05-13 08:00:00,194.958,195.462,194.899,195.397,91429
2025-05-13 12:00:00,195.399,196.054,195.384,195.987,89326
2025-05-13 16:00:00,195.985,196.341,195.447,196.194,138045
2025-05-13 20:00:00,196.193,196.379,196.06,196.208,46650
2025-05-14 00:00:00,196.047,196.407,196.007,196.18,31776
2025-05-14 04:00:00,196.18,196.225,195.429,195.502,60654
2025-05-14 08:00:00,195.503,195.911,195.112,195.189,112353
2025-05-14 12:00:00,195.188,195.23,194.425,194.802,118732
2025-05-14 16:00:00,194.802,195.283,194.223,194.836,151938
2025-05-14 20:00:00,194.849,194.881,194.539,194.613,67746
2025-05-15 00:00:00,194.308,194.613,193.997,194.048,34021
2025-05-15 04:00:00,194.048,194.304,193.847,193.912,52262
2025-05-15 08:00:00,193.912,193.977,193.5,193.669,94244
2025-05-15 12:00:00,193.67,194.24,193.569,193.992,95030
2025-05-15 16:00:00,193.992,194.072,193.416,193.513,134385
2025-05-15 20:00:00,193.513,193.809,193.499,193.776,46252
2025-05-16 00:00:00,193.653,193.841,193.04,193.178,36046
2025-05-16 04:00:00,193.18,193.604,193.016,193.509,47664
2025-05-16 08:00:00,193.509,193.659,193.127,193.316,80541
2025-05-16 12:00:00,193.315,193.577,193.211,193.286,78190
2025-05-16 16:00:00,193.286,193.753,193.197,193.638,113300
2025-05-16 20:00:00,193.639,193.8,193.417,193.443,48185
2025-05-19 00:00:00,192.79,193.368,192.742,192.902,41613
2025-05-19 04:00:00,192.902,193.265,192.764,193.243,49263
2025-05-19 08:00:00,193.243,193.748,192.996,193.673,104816
2025-05-19 12:00:00,193.674,194.071,193.541,193.896,97227
2025-05-19 16:00:00,193.895,194.031,193.551,193.623,117710
2025-05-19 20:00:00,193.616,193.701,193.426,193.58,48817
2025-05-20 00:00:00,193.4,194.214,193.329,194.031,29936
2025-05-20 04:00:00,194.031,194.031,193.415,193.46,54713
2025-05-20 08:00:00,193.462,193.546,192.912,193.216,87129
2025-05-20 12:00:00,193.214,193.375,193.014,193.158,71179
2025-05-20 16:00:00,193.159,193.673,193.145,193.608,101993
2025-05-20 20:00:00,193.608,193.712,193.315,193.534,55225
2025-05-21 00:00:00,193.362,193.56,193.071,193.301,42080
2025-05-21 04:00:00,193.301,193.458,192.958,193.053,74111
2025-05-21 08:00:00,193.053,193.304,192.792,193.08,124547
2025-05-21 12:00:00,193.08,193.2,192.564,192.85,127715
2025-05-21 16:00:00,192.849,193.287,192.784,193.145,133223
2025-05-21 20:00:00,193.146,193.206,192.579,192.806,86908
2025-05-22 00:00:00,192.599,193.58,192.356,192.588,61102
2025-05-22 04:00:00,192.587,192.739,192.274,192.418,70390
2025-05-22 08:00:00,192.417,192.575,191.878,192.025,116244
2025-05-22 12:00:00,192.025,192.742,191.971,192.531,120682
2025-05-22 16:00:00,192.531,193.469,192.521,193.242,157030
2025-05-22 20:00:00,193.241,193.583,193.076,193.193,58305
2025-05-23 00:00:00,193.077,193.371,192.878,193.22,39767
2025-05-23 04:00:00,193.216,193.329,192.803,192.961,54973
2025-05-23 08:00:00,192.961,193.364,192.824,193.266,83122
2025-05-23 12:00:00,193.268,193.561,192.052,192.739,166239
2025-05-23 16:00:00,192.741,192.903,192.289,192.856,165095
2025-05-23 20:00:00,192.859,192.998,192.742,192.951,62483
2025-05-26 00:00:00,192.644,193.531,192.531,193.318,58772
2025-05-26 04:00:00,193.318,193.699,193.244,193.639,67686
2025-05-26 08:00:00,193.638,194.043,193.598,193.827,96303
2025-05-26 12:00:00,193.826,193.932,193.666,193.799,61876
2025-05-26 16:00:00,193.799,193.823,193.547,193.599,46465
2025-05-26 20:00:00,193.599,193.735,193.527,193.729,12697
2025-05-27 00:00:00,193.567,193.738,193.182,193.234,31328
2025-05-27 04:00:00,193.235,193.649,193.048,193.624,49642
2025-05-27 08:00:00,193.624,194.78,193.624,194.727,124242
2025-05-27 12:00:00,194.726,195.459,194.718,195.303,103537
2025-05-27 16:00:00,195.302,195.624,194.892,195.006,121418
2025-05-27 20:00:00,195.005,195.008,194.848,194.97,42347
2025-05-28 00:00:00,194.792,195.019,194.481,194.775,29185
2025-05-28 04:00:00,194.776,195.403,194.465,194.571,77309
2025-05-28 08:00:00,194.571,194.878,194.369,194.571,100932
2025-05-28 12:00:00,194.572,194.889,194.466,194.648,87636
2025-05-28 16:00:00,194.648,195.361,194.635,195.255,129015
2025-05-28 20:00:00,195.253,195.303,194.961,195.133,53389
2025-05-29 00:00:00,194.879,196.193,194.858,196.172,88514
2025-05-29 04:00:00,196.171,196.313,195.714,195.878,74847
2025-05-29 08:00:00,195.876,196.175,195.445,195.524,105557
2025-05-29 12:00:00,195.524,195.667,194.847,195.004,121898
2025-05-29 16:00:00,195.004,195.066,194.281,194.492,140343
2025-05-29 20:00:00,194.488,194.588,194.332,194.54,61596
2025-05-30 00:00:00,194.388,194.522,193.848,194.048,43506
2025-05-30 04:00:00,194.049,194.079,193.614,193.68,61061
2025-05-30 08:00:00,193.68,194.215,193.665,193.957,100061
2025-05-30 12:00:00,193.955,194.182,193.385,193.919,104903
2025-05-30 16:00:00,193.904,194.66,193.623,193.682,154656
2025-05-30 20:00:00,193.682,193.965,193.657,193.841,60151
2025-06-02 00:00:00,193.535,193.805,193.336,193.595,40166
2025-06-02 04:00:00,193.595,193.768,193.48,193.6,55649
2025-06-02 08:00:00,193.6,193.899,193.424,193.57,96097
2025-06-02 12:00:00,193.57,193.605,193.09,193.427,99649
2025-06-02 16:00:00,193.427,193.548,192.995,193.266,145261
2025-06-02 20:00:00,193.268,193.416,193.218,193.291,53173
2025-06-03 00:00:00,193.192,193.427,192.981,193.32,35975
2025-06-03 04:00:00,193.321,193.817,193.25,193.316,59187
2025-06-03 08:00:00,193.318,193.545,192.715,192.959,89242
2025-06-03 12:00:00,192.958,193.672,192.884,193.668,94234
2025-06-03 16:00:00,193.67,194.779,193.574,194.599,136365
2025-06-03 20:00:00,194.597,194.759,194.512,194.683,42707
2025-06-04 00:00:00,194.39,194.806,194.276,194.774,33150
2025-06-04 04:00:00,194.773,195.034,194.515,194.907,58154
2025-06-04 08:00:00,194.907,195.091,194.512,194.825,94016
2025-06-04 12:00:00,194.826,195.226,194.219,194.405,107951
2025-06-04 16:00:00,194.405,194.681,193.462,193.569,135500
2025-06-04 20:00:00,193.568,193.664,193.469,193.496,46872
2025-06-05 00:00:00,193.394,193.574,193.245,193.44,35285
2025-06-05 04:00:00,193.438,193.789,193.384,193.756,60747
2025-06-05 08:00:00,193.755,194.516,193.705,194.38,75417
2025-06-05 12:00:00,194.38,195.025,194.027,194.676,115353
2025-06-05 16:00:00,194.676,195.489,194.407,194.993,186958
2025-06-05 20:00:00,195.004,195.339,194.757,194.929,78370
2025-06-06 00:00:00,194.823,195.192,194.523,195.152,30631
2025-06-06 04:00:00,195.152,195.269,194.985,195.247,45971
2025-06-06 08:00:00,195.247,195.306,194.794,194.994,72550
2025-06-06 12:00:00,194.994,195.777,194.915,195.759,110837
2025-06-06 16:00:00,195.761,196.181,195.673,195.976,170329
2025-06-06 20:00:00,195.976,196.034,195.823,195.926,50115
2025-06-09 00:00:00,195.916,196.121,195.717,196.111,27080
2025-06-09 04:00:00,196.11,196.143,195.656,195.687,50182
2025-06-09 08:00:00,195.686,195.822,195.449,195.654,74139
2025-06-09 12:00:00,195.653,195.993,195.437,195.77,79744
2025-06-09 16:00:00,195.77,195.905,195.679,195.774,95073
2025-06-09 20:00:00,195.774,196.059,195.722,195.94,33274
2025-06-10 00:00:00,195.74,196.047,195.642,195.885,25718
2025-06-10 04:00:00,195.885,196.439,195.836,196.204,61615
2025-06-10 08:00:00,196.204,196.212,194.767,195.082,110011
2025-06-10 12:00:00,195.083,195.384,195.01,195.356,79257
2025-06-10 16:00:00,195.357,195.86,195.337,195.676,102872
2025-06-10 20:00:00,195.681,195.762,195.525,195.609,45711
2025-06-11 00:00:00,195.484,195.921,195.315,195.517,58249
2025-06-11 04:00:00,195.517,195.625,195.28,195.533,57814
2025-06-11 08:00:00,195.534,195.787,195.388,195.755,72276
2025-06-11 12:00:00,195.747,196.24,195.522,195.648,110427
2025-06-11 16:00:00,195.649,196.23,195.554,195.939,125667
2025-06-11 20:00:00,195.939,196.077,195.603,195.866,64878
2025-06-12 00:00:00,195.652,195.842,195.516,195.658,46430
2025-06-12 04:00:00,195.655,195.698,195.344,195.509,63524
2025-06-12 08:00:00,195.508,195.548,194.702,195.056,98312
2025-06-12 12:00:00,195.055,195.281,194.802,195.02,129902
2025-06-12 16:00:00,195.019,195.517,194.877,195.172,141914
2025-06-12 20:00:00,195.173,195.456,195.043,195.391,46376
2025-06-13 00:00:00,195.181,195.431,193.752,194.087,72210
2025-06-13 04:00:00,194.088,194.674,193.779,194.405,116175
2025-06-13 08:00:00,194.404,195.1,194.127,194.97,125448
2025-06-13 12:00:00,194.97,195.432,194.922,195.289,133012
2025-06-13 16:00:00,195.289,195.976,194.99,195.793,132598
2025-06-13 20:00:00,195.788,195.796,195.051,195.547,71734
2025-06-16 00:00:00,195.107,196.071,194.893,195.612,63558
2025-06-16 04:00:00,195.612,195.702,195.405,195.49,57904
2025-06-16 08:00:00,195.49,196.173,195.391,195.881,102270
2025-06-16 12:00:00,195.88,195.999,195.538,195.711,89785
2025-06-16 16:00:00,195.71,196.221,195.57,196.183,131288
2025-06-16 20:00:00,196.183,196.687,196.137,196.559,48916
2025-06-17 00:00:00,196.252,196.851,196.224,196.788,51715
2025-06-17 04:00:00,196.788,196.79,196.043,196.253,72370
2025-06-17 08:00:00,196.24,196.626,195.952,196.311,101353
2025-06-17 12:00:00,196.313,196.485,195.722,196.245,106235
2025-06-17 16:00:00,196.245,196.362,195.503,195.631,131672
2025-06-17 20:00:00,195.63,195.693,194.894,195.011,85290
2025-06-18 00:00:00,194.855,195.353,194.763,195.177,43904
2025-06-18 04:00:00,195.182,195.226,194.836,194.957,56923
2025-06-18 08:00:00,194.956,195.334,194.765,195.006,84658
2025-06-18 12:00:00,194.999,195.24,194.602,194.83,79699
2025-06-18 16:00:00,194.828,195.076,194.52,194.683,116160
2025-06-18 20:00:00,194.682,194.827,194.281,194.772,154757
2025-06-19 00:00:00,194.695,194.815,194.232,194.365,57879
2025-06-19 04:00:00,194.365,194.562,194.02,194.507,92472
2025-06-19 08:00:00,194.508,195.081,194.327,195.059,116204
2025-06-19 12:00:00,195.062,195.95,194.99,195.616,112848
2025-06-19 16:00:00,195.605,195.733,195.188,195.602,88280
2025-06-19 20:00:00,195.603,195.911,195.565,195.882,41328
2025-06-20 00:00:00,195.561,196.038,195.561,195.903,59273
2025-06-20 04:00:00,195.913,196.215,195.787,196.141,79905
2025-06-20 08:00:00,196.142,196.33,195.687,196.055,99245
2025-06-20 12:00:00,196.056,196.6,195.908,196.555,110376
2025-06-20 16:00:00,196.556,196.705,196.231,196.442,151630
2025-06-20 20:00:00,196.443,196.645,196.373,196.475,68857
2025-06-23 00:00:00,196.49,196.745,196.081,196.554,66793
2025-06-23 04:00:00,196.555,197.212,196.505,197.099,74142
2025-06-23 08:00:00,197.099,198.188,197.085,197.995,112271
2025-06-23 12:00:00,197.992,198.091,197.242,197.373,127746
2025-06-23 16:00:00,197.375,197.837,197.287,197.464,167952
2025-06-23 20:00:00,197.466,197.845,197.436,197.644,86679
2025-06-24 00:00:00,197.411,197.693,197.236,197.264,65049
2025-06-24 04:00:00,197.267,197.389,197.01,197.253,63774
2025-06-24 08:00:00,197.254,197.384,196.93,197.322,119959
2025-06-24 12:00:00,197.322,197.575,197.136,197.177,105556
2025-06-24 16:00:00,197.177,197.363,196.954,197.159,140073
2025-06-24 20:00:00,197.159,197.363,197.086,197.262,44082
2025-06-25 00:00:00,197.212,197.488,196.972,197.281,34449
2025-06-25 04:00:00,197.282,197.377,197.032,197.347,57420
2025-06-25 08:00:00,197.347,198.204,197.347,198.155,80769
2025-06-25 12:00:00,198.155,198.407,198.044,198.323,76552
2025-06-25 16:00:00,198.322,198.563,198.243,198.385,97461
2025-06-25 20:00:00,198.385,198.571,198.253,198.495,49343
2025-06-26 00:00:00,198.189,198.482,198.054,198.068,39114
2025-06-26 04:00:00,198.067,198.596,198.008,198.35,62163
2025-06-26 08:00:00,198.349,198.507,197.689,197.881,113188
2025-06-26 12:00:00,197.88,198.114,197.716,197.953,109485
2025-06-26 16:00:00,197.952,198.532,197.92,198.397,141760
2025-06-26 20:00:00,198.397,198.45,198.162,198.242,51775
2025-06-27 00:00:00,198.175,198.805,197.888,198.6,42433
2025-06-27 04:00:00,198.6,198.678,198.125,198.355,61107
2025-06-27 08:00:00,198.355,198.591,198.1,198.477,88348
2025-06-27 12:00:00,198.462,198.645,198.224,198.47,94061
2025-06-27 16:00:00,198.471,198.742,198.185,198.262,123282
2025-06-27 20:00:00,198.267,198.478,197.999,198.451,69273
2025-06-30 00:00:00,197.729,198.461,197.726,198.332,49992
2025-06-30 04:00:00,198.328,198.369,197.565,197.617,77864
2025-06-30 08:00:00,197.617,197.697,197.199,197.416,119775
2025-06-30 12:00:00,197.417,197.873,197.372,197.804,75761
2025-06-30 16:00:00,197.803,198.006,197.436,197.771,128593
2025-06-30 20:00:00,197.772,197.868,197.574,197.721,59397
2025-07-01 00:00:00,197.595,197.799,197.231,197.259,33559
2025-07-01 04:00:00,197.258,197.751,197.175,197.515,51723
2025-07-01 08:00:00,197.511,197.534,196.772,196.984,96143
2025-07-01 12:00:00,196.984,197.029,196.263,196.585,104688
2025-07-01 16:00:00,196.584,197.287,196.332,197.21,146374
2025-07-01 20:00:00,197.21,197.549,197.114,197.15,49495
2025-07-02 00:00:00,197.042,197.468,196.978,197.251,29747
2025-07-02 04:00:00,197.251,197.432,197.186,197.296,47010
2025-07-02 08:00:00,197.295,197.55,197.031,197.184,76835
2025-07-02 12:00:00,197.186,197.524,195.457,195.77,119871
2025-07-02 16:00:00,195.771,195.991,195.345,195.925,140755
2025-07-02 20:00:00,195.925,196.017,195.723,195.86,45166
2025-07-03 00:00:00,195.79,196.232,195.725,195.944,29734
2025-07-03 04:00:00,195.945,196.109,195.821,196.025,41649
2025-07-03 08:00:00,196.026,196.696,195.994,196.592,77543
2025-07-03 12:00:00,196.593,197.435,196.087,197.422,105415
2025-07-03 16:00:00,197.422,198.098,197.378,197.985,146339
2025-07-03 20:00:00,197.986,198.038,197.82,197.872,22548
2025-07-04 00:00:00,197.868,197.901,197.462,197.562,27343
2025-07-04 04:00:00,197.563,197.657,197.274,197.412,41963
2025-07-04 08:00:00,197.414,197.523,197.121,197.221,71421
2025-07-04 12:00:00,197.214,197.249,196.893,196.922,61126
2025-07-04 16:00:00,196.921,197.26,196.916,197.197,55599
2025-07-04 20:00:00,197.197,197.402,196.986,197.225,135334
2025-07-07 00:00:00,197.074,197.442,196.916,196.996,30108
2025-07-07 04:00:00,196.997,197.453,196.771,197.409,48859
2025-07-07 08:00:00,197.409,197.599,197.181,197.33,78499
2025-07-07 12:00:00,197.331,198.307,197.29,198.246,70260
2025-07-07 16:00:00,198.246,199.002,198.215,198.641,98083
2025-07-07 20:00:00,198.64,198.986,198.554,198.613,56134
2025-07-08 00:00:00,198.586,199.234,198.482,199.191,34695
2025-07-08 04:00:00,199.193,199.475,198.883,199.013,53045
2025-07-08 08:00:00,199.012,199.431,198.96,198.982,69504
2025-07-08 12:00:00,198.981,199.123,198.69,199.107,69701
2025-07-08 16:00:00,199.11,199.314,198.659,199.248,115075
2025-07-08 20:00:00,199.25,199.432,199.115,199.215,48577
2025-07-09 00:00:00,199.103,199.549,198.866,199.421,27727
2025-07-09 04:00:00,199.422,199.793,199.324,199.758,46514
2025-07-09 08:00:00,199.759,199.829,199.362,199.491,65225
2025-07-09 12:00:00,199.489,199.516,199.123,199.331,69319
2025-07-09 16:00:00,199.332,199.399,198.754,198.873,81190
2025-07-09 20:00:00,198.874,199.073,198.722,198.865,34079
2025-07-10 00:00:00,198.705,198.83,198.365,198.448,30861
2025-07-10 04:00:00,198.448,199.116,198.38,198.915,40099
2025-07-10 08:00:00,198.915,199.25,198.833,199.112,58206
2025-07-10 12:00:00,199.111,199.187,198.294,198.563,58030
2025-07-10 16:00:00,198.562,198.819,198.46,198.645,91209
2025-07-10 20:00:00,198.645,198.661,198.452,198.609,38561
2025-07-11 00:00:00,198.361,198.798,198.222,198.652,37907
2025-07-11 04:00:00,198.653,199.437,198.624,199.374,62706
2025-07-11 08:00:00,199.373,199.422,198.671,198.944,83079
2025-07-11 12:00:00,198.946,199.235,198.229,198.472,61754
2025-07-11 16:00:00,198.471,199.161,198.423,199.033,73178
2025-07-11 20:00:00,199.033,199.241,198.781,198.91,36094
2025-07-14 00:00:00,198.451,198.989,198.31,198.363,62539
2025-07-14 04:00:00,198.363,198.704,198.253,198.588,63981
2025-07-14 08:00:00,198.589,198.749,198.09,198.509,81604
2025-07-14 12:00:00,198.509,198.791,198.391,198.636,72550
2025-07-14 16:00:00,198.635,198.72,198.242,198.448,104806
2025-07-14 20:00:00,198.448,198.523,198.3,198.389,42576
2025-07-15 00:00:00,198.371,198.533,198.129,198.282,35257
2025-07-15 04:00:00,198.288,198.578,198.194,198.327,38227
2025-07-15 08:00:00,198.328,198.752,198.272,198.56,63218
2025-07-15 12:00:00,198.56,199.08,198.501,198.886,82770
2025-07-15 16:00:00,198.886,199.519,198.83,199.322,137982
2025-07-15 20:00:00,199.322,199.39,199.169,199.197,45665
2025-07-16 00:00:00,199.197,199.578,199.1,199.529,30947
2025-07-16 04:00:00,199.529,199.73,199.275,199.509,50835
2025-07-16 08:00:00,199.509,199.665,199.235,199.296,71034
2025-07-16 12:00:00,199.298,199.396,198.901,199.153,81453
2025-07-16 16:00:00,199.153,199.208,197.927,198.698,195536
2025-07-16 20:00:00,198.699,198.721,198.098,198.462,58760
2025-07-17 00:00:00,198.274,198.861,198.139,198.822,28782
2025-07-17 04:00:00,198.823,199.025,198.676,198.804,34899
2025-07-17 08:00:00,198.805,199.293,198.645,199.237,56593
2025-07-17 12:00:00,199.237,199.539,199.097,199.282,55660
2025-07-17 16:00:00,199.281,199.322,198.969,199.153,68875
2025-07-17 20:00:00,199.152,199.481,199.124,199.351,29554
2025-07-18 00:00:00,199.235,199.595,199.155,199.567,23845
2025-07-18 04:00:00,199.569,199.695,199.375,199.559,30168
2025-07-18 08:00:00,199.559,199.968,199.484,199.653,40976
2025-07-18 12:00:00,199.652,199.905,199.578,199.656,41134
2025-07-18 16:00:00,199.655,199.792,199.454,199.517,55365
2025-07-18 20:00:00,199.517,199.623,199.458,199.558,26223
2025-07-21 00:00:00,198.48,199.419,198.289,198.891,57076
2025-07-21 04:00:00,198.893,199.24,198.893,199.182,43611
2025-07-21 08:00:00,199.183,199.226,198.552,198.937,73338
2025-07-21 12:00:00,198.936,199.081,198.573,198.808,67782
2025-07-21 16:00:00,198.808,198.983,198.509,198.576,87658
2025-07-21 20:00:00,198.577,198.84,198.534,198.816,36304
2025-07-22 00:00:00,198.632,199.121,198.485,198.85,29386
2025-07-22 04:00:00,198.85,199.017,198.742,198.963,42937
2025-07-22 08:00:00,198.957,199.289,198.762,199.122,67094
2025-07-22 12:00:00,199.119,199.121,197.837,197.904,76081
2025-07-22 16:00:00,197.904,198.138,197.419,198.081,113306
2025-07-22 20:00:00,198.082,198.475,198.072,198.461,39733
2025-07-23 00:00:00,198.304,198.674,197.73,198.078,58376
2025-07-23 04:00:00,198.078,199.001,198.001,198.772,81442
2025-07-23 08:00:00,198.772,199.083,198.356,198.773,85291
2025-07-23 12:00:00,198.773,198.798,197.857,198.32,74418
2025-07-23 16:00:00,198.32,198.918,198.239,198.766,102271
2025-07-23 20:00:00,198.765,199.026,198.651,198.975,47926
2025-07-24 00:00:00,198.774,199.005,198.577,198.759,37107
2025-07-24 04:00:00,198.759,198.766,198.121,198.273,61404
2025-07-24 08:00:00,198.274,198.626,198.196,198.474,81744
2025-07-24 12:00:00,198.475,198.709,198.34,198.681,79316
2025-07-24 16:00:00,198.682,198.849,198.273,198.47,119311
2025-07-24 20:00:00,198.472,198.599,198.385,198.531,45110
2025-07-25 00:00:00,198.485,198.969,198.409,198.835,35910
2025-07-25 04:00:00,198.839,199.052,198.46,198.494,51830
2025-07-25 08:00:00,198.494,199.072,198.119,198.911,90722
2025-07-25 12:00:00,198.91,199.079,198.521,198.603,75599
2025-07-25 16:00:00,198.603,198.624,198.189,198.298,114681
2025-07-25 20:00:00,198.298,198.388,198.203,198.3,29779
2025-07-28 00:00:00,198.308,198.733,198.25,198.436,45712
2025-07-28 04:00:00,198.435,198.823,198.403,198.501,56635
2025-07-28 08:00:00,198.501,199.012,198.404,198.989,84749
2025-07-28 12:00:00,198.988,199.211,198.8,198.944,89079
2025-07-28 16:00:00,198.944,199.008,198.609,198.649,96388
2025-07-28 20:00:00,198.65,198.672,198.305,198.374,35097
2025-07-29 00:00:00,198.267,198.519,198.164,198.411,28320
2025-07-29 04:00:00,198.412,198.456,197.875,198.026,49246
2025-07-29 08:00:00,198.025,198.211,197.719,198.187,88396
2025-07-29 12:00:00,198.186,198.46,197.974,197.993,84441
2025-07-29 16:00:00,197.995,198.255,197.747,198.145,105745
2025-07-29 20:00:00,198.146,198.372,198.012,198.186,45521
2025-07-30 00:00:00,198.077,198.31,197.843,197.887,28731
2025-07-30 04:00:00,197.887,197.96,197.581,197.788,52800
2025-07-30 08:00:00,197.788,197.901,197.431,197.774,72368
2025-07-30 12:00:00,197.775,198.421,197.753,198.107,93383
2025-07-30 16:00:00,198.106,198.195,197.774,197.796,71324
2025-07-30 20:00:00,197.797,198.011,197.575,197.935,83750
2025-07-31 00:00:00,197.727,197.988,197.596,197.834,27504
2025-07-31 04:00:00,197.845,197.846,196.948,197.538,48471
2025-07-31 08:00:00,197.538,198.369,197.289,198.236,96998
2025-07-31 12:00:00,198.238,198.583,198.093,198.496,102130
2025-07-31 16:00:00,198.496,199.512,198.359,199.247,128577
2025-07-31 20:00:00,199.247,199.371,198.824,199.126,61308
2025-08-01 00:00:00,198.86,199.242,198.845,199.121,41579
2025-08-01 04:00:00,199.121,199.302,198.714,198.778,59385
2025-08-01 08:00:00,198.776,198.979,198.17,198.173,74989
2025-08-01 12:00:00,198.172,198.209,197.419,197.444,115534
2025-08-01 16:00:00,197.445,197.459,195.778,195.797,191474
2025-08-01 20:00:00,195.797,195.864,195.313,195.782,62903
2025-08-04 00:00:00,195.472,195.875,195.295,195.803,67937
2025-08-04 04:00:00,195.803,196.353,195.787,196.086,78047
2025-08-04 08:00:00,196.094,196.522,195.989,196.368,83582
2025-08-04 12:00:00,196.367,196.524,195.64,195.728,84801
2025-08-04 16:00:00,195.728,196.093,195.326,195.334,111510
2025-08-04 20:00:00,195.332,195.434,195.02,195.403,43850
2025-08-05 00:00:00,195.346,195.446,195.022,195.393,37256
2025-08-05 04:00:00,195.392,195.551,195.277,195.399,50739
2025-08-05 08:00:00,195.402,195.972,195.249,195.967,64881
2025-08-05 12:00:00,195.969,196.357,195.893,196.123,65046
2025-08-05 16:00:00,196.122,196.411,195.693,196.361,102857
2025-08-05 20:00:00,196.362,196.451,196.118,196.235,38096
2025-08-06 00:00:00,196.16,196.352,196.034,196.285,25286
2025-08-06 04:00:00,196.284,196.468,196.085,196.129,34410
2025-08-06 08:00:00,196.13,196.393,196.087,196.316,47065
2025-08-06 12:00:00,196.314,196.647,196.303,196.341,62774
2025-08-06 16:00:00,196.34,196.903,196.156,196.652,84676
2025-08-06 20:00:00,196.652,197.084,196.443,196.817,41139
2025-08-07 00:00:00,196.718,197.007,196.551,196.991,27394
2025-08-07 04:00:00,196.993,197.181,196.85,196.915,35932
2025-08-07 08:00:00,196.915,196.946,196.236,196.69,62816
2025-08-07 12:00:00,196.69,197.923,196.683,197.661,87094
2025-08-07 16:00:00,197.664,198.016,197.452,197.895,95594
2025-08-07 20:00:00,197.894,198.015,197.429,197.813,47590
2025-08-08 00:00:00,197.59,197.921,197.367,197.884,33344
2025-08-08 04:00:00,197.884,198.001,197.678,197.709,31443
2025-08-08 08:00:00,197.711,198.398,197.671,198.353,57879
2025-08-08 12:00:00,198.354,198.818,198.266,198.443,63507
2025-08-08 16:00:00,198.443,198.741,198.376,198.655,73780
2025-08-08 20:00:00,198.655,198.81,198.566,198.665,39332
2025-08-11 00:00:00,198.338,198.685,198.248,198.492,22393
2025-08-11 04:00:00,198.492,198.609,198.451,198.601,23908
2025-08-11 08:00:00,198.602,198.801,198.174,198.6,33490
2025-08-11 12:00:00,198.597,198.777,198.353,198.395,42325
2025-08-11 16:00:00,198.394,198.671,198.338,198.666,47096
2025-08-11 20:00:00,198.667,199.067,198.637,199.006,28761
2025-08-12 00:00:00,198.79,199.344,198.694,199.298,20333
2025-08-12 04:00:00,199.297,199.391,199.134,199.344,27226
2025-08-12 08:00:00,199.344,199.979,198.984,199.903,45926
2025-08-12 12:00:00,199.903,199.95,199.447,199.619,56034
2025-08-12 16:00:00,199.614,200.079,199.506,199.638,101604
2025-08-12 20:00:00,199.638,199.668,199.299,199.542,39013
2025-08-13 00:00:00,199.419,199.652,199.356,199.564,24596
2025-08-13 04:00:00,199.563,199.975,199.493,199.772,30426
2025-08-13 08:00:00,199.772,199.894,199.538,199.644,44792
2025-08-13 12:00:00,199.643,200.277,199.603,199.889,43319
2025-08-13 16:00:00,199.89,199.999,199.538,199.986,53921
2025-08-13 20:00:00,199.986,200.16,199.94,200.133,24735
2025-08-14 00:00:00,199.918,200.043,199.185,199.29,24346
2025-08-14 04:00:00,199.286,199.304,198.663,198.712,44115
2025-08-14 08:00:00,198.712,199.042,198.586,198.883,56614
2025-08-14 12:00:00,198.884,199.377,198.813,199.151,60454
2025-08-14 16:00:00,199.152,200.117,199.148,199.925,75230
2025-08-14 20:00:00,199.926,200.158,199.883,199.885,32124
2025-08-15 00:00:00,199.805,200.076,199.561,199.598,20511
2025-08-15 04:00:00,199.598,199.672,199.274,199.336,28547
2025-08-15 08:00:00,199.336,199.502,198.928,198.935,38397
2025-08-15 12:00:00,198.934,199.508,198.901,199.193,49166
2025-08-15 16:00:00,199.193,199.609,199.098,199.559,70013
2025-08-15 20:00:00,199.56,199.687,199.446,199.509,28759
2025-08-18 00:00:00,199.392,199.876,199.289,199.796,34202
2025-08-18 04:00:00,199.797,199.998,199.732,199.883,40586
2025-08-18 08:00:00,199.876,199.962,199.371,199.584,68691
2025-08-18 12:00:00,199.583,200.108,199.476,200.065,66485
2025-08-18 16:00:00,200.065,200.264,199.604,199.646,72667
2025-08-18 20:00:00,199.646,199.779,199.545,199.664,40396
2025-08-19 00:00:00,199.678,199.863,199.369,199.533,20186
2025-08-19 04:00:00,199.532,199.77,199.262,199.548,32010
2025-08-19 08:00:00,199.549,199.781,199.239,199.635,39828
2025-08-19 12:00:00,199.633,199.858,199.564,199.644,37606
2025-08-19 16:00:00,199.644,199.686,199.076,199.134,60726
2025-08-19 20:00:00,199.132,199.239,198.807,199.23,29134
2025-08-20 00:00:00,198.929,199.265,198.823,198.924,22891
2025-08-20 04:00:00,198.925,199.025,198.615,198.851,35948
2025-08-20 08:00:00,198.852,199.445,198.579,199.233,66868
2025-08-20 12:00:00,199.231,199.259,198.608,198.659,54956
2025-08-20 16:00:00,198.657,198.773,197.845,198.029,82948
2025-08-20 20:00:00,198.028,198.373,197.917,198.26,27453
2025-08-21 00:00:00,198.065,198.443,198.015,198.304,25446
2025-08-21 04:00:00,198.305,198.446,198.117,198.233,30163
2025-08-21 08:00:00,198.231,198.865,198.178,198.701,55433
2025-08-21 12:00:00,198.7,199.225,198.604,198.641,82425
2025-08-21 16:00:00,198.643,199.071,198.368,198.96,119807
2025-08-21 20:00:00,198.961,199.105,198.827,198.996,35181
2025-08-22 00:00:00,198.718,199.261,198.693,199.219,24103
2025-08-22 04:00:00,199.219,199.328,199.079,199.196,37135
2025-08-22 08:00:00,199.195,199.383,198.842,199.338,56612
2025-08-22 12:00:00,199.339,199.531,199.288,199.438,60218
2025-08-22 16:00:00,199.438,199.516,198.311,198.39,172375
2025-08-22 20:00:00,198.387,198.768,198.373,198.737,48188
2025-08-25 00:00:00,198.428,199.143,198.316,198.936,43366
2025-08-25 04:00:00,198.936,199.093,198.754,198.932,47233
2025-08-25 08:00:00,198.931,199.113,198.811,198.881,58351
2025-08-25 12:00:00,198.88,199.19,198.735,199.026,56430
2025-08-25 16:00:00,199.028,199.293,198.927,198.997,107722
2025-08-25 20:00:00,198.986,199.028,198.712,198.719,72778
2025-08-26 00:00:00,198.709,198.982,198.265,198.317,65245
2025-08-26 04:00:00,198.318,198.887,198.3,198.836,79955
2025-08-26 08:00:00,198.837,198.985,198.545,198.675,111444
2025-08-26 12:00:00,198.676,199.013,198.616,198.856,81947
2025-08-26 16:00:00,198.858,199.056,198.363,198.518,95149
2025-08-26 20:00:00,198.517,198.753,198.481,198.685,37306
2025-08-27 00:00:00,198.429,198.88,198.361,198.809,29341
2025-08-27 04:00:00,198.809,199.025,198.735,198.957,37492
2025-08-27 08:00:00,198.957,198.997,198.657,198.868,63841
2025-08-27 12:00:00,198.872,199.062,198.77,199.025,72774
2025-08-27 16:00:00,199.026,199.189,198.839,198.873,96888
2025-08-27 20:00:00,198.874,199.095,198.799,199.004,42738
2025-08-28 00:00:00,198.748,199.11,198.668,198.91,28406
2025-08-28 04:00:00,198.91,199.138,198.666,198.717,38637
2025-08-28 08:00:00,198.712,198.971,198.54,198.673,64496
2025-08-28 12:00:00,198.663,198.805,198.449,198.622,81780
2025-08-28 16:00:00,198.622,198.814,198.496,198.555,99503
2025-08-28 20:00:00,198.554,198.581,198.385,198.551,38954
2025-08-29 00:00:00,198.33,198.657,198.262,198.33,31431
2025-08-29 04:00:00,198.324,198.541,198.262,198.348,39622
2025-08-29 08:00:00,198.348,198.607,197.979,198.042,58987
2025-08-29 12:00:00,198.042,198.322,197.936,198.284,73385
2025-08-29 16:00:00,198.285,198.521,197.976,198.438,112414
2025-08-29 20:00:00,198.438,198.658,198.34,198.55,40474
2025-09-01 00:00:00,198.264,199.06,198.264,199.025,22754
2025-09-01 04:00:00,199.025,199.073,198.605,198.762,40810
2025-09-01 08:00:00,198.761,199.112,198.63,198.944,69105
2025-09-01 12:00:00,198.942,199.23,198.855,199.205,59209
2025-09-01 16:00:00,199.203,199.559,199.189,199.375,52884
2025-09-01 20:00:00,199.375,199.418,199.32,199.364,11087
2025-09-02 00:00:00,199.234,199.498,199.09,199.4,24967
2025-09-02 04:00:00,199.401,200.0,199.305,199.83,38848
2025-09-02 08:00:00,199.831,200.269,198.785,199.081,78981
2025-09-02 12:00:00,199.083,199.123,198.559,198.703,77590
2025-09-02 16:00:00,198.706,198.845,198.306,198.606,90800
2025-09-02 20:00:00,198.607,198.735,198.437,198.697,37620
2025-09-03 00:00:00,198.509,198.979,198.442,198.967,21547
2025-09-03 04:00:00,198.967,199.062,198.604,198.639,29839
2025-09-03 08:00:00,198.639,199.243,198.477,199.201,58170
2025-09-03 12:00:00,199.2,199.664,199.041,199.641,49650
2025-09-03 16:00:00,199.641,199.722,198.889,198.964,82891
2025-09-03 20:00:00,198.965,199.159,198.864,199.046,35658
2025-09-04 00:00:00,198.854,199.127,198.793,198.98,29766
2025-09-04 04:00:00,198.979,199.101,198.75,199.029,36463
2025-09-04 08:00:00,199.032,199.488,198.934,199.381,45519
2025-09-04 12:00:00,199.38,199.499,198.905,199.499,58545
2025-09-04 16:00:00,199.499,199.822,199.31,199.466,76320
2025-09-04 20:00:00,199.468,199.595,199.412,199.455,28712
2025-09-05 00:00:00,199.316,199.56,199.156,199.267,29673
2025-09-05 04:00:00,199.266,199.407,199.206,199.353,33893
2025-09-05 08:00:00,199.353,199.696,199.287,199.557,47707
2025-09-05 12:00:00,199.56,199.79,198.947,199.158,81950
2025-09-05 16:00:00,199.157,199.33,198.661,199.004,120635
2025-09-05 20:00:00,199.005,199.197,198.953,199.061,49919
2025-09-08 00:00:00,199.922,200.342,199.537,200.195,64615
2025-09-08 04:00:00,200.197,200.251,199.83,199.942,70685
2025-09-08 08:00:00,199.942,200.006,199.347,199.542,96908
2025-09-08 12:00:00,199.542,200.074,199.482,200.012,86412
2025-09-08 16:00:00,200.013,200.146,199.828,199.921,93586
2025-09-08 20:00:00,199.922,199.997,199.659,199.807,35829
2025-09-09 00:00:00,199.548,199.828,199.548,199.77,28291
2025-09-09 04:00:00,199.769,199.871,199.644,199.707,32048
2025-09-09 08:00:00,199.706,199.783,198.87,199.014,79526
2025-09-09 12:00:00,199.013,199.152,198.781,199.135,74076
2025-09-09 16:00:00,199.14,199.421,198.817,199.31,110076
2025-09-09 20:00:00,199.309,199.451,199.262,199.41,38330
2025-09-10 00:00:00,199.2,199.42,199.075,199.35,21842
2025-09-10 04:00:00,199.35,199.568,199.259,199.507,33189
2025-09-10 08:00:00,199.505,199.663,199.387,199.535,65385
2025-09-10 12:00:00,199.536,199.707,199.255,199.6,76965
2025-09-10 16:00:00,199.6,199.805,199.428,199.482,97753
2025-09-10 20:00:00,199.482,199.494,199.295,199.469,34894
2025-09-11 00:00:00,199.398,199.516,199.209,199.477,20251
2025-09-11 04:00:00,199.478,199.52,199.318,199.421,29365
2025-09-11 08:00:00,199.425,199.868,199.339,199.8,61725
2025-09-11 12:00:00,199.81,200.11,199.547,199.815,98722
2025-09-11 16:00:00,199.815,199.922,199.362,199.666,127348
2025-09-11 20:00:00,199.669,199.961,199.648,199.851,43658
2025-09-12 00:00:00,199.708,199.951,199.591,199.823,20842
2025-09-12 04:00:00,199.823,199.987,199.705,199.954,29806
2025-09-12 08:00:00,199.954,200.242,199.611,200.16,81285
2025-09-12 12:00:00,200.159,200.487,200.11,200.23,87256
2025-09-12 16:00:00,200.229,200.357,200.025,200.257,95157
2025-09-12 20:00:00,200.26,200.306,200.044,200.248,34182
2025-09-15 00:00:00,200.02,200.311,199.839,200.004,16504
2025-09-15 04:00:00,200.004,200.122,199.909,199.977,22839
2025-09-15 08:00:00,199.98,200.449,199.928,200.196,65570
2025-09-15 12:00:00,200.197,200.743,200.146,200.489,75102
2025-09-15 16:00:00,200.49,200.53,200.213,200.355,81360
2025-09-15 20:00:00,200.356,200.603,200.302,200.432,34064
2025-09-16 00:00:00,200.263,200.577,200.176,200.543,20801
2025-09-16 04:00:00,200.545,200.647,200.106,200.159,38136
2025-09-16 08:00:00,200.159,200.42,200.051,200.287,72600
2025-09-16 12:00:00,200.285,200.711,200.275,200.64,84377
2025-09-16 16:00:00,200.638,200.704,199.869,199.875,102775
2025-09-16 20:00:00,199.875,199.999,199.774,199.85,40808
2025-09-17 00:00:00,199.753,200.008,199.677,199.945,26058
2025-09-17 04:00:00,199.945,199.97,199.761,199.79,26994
2025-09-17 08:00:00,199.789,200.097,199.725,199.742,57957
2025-09-17 12:00:00,199.742,199.929,199.471,199.865,57434
2025-09-17 16:00:00,199.865,199.991,199.664,199.883,70763
2025-09-17 20:00:00,199.884,200.348,199.482,200.317,145462
2025-09-18 00:00:00,200.214,200.342,200.03,200.189,31113
2025-09-18 04:00:00,200.189,200.346,200.139,200.283,37970
2025-09-18 08:00:00,200.285,201.266,200.256,201.077,87229
2025-09-18 12:00:00,201.078,201.185,200.557,200.916,98310
2025-09-18 16:00:00,200.916,201.052,200.345,200.38,117384
2025-09-18 20:00:00,200.381,200.55,200.308,200.529,35157
2025-09-19 00:00:00,200.4,200.608,200.228,200.522,28450
2025-09-19 04:00:00,200.521,200.576,199.512,199.81,52441
2025-09-19 08:00:00,199.81,199.927,199.332,199.593,70400
2025-09-19 12:00:00,199.589,199.839,199.456,199.535,47648
2025-09-19 16:00:00,199.536,199.67,199.194,199.336,66855
2025-09-19 20:00:00,199.338,199.422,199.224,199.302,33657
2025-09-22 00:00:00,199.082,199.553,198.961,199.536,38003
2025-09-22 04:00:00,199.537,199.761,199.496,199.601,41130
2025-09-22 08:00:00,199.602,199.764,199.364,199.54,71711
2025-09-22 12:00:00,199.54,199.777,199.382,199.695,69808
2025-09-22 16:00:00,199.695,199.794,199.497,199.571,83294
2025-09-22 20:00:00,199.572,199.729,199.538,199.621,29755
2025-09-23 00:00:00,199.488,199.704,199.346,199.641,16990
2025-09-23 04:00:00,199.639,199.718,199.55,199.632,30583
2025-09-23 08:00:00,199.632,199.816,199.181,199.252,76330
2025-09-23 12:00:00,199.253,199.967,199.137,199.851,69799
2025-09-23 16:00:00,199.85,199.934,199.535,199.79,105792
2025-09-23 20:00:00,199.79,199.801,199.34,199.686,48429
2025-09-24 00:00:00,199.421,199.785,199.346,199.715,27736
2025-09-24 04:00:00,199.716,199.888,199.585,199.792,30391
2025-09-24 08:00:00,199.791,199.912,199.543,199.899,62828
2025-09-24 12:00:00,199.899,200.015,199.763,199.891,70324
2025-09-24 16:00:00,199.89,200.146,199.695,199.975,92297
2025-09-24 20:00:00,199.976,200.231,199.955,200.202,31818
2025-09-25 00:00:00,200.088,200.2,199.868,199.914,22173
2025-09-25 04:00:00,199.917,200.212,199.912,200.055,27793
2025-09-25 08:00:00,200.051,200.338,199.911,200.081,56664
2025-09-25 12:00:00,200.081,200.159,199.451,199.731,78052
2025-09-25 16:00:00,199.733,200.026,199.624,199.829,106975
2025-09-25 20:00:00,199.832,199.897,199.627,199.87,40308
2025-09-26 00:00:00,199.695,199.93,199.602,199.754,32583
2025-09-26 04:00:00,199.754,199.955,199.685,199.828,26099
2025-09-26 08:00:00,199.827,200.207,199.8,200.139,43101
2025-09-26 12:00:00,200.139,200.198,199.922,200.128,55436
2025-09-26 16:00:00,200.127,200.513,200.101,200.366,80344
2025-09-26 20:00:00,200.355,200.48,200.338,200.413,28414
2025-09-29 00:00:00,200.22,200.417,200.018,200.24,21347
2025-09-29 04:00:00,200.239,200.289,199.972,200.136,31153
2025-09-29 08:00:00,200.136,200.205,199.526,199.538,55207
2025-09-29 12:00:00,199.537,199.977,199.487,199.896,56083
2025-09-29 16:00:00,199.895,199.995,199.327,199.545,72454
2025-09-29 20:00:00,199.548,199.743,199.432,199.603,27712
2025-09-30 00:00:00,199.349,199.77,199.298,199.752,23688
2025-09-30 04:00:00,199.751,199.769,199.336,199.421,34846
2025-09-30 08:00:00,199.421,199.505,198.779,198.783,74972
2025-09-30 12:00:00,198.783,199.049,198.733,198.878,66743
2025-09-30 16:00:00,198.879,199.005,198.567,198.822,102618
2025-09-30 20:00:00,198.822,198.922,198.728,198.845,36762
2025-10-01 00:00:00,198.607,199.215,198.581,199.068,26898
2025-10-01 04:00:00,199.068,199.103,198.62,198.639,29780
2025-10-01 08:00:00,198.638,198.75,197.995,198.128,86290
2025-10-01 12:00:00,198.126,198.531,197.908,198.347,103903
2025-10-01 16:00:00,198.347,198.509,198.167,198.284,112598
2025-10-01 20:00:00,198.284,198.394,198.164,198.182,29800
2025-10-02 00:00:00,198.117,198.448,197.977,198.256,18540
2025-10-02 04:00:00,198.257,198.408,198.135,198.316,25521
2025-10-02 08:00:00,198.316,198.613,198.078,198.219,52259
2025-10-02 12:00:00,198.219,198.261,197.579,198.166,46814
2025-10-02 16:00:00,198.165,198.18,197.475,197.767,71534
2025-10-02 20:00:00,197.768,197.966,197.735,197.923,24469
2025-10-03 00:00:00,197.734,198.121,197.579,198.107,20825
2025-10-03 04:00:00,198.108,198.552,197.925,198.461,30106
2025-10-03 08:00:00,198.46,198.541,198.242,198.254,55409
2025-10-03 12:00:00,198.254,198.297,197.992,198.177,57171
2025-10-03 16:00:00,198.177,198.835,197.954,198.793,94556
2025-10-03 20:00:00,198.792,198.863,198.607,198.789,30028
2025-10-06 00:00:00,200.693,201.312,200.217,201.19,81763
2025-10-06 04:00:00,201.188,202.169,201.056,202.111,52064
2025-10-06 08:00:00,202.111,202.244,201.502,201.99,99686
2025-10-06 12:00:00,202.003,202.122,201.231,201.258,91289
2025-10-06 16:00:00,201.258,202.35,201.233,202.314,94152
2025-10-06 20:00:00,202.313,202.813,202.299,202.774,26454
2025-10-07 00:00:00,202.613,203.06,202.444,202.894,26381
2025-10-07 04:00:00,202.893,202.937,202.513,202.589,26675
2025-10-07 08:00:00,202.589,202.7,202.266,202.617,59753
2025-10-07 12:00:00,202.615,202.685,202.108,202.329,66069
2025-10-07 16:00:00,202.329,203.503,202.194,203.415,98146
2025-10-07 20:00:00,203.415,204.065,203.397,203.911,38880
2025-10-08 00:00:00,203.881,204.395,203.745,204.329,29102
2025-10-08 04:00:00,204.329,204.47,203.96,204.065,40224
2025-10-08 08:00:00,204.065,204.833,203.894,204.804,72417
2025-10-08 12:00:00,204.804,205.319,204.565,204.642,74094
2025-10-08 16:00:00,204.642,205.098,204.302,204.478,73598
2025-10-08 20:00:00,204.48,204.68,204.337,204.672,31880
2025-10-09 00:00:00,204.522,204.771,204.36,204.771,33434
2025-10-09 04:00:00,204.771,204.879,204.376,204.487,35720
2025-10-09 08:00:00,204.488,204.845,204.1,204.162,74311
2025-10-09 12:00:00,204.162,204.519,203.896,204.432,78604
2025-10-09 16:00:00,204.431,204.564,203.363,203.387,128541
2025-10-09 20:00:00,203.386,203.673,203.307,203.643,54459
2025-10-10 00:00:00,203.289,203.755,203.24,203.492,27941
2025-10-10 04:00:00,203.488,203.622,203.167,203.283,33976
2025-10-10 08:00:00,203.284,203.501,202.658,203.128,80103
2025-10-10 12:00:00,203.128,203.207,202.481,202.585,71828
2025-10-10 16:00:00,202.586,203.111,202.208,202.689,153688
2025-10-10 20:00:00,202.689,202.767,201.821,201.889,69738
2025-10-13 00:00:00,202.577,203.089,202.273,202.721,63274
2025-10-13 04:00:00,202.721,202.966,202.707,202.894,54766
2025-10-13 08:00:00,202.893,203.243,202.611,203.003,71437
2025-10-13 12:00:00,203.005,203.094,202.718,202.944,75500
2025-10-13 16:00:00,202.944,203.138,202.764,202.985,91237
2025-10-13 20:00:00,202.985,203.129,202.925,203.04,40253
2025-10-14 00:00:00,202.889,203.495,202.76,203.324,31947
2025-10-14 04:00:00,203.324,203.513,202.597,202.752,57281
2025-10-14 08:00:00,202.755,202.78,201.319,201.865,105492
2025-10-14 12:00:00,201.863,202.012,201.321,201.622,87794
2025-10-14 16:00:00,201.622,202.232,201.613,202.049,134556
2025-10-14 20:00:00,202.049,202.333,201.99,202.18,49796
2025-10-15 00:00:00,202.042,202.296,201.905,201.998,29386
2025-10-15 04:00:00,201.998,202.04,201.577,201.88,45203
2025-10-15 08:00:00,201.877,202.122,201.659,201.788,80924
2025-10-15 12:00:00,201.788,202.508,201.769,202.356,64464
2025-10-15 16:00:00,202.355,202.642,202.035,202.435,78806
2025-10-15 20:00:00,202.435,202.711,202.18,202.483,41970
2025-10-16 00:00:00,202.346,202.507,201.967,202.265,35872
2025-10-16 04:00:00,202.264,202.683,202.218,202.603,43023
2025-10-16 08:00:00,202.603,203.234,202.569,203.233,67252
2025-10-16 12:00:00,203.235,203.432,202.786,203.185,54500
2025-10-16 16:00:00,203.185,203.363,201.705,201.921,97501
2025-10-16 20:00:00,201.924,202.24,201.742,202.116,71973
2025-10-17 00:00:00,201.895,202.165,201.697,202.007,35213
2025-10-17 04:00:00,202.002,202.136,201.6,201.73,48096
2025-10-17 08:00:00,201.733,201.824,200.67,201.059,86415
2025-10-17 12:00:00,201.058,202.109,200.937,201.685,83314
2025-10-17 16:00:00,201.685,202.017,201.292,201.799,93258
2025-10-17 20:00:00,201.796,202.235,201.708,202.198,50775
2025-10-20 00:00:00,201.938,202.758,201.664,202.719,38215
2025-10-20 04:00:00,202.719,203.11,202.259,202.342,39530
2025-10-20 08:00:00,202.342,202.507,202.083,202.195,66233
2025-10-20 12:00:00,202.194,202.509,201.813,202.276,78730
2025-10-20 16:00:00,202.276,202.312,201.882,202.136,62660
2025-10-20 20:00:00,202.135,202.203,202.001,202.086,24055
2025-10-21 00:00:00,201.903,202.186,201.8,202.091,25822
2025-10-21 04:00:00,202.091,202.519,201.894,202.322,43553
2025-10-21 08:00:00,202.328,202.925,202.02,202.845,72297
2025-10-21 12:00:00,202.844,203.518,202.827,203.492,61703
2025-10-21 16:00:00,203.492,203.518,202.559,203.082,86380
2025-10-21 20:00:00,203.082,203.201,202.958,203.054,33378
2025-10-22 00:00:00,202.933,203.134,202.725,202.734,25892
2025-10-22 04:00:00,202.732,203.138,202.619,203.03,35632
2025-10-22 08:00:00,203.024,203.286,201.973,202.042,61236
2025-10-22 12:00:00,202.041,202.551,201.91,202.413,50107
2025-10-22 16:00:00,202.412,203.051,202.322,202.922,79999
2025-10-22 20:00:00,202.923,203.044,202.516,202.971,41155
2025-10-23 00:00:00,202.771,203.166,202.652,203.053,26194
2025-10-23 04:00:00,203.055,203.391,203.003,203.287,25913
2025-10-23 08:00:00,203.286,203.776,203.191,203.723,42352
2025-10-23 12:00:00,203.724,203.792,203.442,203.53,50992
2025-10-23 16:00:00,203.531,203.671,203.2,203.304,79706
2025-10-23 20:00:00,203.304,203.446,203.194,203.357,29917
2025-10-24 00:00:00,203.144,203.496,203.093,203.479,27266
2025-10-24 04:00:00,203.479,203.73,203.465,203.655,29398
2025-10-24 08:00:00,203.655,203.94,203.407,203.737,67635
2025-10-24 12:00:00,203.736,203.809,203.041,203.742,71110
2025-10-24 16:00:00,203.749,203.979,203.077,203.186,67921
2025-10-24 20:00:00,203.188,203.528,203.184,203.48,28250
2025-10-27 00:00:00,203.474,204.055,203.442,203.699,33869
2025-10-27 04:00:00,203.699,203.929,203.551,203.907,31046
2025-10-27 08:00:00,203.907,204.079,203.529,203.643,56732
2025-10-27 12:00:00,203.643,204.056,203.523,204.008,67530
2025-10-27 16:00:00,204.009,204.243,203.839,204.002,78634
2025-10-27 20:00:00,204.001,204.163,203.728,203.924,29658
2025-10-28 00:00:00,203.814,203.851,203.463,203.573,28677
2025-10-28 04:00:00,203.573,203.594,202.947,203.0,41505
2025-10-28 08:00:00,203.0,203.315,202.027,202.166,61901
2025-10-28 12:00:00,202.165,202.446,202.031,202.082,52029
2025-10-28 16:00:00,202.082,202.265,201.654,202.146,68590
2025-10-28 20:00:00,202.146,202.168,201.746,201.909,33320
2025-10-29 00:00:00,201.796,201.977,201.117,201.24,32166
2025-10-29 04:00:00,201.24,201.721,201.131,201.516,35026
2025-10-29 08:00:00,201.516,201.956,200.977,201.21,45651
2025-10-29 12:00:00,201.21,201.425,200.895,201.007,45506
2025-10-29 16:00:00,201.007,201.46,200.546,201.259,65270
2025-10-29 20:00:00,201.259,201.655,200.972,201.49,108303
2025-10-30 00:00:00,201.357,201.707,201.081,201.531,30133
2025-10-30 04:00:00,201.531,202.106,200.961,201.89,69018
2025-10-30 08:00:00,201.89,203.12,201.724,203.048,68941
2025-10-30 12:00:00,203.048,203.263,202.565,202.674,73015
2025-10-30 16:00:00,202.674,203.161,202.496,202.714,117440
2025-10-30 20:00:00,202.714,202.832,202.43,202.713,44428
2025-10-31 00:00:00,202.579,202.748,202.428,202.513,25936
2025-10-31 04:00:00,202.513,202.61,202.184,202.524,39064
2025-10-31 08:00:00,202.524,202.927,202.303,202.689,61093
2025-10-31 12:00:00,202.679,202.768,201.85,202.017,62220
2025-10-31 16:00:00,202.016,202.472,201.833,202.307,100930
2025-10-31 20:00:00,202.308,202.586,202.277,202.48,40539
2025-11-03 00:00:00,202.107,202.642,202.107,202.429,42005
2025-11-03 04:00:00,202.429,202.581,202.362,202.539,35390
2025-11-03 08:00:00,202.539,202.787,202.093,202.333,58949
2025-11-03 12:00:00,202.334,202.664,202.249,202.474,53285
2025-11-03 16:00:00,202.473,202.8,201.756,202.624,81963
2025-11-03 20:00:00,202.634,202.694,202.507,202.636,36165
2025-11-04 00:00:00,202.56,202.674,202.362,202.539,33419
2025-11-04 04:00:00,202.539,202.563,201.67,201.701,34284
2025-11-04 08:00:00,201.701,201.769,200.374,200.491,81648
2025-11-04 12:00:00,200.491,200.832,200.241,200.269,63073
2025-11-04 16:00:00,200.27,200.419,200.004,200.103,83713
2025-11-04 20:00:00,200.102,200.149,199.866,200.075,37460
2025-11-05 00:00:00,199.971,200.187,199.059,199.348,43483
2025-11-05 04:00:00,199.351,200.078,199.249,199.898,41200
2025-11-05 08:00:00,199.898,200.436,199.814,200.389,64067
2025-11-05 12:00:00,200.389,200.728,199.971,200.569,71622
2025-11-05 16:00:00,200.57,201.241,200.5,200.893,92414
2025-11-05 20:00:00,200.893,201.169,200.817,201.14,30089
2025-11-06 00:00:00,201.042,201.17,200.816,201.003,26948
2025-11-06 04:00:00,201.003,201.165,200.878,200.978,24613
2025-11-06 08:00:00,200.966,201.204,200.76,201.038,58802
2025-11-06 12:00:00,201.04,201.38,200.627,201.203,77912
2025-11-06 16:00:00,201.203,201.244,200.289,200.776,108643
2025-11-06 20:00:00,200.776,201.199,200.742,201.097,47418
2025-11-07 00:00:00,200.878,201.253,200.781,200.973,35394
2025-11-07 04:00:00,200.973,201.198,200.695,201.172,32827
2025-11-07 08:00:00,201.172,201.39,200.956,201.037,56190
2025-11-07 12:00:00,201.037,201.396,200.645,201.356,77894
2025-11-07 16:00:00,201.357,201.801,201.118,201.621,118399
2025-11-07 20:00:00,201.621,202.095,201.575,201.89,56506
2025-11-10 00:00:00,202.273,202.386,201.712,202.296,70196
2025-11-10 04:00:00,202.296,202.612,202.215,202.497,64300
2025-11-10 08:00:00,202.497,203.204,202.366,203.064,94928
2025-11-10 12:00:00,203.065,203.248,202.806,202.968,79189
2025-11-10 16:00:00,202.968,202.973,202.456,202.877,113235
2025-11-10 20:00:00,202.877,203.105,202.838,203.094,53253
2025-11-11 00:00:00,202.816,203.273,202.769,203.158,42976
2025-11-11 04:00:00,203.157,203.275,202.912,202.927,52469
2025-11-11 08:00:00,202.927,203.141,202.306,202.605,85471
2025-11-11 12:00:00,202.604,202.857,202.434,202.531,91489
2025-11-11 16:00:00,202.531,203.045,202.481,202.966,115038
2025-11-11 20:00:00,202.966,203.062,202.7,202.724,52660
2025-11-12 00:00:00,202.652,202.859,202.426,202.758,44884
2025-11-12 04:00:00,202.758,203.266,202.68,203.086,52599
2025-11-12 08:00:00,203.085,203.565,202.936,203.088,83855
2025-11-12 12:00:00,203.088,203.406,202.835,203.05,90607
2025-11-12 16:00:00,203.051,203.26,202.757,203.111,106152
2025-11-12 20:00:00,203.111,203.281,203.035,203.245,41009
2025-11-13 00:00:00,203.13,203.32,203.015,203.068,35132
2025-11-13 04:00:00,203.068,203.311,202.96,203.257,35842
2025-11-13 08:00:00,203.257,203.54,202.961,203.273,82196
2025-11-13 12:00:00,203.273,203.825,203.256,203.65,81751
2025-11-13 16:00:00,203.653,204.068,203.356,203.859,124989
2025-11-13 20:00:00,203.859,203.936,203.636,203.76,66666
2025-11-14 00:00:00,203.757,203.942,203.025,203.108,43954
2025-11-14 04:00:00,203.108,203.257,202.919,203.097,40086
2025-11-14 08:00:00,203.097,203.965,202.625,203.5,103735
2025-11-14 12:00:00,203.5,203.582,202.3,202.888,104748
2025-11-14 16:00:00,202.888,203.607,202.655,203.522,140185
2025-11-14 20:00:00,203.522,203.604,203.265,203.556,60695
2025-11-17 00:00:00,203.271,203.54,203.123,203.355,36295
2025-11-17 04:00:00,203.355,203.537,203.269,203.311,27553
2025-11-17 08:00:00,203.311,203.9,203.289,203.704,64198
2025-11-17 12:00:00,203.704,204.251,203.605,204.027,76625
2025-11-17 16:00:00,204.025,204.524,203.951,204.337,97433
2025-11-17 20:00:00,204.338,204.37,204.005,204.204,57192
2025-11-18 00:00:00,204.048,204.3,203.972,204.105,39154
2025-11-18 04:00:00,204.106,204.198,203.684,204.101,57243
2025-11-18 08:00:00,204.104,204.298,203.764,204.162,102245
2025-11-18 12:00:00,204.163,204.357,203.881,204.107,97209
2025-11-18 16:00:00,204.105,204.593,203.97,204.58,147805
2025-11-18 20:00:00,204.581,204.743,204.39,204.464,71743
2025-11-19 00:00:00,204.336,204.551,204.155,204.207,38251
2025-11-19 04:00:00,204.207,204.252,203.97,204.25,45490
2025-11-19 08:00:00,204.252,204.74,204.177,204.717,81588
2025-11-19 12:00:00,204.717,205.043,204.491,205.022,87764
2025-11-19 16:00:00,205.022,205.363,204.574,204.838,120434
2025-11-19 20:00:00,204.839,205.291,204.724,205.221,68860
2025-11-20 00:00:00,205.103,205.39,204.8,205.362,42652
2025-11-20 04:00:00,205.362,205.716,205.169,205.658,49684
2025-11-20 08:00:00,205.658,206.04,205.287,205.568,89991
2025-11-20 12:00:00,205.568,206.457,205.533,206.336,100204
2025-11-20 16:00:00,206.336,206.858,205.639,205.824,160184
2025-11-20 20:00:00,205.825,206.219,205.784,205.828,81477
2025-11-21 00:00:00,205.801,206.043,205.562,206.021,52226
2025-11-21 04:00:00,206.021,206.05,205.59,205.784,55731
2025-11-21 08:00:00,205.784,205.856,204.69,204.75,112977
2025-11-21 12:00:00,204.75,205.279,204.362,205.156,128851
2025-11-21 16:00:00,205.156,205.325,204.272,205.064,161704
2025-11-21 20:00:00,205.064,205.2,204.8,204.844,81844
2025-11-24 00:00:00,204.75,205.233,204.688,205.124,35524
2025-11-24 04:00:00,205.124,205.238,205.059,205.144,38765
2025-11-24 08:00:00,205.143,205.511,205.103,205.17,75707
2025-11-24 12:00:00,205.17,205.909,205.127,205.629,57803
2025-11-24 16:00:00,205.63,205.751,205.202,205.526,81639
2025-11-24 20:00:00,205.525,205.674,205.425,205.638,37626
2025-11-25 00:00:00,205.494,205.713,205.3,205.333,37496
2025-11-25 04:00:00,205.333,205.466,205.227,205.334,38169
2025-11-25 08:00:00,205.333,205.609,204.991,205.297,79518
2025-11-25 12:00:00,205.296,205.558,205.029,205.385,124482
2025-11-25 16:00:00,205.385,205.956,205.335,205.797,169298
2025-11-25 20:00:00,205.796,205.994,205.385,205.505,71772
2025-11-26 00:00:00,205.161,205.971,205.158,205.512,56362
2025-11-26 04:00:00,205.512,205.977,205.324,205.927,71609
2025-11-26 08:00:00,205.928,206.258,205.892,206.111,107402
2025-11-26 12:00:00,206.111,206.901,205.492,206.665,170475
2025-11-26 16:00:00,206.665,207.065,206.513,206.844,140958
2025-11-26 20:00:00,206.856,207.168,206.766,207.136,53327
2025-11-27 00:00:00,207.035,207.143,206.417,206.875,48031
2025-11-27 04:00:00,206.876,207.057,206.638,206.806,58967
2025-11-27 08:00:00,206.806,206.996,206.483,206.6,85765
2025-11-27 12:00:00,206.599,207.068,206.537,206.937,77910
2025-11-27 16:00:00,206.937,207.193,206.833,206.946,64474
2025-11-27 20:00:00,206.945,206.994,206.832,206.9,25330
2025-11-28 00:00:00,206.764,207.198,206.64,206.92,49397
2025-11-28 04:00:00,206.921,207.01,206.441,206.858,300920
2025-11-28 08:00:00,206.86,206.989,206.296,206.437,377324
2025-11-28 12:00:00,206.478,206.604,206.106,206.332,368051
2025-11-28 16:00:00,206.329,206.89,206.293,206.762,152635
2025-11-28 20:00:00,206.763,206.813,206.584,206.642,76292
2025-12-01 00:00:00,206.404,206.757,205.873,206.024,100896
2025-12-01 04:00:00,206.025,206.048,205.563,205.708,80857
2025-12-01 08:00:00,205.708,205.816,205.236,205.484,131802
2025-12-01 12:00:00,205.484,205.486,205.192,205.404,154621
2025-12-01 16:00:00,205.404,205.632,205.098,205.443,175223
2025-12-01 20:00:00,205.443,205.529,205.337,205.446,54986
2025-12-02 00:00:00,205.385,205.698,205.239,205.606,42877
2025-12-02 04:00:00,205.605,205.769,205.54,205.681,44829
2025-12-02 08:00:00,205.678,206.257,205.662,205.999,106041
2025-12-02 12:00:00,205.998,206.116,205.671,205.977,117151
2025-12-02 16:00:00,205.977,206.194,205.467,205.742,146666
2025-12-02 20:00:00,205.743,205.981,205.67,205.98,56697
2025-12-03 00:00:00,205.677,206.009,205.565,205.87,38242
2025-12-03 04:00:00,205.87,206.109,205.866,206.074,39197
2025-12-03 08:00:00,206.073,206.688,205.895,206.62,97104
2025-12-03 12:00:00,206.62,206.892,206.429,206.788,116827
2025-12-03 16:00:00,206.789,207.08,206.445,206.975,165823
2025-12-03 20:00:00,206.974,207.339,206.901,207.276,49461
2025-12-04 00:00:00,207.239,207.269,206.871,207.108,45760
2025-12-04 04:00:00,207.109,207.357,206.979,207.039,60686
2025-12-04 08:00:00,207.039,207.276,206.557,206.576,102712
2025-12-04 12:00:00,206.576,206.738,206.325,206.529,71517
2025-12-04 16:00:00,206.529,207.017,206.482,206.714,102337
2025-12-04 20:00:00,206.719,206.84,206.656,206.743,44450
2025-12-05 00:00:00,206.533,206.806,206.451,206.672,31231
2025-12-05 04:00:00,206.671,206.786,206.223,206.309,30946
2025-12-05 08:00:00,206.309,206.858,206.178,206.733,71524
2025-12-05 12:00:00,206.733,207.249,206.713,207.195,86258
2025-12-05 16:00:00,207.194,207.293,206.831,207.004,140975
2025-12-05 20:00:00,207.004,207.122,206.95,207.065,45100
2025-12-08 00:00:00,206.645,207.035,206.593,206.609,61830
2025-12-08 04:00:00,206.608,207.099,206.586,206.981,50129
2025-12-08 08:00:00,206.981,207.186,206.859,207.044,96519
2025-12-08 12:00:00,207.045,207.324,207.034,207.278,82815
2025-12-08 16:00:00,207.277,207.717,207.218,207.514,95224
2025-12-08 20:00:00,207.501,207.801,207.467,207.745,41072
2025-12-09 00:00:00,207.445,207.847,207.437,207.705,31512
2025-12-09 04:00:00,207.706,208.067,207.638,208.005,29763
2025-12-09 08:00:00,208.004,208.712,207.911,208.32,58845
2025-12-09 12:00:00,208.319,208.434,208.011,208.161,52497
2025-12-09 16:00:00,208.16,208.944,208.003,208.656,73620
2025-12-09 20:00:00,208.65,208.77,208.54,208.674,37572
2025-12-10 00:00:00,208.427,208.719,208.355,208.386,28711
2025-12-10 04:00:00,208.387,208.549,208.223,208.514,29730
2025-12-10 08:00:00,208.514,208.868,208.509,208.771,57342
2025-12-10 12:00:00,208.771,208.785,208.468,208.686,72090
2025-12-10 16:00:00,208.687,208.768,208.32,208.586,77362
2025-12-10 20:00:00,208.585,208.888,208.222,208.876,84105
2025-12-11 00:00:00,208.541,208.819,208.24,208.377,34376
2025-12-11 04:00:00,208.377,208.544,208.013,208.511,38973
2025-12-11 08:00:00,208.511,208.647,208.195,208.405,54734
2025-12-11 12:00:00,208.405,208.597,208.083,208.197,63841
2025-12-11 16:00:00,208.198,208.467,207.892,208.342,81421
2025-12-11 20:00:00,208.342,208.484,208.266,208.303,71227
2025-12-12 00:00:00,208.247,208.596,208.071,208.455,50352
2025-12-12 04:00:00,208.456,208.62,208.408,208.604,40532
2025-12-12 08:00:00,208.606,208.72,208.205,208.619,82180
2025-12-12 12:00:00,208.621,208.74,208.355,208.62,84349
2025-12-12 16:00:00,208.618,208.664,207.862,208.312,150957
2025-12-12 20:00:00,208.312,208.435,208.12,208.311,64426
2025-12-15 00:00:00,208.392,208.478,208.083,208.103,49787
2025-12-15 04:00:00,208.103,208.144,207.146,207.186,53414
2025-12-15 08:00:00,207.186,207.526,207.083,207.455,76399
2025-12-15 12:00:00,207.455,207.731,207.287,207.698,73124
2025-12-15 16:00:00,207.697,207.88,207.351,207.596,122828
2025-12-15 20:00:00,207.596,207.695,207.502,207.577,49988
2025-12-16 00:00:00,207.357,207.654,206.983,207.006,58106
2025-12-16 04:00:00,207.004,207.106,206.759,206.903,69363
2025-12-16 08:00:00,206.903,207.722,206.837,207.633,101881
2025-12-16 12:00:00,207.632,207.957,207.487,207.704,134721
2025-12-16 16:00:00,207.703,207.999,207.181,207.626,193799
2025-12-16 20:00:00,207.625,207.873,207.509,207.731,91858
2025-12-17 00:00:00,207.501,207.879,207.393,207.631,55474
2025-12-17 04:00:00,207.631,207.861,207.526,207.641,71510
2025-12-17 08:00:00,207.641,207.99,207.039,207.248,117707
2025-12-17 12:00:00,207.248,207.665,207.129,207.6,107453
2025-12-17 16:00:00,207.599,208.379,207.568,208.206,150339
2025-12-17 20:00:00,208.206,208.406,208.119,208.293,68283
2025-12-18 00:00:00,208.099,208.219,207.852,208.176,45734
2025-12-18 04:00:00,208.176,208.409,208.085,208.311,51876
2025-12-18 08:00:00,208.31,208.556,207.966,208.141,87433
2025-12-18 12:00:00,208.14,208.984,207.775,208.917,128238
2025-12-18 16:00:00,208.919,209.013,208.085,208.25,197085
2025-12-18 20:00:00,208.249,208.375,208.126,208.168,79872
2025-12-19 00:00:00,207.942,208.502,207.881,208.416,64622
2025-12-19 04:00:00,208.416,208.851,208.183,208.644,110928
2025-12-19 08:00:00,208.644,210.381,208.516,210.348,169705
2025-12-19 12:00:00,210.348,210.595,210.154,210.358,127541
2025-12-19 16:00:00,210.36,210.796,210.014,210.591,160300
2025-12-19 20:00:00,210.591,211.051,210.576,211.008,67418
2025-12-22 00:00:00,210.739,211.042,210.404,210.706,135653
2025-12-22 04:00:00,210.705,210.927,210.619,210.812,57582
2025-12-22 08:00:00,210.815,211.458,210.67,211.358,87851
2025-12-22 12:00:00,211.359,211.588,210.838,211.214,108869
2025-12-22 16:00:00,211.213,211.327,211.016,211.265,124954
2025-12-22 20:00:00,211.266,211.394,211.128,211.371,61425
2025-12-23 00:00:00,211.154,211.413,210.775,210.798,53956
2025-12-23 04:00:00,210.798,210.881,210.276,210.371,68785
2025-12-23 08:00:00,210.371,210.809,210.296,210.587,103939
2025-12-23 12:00:00,210.587,211.029,210.416,210.906,105323
2025-12-23 16:00:00,210.905,211.155,210.498,210.522,125826
2025-12-23 20:00:00,210.521,211.192,210.51,211.175,53449
2025-12-24 00:00:00,210.779,211.111,210.462,210.5,67159
2025-12-24 04:00:00,210.499,210.79,210.395,210.539,56568
2025-12-24 08:00:00,210.54,210.697,210.393,210.624,87981
2025-12-24 12:00:00,210.623,210.747,210.474,210.607,92723
2025-12-24 16:00:00,210.607,210.698,210.036,210.422,116985
2025-12-24 20:00:00,210.422,210.557,210.172,210.312,85976
2025-12-26 00:00:00,210.844,211.408,210.163,211.185,97475
2025-12-26 04:00:00,211.184,211.253,210.668,210.787,67336
2025-12-26 08:00:00,210.787,211.073,210.603,210.991,87386
2025-12-26 12:00:00,210.99,211.376,210.908,211.288,85434
2025-12-26 16:00:00,211.289,211.503,211.138,211.271,122685
2025-12-26 20:00:00,211.271,211.418,211.156,211.358,66494
2025-12-29 00:00:00,211.034,211.281,210.698,211.16,90415
2025-12-29 04:00:00,211.161,211.346,210.803,210.877,88793
2025-12-29 08:00:00,210.877,210.918,210.425,210.877,120306
2025-12-29 12:00:00,210.879,211.173,210.595,210.801,115758
2025-12-29 16:00:00,210.801,210.872,210.447,210.619,139298
2025-12-29 20:00:00,210.62,210.901,210.604,210.794,55780
2025-12-30 00:00:00,210.66,211.065,210.55,211.02,53195
2025-12-30 04:00:00,211.02,211.091,210.788,210.885,45654
2025-12-30 08:00:00,210.885,210.957,210.525,210.713,79480
2025-12-30 12:00:00,210.713,210.766,210.415,210.652,96082
2025-12-30 16:00:00,210.651,210.771,210.441,210.562,118594
2025-12-30 20:00:00,210.561,210.752,210.535,210.671,54703
2025-12-31 00:00:00,210.448,210.687,210.354,210.563,33773
2025-12-31 04:00:00,210.563,210.831,210.561,210.784,39499
2025-12-31 08:00:00,210.783,210.825,210.243,210.456,72467
2025-12-31 12:00:00,210.456,211.093,210.37,210.974,94707
2025-12-31 16:00:00,210.961,211.082,210.335,210.949,143732
2025-12-31 20:00:00,210.949,211.217,210.813,211.131,69687
2026-01-02 00:00:00,210.912,211.36,210.73,211.258,34774
2026-01-02 04:00:00,211.258,211.434,211.189,211.371,35065
2026-01-02 08:00:00,211.37,211.442,210.939,211.11,82842
2026-01-02 12:00:00,211.11,211.201,210.739,211.145,81248
2026-01-02 16:00:00,211.156,211.44,211.017,211.051,131416
2026-01-02 20:00:00,211.051,211.173,210.987,211.114,65513
2026-01-05 00:00:00,210.734,211.333,210.66,211.022,87627
2026-01-05 04:00:00,211.022,211.17,210.851,211.054,91311
2026-01-05 08:00:00,211.053,211.123,210.501,210.936,123683
2026-01-05 12:00:00,210.935,211.012,210.695,210.96,125585
2026-01-05 16:00:00,210.956,211.583,210.872,211.55,154295
2026-01-05 20:00:00,211.55,211.832,211.327,211.763,56213
2026-01-06 00:00:00,211.666,212.151,211.563,211.928,46781
2026-01-06 04:00:00,211.927,212.045,211.799,211.948,56662
2026-01-06 08:00:00,211.948,212.085,211.658,211.666,108161
2026-01-06 12:00:00,211.666,211.773,211.298,211.466,62670
2026-01-06 16:00:00,211.466,211.72,211.367,211.677,67440
2026-01-06 20:00:00,211.677,211.74,211.383,211.534,31533
2026-01-07 00:00:00,211.329,211.725,211.276,211.659,27668
2026-01-07 04:00:00,211.659,211.751,211.188,211.247,31903
2026-01-07 08:00:00,211.247,211.36,211.007,211.113,45707
2026-01-07 12:00:00,211.112,211.42,210.964,211.076,46432
2026-01-07 16:00:00,211.077,211.344,210.906,211.001,67027
2026-01-07 20:00:00,211.001,211.096,210.94,210.973,31286
2026-01-08 00:00:00,210.892,211.155,210.718,211.136,20468
2026-01-08 04:00:00,211.136,211.145,210.77,210.833,27777
2026-01-08 08:00:00,210.832,210.843,210.292,210.612,48251
2026-01-08 12:00:00,210.611,210.828,210.501,210.692,44245
2026-01-08 16:00:00,210.692,211.045,210.554,210.674,66009
2026-01-08 20:00:00,210.673,210.942,210.538,210.858,31681
2026-01-09 00:00:00,210.45,211.044,210.412,211.024,24235
2026-01-09 04:00:00,211.024,211.381,210.997,211.337,29386
2026-01-09 08:00:00,211.337,211.603,211.235,211.447,46705
2026-01-09 12:00:00,211.448,211.734,211.216,211.579,59151
2026-01-09 16:00:00,211.579,212.059,211.48,211.819,119268
2026-01-09 20:00:00,211.821,211.84,211.576,211.617,34675
2026-01-12 00:00:00,211.662,211.896,211.528,211.797,61448
2026-01-12 04:00:00,211.796,212.371,211.779,212.242,57574
2026-01-12 08:00:00,212.242,212.477,212.082,212.411,92965
2026-01-12 12:00:00,212.411,212.792,212.367,212.791,87124
2026-01-12 16:00:00,212.791,213.009,212.652,212.833,110008
2026-01-12 20:00:00,212.833,213.001,212.724,212.967,34019
2026-01-13 00:00:00,212.751,213.489,212.614,213.474,52690
2026-01-13 04:00:00,213.473,214.052,213.336,213.913,58998
2026-01-13 08:00:00,213.913,214.292,213.822,214.18,69792
2026-01-13 12:00:00,214.182,214.265,213.523,214.09,86648
2026-01-13 16:00:00,214.09,214.138,213.491,213.624,135895
2026-01-13 20:00:00,213.624,213.798,213.486,213.683,45727
2026-01-14 00:00:00,213.444,214.006,213.443,213.858,37789
2026-01-14 04:00:00,213.857,214.107,213.808,214.069,43517
2026-01-14 08:00:00,214.069,214.09,213.422,213.631,96027
2026-01-14 12:00:00,213.63,213.643,212.834,213.224,110649
2026-01-14 16:00:00,213.224,213.329,212.541,212.624,140934
2026-01-14 20:00:00,212.623,213.086,212.581,213.017,52328
2026-01-15 00:00:00,212.927,213.034,212.528,212.742,55964
2026-01-15 04:00:00,212.742,213.022,212.652,212.722,51854
2026-01-15 08:00:00,212.721,213.309,212.699,212.827,97489
2026-01-15 12:00:00,212.827,212.833,212.284,212.382,85414
2026-01-15 16:00:00,212.382,212.467,211.98,212.198,90974
2026-01-15 20:00:00,212.198,212.285,212.104,212.267,42425
2026-01-16 00:00:00,212.034,212.334,212.003,212.194,36281
2026-01-16 04:00:00,212.194,212.226,211.473,211.94,48309
2026-01-16 08:00:00,211.94,211.994,211.631,211.929,65596
2026-01-16 12:00:00,211.929,212.069,211.623,211.789,66860
2026-01-16 16:00:00,211.79,211.896,211.375,211.564,95154
2026-01-16 20:00:00,211.564,211.71,211.43,211.46,43877
2026-01-19 00:00:00,210.656,211.331,210.551,211.166,88532
2026-01-19 04:00:00,211.166,211.614,211.157,211.505,71137
2026-01-19 08:00:00,211.505,212.06,211.409,211.691,112159
2026-01-19 12:00:00,211.691,211.953,211.642,211.82,57734
2026-01-19 16:00:00,211.82,212.387,211.738,212.246,38823
2026-01-19 20:00:00,212.244,212.338,212.213,212.291,10060
2026-01-20 00:00:00,212.044,212.365,211.835,212.014,30482
2026-01-20 04:00:00,212.013,212.55,211.971,212.507,31538
2026-01-20 08:00:00,212.506,213.486,212.365,212.518,80632
2026-01-20 12:00:00,212.517,212.91,212.141,212.319,75744
2026-01-20 16:00:00,212.319,212.851,212.072,212.54,79835
2026-01-20 20:00:00,212.54,212.642,212.407,212.57,41705
2026-01-21 00:00:00,212.427,212.649,212.303,212.484,33778
2026-01-21 04:00:00,212.484,212.625,212.255,212.573,32247
2026-01-21 08:00:00,212.574,212.625,211.865,211.873,48043
2026-01-21 12:00:00,211.873,212.246,211.574,212.215,53487
2026-01-21 16:00:00,212.214,212.756,212.061,212.34,96071
2026-01-21 20:00:00,212.34,212.656,212.242,212.596,73098
2026-01-22 00:00:00,212.423,212.699,212.332,212.655,30797
2026-01-22 04:00:00,212.655,213.21,212.594,213.125,29148
2026-01-22 08:00:00,213.126,213.43,212.903,213.343,48138
2026-01-22 12:00:00,213.342,213.424,212.667,213.005,63431
2026-01-22 16:00:00,213.006,213.661,212.968,213.58,73724
2026-01-22 20:00:00,213.579,213.95,213.561,213.92,46050
2026-01-23 00:00:00,213.532,214.155,213.469,214.114,37310
2026-01-23 04:00:00,214.114,214.173,213.833,214.105,38294
2026-01-23 08:00:00,214.105,214.847,212.288,213.735,115238
2026-01-23 12:00:00,213.735,214.169,213.709,214.051,76005
2026-01-23 16:00:00,214.051,214.615,212.639,212.78,128227
2026-01-23 20:00:00,212.782,212.928,212.075,212.474,102021
2026-01-26 00:00:00,211.488,212.079,210.763,210.955,104434
2026-01-26 04:00:00,210.954,211.015,210.184,210.604,92207
2026-01-26 08:00:00,210.604,210.907,209.624,210.082,155101
2026-01-26 12:00:00,210.082,210.565,209.605,210.449,136369
2026-01-26 16:00:00,210.449,211.069,210.374,210.755,139656
2026-01-26 20:00:00,210.756,211.073,210.525,210.952,78878
2026-01-27 00:00:00,210.64,211.2,210.613,211.13,48414
2026-01-27 04:00:00,211.131,211.45,211.054,211.325,62514
2026-01-27 08:00:00,211.325,211.752,209.747,210.595,110904
2026-01-27 12:00:00,210.594,210.998,210.251,210.468,174484
2026-01-27 16:00:00,210.478,211.148,210.231,210.61,218687
2026-01-27 20:00:00,210.61,210.96,210.041,210.821,149409
2026-01-28 00:00:00,210.655,211.219,210.217,211.122,77872
2026-01-28 04:00:00,211.122,211.169,210.408,210.705,72059
2026-01-28 08:00:00,210.705,210.845,210.3,210.536,139231
2026-01-28 12:00:00,210.537,210.551,210.054,210.46,128882
2026-01-28 16:00:00,210.46,211.896,210.447,211.685,207851
2026-01-28 20:00:00,211.685,212.014,211.56,211.858,132419
2026-01-29 00:00:00,211.628,211.846,211.315,211.543,96798
2026-01-29 04:00:00,211.543,211.843,211.317,211.73,81761
2026-01-29 08:00:00,211.73,212.161,211.575,211.608,126135
2026-01-29 12:00:00,211.608,211.816,211.409,211.688,122507
2026-01-29 16:00:00,211.687,211.912,210.035,210.956,264411
2026-01-29 20:00:00,210.956,211.512,210.928,211.472,132510
2026-01-30 00:00:00,211.082,211.683,210.862,211.582,118929
2026-01-30 04:00:00,211.582,211.91,211.293,211.722,154914
2026-01-30 08:00:00,211.722,211.992,211.495,211.881,165444
2026-01-30 12:00:00,211.881,212.155,211.732,212.153,171179
2026-01-30 16:00:00,212.153,212.462,211.524,211.714,224426
2026-01-30 20:00:00,211.715,211.858,211.491,211.779,147862
2026-02-02 00:00:00,211.965,212.724,211.846,212.291,131648
2026-02-02 04:00:00,212.291,212.366,211.581,211.758,127968
2026-02-02 08:00:00,211.758,212.268,211.268,212.168,148896
2026-02-02 12:00:00,212.168,212.344,211.896,211.905,123609
2026-02-02 16:00:00,211.905,212.488,211.777,212.406,206683
2026-02-02 20:00:00,212.405,212.658,212.395,212.654,78684
2026-02-03 00:00:00,212.587,212.858,212.401,212.763,77379
2026-02-03 04:00:00,212.765,212.852,212.533,212.774,98288
2026-02-03 08:00:00,212.774,213.135,212.71,213.022,148403
2026-02-03 12:00:00,213.027,213.325,212.847,213.079,90657
2026-02-03 16:00:00,213.079,213.459,212.968,213.269,124063
2026-02-03 20:00:00,213.266,213.424,212.843,213.367,72672
2026-02-04 00:00:00,213.115,214.068,213.027,214.005,52165
2026-02-04 04:00:00,214.005,214.456,213.981,214.363,58488
2026-02-04 08:00:00,214.363,214.852,214.319,214.695,77441
2026-02-04 12:00:00,214.696,215.003,214.56,214.581,78757
2026-02-04 16:00:00,214.581,214.638,213.659,213.784,128607
2026-02-04 20:00:00,213.784,214.323,213.713,214.171,75057
2026-02-05 00:00:00,214.13,214.236,213.884,214.085,38072
2026-02-05 04:00:00,214.085,214.123,213.46,213.799,51854
2026-02-05 08:00:00,213.799,214.199,213.186,213.401,77925
2026-02-05 12:00:00,213.402,213.959,212.549,212.738,109148
2026-02-05 16:00:00,212.737,212.9,211.767,212.48,127560
2026-02-05 20:00:00,212.48,212.701,212.326,212.476,52577
2026-02-06 00:00:00,212.254,212.621,211.586,212.116,57691
2026-02-06 04:00:00,212.117,212.718,212.092,212.715,45858
2026-02-06 08:00:00,212.715,213.288,212.521,213.211,69823
2026-02-06 12:00:00,213.212,213.604,212.987,213.235,59559
2026-02-06 16:00:00,213.235,213.904,213.155,213.86,88417
2026-02-06 20:00:00,213.86,214.048,213.804,214.001,40325
2026-02-09 00:00:00,214.12,214.468,212.583,213.04,106164
2026-02-09 04:00:00,213.04,213.508,213.007,213.213,67315
2026-02-09 08:00:00,213.213,213.213,212.545,213.039,124594
2026-02-09 12:00:00,213.039,213.709,212.815,212.856,135573
2026-02-09 16:00:00,212.856,213.391,212.12,213.213,117784
2026-02-09 20:00:00,213.226,213.572,213.157,213.535,55991
2026-02-10 00:00:00,213.136,213.72,213.03,213.098,42029
2026-02-10 04:00:00,213.097,213.245,212.157,212.427,45157
2026-02-10 08:00:00,212.426,212.782,212.165,212.238,62297
2026-02-10 12:00:00,212.24,212.508,211.634,211.714,78400
2026-02-10 16:00:00,211.714,211.768,210.533,210.776,105884
2026-02-10 20:00:00,210.776,210.883,210.48,210.608,49700
2026-02-11 00:00:00,210.581,210.672,209.933,210.083,45423
2026-02-11 04:00:00,210.082,210.105,209.126,209.192,42665
2026-02-11 08:00:00,209.192,210.008,208.976,209.809,68000
2026-02-11 12:00:00,209.808,210.525,208.657,209.838,98070
2026-02-11 16:00:00,209.838,210.116,208.429,208.727,164394
2026-02-11 20:00:00,208.728,208.908,208.163,208.883,85799
2026-02-12 00:00:00,208.436,209.008,208.333,208.48,48038
2026-02-12 04:00:00,208.48,208.62,207.624,208.538,60767
2026-02-12 08:00:00,208.54,208.966,208.356,208.705,85118
2026-02-12 12:00:00,208.707,209.553,208.578,209.194,74528
2026-02-12 16:00:00,209.194,209.277,207.548,208.162,154390
2026-02-12 20:00:00,208.162,208.39,207.895,208.075,92284
2026-02-13 00:00:00,207.824,208.784,207.685,208.702,63204
2026-02-13 04:00:00,208.7,208.756,208.096,208.535,51624
2026-02-13 08:00:00,208.535,209.332,208.296,209.095,83417
2026-02-13 12:00:00,209.095,209.234,208.33,208.658,87811
2026-02-13 16:00:00,208.659,208.97,208.027,208.551,121225
2026-02-13 20:00:00,208.551,208.699,208.325,208.469,55831
2026-02-16 00:00:00,208.291,208.892,208.023,208.765,56203
2026-02-16 04:00:00,208.765,209.009,208.684,208.939,45271
2026-02-16 08:00:00,208.94,209.643,208.87,209.523,79301
2026-02-16 12:00:00,209.522,209.682,208.946,209.044,75074
2026-02-16 16:00:00,209.044,209.269,208.955,209.124,64068
2026-02-16 20:00:00,209.123,209.26,209.116,209.202,16238
2026-02-17 00:00:00,209.079,209.492,208.498,208.532,56090
2026-02-17 04:00:00,208.53,208.668,208.028,208.115,56838
2026-02-17 08:00:00,208.115,208.238,207.333,207.807,91819
2026-02-17 12:00:00,207.81,208.214,207.22,207.3,95722
2026-02-17 16:00:00,207.301,207.935,207.256,207.897,183858
2026-02-17 20:00:00,207.897,208.006,207.738,207.955,74403
2026-02-18 00:00:00,207.472,208.047,207.472,208.039,46222
2026-02-18 04:00:00,208.039,208.314,208.003,208.073,44366
2026-02-18 08:00:00,208.073,208.726,207.779,208.661,74275
2026-02-18 12:00:00,208.661,208.83,208.478,208.612,72768
2026-02-18 16:00:00,208.612,209.214,208.538,208.947,118893
2026-02-18 20:00:00,208.949,209.114,208.53,208.935,74831
2026-02-19 00:00:00,208.769,209.152,208.626,209.126,45705
2026-02-19 04:00:00,209.126,209.465,208.843,209.457,56570
2026-02-19 08:00:00,209.459,209.533,208.866,209.054,77531
2026-02-19 12:00:00,209.054,209.091,208.066,208.613,87762
2026-02-19 16:00:00,208.614,208.888,208.258,208.53,130976
2026-02-19 20:00:00,208.531,208.839,208.433,208.694,47171
2026-02-20 00:00:00,208.461,208.943,208.437,208.617,30604
2026-02-20 04:00:00,208.617,208.817,208.372,208.783,27927
2026-02-20 08:00:00,208.783,209.495,208.53,209.258,46728
2026-02-20 12:00:00,209.256,209.61,208.946,209.586,44517
2026-02-20 16:00:00,209.59,209.688,208.958,209.062,91639
2026-02-20 20:00:00,209.062,209.262,208.952,209.049,48194
2026-02-23 00:00:00,208.867,209.064,208.201,208.472,90290
2026-02-23 04:00:00,208.472,208.817,208.353,208.8,68847
2026-02-23 08:00:00,208.789,209.199,208.689,209.117,101701
2026-02-23 12:00:00,209.118,209.224,208.669,208.814,79320
2026-02-23 16:00:00,208.815,209.111,208.097,208.36,82260
2026-02-23 20:00:00,208.36,208.854,208.34,208.75,41480
2026-02-24 00:00:00,208.514,209.143,208.378,209.06,82997
2026-02-24 04:00:00,209.065,209.393,208.924,209.295,84616
2026-02-24 08:00:00,209.294,210.725,208.967,210.387,143671
2026-02-24 12:00:00,210.388,210.476,209.974,210.439,109040
2026-02-24 16:00:00,210.442,210.842,210.297,210.538,152386
2026-02-24 20:00:00,210.538,210.553,210.267,210.341,70623
2026-02-25 00:00:00,210.178,210.516,210.077,210.314,59893
2026-02-25 04:00:00,210.314,210.841,209.992,210.392,112222
2026-02-25 08:00:00,210.392,211.702,210.304,211.587,121026
2026-02-25 12:00:00,211.588,212.028,211.496,211.657,106247
2026-02-25 16:00:00,211.658,212.022,211.46,211.907,129575
2026-02-25 20:00:00,211.908,212.117,211.831,212.025,39612
2026-02-26 00:00:00,211.765,212.025,211.444,211.512,58796
2026-02-26 04:00:00,211.511,211.563,211.159,211.448,62173
2026-02-26 08:00:00,211.449,211.625,210.818,211.115,86701
2026-02-26 12:00:00,211.115,211.566,211.028,211.375,83325
2026-02-26 16:00:00,211.375,211.55,210.301,210.355,150230
2026-02-26 20:00:00,210.355,210.687,210.251,210.489,65735
2026-02-27 00:00:00,210.388,210.518,209.97,210.197,56113
2026-02-27 04:00:00,210.196,210.272,209.925,210.195,56459
2026-02-27 08:00:00,210.196,210.834,209.914,210.452,86883
2026-02-27 12:00:00,210.452,210.473,209.789,209.965,90499
2026-02-27 16:00:00,209.965,210.191,209.785,210.032,144534
2026-02-27 20:00:00,210.031,210.489,210.022,210.439,65579
2026-03-02 00:00:00,209.208,210.451,209.162,210.093,126099
2026-03-02 04:00:00,210.093,210.524,210.02,210.369,105261
2026-03-02 08:00:00,210.37,210.407,209.325,209.933,177292
2026-03-02 12:00:00,209.932,211.048,209.871,210.757,147888
2026-03-02 16:00:00,210.756,211.362,210.488,211.084,191306
2026-03-02 20:00:00,211.085,211.109,210.746,210.909,95917
2026-03-03 00:00:00,210.919,211.36,210.663,210.906,73579
2026-03-03 04:00:00,210.905,210.951,210.288,210.333,100390
2026-03-03 08:00:00,210.333,210.379,209.437,209.645,163808
2026-03-03 12:00:00,209.645,210.117,209.424,209.893,181020
2026-03-03 16:00:00,209.892,210.38,209.211,210.274,230267
2026-03-03 20:00:00,210.275,210.736,210.244,210.684,122255
2026-03-04 00:00:00,210.306,210.694,209.784,209.993,92573
2026-03-04 04:00:00,209.995,210.171,209.474,209.83,105416
2026-03-04 08:00:00,209.83,210.452,209.719,210.024,146794
2026-03-04 12:00:00,210.024,210.565,209.963,210.174,164301
2026-03-04 16:00:00,210.174,210.477,209.473,209.735,169398
2026-03-04 20:00:00,209.736,210.152,209.672,209.997,61547
2026-03-05 00:00:00,209.909,210.032,209.351,209.544,80955
2026-03-05 04:00:00,209.544,209.772,209.27,209.288,116927
2026-03-05 08:00:00,209.289,209.917,209.172,209.839,174603
2026-03-05 12:00:00,209.84,210.567,209.699,210.538,141857
2026-03-05 16:00:00,210.538,210.62,209.773,210.188,187322
2026-03-05 20:00:00,210.188,210.482,210.114,210.463,116464
2026-03-06 00:00:00,210.132,210.566,210.009,210.475,69190
2026-03-06 04:00:00,210.474,210.902,210.457,210.817,74005
2026-03-06 08:00:00,210.817,210.987,210.251,210.3,118046
2026-03-06 12:00:00,210.301,210.874,210.269,210.564,164773
2026-03-06 16:00:00,210.565,211.345,210.269,211.241,234144
2026-03-06 20:00:00,211.241,211.537,211.107,211.472,124138
2026-03-09 00:00:00,210.742,211.113,210.591,211.005,119113
2026-03-09 04:00:00,211.005,211.39,210.731,211.045,152232
2026-03-09 08:00:00,211.044,211.49,210.982,211.265,190883
2026-03-09 12:00:00,211.264,211.781,211.114,211.718,198015
2026-03-09 16:00:00,211.717,212.042,211.482,211.76,203157
2026-03-09 20:00:00,211.76,212.173,211.722,211.907,136757
2026-03-10 00:00:00,211.899,212.065,211.689,211.718,76605
2026-03-10 04:00:00,211.717,211.927,211.575,211.797,110526
2026-03-10 08:00:00,211.797,212.262,211.664,212.24,130501
2026-03-10 12:00:00,212.24,212.343,212.062,212.106,154990
2026-03-10 16:00:00,212.105,212.415,211.998,212.13,180566
2026-03-10 20:00:00,212.129,212.232,211.968,212.068,154573
2026-03-11 00:00:00,212.014,212.512,211.91,212.451,52675
2026-03-11 04:00:00,212.464,212.893,212.452,212.718,78386
2026-03-11 08:00:00,212.72,212.786,212.354,212.678,116129
2026-03-11 12:00:00,212.678,212.969,212.388,212.511,155129
2026-03-11 16:00:00,212.51,213.068,212.464,212.981,193363
2026-03-11 20:00:00,212.983,213.303,212.965,213.179,89526
2026-03-12 00:00:00,213.064,213.191,212.736,212.753,57466
2026-03-12 04:00:00,212.753,212.811,212.554,212.619,81940
2026-03-12 08:00:00,212.619,212.77,212.474,212.557,110986
2026-03-12 12:00:00,212.556,212.684,212.421,212.556,122873
2026-03-12 16:00:00,212.556,212.741,212.396,212.495,237588
2026-03-12 20:00:00,212.495,212.871,212.492,212.676,145733
2026-03-13 00:00:00,212.45,212.743,212.316,212.591,79640
2026-03-13 04:00:00,212.595,212.875,212.552,212.629,110523
2026-03-13 08:00:00,212.629,212.648,211.269,211.279,159346
2026-03-13 12:00:00,211.28,211.617,211.078,211.454,168204
2026-03-13 16:00:00,211.455,211.529,211.119,211.38,142645
2026-03-13 20:00:00,211.38,211.515,211.06,211.19,91451
2026-03-16 00:00:00,211.078,211.425,210.858,211.27,72273
2026-03-16 04:00:00,211.27,211.587,211.218,211.426,90646
2026-03-16 08:00:00,211.425,211.485,210.793,211.165,115718
2026-03-16 12:00:00,211.165,211.364,211.001,211.287,135979
2026-03-16 16:00:00,211.287,211.94,211.265,211.863,185989
2026-03-16 20:00:00,211.862,212.116,211.832,211.861,130524
2026-03-17 00:00:00,211.707,211.947,211.637,211.918,47011
2026-03-17 04:00:00,211.918,212.14,211.875,211.95,78530
2026-03-17 08:00:00,211.95,212.086,211.62,212.051,118762
2026-03-17 12:00:00,212.051,212.267,211.814,212.017,131647
2026-03-17 16:00:00,212.017,212.266,211.959,212.129,196543
2026-03-17 20:00:00,212.129,212.484,212.127,212.352,62494
2026-03-18 00:00:00,212.296,212.49,212.072,212.383,82344
2026-03-18 04:00:00,212.383,212.439,212.14,212.216,51796
2026-03-18 08:00:00,212.216,212.282,211.941,212.198,84046
2026-03-18 12:00:00,212.191,212.486,212.174,212.291,124339
2026-03-18 16:00:00,212.293,212.662,212.179,212.645,170167
2026-03-18 20:00:00,212.646,212.729,211.881,211.904,130307
2026-03-19 00:00:00,211.852,212.258,211.676,212.257,45129
2026-03-19 04:00:00,212.258,212.348,211.817,211.904,62603
2026-03-19 08:00:00,211.904,211.998,210.843,210.966,139879
2026-03-19 12:00:00,210.967,211.701,210.957,211.332,186033
2026-03-19 16:00:00,211.33,211.9,210.789,211.278,283871
2026-03-19 20:00:00,211.278,212.158,211.27,211.807,149314
2026-03-20 00:00:00,211.682,212.075,211.547,211.901,41833
2026-03-20 04:00:00,211.901,212.35,211.802,212.27,61219
2026-03-20 08:00:00,212.27,212.773,212.244,212.642,89425
2026-03-20 12:00:00,212.642,212.694,212.214,212.355,151683
2026-03-20 16:00:00,212.355,212.434,211.741,212.19,230646
2026-03-20 20:00:00,212.189,212.603,212.172,212.476,125955
2026-03-23 00:00:00,211.959,212.448,211.713,212.446,71931
2026-03-23 04:00:00,212.449,212.743,212.235,212.375,106924
2026-03-23 08:00:00,212.375,212.604,211.843,212.172,183229
2026-03-23 12:00:00,212.175,213.058,211.57,212.866,364862
2026-03-23 16:00:00,212.866,213.301,212.365,212.651,424508
2026-03-23 20:00:00,212.651,212.827,212.482,212.72,169265
2026-03-24 00:00:00,212.752,212.853,212.349,212.503,67468
2026-03-24 04:00:00,212.503,212.704,212.275,212.636,108088
2026-03-24 08:00:00,212.635,212.979,212.23,212.437,174379
2026-03-24 12:00:00,212.437,212.844,212.371,212.69,164479
2026-03-24 16:00:00,212.69,212.873,212.374,212.673,240492
2026-03-24 20:00:00,212.673,212.925,212.472,212.852,180485
2026-03-25 00:00:00,212.718,213.194,212.466,213.033,75101
2026-03-25 04:00:00,213.032,213.117,212.738,212.764,73419
2026-03-25 08:00:00,212.764,213.203,212.624,212.852,130805
2026-03-25 12:00:00,212.872,213.212,212.754,212.989,141090
2026-03-25 16:00:00,212.99,213.076,212.637,213.038,204193
2026-03-25 20:00:00,213.038,213.197,212.996,213.071,90479
2026-03-26 00:00:00,213.037,213.117,212.861,213.032,35979
2026-03-26 04:00:00,213.032,213.119,212.914,213.078,52644
2026-03-26 08:00:00,213.078,213.1,212.686,212.922,102542
2026-03-26 12:00:00,212.921,213.078,212.698,212.786,107986
2026-03-26 16:00:00,212.785,213.307,212.785,212.932,194834
2026-03-26 20:00:00,212.93,213.095,212.725,212.908,107621
2026-03-27 00:00:00,212.717,213.031,212.577,212.746,45501
2026-03-27 04:00:00,212.751,212.984,212.672,212.971,54461
2026-03-27 08:00:00,212.971,213.09,212.705,212.801,102256
2026-03-27 12:00:00,212.801,212.872,212.215,212.343,114324
2026-03-27 16:00:00,212.342,213.008,212.287,212.612,192254
2026-03-27 20:00:00,212.609,212.802,212.509,212.653,102727
2026-03-30 00:00:00,212.286,212.644,211.863,211.871,68818
2026-03-30 04:00:00,211.866,212.071,211.749,212.015,66475
2026-03-30 08:00:00,212.015,212.103,211.269,211.32,100582
2026-03-30 12:00:00,211.322,211.38,210.778,210.818,104902
2026-03-30 16:00:00,210.817,210.886,210.193,210.303,135183
2026-03-30 20:00:00,210.303,210.599,210.277,210.545,64254
2026-03-31 00:00:00,210.384,211.056,210.293,211.037,47469
2026-03-31 04:00:00,211.037,211.211,210.632,210.635,60452
2026-03-31 08:00:00,210.635,210.958,210.4,210.786,77424
2026-03-31 12:00:00,210.786,211.196,210.704,210.933,106127
2026-03-31 16:00:00,210.933,211.054,209.613,210.063,213600
2026-03-31 20:00:00,210.063,210.422,209.894,209.908,135205
2026-04-01 00:00:00,209.725,210.343,209.648,210.262,53965
2026-04-01 04:00:00,210.262,210.333,209.856,210.201,86930
2026-04-01 08:00:00,210.201,210.771,210.143,210.66,164296
2026-04-01 12:00:00,210.656,211.15,210.572,210.86,156824
2026-04-01 16:00:00,210.86,211.427,210.744,211.407,167570
2026-04-01 20:00:00,211.407,211.436,211.035,211.186,84440
2026-04-02 00:00:00,211.008,211.264,210.868,211.152,41935
2026-04-02 04:00:00,211.157,211.266,210.832,210.871,118205
2026-04-02 08:00:00,210.871,211.069,210.344,210.745,111802
2026-04-02 12:00:00,210.744,210.96,210.46,210.89,91908
2026-04-02 16:00:00,210.891,211.046,210.568,211.015,176874
2026-04-02 20:00:00,211.015,211.205,210.966,210.986,65675
2026-04-03 00:00:00,210.76,211.203,210.72,211.198,26376
2026-04-03 04:00:00,211.198,211.219,210.998,211.111,21204
2026-04-03 08:00:00,211.111,211.301,211.034,211.254,27273
2026-04-03 12:00:00,211.254,211.287,210.39,210.873,46507
2026-04-03 16:00:00,210.877,210.973,210.541,210.611,57298
2026-04-03 20:00:00,210.61,210.746,210.255,210.572,31365
2026-04-06 00:00:00,210.441,210.837,210.207,210.807,49571
2026-04-06 04:00:00,210.807,210.888,210.587,210.831,46059
2026-04-06 08:00:00,210.831,211.393,210.807,211.162,69272
2026-04-06 12:00:00,211.162,211.289,211.092,211.13,63802
2026-04-06 16:00:00,211.129,211.54,211.11,211.315,110430
2026-04-06 20:00:00,211.316,211.406,211.192,211.351,57124
2026-04-07 00:00:00,211.32,211.5,211.151,211.468,39033
2026-04-07 04:00:00,211.468,211.519,211.225,211.372,45144
2026-04-07 08:00:00,211.372,211.873,211.232,211.853,100873
2026-04-07 12:00:00,211.853,211.873,211.458,211.717,107047
2026-04-07 16:00:00,211.718,211.989,211.555,211.863,137622
2026-04-07 20:00:00,211.863,212.302,211.846,212.287,94833
2026-04-08 00:00:00,212.058,212.788,211.953,212.439,130912
2026-04-08 04:00:00,212.439,212.652,212.135,212.443,95585
2026-04-08 08:00:00,212.444,212.766,212.266,212.631,136440
2026-04-08 12:00:00,212.631,213.149,212.527,212.897,120433
2026-04-08 16:00:00,212.897,212.994,212.618,212.667,157851
2026-04-08 20:00:00,212.666,212.694,212.414,212.414,96232
2026-04-09 00:00:00,212.325,212.734,212.233,212.723,31392
2026-04-09 04:00:00,212.725,212.768,212.555,212.679,46357
2026-04-09 08:00:00,212.681,213.153,212.628,213.113,80270
2026-04-09 12:00:00,213.113,213.399,213.058,213.314,80361
2026-04-09 16:00:00,213.313,213.785,213.237,213.434,146377
2026-04-09 20:00:00,213.433,213.845,213.433,213.615,65895
2026-04-10 00:00:00,213.375,213.746,213.373,213.697,28938
2026-04-10 04:00:00,213.698,213.741,213.54,213.635,38218
2026-04-10 08:00:00,213.637,213.845,213.605,213.815,64740
2026-04-10 12:00:00,213.817,214.205,213.727,214.189,79289
2026-04-10 16:00:00,214.19,214.46,214.095,214.308,105599
2026-04-10 20:00:00,214.309,214.574,214.288,214.525,46352
2026-04-13 00:00:00,213.59,214.174,213.483,214.046,52972
2026-04-13 04:00:00,214.046,214.16,213.959,214.099,51485
2026-04-13 08:00:00,214.099,214.464,213.991,214.438,75011
2026-04-13 12:00:00,214.44,214.695,214.376,214.627,72046
2026-04-13 16:00:00,214.627,215.039,214.549,214.947,141840
2026-04-13 20:00:00,214.949,215.36,214.867,215.349,68571
2026-04-14 00:00:00,215.183,215.359,215.022,215.09,27973
2026-04-14 04:00:00,215.09,215.164,214.895,214.973,36320
2026-04-14 08:00:00,214.975,215.377,214.904,215.324,95361
2026-04-14 12:00:00,215.327,215.706,215.087,215.639,97211
2026-04-14 16:00:00,215.641,215.771,215.406,215.49,116268
2026-04-14 20:00:00,215.492,215.534,215.321,215.458,41653
2026-04-15 00:00:00,215.323,215.642,215.239,215.55,39997
2026-04-15 04:00:00,215.552,215.744,215.547,215.703,37659
2026-04-15 08:00:00,215.705,215.79,215.177,215.359,77628
2026-04-15 12:00:00,215.359,215.678,215.231,215.661,98730
2026-04-15 16:00:00,215.667,215.831,215.463,215.635,111686
2026-04-15 20:00:00,215.635,215.907,215.543,215.607,49773
2026-04-16 00:00:00,215.54,215.636,215.315,215.459,30807
2026-04-16 04:00:00,215.46,215.575,215.114,215.478,51084
2026-04-16 08:00:00,215.48,215.742,215.348,215.425,84811
2026-04-16 12:00:00,215.425,215.557,215.229,215.535,73379
2026-04-16 16:00:00,215.536,215.646,215.149,215.333,116977
2026-04-16 20:00:00,215.331,215.463,215.25,215.292,46357
2026-04-17 00:00:00,215.135,215.483,215.083,215.41,25344
2026-04-17 04:00:00,215.409,215.66,215.319,215.625,30131
2026-04-17 08:00:00,215.626,215.69,215.231,215.325,70732
2026-04-17 12:00:00,215.323,215.454,215.134,215.161,94735
2026-04-17 16:00:00,215.161,215.206,213.992,214.199,197694
2026-04-17 20:00:00,214.198,214.486,214.188,214.389,80052
2026-04-20 00:00:00,214.105,214.724,214.046,214.576,47202
2026-04-20 04:00:00,214.576,214.659,214.399,214.579,38545
2026-04-20 08:00:00,214.58,214.756,214.306,214.573,108365
2026-04-20 12:00:00,214.57,214.87,214.495,214.729,98442
2026-04-20 16:00:00,214.727,214.916,214.523,214.791,148454
2026-04-20 20:00:00,214.788,215.094,214.769,214.998,59538
2026-04-21 00:00:00,214.832,215.038,214.571,214.97,34116
2026-04-21 04:00:00,214.971,215.038,214.803,214.82,29749
2026-04-21 08:00:00,214.817,215.027,214.584,214.923,84536
2026-04-21 12:00:00,214.924,215.228,214.854,215.123,79650
2026-04-21 16:00:00,215.123,215.417,215.043,215.246,125982
2026-04-21 20:00:00,215.245,215.308,215.009,215.247,123478
2026-04-22 00:00:00,215.016,215.366,214.935,215.201,44967
2026-04-22 04:00:00,215.201,215.352,215.101,215.224,42917
2026-04-22 08:00:00,215.224,215.598,215.066,215.574,94967
2026-04-22 12:00:00,215.574,215.658,214.908,215.028,82558
2026-04-22 16:00:00,215.031,215.426,214.99,215.386,120258
2026-04-22 20:00:00,215.387,215.535,215.311,215.356,46151
2026-04-23 00:00:00,215.262,215.378,215.121,215.232,38778
2026-04-23 04:00:00,215.232,215.287,215.057,215.224,53430
2026-04-23 08:00:00,215.224,215.677,215.172,215.655,63895
2026-04-23 12:00:00,215.655,215.733,215.118,215.118,94995
2026-04-23 16:00:00,215.118,215.536,215.032,215.129,106322
2026-04-23 20:00:00,215.128,215.159,214.931,215.043,109758
2026-04-24 00:00:00,214.893,215.212,214.792,215.204,27535
2026-04-24 04:00:00,215.205,215.256,214.995,215.101,39791
2026-04-24 08:00:00,215.103,215.327,214.93,215.242,61958
2026-04-24 12:00:00,215.241,215.48,215.075,215.402,95354
2026-04-24 16:00:00,215.401,215.489,215.228,215.446,116460
2026-04-24 20:00:00,215.446,215.771,215.403,215.692,49790
2026-04-27 00:00:00,215.32,215.717,215.275,215.625,39773
2026-04-27 04:00:00,215.625,215.742,215.555,215.609,81995
2026-04-27 08:00:00,215.608,215.757,215.51,215.71,113670
2026-04-27 12:00:00,215.709,216.055,215.628,215.714,114730
2026-04-27 16:00:00,215.721,215.964,215.523,215.854,149646
2026-04-27 20:00:00,215.854,215.869,215.694,215.749,69531
2026-04-28 00:00:00,215.716,215.835,215.572,215.782,37284
2026-04-28 04:00:00,215.782,215.819,215.117,215.229,67851
2026-04-28 08:00:00,215.229,215.678,214.934,215.366,84957
2026-04-28 12:00:00,215.37,215.411,215.029,215.134,58143
2026-04-28 16:00:00,215.148,215.649,215.092,215.631,66512
2026-04-28 20:00:00,215.623,215.82,215.574,215.788,39065
2026-04-29 00:00:00,215.588,215.842,215.48,215.767,13877
2026-04-29 04:00:00,215.785,215.842,215.643,215.702,29996
2026-04-29 08:00:00,215.702,215.744,215.478,215.678,40778
2026-04-29 12:00:00,215.677,216.009,215.633,215.964,44618
2026-04-29 16:00:00,215.968,216.281,215.786,216.102,68741
2026-04-29 20:00:00,216.103,216.24,215.75,216.203,55488
2026-04-30 00:00:00,216.001,216.235,215.859,216.144,26369
2026-04-30 04:00:00,216.139,216.191,215.978,216.087,43019
2026-04-30 08:00:00,216.088,216.589,215.011,215.173,67091
2026-04-30 12:00:00,215.171,215.278,210.43,211.907,217619
2026-04-30 16:00:00,211.908,213.067,211.115,212.594,220432
2026-04-30 20:00:00,212.594,213.046,212.478,213.024,102492
2026-05-01 00:00:00,212.855,213.959,212.742,213.688,49760
2026-05-01 04:00:00,213.689,214.045,213.593,213.788,63250
2026-05-01 08:00:00,213.788,213.848,211.782,212.927,136637
2026-05-01 12:00:00,212.93,213.484,212.792,213.432,105761
2026-05-01 16:00:00,213.432,213.661,213.026,213.426,164534
2026-05-01 20:00:00,213.424,213.433,213.035,213.185,85950
2026-05-04 00:00:00,213.006,213.214,212.965,213.186,40358
2026-05-04 04:00:00,213.185,213.62,211.739,212.941,112790
2026-05-04 08:00:00,212.941,213.241,212.709,212.822,106732
2026-05-04 12:00:00,212.824,213.067,212.542,213.041,142684
2026-05-04 16:00:00,213.041,213.115,212.513,212.602,181426
2026-05-04 20:00:00,212.602,212.846,211.872,212.748,106566
2026-05-05 00:00:00,212.623,212.781,212.448,212.619,31612
2026-05-05 04:00:00,212.618,212.752,212.563,212.581,43324
2026-05-05 08:00:00,212.58,213.091,212.539,212.982,99487
2026-05-05 12:00:00,212.981,213.729,212.759,213.663,123021
2026-05-05 16:00:00,213.663,214.067,213.646,213.89,80958
2026-05-05 20:00:00,213.891,213.981,213.738,213.773,58888
2026-05-06 00:00:00,213.566,214.021,213.563,213.928,57177
2026-05-06 04:00:00,213.928,214.231,210.717,211.886,125743
2026-05-06 08:00:00,211.886,212.721,211.665,212.53,163853
2026-05-06 12:00:00,212.53,212.773,212.238,212.714,194341
2026-05-06 16:00:00,212.71,212.758,212.348,212.462,170540
2026-05-06 20:00:00,212.462,212.719,212.45,212.52,88596
2026-05-07 00:00:00,212.395,212.749,212.239,212.479,48594
2026-05-07 04:00:00,212.48,212.689,212.271,212.596,69306
2026-05-07 08:00:00,212.597,212.938,212.397,212.912,108737
2026-05-07 12:00:00,212.913,213.121,212.808,212.903,108209
2026-05-07 16:00:00,212.901,213.092,212.844,212.911,153885
2026-05-07 20:00:00,212.912,212.968,212.607,212.682,127328
2026-05-08 00:00:00,212.405,212.75,212.216,212.706,41653
2026-05-08 04:00:00,212.705,212.856,212.532,212.746,58143
2026-05-08 08:00:00,212.746,213.325,212.742,213.311,89871
2026-05-08 12:00:00,213.312,213.393,213.049,213.233,104164
2026-05-08 16:00:00,213.231,213.483,213.099,213.371,131809
2026-05-08 20:00:00,213.373,213.708,213.313,213.673,64822
2026-05-11 00:00:00,212.033,213.491,212.023,213.422,36881
2026-05-11 04:00:00,213.423,213.652,213.342,213.396,52513
2026-05-11 08:00:00,213.395,213.803,213.316,213.755,76378
2026-05-11 12:00:00,213.745,213.866,213.456,213.851,95020
2026-05-11 16:00:00,213.851,214.419,213.833,214.374,117718
2026-05-11 20:00:00,214.376,214.421,213.937,213.968,61766
2026-05-12 00:00:00,213.781,214.018,213.671,213.996,29101
2026-05-12 04:00:00,213.996,214.199,213.94,214.067,56880
2026-05-12 08:00:00,214.067,214.138,212.732,213.25,135374
2026-05-12 12:00:00,213.25,213.489,212.939,213.28,117080
2026-05-12 16:00:00,213.279,213.399,212.927,213.233,154565
2026-05-12 20:00:00,213.234,213.437,213.124,213.381,74154
2026-05-13 00:00:00,213.189,213.526,213.138,213.484,26395
2026-05-13 04:00:00,213.489,213.524,213.301,213.446,48613
2026-05-13 08:00:00,213.446,213.695,213.294,213.409,82242
2026-05-13 12:00:00,213.41,213.445,212.833,212.928,94879
2026-05-13 16:00:00,212.929,213.472,212.919,213.338,111826
2026-05-13 20:00:00,213.337,213.557,213.3,213.511,62655
2026-05-14 00:00:00,213.42,213.582,212.94,213.554,24694
2026-05-14 04:00:00,213.554,213.706,213.123,213.547,46364
2026-05-14 08:00:00,213.55,213.598,213.247,213.463,75393
2026-05-14 12:00:00,213.467,213.491,213.17,213.369,74888
2026-05-14 16:00:00,213.37,213.416,212.442,212.617,130232
2026-05-14 20:00:00,212.616,212.651,211.869,212.253,70515
2026-05-15 00:00:00,212.13,212.261,211.883,212.038,39853
2026-05-15 04:00:00,212.038,212.051,211.762,211.824,67084
2026-05-15 08:00:00,211.824,211.899,211.414,211.608,117426
2026-05-15 12:00:00,211.606,212.065,211.275,211.737,117236
2026-05-15 16:00:00,211.737,211.946,211.314,211.558,144012
2026-05-15 20:00:00,211.558,211.623,211.382,211.455,83921
2026-05-18 00:00:00,211.244,211.575,211.117,211.519,53291
2026-05-18 04:00:00,211.52,211.811,211.373,211.683,93606
2026-05-18 08:00:00,211.683,212.554,211.655,212.448,118355
2026-05-18 12:00:00,212.449,212.712,212.102,212.554,139010
2026-05-18 16:00:00,212.555,213.544,212.406,213.423,178843
2026-05-18 20:00:00,213.422,213.495,213.153,213.387,120444
2026-05-19 00:00:00,213.258,213.474,213.038,213.366,35260
2026-05-19 04:00:00,213.366,213.395,213.108,213.151,77739
2026-05-19 08:00:00,213.151,213.361,212.987,213.126,99680
2026-05-19 12:00:00,213.124,213.51,212.812,213.261,108538
2026-05-19 16:00:00,213.264,213.296,212.627,212.809,175736
2026-05-19 20:00:00,212.791,213.203,212.791,213.146,79784
2026-05-20 00:00:00,213.031,213.143,212.848,212.867,47035
2026-05-20 04:00:00,212.868,212.958,212.741,212.88,84353
2026-05-20 08:00:00,212.881,213.007,212.576,212.823,102110
2026-05-20 12:00:00,212.821,213.17,212.802,213.04,85365
2026-05-20 16:00:00,213.04,213.6,212.985,213.496,187862
2026-05-20 20:00:00,213.496,213.617,213.436,213.49,92870
2026-05-21 00:00:00,213.403,213.519,213.331,213.455,32795
2026-05-21 04:00:00,213.455,213.57,213.269,213.555,54592
2026-05-21 08:00:00,213.555,213.816,213.354,213.579,112822
2026-05-21 12:00:00,213.58,213.771,213.438,213.485,117419
2026-05-21 16:00:00,213.483,213.583,213.27,213.364,154155
2026-05-21 20:00:00,213.365,213.704,213.35,213.568,128217
2026-05-22 00:00:00,213.249,213.629,213.211,213.573,37702
2026-05-22 04:00:00,213.57,213.629,213.453,213.618,50061
2026-05-22 08:00:00,213.618,213.732,213.43,213.56,72356
2026-05-22 12:00:00,213.562,213.732,213.479,213.723,79488
2026-05-22 16:00:00,213.723,214.047,213.54,213.95,131189
2026-05-22 20:00:00,213.947,214.009,213.788,213.84,78252
2026-05-25 00:00:00,213.588,214.303,213.364,214.17,38729
2026-05-25 04:00:00,214.17,214.228,214.035,214.184,40352
2026-05-25 08:00:00,214.184,214.435,214.176,214.429,70821
2026-05-25 12:00:00,214.43,214.605,214.37,214.521,59724
2026-05-25 16:00:00,214.52,214.597,214.405,214.564,62024
2026-05-25 20:00:00,214.563,214.683,214.544,214.648,20870
2026-05-26 00:00:00,214.433,214.631,214.326,214.515,36310
2026-05-26 04:00:00,214.516,214.544,214.299,214.346,60533
2026-05-26 08:00:00,214.346,214.64,214.25,214.523,84255
2026-05-26 12:00:00,214.523,214.674,214.372,214.409,84221
2026-05-26 16:00:00,214.409,214.508,214.057,214.118,116337
2026-05-26 20:00:00,214.114,214.316,214.098,214.235,51590
2026-05-27 00:00:00,214.142,214.348,214.093,214.312,29847
2026-05-27 04:00:00,214.313,214.326,214.145,214.229,44023
2026-05-27 08:00:00,214.235,214.415,214.17,214.322,63427
2026-05-27 12:00:00,214.322,214.368,214.115,214.249,91041
2026-05-27 16:00:00,214.249,214.477,213.992,214.21,130193
2026-05-27 20:00:00,214.21,214.281,214.058,214.224,59594
2026-05-28 00:00:00,214.036,214.208,213.962,214.011,29359
2026-05-28 04:00:00,214.011,214.028,213.316,213.473,67471
2026-05-28 08:00:00,213.473,213.888,213.404,213.687,83224
2026-05-28 12:00:00,213.688,213.885,213.407,213.872,88712
2026-05-28 16:00:00,213.873,214.128,213.794,214.015,146085
2026-05-28 20:00:00,214.014,214.083,213.963,214.07,70522
2026-05-29 00:00:00,214.005,214.184,213.89,214.099,27258
2026-05-29 04:00:00,214.098,214.214,214.005,214.054,47525
2026-05-29 08:00:00,214.054,214.164,213.58,213.628,68647
2026-05-29 12:00:00,213.618,213.952,213.571,213.937,82792
2026-05-29 16:00:00,213.938,214.632,213.888,214.389,143219
2026-05-29 20:00:00,214.379,214.541,214.276,214.286,78687
