time,open,high,low,close,volume
2022-01-27 00:00:00,1.34618,1.34679,1.34425,1.34506,4430
2022-01-27 04:00:00,1.34504,1.34504,1.34306,1.34322,6539
2022-01-27 08:00:00,1.3432,1.3433,1.34056,1.34263,10699
2022-01-27 12:00:00,1.34267,1.34315,1.33579,1.33798,13408
2022-01-27 16:00:00,1.33799,1.34066,1.3366,1.33725,12328
2022-01-27 20:00:00,1.33724,1.339,1.33669,1.33814,7931
2022-01-28 00:00:00,1.33772,1.33947,1.33742,1.33939,4381
2022-01-28 04:00:00,1.33939,1.34152,1.33913,1.34128,4168
2022-01-28 08:00:00,1.3412899999999999,1.34146,1.33653,1.33818,7742
2022-01-28 12:00:00,1.33819,1.34265,1.33698,1.34263,12376
2022-01-28 16:00:00,1.34267,1.34328,1.33883,1.3388499999999999,11859
2022-01-28 20:00:00,1.3388499999999999,1.34009,1.33737,1.33952,7087
2022-01-31 00:00:00,1.3391600000000001,1.34142,1.33866,1.34134,3591
2022-01-31 04:00:00,1.34134,1.34204,1.34078,1.34174,4072
2022-01-31 08:00:00,1.34173,1.34488,1.34149,1.34449,8024
2022-01-31 12:00:00,1.34448,1.34481,1.33935,1.34428,9705
2022-01-31 16:00:00,1.34428,1.34547,1.34058,1.34364,10513
2022-01-31 20:00:00,1.34364,1.34605,1.34354,1.34452,7030
2022-02-01 00:00:00,1.34426,1.34484,1.3434599999999999,1.34386,2594
2022-02-01 04:00:00,1.34386,1.34571,1.34355,1.3453,3740
2022-02-01 08:00:00,1.34531,1.35012,1.34427,1.34979,8985
2022-02-01 12:00:00,1.3498,1.35141,1.34762,1.34955,8545
2022-02-01 16:00:00,1.34952,1.35191,1.34859,1.3506,9627
2022-02-01 20:00:00,1.3506,1.35279,1.3505,1.35245,4282
2022-02-02 00:00:00,1.35157,1.35271,1.35147,1.3525800000000001,1952
2022-02-02 04:00:00,1.35257,1.35273,1.35165,1.3519999999999999,2202
2022-02-02 08:00:00,1.35199,1.35479,1.35196,1.35413,5613
2022-02-02 12:00:00,1.3541400000000001,1.35868,1.35357,1.35605,6913
2022-02-02 16:00:00,1.3560699999999999,1.35833,1.35544,1.35774,9162
2022-02-02 20:00:00,1.35775,1.35865,1.3568799999999999,1.3572600000000001,3910
2022-02-03 00:00:00,1.35743,1.35757,1.35564,1.35648,2613
2022-02-03 04:00:00,1.35648,1.35672,1.35508,1.35528,4268
2022-02-03 08:00:00,1.35527,1.35614,1.3547500000000001,1.35579,7731
2022-02-03 12:00:00,1.35582,1.36277,1.35379,1.35812,13943
2022-02-03 16:00:00,1.35806,1.36194,1.35691,1.36073,8986
2022-02-03 20:00:00,1.36074,1.3608799999999999,1.3585099999999999,1.3599999999999999,5178
2022-02-04 00:00:00,1.3597299999999999,1.3612,1.35904,1.36042,3004
2022-02-04 04:00:00,1.36041,1.36148,1.35946,1.35968,4128
2022-02-04 08:00:00,1.35969,1.35978,1.35659,1.3569,10129
2022-02-04 12:00:00,1.35691,1.35796,1.3505,1.3512,10093
2022-02-04 16:00:00,1.35121,1.35511,1.35079,1.3534,11233
2022-02-04 20:00:00,1.35339,1.35477,1.35237,1.35284,5285
2022-02-07 00:00:00,1.35349,1.35474,1.3527,1.35328,3932
2022-02-07 04:00:00,1.3533,1.35351,1.35155,1.35199,5018
2022-02-07 08:00:00,1.35199,1.35507,1.35151,1.35158,9764
2022-02-07 12:00:00,1.35158,1.35242,1.34906,1.35209,10365
2022-02-07 16:00:00,1.3521,1.35359,1.35019,1.35167,12103
2022-02-07 20:00:00,1.35168,1.35379,1.35157,1.35348,4498
2022-02-08 00:00:00,1.3535300000000001,1.35388,1.35236,1.35355,3433
2022-02-08 04:00:00,1.3535599999999999,1.35365,1.3511600000000001,1.3518,4259
2022-02-08 08:00:00,1.35179,1.35548,1.35077,1.35513,8779
2022-02-08 12:00:00,1.35514,1.35639,1.35157,1.35386,8818
2022-02-08 16:00:00,1.35385,1.35564,1.3535599999999999,1.35445,9218
2022-02-08 20:00:00,1.35446,1.35556,1.35375,1.35473,4843
2022-02-09 00:00:00,1.35405,1.35555,1.35367,1.35555,2207
2022-02-09 04:00:00,1.35555,1.35663,1.35549,1.35565,3456
2022-02-09 08:00:00,1.3556599999999999,1.35735,1.35375,1.35694,6807
2022-02-09 12:00:00,1.35694,1.35891,1.3564,1.35788,7175
2022-02-09 16:00:00,1.3578999999999999,1.3578999999999999,1.35298,1.35386,8520
2022-02-09 20:00:00,1.35385,1.35411,1.3526799999999999,1.3535,3870
2022-02-10 00:00:00,1.35337,1.35372,1.3526500000000001,1.35313,2857
2022-02-10 04:00:00,1.35314,1.35364,1.35263,1.35315,3870
2022-02-10 08:00:00,1.35314,1.35741,1.35289,1.35715,7659
2022-02-10 12:00:00,1.35717,1.35805,1.3523800000000001,1.35436,8954
2022-02-10 16:00:00,1.35432,1.36436,1.3523100000000001,1.3611,13128
2022-02-10 20:00:00,1.36109,1.36206,1.35415,1.35592,9404
2022-02-11 00:00:00,1.35567,1.3564,1.3533,1.35494,4358
2022-02-11 04:00:00,1.35492,1.35553,1.35203,1.35332,4634
2022-02-11 08:00:00,1.35333,1.3569,1.3514,1.3556599999999999,9158
2022-02-11 12:00:00,1.35565,1.35989,1.35469,1.3575300000000001,8582
2022-02-11 16:00:00,1.35754,1.36096,1.35674,1.36013,14688
2022-02-11 20:00:00,1.36012,1.36052,1.35415,1.3560699999999999,16992
2022-02-14 00:00:00,1.3550200000000001,1.35717,1.35496,1.35527,4150
2022-02-14 04:00:00,1.35524,1.35524,1.35346,1.35456,3584
2022-02-14 08:00:00,1.35458,1.35459,1.3495,1.35126,8780
2022-02-14 12:00:00,1.35124,1.35473,1.35019,1.3526500000000001,10180
2022-02-14 16:00:00,1.35267,1.35397,1.35091,1.35317,11804
2022-02-14 20:00:00,1.35318,1.35407,1.3515,1.35339,8550
2022-02-15 00:00:00,1.35193,1.35461,1.35191,1.3537,2706
2022-02-15 04:00:00,1.35369,1.35435,1.35293,1.35301,4190
2022-02-15 08:00:00,1.35301,1.35669,1.35276,1.35523,8373
2022-02-15 12:00:00,1.35523,1.35632,1.35294,1.35413,8218
2022-02-15 16:00:00,1.35413,1.35521,1.3486500000000001,1.35321,9827
2022-02-15 20:00:00,1.35327,1.3543,1.35277,1.3543,4969
2022-02-16 00:00:00,1.35316,1.3547,1.3528,1.35463,2577
2022-02-16 04:00:00,1.35463,1.35533,1.35385,1.3551199999999999,3001
2022-02-16 08:00:00,1.35514,1.35738,1.35481,1.35623,6868
2022-02-16 12:00:00,1.35622,1.35744,1.3541,1.35476,7664
2022-02-16 16:00:00,1.35477,1.35916,1.35418,1.35812,9091
2022-02-16 20:00:00,1.35812,1.36008,1.35704,1.35834,7999
2022-02-17 00:00:00,1.35795,1.35933,1.35775,1.35903,3031
2022-02-17 04:00:00,1.35903,1.35975,1.35556,1.3583,6111
2022-02-17 08:00:00,1.35829,1.36084,1.35682,1.3603399999999999,13117
2022-02-17 12:00:00,1.36033,1.36285,1.35962,1.36191,11296
2022-02-17 16:00:00,1.36192,1.3638,1.36086,1.3624100000000001,15100
2022-02-17 20:00:00,1.36245,1.36315,1.36134,1.36145,6049
2022-02-18 00:00:00,1.36134,1.36205,1.3603100000000001,1.3608500000000001,5946
2022-02-18 04:00:00,1.36086,1.36139,1.35999,1.36091,4279
2022-02-18 08:00:00,1.3609,1.3642699999999999,1.36063,1.36219,8482
2022-02-18 12:00:00,1.36221,1.36285,1.3601,1.36067,10548
2022-02-18 16:00:00,1.36068,1.3611900000000001,1.35732,1.35835,14768
2022-02-18 20:00:00,1.35835,1.36059,1.3582,1.35928,5829
2022-02-21 00:00:00,1.3587500000000001,1.36165,1.35826,1.36133,5520
2022-02-21 04:00:00,1.36134,1.3624399999999999,1.3612199999999999,1.36182,5453
2022-02-21 08:00:00,1.3618299999999999,1.36382,1.3618299999999999,1.36351,7889
2022-02-21 12:00:00,1.3635,1.36384,1.3594,1.36029,9601
2022-02-21 16:00:00,1.36029,1.36182,1.35995,1.3609,10125
2022-02-21 20:00:00,1.36144,1.36176,1.3596,1.36011,5068
2022-02-22 00:00:00,1.35996,1.36011,1.35802,1.35826,5691
2022-02-22 04:00:00,1.35826,1.35987,1.35793,1.35972,6157
2022-02-22 08:00:00,1.3597299999999999,1.35974,1.3556,1.3578000000000001,14434
2022-02-22 12:00:00,1.3578000000000001,1.35891,1.35437,1.35493,15372
2022-02-22 16:00:00,1.35492,1.36047,1.3538299999999999,1.35926,15190
2022-02-22 20:00:00,1.35927,1.35975,1.35757,1.35855,10785
2022-02-23 00:00:00,1.35723,1.36039,1.3572199999999999,1.3600400000000001,4708
2022-02-23 04:00:00,1.36008,1.36028,1.3585099999999999,1.35924,4855
2022-02-23 08:00:00,1.35924,1.36204,1.35883,1.36039,11250
2022-02-23 12:00:00,1.36042,1.36131,1.35816,1.36062,12502
2022-02-23 16:00:00,1.36062,1.36064,1.3548,1.35493,14010
2022-02-23 20:00:00,1.35491,1.35534,1.35357,1.35443,8373
2022-02-24 00:00:00,1.35436,1.35492,1.3529499999999999,1.35397,5740
2022-02-24 04:00:00,1.35396,1.35398,1.3486,1.34984,17586
2022-02-24 08:00:00,1.34986,1.35127,1.3433,1.34376,20929
2022-02-24 12:00:00,1.3437700000000001,1.3442,1.33562,1.33598,21546
2022-02-24 16:00:00,1.33596,1.33801,1.32728,1.33637,17530
2022-02-24 20:00:00,1.33633,1.34049,1.33595,1.3372899999999999,17369
2022-02-25 00:00:00,1.3370600000000001,1.3391,1.33689,1.33904,8200
2022-02-25 04:00:00,1.33903,1.34386,1.33894,1.34338,8677
2022-02-25 08:00:00,1.34338,1.34367,1.3370600000000001,1.3374,15829
2022-02-25 12:00:00,1.33742,1.34124,1.33676,1.3400400000000001,16565
2022-02-25 16:00:00,1.34005,1.34243,1.3366500000000001,1.33852,17341
2022-02-25 20:00:00,1.33853,1.34195,1.33853,1.34098,7830
2022-02-28 00:00:00,1.33312,1.33817,1.3321,1.33632,12427
2022-02-28 04:00:00,1.33631,1.33667,1.3341,1.3361100000000001,9340
2022-02-28 08:00:00,1.33612,1.33876,1.33518,1.33765,16902
2022-02-28 12:00:00,1.33766,1.3414,1.33755,1.34125,16124
2022-02-28 16:00:00,1.3412600000000001,1.34314,1.33863,1.33911,18345
2022-02-28 20:00:00,1.3391,1.34247,1.3390900000000001,1.34216,9135
2022-03-01 00:00:00,1.34131,1.34236,1.3407200000000001,1.34184,3473
2022-03-01 04:00:00,1.34185,1.34215,1.3405,1.34173,6148
2022-03-01 08:00:00,1.34176,1.34372,1.34124,1.34124,12670
2022-03-01 12:00:00,1.34123,1.34245,1.3382399999999999,1.34008,15379
2022-03-01 16:00:00,1.34009,1.34076,1.33042,1.33114,18428
2022-03-01 20:00:00,1.33113,1.3334,1.3302100000000001,1.33242,11064
2022-03-02 00:00:00,1.3322,1.3338999999999999,1.3318400000000001,1.33298,3597
2022-03-02 04:00:00,1.33298,1.33339,1.33019,1.33037,5227
2022-03-02 08:00:00,1.33038,1.33159,1.32713,1.33084,17373
2022-03-02 12:00:00,1.33088,1.33478,1.33039,1.33468,17306
2022-03-02 16:00:00,1.33469,1.33722,1.33097,1.33613,18177
2022-03-02 20:00:00,1.3361100000000001,1.34067,1.33596,1.34059,7989
2022-03-03 00:00:00,1.34013,1.34053,1.33773,1.33835,5631
2022-03-03 04:00:00,1.33833,1.34119,1.33774,1.34083,5012
2022-03-03 08:00:00,1.3408,1.34178,1.33686,1.3383099999999999,12308
2022-03-03 12:00:00,1.3383099999999999,1.33927,1.33626,1.33754,13604
2022-03-03 16:00:00,1.33755,1.33925,1.33175,1.33328,18685
2022-03-03 20:00:00,1.33328,1.33571,1.33286,1.33486,8612
2022-03-04 00:00:00,1.33475,1.3354,1.33162,1.33441,10288
2022-03-04 04:00:00,1.3344,1.33481,1.33332,1.33386,8230
2022-03-04 08:00:00,1.3338700000000001,1.3345099999999999,1.3302399999999999,1.33045,11749
2022-03-04 12:00:00,1.33044,1.33168,1.322,1.32335,15107
2022-03-04 16:00:00,1.32343,1.32486,1.32026,1.32282,12661
2022-03-04 20:00:00,1.3228,1.32493,1.32171,1.32346,6721
2022-03-07 00:00:00,1.32213,1.32395,1.31849,1.31986,7422
2022-03-07 04:00:00,1.31988,1.32233,1.3188900000000001,1.32131,7586
2022-03-07 08:00:00,1.3213,1.32282,1.3155999999999999,1.31704,12533
2022-03-07 12:00:00,1.31703,1.32142,1.31412,1.31707,14364
2022-03-07 16:00:00,1.3170899999999999,1.31981,1.31019,1.31132,15122
2022-03-07 20:00:00,1.31134,1.3130600000000001,1.31024,1.31026,8448
2022-03-08 00:00:00,1.31024,1.31283,1.31013,1.31233,4951
2022-03-08 04:00:00,1.31233,1.3130600000000001,1.31067,1.31131,5974
2022-03-08 08:00:00,1.31131,1.3131599999999999,1.3082,1.31182,13797
2022-03-08 12:00:00,1.31181,1.31333,1.30853,1.31085,11566
2022-03-08 16:00:00,1.31085,1.31444,1.30895,1.31359,16686
2022-03-08 20:00:00,1.3136999999999999,1.3143799999999999,1.30922,1.31,10596
2022-03-09 00:00:00,1.30992,1.31165,1.3087900000000001,1.31145,4303
2022-03-09 04:00:00,1.31145,1.3127499999999999,1.3106,1.31149,5261
2022-03-09 08:00:00,1.31149,1.31539,1.31047,1.31514,9844
2022-03-09 12:00:00,1.31513,1.31807,1.3136999999999999,1.31606,10252
2022-03-09 16:00:00,1.31606,1.31839,1.3147,1.31824,13181
2022-03-09 20:00:00,1.31823,1.31897,1.316,1.3183,6047
2022-03-10 00:00:00,1.31785,1.31874,1.31434,1.31576,4109
2022-03-10 04:00:00,1.31575,1.3176700000000001,1.31508,1.31764,4451
2022-03-10 08:00:00,1.31764,1.31944,1.31467,1.31714,10275
2022-03-10 12:00:00,1.31714,1.31931,1.31414,1.31753,13606
2022-03-10 16:00:00,1.3176,1.31765,1.30917,1.30968,11681
2022-03-10 20:00:00,1.30968,1.31149,1.30813,1.30814,5527
2022-03-11 00:00:00,1.30836,1.3104,1.30754,1.30798,3781
2022-03-11 04:00:00,1.30797,1.30935,1.30691,1.30736,5047
2022-03-11 08:00:00,1.30735,1.31018,1.30511,1.30734,10192
2022-03-11 12:00:00,1.30735,1.31247,1.30704,1.30946,12548
2022-03-11 16:00:00,1.30949,1.30999,1.3042099999999999,1.30435,12114
2022-03-11 20:00:00,1.30443,1.30507,1.30273,1.30372,6062
2022-03-14 00:00:00,1.3039399999999999,1.30523,1.3029899999999999,1.30467,3646
2022-03-14 04:00:00,1.30467,1.30484,1.30094,1.30218,5653
2022-03-14 08:00:00,1.30217,1.30512,1.30133,1.3042,7640
2022-03-14 12:00:00,1.30419,1.30789,1.3019,1.30654,10222
2022-03-14 16:00:00,1.30653,1.3071,1.30325,1.3033299999999999,12135
2022-03-14 20:00:00,1.3033299999999999,1.30375,1.30008,1.30015,6385
2022-03-15 00:00:00,1.30045,1.30171,1.3001,1.30107,2548
2022-03-15 04:00:00,1.30108,1.30484,1.30002,1.30407,7130
2022-03-15 08:00:00,1.30403,1.30512,1.30179,1.30287,10125
2022-03-15 12:00:00,1.30288,1.30759,1.30199,1.30693,10825
2022-03-15 16:00:00,1.30691,1.30885,1.30399,1.3050899999999999,12257
2022-03-15 20:00:00,1.30508,1.30544,1.30209,1.30379,6448
2022-03-16 00:00:00,1.30371,1.30503,1.30287,1.30395,3525
2022-03-16 04:00:00,1.30393,1.30571,1.30358,1.30503,5317
2022-03-16 08:00:00,1.30502,1.3069899999999999,1.3035700000000001,1.30573,8087
2022-03-16 12:00:00,1.3057400000000001,1.31054,1.30527,1.30919,9567
2022-03-16 16:00:00,1.3092,1.31164,1.30744,1.31114,12446
2022-03-16 20:00:00,1.31095,1.31565,1.30431,1.31459,13077
2022-03-17 00:00:00,1.3148900000000001,1.3159399999999999,1.31258,1.31572,4455
2022-03-17 04:00:00,1.31572,1.31634,1.31339,1.3157,7271
2022-03-17 08:00:00,1.31571,1.3191,1.31482,1.31808,8034
2022-03-17 12:00:00,1.31811,1.3211,1.3087900000000001,1.30966,11037
2022-03-17 16:00:00,1.30975,1.31724,1.30925,1.3170600000000001,10020
2022-03-17 20:00:00,1.3170600000000001,1.31735,1.31454,1.3149199999999999,5072
2022-03-18 00:00:00,1.31476,1.31834,1.31441,1.31608,3574
2022-03-18 04:00:00,1.31607,1.31656,1.31511,1.3154,5580
2022-03-18 08:00:00,1.31541,1.31729,1.3130899999999999,1.31488,7641
2022-03-18 12:00:00,1.31488,1.3149,1.31202,1.31253,8136
2022-03-18 16:00:00,1.31237,1.31886,1.31106,1.31883,10604
2022-03-18 20:00:00,1.31882,1.31967,1.31735,1.31763,5222
2022-03-21 00:00:00,1.31705,1.31771,1.31549,1.31628,3314
2022-03-21 04:00:00,1.31629,1.3170899999999999,1.3153000000000001,1.31539,4493
2022-03-21 08:00:00,1.31539,1.31699,1.31456,1.31495,6597
2022-03-21 12:00:00,1.31502,1.31573,1.31268,1.31527,8537
2022-03-21 16:00:00,1.31527,1.32099,1.31522,1.31979,10829
2022-03-21 20:00:00,1.31979,1.32023,1.31552,1.3167,7957
2022-03-22 00:00:00,1.31622,1.3169,1.31331,1.31376,3233
2022-03-22 04:00:00,1.31375,1.31543,1.3125200000000001,1.31346,6575
2022-03-22 08:00:00,1.31345,1.31938,1.31199,1.31769,8766
2022-03-22 12:00:00,1.31769,1.3247499999999999,1.31726,1.32336,10531
2022-03-22 16:00:00,1.3234,1.32737,1.32338,1.3253,12245
2022-03-22 20:00:00,1.32531,1.3264,1.3247,1.32618,7292
2022-03-23 00:00:00,1.32625,1.32748,1.32559,1.32706,4648
2022-03-23 04:00:00,1.32706,1.32983,1.32695,1.32794,7035
2022-03-23 08:00:00,1.32794,1.32915,1.3221,1.32226,8531
2022-03-23 12:00:00,1.32226,1.32446,1.31783,1.31947,11863
2022-03-23 16:00:00,1.31947,1.3214299999999999,1.31749,1.32023,12548
2022-03-23 20:00:00,1.32023,1.32127,1.31976,1.3207,6146
2022-03-24 00:00:00,1.32006,1.32127,1.3195299999999999,1.3199,4061
2022-03-24 04:00:00,1.3199,1.32004,1.31833,1.31904,7759
2022-03-24 08:00:00,1.31903,1.32053,1.31575,1.31603,12107
2022-03-24 12:00:00,1.31604,1.32139,1.31569,1.31981,12944
2022-03-24 16:00:00,1.31981,1.3205200000000001,1.31669,1.31789,15361
2022-03-24 20:00:00,1.3179,1.3195299999999999,1.3167,1.31863,7101
2022-03-25 00:00:00,1.31823,1.31985,1.31769,1.31885,4002
2022-03-25 04:00:00,1.31885,1.32247,1.3186200000000001,1.32217,9284
2022-03-25 08:00:00,1.32217,1.32233,1.31605,1.31623,9266
2022-03-25 12:00:00,1.31623,1.32053,1.31595,1.31955,10183
2022-03-25 16:00:00,1.31956,1.32224,1.31786,1.31898,16254
2022-03-25 20:00:00,1.31897,1.3197999999999999,1.31789,1.3183,7737
2022-03-28 00:00:00,1.31758,1.31846,1.31558,1.31585,3688
2022-03-28 04:00:00,1.31582,1.31661,1.31452,1.31466,10043
2022-03-28 08:00:00,1.31464,1.3167499999999999,1.31303,1.31627,14771
2022-03-28 12:00:00,1.31626,1.31626,1.30966,1.31003,14668
2022-03-28 16:00:00,1.31003,1.31052,1.30671,1.30898,15274
2022-03-28 20:00:00,1.30894,1.30994,1.3082,1.30939,6670
2022-03-29 00:00:00,1.30914,1.31061,1.3078,1.30797,4756
2022-03-29 04:00:00,1.30797,1.31059,1.30797,1.3093,9187
2022-03-29 08:00:00,1.30933,1.31155,1.30558,1.306,13326
2022-03-29 12:00:00,1.30598,1.31596,1.3050899999999999,1.31455,20534
2022-03-29 16:00:00,1.31454,1.31569,1.30809,1.30858,18144
2022-03-29 20:00:00,1.30856,1.31056,1.30598,1.30936,7093
2022-03-30 00:00:00,1.30827,1.31022,1.3082,1.3097699999999999,4581
2022-03-30 04:00:00,1.30979,1.31113,1.30924,1.31006,10864
2022-03-30 08:00:00,1.31005,1.31414,1.30986,1.31403,15309
2022-03-30 12:00:00,1.3140399999999999,1.3167499999999999,1.31296,1.3158699999999999,15472
2022-03-30 16:00:00,1.31586,1.31825,1.31402,1.31436,15857
2022-03-30 20:00:00,1.31436,1.31441,1.31267,1.31351,6612
2022-03-31 00:00:00,1.31323,1.31424,1.31285,1.31412,5401
2022-03-31 04:00:00,1.31414,1.31434,1.31097,1.31156,7727
2022-03-31 08:00:00,1.31152,1.3148,1.31102,1.31207,13543
2022-03-31 12:00:00,1.31207,1.31409,1.31118,1.3139,13625
2022-03-31 16:00:00,1.31389,1.31754,1.31057,1.31382,18213
2022-03-31 20:00:00,1.31381,1.3152599999999999,1.31302,1.31419,7653
2022-04-01 00:00:00,1.31353,1.31515,1.3131599999999999,1.31369,5182
2022-04-01 04:00:00,1.31369,1.31393,1.31217,1.31305,7480
2022-04-01 08:00:00,1.3130600000000001,1.31388,1.31128,1.31287,11838
2022-04-01 12:00:00,1.31289,1.31454,1.31078,1.31119,12292
2022-04-01 16:00:00,1.31122,1.3118,1.30863,1.31044,14148
2022-04-01 20:00:00,1.31044,1.3115299999999999,1.30918,1.31114,6887
2022-04-04 00:00:00,1.30971,1.31158,1.30971,1.31119,3460
2022-04-04 04:00:00,1.31117,1.31199,1.31066,1.31176,5594
2022-04-04 08:00:00,1.31177,1.3136700000000001,1.31137,1.31148,10982
2022-04-04 12:00:00,1.31149,1.31238,1.3093,1.3107,12454
2022-04-04 16:00:00,1.3107,1.3129,1.30992,1.31037,12969
2022-04-04 20:00:00,1.31036,1.31203,1.30966,1.31162,6500
2022-04-05 00:00:00,1.3112300000000001,1.31173,1.31061,1.31108,2968
2022-04-05 04:00:00,1.31108,1.31239,1.31066,1.31201,5893
2022-04-05 08:00:00,1.31202,1.31448,1.31154,1.31198,11454
2022-04-05 12:00:00,1.31197,1.31423,1.3118400000000001,1.31358,11920
2022-04-05 16:00:00,1.31362,1.31667,1.3082099999999999,1.30846,16189
2022-04-05 20:00:00,1.30846,1.30958,1.30666,1.30713,7650
2022-04-06 00:00:00,1.3073299999999999,1.30793,1.30633,1.30644,3089
2022-04-06 04:00:00,1.30643,1.30776,1.30566,1.30681,6859
2022-04-06 08:00:00,1.30684,1.30985,1.30454,1.30969,13177
2022-04-06 12:00:00,1.30971,1.3108,1.30716,1.30935,13384
2022-04-06 16:00:00,1.30937,1.30995,1.30682,1.30763,15360
2022-04-06 20:00:00,1.30761,1.31021,1.30483,1.30681,15662
2022-04-07 00:00:00,1.3066200000000001,1.30809,1.30551,1.3076699999999999,3800
2022-04-07 04:00:00,1.3076699999999999,1.30833,1.30685,1.3081800000000001,6386
2022-04-07 08:00:00,1.30817,1.31064,1.30712,1.30728,12471
2022-04-07 12:00:00,1.30727,1.3094999999999999,1.30626,1.30698,14178
2022-04-07 16:00:00,1.30697,1.30841,1.30518,1.30541,16254
2022-04-07 20:00:00,1.30544,1.30762,1.30542,1.3075999999999999,8367
2022-04-08 00:00:00,1.30748,1.3085,1.30647,1.3069600000000001,5103
2022-04-08 04:00:00,1.3069600000000001,1.3077,1.30607,1.30607,6022
2022-04-08 08:00:00,1.30607,1.30738,1.30258,1.30435,10910
2022-04-08 12:00:00,1.30434,1.30521,1.30128,1.30229,11101
2022-04-08 16:00:00,1.30224,1.30339,1.29823,1.30314,14070
2022-04-08 20:00:00,1.30315,1.3039399999999999,1.30213,1.3034,6800
2022-04-11 00:00:00,1.30293,1.30396,1.30205,1.30207,4389
2022-04-11 04:00:00,1.30207,1.30318,1.30085,1.30165,8301
2022-04-11 08:00:00,1.30166,1.30353,1.2989,1.30286,13451
2022-04-11 12:00:00,1.30285,1.30566,1.30188,1.30366,11841
2022-04-11 16:00:00,1.30365,1.30466,1.30186,1.30248,14476
2022-04-11 20:00:00,1.3024499999999999,1.30385,1.30193,1.3028,6780
2022-04-12 00:00:00,1.30285,1.30378,1.30175,1.3020100000000001,4143
2022-04-12 04:00:00,1.30199,1.30313,1.30043,1.30256,6459
2022-04-12 08:00:00,1.30258,1.30345,1.30007,1.3002799999999999,12724
2022-04-12 12:00:00,1.3002799999999999,1.30498,1.2993999999999999,1.30488,13814
2022-04-12 16:00:00,1.30488,1.30538,1.30161,1.3022,20213
2022-04-12 20:00:00,1.30219,1.30251,1.2999,1.30006,8685
2022-04-13 00:00:00,1.30003,1.3005900000000001,1.29873,1.29921,3088
2022-04-13 04:00:00,1.29924,1.30144,1.29918,1.30036,6614
2022-04-13 08:00:00,1.30037,1.3026499999999999,1.29732,1.30065,12079
2022-04-13 12:00:00,1.30065,1.3024499999999999,1.29912,1.29945,13317
2022-04-13 16:00:00,1.29946,1.31029,1.29925,1.30933,17510
2022-04-13 20:00:00,1.30934,1.31171,1.3088600000000001,1.31171,7185
2022-04-14 00:00:00,1.31013,1.31302,1.30963,1.31158,3897
2022-04-14 04:00:00,1.31162,1.31412,1.31131,1.31378,6458
2022-04-14 08:00:00,1.31379,1.3147199999999999,1.31262,1.31352,10095
2022-04-14 12:00:00,1.31351,1.3146200000000001,1.30944,1.3096,13968
2022-04-14 16:00:00,1.30963,1.30969,1.3033299999999999,1.30571,19870
2022-04-14 20:00:00,1.3057,1.30824,1.30563,1.30793,6555
2022-04-15 00:00:00,1.3073299999999999,1.3079100000000001,1.30443,1.30562,3514
2022-04-15 04:00:00,1.30562,1.30701,1.30447,1.30689,8047
2022-04-15 08:00:00,1.30689,1.30742,1.30483,1.3067,14675
2022-04-15 12:00:00,1.3066499999999999,1.30712,1.30565,1.30652,17379
2022-04-15 16:00:00,1.30646,1.3069,1.30579,1.3062,6264
2022-04-15 20:00:00,1.30616,1.3067,1.30537,1.30583,5379
2022-04-18 00:00:00,1.30515,1.30645,1.30352,1.30442,4143
2022-04-18 04:00:00,1.30441,1.30527,1.3018399999999999,1.30216,6353
2022-04-18 08:00:00,1.30214,1.3029,1.3006199999999999,1.30145,6277
2022-04-18 12:00:00,1.30145,1.3044799999999999,1.30098,1.3036400000000001,6753
2022-04-18 16:00:00,1.30363,1.30445,1.30046,1.30094,10452
2022-04-18 20:00:00,1.30091,1.30188,1.30048,1.30109,5737
2022-04-19 00:00:00,1.3011300000000001,1.30189,1.3001,1.3005900000000001,3571
2022-04-19 04:00:00,1.3005900000000001,1.30107,1.29892,1.29988,7703
2022-04-19 08:00:00,1.29987,1.30399,1.29877,1.30399,12579
2022-04-19 12:00:00,1.30399,1.30407,1.29969,1.3001,12412
2022-04-19 16:00:00,1.3001,1.30119,1.29804,1.30069,17554
2022-04-19 20:00:00,1.30069,1.30148,1.29918,1.30006,9829
2022-04-20 00:00:00,1.29984,1.30202,1.2990300000000001,1.30187,4210
2022-04-20 04:00:00,1.30187,1.30451,1.30109,1.30362,10814
2022-04-20 08:00:00,1.30362,1.30382,1.29963,1.30293,11585
2022-04-20 12:00:00,1.30294,1.30659,1.30226,1.3054999999999999,14057
2022-04-20 16:00:00,1.30549,1.30655,1.30343,1.30506,16497
2022-04-20 20:00:00,1.3050899999999999,1.30707,1.30491,1.3066499999999999,8714
2022-04-21 00:00:00,1.30528,1.30737,1.30468,1.30526,7461
2022-04-21 04:00:00,1.30527,1.30613,1.3042099999999999,1.30512,7491
2022-04-21 08:00:00,1.30511,1.30824,1.30483,1.30598,14078
2022-04-21 12:00:00,1.30599,1.30901,1.3024200000000001,1.30469,11448
2022-04-21 16:00:00,1.30463,1.30761,1.30222,1.30351,18985
2022-04-21 20:00:00,1.30351,1.30477,1.30229,1.30266,15844
2022-04-22 00:00:00,1.30286,1.30351,1.30157,1.30232,5281
2022-04-22 04:00:00,1.30231,1.30312,1.30107,1.30261,8872
2022-04-22 08:00:00,1.30261,1.30328,1.2882799999999999,1.28869,14880
2022-04-22 12:00:00,1.28868,1.29161,1.28622,1.28803,13046
2022-04-22 16:00:00,1.28807,1.28945,1.28285,1.28362,17583
2022-04-22 20:00:00,1.28359,1.28448,1.28229,1.28389,9025
2022-04-25 00:00:00,1.28324,1.28415,1.28166,1.28213,4507
2022-04-25 04:00:00,1.28221,1.28256,1.2792,1.27996,10191
2022-04-25 08:00:00,1.28004,1.28075,1.27287,1.27468,18692
2022-04-25 12:00:00,1.27465,1.2754699999999999,1.2705199999999999,1.27369,17892
2022-04-25 16:00:00,1.27373,1.27378,1.26972,1.27297,20111
2022-04-25 20:00:00,1.27295,1.27446,1.27217,1.27412,12320
2022-04-26 00:00:00,1.27405,1.27477,1.27219,1.27462,7588
2022-04-26 04:00:00,1.27462,1.2772299999999999,1.27358,1.27611,10148
2022-04-26 08:00:00,1.27612,1.27616,1.27108,1.2721,14869
2022-04-26 12:00:00,1.2721,1.2726600000000001,1.26701,1.268,13346
2022-04-26 16:00:00,1.26807,1.26977,1.26001,1.26112,19526
2022-04-26 20:00:00,1.26114,1.26143,1.25711,1.2574100000000001,9936
2022-04-27 00:00:00,1.25757,1.25872,1.25598,1.25811,4206
2022-04-27 04:00:00,1.25809,1.25915,1.25742,1.25846,8926
2022-04-27 08:00:00,1.25845,1.25974,1.25358,1.2538,15502
2022-04-27 12:00:00,1.2538,1.26017,1.2527,1.25417,15506
2022-04-27 16:00:00,1.25417,1.25784,1.25024,1.25672,19575
2022-04-27 20:00:00,1.2567300000000001,1.25691,1.25352,1.25465,10675
2022-04-28 00:00:00,1.2545,1.25453,1.25264,1.25322,4413
2022-04-28 04:00:00,1.25325,1.25454,1.25083,1.25156,9880
2022-04-28 08:00:00,1.25157,1.25697,1.24911,1.25359,16547
2022-04-28 12:00:00,1.25358,1.25397,1.24214,1.24301,17884
2022-04-28 16:00:00,1.24304,1.24699,1.24114,1.2464,20732
2022-04-28 20:00:00,1.24641,1.24737,1.24469,1.24617,9271
2022-04-29 00:00:00,1.24437,1.24871,1.2443,1.24848,3871
2022-04-29 04:00:00,1.24847,1.2497,1.2465600000000001,1.24938,7960
2022-04-29 08:00:00,1.24939,1.25749,1.24936,1.25528,13838
2022-04-29 12:00:00,1.25528,1.25854,1.25324,1.25458,14580
2022-04-29 16:00:00,1.25458,1.25782,1.25301,1.25778,19048
2022-04-29 20:00:00,1.25778,1.26145,1.25692,1.25769,9155
2022-05-02 00:00:00,1.2579500000000001,1.25972,1.2567,1.25692,6951
2022-05-02 04:00:00,1.25691,1.25765,1.25462,1.25516,7715
2022-05-02 08:00:00,1.25515,1.25875,1.25396,1.25727,11277
2022-05-02 12:00:00,1.25726,1.25805,1.25348,1.2536800000000001,10134
2022-05-02 16:00:00,1.25367,1.25494,1.24933,1.24976,15518
2022-05-02 20:00:00,1.24976,1.25003,1.2473,1.24933,8600
2022-05-03 00:00:00,1.24905,1.2521,1.24834,1.25195,3257
2022-05-03 04:00:00,1.25194,1.25414,1.25092,1.25126,5779
2022-05-03 08:00:00,1.25129,1.2555399999999999,1.25053,1.25407,14534
2022-05-03 12:00:00,1.2540499999999999,1.2567,1.24928,1.25574,14494
2022-05-03 16:00:00,1.25576,1.25663,1.24871,1.2488,14188
2022-05-03 20:00:00,1.24881,1.25145,1.24704,1.2495,7998
2022-05-04 00:00:00,1.24948,1.25057,1.24834,1.24965,3061
2022-05-04 04:00:00,1.2496800000000001,1.25006,1.24818,1.24821,3967
2022-05-04 08:00:00,1.24818,1.25244,1.2467,1.25149,9491
2022-05-04 12:00:00,1.25152,1.2536399999999999,1.2502,1.25299,10855
2022-05-04 16:00:00,1.25298,1.25374,1.24673,1.24941,16105
2022-05-04 20:00:00,1.24942,1.2637800000000001,1.2451699999999999,1.2631999999999999,24716
2022-05-05 00:00:00,1.26255,1.26349,1.26007,1.26091,6171
2022-05-05 04:00:00,1.26092,1.26329,1.25415,1.2547,9190
2022-05-05 08:00:00,1.25472,1.2568,1.25173,1.25461,13819
2022-05-05 12:00:00,1.2546,1.25785,1.23618,1.23891,19115
2022-05-05 16:00:00,1.23888,1.24123,1.23261,1.23377,21028
2022-05-05 20:00:00,1.23379,1.23693,1.23253,1.23563,14983
2022-05-06 00:00:00,1.23575,1.23801,1.23562,1.2366,5716
2022-05-06 04:00:00,1.23661,1.2374,1.23331,1.23679,9625
2022-05-06 08:00:00,1.23679,1.23679,1.2276,1.23399,19128
2022-05-06 12:00:00,1.234,1.23795,1.2318,1.2323,17570
2022-05-06 16:00:00,1.23221,1.23699,1.2301,1.23569,28661
2022-05-06 20:00:00,1.23569,1.23622,1.23227,1.23364,13413
2022-05-09 00:00:00,1.2337500000000001,1.23447,1.23021,1.23035,5509
2022-05-09 04:00:00,1.23037,1.23123,1.2281,1.22831,9369
2022-05-09 08:00:00,1.22828,1.23074,1.2260900000000001,1.22702,14576
2022-05-09 12:00:00,1.22702,1.24059,1.22686,1.23897,16916
2022-05-09 16:00:00,1.23896,1.23905,1.23006,1.23478,22039
2022-05-09 20:00:00,1.23474,1.23552,1.23259,1.23278,14539
2022-05-10 00:00:00,1.23301,1.2342,1.23176,1.23307,5865
2022-05-10 04:00:00,1.23305,1.23722,1.23238,1.23655,11305
2022-05-10 08:00:00,1.23655,1.23757,1.23167,1.23374,16340
2022-05-10 12:00:00,1.23374,1.23587,1.23043,1.23191,15255
2022-05-10 16:00:00,1.23187,1.23413,1.22916,1.23099,24786
2022-05-10 20:00:00,1.2309700000000001,1.23308,1.23027,1.23172,14411
2022-05-11 00:00:00,1.23145,1.23263,1.23045,1.23169,4086
2022-05-11 04:00:00,1.23174,1.23401,1.2312,1.23357,8531
2022-05-11 08:00:00,1.23359,1.23732,1.23228,1.23728,13718
2022-05-11 12:00:00,1.23726,1.23899,1.2277,1.22874,17819
2022-05-11 16:00:00,1.22877,1.24001,1.22823,1.22898,29054
2022-05-11 20:00:00,1.22897,1.22927,1.22374,1.22459,17641
2022-05-12 00:00:00,1.22473,1.22526,1.22248,1.22447,7025
2022-05-12 04:00:00,1.22446,1.2246,1.2207,1.22079,11016
2022-05-12 08:00:00,1.22081,1.22211,1.21795,1.21795,22198
2022-05-12 12:00:00,1.21801,1.22477,1.21652,1.22277,19424
2022-05-12 16:00:00,1.22275,1.22433,1.21875,1.21913,26465
2022-05-12 20:00:00,1.21913,1.21993,1.21731,1.21988,15565
2022-05-13 00:00:00,1.21949,1.2214,1.2193100000000001,1.22072,5077
2022-05-13 04:00:00,1.22072,1.22271,1.2193,1.22225,10954
2022-05-13 08:00:00,1.22227,1.22314,1.2199200000000001,1.22052,15559
2022-05-13 12:00:00,1.2205300000000001,1.22164,1.21743,1.21997,13062
2022-05-13 16:00:00,1.21995,1.22486,1.21558,1.2236,18725
2022-05-13 20:00:00,1.2236,1.22598,1.222,1.22593,8225
2022-05-16 00:00:00,1.22388,1.22705,1.22388,1.22692,6554
2022-05-16 04:00:00,1.22692,1.22965,1.22328,1.22403,10944
2022-05-16 08:00:00,1.2240199999999999,1.22534,1.22169,1.22356,14852
2022-05-16 12:00:00,1.22357,1.22704,1.22189,1.22536,13473
2022-05-16 16:00:00,1.22538,1.22812,1.22363,1.22755,19707
2022-05-16 20:00:00,1.22754,1.23294,1.22737,1.23221,9923
2022-05-17 00:00:00,1.23165,1.23369,1.23164,1.23292,5236
2022-05-17 04:00:00,1.2328999999999999,1.23468,1.23204,1.23426,8686
2022-05-17 08:00:00,1.23426,1.24826,1.23348,1.24757,15400
2022-05-17 12:00:00,1.24759,1.24989,1.24423,1.24884,18350
2022-05-17 16:00:00,1.2488299999999999,1.24894,1.24492,1.24804,17491
2022-05-17 20:00:00,1.24813,1.24937,1.24524,1.24912,15966
2022-05-18 00:00:00,1.24844,1.25007,1.24844,1.2488299999999999,5473
2022-05-18 04:00:00,1.24884,1.24929,1.2462900000000001,1.2472,8717
2022-05-18 08:00:00,1.2472,1.24959,1.2371699999999999,1.23742,14284
2022-05-18 12:00:00,1.2374100000000001,1.24357,1.23739,1.24194,13607
2022-05-18 16:00:00,1.24193,1.2426300000000001,1.23733,1.23826,18925
2022-05-18 20:00:00,1.23827,1.23837,1.23297,1.23404,12181
2022-05-19 00:00:00,1.23423,1.23647,1.23354,1.23528,6696
2022-05-19 04:00:00,1.23525,1.2395,1.2339,1.23862,10492
2022-05-19 08:00:00,1.23859,1.24071,1.2338,1.23917,16952
2022-05-19 12:00:00,1.23916,1.24376,1.23696,1.24291,18577
2022-05-19 16:00:00,1.24289,1.25245,1.2426,1.24983,27238
2022-05-19 20:00:00,1.24985,1.25121,1.24715,1.24775,16832
2022-05-20 00:00:00,1.2462,1.24753,1.24511,1.24635,6203
2022-05-20 04:00:00,1.24633,1.24694,1.24378,1.24542,11453
2022-05-20 08:00:00,1.24542,1.24964,1.24479,1.24867,16503
2022-05-20 12:00:00,1.24866,1.24904,1.24614,1.24782,13974
2022-05-20 16:00:00,1.24782,1.24999,1.24526,1.24723,22168
2022-05-20 20:00:00,1.24723,1.24967,1.24531,1.2492,13523
2022-05-23 00:00:00,1.24776,1.25297,1.24704,1.25259,5710
2022-05-23 04:00:00,1.25258,1.2553,1.25221,1.25458,9385
2022-05-23 08:00:00,1.2546,1.25753,1.25409,1.25716,16294
2022-05-23 12:00:00,1.25718,1.26009,1.25633,1.2567300000000001,14721
2022-05-23 16:00:00,1.25674,1.25933,1.2556,1.25682,17277
2022-05-23 20:00:00,1.25684,1.25881,1.25582,1.2588,9029
2022-05-24 00:00:00,1.2588,1.2588,1.25568,1.25586,4754
2022-05-24 04:00:00,1.2558500000000001,1.25693,1.25474,1.25602,7720
2022-05-24 08:00:00,1.25604,1.25986,1.24748,1.24864,16045
2022-05-24 12:00:00,1.24863,1.2522199999999999,1.24714,1.2492,15004
2022-05-24 16:00:00,1.24917,1.2554699999999999,1.24842,1.25351,22862
2022-05-24 20:00:00,1.25347,1.25435,1.25102,1.25353,12445
2022-05-25 00:00:00,1.25309,1.25488,1.2521900000000001,1.25277,5625
2022-05-25 04:00:00,1.25278,1.25424,1.2514,1.25379,10904
2022-05-25 08:00:00,1.25377,1.25596,1.25202,1.25232,15500
2022-05-25 12:00:00,1.25231,1.25236,1.24811,1.25004,15945
2022-05-25 16:00:00,1.2500499999999999,1.25582,1.2493,1.25321,19314
2022-05-25 20:00:00,1.25322,1.25907,1.2524600000000001,1.25816,14843
2022-05-26 00:00:00,1.25714,1.26123,1.25668,1.26047,5175
2022-05-26 04:00:00,1.2604600000000001,1.2609,1.25644,1.25683,12602
2022-05-26 08:00:00,1.25683,1.25976,1.25519,1.2564199999999999,14788
2022-05-26 12:00:00,1.25641,1.26208,1.2557800000000001,1.25638,17539
2022-05-26 16:00:00,1.25636,1.25876,1.2553,1.25748,17274
2022-05-26 20:00:00,1.25749,1.26082,1.25684,1.2608,8030
2022-05-27 00:00:00,1.26029,1.26258,1.2582900000000001,1.26216,5138
2022-05-27 04:00:00,1.26218,1.26668,1.26152,1.2652700000000001,11881
2022-05-27 08:00:00,1.26526,1.26526,1.26079,1.26182,13276
2022-05-27 12:00:00,1.26184,1.2643900000000001,1.2585899999999999,1.26251,14702
2022-05-27 16:00:00,1.2625199999999999,1.2654,1.25969,1.26071,15671
2022-05-27 20:00:00,1.26071,1.26321,1.26026,1.26294,6184
2022-05-30 00:00:00,1.26173,1.26352,1.26139,1.26277,4339
2022-05-30 04:00:00,1.26277,1.26576,1.26212,1.26463,10065
2022-05-30 08:00:00,1.26464,1.2651,1.26163,1.26295,13381
2022-05-30 12:00:00,1.26296,1.26552,1.2625,1.26321,11261
2022-05-30 16:00:00,1.26321,1.2659799999999999,1.26312,1.26546,10802
2022-05-30 20:00:00,1.26543,1.26587,1.2652700000000001,1.26552,4400
2022-05-31 00:00:00,1.26504,1.26547,1.2610299999999999,1.26121,8589
2022-05-31 04:00:00,1.26123,1.2629299999999999,1.2598799999999999,1.26123,11842
2022-05-31 08:00:00,1.26122,1.2631299999999999,1.25911,1.26124,14639
2022-05-31 12:00:00,1.26124,1.26186,1.25602,1.25617,17321
2022-05-31 16:00:00,1.25622,1.26302,1.25622,1.262,21056
2022-05-31 20:00:00,1.26196,1.26237,1.2598500000000001,1.26051,10046
2022-06-01 00:00:00,1.25995,1.26165,1.25974,1.26093,3995
2022-06-01 04:00:00,1.26092,1.26092,1.25753,1.25824,9584
2022-06-01 08:00:00,1.25824,1.26119,1.25752,1.25783,15014
2022-06-01 12:00:00,1.25784,1.2605,1.25594,1.25875,13455
2022-06-01 16:00:00,1.25884,1.2594699999999999,1.24587,1.24699,21278
2022-06-01 20:00:00,1.24697,1.25024,1.24697,1.24887,7132
2022-06-02 00:00:00,1.2481,1.24916,1.24743,1.24856,3555
2022-06-02 04:00:00,1.24857,1.24878,1.24713,1.24853,7566
2022-06-02 08:00:00,1.24853,1.25446,1.24692,1.25372,11053
2022-06-02 12:00:00,1.2537099999999999,1.25712,1.25352,1.2554699999999999,12302
2022-06-02 16:00:00,1.25549,1.25817,1.25247,1.25811,17660
2022-06-02 20:00:00,1.25812,1.25866,1.2564199999999999,1.2578,7341
2022-06-03 00:00:00,1.25746,1.25898,1.2570999999999999,1.25783,3601
2022-06-03 04:00:00,1.25786,1.25848,1.25687,1.25702,8111
2022-06-03 08:00:00,1.25701,1.25836,1.2559,1.25745,9513
2022-06-03 12:00:00,1.25744,1.25767,1.25209,1.25352,12598
2022-06-03 16:00:00,1.25353,1.25735,1.24916,1.25148,17464
2022-06-03 20:00:00,1.2515,1.25157,1.24851,1.24863,6871
2022-06-06 00:00:00,1.24866,1.25021,1.24808,1.2482199999999999,4389
2022-06-06 04:00:00,1.24823,1.25007,1.24765,1.24993,7306
2022-06-06 08:00:00,1.24994,1.25774,1.24905,1.25726,13155
2022-06-06 12:00:00,1.25727,1.2572999999999999,1.25412,1.25563,10773
2022-06-06 16:00:00,1.2556,1.2560799999999999,1.25252,1.25397,16049
2022-06-06 20:00:00,1.2539500000000001,1.25481,1.2526,1.25272,8371
2022-06-07 00:00:00,1.25297,1.25318,1.25129,1.25166,6025
2022-06-07 04:00:00,1.25163,1.25227,1.24885,1.24915,12301
2022-06-07 08:00:00,1.24917,1.25345,1.24304,1.24941,18769
2022-06-07 12:00:00,1.24941,1.25192,1.2486,1.24868,14083
2022-06-07 16:00:00,1.24863,1.25995,1.2482,1.2593,17832
2022-06-07 20:00:00,1.25932,1.25994,1.25723,1.25908,7722
2022-06-08 00:00:00,1.2589000000000001,1.25975,1.2574,1.25749,4834
2022-06-08 04:00:00,1.25748,1.25869,1.25569,1.25573,10644
2022-06-08 08:00:00,1.25569,1.25835,1.25184,1.2521900000000001,14915
2022-06-08 12:00:00,1.2521900000000001,1.25597,1.25131,1.25365,15542
2022-06-08 16:00:00,1.25365,1.25644,1.25313,1.25473,17631
2022-06-08 20:00:00,1.25474,1.25484,1.25345,1.25366,8694
2022-06-09 00:00:00,1.25345,1.25461,1.25282,1.25343,7682
2022-06-09 04:00:00,1.2534399999999999,1.25484,1.25198,1.25287,10048
2022-06-09 08:00:00,1.25286,1.25327,1.2492,1.25257,14451
2022-06-09 12:00:00,1.25258,1.25485,1.25131,1.25317,21037
2022-06-09 16:00:00,1.25316,1.2558500000000001,1.25072,1.25148,22813
2022-06-09 20:00:00,1.25147,1.25227,1.24872,1.24966,10002
2022-06-10 00:00:00,1.24864,1.25018,1.24821,1.24994,4729
2022-06-10 04:00:00,1.24993,1.25014,1.2479,1.24961,8664
2022-06-10 08:00:00,1.24962,1.25176,1.24692,1.2482199999999999,15802
2022-06-10 12:00:00,1.2482199999999999,1.24841,1.23825,1.23833,19110
2022-06-10 16:00:00,1.2384,1.24143,1.2309700000000001,1.23111,23245
2022-06-10 20:00:00,1.23111,1.2322899999999999,1.2301,1.23112,11711
2022-06-13 00:00:00,1.23148,1.23198,1.22709,1.22755,9156
2022-06-13 04:00:00,1.22754,1.22919,1.2262,1.22859,13634
2022-06-13 08:00:00,1.22859,1.23005,1.22125,1.22195,21131
2022-06-13 12:00:00,1.22194,1.22228,1.21615,1.2195,21029
2022-06-13 16:00:00,1.21951,1.22004,1.2123599999999999,1.21734,24460
2022-06-13 20:00:00,1.21733,1.21866,1.21072,1.21354,18545
2022-06-14 00:00:00,1.2132100000000001,1.2161,1.21218,1.21553,7567
2022-06-14 04:00:00,1.21552,1.2196,1.21341,1.21765,16590
2022-06-14 08:00:00,1.21764,1.22079,1.21494,1.21524,21068
2022-06-14 12:00:00,1.21524,1.2159200000000001,1.20625,1.2076500000000001,23428
2022-06-14 16:00:00,1.20768,1.20839,1.19891,1.19945,28877
2022-06-14 20:00:00,1.19937,1.2031100000000001,1.1934,1.19955,17267
2022-06-15 00:00:00,1.1993800000000001,1.2019,1.1989,1.20189,9008
2022-06-15 04:00:00,1.20187,1.20412,1.19985,1.20015,12835
2022-06-15 08:00:00,1.20015,1.20896,1.19891,1.20884,24109
2022-06-15 12:00:00,1.20883,1.2125,1.20584,1.20636,24172
2022-06-15 16:00:00,1.20637,1.20971,1.20458,1.20641,21850
2022-06-15 20:00:00,1.2064300000000001,1.22047,1.20281,1.2171,28089
2022-06-16 00:00:00,1.21729,1.21895,1.21582,1.2178200000000001,7564
2022-06-16 04:00:00,1.2178200000000001,1.21858,1.21415,1.21466,11377
2022-06-16 08:00:00,1.21467,1.2155,1.20581,1.2128,23534
2022-06-16 12:00:00,1.21282,1.22468,1.2041,1.22211,29302
2022-06-16 16:00:00,1.2221,1.24063,1.2220900000000001,1.23803,30113
2022-06-16 20:00:00,1.23803,1.23979,1.23446,1.23517,20027
2022-06-17 00:00:00,1.2353399999999999,1.23602,1.2319499999999999,1.23252,8521
2022-06-17 04:00:00,1.23253,1.23313,1.2285300000000001,1.23058,15987
2022-06-17 08:00:00,1.23057,1.23429,1.22521,1.2316,21737
2022-06-17 12:00:00,1.2315800000000001,1.23353,1.22525,1.2267000000000001,20571
2022-06-17 16:00:00,1.2267000000000001,1.2268,1.21726,1.21887,25872
2022-06-17 20:00:00,1.21877,1.22327,1.21869,1.22188,13804
2022-06-20 00:00:00,1.22146,1.22317,1.22073,1.2223,7989
2022-06-20 04:00:00,1.22231,1.22536,1.2199,1.22355,15296
2022-06-20 08:00:00,1.22354,1.2253,1.22182,1.2246299999999999,18542
2022-06-20 12:00:00,1.22468,1.228,1.22335,1.22625,14355
2022-06-20 16:00:00,1.22626,1.22626,1.22261,1.22543,13540
2022-06-20 20:00:00,1.22544,1.22598,1.22311,1.22457,3020
2022-06-21 00:00:00,1.22489,1.22712,1.22413,1.22699,6358
2022-06-21 04:00:00,1.22699,1.22833,1.2262,1.22648,9611
2022-06-21 08:00:00,1.22648,1.23239,1.22447,1.23092,15426
2022-06-21 12:00:00,1.23091,1.23181,1.22513,1.22665,16735
2022-06-21 16:00:00,1.22664,1.22945,1.22484,1.22717,19630
2022-06-21 20:00:00,1.22716,1.2281900000000001,1.22616,1.22776,8824
2022-06-22 00:00:00,1.22665,1.22799,1.22431,1.22461,6037
2022-06-22 04:00:00,1.22461,1.22599,1.22285,1.22334,11087
2022-06-22 08:00:00,1.22335,1.22433,1.21609,1.2218,18798
2022-06-22 12:00:00,1.22179,1.22722,1.22146,1.22535,17875
2022-06-22 16:00:00,1.22537,1.23147,1.22479,1.22656,23933
2022-06-22 20:00:00,1.22655,1.22878,1.22573,1.22626,9908
2022-06-23 00:00:00,1.22608,1.22663,1.22418,1.22604,5486
2022-06-23 04:00:00,1.22605,1.22644,1.22314,1.22553,14285
2022-06-23 08:00:00,1.2255099999999999,1.2263600000000001,1.21699,1.21997,20492
2022-06-23 12:00:00,1.21998,1.22584,1.2194099999999999,1.22444,19098
2022-06-23 16:00:00,1.22441,1.22944,1.2221,1.22281,27334
2022-06-23 20:00:00,1.22283,1.22724,1.22199,1.22603,11942
2022-06-24 00:00:00,1.22541,1.22709,1.22407,1.22499,7572
2022-06-24 04:00:00,1.225,1.2285,1.22456,1.2279200000000001,9703
2022-06-24 08:00:00,1.2279,1.22844,1.22427,1.22755,16028
2022-06-24 12:00:00,1.22756,1.23096,1.22618,1.22832,16597
2022-06-24 16:00:00,1.22834,1.23205,1.22648,1.22684,24124
2022-06-24 20:00:00,1.22685,1.22874,1.22499,1.22722,8751
2022-06-27 00:00:00,1.2261,1.22966,1.22593,1.22701,7898
2022-06-27 04:00:00,1.22702,1.22907,1.22665,1.22837,12335
2022-06-27 08:00:00,1.22839,1.23323,1.22643,1.23169,14647
2022-06-27 12:00:00,1.23169,1.23189,1.2238,1.2255099999999999,14543
2022-06-27 16:00:00,1.22557,1.23131,1.22552,1.22909,20610
2022-06-27 20:00:00,1.22909,1.22917,1.22623,1.22666,9927
2022-06-28 00:00:00,1.22642,1.22798,1.22608,1.22716,5303
2022-06-28 04:00:00,1.22715,1.22834,1.22607,1.2267299999999999,11220
2022-06-28 08:00:00,1.2268,1.22913,1.22508,1.22839,16817
2022-06-28 12:00:00,1.22837,1.22846,1.22109,1.2213,17734
2022-06-28 16:00:00,1.2213,1.22255,1.21852,1.21933,22057
2022-06-28 20:00:00,1.21934,1.22,1.21805,1.2184599999999999,12456
2022-06-29 00:00:00,1.2181899999999999,1.22033,1.21755,1.2192,8610
2022-06-29 04:00:00,1.2192,1.22128,1.21888,1.21975,10925
2022-06-29 08:00:00,1.21974,1.22111,1.21662,1.21743,19178
2022-06-29 12:00:00,1.21742,1.21899,1.21417,1.21534,19866
2022-06-29 16:00:00,1.21533,1.21765,1.21057,1.21219,24778
2022-06-29 20:00:00,1.21216,1.21378,1.21136,1.21242,10542
2022-06-30 00:00:00,1.21209,1.21322,1.21184,1.21263,6979
2022-06-30 04:00:00,1.21263,1.21412,1.21075,1.21309,10678
2022-06-30 08:00:00,1.21308,1.21658,1.21246,1.21423,19176
2022-06-30 12:00:00,1.21423,1.21425,1.20918,1.21224,18454
2022-06-30 16:00:00,1.21223,1.21878,1.21214,1.21771,25234
2022-06-30 20:00:00,1.2177,1.21884,1.2163599999999999,1.21775,12457
2022-07-01 00:00:00,1.21702,1.21766,1.21493,1.21539,7157
2022-07-01 04:00:00,1.21537,1.2157,1.2111,1.21191,14169
2022-07-01 08:00:00,1.21191,1.21386,1.20932,1.2101,18710
2022-07-01 12:00:00,1.21009,1.21173,1.2004,1.20072,19894
2022-07-01 16:00:00,1.20072,1.20632,1.19758,1.20459,24704
2022-07-01 20:00:00,1.20457,1.2107,1.20369,1.20938,9154
2022-07-04 00:00:00,1.20977,1.21224,1.20961,1.21059,6551
2022-07-04 04:00:00,1.21059,1.21085,1.20845,1.20929,11463
2022-07-04 08:00:00,1.20929,1.21268,1.20909,1.21218,14290
2022-07-04 12:00:00,1.21218,1.21651,1.21082,1.21533,13129
2022-07-04 16:00:00,1.21537,1.21607,1.20959,1.21108,12465
2022-07-04 20:00:00,1.21107,1.2113,1.2097,1.21001,2563
2022-07-05 00:00:00,1.21011,1.21188,1.20984,1.21111,7388
2022-07-05 04:00:00,1.21111,1.21225,1.20979,1.21127,11463
2022-07-05 08:00:00,1.21126,1.21253,1.20428,1.20437,19328
2022-07-05 12:00:00,1.20439,1.2056499999999999,1.19596,1.19693,21071
2022-07-05 16:00:00,1.19692,1.19722,1.18986,1.19239,23754
2022-07-05 20:00:00,1.19239,1.19593,1.19169,1.19584,12801
2022-07-06 00:00:00,1.1936499999999999,1.19651,1.1936499999999999,1.1965,6889
2022-07-06 04:00:00,1.19653,1.19716,1.19269,1.19353,13058
2022-07-06 08:00:00,1.19351,1.19893,1.19109,1.196,20534
2022-07-06 12:00:00,1.196,1.1963300000000001,1.18759,1.18971,22985
2022-07-06 16:00:00,1.18969,1.19405,1.1886,1.1909399999999999,27441
2022-07-06 20:00:00,1.19092,1.19452,1.19076,1.1921599999999999,15775
2022-07-07 00:00:00,1.19164,1.1930399999999999,1.19088,1.19255,8179
2022-07-07 04:00:00,1.19258,1.19533,1.19151,1.1948,14244
2022-07-07 08:00:00,1.19482,1.19943,1.19334,1.19689,18850
2022-07-07 12:00:00,1.19689,1.20237,1.19551,1.19641,21890
2022-07-07 16:00:00,1.19639,1.20143,1.19479,1.20079,22696
2022-07-07 20:00:00,1.20079,1.20296,1.19963,1.20236,9313
2022-07-08 00:00:00,1.20202,1.2052100000000001,1.20173,1.20499,5163
2022-07-08 04:00:00,1.205,1.20557,1.19963,1.20144,13428
2022-07-08 08:00:00,1.20146,1.20147,1.19192,1.19347,18433
2022-07-08 12:00:00,1.19347,1.20299,1.19281,1.19861,22357
2022-07-08 16:00:00,1.19866,1.20479,1.19716,1.2019,23328
2022-07-08 20:00:00,1.20188,1.20358,1.20119,1.2033800000000001,8381
2022-07-11 00:00:00,1.20146,1.20369,1.20038,1.20087,8025
2022-07-11 04:00:00,1.20089,1.20096,1.19769,1.19878,12483
2022-07-11 08:00:00,1.1987700000000001,1.19895,1.19533,1.19663,16295
2022-07-11 12:00:00,1.1966,1.19772,1.19074,1.19228,18246
2022-07-11 16:00:00,1.19228,1.19229,1.18665,1.18831,23304
2022-07-11 20:00:00,1.18833,1.19096,1.18805,1.18895,10339
2022-07-12 00:00:00,1.18856,1.19098,1.18856,1.1892800000000001,7682
2022-07-12 04:00:00,1.18929,1.18937,1.18603,1.18643,15732
2022-07-12 08:00:00,1.18643,1.18732,1.18072,1.1829399999999999,20386
2022-07-12 12:00:00,1.1829399999999999,1.1881599999999999,1.18128,1.18589,20988
2022-07-12 16:00:00,1.18588,1.19159,1.18587,1.19104,21681
2022-07-12 20:00:00,1.19106,1.19126,1.18817,1.1886700000000001,9600
2022-07-13 00:00:00,1.18786,1.18883,1.1874500000000001,1.18797,3344
2022-07-13 04:00:00,1.18798,1.19192,1.187,1.19012,13935
2022-07-13 08:00:00,1.19013,1.1937,1.18766,1.18902,19561
2022-07-13 12:00:00,1.18902,1.19466,1.18272,1.18558,20555
2022-07-13 16:00:00,1.18553,1.19674,1.1843,1.19212,30013
2022-07-13 20:00:00,1.19212,1.19326,1.18866,1.18898,14499
2022-07-14 00:00:00,1.1889,1.1892800000000001,1.185,1.18575,8039
2022-07-14 04:00:00,1.18579,1.18841,1.18463,1.18605,13185
2022-07-14 08:00:00,1.18605,1.1875,1.1824,1.18419,21056
2022-07-14 12:00:00,1.18418,1.18769,1.18108,1.18118,23599
2022-07-14 16:00:00,1.18117,1.18424,1.17601,1.17793,30458
2022-07-14 20:00:00,1.17798,1.18388,1.17778,1.18275,16429
2022-07-15 00:00:00,1.18212,1.18414,1.18186,1.1826699999999999,6603
2022-07-15 04:00:00,1.18268,1.18516,1.18255,1.18312,12087
2022-07-15 08:00:00,1.18312,1.18449,1.18046,1.1827,20236
2022-07-15 12:00:00,1.18268,1.1853,1.18071,1.18464,21250
2022-07-15 16:00:00,1.18468,1.18746,1.18136,1.1855,25152
2022-07-15 20:00:00,1.18553,1.18701,1.18487,1.18638,8187
2022-07-18 00:00:00,1.18638,1.18908,1.18625,1.18827,6027
2022-07-18 04:00:00,1.18828,1.19065,1.18811,1.18861,9904
2022-07-18 08:00:00,1.1886,1.19654,1.18781,1.19457,16979
2022-07-18 12:00:00,1.19455,1.19914,1.19415,1.19793,17171
2022-07-18 16:00:00,1.19792,1.20331,1.1969400000000001,1.19763,18133
2022-07-18 20:00:00,1.19763,1.19804,1.19461,1.19526,10675
2022-07-19 00:00:00,1.19526,1.19611,1.19327,1.19353,5928
2022-07-19 04:00:00,1.19352,1.19565,1.19248,1.19456,9233
2022-07-19 08:00:00,1.19458,1.20239,1.19435,1.20207,19034
2022-07-19 12:00:00,1.20208,1.204,1.19998,1.20119,19429
2022-07-19 16:00:00,1.20114,1.20453,1.20046,1.20072,19361
2022-07-19 20:00:00,1.20072,1.20105,1.19857,1.19988,8029
2022-07-20 00:00:00,1.19988,1.20173,1.19947,1.20161,5560
2022-07-20 04:00:00,1.20161,1.20373,1.20093,1.20295,9402
2022-07-20 08:00:00,1.20295,1.20343,1.19886,1.20042,19139
2022-07-20 12:00:00,1.20044,1.20319,1.19554,1.19833,20354
2022-07-20 16:00:00,1.19828,1.20063,1.19599,1.19721,20644
2022-07-20 20:00:00,1.1972,1.19795,1.19532,1.19786,10816
2022-07-21 00:00:00,1.19786,1.19825,1.19627,1.19669,5452
2022-07-21 04:00:00,1.19669,1.20001,1.19632,1.19985,11286
2022-07-21 08:00:00,1.19984,1.20035,1.19207,1.19388,19584
2022-07-21 12:00:00,1.1939,1.19926,1.19134,1.19846,22354
2022-07-21 16:00:00,1.19843,1.19916,1.18899,1.19516,27057
2022-07-21 20:00:00,1.19516,1.1997200000000001,1.19512,1.19961,8796
2022-07-22 00:00:00,1.19878,1.20032,1.19802,1.19869,6814
2022-07-22 04:00:00,1.19867,1.19903,1.19556,1.19564,9042
2022-07-22 08:00:00,1.19565,1.19897,1.19165,1.19557,16129
2022-07-22 12:00:00,1.19556,1.19761,1.19268,1.1958199999999999,18716
2022-07-22 16:00:00,1.19584,1.2064,1.1952099999999999,1.20221,21786
2022-07-22 20:00:00,1.20221,1.20242,1.19709,1.19783,6502
2022-07-25 00:00:00,1.1993800000000001,1.20105,1.19605,1.19631,5251
2022-07-25 04:00:00,1.19631,1.19957,1.19616,1.1982599999999999,9071
2022-07-25 08:00:00,1.19822,1.20294,1.19628,1.2028,15020
2022-07-25 12:00:00,1.20275,1.20827,1.20225,1.20705,14548
2022-07-25 16:00:00,1.20707,1.20865,1.20248,1.20507,15742
2022-07-25 20:00:00,1.20507,1.20593,1.20457,1.20473,5796
2022-07-26 00:00:00,1.20356,1.20633,1.20356,1.20595,5152
2022-07-26 04:00:00,1.20594,1.20902,1.20576,1.20629,6776
2022-07-26 08:00:00,1.20629,1.2071,1.20305,1.20337,11653
2022-07-26 12:00:00,1.20339,1.20345,1.19639,1.20025,15043
2022-07-26 16:00:00,1.20024,1.20537,1.19898,1.20249,17437
2022-07-26 20:00:00,1.2025000000000001,1.2042,1.20208,1.20281,7367
2022-07-27 00:00:00,1.2019,1.20532,1.20183,1.20445,4955
2022-07-27 04:00:00,1.20444,1.20593,1.20374,1.20593,7558
2022-07-27 08:00:00,1.20593,1.20745,1.20362,1.20598,13145
2022-07-27 12:00:00,1.20602,1.20875,1.20427,1.20468,12071
2022-07-27 16:00:00,1.20471,1.20584,1.20205,1.20385,13981
2022-07-27 20:00:00,1.20386,1.21861,1.20296,1.21579,16850
2022-07-28 00:00:00,1.21502,1.21703,1.21423,1.21485,5709
2022-07-28 04:00:00,1.21488,1.21866,1.21463,1.21595,9906
2022-07-28 08:00:00,1.21597,1.21915,1.21538,1.21872,15277
2022-07-28 12:00:00,1.21864,1.21864,1.21035,1.21394,18213
2022-07-28 16:00:00,1.21388,1.21661,1.21089,1.213,20884
2022-07-28 20:00:00,1.21301,1.21833,1.21294,1.21822,6302
2022-07-29 00:00:00,1.2171,1.21793,1.21625,1.21739,6445
2022-07-29 04:00:00,1.21739,1.22038,1.21628,1.2187999999999999,9407
2022-07-29 08:00:00,1.21879,1.22457,1.21553,1.21698,17097
2022-07-29 12:00:00,1.21693,1.21866,1.2106,1.2115,17350
2022-07-29 16:00:00,1.21155,1.21867,1.20629,1.21685,22433
2022-07-29 20:00:00,1.21685,1.2189,1.21518,1.21829,6035
2022-08-01 00:00:00,1.21641,1.21885,1.21569,1.21726,6710
2022-08-01 04:00:00,1.21726,1.2198,1.21679,1.21826,8792
2022-08-01 08:00:00,1.21824,1.22306,1.21741,1.22303,12394
2022-08-01 12:00:00,1.22305,1.22615,1.22187,1.22476,14202
2022-08-01 16:00:00,1.22478,1.22935,1.22353,1.2277,19889
2022-08-01 20:00:00,1.22767,1.22773,1.22412,1.22534,10069
2022-08-02 00:00:00,1.22445,1.2279200000000001,1.22426,1.22698,6618
2022-08-02 04:00:00,1.22698,1.22767,1.22442,1.22487,12529
2022-08-02 08:00:00,1.22485,1.22559,1.21859,1.21915,18401
2022-08-02 12:00:00,1.21912,1.22275,1.2191,1.22212,15758
2022-08-02 16:00:00,1.2222,1.22411,1.21801,1.22141,21853
2022-08-02 20:00:00,1.22141,1.22143,1.21589,1.21625,10395
2022-08-03 00:00:00,1.2162600000000001,1.21728,1.21347,1.21468,11203
2022-08-03 04:00:00,1.21468,1.21942,1.21456,1.21799,10666
2022-08-03 08:00:00,1.21802,1.22076,1.21572,1.2178200000000001,14076
2022-08-03 12:00:00,1.2178200000000001,1.22056,1.21668,1.21749,14469
2022-08-03 16:00:00,1.21745,1.21803,1.21003,1.21426,22192
2022-08-03 20:00:00,1.21425,1.21555,1.21378,1.21466,8439
2022-08-04 00:00:00,1.21381,1.2160199999999999,1.21353,1.21589,5007
2022-08-04 04:00:00,1.21585,1.2168,1.21444,1.21556,7299
2022-08-04 08:00:00,1.21555,1.2176,1.21284,1.2165,13114
2022-08-04 12:00:00,1.21649,1.22164,1.20657,1.2113,19046
2022-08-04 16:00:00,1.21127,1.21609,1.209,1.21458,20227
2022-08-04 20:00:00,1.21454,1.2175799999999999,1.21446,1.21584,7755
2022-08-05 00:00:00,1.21555,1.21635,1.2135,1.2138,5745
2022-08-05 04:00:00,1.21379,1.21467,1.21302,1.21405,7426
2022-08-05 08:00:00,1.21406,1.21691,1.21355,1.2144300000000001,11459
2022-08-05 12:00:00,1.21446,1.21487,1.20252,1.20269,14942
2022-08-05 16:00:00,1.20272,1.20839,1.2003300000000001,1.2077499999999999,22462
2022-08-05 20:00:00,1.20773,1.20943,1.20611,1.20742,9869
2022-08-08 00:00:00,1.20673,1.207,1.20475,1.20564,3766
2022-08-08 04:00:00,1.20563,1.20801,1.20551,1.20768,5665
2022-08-08 08:00:00,1.2076500000000001,1.2123,1.2068699999999999,1.20853,11048
2022-08-08 12:00:00,1.20855,1.21222,1.20715,1.2121,11327
2022-08-08 16:00:00,1.21209,1.21378,1.20762,1.20771,13839
2022-08-08 20:00:00,1.20772,1.20932,1.20688,1.20812,8536
2022-08-09 00:00:00,1.20866,1.20889,1.2075,1.20782,6910
2022-08-09 04:00:00,1.20781,1.20855,1.20703,1.20843,6352
2022-08-09 08:00:00,1.20847,1.21222,1.20655,1.21184,10032
2022-08-09 12:00:00,1.21183,1.21302,1.20948,1.21071,11661
2022-08-09 16:00:00,1.2107,1.21289,1.20762,1.2082600000000001,14493
2022-08-09 20:00:00,1.20828,1.20863,1.20632,1.20741,5787
2022-08-10 00:00:00,1.20746,1.20767,1.20652,1.20683,3867
2022-08-10 04:00:00,1.20681,1.20846,1.2066,1.20831,5721
2022-08-10 08:00:00,1.20831,1.21056,1.20675,1.2095,9517
2022-08-10 12:00:00,1.20952,1.22506,1.20812,1.22189,13947
2022-08-10 16:00:00,1.2219,1.22762,1.21912,1.22476,21998
2022-08-10 20:00:00,1.22481,1.22613,1.22107,1.22141,9262
2022-08-11 00:00:00,1.22167,1.22205,1.22037,1.22089,5510
2022-08-11 04:00:00,1.22089,1.22095,1.21822,1.21905,6224
2022-08-11 08:00:00,1.21908,1.22456,1.21837,1.22421,12594
2022-08-11 12:00:00,1.22421,1.22444,1.21944,1.22353,15211
2022-08-11 16:00:00,1.22353,1.22492,1.21967,1.22239,18762
2022-08-11 20:00:00,1.22244,1.22268,1.21854,1.21991,8511
2022-08-12 00:00:00,1.21975,1.22037,1.21773,1.21845,4623
2022-08-12 04:00:00,1.21849,1.2197,1.21786,1.21895,6352
2022-08-12 08:00:00,1.21894,1.22163,1.21678,1.21787,11718
2022-08-12 12:00:00,1.21783,1.2178499999999999,1.21085,1.21105,14004
2022-08-12 16:00:00,1.21113,1.2144300000000001,1.20997,1.21291,18483
2022-08-12 20:00:00,1.2129,1.21465,1.21289,1.21359,5726
2022-08-15 00:00:00,1.21254,1.21482,1.21252,1.21425,3872
2022-08-15 04:00:00,1.21431,1.21452,1.21082,1.21152,7637
2022-08-15 08:00:00,1.21155,1.21213,1.20689,1.20744,10152
2022-08-15 12:00:00,1.20745,1.21134,1.20501,1.20889,13696
2022-08-15 16:00:00,1.20891,1.21092,1.20686,1.20846,13021
2022-08-15 20:00:00,1.20848,1.20862,1.205,1.20538,5575
2022-08-16 00:00:00,1.20541,1.20588,1.20379,1.20398,6155
2022-08-16 04:00:00,1.20398,1.20604,1.20353,1.20516,5885
2022-08-16 08:00:00,1.20515,1.2058200000000001,1.20079,1.20369,12139
2022-08-16 12:00:00,1.20374,1.20574,1.2013,1.20551,12885
2022-08-16 16:00:00,1.2055,1.21177,1.20486,1.20814,14502
2022-08-16 20:00:00,1.20815,1.21044,1.20793,1.20987,6220
2022-08-17 00:00:00,1.20987,1.21082,1.20832,1.21074,6518
2022-08-17 04:00:00,1.21074,1.21225,1.2098,1.2119,7211
2022-08-17 08:00:00,1.2119,1.21424,1.20777,1.21035,12715
2022-08-17 12:00:00,1.21035,1.21142,1.20481,1.20624,13327
2022-08-17 16:00:00,1.20623,1.20954,1.2028,1.20393,15213
2022-08-17 20:00:00,1.2039900000000001,1.20877,1.20354,1.20525,11863
2022-08-18 00:00:00,1.20434,1.20603,1.20416,1.20512,7039
2022-08-18 04:00:00,1.2051,1.20591,1.20305,1.2039900000000001,8051
2022-08-18 08:00:00,1.2039900000000001,1.2058,1.19951,1.20476,12973
2022-08-18 12:00:00,1.20475,1.20794,1.20354,1.20492,13375
2022-08-18 16:00:00,1.2049,1.20534,1.19358,1.19369,15353
2022-08-18 20:00:00,1.19368,1.19437,1.19227,1.19322,8337
2022-08-19 00:00:00,1.19227,1.19356,1.19052,1.19059,8351
2022-08-19 04:00:00,1.1905999999999999,1.19262,1.18941,1.1902,6699
2022-08-19 08:00:00,1.19018,1.19259,1.18795,1.18952,11212
2022-08-19 12:00:00,1.18954,1.1896200000000001,1.18154,1.1847699999999999,13806
2022-08-19 16:00:00,1.18475,1.18575,1.17921,1.18253,13940
2022-08-19 20:00:00,1.18254,1.18343,1.18109,1.18255,6332
2022-08-22 00:00:00,1.18205,1.18304,1.18054,1.1807400000000001,4722
2022-08-22 04:00:00,1.18073,1.18366,1.1806,1.18304,6719
2022-08-22 08:00:00,1.18303,1.18362,1.17823,1.18125,12563
2022-08-22 12:00:00,1.18124,1.18225,1.17893,1.18184,12680
2022-08-22 16:00:00,1.18185,1.1825700000000001,1.1742,1.1775,14829
2022-08-22 20:00:00,1.17751,1.17759,1.17517,1.17651,5706
2022-08-23 00:00:00,1.17615,1.17821,1.17574,1.17741,4383
2022-08-23 04:00:00,1.1774,1.17851,1.17634,1.17634,6379
2022-08-23 08:00:00,1.17633,1.17789,1.17173,1.17774,14702
2022-08-23 12:00:00,1.1777199999999999,1.17826,1.17458,1.17646,12428
2022-08-23 16:00:00,1.17647,1.18777,1.17571,1.18482,21160
2022-08-23 20:00:00,1.18482,1.1850100000000001,1.18166,1.1832,8193
2022-08-24 00:00:00,1.18317,1.18378,1.18125,1.18128,5188
2022-08-24 04:00:00,1.18128,1.18279,1.1799,1.18245,7911
2022-08-24 08:00:00,1.18246,1.18336,1.18006,1.1822300000000001,11987
2022-08-24 12:00:00,1.18222,1.18261,1.1757900000000001,1.17722,15165
2022-08-24 16:00:00,1.17723,1.18256,1.17557,1.1785,19554
2022-08-24 20:00:00,1.17849,1.18014,1.17808,1.17983,6501
2022-08-25 00:00:00,1.1795499999999999,1.18151,1.17832,1.1812,5428
2022-08-25 04:00:00,1.1812,1.18427,1.18036,1.18343,8273
2022-08-25 08:00:00,1.1834500000000001,1.18641,1.18252,1.18439,14096
2022-08-25 12:00:00,1.18438,1.18569,1.18089,1.18201,14713
2022-08-25 16:00:00,1.18198,1.18498,1.17927,1.18205,16500
2022-08-25 20:00:00,1.18204,1.18385,1.18176,1.18339,7040
2022-08-26 00:00:00,1.18339,1.18372,1.18057,1.1814,4320
2022-08-26 04:00:00,1.18139,1.18314,1.1807699999999999,1.1809,6174
2022-08-26 08:00:00,1.18091,1.181,1.1775,1.18009,11343
2022-08-26 12:00:00,1.18008,1.18543,1.18007,1.18535,13640
2022-08-26 16:00:00,1.18534,1.19009,1.17458,1.17533,24557
2022-08-26 20:00:00,1.17531,1.17576,1.17334,1.17388,9918
2022-08-29 00:00:00,1.17388,1.17388,1.1675200000000001,1.16785,7089
2022-08-29 04:00:00,1.16788,1.16859,1.16519,1.1654,9554
2022-08-29 08:00:00,1.16541,1.16824,1.16482,1.16582,12730
2022-08-29 12:00:00,1.1657899999999999,1.17343,1.16566,1.17168,14133
2022-08-29 16:00:00,1.17167,1.1743999999999999,1.16859,1.17219,15315
2022-08-29 20:00:00,1.17219,1.17291,1.16983,1.17038,7059
2022-08-30 00:00:00,1.1703000000000001,1.17259,1.16997,1.17163,5339
2022-08-30 04:00:00,1.17161,1.17265,1.16869,1.17049,8850
2022-08-30 08:00:00,1.17048,1.17524,1.16981,1.1738,14789
2022-08-30 12:00:00,1.17381,1.17605,1.1688,1.16985,16175
2022-08-30 16:00:00,1.16985,1.17217,1.16214,1.16507,23515
2022-08-30 20:00:00,1.1650800000000001,1.16699,1.16465,1.1653,10694
2022-08-31 00:00:00,1.16476,1.16748,1.16454,1.16665,4421
2022-08-31 04:00:00,1.16665,1.1692,1.16595,1.16841,8425
2022-08-31 08:00:00,1.1684,1.16938,1.16356,1.16412,15662
2022-08-31 12:00:00,1.16412,1.1650800000000001,1.16014,1.16372,17832
2022-08-31 16:00:00,1.16375,1.16533,1.15991,1.16249,22164
2022-08-31 20:00:00,1.16251,1.16303,1.16064,1.16207,10862
2022-09-01 00:00:00,1.16186,1.16207,1.15738,1.15833,8162
2022-09-01 04:00:00,1.15836,1.15905,1.15682,1.15775,8942
2022-09-01 08:00:00,1.15773,1.16167,1.15722,1.15972,16319
2022-09-01 12:00:00,1.15968,1.16072,1.15494,1.15642,16195
2022-09-01 16:00:00,1.15648,1.15786,1.14989,1.15336,20906
2022-09-01 20:00:00,1.15336,1.15553,1.15319,1.15427,9086
2022-09-02 00:00:00,1.15425,1.1559599999999999,1.15323,1.15504,4965
2022-09-02 04:00:00,1.15505,1.1555900000000001,1.15395,1.15497,7744
2022-09-02 08:00:00,1.15502,1.15694,1.1532,1.15548,12423
2022-09-02 12:00:00,1.1555,1.1588,1.15313,1.15393,15719
2022-09-02 16:00:00,1.15393,1.15885,1.15154,1.15238,21801
2022-09-02 20:00:00,1.15238,1.15238,1.14959,1.15135,11802
2022-09-05 00:00:00,1.14833,1.14936,1.14656,1.1479300000000001,7925
2022-09-05 04:00:00,1.14791,1.1493,1.14564,1.14645,10050
2022-09-05 08:00:00,1.1464,1.14939,1.14433,1.149,16134
2022-09-05 12:00:00,1.14901,1.15186,1.1480299999999999,1.14908,13478
2022-09-05 16:00:00,1.14914,1.15209,1.14914,1.15149,9776
2022-09-05 20:00:00,1.1515,1.15195,1.15131,1.15181,2141
2022-09-06 00:00:00,1.15141,1.15914,1.15077,1.159,6644
2022-09-06 04:00:00,1.159,1.16,1.15597,1.15626,10127
2022-09-06 08:00:00,1.15629,1.16094,1.15488,1.15738,17118
2022-09-06 12:00:00,1.15736,1.16085,1.15467,1.15471,15713
2022-09-06 16:00:00,1.15475,1.15512,1.14938,1.15304,22329
2022-09-06 20:00:00,1.15303,1.15331,1.15127,1.15183,10929
2022-09-07 00:00:00,1.15112,1.15205,1.1479,1.14801,6170
2022-09-07 04:00:00,1.14798,1.14859,1.14514,1.14781,12748
2022-09-07 08:00:00,1.14781,1.15233,1.14694,1.14962,14116
2022-09-07 12:00:00,1.14959,1.15023,1.14139,1.1431499999999999,17568
2022-09-07 16:00:00,1.14312,1.15,1.14053,1.14948,19693
2022-09-07 20:00:00,1.14948,1.15225,1.14937,1.15058,6642
2022-09-08 00:00:00,1.15224,1.1541299999999999,1.1501000000000001,1.15062,5949
2022-09-08 04:00:00,1.15065,1.15162,1.14906,1.15045,9086
2022-09-08 08:00:00,1.15045,1.15216,1.14778,1.14958,15755
2022-09-08 12:00:00,1.14955,1.15603,1.14758,1.15025,17031
2022-09-08 16:00:00,1.15018,1.15158,1.14603,1.14812,23268
2022-09-08 20:00:00,1.14812,1.15166,1.14789,1.15006,10519
2022-09-09 00:00:00,1.15008,1.1552,1.14948,1.1543,5558
2022-09-09 04:00:00,1.15431,1.15958,1.15406,1.15877,10466
2022-09-09 08:00:00,1.15876,1.16478,1.15783,1.16295,14851
2022-09-09 12:00:00,1.16287,1.16306,1.1551,1.15757,15811
2022-09-09 16:00:00,1.15754,1.16016,1.15672,1.16011,17102
2022-09-09 20:00:00,1.16011,1.16011,1.15804,1.1587,6250
2022-09-12 00:00:00,1.16273,1.1636199999999999,1.16026,1.16114,5744
2022-09-12 04:00:00,1.16115,1.16288,1.16005,1.16046,7407
2022-09-12 08:00:00,1.1604700000000001,1.16999,1.16046,1.16915,15807
2022-09-12 12:00:00,1.16912,1.1703999999999999,1.16628,1.1692,15786
2022-09-12 16:00:00,1.16921,1.17105,1.16637,1.17089,15251
2022-09-12 20:00:00,1.17089,1.1709,1.16754,1.1682299999999999,7791
2022-09-13 00:00:00,1.1682299999999999,1.17058,1.16746,1.16948,5494
2022-09-13 04:00:00,1.1694499999999999,1.1698,1.1678600000000001,1.16818,6145
2022-09-13 08:00:00,1.16816,1.17323,1.1679599999999999,1.1714,11336
2022-09-13 12:00:00,1.17141,1.1738,1.15531,1.15554,15265
2022-09-13 16:00:00,1.15544,1.15842,1.1515,1.1524,20630
2022-09-13 20:00:00,1.15236,1.15366,1.14926,1.1493,10081
2022-09-14 00:00:00,1.1491500000000001,1.15121,1.14817,1.15019,6774
2022-09-14 04:00:00,1.15019,1.15295,1.14873,1.15208,9262
2022-09-14 08:00:00,1.1521,1.1552,1.14798,1.1538,17351
2022-09-14 12:00:00,1.15374,1.15726,1.1532499999999999,1.15565,16826
2022-09-14 16:00:00,1.15565,1.15896,1.15391,1.15653,19044
2022-09-14 20:00:00,1.15655,1.15703,1.15263,1.15404,8938
2022-09-15 00:00:00,1.15408,1.15493,1.15275,1.15335,4350
2022-09-15 04:00:00,1.15334,1.15478,1.15199,1.15247,7176
2022-09-15 08:00:00,1.15247,1.15381,1.15061,1.15278,11400
2022-09-15 12:00:00,1.15277,1.15279,1.14709,1.1509,14711
2022-09-15 16:00:00,1.15089,1.15176,1.14631,1.14807,18240
2022-09-15 20:00:00,1.14808,1.14985,1.14648,1.14697,5226
2022-09-16 00:00:00,1.14625,1.14786,1.14507,1.14705,4721
2022-09-16 04:00:00,1.14705,1.14802,1.14544,1.14651,6885
2022-09-16 08:00:00,1.1465,1.1465,1.13504,1.13702,14498
2022-09-16 12:00:00,1.13708,1.14134,1.13707,1.13779,14947
2022-09-16 16:00:00,1.13781,1.14465,1.13763,1.13969,20772
2022-09-16 20:00:00,1.1397,1.14264,1.13859,1.14228,8839
2022-09-19 00:00:00,1.14109,1.14423,1.14099,1.14242,5950
2022-09-19 04:00:00,1.14242,1.14277,1.13945,1.14014,7214
2022-09-19 08:00:00,1.14013,1.14048,1.13647,1.13656,9714
2022-09-19 12:00:00,1.13657,1.13908,1.1355,1.1371,11231
2022-09-19 16:00:00,1.13712,1.14207,1.13626,1.14175,12800
2022-09-19 20:00:00,1.14173,1.14406,1.14082,1.1432,4768
2022-09-20 00:00:00,1.14225,1.14605,1.14204,1.14313,6030
2022-09-20 04:00:00,1.14307,1.14367,1.14092,1.14277,7663
2022-09-20 08:00:00,1.14276,1.14605,1.14126,1.14323,12914
2022-09-20 12:00:00,1.14322,1.14555,1.14058,1.14178,15525
2022-09-20 16:00:00,1.14175,1.1426,1.13719,1.13833,16882
2022-09-20 20:00:00,1.13834,1.13838,1.13573,1.13687,6661
2022-09-21 00:00:00,1.13695,1.13847,1.13648,1.1372,7178
2022-09-21 04:00:00,1.1372,1.13827,1.13653,1.1368,8751
2022-09-21 08:00:00,1.13684,1.13827,1.13053,1.13294,17377
2022-09-21 12:00:00,1.13292,1.13493,1.13272,1.13427,12273
2022-09-21 16:00:00,1.13426,1.13503,1.13123,1.13138,15970
2022-09-21 20:00:00,1.1313900000000001,1.1357,1.12368,1.12715,19061
2022-09-22 00:00:00,1.12619,1.12801,1.12246,1.1227800000000001,7048
2022-09-22 04:00:00,1.12279,1.12535,1.1219999999999999,1.12428,12653
2022-09-22 08:00:00,1.12425,1.13541,1.12118,1.13259,19272
2022-09-22 12:00:00,1.13255,1.1364,1.12707,1.1335600000000001,21150
2022-09-22 16:00:00,1.1333199999999999,1.13351,1.12415,1.12642,20567
2022-09-22 20:00:00,1.12641,1.12717,1.125,1.12559,9699
2022-09-23 00:00:00,1.12554,1.12733,1.1250499999999999,1.12643,5029
2022-09-23 04:00:00,1.12643,1.1268799999999999,1.12226,1.12316,9468
2022-09-23 08:00:00,1.12314,1.12447,1.11504,1.1175,15307
2022-09-23 12:00:00,1.11745,1.12094,1.10202,1.10609,22891
2022-09-23 16:00:00,1.10606,1.10964,1.08628,1.08965,22844
2022-09-23 20:00:00,1.08966,1.09041,1.08392,1.08466,14655
2022-09-26 00:00:00,1.08009,1.08455,1.03902,1.03993,12826
2022-09-26 04:00:00,1.03998,1.06029,1.03337,1.05337,24525
2022-09-26 08:00:00,1.05326,1.0789,1.05221,1.07541,25223
2022-09-26 12:00:00,1.07541,1.09301,1.06714,1.08797,24865
2022-09-26 16:00:00,1.08797,1.08907,1.06304,1.06808,27891
2022-09-26 20:00:00,1.06804,1.07204,1.06414,1.069,17014
2022-09-27 00:00:00,1.06811,1.07887,1.06515,1.077,11336
2022-09-27 04:00:00,1.07699,1.07927,1.07381,1.07691,15480
2022-09-27 08:00:00,1.07692,1.08373,1.07637,1.08067,20349
2022-09-27 12:00:00,1.08062,1.08254,1.0769,1.07708,20552
2022-09-27 16:00:00,1.0771,1.07949,1.06606,1.06756,25853
2022-09-27 20:00:00,1.06755,1.07362,1.06585,1.07296,15131
2022-09-28 00:00:00,1.0727,1.07387,1.06862,1.06923,9138
2022-09-28 04:00:00,1.0692,1.06991,1.0631,1.06497,19105
2022-09-28 08:00:00,1.06477,1.07122,1.06401,1.06895,24235
2022-09-28 12:00:00,1.06892,1.08391,1.05392,1.0672,28415
2022-09-28 16:00:00,1.067,1.08759,1.06195,1.0860400000000001,28573
2022-09-28 20:00:00,1.08605,1.09162,1.08532,1.08885,13414
2022-09-29 00:00:00,1.08818,1.08873,1.08039,1.08058,10648
2022-09-29 04:00:00,1.08053,1.08261,1.07813,1.08069,16051
2022-09-29 08:00:00,1.08076,1.08167,1.07618,1.07977,24047
2022-09-29 12:00:00,1.07965,1.08973,1.07965,1.08783,26219
2022-09-29 16:00:00,1.08789,1.11086,1.08779,1.10591,26795
2022-09-29 20:00:00,1.10588,1.11055,1.10376,1.11055,13371
2022-09-30 00:00:00,1.11148,1.12013,1.11101,1.11569,13333
2022-09-30 04:00:00,1.11569,1.11744,1.10697,1.11053,16613
2022-09-30 08:00:00,1.11053,1.12345,1.10929,1.12168,23339
2022-09-30 12:00:00,1.12183,1.12206,1.10248,1.10682,23313
2022-09-30 16:00:00,1.10684,1.11768,1.10501,1.11294,27036
2022-09-30 20:00:00,1.11291,1.11802,1.11184,1.1155,15123
2022-10-03 00:00:00,1.11647,1.11946,1.111,1.11274,9551
2022-10-03 04:00:00,1.11275,1.11627,1.1085,1.10932,13179
2022-10-03 08:00:00,1.10925,1.12806,1.10908,1.121,21661
2022-10-03 12:00:00,1.12099,1.12393,1.11685,1.12171,14885
2022-10-03 16:00:00,1.12168,1.13344,1.11996,1.12756,23835
2022-10-03 20:00:00,1.12756,1.13263,1.1265,1.13205,11275
2022-10-04 00:00:00,1.13223,1.13436,1.131,1.13302,9349
2022-10-04 04:00:00,1.13301,1.13366,1.12803,1.13207,14782
2022-10-04 08:00:00,1.13206,1.14291,1.13182,1.13789,23243
2022-10-04 12:00:00,1.13787,1.1394,1.1299,1.13852,24263
2022-10-04 16:00:00,1.13856,1.1489099999999999,1.13512,1.14543,24603
2022-10-04 20:00:00,1.14543,1.14822,1.1427,1.14745,14138
2022-10-05 00:00:00,1.14675,1.1487,1.14218,1.14388,7769
2022-10-05 04:00:00,1.14387,1.14642,1.14136,1.14327,17485
2022-10-05 08:00:00,1.14325,1.14953,1.13796,1.14222,20533
2022-10-05 12:00:00,1.14224,1.14287,1.13047,1.13212,20106
2022-10-05 16:00:00,1.13212,1.13279,1.12267,1.12906,25251
2022-10-05 20:00:00,1.12906,1.1352,1.12892,1.13486,7582
2022-10-06 00:00:00,1.13,1.13831,1.12989,1.13632,9453
2022-10-06 04:00:00,1.13632,1.13791,1.1332200000000001,1.13662,15192
2022-10-06 08:00:00,1.13663,1.13668,1.12786,1.12885,22022
2022-10-06 12:00:00,1.12886,1.13154,1.12415,1.1266,22424
2022-10-06 16:00:00,1.12655,1.12692,1.1113,1.11438,29238
2022-10-06 20:00:00,1.11439,1.11929,1.11411,1.11612,14675
2022-10-07 00:00:00,1.11525,1.11714,1.11346,1.11484,9412
2022-10-07 04:00:00,1.11486,1.11894,1.1139000000000001,1.11534,12032
2022-10-07 08:00:00,1.11539,1.12189,1.11152,1.11927,19309
2022-10-07 12:00:00,1.11926,1.12249,1.1091199999999999,1.11325,20020
2022-10-07 16:00:00,1.1132,1.11693,1.10905,1.10976,26575
2022-10-07 20:00:00,1.10977,1.11038,1.10552,1.10865,12726
2022-10-10 00:00:00,1.10873,1.10961,1.10582,1.10877,10532
2022-10-10 04:00:00,1.10877,1.1111,1.10689,1.10802,12522
2022-10-10 08:00:00,1.10801,1.11103,1.1027,1.10545,24919
2022-10-10 12:00:00,1.10547,1.10995,1.10419,1.10733,27257
2022-10-10 16:00:00,1.10739,1.10809,1.10247,1.10267,34212
2022-10-10 20:00:00,1.10266,1.10812,1.10195,1.10594,17856
2022-10-11 00:00:00,1.10561,1.10954,1.10517,1.10874,13082
2022-10-11 04:00:00,1.10874,1.10936,1.10174,1.10227,22914
2022-10-11 08:00:00,1.10228,1.10558,1.09974,1.1044,33499
2022-10-11 12:00:00,1.1044,1.11137,1.1031,1.10875,30969
2022-10-11 16:00:00,1.10879,1.11799,1.10433,1.1161699999999999,42929
2022-10-11 20:00:00,1.11614,1.11659,1.09524,1.0973,32420
2022-10-12 00:00:00,1.09698,1.09925,1.09477,1.09698,16594
2022-10-12 04:00:00,1.09699,1.10591,1.0923,1.09953,27700
2022-10-12 08:00:00,1.09953,1.10641,1.09532,1.10357,41203
2022-10-12 12:00:00,1.10354,1.10986,1.10212,1.10468,35849
2022-10-12 16:00:00,1.10471,1.10995,1.10223,1.10625,39066
2022-10-12 20:00:00,1.1062400000000001,1.11333,1.10605,1.10961,23820
2022-10-13 00:00:00,1.10971,1.11201,1.10874,1.11117,10325
2022-10-13 04:00:00,1.11118,1.11149,1.10753,1.10888,13338
2022-10-13 08:00:00,1.10888,1.11038,1.1057,1.11033,22326
2022-10-13 12:00:00,1.1103,1.12963,1.10998,1.1216,40699
2022-10-13 16:00:00,1.12158,1.13808,1.11587,1.13292,66435
2022-10-13 20:00:00,1.13283,1.13527,1.13011,1.13308,28173
2022-10-14 00:00:00,1.133,1.13345,1.12892,1.13069,12197
2022-10-14 04:00:00,1.13069,1.13664,1.13056,1.13209,26552
2022-10-14 08:00:00,1.13208,1.13345,1.12543,1.12747,37183
2022-10-14 12:00:00,1.12751,1.13107,1.1166,1.12608,43396
2022-10-14 16:00:00,1.12605,1.1288,1.11515,1.11613,55493
2022-10-14 20:00:00,1.1161,1.11857,1.11551,1.11769,22593
2022-10-17 00:00:00,1.12211,1.1252,1.1207799999999999,1.12243,18863
2022-10-17 04:00:00,1.12245,1.12418,1.12154,1.12256,22829
2022-10-17 08:00:00,1.12255,1.1305,1.12235,1.12671,36960
2022-10-17 12:00:00,1.12672,1.1352,1.12557,1.13381,33838
2022-10-17 16:00:00,1.13378,1.14394,1.1334,1.13896,43289
2022-10-17 20:00:00,1.13897,1.14025,1.13437,1.13622,20033
2022-10-18 00:00:00,1.1351499999999999,1.13693,1.13475,1.13527,16073
2022-10-18 04:00:00,1.13526,1.14105,1.13306,1.13885,24149
2022-10-18 08:00:00,1.13886,1.14018,1.12866,1.12942,40303
2022-10-18 12:00:00,1.1293,1.13464,1.12552,1.13269,40086
2022-10-18 16:00:00,1.13268,1.13388,1.12797,1.13122,43769
2022-10-18 20:00:00,1.13122,1.13342,1.12797,1.13197,26709
2022-10-19 00:00:00,1.13126,1.13574,1.13095,1.1341,14778
2022-10-19 04:00:00,1.1341,1.13503,1.13174,1.1325,21897
2022-10-19 08:00:00,1.1325,1.1329500000000001,1.12454,1.12626,35855
2022-10-19 12:00:00,1.12625,1.12862,1.12213,1.12454,35764
2022-10-19 16:00:00,1.12456,1.12778,1.11886,1.11936,40925
2022-10-19 20:00:00,1.11935,1.12271,1.11849,1.12182,22869
2022-10-20 00:00:00,1.12063,1.12239,1.1197300000000001,1.12087,14074
2022-10-20 04:00:00,1.12089,1.12402,1.1191200000000001,1.12212,26347
2022-10-20 08:00:00,1.12213,1.12403,1.11798,1.11842,42089
2022-10-20 12:00:00,1.11849,1.13064,1.1171,1.1255,45117
2022-10-20 16:00:00,1.12551,1.13365,1.12425,1.12545,51970
2022-10-20 20:00:00,1.12543,1.12554,1.12025,1.12324,31663
2022-10-21 00:00:00,1.12228,1.1237,1.11984,1.1206,12128
2022-10-21 04:00:00,1.12062,1.12195,1.119,1.1196,24717
2022-10-21 08:00:00,1.11959,1.12221,1.11231,1.113,35930
2022-10-21 12:00:00,1.11301,1.11538,1.10602,1.113,41823
2022-10-21 16:00:00,1.11294,1.12997,1.11165,1.126,78121
2022-10-21 20:00:00,1.126,1.13145,1.12424,1.12926,30038
2022-10-24 00:00:00,1.13809,1.14091,1.13067,1.13272,32821
2022-10-24 04:00:00,1.13272,1.13535,1.12997,1.13469,28392
2022-10-24 08:00:00,1.13464,1.13824,1.13026,1.13257,43828
2022-10-24 12:00:00,1.13265,1.13485,1.12732,1.13245,39832
2022-10-24 16:00:00,1.13246,1.1344,1.12576,1.12755,47984
2022-10-24 20:00:00,1.12758,1.1296599999999999,1.12721,1.12809,15615
2022-10-25 00:00:00,1.12751,1.13256,1.12697,1.13182,16078
2022-10-25 04:00:00,1.13181,1.1324,1.1292200000000001,1.12989,27769
2022-10-25 08:00:00,1.12989,1.13323,1.1271,1.1320000000000001,31701
2022-10-25 12:00:00,1.13201,1.13642,1.13053,1.13634,27940
2022-10-25 16:00:00,1.13632,1.14995,1.1362700000000001,1.14695,42790
2022-10-25 20:00:00,1.14691,1.1488800000000001,1.14599,1.14745,18002
2022-10-26 00:00:00,1.14643,1.14753,1.1431499999999999,1.14382,15668
2022-10-26 04:00:00,1.14382,1.14682,1.14301,1.14526,22974
2022-10-26 08:00:00,1.14522,1.16061,1.14447,1.15997,39115
2022-10-26 12:00:00,1.15998,1.16199,1.15451,1.15544,41109
2022-10-26 16:00:00,1.15545,1.16388,1.15442,1.16105,47463
2022-10-26 20:00:00,1.16102,1.16338,1.15971,1.16296,20856
2022-10-27 00:00:00,1.16093,1.16451,1.16093,1.16248,21857
2022-10-27 04:00:00,1.16249,1.16398,1.16043,1.16228,25882
2022-10-27 08:00:00,1.1623,1.1636,1.15857,1.15901,35706
2022-10-27 12:00:00,1.15903,1.15957,1.15489,1.15777,42683
2022-10-27 16:00:00,1.15777,1.16342,1.15567,1.15733,54623
2022-10-27 20:00:00,1.15735,1.16016,1.15578,1.15659,21402
2022-10-28 00:00:00,1.15576,1.15738,1.15444,1.15523,16999
2022-10-28 04:00:00,1.15525,1.15945,1.15476,1.15717,29239
2022-10-28 08:00:00,1.15717,1.15728,1.1503700000000001,1.15271,37413
2022-10-28 12:00:00,1.15289,1.15748,1.15127,1.1539,33104
2022-10-28 16:00:00,1.1539,1.16,1.15331,1.15887,43253
2022-10-28 20:00:00,1.15888,1.16235,1.15828,1.16137,14109
2022-10-31 00:00:00,1.15863,1.16132,1.15819,1.16065,12540
2022-10-31 04:00:00,1.16061,1.16115,1.15853,1.1597,15807
2022-10-31 08:00:00,1.1597,1.16068,1.15422,1.15466,24823
2022-10-31 12:00:00,1.15465,1.1567,1.15019,1.15058,27835
2022-10-31 16:00:00,1.15058,1.15282,1.14754,1.14862,35893
2022-10-31 20:00:00,1.14861,1.14898,1.146,1.14677,17148
2022-11-01 00:00:00,1.14649,1.1482,1.14617,1.1480299999999999,9694
2022-11-01 04:00:00,1.14802,1.15153,1.14734,1.15057,23091
2022-11-01 08:00:00,1.15058,1.155,1.15011,1.1529099999999999,31459
2022-11-01 12:00:00,1.1529099999999999,1.15659,1.1513,1.15504,27488
2022-11-01 16:00:00,1.1550799999999999,1.156,1.14368,1.14493,43755
2022-11-01 20:00:00,1.14491,1.14863,1.14406,1.148,16955
2022-11-02 00:00:00,1.148,1.15069,1.1473,1.15061,19208
2022-11-02 04:00:00,1.15059,1.15267,1.14963,1.15046,23884
2022-11-02 08:00:00,1.1504699999999999,1.15244,1.14843,1.15109,24597
2022-11-02 12:00:00,1.15111,1.1516899999999999,1.1484,1.1508,27620
2022-11-02 16:00:00,1.1508,1.15156,1.1449,1.14614,29327
2022-11-02 20:00:00,1.14612,1.15647,1.13877,1.13878,43970
2022-11-03 00:00:00,1.13899,1.14022,1.13748,1.13934,14834
2022-11-03 04:00:00,1.13934,1.14218,1.13904,1.1417,20151
2022-11-03 08:00:00,1.1417,1.14184,1.1251,1.12582,29150
2022-11-03 12:00:00,1.12582,1.12787,1.11616,1.11631,39570
2022-11-03 16:00:00,1.11629,1.12302,1.11558,1.11835,43479
2022-11-03 20:00:00,1.11835,1.11887,1.11515,1.11591,20104
2022-11-04 00:00:00,1.11573,1.11886,1.11493,1.11836,13087
2022-11-04 04:00:00,1.11837,1.12395,1.11761,1.12338,20694
2022-11-04 08:00:00,1.12339,1.12422,1.11915,1.1222,31954
2022-11-04 12:00:00,1.12221,1.12752,1.11455,1.12675,38147
2022-11-04 16:00:00,1.12667,1.13371,1.12326,1.12959,57894
2022-11-04 20:00:00,1.1296,1.13817,1.1293,1.1372,26622
2022-11-07 00:00:00,1.13081,1.13436,1.13025,1.13258,18695
2022-11-07 04:00:00,1.13257,1.13498,1.13181,1.1335,20311
2022-11-07 08:00:00,1.13348,1.14705,1.129,1.14409,35884
2022-11-07 12:00:00,1.14409,1.14771,1.14263,1.14697,31887
2022-11-07 16:00:00,1.14699,1.15183,1.14411,1.15176,34397
2022-11-07 20:00:00,1.15175,1.15411,1.1509800000000001,1.15126,13637
2022-11-08 00:00:00,1.15129,1.15364,1.15042,1.15145,14690
2022-11-08 04:00:00,1.15145,1.15187,1.14797,1.14863,15542
2022-11-08 08:00:00,1.14862,1.14972,1.14442,1.1491500000000001,29082
2022-11-08 12:00:00,1.14914,1.14933,1.14295,1.14456,26043
2022-11-08 16:00:00,1.1445400000000001,1.15991,1.14443,1.15779,34052
2022-11-08 20:00:00,1.15778,1.15854,1.15127,1.15453,20854
2022-11-09 00:00:00,1.15365,1.15578,1.15223,1.15298,15557
2022-11-09 04:00:00,1.15304,1.15595,1.15302,1.15347,23162
2022-11-09 08:00:00,1.15346,1.15671,1.14372,1.14516,32843
2022-11-09 12:00:00,1.14518,1.14761,1.1405,1.14102,34493
2022-11-09 16:00:00,1.14107,1.144,1.13556,1.13788,40112
2022-11-09 20:00:00,1.13796,1.13851,1.13337,1.13563,21608
2022-11-10 00:00:00,1.13547,1.1392,1.13504,1.1387,12218
2022-11-10 04:00:00,1.1387,1.14117,1.13724,1.1407,19692
2022-11-10 08:00:00,1.14073,1.14127,1.1362700000000001,1.13659,30644
2022-11-10 12:00:00,1.13663,1.1654,1.13658,1.16073,32659
2022-11-10 16:00:00,1.16082,1.16865,1.1593,1.16436,47928
2022-11-10 20:00:00,1.16448,1.17313,1.16436,1.17151,24055
2022-11-11 00:00:00,1.16983,1.17147,1.16467,1.16503,19424
2022-11-11 04:00:00,1.16503,1.17175,1.16502,1.17084,29060
2022-11-11 08:00:00,1.17085,1.1771,1.16917,1.17558,37497
2022-11-11 12:00:00,1.17558,1.17964,1.17192,1.17801,36670
2022-11-11 16:00:00,1.17803,1.18044,1.17088,1.17987,38317
2022-11-11 20:00:00,1.17988,1.18544,1.17957,1.1832799999999999,19674
2022-11-14 00:00:00,1.18055,1.1817,1.17654,1.17886,23261
2022-11-14 04:00:00,1.17887,1.17937,1.17429,1.1747,24627
2022-11-14 08:00:00,1.17472,1.1829,1.17472,1.18003,34179
2022-11-14 12:00:00,1.17996,1.18127,1.17394,1.17577,32391
2022-11-14 16:00:00,1.17583,1.17667,1.17098,1.17577,35617
2022-11-14 20:00:00,1.1758,1.18022,1.17498,1.17526,15478
2022-11-15 00:00:00,1.1752,1.17671,1.17403,1.17486,13349
2022-11-15 04:00:00,1.17487,1.1783299999999999,1.17436,1.17761,15298
2022-11-15 08:00:00,1.17758,1.18443,1.17698,1.18231,32977
2022-11-15 12:00:00,1.18245,1.20288,1.18204,1.19666,35269
2022-11-15 16:00:00,1.19677,1.19886,1.18561,1.18921,44126
2022-11-15 20:00:00,1.18922,1.18971,1.17907,1.18662,36793
2022-11-16 00:00:00,1.18607,1.18873,1.1832799999999999,1.18439,19859
2022-11-16 04:00:00,1.18443,1.18844,1.18314,1.18703,26290
2022-11-16 08:00:00,1.187,1.19024,1.18367,1.18954,31952
2022-11-16 12:00:00,1.18953,1.1942,1.18595,1.18722,32028
2022-11-16 16:00:00,1.18723,1.19056,1.18322,1.18946,38604
2022-11-16 20:00:00,1.18947,1.19249,1.18692,1.1915499999999999,24671
2022-11-17 00:00:00,1.19113,1.19192,1.18838,1.18878,14309
2022-11-17 04:00:00,1.1887,1.19043,1.18667,1.18971,22614
2022-11-17 08:00:00,1.18969,1.19576,1.18697,1.1886,28898
2022-11-17 12:00:00,1.18863,1.18885,1.17632,1.17648,39456
2022-11-17 16:00:00,1.17649,1.18438,1.1763,1.18368,38957
2022-11-17 20:00:00,1.18367,1.18681,1.18348,1.18668,17681
2022-11-18 00:00:00,1.18615,1.1901,1.1857199999999999,1.18861,16571
2022-11-18 04:00:00,1.18859,1.19314,1.18858,1.19031,20723
2022-11-18 08:00:00,1.19031,1.19508,1.18814,1.19273,30340
2022-11-18 12:00:00,1.19274,1.19412,1.18903,1.19065,25014
2022-11-18 16:00:00,1.19067,1.19379,1.18732,1.18791,34899
2022-11-18 20:00:00,1.18791,1.19007,1.18753,1.18836,17168
2022-11-21 00:00:00,1.18853,1.18964,1.1846,1.1857,16436
2022-11-21 04:00:00,1.1857,1.1857,1.18209,1.18322,16164
2022-11-21 08:00:00,1.18322,1.184,1.17929,1.18054,29713
2022-11-21 12:00:00,1.18053,1.18301,1.17846,1.1809,30633
2022-11-21 16:00:00,1.18091,1.18271,1.17785,1.17931,32546
2022-11-21 20:00:00,1.1792799999999999,1.18243,1.17913,1.18209,18858
2022-11-22 00:00:00,1.18185,1.18595,1.18163,1.18529,16492
2022-11-22 04:00:00,1.18529,1.18634,1.18337,1.18443,14848
2022-11-22 08:00:00,1.18443,1.1884000000000001,1.18245,1.18598,29540
2022-11-22 12:00:00,1.18594,1.19024,1.18463,1.18764,24682
2022-11-22 16:00:00,1.1877,1.18913,1.18551,1.18818,28160
2022-11-22 20:00:00,1.18815,1.18935,1.18743,1.18829,11822
2022-11-23 00:00:00,1.1885,1.19097,1.18759,1.18845,13212
2022-11-23 04:00:00,1.18846,1.1893799999999999,1.1872099999999999,1.18861,11273
2022-11-23 08:00:00,1.18859,1.19363,1.18743,1.1919,23664
2022-11-23 12:00:00,1.1919,1.19812,1.19048,1.19705,27163
2022-11-23 16:00:00,1.19705,1.20807,1.19658,1.20295,38832
2022-11-23 20:00:00,1.20292,1.2072,1.20191,1.20518,24473
2022-11-24 00:00:00,1.20476,1.20919,1.20455,1.20878,24730
2022-11-24 04:00:00,1.20879,1.21129,1.2079,1.20927,16627
2022-11-24 08:00:00,1.20928,1.20974,1.20594,1.20934,26542
2022-11-24 12:00:00,1.20935,1.21318,1.20866,1.21172,28818
2022-11-24 16:00:00,1.21173,1.21534,1.21161,1.21233,21707
2022-11-24 20:00:00,1.21235,1.21238,1.21105,1.21127,5801
2022-11-25 00:00:00,1.21083,1.2117499999999999,1.20963,1.21011,10470
2022-11-25 04:00:00,1.21012,1.21276,1.2095,1.21001,12343
2022-11-25 08:00:00,1.21001,1.21245,1.20724,1.20803,25727
2022-11-25 12:00:00,1.20803,1.21203,1.20581,1.20788,24451
2022-11-25 16:00:00,1.20793,1.21107,1.2063,1.20943,25463
2022-11-25 20:00:00,1.20944,1.2104,1.20688,1.20899,38579
2022-11-28 00:00:00,1.20645,1.2074799999999999,1.20304,1.20377,16821
2022-11-28 04:00:00,1.20378,1.20598,1.2025299999999999,1.20488,17402
2022-11-28 08:00:00,1.20489,1.21179,1.20464,1.20875,33542
2022-11-28 12:00:00,1.20874,1.21097,1.2059199999999999,1.20754,34374
2022-11-28 16:00:00,1.20751,1.20759,1.20008,1.20011,38701
2022-11-28 20:00:00,1.20011,1.20077,1.19401,1.19584,17376
2022-11-29 00:00:00,1.19513,1.19922,1.19461,1.19891,20252
2022-11-29 04:00:00,1.19891,1.20222,1.19828,1.20114,21569
2022-11-29 08:00:00,1.20114,1.20641,1.19797,1.19861,37262
2022-11-29 12:00:00,1.19876,1.20349,1.19785,1.19871,38162
2022-11-29 16:00:00,1.19871,1.20177,1.19531,1.19711,42932
2022-11-29 20:00:00,1.19708,1.19768,1.1945000000000001,1.19498,18652
2022-11-30 00:00:00,1.19538,1.19904,1.19416,1.19812,15641
2022-11-30 04:00:00,1.19811,1.19932,1.19705,1.19791,17796
2022-11-30 08:00:00,1.1979,1.20157,1.19483,1.20148,27570
2022-11-30 12:00:00,1.20146,1.2029,1.19852,1.19866,32310
2022-11-30 16:00:00,1.19865,1.20247,1.19,1.19425,42825
2022-11-30 20:00:00,1.19425,1.20869,1.19215,1.20578,43222
2022-12-01 00:00:00,1.20517,1.21046,1.20423,1.20832,19364
2022-12-01 04:00:00,1.20832,1.21079,1.20732,1.2101899999999999,21160
2022-12-01 08:00:00,1.2102,1.21509,1.20696,1.21503,36806
2022-12-01 12:00:00,1.21502,1.2242,1.2134800000000001,1.22144,34618
2022-12-01 16:00:00,1.22144,1.23099,1.22091,1.22594,53920
2022-12-01 20:00:00,1.22593,1.2276,1.22345,1.22546,22150
2022-12-02 00:00:00,1.22519,1.22787,1.22309,1.22418,16159
2022-12-02 04:00:00,1.2242,1.22535,1.22244,1.22287,20935
2022-12-02 08:00:00,1.22287,1.22977,1.22269,1.2274,30372
2022-12-02 12:00:00,1.22747,1.22938,1.2134,1.21849,31989
2022-12-02 16:00:00,1.21841,1.22999,1.21667,1.22775,45985
2022-12-02 20:00:00,1.22779,1.22988,1.22589,1.22899,18925
2022-12-05 00:00:00,1.2275,1.23352,1.22702,1.23241,16786
2022-12-05 04:00:00,1.23239,1.23441,1.23139,1.23342,17249
2022-12-05 08:00:00,1.23342,1.23342,1.2261,1.22835,30530
2022-12-05 12:00:00,1.22834,1.232,1.22329,1.22623,34747
2022-12-05 16:00:00,1.22618,1.22749,1.21632,1.2181899999999999,45347
2022-12-05 20:00:00,1.2181899999999999,1.2196799999999999,1.21614,1.21929,21402
2022-12-06 00:00:00,1.21775,1.22234,1.21713,1.22081,12397
2022-12-06 04:00:00,1.22081,1.22187,1.21789,1.21928,18358
2022-12-06 08:00:00,1.21929,1.22225,1.2167,1.21776,31623
2022-12-06 12:00:00,1.21775,1.2241,1.21586,1.2202,33645
2022-12-06 16:00:00,1.22019,1.2269,1.21533,1.21753,43234
2022-12-06 20:00:00,1.21755,1.21815,1.21274,1.21316,16593
2022-12-07 00:00:00,1.21298,1.21459,1.21212,1.21434,11332
2022-12-07 04:00:00,1.21431,1.21498,1.2123,1.21288,21703
2022-12-07 08:00:00,1.2129,1.21566,1.21059,1.21294,32704
2022-12-07 12:00:00,1.21295,1.22256,1.21292,1.2217,33944
2022-12-07 16:00:00,1.22178,1.22302,1.21718,1.2224,46347
2022-12-07 20:00:00,1.22239,1.22342,1.2201,1.22092,19054
2022-12-08 00:00:00,1.21993,1.22136,1.21799,1.2184,11814
2022-12-08 04:00:00,1.2184,1.21958,1.21776,1.21877,19272
2022-12-08 08:00:00,1.21877,1.22146,1.21594,1.21719,25204
2022-12-08 12:00:00,1.21716,1.22338,1.21545,1.22128,26444
2022-12-08 16:00:00,1.22127,1.2247,1.21903,1.2233,32443
2022-12-08 20:00:00,1.2233100000000001,1.22471,1.22238,1.22383,17499
2022-12-09 00:00:00,1.22276,1.22719,1.22223,1.22681,15334
2022-12-09 04:00:00,1.22682,1.22765,1.22522,1.22588,22939
2022-12-09 08:00:00,1.22588,1.2269700000000001,1.22314,1.22471,28632
2022-12-09 12:00:00,1.22474,1.22974,1.22017,1.22696,31727
2022-12-09 16:00:00,1.22701,1.23223,1.22496,1.22864,39700
2022-12-09 20:00:00,1.22865,1.22875,1.22519,1.22602,15031
2022-12-12 00:00:00,1.22561,1.22635,1.22117,1.22218,12850
2022-12-12 04:00:00,1.2221899999999999,1.22378,1.2212,1.22269,12343
2022-12-12 08:00:00,1.22267,1.22776,1.22059,1.22739,27145
2022-12-12 12:00:00,1.22741,1.2298499999999999,1.22683,1.22929,23574
2022-12-12 16:00:00,1.22928,1.22984,1.22421,1.2282,30649
2022-12-12 20:00:00,1.22818,1.22848,1.22408,1.2264599999999999,17828
2022-12-13 00:00:00,1.22678,1.22786,1.22547,1.22754,11724
2022-12-13 04:00:00,1.22756,1.22905,1.2251400000000001,1.22811,15121
2022-12-13 08:00:00,1.2281,1.23034,1.22484,1.22741,25910
2022-12-13 12:00:00,1.22741,1.24388,1.22606,1.24103,36656
2022-12-13 16:00:00,1.24101,1.24439,1.23517,1.23665,59554
2022-12-13 20:00:00,1.23667,1.23813,1.23453,1.23669,28541
2022-12-14 00:00:00,1.23606,1.23734,1.23417,1.2351,15128
2022-12-14 04:00:00,1.23511,1.2359499999999999,1.23429,1.23544,13072
2022-12-14 08:00:00,1.23545,1.24031,1.23422,1.23932,31552
2022-12-14 12:00:00,1.2393399999999999,1.24039,1.23548,1.23712,32100
2022-12-14 16:00:00,1.23711,1.24234,1.2358500000000001,1.24189,33626
2022-12-14 20:00:00,1.24187,1.24464,1.23446,1.24268,49670
2022-12-15 00:00:00,1.2418,1.2427,1.23983,1.23997,13391
2022-12-15 04:00:00,1.24002,1.2403,1.23766,1.23925,15813
2022-12-15 08:00:00,1.23925,1.24023,1.22958,1.2339,29753
2022-12-15 12:00:00,1.2339,1.23555,1.22847,1.23169,38577
2022-12-15 16:00:00,1.23169,1.23566,1.21562,1.2159200000000001,53833
2022-12-15 20:00:00,1.21591,1.21958,1.21579,1.21779,19474
2022-12-16 00:00:00,1.2176,1.22067,1.21744,1.22011,15605
2022-12-16 04:00:00,1.22011,1.22229,1.21997,1.22056,15830
2022-12-16 08:00:00,1.22054,1.22223,1.21192,1.21445,31158
2022-12-16 12:00:00,1.21445,1.2215799999999999,1.2139199999999999,1.21885,30249
2022-12-16 16:00:00,1.21889,1.22226,1.2145,1.21793,43576
2022-12-16 20:00:00,1.21794,1.21896,1.215,1.21528,18641
2022-12-19 00:00:00,1.21457,1.21969,1.21441,1.2196500000000001,14740
2022-12-19 04:00:00,1.21966,1.22022,1.21671,1.21696,17969
2022-12-19 08:00:00,1.21695,1.22416,1.21691,1.22115,28456
2022-12-19 12:00:00,1.22119,1.22239,1.21553,1.21657,31364
2022-12-19 16:00:00,1.21657,1.2193100000000001,1.21207,1.21808,33814
2022-12-19 20:00:00,1.2180900000000001,1.21815,1.21389,1.21486,15108
2022-12-20 00:00:00,1.21466,1.21554,1.21381,1.21523,15345
2022-12-20 04:00:00,1.21523,1.22233,1.20854,1.21159,40426
2022-12-20 08:00:00,1.21159,1.2197,1.21142,1.215,43093
2022-12-20 12:00:00,1.21497,1.21821,1.20975,1.21469,35530
2022-12-20 16:00:00,1.21468,1.21683,1.21219,1.2141899999999999,43009
2022-12-20 20:00:00,1.21418,1.21877,1.2133,1.21875,17355
2022-12-21 00:00:00,1.2172,1.21925,1.21628,1.21664,17280
2022-12-21 04:00:00,1.21664,1.2172399999999999,1.21606,1.21666,15946
2022-12-21 08:00:00,1.21666,1.21826,1.21282,1.2138200000000001,26781
2022-12-21 12:00:00,1.21383,1.2164,1.20855,1.21412,30087
2022-12-21 16:00:00,1.21411,1.21428,1.20551,1.20682,34304
2022-12-21 20:00:00,1.2068,1.20971,1.20595,1.20816,17534
2022-12-22 00:00:00,1.2075,1.21146,1.20708,1.21108,14072
2022-12-22 04:00:00,1.21107,1.21346,1.21079,1.21182,14328
2022-12-22 08:00:00,1.21182,1.21473,1.20875,1.20997,25424
2022-12-22 12:00:00,1.20996,1.21089,1.20221,1.20304,32888
2022-12-22 16:00:00,1.20303,1.20439,1.1992099999999999,1.20207,35345
2022-12-22 20:00:00,1.20204,1.20467,1.20008,1.20404,18540
2022-12-23 00:00:00,1.20281,1.20458,1.20182,1.20446,19643
2022-12-23 04:00:00,1.20446,1.20577,1.20345,1.2035,15832
2022-12-23 08:00:00,1.2035,1.20747,1.20286,1.20658,23230
2022-12-23 12:00:00,1.20658,1.20901,1.20228,1.20442,26960
2022-12-23 16:00:00,1.20441,1.20859,1.20281,1.20529,38704
2022-12-23 20:00:00,1.20529,1.20544,1.2028,1.20499,12490
2022-12-27 00:00:00,1.20543,1.20998,1.20529,1.20978,14043
2022-12-27 04:00:00,1.20979,1.21029,1.20787,1.20945,15405
2022-12-27 08:00:00,1.20944,1.21122,1.20519,1.20621,22520
2022-12-27 12:00:00,1.20621,1.20736,1.20201,1.20233,23604
2022-12-27 16:00:00,1.2022599999999999,1.20476,1.20021,1.20133,28606
2022-12-27 20:00:00,1.20132,1.2036,1.20109,1.20312,13481
2022-12-28 00:00:00,1.2025000000000001,1.2031,1.20079,1.20269,10265
2022-12-28 04:00:00,1.20272,1.2029,1.2002,1.20252,18546
2022-12-28 08:00:00,1.2025299999999999,1.20549,1.20175,1.20295,20984
2022-12-28 12:00:00,1.20295,1.21,1.20264,1.20843,25117
2022-12-28 16:00:00,1.20843,1.21259,1.20221,1.20436,30789
2022-12-28 20:00:00,1.20439,1.20543,1.20162,1.20186,14771
2022-12-29 00:00:00,1.2015500000000001,1.20511,1.20123,1.20403,14780
2022-12-29 04:00:00,1.20405,1.20455,1.20274,1.20378,11774
2022-12-29 08:00:00,1.2038,1.20631,1.20144,1.2055,18218
2022-12-29 12:00:00,1.20551,1.20593,1.20193,1.20493,23422
2022-12-29 16:00:00,1.2049400000000001,1.20788,1.20225,1.20681,31574
2022-12-29 20:00:00,1.20682,1.20739,1.20539,1.20545,13406
2022-12-30 00:00:00,1.20505,1.20667,1.20434,1.2059,10713
2022-12-30 04:00:00,1.2059,1.2059,1.20382,1.20439,11574
2022-12-30 08:00:00,1.20435,1.20749,1.20268,1.20317,19642
2022-12-30 12:00:00,1.20318,1.20654,1.20096,1.2052100000000001,26702
2022-12-30 16:00:00,1.20522,1.21075,1.2015500000000001,1.20978,41160
2022-12-30 20:00:00,1.20989,1.20994,1.20594,1.20924,24379
2023-01-02 00:00:00,1.20812,1.20996,1.20602,1.20817,2419
2023-01-02 04:00:00,1.20816,1.2082600000000001,1.2065,1.20671,1351
2023-01-02 08:00:00,1.20673,1.2076,1.20391,1.20454,12297
2023-01-02 12:00:00,1.20449,1.20544,1.20449,1.20504,3764
2023-01-02 16:00:00,1.20506,1.20527,1.20344,1.20453,4999
2023-01-02 20:00:00,1.20452,1.20491,1.20428,1.2046000000000001,740
2023-01-03 00:00:00,1.20407,1.20753,1.20347,1.20509,15679
2023-01-03 04:00:00,1.20504,1.2085,1.20493,1.2069,21494
2023-01-03 08:00:00,1.20691,1.20791,1.19,1.1924,35348
2023-01-03 12:00:00,1.19239,1.20101,1.19049,1.19926,31100
2023-01-03 16:00:00,1.19928,1.20575,1.19527,1.19645,38490
2023-01-03 20:00:00,1.19642,1.19913,1.19622,1.1967,15869
2023-01-04 00:00:00,1.19616,1.19962,1.1957200000000001,1.1993800000000001,15753
2023-01-04 04:00:00,1.19936,1.20011,1.19782,1.19842,14316
2023-01-04 08:00:00,1.19839,1.20862,1.19709,1.20597,34028
2023-01-04 12:00:00,1.20598,1.20874,1.20289,1.20562,29937
2023-01-04 16:00:00,1.2055500000000001,1.20762,1.20136,1.20656,41961
2023-01-04 20:00:00,1.20654,1.20728,1.20403,1.20587,27084
2023-01-05 00:00:00,1.20543,1.20777,1.20504,1.20629,15181
2023-01-05 04:00:00,1.20629,1.2063,1.20307,1.2037200000000001,16192
2023-01-05 08:00:00,1.20373,1.20504,1.19997,1.20302,24450
2023-01-05 12:00:00,1.20304,1.20382,1.19169,1.19196,31474
2023-01-05 16:00:00,1.19193,1.19285,1.18733,1.1907,43661
2023-01-05 20:00:00,1.1907,1.19353,1.18969,1.19079,22493
2023-01-06 00:00:00,1.19015,1.19285,1.18961,1.1918199999999999,30611
2023-01-06 04:00:00,1.1918199999999999,1.19358,1.18984,1.19037,16428
2023-01-06 08:00:00,1.1904,1.19262,1.18537,1.18578,28674
2023-01-06 12:00:00,1.18581,1.19298,1.1841,1.19256,33397
2023-01-06 16:00:00,1.19258,1.20848,1.18781,1.20844,51500
2023-01-06 20:00:00,1.20845,1.20993,1.20702,1.20948,17028
2023-01-09 00:00:00,1.20807,1.21284,1.20792,1.21134,15603
2023-01-09 04:00:00,1.21133,1.2158,1.21119,1.21462,17251
2023-01-09 08:00:00,1.21465,1.21738,1.21251,1.21586,33336
2023-01-09 12:00:00,1.21589,1.21883,1.21119,1.2168,29014
2023-01-09 16:00:00,1.21679,1.22098,1.216,1.21944,35250
2023-01-09 20:00:00,1.21945,1.22044,1.2175799999999999,1.2184300000000001,22864
2023-01-10 00:00:00,1.21754,1.21976,1.21639,1.21796,14919
2023-01-10 04:00:00,1.21796,1.21862,1.21566,1.2175,19702
2023-01-10 08:00:00,1.21751,1.2184599999999999,1.21394,1.21834,28853
2023-01-10 12:00:00,1.21834,1.21836,1.21097,1.21372,25446
2023-01-10 16:00:00,1.21371,1.21811,1.21349,1.21482,45463
2023-01-10 20:00:00,1.21482,1.21674,1.21417,1.21496,15510
2023-01-11 00:00:00,1.21489,1.21642,1.21397,1.21508,11065
2023-01-11 04:00:00,1.215,1.21734,1.21456,1.2168700000000001,12714
2023-01-11 08:00:00,1.2168700000000001,1.21781,1.21254,1.2132,23699
2023-01-11 12:00:00,1.21322,1.21407,1.21033,1.21058,23839
2023-01-11 16:00:00,1.21059,1.21538,1.21001,1.2121,30888
2023-01-11 20:00:00,1.21206,1.21564,1.21132,1.21486,16603
2023-01-12 00:00:00,1.21423,1.21654,1.21353,1.21587,12795
2023-01-12 04:00:00,1.21588,1.217,1.21526,1.21555,11487
2023-01-12 08:00:00,1.21555,1.2182,1.21333,1.21767,20223
2023-01-12 12:00:00,1.21767,1.22422,1.20804,1.2236,33628
2023-01-12 16:00:00,1.22357,1.22395,1.20885,1.22285,56213
2023-01-12 20:00:00,1.22285,1.22467,1.22054,1.2212,23294
2023-01-13 00:00:00,1.22019,1.22327,1.22019,1.22184,15786
2023-01-13 04:00:00,1.22184,1.22188,1.21756,1.21813,15982
2023-01-13 08:00:00,1.21817,1.22485,1.21807,1.22283,27450
2023-01-13 12:00:00,1.22279,1.22411,1.21584,1.21672,26923
2023-01-13 16:00:00,1.21675,1.22221,1.21503,1.22092,36564
2023-01-13 20:00:00,1.22092,1.22396,1.22035,1.22354,14535
2023-01-16 00:00:00,1.22135,1.22763,1.2211400000000001,1.22708,14342
2023-01-16 04:00:00,1.2271,1.22889,1.2255099999999999,1.22629,16211
2023-01-16 08:00:00,1.2263,1.22638,1.21716,1.22003,24923
2023-01-16 12:00:00,1.22003,1.22253,1.21803,1.21928,20390
2023-01-16 16:00:00,1.21928,1.22112,1.21888,1.21905,17110
2023-01-16 20:00:00,1.21906,1.2199,1.21827,1.21952,6814
2023-01-17 00:00:00,1.2195,1.22126,1.2178200000000001,1.21876,13804
2023-01-17 04:00:00,1.21876,1.22059,1.21718,1.22009,15414
2023-01-17 08:00:00,1.2201,1.22301,1.21689,1.22082,27281
2023-01-17 12:00:00,1.2208700000000001,1.22728,1.21919,1.2252399999999999,32487
2023-01-17 16:00:00,1.22522,1.23005,1.2246,1.22621,40794
2023-01-17 20:00:00,1.22621,1.2291400000000001,1.22582,1.22874,14180
2023-01-18 00:00:00,1.22779,1.22873,1.22682,1.22843,10764
2023-01-18 04:00:00,1.22841,1.22901,1.22541,1.22821,25736
2023-01-18 08:00:00,1.22821,1.23637,1.22816,1.23588,33683
2023-01-18 12:00:00,1.23588,1.24217,1.23371,1.23948,34916
2023-01-18 16:00:00,1.23949,1.24356,1.23308,1.23452,47024
2023-01-18 20:00:00,1.23453,1.23478,1.23274,1.23448,18168
2023-01-19 00:00:00,1.23441,1.23498,1.23187,1.23363,12904
2023-01-19 04:00:00,1.23363,1.23449,1.2319499999999999,1.23309,13881
2023-01-19 08:00:00,1.23308,1.23493,1.23129,1.23372,25973
2023-01-19 12:00:00,1.2337,1.23592,1.23149,1.23491,30566
2023-01-19 16:00:00,1.2349,1.23776,1.2336,1.23719,34143
2023-01-19 20:00:00,1.23722,1.23973,1.23657,1.23918,17810
2023-01-20 00:00:00,1.23889,1.23978,1.23764,1.23849,9378
2023-01-20 04:00:00,1.2385,1.2394,1.23647,1.23787,12872
2023-01-20 08:00:00,1.23785,1.23824,1.23383,1.2341199999999999,22288
2023-01-20 12:00:00,1.23411,1.23708,1.23352,1.23411,23488
2023-01-20 16:00:00,1.2341,1.23955,1.23362,1.2386300000000001,29231
2023-01-20 20:00:00,1.23862,1.24045,1.2373,1.23994,13416
2023-01-23 00:00:00,1.24003,1.24344,1.2397,1.24258,9733
2023-01-23 04:00:00,1.24257,1.24477,1.24137,1.24139,11126
2023-01-23 08:00:00,1.24138,1.24314,1.23939,1.24065,24327
2023-01-23 12:00:00,1.24061,1.24089,1.2335099999999999,1.23456,23731
2023-01-23 16:00:00,1.23456,1.23877,1.23233,1.23686,29953
2023-01-23 20:00:00,1.23686,1.23877,1.2356,1.23787,19309
2023-01-24 00:00:00,1.23737,1.23901,1.23695,1.23877,8247
2023-01-24 04:00:00,1.23877,1.23939,1.23745,1.23862,10871
2023-01-24 08:00:00,1.23861,1.24134,1.23078,1.23305,21229
2023-01-24 12:00:00,1.23304,1.23354,1.22814,1.2292,23227
2023-01-24 16:00:00,1.22919,1.23399,1.22629,1.23258,36518
2023-01-24 20:00:00,1.23259,1.2342,1.2322,1.2341,14013
2023-01-25 00:00:00,1.23261,1.23363,1.23116,1.23258,13497
2023-01-25 04:00:00,1.23259,1.2337,1.23159,1.2321900000000001,11477
2023-01-25 08:00:00,1.23218,1.2339,1.23038,1.23101,19234
2023-01-25 12:00:00,1.23101,1.23367,1.2282899999999999,1.23154,17823
2023-01-25 16:00:00,1.23153,1.23998,1.23102,1.23819,31543
2023-01-25 20:00:00,1.23821,1.24039,1.23806,1.24021,12702
2023-01-26 00:00:00,1.2396099999999999,1.24184,1.23902,1.24097,11839
2023-01-26 04:00:00,1.24098,1.24105,1.23892,1.24005,10812
2023-01-26 08:00:00,1.24004,1.24305,1.23738,1.23842,19304
2023-01-26 12:00:00,1.23843,1.24068,1.23607,1.2392400000000001,20094
2023-01-26 16:00:00,1.23923,1.24193,1.23448,1.23747,30561
2023-01-26 20:00:00,1.23747,1.24157,1.23738,1.24129,9999
2023-01-27 00:00:00,1.24006,1.24188,1.23917,1.24036,8430
2023-01-27 04:00:00,1.24034,1.24039,1.2377,1.23815,6748
2023-01-27 08:00:00,1.23815,1.23895,1.23592,1.23705,15173
2023-01-27 12:00:00,1.23705,1.23912,1.23554,1.2368000000000001,16115
2023-01-27 16:00:00,1.23682,1.23979,1.23451,1.23917,31664
2023-01-27 20:00:00,1.23918,1.23994,1.23813,1.2398,8565
2023-01-30 00:00:00,1.23879,1.24044,1.23719,1.23922,10613
2023-01-30 04:00:00,1.23921,1.24053,1.23833,1.23963,14868
2023-01-30 08:00:00,1.23963,1.23996,1.23681,1.23925,20873
2023-01-30 12:00:00,1.23925,1.24173,1.23729,1.23745,18575
2023-01-30 16:00:00,1.23745,1.23946,1.23599,1.23628,22677
2023-01-30 20:00:00,1.23623,1.23637,1.23369,1.23509,12534
2023-01-31 00:00:00,1.2347299999999999,1.23714,1.23395,1.23666,9804
2023-01-31 04:00:00,1.23666,1.23666,1.2331,1.23385,10389
2023-01-31 08:00:00,1.23387,1.23624,1.23079,1.23255,17911
2023-01-31 12:00:00,1.23254,1.23299,1.22953,1.23216,22137
2023-01-31 16:00:00,1.23216,1.23287,1.2284,1.23259,29443
2023-01-31 20:00:00,1.23258,1.23374,1.23139,1.23194,8973
2023-02-01 00:00:00,1.23121,1.23236,1.2303,1.231,8412
2023-02-01 04:00:00,1.23101,1.23194,1.23035,1.23146,7583
2023-02-01 08:00:00,1.23144,1.2328000000000001,1.23086,1.23167,16717
2023-02-01 12:00:00,1.2316799999999999,1.23443,1.23123,1.23394,17455
2023-02-01 16:00:00,1.23393,1.23469,1.22942,1.23023,25712
2023-02-01 20:00:00,1.23022,1.23943,1.22721,1.23716,40900
2023-02-02 00:00:00,1.23716,1.24013,1.23702,1.2377799999999999,12265
2023-02-02 04:00:00,1.23779,1.23956,1.23764,1.23903,10601
2023-02-02 08:00:00,1.23905,1.2397,1.23309,1.23444,21380
2023-02-02 12:00:00,1.23444,1.23909,1.22645,1.23011,34997
2023-02-02 16:00:00,1.23014,1.23261,1.22312,1.22438,39391
2023-02-02 20:00:00,1.22441,1.22549,1.22233,1.22233,26018
2023-02-03 00:00:00,1.22258,1.2229700000000001,1.22049,1.22177,10366
2023-02-03 04:00:00,1.22177,1.22196,1.2202,1.22135,10335
2023-02-03 08:00:00,1.22132,1.22518,1.21829,1.22462,21699
2023-02-03 12:00:00,1.22461,1.22653,1.2101,1.21276,28562
2023-02-03 16:00:00,1.21275,1.21479,1.20621,1.20744,45410
2023-02-03 20:00:00,1.20744,1.20757,1.20469,1.20511,16294
2023-02-06 00:00:00,1.20327,1.20569,1.20298,1.20418,12838
2023-02-06 04:00:00,1.20419,1.20675,1.20382,1.20675,12856
2023-02-06 08:00:00,1.20676,1.207,1.20347,1.20364,19899
2023-02-06 12:00:00,1.20365,1.2077499999999999,1.20213,1.2049,22632
2023-02-06 16:00:00,1.20488,1.20752,1.20054,1.20119,27055
2023-02-06 20:00:00,1.20119,1.20387,1.20079,1.20204,12808
2023-02-07 00:00:00,1.2019,1.20552,1.20128,1.2052,8520
2023-02-07 04:00:00,1.2052,1.20548,1.2035,1.20485,10187
2023-02-07 08:00:00,1.20485,1.20573,1.19866,1.2005,22169
2023-02-07 12:00:00,1.2005,1.20114,1.1961,1.19792,20956
2023-02-07 16:00:00,1.19793,1.20949,1.19673,1.20841,31147
2023-02-07 20:00:00,1.2084,1.20903,1.19869,1.20498,32478
2023-02-08 00:00:00,1.20383,1.20619,1.20318,1.20467,10638
2023-02-08 04:00:00,1.20467,1.20569,1.20402,1.20532,8654
2023-02-08 08:00:00,1.20532,1.21096,1.2038,1.21052,20613
2023-02-08 12:00:00,1.2105299999999999,1.21082,1.20752,1.2083,16757
2023-02-08 16:00:00,1.20831,1.20975,1.20543,1.20837,26239
2023-02-08 20:00:00,1.2084,1.20949,1.20597,1.20703,11949
2023-02-09 00:00:00,1.20605,1.20763,1.20564,1.20751,12882
2023-02-09 04:00:00,1.20749,1.2094,1.20737,1.2088,11460
2023-02-09 08:00:00,1.20881,1.21431,1.20855,1.21406,19396
2023-02-09 12:00:00,1.21407,1.21922,1.21306,1.21921,20208
2023-02-09 16:00:00,1.21922,1.21938,1.21308,1.2141899999999999,25790
2023-02-09 20:00:00,1.21418,1.21418,1.21109,1.21179,16567
2023-02-10 00:00:00,1.21198,1.21208,1.21,1.21096,9654
2023-02-10 04:00:00,1.21094,1.21102,1.20894,1.21009,9083
2023-02-10 08:00:00,1.21008,1.21394,1.20898,1.20995,28133
2023-02-10 12:00:00,1.2099199999999999,1.21219,1.20797,1.21122,20659
2023-02-10 16:00:00,1.21121,1.21303,1.20485,1.20487,25017
2023-02-10 20:00:00,1.20488,1.20631,1.2046999999999999,1.2058,9019
2023-02-13 00:00:00,1.20619,1.2062,1.2033,1.20478,9259
2023-02-13 04:00:00,1.20482,1.20524,1.20398,1.2045,12205
2023-02-13 08:00:00,1.20448,1.20671,1.20317,1.20379,19026
2023-02-13 12:00:00,1.20379,1.21151,1.20304,1.20878,20520
2023-02-13 16:00:00,1.20879,1.21449,1.20808,1.21352,26705
2023-02-13 20:00:00,1.21355,1.21519,1.21241,1.21391,11252
2023-02-14 00:00:00,1.2133,1.21526,1.21257,1.21405,10300
2023-02-14 04:00:00,1.21405,1.21512,1.21337,1.21463,10168
2023-02-14 08:00:00,1.21462,1.21882,1.21342,1.21881,20247
2023-02-14 12:00:00,1.21881,1.22698,1.21529,1.2209699999999999,31525
2023-02-14 16:00:00,1.22099,1.22211,1.21169,1.21711,53885
2023-02-14 20:00:00,1.21711,1.21901,1.2154099999999999,1.21768,21354
2023-02-15 00:00:00,1.21707,1.21815,1.21649,1.21661,7249
2023-02-15 04:00:00,1.21661,1.21669,1.21441,1.21494,11115
2023-02-15 08:00:00,1.21494,1.21557,1.2071,1.20962,26238
2023-02-15 12:00:00,1.20961,1.21007,1.20063,1.2014,27304
2023-02-15 16:00:00,1.2014,1.20345,1.19896,1.20046,35386
2023-02-15 20:00:00,1.20046,1.20382,1.19953,1.20332,16043
2023-02-16 00:00:00,1.2025000000000001,1.20441,1.20142,1.20393,13543
2023-02-16 04:00:00,1.20393,1.2053,1.20376,1.20456,12528
2023-02-16 08:00:00,1.20457,1.20742,1.20281,1.20546,24880
2023-02-16 12:00:00,1.20546,1.20689,1.19785,1.1987700000000001,25274
2023-02-16 16:00:00,1.19878,1.2027,1.19652,1.20169,35551
2023-02-16 20:00:00,1.20167,1.20273,1.19814,1.19878,20549
2023-02-17 00:00:00,1.19896,1.19896,1.19516,1.19536,12006
2023-02-17 04:00:00,1.19537,1.19583,1.19412,1.1948,11294
2023-02-17 08:00:00,1.19476,1.19587,1.19148,1.19424,24531
2023-02-17 12:00:00,1.19421,1.1973799999999999,1.19209,1.19701,25184
2023-02-17 16:00:00,1.197,1.20369,1.19651,1.20197,38017
2023-02-17 20:00:00,1.202,1.2049400000000001,1.20168,1.20407,14084
2023-02-20 00:00:00,1.20255,1.20362,1.20145,1.20187,17572
2023-02-20 04:00:00,1.20186,1.2045,1.20183,1.20419,14472
2023-02-20 08:00:00,1.20418,1.20569,1.20184,1.2021600000000001,21049
2023-02-20 12:00:00,1.2021600000000001,1.20415,1.20184,1.20377,17358
2023-02-20 16:00:00,1.20377,1.20428,1.20244,1.20357,11586
2023-02-20 20:00:00,1.20362,1.20422,1.20345,1.20418,6490
2023-02-21 00:00:00,1.20365,1.20441,1.20134,1.2026,14539
2023-02-21 04:00:00,1.2026,1.20366,1.20169,1.20302,11534
2023-02-21 08:00:00,1.203,1.21137,1.19857,1.20915,30051
2023-02-21 12:00:00,1.20915,1.21299,1.20752,1.20993,28266
2023-02-21 16:00:00,1.2099199999999999,1.21476,1.20609,1.21274,35307
2023-02-21 20:00:00,1.2128,1.21285,1.20971,1.21103,15594
2023-02-22 00:00:00,1.21061,1.21353,1.21035,1.21208,15133
2023-02-22 04:00:00,1.21208,1.21249,1.20976,1.21062,11414
2023-02-22 08:00:00,1.21063,1.21285,1.20652,1.20774,23220
2023-02-22 12:00:00,1.20774,1.21201,1.2063,1.21048,25029
2023-02-22 16:00:00,1.21045,1.21136,1.20549,1.20737,29766
2023-02-22 20:00:00,1.20736,1.2082600000000001,1.20345,1.20454,24300
2023-02-23 00:00:00,1.20385,1.20605,1.20362,1.20573,9234
2023-02-23 04:00:00,1.20572,1.20679,1.2052100000000001,1.20603,9601
2023-02-23 08:00:00,1.20604,1.20749,1.2014,1.20303,22879
2023-02-23 12:00:00,1.20304,1.20614,1.2019199999999999,1.20345,24220
2023-02-23 16:00:00,1.20346,1.20693,1.19918,1.19987,34313
2023-02-23 20:00:00,1.19987,1.2032,1.19961,1.2015,13880
2023-02-24 00:00:00,1.20098,1.2033,1.2006000000000001,1.20163,20888
2023-02-24 04:00:00,1.20163,1.20312,1.20127,1.20229,14367
2023-02-24 08:00:00,1.20229,1.2042,1.20005,1.20239,20309
2023-02-24 12:00:00,1.20238,1.20304,1.19455,1.19647,27192
2023-02-24 16:00:00,1.19648,1.19663,1.19278,1.19456,37040
2023-02-24 20:00:00,1.19456,1.1954500000000001,1.19384,1.1938900000000001,15246
2023-02-27 00:00:00,1.19419,1.19629,1.19383,1.19626,9836
2023-02-27 04:00:00,1.19612,1.19641,1.19343,1.19378,12777
2023-02-27 08:00:00,1.19379,1.19848,1.19223,1.19737,24656
2023-02-27 12:00:00,1.19734,1.20241,1.19641,1.20189,22635
2023-02-27 16:00:00,1.20188,1.20603,1.20133,1.20594,28942
2023-02-27 20:00:00,1.20595,1.2066,1.20479,1.2062,13907
2023-02-28 00:00:00,1.20543,1.2068,1.20483,1.20528,10792
2023-02-28 04:00:00,1.20529,1.20629,1.2038,1.2039900000000001,11418
2023-02-28 08:00:00,1.2039900000000001,1.20974,1.2027,1.20743,24476
2023-02-28 12:00:00,1.20743,1.21282,1.20729,1.21222,22476
2023-02-28 16:00:00,1.21225,1.21434,1.20801,1.20997,31398
2023-02-28 20:00:00,1.20998,1.21025,1.20212,1.2022,12378
2023-03-01 00:00:00,1.20154,1.20436,1.20115,1.2033800000000001,21367
2023-03-01 04:00:00,1.2033800000000001,1.2046999999999999,1.2016499999999999,1.20405,10941
2023-03-01 08:00:00,1.20406,1.2088700000000001,1.20391,1.20678,24984
2023-03-01 12:00:00,1.20678,1.2075,1.20077,1.20085,27555
2023-03-01 16:00:00,1.20082,1.20452,1.1965,1.20228,38287
2023-03-01 20:00:00,1.20228,1.20275,1.19929,1.2025299999999999,12795
2023-03-02 00:00:00,1.20225,1.20365,1.19978,1.20093,9383
2023-03-02 04:00:00,1.20093,1.20168,1.19842,1.1988,16197
2023-03-02 08:00:00,1.1988,1.2009400000000001,1.19553,1.19732,24356
2023-03-02 12:00:00,1.19729,1.19879,1.19253,1.19287,27391
2023-03-02 16:00:00,1.19288,1.19628,1.19253,1.19335,29789
2023-03-02 20:00:00,1.19336,1.19577,1.19251,1.19479,14782
2023-03-03 00:00:00,1.19446,1.1975,1.19392,1.19626,11428
2023-03-03 04:00:00,1.19628,1.1976499999999999,1.19577,1.19647,9618
2023-03-03 08:00:00,1.19649,1.19988,1.19649,1.19853,20173
2023-03-03 12:00:00,1.19854,1.20187,1.19742,1.20081,20273
2023-03-03 16:00:00,1.20081,1.20174,1.1962,1.20098,29200
2023-03-03 20:00:00,1.20098,1.20487,1.2008,1.20439,11515
2023-03-06 00:00:00,1.2028,1.20389,1.20239,1.20353,12309
2023-03-06 04:00:00,1.2034799999999999,1.20482,1.20249,1.20359,12327
2023-03-06 08:00:00,1.20362,1.20457,1.20219,1.20282,19289
2023-03-06 12:00:00,1.20284,1.20313,1.19926,1.2011,20222
2023-03-06 16:00:00,1.20109,1.20491,1.1999,1.20408,24302
2023-03-06 20:00:00,1.20408,1.2040899999999999,1.20133,1.20263,10509
2023-03-07 00:00:00,1.20218,1.20424,1.20169,1.2038,6368
2023-03-07 04:00:00,1.20381,1.2048,1.20327,1.20364,14477
2023-03-07 08:00:00,1.2036,1.20651,1.20052,1.20122,22028
2023-03-07 12:00:00,1.20128,1.20164,1.1975500000000001,1.19808,20533
2023-03-07 16:00:00,1.19807,1.19865,1.18452,1.18493,46205
2023-03-07 20:00:00,1.18493,1.18587,1.18212,1.18268,13916
2023-03-08 00:00:00,1.18292,1.18359,1.1823,1.18285,9271
2023-03-08 04:00:00,1.1828400000000001,1.1831800000000001,1.18098,1.18211,12013
2023-03-08 08:00:00,1.18211,1.18421,1.18152,1.1832799999999999,19295
2023-03-08 12:00:00,1.18329,1.18485,1.18185,1.18234,17427
2023-03-08 16:00:00,1.1823299999999999,1.18592,1.18021,1.18312,32705
2023-03-08 20:00:00,1.18311,1.18498,1.18249,1.18427,11543
2023-03-09 00:00:00,1.18372,1.18547,1.18317,1.18369,11197
2023-03-09 04:00:00,1.1837,1.18655,1.18356,1.18541,7897
2023-03-09 08:00:00,1.18541,1.1889,1.18381,1.18693,16483
2023-03-09 12:00:00,1.1869399999999999,1.1911100000000001,1.18656,1.19098,21193
2023-03-09 16:00:00,1.191,1.19363,1.19015,1.19249,25433
2023-03-09 20:00:00,1.19242,1.1938900000000001,1.19034,1.19218,18677
2023-03-10 00:00:00,1.19195,1.19332,1.19154,1.19247,9508
2023-03-10 04:00:00,1.19246,1.19318,1.19076,1.19236,15966
2023-03-10 08:00:00,1.19238,1.20097,1.19194,1.19878,26744
2023-03-10 12:00:00,1.1988,1.20453,1.19701,1.20184,33409
2023-03-10 16:00:00,1.20183,1.21135,1.20071,1.20594,55414
2023-03-10 20:00:00,1.20596,1.20654,1.2018,1.20315,23921
2023-03-13 00:00:00,1.2071399999999999,1.21035,1.20632,1.20734,21091
2023-03-13 04:00:00,1.20736,1.21412,1.20543,1.21162,25829
2023-03-13 08:00:00,1.21161,1.21239,1.20843,1.20998,28037
2023-03-13 12:00:00,1.20997,1.2103,1.20464,1.20976,55099
2023-03-13 16:00:00,1.20976,1.21787,1.20812,1.21581,51661
2023-03-13 20:00:00,1.2158,1.21999,1.21471,1.21834,24283
2023-03-14 00:00:00,1.21715,1.21881,1.21538,1.21618,15855
2023-03-14 04:00:00,1.21615,1.21655,1.2144300000000001,1.21554,21089
2023-03-14 08:00:00,1.21549,1.2183,1.21407,1.21662,31900
2023-03-14 12:00:00,1.2166299999999999,1.22035,1.21363,1.21919,36800
2023-03-14 16:00:00,1.21918,1.22015,1.21356,1.21547,41610
2023-03-14 20:00:00,1.21549,1.2184599999999999,1.21525,1.21569,22044
2023-03-15 00:00:00,1.21568,1.21598,1.21464,1.21546,13038
2023-03-15 04:00:00,1.21546,1.2181899999999999,1.21502,1.21634,15928
2023-03-15 08:00:00,1.21638,1.21643,1.21381,1.21595,20311
2023-03-15 12:00:00,1.21595,1.21612,1.2042,1.2079,51137
2023-03-15 16:00:00,1.20788,1.20929,1.201,1.2012,51830
2023-03-15 20:00:00,1.2012,1.20852,1.20119,1.2055,35894
2023-03-16 00:00:00,1.20554,1.2081,1.20453,1.20755,15997
2023-03-16 04:00:00,1.20758,1.20817,1.20604,1.20788,21485
2023-03-16 08:00:00,1.20787,1.21128,1.2062599999999999,1.20776,24832
2023-03-16 12:00:00,1.20776,1.20829,1.20316,1.20584,28901
2023-03-16 16:00:00,1.20586,1.21203,1.20267,1.21094,52958
2023-03-16 20:00:00,1.21094,1.21277,1.21022,1.2113,21112
2023-03-17 00:00:00,1.21028,1.21145,1.2101600000000001,1.21116,9703
2023-03-17 04:00:00,1.21115,1.21486,1.21068,1.21479,14375
2023-03-17 08:00:00,1.21481,1.21763,1.21381,1.21391,22081
2023-03-17 12:00:00,1.21391,1.21472,1.21131,1.21339,22615
2023-03-17 16:00:00,1.21339,1.21796,1.2132,1.21762,32288
2023-03-17 20:00:00,1.21763,1.22007,1.21656,1.2176,16288
2023-03-20 00:00:00,1.22033,1.22059,1.21765,1.21925,14984
2023-03-20 04:00:00,1.21925,1.21957,1.21683,1.2180900000000001,17924
2023-03-20 08:00:00,1.21808,1.22144,1.21667,1.22134,27337
2023-03-20 12:00:00,1.22136,1.22413,1.21842,1.22302,24462
2023-03-20 16:00:00,1.22302,1.2275800000000001,1.22286,1.22691,24344
2023-03-20 20:00:00,1.22691,1.22849,1.22652,1.22787,12326
2023-03-21 00:00:00,1.2273399999999999,1.22826,1.22704,1.22739,12123
2023-03-21 04:00:00,1.22738,1.22767,1.22481,1.22534,6811
2023-03-21 08:00:00,1.22533,1.22624,1.22315,1.2233,14834
2023-03-21 12:00:00,1.22329,1.2259,1.22287,1.22518,14962
2023-03-21 16:00:00,1.22519,1.22549,1.2178499999999999,1.21899,20703
2023-03-21 20:00:00,1.219,1.2220900000000001,1.21865,1.2216,9453
2023-03-22 00:00:00,1.22122,1.22275,1.2211,1.22202,8729
2023-03-22 04:00:00,1.22202,1.22365,1.22085,1.2231,10818
2023-03-22 08:00:00,1.22312,1.2285300000000001,1.22239,1.22751,16125
2023-03-22 12:00:00,1.22754,1.22973,1.22618,1.22698,14909
2023-03-22 16:00:00,1.2269700000000001,1.22718,1.2220900000000001,1.2242,13986
2023-03-22 20:00:00,1.2242,1.23349,1.22326,1.22668,37839
2023-03-23 00:00:00,1.22591,1.22922,1.2257,1.22915,13740
2023-03-23 04:00:00,1.22915,1.23244,1.22825,1.2322,12378
2023-03-23 08:00:00,1.2321900000000001,1.23435,1.2304599999999999,1.23206,19078
2023-03-23 12:00:00,1.23208,1.2337500000000001,1.22651,1.2275,21336
2023-03-23 16:00:00,1.22751,1.23304,1.2273100000000001,1.23217,21390
2023-03-23 20:00:00,1.23217,1.23217,1.22614,1.22856,22124
2023-03-24 00:00:00,1.22783,1.22923,1.22672,1.2281900000000001,9869
2023-03-24 04:00:00,1.22817,1.2286299999999999,1.22613,1.22848,14085
2023-03-24 08:00:00,1.22849,1.22884,1.22363,1.22395,18786
2023-03-24 12:00:00,1.22394,1.22552,1.21903,1.22132,28558
2023-03-24 16:00:00,1.22133,1.22317,1.21962,1.22195,26187
2023-03-24 20:00:00,1.22194,1.22343,1.22125,1.223,8846
2023-03-27 00:00:00,1.22266,1.225,1.2225,1.22305,8576
2023-03-27 04:00:00,1.22305,1.22511,1.22304,1.22377,10507
2023-03-27 08:00:00,1.22377,1.22657,1.22188,1.22626,17713
2023-03-27 12:00:00,1.22625,1.2273,1.2241,1.22433,15189
2023-03-27 16:00:00,1.2243,1.2293,1.22398,1.22826,18890
2023-03-27 20:00:00,1.22826,1.2293,1.22723,1.22878,8687
2023-03-28 00:00:00,1.22807,1.23152,1.22807,1.2309700000000001,12088
2023-03-28 04:00:00,1.23101,1.23214,1.23069,1.23151,9544
2023-03-28 08:00:00,1.23155,1.233,1.22888,1.22959,15216
2023-03-28 12:00:00,1.22957,1.23287,1.22809,1.23133,15538
2023-03-28 16:00:00,1.23133,1.23492,1.22994,1.2344,17772
2023-03-28 20:00:00,1.23444,1.23484,1.23291,1.23393,7738
2023-03-29 00:00:00,1.23371,1.23413,1.23278,1.23362,6596
2023-03-29 04:00:00,1.23364,1.23409,1.23205,1.23288,10209
2023-03-29 08:00:00,1.23294,1.23316,1.23047,1.23251,16096
2023-03-29 12:00:00,1.2325,1.23617,1.23177,1.23314,20245
2023-03-29 16:00:00,1.2331699999999999,1.2340200000000001,1.23025,1.23087,21677
2023-03-29 20:00:00,1.23089,1.23228,1.2304599999999999,1.2317,8922
2023-03-30 00:00:00,1.23101,1.2318,1.23013,1.23048,5780
2023-03-30 04:00:00,1.23047,1.23114,1.22934,1.23114,10529
2023-03-30 08:00:00,1.23115,1.23628,1.23083,1.23549,19597
2023-03-30 12:00:00,1.23554,1.23801,1.23284,1.2377799999999999,18197
2023-03-30 16:00:00,1.23781,1.23862,1.23573,1.23859,19352
2023-03-30 20:00:00,1.23862,1.2393,1.23762,1.23875,7543
2023-03-31 00:00:00,1.23823,1.23996,1.2381,1.23991,5383
2023-03-31 04:00:00,1.2399,1.2423,1.23894,1.2395,10686
2023-03-31 08:00:00,1.23949,1.23998,1.2353399999999999,1.23662,16990
2023-03-31 12:00:00,1.2366,1.2396,1.23599,1.23909,17601
2023-03-31 16:00:00,1.23909,1.23975,1.23409,1.23478,21177
2023-03-31 20:00:00,1.23479,1.23485,1.23242,1.23302,10093
2023-04-03 00:00:00,1.23265,1.23297,1.22816,1.23065,9204
2023-04-03 04:00:00,1.23067,1.23076,1.22756,1.22809,10723
2023-04-03 08:00:00,1.22809,1.23346,1.22741,1.23326,14863
2023-04-03 12:00:00,1.23326,1.23932,1.23314,1.23857,16777
2023-04-03 16:00:00,1.23859,1.2420499999999999,1.2377799999999999,1.23963,21526
2023-04-03 20:00:00,1.23963,1.24234,1.23874,1.24172,7416
2023-04-04 00:00:00,1.24055,1.24254,1.24051,1.2410700000000001,5767
2023-04-04 04:00:00,1.24108,1.24142,1.2398500000000001,1.24106,9502
2023-04-04 08:00:00,1.24105,1.24809,1.23948,1.24752,17965
2023-04-04 12:00:00,1.24752,1.25211,1.24657,1.24708,19824
2023-04-04 16:00:00,1.24709,1.25253,1.24703,1.24941,25927
2023-04-04 20:00:00,1.24941,1.2502,1.24889,1.25012,7360
2023-04-05 00:00:00,1.25003,1.25102,1.24833,1.24854,5117
2023-04-05 04:00:00,1.24856,1.25055,1.24835,1.2484899999999999,9659
2023-04-05 08:00:00,1.2485,1.25142,1.24697,1.24879,16370
2023-04-05 12:00:00,1.24879,1.2494,1.24555,1.24894,17555
2023-04-05 16:00:00,1.24895,1.25067,1.24325,1.24523,24693
2023-04-05 20:00:00,1.24523,1.24662,1.24469,1.24598,7207
2023-04-06 00:00:00,1.24584,1.2467,1.24479,1.24482,3211
2023-04-06 04:00:00,1.24485,1.24486,1.24371,1.24459,5169
2023-04-06 08:00:00,1.2446,1.24869,1.2442,1.24684,14111
2023-04-06 12:00:00,1.2468,1.24815,1.24276,1.24316,15320
2023-04-06 16:00:00,1.24314,1.24673,1.24124,1.24623,17935
2023-04-06 20:00:00,1.24623,1.24668,1.24374,1.24379,5472
2023-04-07 00:00:00,1.24384,1.24449,1.2432699999999999,1.24372,6062
2023-04-07 04:00:00,1.24373,1.24512,1.24363,1.24476,6546
2023-04-07 08:00:00,1.24477,1.24558,1.24287,1.24404,5459
2023-04-07 12:00:00,1.24399,1.24455,1.2389000000000001,1.24161,8549
2023-04-07 16:00:00,1.24161,1.24261,1.23998,1.24184,11688
2023-04-07 20:00:00,1.24184,1.24307,1.24085,1.24161,3220
2023-04-10 00:00:00,1.24189,1.24343,1.24155,1.24166,4192
2023-04-10 04:00:00,1.24166,1.24215,1.2404,1.24053,5982
2023-04-10 08:00:00,1.24053,1.24338,1.23962,1.24285,7920
2023-04-10 12:00:00,1.24285,1.24426,1.2349700000000001,1.23514,14291
2023-04-10 16:00:00,1.23515,1.23796,1.23442,1.2375,14364
2023-04-10 20:00:00,1.23754,1.2385,1.23718,1.23824,6486
2023-04-11 00:00:00,1.23816,1.24035,1.2377799999999999,1.23983,5083
2023-04-11 04:00:00,1.23983,1.24133,1.23865,1.24035,10219
2023-04-11 08:00:00,1.24035,1.24454,1.24034,1.24353,15647
2023-04-11 12:00:00,1.24346,1.24562,1.24181,1.24315,17648
2023-04-11 16:00:00,1.2432400000000001,1.24406,1.24053,1.24087,16066
2023-04-11 20:00:00,1.24085,1.24291,1.24074,1.24257,5774
2023-04-12 00:00:00,1.2424,1.24316,1.24213,1.24294,3903
2023-04-12 04:00:00,1.24294,1.244,1.24265,1.24373,7204
2023-04-12 08:00:00,1.24374,1.24461,1.2408299999999999,1.24182,12653
2023-04-12 12:00:00,1.24181,1.24699,1.23983,1.24459,17278
2023-04-12 16:00:00,1.2446,1.24845,1.24382,1.24841,23335
2023-04-12 20:00:00,1.24841,1.24954,1.2477800000000001,1.24847,8970
2023-04-13 00:00:00,1.24824,1.24954,1.24798,1.24927,4015
2023-04-13 04:00:00,1.24926,1.24962,1.24846,1.24893,7871
2023-04-13 08:00:00,1.24891,1.25207,1.24782,1.25205,15056
2023-04-13 12:00:00,1.25205,1.25353,1.25008,1.25315,17402
2023-04-13 16:00:00,1.25315,1.25374,1.25003,1.2529,19121
2023-04-13 20:00:00,1.25291,1.25354,1.25206,1.25234,7616
2023-04-14 00:00:00,1.25214,1.25285,1.25153,1.25205,4713
2023-04-14 04:00:00,1.25203,1.25468,1.25202,1.25404,6915
2023-04-14 08:00:00,1.2540499999999999,1.25419,1.25022,1.25039,11712
2023-04-14 12:00:00,1.25035,1.25244,1.24637,1.24861,18159
2023-04-14 16:00:00,1.24857,1.24917,1.2399,1.24051,25812
2023-04-14 20:00:00,1.2405,1.24186,1.24024,1.24145,8189
2023-04-17 00:00:00,1.24067,1.24165,1.23907,1.23912,4225
2023-04-17 04:00:00,1.23914,1.24123,1.23831,1.24122,7027
2023-04-17 08:00:00,1.24121,1.24284,1.2374100000000001,1.23773,13659
2023-04-17 12:00:00,1.23771,1.24382,1.23742,1.24098,17745
2023-04-17 16:00:00,1.24097,1.24161,1.23531,1.23559,21396
2023-04-17 20:00:00,1.23559,1.23787,1.2355800000000001,1.2377,4705
2023-04-18 00:00:00,1.2370700000000001,1.2379,1.23687,1.23731,3831
2023-04-18 04:00:00,1.23731,1.23877,1.23673,1.2383899999999999,7529
2023-04-18 08:00:00,1.2384,1.24431,1.2381199999999999,1.24382,15278
2023-04-18 12:00:00,1.24382,1.24498,1.24254,1.24291,14593
2023-04-18 16:00:00,1.24293,1.24429,1.24122,1.24286,17491
2023-04-18 20:00:00,1.24283,1.24319,1.24233,1.24259,5405
2023-04-19 00:00:00,1.24261,1.24322,1.24225,1.24315,3653
2023-04-19 04:00:00,1.24312,1.24343,1.24096,1.24184,6313
2023-04-19 08:00:00,1.24184,1.24725,1.24021,1.24358,20342
2023-04-19 12:00:00,1.24357,1.24491,1.23921,1.24402,18244
2023-04-19 16:00:00,1.24403,1.24742,1.24342,1.24521,16671
2023-04-19 20:00:00,1.24523,1.24546,1.24352,1.24377,7291
2023-04-20 00:00:00,1.2438,1.24402,1.24246,1.2427,6876
2023-04-20 04:00:00,1.24271,1.2435,1.24203,1.24295,7542
2023-04-20 08:00:00,1.24295,1.24522,1.24153,1.24434,15124
2023-04-20 12:00:00,1.24433,1.24607,1.24051,1.24541,16902
2023-04-20 16:00:00,1.24541,1.24678,1.24411,1.24486,16846
2023-04-20 20:00:00,1.2449,1.24525,1.24294,1.24434,7214
2023-04-21 00:00:00,1.24392,1.24432,1.24293,1.24413,3867
2023-04-21 04:00:00,1.2441200000000001,1.24463,1.24305,1.2432400000000001,7250
2023-04-21 08:00:00,1.24321,1.24335,1.23777,1.24001,14452
2023-04-21 12:00:00,1.24001,1.24136,1.2377,1.24131,13310
2023-04-21 16:00:00,1.24129,1.24313,1.23669,1.24301,22597
2023-04-21 20:00:00,1.2429999999999999,1.2448,1.24225,1.24439,6648
2023-04-24 00:00:00,1.24402,1.24519,1.2435100000000001,1.24482,2911
2023-04-24 04:00:00,1.24481,1.245,1.2431,1.2435,6673
2023-04-24 08:00:00,1.2435100000000001,1.24532,1.24104,1.24518,14608
2023-04-24 12:00:00,1.2451699999999999,1.24591,1.2426300000000001,1.24536,14835
2023-04-24 16:00:00,1.2453400000000001,1.24696,1.24326,1.24671,15450
2023-04-24 20:00:00,1.24673,1.24856,1.24654,1.2484,4722
2023-04-25 00:00:00,1.24789,1.25072,1.2478799999999999,1.24974,3082
2023-04-25 04:00:00,1.24973,1.2506599999999999,1.24805,1.2482,7568
2023-04-25 08:00:00,1.24819,1.24912,1.24556,1.24742,15760
2023-04-25 12:00:00,1.24742,1.24793,1.24201,1.24244,14035
2023-04-25 16:00:00,1.24247,1.24273,1.23866,1.23992,18330
2023-04-25 20:00:00,1.23992,1.24139,1.2395,1.24113,9971
2023-04-26 00:00:00,1.24073,1.2417799999999999,1.24038,1.24114,4709
2023-04-26 04:00:00,1.24113,1.24252,1.24026,1.24246,9103
2023-04-26 08:00:00,1.24245,1.2478799999999999,1.24212,1.2478799999999999,16921
2023-04-26 12:00:00,1.2478799999999999,1.24908,1.24593,1.24726,21730
2023-04-26 16:00:00,1.24724,1.25156,1.24593,1.24675,23663
2023-04-26 20:00:00,1.24672,1.24749,1.24537,1.24699,8080
2023-04-27 00:00:00,1.2462,1.24736,1.24617,1.24709,4443
2023-04-27 04:00:00,1.2471,1.24777,1.24628,1.24749,10674
2023-04-27 08:00:00,1.24748,1.24881,1.24565,1.24723,16879
2023-04-27 12:00:00,1.24718,1.24983,1.24358,1.24484,19613
2023-04-27 16:00:00,1.2449,1.24939,1.2441,1.24657,23170
2023-04-27 20:00:00,1.24658,1.24997,1.24618,1.24988,8424
2023-04-28 00:00:00,1.24875,1.24999,1.24862,1.24961,6993
2023-04-28 04:00:00,1.24962,1.25039,1.2477800000000001,1.24824,15555
2023-04-28 08:00:00,1.24823,1.24938,1.24499,1.24554,20101
2023-04-28 12:00:00,1.24557,1.24909,1.24464,1.2487,18665
2023-04-28 16:00:00,1.2487300000000001,1.25838,1.24851,1.25744,26885
2023-04-28 20:00:00,1.25743,1.25753,1.25574,1.25671,8285
2023-05-01 00:00:00,1.25562,1.25687,1.25506,1.2558500000000001,4308
2023-05-01 04:00:00,1.25589,1.2569,1.25537,1.25576,7100
2023-05-01 08:00:00,1.25576,1.25576,1.25177,1.25183,11902
2023-05-01 12:00:00,1.2518,1.25575,1.25144,1.2555399999999999,12622
2023-05-01 16:00:00,1.2555399999999999,1.25595,1.24804,1.2493,20684
2023-05-01 20:00:00,1.24929,1.24959,1.24838,1.24935,8995
2023-05-02 00:00:00,1.24946,1.2496800000000001,1.24836,1.24925,4777
2023-05-02 04:00:00,1.24925,1.25122,1.24917,1.2496,11169
2023-05-02 08:00:00,1.24959,1.25118,1.24632,1.24707,19520
2023-05-02 12:00:00,1.2471,1.24844,1.24533,1.24584,16956
2023-05-02 16:00:00,1.24586,1.24894,1.24354,1.24782,26915
2023-05-02 20:00:00,1.24782,1.24787,1.24672,1.24679,6579
2023-05-03 00:00:00,1.24648,1.24838,1.24648,1.24818,5657
2023-05-03 04:00:00,1.24817,1.24933,1.24766,1.24874,8581
2023-05-03 08:00:00,1.24875,1.25335,1.24814,1.25208,13009
2023-05-03 12:00:00,1.25207,1.25282,1.24842,1.2497,16729
2023-05-03 16:00:00,1.24972,1.25548,1.24948,1.2551,18264
2023-05-03 20:00:00,1.25509,1.25904,1.25378,1.25635,27196
2023-05-04 00:00:00,1.25545,1.2591999999999999,1.2551700000000001,1.25772,8542
2023-05-04 04:00:00,1.25772,1.25906,1.25722,1.25827,9853
2023-05-04 08:00:00,1.25826,1.25934,1.2556,1.25584,18845
2023-05-04 12:00:00,1.2558,1.2585899999999999,1.25488,1.25518,24741
2023-05-04 16:00:00,1.2551700000000001,1.2598500000000001,1.2548,1.25953,32283
2023-05-04 20:00:00,1.25952,1.25975,1.25697,1.25724,10032
2023-05-05 00:00:00,1.25732,1.25876,1.25696,1.25843,5316
2023-05-05 04:00:00,1.25845,1.26141,1.25823,1.26067,8814
2023-05-05 08:00:00,1.26067,1.26342,1.2597,1.26078,13830
2023-05-05 12:00:00,1.26078,1.26176,1.25569,1.25692,16964
2023-05-05 16:00:00,1.25695,1.26525,1.25683,1.26475,22782
2023-05-05 20:00:00,1.26475,1.26475,1.2628,1.2631000000000001,7685
2023-05-08 00:00:00,1.26287,1.26368,1.26244,1.26343,4446
2023-05-08 04:00:00,1.26343,1.26536,1.26264,1.26517,6420
2023-05-08 08:00:00,1.26518,1.26574,1.26316,1.2637399999999999,9595
2023-05-08 12:00:00,1.2637399999999999,1.2668599999999999,1.26314,1.2646600000000001,10759
2023-05-08 16:00:00,1.26467,1.26549,1.26265,1.2639,13743
2023-05-08 20:00:00,1.26393,1.26444,1.26129,1.26192,6834
2023-05-09 00:00:00,1.26169,1.26207,1.2603900000000001,1.26092,5578
2023-05-09 04:00:00,1.26093,1.26186,1.26051,1.26128,5992
2023-05-09 08:00:00,1.26128,1.26397,1.25966,1.26086,15752
2023-05-09 12:00:00,1.26086,1.2624900000000001,1.25848,1.25861,13402
2023-05-09 16:00:00,1.25862,1.2623199999999999,1.2578,1.26112,16174
2023-05-09 20:00:00,1.26113,1.26291,1.26097,1.26214,7831
2023-05-10 00:00:00,1.26172,1.2631700000000001,1.26147,1.26281,3440
2023-05-10 04:00:00,1.26282,1.2634699999999999,1.26207,1.26216,5381
2023-05-10 08:00:00,1.26215,1.26445,1.26113,1.26223,11935
2023-05-10 12:00:00,1.26224,1.26799,1.26023,1.26735,15995
2023-05-10 16:00:00,1.26736,1.26776,1.26071,1.26201,20881
2023-05-10 20:00:00,1.26201,1.26312,1.26064,1.26254,8405
2023-05-11 00:00:00,1.26237,1.26372,1.26223,1.26368,4835
2023-05-11 04:00:00,1.2637,1.26409,1.26135,1.26177,7937
2023-05-11 08:00:00,1.26176,1.2624900000000001,1.25652,1.25831,17261
2023-05-11 12:00:00,1.25834,1.26158,1.2568,1.25855,22917
2023-05-11 16:00:00,1.2585,1.25855,1.24964,1.25129,22945
2023-05-11 20:00:00,1.25126,1.25168,1.25048,1.2513,6554
2023-05-12 00:00:00,1.25099,1.25179,1.2507,1.2517800000000001,3042
2023-05-12 04:00:00,1.25176,1.25267,1.25082,1.25247,8140
2023-05-12 08:00:00,1.25248,1.2540499999999999,1.2506,1.25324,15405
2023-05-12 12:00:00,1.25324,1.25408,1.24918,1.25057,13967
2023-05-12 16:00:00,1.2505600000000001,1.25199,1.24487,1.24515,19433
2023-05-12 20:00:00,1.24516,1.24589,1.24447,1.24481,5341
2023-05-15 00:00:00,1.24511,1.24542,1.24437,1.24501,4444
2023-05-15 04:00:00,1.24508,1.24662,1.24502,1.2462900000000001,6654
2023-05-15 08:00:00,1.24628,1.24912,1.24618,1.24884,9878
2023-05-15 12:00:00,1.24885,1.25208,1.24764,1.25074,13607
2023-05-15 16:00:00,1.25072,1.25333,1.25034,1.25332,13723
2023-05-15 20:00:00,1.25328,1.25346,1.25248,1.25268,5409
2023-05-16 00:00:00,1.2524600000000001,1.25314,1.25238,1.25302,3060
2023-05-16 04:00:00,1.25301,1.25322,1.25146,1.25269,7529
2023-05-16 08:00:00,1.25267,1.25328,1.24653,1.2522,15039
2023-05-16 12:00:00,1.25218,1.25464,1.2495,1.25132,14271
2023-05-16 16:00:00,1.25133,1.25362,1.24766,1.24852,21778
2023-05-16 20:00:00,1.24854,1.24901,1.24771,1.24834,5477
2023-05-17 00:00:00,1.24807,1.24901,1.24794,1.24859,3634
2023-05-17 04:00:00,1.24858,1.24936,1.24768,1.24781,7968
2023-05-17 08:00:00,1.24781,1.24794,1.24215,1.24273,15464
2023-05-17 12:00:00,1.24267,1.24776,1.24222,1.24696,14065
2023-05-17 16:00:00,1.24696,1.25075,1.24441,1.25042,18652
2023-05-17 20:00:00,1.25043,1.25102,1.24829,1.24858,7831
2023-05-18 00:00:00,1.24855,1.24905,1.24782,1.24842,4291
2023-05-18 04:00:00,1.24841,1.24926,1.24724,1.24741,8403
2023-05-18 08:00:00,1.2474,1.24764,1.24317,1.24375,12993
2023-05-18 12:00:00,1.24374,1.24491,1.24143,1.24244,14267
2023-05-18 16:00:00,1.24243,1.24375,1.23947,1.23959,18494
2023-05-18 20:00:00,1.23957,1.24123,1.23916,1.2408,7047
2023-05-19 00:00:00,1.24054,1.24166,1.24017,1.24132,5514
2023-05-19 04:00:00,1.24132,1.24142,1.23919,1.23965,9084
2023-05-19 08:00:00,1.23965,1.24275,1.23952,1.24086,14270
2023-05-19 12:00:00,1.24087,1.24679,1.24086,1.24484,16421
2023-05-19 16:00:00,1.24475,1.24836,1.24213,1.24665,25087
2023-05-19 20:00:00,1.2466599999999999,1.24707,1.24358,1.2446,7339
2023-05-22 00:00:00,1.24375,1.24678,1.24375,1.2466599999999999,4091
2023-05-22 04:00:00,1.2466599999999999,1.24722,1.24556,1.2456800000000001,8121
2023-05-22 08:00:00,1.2456800000000001,1.24576,1.24136,1.2441200000000001,13941
2023-05-22 12:00:00,1.24411,1.24708,1.24406,1.24597,15324
2023-05-22 16:00:00,1.24598,1.24599,1.24143,1.24206,19021
2023-05-22 20:00:00,1.24203,1.24436,1.24199,1.24374,7050
2023-05-23 00:00:00,1.24348,1.24465,1.24308,1.24392,5261
2023-05-23 04:00:00,1.24392,1.24394,1.24255,1.24358,8307
2023-05-23 08:00:00,1.24359,1.24371,1.23848,1.24093,18067
2023-05-23 12:00:00,1.24092,1.24134,1.23731,1.23791,16501
2023-05-23 16:00:00,1.23793,1.24341,1.23771,1.24155,21535
2023-05-23 20:00:00,1.24154,1.24241,1.24088,1.24159,7381
2023-05-24 00:00:00,1.2416,1.24292,1.24122,1.24253,4221
2023-05-24 04:00:00,1.24252,1.24368,1.24152,1.24346,8292
2023-05-24 08:00:00,1.24346,1.24694,1.2402199999999999,1.24223,22305
2023-05-24 12:00:00,1.24223,1.24281,1.23639,1.24027,19505
2023-05-24 16:00:00,1.2402,1.24152,1.23576,1.23714,23200
2023-05-24 20:00:00,1.23715,1.23775,1.2358,1.23657,10470
2023-05-25 00:00:00,1.23628,1.23711,1.23546,1.23638,5790
2023-05-25 04:00:00,1.23638,1.23672,1.23319,1.2341,9944
2023-05-25 08:00:00,1.23408,1.2380200000000001,1.23331,1.23676,16378
2023-05-25 12:00:00,1.23676,1.23868,1.23385,1.23407,17864
2023-05-25 16:00:00,1.23406,1.23611,1.23088,1.2309,20883
2023-05-25 20:00:00,1.2309,1.23331,1.2308,1.23209,8216
2023-05-26 00:00:00,1.23213,1.23255,1.23108,1.23226,6035
2023-05-26 04:00:00,1.23226,1.23369,1.2322,1.23357,7956
2023-05-26 08:00:00,1.23357,1.23691,1.23313,1.2353399999999999,13576
2023-05-26 12:00:00,1.2353399999999999,1.23953,1.23458,1.23714,17090
2023-05-26 16:00:00,1.23712,1.23816,1.23207,1.23433,20401
2023-05-26 20:00:00,1.23441,1.23568,1.23432,1.23498,6903
2023-05-29 00:00:00,1.23406,1.23518,1.23406,1.23462,4448
2023-05-29 04:00:00,1.23462,1.23576,1.23433,1.23552,4474
2023-05-29 08:00:00,1.23554,1.2372,1.23352,1.23467,8211
2023-05-29 12:00:00,1.23466,1.23528,1.23361,1.23465,6688
2023-05-29 16:00:00,1.23465,1.23621,1.23424,1.23597,4167
2023-05-29 20:00:00,1.23592,1.23616,1.23537,1.23554,1907
2023-05-30 00:00:00,1.23491,1.23634,1.23435,1.23607,5495
2023-05-30 04:00:00,1.23608,1.2379,1.23429,1.23569,9214
2023-05-30 08:00:00,1.23568,1.23783,1.23267,1.23761,16441
2023-05-30 12:00:00,1.23762,1.24465,1.23682,1.24231,18475
2023-05-30 16:00:00,1.2423,1.24397,1.2393,1.23978,17151
2023-05-30 20:00:00,1.23978,1.24121,1.23832,1.2412,8586
2023-05-31 00:00:00,1.24086,1.24258,1.24047,1.2422,4607
2023-05-31 04:00:00,1.24218,1.24227,1.23818,1.23922,10797
2023-05-31 08:00:00,1.2392,1.23992,1.23478,1.2352,16301
2023-05-31 12:00:00,1.23519,1.23752,1.2349700000000001,1.23639,12576
2023-05-31 16:00:00,1.23638,1.2414,1.2357,1.2386300000000001,25987
2023-05-31 20:00:00,1.23864,1.24434,1.2381,1.24428,12433
2023-06-01 00:00:00,1.24318,1.24496,1.24313,1.24387,5303
2023-06-01 04:00:00,1.24388,1.24431,1.24277,1.2432400000000001,8818
2023-06-01 08:00:00,1.24325,1.2441200000000001,1.24008,1.24309,14929
2023-06-01 12:00:00,1.24311,1.24867,1.24256,1.24841,18371
2023-06-01 16:00:00,1.24847,1.2539500000000001,1.24741,1.25326,21910
2023-06-01 20:00:00,1.25325,1.25354,1.25214,1.2526,7374
2023-06-02 00:00:00,1.25262,1.25313,1.2519,1.2524899999999999,4275
2023-06-02 04:00:00,1.2525,1.25445,1.25228,1.25292,6626
2023-06-02 08:00:00,1.25292,1.25434,1.25217,1.25362,13928
2023-06-02 12:00:00,1.2536100000000001,1.25416,1.24924,1.25135,16653
2023-06-02 16:00:00,1.25136,1.25352,1.2449,1.24496,21547
2023-06-02 20:00:00,1.24495,1.24583,1.24413,1.24497,7643
2023-06-05 00:00:00,1.24448,1.24497,1.2426,1.24314,5684
2023-06-05 04:00:00,1.24314,1.24395,1.2427,1.2432699999999999,6392
2023-06-05 08:00:00,1.24328,1.24376,1.23879,1.24078,13785
2023-06-05 12:00:00,1.24079,1.24093,1.23684,1.23756,11833
2023-06-05 16:00:00,1.23757,1.24434,1.23732,1.24353,20372
2023-06-05 20:00:00,1.24353,1.24375,1.2427,1.24344,7321
2023-06-06 00:00:00,1.24264,1.24372,1.24234,1.24347,3559
2023-06-06 04:00:00,1.24347,1.24512,1.24323,1.24498,9384
2023-06-06 08:00:00,1.245,1.2459,1.24189,1.24209,16243
2023-06-06 12:00:00,1.24208,1.24242,1.23916,1.24008,13645
2023-06-06 16:00:00,1.24007,1.24287,1.23946,1.2426599999999999,14745
2023-06-06 20:00:00,1.24268,1.24313,1.24183,1.24226,6601
2023-06-07 00:00:00,1.24227,1.24381,1.24199,1.24313,3860
2023-06-07 04:00:00,1.24314,1.24334,1.24172,1.24232,6586
2023-06-07 08:00:00,1.24231,1.24397,1.23949,1.24392,11203
2023-06-07 12:00:00,1.24396,1.24719,1.24307,1.24642,13797
2023-06-07 16:00:00,1.24642,1.24999,1.24319,1.24336,21434
2023-06-07 20:00:00,1.24338,1.24465,1.24269,1.24386,8910
2023-06-08 00:00:00,1.24339,1.24509,1.24338,1.24491,4777
2023-06-08 04:00:00,1.24493,1.24542,1.2442199999999999,1.24533,8161
2023-06-08 08:00:00,1.2453400000000001,1.2478799999999999,1.24413,1.2477800000000001,13117
2023-06-08 12:00:00,1.2477800000000001,1.24974,1.24533,1.24829,16109
2023-06-08 16:00:00,1.24828,1.25579,1.24809,1.25542,19977
2023-06-08 20:00:00,1.2554,1.25609,1.25474,1.25583,7435
2023-06-09 00:00:00,1.25586,1.25633,1.25543,1.2554699999999999,4236
2023-06-09 04:00:00,1.25546,1.2557,1.25448,1.25453,8594
2023-06-09 08:00:00,1.25453,1.25678,1.2533699999999999,1.25421,11881
2023-06-09 12:00:00,1.2542499999999999,1.25786,1.2536,1.25681,14920
2023-06-09 16:00:00,1.25682,1.25903,1.25624,1.25819,16586
2023-06-09 20:00:00,1.25819,1.25831,1.2572,1.25801,4234
2023-06-12 00:00:00,1.25651,1.25814,1.2563900000000001,1.2576,2595
2023-06-12 04:00:00,1.25756,1.2576399999999999,1.2564899999999999,1.25698,4718
2023-06-12 08:00:00,1.25699,1.25966,1.2569,1.25911,10498
2023-06-12 12:00:00,1.25911,1.25997,1.2551,1.25511,12114
2023-06-12 16:00:00,1.25512,1.25556,1.24868,1.2494399999999999,16879
2023-06-12 20:00:00,1.24945,1.25135,1.24925,1.25132,6940
2023-06-13 00:00:00,1.25101,1.25209,1.25075,1.25176,4659
2023-06-13 04:00:00,1.25176,1.25354,1.25141,1.25315,8076
2023-06-13 08:00:00,1.25316,1.2576800000000001,1.25278,1.25655,16878
2023-06-13 12:00:00,1.25654,1.26056,1.2556,1.25945,17584
2023-06-13 16:00:00,1.25943,1.2624900000000001,1.25724,1.26231,23310
2023-06-13 20:00:00,1.26227,1.26247,1.25929,1.26109,8096
2023-06-14 00:00:00,1.26071,1.26122,1.2601200000000001,1.26086,4930
2023-06-14 04:00:00,1.26086,1.2617099999999999,1.26053,1.26121,6752
2023-06-14 08:00:00,1.26121,1.26377,1.26002,1.26346,12532
2023-06-14 12:00:00,1.2634400000000001,1.26786,1.2631999999999999,1.26745,11823
2023-06-14 16:00:00,1.26743,1.26992,1.26714,1.26947,13127
2023-06-14 20:00:00,1.2695,1.2695,1.26265,1.26606,26193
2023-06-15 00:00:00,1.26618,1.2674,1.2656,1.2659099999999999,3458
2023-06-15 04:00:00,1.2659099999999999,1.26596,1.26291,1.26376,8684
2023-06-15 08:00:00,1.26376,1.26722,1.26312,1.2661,13233
2023-06-15 12:00:00,1.26609,1.26697,1.2639,1.26681,15561
2023-06-15 16:00:00,1.26677,1.2776,1.2662900000000001,1.27741,18590
2023-06-15 20:00:00,1.27741,1.27855,1.27674,1.27836,7453
2023-06-16 00:00:00,1.278,1.27931,1.27777,1.2781799999999999,4328
2023-06-16 04:00:00,1.27817,1.27884,1.27677,1.27795,8135
2023-06-16 08:00:00,1.27793,1.28179,1.27773,1.27961,14744
2023-06-16 12:00:00,1.2796,1.28482,1.27836,1.28155,13632
2023-06-16 16:00:00,1.28153,1.28472,1.28033,1.28274,21953
2023-06-16 20:00:00,1.28272,1.28357,1.28197,1.28201,10654
2023-06-19 00:00:00,1.28178,1.2836699999999999,1.28178,1.2821,4278
2023-06-19 04:00:00,1.2821,1.2825,1.2810000000000001,1.28132,7712
2023-06-19 08:00:00,1.28132,1.2830599999999999,1.28079,1.28174,13145
2023-06-19 12:00:00,1.28174,1.28199,1.2802,1.28087,12434
2023-06-19 16:00:00,1.28087,1.2812700000000001,1.2770299999999999,1.27736,9620
2023-06-19 20:00:00,1.27736,1.27869,1.27732,1.27866,2736
2023-06-20 00:00:00,1.27814,1.2806,1.27797,1.28012,5547
2023-06-20 04:00:00,1.28013,1.28047,1.27779,1.27786,12167
2023-06-20 08:00:00,1.2778399999999999,1.2806199999999999,1.2762,1.27833,17683
2023-06-20 12:00:00,1.27834,1.27875,1.27257,1.27397,17041
2023-06-20 16:00:00,1.27394,1.27566,1.27133,1.2755,22454
2023-06-20 20:00:00,1.27551,1.27687,1.27469,1.2763200000000001,8541
2023-06-21 00:00:00,1.2760099999999999,1.27661,1.27545,1.27587,5446
2023-06-21 04:00:00,1.27589,1.27677,1.27538,1.27649,10650
2023-06-21 08:00:00,1.27649,1.28021,1.2715,1.27203,21563
2023-06-21 12:00:00,1.27202,1.27351,1.26908,1.27304,18791
2023-06-21 16:00:00,1.2730299999999999,1.27603,1.27017,1.27562,24286
2023-06-21 20:00:00,1.27561,1.27854,1.27528,1.27663,11673
2023-06-22 00:00:00,1.27624,1.27735,1.27622,1.27687,5888
2023-06-22 04:00:00,1.27686,1.27738,1.27576,1.27586,8020
2023-06-22 08:00:00,1.27586,1.2788,1.27386,1.27755,17763
2023-06-22 12:00:00,1.27755,1.28393,1.27372,1.27488,23884
2023-06-22 16:00:00,1.27484,1.27641,1.27272,1.27329,22404
2023-06-22 20:00:00,1.27329,1.2747899999999999,1.27255,1.27458,8712
2023-06-23 00:00:00,1.2742200000000001,1.27492,1.27392,1.27466,6208
2023-06-23 04:00:00,1.27467,1.27485,1.26962,1.2707600000000001,11781
2023-06-23 08:00:00,1.27078,1.2730299999999999,1.26851,1.27011,21236
2023-06-23 12:00:00,1.2701,1.2736399999999999,1.2690299999999999,1.27116,18373
2023-06-23 16:00:00,1.2711700000000001,1.27286,1.26886,1.26987,21272
2023-06-23 20:00:00,1.26987,1.27217,1.26987,1.2716,7938
2023-06-26 00:00:00,1.2708,1.27352,1.27073,1.27333,6899
2023-06-26 04:00:00,1.27333,1.2738800000000001,1.2727,1.27321,8235
2023-06-26 08:00:00,1.27321,1.27484,1.27101,1.27373,15266
2023-06-26 12:00:00,1.27371,1.2744900000000001,1.26879,1.27114,15242
2023-06-26 16:00:00,1.27111,1.27276,1.26948,1.2722,17073
2023-06-26 20:00:00,1.27219,1.27258,1.271,1.27114,6707
2023-06-27 00:00:00,1.27118,1.27157,1.27012,1.2705,6035
2023-06-27 04:00:00,1.2705,1.27367,1.27044,1.27292,10069
2023-06-27 08:00:00,1.2729300000000001,1.27582,1.27261,1.27373,14397
2023-06-27 12:00:00,1.27372,1.27441,1.27116,1.27374,16427
2023-06-27 16:00:00,1.27365,1.27592,1.27332,1.27495,21633
2023-06-27 20:00:00,1.27495,1.27573,1.2743,1.27474,8882
2023-06-28 00:00:00,1.27419,1.27519,1.2741799999999999,1.27437,6258
2023-06-28 04:00:00,1.27437,1.2746,1.27236,1.27255,10641
2023-06-28 08:00:00,1.27256,1.27376,1.2701799999999999,1.2711000000000001,14295
2023-06-28 12:00:00,1.27111,1.27151,1.26323,1.26401,17754
2023-06-28 16:00:00,1.26402,1.2650299999999999,1.26064,1.2648,21202
2023-06-28 20:00:00,1.2648,1.26536,1.2635100000000001,1.26356,7180
2023-06-29 00:00:00,1.26329,1.26457,1.2625199999999999,1.2634400000000001,4466
2023-06-29 04:00:00,1.2634400000000001,1.2646899999999999,1.26169,1.26201,9774
2023-06-29 08:00:00,1.26201,1.2654,1.26148,1.26457,15072
2023-06-29 12:00:00,1.26458,1.26666,1.26,1.26063,15447
2023-06-29 16:00:00,1.26064,1.2631299999999999,1.25907,1.26233,22474
2023-06-29 20:00:00,1.26233,1.26247,1.26087,1.26105,7712
2023-06-30 00:00:00,1.26095,1.26199,1.26065,1.2617099999999999,4700
2023-06-30 04:00:00,1.26173,1.2626,1.26102,1.26234,9459
2023-06-30 08:00:00,1.26237,1.26507,1.2599,1.2615,14321
2023-06-30 12:00:00,1.26152,1.2691,1.26106,1.26849,16106
2023-06-30 16:00:00,1.26849,1.27277,1.2681499999999999,1.27159,23696
2023-06-30 20:00:00,1.27161,1.27221,1.26923,1.26939,8414
2023-07-03 00:00:00,1.26968,1.27044,1.26874,1.2690299999999999,4466
2023-07-03 04:00:00,1.26904,1.27068,1.26884,1.27053,9719
2023-07-03 08:00:00,1.2705199999999999,1.27053,1.26583,1.26706,13205
2023-07-03 12:00:00,1.26707,1.26955,1.26615,1.26939,14148
2023-07-03 16:00:00,1.2694,1.27231,1.26735,1.26974,18770
2023-07-03 20:00:00,1.26975,1.27006,1.26806,1.26907,3898
2023-07-04 00:00:00,1.26859,1.27003,1.2685,1.26973,2743
2023-07-04 04:00:00,1.26974,1.27016,1.26846,1.26864,7879
2023-07-04 08:00:00,1.26863,1.27107,1.26834,1.2696399999999999,10782
2023-07-04 12:00:00,1.26963,1.27392,1.26933,1.2736100000000001,9349
2023-07-04 16:00:00,1.27359,1.27372,1.27165,1.27187,8240
2023-07-04 20:00:00,1.27186,1.27241,1.27121,1.27139,3175
2023-07-05 00:00:00,1.2715,1.27212,1.2705600000000001,1.27136,3449
2023-07-05 04:00:00,1.27138,1.27163,1.26999,1.2705600000000001,6611
2023-07-05 08:00:00,1.27057,1.27223,1.26951,1.27122,13759
2023-07-05 12:00:00,1.27122,1.27263,1.2688,1.2715,13073
2023-07-05 16:00:00,1.2715,1.27352,1.27012,1.27074,16038
2023-07-05 20:00:00,1.27075,1.27123,1.26915,1.27037,7869
2023-07-06 00:00:00,1.26996,1.27074,1.26923,1.26972,4470
2023-07-06 04:00:00,1.26973,1.27118,1.26894,1.27036,10482
2023-07-06 08:00:00,1.27038,1.27308,1.26982,1.27106,17054
2023-07-06 12:00:00,1.27106,1.27811,1.27057,1.27463,22691
2023-07-06 16:00:00,1.27464,1.27596,1.26738,1.27272,25082
2023-07-06 20:00:00,1.27273,1.27437,1.27238,1.27394,7246
2023-07-07 00:00:00,1.27363,1.2745,1.27288,1.27318,3137
2023-07-07 04:00:00,1.27319,1.27446,1.2727,1.27402,6554
2023-07-07 08:00:00,1.27404,1.27497,1.27258,1.27347,13939
2023-07-07 12:00:00,1.27352,1.28078,1.27331,1.27806,19610
2023-07-07 16:00:00,1.27805,1.28495,1.27536,1.2849300000000001,25046
2023-07-07 20:00:00,1.28492,1.28492,1.28299,1.2838,7970
2023-07-10 00:00:00,1.28288,1.28412,1.2821500000000001,1.28253,4298
2023-07-10 04:00:00,1.28254,1.28346,1.28086,1.28103,10253
2023-07-10 08:00:00,1.28103,1.28256,1.27981,1.28185,11906
2023-07-10 12:00:00,1.2818399999999999,1.28244,1.27504,1.2753700000000001,13254
2023-07-10 16:00:00,1.27539,1.28468,1.27539,1.28461,16248
2023-07-10 20:00:00,1.2845900000000001,1.28683,1.2842799999999999,1.28602,6727
2023-07-11 00:00:00,1.2859,1.28696,1.28543,1.28688,3569
2023-07-11 04:00:00,1.28685,1.28837,1.28644,1.28784,8162
2023-07-11 08:00:00,1.28787,1.29134,1.2867199999999999,1.2885900000000001,17204
2023-07-11 12:00:00,1.28857,1.2934700000000001,1.28846,1.28968,15375
2023-07-11 16:00:00,1.28969,1.29223,1.28861,1.29223,16315
2023-07-11 20:00:00,1.29223,1.2934,1.29148,1.29306,6925
2023-07-12 00:00:00,1.29314,1.29535,1.29274,1.2946900000000001,4779
2023-07-12 04:00:00,1.2947,1.29695,1.29456,1.29663,9834
2023-07-12 08:00:00,1.29664,1.29669,1.29321,1.29324,12181
2023-07-12 12:00:00,1.2932299999999999,1.29761,1.2904,1.2948,17474
2023-07-12 16:00:00,1.29481,1.30007,1.29466,1.29963,24844
2023-07-12 20:00:00,1.29961,1.29966,1.29765,1.29893,8594
2023-07-13 00:00:00,1.29867,1.30004,1.29824,1.29916,5187
2023-07-13 04:00:00,1.29915,1.30188,1.29889,1.30061,10467
2023-07-13 08:00:00,1.30061,1.30615,1.29827,1.30426,18504
2023-07-13 12:00:00,1.3042799999999999,1.30836,1.30361,1.3083,18419
2023-07-13 16:00:00,1.30832,1.3115999999999999,1.30789,1.31136,19378
2023-07-13 20:00:00,1.31136,1.3141,1.31089,1.31349,7780
2023-07-14 00:00:00,1.31246,1.31389,1.31166,1.31206,7105
2023-07-14 04:00:00,1.31205,1.31421,1.3119100000000001,1.3130899999999999,9385
2023-07-14 08:00:00,1.3130899999999999,1.31324,1.30931,1.31208,13292
2023-07-14 12:00:00,1.31208,1.31421,1.31003,1.3113299999999999,15169
2023-07-14 16:00:00,1.31132,1.31303,1.30937,1.3113000000000001,22931
2023-07-14 20:00:00,1.31136,1.31148,1.30893,1.3091300000000001,8635
2023-07-17 00:00:00,1.30921,1.30982,1.308,1.30928,5053
2023-07-17 04:00:00,1.30928,1.30965,1.30817,1.30878,8399
2023-07-17 08:00:00,1.3087900000000001,1.3109199999999999,1.30647,1.30937,13987
2023-07-17 12:00:00,1.30937,1.31068,1.30536,1.30674,15776
2023-07-17 16:00:00,1.30674,1.30926,1.30507,1.30751,15459
2023-07-17 20:00:00,1.3075,1.30871,1.3070300000000001,1.30738,5644
2023-07-18 00:00:00,1.30745,1.30822,1.30676,1.30782,4910
2023-07-18 04:00:00,1.30782,1.30999,1.30738,1.30945,9964
2023-07-18 08:00:00,1.3094700000000001,1.31068,1.30718,1.30786,15861
2023-07-18 12:00:00,1.30786,1.31256,1.30722,1.3089,19182
2023-07-18 16:00:00,1.30891,1.30986,1.30281,1.30347,22118
2023-07-18 20:00:00,1.30346,1.30492,1.3029600000000001,1.30348,7483
2023-07-19 00:00:00,1.30361,1.30412,1.3029899999999999,1.3035999999999999,4639
2023-07-19 04:00:00,1.30363,1.30386,1.30127,1.30167,9876
2023-07-19 08:00:00,1.30165,1.30355,1.29223,1.29326,22958
2023-07-19 12:00:00,1.2932299999999999,1.29566,1.28972,1.29157,18763
2023-07-19 16:00:00,1.29158,1.2920099999999999,1.28674,1.29083,23297
2023-07-19 20:00:00,1.29085,1.29403,1.29057,1.29387,7212
2023-07-20 00:00:00,1.29366,1.2947600000000001,1.29279,1.29466,4691
2023-07-20 04:00:00,1.2946900000000001,1.29645,1.29409,1.29439,10674
2023-07-20 08:00:00,1.29441,1.29451,1.29052,1.29238,13905
2023-07-20 12:00:00,1.29239,1.29239,1.28546,1.28712,15910
2023-07-20 16:00:00,1.2871299999999999,1.28831,1.28394,1.2852700000000001,19069
2023-07-20 20:00:00,1.2852700000000001,1.2868,1.2851,1.28674,5624
2023-07-21 00:00:00,1.28648,1.2877399999999999,1.28637,1.28762,3533
2023-07-21 04:00:00,1.28763,1.2885900000000001,1.28663,1.28795,8351
2023-07-21 08:00:00,1.28796,1.29041,1.28402,1.2858,16971
2023-07-21 12:00:00,1.2858,1.28697,1.28158,1.28301,16154
2023-07-21 16:00:00,1.28297,1.2861099999999999,1.28291,1.28582,15089
2023-07-21 20:00:00,1.28582,1.28659,1.28485,1.28533,6569
2023-07-24 00:00:00,1.28481,1.2866900000000001,1.28477,1.28643,3549
2023-07-24 04:00:00,1.28643,1.28699,1.2849300000000001,1.28641,7315
2023-07-24 08:00:00,1.28641,1.28838,1.28068,1.2816,17947
2023-07-24 12:00:00,1.2816,1.28592,1.28155,1.28368,16148
2023-07-24 16:00:00,1.2836699999999999,1.28445,1.27976,1.2832,20382
2023-07-24 20:00:00,1.2832,1.28409,1.28149,1.28202,7120
2023-07-25 00:00:00,1.28135,1.28251,1.28094,1.2815400000000001,5772
2023-07-25 04:00:00,1.28152,1.2843,1.28152,1.28299,10287
2023-07-25 08:00:00,1.28299,1.28647,1.28288,1.2851,15851
2023-07-25 12:00:00,1.28511,1.2854,1.28199,1.28349,12413
2023-07-25 16:00:00,1.28348,1.28797,1.28122,1.28779,16713
2023-07-25 20:00:00,1.28778,1.29048,1.28712,1.2902,8016
2023-07-26 00:00:00,1.28917,1.29036,1.2882,1.28843,4741
2023-07-26 04:00:00,1.28844,1.28925,1.28752,1.28877,9953
2023-07-26 08:00:00,1.28878,1.29123,1.28812,1.29102,15131
2023-07-26 12:00:00,1.29102,1.29247,1.28949,1.29085,12966
2023-07-26 16:00:00,1.29085,1.29367,1.29033,1.29151,15802
2023-07-26 20:00:00,1.2915,1.2960099999999999,1.28955,1.29427,23477
2023-07-27 00:00:00,1.29403,1.2943799999999999,1.29241,1.29407,4698
2023-07-27 04:00:00,1.29406,1.2977,1.29406,1.2962099999999999,10009
2023-07-27 08:00:00,1.2962,1.29956,1.29391,1.29924,17429
2023-07-27 12:00:00,1.29925,1.29953,1.28815,1.28956,21011
2023-07-27 16:00:00,1.28953,1.29025,1.28256,1.28409,27928
2023-07-27 20:00:00,1.28413,1.28522,1.27816,1.27941,15215
2023-07-28 00:00:00,1.27945,1.28003,1.27872,1.27909,6299
2023-07-28 04:00:00,1.27909,1.28074,1.27628,1.27793,17382
2023-07-28 08:00:00,1.27795,1.28155,1.2772000000000001,1.28052,22734
2023-07-28 12:00:00,1.28053,1.28875,1.28014,1.28693,16551
2023-07-28 16:00:00,1.28691,1.28844,1.28378,1.28726,20053
2023-07-28 20:00:00,1.28725,1.28725,1.28457,1.28461,9054
2023-07-31 00:00:00,1.28461,1.28598,1.2842500000000001,1.28577,4192
2023-07-31 04:00:00,1.28572,1.28593,1.28438,1.28483,9043
2023-07-31 08:00:00,1.28483,1.28677,1.28351,1.2851,14684
2023-07-31 12:00:00,1.28511,1.28726,1.28452,1.28537,13015
2023-07-31 16:00:00,1.28538,1.28702,1.28284,1.28579,17202
2023-07-31 20:00:00,1.2858100000000001,1.2867,1.28314,1.28368,6481
2023-08-01 00:00:00,1.28328,1.28412,1.28274,1.28291,3085
2023-08-01 04:00:00,1.28291,1.2836,1.2814999999999999,1.28312,10975
2023-08-01 08:00:00,1.28314,1.28385,1.28126,1.28256,15534
2023-08-01 12:00:00,1.28257,1.28328,1.27561,1.27647,14984
2023-08-01 16:00:00,1.27648,1.27953,1.27413,1.27607,18901
2023-08-01 20:00:00,1.27606,1.27807,1.27491,1.27759,5463
2023-08-02 00:00:00,1.27744,1.28049,1.27657,1.27809,8655
2023-08-02 04:00:00,1.27809,1.27949,1.27631,1.27775,10910
2023-08-02 08:00:00,1.27775,1.27986,1.27604,1.27873,16368
2023-08-02 12:00:00,1.27872,1.27923,1.27229,1.27236,18031
2023-08-02 16:00:00,1.27234,1.27304,1.26801,1.27259,20733
2023-08-02 20:00:00,1.27258,1.27385,1.27085,1.27094,7214
2023-08-03 00:00:00,1.27087,1.27219,1.27027,1.27136,3894
2023-08-03 04:00:00,1.27128,1.27282,1.26996,1.27001,7785
2023-08-03 08:00:00,1.27003,1.2709,1.26724,1.26754,18795
2023-08-03 12:00:00,1.26755,1.2692999999999999,1.26201,1.26726,24534
2023-08-03 16:00:00,1.26724,1.2724199999999999,1.2650000000000001,1.27191,19535
2023-08-03 20:00:00,1.27192,1.27194,1.26969,1.27081,6703
2023-08-04 00:00:00,1.27062,1.27254,1.27016,1.27252,4686
2023-08-04 04:00:00,1.27253,1.27411,1.2724199999999999,1.27278,11289
2023-08-04 08:00:00,1.27278,1.27343,1.26943,1.26996,12768
2023-08-04 12:00:00,1.26994,1.2754699999999999,1.26836,1.27453,16804
2023-08-04 16:00:00,1.2744900000000001,1.27836,1.27426,1.27817,22654
2023-08-04 20:00:00,1.27816,1.27919,1.27408,1.27497,8371
2023-08-07 00:00:00,1.27468,1.2760799999999999,1.27406,1.2758099999999999,5502
2023-08-07 04:00:00,1.27582,1.27583,1.2732,1.27348,8263
2023-08-07 08:00:00,1.27349,1.27446,1.27126,1.2728,12337
2023-08-07 12:00:00,1.27276,1.27722,1.27168,1.2772000000000001,12319
2023-08-07 16:00:00,1.27721,1.2787,1.2754400000000001,1.27747,13599
2023-08-07 20:00:00,1.27747,1.27892,1.27677,1.27841,4590
2023-08-08 00:00:00,1.27833,1.27853,1.27715,1.27737,3946
2023-08-08 04:00:00,1.27736,1.27736,1.27509,1.27621,8913
2023-08-08 08:00:00,1.2762,1.2772299999999999,1.27381,1.27527,14858
2023-08-08 12:00:00,1.27526,1.27546,1.26838,1.26973,16755
2023-08-08 16:00:00,1.26973,1.27432,1.2686899999999999,1.27329,16926
2023-08-08 20:00:00,1.27328,1.27516,1.27308,1.2748,6654
2023-08-09 00:00:00,1.27358,1.275,1.27338,1.27411,5266
2023-08-09 04:00:00,1.2741,1.27594,1.27392,1.27568,8486
2023-08-09 08:00:00,1.2757100000000001,1.27823,1.27485,1.27542,12892
2023-08-09 12:00:00,1.27542,1.27553,1.27119,1.27295,12790
2023-08-09 16:00:00,1.27297,1.27515,1.27121,1.27229,14991
2023-08-09 20:00:00,1.2723,1.27378,1.2718099999999999,1.27192,6527
2023-08-10 00:00:00,1.27177,1.27212,1.27104,1.2713,3424
2023-08-10 04:00:00,1.27131,1.27234,1.27073,1.27121,6932
2023-08-10 08:00:00,1.27123,1.2769599999999999,1.27118,1.27567,12841
2023-08-10 12:00:00,1.2757100000000001,1.28186,1.27539,1.27811,15581
2023-08-10 16:00:00,1.27807,1.27857,1.27054,1.27155,24784
2023-08-10 20:00:00,1.27155,1.27167,1.26696,1.26743,13643
2023-08-11 00:00:00,1.26752,1.26816,1.26658,1.2681499999999999,3534
2023-08-11 04:00:00,1.26814,1.26908,1.26779,1.26819,6435
2023-08-11 08:00:00,1.2682,1.27231,1.26795,1.2705899999999999,14105
2023-08-11 12:00:00,1.2706,1.27386,1.26817,1.26858,16770
2023-08-11 16:00:00,1.26857,1.27286,1.26816,1.26909,20788
2023-08-11 20:00:00,1.26908,1.27024,1.26853,1.26963,6644
2023-08-14 00:00:00,1.26963,1.27008,1.26792,1.26822,4786
2023-08-14 04:00:00,1.2682,1.26861,1.26663,1.2671299999999999,8556
2023-08-14 08:00:00,1.2671299999999999,1.27074,1.26697,1.26979,14404
2023-08-14 12:00:00,1.2698,1.2714699999999999,1.2645,1.26566,14327
2023-08-14 16:00:00,1.26567,1.27063,1.2616399999999999,1.26969,19813
2023-08-14 20:00:00,1.26969,1.27014,1.26731,1.26833,6574
2023-08-15 00:00:00,1.26841,1.26879,1.26763,1.2683499999999999,3274
2023-08-15 04:00:00,1.2683499999999999,1.26932,1.26749,1.26848,8683
2023-08-15 08:00:00,1.26849,1.27203,1.2679,1.27119,17525
2023-08-15 12:00:00,1.2711700000000001,1.2730000000000001,1.26809,1.27156,19730
2023-08-15 16:00:00,1.27157,1.27523,1.27077,1.2723499999999999,25451
2023-08-15 20:00:00,1.2723499999999999,1.27254,1.26943,1.27026,8175
2023-08-16 00:00:00,1.26994,1.27036,1.2692,1.26955,4266
2023-08-16 04:00:00,1.26952,1.27072,1.26868,1.27071,10701
2023-08-16 08:00:00,1.2707,1.27661,1.2699,1.2757800000000001,14565
2023-08-16 12:00:00,1.27576,1.2766199999999999,1.2721,1.27212,11833
2023-08-16 16:00:00,1.2721,1.27604,1.27182,1.27331,17143
2023-08-16 20:00:00,1.2732999999999999,1.27499,1.27112,1.2729,13338
2023-08-17 00:00:00,1.2727,1.2732700000000001,1.27157,1.2720500000000001,4775
2023-08-17 04:00:00,1.2720500000000001,1.2723200000000001,1.2711000000000001,1.27229,10487
2023-08-17 08:00:00,1.27233,1.27435,1.27092,1.27122,13772
2023-08-17 12:00:00,1.27121,1.27834,1.27027,1.27707,19632
2023-08-17 16:00:00,1.27704,1.27872,1.27373,1.27599,20869
2023-08-17 20:00:00,1.276,1.27604,1.27268,1.27461,11160
2023-08-18 00:00:00,1.2742200000000001,1.27588,1.27406,1.27516,5335
2023-08-18 04:00:00,1.27518,1.27661,1.27426,1.2744900000000001,11031
2023-08-18 08:00:00,1.2745,1.27526,1.27069,1.27188,15978
2023-08-18 12:00:00,1.27188,1.2742200000000001,1.26892,1.27109,15724
2023-08-18 16:00:00,1.27107,1.27489,1.27075,1.2744900000000001,17951
2023-08-18 20:00:00,1.2744900000000001,1.27562,1.27275,1.2733400000000001,6530
2023-08-21 00:00:00,1.2733400000000001,1.27505,1.27283,1.27465,4193
2023-08-21 04:00:00,1.27465,1.27465,1.27299,1.27383,7403
2023-08-21 08:00:00,1.2738399999999999,1.27454,1.27103,1.27209,14441
2023-08-21 12:00:00,1.27207,1.27649,1.27203,1.27519,14160
2023-08-21 16:00:00,1.2752,1.2757399999999999,1.27227,1.27568,18422
2023-08-21 20:00:00,1.27568,1.27668,1.27507,1.27563,7371
2023-08-22 00:00:00,1.27567,1.27657,1.2744900000000001,1.27629,4521
2023-08-22 04:00:00,1.27631,1.27775,1.27576,1.27694,9205
2023-08-22 08:00:00,1.2769599999999999,1.2800500000000001,1.27688,1.2781799999999999,12714
2023-08-22 12:00:00,1.27819,1.2792,1.27413,1.2742499999999999,13431
2023-08-22 16:00:00,1.27426,1.27533,1.27184,1.27352,17990
2023-08-22 20:00:00,1.27352,1.27435,1.27279,1.27331,4786
2023-08-23 00:00:00,1.27325,1.27412,1.2723499999999999,1.27344,3543
2023-08-23 04:00:00,1.27343,1.27509,1.27332,1.27509,8137
2023-08-23 08:00:00,1.27508,1.27646,1.26714,1.26785,19703
2023-08-23 12:00:00,1.26784,1.26796,1.26145,1.26308,19354
2023-08-23 16:00:00,1.26315,1.27258,1.26306,1.2721,21310
2023-08-23 20:00:00,1.27211,1.27329,1.27085,1.27213,7236
2023-08-24 00:00:00,1.27206,1.27284,1.27095,1.27193,4825
2023-08-24 04:00:00,1.27192,1.27216,1.27058,1.27199,10319
2023-08-24 08:00:00,1.2720099999999999,1.27279,1.26914,1.26987,13143
2023-08-24 12:00:00,1.26986,1.27036,1.26264,1.26358,15517
2023-08-24 16:00:00,1.2636,1.2662900000000001,1.26208,1.26235,18214
2023-08-24 20:00:00,1.26236,1.26246,1.25909,1.25992,7638
2023-08-25 00:00:00,1.2600500000000001,1.2604899999999999,1.2585899999999999,1.25901,5134
2023-08-25 04:00:00,1.259,1.25913,1.25598,1.2564600000000001,8046
2023-08-25 08:00:00,1.25645,1.25922,1.25606,1.25864,12250
2023-08-25 12:00:00,1.25862,1.26236,1.25816,1.26199,11239
2023-08-25 16:00:00,1.26199,1.26542,1.25478,1.25814,29994
2023-08-25 20:00:00,1.25816,1.26013,1.2575,1.25767,8021
2023-08-28 00:00:00,1.2579,1.25992,1.25701,1.25941,3164
2023-08-28 04:00:00,1.25939,1.2604199999999999,1.2592400000000001,1.25993,5758
2023-08-28 08:00:00,1.25996,1.26109,1.25689,1.25762,9371
2023-08-28 12:00:00,1.2576,1.25948,1.25654,1.25943,9986
2023-08-28 16:00:00,1.25942,1.25997,1.25727,1.25948,14066
2023-08-28 20:00:00,1.25949,1.26075,1.2592400000000001,1.25998,6361
2023-08-29 00:00:00,1.2593,1.2618800000000001,1.2593,1.26138,4143
2023-08-29 04:00:00,1.26138,1.26324,1.26135,1.26231,8299
2023-08-29 08:00:00,1.26231,1.26358,1.26054,1.26115,13578
2023-08-29 12:00:00,1.26114,1.2617099999999999,1.25626,1.2573400000000001,15378
2023-08-29 16:00:00,1.25733,1.26336,1.25627,1.26202,25386
2023-08-29 20:00:00,1.26203,1.26549,1.26202,1.26437,9415
2023-08-30 00:00:00,1.26431,1.26501,1.26324,1.2640500000000001,4435
2023-08-30 04:00:00,1.26404,1.26422,1.26221,1.26227,6792
2023-08-30 08:00:00,1.26227,1.26474,1.26189,1.2637800000000001,14560
2023-08-30 12:00:00,1.26382,1.2720799999999999,1.26356,1.27138,18744
2023-08-30 16:00:00,1.27124,1.27461,1.2702,1.2716,21896
2023-08-30 20:00:00,1.27159,1.2729,1.27066,1.2720099999999999,8242
2023-08-31 00:00:00,1.27175,1.27227,1.27102,1.27202,4322
2023-08-31 04:00:00,1.27202,1.27344,1.27188,1.27233,7758
2023-08-31 08:00:00,1.27233,1.2724199999999999,1.26942,1.26952,13150
2023-08-31 12:00:00,1.26952,1.26976,1.26633,1.2685,18767
2023-08-31 16:00:00,1.26848,1.26872,1.26526,1.26626,21350
2023-08-31 20:00:00,1.2663,1.26742,1.26606,1.26715,7701
2023-09-01 00:00:00,1.26709,1.26757,1.26582,1.2663,3791
2023-09-01 04:00:00,1.26631,1.26833,1.2658800000000001,1.26682,7211
2023-09-01 08:00:00,1.2668300000000001,1.26894,1.26399,1.26749,11899
2023-09-01 12:00:00,1.26749,1.27128,1.26639,1.26917,15574
2023-09-01 16:00:00,1.26924,1.27026,1.2577,1.25887,29377
2023-09-01 20:00:00,1.25887,1.25991,1.25846,1.25875,7190
2023-09-04 00:00:00,1.25904,1.25986,1.25862,1.25956,2348
2023-09-04 04:00:00,1.25956,1.2607300000000001,1.2588599999999999,1.26071,4129
2023-09-04 08:00:00,1.26072,1.2634,1.26053,1.26323,8831
2023-09-04 12:00:00,1.26323,1.26426,1.26213,1.2625600000000001,8150
2023-09-04 16:00:00,1.26257,1.26395,1.2615,1.2628599999999999,6488
2023-09-04 20:00:00,1.26285,1.2633,1.26269,1.2628,1578
2023-09-05 00:00:00,1.2621,1.26306,1.26159,1.263,2844
2023-09-05 04:00:00,1.263,1.26319,1.26123,1.2626,7071
2023-09-05 08:00:00,1.26261,1.2628,1.25278,1.25348,16776
2023-09-05 12:00:00,1.25347,1.25783,1.25331,1.25755,15607
2023-09-05 16:00:00,1.25756,1.25868,1.25468,1.2576800000000001,22294
2023-09-05 20:00:00,1.25769,1.25803,1.25586,1.25657,6638
2023-09-06 00:00:00,1.25651,1.25728,1.25533,1.2557,2832
2023-09-06 04:00:00,1.25572,1.25742,1.25494,1.2574,7333
2023-09-06 08:00:00,1.25748,1.25878,1.25465,1.25597,15502
2023-09-06 12:00:00,1.25598,1.25672,1.2541,1.25548,15820
2023-09-06 16:00:00,1.25545,1.2558799999999999,1.24816,1.25018,24882
2023-09-06 20:00:00,1.25018,1.25109,1.2499500000000001,1.25065,6405
2023-09-07 00:00:00,1.24996,1.25065,1.24924,1.24961,3553
2023-09-07 04:00:00,1.2496,1.25061,1.24911,1.24977,7809
2023-09-07 08:00:00,1.24976,1.25081,1.24574,1.24777,15436
2023-09-07 12:00:00,1.24777,1.24879,1.24455,1.24619,14925
2023-09-07 16:00:00,1.24618,1.24897,1.24474,1.2475100000000001,17090
2023-09-07 20:00:00,1.2475,1.2487,1.24675,1.24711,6849
2023-09-08 00:00:00,1.24737,1.24933,1.2463899999999999,1.2490999999999999,3335
2023-09-08 04:00:00,1.24909,1.25014,1.24738,1.24901,6944
2023-09-08 08:00:00,1.24902,1.25099,1.24782,1.24862,12423
2023-09-08 12:00:00,1.2486,1.24981,1.24669,1.24797,14188
2023-09-08 16:00:00,1.24798,1.25143,1.24592,1.2462,17075
2023-09-08 20:00:00,1.2462,1.24697,1.2451,1.2460499999999999,7897
2023-09-11 00:00:00,1.2466599999999999,1.2494399999999999,1.24665,1.24867,5590
2023-09-11 04:00:00,1.24867,1.25203,1.24823,1.25187,7803
2023-09-11 08:00:00,1.25187,1.25304,1.251,1.25194,12133
2023-09-11 12:00:00,1.25194,1.25373,1.25009,1.2527300000000001,13532
2023-09-11 16:00:00,1.25274,1.25482,1.25207,1.25218,17074
2023-09-11 20:00:00,1.25221,1.25221,1.25073,1.25086,6975
2023-09-12 00:00:00,1.25105,1.2514,1.25034,1.2506,3244
2023-09-12 04:00:00,1.2506,1.25228,1.25008,1.25106,7911
2023-09-12 08:00:00,1.25105,1.25301,1.2462900000000001,1.24672,14807
2023-09-12 12:00:00,1.24671,1.24839,1.24594,1.24679,13778
2023-09-12 16:00:00,1.24676,1.24915,1.24613,1.24779,13877
2023-09-12 20:00:00,1.24779,1.24988,1.24758,1.24959,7296
2023-09-13 00:00:00,1.24882,1.25004,1.24836,1.24939,3780
2023-09-13 04:00:00,1.2494,1.2502,1.2481,1.24943,6709
2023-09-13 08:00:00,1.24948,1.24978,1.24413,1.24773,15366
2023-09-13 12:00:00,1.24773,1.24997,1.24337,1.24857,19291
2023-09-13 16:00:00,1.24854,1.2511700000000001,1.24716,1.24952,22608
2023-09-13 20:00:00,1.24951,1.2506,1.24809,1.24893,7094
2023-09-14 00:00:00,1.24843,1.25031,1.24811,1.2502,3684
2023-09-14 04:00:00,1.2502,1.2504,1.24851,1.2501,6859
2023-09-14 08:00:00,1.25011,1.25061,1.24791,1.24865,10763
2023-09-14 12:00:00,1.24866,1.24866,1.24138,1.24393,22035
2023-09-14 16:00:00,1.24397,1.2460499999999999,1.24006,1.24143,29518
2023-09-14 20:00:00,1.24143,1.24174,1.23964,1.24088,8257
2023-09-15 00:00:00,1.24067,1.24115,1.2399499999999999,1.24115,3223
2023-09-15 04:00:00,1.24114,1.24298,1.24014,1.24284,8706
2023-09-15 08:00:00,1.24284,1.24459,1.24161,1.24396,13100
2023-09-15 12:00:00,1.24397,1.24403,1.23903,1.23907,12343
2023-09-15 16:00:00,1.23907,1.24254,1.23849,1.23993,21595
2023-09-15 20:00:00,1.23992,1.23994,1.23787,1.23847,7309
2023-09-18 00:00:00,1.23804,1.24021,1.23803,1.23997,2518
2023-09-18 04:00:00,1.23999,1.24041,1.2386,1.23959,4588
2023-09-18 08:00:00,1.23959,1.24047,1.23701,1.23806,9827
2023-09-18 12:00:00,1.23804,1.24105,1.23772,1.23809,10006
2023-09-18 16:00:00,1.23809,1.2405,1.23729,1.23952,14224
2023-09-18 20:00:00,1.23953,1.23992,1.2374100000000001,1.23854,5020
2023-09-19 00:00:00,1.2383899999999999,1.23913,1.23799,1.23821,2784
2023-09-19 04:00:00,1.23823,1.23834,1.2375099999999999,1.23782,4535
2023-09-19 08:00:00,1.23783,1.23927,1.23699,1.2376,10506
2023-09-19 12:00:00,1.23758,1.24247,1.2371,1.2405599999999999,12191
2023-09-19 16:00:00,1.24055,1.24067,1.23821,1.2387,15002
2023-09-19 20:00:00,1.23871,1.23968,1.23858,1.23923,5128
2023-09-20 00:00:00,1.23891,1.23969,1.23841,1.23897,2580
2023-09-20 04:00:00,1.23899,1.23935,1.23822,1.23882,7135
2023-09-20 08:00:00,1.23884,1.23954,1.2333,1.23687,14162
2023-09-20 12:00:00,1.23696,1.23805,1.23576,1.23765,10359
2023-09-20 16:00:00,1.23764,1.24215,1.23755,1.2417,14794
2023-09-20 20:00:00,1.2417,1.2417,1.23319,1.23445,22023
2023-09-21 00:00:00,1.23369,1.23467,1.2310699999999999,1.23132,4993
2023-09-21 04:00:00,1.23136,1.23252,1.23042,1.23198,5519
2023-09-21 08:00:00,1.23201,1.23315,1.22946,1.23042,12746
2023-09-21 12:00:00,1.23039,1.23079,1.2230699999999999,1.22677,19161
2023-09-21 16:00:00,1.22678,1.23065,1.22574,1.22965,17638
2023-09-21 20:00:00,1.22966,1.23074,1.22883,1.2294100000000001,6692
2023-09-22 00:00:00,1.22923,1.22961,1.22813,1.2286299999999999,3295
2023-09-22 04:00:00,1.2286299999999999,1.2286299999999999,1.22728,1.22842,6431
2023-09-22 08:00:00,1.22842,1.22882,1.22359,1.22529,16872
2023-09-22 12:00:00,1.22529,1.22671,1.22328,1.22568,11993
2023-09-22 16:00:00,1.22571,1.22847,1.22503,1.2251400000000001,16080
2023-09-22 20:00:00,1.22512,1.22589,1.22304,1.22365,6203
2023-09-25 00:00:00,1.22492,1.22503,1.22337,1.22487,9974
2023-09-25 04:00:00,1.22487,1.22495,1.22365,1.22417,3499
2023-09-25 08:00:00,1.22417,1.22504,1.2218,1.22203,9850
2023-09-25 12:00:00,1.22203,1.22435,1.2212399999999999,1.22171,10968
2023-09-25 16:00:00,1.22168,1.22207,1.21938,1.22113,16436
2023-09-25 20:00:00,1.2211400000000001,1.22222,1.22054,1.22115,5841
2023-09-26 00:00:00,1.22123,1.22156,1.22037,1.22058,3439
2023-09-26 04:00:00,1.22054,1.22091,1.21936,1.22051,5187
2023-09-26 08:00:00,1.22051,1.22071,1.2167,1.21848,13168
2023-09-26 12:00:00,1.21848,1.2194099999999999,1.21699,1.21909,12567
2023-09-26 16:00:00,1.21908,1.21919,1.21593,1.21712,15529
2023-09-26 20:00:00,1.21712,1.21759,1.21522,1.21546,5330
2023-09-27 00:00:00,1.21585,1.21605,1.21408,1.21421,3651
2023-09-27 04:00:00,1.21422,1.21574,1.21398,1.2147000000000001,7067
2023-09-27 08:00:00,1.21469,1.21642,1.21357,1.21494,10761
2023-09-27 12:00:00,1.21493,1.21561,1.21311,1.21447,13210
2023-09-27 16:00:00,1.21444,1.21591,1.21167,1.21244,18647
2023-09-27 20:00:00,1.21245,1.2153,1.21102,1.21353,11636
2023-09-28 00:00:00,1.21298,1.21445,1.21298,1.21438,4368
2023-09-28 04:00:00,1.21439,1.21454,1.21299,1.21401,6400
2023-09-28 08:00:00,1.21405,1.21742,1.21198,1.21715,12371
2023-09-28 12:00:00,1.21716,1.22239,1.21708,1.21776,14748
2023-09-28 16:00:00,1.21776,1.22245,1.21752,1.21994,20413
2023-09-28 20:00:00,1.21991,1.2205,1.21877,1.22041,8562
2023-09-29 00:00:00,1.2200199999999999,1.22107,1.21961,1.22013,2584
2023-09-29 04:00:00,1.22008,1.22282,1.2199200000000001,1.22223,5643
2023-09-29 08:00:00,1.22223,1.22542,1.22198,1.22353,12104
2023-09-29 12:00:00,1.22353,1.22716,1.22318,1.22596,14650
2023-09-29 16:00:00,1.22595,1.2263,1.21803,1.22054,22510
2023-09-29 20:00:00,1.2205300000000001,1.2208,1.21859,1.22019,9296
2023-10-02 00:00:00,1.21876,1.22058,1.21803,1.21879,4116
2023-10-02 04:00:00,1.21879,1.21954,1.21861,1.21867,3386
2023-10-02 08:00:00,1.21861,1.22199,1.21754,1.21871,11284
2023-10-02 12:00:00,1.21872,1.21879,1.21482,1.21513,12213
2023-10-02 16:00:00,1.21511,1.21522,1.2107700000000001,1.21081,20777
2023-10-02 20:00:00,1.2107999999999999,1.21271,1.20861,1.20878,10013
2023-10-03 00:00:00,1.20874,1.20928,1.20777,1.20863,4461
2023-10-03 04:00:00,1.20861,1.20879,1.20608,1.20641,6731
2023-10-03 08:00:00,1.2064,1.20967,1.20612,1.20875,11430
2023-10-03 12:00:00,1.2086999999999999,1.20889,1.20522,1.20739,13437
2023-10-03 16:00:00,1.20742,1.2101600000000001,1.20532,1.20749,28581
2023-10-03 20:00:00,1.20751,1.20913,1.20689,1.20777,8746
2023-10-04 00:00:00,1.2079,1.20843,1.20722,1.20806,3619
2023-10-04 04:00:00,1.20804,1.20817,1.20602,1.20816,4955
2023-10-04 08:00:00,1.20819,1.21156,1.20371,1.21135,12672
2023-10-04 12:00:00,1.21136,1.21766,1.21126,1.21696,16292
2023-10-04 16:00:00,1.21696,1.21737,1.21062,1.21518,22056
2023-10-04 20:00:00,1.21517,1.21566,1.21304,1.2137,8435
2023-10-05 00:00:00,1.21309,1.2151399999999999,1.21309,1.21498,4020
2023-10-05 04:00:00,1.21497,1.2163,1.21491,1.21559,6435
2023-10-05 08:00:00,1.21558,1.21616,1.21159,1.21225,10620
2023-10-05 12:00:00,1.21225,1.2156,1.21075,1.21305,14988
2023-10-05 16:00:00,1.21307,1.21878,1.21258,1.21795,21701
2023-10-05 20:00:00,1.21797,1.2196,1.21696,1.21921,7558
2023-10-06 00:00:00,1.21916,1.21928,1.21808,1.21811,3459
2023-10-06 04:00:00,1.2180900000000001,1.21888,1.2175799999999999,1.21767,4366
2023-10-06 08:00:00,1.21768,1.22068,1.2164,1.21985,11208
2023-10-06 12:00:00,1.21986,1.22198,1.21058,1.21225,18748
2023-10-06 16:00:00,1.21225,1.22614,1.21167,1.22338,31883
2023-10-06 20:00:00,1.22337,1.22552,1.22308,1.22334,8056
2023-10-09 00:00:00,1.22334,1.22334,1.21944,1.22226,8533
2023-10-09 04:00:00,1.22225,1.22237,1.21919,1.21935,8311
2023-10-09 08:00:00,1.21935,1.22171,1.21637,1.2178,16544
2023-10-09 12:00:00,1.2178,1.21908,1.21629,1.21836,13288
2023-10-09 16:00:00,1.21837,1.22207,1.21836,1.21975,17835
2023-10-09 20:00:00,1.21974,1.22443,1.21973,1.2237,9189
2023-10-10 00:00:00,1.22375,1.22547,1.22312,1.22471,5463
2023-10-10 04:00:00,1.22472,1.22568,1.22244,1.22265,7746
2023-10-10 08:00:00,1.22268,1.22756,1.22116,1.22709,20450
2023-10-10 12:00:00,1.22709,1.22757,1.22353,1.22495,21239
2023-10-10 16:00:00,1.22493,1.22915,1.22384,1.2291,24612
2023-10-10 20:00:00,1.2291,1.22913,1.22635,1.22868,10145
2023-10-11 00:00:00,1.22839,1.23035,1.22743,1.2298499999999999,4971
2023-10-11 04:00:00,1.22984,1.23011,1.22873,1.22925,6467
2023-10-11 08:00:00,1.22925,1.2304,1.22695,1.22806,18853
2023-10-11 12:00:00,1.22806,1.23154,1.2268,1.2312400000000001,23891
2023-10-11 16:00:00,1.23123,1.2337500000000001,1.22885,1.22964,29140
2023-10-11 20:00:00,1.22964,1.23145,1.22751,1.23129,12189
2023-10-12 00:00:00,1.23121,1.23197,1.2308,1.2313,4151
2023-10-12 04:00:00,1.23129,1.2323,1.2310699999999999,1.23189,6988
2023-10-12 08:00:00,1.2319,1.23314,1.22926,1.22959,16871
2023-10-12 12:00:00,1.22959,1.23148,1.22516,1.22623,21638
2023-10-12 16:00:00,1.22622,1.227,1.21987,1.22012,28751
2023-10-12 20:00:00,1.22007,1.22021,1.21715,1.21739,13599
2023-10-13 00:00:00,1.21765,1.21897,1.21709,1.21873,4646
2023-10-13 04:00:00,1.21874,1.22077,1.21863,1.22033,6206
2023-10-13 08:00:00,1.22033,1.22252,1.21847,1.22139,16243
2023-10-13 12:00:00,1.22139,1.22141,1.21597,1.21885,22334
2023-10-13 16:00:00,1.21885,1.21938,1.21312,1.21366,20515
2023-10-13 20:00:00,1.21366,1.21416,1.21225,1.2137,9019
2023-10-16 00:00:00,1.21421,1.21573,1.21337,1.21469,5048
2023-10-16 04:00:00,1.2147000000000001,1.21619,1.2147000000000001,1.21601,4932
2023-10-16 08:00:00,1.21601,1.2178,1.21516,1.21596,13579
2023-10-16 12:00:00,1.21597,1.21842,1.21428,1.21763,14922
2023-10-16 16:00:00,1.21766,1.22052,1.21533,1.21997,16216
2023-10-16 20:00:00,1.21996,1.22195,1.21985,1.22172,7214
2023-10-17 00:00:00,1.22035,1.22165,1.22024,1.22095,3401
2023-10-17 04:00:00,1.22094,1.22094,1.2193,1.21964,5702
2023-10-17 08:00:00,1.21966,1.22009,1.21497,1.21547,12888
2023-10-17 12:00:00,1.21547,1.21909,1.21329,1.21406,17868
2023-10-17 16:00:00,1.21407,1.22119,1.21366,1.21915,23624
2023-10-17 20:00:00,1.21913,1.21934,1.21709,1.21833,9082
2023-10-18 00:00:00,1.21787,1.21841,1.21582,1.21627,4390
2023-10-18 04:00:00,1.21624,1.21839,1.21587,1.21805,6980
2023-10-18 08:00:00,1.21804,1.22109,1.21778,1.21997,16150
2023-10-18 12:00:00,1.21996,1.22102,1.21714,1.21763,18177
2023-10-18 16:00:00,1.21765,1.21865,1.21376,1.21527,23292
2023-10-18 20:00:00,1.21528,1.21762,1.21372,1.21399,12986
2023-10-19 00:00:00,1.2141,1.21463,1.21361,1.21416,5639
2023-10-19 04:00:00,1.21417,1.2145,1.2123599999999999,1.21255,8155
2023-10-19 08:00:00,1.21256,1.2145,1.21018,1.21068,15404
2023-10-19 12:00:00,1.21067,1.21446,1.20898,1.21412,16770
2023-10-19 16:00:00,1.21414,1.21917,1.21254,1.2174,29925
2023-10-19 20:00:00,1.21741,1.21829,1.21377,1.2141,19676
2023-10-20 00:00:00,1.21428,1.2145299999999999,1.21222,1.21256,5414
2023-10-20 04:00:00,1.21255,1.21444,1.21177,1.21342,8494
2023-10-20 08:00:00,1.21342,1.21384,1.2093099999999999,1.21239,16041
2023-10-20 12:00:00,1.21238,1.21493,1.2113800000000001,1.21411,15768
2023-10-20 16:00:00,1.21405,1.21611,1.21313,1.21542,21031
2023-10-20 20:00:00,1.21544,1.21702,1.21491,1.21637,11887
2023-10-23 00:00:00,1.21538,1.21662,1.21534,1.21624,3864
2023-10-23 04:00:00,1.21624,1.21625,1.21439,1.21494,5101
2023-10-23 08:00:00,1.21492,1.2185,1.21457,1.21618,13715
2023-10-23 12:00:00,1.21617,1.21828,1.21433,1.21644,15615
2023-10-23 16:00:00,1.21644,1.2237,1.21502,1.2234,20282
2023-10-23 20:00:00,1.22339,1.22586,1.22275,1.22466,10056
2023-10-24 00:00:00,1.22409,1.22569,1.22348,1.22549,4243
2023-10-24 04:00:00,1.22552,1.2274,1.22484,1.22652,8382
2023-10-24 08:00:00,1.22653,1.22886,1.22433,1.2263600000000001,15487
2023-10-24 12:00:00,1.2263600000000001,1.2263600000000001,1.21977,1.22036,14979
2023-10-24 16:00:00,1.22037,1.22069,1.2153100000000001,1.21584,20641
2023-10-24 20:00:00,1.21585,1.21677,1.21556,1.21589,8179
2023-10-25 00:00:00,1.2159,1.21689,1.21545,1.2166,4869
2023-10-25 04:00:00,1.2166,1.21753,1.2163599999999999,1.21752,5614
2023-10-25 08:00:00,1.21752,1.21759,1.2133099999999999,1.21383,11460
2023-10-25 12:00:00,1.2138200000000001,1.21388,1.21139,1.21305,12467
2023-10-25 16:00:00,1.21309,1.21563,1.21219,1.21272,20927
2023-10-25 20:00:00,1.21273,1.213,1.21069,1.21073,10460
2023-10-26 00:00:00,1.21096,1.21137,1.20876,1.20905,4903
2023-10-26 04:00:00,1.20909,1.20993,1.20766,1.20797,7807
2023-10-26 08:00:00,1.20796,1.2096,1.20692,1.20794,13087
2023-10-26 12:00:00,1.20795,1.21237,1.20742,1.21237,15261
2023-10-26 16:00:00,1.2123599999999999,1.21337,1.20978,1.21047,23010
2023-10-26 20:00:00,1.21046,1.21395,1.21041,1.21277,11958
2023-10-27 00:00:00,1.21232,1.21393,1.21217,1.21274,4664
2023-10-27 04:00:00,1.21274,1.2139,1.2122,1.21375,6721
2023-10-27 08:00:00,1.21375,1.21414,1.21115,1.21283,11624
2023-10-27 12:00:00,1.21279,1.21473,1.21055,1.2131,13608
2023-10-27 16:00:00,1.2131,1.21625,1.21242,1.2132,21906
2023-10-27 20:00:00,1.21317,1.2132,1.21105,1.21211,14626
2023-10-30 00:00:00,1.21162,1.21239,1.2106,1.2110400000000001,4701
2023-10-30 04:00:00,1.2110400000000001,1.21217,1.21064,1.21164,5262
2023-10-30 08:00:00,1.21162,1.21333,1.209,1.21047,9837
2023-10-30 12:00:00,1.21048,1.21447,1.21048,1.21428,12963
2023-10-30 16:00:00,1.2143,1.2165,1.21201,1.21493,19876
2023-10-30 20:00:00,1.21495,1.21744,1.2141899999999999,1.2169,7852
2023-10-31 00:00:00,1.21634,1.21693,1.2157,1.21598,4618
2023-10-31 04:00:00,1.21599,1.21603,1.21367,1.21401,9161
2023-10-31 08:00:00,1.214,1.21737,1.21388,1.2172,11348
2023-10-31 12:00:00,1.21721,1.22004,1.21557,1.21591,15421
2023-10-31 16:00:00,1.21588,1.21591,1.21195,1.21337,23247
2023-10-31 20:00:00,1.21338,1.21554,1.2133099999999999,1.21461,9466
2023-11-01 00:00:00,1.21448,1.21545,1.2134,1.21393,4146
2023-11-01 04:00:00,1.21391,1.21483,1.2134,1.21376,6114
2023-11-01 08:00:00,1.21377,1.21611,1.21313,1.2144,10018
2023-11-01 12:00:00,1.2144,1.21545,1.21193,1.21222,16997
2023-11-01 16:00:00,1.21222,1.21642,1.20956,1.21217,25298
2023-11-01 20:00:00,1.21217,1.2156500000000001,1.20973,1.21522,22175
2023-11-02 00:00:00,1.21346,1.21938,1.21346,1.21938,6261
2023-11-02 04:00:00,1.21939,1.2196500000000001,1.21776,1.21779,8000
2023-11-02 08:00:00,1.21781,1.21853,1.21552,1.2163599999999999,10985
2023-11-02 12:00:00,1.21638,1.22251,1.21573,1.22154,18652
2023-11-02 16:00:00,1.22154,1.22254,1.21675,1.21789,23014
2023-11-02 20:00:00,1.21792,1.22095,1.21774,1.22013,9871
2023-11-03 00:00:00,1.22008,1.22073,1.21848,1.21893,4001
2023-11-03 04:00:00,1.21894,1.22044,1.2184300000000001,1.22004,6690
2023-11-03 08:00:00,1.22003,1.22138,1.21857,1.21935,9784
2023-11-03 12:00:00,1.21936,1.23179,1.2190400000000001,1.23128,18558
2023-11-03 16:00:00,1.23127,1.23866,1.22978,1.23824,30353
2023-11-03 20:00:00,1.23826,1.23895,1.2371699999999999,1.23795,11074
2023-11-06 00:00:00,1.23686,1.23776,1.23643,1.2368999999999999,5739
2023-11-06 04:00:00,1.23692,1.23816,1.23687,1.23783,4965
2023-11-06 08:00:00,1.23783,1.24234,1.23764,1.23986,11536
2023-11-06 12:00:00,1.23996,1.24285,1.23826,1.2385,13379
2023-11-06 16:00:00,1.23851,1.2401200000000001,1.23702,1.23713,15649
2023-11-06 20:00:00,1.23712,1.23727,1.23381,1.23427,8357
2023-11-07 00:00:00,1.2341199999999999,1.23471,1.2334,1.23383,4820
2023-11-07 04:00:00,1.23385,1.23415,1.23266,1.23338,7628
2023-11-07 08:00:00,1.23338,1.23367,1.23016,1.23035,12591
2023-11-07 12:00:00,1.23034,1.23128,1.22752,1.23006,14571
2023-11-07 16:00:00,1.23006,1.23116,1.22622,1.22716,18588
2023-11-07 20:00:00,1.22716,1.23069,1.22693,1.22992,9727
2023-11-08 00:00:00,1.22983,1.23025,1.22777,1.22851,5122
2023-11-08 04:00:00,1.2285300000000001,1.22961,1.2274,1.22749,6998
2023-11-08 08:00:00,1.2275,1.22786,1.22416,1.22481,12731
2023-11-08 12:00:00,1.22483,1.22689,1.22428,1.22642,12613
2023-11-08 16:00:00,1.22642,1.23011,1.2262,1.22922,19107
2023-11-08 20:00:00,1.22923,1.23013,1.22812,1.22854,11912
2023-11-09 00:00:00,1.22837,1.22925,1.22744,1.22879,5817
2023-11-09 04:00:00,1.22878,1.2294,1.22777,1.22779,6834
2023-11-09 08:00:00,1.22779,1.23085,1.22694,1.22999,14394
2023-11-09 12:00:00,1.22995,1.23048,1.22516,1.2272,15227
2023-11-09 16:00:00,1.22721,1.22953,1.2264,1.22667,19401
2023-11-09 20:00:00,1.22664,1.22683,1.2212399999999999,1.2222,21253
2023-11-10 00:00:00,1.22194,1.22281,1.2211400000000001,1.2224,7926
2023-11-10 04:00:00,1.2224,1.22289,1.22191,1.22263,5938
2023-11-10 08:00:00,1.22265,1.22376,1.22061,1.2217,13567
2023-11-10 12:00:00,1.22171,1.223,1.22001,1.22241,14206
2023-11-10 16:00:00,1.22242,1.22249,1.21871,1.22168,19848
2023-11-10 20:00:00,1.22168,1.22311,1.22125,1.2223600000000001,8219
2023-11-13 00:00:00,1.22188,1.22356,1.22066,1.22355,4277
2023-11-13 04:00:00,1.22356,1.2236,1.2223,1.22298,3964
2023-11-13 08:00:00,1.22292,1.22532,1.2227999999999999,1.22437,11088
2023-11-13 12:00:00,1.22438,1.22556,1.22354,1.22466,10797
2023-11-13 16:00:00,1.22467,1.22772,1.2229700000000001,1.22684,15547
2023-11-13 20:00:00,1.22683,1.22803,1.22618,1.22799,6895
2023-11-14 00:00:00,1.2267000000000001,1.22807,1.22649,1.2273,4865
2023-11-14 04:00:00,1.2273100000000001,1.2276,1.22651,1.22691,5117
2023-11-14 08:00:00,1.22691,1.23029,1.2268,1.2302,10871
2023-11-14 12:00:00,1.2302,1.2407,1.22759,1.2401,16229
2023-11-14 16:00:00,1.24008,1.2493,1.24005,1.24927,25949
2023-11-14 20:00:00,1.24926,1.2505899999999999,1.24836,1.2498,7026
2023-11-15 00:00:00,1.2497099999999999,1.25009,1.2479,1.24847,5821
2023-11-15 04:00:00,1.24847,1.24977,1.248,1.24886,5750
2023-11-15 08:00:00,1.24885,1.24937,1.24532,1.24628,14569
2023-11-15 12:00:00,1.2462900000000001,1.24801,1.24252,1.24425,16764
2023-11-15 16:00:00,1.24425,1.24539,1.2404,1.2422900000000001,21549
2023-11-15 20:00:00,1.24228,1.2422900000000001,1.24067,1.24153,8474
2023-11-16 00:00:00,1.24109,1.24242,1.24003,1.24036,5735
2023-11-16 04:00:00,1.24042,1.24042,1.238,1.2395100000000001,5558
2023-11-16 08:00:00,1.2395100000000001,1.24133,1.2376,1.24008,12649
2023-11-16 12:00:00,1.24007,1.24416,1.2382,1.24415,14765
2023-11-16 16:00:00,1.24415,1.24559,1.2410700000000001,1.24254,21323
2023-11-16 20:00:00,1.24253,1.24316,1.24058,1.24145,6847
2023-11-17 00:00:00,1.24057,1.24222,1.24032,1.24129,4146
2023-11-17 04:00:00,1.2413,1.24164,1.24037,1.2414,5257
2023-11-17 08:00:00,1.2414100000000001,1.24186,1.23738,1.24096,14551
2023-11-17 12:00:00,1.24096,1.24401,1.2408,1.24214,15861
2023-11-17 16:00:00,1.24214,1.24374,1.24047,1.24358,21131
2023-11-17 20:00:00,1.24358,1.24649,1.24332,1.24627,8035
2023-11-20 00:00:00,1.24482,1.24692,1.24457,1.24681,6400
2023-11-20 04:00:00,1.24678,1.24952,1.24665,1.24802,7436
2023-11-20 08:00:00,1.24803,1.25101,1.24711,1.25099,14033
2023-11-20 12:00:00,1.251,1.251,1.2461,1.24733,12618
2023-11-20 16:00:00,1.24734,1.25174,1.2462,1.2500499999999999,15007
2023-11-20 20:00:00,1.2500499999999999,1.25173,1.24983,1.2505,7751
2023-11-21 00:00:00,1.24986,1.25245,1.2494,1.2517,6452
2023-11-21 04:00:00,1.25168,1.25401,1.2512400000000001,1.25263,7484
2023-11-21 08:00:00,1.25262,1.25412,1.25196,1.25309,14027
2023-11-21 12:00:00,1.25309,1.25591,1.25271,1.2539500000000001,14044
2023-11-21 16:00:00,1.25396,1.25539,1.25266,1.25469,19152
2023-11-21 20:00:00,1.25468,1.25473,1.25173,1.25363,9727
2023-11-22 00:00:00,1.25316,1.2549299999999999,1.2523,1.25352,5173
2023-11-22 04:00:00,1.25352,1.25443,1.25236,1.25251,4832
2023-11-22 08:00:00,1.25251,1.25373,1.25065,1.25292,14408
2023-11-22 12:00:00,1.2529,1.25487,1.25091,1.25149,17090
2023-11-22 16:00:00,1.25157,1.25166,1.24489,1.24789,21409
2023-11-22 20:00:00,1.24792,1.2496800000000001,1.24781,1.24956,7023
2023-11-23 00:00:00,1.24874,1.24967,1.24867,1.24957,3992
2023-11-23 04:00:00,1.24957,1.25128,1.2495,1.25114,4666
2023-11-23 08:00:00,1.25115,1.2570000000000001,1.25012,1.2558099999999999,13921
2023-11-23 12:00:00,1.25582,1.25628,1.25326,1.25373,10172
2023-11-23 16:00:00,1.25372,1.25435,1.25251,1.25316,7373
2023-11-23 20:00:00,1.25315,1.2538,1.2530700000000001,1.2536,2034
2023-11-24 00:00:00,1.25292,1.25447,1.25243,1.25327,4631
2023-11-24 04:00:00,1.25327,1.25458,1.2524199999999999,1.25453,4723
2023-11-24 08:00:00,1.25454,1.25661,1.25262,1.25494,9679
2023-11-24 12:00:00,1.25494,1.25799,1.25461,1.25772,11772
2023-11-24 16:00:00,1.25774,1.26154,1.25756,1.26075,13682
2023-11-24 20:00:00,1.2607300000000001,1.26111,1.2596,1.26019,9415
2023-11-27 00:00:00,1.25937,1.26101,1.25913,1.26032,4897
2023-11-27 04:00:00,1.26033,1.26126,1.25908,1.26109,6303
2023-11-27 08:00:00,1.26109,1.26269,1.26038,1.26087,10803
2023-11-27 12:00:00,1.26089,1.26441,1.26019,1.26255,13465
2023-11-27 16:00:00,1.26254,1.26287,1.26006,1.26037,17766
2023-11-27 20:00:00,1.26036,1.26339,1.26019,1.26299,7333
2023-11-28 00:00:00,1.26275,1.26419,1.26203,1.26346,5958
2023-11-28 04:00:00,1.26345,1.26411,1.26218,1.26257,6149
2023-11-28 08:00:00,1.2625600000000001,1.26331,1.2606600000000001,1.2628599999999999,11407
2023-11-28 12:00:00,1.26287,1.26485,1.2608,1.26425,13242
2023-11-28 16:00:00,1.26425,1.2715,1.2635399999999999,1.26922,26295
2023-11-28 20:00:00,1.26924,1.27013,1.26728,1.26978,11018
2023-11-29 00:00:00,1.26931,1.27331,1.2690000000000001,1.27185,8311
2023-11-29 04:00:00,1.27185,1.27225,1.27058,1.2713,7819
2023-11-29 08:00:00,1.27129,1.27216,1.26738,1.26806,15082
2023-11-29 12:00:00,1.26806,1.2708599999999999,1.26739,1.26864,19446
2023-11-29 16:00:00,1.26862,1.2711000000000001,1.26647,1.26978,21211
2023-11-29 20:00:00,1.26979,1.27273,1.2690299999999999,1.2694,7945
2023-11-30 00:00:00,1.26916,1.27048,1.2687300000000001,1.26928,5482
2023-11-30 04:00:00,1.26929,1.27057,1.26905,1.26986,5805
2023-11-30 08:00:00,1.26985,1.27105,1.26482,1.26489,15320
2023-11-30 12:00:00,1.26487,1.26792,1.26223,1.2625,18479
2023-11-30 16:00:00,1.2625199999999999,1.26638,1.26032,1.2619799999999999,28377
2023-11-30 20:00:00,1.26199,1.26373,1.26122,1.26253,8764
2023-12-01 00:00:00,1.26167,1.26553,1.26129,1.2652999999999999,7555
2023-12-01 04:00:00,1.2652999999999999,1.2656399999999999,1.26329,1.26444,6254
2023-12-01 08:00:00,1.2644199999999999,1.2674699999999999,1.26288,1.26678,13237
2023-12-01 12:00:00,1.26674,1.26682,1.26272,1.26296,12850
2023-12-01 16:00:00,1.26294,1.26962,1.26138,1.26946,28046
2023-12-01 20:00:00,1.26947,1.2716,1.2692,1.27098,11323
2023-12-04 00:00:00,1.27021,1.27244,1.26672,1.26764,11996
2023-12-04 04:00:00,1.26764,1.26867,1.2671299999999999,1.26772,7176
2023-12-04 08:00:00,1.2677399999999999,1.26852,1.2656399999999999,1.26738,15111
2023-12-04 12:00:00,1.26739,1.2687599999999999,1.26528,1.26566,16313
2023-12-04 16:00:00,1.26567,1.26573,1.26037,1.26223,25072
2023-12-04 20:00:00,1.26223,1.2634400000000001,1.26052,1.26319,8262
2023-12-05 00:00:00,1.26265,1.26444,1.26237,1.26361,6619
2023-12-05 04:00:00,1.26363,1.26414,1.26277,1.26389,5623
2023-12-05 08:00:00,1.26392,1.26397,1.26059,1.26314,14981
2023-12-05 12:00:00,1.2631299999999999,1.26455,1.2616399999999999,1.26365,15113
2023-12-05 16:00:00,1.26363,1.26516,1.25821,1.2595,27734
2023-12-05 20:00:00,1.25952,1.25967,1.25772,1.25945,8886
2023-12-06 00:00:00,1.25914,1.26082,1.25853,1.26025,5312
2023-12-06 04:00:00,1.26024,1.26135,1.26,1.26108,5540
2023-12-06 08:00:00,1.26109,1.26114,1.25912,1.26001,12165
2023-12-06 12:00:00,1.26001,1.26092,1.25815,1.2598799999999999,17125
2023-12-06 16:00:00,1.2598799999999999,1.26047,1.25762,1.2581,21123
2023-12-06 20:00:00,1.25808,1.25835,1.25516,1.2558799999999999,7651
2023-12-07 00:00:00,1.25565,1.2564899999999999,1.25532,1.25593,5595
2023-12-07 04:00:00,1.25595,1.2562,1.25444,1.25499,6237
2023-12-07 08:00:00,1.25501,1.25892,1.25462,1.25861,15924
2023-12-07 12:00:00,1.2586300000000001,1.25937,1.25501,1.2583199999999999,19896
2023-12-07 16:00:00,1.25833,1.26125,1.25451,1.26027,24379
2023-12-07 20:00:00,1.26027,1.26027,1.25831,1.25908,10458
2023-12-08 00:00:00,1.25836,1.26011,1.25788,1.25905,8733
2023-12-08 04:00:00,1.25904,1.25979,1.25861,1.25878,8763
2023-12-08 08:00:00,1.25879,1.25896,1.25545,1.25571,15725
2023-12-08 12:00:00,1.25571,1.25866,1.25113,1.25452,18628
2023-12-08 16:00:00,1.25452,1.25619,1.2502,1.25455,27138
2023-12-08 20:00:00,1.25452,1.25558,1.25431,1.25481,9258
2023-12-11 00:00:00,1.25306,1.2558500000000001,1.25277,1.25458,7007
2023-12-11 04:00:00,1.25457,1.2547,1.25347,1.25416,4956
2023-12-11 08:00:00,1.2542,1.2560799999999999,1.25348,1.25536,12122
2023-12-11 12:00:00,1.25536,1.25906,1.25534,1.2581,12225
2023-12-11 16:00:00,1.2581,1.25819,1.2539799999999999,1.25403,15261
2023-12-11 20:00:00,1.25401,1.25677,1.2538,1.25541,7537
2023-12-12 00:00:00,1.25509,1.25693,1.25501,1.25651,5434
2023-12-12 04:00:00,1.25651,1.25836,1.25632,1.25757,5619
2023-12-12 08:00:00,1.25757,1.25842,1.25427,1.25654,12284
2023-12-12 12:00:00,1.25654,1.26151,1.25393,1.2543,16750
2023-12-12 16:00:00,1.25427,1.25713,1.2514,1.25453,22188
2023-12-12 20:00:00,1.25452,1.25719,1.25427,1.25647,8749
2023-12-13 00:00:00,1.2563900000000001,1.25711,1.25479,1.2558799999999999,5819
2023-12-13 04:00:00,1.2558799999999999,1.25603,1.2548,1.25571,4683
2023-12-13 08:00:00,1.2557,1.25587,1.25171,1.25261,12155
2023-12-13 12:00:00,1.25259,1.25478,1.25096,1.25393,12558
2023-12-13 16:00:00,1.25394,1.25477,1.25053,1.2508,15376
2023-12-13 20:00:00,1.25073,1.2634400000000001,1.25001,1.26157,26289
2023-12-14 00:00:00,1.26178,1.2642,1.26125,1.26407,9936
2023-12-14 04:00:00,1.2641,1.26523,1.2629000000000001,1.26353,12511
2023-12-14 08:00:00,1.26355,1.26709,1.26118,1.26677,20655
2023-12-14 12:00:00,1.26676,1.27325,1.2652,1.27271,24994
2023-12-14 16:00:00,1.27271,1.27939,1.27026,1.27838,27866
2023-12-14 20:00:00,1.2784,1.27841,1.2747899999999999,1.27644,10636
2023-12-15 00:00:00,1.27624,1.27717,1.2747,1.27546,7921
2023-12-15 04:00:00,1.27546,1.27739,1.27545,1.2759,10756
2023-12-15 08:00:00,1.2759,1.2776,1.274,1.27744,17334
2023-12-15 12:00:00,1.27745,1.2790599999999999,1.26987,1.27107,18039
2023-12-15 16:00:00,1.27107,1.27298,1.2685,1.2704900000000001,23347
2023-12-15 20:00:00,1.2704900000000001,1.27051,1.2668300000000001,1.2674400000000001,12056
2023-12-18 00:00:00,1.26802,1.2684199999999999,1.26574,1.26816,6055
2023-12-18 04:00:00,1.2681499999999999,1.26994,1.26814,1.26933,5600
2023-12-18 08:00:00,1.26935,1.27042,1.26651,1.26668,12160
2023-12-18 12:00:00,1.26669,1.26787,1.26455,1.26672,15944
2023-12-18 16:00:00,1.26673,1.26705,1.2628599999999999,1.2652999999999999,18429
2023-12-18 20:00:00,1.26531,1.26533,1.26336,1.26471,8998
2023-12-19 00:00:00,1.26406,1.26628,1.26315,1.2652700000000001,6247
2023-12-19 04:00:00,1.26528,1.26646,1.2649599999999999,1.2658,8336
2023-12-19 08:00:00,1.26578,1.27013,1.26511,1.2699,15136
2023-12-19 12:00:00,1.26989,1.27465,1.26932,1.27432,14167
2023-12-19 16:00:00,1.27433,1.27616,1.27251,1.2735699999999999,18864
2023-12-19 20:00:00,1.27356,1.27387,1.27159,1.27308,8288
2023-12-20 00:00:00,1.27258,1.2734,1.27158,1.27195,7290
2023-12-20 04:00:00,1.27195,1.27257,1.2717100000000001,1.27221,6122
2023-12-20 08:00:00,1.27222,1.27222,1.26475,1.2678099999999999,16396
2023-12-20 12:00:00,1.26783,1.26794,1.26294,1.2661,15343
2023-12-20 16:00:00,1.2661,1.2682,1.26524,1.26703,19255
2023-12-20 20:00:00,1.26702,1.2674,1.2624900000000001,1.26369,13760
2023-12-21 00:00:00,1.26385,1.26502,1.26266,1.26424,6657
2023-12-21 04:00:00,1.26422,1.26509,1.26303,1.2649599999999999,7948
2023-12-21 08:00:00,1.26497,1.26497,1.2612,1.26315,12265
2023-12-21 12:00:00,1.26314,1.26958,1.26214,1.26811,16259
2023-12-21 16:00:00,1.26811,1.26907,1.2643,1.26641,27210
2023-12-21 20:00:00,1.26643,1.26924,1.26586,1.26919,12650
2023-12-22 00:00:00,1.26824,1.26922,1.26736,1.26811,6778
2023-12-22 04:00:00,1.2681,1.26917,1.26798,1.26853,8789
2023-12-22 08:00:00,1.26854,1.27138,1.26796,1.26863,13677
2023-12-22 12:00:00,1.26861,1.27434,1.2686,1.27346,18493
2023-12-22 16:00:00,1.27348,1.27441,1.26978,1.2709,23904
2023-12-22 20:00:00,1.2709,1.27099,1.26898,1.26973,11373
2023-12-26 00:00:00,1.26856,1.27119,1.26856,1.27062,4616
2023-12-26 04:00:00,1.27062,1.27131,1.27021,1.27058,6355
2023-12-26 08:00:00,1.2705899999999999,1.27081,1.26865,1.2691,7368
2023-12-26 12:00:00,1.26909,1.27118,1.26844,1.27041,11018
2023-12-26 16:00:00,1.27042,1.272,1.2701500000000001,1.27067,10384
2023-12-26 20:00:00,1.27068,1.2730000000000001,1.27051,1.27251,7529
2023-12-27 00:00:00,1.27219,1.27299,1.27114,1.2725,4799
2023-12-27 04:00:00,1.27252,1.27326,1.272,1.27322,4984
2023-12-27 08:00:00,1.2732299999999999,1.2735400000000001,1.26987,1.27203,10950
2023-12-27 12:00:00,1.27204,1.27596,1.27101,1.2755,11595
2023-12-27 16:00:00,1.27549,1.28023,1.27441,1.27896,16693
2023-12-27 20:00:00,1.27897,1.28018,1.27833,1.27995,9562
2023-12-28 00:00:00,1.27943,1.28138,1.27885,1.28128,4915
2023-12-28 04:00:00,1.28129,1.28162,1.28014,1.2809,5805
2023-12-28 08:00:00,1.28091,1.28274,1.27908,1.27945,12534
2023-12-28 12:00:00,1.2794400000000001,1.28054,1.27382,1.27416,14399
2023-12-28 16:00:00,1.2741799999999999,1.27751,1.27289,1.2739099999999999,18004
2023-12-28 20:00:00,1.2739099999999999,1.27398,1.27123,1.2731,8689
2023-12-29 00:00:00,1.2726600000000001,1.27469,1.27203,1.27365,5374
2023-12-29 04:00:00,1.2736399999999999,1.2763499999999999,1.2732299999999999,1.27626,6878
2023-12-29 08:00:00,1.27626,1.27728,1.27003,1.27055,11005
2023-12-29 12:00:00,1.27055,1.27495,1.27042,1.27207,14415
2023-12-29 16:00:00,1.27206,1.27667,1.27011,1.27623,19899
2023-12-29 20:00:00,1.27623,1.27623,1.27331,1.2734,10314
2024-01-02 00:00:00,1.27198,1.27353,1.27176,1.2720799999999999,6668
2024-01-02 04:00:00,1.2720799999999999,1.27408,1.27096,1.27367,7162
2024-01-02 08:00:00,1.27368,1.27597,1.27173,1.27177,16248
2024-01-02 12:00:00,1.27176,1.27184,1.26213,1.26297,21311
2024-01-02 16:00:00,1.26296,1.26446,1.26106,1.26329,24538
2024-01-02 20:00:00,1.26329,1.2634699999999999,1.26157,1.26196,8995
2024-01-03 00:00:00,1.26187,1.2634,1.26136,1.26291,6289
2024-01-03 04:00:00,1.26291,1.26416,1.26263,1.26305,6265
2024-01-03 08:00:00,1.26304,1.26523,1.26244,1.2628,15304
2024-01-03 12:00:00,1.26279,1.2643,1.2618,1.26298,16122
2024-01-03 16:00:00,1.26299,1.26563,1.2616,1.26447,27172
2024-01-03 20:00:00,1.26447,1.26764,1.26307,1.26635,19210
2024-01-04 00:00:00,1.26673,1.26736,1.2659500000000001,1.26624,6028
2024-01-04 04:00:00,1.26623,1.26759,1.26567,1.26653,6265
2024-01-04 08:00:00,1.26654,1.27241,1.2665199999999999,1.27199,16990
2024-01-04 12:00:00,1.27198,1.2729599999999999,1.26703,1.26731,17138
2024-01-04 16:00:00,1.26731,1.27108,1.26647,1.26834,22475
2024-01-04 20:00:00,1.26834,1.26875,1.26737,1.26825,7333
2024-01-05 00:00:00,1.26767,1.26956,1.26759,1.2693699999999999,5823
2024-01-05 04:00:00,1.2693699999999999,1.26963,1.26737,1.26741,6289
2024-01-05 08:00:00,1.26741,1.26888,1.26571,1.26594,13095
2024-01-05 12:00:00,1.26597,1.2671299999999999,1.2610700000000001,1.26573,17360
2024-01-05 16:00:00,1.26575,1.27707,1.2655,1.27233,33122
2024-01-05 20:00:00,1.27233,1.27392,1.27101,1.27162,12240
2024-01-08 00:00:00,1.27092,1.27297,1.2708599999999999,1.27209,4122
2024-01-08 04:00:00,1.2721,1.2721,1.26979,1.27034,5551
2024-01-08 08:00:00,1.27035,1.27198,1.26732,1.26949,12865
2024-01-08 12:00:00,1.2695,1.27209,1.26932,1.27119,13632
2024-01-08 16:00:00,1.2711700000000001,1.2766899999999999,1.27092,1.2754699999999999,18368
2024-01-08 20:00:00,1.2754699999999999,1.2760500000000001,1.27397,1.2749,8192
2024-01-09 00:00:00,1.27482,1.27606,1.27402,1.27603,6840
2024-01-09 04:00:00,1.27602,1.27649,1.27378,1.27434,6390
2024-01-09 08:00:00,1.27437,1.27507,1.27243,1.27345,11322
2024-01-09 12:00:00,1.27344,1.27381,1.27071,1.27254,14205
2024-01-09 16:00:00,1.27253,1.27312,1.2689300000000001,1.27103,17853
2024-01-09 20:00:00,1.27102,1.2717399999999999,1.26918,1.271,10266
2024-01-10 00:00:00,1.27044,1.2718,1.27012,1.27106,5690
2024-01-10 04:00:00,1.27108,1.27126,1.2697,1.2701500000000001,5579
2024-01-10 08:00:00,1.27014,1.27288,1.26861,1.27256,12696
2024-01-10 12:00:00,1.27255,1.2736399999999999,1.2718,1.27244,12238
2024-01-10 16:00:00,1.27245,1.27412,1.27134,1.27338,15081
2024-01-10 20:00:00,1.27337,1.2744,1.27276,1.27413,9473
2024-01-11 00:00:00,1.27338,1.27613,1.27274,1.2760500000000001,5040
2024-01-11 04:00:00,1.27606,1.27712,1.2757800000000001,1.2763499999999999,7173
2024-01-11 08:00:00,1.27634,1.27741,1.27383,1.27397,11053
2024-01-11 12:00:00,1.27396,1.27773,1.27024,1.27101,18792
2024-01-11 16:00:00,1.27107,1.27538,1.26901,1.27204,37459
2024-01-11 20:00:00,1.27206,1.27667,1.27191,1.27618,18173
2024-01-12 00:00:00,1.2759800000000001,1.27817,1.27494,1.27801,8026
2024-01-12 04:00:00,1.27802,1.27844,1.27681,1.27725,9225
2024-01-12 08:00:00,1.27725,1.27795,1.27495,1.27525,13122
2024-01-12 12:00:00,1.27526,1.27683,1.27197,1.27552,19386
2024-01-12 16:00:00,1.27553,1.27854,1.27322,1.27394,26946
2024-01-12 20:00:00,1.2739500000000001,1.27564,1.27352,1.27493,10062
2024-01-15 00:00:00,1.27392,1.27499,1.27283,1.2742,7946
2024-01-15 04:00:00,1.2742,1.27655,1.2742,1.27528,7429
2024-01-15 08:00:00,1.27528,1.276,1.27183,1.27261,13237
2024-01-15 12:00:00,1.2726199999999999,1.27394,1.27128,1.27277,13149
2024-01-15 16:00:00,1.27279,1.2738399999999999,1.27131,1.27292,10987
2024-01-15 20:00:00,1.2729300000000001,1.27319,1.2726,1.27277,1497
2024-01-16 00:00:00,1.27263,1.27284,1.2679,1.26949,8401
2024-01-16 04:00:00,1.26949,1.2695,1.26766,1.26803,8362
2024-01-16 08:00:00,1.26804,1.2687,1.26352,1.26409,18299
2024-01-16 12:00:00,1.2640799999999999,1.26724,1.26202,1.26423,19289
2024-01-16 16:00:00,1.26424,1.26789,1.26242,1.26245,32331
2024-01-16 20:00:00,1.26247,1.26404,1.26192,1.26352,9520
2024-01-17 00:00:00,1.26359,1.2643,1.26306,1.26353,6627
2024-01-17 04:00:00,1.26356,1.26436,1.26058,1.2610000000000001,8274
2024-01-17 08:00:00,1.26101,1.26837,1.25963,1.2680500000000001,20811
2024-01-17 12:00:00,1.26802,1.2696100000000001,1.2641499999999999,1.26509,18043
2024-01-17 16:00:00,1.26507,1.26822,1.26383,1.2678099999999999,24777
2024-01-17 20:00:00,1.26782,1.26868,1.2662200000000001,1.26788,11886
2024-01-18 00:00:00,1.26763,1.26915,1.26693,1.26894,8896
2024-01-18 04:00:00,1.26894,1.26955,1.26775,1.26871,8685
2024-01-18 08:00:00,1.26872,1.27039,1.26737,1.26737,14819
2024-01-18 12:00:00,1.26737,1.26958,1.26501,1.26524,18340
2024-01-18 16:00:00,1.26523,1.26919,1.2648,1.2681200000000001,26242
2024-01-18 20:00:00,1.26813,1.27082,1.26769,1.27067,11084
2024-01-19 00:00:00,1.27064,1.27122,1.2699799999999999,1.27072,6129
2024-01-19 04:00:00,1.2707,1.27146,1.2696,1.2699,6365
2024-01-19 08:00:00,1.2699,1.27012,1.26655,1.26838,14446
2024-01-19 12:00:00,1.2684,1.26904,1.26699,1.26742,15065
2024-01-19 16:00:00,1.26743,1.26884,1.2661,1.26881,22564
2024-01-19 20:00:00,1.26883,1.27053,1.26821,1.2702,8510
2024-01-22 00:00:00,1.2684,1.27132,1.2684,1.27088,6597
2024-01-22 04:00:00,1.27089,1.27189,1.27065,1.27185,6190
2024-01-22 08:00:00,1.27186,1.27243,1.2686600000000001,1.2704900000000001,12337
2024-01-22 12:00:00,1.27044,1.27319,1.26983,1.2727,13288
2024-01-22 16:00:00,1.27271,1.2732700000000001,1.27088,1.27213,17137
2024-01-22 20:00:00,1.27213,1.27217,1.26975,1.27081,9850
2024-01-23 00:00:00,1.27045,1.27212,1.27017,1.27203,5552
2024-01-23 04:00:00,1.27204,1.27385,1.2715,1.2737,10560
2024-01-23 08:00:00,1.2737,1.27471,1.27202,1.27284,14632
2024-01-23 12:00:00,1.27288,1.27288,1.27001,1.2707899999999999,13712
2024-01-23 16:00:00,1.2707899999999999,1.2707899999999999,1.2649,1.26577,16796
2024-01-23 20:00:00,1.26579,1.26919,1.26569,1.2687599999999999,7513
2024-01-24 00:00:00,1.26777,1.26979,1.26754,1.26924,8032
2024-01-24 04:00:00,1.26925,1.27042,1.26854,1.27023,5686
2024-01-24 08:00:00,1.27023,1.2772999999999999,1.2699500000000001,1.27643,15723
2024-01-24 12:00:00,1.2764199999999999,1.27711,1.27281,1.2766600000000001,14957
2024-01-24 16:00:00,1.2766600000000001,1.27747,1.27336,1.2747899999999999,23606
2024-01-24 20:00:00,1.27478,1.27503,1.27132,1.27246,12198
2024-01-25 00:00:00,1.27209,1.2726199999999999,1.27034,1.2711999999999999,7195
2024-01-25 04:00:00,1.27118,1.27172,1.27071,1.27102,7772
2024-01-25 08:00:00,1.27103,1.27368,1.27088,1.2726,12656
2024-01-25 12:00:00,1.27261,1.2742499999999999,1.26971,1.2735400000000001,17213
2024-01-25 16:00:00,1.2736,1.2736,1.2681499999999999,1.2690000000000001,25918
2024-01-25 20:00:00,1.2690000000000001,1.27118,1.26859,1.27108,10818
2024-01-26 00:00:00,1.27017,1.27119,1.26984,1.27109,4413
2024-01-26 04:00:00,1.27071,1.27162,1.27021,1.27055,5270
2024-01-26 08:00:00,1.2705600000000001,1.27216,1.26755,1.27143,13356
2024-01-26 12:00:00,1.27145,1.27583,1.27143,1.27495,15035
2024-01-26 16:00:00,1.27474,1.27546,1.27061,1.27133,17517
2024-01-26 20:00:00,1.27132,1.27151,1.2698800000000001,1.27029,7578
2024-01-29 00:00:00,1.26971,1.27057,1.26902,1.27002,4437
2024-01-29 04:00:00,1.27003,1.2707899999999999,1.2695,1.2702,5262
2024-01-29 08:00:00,1.2702,1.2719,1.26984,1.27037,11132
2024-01-29 12:00:00,1.27036,1.27129,1.2683200000000001,1.26933,11654
2024-01-29 16:00:00,1.26933,1.2695699999999999,1.2662200000000001,1.2683200000000001,13926
2024-01-29 20:00:00,1.26834,1.2717399999999999,1.26767,1.27102,9146
2024-01-30 00:00:00,1.27067,1.2721,1.27041,1.27108,6075
2024-01-30 04:00:00,1.27108,1.2713700000000001,1.27037,1.27055,5825
2024-01-30 08:00:00,1.2705600000000001,1.27089,1.2671299999999999,1.26809,13133
2024-01-30 12:00:00,1.2680799999999999,1.26837,1.26626,1.2675,11812
2024-01-30 16:00:00,1.2675100000000001,1.26891,1.264,1.2680799999999999,20570
2024-01-30 20:00:00,1.26807,1.26999,1.26734,1.2699500000000001,7829
2024-01-31 00:00:00,1.26855,1.27003,1.26838,1.26843,7167
2024-01-31 04:00:00,1.2684199999999999,1.2684199999999999,1.26725,1.26776,8045
2024-01-31 08:00:00,1.26777,1.26973,1.26666,1.26697,13313
2024-01-31 12:00:00,1.26698,1.27125,1.26671,1.27055,17209
2024-01-31 16:00:00,1.2705600000000001,1.27505,1.27004,1.27184,28661
2024-01-31 20:00:00,1.27184,1.27392,1.26578,1.26862,30310
2024-02-01 00:00:00,1.26754,1.26884,1.26738,1.26795,7628
2024-02-01 04:00:00,1.26792,1.26977,1.26676,1.26676,8390
2024-02-01 08:00:00,1.26678,1.26741,1.26421,1.26559,15714
2024-02-01 12:00:00,1.2656,1.26857,1.26251,1.2659,20227
2024-02-01 16:00:00,1.26589,1.2739500000000001,1.26396,1.2736100000000001,28628
2024-02-01 20:00:00,1.2736100000000001,1.27557,1.27279,1.27437,12329
2024-02-02 00:00:00,1.27427,1.27548,1.2738800000000001,1.27458,6741
2024-02-02 04:00:00,1.27458,1.27542,1.2743,1.27494,7935
2024-02-02 08:00:00,1.27494,1.27676,1.2742200000000001,1.27576,13648
2024-02-02 12:00:00,1.27575,1.27721,1.26684,1.2671299999999999,17086
2024-02-02 16:00:00,1.26711,1.26734,1.2613699999999999,1.26183,26237
2024-02-02 20:00:00,1.26182,1.2643499999999999,1.26158,1.26333,10555
2024-02-05 00:00:00,1.26299,1.26318,1.2598799999999999,1.2610999999999999,10491
2024-02-05 04:00:00,1.2610999999999999,1.2614,1.25986,1.26114,10126
2024-02-05 08:00:00,1.26114,1.26295,1.26002,1.26009,13454
2024-02-05 12:00:00,1.2600799999999999,1.26033,1.25498,1.2552699999999999,13374
2024-02-05 16:00:00,1.25526,1.25616,1.2518,1.25359,17886
2024-02-05 20:00:00,1.25358,1.25439,1.2526,1.25359,8457
2024-02-06 00:00:00,1.25312,1.2548300000000001,1.25259,1.2546599999999999,5573
2024-02-06 04:00:00,1.25467,1.25569,1.25391,1.25522,9865
2024-02-06 08:00:00,1.25522,1.25654,1.25399,1.2542200000000001,14784
2024-02-06 12:00:00,1.2542200000000001,1.25721,1.25362,1.2564,15709
2024-02-06 16:00:00,1.2563900000000001,1.25995,1.25583,1.25948,21758
2024-02-06 20:00:00,1.25948,1.2603,1.25871,1.25977,12568
2024-02-07 00:00:00,1.2595399999999999,1.2612700000000001,1.25889,1.26104,6633
2024-02-07 04:00:00,1.26104,1.26123,1.2598099999999999,1.26057,8040
2024-02-07 08:00:00,1.26055,1.26373,1.25989,1.26331,14087
2024-02-07 12:00:00,1.26331,1.26399,1.26204,1.26253,11882
2024-02-07 16:00:00,1.26254,1.26418,1.2616100000000001,1.2623,21071
2024-02-07 20:00:00,1.2623,1.26343,1.26199,1.26277,9871
2024-02-08 00:00:00,1.26266,1.2636,1.2622,1.26334,6202
2024-02-08 04:00:00,1.26333,1.26386,1.26269,1.26305,7578
2024-02-08 08:00:00,1.26307,1.26366,1.26128,1.26306,14957
2024-02-08 12:00:00,1.26309,1.26345,1.25715,1.25812,16095
2024-02-08 16:00:00,1.2581,1.26228,1.25784,1.26175,19196
2024-02-08 20:00:00,1.26174,1.26292,1.26116,1.26196,9768
2024-02-09 00:00:00,1.26144,1.26214,1.26048,1.26186,4422
2024-02-09 04:00:00,1.26185,1.26224,1.26113,1.26146,5266
2024-02-09 08:00:00,1.26146,1.26349,1.26062,1.2610999999999999,11986
2024-02-09 12:00:00,1.26108,1.2635100000000001,1.25991,1.26203,16782
2024-02-09 16:00:00,1.26202,1.26431,1.26158,1.26298,17448
2024-02-09 20:00:00,1.26299,1.26375,1.2624900000000001,1.263,6171
2024-02-12 00:00:00,1.26215,1.2643900000000001,1.2619099999999999,1.26355,6003
2024-02-12 04:00:00,1.2636,1.2638,1.26263,1.26292,3057
2024-02-12 08:00:00,1.26294,1.26544,1.26175,1.26213,12054
2024-02-12 12:00:00,1.26211,1.26257,1.26062,1.26095,12449
2024-02-12 16:00:00,1.26095,1.26397,1.26094,1.26394,13356
2024-02-12 20:00:00,1.26396,1.26404,1.2621,1.26278,10393
2024-02-13 00:00:00,1.26261,1.26292,1.26181,1.26207,4619
2024-02-13 04:00:00,1.26206,1.26207,1.26088,1.2615,4891
2024-02-13 08:00:00,1.2615,1.26556,1.26146,1.26546,12873
2024-02-13 12:00:00,1.26546,1.26905,1.25897,1.25927,18518
2024-02-13 16:00:00,1.25927,1.26081,1.25757,1.25997,24836
2024-02-13 20:00:00,1.26,1.26033,1.25729,1.25915,9590
2024-02-14 00:00:00,1.25871,1.2599,1.25842,1.25969,7167
2024-02-14 04:00:00,1.25969,1.26051,1.25926,1.26025,9921
2024-02-14 08:00:00,1.26026,1.2610999999999999,1.25357,1.25392,18686
2024-02-14 12:00:00,1.25393,1.25682,1.25353,1.25572,16209
2024-02-14 16:00:00,1.25572,1.25655,1.25396,1.25645,19622
2024-02-14 20:00:00,1.2564600000000001,1.25704,1.25568,1.25651,9915
2024-02-15 00:00:00,1.25594,1.25736,1.25576,1.25627,5128
2024-02-15 04:00:00,1.25624,1.25696,1.2558500000000001,1.25651,5163
2024-02-15 08:00:00,1.25647,1.25732,1.25419,1.25545,13381
2024-02-15 12:00:00,1.25543,1.2576,1.25417,1.2570000000000001,15981
2024-02-15 16:00:00,1.25698,1.25966,1.2560799999999999,1.25864,20436
2024-02-15 20:00:00,1.25865,1.26017,1.25842,1.26006,10741
2024-02-16 00:00:00,1.2591,1.26051,1.25797,1.25882,5849
2024-02-16 04:00:00,1.2588300000000001,1.25888,1.2577099999999999,1.25823,7145
2024-02-16 08:00:00,1.25823,1.26057,1.25744,1.25858,14148
2024-02-16 12:00:00,1.2586,1.2601,1.25506,1.25666,15668
2024-02-16 16:00:00,1.2567,1.26082,1.25533,1.26075,21683
2024-02-16 20:00:00,1.26077,1.26243,1.25971,1.2600500000000001,11003
2024-02-19 00:00:00,1.25992,1.2627,1.25932,1.26143,8237
2024-02-19 04:00:00,1.26143,1.26211,1.26113,1.2619,6223
2024-02-19 08:00:00,1.2619,1.26296,1.26071,1.26148,10385
2024-02-19 12:00:00,1.26148,1.26219,1.2598099999999999,1.25996,11714
2024-02-19 16:00:00,1.25995,1.26004,1.25834,1.25913,8011
2024-02-19 20:00:00,1.25914,1.2600799999999999,1.259,1.25984,1808
2024-02-20 00:00:00,1.25984,1.25984,1.25811,1.25841,8233
2024-02-20 04:00:00,1.25843,1.25891,1.25792,1.25818,7308
2024-02-20 08:00:00,1.25818,1.2606600000000001,1.25806,1.2603,15170
2024-02-20 12:00:00,1.26029,1.26458,1.25869,1.26427,19242
2024-02-20 16:00:00,1.26428,1.26685,1.2629299999999999,1.2635100000000001,20389
2024-02-20 20:00:00,1.2635,1.2635,1.26165,1.26216,8878
2024-02-21 00:00:00,1.262,1.2628,1.26178,1.26274,6861
2024-02-21 04:00:00,1.26274,1.26373,1.26274,1.26336,9597
2024-02-21 08:00:00,1.26337,1.26352,1.26024,1.2612,15959
2024-02-21 12:00:00,1.26119,1.26308,1.26079,1.26239,14860
2024-02-21 16:00:00,1.26237,1.26346,1.26054,1.26159,15859
2024-02-21 20:00:00,1.26157,1.26416,1.26056,1.26357,12590
2024-02-22 00:00:00,1.26335,1.2646899999999999,1.26305,1.26395,5681
2024-02-22 04:00:00,1.26395,1.26484,1.26309,1.26449,6280
2024-02-22 08:00:00,1.26449,1.27092,1.26445,1.26755,17417
2024-02-22 12:00:00,1.26756,1.26901,1.26261,1.26285,15790
2024-02-22 16:00:00,1.26284,1.2659799999999999,1.26115,1.26563,21702
2024-02-22 20:00:00,1.2656399999999999,1.26648,1.2644199999999999,1.26606,9874
2024-02-23 00:00:00,1.2656,1.26664,1.26479,1.26626,7780
2024-02-23 04:00:00,1.26626,1.26662,1.26574,1.26619,7830
2024-02-23 08:00:00,1.2662,1.26769,1.2649,1.26562,15397
2024-02-23 12:00:00,1.26563,1.2701,1.26562,1.26936,16610
2024-02-23 16:00:00,1.26935,1.27003,1.26655,1.2678099999999999,17635
2024-02-23 20:00:00,1.26782,1.26862,1.26664,1.26697,7796
2024-02-26 00:00:00,1.2675100000000001,1.26752,1.26606,1.26618,5549
2024-02-26 04:00:00,1.26619,1.26698,1.2656399999999999,1.26667,7013
2024-02-26 08:00:00,1.26669,1.2681200000000001,1.26626,1.26794,12711
2024-02-26 12:00:00,1.26795,1.26996,1.26732,1.26971,13141
2024-02-26 16:00:00,1.26972,1.26986,1.2671999999999999,1.26761,14753
2024-02-26 20:00:00,1.26763,1.26883,1.26708,1.26848,5874
2024-02-27 00:00:00,1.26831,1.26864,1.2674699999999999,1.26789,5528
2024-02-27 04:00:00,1.2679,1.2687,1.26739,1.26798,7185
2024-02-27 08:00:00,1.268,1.2697,1.2678,1.26891,11725
2024-02-27 12:00:00,1.26891,1.26953,1.26711,1.26817,15868
2024-02-27 16:00:00,1.26819,1.26952,1.26605,1.26855,17239
2024-02-27 20:00:00,1.26853,1.26942,1.26775,1.2686,8566
2024-02-28 00:00:00,1.26824,1.26864,1.26727,1.26762,6243
2024-02-28 04:00:00,1.2676,1.2678,1.26571,1.2659,6207
2024-02-28 08:00:00,1.2659,1.26624,1.26235,1.26248,12871
2024-02-28 12:00:00,1.26246,1.26577,1.26214,1.26432,16013
2024-02-28 16:00:00,1.2643499999999999,1.26736,1.26362,1.266,16761
2024-02-28 20:00:00,1.26597,1.26638,1.26509,1.26607,6874
2024-02-29 00:00:00,1.26555,1.26668,1.26516,1.26592,7522
2024-02-29 04:00:00,1.26593,1.26711,1.26581,1.26665,9541
2024-02-29 08:00:00,1.26665,1.26743,1.26522,1.26664,15440
2024-02-29 12:00:00,1.26665,1.26742,1.2635100000000001,1.26525,20126
2024-02-29 16:00:00,1.26523,1.26818,1.26149,1.26174,20279
2024-02-29 20:00:00,1.26174,1.26276,1.26123,1.26242,9393
2024-03-01 00:00:00,1.26163,1.26345,1.2616,1.26342,6076
2024-03-01 04:00:00,1.26341,1.26356,1.26243,1.2626,5145
2024-03-01 08:00:00,1.26261,1.26414,1.2624900000000001,1.26301,11148
2024-03-01 12:00:00,1.26303,1.2647,1.26173,1.26305,16352
2024-03-01 16:00:00,1.26304,1.2659500000000001,1.25996,1.2656100000000001,21710
2024-03-01 20:00:00,1.2656100000000001,1.26638,1.26487,1.26551,8712
2024-03-04 00:00:00,1.2647599999999999,1.26666,1.26449,1.26597,5473
2024-03-04 04:00:00,1.26596,1.26668,1.26559,1.26624,4492
2024-03-04 08:00:00,1.26626,1.268,1.26609,1.26777,12767
2024-03-04 12:00:00,1.2677800000000001,1.26837,1.26658,1.26777,12195
2024-03-04 16:00:00,1.26776,1.27063,1.26727,1.26962,14843
2024-03-04 20:00:00,1.26963,1.26979,1.26855,1.26908,6971
2024-03-05 00:00:00,1.2689,1.26948,1.26855,1.26901,5544
2024-03-05 04:00:00,1.26902,1.26909,1.26811,1.2683200000000001,6394
2024-03-05 08:00:00,1.26833,1.26886,1.26711,1.26856,12100
2024-03-05 12:00:00,1.26855,1.26926,1.26741,1.26911,13520
2024-03-05 16:00:00,1.26912,1.27346,1.26868,1.27111,21972
2024-03-05 20:00:00,1.27111,1.2711299999999999,1.2696,1.27046,9061
2024-03-06 00:00:00,1.26984,1.2708,1.26901,1.2692700000000001,7327
2024-03-06 04:00:00,1.26928,1.27066,1.26915,1.27037,6213
2024-03-06 08:00:00,1.27038,1.27316,1.27026,1.27306,13859
2024-03-06 12:00:00,1.27306,1.27306,1.27051,1.2724199999999999,13865
2024-03-06 16:00:00,1.27243,1.27613,1.27165,1.27441,19700
2024-03-06 20:00:00,1.27441,1.2753700000000001,1.27252,1.27292,12102
2024-03-07 00:00:00,1.27312,1.27398,1.2726,1.27302,8500
2024-03-07 04:00:00,1.27299,1.27405,1.2723,1.27336,7498
2024-03-07 08:00:00,1.27336,1.27515,1.2729300000000001,1.27502,13722
2024-03-07 12:00:00,1.27501,1.27625,1.27445,1.27518,16199
2024-03-07 16:00:00,1.27519,1.27981,1.2749,1.27921,20015
2024-03-07 20:00:00,1.27921,1.28111,1.27918,1.28092,8096
2024-03-08 00:00:00,1.28027,1.28199,1.28004,1.28092,6011
2024-03-08 04:00:00,1.28092,1.2812299999999999,1.28039,1.28098,5784
2024-03-08 08:00:00,1.28098,1.28293,1.28009,1.28277,12576
2024-03-08 12:00:00,1.28277,1.28936,1.28229,1.28638,17681
2024-03-08 16:00:00,1.28639,1.28864,1.28431,1.2848899999999999,25483
2024-03-08 20:00:00,1.28488,1.28587,1.2839800000000001,1.2857,10734
2024-03-11 00:00:00,1.28524,1.28607,1.28475,1.2856,5308
2024-03-11 04:00:00,1.28559,1.2861799999999999,1.28454,1.28513,5770
2024-03-11 08:00:00,1.28513,1.28578,1.28315,1.2836400000000001,11696
2024-03-11 12:00:00,1.28366,1.28539,1.28243,1.28243,15633
2024-03-11 16:00:00,1.2824200000000001,1.283,1.27948,1.28068,17802
2024-03-11 20:00:00,1.28068,1.28133,1.27997,1.28131,11458
2024-03-12 00:00:00,1.2802799999999999,1.28221,1.28002,1.28165,4529
2024-03-12 04:00:00,1.28166,1.28226,1.28138,1.2819,7371
2024-03-12 08:00:00,1.2819,1.28235,1.27758,1.2786,10886
2024-03-12 12:00:00,1.2786,1.28076,1.27512,1.27713,17959
2024-03-12 16:00:00,1.27714,1.27893,1.27459,1.27783,25645
2024-03-12 20:00:00,1.27782,1.2795,1.2770299999999999,1.2794699999999999,12034
2024-03-13 00:00:00,1.27871,1.27981,1.27826,1.2793999999999999,5104
2024-03-13 04:00:00,1.2793999999999999,1.2799,1.27895,1.27907,8816
2024-03-13 08:00:00,1.27907,1.28007,1.2775699999999999,1.2793,14587
2024-03-13 12:00:00,1.2793,1.2808899999999999,1.27742,1.28003,15412
2024-03-13 16:00:00,1.28004,1.2806199999999999,1.27871,1.27973,18762
2024-03-13 20:00:00,1.27972,1.2811,1.27905,1.27973,9878
2024-03-14 00:00:00,1.27955,1.28044,1.27911,1.28,5917
2024-03-14 04:00:00,1.2800099999999999,1.28046,1.27868,1.27917,8236
2024-03-14 08:00:00,1.27918,1.28169,1.2788,1.28074,11141
2024-03-14 12:00:00,1.28073,1.28227,1.2781500000000001,1.2795,16327
2024-03-14 16:00:00,1.27951,1.27965,1.27305,1.27482,27792
2024-03-14 20:00:00,1.27482,1.27576,1.27426,1.27519,10425
2024-03-15 00:00:00,1.27516,1.27549,1.27339,1.27365,5308
2024-03-15 04:00:00,1.2736100000000001,1.27421,1.27298,1.27389,8411
2024-03-15 08:00:00,1.27389,1.27453,1.27329,1.27385,11332
2024-03-15 12:00:00,1.27387,1.27589,1.27363,1.27484,14705
2024-03-15 16:00:00,1.27485,1.27575,1.27292,1.27304,19340
2024-03-15 20:00:00,1.2730299999999999,1.27407,1.27249,1.2735699999999999,9570
2024-03-18 00:00:00,1.27267,1.27377,1.27247,1.27312,3396
2024-03-18 04:00:00,1.27311,1.2738,1.27257,1.27313,4949
2024-03-18 08:00:00,1.27311,1.27465,1.27288,1.27453,7693
2024-03-18 12:00:00,1.27453,1.27467,1.27272,1.2735699999999999,11429
2024-03-18 16:00:00,1.27358,1.27381,1.27188,1.27263,16505
2024-03-18 20:00:00,1.27263,1.27318,1.27176,1.27275,7731
2024-03-19 00:00:00,1.27311,1.27318,1.2719,1.2720099999999999,5285
2024-03-19 04:00:00,1.272,1.27287,1.27125,1.27177,11102
2024-03-19 08:00:00,1.27176,1.27188,1.26837,1.26894,15443
2024-03-19 12:00:00,1.26894,1.27088,1.26675,1.26992,16396
2024-03-19 16:00:00,1.2699099999999999,1.27261,1.2694,1.27255,13441
2024-03-19 20:00:00,1.27255,1.27328,1.27188,1.2720799999999999,8430
2024-03-20 00:00:00,1.27217,1.27229,1.27102,1.2717399999999999,4736
2024-03-20 04:00:00,1.27169,1.27248,1.27139,1.27189,7222
2024-03-20 08:00:00,1.27187,1.27297,1.26958,1.27033,12371
2024-03-20 12:00:00,1.27033,1.27042,1.26845,1.26939,12123
2024-03-20 16:00:00,1.26938,1.27192,1.2686600000000001,1.27183,12685
2024-03-20 20:00:00,1.27184,1.27872,1.27126,1.27859,25098
2024-03-21 00:00:00,1.27854,1.27983,1.27816,1.27941,6965
2024-03-21 04:00:00,1.27942,1.28026,1.27891,1.27893,10477
2024-03-21 08:00:00,1.27895,1.2803499999999999,1.27621,1.27651,15223
2024-03-21 12:00:00,1.27652,1.27848,1.27252,1.2735400000000001,19411
2024-03-21 16:00:00,1.27355,1.27362,1.26583,1.26646,22407
2024-03-21 20:00:00,1.26647,1.26707,1.26505,1.2656,9951
2024-03-22 00:00:00,1.26579,1.26745,1.26522,1.26735,4565
2024-03-22 04:00:00,1.26734,1.2675,1.26342,1.26419,10929
2024-03-22 08:00:00,1.26419,1.26453,1.25847,1.2597800000000001,13634
2024-03-22 12:00:00,1.25979,1.26211,1.25751,1.26196,15125
2024-03-22 16:00:00,1.26196,1.2624,1.25935,1.2595,17825
2024-03-22 20:00:00,1.25949,1.26006,1.25855,1.2599,6734
2024-03-25 00:00:00,1.2595399999999999,1.26018,1.25868,1.25948,5738
2024-03-25 04:00:00,1.25949,1.26173,1.25948,1.26056,8008
2024-03-25 08:00:00,1.26057,1.2617099999999999,1.2595,1.26085,9308
2024-03-25 12:00:00,1.26086,1.26465,1.25995,1.26383,11426
2024-03-25 16:00:00,1.26382,1.26525,1.26363,1.26389,12145
2024-03-25 20:00:00,1.2639,1.26423,1.2635100000000001,1.26365,6204
2024-03-26 00:00:00,1.26368,1.26431,1.26326,1.26423,4018
2024-03-26 04:00:00,1.26424,1.26472,1.26361,1.26419,8413
2024-03-26 08:00:00,1.26418,1.2658800000000001,1.26399,1.26495,8548
2024-03-26 12:00:00,1.2649599999999999,1.26677,1.2637399999999999,1.26396,13421
2024-03-26 16:00:00,1.26396,1.26491,1.26215,1.2629299999999999,16182
2024-03-26 20:00:00,1.26292,1.26352,1.26227,1.26275,6676
2024-03-27 00:00:00,1.26288,1.26303,1.26176,1.26216,4796
2024-03-27 04:00:00,1.26216,1.26228,1.26084,1.26176,9181
2024-03-27 08:00:00,1.26175,1.26318,1.26125,1.26217,11980
2024-03-27 12:00:00,1.26218,1.26382,1.26077,1.26163,14771
2024-03-27 16:00:00,1.2616100000000001,1.26331,1.26053,1.26308,14366
2024-03-27 20:00:00,1.26307,1.2640799999999999,1.26241,1.26401,6984
2024-03-28 00:00:00,1.26309,1.26391,1.26109,1.26258,4866
2024-03-28 04:00:00,1.2625899999999999,1.2634400000000001,1.26202,1.26307,6375
2024-03-28 08:00:00,1.26308,1.26369,1.26034,1.26061,8799
2024-03-28 12:00:00,1.26061,1.26422,1.25854,1.26406,13539
2024-03-28 16:00:00,1.2640500000000001,1.26543,1.26211,1.2634,19523
2024-03-28 20:00:00,1.26338,1.2637,1.26151,1.26211,8568
2024-03-29 00:00:00,1.2622900000000001,1.26284,1.26154,1.26255,7113
2024-03-29 04:00:00,1.2625600000000001,1.26306,1.26159,1.26226,5285
2024-03-29 08:00:00,1.26227,1.26261,1.2616399999999999,1.26258,3455
2024-03-29 12:00:00,1.26258,1.26367,1.26091,1.2633,3875
2024-03-29 16:00:00,1.26331,1.26448,1.26284,1.2628599999999999,3751
2024-03-29 20:00:00,1.2628599999999999,1.26287,1.2615,1.26236,1526
2024-04-01 00:00:00,1.2624,1.26418,1.262,1.26346,6389
2024-04-01 04:00:00,1.26346,1.26386,1.26253,1.26295,6848
2024-04-01 08:00:00,1.26295,1.26314,1.26158,1.26224,7857
2024-04-01 12:00:00,1.26224,1.26243,1.26024,1.26121,8640
2024-04-01 16:00:00,1.2612,1.2613400000000001,1.25393,1.25454,16399
2024-04-01 20:00:00,1.25453,1.25513,1.25418,1.2551,7746
2024-04-02 00:00:00,1.25505,1.2554,1.25409,1.25469,5376
2024-04-02 04:00:00,1.25468,1.25489,1.2540499999999999,1.25444,5684
2024-04-02 08:00:00,1.25444,1.2564600000000001,1.25392,1.25617,12828
2024-04-02 12:00:00,1.25618,1.2576399999999999,1.25541,1.25566,12649
2024-04-02 16:00:00,1.25566,1.25775,1.2551999999999999,1.25714,17739
2024-04-02 20:00:00,1.25715,1.25784,1.2566,1.25774,5613
2024-04-03 00:00:00,1.25765,1.25814,1.25698,1.25724,5594
2024-04-03 04:00:00,1.25724,1.25828,1.25666,1.25785,6664
2024-04-03 08:00:00,1.25785,1.2582499999999999,1.2562,1.2577,10127
2024-04-03 12:00:00,1.25769,1.25881,1.25671,1.25728,14750
2024-04-03 16:00:00,1.25728,1.26508,1.25672,1.26456,22325
2024-04-03 20:00:00,1.26457,1.26556,1.26395,1.26519,8996
2024-04-04 00:00:00,1.26479,1.26559,1.2644199999999999,1.26521,4686
2024-04-04 04:00:00,1.26521,1.26554,1.26463,1.26519,5265
2024-04-04 08:00:00,1.2652,1.26696,1.26505,1.2663,10720
2024-04-04 12:00:00,1.2662900000000001,1.26696,1.26474,1.26685,11605
2024-04-04 16:00:00,1.26684,1.26834,1.26613,1.26657,13420
2024-04-04 20:00:00,1.26657,1.26699,1.26348,1.26429,13373
2024-04-05 00:00:00,1.26363,1.26483,1.26342,1.2647,7164
2024-04-05 04:00:00,1.2647,1.26474,1.26211,1.26251,8790
2024-04-05 08:00:00,1.26253,1.26403,1.26138,1.26367,10868
2024-04-05 12:00:00,1.26366,1.26447,1.25821,1.2594699999999999,15149
2024-04-05 16:00:00,1.25946,1.26352,1.25739,1.2634400000000001,24323
2024-04-05 20:00:00,1.26345,1.2640500000000001,1.26311,1.26375,9892
2024-04-08 00:00:00,1.2625,1.2634,1.26143,1.2616,4714
2024-04-08 04:00:00,1.26159,1.26395,1.26155,1.26292,10830
2024-04-08 08:00:00,1.26291,1.2634400000000001,1.26183,1.26216,11734
2024-04-08 12:00:00,1.26216,1.26359,1.26131,1.26262,11110
2024-04-08 16:00:00,1.26262,1.2656,1.26262,1.26484,16750
2024-04-08 20:00:00,1.26484,1.2664,1.26465,1.26545,8552
2024-04-09 00:00:00,1.26517,1.26597,1.26446,1.26536,4988
2024-04-09 04:00:00,1.26538,1.26615,1.2652,1.26563,8210
2024-04-09 08:00:00,1.26565,1.26642,1.26483,1.26603,8582
2024-04-09 12:00:00,1.26606,1.27033,1.2656800000000001,1.26965,13010
2024-04-09 16:00:00,1.26966,1.27093,1.26663,1.26694,18818
2024-04-09 20:00:00,1.26695,1.26797,1.2662499999999999,1.26779,9129
2024-04-10 00:00:00,1.26784,1.26784,1.26665,1.26749,3888
2024-04-10 04:00:00,1.26749,1.26785,1.26685,1.26773,7258
2024-04-10 08:00:00,1.26772,1.26946,1.26727,1.26943,9224
2024-04-10 12:00:00,1.26945,1.27077,1.2595100000000001,1.26112,15426
2024-04-10 16:00:00,1.26111,1.2612,1.25198,1.2533699999999999,29729
2024-04-10 20:00:00,1.2533699999999999,1.25535,1.2521499999999999,1.2539799999999999,17533
2024-04-11 00:00:00,1.25332,1.25415,1.25292,1.25369,7974
2024-04-11 04:00:00,1.2537099999999999,1.25495,1.25357,1.25471,8641
2024-04-11 08:00:00,1.25473,1.25695,1.25322,1.25501,15740
2024-04-11 12:00:00,1.25501,1.25722,1.25236,1.25667,19552
2024-04-11 16:00:00,1.25667,1.25783,1.25105,1.25366,25074
2024-04-11 20:00:00,1.2536800000000001,1.25635,1.25329,1.25531,11766
2024-04-12 00:00:00,1.2555100000000001,1.25567,1.25492,1.25549,4792
2024-04-12 04:00:00,1.25549,1.25587,1.25365,1.25372,7392
2024-04-12 08:00:00,1.25373,1.25441,1.25052,1.25077,13120
2024-04-12 12:00:00,1.25077,1.25115,1.24508,1.2454,17450
2024-04-12 16:00:00,1.24539,1.24659,1.24264,1.2449,28902
2024-04-12 20:00:00,1.24488,1.24618,1.24424,1.24498,13583
2024-04-15 00:00:00,1.24377,1.2463,1.24325,1.2452,8941
2024-04-15 04:00:00,1.24519,1.24645,1.24404,1.24602,14977
2024-04-15 08:00:00,1.24603,1.24871,1.24576,1.24815,15988
2024-04-15 12:00:00,1.24816,1.24983,1.24508,1.2479,16434
2024-04-15 16:00:00,1.24796,1.24959,1.24445,1.24572,24093
2024-04-15 20:00:00,1.24571,1.24622,1.24354,1.24442,14696
2024-04-16 00:00:00,1.24404,1.24493,1.24346,1.24372,5704
2024-04-16 04:00:00,1.24373,1.24386,1.242,1.24329,11029
2024-04-16 08:00:00,1.24329,1.24485,1.24081,1.24365,16030
2024-04-16 12:00:00,1.24366,1.2471700000000001,1.24365,1.24603,15653
2024-04-16 16:00:00,1.24604,1.24673,1.24269,1.24352,26452
2024-04-16 20:00:00,1.24354,1.24508,1.24051,1.24252,21485
2024-04-17 00:00:00,1.24264,1.2432400000000001,1.24226,1.24291,6098
2024-04-17 04:00:00,1.24289,1.24397,1.24246,1.24292,9298
2024-04-17 08:00:00,1.24292,1.24816,1.24166,1.2471,17245
2024-04-17 12:00:00,1.24711,1.24765,1.24458,1.24502,13928
2024-04-17 16:00:00,1.24503,1.2469000000000001,1.24238,1.24284,25445
2024-04-17 20:00:00,1.24284,1.24652,1.2426300000000001,1.24545,16799
2024-04-18 00:00:00,1.24524,1.24583,1.2447,1.24526,6665
2024-04-18 04:00:00,1.24525,1.24712,1.24489,1.24701,8931
2024-04-18 08:00:00,1.24701,1.24844,1.24621,1.2474,12855
2024-04-18 12:00:00,1.24739,1.2482,1.24468,1.24584,15056
2024-04-18 16:00:00,1.24585,1.2468,1.2436,1.24482,22915
2024-04-18 20:00:00,1.24482,1.24499,1.24332,1.24352,14400
2024-04-19 00:00:00,1.24381,1.24395,1.24259,1.2427,5767
2024-04-19 04:00:00,1.2427,1.24294,1.23886,1.24192,26665
2024-04-19 08:00:00,1.24191,1.24514,1.24029,1.24402,19745
2024-04-19 12:00:00,1.24403,1.24632,1.24291,1.24486,17013
2024-04-19 16:00:00,1.24484,1.2468,1.23723,1.23896,22989
2024-04-19 20:00:00,1.23895,1.2393399999999999,1.23664,1.2370700000000001,14662
2024-04-22 00:00:00,1.23702,1.23845,1.23644,1.23723,6621
2024-04-22 04:00:00,1.23722,1.23919,1.23722,1.23859,7513
2024-04-22 08:00:00,1.2386,1.2387,1.23505,1.23655,12955
2024-04-22 12:00:00,1.23655,1.23668,1.23089,1.23111,16712
2024-04-22 16:00:00,1.23112,1.23467,1.22992,1.23466,16136
2024-04-22 20:00:00,1.23465,1.23616,1.23451,1.23518,8252
2024-04-23 00:00:00,1.23466,1.23555,1.23466,1.23542,3378
2024-04-23 04:00:00,1.23542,1.23583,1.23472,1.23513,8391
2024-04-23 08:00:00,1.23512,1.23883,1.23312,1.23698,14918
2024-04-23 12:00:00,1.23698,1.24062,1.23453,1.23912,14984
2024-04-23 16:00:00,1.2391,1.24581,1.23807,1.24445,23488
2024-04-23 20:00:00,1.24444,1.24581,1.24443,1.24501,9009
2024-04-24 00:00:00,1.24403,1.24598,1.24403,1.24583,5221
2024-04-24 04:00:00,1.24582,1.24643,1.24526,1.24546,8026
2024-04-24 08:00:00,1.24546,1.24567,1.24223,1.24261,10206
2024-04-24 12:00:00,1.2426300000000001,1.2447300000000001,1.24248,1.24413,12195
2024-04-24 16:00:00,1.24413,1.24549,1.2426300000000001,1.24461,17994
2024-04-24 20:00:00,1.2446,1.24696,1.2445599999999999,1.24632,8924
2024-04-25 00:00:00,1.24547,1.24646,1.24518,1.24616,4846
2024-04-25 04:00:00,1.24617,1.24682,1.2454,1.24669,9376
2024-04-25 08:00:00,1.2467,1.25229,1.24662,1.25209,13368
2024-04-25 12:00:00,1.25209,1.25251,1.24663,1.2477800000000001,16488
2024-04-25 16:00:00,1.24779,1.25168,1.24564,1.25147,27045
2024-04-25 20:00:00,1.25145,1.25225,1.25035,1.25121,13279
2024-04-26 00:00:00,1.25121,1.2515399999999999,1.24996,1.25047,5476
2024-04-26 04:00:00,1.25047,1.25084,1.24936,1.2500499999999999,8280
2024-04-26 08:00:00,1.2500499999999999,1.25408,1.24967,1.25268,15329
2024-04-26 12:00:00,1.25268,1.25403,1.24963,1.25079,18379
2024-04-26 16:00:00,1.2508,1.25177,1.24488,1.24868,22037
2024-04-26 20:00:00,1.24868,1.25037,1.2485,1.24922,7880
2024-04-29 00:00:00,1.24748,1.25166,1.24705,1.2515,4503
2024-04-29 04:00:00,1.2515,1.2548,1.25121,1.25419,12036
2024-04-29 08:00:00,1.25419,1.25473,1.25121,1.25184,18589
2024-04-29 12:00:00,1.25184,1.25437,1.25072,1.25294,13087
2024-04-29 16:00:00,1.25293,1.25691,1.25141,1.25625,16022
2024-04-29 20:00:00,1.25626,1.25692,1.25516,1.25613,8337
2024-04-30 00:00:00,1.25562,1.2563900000000001,1.2552699999999999,1.2554699999999999,3491
2024-04-30 04:00:00,1.25546,1.2558,1.25419,1.25451,6745
2024-04-30 08:00:00,1.25452,1.2546,1.25236,1.25391,10387
2024-04-30 12:00:00,1.2539,1.2554400000000001,1.2502,1.2517800000000001,17580
2024-04-30 16:00:00,1.2518099999999999,1.25399,1.25009,1.25069,27767
2024-04-30 20:00:00,1.25067,1.25119,1.24895,1.24915,10430
2024-05-01 00:00:00,1.24888,1.24966,1.24809,1.24856,5601
2024-05-01 04:00:00,1.24856,1.24892,1.2472,1.24773,4435
2024-05-01 08:00:00,1.24773,1.24978,1.24659,1.24976,8606
2024-05-01 12:00:00,1.24977,1.24981,1.24758,1.2487300000000001,11489
2024-05-01 16:00:00,1.24875,1.24981,1.24772,1.24803,20117
2024-05-01 20:00:00,1.24805,1.25498,1.24783,1.25288,30567
2024-05-02 00:00:00,1.25162,1.254,1.25136,1.25271,7844
2024-05-02 04:00:00,1.25271,1.25391,1.25202,1.25336,9046
2024-05-02 08:00:00,1.25336,1.25442,1.25115,1.25207,17822
2024-05-02 12:00:00,1.25207,1.25324,1.25048,1.25147,18408
2024-05-02 16:00:00,1.25146,1.25213,1.24714,1.25159,26688
2024-05-02 20:00:00,1.25159,1.25387,1.25138,1.2536,11897
2024-05-03 00:00:00,1.25236,1.25452,1.25201,1.25437,5619
2024-05-03 04:00:00,1.25435,1.25567,1.25421,1.25473,8030
2024-05-03 08:00:00,1.25473,1.25624,1.2539,1.25592,12666
2024-05-03 12:00:00,1.25593,1.26334,1.25511,1.26056,18831
2024-05-03 16:00:00,1.26052,1.26099,1.25291,1.25424,33424
2024-05-03 20:00:00,1.25426,1.25543,1.2539,1.25462,9681
2024-05-06 00:00:00,1.25377,1.25528,1.25377,1.25503,4581
2024-05-06 04:00:00,1.25503,1.25565,1.2542900000000001,1.25433,6403
2024-05-06 08:00:00,1.2543,1.25817,1.25418,1.25811,9585
2024-05-06 12:00:00,1.2581,1.2594,1.25717,1.25909,11291
2024-05-06 16:00:00,1.25909,1.25918,1.2557800000000001,1.25635,12193
2024-05-06 20:00:00,1.25635,1.25692,1.25575,1.25624,6497
2024-05-07 00:00:00,1.25621,1.25689,1.25556,1.25682,4821
2024-05-07 04:00:00,1.25683,1.25706,1.25487,1.25526,7517
2024-05-07 08:00:00,1.2552699999999999,1.2556,1.25314,1.2539500000000001,12411
2024-05-07 12:00:00,1.25394,1.25545,1.25291,1.25532,11827
2024-05-07 16:00:00,1.25534,1.25644,1.25254,1.25264,13663
2024-05-07 20:00:00,1.25266,1.2527,1.25007,1.25087,8671
2024-05-08 00:00:00,1.25042,1.25119,1.24946,1.24955,4394
2024-05-08 04:00:00,1.24956,1.24969,1.24838,1.24867,9371
2024-05-08 08:00:00,1.24867,1.24928,1.24675,1.2475,10940
2024-05-08 12:00:00,1.2475,1.25007,1.24738,1.24796,12137
2024-05-08 16:00:00,1.24796,1.25046,1.24729,1.24976,14498
2024-05-08 20:00:00,1.24975,1.25016,1.24924,1.24966,6711
2024-05-09 00:00:00,1.24884,1.2500200000000001,1.2486,1.24898,3885
2024-05-09 04:00:00,1.24897,1.25016,1.24878,1.24915,8755
2024-05-09 08:00:00,1.24916,1.24931,1.2469999999999999,1.24729,9060
2024-05-09 12:00:00,1.24729,1.25112,1.24457,1.25022,19781
2024-05-09 16:00:00,1.25022,1.25223,1.24879,1.25139,17553
2024-05-09 20:00:00,1.2514,1.25266,1.25115,1.25236,7783
2024-05-10 00:00:00,1.25143,1.25296,1.25143,1.25198,4481
2024-05-10 04:00:00,1.25198,1.25245,1.25119,1.25149,7485
2024-05-10 08:00:00,1.2515,1.2541,1.25143,1.2532,14405
2024-05-10 12:00:00,1.25321,1.25357,1.2515800000000001,1.25221,13387
2024-05-10 16:00:00,1.25221,1.25372,1.25023,1.25343,17742
2024-05-10 20:00:00,1.25343,1.25356,1.25227,1.25237,6768
2024-05-13 00:00:00,1.25119,1.25274,1.2511700000000001,1.2521,4584
2024-05-13 04:00:00,1.25211,1.25284,1.25171,1.25244,10758
2024-05-13 08:00:00,1.25244,1.25353,1.25173,1.25329,12426
2024-05-13 12:00:00,1.25329,1.25573,1.25257,1.25556,13868
2024-05-13 16:00:00,1.25557,1.25685,1.2546599999999999,1.2561,18300
2024-05-13 20:00:00,1.25609,1.25634,1.2552699999999999,1.2559,8855
2024-05-14 00:00:00,1.25582,1.2562,1.25533,1.25572,4373
2024-05-14 04:00:00,1.25572,1.25594,1.25528,1.2554,9775
2024-05-14 08:00:00,1.2554,1.25632,1.25092,1.25284,15522
2024-05-14 12:00:00,1.25284,1.25645,1.25198,1.2553,17457
2024-05-14 16:00:00,1.25529,1.25926,1.25485,1.2585,21116
2024-05-14 20:00:00,1.2585,1.2591999999999999,1.25812,1.25904,6492
2024-05-15 00:00:00,1.2583,1.25915,1.2583,1.25882,3545
2024-05-15 04:00:00,1.25882,1.25993,1.25874,1.2593,5402
2024-05-15 08:00:00,1.25931,1.26138,1.25866,1.26122,11514
2024-05-15 12:00:00,1.26122,1.26701,1.26029,1.26448,18079
2024-05-15 16:00:00,1.26448,1.26768,1.26141,1.2674,24382
2024-05-15 20:00:00,1.2674,1.2686,1.26716,1.26848,8791
2024-05-16 00:00:00,1.26772,1.27005,1.26772,1.26992,5247
2024-05-16 04:00:00,1.26992,1.26992,1.26831,1.26874,10129
2024-05-16 08:00:00,1.26875,1.26885,1.26691,1.26742,12331
2024-05-16 12:00:00,1.26743,1.26753,1.26522,1.26544,14072
2024-05-16 16:00:00,1.26541,1.26799,1.26432,1.26729,16178
2024-05-16 20:00:00,1.26728,1.26767,1.26671,1.26696,6811
2024-05-17 00:00:00,1.26671,1.26724,1.26612,1.26646,4081
2024-05-17 04:00:00,1.26645,1.26651,1.26521,1.2655,7824
2024-05-17 08:00:00,1.26551,1.26696,1.26447,1.26491,11083
2024-05-17 12:00:00,1.26492,1.26613,1.26452,1.26594,10114
2024-05-17 16:00:00,1.2659500000000001,1.27085,1.2659500000000001,1.27008,15499
2024-05-17 20:00:00,1.27008,1.27115,1.27,1.27003,6353
2024-05-20 00:00:00,1.2689599999999999,1.27082,1.26863,1.27048,3685
2024-05-20 04:00:00,1.2704900000000001,1.27109,1.27002,1.2707899999999999,6751
2024-05-20 08:00:00,1.27078,1.27089,1.26888,1.27047,11263
2024-05-20 12:00:00,1.27047,1.27055,1.26922,1.26962,11685
2024-05-20 16:00:00,1.2696100000000001,1.27182,1.2695699999999999,1.27177,14291
2024-05-20 20:00:00,1.27177,1.27253,1.27042,1.27057,5627
2024-05-21 00:00:00,1.27029,1.2711299999999999,1.2702200000000001,1.27092,3222
2024-05-21 04:00:00,1.27091,1.27116,1.26969,1.27099,7612
2024-05-21 08:00:00,1.271,1.2720500000000001,1.27037,1.27108,10996
2024-05-21 12:00:00,1.27108,1.27236,1.27058,1.2707600000000001,11369
2024-05-21 16:00:00,1.27075,1.27265,1.26861,1.27072,20070
2024-05-21 20:00:00,1.2707,1.27156,1.2701500000000001,1.27077,6436
2024-05-22 00:00:00,1.27041,1.2716,1.27039,1.27133,3260
2024-05-22 04:00:00,1.27133,1.27228,1.27087,1.27096,8184
2024-05-22 08:00:00,1.27095,1.27611,1.2707600000000001,1.27283,13807
2024-05-22 12:00:00,1.27282,1.27338,1.27,1.27264,14843
2024-05-22 16:00:00,1.27263,1.27474,1.27209,1.27438,17710
2024-05-22 20:00:00,1.27437,1.27502,1.27101,1.2717800000000001,13901
2024-05-23 00:00:00,1.27148,1.27241,1.27148,1.27198,5163
2024-05-23 04:00:00,1.27198,1.27317,1.27168,1.27257,7097
2024-05-23 08:00:00,1.27257,1.2738399999999999,1.2716,1.2720500000000001,15111
2024-05-23 12:00:00,1.27204,1.27445,1.27048,1.27319,14964
2024-05-23 16:00:00,1.27318,1.27464,1.27005,1.27123,25245
2024-05-23 20:00:00,1.27122,1.27124,1.26852,1.2698,12846
2024-05-24 00:00:00,1.26907,1.2699500000000001,1.2689300000000001,1.26942,4859
2024-05-24 04:00:00,1.26941,1.26978,1.26872,1.26917,6252
2024-05-24 08:00:00,1.26916,1.2707,1.2674,1.27046,12893
2024-05-24 12:00:00,1.27047,1.27248,1.27031,1.27202,12886
2024-05-24 16:00:00,1.2720500000000001,1.27507,1.2717399999999999,1.27338,18899
2024-05-24 20:00:00,1.27337,1.2746,1.2732,1.27358,7232
2024-05-27 00:00:00,1.27317,1.2743,1.27317,1.27381,2958
2024-05-27 04:00:00,1.27382,1.27433,1.27378,1.2742200000000001,3600
2024-05-27 08:00:00,1.2742200000000001,1.2747,1.27338,1.2741799999999999,6998
2024-05-27 12:00:00,1.2741799999999999,1.27583,1.27416,1.27565,9056
2024-05-27 16:00:00,1.27565,1.27774,1.27546,1.27694,8431
2024-05-27 20:00:00,1.27695,1.27716,1.27674,1.27684,3635
2024-05-28 00:00:00,1.27692,1.27759,1.2765900000000001,1.27711,3990
2024-05-28 04:00:00,1.27711,1.27831,1.27702,1.27746,7646
2024-05-28 08:00:00,1.27746,1.27808,1.27623,1.27687,11077
2024-05-28 12:00:00,1.27687,1.27942,1.27636,1.27921,11736
2024-05-28 16:00:00,1.27921,1.28004,1.27705,1.27763,18664
2024-05-28 20:00:00,1.2776,1.27778,1.27538,1.27607,11523
2024-05-29 00:00:00,1.27596,1.2764,1.2752,1.27538,5921
2024-05-29 04:00:00,1.27539,1.27594,1.27464,1.27518,8354
2024-05-29 08:00:00,1.27518,1.27715,1.27485,1.27556,14756
2024-05-29 12:00:00,1.27557,1.27644,1.27353,1.27443,14943
2024-05-29 16:00:00,1.27447,1.27458,1.27048,1.27165,21744
2024-05-29 20:00:00,1.27165,1.27169,1.26989,1.27001,10003
2024-05-30 00:00:00,1.27017,1.2705899999999999,1.26901,1.26932,5727
2024-05-30 04:00:00,1.26933,1.27027,1.26898,1.26952,8630
2024-05-30 08:00:00,1.26951,1.27148,1.26807,1.2711999999999999,14951
2024-05-30 12:00:00,1.2711999999999999,1.27277,1.2703,1.27243,15451
2024-05-30 16:00:00,1.2724199999999999,1.2747,1.27176,1.2741,19715
2024-05-30 20:00:00,1.2741,1.27437,1.2726,1.27321,8464
2024-05-31 00:00:00,1.27282,1.27337,1.27263,1.27302,5680
2024-05-31 04:00:00,1.27302,1.2732,1.27149,1.2721,8747
2024-05-31 08:00:00,1.27211,1.27233,1.26999,1.27094,13600
2024-05-31 12:00:00,1.27093,1.27504,1.27068,1.27464,17291
2024-05-31 16:00:00,1.27464,1.27658,1.2717399999999999,1.27295,24659
2024-05-31 20:00:00,1.2729599999999999,1.27465,1.27241,1.2742200000000001,10310
2024-06-03 00:00:00,1.27336,1.27554,1.27289,1.27536,4889
2024-06-03 04:00:00,1.27535,1.27557,1.27377,1.2743,7305
2024-06-03 08:00:00,1.27431,1.27433,1.27038,1.27043,15611
2024-06-03 12:00:00,1.27044,1.2735699999999999,1.26941,1.27308,17054
2024-06-03 16:00:00,1.27308,1.27939,1.27297,1.2778800000000001,23867
2024-06-03 20:00:00,1.27789,1.28065,1.27751,1.28063,10270
2024-06-04 00:00:00,1.2803200000000001,1.28174,1.27994,1.28117,5031
2024-06-04 04:00:00,1.28117,1.28124,1.28037,1.28092,6770
2024-06-04 08:00:00,1.28092,1.28124,1.27733,1.27763,17069
2024-06-04 12:00:00,1.2776399999999999,1.27786,1.27427,1.27646,20661
2024-06-04 16:00:00,1.27646,1.27915,1.27587,1.27864,25320
2024-06-04 20:00:00,1.27863,1.2797,1.2767,1.27694,12553
2024-06-05 00:00:00,1.2763499999999999,1.27772,1.2763499999999999,1.27753,4866
2024-06-05 04:00:00,1.27752,1.27806,1.27697,1.27738,8326
2024-06-05 08:00:00,1.27738,1.27826,1.27644,1.27746,11922
2024-06-05 12:00:00,1.27746,1.27943,1.27665,1.27922,12604
2024-06-05 16:00:00,1.27922,1.27951,1.2755,1.27774,23048
2024-06-05 20:00:00,1.27774,1.27943,1.27742,1.27885,7994
2024-06-06 00:00:00,1.27863,1.2803200000000001,1.27824,1.28021,4023
2024-06-06 04:00:00,1.28021,1.2809,1.27941,1.2795,7449
2024-06-06 08:00:00,1.27951,1.28,1.27753,1.27869,10891
2024-06-06 12:00:00,1.27869,1.2791299999999999,1.27661,1.2778399999999999,14600
2024-06-06 16:00:00,1.2778399999999999,1.27888,1.27622,1.27782,17539
2024-06-06 20:00:00,1.2778100000000001,1.27956,1.27777,1.2791000000000001,8256
2024-06-07 00:00:00,1.2789,1.27943,1.27853,1.27882,4226
2024-06-07 04:00:00,1.27882,1.27916,1.27833,1.27905,7775
2024-06-07 08:00:00,1.27905,1.28021,1.2781500000000001,1.2788300000000001,12098
2024-06-07 12:00:00,1.2788300000000001,1.28133,1.27248,1.27376,16996
2024-06-07 16:00:00,1.27375,1.27407,1.27158,1.2724199999999999,24101
2024-06-07 20:00:00,1.27241,1.2726899999999999,1.27177,1.27219,9454
2024-06-10 00:00:00,1.27251,1.27306,1.2711700000000001,1.2724,5822
2024-06-10 04:00:00,1.27241,1.27263,1.27102,1.27161,5669
2024-06-10 08:00:00,1.27161,1.27245,1.27054,1.27073,14230
2024-06-10 12:00:00,1.27074,1.27295,1.26878,1.27125,14195
2024-06-10 16:00:00,1.27125,1.27369,1.27037,1.27285,14399
2024-06-10 20:00:00,1.27285,1.27369,1.27241,1.27307,9038
2024-06-11 00:00:00,1.27282,1.27336,1.27195,1.27276,5416
2024-06-11 04:00:00,1.27276,1.2738800000000001,1.27244,1.27345,7641
2024-06-11 08:00:00,1.27345,1.274,1.27136,1.27244,12416
2024-06-11 12:00:00,1.27244,1.27493,1.27227,1.2744,16026
2024-06-11 16:00:00,1.27441,1.27475,1.27057,1.27288,17681
2024-06-11 20:00:00,1.27288,1.2751299999999999,1.27267,1.27377,8476
2024-06-12 00:00:00,1.27326,1.27411,1.27326,1.27335,2691
2024-06-12 04:00:00,1.27335,1.27451,1.27328,1.2739,5607
2024-06-12 08:00:00,1.2739,1.27597,1.27367,1.2757399999999999,11414
2024-06-12 12:00:00,1.27575,1.28577,1.2748599999999999,1.28528,10285
2024-06-12 16:00:00,1.28528,1.28603,1.28258,1.28456,13986
2024-06-12 20:00:00,1.28457,1.28484,1.2791000000000001,1.2797100000000001,15466
2024-06-13 00:00:00,1.27979,1.2799,1.27918,1.27949,3758
2024-06-13 04:00:00,1.27948,1.27991,1.27798,1.27799,5371
2024-06-13 08:00:00,1.27799,1.27989,1.2772299999999999,1.27985,8091
2024-06-13 12:00:00,1.27983,1.28072,1.27615,1.2784200000000001,9882
2024-06-13 16:00:00,1.27844,1.27929,1.27381,1.27453,13600
2024-06-13 20:00:00,1.2745199999999999,1.27671,1.27451,1.27623,7196
2024-06-14 00:00:00,1.27542,1.27627,1.27503,1.27505,3076
2024-06-14 04:00:00,1.27506,1.27633,1.27487,1.2749,5519
2024-06-14 08:00:00,1.27491,1.27529,1.27197,1.27216,11113
2024-06-14 12:00:00,1.27216,1.27227,1.26697,1.26901,14275
2024-06-14 16:00:00,1.2690299999999999,1.26956,1.26567,1.26863,12676
2024-06-14 20:00:00,1.26865,1.26924,1.26782,1.2686600000000001,5784
2024-06-17 00:00:00,1.26819,1.26883,1.26733,1.2683900000000001,3488
2024-06-17 04:00:00,1.2683900000000001,1.26864,1.26764,1.26831,3911
2024-06-17 08:00:00,1.2683200000000001,1.2684199999999999,1.2661,1.26741,9012
2024-06-17 12:00:00,1.26743,1.2677399999999999,1.26587,1.26668,7856
2024-06-17 16:00:00,1.26669,1.26978,1.26638,1.26962,9457
2024-06-17 20:00:00,1.2696100000000001,1.27094,1.26951,1.27043,4899
2024-06-18 00:00:00,1.27038,1.27149,1.26997,1.27097,3126
2024-06-18 04:00:00,1.27097,1.27108,1.2692700000000001,1.26939,5483
2024-06-18 08:00:00,1.26938,1.27017,1.26726,1.268,9566
2024-06-18 12:00:00,1.26797,1.26941,1.26689,1.26911,10680
2024-06-18 16:00:00,1.26911,1.27207,1.26852,1.2702200000000001,12064
2024-06-18 20:00:00,1.2702200000000001,1.27102,1.2698,1.27081,6360
2024-06-19 00:00:00,1.27004,1.2711999999999999,1.27004,1.27037,3795
2024-06-19 04:00:00,1.27037,1.27132,1.27029,1.2705899999999999,4061
2024-06-19 08:00:00,1.27057,1.27326,1.27,1.2732299999999999,8480
2024-06-19 12:00:00,1.27322,1.27398,1.27152,1.27195,7974
2024-06-19 16:00:00,1.27199,1.27335,1.27166,1.27204,5815
2024-06-19 20:00:00,1.27204,1.27217,1.27139,1.27193,1273
2024-06-20 00:00:00,1.2713,1.27237,1.27127,1.27152,3699
2024-06-20 04:00:00,1.27153,1.27188,1.27098,1.27131,4551
2024-06-20 08:00:00,1.27131,1.27148,1.26953,1.26969,7849
2024-06-20 12:00:00,1.26968,1.2707600000000001,1.26749,1.2677800000000001,10507
2024-06-20 16:00:00,1.2677800000000001,1.26874,1.2659,1.26632,10556
2024-06-20 20:00:00,1.26634,1.26821,1.26545,1.26562,6778
2024-06-21 00:00:00,1.26566,1.26615,1.26546,1.26559,3124
2024-06-21 04:00:00,1.26558,1.2665,1.26546,1.26618,3721
2024-06-21 08:00:00,1.26617,1.26732,1.2631000000000001,1.26539,9513
2024-06-21 12:00:00,1.2654,1.26605,1.2631000000000001,1.26485,8477
2024-06-21 16:00:00,1.26486,1.26509,1.26218,1.26387,12275
2024-06-21 20:00:00,1.26385,1.26512,1.26352,1.26406,4972
2024-06-24 00:00:00,1.26334,1.2645,1.26324,1.26399,2967
2024-06-24 04:00:00,1.26399,1.2645,1.26325,1.26449,4855
2024-06-24 08:00:00,1.2645,1.26657,1.26445,1.26574,7772
2024-06-24 12:00:00,1.26574,1.26716,1.2656800000000001,1.2665,9509
2024-06-24 16:00:00,1.2665199999999999,1.26978,1.2665199999999999,1.26794,12923
2024-06-24 20:00:00,1.26793,1.26935,1.26728,1.26861,7955
2024-06-25 00:00:00,1.26782,1.26889,1.26782,1.2686,4181
2024-06-25 04:00:00,1.26861,1.2696399999999999,1.26831,1.26943,6664
2024-06-25 08:00:00,1.26942,1.27019,1.26826,1.27007,8360
2024-06-25 12:00:00,1.27006,1.2702200000000001,1.26749,1.26798,10502
2024-06-25 16:00:00,1.26799,1.26874,1.26701,1.26784,13136
2024-06-25 20:00:00,1.26783,1.26958,1.26768,1.26859,6312
2024-06-26 00:00:00,1.26776,1.26881,1.26768,1.26845,3113
2024-06-26 04:00:00,1.26845,1.26931,1.26836,1.26854,6028
2024-06-26 08:00:00,1.26855,1.26877,1.26614,1.2665600000000001,9843
2024-06-26 12:00:00,1.26655,1.26739,1.26393,1.26449,12435
2024-06-26 16:00:00,1.26446,1.26511,1.26179,1.26257,16028
2024-06-26 20:00:00,1.26257,1.2638,1.26154,1.26205,8001
2024-06-27 00:00:00,1.2623199999999999,1.26237,1.26126,1.26145,4476
2024-06-27 04:00:00,1.26144,1.26361,1.26142,1.26357,5497
2024-06-27 08:00:00,1.26358,1.26472,1.26262,1.2635,11568
2024-06-27 12:00:00,1.26349,1.26609,1.26342,1.2655,15916
2024-06-27 16:00:00,1.26549,1.26703,1.26436,1.26509,19691
2024-06-27 20:00:00,1.26508,1.26532,1.26375,1.26403,9667
2024-06-28 00:00:00,1.26395,1.26465,1.26282,1.2628599999999999,5443
2024-06-28 04:00:00,1.2628599999999999,1.2637800000000001,1.26216,1.2623,9790
2024-06-28 08:00:00,1.2623,1.26497,1.26226,1.26352,13208
2024-06-28 12:00:00,1.26352,1.2662900000000001,1.26307,1.2650000000000001,16745
2024-06-28 16:00:00,1.26499,1.26513,1.26194,1.26418,25788
2024-06-28 20:00:00,1.26418,1.2654,1.26306,1.26434,11020
2024-07-01 00:00:00,1.26538,1.26559,1.26363,1.26525,5655
2024-07-01 04:00:00,1.26525,1.26655,1.2650000000000001,1.2656800000000001,6923
2024-07-01 08:00:00,1.2656800000000001,1.26892,1.26563,1.26737,16558
2024-07-01 12:00:00,1.26737,1.268,1.26578,1.26651,14345
2024-07-01 16:00:00,1.2665199999999999,1.27097,1.26361,1.2648,23046
2024-07-01 20:00:00,1.26481,1.26516,1.2633,1.26516,8168
2024-07-02 00:00:00,1.26395,1.26531,1.26383,1.26409,4710
2024-07-02 04:00:00,1.26409,1.26421,1.2631700000000001,1.26328,6352
2024-07-02 08:00:00,1.26327,1.26395,1.26153,1.26285,14468
2024-07-02 12:00:00,1.26284,1.26689,1.26269,1.26641,14141
2024-07-02 16:00:00,1.26642,1.26848,1.26612,1.26682,21382
2024-07-02 20:00:00,1.26682,1.26877,1.26668,1.26853,7261
2024-07-03 00:00:00,1.2675100000000001,1.26931,1.26687,1.26883,3722
2024-07-03 04:00:00,1.26882,1.26884,1.2681,1.2686600000000001,5975
2024-07-03 08:00:00,1.26867,1.27016,1.2678,1.2695400000000001,11425
2024-07-03 12:00:00,1.2695400000000001,1.27221,1.26917,1.27185,12407
2024-07-03 16:00:00,1.27185,1.27771,1.2718099999999999,1.2753700000000001,21120
2024-07-03 20:00:00,1.27538,1.27539,1.2733400000000001,1.27426,6184
2024-07-04 00:00:00,1.2741500000000001,1.2751000000000001,1.27369,1.27505,4055
2024-07-04 04:00:00,1.27506,1.27535,1.27409,1.27433,6082
2024-07-04 08:00:00,1.27431,1.27625,1.27407,1.27553,12581
2024-07-04 12:00:00,1.27553,1.27636,1.27468,1.27491,11434
2024-07-04 16:00:00,1.27492,1.27673,1.27469,1.27606,8501
2024-07-04 20:00:00,1.2760500000000001,1.27624,1.27585,1.27589,1274
2024-07-05 00:00:00,1.2759,1.27671,1.27539,1.2764,4943
2024-07-05 04:00:00,1.2764,1.27724,1.27614,1.27702,7964
2024-07-05 08:00:00,1.27702,1.27813,1.2763,1.27792,10889
2024-07-05 12:00:00,1.27792,1.28108,1.2762,1.2802799999999999,16400
2024-07-05 16:00:00,1.28026,1.2814,1.27867,1.27983,23657
2024-07-05 20:00:00,1.27982,1.28169,1.27977,1.28144,7010
2024-07-08 00:00:00,1.27959,1.28156,1.2787600000000001,1.28047,5508
2024-07-08 04:00:00,1.28048,1.28187,1.28025,1.28141,5849
2024-07-08 08:00:00,1.28142,1.28213,1.27995,1.2819,15270
2024-07-08 12:00:00,1.28189,1.28399,1.28131,1.28379,14487
2024-07-08 16:00:00,1.2838,1.28456,1.28196,1.28211,14128
2024-07-08 20:00:00,1.2821,1.28224,1.28058,1.2805900000000001,6848
2024-07-09 00:00:00,1.2805900000000001,1.28164,1.2800799999999999,1.2808,4167
2024-07-09 04:00:00,1.28081,1.28088,1.27983,1.2808,7188
2024-07-09 08:00:00,1.28081,1.28122,1.27958,1.28054,11965
2024-07-09 12:00:00,1.28054,1.2824900000000001,1.27933,1.2806,13560
2024-07-09 16:00:00,1.28061,1.28212,1.27772,1.27831,21154
2024-07-09 20:00:00,1.27831,1.27902,1.27813,1.27873,8547
2024-07-10 00:00:00,1.27808,1.27915,1.27808,1.27855,4091
2024-07-10 04:00:00,1.27855,1.27945,1.2784,1.27941,6731
2024-07-10 08:00:00,1.27943,1.28018,1.2788300000000001,1.27966,11582
2024-07-10 12:00:00,1.27966,1.28125,1.27964,1.28081,12628
2024-07-10 16:00:00,1.28082,1.28467,1.2805900000000001,1.2846,16535
2024-07-10 20:00:00,1.2846,1.2848,1.28345,1.28477,6681
2024-07-11 00:00:00,1.28484,1.28583,1.28473,1.2854700000000001,2864
2024-07-11 04:00:00,1.2854700000000001,1.28638,1.2849300000000001,1.28574,5428
2024-07-11 08:00:00,1.28574,1.28754,1.28548,1.28751,12467
2024-07-11 12:00:00,1.28751,1.29492,1.28683,1.29318,18178
2024-07-11 16:00:00,1.2931599999999999,1.29483,1.29036,1.29105,27515
2024-07-11 20:00:00,1.29107,1.29147,1.28985,1.29121,12211
2024-07-12 00:00:00,1.29086,1.2924,1.29065,1.2909,7995
2024-07-12 04:00:00,1.29089,1.29124,1.29017,1.29109,8756
2024-07-12 08:00:00,1.29109,1.29459,1.29023,1.29459,14599
2024-07-12 12:00:00,1.2946,1.29685,1.29322,1.2965,18276
2024-07-12 16:00:00,1.2965200000000001,1.2990599999999999,1.29575,1.2987,23502
2024-07-12 20:00:00,1.2987,1.2990300000000001,1.29804,1.29865,7584
2024-07-15 00:00:00,1.29664,1.29798,1.29618,1.2966,8530
2024-07-15 04:00:00,1.2965900000000001,1.29749,1.29617,1.2974700000000001,6355
2024-07-15 08:00:00,1.2974700000000001,1.29894,1.29633,1.29887,16233
2024-07-15 12:00:00,1.29888,1.29912,1.2967,1.29768,18121
2024-07-15 16:00:00,1.29769,1.29946,1.29673,1.29772,23085
2024-07-15 20:00:00,1.29772,1.29773,1.29616,1.29679,14452
2024-07-16 00:00:00,1.29669,1.29697,1.29614,1.29647,6167
2024-07-16 04:00:00,1.29648,1.29668,1.29611,1.29629,9274
2024-07-16 08:00:00,1.2962799999999999,1.29727,1.2951,1.29632,17075
2024-07-16 12:00:00,1.29632,1.29796,1.29379,1.29468,21257
2024-07-16 16:00:00,1.29467,1.29583,1.29407,1.29542,20937
2024-07-16 20:00:00,1.29543,1.29765,1.29529,1.29742,10292
2024-07-17 00:00:00,1.2965900000000001,1.29779,1.2965200000000001,1.29691,6684
2024-07-17 04:00:00,1.29691,1.29783,1.29664,1.2968,7062
2024-07-17 08:00:00,1.2968,1.30301,1.2965900000000001,1.30283,24627
2024-07-17 12:00:00,1.30283,1.30444,1.30218,1.30322,18675
2024-07-17 16:00:00,1.30321,1.3035999999999999,1.29987,1.30038,26154
2024-07-17 20:00:00,1.30038,1.30118,1.30002,1.30075,13631
2024-07-18 00:00:00,1.3005,1.30107,1.30019,1.30035,7207
2024-07-18 04:00:00,1.30035,1.30071,1.29989,1.30016,10972
2024-07-18 08:00:00,1.30015,1.30125,1.29828,1.29857,21340
2024-07-18 12:00:00,1.29858,1.2996400000000001,1.29741,1.29812,18495
2024-07-18 16:00:00,1.29812,1.29848,1.29681,1.29714,25993
2024-07-18 20:00:00,1.29714,1.2972000000000001,1.29401,1.29437,15108
2024-07-19 00:00:00,1.2949899999999999,1.29507,1.2937,1.2944499999999999,7365
2024-07-19 04:00:00,1.29447,1.29466,1.29338,1.29385,9062
2024-07-19 08:00:00,1.2938399999999999,1.29416,1.2913999999999999,1.29169,20741
2024-07-19 12:00:00,1.2917,1.29285,1.29009,1.29199,16671
2024-07-19 16:00:00,1.29199,1.29264,1.2911299999999999,1.2913999999999999,21712
2024-07-19 20:00:00,1.2913999999999999,1.29184,1.29064,1.2910599999999999,11226
2024-07-22 00:00:00,1.29119,1.29392,1.29083,1.29285,8238
2024-07-22 04:00:00,1.29284,1.29298,1.29118,1.29173,7678
2024-07-22 08:00:00,1.29172,1.29319,1.29097,1.29274,20417
2024-07-22 12:00:00,1.29274,1.29421,1.29135,1.29163,17800
2024-07-22 16:00:00,1.29163,1.29195,1.29051,1.29177,20516
2024-07-22 20:00:00,1.29177,1.29317,1.29177,1.29315,9443
2024-07-23 00:00:00,1.2932000000000001,1.2934700000000001,1.29241,1.29281,6958
2024-07-23 04:00:00,1.2928,1.29336,1.29244,1.29277,7708
2024-07-23 08:00:00,1.29277,1.29285,1.2909,1.2923200000000001,17211
2024-07-23 12:00:00,1.29233,1.29254,1.28875,1.29056,19241
2024-07-23 16:00:00,1.29055,1.29175,1.2904200000000001,1.29098,19413
2024-07-23 20:00:00,1.29098,1.29129,1.29,1.2907199999999999,8419
2024-07-24 00:00:00,1.29037,1.29082,1.2895400000000001,1.28969,4997
2024-07-24 04:00:00,1.28969,1.28998,1.28837,1.28872,8517
2024-07-24 08:00:00,1.28876,1.29014,1.2877100000000001,1.28965,18655
2024-07-24 12:00:00,1.28965,1.29297,1.28883,1.2928,18245
2024-07-24 16:00:00,1.2928,1.29373,1.29146,1.29261,21006
2024-07-24 20:00:00,1.29261,1.29272,1.28992,1.29067,11441
2024-07-25 00:00:00,1.29017,1.2909,1.28919,1.2895699999999999,8903
2024-07-25 04:00:00,1.2895699999999999,1.28983,1.2885900000000001,1.28887,10968
2024-07-25 08:00:00,1.28887,1.29134,1.2873999999999999,1.28858,23419
2024-07-25 12:00:00,1.28857,1.28941,1.28553,1.28748,23369
2024-07-25 16:00:00,1.28747,1.28917,1.28631,1.28829,32875
2024-07-25 20:00:00,1.28831,1.28897,1.28495,1.28508,14695
2024-07-26 00:00:00,1.28516,1.28605,1.28487,1.28566,5647
2024-07-26 04:00:00,1.28566,1.28657,1.28536,1.28635,6214
2024-07-26 08:00:00,1.28635,1.28727,1.28568,1.28654,13883
2024-07-26 12:00:00,1.2865,1.2873700000000001,1.28545,1.28663,16621
2024-07-26 16:00:00,1.28663,1.28749,1.28497,1.28741,21550
2024-07-26 20:00:00,1.28742,1.28778,1.28655,1.28664,9548
2024-07-29 00:00:00,1.28586,1.28879,1.28586,1.28846,6814
2024-07-29 04:00:00,1.28847,1.28879,1.2873700000000001,1.28747,8104
2024-07-29 08:00:00,1.28748,1.28777,1.28078,1.28128,16535
2024-07-29 12:00:00,1.28128,1.28464,1.2806600000000001,1.28378,16941
2024-07-29 16:00:00,1.28379,1.28596,1.2823,1.2854,17954
2024-07-29 20:00:00,1.28541,1.28677,1.28538,1.2861500000000001,10594
2024-07-30 00:00:00,1.28563,1.28659,1.28509,1.28534,6079
2024-07-30 04:00:00,1.28533,1.2859,1.28449,1.28574,7091
2024-07-30 08:00:00,1.28573,1.28641,1.2843200000000001,1.2859099999999999,14888
2024-07-30 12:00:00,1.28592,1.2864200000000001,1.28285,1.28287,12820
2024-07-30 16:00:00,1.28287,1.2844,1.28198,1.28334,22534
2024-07-30 20:00:00,1.28334,1.28389,1.28267,1.28365,12490
2024-07-31 00:00:00,1.28265,1.28423,1.28262,1.2840500000000001,9707
2024-07-31 04:00:00,1.2840500000000001,1.28526,1.28351,1.28456,15256
2024-07-31 08:00:00,1.28457,1.2847,1.28209,1.28293,22710
2024-07-31 12:00:00,1.28294,1.28534,1.28207,1.28476,18749
2024-07-31 16:00:00,1.28476,1.28541,1.28221,1.28362,25857
2024-07-31 20:00:00,1.28362,1.28641,1.28209,1.28534,25590
2024-08-01 00:00:00,1.28531,1.2863,1.28487,1.28533,8438
2024-08-01 04:00:00,1.28534,1.28604,1.28477,1.285,11578
2024-08-01 08:00:00,1.285,1.2852999999999999,1.2776100000000001,1.27789,23443
2024-08-01 12:00:00,1.27789,1.28233,1.2748599999999999,1.28102,23824
2024-08-01 16:00:00,1.28102,1.28381,1.27515,1.27539,22752
2024-08-01 20:00:00,1.2753999999999999,1.27579,1.27267,1.27377,15386
2024-08-02 00:00:00,1.2743,1.2743,1.27204,1.2723499999999999,12346
2024-08-02 04:00:00,1.2723499999999999,1.2729300000000001,1.27125,1.27246,13327
2024-08-02 08:00:00,1.27246,1.27394,1.2707,1.27352,26004
2024-08-02 12:00:00,1.27351,1.28085,1.27328,1.28019,26862
2024-08-02 16:00:00,1.28019,1.284,1.27835,1.27884,45058
2024-08-02 20:00:00,1.27885,1.2812299999999999,1.27882,1.28048,15861
2024-08-05 00:00:00,1.28003,1.28109,1.27798,1.27837,16250
2024-08-05 04:00:00,1.27838,1.28052,1.27778,1.28004,25712
2024-08-05 08:00:00,1.2800500000000001,1.28168,1.271,1.27622,57657
2024-08-05 12:00:00,1.27622,1.27777,1.2727,1.27521,40688
2024-08-05 16:00:00,1.2752,1.27957,1.27482,1.27663,63583
2024-08-05 20:00:00,1.2766199999999999,1.2778399999999999,1.27441,1.27755,21719
2024-08-06 00:00:00,1.27654,1.28027,1.27595,1.28027,19645
2024-08-06 04:00:00,1.28026,1.28029,1.2772000000000001,1.2772700000000001,24128
2024-08-06 08:00:00,1.2772700000000001,1.27785,1.2729300000000001,1.2732,39261
2024-08-06 12:00:00,1.27319,1.27319,1.26723,1.26791,33838
2024-08-06 16:00:00,1.26792,1.27263,1.26785,1.27048,38779
2024-08-06 20:00:00,1.27047,1.27093,1.26844,1.26905,20867
2024-08-07 00:00:00,1.26837,1.27033,1.2680500000000001,1.27024,13728
2024-08-07 04:00:00,1.27024,1.2718,1.26932,1.27039,24257
2024-08-07 08:00:00,1.27039,1.2716,1.26872,1.2701500000000001,30815
2024-08-07 12:00:00,1.27016,1.2735699999999999,1.26971,1.27222,20325
2024-08-07 16:00:00,1.27222,1.27257,1.27042,1.27073,27228
2024-08-07 20:00:00,1.27072,1.27094,1.26831,1.26895,19877
2024-08-08 00:00:00,1.2686600000000001,1.26944,1.2678,1.2681,9053
2024-08-08 04:00:00,1.26809,1.27023,1.2680500000000001,1.26955,13743
2024-08-08 08:00:00,1.26955,1.27134,1.2689599999999999,1.27002,24349
2024-08-08 12:00:00,1.27003,1.27041,1.26647,1.26753,27222
2024-08-08 16:00:00,1.26753,1.27433,1.26753,1.2742200000000001,34947
2024-08-08 20:00:00,1.2742200000000001,1.27523,1.27342,1.27467,17417
2024-08-09 00:00:00,1.27411,1.27492,1.27378,1.27406,8865
2024-08-09 04:00:00,1.27406,1.27602,1.27405,1.27494,9651
2024-08-09 08:00:00,1.27493,1.27717,1.2747600000000001,1.27649,16846
2024-08-09 12:00:00,1.27649,1.27682,1.2726,1.27369,17855
2024-08-09 16:00:00,1.2737,1.27737,1.2731,1.27577,24541
2024-08-09 20:00:00,1.27577,1.27698,1.27538,1.2758,12209
2024-08-12 00:00:00,1.27591,1.2760500000000001,1.27465,1.27567,5187
2024-08-12 04:00:00,1.27567,1.27631,1.27561,1.2763,6059
2024-08-12 08:00:00,1.27629,1.27819,1.27596,1.27636,15553
2024-08-12 12:00:00,1.27636,1.27751,1.27525,1.27636,14242
2024-08-12 16:00:00,1.27636,1.27938,1.27567,1.2757800000000001,27752
2024-08-12 20:00:00,1.2757800000000001,1.27709,1.27552,1.27645,13642
2024-08-13 00:00:00,1.2764,1.27706,1.27588,1.2766199999999999,5060
2024-08-13 04:00:00,1.2766199999999999,1.2778800000000001,1.2764,1.27786,5682
2024-08-13 08:00:00,1.27787,1.28128,1.2776,1.27977,18113
2024-08-13 12:00:00,1.27976,1.28126,1.2779099999999999,1.2807,21378
2024-08-13 16:00:00,1.2807,1.28467,1.27997,1.28449,25498
2024-08-13 20:00:00,1.28449,1.28728,1.28433,1.28643,18390
2024-08-14 00:00:00,1.28568,1.28673,1.28558,1.28632,4572
2024-08-14 04:00:00,1.28631,1.28682,1.28537,1.28583,9688
2024-08-14 08:00:00,1.28583,1.28628,1.2814999999999999,1.2841,18741
2024-08-14 12:00:00,1.28411,1.28602,1.28263,1.28394,19675
2024-08-14 16:00:00,1.28391,1.28637,1.28329,1.28378,24974
2024-08-14 20:00:00,1.28378,1.28378,1.28208,1.28273,12631
2024-08-15 00:00:00,1.28259,1.28316,1.28224,1.2827,4478
2024-08-15 04:00:00,1.28269,1.2840500000000001,1.28193,1.2839800000000001,8214
2024-08-15 08:00:00,1.28399,1.2858,1.28377,1.28436,13470
2024-08-15 12:00:00,1.2843499999999999,1.28695,1.28098,1.28176,17458
2024-08-15 16:00:00,1.28176,1.28714,1.27985,1.28514,27699
2024-08-15 20:00:00,1.28514,1.28643,1.28478,1.2852999999999999,9918
2024-08-16 00:00:00,1.2848899999999999,1.28637,1.28481,1.28623,4983
2024-08-16 04:00:00,1.28623,1.2875,1.28601,1.28727,6008
2024-08-16 08:00:00,1.28727,1.2891,1.28702,1.28852,11153
2024-08-16 12:00:00,1.28852,1.29138,1.28847,1.28969,11723
2024-08-16 16:00:00,1.28969,1.29215,1.28814,1.29205,17350
2024-08-16 20:00:00,1.29205,1.29457,1.29205,1.29441,9687
2024-08-19 00:00:00,1.2932299999999999,1.29528,1.29315,1.2945,5488
2024-08-19 04:00:00,1.29449,1.29602,1.29437,1.29529,7162
2024-08-19 08:00:00,1.29529,1.29753,1.29525,1.29715,18037
2024-08-19 12:00:00,1.29717,1.29721,1.29422,1.2950599999999999,15694
2024-08-19 16:00:00,1.2950599999999999,1.29971,1.29398,1.2981500000000001,20626
2024-08-19 20:00:00,1.2981500000000001,1.29961,1.29788,1.29898,11928
2024-08-20 00:00:00,1.29855,1.2993700000000001,1.2983,1.29856,5144
2024-08-20 04:00:00,1.29857,1.29929,1.29767,1.29793,10934
2024-08-20 08:00:00,1.29794,1.30126,1.29739,1.30005,16135
2024-08-20 12:00:00,1.30005,1.30297,1.29913,1.30268,18256
2024-08-20 16:00:00,1.30268,1.3052000000000001,1.3012299999999999,1.30249,28002
2024-08-20 20:00:00,1.30248,1.3035700000000001,1.30173,1.30339,12340
2024-08-21 00:00:00,1.3034,1.30382,1.30254,1.30344,6768
2024-08-21 04:00:00,1.30344,1.30361,1.30225,1.30261,9203
2024-08-21 08:00:00,1.3026,1.30312,1.30106,1.30125,18050
2024-08-21 12:00:00,1.30124,1.3047900000000001,1.30122,1.3044799999999999,15336
2024-08-21 16:00:00,1.30447,1.3091300000000001,1.30341,1.3089,36667
2024-08-21 20:00:00,1.30891,1.3119100000000001,1.30844,1.30901,14099
2024-08-22 00:00:00,1.30853,1.30968,1.30837,1.30895,4622
2024-08-22 04:00:00,1.30896,1.3091,1.30811,1.30835,5303
2024-08-22 08:00:00,1.30834,1.3128600000000001,1.3081,1.31136,14566
2024-08-22 12:00:00,1.31137,1.3127499999999999,1.30951,1.31185,18506
2024-08-22 16:00:00,1.31185,1.31296,1.30813,1.3086,25668
2024-08-22 20:00:00,1.30859,1.30946,1.30761,1.30919,13251
2024-08-23 00:00:00,1.30868,1.31013,1.30867,1.30982,4899
2024-08-23 04:00:00,1.30982,1.31095,1.30964,1.3109199999999999,6173
2024-08-23 08:00:00,1.31091,1.3131,1.3106900000000001,1.31308,11784
2024-08-23 12:00:00,1.31307,1.31364,1.31105,1.31192,14886
2024-08-23 16:00:00,1.31186,1.32301,1.3108,1.31907,42513
2024-08-23 20:00:00,1.31906,1.32207,1.3188900000000001,1.32177,17450
2024-08-26 00:00:00,1.32127,1.3219400000000001,1.32034,1.32142,6690
2024-08-26 04:00:00,1.32142,1.32221,1.31985,1.32004,5106
2024-08-26 08:00:00,1.32005,1.32096,1.31895,1.31975,12317
2024-08-26 12:00:00,1.31975,1.32054,1.31795,1.32013,14611
2024-08-26 16:00:00,1.32012,1.32094,1.3180100000000001,1.31985,22883
2024-08-26 20:00:00,1.3198400000000001,1.3207200000000001,1.31815,1.3186200000000001,10566
2024-08-27 00:00:00,1.31836,1.31927,1.31799,1.31811,4806
2024-08-27 04:00:00,1.31809,1.3195000000000001,1.31806,1.3192599999999999,5394
2024-08-27 08:00:00,1.3192599999999999,1.3223099999999999,1.31912,1.32175,14390
2024-08-27 12:00:00,1.3217400000000001,1.32467,1.32035,1.32126,18416
2024-08-27 16:00:00,1.32128,1.32422,1.32124,1.32327,24051
2024-08-27 20:00:00,1.3232599999999999,1.3265799999999999,1.3231600000000001,1.3262800000000001,11560
2024-08-28 00:00:00,1.32535,1.32621,1.32498,1.3259400000000001,4827
2024-08-28 04:00:00,1.32595,1.32605,1.32398,1.32412,6968
2024-08-28 08:00:00,1.32412,1.3244,1.32168,1.32298,15005
2024-08-28 12:00:00,1.32297,1.32393,1.3198699999999999,1.32099,19678
2024-08-28 16:00:00,1.321,1.32306,1.31737,1.31854,28240
2024-08-28 20:00:00,1.31854,1.3191,1.31673,1.31904,13416
2024-08-29 00:00:00,1.31906,1.32078,1.31884,1.32062,4997
2024-08-29 04:00:00,1.32063,1.32121,1.31968,1.32119,5464
2024-08-29 08:00:00,1.3212,1.32267,1.3168,1.31882,19423
2024-08-29 12:00:00,1.31881,1.3202,1.3153299999999999,1.31604,23543
2024-08-29 16:00:00,1.31605,1.31904,1.31452,1.31823,29751
2024-08-29 20:00:00,1.31823,1.31893,1.31631,1.31695,13948
2024-08-30 00:00:00,1.3165200000000001,1.3171,1.31598,1.31676,5088
2024-08-30 04:00:00,1.3167499999999999,1.3171,1.31599,1.31642,7026
2024-08-30 08:00:00,1.31642,1.31998,1.31637,1.31825,13716
2024-08-30 12:00:00,1.31826,1.31893,1.31432,1.3155000000000001,19301
2024-08-30 16:00:00,1.31549,1.3164,1.31094,1.31189,34795
2024-08-30 20:00:00,1.3119,1.31359,1.31121,1.31292,13966
2024-09-02 00:00:00,1.31293,1.3137699999999999,1.31195,1.31335,3487
2024-09-02 04:00:00,1.31334,1.31372,1.31198,1.31257,4289
2024-09-02 08:00:00,1.31257,1.31457,1.31222,1.3134700000000001,10784
2024-09-02 12:00:00,1.31346,1.31476,1.31269,1.31423,10374
2024-09-02 16:00:00,1.31423,1.31547,1.31353,1.31416,10454
2024-09-02 20:00:00,1.31415,1.31473,1.31415,1.31454,1443
2024-09-03 00:00:00,1.31416,1.31493,1.31337,1.31369,3974
2024-09-03 04:00:00,1.31371,1.31468,1.3122500000000001,1.31247,7732
2024-09-03 08:00:00,1.31246,1.31395,1.31085,1.3122099999999999,17473
2024-09-03 12:00:00,1.3122,1.3139,1.31094,1.31304,19281
2024-09-03 16:00:00,1.31304,1.31461,1.3088199999999999,1.3103,31866
2024-09-03 20:00:00,1.3103,1.31167,1.30875,1.31159,12270
2024-09-04 00:00:00,1.3111,1.31149,1.3102,1.3103799999999999,6011
2024-09-04 04:00:00,1.31039,1.31183,1.31012,1.31172,7000
2024-09-04 08:00:00,1.31172,1.31274,1.31006,1.31206,15570
2024-09-04 12:00:00,1.31207,1.31268,1.31063,1.31233,14667
2024-09-04 16:00:00,1.31233,1.31752,1.31206,1.31501,30437
2024-09-04 20:00:00,1.315,1.31527,1.31269,1.31473,13393
2024-09-05 00:00:00,1.31413,1.3148900000000001,1.3139,1.31433,6815
2024-09-05 04:00:00,1.31434,1.31562,1.31434,1.3147199999999999,6322
2024-09-05 08:00:00,1.3147199999999999,1.31714,1.31369,1.31693,13980
2024-09-05 12:00:00,1.31693,1.31798,1.31534,1.31609,17894
2024-09-05 16:00:00,1.3161,1.31785,1.3151,1.31727,29757
2024-09-05 20:00:00,1.31728,1.31852,1.31639,1.3182,14860
2024-09-06 00:00:00,1.31763,1.31818,1.31742,1.31779,3040
2024-09-06 04:00:00,1.3178,1.31795,1.31725,1.31782,5007
2024-09-06 08:00:00,1.31783,1.31929,1.31659,1.3167200000000001,15046
2024-09-06 12:00:00,1.31671,1.32385,1.31474,1.32099,24377
2024-09-06 16:00:00,1.32099,1.32165,1.31097,1.31201,53947
2024-09-06 20:00:00,1.31201,1.31392,1.31127,1.31295,20915
2024-09-09 00:00:00,1.31159,1.3141,1.31159,1.31299,5473
2024-09-09 04:00:00,1.31299,1.3143,1.3119,1.31192,6158
2024-09-09 08:00:00,1.3119100000000001,1.31193,1.30827,1.3087900000000001,15131
2024-09-09 12:00:00,1.3087900000000001,1.30998,1.30724,1.30831,15842
2024-09-09 16:00:00,1.3083,1.31006,1.30675,1.3096999999999999,23636
2024-09-09 20:00:00,1.30971,1.31018,1.30715,1.3072300000000001,15688
2024-09-10 00:00:00,1.30715,1.30765,1.30578,1.30625,3414
2024-09-10 04:00:00,1.30624,1.30772,1.30614,1.30766,4508
2024-09-10 08:00:00,1.30765,1.31075,1.30728,1.3085200000000001,15214
2024-09-10 12:00:00,1.30853,1.31045,1.30682,1.30702,17519
2024-09-10 16:00:00,1.3070300000000001,1.30755,1.30492,1.30681,26571
2024-09-10 20:00:00,1.3068,1.30864,1.30656,1.30793,14939
2024-09-11 00:00:00,1.30716,1.30846,1.30693,1.30718,4600
2024-09-11 04:00:00,1.3072,1.3102,1.30702,1.31018,8465
2024-09-11 08:00:00,1.31019,1.31113,1.30774,1.3082799999999999,16617
2024-09-11 12:00:00,1.30829,1.3097699999999999,1.30466,1.30613,23053
2024-09-11 16:00:00,1.30615,1.3073000000000001,1.3001800000000001,1.3036400000000001,33343
2024-09-11 20:00:00,1.3036400000000001,1.30498,1.30351,1.30439,17919
2024-09-12 00:00:00,1.30406,1.30458,1.30337,1.30338,3773
2024-09-12 04:00:00,1.30338,1.3048600000000001,1.3032,1.30485,6793
2024-09-12 08:00:00,1.3048199999999999,1.30565,1.30325,1.3047,13689
2024-09-12 12:00:00,1.30469,1.30621,1.30373,1.30538,21040
2024-09-12 16:00:00,1.30538,1.30945,1.30499,1.30919,29691
2024-09-12 20:00:00,1.3092,1.3127,1.30851,1.31257,24753
2024-09-13 00:00:00,1.31237,1.31455,1.31222,1.3145,4475
2024-09-13 04:00:00,1.3145,1.31508,1.3137400000000001,1.31471,9280
2024-09-13 08:00:00,1.3147,1.31494,1.31241,1.31432,15603
2024-09-13 12:00:00,1.31432,1.31522,1.31143,1.3137400000000001,21478
2024-09-13 16:00:00,1.31375,1.31575,1.3123,1.31308,26514
2024-09-13 20:00:00,1.3130899999999999,1.31342,1.31176,1.3123,15268
2024-09-16 00:00:00,1.312,1.31433,1.31181,1.3141,4747
2024-09-16 04:00:00,1.3141,1.31629,1.31383,1.3153000000000001,5604
2024-09-16 08:00:00,1.31531,1.31927,1.31525,1.31879,13216
2024-09-16 12:00:00,1.3188,1.32089,1.3182,1.3197999999999999,18961
2024-09-16 16:00:00,1.3197999999999999,1.3214000000000001,1.3191,1.32067,22869
2024-09-16 20:00:00,1.32067,1.32179,1.3197,1.3216700000000001,12432
2024-09-17 00:00:00,1.32132,1.32171,1.31999,1.32015,3877
2024-09-17 04:00:00,1.32015,1.32114,1.31998,1.32029,5340
2024-09-17 08:00:00,1.32028,1.32297,1.3197999999999999,1.3228,13080
2024-09-17 12:00:00,1.32279,1.32291,1.31992,1.32102,20687
2024-09-17 16:00:00,1.32102,1.32125,1.3152,1.31578,29864
2024-09-17 20:00:00,1.31578,1.31691,1.31456,1.31575,18805
2024-09-18 00:00:00,1.3153299999999999,1.3171,1.31517,1.31685,4952
2024-09-18 04:00:00,1.31686,1.31721,1.31577,1.31588,6604
2024-09-18 08:00:00,1.31588,1.32117,1.31561,1.32055,15761
2024-09-18 12:00:00,1.32055,1.32272,1.32043,1.32182,16657
2024-09-18 16:00:00,1.32182,1.32537,1.31948,1.32101,23695
2024-09-18 20:00:00,1.32102,1.32977,1.31752,1.32119,61515
2024-09-19 00:00:00,1.3202099999999999,1.3218,1.3168,1.3171,10135
2024-09-19 04:00:00,1.3170899999999999,1.32135,1.31531,1.32086,15204
2024-09-19 08:00:00,1.32087,1.32649,1.32085,1.32632,23744
2024-09-19 12:00:00,1.32633,1.33142,1.32398,1.32398,30954
2024-09-19 16:00:00,1.32397,1.32891,1.32196,1.3281,35626
2024-09-19 20:00:00,1.3281,1.32892,1.32736,1.3284799999999999,20428
2024-09-20 00:00:00,1.32804,1.3284,1.32714,1.32775,4878
2024-09-20 04:00:00,1.32775,1.33015,1.32742,1.32924,8638
2024-09-20 08:00:00,1.32924,1.33404,1.32867,1.33007,23857
2024-09-20 12:00:00,1.33007,1.33229,1.32806,1.33205,19098
2024-09-20 16:00:00,1.33205,1.33314,1.32676,1.33259,35407
2024-09-20 20:00:00,1.33258,1.3327,1.3306200000000001,1.3321399999999999,23902
2024-09-23 00:00:00,1.33109,1.33229,1.33067,1.33106,5263
2024-09-23 04:00:00,1.33106,1.33198,1.33066,1.33159,5812
2024-09-23 08:00:00,1.33159,1.33201,1.32481,1.32712,23076
2024-09-23 12:00:00,1.32712,1.33293,1.32709,1.3327200000000001,21006
2024-09-23 16:00:00,1.3327200000000001,1.33593,1.3312599999999999,1.3343099999999999,32208
2024-09-23 20:00:00,1.33432,1.33541,1.3336999999999999,1.33487,15536
2024-09-24 00:00:00,1.33392,1.33541,1.33376,1.3344,5459
2024-09-24 04:00:00,1.3344,1.3357999999999999,1.33399,1.3357700000000001,10409
2024-09-24 08:00:00,1.33578,1.33811,1.33315,1.33769,22614
2024-09-24 12:00:00,1.33769,1.33898,1.3358400000000001,1.33866,19711
2024-09-24 16:00:00,1.33868,1.33988,1.33676,1.33902,29484
2024-09-24 20:00:00,1.33901,1.3415300000000001,1.33872,1.34146,15353
2024-09-25 00:00:00,1.34097,1.34295,1.34094,1.34233,4765
2024-09-25 04:00:00,1.34233,1.34246,1.34104,1.34172,9694
2024-09-25 08:00:00,1.34171,1.34182,1.33754,1.33791,21458
2024-09-25 12:00:00,1.33792,1.33962,1.33635,1.33954,23094
2024-09-25 16:00:00,1.33955,1.34122,1.33274,1.33324,34817
2024-09-25 20:00:00,1.33325,1.3332600000000001,1.3312300000000001,1.3320699999999999,24812
2024-09-26 00:00:00,1.33161,1.33285,1.3312300000000001,1.33276,5682
2024-09-26 04:00:00,1.33276,1.33426,1.33206,1.3339400000000001,7962
2024-09-26 08:00:00,1.3339400000000001,1.33578,1.33339,1.3351,20678
2024-09-26 12:00:00,1.33511,1.3389,1.33491,1.3372,26041
2024-09-26 16:00:00,1.33721,1.34341,1.33505,1.34093,41563
2024-09-26 20:00:00,1.3409200000000001,1.34253,1.34082,1.3413300000000001,21434
2024-09-27 00:00:00,1.34091,1.34158,1.33971,1.33983,5200
2024-09-27 04:00:00,1.33982,1.3401399999999999,1.33803,1.3385099999999999,9811
2024-09-27 08:00:00,1.3385099999999999,1.33967,1.33596,1.33738,27696
2024-09-27 12:00:00,1.33739,1.34261,1.33703,1.34243,23140
2024-09-27 16:00:00,1.34241,1.34274,1.33795,1.33832,35441
2024-09-27 20:00:00,1.33833,1.33881,1.33703,1.33718,23052
2024-09-30 00:00:00,1.33663,1.33843,1.33663,1.33826,5425
2024-09-30 04:00:00,1.33827,1.33894,1.3373300000000001,1.33879,9443
2024-09-30 08:00:00,1.33879,1.34229,1.3374,1.34179,21328
2024-09-30 12:00:00,1.34175,1.34177,1.33811,1.33859,18063
2024-09-30 16:00:00,1.33861,1.34169,1.33596,1.34016,33856
2024-09-30 20:00:00,1.34018,1.3408,1.33497,1.33743,28136
2024-10-01 00:00:00,1.33697,1.3382399999999999,1.33677,1.33749,6388
2024-10-01 04:00:00,1.3375,1.3389199999999999,1.33682,1.33802,10081
2024-10-01 08:00:00,1.33802,1.3384800000000001,1.33259,1.33317,25883
2024-10-01 12:00:00,1.33316,1.33386,1.33109,1.33183,25248
2024-10-01 16:00:00,1.33182,1.33273,1.32455,1.32544,45075
2024-10-01 20:00:00,1.32547,1.32901,1.3237,1.3283800000000001,32253
2024-10-02 00:00:00,1.32824,1.32863,1.3271899999999999,1.32766,4515
2024-10-02 04:00:00,1.32767,1.32957,1.32673,1.32693,9567
2024-10-02 08:00:00,1.3269199999999999,1.33054,1.326,1.32964,21628
2024-10-02 12:00:00,1.32964,1.32974,1.3273,1.32732,21727
2024-10-02 16:00:00,1.3274,1.32831,1.32456,1.32709,30701
2024-10-02 20:00:00,1.3271,1.3275000000000001,1.32581,1.32682,17948
2024-10-03 00:00:00,1.32609,1.32711,1.32535,1.32614,7964
2024-10-03 04:00:00,1.32615,1.3262800000000001,1.32429,1.3244,10848
2024-10-03 08:00:00,1.3244,1.3246,1.31052,1.31161,34078
2024-10-03 12:00:00,1.3115999999999999,1.3128600000000001,1.30924,1.31136,29495
2024-10-03 16:00:00,1.31135,1.3131599999999999,1.30917,1.31251,40991
2024-10-03 20:00:00,1.3125200000000001,1.3131599999999999,1.31122,1.31222,18069
2024-10-04 00:00:00,1.31165,1.31338,1.31137,1.31308,5055
2024-10-04 04:00:00,1.31308,1.31356,1.3123,1.31273,10027
2024-10-04 08:00:00,1.31274,1.31674,1.31266,1.31564,21440
2024-10-04 12:00:00,1.31565,1.31746,1.30752,1.30789,25058
2024-10-04 16:00:00,1.30788,1.3119,1.3069600000000001,1.3115,38681
2024-10-04 20:00:00,1.31149,1.31293,1.31141,1.31207,19695
2024-10-07 00:00:00,1.31113,1.3127900000000001,1.31071,1.31222,8380
2024-10-07 04:00:00,1.31222,1.31345,1.31164,1.31164,10887
2024-10-07 08:00:00,1.31165,1.31224,1.3086,1.30885,23289
2024-10-07 12:00:00,1.30885,1.30895,1.30591,1.3078400000000001,23889
2024-10-07 16:00:00,1.3078400000000001,1.30938,1.30682,1.30895,28485
2024-10-07 20:00:00,1.30893,1.30964,1.30688,1.3081800000000001,14636
2024-10-08 00:00:00,1.30736,1.31,1.3072599999999999,1.31,6594
2024-10-08 04:00:00,1.31,1.3103500000000001,1.30847,1.30898,15617
2024-10-08 08:00:00,1.30899,1.31037,1.3064,1.30994,22987
2024-10-08 12:00:00,1.30994,1.31132,1.30899,1.31006,18875
2024-10-08 16:00:00,1.31007,1.31121,1.30808,1.3088,24556
2024-10-08 20:00:00,1.3087900000000001,1.3105,1.30758,1.31048,18417
2024-10-09 00:00:00,1.30994,1.31044,1.30922,1.30998,4082
2024-10-09 04:00:00,1.30997,1.3102,1.30811,1.30841,13558
2024-10-09 08:00:00,1.30842,1.31017,1.30553,1.30773,24777
2024-10-09 12:00:00,1.30774,1.30952,1.3075999999999999,1.30824,16174
2024-10-09 16:00:00,1.30824,1.30887,1.30653,1.30682,21756
2024-10-09 20:00:00,1.30682,1.30758,1.30597,1.30729,13114
2024-10-10 00:00:00,1.30653,1.30725,1.30622,1.30687,5912
2024-10-10 04:00:00,1.30686,1.30778,1.3066900000000001,1.30719,11111
2024-10-10 08:00:00,1.30719,1.30888,1.30674,1.30738,16770
2024-10-10 12:00:00,1.30738,1.30935,1.30138,1.30758,24572
2024-10-10 16:00:00,1.30759,1.30847,1.30251,1.30351,35478
2024-10-10 20:00:00,1.30352,1.30641,1.30216,1.30588,16265
2024-10-11 00:00:00,1.30481,1.3063799999999999,1.30468,1.3063799999999999,6170
2024-10-11 04:00:00,1.30639,1.30666,1.3048199999999999,1.30492,6864
2024-10-11 08:00:00,1.30491,1.30809,1.30414,1.3073299999999999,13265
2024-10-11 12:00:00,1.30732,1.30817,1.30514,1.30648,15867
2024-10-11 16:00:00,1.30648,1.3083,1.30565,1.30722,21645
2024-10-11 20:00:00,1.30722,1.3078,1.30628,1.30652,7968
2024-10-14 00:00:00,1.3057,1.30648,1.30404,1.3050899999999999,4429
2024-10-14 04:00:00,1.30508,1.30625,1.3042099999999999,1.3059,9739
2024-10-14 08:00:00,1.3059,1.30716,1.30559,1.30663,13903
2024-10-14 12:00:00,1.30661,1.30674,1.30307,1.30338,16114
2024-10-14 16:00:00,1.30337,1.306,1.30297,1.30514,21784
2024-10-14 20:00:00,1.3051300000000001,1.30613,1.30413,1.30584,10237
2024-10-15 00:00:00,1.30534,1.30674,1.3053,1.30656,4117
2024-10-15 04:00:00,1.30655,1.30687,1.30474,1.30498,9189
2024-10-15 08:00:00,1.30497,1.30863,1.30351,1.30763,19169
2024-10-15 12:00:00,1.3076400000000001,1.3096700000000001,1.30681,1.30881,16908
2024-10-15 16:00:00,1.3088199999999999,1.31026,1.30685,1.30693,23794
2024-10-15 20:00:00,1.30695,1.30738,1.3060399999999999,1.3072300000000001,11944
2024-10-16 00:00:00,1.30693,1.30737,1.30596,1.30644,5568
2024-10-16 04:00:00,1.30645,1.3077,1.30632,1.30736,8208
2024-10-16 08:00:00,1.30736,1.30765,1.29822,1.30035,24643
2024-10-16 12:00:00,1.30036,1.30375,1.30006,1.3014999999999999,16932
2024-10-16 16:00:00,1.30151,1.3031,1.29945,1.30041,19656
2024-10-16 20:00:00,1.30042,1.30054,1.29768,1.29895,9694
2024-10-17 00:00:00,1.29829,1.2996699999999999,1.29821,1.29871,6978
2024-10-17 04:00:00,1.29871,1.30011,1.29804,1.29837,11638
2024-10-17 08:00:00,1.2983500000000001,1.29961,1.29734,1.2977699999999999,15801
2024-10-17 12:00:00,1.29776,1.30229,1.29757,1.30084,21023
2024-10-17 16:00:00,1.30085,1.30187,1.29793,1.30101,31885
2024-10-17 20:00:00,1.30102,1.30151,1.30044,1.30107,12495
2024-10-18 00:00:00,1.30037,1.30192,1.30037,1.30136,4604
2024-10-18 04:00:00,1.30135,1.3026200000000001,1.30135,1.30214,10349
2024-10-18 08:00:00,1.30215,1.3071,1.30197,1.3041,17982
2024-10-18 12:00:00,1.3041,1.30546,1.30338,1.30487,16837
2024-10-18 16:00:00,1.30487,1.3066499999999999,1.30197,1.30439,20628
2024-10-18 20:00:00,1.30439,1.30506,1.3038,1.3048600000000001,15660
2024-10-21 00:00:00,1.30439,1.30576,1.30389,1.3042799999999999,6733
2024-10-21 04:00:00,1.30427,1.30529,1.30384,1.30402,9495
2024-10-21 08:00:00,1.30402,1.30445,1.30118,1.3026200000000001,13588
2024-10-21 12:00:00,1.30261,1.30335,1.3013,1.30292,15194
2024-10-21 16:00:00,1.30291,1.30318,1.29783,1.29867,19688
2024-10-21 20:00:00,1.29867,1.29913,1.29767,1.29837,12562
2024-10-22 00:00:00,1.29786,1.2987600000000001,1.29761,1.29804,5566
2024-10-22 04:00:00,1.29803,1.29999,1.29802,1.29996,13021
2024-10-22 08:00:00,1.29995,1.30149,1.29862,1.29888,15106
2024-10-22 12:00:00,1.29887,1.2992,1.29554,1.29557,15802
2024-10-22 16:00:00,1.29556,1.29827,1.29441,1.29746,22025
2024-10-22 20:00:00,1.29746,1.29858,1.29727,1.29853,11373
2024-10-23 00:00:00,1.298,1.29893,1.29677,1.29766,6415
2024-10-23 04:00:00,1.29767,1.29915,1.29711,1.29887,13896
2024-10-23 08:00:00,1.29885,1.29948,1.29619,1.2984,15510
2024-10-23 12:00:00,1.29841,1.2987,1.29447,1.29528,16067
2024-10-23 16:00:00,1.29528,1.29615,1.29223,1.29283,20896
2024-10-23 20:00:00,1.29282,1.29337,1.2907,1.29224,14623
2024-10-24 00:00:00,1.29154,1.29268,1.29089,1.2925900000000001,7165
2024-10-24 04:00:00,1.2925900000000001,1.29302,1.29178,1.29302,12782
2024-10-24 08:00:00,1.29303,1.29724,1.29257,1.29609,20048
2024-10-24 12:00:00,1.29609,1.29821,1.29546,1.29739,17814
2024-10-24 16:00:00,1.2974,1.29875,1.29477,1.29592,23403
2024-10-24 20:00:00,1.29592,1.29776,1.29585,1.2973,13292
2024-10-25 00:00:00,1.29696,1.29763,1.29649,1.2968199999999999,6468
2024-10-25 04:00:00,1.2968199999999999,1.29727,1.29596,1.29643,11970
2024-10-25 08:00:00,1.29643,1.29793,1.29554,1.2975400000000001,15401
2024-10-25 12:00:00,1.29755,1.29962,1.29738,1.29918,12309
2024-10-25 16:00:00,1.29917,1.29982,1.29714,1.29761,19257
2024-10-25 20:00:00,1.29763,1.29771,1.29579,1.2959399999999999,17891
2024-10-28 00:00:00,1.29543,1.29653,1.29524,1.2953000000000001,7543
2024-10-28 04:00:00,1.29531,1.2959,1.29412,1.29461,12446
2024-10-28 08:00:00,1.2946,1.2977699999999999,1.29394,1.29755,13908
2024-10-28 12:00:00,1.2975400000000001,1.2997,1.29657,1.29877,16040
2024-10-28 16:00:00,1.2987600000000001,1.30011,1.2978,1.29793,19508
2024-10-28 20:00:00,1.29793,1.29821,1.29674,1.297,13312
2024-10-29 00:00:00,1.29676,1.2977,1.29647,1.29721,4190
2024-10-29 04:00:00,1.29721,1.29746,1.29578,1.29612,15969
2024-10-29 08:00:00,1.29613,1.29895,1.29603,1.2984,15698
2024-10-29 12:00:00,1.2984,1.29924,1.2969,1.29772,16961
2024-10-29 16:00:00,1.29773,1.30114,1.29669,1.29988,30473
2024-10-29 20:00:00,1.29988,1.30146,1.29923,1.30133,14710
2024-10-30 00:00:00,1.3014000000000001,1.30168,1.30038,1.3013,6028
2024-10-30 04:00:00,1.3013,1.302,1.2995999999999999,1.29982,10463
2024-10-30 08:00:00,1.29982,1.3024499999999999,1.29956,1.30175,16113
2024-10-30 12:00:00,1.30182,1.30268,1.29364,1.29489,25740
2024-10-30 16:00:00,1.29491,1.3042799999999999,1.29462,1.2998,35905
2024-10-30 20:00:00,1.29979,1.29995,1.29608,1.2962099999999999,18286
2024-10-31 00:00:00,1.2960099999999999,1.29671,1.29487,1.29491,6299
2024-10-31 04:00:00,1.2949,1.29587,1.29422,1.29496,11213
2024-10-31 08:00:00,1.29496,1.29988,1.2947600000000001,1.29799,16096
2024-10-31 12:00:00,1.298,1.2999399999999999,1.29576,1.29779,22253
2024-10-31 16:00:00,1.29778,1.2998,1.28433,1.28635,41864
2024-10-31 20:00:00,1.28634,1.28989,1.28549,1.28975,19707
2024-11-01 00:00:00,1.2899,1.29027,1.28885,1.2894700000000001,5079
2024-11-01 04:00:00,1.2894700000000001,1.2902,1.28882,1.28974,11791
2024-11-01 08:00:00,1.28975,1.29182,1.28842,1.29037,14645
2024-11-01 12:00:00,1.29039,1.29668,1.29038,1.29534,21230
2024-11-01 16:00:00,1.2953299999999999,1.29801,1.2943500000000001,1.29559,32555
2024-11-01 20:00:00,1.29559,1.29572,1.29158,1.2919,19646
2024-11-04 00:00:00,1.29642,1.2979,1.29495,1.29748,9159
2024-11-04 04:00:00,1.29748,1.29988,1.2971599999999999,1.29924,10979
2024-11-04 08:00:00,1.29924,1.29959,1.29449,1.2971300000000001,19086
2024-11-04 12:00:00,1.29712,1.29826,1.2951,1.29692,18923
2024-11-04 16:00:00,1.2969300000000001,1.29931,1.29339,1.29561,28354
2024-11-04 20:00:00,1.29561,1.29612,1.29413,1.29565,13989
2024-11-05 00:00:00,1.29511,1.29593,1.2947899999999999,1.29552,5417
2024-11-05 04:00:00,1.29552,1.29633,1.29525,1.29597,8790
2024-11-05 08:00:00,1.29596,1.29844,1.29573,1.29817,11150
2024-11-05 12:00:00,1.29817,1.2993999999999999,1.2978399999999999,1.29825,13284
2024-11-05 16:00:00,1.29826,1.30343,1.2980800000000001,1.30331,26946
2024-11-05 20:00:00,1.30331,1.3042,1.30159,1.30416,13472
2024-11-06 00:00:00,1.30298,1.30475,1.29485,1.29666,30607
2024-11-06 04:00:00,1.29665,1.29692,1.28626,1.28883,53358
2024-11-06 08:00:00,1.28882,1.2923200000000001,1.28461,1.2900800000000001,49492
2024-11-06 12:00:00,1.29007,1.29093,1.28403,1.28641,42498
2024-11-06 16:00:00,1.28644,1.29083,1.28336,1.28892,46046
2024-11-06 20:00:00,1.28892,1.2919100000000001,1.28792,1.2880099999999999,22446
2024-11-07 00:00:00,1.2872,1.2891599999999999,1.28712,1.28892,8594
2024-11-07 04:00:00,1.28892,1.29341,1.2888600000000001,1.29303,10446
2024-11-07 08:00:00,1.293,1.2946900000000001,1.2907,1.29073,24967
2024-11-07 12:00:00,1.29074,1.2974700000000001,1.2894700000000001,1.29719,29750
2024-11-07 16:00:00,1.29719,1.3009,1.29642,1.29895,32477
2024-11-07 20:00:00,1.2989600000000001,1.29914,1.2947899999999999,1.29848,30673
2024-11-08 00:00:00,1.2984499999999999,1.29887,1.29641,1.29729,7887
2024-11-08 04:00:00,1.2973,1.29762,1.29613,1.29695,12001
2024-11-08 08:00:00,1.29698,1.29741,1.29348,1.2959800000000001,24348
2024-11-08 12:00:00,1.2959800000000001,1.29762,1.29275,1.29412,22386
2024-11-08 16:00:00,1.29413,1.2948,1.28833,1.28968,33367
2024-11-08 20:00:00,1.28968,1.2925,1.2896,1.29182,13846
2024-11-11 00:00:00,1.2897,1.29254,1.2897,1.29177,9119
2024-11-11 04:00:00,1.29177,1.2923,1.29007,1.2915,7813
2024-11-11 08:00:00,1.29149,1.2922,1.28826,1.28999,19263
2024-11-11 12:00:00,1.28998,1.29065,1.28556,1.28666,19069
2024-11-11 16:00:00,1.28666,1.28777,1.28573,1.28638,20849
2024-11-11 20:00:00,1.28638,1.28691,1.28567,1.28689,8075
2024-11-12 00:00:00,1.28641,1.2873299999999999,1.28574,1.2861099999999999,7555
2024-11-12 04:00:00,1.2861099999999999,1.2861099999999999,1.283,1.28328,14618
2024-11-12 08:00:00,1.28329,1.28329,1.27919,1.28234,25926
2024-11-12 12:00:00,1.28235,1.2831299999999999,1.28043,1.28097,23773
2024-11-12 16:00:00,1.28097,1.28108,1.27187,1.27331,34861
2024-11-12 20:00:00,1.27331,1.27507,1.27322,1.27474,15844
2024-11-13 00:00:00,1.2748,1.27531,1.27307,1.27498,9468
2024-11-13 04:00:00,1.27499,1.2754400000000001,1.2737,1.2743,11744
2024-11-13 08:00:00,1.27431,1.27555,1.27295,1.2751000000000001,18803
2024-11-13 12:00:00,1.27511,1.27684,1.27343,1.27541,25113
2024-11-13 16:00:00,1.27541,1.27563,1.2686,1.27098,43637
2024-11-13 20:00:00,1.27097,1.27199,1.26997,1.27088,16052
2024-11-14 00:00:00,1.27078,1.27111,1.26916,1.2693699999999999,9511
2024-11-14 04:00:00,1.2693699999999999,1.26939,1.26727,1.26871,11081
2024-11-14 08:00:00,1.26871,1.2695,1.2655,1.26567,20888
2024-11-14 12:00:00,1.26566,1.26792,1.26294,1.26569,29110
2024-11-14 16:00:00,1.26569,1.27199,1.26556,1.27032,36692
2024-11-14 20:00:00,1.27031,1.27047,1.26468,1.26665,23631
2024-11-15 00:00:00,1.2663,1.26718,1.2656100000000001,1.2665,11654
2024-11-15 04:00:00,1.2664900000000001,1.26822,1.2664900000000001,1.26748,13832
2024-11-15 08:00:00,1.2674699999999999,1.2690299999999999,1.26484,1.26521,22083
2024-11-15 12:00:00,1.2652,1.26968,1.26399,1.26499,25165
2024-11-15 16:00:00,1.26499,1.26541,1.2614,1.26267,42059
2024-11-15 20:00:00,1.26268,1.2631700000000001,1.25968,1.26148,21596
2024-11-18 00:00:00,1.26186,1.26421,1.26025,1.2635100000000001,13340
2024-11-18 04:00:00,1.2635,1.26399,1.26201,1.26298,11888
2024-11-18 08:00:00,1.26297,1.2640500000000001,1.26128,1.26294,21031
2024-11-18 12:00:00,1.26294,1.26319,1.26133,1.26247,20446
2024-11-18 16:00:00,1.26247,1.2668300000000001,1.26184,1.26654,26145
2024-11-18 20:00:00,1.26655,1.26862,1.26641,1.26777,13088
2024-11-19 00:00:00,1.26708,1.26789,1.26654,1.26769,8030
2024-11-19 04:00:00,1.26768,1.26891,1.26668,1.26688,11180
2024-11-19 08:00:00,1.26689,1.26795,1.26129,1.26272,27570
2024-11-19 12:00:00,1.26271,1.26532,1.26246,1.26352,26669
2024-11-19 16:00:00,1.26352,1.26819,1.26273,1.26707,32255
2024-11-19 20:00:00,1.26708,1.26849,1.26612,1.26817,13005
2024-11-20 00:00:00,1.26757,1.26951,1.26753,1.2689300000000001,8059
2024-11-20 04:00:00,1.26894,1.26935,1.26793,1.26834,8255
2024-11-20 08:00:00,1.2683499999999999,1.2714400000000001,1.26636,1.26688,23785
2024-11-20 12:00:00,1.26688,1.2675100000000001,1.26484,1.26737,21458
2024-11-20 16:00:00,1.26737,1.2674400000000001,1.26304,1.26539,29838
2024-11-20 20:00:00,1.26538,1.26545,1.2641,1.2652700000000001,13085
2024-11-21 00:00:00,1.26488,1.26589,1.26477,1.26545,6231
2024-11-21 04:00:00,1.26547,1.266,1.26492,1.26497,8042
2024-11-21 08:00:00,1.26498,1.26576,1.26226,1.26321,26384
2024-11-21 12:00:00,1.26321,1.26573,1.2625199999999999,1.26471,23473
2024-11-21 16:00:00,1.26471,1.26524,1.25758,1.25998,38222
2024-11-21 20:00:00,1.25996,1.26052,1.2586300000000001,1.25871,12807
2024-11-22 00:00:00,1.25897,1.2594,1.2582900000000001,1.25878,10195
2024-11-22 04:00:00,1.25878,1.25938,1.2566,1.25684,12295
2024-11-22 08:00:00,1.25683,1.25815,1.24922,1.25116,38771
2024-11-22 12:00:00,1.25116,1.25403,1.24869,1.252,29893
2024-11-22 16:00:00,1.25201,1.25374,1.25068,1.25299,32110
2024-11-22 20:00:00,1.25299,1.25349,1.25217,1.2530999999999999,14847
2024-11-25 00:00:00,1.25869,1.2604600000000001,1.25678,1.25938,13439
2024-11-25 04:00:00,1.25937,1.26067,1.25882,1.25941,11315
2024-11-25 08:00:00,1.2594,1.26048,1.25481,1.2573699999999999,24726
2024-11-25 12:00:00,1.2573699999999999,1.26131,1.25513,1.26111,26965
2024-11-25 16:00:00,1.26111,1.2612999999999999,1.25412,1.2554,36034
2024-11-25 20:00:00,1.2554,1.25783,1.25535,1.25648,15431
2024-11-26 00:00:00,1.25661,1.25728,1.25065,1.25264,26049
2024-11-26 04:00:00,1.25265,1.25624,1.2523900000000001,1.25481,17641
2024-11-26 08:00:00,1.25481,1.25782,1.25375,1.25712,30207
2024-11-26 12:00:00,1.25711,1.26162,1.25708,1.25821,27885
2024-11-26 16:00:00,1.2582,1.25879,1.25309,1.25369,37140
2024-11-26 20:00:00,1.2536800000000001,1.25685,1.25245,1.25682,18899
2024-11-27 00:00:00,1.2567599999999999,1.25797,1.25666,1.25745,11475
2024-11-27 04:00:00,1.25745,1.25754,1.25664,1.25678,11433
2024-11-27 08:00:00,1.25679,1.2616100000000001,1.25667,1.26038,26520
2024-11-27 12:00:00,1.26037,1.26624,1.25975,1.2662200000000001,26626
2024-11-27 16:00:00,1.26623,1.26942,1.26328,1.26742,38477
2024-11-27 20:00:00,1.26741,1.26822,1.26694,1.26797,13030
2024-11-28 00:00:00,1.26757,1.26827,1.26647,1.26725,10702
2024-11-28 04:00:00,1.26725,1.2675100000000001,1.26586,1.26638,13041
2024-11-28 08:00:00,1.26637,1.26681,1.26447,1.26508,23541
2024-11-28 12:00:00,1.26508,1.26738,1.26471,1.26636,16238
2024-11-28 16:00:00,1.26637,1.26898,1.26606,1.26872,16176
2024-11-28 20:00:00,1.26872,1.26906,1.2684,1.2687,1708
2024-11-29 00:00:00,1.26799,1.27114,1.26745,1.27017,10683
2024-11-29 04:00:00,1.27017,1.27165,1.27012,1.27064,13168
2024-11-29 08:00:00,1.27063,1.27495,1.26898,1.26925,23678
2024-11-29 12:00:00,1.26926,1.27029,1.26769,1.2685,22834
2024-11-29 16:00:00,1.26851,1.27241,1.26714,1.27238,31674
2024-11-29 20:00:00,1.2723900000000001,1.27454,1.27231,1.2735400000000001,23392
2024-12-02 00:00:00,1.27238,1.2732700000000001,1.26858,1.26905,15470
2024-12-02 04:00:00,1.26904,1.26943,1.26798,1.26861,15284
2024-12-02 08:00:00,1.26861,1.27085,1.26785,1.27032,29933
2024-12-02 12:00:00,1.27031,1.27223,1.2662,1.26845,30365
2024-12-02 16:00:00,1.26846,1.2692,1.26167,1.2644,44065
2024-12-02 20:00:00,1.26441,1.26704,1.2640500000000001,1.26507,16662
2024-12-03 00:00:00,1.26484,1.2659799999999999,1.26423,1.2646,11520
2024-12-03 04:00:00,1.2646,1.2650000000000001,1.26379,1.26471,14141
2024-12-03 08:00:00,1.26471,1.26967,1.26427,1.2677100000000001,24377
2024-12-03 12:00:00,1.2677100000000001,1.2683,1.2643,1.26692,22862
2024-12-03 16:00:00,1.26692,1.26923,1.26363,1.26913,37513
2024-12-03 20:00:00,1.26913,1.26994,1.2665199999999999,1.26699,17246
2024-12-04 00:00:00,1.26704,1.2678,1.2659500000000001,1.2667,10550
2024-12-04 04:00:00,1.2667,1.26948,1.26514,1.26906,16812
2024-12-04 08:00:00,1.26906,1.27014,1.26298,1.26759,28550
2024-12-04 12:00:00,1.2676,1.26856,1.26604,1.26702,28985
2024-12-04 16:00:00,1.26703,1.27212,1.2662200000000001,1.27163,42515
2024-12-04 20:00:00,1.27163,1.27192,1.26865,1.2695400000000001,19065
2024-12-05 00:00:00,1.27014,1.27077,1.26925,1.26965,8571
2024-12-05 04:00:00,1.26965,1.27164,1.2694,1.2713999999999999,11364
2024-12-05 08:00:00,1.27141,1.27402,1.27118,1.27215,17688
2024-12-05 12:00:00,1.27215,1.27515,1.2713700000000001,1.27512,25993
2024-12-05 16:00:00,1.27512,1.27706,1.2732999999999999,1.27462,35204
2024-12-05 20:00:00,1.27462,1.27595,1.27315,1.27572,15072
2024-12-06 00:00:00,1.27519,1.27614,1.2739500000000001,1.27441,11110
2024-12-06 04:00:00,1.27441,1.2753700000000001,1.2741799999999999,1.27444,11011
2024-12-06 08:00:00,1.27444,1.27739,1.27409,1.27591,17913
2024-12-06 12:00:00,1.27591,1.2811,1.27494,1.27945,26128
2024-12-06 16:00:00,1.27945,1.27985,1.2720799999999999,1.27276,44654
2024-12-06 20:00:00,1.27276,1.2741500000000001,1.2723200000000001,1.27387,11695
2024-12-09 00:00:00,1.27351,1.27503,1.27313,1.27382,9347
2024-12-09 04:00:00,1.27382,1.27435,1.27167,1.27196,11901
2024-12-09 08:00:00,1.27197,1.27786,1.27197,1.27683,21144
2024-12-09 12:00:00,1.27684,1.27843,1.27509,1.27782,20365
2024-12-09 16:00:00,1.2778100000000001,1.27987,1.27633,1.27702,25590
2024-12-09 20:00:00,1.27702,1.27712,1.27428,1.2748,10916
2024-12-10 00:00:00,1.2745199999999999,1.27515,1.27389,1.27472,10366
2024-12-10 04:00:00,1.27472,1.27546,1.2735,1.27541,15677
2024-12-10 08:00:00,1.27541,1.27633,1.27365,1.27542,18759
2024-12-10 12:00:00,1.27542,1.27657,1.27434,1.27503,21247
2024-12-10 16:00:00,1.27503,1.27623,1.27236,1.27455,26879
2024-12-10 20:00:00,1.27455,1.27776,1.27443,1.27708,11996
2024-12-11 00:00:00,1.27652,1.27797,1.27652,1.2778,9020
2024-12-11 04:00:00,1.2778,1.2781500000000001,1.27626,1.27656,8953
2024-12-11 08:00:00,1.27655,1.27715,1.2726899999999999,1.27295,23263
2024-12-11 12:00:00,1.27294,1.27812,1.27128,1.2770000000000001,30282
2024-12-11 16:00:00,1.2770000000000001,1.2775699999999999,1.2733400000000001,1.2743,35339
2024-12-11 20:00:00,1.27431,1.2757100000000001,1.27324,1.27493,14925
2024-12-12 00:00:00,1.27464,1.27714,1.27445,1.27678,9034
2024-12-12 04:00:00,1.27679,1.27704,1.27606,1.2764199999999999,9040
2024-12-12 08:00:00,1.2764199999999999,1.2787600000000001,1.27543,1.27588,19621
2024-12-12 12:00:00,1.27587,1.27641,1.27189,1.27288,26899
2024-12-12 16:00:00,1.27288,1.27362,1.26707,1.27029,43582
2024-12-12 20:00:00,1.2703,1.27036,1.26662,1.26714,16482
2024-12-13 00:00:00,1.26693,1.26791,1.26636,1.2665899999999999,9939
2024-12-13 04:00:00,1.2666,1.26691,1.26567,1.26636,8973
2024-12-13 08:00:00,1.26637,1.2665,1.26184,1.26396,20944
2024-12-13 12:00:00,1.26396,1.26682,1.26331,1.26645,21527
2024-12-13 16:00:00,1.26646,1.26654,1.26077,1.26205,27965
2024-12-13 20:00:00,1.26205,1.2628,1.2612999999999999,1.26214,11189
2024-12-16 00:00:00,1.26098,1.26358,1.2606899999999999,1.26352,8277
2024-12-16 04:00:00,1.26353,1.26392,1.2628300000000001,1.26359,6739
2024-12-16 08:00:00,1.2636,1.26714,1.26291,1.26533,16672
2024-12-16 12:00:00,1.26533,1.26641,1.26414,1.26636,16311
2024-12-16 16:00:00,1.26635,1.26979,1.26348,1.26819,27307
2024-12-16 20:00:00,1.26818,1.26985,1.26772,1.26855,9693
2024-12-17 00:00:00,1.26777,1.26981,1.26762,1.26892,7796
2024-12-17 04:00:00,1.26892,1.26977,1.26721,1.26743,7585
2024-12-17 08:00:00,1.26742,1.27065,1.2665600000000001,1.26864,19364
2024-12-17 12:00:00,1.26865,1.27078,1.26703,1.2702,21891
2024-12-17 16:00:00,1.2702,1.27286,1.2683900000000001,1.27194,28099
2024-12-17 20:00:00,1.27195,1.2728,1.27024,1.27121,11375
2024-12-18 00:00:00,1.27007,1.27136,1.27007,1.27103,6652
2024-12-18 04:00:00,1.27104,1.27118,1.26946,1.27019,8359
2024-12-18 08:00:00,1.27019,1.27255,1.26795,1.26875,18257
2024-12-18 12:00:00,1.26875,1.27221,1.26865,1.26907,21289
2024-12-18 16:00:00,1.26906,1.27093,1.26833,1.27047,24192
2024-12-18 20:00:00,1.27047,1.2718099999999999,1.2562,1.25705,51740
2024-12-19 00:00:00,1.25666,1.25899,1.25629,1.25895,16738
2024-12-19 04:00:00,1.25895,1.25962,1.2581,1.25851,13178
2024-12-19 08:00:00,1.2585,1.26665,1.25826,1.26605,27531
2024-12-19 12:00:00,1.26604,1.26606,1.25833,1.25918,30926
2024-12-19 16:00:00,1.25915,1.26022,1.25072,1.251,39883
2024-12-19 20:00:00,1.251,1.25308,1.24947,1.2500499999999999,17491
2024-12-20 00:00:00,1.24986,1.25076,1.24861,1.24895,8195
2024-12-20 04:00:00,1.24894,1.24904,1.24746,1.24866,9559
2024-12-20 08:00:00,1.24867,1.25174,1.24771,1.25028,23463
2024-12-20 12:00:00,1.2502900000000001,1.25592,1.24952,1.25538,22283
2024-12-20 16:00:00,1.25538,1.26138,1.25372,1.2603,36203
2024-12-20 20:00:00,1.26029,1.2608,1.25645,1.25672,13934
2024-12-23 00:00:00,1.25605,1.2583,1.25565,1.25808,10071
2024-12-23 04:00:00,1.25809,1.2588,1.25756,1.25774,8175
2024-12-23 08:00:00,1.25775,1.2583,1.2555100000000001,1.25689,14189
2024-12-23 12:00:00,1.25689,1.2572,1.2511999999999999,1.2524899999999999,16734
2024-12-23 16:00:00,1.25252,1.25382,1.25095,1.25205,23299
2024-12-23 20:00:00,1.25206,1.25387,1.25205,1.25349,12813
2024-12-24 00:00:00,1.25376,1.25379,1.25245,1.25314,5592
2024-12-24 04:00:00,1.25316,1.25417,1.25272,1.25378,7432
2024-12-24 08:00:00,1.25377,1.25446,1.25277,1.25335,9845
2024-12-24 12:00:00,1.2533400000000001,1.2567599999999999,1.2526,1.25654,15158
2024-12-24 16:00:00,1.25654,1.25744,1.25183,1.25189,19197
2024-12-24 20:00:00,1.2518799999999999,1.25489,1.2518799999999999,1.25365,4559
2024-12-26 00:00:00,1.25369,1.25487,1.2536800000000001,1.25411,5849
2024-12-26 04:00:00,1.2541,1.25478,1.25376,1.25441,6156
2024-12-26 08:00:00,1.25441,1.25449,1.25213,1.25305,8370
2024-12-26 12:00:00,1.25306,1.2534399999999999,1.25138,1.25234,11023
2024-12-26 16:00:00,1.25234,1.25247,1.25007,1.25156,19155
2024-12-26 20:00:00,1.25153,1.2536,1.25152,1.25257,12817
2024-12-27 00:00:00,1.25208,1.25319,1.25166,1.25226,7692
2024-12-27 04:00:00,1.25226,1.25286,1.25179,1.252,8623
2024-12-27 08:00:00,1.25199,1.2534399999999999,1.25046,1.25083,12704
2024-12-27 12:00:00,1.25083,1.25739,1.25083,1.2573699999999999,17266
2024-12-27 16:00:00,1.25736,1.25922,1.2553,1.25601,28208
2024-12-27 20:00:00,1.25599,1.25831,1.25596,1.25747,14975
2024-12-30 00:00:00,1.25724,1.25882,1.2558,1.258,4076
2024-12-30 04:00:00,1.25799,1.25848,1.25747,1.25813,4439
2024-12-30 08:00:00,1.25813,1.25888,1.25611,1.2576800000000001,11241
2024-12-30 12:00:00,1.2576800000000001,1.26068,1.2552699999999999,1.25539,18912
2024-12-30 16:00:00,1.25539,1.25679,1.2506,1.25443,37711
2024-12-30 20:00:00,1.25442,1.25586,1.25406,1.25495,14876
2024-12-31 00:00:00,1.25365,1.25594,1.25352,1.25577,5882
2024-12-31 04:00:00,1.25577,1.25598,1.25441,1.25506,5106
2024-12-31 08:00:00,1.25506,1.25689,1.25415,1.25541,12870
2024-12-31 12:00:00,1.2554,1.25542,1.25196,1.25291,21931
2024-12-31 16:00:00,1.25291,1.25541,1.2505,1.25182,38379
2024-12-31 20:00:00,1.2518,1.25271,1.25052,1.25136,15010
2025-01-02 00:00:00,1.25103,1.25221,1.2507,1.25197,7755
2025-01-02 04:00:00,1.25198,1.25403,1.25198,1.25322,5927
2025-01-02 08:00:00,1.25322,1.25339,1.24798,1.2482,16399
2025-01-02 12:00:00,1.2482,1.24917,1.2396099999999999,1.24039,28710
2025-01-02 16:00:00,1.24039,1.2411,1.2352,1.23719,44429
2025-01-02 20:00:00,1.23719,1.2385,1.23635,1.23795,14468
2025-01-03 00:00:00,1.23712,1.23899,1.23684,1.2385,6280
2025-01-03 04:00:00,1.23849,1.23973,1.23837,1.2395,6217
2025-01-03 08:00:00,1.2395,1.24164,1.23867,1.2405599999999999,15521
2025-01-03 12:00:00,1.2405599999999999,1.24165,1.23861,1.24011,17109
2025-01-03 16:00:00,1.24011,1.2429000000000001,1.23875,1.24181,25740
2025-01-03 20:00:00,1.2418,1.24337,1.24151,1.24215,10341
2025-01-06 00:00:00,1.24222,1.24384,1.24101,1.24349,9600
2025-01-06 04:00:00,1.24349,1.24436,1.24313,1.24359,7284
2025-01-06 08:00:00,1.24359,1.24914,1.24353,1.24752,17695
2025-01-06 12:00:00,1.24753,1.25507,1.24549,1.2534,37843
2025-01-06 16:00:00,1.2534100000000001,1.2537,1.24682,1.2517800000000001,38809
2025-01-06 20:00:00,1.2517800000000001,1.25231,1.25022,1.2519,10920
2025-01-07 00:00:00,1.25128,1.25231,1.2503600000000001,1.2519,8567
2025-01-07 04:00:00,1.2519,1.25423,1.25162,1.25374,8604
2025-01-07 08:00:00,1.25374,1.25756,1.25314,1.25629,19703
2025-01-07 12:00:00,1.2563,1.25685,1.25235,1.2542,21894
2025-01-07 16:00:00,1.25421,1.2544,1.24797,1.25001,27487
2025-01-07 20:00:00,1.24999,1.25035,1.24746,1.24746,9290
2025-01-08 00:00:00,1.24728,1.24851,1.24726,1.2484899999999999,6613
2025-01-08 04:00:00,1.2484899999999999,1.24889,1.24776,1.24879,7051
2025-01-08 08:00:00,1.24879,1.2494,1.244,1.245,14326
2025-01-08 12:00:00,1.245,1.2452,1.23205,1.2356,23692
2025-01-08 16:00:00,1.23561,1.23685,1.23238,1.23455,19865
2025-01-08 20:00:00,1.23454,1.2376800000000001,1.23453,1.23589,11316
2025-01-09 00:00:00,1.23573,1.23638,1.23474,1.23589,5693
2025-01-09 04:00:00,1.23589,1.23649,1.23284,1.23312,7007
2025-01-09 08:00:00,1.23312,1.23316,1.22379,1.22815,19837
2025-01-09 12:00:00,1.22816,1.2322899999999999,1.22511,1.2300200000000001,17652
2025-01-09 16:00:00,1.23001,1.2316799999999999,1.22867,1.2301,15510
2025-01-09 20:00:00,1.23007,1.23149,1.22962,1.23072,5716
2025-01-10 00:00:00,1.23027,1.23103,1.22936,1.23034,5373
2025-01-10 04:00:00,1.23034,1.23074,1.22739,1.22755,7469
2025-01-10 08:00:00,1.22755,1.23078,1.22666,1.2302,12848
2025-01-10 12:00:00,1.2302,1.23215,1.21911,1.22312,18117
2025-01-10 16:00:00,1.22311,1.22623,1.21949,1.22216,31562
2025-01-10 20:00:00,1.22216,1.22227,1.22016,1.22036,11864
2025-01-13 00:00:00,1.21962,1.22099,1.21885,1.2191,6989
2025-01-13 04:00:00,1.2191,1.21927,1.21257,1.21467,7906
2025-01-13 08:00:00,1.21467,1.21711,1.21012,1.21063,17890
2025-01-13 12:00:00,1.21062,1.21533,1.20996,1.21416,18627
2025-01-13 16:00:00,1.21416,1.21743,1.2132,1.21735,20192
2025-01-13 20:00:00,1.21741,1.2197,1.21632,1.21966,9889
2025-01-14 00:00:00,1.21971,1.22498,1.21964,1.22109,9969
2025-01-14 04:00:00,1.22109,1.2217500000000001,1.21915,1.22021,8416
2025-01-14 08:00:00,1.22028,1.22456,1.2175799999999999,1.21777,17814
2025-01-14 12:00:00,1.21778,1.21928,1.21369,1.2153100000000001,16755
2025-01-14 16:00:00,1.21532,1.2212399999999999,1.21403,1.21851,23151
2025-01-14 20:00:00,1.21851,1.22125,1.21832,1.22109,9303
2025-01-15 00:00:00,1.22102,1.22141,1.21989,1.21993,5242
2025-01-15 04:00:00,1.21994,1.22073,1.2192,1.21991,6320
2025-01-15 08:00:00,1.21991,1.22409,1.21543,1.22181,16403
2025-01-15 12:00:00,1.22181,1.23059,1.22009,1.2297500000000001,15482
2025-01-15 16:00:00,1.22987,1.23054,1.21928,1.22145,23779
2025-01-15 20:00:00,1.22146,1.22446,1.22125,1.22384,7765
2025-01-16 00:00:00,1.22347,1.22477,1.22266,1.22282,8418
2025-01-16 04:00:00,1.22287,1.22332,1.22064,1.22085,7380
2025-01-16 08:00:00,1.22085,1.22262,1.21891,1.21972,14325
2025-01-16 12:00:00,1.21972,1.22122,1.21744,1.2196799999999999,16258
2025-01-16 16:00:00,1.2196799999999999,1.22601,1.21762,1.22363,26029
2025-01-16 20:00:00,1.22364,1.22461,1.22268,1.22351,9420
2025-01-17 00:00:00,1.2235,1.2240199999999999,1.22289,1.22323,4282
2025-01-17 04:00:00,1.2233100000000001,1.22439,1.22121,1.22171,5799
2025-01-17 08:00:00,1.22171,1.22174,1.21599,1.21959,14574
2025-01-17 12:00:00,1.21961,1.22166,1.21753,1.21817,14476
2025-01-17 16:00:00,1.21818,1.22275,1.21606,1.21728,23052
2025-01-17 20:00:00,1.21728,1.21864,1.21634,1.2164,10031
2025-01-20 00:00:00,1.21707,1.21944,1.21601,1.21917,5984
2025-01-20 04:00:00,1.21917,1.22147,1.21853,1.22101,5170
2025-01-20 08:00:00,1.22101,1.22214,1.21652,1.21774,12959
2025-01-20 12:00:00,1.21775,1.2299,1.21775,1.22984,15565
2025-01-20 16:00:00,1.22976,1.2326,1.2254,1.22818,23031
2025-01-20 20:00:00,1.22818,1.23441,1.22787,1.23204,9061
2025-01-21 00:00:00,1.23212,1.23449,1.22476,1.22749,17037
2025-01-21 04:00:00,1.22749,1.23113,1.22722,1.22759,10920
2025-01-21 08:00:00,1.22757,1.22862,1.22343,1.22482,16005
2025-01-21 12:00:00,1.2248,1.22808,1.22287,1.22783,17985
2025-01-21 16:00:00,1.22801,1.2335,1.22698,1.23255,22778
2025-01-21 20:00:00,1.2325599999999999,1.23564,1.2322899999999999,1.23504,9669
2025-01-22 00:00:00,1.23433,1.23537,1.23222,1.23322,9596
2025-01-22 04:00:00,1.23322,1.23475,1.2328000000000001,1.23433,5779
2025-01-22 08:00:00,1.23432,1.23649,1.23113,1.2364,16462
2025-01-22 12:00:00,1.23643,1.23758,1.23355,1.23451,15625
2025-01-22 16:00:00,1.23449,1.23479,1.2307,1.23214,19691
2025-01-22 20:00:00,1.23215,1.23309,1.23102,1.23122,8145
2025-01-23 00:00:00,1.23141,1.23231,1.23072,1.23102,5391
2025-01-23 04:00:00,1.23102,1.23209,1.23014,1.23114,6205
2025-01-23 08:00:00,1.23114,1.23208,1.22931,1.23167,13209
2025-01-23 12:00:00,1.2317,1.23305,1.22995,1.23227,15925
2025-01-23 16:00:00,1.23227,1.23752,1.22995,1.23719,24653
2025-01-23 20:00:00,1.23721,1.23722,1.23465,1.23485,10827
2025-01-24 00:00:00,1.23489,1.23583,1.23449,1.23543,4797
2025-01-24 04:00:00,1.23543,1.24039,1.2354,1.23991,12196
2025-01-24 08:00:00,1.23993,1.24475,1.23763,1.24275,19601
2025-01-24 12:00:00,1.24275,1.24355,1.24002,1.2414,13744
2025-01-24 16:00:00,1.2414,1.25016,1.2409,1.24874,19722
2025-01-24 20:00:00,1.24874,1.24952,1.24773,1.2484,9282
2025-01-27 00:00:00,1.24658,1.24729,1.24472,1.24486,8245
2025-01-27 04:00:00,1.24486,1.24626,1.24419,1.24466,9102
2025-01-27 08:00:00,1.24465,1.24862,1.24255,1.2486,18167
2025-01-27 12:00:00,1.24862,1.2523,1.24854,1.2502499999999999,19161
2025-01-27 16:00:00,1.25024,1.25112,1.24669,1.24746,22240
2025-01-27 20:00:00,1.24746,1.24997,1.24695,1.24992,12254
2025-01-28 00:00:00,1.24918,1.24966,1.24362,1.24498,13734
2025-01-28 04:00:00,1.24493,1.24543,1.2434,1.2444600000000001,10821
2025-01-28 08:00:00,1.2445,1.24556,1.24259,1.2448,15426
2025-01-28 12:00:00,1.2448,1.2451699999999999,1.24143,1.24237,14319
2025-01-28 16:00:00,1.24236,1.24469,1.24214,1.24283,18023
2025-01-28 20:00:00,1.24288,1.24452,1.2422,1.24405,9666
2025-01-29 00:00:00,1.2436099999999999,1.2447,1.24352,1.24359,6008
2025-01-29 04:00:00,1.24359,1.24551,1.24341,1.24538,6713
2025-01-29 08:00:00,1.24553,1.2463,1.24155,1.2420200000000001,14283
2025-01-29 12:00:00,1.2420200000000001,1.2428,1.23928,1.23972,16465
2025-01-29 16:00:00,1.23974,1.24488,1.23962,1.24418,22341
2025-01-29 20:00:00,1.24419,1.24576,1.24118,1.24503,22541
2025-01-30 00:00:00,1.24343,1.24596,1.24341,1.24494,6922
2025-01-30 04:00:00,1.24494,1.24552,1.24416,1.24479,7525
2025-01-30 08:00:00,1.24479,1.24623,1.24315,1.2443,13619
2025-01-30 12:00:00,1.2443,1.2471,1.24244,1.2466599999999999,17218
2025-01-30 16:00:00,1.2466599999999999,1.2476099999999999,1.24352,1.24441,22411
2025-01-30 20:00:00,1.24442,1.24638,1.24072,1.24169,13566
2025-01-31 00:00:00,1.24129,1.24311,1.24067,1.24184,7226
2025-01-31 04:00:00,1.24185,1.24273,1.24136,1.24204,6777
2025-01-31 08:00:00,1.24204,1.24395,1.24004,1.24213,14048
2025-01-31 12:00:00,1.24213,1.24314,1.24054,1.2413,14908
2025-01-31 16:00:00,1.24138,1.24714,1.23872,1.24535,24479
2025-01-31 20:00:00,1.24537,1.24609,1.23857,1.23904,23523
2025-02-03 00:00:00,1.2309,1.23239,1.22643,1.22877,21056
2025-02-03 04:00:00,1.22877,1.2288000000000001,1.2248999999999999,1.2276799999999999,16112
2025-02-03 08:00:00,1.22769,1.23227,1.22726,1.22923,21221
2025-02-03 12:00:00,1.22923,1.23747,1.22916,1.23644,19907
2025-02-03 16:00:00,1.23647,1.24358,1.23358,1.23935,37421
2025-02-03 20:00:00,1.2393399999999999,1.2454399999999999,1.23817,1.24444,18000
2025-02-04 00:00:00,1.24352,1.24537,1.24087,1.2421,9561
2025-02-04 04:00:00,1.2421,1.24271,1.23788,1.23974,12289
2025-02-04 08:00:00,1.23974,1.24366,1.23929,1.24247,17143
2025-02-04 12:00:00,1.24243,1.24342,1.23956,1.24281,15874
2025-02-04 16:00:00,1.24282,1.2493,1.24279,1.24821,24226
2025-02-04 20:00:00,1.2482,1.24901,1.24743,1.2482,10585
2025-02-05 00:00:00,1.24741,1.24895,1.24699,1.2469999999999999,7672
2025-02-05 04:00:00,1.24701,1.24821,1.24628,1.24672,8569
2025-02-05 08:00:00,1.24672,1.25285,1.24654,1.25174,15315
2025-02-05 12:00:00,1.25174,1.25495,1.2511700000000001,1.25145,16032
2025-02-05 16:00:00,1.25148,1.2536399999999999,1.25012,1.25087,19322
2025-02-05 20:00:00,1.25085,1.25139,1.24978,1.25016,9180
2025-02-06 00:00:00,1.25039,1.25095,1.24981,1.25074,5050
2025-02-06 04:00:00,1.25071,1.25088,1.24827,1.24835,5654
2025-02-06 08:00:00,1.24834,1.24909,1.24174,1.24252,10816
2025-02-06 12:00:00,1.24252,1.24312,1.23603,1.23832,16809
2025-02-06 16:00:00,1.23834,1.24452,1.23815,1.24415,16570
2025-02-06 20:00:00,1.24417,1.24554,1.24328,1.24364,9416
2025-02-07 00:00:00,1.2431,1.2443,1.24223,1.24314,4824
2025-02-07 04:00:00,1.24314,1.24396,1.24197,1.24213,5919
2025-02-07 08:00:00,1.24213,1.24683,1.2419,1.24593,9325
2025-02-07 12:00:00,1.24593,1.2490999999999999,1.242,1.24302,12397
2025-02-07 16:00:00,1.2429999999999999,1.24665,1.2376,1.24025,25245
2025-02-07 20:00:00,1.24025,1.24227,1.23983,1.23991,10169
2025-02-10 00:00:00,1.23686,1.24003,1.23676,1.23827,8597
2025-02-10 04:00:00,1.23827,1.24087,1.238,1.24005,6651
2025-02-10 08:00:00,1.24006,1.24206,1.23906,1.24084,11269
2025-02-10 12:00:00,1.24082,1.24218,1.23792,1.23903,11021
2025-02-10 16:00:00,1.23904,1.2394,1.2371,1.2380200000000001,12802
2025-02-10 20:00:00,1.2380200000000001,1.23811,1.23627,1.23657,6945
2025-02-11 00:00:00,1.23654,1.23694,1.2353399999999999,1.23594,5600
2025-02-11 04:00:00,1.23594,1.2363,1.23449,1.23612,5832
2025-02-11 08:00:00,1.23611,1.23781,1.23323,1.23654,10015
2025-02-11 12:00:00,1.23655,1.23987,1.23559,1.23978,10789
2025-02-11 16:00:00,1.23979,1.2426,1.23966,1.24233,12665
2025-02-11 20:00:00,1.24233,1.24546,1.24207,1.24458,8995
2025-02-12 00:00:00,1.24345,1.24536,1.2432699999999999,1.245,5789
2025-02-12 04:00:00,1.245,1.24584,1.24407,1.2445,7559
2025-02-12 08:00:00,1.2445,1.24655,1.24347,1.24463,10530
2025-02-12 12:00:00,1.24469,1.24616,1.23738,1.23886,13588
2025-02-12 16:00:00,1.2388,1.24833,1.2377799999999999,1.24774,22534
2025-02-12 20:00:00,1.24775,1.24826,1.24347,1.24408,11455
2025-02-13 00:00:00,1.24383,1.2457799999999999,1.24354,1.24564,6528
2025-02-13 04:00:00,1.24564,1.24956,1.24519,1.24911,8046
2025-02-13 08:00:00,1.2490999999999999,1.25172,1.24718,1.24912,13958
2025-02-13 12:00:00,1.24912,1.25052,1.24526,1.24706,14963
2025-02-13 16:00:00,1.24709,1.25427,1.2461,1.2521499999999999,17893
2025-02-13 20:00:00,1.25217,1.25678,1.2477,1.25678,14558
2025-02-14 00:00:00,1.25543,1.25715,1.25499,1.25633,7192
2025-02-14 04:00:00,1.25633,1.25656,1.2549299999999999,1.25535,6227
2025-02-14 08:00:00,1.25535,1.25959,1.2551700000000001,1.25875,14058
2025-02-14 12:00:00,1.25875,1.26089,1.25718,1.2603,13484
2025-02-14 16:00:00,1.2603,1.26299,1.26007,1.26089,15648
2025-02-14 20:00:00,1.2609,1.2610299999999999,1.25833,1.25845,6975
2025-02-17 00:00:00,1.2582900000000001,1.2600500000000001,1.25782,1.25996,7780
2025-02-17 04:00:00,1.25997,1.25998,1.2583,1.25881,8454
2025-02-17 08:00:00,1.2588,1.26044,1.25833,1.25911,11503
2025-02-17 12:00:00,1.2591,1.26079,1.25876,1.2593,9774
2025-02-17 16:00:00,1.2593,1.26263,1.25851,1.26223,7975
2025-02-17 20:00:00,1.26224,1.2634400000000001,1.26185,1.26248,3193
2025-02-18 00:00:00,1.2616,1.26236,1.25996,1.26055,5556
2025-02-18 04:00:00,1.26055,1.26123,1.25928,1.2597800000000001,8152
2025-02-18 08:00:00,1.2597800000000001,1.26227,1.25926,1.26071,12096
2025-02-18 12:00:00,1.2608,1.26094,1.25821,1.25922,11081
2025-02-18 16:00:00,1.25923,1.26204,1.25889,1.26,13101
2025-02-18 20:00:00,1.26,1.26106,1.2592400000000001,1.26097,6853
2025-02-19 00:00:00,1.26113,1.26385,1.26071,1.26131,7115
2025-02-19 04:00:00,1.26131,1.26242,1.26082,1.26241,6864
2025-02-19 08:00:00,1.26241,1.26358,1.26031,1.26044,11278
2025-02-19 12:00:00,1.26044,1.26054,1.25751,1.2591,11916
2025-02-19 16:00:00,1.25909,1.26064,1.2563,1.25725,14683
2025-02-19 20:00:00,1.25726,1.25904,1.25661,1.25861,8847
2025-02-20 00:00:00,1.25777,1.25942,1.25776,1.2582900000000001,5988
2025-02-20 04:00:00,1.2582900000000001,1.25992,1.25808,1.25936,7929
2025-02-20 08:00:00,1.25936,1.26154,1.25888,1.26136,11238
2025-02-20 12:00:00,1.26135,1.26227,1.25969,1.26129,12670
2025-02-20 16:00:00,1.2612700000000001,1.266,1.26054,1.26522,16912
2025-02-20 20:00:00,1.26517,1.2671000000000001,1.26484,1.26693,7654
2025-02-21 00:00:00,1.2665899999999999,1.26738,1.26535,1.26559,7062
2025-02-21 04:00:00,1.26559,1.2674,1.26556,1.26597,8453
2025-02-21 08:00:00,1.26597,1.26784,1.26419,1.26499,12886
2025-02-21 12:00:00,1.26499,1.26562,1.26365,1.26456,9127
2025-02-21 16:00:00,1.26457,1.26675,1.26299,1.26445,15622
2025-02-21 20:00:00,1.26444,1.2645,1.26247,1.26291,10461
2025-02-24 00:00:00,1.263,1.26796,1.26289,1.2678,8974
2025-02-24 04:00:00,1.2678,1.2690299999999999,1.26706,1.26742,9078
2025-02-24 08:00:00,1.26743,1.2674400000000001,1.26254,1.2637800000000001,13736
2025-02-24 12:00:00,1.2637800000000001,1.26504,1.2626,1.26448,11315
2025-02-24 16:00:00,1.26447,1.26497,1.26119,1.264,16784
2025-02-24 20:00:00,1.264,1.2650299999999999,1.26178,1.26253,9079
2025-02-25 00:00:00,1.2622499999999999,1.26285,1.26155,1.26228,6193
2025-02-25 04:00:00,1.26228,1.2638099999999999,1.2621,1.26369,7429
2025-02-25 08:00:00,1.26369,1.26389,1.26055,1.26238,12984
2025-02-25 12:00:00,1.26238,1.26775,1.26152,1.26703,13559
2025-02-25 16:00:00,1.26705,1.2677,1.26403,1.2662900000000001,18389
2025-02-25 20:00:00,1.2662900000000001,1.2677,1.26596,1.2666,10369
2025-02-26 00:00:00,1.26632,1.26779,1.26601,1.26642,6149
2025-02-26 04:00:00,1.26643,1.26665,1.26353,1.26383,7719
2025-02-26 08:00:00,1.26382,1.26644,1.26356,1.26533,11900
2025-02-26 12:00:00,1.26533,1.26645,1.26397,1.2653699999999999,11349
2025-02-26 16:00:00,1.26536,1.27157,1.26513,1.26844,19292
2025-02-26 20:00:00,1.2684199999999999,1.26963,1.26696,1.2674400000000001,11778
2025-02-27 00:00:00,1.26725,1.2683900000000001,1.26605,1.26644,6091
2025-02-27 04:00:00,1.26644,1.26663,1.26501,1.26545,8583
2025-02-27 08:00:00,1.26545,1.26786,1.26538,1.26784,11391
2025-02-27 12:00:00,1.26784,1.26886,1.26284,1.26323,14609
2025-02-27 16:00:00,1.26319,1.26448,1.26087,1.26125,19244
2025-02-27 20:00:00,1.26126,1.2629299999999999,1.2597800000000001,1.25987,10557
2025-02-28 00:00:00,1.25974,1.26102,1.2594,1.25942,6900
2025-02-28 04:00:00,1.25941,1.2600500000000001,1.25804,1.25855,8340
2025-02-28 08:00:00,1.25854,1.26068,1.25726,1.25949,12159
2025-02-28 12:00:00,1.25949,1.26101,1.25834,1.26022,11088
2025-02-28 16:00:00,1.26024,1.26217,1.25803,1.25897,18486
2025-02-28 20:00:00,1.25897,1.25908,1.2559,1.2578,13563
2025-03-03 00:00:00,1.25783,1.26135,1.25776,1.26085,9010
2025-03-03 04:00:00,1.26085,1.26133,1.25964,1.26048,7838
2025-03-03 08:00:00,1.2604899999999999,1.26297,1.2582,1.26284,12636
2025-03-03 12:00:00,1.26285,1.26884,1.26285,1.26792,16561
2025-03-03 16:00:00,1.26792,1.27175,1.26722,1.2716,19121
2025-03-03 20:00:00,1.27159,1.2724199999999999,1.26797,1.2698800000000001,15498
2025-03-04 00:00:00,1.2694,1.27094,1.26875,1.26968,9130
2025-03-04 04:00:00,1.26968,1.26993,1.26784,1.26952,10737
2025-03-04 08:00:00,1.26952,1.2741,1.26883,1.27245,15424
2025-03-04 12:00:00,1.27243,1.27536,1.27042,1.27219,15872
2025-03-04 16:00:00,1.2722,1.2745600000000001,1.26993,1.27435,23138
2025-03-04 20:00:00,1.27435,1.27994,1.2741,1.27936,19258
2025-03-05 00:00:00,1.27899,1.27968,1.27759,1.2777,9826
2025-03-05 04:00:00,1.27774,1.27966,1.27674,1.27954,11895
2025-03-05 08:00:00,1.27951,1.2854,1.27869,1.28356,17289
2025-03-05 12:00:00,1.28357,1.28426,1.28033,1.2822200000000001,16878
2025-03-05 16:00:00,1.2822200000000001,1.28809,1.28194,1.28791,25323
2025-03-05 20:00:00,1.28791,1.29005,1.28644,1.28949,14500
2025-03-06 00:00:00,1.28919,1.29073,1.28867,1.2904499999999999,9533
2025-03-06 04:00:00,1.29047,1.29081,1.2883,1.2901799999999999,9586
2025-03-06 08:00:00,1.2901799999999999,1.29234,1.28685,1.28763,18403
2025-03-06 12:00:00,1.28763,1.28974,1.28654,1.28966,17461
2025-03-06 16:00:00,1.28968,1.29183,1.28802,1.28876,25191
2025-03-06 20:00:00,1.28876,1.29029,1.2870300000000001,1.28818,13763
2025-03-07 00:00:00,1.28731,1.2889300000000001,1.28731,1.28833,6419
2025-03-07 04:00:00,1.28833,1.2892299999999999,1.2876699999999999,1.28843,8635
2025-03-07 08:00:00,1.28842,1.29443,1.28795,1.2938100000000001,13420
2025-03-07 12:00:00,1.2938100000000001,1.29421,1.29021,1.29024,16104
2025-03-07 16:00:00,1.29023,1.29366,1.28943,1.2907,23756
2025-03-07 20:00:00,1.2907,1.2929300000000001,1.28963,1.29221,12847
2025-03-10 00:00:00,1.29115,1.2943500000000001,1.29024,1.29379,7940
2025-03-10 04:00:00,1.29379,1.29457,1.2907199999999999,1.29074,7981
2025-03-10 08:00:00,1.29074,1.29226,1.28739,1.2877399999999999,13331
2025-03-10 12:00:00,1.2877399999999999,1.29455,1.28744,1.29335,17704
2025-03-10 16:00:00,1.29326,1.29462,1.28852,1.28945,19638
2025-03-10 20:00:00,1.28943,1.28946,1.28613,1.28725,12837
2025-03-11 00:00:00,1.28732,1.28885,1.28721,1.28856,6280
2025-03-11 04:00:00,1.28856,1.28978,1.28759,1.28944,12094
2025-03-11 08:00:00,1.28944,1.29371,1.28731,1.29297,15863
2025-03-11 12:00:00,1.29297,1.29513,1.29189,1.2944499999999999,14972
2025-03-11 16:00:00,1.29444,1.29562,1.29177,1.2937,22161
2025-03-11 20:00:00,1.2937,1.29656,1.29334,1.29496,14276
2025-03-12 00:00:00,1.2941,1.29501,1.29308,1.2935699999999999,4665
2025-03-12 04:00:00,1.29359,1.29432,1.29189,1.29233,9044
2025-03-12 08:00:00,1.29236,1.29419,1.29131,1.2941799999999999,12766
2025-03-12 12:00:00,1.29419,1.29878,1.29292,1.29426,15734
2025-03-12 16:00:00,1.29427,1.29824,1.29242,1.2972299999999999,18881
2025-03-12 20:00:00,1.29724,1.29803,1.29596,1.29604,9607
2025-03-13 00:00:00,1.29544,1.2968,1.29543,1.29666,3402
2025-03-13 04:00:00,1.29667,1.29729,1.29541,1.2962,7621
2025-03-13 08:00:00,1.2962,1.29657,1.2941099999999999,1.2947600000000001,12317
2025-03-13 12:00:00,1.2947199999999999,1.29661,1.29264,1.2932299999999999,14776
2025-03-13 16:00:00,1.29324,1.2959800000000001,1.29206,1.29464,17741
2025-03-13 20:00:00,1.29464,1.29552,1.29361,1.29543,8359
2025-03-14 00:00:00,1.2943799999999999,1.29585,1.29421,1.2944499999999999,4488
2025-03-14 04:00:00,1.2944499999999999,1.29487,1.29353,1.2940800000000001,9052
2025-03-14 08:00:00,1.2940800000000001,1.29493,1.2917100000000001,1.29324,11309
2025-03-14 12:00:00,1.29328,1.29536,1.29199,1.29416,15498
2025-03-14 16:00:00,1.29416,1.29454,1.2910599999999999,1.29249,16304
2025-03-14 20:00:00,1.29249,1.2938,1.29242,1.2937,6477
2025-03-17 00:00:00,1.29208,1.29355,1.2920099999999999,1.29291,4710
2025-03-17 04:00:00,1.29291,1.29447,1.29281,1.29345,5793
2025-03-17 08:00:00,1.29345,1.29458,1.29279,1.29417,8153
2025-03-17 12:00:00,1.29417,1.29771,1.29405,1.2971300000000001,11233
2025-03-17 16:00:00,1.2971599999999999,1.29948,1.29672,1.2990599999999999,12792
2025-03-17 20:00:00,1.29907,1.29985,1.29851,1.29902,7906
2025-03-18 00:00:00,1.2989899999999999,1.29911,1.29818,1.29829,2870
2025-03-18 04:00:00,1.2983,1.29867,1.29703,1.29769,6010
2025-03-18 08:00:00,1.29769,1.30047,1.29673,1.29965,8965
2025-03-18 12:00:00,1.29965,1.30034,1.29512,1.29694,12080
2025-03-18 16:00:00,1.29694,1.29989,1.29535,1.29988,16513
2025-03-18 20:00:00,1.29988,1.30094,1.29968,1.3002500000000001,7820
2025-03-19 00:00:00,1.29986,1.30039,1.29936,1.2995999999999999,3490
2025-03-19 04:00:00,1.2995999999999999,1.30027,1.29859,1.2987199999999999,4684
2025-03-19 08:00:00,1.2987199999999999,1.2990599999999999,1.29572,1.29735,11085
2025-03-19 12:00:00,1.29736,1.29821,1.29569,1.2966,11158
2025-03-19 16:00:00,1.2966199999999999,1.29758,1.29548,1.29738,12001
2025-03-19 20:00:00,1.29738,1.30108,1.29554,1.30034,15440
2025-03-20 00:00:00,1.29943,1.30145,1.2993700000000001,1.3009,4005
2025-03-20 04:00:00,1.3009,1.3013,1.3,1.30017,6446
2025-03-20 08:00:00,1.30017,1.3001800000000001,1.29623,1.29719,9505
2025-03-20 12:00:00,1.29718,1.29793,1.29358,1.2951,14723
2025-03-20 16:00:00,1.2951,1.29736,1.2935699999999999,1.29649,14394
2025-03-20 20:00:00,1.29649,1.297,1.2955999999999999,1.2965499999999999,7123
2025-03-21 00:00:00,1.29645,1.29702,1.29587,1.29639,3413
2025-03-21 04:00:00,1.29639,1.29678,1.29373,1.29395,5926
2025-03-21 08:00:00,1.29395,1.29449,1.2922,1.29402,10077
2025-03-21 12:00:00,1.29402,1.2955,1.29321,1.29364,10885
2025-03-21 16:00:00,1.29364,1.29388,1.28874,1.29204,15645
2025-03-21 20:00:00,1.29204,1.2929300000000001,1.29088,1.29136,6997
2025-03-24 00:00:00,1.2894999999999999,1.29339,1.28933,1.29334,4597
2025-03-24 04:00:00,1.29334,1.29346,1.29109,1.29163,6966
2025-03-24 08:00:00,1.29163,1.29574,1.29125,1.29528,10159
2025-03-24 12:00:00,1.2953000000000001,1.29738,1.29395,1.29433,12645
2025-03-24 16:00:00,1.29433,1.29495,1.28951,1.29033,16798
2025-03-24 20:00:00,1.29033,1.2929599999999999,1.29002,1.2922500000000001,7968
2025-03-25 00:00:00,1.29214,1.29238,1.2916,1.2917,2762
2025-03-25 04:00:00,1.2917,1.29283,1.2911299999999999,1.2923200000000001,6174
2025-03-25 08:00:00,1.2923200000000001,1.29278,1.29016,1.29124,9461
2025-03-25 12:00:00,1.29121,1.29604,1.29109,1.29547,12389
2025-03-25 16:00:00,1.29547,1.29604,1.29328,1.29568,14821
2025-03-25 20:00:00,1.29572,1.29666,1.29391,1.29429,7505
2025-03-26 00:00:00,1.29393,1.29488,1.29331,1.29332,3333
2025-03-26 04:00:00,1.29331,1.29457,1.29266,1.29346,5919
2025-03-26 08:00:00,1.29346,1.29429,1.28861,1.29068,10822
2025-03-26 12:00:00,1.29064,1.2913000000000001,1.28831,1.2892700000000001,12324
2025-03-26 16:00:00,1.28929,1.2909,1.28741,1.28955,14832
2025-03-26 20:00:00,1.28955,1.2897,1.2879,1.28883,8621
2025-03-27 00:00:00,1.28864,1.28904,1.28707,1.2889,5504
2025-03-27 04:00:00,1.2889,1.29254,1.28888,1.29206,7248
2025-03-27 08:00:00,1.29207,1.29291,1.29012,1.2923200000000001,11660
2025-03-27 12:00:00,1.29231,1.29647,1.29109,1.2944499999999999,12020
2025-03-27 16:00:00,1.29447,1.29918,1.29223,1.29566,16255
2025-03-27 20:00:00,1.29571,1.29665,1.29454,1.29489,7142
2025-03-28 00:00:00,1.29426,1.29516,1.29403,1.29484,3152
2025-03-28 04:00:00,1.29481,1.29528,1.29404,1.2941099999999999,5054
2025-03-28 08:00:00,1.2941099999999999,1.29679,1.29373,1.29462,8857
2025-03-28 12:00:00,1.29462,1.2956400000000001,1.29213,1.2943500000000001,10524
2025-03-28 16:00:00,1.2943799999999999,1.29676,1.29336,1.29434,15835
2025-03-28 20:00:00,1.2943500000000001,1.2947600000000001,1.2928899999999999,1.29423,6966
2025-03-31 00:00:00,1.29337,1.29593,1.2922,1.29593,6061
2025-03-31 04:00:00,1.29593,1.29714,1.29547,1.29566,7141
2025-03-31 08:00:00,1.29566,1.29724,1.29351,1.29441,12012
2025-03-31 12:00:00,1.2944,1.2959,1.29177,1.29321,10383
2025-03-31 16:00:00,1.29321,1.2941,1.2886,1.29064,16878
2025-03-31 20:00:00,1.29061,1.2924,1.29044,1.29196,6836
2025-04-01 00:00:00,1.29121,1.29269,1.29121,1.2926,3591
2025-04-01 04:00:00,1.2926,1.29405,1.29172,1.29371,6888
2025-04-01 08:00:00,1.29372,1.2937400000000001,1.29022,1.29257,10989
2025-04-01 12:00:00,1.29257,1.29379,1.28853,1.2889599999999999,13476
2025-04-01 16:00:00,1.28897,1.2929599999999999,1.28789,1.29263,16671
2025-04-01 20:00:00,1.29263,1.29326,1.2907899999999999,1.29246,7917
2025-04-02 00:00:00,1.29182,1.29328,1.29097,1.29104,4319
2025-04-02 04:00:00,1.29104,1.29304,1.29057,1.29181,5978
2025-04-02 08:00:00,1.29181,1.29244,1.29,1.29204,8702
2025-04-02 12:00:00,1.29204,1.29498,1.2919399999999999,1.29431,10289
2025-04-02 16:00:00,1.29425,1.29787,1.29337,1.29704,14711
2025-04-02 20:00:00,1.29704,1.30246,1.29526,1.30006,13627
2025-04-03 00:00:00,1.29851,1.30568,1.2971300000000001,1.30399,15615
2025-04-03 04:00:00,1.304,1.30768,1.30368,1.30584,13488
2025-04-03 08:00:00,1.30585,1.31683,1.30575,1.3162,20224
2025-04-03 12:00:00,1.31622,1.3207,1.31373,1.31576,24505
2025-04-03 16:00:00,1.31578,1.3195700000000001,1.3103799999999999,1.31048,24610
2025-04-03 20:00:00,1.31043,1.31084,1.30795,1.30965,11776
2025-04-04 00:00:00,1.30941,1.3108,1.30831,1.3101,9052
2025-04-04 04:00:00,1.3101,1.31093,1.30803,1.3097400000000001,13067
2025-04-04 08:00:00,1.30973,1.31135,1.29749,1.29824,20694
2025-04-04 12:00:00,1.29831,1.30492,1.2962,1.3001,32978
2025-04-04 16:00:00,1.30011,1.30173,1.28878,1.28945,34667
2025-04-04 20:00:00,1.2894700000000001,1.29141,1.28532,1.28845,19880
2025-04-07 00:00:00,1.28312,1.29315,1.28193,1.29091,20089
2025-04-07 04:00:00,1.29092,1.29155,1.28498,1.29021,17811
2025-04-07 08:00:00,1.29021,1.29336,1.2865,1.28707,25859
2025-04-07 12:00:00,1.28707,1.28765,1.28036,1.28369,27033
2025-04-07 16:00:00,1.2837100000000001,1.28465,1.27099,1.27297,31779
2025-04-07 20:00:00,1.2730299999999999,1.2778,1.2708,1.272,19057
2025-04-08 00:00:00,1.27167,1.27651,1.27151,1.27512,7468
2025-04-08 04:00:00,1.27512,1.27914,1.2751000000000001,1.27857,12757
2025-04-08 08:00:00,1.27857,1.27959,1.27453,1.27525,19208
2025-04-08 12:00:00,1.27525,1.27958,1.2724199999999999,1.27756,20259
2025-04-08 16:00:00,1.27753,1.27933,1.27436,1.27724,24895
2025-04-08 20:00:00,1.27721,1.28141,1.27548,1.27651,18732
2025-04-09 00:00:00,1.27582,1.28152,1.27528,1.28145,10328
2025-04-09 04:00:00,1.28145,1.28566,1.2812999999999999,1.28553,19434
2025-04-09 08:00:00,1.28549,1.28638,1.27863,1.2825,24390
2025-04-09 12:00:00,1.28248,1.28368,1.27702,1.28033,23325
2025-04-09 16:00:00,1.28034,1.28144,1.27512,1.2765,22104
2025-04-09 20:00:00,1.27647,1.28372,1.27432,1.28248,27266
2025-04-10 00:00:00,1.28046,1.28463,1.28046,1.28438,10560
2025-04-10 04:00:00,1.28438,1.28602,1.28217,1.2859099999999999,13145
2025-04-10 08:00:00,1.2859099999999999,1.28812,1.28448,1.28689,20060
2025-04-10 12:00:00,1.2869,1.29565,1.2860800000000001,1.29246,21914
2025-04-10 16:00:00,1.29249,1.29785,1.28918,1.29539,26159
2025-04-10 20:00:00,1.29538,1.2995700000000001,1.29311,1.29701,18732
2025-04-11 00:00:00,1.29634,1.30473,1.29616,1.30164,14020
2025-04-11 04:00:00,1.30165,1.30467,1.29943,1.3020800000000001,20310
2025-04-11 08:00:00,1.3021,1.31333,1.29848,1.31086,24973
2025-04-11 12:00:00,1.31082,1.31448,1.30562,1.3122500000000001,24458
2025-04-11 16:00:00,1.3122500000000001,1.3134000000000001,1.3030300000000001,1.3050899999999999,27469
2025-04-11 20:00:00,1.3050899999999999,1.30831,1.30437,1.30724,15640
2025-04-14 00:00:00,1.3082500000000001,1.3106,1.30632,1.3096999999999999,10425
2025-04-14 04:00:00,1.30973,1.3128199999999999,1.30951,1.3104,13977
2025-04-14 08:00:00,1.3104,1.31872,1.30961,1.3170899999999999,16737
2025-04-14 12:00:00,1.3170899999999999,1.32007,1.3141,1.31454,15376
2025-04-14 16:00:00,1.31457,1.31922,1.31226,1.31661,21115
2025-04-14 20:00:00,1.31662,1.31993,1.31659,1.3185799999999999,11622
2025-04-15 00:00:00,1.31805,1.31976,1.31637,1.31732,6120
2025-04-15 04:00:00,1.31731,1.32175,1.3169,1.3211300000000001,8534
2025-04-15 08:00:00,1.3211300000000001,1.32382,1.3184,1.32298,15051
2025-04-15 12:00:00,1.3228900000000001,1.32515,1.32184,1.3223,14079
2025-04-15 16:00:00,1.3223099999999999,1.3246,1.3205,1.32119,18891
2025-04-15 20:00:00,1.32119,1.32342,1.32059,1.32313,8760
2025-04-16 00:00:00,1.32203,1.32537,1.32149,1.32462,7052
2025-04-16 04:00:00,1.32463,1.3266499999999999,1.32427,1.32641,8912
2025-04-16 08:00:00,1.32643,1.32908,1.32568,1.32889,15802
2025-04-16 12:00:00,1.3289,1.32918,1.3250199999999999,1.32595,14785
2025-04-16 16:00:00,1.32596,1.32712,1.3226200000000001,1.32334,15865
2025-04-16 20:00:00,1.3232300000000001,1.32492,1.32119,1.32385,13091
2025-04-17 00:00:00,1.32342,1.32453,1.32108,1.32118,6621
2025-04-17 04:00:00,1.32118,1.32294,1.32025,1.32094,8148
2025-04-17 08:00:00,1.32094,1.32473,1.32032,1.32394,13365
2025-04-17 12:00:00,1.32393,1.325,1.32171,1.32492,14356
2025-04-17 16:00:00,1.32491,1.32729,1.32271,1.32577,18356
2025-04-17 20:00:00,1.32577,1.32724,1.32467,1.32642,8670
2025-04-18 00:00:00,1.32596,1.32837,1.32496,1.32809,11398
2025-04-18 04:00:00,1.32806,1.32834,1.32641,1.32687,39968
2025-04-18 08:00:00,1.3269,1.32786,1.32577,1.32706,36744
2025-04-18 12:00:00,1.3272599999999999,1.3280699999999999,1.32652,1.32766,32215
2025-04-18 16:00:00,1.3276,1.32857,1.32704,1.32842,27728
2025-04-18 20:00:00,1.3283800000000001,1.32984,1.3278400000000001,1.32916,17074
2025-04-21 00:00:00,1.3272599999999999,1.33554,1.3268,1.3346,7509
2025-04-21 04:00:00,1.3346,1.33864,1.3342,1.33827,8717
2025-04-21 08:00:00,1.33827,1.34158,1.33718,1.34146,11673
2025-04-21 12:00:00,1.34146,1.3421699999999999,1.33789,1.34039,11717
2025-04-21 16:00:00,1.34037,1.34086,1.33748,1.33786,13599
2025-04-21 20:00:00,1.33786,1.33843,1.33625,1.33796,7788
2025-04-22 00:00:00,1.33684,1.33846,1.3361399999999999,1.33703,6294
2025-04-22 04:00:00,1.33703,1.34097,1.337,1.34021,7778
2025-04-22 08:00:00,1.34021,1.34233,1.33684,1.33871,15454
2025-04-22 12:00:00,1.3387,1.33903,1.33552,1.33713,13370
2025-04-22 16:00:00,1.33717,1.33901,1.33425,1.33459,14919
2025-04-22 20:00:00,1.33457,1.33542,1.33255,1.33282,8101
2025-04-23 00:00:00,1.33274,1.33338,1.32334,1.33056,12352
2025-04-23 04:00:00,1.3305500000000001,1.33173,1.32869,1.3305,9117
2025-04-23 08:00:00,1.3305,1.33281,1.3273,1.33194,14814
2025-04-23 12:00:00,1.33194,1.33386,1.32903,1.33037,14370
2025-04-23 16:00:00,1.33037,1.33192,1.32498,1.32605,20784
2025-04-23 20:00:00,1.3260399999999999,1.32772,1.32497,1.32548,8793
2025-04-24 00:00:00,1.32512,1.3279,1.32456,1.32766,5614
2025-04-24 04:00:00,1.32767,1.32862,1.32649,1.32698,6491
2025-04-24 08:00:00,1.32698,1.33095,1.32644,1.33011,11725
2025-04-24 12:00:00,1.33013,1.33205,1.32957,1.33012,11617
2025-04-24 16:00:00,1.3302,1.3332,1.32898,1.33283,14246
2025-04-24 20:00:00,1.33283,1.33483,1.33149,1.33444,6089
2025-04-25 00:00:00,1.33314,1.33401,1.33056,1.33068,4743
2025-04-25 04:00:00,1.33068,1.33175,1.32792,1.32868,7662
2025-04-25 08:00:00,1.32868,1.33136,1.32738,1.3302100000000001,11843
2025-04-25 12:00:00,1.33025,1.33258,1.32869,1.33226,9104
2025-04-25 16:00:00,1.33227,1.3332,1.32976,1.33188,11128
2025-04-25 20:00:00,1.33188,1.33321,1.33093,1.33125,5470
2025-04-28 00:00:00,1.32985,1.33114,1.32878,1.32999,4230
2025-04-28 04:00:00,1.32999,1.3315000000000001,1.32798,1.33149,4736
2025-04-28 08:00:00,1.33149,1.3333599999999999,1.32878,1.33289,10794
2025-04-28 12:00:00,1.33291,1.3354300000000001,1.33291,1.3342399999999999,10246
2025-04-28 16:00:00,1.33425,1.34202,1.33409,1.34127,14214
2025-04-28 20:00:00,1.34127,1.34429,1.34109,1.34424,6522
2025-04-29 00:00:00,1.34296,1.34437,1.34245,1.34257,4457
2025-04-29 04:00:00,1.34257,1.34421,1.33935,1.33958,7707
2025-04-29 08:00:00,1.33958,1.34256,1.33958,1.34108,10623
2025-04-29 12:00:00,1.34108,1.34139,1.33801,1.34091,9161
2025-04-29 16:00:00,1.34091,1.34207,1.33879,1.34071,13153
2025-04-29 20:00:00,1.34071,1.34106,1.33928,1.34066,5812
2025-04-30 00:00:00,1.33963,1.34144,1.33948,1.34019,4002
2025-04-30 04:00:00,1.34019,1.34112,1.3382,1.33905,6659
2025-04-30 08:00:00,1.33905,1.34061,1.33628,1.33669,9844
2025-04-30 12:00:00,1.33669,1.33738,1.3342800000000001,1.33518,12622
2025-04-30 16:00:00,1.33518,1.33585,1.33088,1.33463,16586
2025-04-30 20:00:00,1.33463,1.3357700000000001,1.33188,1.33259,7663
2025-05-01 00:00:00,1.33296,1.33301,1.33161,1.3318699999999999,3982
2025-05-01 04:00:00,1.3318699999999999,1.3319,1.32924,1.3293300000000001,5118
2025-05-01 08:00:00,1.32932,1.33328,1.32745,1.33247,10327
2025-05-01 12:00:00,1.33246,1.3345099999999999,1.33118,1.33158,11203
2025-05-01 16:00:00,1.3315299999999999,1.3326799999999999,1.32616,1.32802,14782
2025-05-01 20:00:00,1.32804,1.32865,1.3260100000000001,1.32802,6091
2025-05-02 00:00:00,1.32727,1.32896,1.32682,1.3279,4658
2025-05-02 04:00:00,1.32793,1.33132,1.32752,1.33074,6959
2025-05-02 08:00:00,1.33075,1.33215,1.32821,1.32916,11167
2025-05-02 12:00:00,1.32904,1.33155,1.32593,1.32904,13677
2025-05-02 16:00:00,1.32904,1.33305,1.3276,1.32835,17233
2025-05-02 20:00:00,1.32834,1.32937,1.3262800000000001,1.32671,7131
2025-05-05 00:00:00,1.32608,1.32762,1.32599,1.32708,3597
2025-05-05 04:00:00,1.32715,1.33003,1.3271,1.32951,5899
2025-05-05 08:00:00,1.32951,1.33064,1.32751,1.3281399999999999,10696
2025-05-05 12:00:00,1.32817,1.33352,1.32817,1.33304,10828
2025-05-05 16:00:00,1.33305,1.3336299999999999,1.32698,1.32735,12751
2025-05-05 20:00:00,1.32735,1.32992,1.32717,1.32941,5481
2025-05-06 00:00:00,1.32883,1.32982,1.3267,1.3269199999999999,3353
2025-05-06 04:00:00,1.32686,1.33052,1.32599,1.3302100000000001,7627
2025-05-06 08:00:00,1.3302100000000001,1.3333300000000001,1.32852,1.33147,11959
2025-05-06 12:00:00,1.33147,1.34021,1.33077,1.33961,11627
2025-05-06 16:00:00,1.33962,1.3397000000000001,1.33515,1.3357999999999999,12965
2025-05-06 20:00:00,1.33581,1.33864,1.33563,1.33701,6782
2025-05-07 00:00:00,1.3364,1.3378700000000001,1.33331,1.3351600000000001,7839
2025-05-07 04:00:00,1.3351600000000001,1.3362,1.33352,1.33419,7869
2025-05-07 08:00:00,1.33419,1.3367,1.33355,1.33358,11205
2025-05-07 12:00:00,1.33357,1.33678,1.33224,1.3366500000000001,9873
2025-05-07 16:00:00,1.3366500000000001,1.33769,1.33324,1.33478,11649
2025-05-07 20:00:00,1.33478,1.33528,1.32795,1.32907,11553
2025-05-08 00:00:00,1.32852,1.3306499999999999,1.32852,1.32953,4307
2025-05-08 04:00:00,1.32953,1.3356,1.32932,1.33317,7525
2025-05-08 08:00:00,1.33317,1.33325,1.32608,1.3265799999999999,13935
2025-05-08 12:00:00,1.3265799999999999,1.33418,1.32391,1.33236,13191
2025-05-08 16:00:00,1.33236,1.33447,1.32615,1.32657,15098
2025-05-08 20:00:00,1.32657,1.3267,1.32361,1.3247900000000001,7584
2025-05-09 00:00:00,1.32428,1.3250899999999999,1.32192,1.32394,3549
2025-05-09 04:00:00,1.32392,1.3242,1.32118,1.32364,7594
2025-05-09 08:00:00,1.32364,1.32709,1.32232,1.32698,10473
2025-05-09 12:00:00,1.32698,1.32868,1.32616,1.32851,11099
2025-05-09 16:00:00,1.32851,1.33224,1.32837,1.33068,11617
2025-05-09 20:00:00,1.33066,1.3318699999999999,1.32958,1.32962,4572
2025-05-12 00:00:00,1.326,1.32951,1.32577,1.32886,6103
2025-05-12 04:00:00,1.32887,1.3294000000000001,1.32748,1.32859,7480
2025-05-12 08:00:00,1.32859,1.3299,1.3159399999999999,1.31941,17981
2025-05-12 12:00:00,1.31941,1.3204099999999999,1.31395,1.31958,16493
2025-05-12 16:00:00,1.31958,1.32148,1.3176700000000001,1.31776,16088
2025-05-12 20:00:00,1.31776,1.31846,1.31619,1.31761,8463
2025-05-13 00:00:00,1.31653,1.31849,1.3164,1.31782,5713
2025-05-13 04:00:00,1.31782,1.32007,1.31746,1.32007,8445
2025-05-13 08:00:00,1.32007,1.3216700000000001,1.31891,1.32115,12917
2025-05-13 12:00:00,1.3211300000000001,1.32442,1.3201800000000001,1.3243,12231
2025-05-13 16:00:00,1.3243,1.32944,1.32209,1.32922,16854
2025-05-13 20:00:00,1.32922,1.3316,1.3287,1.33057,7891
2025-05-14 00:00:00,1.33026,1.3316,1.32989,1.33132,4050
2025-05-14 04:00:00,1.33132,1.33196,1.32977,1.33037,9404
2025-05-14 08:00:00,1.33037,1.3358400000000001,1.32905,1.33468,14228
2025-05-14 12:00:00,1.33475,1.336,1.33159,1.3324799999999999,14798
2025-05-14 16:00:00,1.3324799999999999,1.33288,1.32704,1.32822,17845
2025-05-14 20:00:00,1.32821,1.3288,1.3253,1.32596,9032
2025-05-15 00:00:00,1.32562,1.32744,1.32504,1.3272300000000001,4797
2025-05-15 04:00:00,1.32722,1.32863,1.3271899999999999,1.32741,7464
2025-05-15 08:00:00,1.32741,1.33049,1.3262,1.32895,13076
2025-05-15 12:00:00,1.32894,1.33087,1.32667,1.33052,14039
2025-05-15 16:00:00,1.33051,1.33191,1.32634,1.32888,18616
2025-05-15 20:00:00,1.32888,1.33083,1.32862,1.33036,7572
2025-05-16 00:00:00,1.32969,1.33171,1.3294000000000001,1.33138,4399
2025-05-16 04:00:00,1.33138,1.33193,1.33061,1.33181,7636
2025-05-16 08:00:00,1.33181,1.33324,1.3301,1.33042,10704
2025-05-16 12:00:00,1.33042,1.33087,1.32731,1.3283,11516
2025-05-16 16:00:00,1.32833,1.3299,1.3250199999999999,1.32683,15096
2025-05-16 20:00:00,1.32687,1.32832,1.32672,1.32817,7965
2025-05-19 00:00:00,1.32717,1.33134,1.32654,1.33127,5089
2025-05-19 04:00:00,1.33128,1.3314,1.3289900000000001,1.32988,6737
2025-05-19 08:00:00,1.32988,1.33725,1.32924,1.33673,13511
2025-05-19 12:00:00,1.33673,1.3403399999999999,1.33624,1.33708,14859
2025-05-19 16:00:00,1.33708,1.33755,1.33453,1.33545,15762
2025-05-19 20:00:00,1.33545,1.3364099999999999,1.33446,1.33615,7817
2025-05-20 00:00:00,1.3351199999999999,1.3361100000000001,1.33442,1.33558,4941
2025-05-20 04:00:00,1.33558,1.33735,1.33463,1.33637,8232
2025-05-20 08:00:00,1.33633,1.3394599999999999,1.33633,1.3373300000000001,13996
2025-05-20 12:00:00,1.33732,1.33837,1.3335,1.33398,11779
2025-05-20 16:00:00,1.33398,1.33739,1.33344,1.33711,15517
2025-05-20 20:00:00,1.33711,1.33935,1.33694,1.33915,7710
2025-05-21 00:00:00,1.33804,1.34115,1.33759,1.34085,4135
2025-05-21 04:00:00,1.34085,1.34353,1.33984,1.34299,8025
2025-05-21 08:00:00,1.34299,1.34686,1.33905,1.33986,14195
2025-05-21 12:00:00,1.33986,1.3437700000000001,1.3388499999999999,1.34222,14948
2025-05-21 16:00:00,1.34231,1.3451,1.34142,1.34466,15474
2025-05-21 20:00:00,1.34466,1.34523,1.34127,1.34191,11201
2025-05-22 00:00:00,1.34137,1.34311,1.34045,1.34246,5500
2025-05-22 04:00:00,1.34244,1.34408,1.34162,1.34286,8317
2025-05-22 08:00:00,1.34286,1.34403,1.34013,1.34022,13545
2025-05-22 12:00:00,1.34021,1.34261,1.33904,1.3412600000000001,13099
2025-05-22 16:00:00,1.34128,1.34362,1.34039,1.34176,15864
2025-05-22 20:00:00,1.34175,1.34296,1.34032,1.34167,7670
2025-05-23 00:00:00,1.34066,1.34353,1.34066,1.34317,3951
2025-05-23 04:00:00,1.34313,1.3455,1.34292,1.34517,5779
2025-05-23 08:00:00,1.34515,1.34914,1.34435,1.34877,10266
2025-05-23 12:00:00,1.34877,1.35332,1.34735,1.3517700000000001,16936
2025-05-23 16:00:00,1.35176,1.35233,1.3480400000000001,1.35214,14725
2025-05-23 20:00:00,1.35215,1.35389,1.3521,1.35331,6970
2025-05-26 00:00:00,1.3522,1.35608,1.35208,1.35608,5759
2025-05-26 04:00:00,1.35608,1.35928,1.3553,1.35821,8244
2025-05-26 08:00:00,1.35822,1.35925,1.35576,1.35639,9388
2025-05-26 12:00:00,1.35642,1.35679,1.3550900000000001,1.35554,6855
2025-05-26 16:00:00,1.35554,1.35681,1.35522,1.35639,5851
2025-05-26 20:00:00,1.35638,1.35648,1.35574,1.35629,3794
2025-05-27 00:00:00,1.35558,1.35847,1.35507,1.35822,4503
2025-05-27 04:00:00,1.35822,1.35864,1.35534,1.35549,6336
2025-05-27 08:00:00,1.35551,1.3573,1.35214,1.35366,14381
2025-05-27 12:00:00,1.35365,1.3562,1.35334,1.35617,11146
2025-05-27 16:00:00,1.35617,1.35646,1.35,1.3507,14190
2025-05-27 20:00:00,1.35072,1.3515,1.35016,1.35077,6144
2025-05-28 00:00:00,1.3502,1.35221,1.3502,1.35147,3811
2025-05-28 04:00:00,1.35147,1.35161,1.34703,1.34721,9319
2025-05-28 08:00:00,1.34721,1.35107,1.34608,1.35089,11151
2025-05-28 12:00:00,1.3509,1.3519,1.34656,1.34689,10240
2025-05-28 16:00:00,1.34689,1.34889,1.34497,1.34744,15496
2025-05-28 20:00:00,1.34744,1.34792,1.3461699999999999,1.34683,7750
2025-05-29 00:00:00,1.34632,1.34707,1.3415,1.3428,10289
2025-05-29 04:00:00,1.3428,1.34464,1.34186,1.34397,9128
2025-05-29 08:00:00,1.34397,1.34744,1.3426,1.34598,12119
2025-05-29 12:00:00,1.34604,1.35047,1.34579,1.35011,12979
2025-05-29 16:00:00,1.35011,1.3507,1.34762,1.34927,16414
2025-05-29 20:00:00,1.34927,1.35043,1.34869,1.34945,8153
2025-05-30 00:00:00,1.34808,1.35093,1.34806,1.3496299999999999,6491
2025-05-30 04:00:00,1.3496299999999999,1.35107,1.3467799999999999,1.34713,7890
2025-05-30 08:00:00,1.34713,1.34853,1.34551,1.3465799999999999,11541
2025-05-30 12:00:00,1.3465500000000001,1.34991,1.34622,1.34923,13082
2025-05-30 16:00:00,1.34923,1.34939,1.34477,1.34606,17597
2025-05-30 20:00:00,1.34609,1.34763,1.34545,1.34562,8598
2025-06-02 00:00:00,1.34609,1.34917,1.34483,1.3488,4415
2025-06-02 04:00:00,1.34879,1.35052,1.34729,1.34885,7025
2025-06-02 08:00:00,1.34885,1.35571,1.34877,1.35429,12360
2025-06-02 12:00:00,1.35429,1.35552,1.35267,1.3542399999999999,12639
2025-06-02 16:00:00,1.35425,1.35594,1.35182,1.35222,17493
2025-06-02 20:00:00,1.35218,1.35494,1.35169,1.35468,7779
2025-06-03 00:00:00,1.35361,1.35589,1.35327,1.35474,4118
2025-06-03 04:00:00,1.35474,1.35474,1.3514599999999999,1.35232,7480
2025-06-03 08:00:00,1.35233,1.35372,1.35049,1.35149,10499
2025-06-03 12:00:00,1.3515,1.3526099999999999,1.34914,1.35034,11042
2025-06-03 16:00:00,1.35034,1.35332,1.34959,1.35181,16525
2025-06-03 20:00:00,1.35181,1.3529,1.35133,1.35193,5868
2025-06-04 00:00:00,1.351,1.3532600000000001,1.35098,1.35264,4279
2025-06-04 04:00:00,1.35264,1.3544100000000001,1.35103,1.35119,7296
2025-06-04 08:00:00,1.35119,1.35452,1.35006,1.35397,11470
2025-06-04 12:00:00,1.354,1.3544,1.3511,1.35427,11870
2025-06-04 16:00:00,1.35429,1.35796,1.35312,1.35711,15524
2025-06-04 20:00:00,1.35711,1.35736,1.35449,1.35528,7193
2025-06-05 00:00:00,1.35537,1.35593,1.35454,1.35593,4400
2025-06-05 04:00:00,1.35593,1.35653,1.35402,1.35469,7942
2025-06-05 08:00:00,1.35472,1.3574,1.35422,1.35669,9254
2025-06-05 12:00:00,1.3566799999999999,1.3594,1.35601,1.3578700000000001,13257
2025-06-05 16:00:00,1.3578700000000001,1.3616,1.35707,1.35863,20626
2025-06-05 20:00:00,1.35862,1.35892,1.35663,1.3573,9907
2025-06-06 00:00:00,1.35673,1.35842,1.35654,1.35786,3886
2025-06-06 04:00:00,1.35786,1.35836,1.35651,1.35747,6384
2025-06-06 08:00:00,1.35744,1.35748,1.35343,1.35379,9385
2025-06-06 12:00:00,1.35378,1.35636,1.3517000000000001,1.35359,12617
2025-06-06 16:00:00,1.35355,1.3547799999999999,1.35072,1.35188,18552
2025-06-06 20:00:00,1.3519,1.3534,1.35155,1.3525,7072
2025-06-09 00:00:00,1.3524,1.35394,1.35208,1.35309,2866
2025-06-09 04:00:00,1.35309,1.35652,1.35309,1.3553899999999999,4819
2025-06-09 08:00:00,1.3553899999999999,1.35777,1.35484,1.3573,8007
2025-06-09 12:00:00,1.35731,1.35811,1.35335,1.35361,9785
2025-06-09 16:00:00,1.35357,1.35641,1.35242,1.35582,11583
2025-06-09 20:00:00,1.35582,1.35655,1.3548,1.3548,5704
2025-06-10 00:00:00,1.35418,1.3564,1.35406,1.3554,4933
2025-06-10 04:00:00,1.35542,1.35601,1.35191,1.35377,8548
2025-06-10 08:00:00,1.35377,1.35456,1.34559,1.34874,13092
2025-06-10 12:00:00,1.34874,1.35123,1.3479700000000001,1.3507,10309
2025-06-10 16:00:00,1.3507,1.3536299999999999,1.34974,1.34981,12146
2025-06-10 20:00:00,1.34991,1.35079,1.349,1.34986,6447
2025-06-11 00:00:00,1.3492,1.35098,1.34876,1.34918,6441
2025-06-11 04:00:00,1.34918,1.34954,1.3474,1.34821,6978
2025-06-11 08:00:00,1.34822,1.34959,1.34641,1.34942,9104
2025-06-11 12:00:00,1.34941,1.35495,1.34847,1.35184,12531
2025-06-11 16:00:00,1.35184,1.35577,1.3501400000000001,1.35493,14297
2025-06-11 20:00:00,1.35493,1.35669,1.35358,1.35466,7801
2025-06-12 00:00:00,1.35374,1.35879,1.35374,1.3583,5444
2025-06-12 04:00:00,1.3583,1.3593,1.3566799999999999,1.35822,8449
2025-06-12 08:00:00,1.3581699999999999,1.35895,1.35224,1.3566,12851
2025-06-12 12:00:00,1.3566,1.3618999999999999,1.3559700000000001,1.36099,15828
2025-06-12 16:00:00,1.36099,1.36233,1.35819,1.35914,16441
2025-06-12 20:00:00,1.35913,1.36148,1.35837,1.36147,5920
2025-06-13 00:00:00,1.3603399999999999,1.36321,1.35585,1.35701,8795
2025-06-13 04:00:00,1.35701,1.35714,1.3529900000000001,1.3534,12860
2025-06-13 08:00:00,1.3534,1.35702,1.35213,1.35591,15055
2025-06-13 12:00:00,1.35591,1.35626,1.35229,1.3534,14295
2025-06-13 16:00:00,1.3534,1.36029,1.35161,1.35944,13011
2025-06-13 20:00:00,1.3594300000000001,1.3594300000000001,1.35583,1.35682,9489
2025-06-16 00:00:00,1.35506,1.35608,1.35334,1.35494,6226
2025-06-16 04:00:00,1.3549,1.35579,1.35343,1.35469,7010
2025-06-16 08:00:00,1.35469,1.35922,1.35469,1.35785,11988
2025-06-16 12:00:00,1.35786,1.35906,1.35735,1.35822,10672
2025-06-16 16:00:00,1.35822,1.36219,1.35822,1.36084,14870
2025-06-16 20:00:00,1.36082,1.36107,1.35721,1.35797,7428
2025-06-17 00:00:00,1.35614,1.35794,1.35575,1.3566799999999999,7046
2025-06-17 04:00:00,1.3566799999999999,1.3578999999999999,1.35586,1.35727,7570
2025-06-17 08:00:00,1.35727,1.3578299999999999,1.35479,1.35479,10557
2025-06-17 12:00:00,1.35477,1.35733,1.35413,1.35474,11165
2025-06-17 16:00:00,1.35474,1.35645,1.3466,1.3471199999999999,16139
2025-06-17 20:00:00,1.34713,1.3474300000000001,1.34146,1.34253,12431
2025-06-18 00:00:00,1.3419400000000001,1.3437999999999999,1.34161,1.34311,7366
2025-06-18 04:00:00,1.3431199999999999,1.3447200000000001,1.3426,1.34435,9161
2025-06-18 08:00:00,1.3443399999999999,1.34763,1.34375,1.3452600000000001,11369
2025-06-18 12:00:00,1.34528,1.3468200000000001,1.3437700000000001,1.34469,10242
2025-06-18 16:00:00,1.3446799999999999,1.34753,1.34348,1.34567,15819
2025-06-18 20:00:00,1.34564,1.34762,1.3400400000000001,1.34191,18210
2025-06-19 00:00:00,1.34162,1.34273,1.34077,1.34149,7635
2025-06-19 04:00:00,1.34149,1.34154,1.33865,1.34109,10306
2025-06-19 08:00:00,1.34109,1.34281,1.33823,1.34271,11573
2025-06-19 12:00:00,1.34271,1.34488,1.3404099999999999,1.3440699999999999,12278
2025-06-19 16:00:00,1.3440400000000001,1.34452,1.34169,1.34249,9870
2025-06-19 20:00:00,1.34249,1.34697,1.34243,1.34686,4079
2025-06-20 00:00:00,1.3452,1.34903,1.34464,1.34877,6851
2025-06-20 04:00:00,1.34877,1.34995,1.34762,1.3495300000000001,9861
2025-06-20 08:00:00,1.3495300000000001,1.35008,1.34622,1.34907,11940
2025-06-20 12:00:00,1.34907,1.35108,1.3485,1.35012,11352
2025-06-20 16:00:00,1.35016,1.35058,1.34532,1.34701,14939
2025-06-20 20:00:00,1.34701,1.3476,1.34401,1.34467,8058
2025-06-23 00:00:00,1.33959,1.34416,1.33959,1.34215,8179
2025-06-23 04:00:00,1.34215,1.34379,1.3403,1.3409,9524
2025-06-23 08:00:00,1.34091,1.34485,1.34091,1.34143,14555
2025-06-23 12:00:00,1.3414,1.34168,1.337,1.3391600000000001,15053
2025-06-23 16:00:00,1.33915,1.35056,1.33868,1.3492,18471
2025-06-23 20:00:00,1.34921,1.35305,1.34897,1.35251,9468
2025-06-24 00:00:00,1.35152,1.35547,1.35062,1.3548,9071
2025-06-24 04:00:00,1.35481,1.35724,1.3535599999999999,1.35647,10119
2025-06-24 08:00:00,1.35647,1.36032,1.35591,1.36003,15705
2025-06-24 12:00:00,1.36003,1.36262,1.35944,1.36008,11239
2025-06-24 16:00:00,1.36008,1.36477,1.35906,1.3625099999999999,16399
2025-06-24 20:00:00,1.3625099999999999,1.36385,1.3612,1.36155,7781
2025-06-25 00:00:00,1.36112,1.36191,1.36059,1.36169,4840
2025-06-25 04:00:00,1.36172,1.36288,1.36107,1.36159,8434
2025-06-25 08:00:00,1.36159,1.36333,1.36059,1.36213,10987
2025-06-25 12:00:00,1.3620700000000001,1.3621699999999999,1.35903,1.35964,10713
2025-06-25 16:00:00,1.35965,1.3643,1.3593899999999999,1.36402,11667
2025-06-25 20:00:00,1.36402,1.36712,1.36362,1.36639,8287
2025-06-26 00:00:00,1.36532,1.3695300000000001,1.36509,1.36893,5153
2025-06-26 04:00:00,1.36893,1.37242,1.3676599999999999,1.37004,8786
2025-06-26 08:00:00,1.37004,1.37645,1.36962,1.37493,14167
2025-06-26 12:00:00,1.37492,1.37533,1.36993,1.37182,14174
2025-06-26 16:00:00,1.37182,1.37702,1.37069,1.37546,18319
2025-06-26 20:00:00,1.37544,1.3762699999999999,1.37223,1.37275,10355
2025-06-27 00:00:00,1.37264,1.37352,1.37157,1.37304,5102
2025-06-27 04:00:00,1.37302,1.37497,1.37223,1.3722400000000001,7661
2025-06-27 08:00:00,1.3722699999999999,1.37501,1.37199,1.37429,11996
2025-06-27 12:00:00,1.3743400000000001,1.3752499999999999,1.3719700000000001,1.37404,12779
2025-06-27 16:00:00,1.37404,1.37467,1.37029,1.37074,15418
2025-06-27 20:00:00,1.3707500000000001,1.37186,1.36826,1.37183,9566
2025-06-30 00:00:00,1.3701699999999999,1.37284,1.36989,1.37138,5547
2025-06-30 04:00:00,1.3714,1.37302,1.37108,1.37294,6063
2025-06-30 08:00:00,1.37294,1.3740700000000001,1.36928,1.36995,11825
2025-06-30 12:00:00,1.36995,1.37116,1.36846,1.36932,11018
2025-06-30 16:00:00,1.36932,1.3722699999999999,1.3673600000000001,1.3713899999999999,15750
2025-06-30 20:00:00,1.3713899999999999,1.37343,1.37031,1.3731,7293
2025-07-01 00:00:00,1.37209,1.37412,1.37165,1.3740700000000001,5192
2025-07-01 04:00:00,1.3740700000000001,1.37483,1.37236,1.37409,7168
2025-07-01 08:00:00,1.37409,1.37833,1.37318,1.37736,12709
2025-07-01 12:00:00,1.37737,1.37884,1.3740299999999999,1.37412,14026
2025-07-01 16:00:00,1.37412,1.37431,1.37033,1.37241,16601
2025-07-01 20:00:00,1.37242,1.3749799999999999,1.37206,1.37459,7490
2025-07-02 00:00:00,1.3740999999999999,1.37489,1.37405,1.37479,3987
2025-07-02 04:00:00,1.37479,1.3752499999999999,1.3731499999999999,1.3744,5434
2025-07-02 08:00:00,1.3744,1.37454,1.36938,1.36977,10886
2025-07-02 12:00:00,1.3697599999999999,1.37126,1.35884,1.36075,16753
2025-07-02 16:00:00,1.36075,1.36321,1.35625,1.36308,16273
2025-07-02 20:00:00,1.36307,1.3644,1.36265,1.36323,7195
2025-07-03 00:00:00,1.36343,1.36651,1.36319,1.36468,4873
2025-07-03 04:00:00,1.36468,1.36535,1.36228,1.3629,6801
2025-07-03 08:00:00,1.3629,1.36754,1.3625099999999999,1.3664,10764
2025-07-03 12:00:00,1.36639,1.36677,1.35852,1.3614899999999999,14571
2025-07-03 16:00:00,1.3614899999999999,1.3674,1.36114,1.36499,17958
2025-07-03 20:00:00,1.36498,1.36529,1.36387,1.36524,3382
2025-07-04 00:00:00,1.36538,1.36684,1.3643,1.36633,3740
2025-07-04 04:00:00,1.36633,1.36743,1.36448,1.36737,6695
2025-07-04 08:00:00,1.3674,1.36812,1.36565,1.36638,10876
2025-07-04 12:00:00,1.3663699999999999,1.36643,1.36346,1.36351,10399
2025-07-04 16:00:00,1.36351,1.36534,1.36349,1.36464,8771
2025-07-04 20:00:00,1.36465,1.36555,1.36403,1.3641,23453
2025-07-07 00:00:00,1.36414,1.3657599999999999,1.36414,1.36469,5233
2025-07-07 04:00:00,1.36468,1.36468,1.3615300000000001,1.36168,8149
2025-07-07 08:00:00,1.36168,1.36261,1.3578999999999999,1.35803,13183
2025-07-07 12:00:00,1.35803,1.3620999999999999,1.35748,1.36171,10879
2025-07-07 16:00:00,1.36172,1.36476,1.35938,1.35948,13849
2025-07-07 20:00:00,1.35952,1.36167,1.35887,1.35993,9636
2025-07-08 00:00:00,1.36002,1.36365,1.35979,1.36286,6246
2025-07-08 04:00:00,1.36283,1.3642400000000001,1.36172,1.3631,7971
2025-07-08 08:00:00,1.3631,1.36462,1.36096,1.3612,12006
2025-07-08 12:00:00,1.3612,1.36144,1.35628,1.35779,11748
2025-07-08 16:00:00,1.35779,1.35816,1.35255,1.35782,18498
2025-07-08 20:00:00,1.35784,1.35971,1.35769,1.3590499999999999,9812
2025-07-09 00:00:00,1.35888,1.3594300000000001,1.35742,1.35859,4586
2025-07-09 04:00:00,1.35859,1.35926,1.35638,1.35853,9256
2025-07-09 08:00:00,1.35853,1.3606,1.3578999999999999,1.36005,11585
2025-07-09 12:00:00,1.36008,1.36124,1.35737,1.36079,10741
2025-07-09 16:00:00,1.36079,1.36193,1.35784,1.35836,11254
2025-07-09 20:00:00,1.35834,1.36005,1.358,1.35869,4831
2025-07-10 00:00:00,1.35839,1.36132,1.3578000000000001,1.3609200000000001,5168
2025-07-10 04:00:00,1.36084,1.3611900000000001,1.35992,1.36047,7041
2025-07-10 08:00:00,1.36047,1.36193,1.36019,1.36057,8656
2025-07-10 12:00:00,1.36057,1.36162,1.35569,1.35602,9182
2025-07-10 16:00:00,1.35602,1.35725,1.3532899999999999,1.35637,14468
2025-07-10 20:00:00,1.35635,1.35831,1.35605,1.35799,7070
2025-07-11 00:00:00,1.35699,1.35852,1.35447,1.35549,6551
2025-07-11 04:00:00,1.3555,1.35696,1.3548,1.35562,10073
2025-07-11 08:00:00,1.35562,1.35642,1.35282,1.35354,12091
2025-07-11 12:00:00,1.35354,1.35526,1.34958,1.35039,12357
2025-07-11 16:00:00,1.35038,1.35196,1.34809,1.35061,13486
2025-07-11 20:00:00,1.35061,1.3517000000000001,1.34835,1.34925,5923
2025-07-14 00:00:00,1.34848,1.3504,1.34776,1.34982,6968
2025-07-14 04:00:00,1.34982,1.3502399999999999,1.34713,1.34759,7890
2025-07-14 08:00:00,1.34759,1.34891,1.34511,1.34754,10529
2025-07-14 12:00:00,1.34754,1.34933,1.347,1.34774,9221
2025-07-14 16:00:00,1.34774,1.34843,1.3427,1.34349,13174
2025-07-14 20:00:00,1.34349,1.34408,1.34243,1.34254,4472
2025-07-15 00:00:00,1.343,1.3440400000000001,1.34209,1.34351,5651
2025-07-15 04:00:00,1.34351,1.3439,1.34261,1.34315,6380
2025-07-15 08:00:00,1.34314,1.34535,1.34274,1.34464,9581
2025-07-15 12:00:00,1.34464,1.34665,1.34314,1.34479,11386
2025-07-15 16:00:00,1.34479,1.34504,1.33799,1.33867,18563
2025-07-15 20:00:00,1.33866,1.33928,1.33784,1.33809,7329
2025-07-16 00:00:00,1.33826,1.33986,1.33768,1.33931,4180
2025-07-16 04:00:00,1.33928,1.34001,1.33822,1.33963,7303
2025-07-16 08:00:00,1.33963,1.34164,1.3388499999999999,1.33907,10909
2025-07-16 12:00:00,1.33907,1.34123,1.33825,1.33921,12203
2025-07-16 16:00:00,1.33921,1.3485800000000001,1.33646,1.34218,26839
2025-07-16 20:00:00,1.34216,1.34403,1.34046,1.34205,9875
2025-07-17 00:00:00,1.3415300000000001,1.34231,1.3395299999999999,1.33996,5863
2025-07-17 04:00:00,1.33999,1.3405,1.33839,1.3395299999999999,8222
2025-07-17 08:00:00,1.33954,1.34106,1.33739,1.34106,13484
2025-07-17 12:00:00,1.34111,1.34137,1.33795,1.3400699999999999,11234
2025-07-17 16:00:00,1.34005,1.34203,1.33927,1.34,13099
2025-07-17 20:00:00,1.34,1.34196,1.33988,1.34152,5207
2025-07-18 00:00:00,1.3413300000000001,1.34376,1.34112,1.34314,5392
2025-07-18 04:00:00,1.34314,1.34403,1.34233,1.34235,6766
2025-07-18 08:00:00,1.34235,1.34424,1.34101,1.34368,8919
2025-07-18 12:00:00,1.34368,1.34723,1.34347,1.34576,9135
2025-07-18 16:00:00,1.34576,1.34748,1.34164,1.34186,13585
2025-07-18 20:00:00,1.34186,1.34213,1.34054,1.34077,5841
2025-07-21 00:00:00,1.34128,1.34245,1.34023,1.34035,5968
2025-07-21 04:00:00,1.3403100000000001,1.3419400000000001,1.34017,1.34184,6105
2025-07-21 08:00:00,1.34183,1.3465799999999999,1.34167,1.34518,9898
2025-07-21 12:00:00,1.34518,1.34833,1.34445,1.34795,9506
2025-07-21 16:00:00,1.34795,1.35104,1.34665,1.34942,13074
2025-07-21 20:00:00,1.34942,1.3495599999999999,1.34827,1.349,6546
2025-07-22 00:00:00,1.34879,1.34915,1.34785,1.3483100000000001,4605
2025-07-22 04:00:00,1.34832,1.34874,1.34732,1.34764,6581
2025-07-22 08:00:00,1.34764,1.3492,1.3461400000000001,1.34896,9736
2025-07-22 12:00:00,1.34898,1.34994,1.3475,1.34809,9483
2025-07-22 16:00:00,1.34808,1.35325,1.3470900000000001,1.3529499999999999,16034
2025-07-22 20:00:00,1.3529499999999999,1.35324,1.35187,1.35312,7748
2025-07-23 00:00:00,1.35289,1.35347,1.35164,1.35267,6490
2025-07-23 04:00:00,1.35267,1.35348,1.35155,1.35271,10155
2025-07-23 08:00:00,1.35271,1.35486,1.35147,1.35416,10683
2025-07-23 12:00:00,1.35415,1.3548200000000001,1.3529499999999999,1.35454,9923
2025-07-23 16:00:00,1.35454,1.35762,1.35233,1.35611,15418
2025-07-23 20:00:00,1.35611,1.35835,1.35567,1.35803,8370
2025-07-24 00:00:00,1.35754,1.3587099999999999,1.35703,1.35735,4879
2025-07-24 04:00:00,1.35735,1.35887,1.35733,1.35796,8692
2025-07-24 08:00:00,1.35796,1.35818,1.3542399999999999,1.35436,11428
2025-07-24 12:00:00,1.35436,1.3553899999999999,1.35312,1.3535,10875
2025-07-24 16:00:00,1.3535,1.35625,1.3504399999999999,1.35108,17018
2025-07-24 20:00:00,1.35108,1.35273,1.35025,1.35041,8501
2025-07-25 00:00:00,1.35097,1.35118,1.35015,1.35068,5087
2025-07-25 04:00:00,1.35068,1.3512,1.34857,1.3491,8160
2025-07-25 08:00:00,1.3491,1.3504399999999999,1.34591,1.34627,13168
2025-07-25 12:00:00,1.34627,1.34641,1.34232,1.34333,10610
2025-07-25 16:00:00,1.34333,1.34433,1.34162,1.34207,15587
2025-07-25 20:00:00,1.34207,1.3437700000000001,1.34195,1.34295,6751
2025-07-28 00:00:00,1.3425099999999999,1.34489,1.3425,1.3443100000000001,6534
2025-07-28 04:00:00,1.34432,1.34528,1.34292,1.34361,8215
2025-07-28 08:00:00,1.34361,1.34365,1.34055,1.34205,12876
2025-07-28 12:00:00,1.34206,1.34381,1.34022,1.34376,13129
2025-07-28 16:00:00,1.34376,1.34396,1.3376000000000001,1.33784,13883
2025-07-28 20:00:00,1.33784,1.33799,1.33509,1.33537,6661
2025-07-29 00:00:00,1.3354300000000001,1.33616,1.3344,1.3345,4763
2025-07-29 04:00:00,1.3345,1.3357999999999999,1.33362,1.33493,8508
2025-07-29 08:00:00,1.33493,1.33537,1.33149,1.33415,13817
2025-07-29 12:00:00,1.33415,1.33616,1.33151,1.33151,12812
2025-07-29 16:00:00,1.3315000000000001,1.33474,1.33073,1.3338,16297
2025-07-29 20:00:00,1.3338,1.33637,1.33352,1.33487,9476
2025-07-30 00:00:00,1.33459,1.3366,1.33385,1.33655,4658
2025-07-30 04:00:00,1.33655,1.3369,1.3348900000000001,1.33504,8653
2025-07-30 08:00:00,1.33505,1.33686,1.33412,1.3367200000000001,10606
2025-07-30 12:00:00,1.3366799999999999,1.33856,1.33069,1.3308900000000001,14085
2025-07-30 16:00:00,1.3308900000000001,1.33135,1.32695,1.32815,15501
2025-07-30 20:00:00,1.32815,1.33129,1.32273,1.3238400000000001,19033
2025-07-31 00:00:00,1.32348,1.32588,1.32243,1.3250899999999999,6172
2025-07-31 04:00:00,1.32508,1.32698,1.32412,1.3269,10218
2025-07-31 08:00:00,1.3268900000000001,1.32816,1.32391,1.32495,12792
2025-07-31 12:00:00,1.32496,1.3249900000000001,1.32083,1.32163,13622
2025-07-31 16:00:00,1.32163,1.32389,1.31852,1.32225,17921
2025-07-31 20:00:00,1.32221,1.32269,1.31988,1.3205,10642
2025-08-01 00:00:00,1.32028,1.32129,1.31978,1.32099,6890
2025-08-01 04:00:00,1.32098,1.32127,1.31894,1.31988,9936
2025-08-01 08:00:00,1.31988,1.32128,1.31598,1.31601,11029
2025-08-01 12:00:00,1.31601,1.3303,1.31391,1.32843,15476
2025-08-01 16:00:00,1.3284799999999999,1.33102,1.3242099999999999,1.3245,27000
2025-08-01 20:00:00,1.3244799999999999,1.32918,1.32154,1.32825,12974
2025-08-04 00:00:00,1.32742,1.32929,1.32577,1.32613,8035
2025-08-04 04:00:00,1.32613,1.32895,1.32532,1.3277700000000001,8945
2025-08-04 08:00:00,1.3277700000000001,1.3290899999999999,1.32641,1.32776,12434
2025-08-04 12:00:00,1.32771,1.33138,1.32703,1.32975,14059
2025-08-04 16:00:00,1.32975,1.33305,1.32773,1.32851,17835
2025-08-04 20:00:00,1.32852,1.3287499999999999,1.32718,1.3287499999999999,8880
2025-08-05 00:00:00,1.32831,1.33026,1.32755,1.32988,5000
2025-08-05 04:00:00,1.32988,1.32993,1.32752,1.32853,7349
2025-08-05 08:00:00,1.32853,1.32953,1.3259,1.32796,11334
2025-08-05 12:00:00,1.32798,1.32948,1.32659,1.3281399999999999,12366
2025-08-05 16:00:00,1.3281399999999999,1.33159,1.32682,1.3309,18248
2025-08-05 20:00:00,1.33093,1.33152,1.32885,1.3298,10341
2025-08-06 00:00:00,1.32934,1.33056,1.32886,1.33006,4066
2025-08-06 04:00:00,1.33006,1.33136,1.32944,1.33114,5876
2025-08-06 08:00:00,1.33113,1.33114,1.3281100000000001,1.32837,9509
2025-08-06 12:00:00,1.32833,1.33298,1.3283,1.33169,12006
2025-08-06 16:00:00,1.33169,1.33619,1.33124,1.33468,16103
2025-08-06 20:00:00,1.33468,1.33681,1.33446,1.33554,9040
2025-08-07 00:00:00,1.33532,1.33603,1.33434,1.33474,4446
2025-08-07 04:00:00,1.33473,1.33686,1.3345500000000001,1.33677,6087
2025-08-07 08:00:00,1.33677,1.33798,1.33629,1.3369,10355
2025-08-07 12:00:00,1.33689,1.34363,1.33647,1.34205,14803
2025-08-07 16:00:00,1.34205,1.34342,1.33904,1.34295,16973
2025-08-07 20:00:00,1.34295,1.34478,1.3403100000000001,1.3444099999999999,11640
2025-08-08 00:00:00,1.34409,1.3452600000000001,1.3427799999999999,1.34478,4954
2025-08-08 04:00:00,1.3448,1.345,1.34341,1.34351,5533
2025-08-08 08:00:00,1.34352,1.34508,1.34239,1.34342,10099
2025-08-08 12:00:00,1.34342,1.3453,1.34175,1.34228,12062
2025-08-08 16:00:00,1.34228,1.3454,1.34228,1.34473,13486
2025-08-08 20:00:00,1.34473,1.34584,1.34425,1.34447,9332
2025-08-11 00:00:00,1.3441,1.3450199999999999,1.3427,1.34422,3096
2025-08-11 04:00:00,1.34422,1.3468,1.3440400000000001,1.3465799999999999,4371
2025-08-11 08:00:00,1.3465799999999999,1.34763,1.34476,1.34642,8345
2025-08-11 12:00:00,1.3464,1.34687,1.34119,1.34227,10068
2025-08-11 16:00:00,1.34227,1.34264,1.3399,1.34242,12565
2025-08-11 20:00:00,1.34244,1.34369,1.34168,1.34335,7965
2025-08-12 00:00:00,1.34281,1.34368,1.34189,1.34298,4529
2025-08-12 04:00:00,1.34298,1.34389,1.34236,1.34382,5843
2025-08-12 08:00:00,1.34382,1.34711,1.34199,1.34687,13626
2025-08-12 12:00:00,1.34687,1.35094,1.34461,1.34853,16635
2025-08-12 16:00:00,1.34854,1.35235,1.34626,1.35148,26738
2025-08-12 20:00:00,1.35149,1.35152,1.34877,1.34957,10077
2025-08-13 00:00:00,1.34982,1.35057,1.34904,1.35022,4266
2025-08-13 04:00:00,1.35022,1.3507799999999999,1.34923,1.35046,5717
2025-08-13 08:00:00,1.35046,1.35628,1.3498999999999999,1.3557000000000001,10670
2025-08-13 12:00:00,1.3557000000000001,1.35795,1.35561,1.35602,12752
2025-08-13 16:00:00,1.35602,1.3584800000000001,1.35535,1.3573,14644
2025-08-13 20:00:00,1.3573,1.35801,1.3562699999999999,1.3578999999999999,8202
2025-08-14 00:00:00,1.35699,1.35873,1.35633,1.35854,4020
2025-08-14 04:00:00,1.35854,1.35916,1.35703,1.3575599999999999,7608
2025-08-14 08:00:00,1.3575599999999999,1.3590900000000001,1.3562699999999999,1.3572,12459
2025-08-14 12:00:00,1.3571900000000001,1.35945,1.35456,1.35527,15552
2025-08-14 16:00:00,1.35527,1.35569,1.35203,1.35228,18422
2025-08-14 20:00:00,1.35228,1.35391,1.35227,1.35293,8175
2025-08-15 00:00:00,1.35293,1.3535,1.35218,1.35341,3328
2025-08-15 04:00:00,1.35341,1.35508,1.35302,1.35473,5841
2025-08-15 08:00:00,1.35473,1.3559700000000001,1.35423,1.35459,8052
2025-08-15 12:00:00,1.35459,1.3569200000000001,1.3545,1.35609,10914
2025-08-15 16:00:00,1.35609,1.35746,1.35535,1.3557000000000001,15853
2025-08-15 20:00:00,1.35569,1.35589,1.35495,1.3555,6654
2025-08-18 00:00:00,1.35501,1.35633,1.3547799999999999,1.35529,3503
2025-08-18 04:00:00,1.35528,1.35649,1.3548499999999999,1.35626,4557
2025-08-18 08:00:00,1.35626,1.35639,1.35304,1.3546,9080
2025-08-18 12:00:00,1.3546,1.35501,1.35347,1.35437,10096
2025-08-18 16:00:00,1.35437,1.35461,1.35065,1.35089,13430
2025-08-18 20:00:00,1.35089,1.35155,1.35013,1.35019,7063
2025-08-19 00:00:00,1.35019,1.35135,1.34984,1.35023,4194
2025-08-19 04:00:00,1.35023,1.3506,1.34864,1.35049,6762
2025-08-19 08:00:00,1.35049,1.35225,1.3496000000000001,1.3519700000000001,9453
2025-08-19 12:00:00,1.3519700000000001,1.3531,1.35031,1.35096,9938
2025-08-19 16:00:00,1.35096,1.35154,1.34849,1.34891,13384
2025-08-19 20:00:00,1.34891,1.34954,1.34774,1.34909,6279
2025-08-20 00:00:00,1.34849,1.34928,1.3474300000000001,1.34796,6501
2025-08-20 04:00:00,1.34796,1.34829,1.3461699999999999,1.34742,8094
2025-08-20 08:00:00,1.34742,1.3509,1.34713,1.35006,12141
2025-08-20 12:00:00,1.35006,1.3505,1.34715,1.34887,10224
2025-08-20 16:00:00,1.34887,1.34914,1.34471,1.34605,14948
2025-08-20 20:00:00,1.34604,1.34702,1.34479,1.34562,7779
2025-08-21 00:00:00,1.3455599999999999,1.34665,1.34469,1.34567,4907
2025-08-21 04:00:00,1.34566,1.34646,1.34478,1.34516,5796
2025-08-21 08:00:00,1.3452,1.34717,1.3435000000000001,1.34657,10392
2025-08-21 12:00:00,1.34657,1.34826,1.34415,1.34461,12787
2025-08-21 16:00:00,1.34461,1.34593,1.34052,1.34186,20152
2025-08-21 20:00:00,1.34186,1.34265,1.34108,1.3412899999999999,7236
2025-08-22 00:00:00,1.3408,1.34199,1.3408,1.34196,4136
2025-08-22 04:00:00,1.34196,1.34228,1.33927,1.33936,7067
2025-08-22 08:00:00,1.33936,1.34145,1.33903,1.3413300000000001,9749
2025-08-22 12:00:00,1.3413300000000001,1.34204,1.3406799999999999,1.3412899999999999,11913
2025-08-22 16:00:00,1.3412899999999999,1.3544,1.34121,1.35254,30146
2025-08-22 20:00:00,1.35254,1.35439,1.35171,1.35253,11042
2025-08-25 00:00:00,1.3514599999999999,1.35249,1.34946,1.34971,5335
2025-08-25 04:00:00,1.34971,1.35149,1.34894,1.3511199999999999,5515
2025-08-25 08:00:00,1.3511199999999999,1.35271,1.3502,1.3503,8622
2025-08-25 12:00:00,1.3503,1.35202,1.34836,1.3504399999999999,9176
2025-08-25 16:00:00,1.3504399999999999,1.35127,1.34843,1.34879,15373
2025-08-25 20:00:00,1.34879,1.34898,1.34455,1.34528,9026
2025-08-26 00:00:00,1.34549,1.34901,1.34462,1.34806,8751
2025-08-26 04:00:00,1.34806,1.34824,1.3449900000000001,1.34565,9622
2025-08-26 08:00:00,1.34565,1.34692,1.34345,1.34632,16431
2025-08-26 12:00:00,1.34632,1.3492899999999999,1.34609,1.34791,14468
2025-08-26 16:00:00,1.34785,1.34925,1.347,1.3477299999999999,17576
2025-08-26 20:00:00,1.3477299999999999,1.34854,1.34677,1.3477000000000001,7253
2025-08-27 00:00:00,1.34769,1.34824,1.34681,1.3471199999999999,4641
2025-08-27 04:00:00,1.3471199999999999,1.3474599999999999,1.34463,1.34483,8485
2025-08-27 08:00:00,1.34483,1.3465500000000001,1.34301,1.34448,11462
2025-08-27 12:00:00,1.34448,1.3449499999999999,1.3416000000000001,1.34413,12073
2025-08-27 16:00:00,1.34413,1.34972,1.34356,1.3496000000000001,16791
2025-08-27 20:00:00,1.3496000000000001,1.35015,1.349,1.34976,8459
2025-08-28 00:00:00,1.34918,1.35057,1.3486500000000001,1.3504399999999999,5659
2025-08-28 04:00:00,1.3504399999999999,1.35182,1.35005,1.35039,8805
2025-08-28 08:00:00,1.35039,1.3513,1.34829,1.34986,12013
2025-08-28 12:00:00,1.34986,1.3526099999999999,1.34974,1.35031,14521
2025-08-28 16:00:00,1.35031,1.3527,1.34886,1.35219,18264
2025-08-28 20:00:00,1.35219,1.35306,1.35066,1.35097,8424
2025-08-29 00:00:00,1.35074,1.35113,1.35023,1.35084,5853
2025-08-29 04:00:00,1.35084,1.3511199999999999,1.34937,1.35025,9401
2025-08-29 08:00:00,1.35025,1.35032,1.34693,1.34769,12123
2025-08-29 12:00:00,1.34769,1.34787,1.34461,1.34601,14315
2025-08-29 16:00:00,1.34601,1.35159,1.34462,1.3507799999999999,19798
2025-08-29 20:00:00,1.3507799999999999,1.35163,1.3498700000000001,1.35026,7924
2025-09-01 00:00:00,1.34933,1.35191,1.3492600000000001,1.3517700000000001,5143
2025-09-01 04:00:00,1.3517700000000001,1.35288,1.35049,1.35181,9465
2025-09-01 08:00:00,1.3518,1.35403,1.3514599999999999,1.35351,12351
2025-09-01 12:00:00,1.35351,1.3537,1.3522,1.35324,12448
2025-09-01 16:00:00,1.35328,1.35495,1.35307,1.35416,12272
2025-09-01 20:00:00,1.35416,1.35495,1.35393,1.35462,3091
2025-09-02 00:00:00,1.35431,1.35491,1.35348,1.35372,5390
2025-09-02 04:00:00,1.35372,1.35413,1.35224,1.35272,9886
2025-09-02 08:00:00,1.35272,1.35334,1.33752,1.3413,22102
2025-09-02 12:00:00,1.3413,1.34173,1.334,1.33515,22311
2025-09-02 16:00:00,1.33515,1.34184,1.3342,1.33923,20577
2025-09-02 20:00:00,1.33923,1.33951,1.33746,1.33939,8682
2025-09-03 00:00:00,1.33884,1.33955,1.33716,1.33755,5280
2025-09-03 04:00:00,1.33755,1.33776,1.33601,1.33692,8158
2025-09-03 08:00:00,1.33692,1.34089,1.33327,1.3407,14621
2025-09-03 12:00:00,1.34067,1.34291,1.33948,1.34243,14286
2025-09-03 16:00:00,1.34243,1.34537,1.341,1.34496,19563
2025-09-03 20:00:00,1.34496,1.34583,1.3434,1.3440400000000001,8491
2025-09-04 00:00:00,1.34389,1.34439,1.34334,1.34418,5650
2025-09-04 04:00:00,1.34418,1.3449499999999999,1.3425099999999999,1.34268,7299
2025-09-04 08:00:00,1.34268,1.34565,1.34161,1.34538,10424
2025-09-04 12:00:00,1.34538,1.3458700000000001,1.3421699999999999,1.3440699999999999,13980
2025-09-04 16:00:00,1.34409,1.34466,1.3417,1.34212,16388
2025-09-04 20:00:00,1.34212,1.34367,1.34184,1.3435000000000001,6581
2025-09-05 00:00:00,1.34259,1.34501,1.3418999999999999,1.34489,5196
2025-09-05 04:00:00,1.34489,1.3457,1.3446500000000001,1.345,7479
2025-09-05 08:00:00,1.345,1.34717,1.3449,1.34697,9951
2025-09-05 12:00:00,1.34697,1.35327,1.3457,1.3520699999999999,16952
2025-09-05 16:00:00,1.3520699999999999,1.35544,1.35045,1.35257,27306
2025-09-05 20:00:00,1.35257,1.3525800000000001,1.35003,1.35059,9784
2025-09-08 00:00:00,1.34958,1.35,1.3482,1.34958,5317
2025-09-08 04:00:00,1.3496000000000001,1.35053,1.34864,1.34961,7659
2025-09-08 08:00:00,1.3496000000000001,1.35259,1.34952,1.35122,10776
2025-09-08 12:00:00,1.3512,1.35488,1.3501699999999999,1.35427,10954
2025-09-08 16:00:00,1.35433,1.35562,1.35275,1.35374,13515
2025-09-08 20:00:00,1.35372,1.3554599999999999,1.35269,1.35453,6449
2025-09-09 00:00:00,1.3543,1.3562,1.35408,1.35582,4562
2025-09-09 04:00:00,1.35579,1.3575,1.35524,1.35731,7746
2025-09-09 08:00:00,1.3572899999999999,1.35821,1.35572,1.3572899999999999,11562
2025-09-09 12:00:00,1.35731,1.3590200000000001,1.35453,1.35541,10467
2025-09-09 16:00:00,1.35542,1.35743,1.35223,1.35343,17064
2025-09-09 20:00:00,1.35341,1.3538299999999999,1.35176,1.35257,6468
2025-09-10 00:00:00,1.35137,1.35304,1.35137,1.35217,5108
2025-09-10 04:00:00,1.35217,1.35422,1.3514,1.3541400000000001,8332
2025-09-10 08:00:00,1.3541400000000001,1.35431,1.35125,1.35272,10345
2025-09-10 12:00:00,1.35271,1.35629,1.35229,1.3529900000000001,12445
2025-09-10 16:00:00,1.35301,1.35612,1.35253,1.35359,13669
2025-09-10 20:00:00,1.3536000000000001,1.35415,1.35211,1.35274,6076
2025-09-11 00:00:00,1.3529900000000001,1.35397,1.35179,1.35272,4284
2025-09-11 04:00:00,1.35271,1.35336,1.35217,1.3526799999999999,6514
2025-09-11 08:00:00,1.35269,1.35269,1.35031,1.35144,11846
2025-09-11 12:00:00,1.35145,1.35488,1.34893,1.35447,16774
2025-09-11 16:00:00,1.3544800000000001,1.35788,1.35395,1.35775,20240
2025-09-11 20:00:00,1.35776,1.35827,1.35681,1.3576,10087
2025-09-12 00:00:00,1.35714,1.35803,1.35629,1.35723,4706
2025-09-12 04:00:00,1.35724,1.35733,1.35517,1.35561,7918
2025-09-12 08:00:00,1.35559,1.35748,1.35304,1.35334,11939
2025-09-12 12:00:00,1.35335,1.35625,1.35237,1.35429,12639
2025-09-12 16:00:00,1.35427,1.3569200000000001,1.35374,1.35599,13201
2025-09-12 20:00:00,1.3559999999999999,1.35704,1.35545,1.35592,6690
2025-09-15 00:00:00,1.35446,1.35614,1.3538299999999999,1.35557,4784
2025-09-15 04:00:00,1.35556,1.35707,1.35523,1.3566799999999999,5985
2025-09-15 08:00:00,1.3567,1.35987,1.35529,1.35816,9767
2025-09-15 12:00:00,1.35816,1.362,1.35782,1.36144,10242
2025-09-15 16:00:00,1.36145,1.36171,1.3584399999999999,1.35986,12014
2025-09-15 20:00:00,1.35987,1.3611,1.35942,1.35971,7845
2025-09-16 00:00:00,1.35892,1.36054,1.35892,1.36015,4174
2025-09-16 04:00:00,1.36017,1.36247,1.35976,1.3615599999999999,7629
2025-09-16 08:00:00,1.36157,1.3642699999999999,1.36141,1.36263,10731
2025-09-16 12:00:00,1.3626800000000001,1.36494,1.36233,1.36406,12402
2025-09-16 16:00:00,1.36404,1.36717,1.36385,1.3657599999999999,14454
2025-09-16 20:00:00,1.3657599999999999,1.3667500000000001,1.36415,1.3645399999999999,8425
2025-09-17 00:00:00,1.3645399999999999,1.36588,1.36371,1.36449,4852
2025-09-17 04:00:00,1.3645,1.36478,1.3639000000000001,1.36418,5981
2025-09-17 08:00:00,1.36419,1.36521,1.36295,1.36399,8549
2025-09-17 12:00:00,1.36398,1.3656,1.36382,1.3654,8041
2025-09-17 16:00:00,1.3654600000000001,1.36695,1.36482,1.36649,10050
2025-09-17 20:00:00,1.36648,1.37262,1.36194,1.3625,21118
2025-09-18 00:00:00,1.3624,1.36352,1.36164,1.36269,6665
2025-09-18 04:00:00,1.36269,1.3630499999999999,1.36043,1.36064,8628
2025-09-18 08:00:00,1.3606500000000001,1.36481,1.35859,1.3639299999999999,11991
2025-09-18 12:00:00,1.36401,1.366,1.35944,1.35944,13143
2025-09-18 16:00:00,1.3593899999999999,1.35956,1.35338,1.35526,18626
2025-09-18 20:00:00,1.35525,1.3563100000000001,1.3544,1.3548499999999999,7304
2025-09-19 00:00:00,1.35495,1.35565,1.35335,1.3548499999999999,6345
2025-09-19 04:00:00,1.35484,1.35594,1.35307,1.3544100000000001,9960
2025-09-19 08:00:00,1.3544,1.3551199999999999,1.34823,1.34993,13367
2025-09-19 12:00:00,1.34992,1.35102,1.34629,1.34683,10781
2025-09-19 16:00:00,1.34686,1.34981,1.34681,1.34821,13608
2025-09-19 20:00:00,1.3482,1.34848,1.34662,1.34688,6060
2025-09-22 00:00:00,1.34599,1.34727,1.3457,1.3467,5799
2025-09-22 04:00:00,1.34671,1.34744,1.3452600000000001,1.34603,7708
2025-09-22 08:00:00,1.34604,1.35031,1.3458700000000001,1.3495599999999999,10743
2025-09-22 12:00:00,1.34957,1.35158,1.34898,1.3508,9907
2025-09-22 16:00:00,1.35079,1.35199,1.34921,1.3508200000000001,11215
2025-09-22 20:00:00,1.35087,1.35192,1.35069,1.35144,4532
2025-09-23 00:00:00,1.35055,1.3520400000000001,1.34961,1.35203,4132
2025-09-23 04:00:00,1.35201,1.3526799999999999,1.3503,1.35069,6733
2025-09-23 08:00:00,1.3507,1.35278,1.3487,1.35036,12047
2025-09-23 12:00:00,1.3504,1.3529,1.34967,1.35244,10547
2025-09-23 16:00:00,1.35246,1.3536299999999999,1.35058,1.35205,14296
2025-09-23 20:00:00,1.35202,1.3526799999999999,1.35127,1.3523100000000001,7734
2025-09-24 00:00:00,1.3518,1.35278,1.35045,1.3514599999999999,5571
2025-09-24 04:00:00,1.35147,1.35161,1.35049,1.35087,7640
2025-09-24 08:00:00,1.35086,1.3512,1.34731,1.34835,9719
2025-09-24 12:00:00,1.34845,1.34873,1.34359,1.34452,10608
2025-09-24 16:00:00,1.34451,1.34575,1.34264,1.34426,14821
2025-09-24 20:00:00,1.34425,1.34554,1.34421,1.34448,6093
2025-09-25 00:00:00,1.34456,1.34575,1.34357,1.34564,5832
2025-09-25 04:00:00,1.34567,1.34644,1.34487,1.34627,6983
2025-09-25 08:00:00,1.3462399999999999,1.34668,1.34342,1.34524,9999
2025-09-25 12:00:00,1.34531,1.34592,1.33723,1.33835,12120
2025-09-25 16:00:00,1.33834,1.33942,1.33358,1.3338999999999999,17920
2025-09-25 20:00:00,1.33385,1.33461,1.33233,1.3345099999999999,7545
2025-09-26 00:00:00,1.3338,1.33456,1.33289,1.3345099999999999,5774
2025-09-26 04:00:00,1.3345,1.33552,1.3338999999999999,1.33541,6139
2025-09-26 08:00:00,1.33545,1.33703,1.3345,1.33647,8669
2025-09-26 12:00:00,1.33646,1.3377,1.33429,1.3377,10115
2025-09-26 16:00:00,1.33769,1.34128,1.33752,1.33979,14368
2025-09-26 20:00:00,1.33982,1.34112,1.33975,1.34032,5028
2025-09-29 00:00:00,1.33887,1.34246,1.33854,1.34236,4818
2025-09-29 04:00:00,1.34234,1.34413,1.34159,1.34374,6954
2025-09-29 08:00:00,1.3437299999999999,1.3450199999999999,1.34311,1.34355,9484
2025-09-29 12:00:00,1.34354,1.34564,1.34244,1.34513,9947
2025-09-29 16:00:00,1.34512,1.3452,1.3415599999999999,1.34308,12849
2025-09-29 20:00:00,1.34314,1.34386,1.34228,1.34304,5244
2025-09-30 00:00:00,1.3425099999999999,1.34375,1.34183,1.34246,4437
2025-09-30 04:00:00,1.34247,1.34386,1.34203,1.34378,6935
2025-09-30 08:00:00,1.3437999999999999,1.3452,1.3428200000000001,1.34455,11483
2025-09-30 12:00:00,1.34457,1.34516,1.34246,1.34421,9483
2025-09-30 16:00:00,1.34426,1.34669,1.34134,1.34586,15252
2025-09-30 20:00:00,1.3458700000000001,1.34636,1.3439,1.34405,6959
2025-10-01 00:00:00,1.3441,1.34518,1.34357,1.3440699999999999,5361
2025-10-01 04:00:00,1.34406,1.34636,1.34344,1.3463,5996
2025-10-01 08:00:00,1.34634,1.34799,1.34534,1.34672,13798
2025-10-01 12:00:00,1.34673,1.35215,1.34574,1.35124,14742
2025-10-01 16:00:00,1.35125,1.35273,1.3465099999999999,1.34738,17417
2025-10-01 20:00:00,1.3473899999999999,1.34888,1.3468499999999999,1.34731,6483
2025-10-02 00:00:00,1.3474300000000001,1.3483100000000001,1.34669,1.34691,4143
2025-10-02 04:00:00,1.34695,1.34869,1.34672,1.34752,5794
2025-10-02 08:00:00,1.34751,1.35098,1.3468499999999999,1.35043,10775
2025-10-02 12:00:00,1.35043,1.35077,1.34637,1.34656,10641
2025-10-02 16:00:00,1.3466,1.34684,1.34006,1.34389,15108
2025-10-02 20:00:00,1.3439,1.34519,1.34356,1.34408,5736
2025-10-03 00:00:00,1.34368,1.34541,1.34272,1.34444,3178
2025-10-03 04:00:00,1.34444,1.3450199999999999,1.34328,1.34351,6249
2025-10-03 08:00:00,1.3435000000000001,1.34667,1.34287,1.34578,9691
2025-10-03 12:00:00,1.34571,1.34596,1.34367,1.34581,9748
2025-10-03 16:00:00,1.34583,1.34846,1.34505,1.34774,14846
2025-10-03 20:00:00,1.3477299999999999,1.34857,1.34627,1.34787,6361
2025-10-06 00:00:00,1.34334,1.34437,1.34229,1.34398,9547
2025-10-06 04:00:00,1.34408,1.34578,1.34354,1.34467,6202
2025-10-06 08:00:00,1.34466,1.34642,1.34181,1.34358,14183
2025-10-06 12:00:00,1.34342,1.34403,1.3416299999999999,1.34374,12538
2025-10-06 16:00:00,1.34376,1.34837,1.34372,1.3475,13226
2025-10-06 20:00:00,1.34751,1.3489499999999999,1.34751,1.34849,5751
2025-10-07 00:00:00,1.34778,1.34866,1.3474599999999999,1.3482,3448
2025-10-07 04:00:00,1.34821,1.34821,1.34673,1.34695,4774
2025-10-07 08:00:00,1.3468499999999999,1.34706,1.34292,1.34367,10970
2025-10-07 12:00:00,1.34368,1.34439,1.33917,1.3414,11472
2025-10-07 16:00:00,1.34139,1.3454,1.34094,1.34425,14528
2025-10-07 20:00:00,1.34424,1.34518,1.34155,1.34246,7352
2025-10-08 00:00:00,1.34259,1.3428,1.34115,1.3415300000000001,4849
2025-10-08 04:00:00,1.3415,1.3415,1.33901,1.33935,8313
2025-10-08 08:00:00,1.33932,1.34257,1.3384,1.34083,11431
2025-10-08 12:00:00,1.34084,1.34272,1.34003,1.34191,11627
2025-10-08 16:00:00,1.34192,1.34382,1.33718,1.33872,13498
2025-10-08 20:00:00,1.33874,1.34056,1.33707,1.3403100000000001,7337
2025-10-09 00:00:00,1.34036,1.34128,1.33947,1.34096,3967
2025-10-09 04:00:00,1.34093,1.34189,1.34063,1.34124,5127
2025-10-09 08:00:00,1.34123,1.3416299999999999,1.33425,1.33612,12501
2025-10-09 12:00:00,1.33613,1.33898,1.33581,1.33841,12840
2025-10-09 16:00:00,1.33842,1.33948,1.3290600000000001,1.32937,19675
2025-10-09 20:00:00,1.3293599999999999,1.3305500000000001,1.32792,1.33033,8938
2025-10-10 00:00:00,1.3296299999999999,1.3306,1.32877,1.33044,4148
2025-10-10 04:00:00,1.33047,1.33137,1.32998,1.33086,5994
2025-10-10 08:00:00,1.3308499999999999,1.3314300000000001,1.32792,1.3308,12342
2025-10-10 12:00:00,1.33078,1.33088,1.32615,1.3279,12261
2025-10-10 16:00:00,1.32789,1.33704,1.32681,1.33448,21154
2025-10-10 20:00:00,1.33445,1.33547,1.33312,1.3351899999999999,10319
2025-10-13 00:00:00,1.33429,1.33541,1.33239,1.33504,8916
2025-10-13 04:00:00,1.33525,1.33627,1.33446,1.33564,8023
2025-10-13 08:00:00,1.33563,1.3366,1.3314599999999999,1.33258,13224
2025-10-13 12:00:00,1.33259,1.33524,1.3324500000000001,1.33332,12021
2025-10-13 16:00:00,1.33328,1.33384,1.33191,1.33297,13699
2025-10-13 20:00:00,1.3329900000000001,1.334,1.33263,1.33304,5861
2025-10-14 00:00:00,1.33303,1.33382,1.3325,1.33356,5901
2025-10-14 04:00:00,1.33357,1.33522,1.33346,1.3351899999999999,9185
2025-10-14 08:00:00,1.33518,1.3351899999999999,1.32522,1.32839,17613
2025-10-14 12:00:00,1.32837,1.32837,1.3248199999999999,1.32611,15125
2025-10-14 16:00:00,1.32609,1.33295,1.32605,1.33175,20424
2025-10-14 20:00:00,1.33172,1.3332,1.3312,1.33189,9624
2025-10-15 00:00:00,1.33175,1.33308,1.33134,1.33283,5831
2025-10-15 04:00:00,1.33284,1.33537,1.33251,1.3348499999999999,8153
2025-10-15 08:00:00,1.33496,1.3373300000000001,1.33411,1.33456,12732
2025-10-15 12:00:00,1.3345500000000001,1.33666,1.33359,1.33457,12431
2025-10-15 16:00:00,1.33449,1.3403,1.33347,1.33906,17702
2025-10-15 20:00:00,1.33907,1.34073,1.337,1.3401,9621
2025-10-16 00:00:00,1.33987,1.3428,1.33875,1.3421699999999999,6204
2025-10-16 04:00:00,1.34216,1.34419,1.34122,1.34137,8239
2025-10-16 08:00:00,1.34137,1.3443,1.34036,1.34379,13661
2025-10-16 12:00:00,1.3437999999999999,1.34489,1.34214,1.34476,13066
2025-10-16 16:00:00,1.34475,1.34542,1.34115,1.34267,19889
2025-10-16 20:00:00,1.34268,1.34476,1.34193,1.34353,13127
2025-10-17 00:00:00,1.34325,1.34518,1.34264,1.34469,6839
2025-10-17 04:00:00,1.3446799999999999,1.34535,1.34306,1.34518,10170
2025-10-17 08:00:00,1.34519,1.3471199999999999,1.34107,1.34238,15825
2025-10-17 12:00:00,1.34239,1.34429,1.34082,1.34121,14933
2025-10-17 16:00:00,1.3412,1.34307,1.33908,1.34168,19620
2025-10-17 20:00:00,1.34167,1.34386,1.34105,1.3425,11207
2025-10-20 00:00:00,1.3422,1.3434599999999999,1.34135,1.3434,5427
2025-10-20 04:00:00,1.3433899999999999,1.34429,1.34264,1.34357,7025
2025-10-20 08:00:00,1.34353,1.34409,1.34053,1.34276,11650
2025-10-20 12:00:00,1.34279,1.34385,1.33996,1.3425500000000001,13661
2025-10-20 16:00:00,1.34257,1.34271,1.34018,1.34157,15263
2025-10-20 20:00:00,1.34151,1.34162,1.33998,1.34053,8050
2025-10-21 00:00:00,1.3401,1.3416000000000001,1.33994,1.3414,5044
2025-10-21 04:00:00,1.34139,1.34139,1.33871,1.33917,7580
2025-10-21 08:00:00,1.33915,1.33972,1.3372,1.3379699999999999,14614
2025-10-21 12:00:00,1.33803,1.33945,1.33656,1.33862,14599
2025-10-21 16:00:00,1.33861,1.33974,1.3360699999999999,1.3372899999999999,19236
2025-10-21 20:00:00,1.3373,1.33765,1.33647,1.33653,9810
2025-10-22 00:00:00,1.3369,1.33741,1.33606,1.33704,6223
2025-10-22 04:00:00,1.33705,1.33799,1.33676,1.3378999999999999,7346
2025-10-22 08:00:00,1.33791,1.33869,1.33124,1.33206,15701
2025-10-22 12:00:00,1.33202,1.33401,1.3305500000000001,1.33233,14417
2025-10-22 16:00:00,1.3324099999999999,1.3376000000000001,1.33159,1.33708,17795
2025-10-22 20:00:00,1.33707,1.3372,1.33521,1.33579,9465
2025-10-23 00:00:00,1.33442,1.33596,1.3338999999999999,1.3345500000000001,5380
2025-10-23 04:00:00,1.33456,1.33472,1.33293,1.33386,6069
2025-10-23 08:00:00,1.33386,1.33571,1.33376,1.33494,9398
2025-10-23 12:00:00,1.33491,1.33545,1.33261,1.33432,9874
2025-10-23 16:00:00,1.33433,1.33477,1.33109,1.33122,15291
2025-10-23 20:00:00,1.3312,1.33276,1.33076,1.33274,7292
2025-10-24 00:00:00,1.33201,1.33323,1.33188,1.3329900000000001,4768
2025-10-24 04:00:00,1.333,1.33312,1.33173,1.33209,5933
2025-10-24 08:00:00,1.33208,1.3333300000000001,1.33006,1.33205,12190
2025-10-24 12:00:00,1.33199,1.33654,1.32999,1.33454,13831
2025-10-24 16:00:00,1.33459,1.33591,1.3287200000000001,1.32953,17715
2025-10-24 20:00:00,1.32951,1.33173,1.32951,1.3309,7509
2025-10-27 00:00:00,1.33151,1.3328,1.33103,1.3323800000000001,7004
2025-10-27 04:00:00,1.33236,1.33355,1.3313,1.33157,6171
2025-10-27 08:00:00,1.33158,1.33344,1.33103,1.33264,9383
2025-10-27 12:00:00,1.3326799999999999,1.33528,1.33229,1.33477,11872
2025-10-27 16:00:00,1.33475,1.3351600000000001,1.33172,1.33348,13171
2025-10-27 20:00:00,1.33351,1.33388,1.33242,1.33379,6405
2025-10-28 00:00:00,1.33328,1.33534,1.33328,1.33499,4927
2025-10-28 04:00:00,1.33496,1.33669,1.33475,1.33662,7456
2025-10-28 08:00:00,1.33663,1.33696,1.33011,1.33071,11713
2025-10-28 12:00:00,1.33071,1.33282,1.32796,1.32836,13489
2025-10-28 16:00:00,1.3284099999999999,1.32907,1.32474,1.32895,16175
2025-10-28 20:00:00,1.32898,1.3289900000000001,1.32696,1.32749,7076
2025-10-29 00:00:00,1.3269199999999999,1.32804,1.32678,1.32721,4969
2025-10-29 04:00:00,1.3271899999999999,1.3274,1.32489,1.32505,7209
2025-10-29 08:00:00,1.32504,1.32511,1.32081,1.32081,11798
2025-10-29 12:00:00,1.3208199999999999,1.32281,1.31966,1.32034,13914
2025-10-29 16:00:00,1.32035,1.3247,1.31942,1.32276,17360
2025-10-29 20:00:00,1.3227,1.32314,1.3140100000000001,1.31922,20148
2025-10-30 00:00:00,1.31852,1.32073,1.31773,1.32032,6587
2025-10-30 04:00:00,1.32032,1.32177,1.31962,1.32161,11098
2025-10-30 08:00:00,1.32163,1.32186,1.31848,1.32074,13055
2025-10-30 12:00:00,1.3207,1.32092,1.31354,1.31373,14425
2025-10-30 16:00:00,1.31366,1.3180100000000001,1.31162,1.31555,17728
2025-10-30 20:00:00,1.31556,1.3159,1.31388,1.31537,9114
2025-10-31 00:00:00,1.31461,1.31612,1.31459,1.31586,5785
2025-10-31 04:00:00,1.31585,1.31647,1.3149600000000001,1.31566,6721
2025-10-31 08:00:00,1.31567,1.3157,1.31249,1.3140800000000001,9544
2025-10-31 12:00:00,1.31405,1.31477,1.31041,1.31061,12105
2025-10-31 16:00:00,1.3106200000000001,1.3143,1.30966,1.31278,16608
2025-10-31 20:00:00,1.3127900000000001,1.31485,1.31227,1.3143099999999999,8654
2025-11-03 00:00:00,1.31273,1.3140800000000001,1.31242,1.3134700000000001,6504
2025-11-03 04:00:00,1.3135,1.31455,1.31326,1.31415,5073
2025-11-03 08:00:00,1.31415,1.31487,1.31173,1.3125,9031
2025-11-03 12:00:00,1.31249,1.3146499999999999,1.31202,1.31263,9714
2025-11-03 16:00:00,1.31264,1.31619,1.31085,1.31448,13550
2025-11-03 20:00:00,1.31447,1.31478,1.31344,1.31399,6459
2025-11-04 00:00:00,1.3134299999999999,1.3139,1.31181,1.31241,6584
2025-11-04 04:00:00,1.31238,1.31333,1.31171,1.31213,7014
2025-11-04 08:00:00,1.31215,1.31388,1.30588,1.30626,12517
2025-11-04 12:00:00,1.30624,1.30789,1.30525,1.30573,10522
2025-11-04 16:00:00,1.30569,1.30647,1.30257,1.30285,13002
2025-11-04 20:00:00,1.30283,1.30285,1.30097,1.30192,6385
2025-11-05 00:00:00,1.3022,1.30257,1.30097,1.3014999999999999,6459
2025-11-05 04:00:00,1.30161,1.30297,1.30136,1.30214,5917
2025-11-05 08:00:00,1.30212,1.30532,1.30191,1.30396,9060
2025-11-05 12:00:00,1.3039399999999999,1.30468,1.3011300000000001,1.30256,10472
2025-11-05 16:00:00,1.30255,1.30491,1.30133,1.30386,13650
2025-11-05 20:00:00,1.3038699999999999,1.30539,1.30375,1.30515,6344
2025-11-06 00:00:00,1.3045900000000001,1.30651,1.30447,1.30629,4421
2025-11-06 04:00:00,1.3063,1.30656,1.3057,1.30602,3879
2025-11-06 08:00:00,1.30596,1.30892,1.30526,1.308,10023
2025-11-06 12:00:00,1.30801,1.3124799999999999,1.30589,1.31078,12507
2025-11-06 16:00:00,1.31077,1.31247,1.30802,1.31217,15625
2025-11-06 20:00:00,1.31219,1.31425,1.31196,1.31373,8798
2025-11-07 00:00:00,1.31222,1.31417,1.31222,1.3125,5807
2025-11-07 04:00:00,1.3125200000000001,1.31304,1.31149,1.31188,5199
2025-11-07 08:00:00,1.31193,1.3127499999999999,1.30946,1.30976,8790
2025-11-07 12:00:00,1.30975,1.3137699999999999,1.30959,1.3130600000000001,12156
2025-11-07 16:00:00,1.31305,1.31744,1.31272,1.31701,14843
2025-11-07 20:00:00,1.3170600000000001,1.31745,1.31515,1.3158699999999999,8388
2025-11-10 00:00:00,1.31552,1.31577,1.31355,1.3151,7149
2025-11-10 04:00:00,1.31508,1.31597,1.3142,1.31548,6077
2025-11-10 08:00:00,1.31547,1.31842,1.31387,1.31728,13042
2025-11-10 12:00:00,1.31727,1.31906,1.31515,1.31744,12601
2025-11-10 16:00:00,1.3174299999999999,1.3179400000000001,1.31451,1.3177699999999999,15888
2025-11-10 20:00:00,1.31778,1.31848,1.31723,1.31738,8136
2025-11-11 00:00:00,1.31667,1.31772,1.31573,1.31642,6141
2025-11-11 04:00:00,1.31641,1.3171599999999999,1.31608,1.31658,6459
2025-11-11 08:00:00,1.31657,1.31711,1.31162,1.31291,14407
2025-11-11 12:00:00,1.31292,1.31782,1.31207,1.31714,13905
2025-11-11 16:00:00,1.31715,1.3184,1.3158400000000001,1.3174299999999999,15855
2025-11-11 20:00:00,1.3174000000000001,1.31779,1.31474,1.31509,8851
2025-11-12 00:00:00,1.31484,1.31537,1.31371,1.31385,5056
2025-11-12 04:00:00,1.31386,1.31436,1.31283,1.31331,5635
2025-11-12 08:00:00,1.31331,1.31551,1.3115,1.31159,12097
2025-11-12 12:00:00,1.31161,1.31398,1.30952,1.31049,13705
2025-11-12 16:00:00,1.31047,1.31396,1.30842,1.31387,16057
2025-11-12 20:00:00,1.31388,1.3143799999999999,1.31237,1.3128600000000001,8531
2025-11-13 00:00:00,1.31283,1.31314,1.31105,1.31235,6254
2025-11-13 04:00:00,1.31236,1.31284,1.31143,1.31168,6892
2025-11-13 08:00:00,1.31167,1.3170600000000001,1.31003,1.3155700000000001,14846
2025-11-13 12:00:00,1.31556,1.31839,1.3143,1.31688,15374
2025-11-13 16:00:00,1.31689,1.32153,1.3165200000000001,1.32115,19375
2025-11-13 20:00:00,1.32116,1.32141,1.31841,1.31891,12243
2025-11-14 00:00:00,1.31859,1.31916,1.31354,1.3146499999999999,8180
2025-11-14 04:00:00,1.31474,1.3159100000000001,1.31383,1.31478,7430
2025-11-14 08:00:00,1.31479,1.32001,1.31079,1.31552,15756
2025-11-14 12:00:00,1.31547,1.31808,1.31219,1.31669,14387
2025-11-14 16:00:00,1.31671,1.3178,1.31247,1.31608,17846
2025-11-14 20:00:00,1.31605,1.31735,1.31495,1.31732,7701
2025-11-17 00:00:00,1.31519,1.31714,1.31482,1.31554,5680
2025-11-17 04:00:00,1.3155299999999999,1.3155700000000001,1.31411,1.3143,4332
2025-11-17 08:00:00,1.31432,1.31803,1.31354,1.31642,11108
2025-11-17 12:00:00,1.31643,1.3193,1.31488,1.31727,13722
2025-11-17 16:00:00,1.31719,1.3179,1.31608,1.31701,14570
2025-11-17 20:00:00,1.317,1.3170600000000001,1.31446,1.31544,10322
2025-11-18 00:00:00,1.3155299999999999,1.31565,1.3145,1.3151,6638
2025-11-18 04:00:00,1.31509,1.31638,1.31446,1.31606,9073
2025-11-18 08:00:00,1.31604,1.31768,1.31476,1.31524,14620
2025-11-18 12:00:00,1.31527,1.31605,1.31335,1.31541,14090
2025-11-18 16:00:00,1.3154,1.31711,1.31349,1.31405,18231
2025-11-18 20:00:00,1.31406,1.31568,1.31393,1.31457,10188
2025-11-19 00:00:00,1.31471,1.31487,1.31312,1.31323,5861
2025-11-19 04:00:00,1.31324,1.3146499999999999,1.31288,1.31458,7279
2025-11-19 08:00:00,1.3146,1.31545,1.31176,1.31266,13081
2025-11-19 12:00:00,1.31265,1.31297,1.30923,1.31189,13734
2025-11-19 16:00:00,1.31188,1.3122,1.30565,1.3068,17557
2025-11-19 20:00:00,1.30681,1.30765,1.30433,1.30571,12728
2025-11-20 00:00:00,1.30557,1.30621,1.30451,1.3046,5816
2025-11-20 04:00:00,1.3045900000000001,1.30619,1.30374,1.30524,6534
2025-11-20 08:00:00,1.30522,1.3079399999999999,1.30492,1.3078699999999999,12443
2025-11-20 12:00:00,1.30798,1.30991,1.30466,1.30954,15278
2025-11-20 16:00:00,1.30955,1.31238,1.30657,1.30678,22536
2025-11-20 20:00:00,1.30676,1.30872,1.3066499999999999,1.30713,10390
2025-11-21 00:00:00,1.30661,1.30872,1.30646,1.3081800000000001,7915
2025-11-21 04:00:00,1.3082500000000001,1.30955,1.30748,1.3088600000000001,8036
2025-11-21 08:00:00,1.3088899999999999,1.31027,1.30588,1.3061099999999999,16412
2025-11-21 12:00:00,1.3060399999999999,1.30949,1.30384,1.3084,18470
2025-11-21 16:00:00,1.30839,1.31071,1.30693,1.31003,20785
2025-11-21 20:00:00,1.3100399999999999,1.31094,1.30911,1.31014,10536
2025-11-24 00:00:00,1.30941,1.30995,1.30854,1.30885,6366
2025-11-24 04:00:00,1.30888,1.31067,1.30887,1.31023,8934
2025-11-24 08:00:00,1.31021,1.31113,1.3087900000000001,1.30894,13632
2025-11-24 12:00:00,1.30893,1.31176,1.3087900000000001,1.31053,13071
2025-11-24 16:00:00,1.31048,1.31074,1.30804,1.31005,15505
2025-11-24 20:00:00,1.3100399999999999,1.31165,1.30997,1.31055,7380
2025-11-25 00:00:00,1.3103500000000001,1.31158,1.31018,1.31076,6299
2025-11-25 04:00:00,1.31075,1.31155,1.3094999999999999,1.3101099999999999,6957
2025-11-25 08:00:00,1.31009,1.3138,1.3098,1.31349,11108
2025-11-25 12:00:00,1.3134299999999999,1.31589,1.31089,1.31536,14994
2025-11-25 16:00:00,1.31535,1.3204099999999999,1.31528,1.32005,19318
2025-11-25 20:00:00,1.32007,1.32141,1.31531,1.31663,11720
2025-11-26 00:00:00,1.31637,1.31875,1.31574,1.31786,8745
2025-11-26 04:00:00,1.31785,1.31971,1.31768,1.31912,9621
2025-11-26 08:00:00,1.31911,1.31978,1.31651,1.31738,15566
2025-11-26 12:00:00,1.31737,1.32229,1.3124,1.3192300000000001,21391
2025-11-26 16:00:00,1.31924,1.32375,1.31848,1.3225799999999999,18899
2025-11-26 20:00:00,1.3225799999999999,1.32425,1.32234,1.32403,8178
2025-11-27 00:00:00,1.32376,1.3260399999999999,1.32364,1.3256700000000001,7236
2025-11-27 04:00:00,1.32575,1.32679,1.32478,1.32586,9066
2025-11-27 08:00:00,1.3259,1.32639,1.32097,1.32137,11185
2025-11-27 12:00:00,1.32138,1.32489,1.32119,1.32429,10417
2025-11-27 16:00:00,1.32431,1.32549,1.32287,1.32378,7800
2025-11-27 20:00:00,1.32381,1.32402,1.32333,1.32381,4535
2025-11-28 00:00:00,1.32365,1.32443,1.32287,1.32327,6824
2025-11-28 04:00:00,1.3232599999999999,1.32444,1.32253,1.32322,18245
2025-11-28 08:00:00,1.32331,1.32335,1.32008,1.32081,28864
2025-11-28 12:00:00,1.3208,1.32277,1.32009,1.3225,34613
2025-11-28 16:00:00,1.32252,1.3254299999999999,1.32064,1.32363,17644
2025-11-28 20:00:00,1.32369,1.32466,1.323,1.32343,8627
2025-12-01 00:00:00,1.32221,1.3248199999999999,1.32159,1.32376,10804
2025-12-01 04:00:00,1.3237700000000001,1.32398,1.32182,1.32206,9646
2025-12-01 08:00:00,1.32203,1.32362,1.32051,1.32328,13905
2025-12-01 12:00:00,1.32325,1.32752,1.32177,1.3265799999999999,15441
2025-12-01 16:00:00,1.32656,1.32659,1.32211,1.32242,18379
2025-12-01 20:00:00,1.32243,1.32277,1.32078,1.32131,8725
2025-12-02 00:00:00,1.32138,1.32139,1.32026,1.32119,3814
2025-12-02 04:00:00,1.32118,1.32215,1.32105,1.32141,5251
2025-12-02 08:00:00,1.3214000000000001,1.32206,1.32025,1.32169,8502
2025-12-02 12:00:00,1.3183099999999999,1.32098,1.3183099999999999,1.32049,9896
2025-12-02 16:00:00,1.32068,1.3213300000000001,1.31793,1.31937,13985
2025-12-02 20:00:00,1.31937,1.32142,1.31901,1.32139,7771
2025-12-03 00:00:00,1.32037,1.32268,1.31946,1.3226200000000001,5685
2025-12-03 04:00:00,1.32264,1.32378,1.32242,1.32365,5190
2025-12-03 08:00:00,1.32366,1.32843,1.3235299999999999,1.32786,11365
2025-12-03 12:00:00,1.32788,1.3314300000000001,1.3274,1.32991,10854
2025-12-03 16:00:00,1.3299,1.33475,1.3292,1.3342399999999999,16582
2025-12-03 20:00:00,1.33422,1.33532,1.33384,1.33523,8566
2025-12-04 00:00:00,1.3348499999999999,1.33514,1.33345,1.33398,5421
2025-12-04 04:00:00,1.33401,1.33401,1.33273,1.33378,7381
2025-12-04 08:00:00,1.33379,1.33587,1.33314,1.33456,10020
2025-12-04 12:00:00,1.33457,1.33635,1.33307,1.33419,13338
2025-12-04 16:00:00,1.3342,1.33847,1.33403,1.33429,15231
2025-12-04 20:00:00,1.33429,1.33511,1.33244,1.3327200000000001,7713
2025-12-05 00:00:00,1.3320699999999999,1.33331,1.33194,1.3332899999999999,6811
2025-12-05 04:00:00,1.33331,1.33454,1.3324500000000001,1.33449,6349
2025-12-05 08:00:00,1.3345,1.33623,1.33418,1.3345500000000001,10868
2025-12-05 12:00:00,1.33456,1.33556,1.33278,1.33506,11749
2025-12-05 16:00:00,1.33507,1.33616,1.33158,1.33304,18794
2025-12-05 20:00:00,1.33303,1.33405,1.33256,1.33271,9768
2025-12-08 00:00:00,1.33175,1.33379,1.3314300000000001,1.33362,5882
2025-12-08 04:00:00,1.3336299999999999,1.3342,1.33347,1.33368,4138
2025-12-08 08:00:00,1.33369,1.33463,1.33134,1.33167,11585
2025-12-08 12:00:00,1.33168,1.33291,1.33136,1.33196,12258
2025-12-08 16:00:00,1.33209,1.33381,1.3305500000000001,1.33232,19022
2025-12-08 20:00:00,1.33237,1.33305,1.3318699999999999,1.33239,8145
2025-12-09 00:00:00,1.33186,1.33328,1.33149,1.33324,4839
2025-12-09 04:00:00,1.33323,1.3336700000000001,1.33257,1.33332,6390
2025-12-09 08:00:00,1.33331,1.33558,1.33231,1.33465,12914
2025-12-09 12:00:00,1.33464,1.33487,1.33099,1.33145,15571
2025-12-09 16:00:00,1.33141,1.33203,1.32868,1.32974,19991
2025-12-09 20:00:00,1.32973,1.33068,1.3290600000000001,1.32995,9269
2025-12-10 00:00:00,1.32969,1.33041,1.32951,1.32984,4464
2025-12-10 04:00:00,1.32983,1.33096,1.32975,1.33066,5761
2025-12-10 08:00:00,1.3306499999999999,1.3326799999999999,1.33051,1.33127,11865
2025-12-10 12:00:00,1.3312599999999999,1.33316,1.33012,1.3330199999999999,13440
2025-12-10 16:00:00,1.33305,1.33472,1.3314599999999999,1.3345500000000001,17185
2025-12-10 20:00:00,1.33456,1.33884,1.33242,1.33829,21235
2025-12-11 00:00:00,1.33774,1.33917,1.33732,1.33817,6620
2025-12-11 04:00:00,1.33816,1.3387,1.3361,1.33612,7316
2025-12-11 08:00:00,1.33613,1.3378999999999999,1.33542,1.33717,14095
2025-12-11 12:00:00,1.33716,1.34152,1.33677,1.3407200000000001,15732
2025-12-11 16:00:00,1.34074,1.34381,1.3406799999999999,1.34209,20353
2025-12-11 20:00:00,1.34208,1.34246,1.3382100000000001,1.33913,10282
2025-12-12 00:00:00,1.3387,1.33996,1.3385799999999999,1.3392,6421
2025-12-12 04:00:00,1.3391899999999999,1.33964,1.33879,1.33949,4601
2025-12-12 08:00:00,1.3395000000000001,1.33987,1.33731,1.33825,12934
2025-12-12 12:00:00,1.3382399999999999,1.33832,1.33644,1.33693,12612
2025-12-12 16:00:00,1.33688,1.33781,1.3342,1.3373,20059
2025-12-12 20:00:00,1.3372899999999999,1.33766,1.33562,1.3366799999999999,10971
2025-12-15 00:00:00,1.33689,1.33737,1.3354300000000001,1.3373,5786
2025-12-15 04:00:00,1.33727,1.33742,1.33545,1.3364,7287
2025-12-15 08:00:00,1.33639,1.33883,1.3357,1.33876,11852
2025-12-15 12:00:00,1.33875,1.33961,1.33743,1.33869,11127
2025-12-15 16:00:00,1.33866,1.34013,1.3365,1.3367499999999999,20363
2025-12-15 20:00:00,1.33674,1.33766,1.33592,1.3372,9621
2025-12-16 00:00:00,1.33657,1.3383099999999999,1.3361100000000001,1.33678,7274
2025-12-16 04:00:00,1.33679,1.3373599999999999,1.33605,1.3362,9549
2025-12-16 08:00:00,1.33617,1.34154,1.33547,1.34101,13876
2025-12-16 12:00:00,1.34098,1.3456000000000001,1.34064,1.3425500000000001,18119
2025-12-16 16:00:00,1.34257,1.34473,1.34037,1.34235,23702
2025-12-16 20:00:00,1.34236,1.34358,1.33995,1.3424800000000001,14167
2025-12-17 00:00:00,1.342,1.34265,1.34177,1.34245,5836
2025-12-17 04:00:00,1.34244,1.34244,1.33801,1.3382800000000001,7114
2025-12-17 08:00:00,1.33829,1.33897,1.33114,1.33254,17255
2025-12-17 12:00:00,1.33253,1.33588,1.332,1.3356,15996
2025-12-17 16:00:00,1.33561,1.34064,1.3348200000000001,1.3387,21811
2025-12-17 20:00:00,1.33869,1.33945,1.33722,1.33782,11190
2025-12-18 00:00:00,1.33742,1.33789,1.33612,1.33644,5907
2025-12-18 04:00:00,1.3364500000000001,1.3373300000000001,1.33613,1.3369,6380
2025-12-18 08:00:00,1.33689,1.33749,1.33405,1.33484,13379
2025-12-18 12:00:00,1.33481,1.34424,1.33402,1.34277,18706
2025-12-18 16:00:00,1.34273,1.34461,1.33703,1.33807,24995
2025-12-18 20:00:00,1.33809,1.33905,1.33747,1.33817,10639
2025-12-19 00:00:00,1.33771,1.33868,1.33723,1.3382100000000001,6237
2025-12-19 04:00:00,1.33819,1.3386,1.33693,1.33756,7935
2025-12-19 08:00:00,1.33753,1.33874,1.33626,1.33814,14826
2025-12-19 12:00:00,1.33815,1.33864,1.33568,1.33717,15085
2025-12-19 16:00:00,1.33719,1.33869,1.33566,1.33771,18732
2025-12-19 20:00:00,1.3377,1.33939,1.33724,1.33749,9943
2025-12-22 00:00:00,1.3376299999999999,1.33974,1.3371,1.33957,16558
2025-12-22 04:00:00,1.33956,1.3401,1.33914,1.33968,5013
2025-12-22 08:00:00,1.33965,1.34244,1.3391199999999999,1.34243,11759
2025-12-22 12:00:00,1.34242,1.34439,1.34239,1.34376,14522
2025-12-22 16:00:00,1.3437700000000001,1.34772,1.34314,1.34705,16547
2025-12-22 20:00:00,1.34705,1.34706,1.34535,1.34599,8846
2025-12-23 00:00:00,1.34562,1.34829,1.34547,1.34769,5388
2025-12-23 04:00:00,1.34768,1.34934,1.34763,1.34886,6854
2025-12-23 08:00:00,1.34888,1.35184,1.34793,1.35053,14081
2025-12-23 12:00:00,1.35054,1.35186,1.34941,1.34945,16086
2025-12-23 16:00:00,1.34946,1.35001,1.34706,1.34731,17787
2025-12-23 20:00:00,1.34732,1.35228,1.3471600000000001,1.35223,8373
2025-12-24 00:00:00,1.35137,1.3531900000000001,1.35027,1.35288,7331
2025-12-24 04:00:00,1.35289,1.3534,1.3509,1.35187,7532
2025-12-24 08:00:00,1.35185,1.35277,1.3502399999999999,1.35218,12533
2025-12-24 12:00:00,1.35217,1.3523800000000001,1.35008,1.35043,13252
2025-12-24 16:00:00,1.35039,1.35107,1.34918,1.34971,15281
2025-12-24 20:00:00,1.3497,1.35062,1.34944,1.35,13579
2025-12-26 00:00:00,1.3522,1.35225,1.3495300000000001,1.35125,11449
2025-12-26 04:00:00,1.35124,1.35187,1.34862,1.34944,7865
2025-12-26 08:00:00,1.34943,1.34999,1.3477000000000001,1.3485,12388
2025-12-26 12:00:00,1.34849,1.35271,1.34833,1.3516599999999999,12016
2025-12-26 16:00:00,1.3517299999999999,1.35256,1.3481,1.34947,18063
2025-12-26 20:00:00,1.34954,1.35062,1.34896,1.3495599999999999,10589
2025-12-29 00:00:00,1.3483,1.35117,1.34822,1.35089,7554
2025-12-29 04:00:00,1.35088,1.35096,1.34835,1.34907,7067
2025-12-29 08:00:00,1.34908,1.3507799999999999,1.34734,1.349,15434
2025-12-29 12:00:00,1.34898,1.3510900000000001,1.34689,1.34934,17701
2025-12-29 16:00:00,1.34934,1.35126,1.34812,1.34856,22247
2025-12-29 20:00:00,1.34855,1.35154,1.34842,1.35083,10030
2025-12-30 00:00:00,1.3504399999999999,1.35102,1.34966,1.3508200000000001,6819
2025-12-30 04:00:00,1.35083,1.3517000000000001,1.34991,1.35147,6375
2025-12-30 08:00:00,1.35148,1.35216,1.35,1.3514,12770
2025-12-30 12:00:00,1.3513899999999999,1.35303,1.34867,1.34875,14405
2025-12-30 16:00:00,1.34874,1.34876,1.34493,1.34694,17706
2025-12-30 20:00:00,1.34683,1.3474599999999999,1.34607,1.34674,8481
2025-12-31 00:00:00,1.3459400000000001,1.3467500000000001,1.34581,1.34606,4935
2025-12-31 04:00:00,1.34603,1.3465099999999999,1.34569,1.34605,6540
2025-12-31 08:00:00,1.34604,1.34652,1.34256,1.34371,11961
2025-12-31 12:00:00,1.3437700000000001,1.34766,1.34322,1.34542,16251
2025-12-31 16:00:00,1.34543,1.34602,1.34015,1.34519,21543
2025-12-31 20:00:00,1.34518,1.3483399999999999,1.3446799999999999,1.34738,9639
2026-01-02 00:00:00,1.34634,1.34877,1.3459400000000001,1.34875,4482
2026-01-02 04:00:00,1.34876,1.34909,1.34694,1.34711,4678
2026-01-02 08:00:00,1.3470900000000001,1.34714,1.34488,1.34548,13102
2026-01-02 12:00:00,1.34549,1.34595,1.34336,1.34572,14276
2026-01-02 16:00:00,1.34574,1.35018,1.3453300000000001,1.34627,17976
2026-01-02 20:00:00,1.34626,1.34664,1.3446,1.3459400000000001,9174
2026-01-05 00:00:00,1.34451,1.34561,1.34365,1.3439999999999999,9075
2026-01-05 04:00:00,1.34401,1.34424,1.34139,1.34276,9088
2026-01-05 08:00:00,1.34275,1.34432,1.34171,1.34425,14603
2026-01-05 12:00:00,1.34423,1.34741,1.34247,1.3452600000000001,17784
2026-01-05 16:00:00,1.34525,1.35388,1.34504,1.35325,21871
2026-01-05 20:00:00,1.35323,1.35481,1.35284,1.35402,9052
2026-01-06 00:00:00,1.35382,1.35459,1.3528,1.35458,6452
2026-01-06 04:00:00,1.35459,1.35618,1.35413,1.35493,7568
2026-01-06 08:00:00,1.35492,1.35675,1.3535300000000001,1.35354,15582
2026-01-06 12:00:00,1.35355,1.35396,1.35063,1.35236,16199
2026-01-06 16:00:00,1.35235,1.35342,1.34913,1.35099,20019
2026-01-06 20:00:00,1.35098,1.35118,1.34921,1.35018,8084
2026-01-07 00:00:00,1.34939,1.35094,1.34913,1.35056,6406
2026-01-07 04:00:00,1.35055,1.3516599999999999,1.35028,1.35083,7935
2026-01-07 08:00:00,1.3508200000000001,1.35165,1.3485,1.34941,13734
2026-01-07 12:00:00,1.34942,1.3505099999999999,1.34814,1.34943,15874
2026-01-07 16:00:00,1.34942,1.35019,1.34677,1.34729,20288
2026-01-07 20:00:00,1.3473,1.34733,1.34564,1.3458999999999999,8972
2026-01-08 00:00:00,1.3455300000000001,1.34604,1.34527,1.34555,4780
2026-01-08 04:00:00,1.34557,1.3465099999999999,1.34504,1.34578,6897
2026-01-08 08:00:00,1.34577,1.3461699999999999,1.34317,1.34381,13656
2026-01-08 12:00:00,1.3437999999999999,1.34504,1.34155,1.3423,14756
2026-01-08 16:00:00,1.34229,1.34467,1.34172,1.34359,19350
2026-01-08 20:00:00,1.34351,1.34447,1.34191,1.3443,8642
2026-01-09 00:00:00,1.34247,1.3440699999999999,1.34247,1.3427799999999999,5733
2026-01-09 04:00:00,1.34277,1.34378,1.34242,1.343,7744
2026-01-09 08:00:00,1.34299,1.3434300000000001,1.34048,1.341,14500
2026-01-09 12:00:00,1.3410199999999999,1.34508,1.33976,1.34352,18493
2026-01-09 16:00:00,1.34353,1.3443100000000001,1.33924,1.34028,23989
2026-01-09 20:00:00,1.34027,1.34141,1.33958,1.33969,9186
2026-01-12 00:00:00,1.33938,1.34406,1.33903,1.34273,8505
2026-01-12 04:00:00,1.34271,1.3436,1.34161,1.34334,6913
2026-01-12 08:00:00,1.34333,1.34688,1.34292,1.34536,14904
2026-01-12 12:00:00,1.34535,1.34857,1.34476,1.34815,15292
2026-01-12 16:00:00,1.34814,1.3483,1.3455,1.3464,17352
2026-01-12 20:00:00,1.34639,1.34695,1.34569,1.34674,7130
2026-01-13 00:00:00,1.3462399999999999,1.34765,1.34569,1.34701,6640
2026-01-13 04:00:00,1.34702,1.34783,1.34692,1.3472,7505
2026-01-13 08:00:00,1.34723,1.34853,1.34623,1.3480400000000001,12352
2026-01-13 12:00:00,1.34805,1.34946,1.34516,1.3475,15165
2026-01-13 16:00:00,1.34748,1.34772,1.3424800000000001,1.34335,19668
2026-01-13 20:00:00,1.34334,1.34408,1.3424,1.3424800000000001,9182
2026-01-14 00:00:00,1.34207,1.34281,1.3418700000000001,1.3422399999999999,4886
2026-01-14 04:00:00,1.34226,1.3447200000000001,1.34209,1.34352,6202
2026-01-14 08:00:00,1.34351,1.34584,1.34337,1.34565,12906
2026-01-14 12:00:00,1.34564,1.34585,1.34386,1.34446,14168
2026-01-14 16:00:00,1.34445,1.34638,1.343,1.3431600000000001,19647
2026-01-14 20:00:00,1.34315,1.3441100000000001,1.34243,1.34396,9068
2026-01-15 00:00:00,1.34395,1.3444,1.34272,1.34352,6613
2026-01-15 04:00:00,1.3435000000000001,1.3435000000000001,1.34229,1.34265,5746
2026-01-15 08:00:00,1.34264,1.34448,1.34231,1.34364,12884
2026-01-15 12:00:00,1.34365,1.34384,1.33684,1.33724,13829
2026-01-15 16:00:00,1.33725,1.33939,1.33624,1.33873,16412
2026-01-15 20:00:00,1.33874,1.33936,1.33742,1.33798,7965
2026-01-16 00:00:00,1.33725,1.33836,1.3370199999999999,1.3379400000000001,6144
2026-01-16 04:00:00,1.33793,1.3391,1.33786,1.33826,4942
2026-01-16 08:00:00,1.3382399999999999,1.3405,1.33768,1.33968,10232
2026-01-16 12:00:00,1.33967,1.3412899999999999,1.33883,1.34032,11560
2026-01-16 16:00:00,1.3403100000000001,1.34048,1.33658,1.33785,18010
2026-01-16 20:00:00,1.33782,1.33866,1.3373300000000001,1.33743,7786
2026-01-19 00:00:00,1.33432,1.34087,1.33392,1.3391600000000001,12730
2026-01-19 04:00:00,1.33917,1.34058,1.33812,1.33947,9742
2026-01-19 08:00:00,1.3394599999999999,1.34154,1.33839,1.34056,13756
2026-01-19 12:00:00,1.34058,1.34165,1.34017,1.34135,10383
2026-01-19 16:00:00,1.3413300000000001,1.3434599999999999,1.34103,1.34311,9649
2026-01-19 20:00:00,1.3431,1.34335,1.34218,1.34257,2789
2026-01-20 00:00:00,1.34218,1.34263,1.3409900000000001,1.34234,4936
2026-01-20 04:00:00,1.34235,1.34496,1.34196,1.3441100000000001,5462
2026-01-20 08:00:00,1.3441,1.34913,1.34254,1.34748,18802
2026-01-20 12:00:00,1.34747,1.34849,1.34393,1.34524,21018
2026-01-20 16:00:00,1.34523,1.34769,1.34405,1.34562,21996
2026-01-20 20:00:00,1.34561,1.34573,1.3425099999999999,1.3440400000000001,10698
2026-01-21 00:00:00,1.34393,1.3456299999999999,1.3433,1.34516,6938
2026-01-21 04:00:00,1.34517,1.34543,1.34329,1.3437299999999999,6226
2026-01-21 08:00:00,1.34372,1.34487,1.34082,1.34101,12933
2026-01-21 12:00:00,1.341,1.3443800000000001,1.3401,1.34415,15716
2026-01-21 16:00:00,1.34416,1.3458999999999999,1.3416299999999999,1.3427799999999999,24188
2026-01-21 20:00:00,1.34277,1.34318,1.34096,1.34291,13474
2026-01-22 00:00:00,1.34205,1.34315,1.34165,1.343,6967
2026-01-22 04:00:00,1.34301,1.34391,1.34223,1.34288,5409
2026-01-22 08:00:00,1.34287,1.34462,1.3409499999999999,1.34437,11809
2026-01-22 12:00:00,1.34436,1.3452600000000001,1.3401399999999999,1.34228,18397
2026-01-22 16:00:00,1.34228,1.34986,1.3422100000000001,1.34921,19022
2026-01-22 20:00:00,1.3492,1.35066,1.3485800000000001,1.35025,7901
2026-01-23 00:00:00,1.34844,1.3508200000000001,1.34843,1.34974,6897
2026-01-23 04:00:00,1.34973,1.35002,1.34881,1.34982,5918
2026-01-23 08:00:00,1.34977,1.35344,1.34819,1.35296,17321
2026-01-23 12:00:00,1.35297,1.35365,1.3513899999999999,1.3525,14341
2026-01-23 16:00:00,1.3525,1.36224,1.35203,1.36082,19504
2026-01-23 20:00:00,1.36081,1.3645,1.35917,1.3642400000000001,15547
2026-01-26 00:00:00,1.36589,1.36809,1.3643100000000001,1.36608,12551
2026-01-26 04:00:00,1.3660700000000001,1.36794,1.3653,1.36665,9562
2026-01-26 08:00:00,1.36666,1.36769,1.36426,1.36717,17900
2026-01-26 12:00:00,1.3672,1.36753,1.3643,1.3661400000000001,15889
2026-01-26 16:00:00,1.3661400000000001,1.3712900000000001,1.3658000000000001,1.36878,18728
2026-01-26 20:00:00,1.36878,1.37012,1.3674,1.3678,12146
2026-01-27 00:00:00,1.36723,1.36825,1.3669799999999999,1.3679299999999999,6857
2026-01-27 04:00:00,1.36792,1.37004,1.36711,1.36779,8954
2026-01-27 08:00:00,1.3678,1.36997,1.3663699999999999,1.3699,16823
2026-01-27 12:00:00,1.3698299999999999,1.37484,1.36828,1.3734899999999999,21884
2026-01-27 16:00:00,1.3735,1.37907,1.3731,1.3787099999999999,26457
2026-01-27 20:00:00,1.3787099999999999,1.38685,1.3774,1.38523,19740
2026-01-28 00:00:00,1.38353,1.3845399999999999,1.37988,1.38,12564
2026-01-28 04:00:00,1.37999,1.38101,1.37887,1.3804699999999999,11509
2026-01-28 08:00:00,1.3804699999999999,1.38307,1.37748,1.3787,19060
2026-01-28 12:00:00,1.3787,1.37996,1.37649,1.377,18949
2026-01-28 16:00:00,1.377,1.3801,1.37493,1.37892,26486
2026-01-28 20:00:00,1.37893,1.38107,1.37521,1.38101,18950
2026-01-29 00:00:00,1.37938,1.38346,1.37873,1.3803,16384
2026-01-29 04:00:00,1.38029,1.38437,1.3792900000000001,1.38376,11616
2026-01-29 08:00:00,1.38374,1.38475,1.37999,1.38033,18349
2026-01-29 12:00:00,1.38034,1.38177,1.37804,1.38058,17898
2026-01-29 16:00:00,1.38066,1.38338,1.37422,1.37981,34288
2026-01-29 20:00:00,1.37977,1.38132,1.3788,1.38117,16343
2026-01-30 00:00:00,1.37962,1.38143,1.37579,1.37608,12607
2026-01-30 04:00:00,1.37609,1.37673,1.37313,1.37557,16095
2026-01-30 08:00:00,1.3755,1.37828,1.37248,1.37336,23617
2026-01-30 12:00:00,1.37334,1.37876,1.3732,1.3744100000000001,23529
2026-01-30 16:00:00,1.37443,1.37576,1.36999,1.37084,31762
2026-01-30 20:00:00,1.37082,1.3718,1.36791,1.36828,23554
2026-02-02 00:00:00,1.36877,1.37056,1.3662,1.36934,18590
2026-02-02 04:00:00,1.36939,1.36994,1.36601,1.36719,15832
2026-02-02 08:00:00,1.3672,1.37104,1.36612,1.37088,22483
2026-02-02 12:00:00,1.37087,1.37152,1.3649,1.36513,20145
2026-02-02 16:00:00,1.36511,1.36767,1.36229,1.36596,26961
2026-02-02 20:00:00,1.36597,1.3668,1.36435,1.36656,12043
2026-02-03 00:00:00,1.3661699999999999,1.36859,1.36581,1.36859,6611
2026-02-03 04:00:00,1.3685800000000001,1.36938,1.3671,1.36894,9624
2026-02-03 08:00:00,1.36895,1.37062,1.36664,1.3666800000000001,17893
2026-02-03 12:00:00,1.3667099999999999,1.36895,1.36503,1.36697,17589
2026-02-03 16:00:00,1.3669799999999999,1.37067,1.36561,1.3695599999999999,23020
2026-02-03 20:00:00,1.36954,1.3702,1.36727,1.36991,12549
2026-02-04 00:00:00,1.3691900000000001,1.3709799999999999,1.36873,1.37064,7212
2026-02-04 04:00:00,1.37065,1.37194,1.36964,1.37148,7364
2026-02-04 08:00:00,1.37149,1.37331,1.3700700000000001,1.37088,12640
2026-02-04 12:00:00,1.37086,1.37286,1.36945,1.37128,14518
2026-02-04 16:00:00,1.3712900000000001,1.37172,1.3643,1.36459,27752
2026-02-04 20:00:00,1.3645800000000001,1.36633,1.36421,1.3649499999999999,12636
2026-02-05 00:00:00,1.3651900000000001,1.3655599999999999,1.36425,1.36477,7505
2026-02-05 04:00:00,1.36478,1.36481,1.36158,1.36198,9636
2026-02-05 08:00:00,1.36197,1.36322,1.35564,1.35654,16750
2026-02-05 12:00:00,1.35653,1.3615,1.35403,1.35853,24579
2026-02-05 16:00:00,1.35852,1.35888,1.35175,1.3551,29439
2026-02-05 20:00:00,1.35511,1.35569,1.35244,1.35291,10405
2026-02-06 00:00:00,1.3526099999999999,1.35426,1.35083,1.35396,8731
2026-02-06 04:00:00,1.35398,1.35693,1.35396,1.3569,7181
2026-02-06 08:00:00,1.35687,1.3581699999999999,1.35577,1.35768,15342
2026-02-06 12:00:00,1.35767,1.35961,1.35715,1.35883,12988
2026-02-06 16:00:00,1.35882,1.36232,1.35872,1.36182,17755
2026-02-06 20:00:00,1.36181,1.36226,1.36071,1.36082,9168
2026-02-09 00:00:00,1.35903,1.362,1.35877,1.36011,9631
2026-02-09 04:00:00,1.36009,1.36166,1.3590200000000001,1.36139,4837
2026-02-09 08:00:00,1.36137,1.36287,1.35863,1.36007,16532
2026-02-09 12:00:00,1.36007,1.36697,1.35931,1.36505,18589
2026-02-09 16:00:00,1.36506,1.36909,1.36211,1.36717,19809
2026-02-09 20:00:00,1.36716,1.37001,1.3664100000000001,1.36984,10419
2026-02-10 00:00:00,1.36813,1.36966,1.36719,1.36843,6213
2026-02-10 04:00:00,1.36847,1.3696,1.36743,1.36778,6903
2026-02-10 08:00:00,1.36771,1.36841,1.36633,1.3668,12091
2026-02-10 12:00:00,1.36681,1.36925,1.36575,1.36812,15219
2026-02-10 16:00:00,1.36811,1.36963,1.36432,1.36532,19808
2026-02-10 20:00:00,1.36533,1.36572,1.36382,1.3639299999999999,10788
2026-02-11 00:00:00,1.36463,1.36489,1.36311,1.3644,7020
2026-02-11 04:00:00,1.36444,1.3669799999999999,1.36442,1.36693,6126
2026-02-11 08:00:00,1.36694,1.36987,1.36642,1.36955,11424
2026-02-11 12:00:00,1.36954,1.37119,1.36093,1.36415,18636
2026-02-11 16:00:00,1.36414,1.36699,1.36264,1.36575,28669
2026-02-11 20:00:00,1.3657599999999999,1.36588,1.36184,1.36272,11814
2026-02-12 00:00:00,1.3621699999999999,1.36398,1.3615300000000001,1.36398,6413
2026-02-12 04:00:00,1.3639700000000001,1.36418,1.36172,1.36216,7736
2026-02-12 08:00:00,1.36216,1.36537,1.36044,1.3648799999999999,13598
2026-02-12 12:00:00,1.36487,1.36518,1.36216,1.36498,13005
2026-02-12 16:00:00,1.36499,1.36713,1.36159,1.36186,26088
2026-02-12 20:00:00,1.3618700000000001,1.36261,1.36045,1.36219,14516
2026-02-13 00:00:00,1.3614600000000001,1.36267,1.3611900000000001,1.36166,5823
2026-02-13 04:00:00,1.36168,1.36237,1.35994,1.36035,6108
2026-02-13 08:00:00,1.36036,1.36294,1.3590200000000001,1.36226,13005
2026-02-13 12:00:00,1.36226,1.3645,1.35987,1.36333,16290
2026-02-13 16:00:00,1.36333,1.36591,1.36067,1.36481,24549
2026-02-13 20:00:00,1.36484,1.36578,1.36409,1.36502,11783
2026-02-16 00:00:00,1.36381,1.3648799999999999,1.36351,1.3643100000000001,8023
2026-02-16 04:00:00,1.36429,1.3645399999999999,1.36348,1.36389,4201
2026-02-16 08:00:00,1.36389,1.36619,1.36353,1.36446,8859
2026-02-16 12:00:00,1.36445,1.36517,1.36286,1.3632900000000001,8232
2026-02-16 16:00:00,1.36328,1.36402,1.36256,1.3627,7262
2026-02-16 20:00:00,1.3627,1.36331,1.36245,1.36272,2921
2026-02-17 00:00:00,1.36311,1.36323,1.36132,1.36164,5701
2026-02-17 04:00:00,1.36163,1.36201,1.36029,1.3607,5428
2026-02-17 08:00:00,1.36072,1.36147,1.35521,1.3591199999999999,11294
2026-02-17 12:00:00,1.35911,1.36059,1.35242,1.35246,13771
2026-02-17 16:00:00,1.35244,1.35498,1.34955,1.35466,21235
2026-02-17 20:00:00,1.35467,1.3568500000000001,1.35409,1.35664,9528
2026-02-18 00:00:00,1.35518,1.35725,1.35517,1.35585,5439
2026-02-18 04:00:00,1.35587,1.35591,1.35495,1.35586,3910
2026-02-18 08:00:00,1.35588,1.35791,1.35522,1.35746,10243
2026-02-18 12:00:00,1.35746,1.3582,1.35519,1.3552,10452
2026-02-18 16:00:00,1.35521,1.35584,1.35122,1.35217,16346
2026-02-18 20:00:00,1.35214,1.3525,1.34933,1.34952,11033
2026-02-19 00:00:00,1.34909,1.3501,1.34882,1.34964,5040
2026-02-19 04:00:00,1.3496299999999999,1.34972,1.34802,1.34871,4132
2026-02-19 08:00:00,1.34872,1.35167,1.34848,1.3504,10204
2026-02-19 12:00:00,1.3504399999999999,1.35073,1.34488,1.34668,14043
2026-02-19 16:00:00,1.34668,1.34738,1.3433899999999999,1.34521,21654
2026-02-19 20:00:00,1.34525,1.34728,1.3447,1.34674,9934
2026-02-20 00:00:00,1.34603,1.3470900000000001,1.34412,1.3446799999999999,5804
2026-02-20 04:00:00,1.3447,1.34483,1.3435000000000001,1.34451,5429
2026-02-20 08:00:00,1.34449,1.34791,1.3436,1.34666,13232
2026-02-20 12:00:00,1.34667,1.34971,1.34616,1.34863,14726
2026-02-20 16:00:00,1.34857,1.35149,1.34604,1.34894,28866
2026-02-20 20:00:00,1.3489499999999999,1.35067,1.34812,1.3484099999999999,15868
2026-02-23 00:00:00,1.34885,1.3533,1.34748,1.35192,10058
2026-02-23 04:00:00,1.35191,1.35286,1.35102,1.35201,5592
2026-02-23 08:00:00,1.3519700000000001,1.3535,1.35054,1.3508200000000001,12171
2026-02-23 12:00:00,1.3508,1.35126,1.34755,1.35059,13577
2026-02-23 16:00:00,1.35058,1.35248,1.34842,1.3495599999999999,20655
2026-02-23 20:00:00,1.3495599999999999,1.3501400000000001,1.34853,1.3492899999999999,9377
2026-02-24 00:00:00,1.34904,1.34994,1.34776,1.3490199999999999,11765
2026-02-24 04:00:00,1.34901,1.35012,1.34789,1.34884,5602
2026-02-24 08:00:00,1.34885,1.35025,1.34697,1.34996,14016
2026-02-24 12:00:00,1.34997,1.35057,1.34765,1.34859,12156
2026-02-24 16:00:00,1.34854,1.35364,1.34796,1.35181,17321
2026-02-24 20:00:00,1.35182,1.35199,1.34917,1.3492199999999999,8671
2026-02-25 00:00:00,1.34864,1.35066,1.3486,1.35027,5316
2026-02-25 04:00:00,1.35026,1.35246,1.35025,1.35215,8202
2026-02-25 08:00:00,1.35215,1.35338,1.35095,1.35175,12938
2026-02-25 12:00:00,1.3517299999999999,1.35352,1.34907,1.35081,12166
2026-02-25 16:00:00,1.3508,1.3565800000000001,1.35063,1.35556,16861
2026-02-25 20:00:00,1.35557,1.35602,1.35477,1.35577,6561
2026-02-26 00:00:00,1.35534,1.35736,1.35476,1.35733,6610
2026-02-26 04:00:00,1.35734,1.35751,1.35494,1.3560400000000001,6663
2026-02-26 08:00:00,1.35605,1.35623,1.35187,1.35274,13012
2026-02-26 12:00:00,1.35274,1.35565,1.35235,1.3536299999999999,11278
2026-02-26 16:00:00,1.35359,1.3553600000000001,1.34487,1.34508,21514
2026-02-26 20:00:00,1.34509,1.34928,1.34451,1.34846,10533
2026-02-27 00:00:00,1.3479700000000001,1.34936,1.34754,1.34764,7211
2026-02-27 04:00:00,1.34764,1.35008,1.34764,1.34894,6625
2026-02-27 08:00:00,1.34886,1.3508200000000001,1.34612,1.34844,13514
2026-02-27 12:00:00,1.34846,1.34863,1.34394,1.34443,16307
2026-02-27 16:00:00,1.34446,1.34766,1.34409,1.34598,23653
2026-02-27 20:00:00,1.34599,1.34905,1.34596,1.34774,10662
2026-03-02 00:00:00,1.34027,1.34537,1.34006,1.34507,15793
2026-03-02 04:00:00,1.34504,1.34557,1.34142,1.34148,10245
2026-03-02 08:00:00,1.34149,1.34154,1.33139,1.33724,24874
2026-03-02 12:00:00,1.33723,1.34263,1.33722,1.33826,21776
2026-03-02 16:00:00,1.33817,1.34253,1.33596,1.34152,28704
2026-03-02 20:00:00,1.34149,1.3431600000000001,1.33859,1.3405,14488
2026-03-03 00:00:00,1.34055,1.3425,1.33948,1.3409499999999999,9380
2026-03-03 04:00:00,1.34093,1.3412,1.33608,1.33631,14119
2026-03-03 08:00:00,1.3363,1.33663,1.3280699999999999,1.32977,24868
2026-03-03 12:00:00,1.32976,1.33271,1.32625,1.33011,29647
2026-03-03 16:00:00,1.3301,1.33374,1.32531,1.33231,38475
2026-03-03 20:00:00,1.33231,1.3369900000000001,1.33226,1.33562,22074
2026-03-04 00:00:00,1.33564,1.33636,1.33033,1.33254,13319
2026-03-04 04:00:00,1.33253,1.33414,1.33108,1.33175,16160
2026-03-04 08:00:00,1.33172,1.33761,1.33052,1.33605,23243
2026-03-04 12:00:00,1.33605,1.3403399999999999,1.33483,1.33626,25971
2026-03-04 16:00:00,1.33612,1.33846,1.33463,1.33608,28072
2026-03-04 20:00:00,1.3361,1.33805,1.33467,1.33723,11167
2026-03-05 00:00:00,1.33698,1.33866,1.33639,1.33671,11281
2026-03-05 04:00:00,1.3366799999999999,1.33716,1.33135,1.33141,13526
2026-03-05 08:00:00,1.33139,1.33766,1.3305799999999999,1.33547,25379
2026-03-05 12:00:00,1.33548,1.3373599999999999,1.33322,1.33454,21697
2026-03-05 16:00:00,1.33442,1.33599,1.32973,1.33297,30635
2026-03-05 20:00:00,1.33296,1.3365,1.33176,1.3357999999999999,21888
2026-03-06 00:00:00,1.3342800000000001,1.33714,1.33258,1.33651,9872
2026-03-06 04:00:00,1.3365,1.3372600000000001,1.33551,1.33561,9280
2026-03-06 08:00:00,1.3356,1.33792,1.33175,1.3323800000000001,19233
2026-03-06 12:00:00,1.3323800000000001,1.33874,1.33111,1.33386,27040
2026-03-06 16:00:00,1.33385,1.3409499999999999,1.33254,1.33867,37630
2026-03-06 20:00:00,1.33866,1.34062,1.33779,1.33982,22195
2026-03-09 00:00:00,1.33325,1.3349199999999999,1.32965,1.3299699999999999,15844
2026-03-09 04:00:00,1.32991,1.33104,1.32828,1.32976,18911
2026-03-09 08:00:00,1.32975,1.33508,1.3296000000000001,1.3318699999999999,28920
2026-03-09 12:00:00,1.33194,1.33633,1.33136,1.33523,29454
2026-03-09 16:00:00,1.33525,1.34086,1.33457,1.33905,32231
2026-03-09 20:00:00,1.33903,1.34457,1.3382100000000001,1.34396,23325
2026-03-10 00:00:00,1.34408,1.34466,1.34182,1.34352,11144
2026-03-10 04:00:00,1.3434599999999999,1.34388,1.34132,1.34246,14938
2026-03-10 08:00:00,1.34244,1.34832,1.34244,1.34592,19451
2026-03-10 12:00:00,1.34591,1.3468499999999999,1.34303,1.34414,24609
2026-03-10 16:00:00,1.34413,1.34729,1.34376,1.34627,27636
2026-03-10 20:00:00,1.34626,1.34808,1.34118,1.34171,26172
2026-03-11 00:00:00,1.34201,1.34372,1.34101,1.34306,7932
2026-03-11 04:00:00,1.34305,1.34572,1.34259,1.34543,9428
2026-03-11 08:00:00,1.34542,1.34565,1.34097,1.34266,17469
2026-03-11 12:00:00,1.3427,1.34494,1.3394599999999999,1.33992,24343
2026-03-11 16:00:00,1.33989,1.34433,1.33932,1.34101,31044
2026-03-11 20:00:00,1.3410199999999999,1.34223,1.33981,1.34108,14772
2026-03-12 00:00:00,1.34087,1.34114,1.33694,1.33823,8654
2026-03-12 04:00:00,1.33822,1.3397000000000001,1.33608,1.33625,10141
2026-03-12 08:00:00,1.33624,1.33975,1.33613,1.33785,16556
2026-03-12 12:00:00,1.3378700000000001,1.34096,1.33677,1.33781,19286
2026-03-12 16:00:00,1.33781,1.3391600000000001,1.33376,1.33477,33361
2026-03-12 20:00:00,1.33476,1.33613,1.33399,1.33483,18082
2026-03-13 00:00:00,1.33349,1.33647,1.33349,1.33632,7076
2026-03-13 04:00:00,1.33633,1.33695,1.33295,1.33314,7396
2026-03-13 08:00:00,1.33315,1.33374,1.32551,1.32605,17251
2026-03-13 12:00:00,1.32612,1.32855,1.32452,1.3271,24524
2026-03-13 16:00:00,1.32712,1.32894,1.32302,1.3243800000000001,31503
2026-03-13 20:00:00,1.32437,1.32529,1.32179,1.32206,17155
2026-03-16 00:00:00,1.3231,1.32641,1.32189,1.32632,9278
2026-03-16 04:00:00,1.32635,1.32656,1.32469,1.3251,8614
2026-03-16 08:00:00,1.32511,1.32565,1.32302,1.3252,14199
2026-03-16 12:00:00,1.32519,1.329,1.3241100000000001,1.32776,19258
2026-03-16 16:00:00,1.3278699999999999,1.33172,1.3278400000000001,1.33033,23630
2026-03-16 20:00:00,1.33039,1.33395,1.33,1.33208,16819
2026-03-17 00:00:00,1.33163,1.33192,1.32995,1.33025,5068
2026-03-17 04:00:00,1.33019,1.3315299999999999,1.32955,1.33114,8683
2026-03-17 08:00:00,1.33112,1.33312,1.32733,1.33289,16612
2026-03-17 12:00:00,1.33288,1.33396,1.33114,1.33322,18498
2026-03-17 16:00:00,1.3332600000000001,1.336,1.33325,1.33473,25975
2026-03-17 20:00:00,1.33473,1.33644,1.33442,1.33552,11584
2026-03-18 00:00:00,1.33526,1.33632,1.33486,1.33515,9490
2026-03-18 04:00:00,1.33521,1.33649,1.33503,1.33635,6243
2026-03-18 08:00:00,1.33636,1.33745,1.33412,1.33501,11038
2026-03-18 12:00:00,1.335,1.3371,1.3312300000000001,1.3314599999999999,19685
2026-03-18 16:00:00,1.33152,1.3336999999999999,1.33027,1.33354,27388
2026-03-18 20:00:00,1.33354,1.33504,1.3252,1.3253599999999999,22513
2026-03-19 00:00:00,1.32562,1.32854,1.3251,1.32854,7284
2026-03-19 04:00:00,1.32851,1.3298,1.32682,1.32724,9047
2026-03-19 08:00:00,1.32721,1.32771,1.32458,1.32532,19193
2026-03-19 12:00:00,1.32532,1.33099,1.32532,1.32991,28231
2026-03-19 16:00:00,1.32982,1.33894,1.3281100000000001,1.33692,39012
2026-03-19 20:00:00,1.33694,1.34671,1.33687,1.34304,23956
2026-03-20 00:00:00,1.34281,1.34422,1.34154,1.3424,6469
2026-03-20 04:00:00,1.34243,1.34291,1.34018,1.34027,7234
2026-03-20 08:00:00,1.34029,1.34367,1.3397999999999999,1.34169,13880
2026-03-20 12:00:00,1.34164,1.3418,1.33633,1.3381,23102
2026-03-20 16:00:00,1.3381,1.33826,1.32986,1.33229,32785
2026-03-20 20:00:00,1.3323,1.33531,1.3316,1.3342399999999999,22529
2026-03-23 00:00:00,1.3305500000000001,1.33392,1.32977,1.33194,10080
2026-03-23 04:00:00,1.33193,1.3343099999999999,1.33129,1.33239,14547
2026-03-23 08:00:00,1.3323800000000001,1.33311,1.32813,1.33086,22573
2026-03-23 12:00:00,1.33087,1.3433899999999999,1.32568,1.3429,41410
2026-03-23 16:00:00,1.34294,1.34792,1.33773,1.3400699999999999,44191
2026-03-23 20:00:00,1.3400699999999999,1.34579,1.3394,1.34265,22847
2026-03-24 00:00:00,1.34357,1.34365,1.33932,1.3401,10151
2026-03-24 04:00:00,1.3400699999999999,1.34087,1.33861,1.33936,15609
2026-03-24 08:00:00,1.33939,1.34452,1.33853,1.33901,22803
2026-03-24 12:00:00,1.33901,1.3415,1.3378700000000001,1.33927,23934
2026-03-24 16:00:00,1.33927,1.34252,1.33648,1.33829,32987
2026-03-24 20:00:00,1.33829,1.3431899999999999,1.3351899999999999,1.34091,27338
2026-03-25 00:00:00,1.3403800000000001,1.34361,1.34003,1.34286,11223
2026-03-25 04:00:00,1.34287,1.34328,1.3391199999999999,1.33917,11378
2026-03-25 08:00:00,1.33918,1.34242,1.3369900000000001,1.34074,16995
2026-03-25 12:00:00,1.34074,1.34271,1.33894,1.33938,20169
2026-03-25 16:00:00,1.33937,1.3401,1.33586,1.33785,28542
2026-03-25 20:00:00,1.33786,1.33924,1.33578,1.33606,15459
2026-03-26 00:00:00,1.33622,1.33689,1.33539,1.33589,5512
2026-03-26 04:00:00,1.3359,1.33677,1.33481,1.33653,7009
2026-03-26 08:00:00,1.33654,1.3367,1.33364,1.33528,14804
2026-03-26 12:00:00,1.33526,1.33613,1.33217,1.33303,17446
2026-03-26 16:00:00,1.33303,1.3378,1.33301,1.33371,27714
2026-03-26 20:00:00,1.3336999999999999,1.33682,1.33099,1.33263,17065
2026-03-27 00:00:00,1.33283,1.33404,1.33217,1.3333599999999999,7940
2026-03-27 04:00:00,1.33337,1.33464,1.33318,1.3342800000000001,8538
2026-03-27 08:00:00,1.33427,1.33473,1.3309199999999999,1.33136,15139
2026-03-27 12:00:00,1.33129,1.33178,1.32718,1.32817,18888
2026-03-27 16:00:00,1.3281800000000001,1.33325,1.32736,1.32763,27128
2026-03-27 20:00:00,1.32762,1.32881,1.32596,1.3269,16664
2026-03-30 00:00:00,1.32551,1.32663,1.3232300000000001,1.32522,10376
2026-03-30 04:00:00,1.32523,1.32772,1.32453,1.32677,12063
2026-03-30 08:00:00,1.32678,1.32825,1.3232599999999999,1.32346,13870
2026-03-30 12:00:00,1.32348,1.3253300000000001,1.3220399999999999,1.3228,16865
2026-03-30 16:00:00,1.3228,1.32338,1.31735,1.31903,25609
2026-03-30 20:00:00,1.31904,1.31969,1.3174000000000001,1.31827,14833
2026-03-31 00:00:00,1.31814,1.32028,1.31588,1.32004,9013
2026-03-31 04:00:00,1.32003,1.32241,1.3195999999999999,1.3197,11509
2026-03-31 08:00:00,1.31969,1.32192,1.31908,1.32119,15041
2026-03-31 12:00:00,1.32121,1.32487,1.31918,1.3237,18789
2026-03-31 16:00:00,1.32369,1.32638,1.31719,1.32153,32388
2026-03-31 20:00:00,1.32154,1.3247900000000001,1.32152,1.32246,22979
2026-04-01 00:00:00,1.32244,1.32544,1.3219,1.32463,6179
2026-04-01 04:00:00,1.32467,1.3247200000000001,1.3219400000000001,1.32427,10742
2026-04-01 08:00:00,1.32428,1.33008,1.32415,1.32887,21067
2026-04-01 12:00:00,1.32883,1.3326500000000001,1.32773,1.33057,20137
2026-04-01 16:00:00,1.33057,1.33389,1.32932,1.3338700000000001,27956
2026-04-01 20:00:00,1.3338700000000001,1.33461,1.32926,1.33046,16328
2026-04-02 00:00:00,1.33027,1.3314599999999999,1.3289,1.3312,8615
2026-04-02 04:00:00,1.33112,1.33201,1.32294,1.32356,22340
2026-04-02 08:00:00,1.3235700000000001,1.32379,1.31959,1.32013,17479
2026-04-02 12:00:00,1.3201399999999999,1.32186,1.31814,1.32142,17117
2026-04-02 16:00:00,1.3215,1.32512,1.32019,1.32311,29557
2026-04-02 20:00:00,1.32308,1.32422,1.32206,1.32251,14215
2026-04-03 00:00:00,1.32173,1.32376,1.32132,1.32346,4008
2026-04-03 04:00:00,1.32344,1.32348,1.32215,1.32268,2827
2026-04-03 08:00:00,1.32268,1.32426,1.32219,1.3238400000000001,3944
2026-04-03 12:00:00,1.32383,1.3239,1.3201399999999999,1.32126,6332
2026-04-03 16:00:00,1.32127,1.32198,1.31933,1.3197,8763
2026-04-03 20:00:00,1.31972,1.32056,1.31852,1.31886,6202
2026-04-06 00:00:00,1.31863,1.31982,1.31772,1.31969,8549
2026-04-06 04:00:00,1.31971,1.32178,1.31905,1.32125,10308
2026-04-06 08:00:00,1.32124,1.3259,1.32091,1.32491,13731
2026-04-06 12:00:00,1.3250199999999999,1.32557,1.3232599999999999,1.32454,14269
2026-04-06 16:00:00,1.32456,1.32683,1.32237,1.32346,21753
2026-04-06 20:00:00,1.32347,1.32443,1.32178,1.32345,13219
2026-04-07 00:00:00,1.32333,1.32422,1.32291,1.32309,6596
2026-04-07 04:00:00,1.32307,1.3235299999999999,1.32112,1.32327,10223
2026-04-07 08:00:00,1.32327,1.32851,1.32184,1.32831,17574
2026-04-07 12:00:00,1.32828,1.3284099999999999,1.32364,1.3250600000000001,21822
2026-04-07 16:00:00,1.3250899999999999,1.32664,1.32358,1.32503,27400
2026-04-07 20:00:00,1.3250199999999999,1.3300100000000001,1.3247,1.32951,19117
2026-04-08 00:00:00,1.32843,1.34104,1.3280699999999999,1.33876,23430
2026-04-08 04:00:00,1.33877,1.34172,1.33857,1.34158,18740
2026-04-08 08:00:00,1.34165,1.34456,1.34064,1.34277,23404
2026-04-08 12:00:00,1.3427799999999999,1.34842,1.34199,1.34732,19686
2026-04-08 16:00:00,1.34729,1.34821,1.3419699999999999,1.34245,28453
2026-04-08 20:00:00,1.34245,1.3428,1.33807,1.33954,18494
2026-04-09 00:00:00,1.33958,1.3403,1.3384800000000001,1.3390900000000001,6971
2026-04-09 04:00:00,1.3391,1.34062,1.33809,1.33991,10201
2026-04-09 08:00:00,1.33993,1.34073,1.33808,1.34033,14178
2026-04-09 12:00:00,1.34032,1.34302,1.33956,1.3416000000000001,14703
2026-04-09 16:00:00,1.34164,1.3455599999999999,1.3403800000000001,1.34447,23872
2026-04-09 20:00:00,1.34447,1.34583,1.34294,1.34338,14721
2026-04-10 00:00:00,1.34315,1.34368,1.34205,1.3424800000000001,5848
2026-04-10 04:00:00,1.3425099999999999,1.3431899999999999,1.34202,1.34214,6936
2026-04-10 08:00:00,1.34215,1.34283,1.34103,1.34207,10464
2026-04-10 12:00:00,1.34211,1.3467799999999999,1.3417,1.34582,14201
2026-04-10 16:00:00,1.34583,1.34791,1.34477,1.34561,21483
2026-04-10 20:00:00,1.34561,1.3472,1.3453,1.3467799999999999,11449
2026-04-13 00:00:00,1.3389,1.34078,1.33806,1.34021,9383
2026-04-13 04:00:00,1.34026,1.34093,1.33979,1.34049,9080
2026-04-13 08:00:00,1.34051,1.34338,1.3401399999999999,1.3427799999999999,13428
2026-04-13 12:00:00,1.34279,1.34426,1.34157,1.34358,13838
2026-04-13 16:00:00,1.34359,1.34822,1.34344,1.3473899999999999,23503
2026-04-13 20:00:00,1.34741,1.35084,1.34738,1.35063,12677
2026-04-14 00:00:00,1.35008,1.35164,1.34934,1.3514300000000001,5505
2026-04-14 04:00:00,1.3514300000000001,1.35212,1.35032,1.3519,7690
2026-04-14 08:00:00,1.35189,1.35392,1.35106,1.35376,13655
2026-04-14 12:00:00,1.35376,1.3589,1.35338,1.35868,14263
2026-04-14 16:00:00,1.35867,1.35886,1.35581,1.35673,20426
2026-04-14 20:00:00,1.35675,1.3572899999999999,1.35603,1.3567,11448
2026-04-15 00:00:00,1.3568799999999999,1.35791,1.35574,1.35733,6889
2026-04-15 04:00:00,1.35732,1.35774,1.35571,1.35671,9015
2026-04-15 08:00:00,1.35672,1.3578299999999999,1.35554,1.35641,13072
2026-04-15 12:00:00,1.3564,1.35696,1.35434,1.35549,18477
2026-04-15 16:00:00,1.3555,1.35789,1.35527,1.35731,21095
2026-04-15 20:00:00,1.35727,1.35765,1.35589,1.3563399999999999,12479
2026-04-16 00:00:00,1.35605,1.35748,1.35535,1.35737,5177
2026-04-16 04:00:00,1.35733,1.35946,1.3560699999999999,1.35765,9969
2026-04-16 08:00:00,1.35764,1.35815,1.35471,1.35503,14573
2026-04-16 12:00:00,1.3550200000000001,1.35534,1.35314,1.35467,14945
2026-04-16 16:00:00,1.35467,1.35548,1.35163,1.35286,25487
2026-04-16 20:00:00,1.35288,1.35349,1.35213,1.35262,14415
2026-04-17 00:00:00,1.35219,1.35366,1.35186,1.35206,6711
2026-04-17 04:00:00,1.35205,1.35273,1.3514,1.35221,8270
2026-04-17 08:00:00,1.35221,1.3534,1.35045,1.35309,13658
2026-04-17 12:00:00,1.3531,1.35855,1.35191,1.35833,17499
2026-04-17 16:00:00,1.35833,1.35991,1.3544100000000001,1.3553600000000001,35246
2026-04-17 20:00:00,1.3553600000000001,1.35545,1.35127,1.35151,19137
