time,open,high,low,close,volume
2022-01-27 00:00:00,0.66475,0.66604,0.66243,0.66249,5577
2022-01-27 04:00:00,0.66247,0.66287,0.66008,0.66053,7532
2022-01-27 08:00:00,0.66051,0.66263,0.65958,0.66239,9290
2022-01-27 12:00:00,0.66239,0.66316,0.66017,0.66142,11296
2022-01-27 16:00:00,0.6614,0.66269,0.65772,0.65811,12303
2022-01-27 20:00:00,0.65809,0.65881,0.657,0.65812,6712
2022-01-28 00:00:00,0.65779,0.65877,0.65696,0.65814,3688
2022-01-28 04:00:00,0.65814,0.65888,0.65725,0.65843,4792
2022-01-28 08:00:00,0.65845,0.65867,0.65537,0.65563,6828
2022-01-28 12:00:00,0.65565,0.65679,0.65326,0.65627,11153
2022-01-28 16:00:00,0.65628,0.65666,0.65438,0.6544,11229
2022-01-28 20:00:00,0.65441,0.65484,0.65294,0.65462,8111
2022-01-31 00:00:00,0.65405,0.65601,0.65385,0.65576,5269
2022-01-31 04:00:00,0.65575,0.65713,0.65558,0.65688,3626
2022-01-31 08:00:00,0.65689,0.6584,0.65675,0.65798,7580
2022-01-31 12:00:00,0.65799,0.65914,0.65613,0.65893,7477
2022-01-31 16:00:00,0.65896,0.65969,0.65613,0.65737,9335
2022-01-31 20:00:00,0.65737,0.65889,0.65714,0.6576,5451
2022-02-01 00:00:00,0.65741,0.65809,0.65659,0.6572,2993
2022-02-01 04:00:00,0.65721,0.65937,0.65664,0.65896,5372
2022-02-01 08:00:00,0.65899,0.66061,0.65814,0.65947,7198
2022-02-01 12:00:00,0.65948,0.66188,0.65913,0.66178,6835
2022-02-01 16:00:00,0.66176,0.6632,0.65951,0.66314,8510
2022-02-01 20:00:00,0.66315,0.66473,0.6629,0.6638,3632
2022-02-02 00:00:00,0.6635,0.66491,0.66313,0.66437,2118
2022-02-02 04:00:00,0.66435,0.66483,0.6629,0.66344,2049
2022-02-02 08:00:00,0.66339,0.66419,0.66285,0.66409,5027
2022-02-02 12:00:00,0.66409,0.66621,0.66376,0.66419,5419
2022-02-02 16:00:00,0.6642,0.66486,0.66236,0.66348,8115
2022-02-02 20:00:00,0.66352,0.66422,0.66304,0.66323,3188
2022-02-03 00:00:00,0.66308,0.66335,0.66093,0.66289,3796
2022-02-03 04:00:00,0.66289,0.66378,0.66197,0.66232,3416
2022-02-03 08:00:00,0.66232,0.66432,0.6618,0.66348,6418
2022-02-03 12:00:00,0.66349,0.6658,0.66246,0.66555,9362
2022-02-03 16:00:00,0.66554,0.66814,0.66522,0.66686,7915
2022-02-03 20:00:00,0.66675,0.66695,0.6653,0.6664,5111
2022-02-04 00:00:00,0.66591,0.66766,0.66543,0.66648,3399
2022-02-04 04:00:00,0.66647,0.66833,0.66637,0.66733,3125
2022-02-04 08:00:00,0.66733,0.66733,0.66383,0.66451,8079
2022-02-04 12:00:00,0.66455,0.6651,0.65966,0.6597,7802
2022-02-04 16:00:00,0.65977,0.66103,0.65898,0.66031,10172
2022-02-04 20:00:00,0.66033,0.66177,0.66029,0.66143,4718
2022-02-07 00:00:00,0.66081,0.66319,0.6599,0.6613,3728
2022-02-07 04:00:00,0.66135,0.66234,0.66031,0.66201,3776
2022-02-07 08:00:00,0.66205,0.66389,0.66177,0.66213,7555
2022-02-07 12:00:00,0.66214,0.66282,0.66056,0.66205,7458
2022-02-07 16:00:00,0.66206,0.6633,0.66116,0.66192,9878
2022-02-07 20:00:00,0.66191,0.66414,0.66168,0.66329,3772
2022-02-08 00:00:00,0.66316,0.6645,0.66299,0.66423,2732
2022-02-08 04:00:00,0.66423,0.66536,0.663,0.66334,3481
2022-02-08 08:00:00,0.66333,0.66493,0.6627,0.66465,6645
2022-02-08 12:00:00,0.66464,0.66464,0.6628,0.66371,6049
2022-02-08 16:00:00,0.66372,0.66438,0.66312,0.66401,7812
2022-02-08 20:00:00,0.66402,0.66502,0.66342,0.66472,3780
2022-02-09 00:00:00,0.66446,0.66533,0.6641,0.66508,2501
2022-02-09 04:00:00,0.6651,0.66637,0.66436,0.66567,3105
2022-02-09 08:00:00,0.66566,0.66661,0.66443,0.66646,5460
2022-02-09 12:00:00,0.66647,0.6693,0.66646,0.66855,5769
2022-02-09 16:00:00,0.66855,0.66977,0.66814,0.66912,7899
2022-02-09 20:00:00,0.66909,0.6693,0.66806,0.66814,3532
2022-02-10 00:00:00,0.66787,0.66893,0.6675,0.66756,2934
2022-02-10 04:00:00,0.66758,0.66841,0.66746,0.6682,3300
2022-02-10 08:00:00,0.66821,0.66967,0.66776,0.66894,4874
2022-02-10 12:00:00,0.66895,0.67051,0.66535,0.66612,6314
2022-02-10 16:00:00,0.66614,0.67323,0.6655,0.67014,11770
2022-02-10 20:00:00,0.67009,0.67077,0.66614,0.66753,9884
2022-02-11 00:00:00,0.667,0.66753,0.66491,0.66608,3934
2022-02-11 04:00:00,0.6661,0.66642,0.663,0.66344,4048
2022-02-11 08:00:00,0.66347,0.66594,0.66269,0.66474,7987
2022-02-11 12:00:00,0.66473,0.66852,0.66437,0.66747,7052
2022-02-11 16:00:00,0.66748,0.66935,0.66706,0.66789,12703
2022-02-11 20:00:00,0.6679,0.66809,0.66321,0.66457,16222
2022-02-14 00:00:00,0.66333,0.66499,0.66251,0.66256,4530
2022-02-14 04:00:00,0.66256,0.66283,0.6613,0.66277,3697
2022-02-14 08:00:00,0.66278,0.66323,0.65925,0.66065,7223
2022-02-14 12:00:00,0.66064,0.66282,0.65925,0.66031,8821
2022-02-14 16:00:00,0.66032,0.66263,0.66001,0.66257,10506
2022-02-14 20:00:00,0.66258,0.6628,0.66011,0.66165,8005
2022-02-15 00:00:00,0.66108,0.66229,0.66074,0.66173,3151
2022-02-15 04:00:00,0.6617,0.66307,0.66094,0.66096,3711
2022-02-15 08:00:00,0.66095,0.66482,0.66076,0.66306,6932
2022-02-15 12:00:00,0.66306,0.66319,0.66124,0.66263,6637
2022-02-15 16:00:00,0.66259,0.66412,0.6602,0.66332,7542
2022-02-15 20:00:00,0.66336,0.66412,0.66294,0.66411,3558
2022-02-16 00:00:00,0.66388,0.66455,0.66331,0.66372,2275
2022-02-16 04:00:00,0.66371,0.66486,0.66335,0.66455,2442
2022-02-16 08:00:00,0.66456,0.66595,0.66432,0.66505,5543
2022-02-16 12:00:00,0.66505,0.66532,0.66373,0.6638,5504
2022-02-16 16:00:00,0.66378,0.66753,0.66343,0.66726,7042
2022-02-16 20:00:00,0.66726,0.66911,0.66641,0.66817,6602
2022-02-17 00:00:00,0.66775,0.66994,0.66759,0.66993,3506
2022-02-17 04:00:00,0.66994,0.67048,0.66587,0.66841,6707
2022-02-17 08:00:00,0.6684,0.67088,0.66802,0.66982,10584
2022-02-17 12:00:00,0.66982,0.67165,0.66968,0.67071,8567
2022-02-17 16:00:00,0.67071,0.67174,0.6686,0.66977,13461
2022-02-17 20:00:00,0.66977,0.67052,0.66857,0.6692,5256
2022-02-18 00:00:00,0.66876,0.67046,0.66844,0.67004,4167
2022-02-18 04:00:00,0.67005,0.67132,0.67004,0.67107,3896
2022-02-18 08:00:00,0.67107,0.67296,0.67081,0.67206,6731
2022-02-18 12:00:00,0.67207,0.67245,0.67053,0.67148,7271
2022-02-18 16:00:00,0.67149,0.67181,0.66873,0.66897,12798
2022-02-18 20:00:00,0.66894,0.67052,0.66889,0.66945,5396
2022-02-21 00:00:00,0.66895,0.67131,0.66829,0.67085,6024
2022-02-21 04:00:00,0.67086,0.67238,0.67057,0.67198,4191
2022-02-21 08:00:00,0.67199,0.67273,0.67146,0.67234,7370
2022-02-21 12:00:00,0.67233,0.67265,0.67105,0.67175,8135
2022-02-21 16:00:00,0.67175,0.67336,0.67138,0.67144,8195
2022-02-21 20:00:00,0.67144,0.67202,0.66991,0.67005,2333
2022-02-22 00:00:00,0.66975,0.67117,0.66802,0.67027,5805
2022-02-22 04:00:00,0.67026,0.67195,0.66966,0.67176,5815
2022-02-22 08:00:00,0.67177,0.67248,0.67057,0.67131,11347
2022-02-22 12:00:00,0.6713,0.67476,0.67126,0.67397,10447
2022-02-22 16:00:00,0.67397,0.67547,0.673,0.67416,11045
2022-02-22 20:00:00,0.67414,0.67443,0.67295,0.67332,9085
2022-02-23 00:00:00,0.67303,0.67764,0.67303,0.67703,4659
2022-02-23 04:00:00,0.67703,0.67771,0.67566,0.67646,4668
2022-02-23 08:00:00,0.67645,0.67997,0.67636,0.67956,6517
2022-02-23 12:00:00,0.67955,0.68088,0.6781,0.68074,6190
2022-02-23 16:00:00,0.68073,0.68092,0.67716,0.678,11532
2022-02-23 20:00:00,0.67799,0.6781,0.67666,0.67716,7969
2022-02-24 00:00:00,0.67635,0.67758,0.67428,0.67505,6312
2022-02-24 04:00:00,0.67506,0.6752,0.67028,0.67283,16100
2022-02-24 08:00:00,0.67287,0.67328,0.67044,0.67052,17895
2022-02-24 12:00:00,0.67054,0.67097,0.66768,0.66816,15812
2022-02-24 16:00:00,0.66818,0.66874,0.66305,0.66543,14984
2022-02-24 20:00:00,0.66543,0.6711,0.66493,0.6692,15185
2022-02-25 00:00:00,0.66885,0.67081,0.66847,0.66964,8132
2022-02-25 04:00:00,0.66965,0.67214,0.66922,0.67179,8815
2022-02-25 08:00:00,0.67181,0.67232,0.66961,0.67076,12954
2022-02-25 12:00:00,0.67077,0.67485,0.67032,0.67461,12078
2022-02-25 16:00:00,0.67461,0.67507,0.67256,0.67267,14387
2022-02-25 20:00:00,0.67268,0.67512,0.67268,0.67444,6837
2022-02-28 00:00:00,0.66792,0.66988,0.66774,0.66833,9136
2022-02-28 04:00:00,0.66832,0.66911,0.66757,0.66893,6651
2022-02-28 08:00:00,0.66893,0.67175,0.66889,0.67173,11694
2022-02-28 12:00:00,0.67175,0.67399,0.67151,0.6736,10957
2022-02-28 16:00:00,0.67359,0.67771,0.67352,0.67589,13705
2022-02-28 20:00:00,0.67586,0.67751,0.67509,0.67751,6985
2022-03-01 00:00:00,0.67645,0.67752,0.67554,0.67612,2942
2022-03-01 04:00:00,0.67614,0.67656,0.67487,0.67649,4391
2022-03-01 08:00:00,0.67649,0.67907,0.67639,0.67711,8945
2022-03-01 12:00:00,0.67711,0.67797,0.67607,0.67754,10985
2022-03-01 16:00:00,0.67754,0.67778,0.67474,0.67604,14787
2022-03-01 20:00:00,0.67605,0.67654,0.67407,0.67574,9231
2022-03-02 00:00:00,0.67531,0.67727,0.67441,0.67705,3331
2022-03-02 04:00:00,0.67704,0.67824,0.67674,0.67711,3993
2022-03-02 08:00:00,0.67713,0.67734,0.67535,0.67607,11265
2022-03-02 12:00:00,0.67607,0.6776,0.67553,0.67708,11307
2022-03-02 16:00:00,0.67709,0.67834,0.67443,0.67798,13370
2022-03-02 20:00:00,0.67796,0.67996,0.67794,0.6788,6721
2022-03-03 00:00:00,0.67855,0.67877,0.67693,0.67702,3079
2022-03-03 04:00:00,0.67703,0.67837,0.67616,0.67817,3487
2022-03-03 08:00:00,0.67819,0.67919,0.67675,0.67758,7643
2022-03-03 12:00:00,0.67762,0.67887,0.67704,0.67862,7823
2022-03-03 16:00:00,0.67866,0.68094,0.6774,0.67879,15097
2022-03-03 20:00:00,0.67879,0.68029,0.67836,0.67993,7291
2022-03-04 00:00:00,0.67996,0.68095,0.67675,0.67984,11581
2022-03-04 04:00:00,0.67983,0.68252,0.67945,0.68197,7315
2022-03-04 08:00:00,0.68198,0.68404,0.68119,0.68302,9320
2022-03-04 12:00:00,0.68302,0.68436,0.68097,0.6823,10921
2022-03-04 16:00:00,0.68234,0.68624,0.68095,0.68624,10914
2022-03-04 20:00:00,0.68623,0.68719,0.6853,0.68606,4871
2022-03-07 00:00:00,0.68508,0.69253,0.68389,0.69176,7274
2022-03-07 04:00:00,0.69175,0.69196,0.68802,0.68972,7142
2022-03-07 08:00:00,0.68971,0.69149,0.68748,0.68831,10191
2022-03-07 12:00:00,0.68832,0.68932,0.68599,0.68604,11223
2022-03-07 16:00:00,0.68604,0.68612,0.68182,0.6828,12391
2022-03-07 20:00:00,0.68283,0.6834,0.68204,0.68232,7064
2022-03-08 00:00:00,0.6819,0.68504,0.68181,0.68413,4138
2022-03-08 04:00:00,0.68413,0.68493,0.68003,0.68071,6363
2022-03-08 08:00:00,0.68072,0.68356,0.68036,0.68328,11993
2022-03-08 12:00:00,0.68328,0.68481,0.68246,0.68338,10615
2022-03-08 16:00:00,0.68345,0.6843,0.67997,0.68235,14662
2022-03-08 20:00:00,0.68237,0.68275,0.68032,0.68051,8860
2022-03-09 00:00:00,0.68055,0.68189,0.67993,0.68131,3723
2022-03-09 04:00:00,0.68126,0.6816,0.67962,0.68049,4766
2022-03-09 08:00:00,0.68053,0.68419,0.68024,0.68418,7736
2022-03-09 12:00:00,0.68417,0.68523,0.6836,0.68459,7241
2022-03-09 16:00:00,0.68461,0.68522,0.68368,0.68441,10215
2022-03-09 20:00:00,0.68442,0.68485,0.68323,0.68394,4655
2022-03-10 00:00:00,0.68386,0.68399,0.68108,0.68138,3140
2022-03-10 04:00:00,0.68136,0.68356,0.68121,0.68331,3680
2022-03-10 08:00:00,0.68329,0.68587,0.68308,0.68552,7414
2022-03-10 12:00:00,0.68553,0.68687,0.68433,0.68556,9721
2022-03-10 16:00:00,0.68555,0.68693,0.68455,0.68628,9207
2022-03-10 20:00:00,0.68626,0.68745,0.68614,0.68658,3797
2022-03-11 00:00:00,0.68579,0.6875,0.68514,0.68525,2986
2022-03-11 04:00:00,0.68526,0.68576,0.68339,0.68418,3899
2022-03-11 08:00:00,0.68417,0.68589,0.68319,0.68407,7222
2022-03-11 12:00:00,0.68408,0.6858,0.68353,0.6846,9575
2022-03-11 16:00:00,0.68465,0.68471,0.68103,0.68116,9041
2022-03-11 20:00:00,0.68117,0.68192,0.67984,0.68064,3901
2022-03-14 00:00:00,0.68081,0.68146,0.67953,0.68034,2973
2022-03-14 04:00:00,0.68035,0.68052,0.67774,0.67927,4232
2022-03-14 08:00:00,0.67926,0.67996,0.67739,0.67916,6336
2022-03-14 12:00:00,0.67916,0.68055,0.67835,0.68011,7867
2022-03-14 16:00:00,0.68015,0.68035,0.67698,0.67735,8365
2022-03-14 20:00:00,0.67731,0.67748,0.6745,0.67457,5395
2022-03-15 00:00:00,0.67471,0.67555,0.67362,0.67396,3070
2022-03-15 04:00:00,0.67395,0.67497,0.67284,0.67419,6314
2022-03-15 08:00:00,0.67412,0.67586,0.67287,0.6748,7394
2022-03-15 12:00:00,0.67479,0.67824,0.67396,0.67743,6296
2022-03-15 16:00:00,0.67739,0.67922,0.67562,0.67616,9186
2022-03-15 20:00:00,0.67614,0.67723,0.67503,0.67707,5059
2022-03-16 00:00:00,0.67696,0.67761,0.67415,0.67425,2975
2022-03-16 04:00:00,0.67424,0.67708,0.67421,0.6769,4219
2022-03-16 08:00:00,0.6769,0.67913,0.67673,0.67868,5788
2022-03-16 12:00:00,0.67869,0.68055,0.67842,0.68013,5957
2022-03-16 16:00:00,0.68014,0.68276,0.67971,0.68115,8726
2022-03-16 20:00:00,0.68108,0.68445,0.67672,0.68376,10708
2022-03-17 00:00:00,0.68367,0.68452,0.68153,0.68426,3347
2022-03-17 04:00:00,0.68424,0.68494,0.68234,0.68448,4871
2022-03-17 08:00:00,0.68449,0.68506,0.68354,0.68451,5335
2022-03-17 12:00:00,0.68452,0.68576,0.68356,0.68504,6357
2022-03-17 16:00:00,0.68506,0.68966,0.68479,0.68961,7372
2022-03-17 20:00:00,0.6896,0.68991,0.68818,0.68827,3774
2022-03-18 00:00:00,0.68796,0.69007,0.68779,0.6891,2620
2022-03-18 04:00:00,0.68912,0.68962,0.68773,0.68831,4021
2022-03-18 08:00:00,0.68832,0.69095,0.68766,0.68846,5477
2022-03-18 12:00:00,0.68846,0.68917,0.6872,0.68768,5473
2022-03-18 16:00:00,0.68762,0.69083,0.68663,0.69061,8512
2022-03-18 20:00:00,0.69063,0.69131,0.69,0.69055,4093
2022-03-21 00:00:00,0.68963,0.69164,0.68863,0.69157,2805
2022-03-21 04:00:00,0.69158,0.69231,0.69006,0.69047,3741
2022-03-21 08:00:00,0.69045,0.69064,0.68897,0.6898,4531
2022-03-21 12:00:00,0.6898,0.6899,0.68771,0.68951,4805
2022-03-21 16:00:00,0.68949,0.69097,0.68873,0.689,8299
2022-03-21 20:00:00,0.68901,0.68912,0.6873,0.68865,5868
2022-03-22 00:00:00,0.68745,0.68876,0.68642,0.68714,1890
2022-03-22 04:00:00,0.68715,0.68924,0.68654,0.68776,4717
2022-03-22 08:00:00,0.68777,0.69137,0.68651,0.69083,5487
2022-03-22 12:00:00,0.69081,0.69485,0.69057,0.6943,6302
2022-03-22 16:00:00,0.69434,0.69552,0.69323,0.69488,8241
2022-03-22 20:00:00,0.69487,0.69654,0.69249,0.69644,3817
2022-03-23 00:00:00,0.69624,0.69736,0.69571,0.69617,3514
2022-03-23 04:00:00,0.69616,0.69743,0.69521,0.6954,5573
2022-03-23 08:00:00,0.6954,0.69588,0.69421,0.69466,6606
2022-03-23 12:00:00,0.69467,0.69633,0.69437,0.69481,7287
2022-03-23 16:00:00,0.6948,0.69742,0.69352,0.69675,9354
2022-03-23 20:00:00,0.69675,0.69885,0.696,0.69742,4869
2022-03-24 00:00:00,0.69723,0.69775,0.69625,0.69682,3188
2022-03-24 04:00:00,0.69681,0.69687,0.69493,0.69532,6253
2022-03-24 08:00:00,0.6953,0.69599,0.69469,0.6947,6257
2022-03-24 12:00:00,0.69469,0.69576,0.69425,0.69526,7410
2022-03-24 16:00:00,0.69526,0.69728,0.6942,0.69445,10987
2022-03-24 20:00:00,0.69442,0.69649,0.69402,0.69647,4886
2022-03-25 00:00:00,0.69559,0.69668,0.69545,0.69596,2877
2022-03-25 04:00:00,0.69596,0.69811,0.69594,0.69789,7250
2022-03-25 08:00:00,0.69789,0.69871,0.69522,0.69584,6171
2022-03-25 12:00:00,0.69587,0.69712,0.69562,0.6966,5511
2022-03-25 16:00:00,0.69662,0.69714,0.6944,0.69617,11912
2022-03-25 20:00:00,0.69613,0.69672,0.69561,0.69568,5311
2022-03-28 00:00:00,0.69459,0.69634,0.69459,0.69485,2743
2022-03-28 04:00:00,0.69482,0.69583,0.69404,0.69423,6598
2022-03-28 08:00:00,0.69423,0.69532,0.69267,0.69462,9191
2022-03-28 12:00:00,0.69461,0.69467,0.69171,0.69173,8785
2022-03-28 16:00:00,0.69172,0.69174,0.68878,0.69005,11105
2022-03-28 20:00:00,0.69,0.69027,0.6888,0.68946,3986
2022-03-29 00:00:00,0.68927,0.69087,0.68882,0.68882,3881
2022-03-29 04:00:00,0.68881,0.69049,0.68881,0.68946,5777
2022-03-29 08:00:00,0.68947,0.69128,0.68776,0.68792,7910
2022-03-29 12:00:00,0.68791,0.69151,0.68762,0.68992,13005
2022-03-29 16:00:00,0.68992,0.69296,0.68897,0.69184,13296
2022-03-29 20:00:00,0.69185,0.69455,0.69165,0.69361,4623
2022-03-30 00:00:00,0.69243,0.69482,0.69243,0.69478,3636
2022-03-30 04:00:00,0.6948,0.69705,0.69443,0.69612,7072
2022-03-30 08:00:00,0.6961,0.69748,0.69526,0.69738,8468
2022-03-30 12:00:00,0.69738,0.69845,0.69688,0.69782,8295
2022-03-30 16:00:00,0.69781,0.69983,0.69733,0.69819,9620
2022-03-30 20:00:00,0.6982,0.69835,0.69673,0.69762,4502
2022-03-31 00:00:00,0.6975,0.69778,0.69646,0.69739,3978
2022-03-31 04:00:00,0.69739,0.69762,0.69517,0.69531,5327
2022-03-31 08:00:00,0.69532,0.69566,0.69307,0.69342,7878
2022-03-31 12:00:00,0.6934,0.69429,0.69282,0.69371,7379
2022-03-31 16:00:00,0.69374,0.69592,0.69286,0.69324,11486
2022-03-31 20:00:00,0.69326,0.69434,0.69284,0.69325,5814
2022-04-01 00:00:00,0.69305,0.6942,0.6923,0.6923,3607
2022-04-01 04:00:00,0.69231,0.69353,0.69157,0.69167,5672
2022-04-01 08:00:00,0.69169,0.69379,0.69103,0.69355,7294
2022-04-01 12:00:00,0.69356,0.69478,0.69269,0.69342,8149
2022-04-01 16:00:00,0.69342,0.69382,0.68961,0.69039,10550
2022-04-01 20:00:00,0.69041,0.69202,0.69002,0.69177,5812
2022-04-04 00:00:00,0.69191,0.69271,0.69048,0.69201,3029
2022-04-04 04:00:00,0.692,0.69376,0.6916,0.69363,4969
2022-04-04 08:00:00,0.69363,0.69417,0.69285,0.69289,6960
2022-04-04 12:00:00,0.6929,0.69487,0.69241,0.69466,6350
2022-04-04 16:00:00,0.69464,0.69683,0.69455,0.69582,7439
2022-04-04 20:00:00,0.69582,0.6962,0.69462,0.69508,2982
2022-04-05 00:00:00,0.6947,0.69536,0.69434,0.69484,2406
2022-04-05 04:00:00,0.69484,0.69782,0.69428,0.69751,4520
2022-04-05 08:00:00,0.69753,0.70079,0.69735,0.70075,8546
2022-04-05 12:00:00,0.70075,0.70158,0.69905,0.70154,6903
2022-04-05 16:00:00,0.70154,0.7034,0.69559,0.69612,11326
2022-04-05 20:00:00,0.6961,0.69701,0.69336,0.69429,5801
2022-04-06 00:00:00,0.69443,0.6954,0.69357,0.69447,2925
2022-04-06 04:00:00,0.69448,0.69492,0.69341,0.69415,5779
2022-04-06 08:00:00,0.69416,0.69627,0.69375,0.6954,7994
2022-04-06 12:00:00,0.69539,0.69668,0.6943,0.69448,7321
2022-04-06 16:00:00,0.69447,0.69493,0.69242,0.69296,9243
2022-04-06 20:00:00,0.69294,0.69472,0.68967,0.69144,13187
2022-04-07 00:00:00,0.69152,0.69212,0.69055,0.69091,3041
2022-04-07 04:00:00,0.69092,0.69128,0.68919,0.68957,5375
2022-04-07 08:00:00,0.68957,0.69102,0.68897,0.6895,7641
2022-04-07 12:00:00,0.68949,0.69065,0.68896,0.68933,7662
2022-04-07 16:00:00,0.68938,0.69008,0.68809,0.68843,9944
2022-04-07 20:00:00,0.68845,0.69007,0.68844,0.68921,5263
2022-04-08 00:00:00,0.68855,0.68946,0.68748,0.688,2093
2022-04-08 04:00:00,0.68799,0.68862,0.68718,0.68839,4881
2022-04-08 08:00:00,0.68838,0.68918,0.68568,0.68585,7304
2022-04-08 12:00:00,0.68585,0.68645,0.68412,0.68414,5173
2022-04-08 16:00:00,0.68415,0.68514,0.68221,0.68503,8918
2022-04-08 20:00:00,0.68504,0.68504,0.68404,0.68477,3577
2022-04-11 00:00:00,0.68477,0.68552,0.68291,0.68326,3586
2022-04-11 04:00:00,0.68328,0.68378,0.68136,0.68358,5682
2022-04-11 08:00:00,0.68359,0.68396,0.68237,0.68326,7669
2022-04-11 12:00:00,0.68324,0.68525,0.68306,0.68465,6208
2022-04-11 16:00:00,0.68462,0.6847,0.68227,0.68262,8542
2022-04-11 20:00:00,0.68262,0.68401,0.68222,0.68244,4836
2022-04-12 00:00:00,0.68208,0.68288,0.68107,0.68136,3112
2022-04-12 04:00:00,0.68133,0.68351,0.68062,0.68309,6015
2022-04-12 08:00:00,0.68309,0.6841,0.68234,0.68318,7861
2022-04-12 12:00:00,0.68318,0.68794,0.68272,0.68759,6570
2022-04-12 16:00:00,0.68757,0.68893,0.68616,0.68769,12368
2022-04-12 20:00:00,0.68766,0.68778,0.68499,0.68499,5729
2022-04-13 00:00:00,0.68452,0.68614,0.68401,0.6846,2492
2022-04-13 04:00:00,0.68461,0.69013,0.68096,0.68189,7586
2022-04-13 08:00:00,0.68191,0.68275,0.67852,0.67873,8207
2022-04-13 12:00:00,0.67871,0.6792,0.67549,0.67673,7076
2022-04-13 16:00:00,0.67675,0.67957,0.67605,0.67889,11129
2022-04-13 20:00:00,0.6789,0.6798,0.6782,0.67976,5620
2022-04-14 00:00:00,0.67926,0.68092,0.67856,0.68039,3000
2022-04-14 04:00:00,0.6804,0.68275,0.68031,0.68266,5518
2022-04-14 08:00:00,0.68267,0.68341,0.68076,0.68158,6819
2022-04-14 12:00:00,0.68159,0.68242,0.68095,0.6811,8651
2022-04-14 16:00:00,0.6811,0.68136,0.67674,0.67815,11948
2022-04-14 20:00:00,0.67816,0.67928,0.67781,0.67867,5318
2022-04-15 00:00:00,0.67833,0.68019,0.67721,0.67745,1665
2022-04-15 04:00:00,0.67748,0.6783,0.67698,0.67707,1691
2022-04-15 08:00:00,0.67706,0.67831,0.67673,0.67777,7989
2022-04-15 12:00:00,0.67777,0.67842,0.677,0.67785,13610
2022-04-15 16:00:00,0.67784,0.67818,0.67661,0.67689,4940
2022-04-15 20:00:00,0.67704,0.67726,0.67579,0.6764,1963
2022-04-18 00:00:00,0.67662,0.67764,0.67483,0.67519,3986
2022-04-18 04:00:00,0.67519,0.67561,0.6725,0.67265,5158
2022-04-18 08:00:00,0.67266,0.67375,0.67256,0.67329,4250
2022-04-18 12:00:00,0.67329,0.67434,0.67271,0.67352,4611
2022-04-18 16:00:00,0.67355,0.67421,0.6715,0.67195,7881
2022-04-18 20:00:00,0.67194,0.67314,0.67171,0.67273,4496
2022-04-19 00:00:00,0.67268,0.67401,0.67233,0.67243,4043
2022-04-19 04:00:00,0.67242,0.67408,0.67198,0.67395,6604
2022-04-19 08:00:00,0.67394,0.6764,0.67323,0.6764,8358
2022-04-19 12:00:00,0.67639,0.67639,0.6723,0.67259,6954
2022-04-19 16:00:00,0.6726,0.67448,0.67225,0.673,9775
2022-04-19 20:00:00,0.67301,0.67364,0.67218,0.67329,4785
2022-04-20 00:00:00,0.67298,0.67528,0.67249,0.67497,3186
2022-04-20 04:00:00,0.67495,0.67697,0.67347,0.67697,7878
2022-04-20 08:00:00,0.67693,0.67902,0.67554,0.67855,7701
2022-04-20 12:00:00,0.67854,0.67992,0.6776,0.67823,7126
2022-04-20 16:00:00,0.67824,0.68132,0.67821,0.68003,8158
2022-04-20 20:00:00,0.68002,0.68088,0.67873,0.6807,5329
2022-04-21 00:00:00,0.68055,0.68097,0.67665,0.67761,4596
2022-04-21 04:00:00,0.67762,0.67898,0.67714,0.67893,6045
2022-04-21 08:00:00,0.67892,0.6804,0.67772,0.6798,9825
2022-04-21 12:00:00,0.67978,0.67988,0.6775,0.67847,6822
2022-04-21 16:00:00,0.67845,0.6795,0.67295,0.67296,9856
2022-04-21 20:00:00,0.67297,0.67427,0.67267,0.6733,8017
2022-04-22 00:00:00,0.67319,0.67365,0.67165,0.67185,4493
2022-04-22 04:00:00,0.67185,0.67259,0.66919,0.66978,7777
2022-04-22 08:00:00,0.66978,0.67024,0.66729,0.66738,10151
2022-04-22 12:00:00,0.66737,0.66899,0.66677,0.6675,7753
2022-04-22 16:00:00,0.66749,0.66758,0.66265,0.66272,12840
2022-04-22 20:00:00,0.66272,0.66416,0.66257,0.66346,6858
2022-04-25 00:00:00,0.66346,0.66376,0.66141,0.66161,4139
2022-04-25 04:00:00,0.66162,0.66182,0.65904,0.65927,8064
2022-04-25 08:00:00,0.6593,0.6634,0.65818,0.66154,12168
2022-04-25 12:00:00,0.66153,0.66231,0.65916,0.66138,10523
2022-04-25 16:00:00,0.66141,0.66151,0.65881,0.66082,13580
2022-04-25 20:00:00,0.66085,0.66212,0.6602,0.66207,8062
2022-04-26 00:00:00,0.66108,0.66276,0.66088,0.66269,3663
2022-04-26 04:00:00,0.66269,0.66453,0.6615,0.66427,7331
2022-04-26 08:00:00,0.66429,0.66451,0.66152,0.66309,9274
2022-04-26 12:00:00,0.66311,0.66427,0.66153,0.66176,7705
2022-04-26 16:00:00,0.66177,0.66236,0.65786,0.65894,10308
2022-04-26 20:00:00,0.65896,0.65905,0.65615,0.65639,5962
2022-04-27 00:00:00,0.65624,0.65789,0.656,0.65671,3235
2022-04-27 04:00:00,0.6567,0.6585,0.6561,0.65799,7486
2022-04-27 08:00:00,0.658,0.6591,0.65512,0.6569,10162
2022-04-27 12:00:00,0.6569,0.65873,0.65517,0.65542,8570
2022-04-27 16:00:00,0.65544,0.65639,0.65275,0.65574,12993
2022-04-27 20:00:00,0.65574,0.65618,0.6537,0.65426,8778
2022-04-28 00:00:00,0.654,0.65438,0.65251,0.65298,2891
2022-04-28 04:00:00,0.65298,0.65372,0.64866,0.64956,7889
2022-04-28 08:00:00,0.64956,0.65392,0.64718,0.65134,11042
2022-04-28 12:00:00,0.65134,0.65172,0.64543,0.64551,10245
2022-04-28 16:00:00,0.6455,0.64982,0.64518,0.64968,12481
2022-04-28 20:00:00,0.64966,0.65066,0.64705,0.64867,6030
2022-04-29 00:00:00,0.64871,0.65053,0.64861,0.64993,2506
2022-04-29 04:00:00,0.64986,0.6514,0.64861,0.65115,6778
2022-04-29 08:00:00,0.65115,0.65345,0.65107,0.6522,8855
2022-04-29 12:00:00,0.6522,0.65429,0.65168,0.65314,7502
2022-04-29 16:00:00,0.65312,0.65339,0.64578,0.64603,11991
2022-04-29 20:00:00,0.64604,0.64785,0.64518,0.64569,6196
2022-05-02 00:00:00,0.64581,0.6474,0.64504,0.6453,4815
2022-05-02 04:00:00,0.64532,0.64564,0.64214,0.64276,6992
2022-05-02 08:00:00,0.64276,0.64469,0.64247,0.64432,8414
2022-05-02 12:00:00,0.64431,0.64538,0.64208,0.64219,5574
2022-05-02 16:00:00,0.6422,0.64462,0.64188,0.64217,11030
2022-05-02 20:00:00,0.64217,0.64383,0.64122,0.64345,6987
2022-05-03 00:00:00,0.64322,0.64683,0.64299,0.64664,2714
2022-05-03 04:00:00,0.64663,0.64756,0.64319,0.64342,6844
2022-05-03 08:00:00,0.64342,0.64425,0.64166,0.64219,9899
2022-05-03 12:00:00,0.64219,0.64565,0.64108,0.64492,7735
2022-05-03 16:00:00,0.64495,0.64579,0.64266,0.64301,9363
2022-05-03 20:00:00,0.64301,0.64452,0.64214,0.64348,6155
2022-05-04 00:00:00,0.64251,0.64413,0.64251,0.64362,2327
2022-05-04 04:00:00,0.64361,0.64537,0.64324,0.64338,3738
2022-05-04 08:00:00,0.64338,0.64547,0.64228,0.64508,5469
2022-05-04 12:00:00,0.64508,0.64618,0.64415,0.64563,5205
2022-05-04 16:00:00,0.64563,0.64576,0.64221,0.64518,9431
2022-05-04 20:00:00,0.64518,0.65563,0.64253,0.65465,20163
2022-05-05 00:00:00,0.65417,0.65566,0.65303,0.65414,4217
2022-05-05 04:00:00,0.65414,0.65683,0.65343,0.6538,8266
2022-05-05 08:00:00,0.6538,0.6543,0.65012,0.65155,10093
2022-05-05 12:00:00,0.65155,0.65203,0.64777,0.64831,10171
2022-05-05 16:00:00,0.64827,0.64852,0.63978,0.6407,17420
2022-05-05 20:00:00,0.6407,0.64318,0.63931,0.64243,12145
2022-05-06 00:00:00,0.64213,0.64423,0.64178,0.64327,4439
2022-05-06 04:00:00,0.64326,0.64341,0.64002,0.64262,9574
2022-05-06 08:00:00,0.64262,0.64345,0.63946,0.64151,12815
2022-05-06 12:00:00,0.64149,0.64576,0.64115,0.64135,12412
2022-05-06 16:00:00,0.64129,0.64483,0.64043,0.6434,23994
2022-05-06 20:00:00,0.64342,0.64377,0.63988,0.64049,11433
2022-05-09 00:00:00,0.63993,0.64018,0.63701,0.63704,6447
2022-05-09 04:00:00,0.63703,0.63761,0.63385,0.63442,8007
2022-05-09 08:00:00,0.63442,0.63547,0.63372,0.63421,10256
2022-05-09 12:00:00,0.6342,0.63763,0.63399,0.63684,11838
2022-05-09 16:00:00,0.63683,0.63716,0.63303,0.63514,16364
2022-05-09 20:00:00,0.6351,0.63533,0.63199,0.63208,11819
2022-05-10 00:00:00,0.63202,0.6327,0.62833,0.62905,6497
2022-05-10 04:00:00,0.62904,0.63387,0.62844,0.6333,11492
2022-05-10 08:00:00,0.6333,0.63479,0.63069,0.63282,13033
2022-05-10 12:00:00,0.63282,0.63311,0.63099,0.63166,10513
2022-05-10 16:00:00,0.63165,0.63296,0.62795,0.62815,18632
2022-05-10 20:00:00,0.62814,0.63058,0.62759,0.62894,11864
2022-05-11 00:00:00,0.62826,0.62955,0.62815,0.62929,3654
2022-05-11 04:00:00,0.6293,0.63111,0.62847,0.6309,8525
2022-05-11 08:00:00,0.6309,0.63423,0.63008,0.63398,9819
2022-05-11 12:00:00,0.63397,0.63491,0.62808,0.62843,10844
2022-05-11 16:00:00,0.62846,0.63797,0.62845,0.6309,24175
2022-05-11 20:00:00,0.6309,0.63138,0.62869,0.62943,14144
2022-05-12 00:00:00,0.62865,0.62964,0.62731,0.62928,5413
2022-05-12 04:00:00,0.62926,0.62974,0.62471,0.62478,10169
2022-05-12 08:00:00,0.62477,0.62605,0.62366,0.62391,15542
2022-05-12 12:00:00,0.6239,0.6256,0.62289,0.62506,12466
2022-05-12 16:00:00,0.62505,0.62665,0.6224,0.62418,21102
2022-05-12 20:00:00,0.62419,0.62427,0.62164,0.62329,13132
2022-05-13 00:00:00,0.62275,0.6251,0.62244,0.6242,3997
2022-05-13 04:00:00,0.6242,0.6258,0.62344,0.62554,9701
2022-05-13 08:00:00,0.62556,0.62596,0.62389,0.6246,11335
2022-05-13 12:00:00,0.62459,0.62481,0.6228,0.62339,7977
2022-05-13 16:00:00,0.6234,0.62701,0.62247,0.62622,11994
2022-05-13 20:00:00,0.6262,0.62895,0.625,0.62892,7428
2022-05-16 00:00:00,0.627,0.62928,0.62673,0.62868,4562
2022-05-16 04:00:00,0.62869,0.62923,0.62288,0.62416,10938
2022-05-16 08:00:00,0.62417,0.62738,0.62344,0.62729,11552
2022-05-16 12:00:00,0.62728,0.62951,0.62602,0.62895,8294
2022-05-16 16:00:00,0.62895,0.62963,0.62676,0.62838,14193
2022-05-16 20:00:00,0.62837,0.63205,0.62829,0.63093,8402
2022-05-17 00:00:00,0.6299,0.63236,0.6299,0.63101,3871
2022-05-17 04:00:00,0.63099,0.63325,0.63059,0.63315,6757
2022-05-17 08:00:00,0.63319,0.63695,0.63276,0.63669,8825
2022-05-17 12:00:00,0.63668,0.63755,0.63538,0.63646,10547
2022-05-17 16:00:00,0.63643,0.63652,0.6334,0.63544,12566
2022-05-17 20:00:00,0.63542,0.63684,0.63331,0.63606,11375
2022-05-18 00:00:00,0.63567,0.63702,0.63512,0.63631,3552
2022-05-18 04:00:00,0.63634,0.63647,0.63395,0.63471,7433
2022-05-18 08:00:00,0.6347,0.637,0.63444,0.63488,9227
2022-05-18 12:00:00,0.6349,0.63628,0.63465,0.63564,6472
2022-05-18 16:00:00,0.63564,0.63599,0.6325,0.63333,13562
2022-05-18 20:00:00,0.63333,0.63339,0.62907,0.62949,9163
2022-05-19 00:00:00,0.62938,0.63074,0.62904,0.62979,6418
2022-05-19 04:00:00,0.62979,0.63452,0.62919,0.63406,10615
2022-05-19 08:00:00,0.63406,0.6346,0.63115,0.63329,13381
2022-05-19 12:00:00,0.63328,0.63791,0.63303,0.63763,12404
2022-05-19 16:00:00,0.63762,0.6417,0.63747,0.63982,20420
2022-05-19 20:00:00,0.63985,0.64091,0.63795,0.63835,14471
2022-05-20 00:00:00,0.63805,0.63876,0.63733,0.63759,4560
2022-05-20 04:00:00,0.63759,0.639,0.63635,0.63862,9350
2022-05-20 08:00:00,0.63862,0.64133,0.63839,0.64089,11923
2022-05-20 12:00:00,0.64088,0.64121,0.6396,0.64024,8878
2022-05-20 16:00:00,0.64025,0.64101,0.6377,0.63779,14589
2022-05-20 20:00:00,0.63778,0.64143,0.63668,0.64102,10229
2022-05-23 00:00:00,0.6395,0.64521,0.63863,0.64481,4883
2022-05-23 04:00:00,0.64482,0.64671,0.64444,0.64549,7547
2022-05-23 08:00:00,0.6455,0.64769,0.64521,0.64694,12188
2022-05-23 12:00:00,0.64695,0.64917,0.64637,0.64698,8548
2022-05-23 16:00:00,0.64697,0.64779,0.64583,0.6462,13404
2022-05-23 20:00:00,0.64621,0.64701,0.64513,0.64662,6770
2022-05-24 00:00:00,0.64672,0.64673,0.6434,0.64349,3573
2022-05-24 04:00:00,0.6435,0.64418,0.64279,0.64318,6509
2022-05-24 08:00:00,0.64315,0.64566,0.64231,0.64251,10832
2022-05-24 12:00:00,0.6425,0.64457,0.64246,0.64411,8929
2022-05-24 16:00:00,0.64412,0.64591,0.64267,0.64472,17019
2022-05-24 20:00:00,0.64472,0.64662,0.64399,0.64603,11066
2022-05-25 00:00:00,0.646,0.64647,0.64392,0.64429,4192
2022-05-25 04:00:00,0.64429,0.65139,0.64188,0.65072,11693
2022-05-25 08:00:00,0.65071,0.6514,0.64656,0.64702,11039
2022-05-25 12:00:00,0.64702,0.64706,0.64368,0.64455,11816
2022-05-25 16:00:00,0.64456,0.64728,0.64399,0.6454,14619
2022-05-25 20:00:00,0.64538,0.64847,0.64486,0.64791,12909
2022-05-26 00:00:00,0.64745,0.65003,0.64744,0.6497,5056
2022-05-26 04:00:00,0.64969,0.6498,0.64548,0.64577,9554
2022-05-26 08:00:00,0.64578,0.64843,0.64468,0.64689,9706
2022-05-26 12:00:00,0.6469,0.64826,0.64585,0.6459,9657
2022-05-26 16:00:00,0.6459,0.64752,0.64546,0.64645,12194
2022-05-26 20:00:00,0.64647,0.64809,0.64611,0.64805,6605
2022-05-27 00:00:00,0.64753,0.64867,0.64725,0.64771,3455
2022-05-27 04:00:00,0.64772,0.65227,0.64756,0.65205,9271
2022-05-27 08:00:00,0.65205,0.65301,0.65039,0.65235,9098
2022-05-27 12:00:00,0.65234,0.65308,0.65146,0.65237,8974
2022-05-27 16:00:00,0.65238,0.65496,0.65228,0.65248,10534
2022-05-27 20:00:00,0.65247,0.65389,0.65235,0.65346,4094
2022-05-30 00:00:00,0.65248,0.65431,0.65215,0.65407,3862
2022-05-30 04:00:00,0.65408,0.65579,0.65381,0.65491,7423
2022-05-30 08:00:00,0.65493,0.6557,0.65349,0.65428,9260
2022-05-30 12:00:00,0.65428,0.65539,0.65342,0.65354,6119
2022-05-30 16:00:00,0.65353,0.65603,0.65353,0.65568,6905
2022-05-30 20:00:00,0.65568,0.656,0.65319,0.6559,1435
2022-05-31 00:00:00,0.6551,0.6564,0.65332,0.6535,4926
2022-05-31 04:00:00,0.65349,0.65414,0.65163,0.65399,9849
2022-05-31 08:00:00,0.65397,0.65453,0.6523,0.65245,10102
2022-05-31 12:00:00,0.65245,0.65259,0.64828,0.64853,10120
2022-05-31 16:00:00,0.64853,0.65241,0.64853,0.65192,15487
2022-05-31 20:00:00,0.65193,0.65236,0.64953,0.65158,8531
2022-06-01 00:00:00,0.6512,0.65308,0.65067,0.65237,3011
2022-06-01 04:00:00,0.65236,0.65265,0.64783,0.64916,9045
2022-06-01 08:00:00,0.64915,0.65081,0.6487,0.65024,10779
2022-06-01 12:00:00,0.65025,0.6536,0.65015,0.65315,7530
2022-06-01 16:00:00,0.65319,0.65401,0.64649,0.64743,15393
2022-06-01 20:00:00,0.64742,0.64975,0.64735,0.64896,6338
2022-06-02 00:00:00,0.6481,0.64883,0.6476,0.64823,3626
2022-06-02 04:00:00,0.64823,0.64837,0.64677,0.64795,7654
2022-06-02 08:00:00,0.64795,0.65022,0.64601,0.65007,8104
2022-06-02 12:00:00,0.65005,0.65323,0.64985,0.65258,7024
2022-06-02 16:00:00,0.65256,0.65576,0.65165,0.65557,14131
2022-06-02 20:00:00,0.65557,0.65646,0.65497,0.65601,4901
2022-06-03 00:00:00,0.65552,0.65761,0.6554,0.6562,3731
2022-06-03 04:00:00,0.65621,0.65636,0.65505,0.6553,7186
2022-06-03 08:00:00,0.65528,0.65603,0.65491,0.65542,6891
2022-06-03 12:00:00,0.65542,0.65545,0.6508,0.65192,7390
2022-06-03 16:00:00,0.65196,0.65377,0.65009,0.65153,13467
2022-06-03 20:00:00,0.65153,0.6518,0.65036,0.65056,6639
2022-06-06 00:00:00,0.65057,0.65154,0.65024,0.6504,3968
2022-06-06 04:00:00,0.65039,0.65109,0.6496,0.65057,7480
2022-06-06 08:00:00,0.65056,0.65364,0.64984,0.65353,7369
2022-06-06 12:00:00,0.65353,0.65366,0.65189,0.65282,5103
2022-06-06 16:00:00,0.65283,0.65338,0.6485,0.64956,9595
2022-06-06 20:00:00,0.64957,0.65027,0.64847,0.64893,6334
2022-06-07 00:00:00,0.64904,0.64934,0.64713,0.64747,4974
2022-06-07 04:00:00,0.64746,0.6496,0.64568,0.6463,10635
2022-06-07 08:00:00,0.64634,0.64666,0.64397,0.64522,12114
2022-06-07 12:00:00,0.64521,0.64601,0.6426,0.64275,9116
2022-06-07 16:00:00,0.64269,0.64804,0.64227,0.64761,12933
2022-06-07 20:00:00,0.64763,0.6499,0.64706,0.64907,5722
2022-06-08 00:00:00,0.64865,0.64919,0.64747,0.64767,4163
2022-06-08 04:00:00,0.64766,0.64856,0.64559,0.64561,8907
2022-06-08 08:00:00,0.64559,0.64642,0.6437,0.64397,9012
2022-06-08 12:00:00,0.64398,0.6461,0.6435,0.64523,7831
2022-06-08 16:00:00,0.64523,0.64752,0.64509,0.64585,11892
2022-06-08 20:00:00,0.64587,0.64588,0.64434,0.64484,6650
2022-06-09 00:00:00,0.64435,0.64515,0.64341,0.64404,2629
2022-06-09 04:00:00,0.64405,0.64555,0.64325,0.64508,7880
2022-06-09 08:00:00,0.64504,0.64586,0.64354,0.64534,8928
2022-06-09 12:00:00,0.64537,0.64611,0.64272,0.64355,12706
2022-06-09 16:00:00,0.64352,0.64383,0.63965,0.64035,15498
2022-06-09 20:00:00,0.64034,0.64098,0.63799,0.63823,6254
2022-06-10 00:00:00,0.63828,0.63944,0.63794,0.63941,3135
2022-06-10 04:00:00,0.63941,0.64049,0.63858,0.6398,6418
2022-06-10 08:00:00,0.63979,0.64348,0.63979,0.64261,10094
2022-06-10 12:00:00,0.64258,0.64279,0.63716,0.63757,11597
2022-06-10 16:00:00,0.63766,0.63941,0.63504,0.63546,17096
2022-06-10 20:00:00,0.63548,0.63692,0.63482,0.63533,7104
2022-06-13 00:00:00,0.63452,0.63498,0.63321,0.63342,5796
2022-06-13 04:00:00,0.63343,0.63435,0.63207,0.63347,9898
2022-06-13 08:00:00,0.63347,0.63488,0.63086,0.63114,13759
2022-06-13 12:00:00,0.63112,0.63119,0.62756,0.62988,12985
2022-06-13 16:00:00,0.62988,0.63055,0.62562,0.62691,16819
2022-06-13 20:00:00,0.62693,0.62857,0.62459,0.62618,13606
2022-06-14 00:00:00,0.6259,0.62807,0.62528,0.62777,5318
2022-06-14 04:00:00,0.62777,0.62885,0.62549,0.62771,14050
2022-06-14 08:00:00,0.6277,0.62933,0.62578,0.62613,13575
2022-06-14 12:00:00,0.62613,0.62667,0.62342,0.62432,14126
2022-06-14 16:00:00,0.62437,0.62488,0.62072,0.62088,20321
2022-06-14 20:00:00,0.62087,0.62318,0.61964,0.62177,12056
2022-06-15 00:00:00,0.62145,0.6231,0.62127,0.62244,5044
2022-06-15 04:00:00,0.6224,0.62415,0.622,0.62221,10083
2022-06-15 08:00:00,0.62221,0.62399,0.62145,0.62393,15318
2022-06-15 12:00:00,0.6239,0.62605,0.62307,0.62473,14531
2022-06-15 16:00:00,0.62474,0.62642,0.62366,0.62386,15082
2022-06-15 20:00:00,0.62387,0.63129,0.62147,0.62858,23374
2022-06-16 00:00:00,0.62842,0.63103,0.62616,0.62913,7419
2022-06-16 04:00:00,0.62912,0.63002,0.62799,0.62911,11467
2022-06-16 08:00:00,0.62912,0.62923,0.62327,0.62703,15772
2022-06-16 12:00:00,0.62703,0.62871,0.62468,0.62836,16589
2022-06-16 16:00:00,0.62842,0.63844,0.62731,0.63716,21391
2022-06-16 20:00:00,0.63716,0.63955,0.63583,0.63621,15311
2022-06-17 00:00:00,0.63562,0.63703,0.63419,0.63445,6216
2022-06-17 04:00:00,0.63445,0.63522,0.63272,0.63437,15202
2022-06-17 08:00:00,0.6344,0.63478,0.63114,0.63322,14837
2022-06-17 12:00:00,0.63321,0.63428,0.63134,0.63221,13501
2022-06-17 16:00:00,0.63221,0.63221,0.62692,0.62919,21388
2022-06-17 20:00:00,0.6292,0.63166,0.62911,0.63131,9199
2022-06-20 00:00:00,0.62992,0.63297,0.62991,0.63189,6120
2022-06-20 04:00:00,0.63189,0.63356,0.63052,0.63279,12685
2022-06-20 08:00:00,0.63281,0.63528,0.63233,0.6347,12088
2022-06-20 12:00:00,0.63471,0.63638,0.63468,0.63497,8710
2022-06-20 16:00:00,0.63493,0.6351,0.63338,0.6337,9345
2022-06-20 20:00:00,0.63371,0.63373,0.63234,0.63306,1342
2022-06-21 00:00:00,0.63298,0.63453,0.63233,0.63363,6213
2022-06-21 04:00:00,0.63363,0.63487,0.63302,0.63321,9409
2022-06-21 08:00:00,0.63325,0.63634,0.6322,0.63614,11392
2022-06-21 12:00:00,0.63615,0.63625,0.63179,0.63258,9845
2022-06-21 16:00:00,0.63257,0.63536,0.63248,0.63396,14614
2022-06-21 20:00:00,0.63395,0.63425,0.6327,0.63337,6633
2022-06-22 00:00:00,0.63311,0.63326,0.62953,0.62982,5138
2022-06-22 04:00:00,0.62983,0.63038,0.62646,0.62683,9922
2022-06-22 08:00:00,0.62684,0.62749,0.62438,0.62481,12520
2022-06-22 12:00:00,0.62479,0.6269,0.62452,0.6262,10870
2022-06-22 16:00:00,0.62621,0.63047,0.62588,0.62859,17146
2022-06-22 20:00:00,0.6286,0.63011,0.62817,0.6286,6399
2022-06-23 00:00:00,0.62836,0.62873,0.62649,0.62733,4132
2022-06-23 04:00:00,0.62732,0.6276,0.62538,0.62644,11249
2022-06-23 08:00:00,0.62643,0.62722,0.62475,0.62531,12660
2022-06-23 12:00:00,0.6253,0.62904,0.62508,0.62861,11109
2022-06-23 16:00:00,0.6286,0.63107,0.6266,0.62678,19784
2022-06-23 20:00:00,0.62678,0.62893,0.62617,0.62757,9009
2022-06-24 00:00:00,0.62651,0.62984,0.62651,0.62887,3983
2022-06-24 04:00:00,0.62886,0.6303,0.62832,0.6302,9603
2022-06-24 08:00:00,0.63019,0.63091,0.62847,0.62991,11156
2022-06-24 12:00:00,0.62991,0.63137,0.6286,0.62956,9800
2022-06-24 16:00:00,0.62955,0.63272,0.62852,0.63198,16265
2022-06-24 20:00:00,0.63199,0.63241,0.63111,0.63134,6065
2022-06-27 00:00:00,0.63062,0.63268,0.62974,0.63029,4922
2022-06-27 04:00:00,0.63029,0.63167,0.62988,0.63132,10551
2022-06-27 08:00:00,0.63132,0.63247,0.63002,0.63232,10757
2022-06-27 12:00:00,0.63234,0.6324,0.62818,0.62989,9939
2022-06-27 16:00:00,0.62991,0.63245,0.62979,0.63079,14122
2022-06-27 20:00:00,0.6308,0.63091,0.62906,0.63007,7390
2022-06-28 00:00:00,0.6298,0.63032,0.62916,0.63007,3680
2022-06-28 04:00:00,0.63007,0.63072,0.62889,0.62936,9976
2022-06-28 08:00:00,0.62937,0.63134,0.62819,0.6302,11526
2022-06-28 12:00:00,0.6302,0.6304,0.62654,0.6268,9180
2022-06-28 16:00:00,0.62686,0.62777,0.62452,0.6255,15076
2022-06-28 20:00:00,0.62549,0.62577,0.62373,0.62402,8711
2022-06-29 00:00:00,0.62375,0.62506,0.62338,0.62388,4480
2022-06-29 04:00:00,0.6239,0.62598,0.62357,0.62561,9605
2022-06-29 08:00:00,0.6256,0.62576,0.62195,0.62224,12738
2022-06-29 12:00:00,0.62224,0.62385,0.62086,0.62253,11486
2022-06-29 16:00:00,0.62254,0.62333,0.62049,0.62153,19260
2022-06-29 20:00:00,0.62153,0.62284,0.62112,0.62219,7809
2022-06-30 00:00:00,0.62196,0.62273,0.62106,0.62134,4169
2022-06-30 04:00:00,0.62132,0.62283,0.61982,0.62211,10485
2022-06-30 08:00:00,0.62209,0.62363,0.62041,0.62318,12782
2022-06-30 12:00:00,0.62319,0.6238,0.6203,0.62249,11471
2022-06-30 16:00:00,0.62252,0.62543,0.62034,0.62509,16480
2022-06-30 20:00:00,0.62509,0.62531,0.62383,0.62437,10118
2022-07-01 00:00:00,0.62326,0.62467,0.62308,0.62312,5571
2022-07-01 04:00:00,0.62311,0.62344,0.61708,0.6175,12486
2022-07-01 08:00:00,0.61749,0.61939,0.61639,0.61781,13250
2022-07-01 12:00:00,0.61781,0.61834,0.61509,0.61529,13162
2022-07-01 16:00:00,0.61528,0.61963,0.61478,0.61859,19593
2022-07-01 20:00:00,0.61857,0.62207,0.61843,0.62031,7160
2022-07-04 00:00:00,0.61867,0.62174,0.61867,0.62132,5683
2022-07-04 04:00:00,0.62132,0.62154,0.61953,0.62064,11740
2022-07-04 08:00:00,0.62065,0.62422,0.62061,0.62302,10287
2022-07-04 12:00:00,0.623,0.62519,0.62246,0.62392,8250
2022-07-04 16:00:00,0.62393,0.62399,0.62053,0.62157,6876
2022-07-04 20:00:00,0.62156,0.62156,0.62023,0.62089,1894
2022-07-05 00:00:00,0.62056,0.62258,0.62023,0.62213,4898
2022-07-05 04:00:00,0.62212,0.62267,0.61966,0.62149,11316
2022-07-05 08:00:00,0.62149,0.62252,0.6158,0.61583,14403
2022-07-05 12:00:00,0.61585,0.6168,0.61332,0.61452,13834
2022-07-05 16:00:00,0.61451,0.61493,0.61247,0.61374,18872
2022-07-05 20:00:00,0.61374,0.6175,0.61359,0.61688,9298
2022-07-06 00:00:00,0.61652,0.61753,0.61618,0.61734,5251
2022-07-06 04:00:00,0.61734,0.61804,0.6154,0.61578,11767
2022-07-06 08:00:00,0.61575,0.61915,0.61471,0.61756,13896
2022-07-06 12:00:00,0.61755,0.61825,0.61594,0.61789,13561
2022-07-06 16:00:00,0.61788,0.61915,0.61316,0.61377,19795
2022-07-06 20:00:00,0.61377,0.61593,0.61365,0.61472,12443
2022-07-07 00:00:00,0.61456,0.61563,0.61399,0.61525,5412
2022-07-07 04:00:00,0.61526,0.61855,0.61488,0.61829,11899
2022-07-07 08:00:00,0.6183,0.6195,0.6167,0.61813,13132
2022-07-07 12:00:00,0.61812,0.61928,0.61668,0.61681,12271
2022-07-07 16:00:00,0.61681,0.61856,0.61622,0.61724,14787
2022-07-07 20:00:00,0.61725,0.61833,0.61695,0.61771,4308
2022-07-08 00:00:00,0.6174,0.61915,0.61691,0.61913,5509
2022-07-08 04:00:00,0.61914,0.61929,0.61598,0.61707,13332
2022-07-08 08:00:00,0.61708,0.61737,0.61424,0.6153,12276
2022-07-08 12:00:00,0.61531,0.61749,0.61317,0.61432,13459
2022-07-08 16:00:00,0.61434,0.62066,0.61425,0.61758,18207
2022-07-08 20:00:00,0.61759,0.61883,0.61715,0.61881,6645
2022-07-11 00:00:00,0.61731,0.61924,0.61671,0.61772,6655
2022-07-11 04:00:00,0.61772,0.61782,0.61636,0.61712,10732
2022-07-11 08:00:00,0.61711,0.61735,0.61556,0.61656,10134
2022-07-11 12:00:00,0.61655,0.6167,0.61097,0.61121,10928
2022-07-11 16:00:00,0.61123,0.61364,0.6097,0.61201,16490
2022-07-11 20:00:00,0.61201,0.61307,0.61074,0.61113,6945
2022-07-12 00:00:00,0.61086,0.61275,0.61068,0.61152,5041
2022-07-12 04:00:00,0.61153,0.61202,0.6104,0.61059,14483
2022-07-12 08:00:00,0.61059,0.61195,0.61003,0.61035,13927
2022-07-12 12:00:00,0.61034,0.61318,0.60999,0.61316,12270
2022-07-12 16:00:00,0.61317,0.61455,0.61222,0.61401,14788
2022-07-12 20:00:00,0.614,0.61416,0.61235,0.61268,6515
2022-07-13 00:00:00,0.61239,0.61242,0.61152,0.61206,2825
2022-07-13 04:00:00,0.61208,0.6139,0.6106,0.61304,11064
2022-07-13 08:00:00,0.61305,0.61428,0.61204,0.6136,13802
2022-07-13 12:00:00,0.61361,0.61584,0.60807,0.61011,13109
2022-07-13 16:00:00,0.61007,0.61717,0.60897,0.61511,24271
2022-07-13 20:00:00,0.61511,0.61567,0.6127,0.61315,11648
2022-07-14 00:00:00,0.61201,0.6132,0.61015,0.61076,6669
2022-07-14 04:00:00,0.61081,0.61329,0.61036,0.61269,11538
2022-07-14 08:00:00,0.61271,0.61321,0.6091,0.6094,15217
2022-07-14 12:00:00,0.60939,0.61097,0.60771,0.60835,15226
2022-07-14 16:00:00,0.60832,0.61296,0.60604,0.61006,23475
2022-07-14 20:00:00,0.6101,0.61345,0.6099,0.61252,10671
2022-07-15 00:00:00,0.6124,0.61369,0.61076,0.61223,5735
2022-07-15 04:00:00,0.61226,0.61434,0.61218,0.61309,11364
2022-07-15 08:00:00,0.61309,0.61382,0.61177,0.61301,12623
2022-07-15 12:00:00,0.613,0.61617,0.61282,0.61602,12723
2022-07-15 16:00:00,0.61603,0.6177,0.61393,0.61577,19241
2022-07-15 20:00:00,0.61578,0.61645,0.61506,0.61561,5919
2022-07-18 00:00:00,0.61506,0.61921,0.61475,0.6186,4967
2022-07-18 04:00:00,0.61859,0.62004,0.616,0.61638,9074
2022-07-18 08:00:00,0.61642,0.61819,0.61477,0.61755,11912
2022-07-18 12:00:00,0.61754,0.61853,0.61548,0.61749,9360
2022-07-18 16:00:00,0.61748,0.6186,0.61664,0.61687,13362
2022-07-18 20:00:00,0.61687,0.61746,0.61506,0.61534,7754
2022-07-19 00:00:00,0.61534,0.61565,0.61435,0.6145,4188
2022-07-19 04:00:00,0.61451,0.61788,0.6141,0.61701,9630
2022-07-19 08:00:00,0.61701,0.62294,0.6167,0.62276,13505
2022-07-19 12:00:00,0.62278,0.62382,0.6219,0.62285,11677
2022-07-19 16:00:00,0.62284,0.62401,0.62189,0.62292,14075
2022-07-19 20:00:00,0.62294,0.62304,0.62168,0.6225,6047
2022-07-20 00:00:00,0.62211,0.62429,0.62205,0.62426,4018
2022-07-20 04:00:00,0.62425,0.62721,0.62359,0.62706,8266
2022-07-20 08:00:00,0.62705,0.62707,0.62388,0.62418,11841
2022-07-20 12:00:00,0.62417,0.62657,0.62351,0.62499,12579
2022-07-20 16:00:00,0.62495,0.62617,0.62231,0.62256,14120
2022-07-20 20:00:00,0.62256,0.6231,0.6217,0.62304,8897
2022-07-21 00:00:00,0.62304,0.62334,0.62193,0.62231,3980
2022-07-21 04:00:00,0.6223,0.62407,0.62144,0.62403,9177
2022-07-21 08:00:00,0.62405,0.62418,0.61939,0.6196,12088
2022-07-21 12:00:00,0.61961,0.62279,0.61848,0.62242,13621
2022-07-21 16:00:00,0.62241,0.62289,0.61873,0.62133,20821
2022-07-21 20:00:00,0.62132,0.62526,0.62098,0.62525,8877
2022-07-22 00:00:00,0.62495,0.62527,0.62371,0.62404,4774
2022-07-22 04:00:00,0.62403,0.62431,0.62131,0.62137,7255
2022-07-22 08:00:00,0.62137,0.62406,0.62113,0.62329,11346
2022-07-22 12:00:00,0.62328,0.62677,0.6232,0.62605,11099
2022-07-22 16:00:00,0.62605,0.63042,0.62586,0.62713,19114
2022-07-22 20:00:00,0.62714,0.62744,0.62361,0.62439,6613
2022-07-25 00:00:00,0.62454,0.6257,0.62143,0.62177,4508
2022-07-25 04:00:00,0.62177,0.62399,0.62171,0.62344,8062
2022-07-25 08:00:00,0.62344,0.62609,0.62238,0.62533,10463
2022-07-25 12:00:00,0.62535,0.62795,0.62527,0.6265,10620
2022-07-25 16:00:00,0.6265,0.6273,0.62494,0.62646,14101
2022-07-25 20:00:00,0.62646,0.62707,0.62594,0.62625,6378
2022-07-26 00:00:00,0.62574,0.62664,0.62545,0.6258,3637
2022-07-26 04:00:00,0.62579,0.628,0.62555,0.62627,5937
2022-07-26 08:00:00,0.62627,0.62666,0.6249,0.62506,7520
2022-07-26 12:00:00,0.62506,0.62547,0.62249,0.62336,9543
2022-07-26 16:00:00,0.62335,0.62473,0.62277,0.62353,13756
2022-07-26 20:00:00,0.62354,0.62388,0.6225,0.623,6413
2022-07-27 00:00:00,0.62208,0.62471,0.62192,0.62431,3300
2022-07-27 04:00:00,0.6243,0.62464,0.62266,0.62374,6306
2022-07-27 08:00:00,0.62373,0.62413,0.62207,0.62308,8945
2022-07-27 12:00:00,0.62307,0.62442,0.62162,0.62189,8852
2022-07-27 16:00:00,0.62186,0.62192,0.61948,0.61976,11072
2022-07-27 20:00:00,0.61976,0.62775,0.61916,0.62651,16438
2022-07-28 00:00:00,0.6252,0.62672,0.62507,0.62574,3567
2022-07-28 04:00:00,0.62574,0.62754,0.62554,0.6268,8733
2022-07-28 08:00:00,0.62682,0.62925,0.62652,0.629,11058
2022-07-28 12:00:00,0.62901,0.62913,0.62545,0.62848,14094
2022-07-28 16:00:00,0.62845,0.6289,0.62582,0.62689,18285
2022-07-28 20:00:00,0.62689,0.62975,0.62665,0.62948,6403
2022-07-29 00:00:00,0.62637,0.63004,0.62637,0.62925,3603
2022-07-29 04:00:00,0.62925,0.63198,0.62869,0.63066,8094
2022-07-29 08:00:00,0.63068,0.63275,0.62988,0.63038,11984
2022-07-29 12:00:00,0.63037,0.63057,0.62454,0.62509,10852
2022-07-29 16:00:00,0.62512,0.6278,0.62177,0.62705,16599
2022-07-29 20:00:00,0.62706,0.62962,0.62649,0.62908,5121
2022-08-01 00:00:00,0.62726,0.62992,0.62652,0.62881,4614
2022-08-01 04:00:00,0.62882,0.63027,0.62846,0.62978,8336
2022-08-01 08:00:00,0.62979,0.63311,0.6292,0.63234,8844
2022-08-01 12:00:00,0.63235,0.63418,0.63219,0.63334,9477
2022-08-01 16:00:00,0.63335,0.63524,0.63226,0.63447,14915
2022-08-01 20:00:00,0.63447,0.63448,0.63228,0.63327,6641
2022-08-02 00:00:00,0.63287,0.63431,0.63262,0.63335,5034
2022-08-02 04:00:00,0.63336,0.63401,0.63111,0.6314,9950
2022-08-02 08:00:00,0.63138,0.63171,0.62737,0.6278,12359
2022-08-02 12:00:00,0.62779,0.63018,0.62771,0.62846,9601
2022-08-02 16:00:00,0.62851,0.62976,0.62701,0.62886,17291
2022-08-02 20:00:00,0.62884,0.62889,0.62517,0.62547,9214
2022-08-03 00:00:00,0.62489,0.62583,0.62127,0.62185,5736
2022-08-03 04:00:00,0.62188,0.62634,0.62187,0.62538,7778
2022-08-03 08:00:00,0.62538,0.62706,0.62509,0.62575,9634
2022-08-03 12:00:00,0.62575,0.62729,0.62445,0.62572,9551
2022-08-03 16:00:00,0.62572,0.62591,0.62206,0.62553,16446
2022-08-03 20:00:00,0.62553,0.62811,0.6252,0.62736,6445
2022-08-04 00:00:00,0.62516,0.62836,0.62514,0.62832,4231
2022-08-04 04:00:00,0.62833,0.62958,0.62793,0.62924,6461
2022-08-04 08:00:00,0.62924,0.63069,0.62855,0.63015,8874
2022-08-04 12:00:00,0.63015,0.6315,0.62872,0.62944,10955
2022-08-04 16:00:00,0.62943,0.63057,0.6276,0.62963,14661
2022-08-04 20:00:00,0.62961,0.63125,0.62957,0.62995,5880
2022-08-05 00:00:00,0.62989,0.63031,0.6286,0.6287,3888
2022-08-05 04:00:00,0.6287,0.62977,0.62836,0.62941,5816
2022-08-05 08:00:00,0.62942,0.63095,0.62841,0.62959,6697
2022-08-05 12:00:00,0.6296,0.62998,0.62205,0.62247,9589
2022-08-05 16:00:00,0.62247,0.62538,0.62123,0.62489,16689
2022-08-05 20:00:00,0.62488,0.62532,0.62339,0.62424,7031
2022-08-08 00:00:00,0.62424,0.62447,0.62301,0.62342,4820
2022-08-08 04:00:00,0.62343,0.62592,0.62326,0.62432,5699
2022-08-08 08:00:00,0.62431,0.62701,0.62347,0.62603,8540
2022-08-08 12:00:00,0.62605,0.62991,0.62572,0.62943,6979
2022-08-08 16:00:00,0.62939,0.63042,0.62798,0.62824,8938
2022-08-08 20:00:00,0.62825,0.62893,0.6279,0.62849,5592
2022-08-09 00:00:00,0.62849,0.62933,0.62783,0.62806,3453
2022-08-09 04:00:00,0.62808,0.62878,0.62729,0.62808,5900
2022-08-09 08:00:00,0.62805,0.62926,0.62708,0.62901,7876
2022-08-09 12:00:00,0.62906,0.63029,0.62736,0.62847,7722
2022-08-09 16:00:00,0.62846,0.62909,0.62755,0.62788,10129
2022-08-09 20:00:00,0.62788,0.62896,0.62702,0.62862,4212
2022-08-10 00:00:00,0.6282,0.62888,0.62751,0.62785,3086
2022-08-10 04:00:00,0.62786,0.62951,0.62784,0.62895,5952
2022-08-10 08:00:00,0.62894,0.63094,0.62797,0.6309,7027
2022-08-10 12:00:00,0.63091,0.63993,0.63051,0.63815,10258
2022-08-10 16:00:00,0.63816,0.64322,0.63742,0.64266,17394
2022-08-10 20:00:00,0.64267,0.64341,0.64,0.64026,7418
2022-08-11 00:00:00,0.64001,0.64124,0.6395,0.64043,3605
2022-08-11 04:00:00,0.64041,0.64041,0.63842,0.63869,5516
2022-08-11 08:00:00,0.63869,0.64292,0.63859,0.64283,9203
2022-08-11 12:00:00,0.64284,0.64551,0.64121,0.64496,10154
2022-08-11 16:00:00,0.64497,0.64627,0.6431,0.64435,15031
2022-08-11 20:00:00,0.64437,0.6446,0.64024,0.64302,6861
2022-08-12 00:00:00,0.64318,0.64378,0.64242,0.64304,4047
2022-08-12 04:00:00,0.64306,0.64633,0.64258,0.64613,7067
2022-08-12 08:00:00,0.64609,0.64682,0.64457,0.64463,8819
2022-08-12 12:00:00,0.64464,0.64467,0.64224,0.64361,9135
2022-08-12 16:00:00,0.64362,0.64505,0.64242,0.64465,14867
2022-08-12 20:00:00,0.64466,0.64594,0.64466,0.64539,3207
2022-08-15 00:00:00,0.64433,0.64563,0.64423,0.64496,3369
2022-08-15 04:00:00,0.64497,0.64524,0.64191,0.64194,7630
2022-08-15 08:00:00,0.64194,0.64207,0.63712,0.63723,8685
2022-08-15 12:00:00,0.63722,0.63853,0.63556,0.636,9009
2022-08-15 16:00:00,0.63603,0.63824,0.63565,0.63738,9598
2022-08-15 20:00:00,0.6374,0.63775,0.63577,0.63651,4274
2022-08-16 00:00:00,0.63576,0.63681,0.63481,0.63521,3980
2022-08-16 04:00:00,0.63521,0.63702,0.63505,0.63571,5618
2022-08-16 08:00:00,0.63572,0.63643,0.6325,0.63369,9120
2022-08-16 12:00:00,0.63371,0.63384,0.63166,0.63243,8857
2022-08-16 16:00:00,0.63243,0.63438,0.63227,0.6336,10689
2022-08-16 20:00:00,0.63359,0.63495,0.63351,0.63453,4587
2022-08-17 00:00:00,0.63453,0.63488,0.63364,0.6342,3244
2022-08-17 04:00:00,0.6342,0.63832,0.63259,0.63594,9205
2022-08-17 08:00:00,0.63593,0.63643,0.63061,0.63111,10911
2022-08-17 12:00:00,0.63112,0.63189,0.62724,0.62865,10840
2022-08-17 16:00:00,0.62864,0.62918,0.62581,0.62727,12690
2022-08-17 20:00:00,0.6273,0.63056,0.62683,0.62817,11564
2022-08-18 00:00:00,0.62789,0.62874,0.62714,0.62791,3507
2022-08-18 04:00:00,0.62789,0.62848,0.62646,0.62785,6444
2022-08-18 08:00:00,0.62785,0.62838,0.62474,0.62679,9752
2022-08-18 12:00:00,0.62684,0.63128,0.62676,0.62985,10372
2022-08-18 16:00:00,0.62986,0.63011,0.62489,0.62499,12628
2022-08-18 20:00:00,0.62494,0.62647,0.62464,0.62566,6573
2022-08-19 00:00:00,0.62472,0.62575,0.62269,0.62324,3542
2022-08-19 04:00:00,0.62323,0.62481,0.62263,0.62352,6383
2022-08-19 08:00:00,0.62353,0.62443,0.62148,0.62267,9606
2022-08-19 12:00:00,0.62268,0.62312,0.61975,0.62142,9598
2022-08-19 16:00:00,0.62141,0.62152,0.61708,0.61777,10712
2022-08-19 20:00:00,0.61778,0.61817,0.61658,0.61743,5027
2022-08-22 00:00:00,0.61741,0.61865,0.61675,0.61805,5009
2022-08-22 04:00:00,0.61805,0.62062,0.61725,0.62008,7570
2022-08-22 08:00:00,0.62007,0.62078,0.61852,0.6201,10274
2022-08-22 12:00:00,0.62011,0.62149,0.61866,0.61975,9337
2022-08-22 16:00:00,0.61975,0.61993,0.61567,0.61668,11186
2022-08-22 20:00:00,0.61667,0.61741,0.61585,0.61694,4592
2022-08-23 00:00:00,0.61694,0.61887,0.61665,0.61798,4574
2022-08-23 04:00:00,0.61798,0.61937,0.61796,0.61827,6680
2022-08-23 08:00:00,0.61826,0.6195,0.61596,0.61856,11097
2022-08-23 12:00:00,0.61855,0.61864,0.61642,0.61754,8690
2022-08-23 16:00:00,0.61754,0.62441,0.61741,0.62254,16398
2022-08-23 20:00:00,0.62253,0.62287,0.62044,0.62135,5861
2022-08-24 00:00:00,0.62055,0.62185,0.61937,0.61944,3754
2022-08-24 04:00:00,0.61944,0.62011,0.61784,0.61947,5846
2022-08-24 08:00:00,0.61947,0.62023,0.61823,0.62005,7274
2022-08-24 12:00:00,0.62006,0.62082,0.61658,0.61736,9294
2022-08-24 16:00:00,0.61738,0.62007,0.61627,0.61804,12309
2022-08-24 20:00:00,0.61803,0.61912,0.61782,0.61899,4740
2022-08-25 00:00:00,0.61788,0.61961,0.61751,0.61938,3730
2022-08-25 04:00:00,0.61938,0.62258,0.61892,0.62202,6004
2022-08-25 08:00:00,0.62202,0.62508,0.62134,0.62473,9042
2022-08-25 12:00:00,0.6247,0.62499,0.62191,0.62253,8910
2022-08-25 16:00:00,0.62252,0.6233,0.6207,0.62176,10863
2022-08-25 20:00:00,0.62174,0.62278,0.62156,0.62237,4262
2022-08-26 00:00:00,0.6223,0.62255,0.62011,0.6204,2694
2022-08-26 04:00:00,0.6204,0.62085,0.61955,0.6196,4524
2022-08-26 08:00:00,0.61961,0.62051,0.61859,0.6198,6529
2022-08-26 12:00:00,0.6198,0.62217,0.6195,0.62201,8054
2022-08-26 16:00:00,0.62201,0.62318,0.61421,0.61475,18224
2022-08-26 20:00:00,0.61474,0.61489,0.6133,0.61348,5949
2022-08-29 00:00:00,0.6124,0.61334,0.61068,0.61084,5115
2022-08-29 04:00:00,0.61089,0.61306,0.61019,0.61037,7184
2022-08-29 08:00:00,0.6104,0.61145,0.61016,0.61045,8604
2022-08-29 12:00:00,0.61044,0.61522,0.61044,0.61454,8762
2022-08-29 16:00:00,0.61454,0.61672,0.61392,0.61627,11435
2022-08-29 20:00:00,0.6163,0.61665,0.61475,0.6154,6328
2022-08-30 00:00:00,0.61518,0.61621,0.61445,0.61521,3432
2022-08-30 04:00:00,0.61519,0.61669,0.61304,0.61427,6909
2022-08-30 08:00:00,0.61425,0.61938,0.61387,0.619,9650
2022-08-30 12:00:00,0.61902,0.61924,0.61577,0.61577,9104
2022-08-30 16:00:00,0.61578,0.61677,0.61231,0.61345,14695
2022-08-30 20:00:00,0.61347,0.61485,0.61258,0.61291,7012
2022-08-31 00:00:00,0.61242,0.61441,0.61242,0.6138,2857
2022-08-31 04:00:00,0.6138,0.61494,0.61269,0.61442,5758
2022-08-31 08:00:00,0.61439,0.61547,0.61259,0.61282,8573
2022-08-31 12:00:00,0.61286,0.61357,0.61102,0.61353,10238
2022-08-31 16:00:00,0.61354,0.61438,0.6116,0.61286,14476
2022-08-31 20:00:00,0.61286,0.61342,0.61125,0.61196,7308
2022-09-01 00:00:00,0.61239,0.61239,0.60938,0.60997,4651
2022-09-01 04:00:00,0.61001,0.61041,0.60756,0.60842,6158
2022-09-01 08:00:00,0.6084,0.6116,0.60814,0.61036,10067
2022-09-01 12:00:00,0.61037,0.61112,0.60879,0.60996,9060
2022-09-01 16:00:00,0.60998,0.61034,0.60602,0.60644,15130
2022-09-01 20:00:00,0.60643,0.60797,0.60626,0.60791,6180
2022-09-02 00:00:00,0.60753,0.60887,0.60746,0.60771,3284
2022-09-02 04:00:00,0.60767,0.60791,0.60501,0.60564,5524
2022-09-02 08:00:00,0.60564,0.60882,0.60542,0.60866,7665
2022-09-02 12:00:00,0.60866,0.61295,0.60813,0.6104,9447
2022-09-02 16:00:00,0.61041,0.61408,0.60966,0.61024,15851
2022-09-02 20:00:00,0.61021,0.61241,0.6093,0.6112,8524
2022-09-05 00:00:00,0.60801,0.60961,0.60786,0.60888,5006
2022-09-05 04:00:00,0.60884,0.60994,0.60772,0.60906,7531
2022-09-05 08:00:00,0.60903,0.61007,0.60799,0.60855,9136
2022-09-05 12:00:00,0.60849,0.6105,0.60845,0.60948,6964
2022-09-05 16:00:00,0.60952,0.60978,0.60883,0.60937,5369
2022-09-05 20:00:00,0.60938,0.60952,0.60902,0.60938,503
2022-09-06 00:00:00,0.60862,0.61284,0.60755,0.61263,3986
2022-09-06 04:00:00,0.61265,0.6128,0.60907,0.6092,7620
2022-09-06 08:00:00,0.60921,0.6108,0.60683,0.60752,10222
2022-09-06 12:00:00,0.60751,0.60926,0.60667,0.60684,8486
2022-09-06 16:00:00,0.60684,0.60693,0.6035,0.60431,15381
2022-09-06 20:00:00,0.6043,0.6044,0.60349,0.60399,6475
2022-09-07 00:00:00,0.60362,0.60417,0.60146,0.6016,4439
2022-09-07 04:00:00,0.60159,0.60168,0.59961,0.60099,9323
2022-09-07 08:00:00,0.60101,0.60348,0.60033,0.60316,9615
2022-09-07 12:00:00,0.60315,0.60399,0.60031,0.60121,10382
2022-09-07 16:00:00,0.6012,0.60484,0.60078,0.60464,11712
2022-09-07 20:00:00,0.60464,0.60697,0.60464,0.60596,4274
2022-09-08 00:00:00,0.60741,0.60785,0.60499,0.60504,3323
2022-09-08 04:00:00,0.60506,0.6059,0.60361,0.60482,7186
2022-09-08 08:00:00,0.60483,0.60699,0.60363,0.60427,9301
2022-09-08 12:00:00,0.60426,0.60774,0.60329,0.60458,10053
2022-09-08 16:00:00,0.60457,0.60578,0.60308,0.60383,14651
2022-09-08 20:00:00,0.60384,0.60655,0.60359,0.60541,6851
2022-09-09 00:00:00,0.60511,0.60884,0.60452,0.60822,2734
2022-09-09 04:00:00,0.6082,0.61108,0.60787,0.61088,6137
2022-09-09 08:00:00,0.61086,0.61521,0.60955,0.61464,9728
2022-09-09 12:00:00,0.61463,0.61474,0.60953,0.61133,10030
2022-09-09 16:00:00,0.61134,0.61222,0.61003,0.61134,11970
2022-09-09 20:00:00,0.6113,0.6113,0.60987,0.61038,3718
2022-09-12 00:00:00,0.60842,0.61188,0.60842,0.61091,3039
2022-09-12 04:00:00,0.61093,0.61208,0.60967,0.60998,3732
2022-09-12 08:00:00,0.60997,0.6155,0.60996,0.61491,8010
2022-09-12 12:00:00,0.6149,0.61561,0.61313,0.61456,8615
2022-09-12 16:00:00,0.61457,0.61572,0.61353,0.61558,9751
2022-09-12 20:00:00,0.6156,0.61574,0.61314,0.61358,4756
2022-09-13 00:00:00,0.61381,0.61496,0.61322,0.61479,2485
2022-09-13 04:00:00,0.61479,0.61505,0.61253,0.61272,4770
2022-09-13 08:00:00,0.61272,0.61424,0.61236,0.61399,6918
2022-09-13 12:00:00,0.614,0.61609,0.60437,0.6044,9128
2022-09-13 16:00:00,0.60434,0.60595,0.60054,0.60102,14489
2022-09-13 20:00:00,0.60099,0.60168,0.59863,0.60006,6327
2022-09-14 00:00:00,0.59903,0.60085,0.5988,0.60067,4355
2022-09-14 04:00:00,0.60066,0.60112,0.59897,0.60032,6374
2022-09-14 08:00:00,0.6004,0.60108,0.5976,0.59947,10090
2022-09-14 12:00:00,0.59947,0.60094,0.59802,0.5994,10457
2022-09-14 16:00:00,0.59936,0.60247,0.59904,0.60159,11297
2022-09-14 20:00:00,0.60162,0.60169,0.5995,0.60039,5314
2022-09-15 00:00:00,0.60024,0.60258,0.59941,0.6008,3064
2022-09-15 04:00:00,0.6008,0.602,0.60002,0.60072,5384
2022-09-15 08:00:00,0.60072,0.60114,0.59953,0.60093,8135
2022-09-15 12:00:00,0.60094,0.60102,0.59788,0.60046,9246
2022-09-15 16:00:00,0.60047,0.6014,0.59678,0.59802,12572
2022-09-15 20:00:00,0.59803,0.59908,0.59668,0.59698,3539
2022-09-16 00:00:00,0.59639,0.59699,0.59546,0.59647,3022
2022-09-16 04:00:00,0.59647,0.59847,0.59546,0.59829,5357
2022-09-16 08:00:00,0.59829,0.59838,0.59398,0.59516,8032
2022-09-16 12:00:00,0.59516,0.59666,0.59461,0.59463,7635
2022-09-16 16:00:00,0.59469,0.59838,0.59447,0.59715,13223
2022-09-16 20:00:00,0.59714,0.59939,0.59694,0.59897,5486
2022-09-19 00:00:00,0.59869,0.60017,0.59775,0.59874,3464
2022-09-19 04:00:00,0.59874,0.59916,0.59634,0.59741,4971
2022-09-19 08:00:00,0.59741,0.59741,0.59471,0.59478,6998
2022-09-19 12:00:00,0.59476,0.59586,0.59401,0.59405,7470
2022-09-19 16:00:00,0.59408,0.59521,0.59293,0.59508,8908
2022-09-19 20:00:00,0.59509,0.59627,0.59422,0.59545,6046
2022-09-20 00:00:00,0.59579,0.59752,0.59433,0.59477,3745
2022-09-20 04:00:00,0.59474,0.59534,0.59342,0.5938,4782
2022-09-20 08:00:00,0.59379,0.59493,0.5916,0.5916,7504
2022-09-20 12:00:00,0.59161,0.59203,0.5891,0.58967,8282
2022-09-20 16:00:00,0.58967,0.59094,0.58859,0.58979,9307
2022-09-20 20:00:00,0.58979,0.58992,0.58849,0.5895,3591
2022-09-21 00:00:00,0.5896,0.59056,0.58886,0.58965,3425
2022-09-21 04:00:00,0.58965,0.59044,0.58836,0.58878,6966
2022-09-21 08:00:00,0.5888,0.58947,0.58753,0.58849,11199
2022-09-21 12:00:00,0.5885,0.58964,0.58724,0.58831,8345
2022-09-21 16:00:00,0.5883,0.58897,0.58717,0.5873,11975
2022-09-21 20:00:00,0.58731,0.59107,0.58415,0.58517,16114
2022-09-22 00:00:00,0.58517,0.58554,0.58117,0.58123,4922
2022-09-22 04:00:00,0.58123,0.58324,0.58104,0.58292,8559
2022-09-22 08:00:00,0.5829,0.58873,0.58035,0.58722,12741
2022-09-22 12:00:00,0.58722,0.58849,0.58421,0.58767,12610
2022-09-22 16:00:00,0.58762,0.58769,0.58323,0.58452,15040
2022-09-22 20:00:00,0.5845,0.58516,0.5837,0.5845,7201
2022-09-23 00:00:00,0.58441,0.58557,0.58398,0.58516,3190
2022-09-23 04:00:00,0.58513,0.58559,0.58212,0.58245,6497
2022-09-23 08:00:00,0.58244,0.58396,0.57991,0.58017,9831
2022-09-23 12:00:00,0.58017,0.58059,0.57693,0.57951,14798
2022-09-23 16:00:00,0.57952,0.58122,0.57505,0.57589,15463
2022-09-23 20:00:00,0.5759,0.5762,0.573,0.57435,10476
2022-09-26 00:00:00,0.57401,0.57509,0.56932,0.56955,6799
2022-09-26 04:00:00,0.56954,0.57424,0.56937,0.57128,13535
2022-09-26 08:00:00,0.57126,0.57545,0.57076,0.57364,16200
2022-09-26 12:00:00,0.57364,0.57403,0.57042,0.57263,16214
2022-09-26 16:00:00,0.57263,0.57336,0.56297,0.564,19951
2022-09-26 20:00:00,0.56399,0.56492,0.5625,0.56339,14278
2022-09-27 00:00:00,0.56261,0.56902,0.56245,0.56864,6236
2022-09-27 04:00:00,0.56865,0.56921,0.56662,0.56805,9329
2022-09-27 08:00:00,0.56805,0.57213,0.56794,0.57006,12920
2022-09-27 12:00:00,0.57006,0.57115,0.56733,0.56738,12047
2022-09-27 16:00:00,0.56738,0.56855,0.56246,0.56304,17946
2022-09-27 20:00:00,0.56299,0.56399,0.56243,0.5634,10444
2022-09-28 00:00:00,0.56324,0.56397,0.56176,0.56206,4618
2022-09-28 04:00:00,0.56203,0.5624,0.55649,0.55856,12659
2022-09-28 08:00:00,0.55854,0.56061,0.55691,0.55961,15293
2022-09-28 12:00:00,0.55962,0.56536,0.55741,0.56456,18618
2022-09-28 16:00:00,0.56456,0.57152,0.56394,0.57063,19040
2022-09-28 20:00:00,0.57064,0.57328,0.5705,0.57301,10283
2022-09-29 00:00:00,0.57228,0.57326,0.56988,0.57016,5664
2022-09-29 04:00:00,0.57017,0.57101,0.5672,0.56909,10150
2022-09-29 08:00:00,0.56912,0.56936,0.56476,0.56659,15760
2022-09-29 12:00:00,0.56656,0.57181,0.56647,0.56651,15836
2022-09-29 16:00:00,0.56653,0.57168,0.56579,0.56979,19236
2022-09-29 20:00:00,0.56977,0.57231,0.56843,0.57228,9446
2022-09-30 00:00:00,0.57223,0.57505,0.57102,0.57314,7074
2022-09-30 04:00:00,0.57312,0.5734,0.57065,0.57111,13024
2022-09-30 08:00:00,0.57111,0.57374,0.57027,0.57265,16110
2022-09-30 12:00:00,0.57267,0.57278,0.56629,0.56762,16919
2022-09-30 16:00:00,0.56763,0.56967,0.56307,0.56347,18097
2022-09-30 20:00:00,0.56348,0.56373,0.55908,0.55942,10201
2022-10-03 00:00:00,0.55996,0.56246,0.55969,0.56239,6681
2022-10-03 04:00:00,0.56241,0.56487,0.56214,0.56294,7809
2022-10-03 08:00:00,0.5629,0.5664,0.56259,0.56556,13772
2022-10-03 12:00:00,0.56557,0.56842,0.56429,0.56766,11300
2022-10-03 16:00:00,0.56764,0.57306,0.56691,0.57113,15628
2022-10-03 20:00:00,0.57113,0.57245,0.57071,0.57218,7707
2022-10-04 00:00:00,0.57206,0.57267,0.571,0.57137,5075
2022-10-04 04:00:00,0.57135,0.57194,0.56794,0.56957,10597
2022-10-04 08:00:00,0.56957,0.57579,0.56951,0.57343,13554
2022-10-04 12:00:00,0.57343,0.57357,0.56799,0.57094,12012
2022-10-04 16:00:00,0.57095,0.57519,0.56886,0.572,13986
2022-10-04 20:00:00,0.572,0.57378,0.57106,0.57295,8681
2022-10-05 00:00:00,0.57266,0.57411,0.57039,0.57271,4925
2022-10-05 04:00:00,0.57272,0.58051,0.57215,0.57337,13407
2022-10-05 08:00:00,0.57337,0.57744,0.57156,0.57352,12343
2022-10-05 12:00:00,0.5735,0.57402,0.56836,0.56994,11363
2022-10-05 16:00:00,0.56994,0.57074,0.566,0.57042,14803
2022-10-05 20:00:00,0.57041,0.57445,0.57026,0.57444,4829
2022-10-06 00:00:00,0.57224,0.57843,0.57224,0.57738,5507
2022-10-06 04:00:00,0.57737,0.58135,0.5765,0.58005,9890
2022-10-06 08:00:00,0.58009,0.58019,0.57212,0.57247,13897
2022-10-06 12:00:00,0.57251,0.57341,0.56977,0.57064,12338
2022-10-06 16:00:00,0.57063,0.5707,0.56396,0.56556,18311
2022-10-06 20:00:00,0.56555,0.56675,0.56412,0.56549,9883
2022-10-07 00:00:00,0.56572,0.56694,0.56531,0.566,5049
2022-10-07 04:00:00,0.56603,0.56733,0.56466,0.56485,8771
2022-10-07 08:00:00,0.56489,0.56621,0.56268,0.56532,13878
2022-10-07 12:00:00,0.56533,0.56646,0.56068,0.5626,12479
2022-10-07 16:00:00,0.5626,0.56555,0.56092,0.56164,18689
2022-10-07 20:00:00,0.56164,0.56245,0.55975,0.5603,7852
2022-10-10 00:00:00,0.56045,0.56165,0.55919,0.56143,5329
2022-10-10 04:00:00,0.56144,0.56286,0.55952,0.55981,7354
2022-10-10 08:00:00,0.5598,0.56069,0.55734,0.55865,13576
2022-10-10 12:00:00,0.5587,0.5604,0.55741,0.55981,14641
2022-10-10 16:00:00,0.55982,0.5601,0.55441,0.55502,22101
2022-10-10 20:00:00,0.55502,0.55709,0.55458,0.55658,13563
2022-10-11 00:00:00,0.55665,0.55831,0.55577,0.55788,6588
2022-10-11 04:00:00,0.55781,0.55843,0.55353,0.55434,17030
2022-10-11 08:00:00,0.55433,0.5579,0.55416,0.55697,21799
2022-10-11 12:00:00,0.55697,0.56262,0.55612,0.5609,19198
2022-10-11 16:00:00,0.56091,0.56567,0.5576,0.56432,26611
2022-10-11 20:00:00,0.5643,0.56455,0.5574,0.55825,21376
2022-10-12 00:00:00,0.55813,0.55911,0.55693,0.55816,6848
2022-10-12 04:00:00,0.55817,0.55994,0.55596,0.5592,17285
2022-10-12 08:00:00,0.55919,0.56161,0.55819,0.55928,26184
2022-10-12 12:00:00,0.55927,0.56042,0.55711,0.55897,20366
2022-10-12 16:00:00,0.55896,0.56134,0.55749,0.56001,24192
2022-10-12 20:00:00,0.56,0.56316,0.5597,0.56086,13286
2022-10-13 00:00:00,0.55942,0.56202,0.55907,0.56174,4722
2022-10-13 04:00:00,0.56175,0.56189,0.5602,0.56132,9088
2022-10-13 08:00:00,0.56135,0.5619,0.55944,0.56186,11719
2022-10-13 12:00:00,0.56183,0.56396,0.55116,0.55417,22220
2022-10-13 16:00:00,0.55413,0.56331,0.55179,0.56259,44082
2022-10-13 20:00:00,0.56259,0.56544,0.56236,0.56391,15675
2022-10-14 00:00:00,0.56317,0.56571,0.56256,0.5652,6896
2022-10-14 04:00:00,0.56523,0.56797,0.56489,0.5661,16001
2022-10-14 08:00:00,0.56605,0.56813,0.56314,0.56331,21943
2022-10-14 12:00:00,0.56333,0.56579,0.56147,0.56528,23060
2022-10-14 16:00:00,0.56532,0.56559,0.55563,0.55597,35837
2022-10-14 20:00:00,0.55598,0.55657,0.55498,0.55585,12967
2022-10-17 00:00:00,0.55659,0.55814,0.5551,0.55583,8787
2022-10-17 04:00:00,0.55584,0.55888,0.55568,0.55793,11532
2022-10-17 08:00:00,0.5579,0.56032,0.55774,0.55931,20350
2022-10-17 12:00:00,0.55932,0.5637,0.55919,0.56289,15811
2022-10-17 16:00:00,0.56285,0.5649,0.56228,0.56324,22285
2022-10-17 20:00:00,0.56323,0.56434,0.56238,0.56351,9442
2022-10-18 00:00:00,0.56216,0.56764,0.56169,0.56647,8889
2022-10-18 04:00:00,0.56648,0.57046,0.56454,0.56973,13927
2022-10-18 08:00:00,0.56974,0.57037,0.5664,0.56641,18924
2022-10-18 12:00:00,0.56641,0.57192,0.56551,0.57128,17729
2022-10-18 16:00:00,0.57129,0.57146,0.56465,0.56753,24704
2022-10-18 20:00:00,0.56752,0.56893,0.56611,0.5687,16021
2022-10-19 00:00:00,0.56857,0.57034,0.56767,0.56957,8178
2022-10-19 04:00:00,0.56958,0.57072,0.56893,0.56928,11228
2022-10-19 08:00:00,0.56926,0.56962,0.5668,0.56836,17492
2022-10-19 12:00:00,0.56834,0.57024,0.56556,0.56645,16640
2022-10-19 16:00:00,0.56645,0.56955,0.56537,0.5656,20335
2022-10-19 20:00:00,0.56559,0.56736,0.56494,0.56689,12871
2022-10-20 00:00:00,0.566,0.5674,0.5653,0.56598,6922
2022-10-20 04:00:00,0.56599,0.56599,0.56224,0.56456,20836
2022-10-20 08:00:00,0.56455,0.56652,0.5641,0.566,21199
2022-10-20 12:00:00,0.56602,0.57241,0.56601,0.56839,22140
2022-10-20 16:00:00,0.5684,0.57413,0.5684,0.57008,21250
2022-10-20 20:00:00,0.57009,0.57009,0.56654,0.5678,12476
2022-10-21 00:00:00,0.56758,0.56796,0.56559,0.56624,6278
2022-10-21 04:00:00,0.56626,0.56705,0.56499,0.56559,18783
2022-10-21 08:00:00,0.56558,0.56715,0.56385,0.56441,17341
2022-10-21 12:00:00,0.56441,0.56542,0.55993,0.56348,17337
2022-10-21 16:00:00,0.56345,0.5766,0.56344,0.57411,56732
2022-10-21 20:00:00,0.57412,0.57703,0.57293,0.57566,22957
2022-10-24 00:00:00,0.57721,0.5792,0.57423,0.57589,24877
2022-10-24 04:00:00,0.57589,0.5759,0.57242,0.57453,19740
2022-10-24 08:00:00,0.57449,0.57453,0.5688,0.57007,26363
2022-10-24 12:00:00,0.57009,0.57079,0.56617,0.56695,22861
2022-10-24 16:00:00,0.56696,0.57038,0.56563,0.56815,30162
2022-10-24 20:00:00,0.56816,0.56954,0.56729,0.56936,7934
2022-10-25 00:00:00,0.56924,0.57151,0.56687,0.57102,10261
2022-10-25 04:00:00,0.57103,0.57231,0.56919,0.57111,17928
2022-10-25 08:00:00,0.5711,0.57186,0.56907,0.56927,17142
2022-10-25 12:00:00,0.5693,0.57024,0.5672,0.57,13085
2022-10-25 16:00:00,0.56996,0.57794,0.56996,0.5748,26834
2022-10-25 20:00:00,0.57479,0.57635,0.57443,0.57556,13858
2022-10-26 00:00:00,0.57417,0.57533,0.57249,0.57306,9816
2022-10-26 04:00:00,0.57307,0.57522,0.57277,0.57467,13882
2022-10-26 08:00:00,0.57464,0.58156,0.57401,0.58117,20225
2022-10-26 12:00:00,0.58116,0.58173,0.57864,0.5792,19071
2022-10-26 16:00:00,0.57919,0.5845,0.57866,0.58271,26742
2022-10-26 20:00:00,0.58267,0.58372,0.58093,0.58368,13804
2022-10-27 00:00:00,0.5814,0.58507,0.5814,0.58326,7819
2022-10-27 04:00:00,0.5833,0.58646,0.58239,0.58604,12734
2022-10-27 08:00:00,0.58609,0.587,0.58263,0.58268,17830
2022-10-27 12:00:00,0.5827,0.58343,0.57876,0.58232,21082
2022-10-27 16:00:00,0.58233,0.58668,0.5809,0.58397,30969
2022-10-27 20:00:00,0.58396,0.58613,0.58228,0.5827,12969
2022-10-28 00:00:00,0.58284,0.58328,0.58131,0.58174,8003
2022-10-28 04:00:00,0.58175,0.58729,0.58156,0.58627,17148
2022-10-28 08:00:00,0.58626,0.58637,0.57944,0.58032,21128
2022-10-28 12:00:00,0.58043,0.58156,0.57822,0.57991,19270
2022-10-28 16:00:00,0.5799,0.58272,0.57865,0.58009,24369
2022-10-28 20:00:00,0.58008,0.58157,0.57974,0.5813,5830
2022-10-31 00:00:00,0.57983,0.58098,0.57921,0.58067,7287
2022-10-31 04:00:00,0.58068,0.58265,0.57964,0.5822,11074
2022-10-31 08:00:00,0.58221,0.58349,0.57937,0.58007,12102
2022-10-31 12:00:00,0.58007,0.58194,0.57869,0.57922,12335
2022-10-31 16:00:00,0.57921,0.58197,0.57744,0.58111,18476
2022-10-31 20:00:00,0.58114,0.5819,0.58027,0.58132,10629
2022-11-01 00:00:00,0.58083,0.5829,0.58017,0.58235,5535
2022-11-01 04:00:00,0.58235,0.58595,0.58183,0.58542,17037
2022-11-01 08:00:00,0.58541,0.58842,0.58462,0.58688,19860
2022-11-01 12:00:00,0.58692,0.59022,0.58582,0.5891,14516
2022-11-01 16:00:00,0.58908,0.58964,0.58245,0.58366,30628
2022-11-01 20:00:00,0.58366,0.58474,0.58342,0.58391,8695
2022-11-02 00:00:00,0.58391,0.58503,0.58328,0.58448,8346
2022-11-02 04:00:00,0.58448,0.58735,0.58414,0.58599,14712
2022-11-02 08:00:00,0.58599,0.58841,0.58579,0.58761,13581
2022-11-02 12:00:00,0.5876,0.5891,0.58639,0.58812,14953
2022-11-02 16:00:00,0.58813,0.58868,0.58554,0.58618,16455
2022-11-02 20:00:00,0.58617,0.59423,0.58126,0.5819,33848
2022-11-03 00:00:00,0.58193,0.58293,0.5799,0.58176,7845
2022-11-03 04:00:00,0.58176,0.58382,0.58141,0.58328,12155
2022-11-03 08:00:00,0.58328,0.58354,0.57771,0.57779,15140
2022-11-03 12:00:00,0.57781,0.57862,0.57427,0.57437,20503
2022-11-03 16:00:00,0.57438,0.58003,0.57403,0.57797,30442
2022-11-03 20:00:00,0.57798,0.57864,0.57725,0.57744,11785
2022-11-04 00:00:00,0.57718,0.57775,0.57567,0.57692,6549
2022-11-04 04:00:00,0.57692,0.58179,0.57692,0.58171,11166
2022-11-04 08:00:00,0.58172,0.58311,0.58005,0.58207,18578
2022-11-04 12:00:00,0.58207,0.58833,0.5799,0.58799,23363
2022-11-04 16:00:00,0.58798,0.59184,0.58595,0.58988,41548
2022-11-04 20:00:00,0.5899,0.59363,0.58964,0.59289,21040
2022-11-07 00:00:00,0.58734,0.59094,0.58561,0.58854,13556
2022-11-07 04:00:00,0.58854,0.59083,0.5879,0.58949,10788
2022-11-07 08:00:00,0.58948,0.59306,0.58723,0.59165,18772
2022-11-07 12:00:00,0.59167,0.59411,0.59084,0.59325,16272
2022-11-07 16:00:00,0.59326,0.59453,0.59103,0.59279,24070
2022-11-07 20:00:00,0.59279,0.5944,0.59275,0.59398,8123
2022-11-08 00:00:00,0.59384,0.59523,0.59293,0.5933,8381
2022-11-08 04:00:00,0.5933,0.59456,0.59127,0.59157,14003
2022-11-08 08:00:00,0.59156,0.59374,0.58985,0.59359,21647
2022-11-08 12:00:00,0.5936,0.59397,0.59195,0.59282,19512
2022-11-08 16:00:00,0.59282,0.59996,0.59252,0.59814,26234
2022-11-08 20:00:00,0.59809,0.59867,0.59428,0.59589,18116
2022-11-09 00:00:00,0.59541,0.59688,0.5936,0.59364,11597
2022-11-09 04:00:00,0.59364,0.59604,0.5934,0.59374,15051
2022-11-09 08:00:00,0.59375,0.59556,0.59012,0.59074,19807
2022-11-09 12:00:00,0.59073,0.5911,0.58833,0.58942,20833
2022-11-09 16:00:00,0.5894,0.59362,0.5881,0.58942,28684
2022-11-09 20:00:00,0.58952,0.58979,0.58727,0.5885,14695
2022-11-10 00:00:00,0.5881,0.5894,0.58772,0.58781,8411
2022-11-10 04:00:00,0.5878,0.58803,0.58649,0.58768,12226
2022-11-10 08:00:00,0.5877,0.58825,0.58452,0.58587,16959
2022-11-10 12:00:00,0.58591,0.59924,0.58403,0.59563,21346
2022-11-10 16:00:00,0.59563,0.6017,0.59463,0.59844,38050
2022-11-10 20:00:00,0.59839,0.604,0.59839,0.60273,17236
2022-11-11 00:00:00,0.60241,0.60287,0.59841,0.59889,15454
2022-11-11 04:00:00,0.59886,0.60399,0.59886,0.60367,16337
2022-11-11 08:00:00,0.60368,0.60549,0.6014,0.60515,25560
2022-11-11 12:00:00,0.60517,0.60778,0.60314,0.60778,20374
2022-11-11 16:00:00,0.60778,0.61144,0.60472,0.61121,27459
2022-11-11 20:00:00,0.61122,0.61293,0.61115,0.61171,11308
2022-11-14 00:00:00,0.60986,0.61203,0.60629,0.60971,20369
2022-11-14 04:00:00,0.60974,0.61096,0.60775,0.60781,16754
2022-11-14 08:00:00,0.60782,0.61085,0.60776,0.60825,19959
2022-11-14 12:00:00,0.60823,0.60939,0.60612,0.6089,20700
2022-11-14 16:00:00,0.6089,0.61136,0.60711,0.61035,25791
2022-11-14 20:00:00,0.61045,0.61212,0.60948,0.60951,10293
2022-11-15 00:00:00,0.60932,0.61032,0.60849,0.60942,10816
2022-11-15 04:00:00,0.60943,0.61197,0.60908,0.6117,13666
2022-11-15 08:00:00,0.61169,0.61609,0.6115,0.6151,21416
2022-11-15 12:00:00,0.61521,0.6203,0.61407,0.61609,25878
2022-11-15 16:00:00,0.6161,0.61813,0.61225,0.61756,36948
2022-11-15 20:00:00,0.61756,0.61778,0.61305,0.61568,32020
2022-11-16 00:00:00,0.61561,0.61682,0.61313,0.61447,15750
2022-11-16 04:00:00,0.61447,0.61661,0.61302,0.6162,22096
2022-11-16 08:00:00,0.61618,0.61886,0.61521,0.61863,22450
2022-11-16 12:00:00,0.61864,0.61937,0.61483,0.61594,20819
2022-11-16 16:00:00,0.616,0.61817,0.61365,0.61487,31365
2022-11-16 20:00:00,0.61498,0.61561,0.61289,0.61461,13810
2022-11-17 00:00:00,0.61414,0.61518,0.61309,0.61352,10348
2022-11-17 04:00:00,0.61352,0.61385,0.61157,0.61344,17687
2022-11-17 08:00:00,0.61344,0.61678,0.61165,0.61222,19466
2022-11-17 12:00:00,0.61222,0.61239,0.60674,0.60703,22490
2022-11-17 16:00:00,0.60702,0.61169,0.60639,0.61154,21404
2022-11-17 20:00:00,0.60859,0.61316,0.60859,0.61289,10003
2022-11-18 00:00:00,0.61139,0.61561,0.61061,0.61548,8965
2022-11-18 04:00:00,0.61548,0.61736,0.61522,0.6164,11231
2022-11-18 08:00:00,0.61642,0.61844,0.61528,0.61718,16010
2022-11-18 12:00:00,0.61719,0.62059,0.61671,0.61721,14914
2022-11-18 16:00:00,0.61721,0.61753,0.61417,0.61483,20518
2022-11-18 20:00:00,0.61483,0.61588,0.6143,0.61495,9904
2022-11-21 00:00:00,0.61532,0.6169,0.61355,0.61384,10706
2022-11-21 04:00:00,0.61385,0.61449,0.61252,0.61305,12823
2022-11-21 08:00:00,0.61305,0.61326,0.61046,0.61074,19575
2022-11-21 12:00:00,0.61076,0.61231,0.61069,0.6116,13206
2022-11-21 16:00:00,0.61161,0.61217,0.60872,0.60935,20787
2022-11-21 20:00:00,0.60935,0.61041,0.60857,0.6098,13187
2022-11-22 00:00:00,0.61015,0.61231,0.60948,0.61197,7501
2022-11-22 04:00:00,0.61197,0.61265,0.61131,0.61157,10123
2022-11-22 08:00:00,0.61157,0.61539,0.61134,0.61471,17029
2022-11-22 12:00:00,0.6147,0.61625,0.6139,0.61426,14787
2022-11-22 16:00:00,0.61429,0.61519,0.61336,0.61432,16468
2022-11-22 20:00:00,0.61426,0.6155,0.61361,0.61516,7091
2022-11-23 00:00:00,0.61501,0.61924,0.61205,0.61718,9544
2022-11-23 04:00:00,0.61718,0.61812,0.61537,0.61675,10036
2022-11-23 08:00:00,0.61675,0.61972,0.61633,0.61776,12840
2022-11-23 12:00:00,0.61775,0.61871,0.61597,0.61838,14458
2022-11-23 16:00:00,0.61835,0.62361,0.6182,0.62208,22851
2022-11-23 20:00:00,0.62209,0.62493,0.62154,0.62458,17126
2022-11-24 00:00:00,0.62385,0.62591,0.62366,0.62562,8553
2022-11-24 04:00:00,0.62563,0.6269,0.62507,0.62536,13193
2022-11-24 08:00:00,0.62537,0.62641,0.62363,0.62533,16169
2022-11-24 12:00:00,0.62532,0.62738,0.6246,0.62712,13991
2022-11-24 16:00:00,0.62711,0.62889,0.62638,0.62689,8653
2022-11-24 20:00:00,0.62692,0.62709,0.62633,0.62651,4928
2022-11-25 00:00:00,0.6262,0.6264,0.62446,0.62532,7302
2022-11-25 04:00:00,0.62531,0.62771,0.62528,0.62563,9231
2022-11-25 08:00:00,0.62562,0.62666,0.62276,0.62335,17974
2022-11-25 12:00:00,0.62335,0.62487,0.62234,0.62281,15698
2022-11-25 16:00:00,0.62282,0.62462,0.62185,0.62376,13008
2022-11-25 20:00:00,0.62376,0.62548,0.62278,0.62472,6461
2022-11-28 00:00:00,0.62172,0.62303,0.61907,0.61985,10041
2022-11-28 04:00:00,0.61986,0.62153,0.61945,0.61991,10627
2022-11-28 08:00:00,0.61993,0.62371,0.61966,0.62273,17338
2022-11-28 12:00:00,0.62272,0.62443,0.62058,0.62173,15296
2022-11-28 16:00:00,0.62174,0.62175,0.61876,0.61891,20273
2022-11-28 20:00:00,0.61889,0.61926,0.61557,0.61641,11315
2022-11-29 00:00:00,0.61612,0.61868,0.61559,0.61861,6845
2022-11-29 04:00:00,0.61864,0.622,0.61827,0.62124,14139
2022-11-29 08:00:00,0.62125,0.62439,0.61966,0.62273,19871
2022-11-29 12:00:00,0.62272,0.6253,0.62108,0.62142,18212
2022-11-29 16:00:00,0.62143,0.62278,0.61892,0.61991,22017
2022-11-29 20:00:00,0.61886,0.62062,0.61886,0.62009,11278
2022-11-30 00:00:00,0.61911,0.62194,0.61887,0.62142,12463
2022-11-30 04:00:00,0.62142,0.62304,0.62057,0.62214,8627
2022-11-30 08:00:00,0.62212,0.62481,0.62159,0.62376,12093
2022-11-30 12:00:00,0.62374,0.62502,0.62192,0.62199,16173
2022-11-30 16:00:00,0.62198,0.62499,0.61906,0.62338,23768
2022-11-30 20:00:00,0.62319,0.63128,0.62216,0.62965,26819
2022-12-01 00:00:00,0.62828,0.63254,0.62817,0.63179,14907
2022-12-01 04:00:00,0.63174,0.63402,0.63115,0.63344,14913
2022-12-01 08:00:00,0.63343,0.63464,0.63114,0.63423,22014
2022-12-01 12:00:00,0.63424,0.63934,0.63389,0.63655,20989
2022-12-01 16:00:00,0.63652,0.63993,0.63538,0.63747,30781
2022-12-01 20:00:00,0.63746,0.63816,0.63584,0.6372,13860
2022-12-02 00:00:00,0.63542,0.63781,0.63542,0.63714,8109
2022-12-02 04:00:00,0.63713,0.63876,0.63638,0.63837,8409
2022-12-02 08:00:00,0.63836,0.64125,0.6383,0.6407,16880
2022-12-02 12:00:00,0.64071,0.6408,0.63277,0.63545,18705
2022-12-02 16:00:00,0.63543,0.64062,0.63412,0.6397,27256
2022-12-02 20:00:00,0.63972,0.64134,0.63938,0.64086,8365
2022-12-05 00:00:00,0.63909,0.64296,0.63729,0.6429,10028
2022-12-05 04:00:00,0.6429,0.64423,0.64231,0.64305,7660
2022-12-05 08:00:00,0.64304,0.64307,0.63934,0.64057,14316
2022-12-05 12:00:00,0.64054,0.64243,0.63906,0.63958,14215
2022-12-05 16:00:00,0.63959,0.63986,0.63021,0.63157,24710
2022-12-05 20:00:00,0.63149,0.63227,0.63038,0.63158,10281
2022-12-06 00:00:00,0.63156,0.63468,0.63053,0.63405,6411
2022-12-06 04:00:00,0.63403,0.63544,0.63199,0.63249,13545
2022-12-06 08:00:00,0.6325,0.63266,0.6303,0.63197,16998
2022-12-06 12:00:00,0.63197,0.63509,0.63181,0.63379,12986
2022-12-06 16:00:00,0.6338,0.63452,0.6307,0.63195,19678
2022-12-06 20:00:00,0.63194,0.63221,0.63083,0.6317,9664
2022-12-07 00:00:00,0.6311,0.63275,0.63045,0.63258,6719
2022-12-07 04:00:00,0.63257,0.6336,0.63178,0.63246,7505
2022-12-07 08:00:00,0.63249,0.63417,0.63093,0.63213,16068
2022-12-07 12:00:00,0.63214,0.63719,0.63189,0.63695,15493
2022-12-07 16:00:00,0.63697,0.63839,0.63496,0.63672,25510
2022-12-07 20:00:00,0.63671,0.63779,0.63453,0.63529,12603
2022-12-08 00:00:00,0.63398,0.6358,0.63263,0.63394,7056
2022-12-08 04:00:00,0.63399,0.63599,0.63398,0.63526,9682
2022-12-08 08:00:00,0.63525,0.6372,0.63443,0.63473,12737
2022-12-08 12:00:00,0.63473,0.63839,0.63373,0.63678,13055
2022-12-08 16:00:00,0.63676,0.63887,0.6354,0.63682,18879
2022-12-08 20:00:00,0.63677,0.63828,0.63641,0.63786,9997
2022-12-09 00:00:00,0.63618,0.64101,0.63618,0.64035,8668
2022-12-09 04:00:00,0.64034,0.6411,0.63862,0.63975,12287
2022-12-09 08:00:00,0.63977,0.64029,0.6369,0.63721,14042
2022-12-09 12:00:00,0.63725,0.64137,0.63567,0.6394,16086
2022-12-09 16:00:00,0.63941,0.64268,0.63819,0.64189,25363
2022-12-09 20:00:00,0.6419,0.64242,0.64097,0.64159,5926
2022-12-12 00:00:00,0.64056,0.6411,0.63791,0.63882,7214
2022-12-12 04:00:00,0.63882,0.63995,0.63826,0.63894,6679
2022-12-12 08:00:00,0.63893,0.64211,0.63824,0.64186,14615
2022-12-12 12:00:00,0.64185,0.64216,0.63868,0.6397,11788
2022-12-12 16:00:00,0.6397,0.64004,0.63649,0.6377,14645
2022-12-12 20:00:00,0.63809,0.63865,0.6367,0.63826,11131
2022-12-13 00:00:00,0.63754,0.63988,0.63749,0.6392,6672
2022-12-13 04:00:00,0.63919,0.64045,0.63731,0.63935,10105
2022-12-13 08:00:00,0.63935,0.64076,0.63884,0.6392,15983
2022-12-13 12:00:00,0.63918,0.64948,0.63794,0.64829,22746
2022-12-13 16:00:00,0.64828,0.65134,0.64604,0.64642,36285
2022-12-13 20:00:00,0.64643,0.64749,0.64588,0.64646,19856
2022-12-14 00:00:00,0.64595,0.64651,0.64348,0.64453,8838
2022-12-14 04:00:00,0.64454,0.64483,0.64354,0.64424,7910
2022-12-14 08:00:00,0.64423,0.646,0.64319,0.64511,16437
2022-12-14 12:00:00,0.64511,0.64632,0.64348,0.64441,16412
2022-12-14 16:00:00,0.6444,0.64567,0.64359,0.64444,21495
2022-12-14 20:00:00,0.64442,0.64701,0.64014,0.64556,37566
2022-12-15 00:00:00,0.64547,0.64634,0.64317,0.64464,7899
2022-12-15 04:00:00,0.64465,0.64514,0.64318,0.64405,7481
2022-12-15 08:00:00,0.64404,0.64414,0.63701,0.63794,14228
2022-12-15 12:00:00,0.63794,0.63952,0.63599,0.63829,18323
2022-12-15 16:00:00,0.63829,0.63987,0.63201,0.63201,29364
2022-12-15 20:00:00,0.63213,0.63511,0.63173,0.63416,10575
2022-12-16 00:00:00,0.63411,0.6356,0.63334,0.63497,8694
2022-12-16 04:00:00,0.63497,0.63767,0.63495,0.63587,9475
2022-12-16 08:00:00,0.63587,0.63729,0.63414,0.63483,14365
2022-12-16 12:00:00,0.63482,0.6372,0.63451,0.63705,12232
2022-12-16 16:00:00,0.63707,0.6387,0.63549,0.63789,22379
2022-12-16 20:00:00,0.63788,0.63951,0.63771,0.63776,10873
2022-12-19 00:00:00,0.6377,0.6395,0.63682,0.63901,8687
2022-12-19 04:00:00,0.63905,0.63961,0.63709,0.63739,9745
2022-12-19 08:00:00,0.63738,0.64091,0.63716,0.63933,14679
2022-12-19 12:00:00,0.63935,0.63992,0.63648,0.63671,13203
2022-12-19 16:00:00,0.63671,0.63859,0.63428,0.63822,16892
2022-12-19 20:00:00,0.63821,0.63834,0.63598,0.63634,6631
2022-12-20 00:00:00,0.63552,0.63647,0.63341,0.63438,9808
2022-12-20 04:00:00,0.63436,0.63956,0.63005,0.63158,28564
2022-12-20 08:00:00,0.63158,0.63708,0.63129,0.63578,25792
2022-12-20 12:00:00,0.63577,0.63602,0.63004,0.63207,16089
2022-12-20 16:00:00,0.63206,0.63487,0.63011,0.63245,22375
2022-12-20 20:00:00,0.63244,0.63493,0.63189,0.63453,10353
2022-12-21 00:00:00,0.63324,0.63502,0.63152,0.63181,11264
2022-12-21 04:00:00,0.63181,0.63287,0.62955,0.63075,10546
2022-12-21 08:00:00,0.63074,0.63128,0.62858,0.62943,17245
2022-12-21 12:00:00,0.62942,0.63195,0.62881,0.63082,17328
2022-12-21 16:00:00,0.63082,0.63107,0.62773,0.62846,18423
2022-12-21 20:00:00,0.62842,0.63092,0.62766,0.62946,9123
2022-12-22 00:00:00,0.62917,0.63098,0.6284,0.63069,8363
2022-12-22 04:00:00,0.63069,0.63284,0.63011,0.63107,12958
2022-12-22 08:00:00,0.63107,0.633,0.63024,0.63065,13230
2022-12-22 12:00:00,0.63063,0.63066,0.62511,0.62569,13778
2022-12-22 16:00:00,0.6257,0.62644,0.62395,0.62413,18583
2022-12-22 20:00:00,0.62402,0.62562,0.62304,0.62475,10729
2022-12-23 00:00:00,0.62374,0.6258,0.62332,0.62562,13835
2022-12-23 04:00:00,0.62563,0.62814,0.62556,0.62758,10658
2022-12-23 08:00:00,0.62759,0.62961,0.62695,0.62863,14086
2022-12-23 12:00:00,0.62862,0.63042,0.6266,0.62808,18497
2022-12-23 16:00:00,0.62806,0.63016,0.62666,0.62902,28839
2022-12-23 20:00:00,0.62903,0.62932,0.62789,0.62859,9937
2022-12-27 00:00:00,0.62954,0.6315,0.62663,0.6298,14099
2022-12-27 04:00:00,0.62979,0.63032,0.62793,0.63017,7050
2022-12-27 08:00:00,0.63017,0.63176,0.62983,0.63098,11895
2022-12-27 12:00:00,0.63098,0.63167,0.62739,0.62779,12056
2022-12-27 16:00:00,0.62778,0.63012,0.62691,0.62716,15460
2022-12-27 20:00:00,0.62707,0.62873,0.62695,0.6274,10710
2022-12-28 00:00:00,0.62849,0.62952,0.62573,0.62753,8743
2022-12-28 04:00:00,0.62754,0.62837,0.62596,0.62788,10984
2022-12-28 08:00:00,0.62787,0.63158,0.62767,0.63008,14035
2022-12-28 12:00:00,0.63009,0.63548,0.62996,0.63295,11452
2022-12-28 16:00:00,0.63295,0.63484,0.63024,0.63134,15682
2022-12-28 20:00:00,0.63131,0.63348,0.63033,0.63095,9501
2022-12-29 00:00:00,0.62959,0.63335,0.62914,0.6331,8097
2022-12-29 04:00:00,0.63309,0.63474,0.63236,0.63401,9006
2022-12-29 08:00:00,0.63403,0.63438,0.62979,0.63129,10809
2022-12-29 12:00:00,0.63127,0.633,0.6303,0.63272,11700
2022-12-29 16:00:00,0.63272,0.63568,0.63225,0.63526,15763
2022-12-29 20:00:00,0.63486,0.63573,0.63442,0.63479,6516
2022-12-30 00:00:00,0.63415,0.6346,0.63252,0.63289,6186
2022-12-30 04:00:00,0.6329,0.63395,0.63163,0.63255,8901
2022-12-30 08:00:00,0.63252,0.63417,0.6319,0.6335,10696
2022-12-30 12:00:00,0.63349,0.63541,0.63265,0.63497,9759
2022-12-30 16:00:00,0.63497,0.63726,0.63099,0.63536,24570
2022-12-30 20:00:00,0.63547,0.63563,0.63275,0.63502,12961
2023-01-02 00:00:00,0.63397,0.63463,0.63162,0.63225,589
2023-01-02 04:00:00,0.63224,0.63306,0.63024,0.63212,644
2023-01-02 08:00:00,0.63213,0.63289,0.6321,0.63249,1752
2023-01-02 12:00:00,0.63249,0.63303,0.63235,0.63258,3229
2023-01-02 16:00:00,0.63258,0.63392,0.63121,0.63121,2341
2023-01-02 20:00:00,0.63113,0.63269,0.6311,0.63193,2940
2023-01-03 00:00:00,0.63153,0.63295,0.62959,0.63041,10893
2023-01-03 04:00:00,0.6304,0.63617,0.63018,0.6326,14858
2023-01-03 08:00:00,0.63261,0.63286,0.62116,0.62471,23174
2023-01-03 12:00:00,0.62469,0.62565,0.61998,0.62519,16360
2023-01-03 16:00:00,0.62521,0.62841,0.62372,0.62437,23416
2023-01-03 20:00:00,0.62437,0.62584,0.62349,0.62492,13017
2023-01-04 00:00:00,0.62487,0.62736,0.6239,0.62722,10830
2023-01-04 04:00:00,0.62721,0.62826,0.62575,0.62721,13755
2023-01-04 08:00:00,0.62723,0.63526,0.62667,0.63268,22520
2023-01-04 12:00:00,0.63271,0.63383,0.63124,0.63372,16515
2023-01-04 16:00:00,0.63367,0.63451,0.62858,0.63036,29461
2023-01-04 20:00:00,0.63031,0.63065,0.62777,0.62931,16926
2023-01-05 00:00:00,0.62932,0.63046,0.62792,0.63021,10334
2023-01-05 04:00:00,0.63022,0.63025,0.62646,0.62839,10758
2023-01-05 08:00:00,0.6284,0.63008,0.627,0.628,16519
2023-01-05 12:00:00,0.62799,0.63086,0.62329,0.62379,17482
2023-01-05 16:00:00,0.62379,0.62437,0.62107,0.62204,25519
2023-01-05 20:00:00,0.62175,0.62511,0.6213,0.62258,12679
2023-01-06 00:00:00,0.62201,0.62443,0.62201,0.62308,15998
2023-01-06 04:00:00,0.62307,0.62538,0.62255,0.62285,11092
2023-01-06 08:00:00,0.62286,0.62369,0.62049,0.62114,15663
2023-01-06 12:00:00,0.62114,0.6262,0.61909,0.62588,22642
2023-01-06 16:00:00,0.62587,0.63396,0.62276,0.63381,35599
2023-01-06 20:00:00,0.63379,0.63596,0.6332,0.63461,9299
2023-01-09 00:00:00,0.63323,0.63757,0.6328,0.63738,12902
2023-01-09 04:00:00,0.63738,0.63993,0.63692,0.6396,11225
2023-01-09 08:00:00,0.63959,0.64097,0.63748,0.63903,18682
2023-01-09 12:00:00,0.63906,0.64112,0.63737,0.63981,17182
2023-01-09 16:00:00,0.63981,0.64018,0.63745,0.63876,18778
2023-01-09 20:00:00,0.63875,0.63899,0.63683,0.63706,11552
2023-01-10 00:00:00,0.63563,0.6384,0.63547,0.63815,8458
2023-01-10 04:00:00,0.63816,0.63861,0.63599,0.63783,11633
2023-01-10 08:00:00,0.63784,0.63888,0.6359,0.6382,15966
2023-01-10 12:00:00,0.63818,0.6389,0.63422,0.63541,15171
2023-01-10 16:00:00,0.6354,0.63891,0.63493,0.63605,26515
2023-01-10 20:00:00,0.63605,0.63717,0.63551,0.63687,6853
2023-01-11 00:00:00,0.63622,0.63809,0.63481,0.63683,6960
2023-01-11 04:00:00,0.63681,0.6388,0.63641,0.63798,11784
2023-01-11 08:00:00,0.63797,0.63834,0.63549,0.63689,16784
2023-01-11 12:00:00,0.6369,0.6371,0.63343,0.63539,13090
2023-01-11 16:00:00,0.63538,0.63634,0.63422,0.63471,15753
2023-01-11 20:00:00,0.63471,0.63745,0.63378,0.63656,7429
2023-01-12 00:00:00,0.63627,0.63748,0.6358,0.63695,9358
2023-01-12 04:00:00,0.63695,0.63794,0.6361,0.63636,9014
2023-01-12 08:00:00,0.63637,0.63665,0.63399,0.6361,12781
2023-01-12 12:00:00,0.63609,0.64173,0.63062,0.64134,22124
2023-01-12 16:00:00,0.64135,0.64167,0.63221,0.63994,36467
2023-01-12 20:00:00,0.63994,0.64139,0.63887,0.63933,14494
2023-01-13 00:00:00,0.6382,0.63992,0.63691,0.63882,10085
2023-01-13 04:00:00,0.63881,0.63882,0.63568,0.63633,10895
2023-01-13 08:00:00,0.63637,0.64153,0.63629,0.63937,20842
2023-01-13 12:00:00,0.63936,0.64036,0.63362,0.63427,17366
2023-01-13 16:00:00,0.63429,0.63738,0.63349,0.63722,23609
2023-01-13 20:00:00,0.63723,0.639,0.63671,0.63834,8116
2023-01-16 00:00:00,0.6377,0.64153,0.63629,0.64138,9783
2023-01-16 04:00:00,0.64139,0.64262,0.64016,0.64055,12505
2023-01-16 08:00:00,0.64056,0.64062,0.63609,0.6393,14055
2023-01-16 12:00:00,0.63929,0.64,0.63753,0.63821,10059
2023-01-16 16:00:00,0.63819,0.63925,0.63812,0.63857,8059
2023-01-16 20:00:00,0.63849,0.63862,0.63777,0.63792,4670
2023-01-17 00:00:00,0.63748,0.63995,0.63748,0.6388,8034
2023-01-17 04:00:00,0.6388,0.64065,0.6373,0.63988,11846
2023-01-17 08:00:00,0.63989,0.6415,0.6381,0.63943,16678
2023-01-17 12:00:00,0.63945,0.64157,0.63663,0.63987,18312
2023-01-17 16:00:00,0.63989,0.64376,0.6398,0.64241,25661
2023-01-17 20:00:00,0.64236,0.64364,0.64195,0.643,9751
2023-01-18 00:00:00,0.64189,0.64502,0.64174,0.64495,8944
2023-01-18 04:00:00,0.64497,0.64588,0.6426,0.64517,20456
2023-01-18 08:00:00,0.64517,0.64904,0.64502,0.64865,22279
2023-01-18 12:00:00,0.64864,0.6515,0.64698,0.65061,18639
2023-01-18 16:00:00,0.6506,0.653,0.64301,0.64342,29588
2023-01-18 20:00:00,0.64366,0.64452,0.64235,0.64413,11146
2023-01-19 00:00:00,0.64306,0.64485,0.64128,0.64246,12230
2023-01-19 04:00:00,0.64247,0.64332,0.64102,0.64141,12899
2023-01-19 08:00:00,0.64141,0.64195,0.63802,0.63861,15765
2023-01-19 12:00:00,0.63862,0.63927,0.6365,0.63921,19190
2023-01-19 16:00:00,0.6392,0.64024,0.63709,0.63858,22740
2023-01-19 20:00:00,0.63849,0.64037,0.63754,0.63939,11170
2023-01-20 00:00:00,0.63927,0.64102,0.63906,0.64079,6354
2023-01-20 04:00:00,0.64078,0.64241,0.6402,0.64156,8730
2023-01-20 08:00:00,0.64157,0.64359,0.64069,0.64153,13675
2023-01-20 12:00:00,0.64152,0.64302,0.64044,0.64075,17797
2023-01-20 16:00:00,0.64076,0.64683,0.64071,0.646,20535
2023-01-20 20:00:00,0.646,0.64766,0.64543,0.64707,10089
2023-01-23 00:00:00,0.64682,0.64993,0.64576,0.64892,7915
2023-01-23 04:00:00,0.64891,0.64904,0.64705,0.6473,10081
2023-01-23 08:00:00,0.64729,0.64983,0.64635,0.64933,15396
2023-01-23 12:00:00,0.64934,0.6497,0.64474,0.64537,14727
2023-01-23 16:00:00,0.64537,0.64955,0.64374,0.64768,21549
2023-01-23 20:00:00,0.64765,0.64936,0.64671,0.649,10330
2023-01-24 00:00:00,0.64805,0.65,0.64805,0.6495,7210
2023-01-24 04:00:00,0.64952,0.65114,0.64929,0.6507,7402
2023-01-24 08:00:00,0.65069,0.65212,0.64794,0.64853,13643
2023-01-24 12:00:00,0.64848,0.64952,0.64744,0.64814,14132
2023-01-24 16:00:00,0.64813,0.65102,0.64633,0.65068,23453
2023-01-24 20:00:00,0.65068,0.65253,0.6497,0.65079,7547
2023-01-25 00:00:00,0.64906,0.6504,0.64665,0.64811,12852
2023-01-25 04:00:00,0.64812,0.64954,0.64795,0.64829,9773
2023-01-25 08:00:00,0.6483,0.64974,0.64778,0.64789,14818
2023-01-25 12:00:00,0.64787,0.64871,0.64508,0.64574,12960
2023-01-25 16:00:00,0.64569,0.64862,0.64491,0.64653,22240
2023-01-25 20:00:00,0.64654,0.64878,0.64642,0.64809,10138
2023-01-26 00:00:00,0.6478,0.64862,0.64668,0.64835,7818
2023-01-26 04:00:00,0.64835,0.64962,0.64781,0.64898,8384
2023-01-26 08:00:00,0.64897,0.65025,0.64696,0.64761,13174
2023-01-26 12:00:00,0.64762,0.64968,0.64669,0.64894,14964
2023-01-26 16:00:00,0.64896,0.65141,0.64566,0.647,23022
2023-01-26 20:00:00,0.64709,0.64924,0.64689,0.649,5594
2023-01-27 00:00:00,0.64819,0.65066,0.64772,0.65024,8755
2023-01-27 04:00:00,0.65023,0.65115,0.64846,0.64945,7859
2023-01-27 08:00:00,0.64944,0.64995,0.64766,0.64857,11627
2023-01-27 12:00:00,0.64855,0.65015,0.64746,0.64842,11606
2023-01-27 16:00:00,0.64842,0.64972,0.64612,0.6489,21644
2023-01-27 20:00:00,0.64888,0.6495,0.64823,0.64921,5747
2023-01-30 00:00:00,0.64817,0.65047,0.64762,0.65033,8377
2023-01-30 04:00:00,0.6503,0.6503,0.64851,0.64913,13918
2023-01-30 08:00:00,0.64912,0.64957,0.6472,0.64897,14103
2023-01-30 12:00:00,0.64897,0.65079,0.64772,0.64866,11643
2023-01-30 16:00:00,0.64863,0.64938,0.64787,0.64803,17177
2023-01-30 20:00:00,0.64804,0.6484,0.64619,0.64689,10696
2023-01-31 00:00:00,0.64637,0.64788,0.64599,0.64745,8569
2023-01-31 04:00:00,0.64744,0.6475,0.64379,0.64478,9022
2023-01-31 08:00:00,0.64479,0.64592,0.64225,0.64279,13829
2023-01-31 12:00:00,0.64278,0.64588,0.64126,0.64541,15211
2023-01-31 16:00:00,0.64542,0.64744,0.6443,0.64549,21927
2023-01-31 20:00:00,0.64551,0.64724,0.64321,0.64428,7098
2023-02-01 00:00:00,0.64393,0.64393,0.64253,0.64328,6590
2023-02-01 04:00:00,0.64326,0.64437,0.64165,0.64331,6457
2023-02-01 08:00:00,0.6433,0.64509,0.64323,0.64376,12468
2023-02-01 12:00:00,0.64377,0.64587,0.64323,0.6453,12106
2023-02-01 16:00:00,0.64529,0.64562,0.64286,0.64345,18939
2023-02-01 20:00:00,0.64339,0.65051,0.64173,0.65041,34302
2023-02-02 00:00:00,0.64991,0.65286,0.64956,0.65221,11541
2023-02-02 04:00:00,0.65222,0.6538,0.65204,0.65308,9692
2023-02-02 08:00:00,0.65309,0.6534,0.65063,0.65203,15657
2023-02-02 12:00:00,0.65203,0.65294,0.65049,0.65148,20815
2023-02-02 16:00:00,0.65147,0.65339,0.64627,0.64821,29771
2023-02-02 20:00:00,0.64822,0.6491,0.64693,0.64735,13857
2023-02-03 00:00:00,0.64663,0.64794,0.64663,0.64747,7402
2023-02-03 04:00:00,0.64748,0.64809,0.64601,0.64763,7789
2023-02-03 08:00:00,0.64765,0.64808,0.64552,0.64708,12924
2023-02-03 12:00:00,0.64707,0.64802,0.63851,0.63949,18406
2023-02-03 16:00:00,0.63949,0.64095,0.63414,0.63463,34849
2023-02-03 20:00:00,0.63463,0.63471,0.63229,0.6326,12484
2023-02-06 00:00:00,0.63086,0.6333,0.63002,0.63216,10318
2023-02-06 04:00:00,0.63216,0.63342,0.63174,0.63335,10531
2023-02-06 08:00:00,0.63337,0.63339,0.63068,0.63086,14596
2023-02-06 12:00:00,0.63084,0.63215,0.6293,0.62975,14165
2023-02-06 16:00:00,0.62974,0.63048,0.627,0.62835,17630
2023-02-06 20:00:00,0.62834,0.63069,0.62797,0.63047,8742
2023-02-07 00:00:00,0.63045,0.63261,0.62993,0.63228,6692
2023-02-07 04:00:00,0.63229,0.63414,0.63144,0.63238,11427
2023-02-07 08:00:00,0.63237,0.63397,0.63,0.6328,15637
2023-02-07 12:00:00,0.63279,0.63303,0.62851,0.62935,13689
2023-02-07 16:00:00,0.62935,0.63588,0.62724,0.63496,21878
2023-02-07 20:00:00,0.63484,0.63559,0.62858,0.63265,25512
2023-02-08 00:00:00,0.63153,0.6328,0.63091,0.63158,7598
2023-02-08 04:00:00,0.63157,0.63304,0.63096,0.6321,9689
2023-02-08 08:00:00,0.6321,0.63479,0.63165,0.63437,14779
2023-02-08 12:00:00,0.63439,0.63443,0.6317,0.63226,11172
2023-02-08 16:00:00,0.63225,0.63303,0.62964,0.63119,18975
2023-02-08 20:00:00,0.63118,0.63191,0.63015,0.63055,10857
2023-02-09 00:00:00,0.63055,0.63254,0.63026,0.63216,6119
2023-02-09 04:00:00,0.63217,0.63518,0.63201,0.63458,7326
2023-02-09 08:00:00,0.63457,0.63688,0.6344,0.63644,14101
2023-02-09 12:00:00,0.63645,0.63891,0.63606,0.63879,11434
2023-02-09 16:00:00,0.63879,0.63879,0.63347,0.63427,19582
2023-02-09 20:00:00,0.63426,0.63438,0.63188,0.63251,10533
2023-02-10 00:00:00,0.63259,0.63299,0.63134,0.63202,7501
2023-02-10 04:00:00,0.63198,0.63236,0.63021,0.63153,9029
2023-02-10 08:00:00,0.63153,0.63459,0.63124,0.63267,21451
2023-02-10 12:00:00,0.63268,0.63389,0.63144,0.63338,13961
2023-02-10 16:00:00,0.63338,0.63391,0.62983,0.6303,20695
2023-02-10 20:00:00,0.63031,0.6311,0.62985,0.63098,5691
2023-02-13 00:00:00,0.63077,0.63129,0.62889,0.63013,8204
2023-02-13 04:00:00,0.63014,0.63121,0.62973,0.63095,7945
2023-02-13 08:00:00,0.63094,0.63411,0.63081,0.63285,13419
2023-02-13 12:00:00,0.63284,0.63492,0.6324,0.63358,9900
2023-02-13 16:00:00,0.63358,0.63644,0.63309,0.63602,15322
2023-02-13 20:00:00,0.63608,0.63657,0.63534,0.63593,6062
2023-02-14 00:00:00,0.63534,0.63661,0.63515,0.63524,7460
2023-02-14 04:00:00,0.63526,0.63528,0.63289,0.63421,9483
2023-02-14 08:00:00,0.63419,0.63455,0.63297,0.63391,12128
2023-02-14 12:00:00,0.63391,0.63897,0.62995,0.63493,21215
2023-02-14 16:00:00,0.63492,0.63597,0.62963,0.63336,38119
2023-02-14 20:00:00,0.63333,0.63486,0.63277,0.63385,13828
2023-02-15 00:00:00,0.63341,0.63374,0.6325,0.6327,7263
2023-02-15 04:00:00,0.6327,0.6328,0.6299,0.63014,9446
2023-02-15 08:00:00,0.63013,0.63032,0.62759,0.62878,15124
2023-02-15 12:00:00,0.62879,0.6292,0.62547,0.62668,16815
2023-02-15 16:00:00,0.62667,0.628,0.62523,0.62659,20885
2023-02-15 20:00:00,0.6265,0.62879,0.62616,0.62815,8311
2023-02-16 00:00:00,0.62794,0.62899,0.6255,0.62855,9523
2023-02-16 04:00:00,0.62856,0.63092,0.62842,0.63003,10603
2023-02-16 08:00:00,0.63003,0.6309,0.62885,0.62933,14143
2023-02-16 12:00:00,0.62936,0.63,0.62571,0.6262,15800
2023-02-16 16:00:00,0.6262,0.62785,0.62323,0.62763,23107
2023-02-16 20:00:00,0.62756,0.62811,0.62513,0.62562,13909
2023-02-17 00:00:00,0.62504,0.62547,0.62277,0.62301,8369
2023-02-17 04:00:00,0.623,0.62306,0.62151,0.62166,9731
2023-02-17 08:00:00,0.62167,0.62254,0.61962,0.62004,14509
2023-02-17 12:00:00,0.62003,0.62153,0.61936,0.62125,12964
2023-02-17 16:00:00,0.62125,0.62476,0.62096,0.62358,22489
2023-02-17 20:00:00,0.62359,0.62482,0.62328,0.62418,8054
2023-02-20 00:00:00,0.62334,0.6242,0.62262,0.62325,6245
2023-02-20 04:00:00,0.62323,0.62536,0.62321,0.62471,7611
2023-02-20 08:00:00,0.6247,0.62492,0.62215,0.62268,11986
2023-02-20 12:00:00,0.62269,0.62621,0.62259,0.62516,9672
2023-02-20 16:00:00,0.62517,0.62596,0.62492,0.62533,6779
2023-02-20 20:00:00,0.62522,0.62558,0.62515,0.62522,1807
2023-02-21 00:00:00,0.62517,0.62615,0.62354,0.62515,8200
2023-02-21 04:00:00,0.62515,0.62614,0.6238,0.62421,8904
2023-02-21 08:00:00,0.6242,0.62535,0.62079,0.62401,18496
2023-02-21 12:00:00,0.62402,0.62491,0.62265,0.62265,14998
2023-02-21 16:00:00,0.62265,0.6243,0.62077,0.62178,23107
2023-02-21 20:00:00,0.62164,0.62193,0.62025,0.62125,8219
2023-02-22 00:00:00,0.62123,0.62455,0.62049,0.62232,10408
2023-02-22 04:00:00,0.6223,0.62384,0.62152,0.62269,9889
2023-02-22 08:00:00,0.6227,0.62402,0.62116,0.62183,13213
2023-02-22 12:00:00,0.62185,0.62513,0.6213,0.62385,12029
2023-02-22 16:00:00,0.62384,0.62478,0.62258,0.62339,18228
2023-02-22 20:00:00,0.62334,0.62423,0.62114,0.622,15991
2023-02-23 00:00:00,0.62133,0.62446,0.62121,0.62419,7230
2023-02-23 04:00:00,0.6242,0.62506,0.62361,0.62391,7860
2023-02-23 08:00:00,0.6239,0.62505,0.62257,0.62312,12956
2023-02-23 12:00:00,0.62312,0.62422,0.62092,0.62188,14638
2023-02-23 16:00:00,0.62187,0.6244,0.62028,0.62054,19736
2023-02-23 20:00:00,0.62053,0.62326,0.62029,0.62281,8199
2023-02-24 00:00:00,0.62254,0.62405,0.62237,0.62372,10788
2023-02-24 04:00:00,0.6237,0.62438,0.62289,0.62347,8508
2023-02-24 08:00:00,0.62346,0.62371,0.62051,0.6215,10798
2023-02-24 12:00:00,0.62146,0.622,0.61583,0.6174,15780
2023-02-24 16:00:00,0.61739,0.61739,0.6151,0.61612,23832
2023-02-24 20:00:00,0.61612,0.61709,0.61595,0.61647,7605
2023-02-27 00:00:00,0.61644,0.61729,0.61547,0.61728,6061
2023-02-27 04:00:00,0.61727,0.61727,0.61322,0.61329,7587
2023-02-27 08:00:00,0.61328,0.61632,0.61307,0.6151,13600
2023-02-27 12:00:00,0.6151,0.61664,0.61374,0.61601,10888
2023-02-27 16:00:00,0.61602,0.61797,0.61505,0.61671,15921
2023-02-27 20:00:00,0.61671,0.61736,0.61612,0.61674,5511
2023-02-28 00:00:00,0.61655,0.61676,0.61573,0.6161,4681
2023-02-28 04:00:00,0.61611,0.61697,0.6145,0.61495,5831
2023-02-28 08:00:00,0.61495,0.61573,0.61325,0.61442,12440
2023-02-28 12:00:00,0.61445,0.61747,0.6144,0.61725,9151
2023-02-28 16:00:00,0.61725,0.62077,0.61583,0.62021,19298
2023-02-28 20:00:00,0.62013,0.62044,0.61747,0.61849,6250
2023-03-01 00:00:00,0.61829,0.61911,0.61655,0.61901,11647
2023-03-01 04:00:00,0.61899,0.62261,0.61861,0.62139,8826
2023-03-01 08:00:00,0.6214,0.62631,0.62129,0.62551,15706
2023-03-01 12:00:00,0.62552,0.62756,0.62446,0.62477,14041
2023-03-01 16:00:00,0.62478,0.62663,0.62218,0.62613,22202
2023-03-01 20:00:00,0.62611,0.62616,0.62429,0.62556,7058
2023-03-02 00:00:00,0.6238,0.62567,0.6223,0.62336,7160
2023-03-02 04:00:00,0.62337,0.62412,0.62214,0.62265,9007
2023-03-02 08:00:00,0.62266,0.62336,0.62115,0.62224,14183
2023-03-02 12:00:00,0.6222,0.6234,0.61986,0.62013,15361
2023-03-02 16:00:00,0.62012,0.62283,0.61998,0.62024,17873
2023-03-02 20:00:00,0.62017,0.62255,0.61998,0.62175,7789
2023-03-03 00:00:00,0.62036,0.62387,0.62036,0.62303,6096
2023-03-03 04:00:00,0.62303,0.62378,0.62168,0.62239,7650
2023-03-03 08:00:00,0.62239,0.62414,0.62226,0.62339,11299
2023-03-03 12:00:00,0.62338,0.6236,0.62118,0.62245,10578
2023-03-03 16:00:00,0.62246,0.62295,0.61922,0.62144,19603
2023-03-03 20:00:00,0.62144,0.6228,0.62105,0.62217,6168
2023-03-06 00:00:00,0.62144,0.62191,0.62066,0.62151,6243
2023-03-06 04:00:00,0.62151,0.62253,0.62076,0.62111,6961
2023-03-06 08:00:00,0.62112,0.62206,0.61829,0.61882,12103
2023-03-06 12:00:00,0.61881,0.62013,0.61723,0.61906,11088
2023-03-06 16:00:00,0.61906,0.62036,0.61834,0.61901,14937
2023-03-06 20:00:00,0.61893,0.61973,0.61804,0.61965,5800
2023-03-07 00:00:00,0.61892,0.6203,0.61878,0.62001,4407
2023-03-07 04:00:00,0.62003,0.62142,0.61945,0.62022,12180
2023-03-07 08:00:00,0.62021,0.62217,0.61923,0.61948,13946
2023-03-07 12:00:00,0.61951,0.62079,0.61849,0.61887,10578
2023-03-07 16:00:00,0.61887,0.61931,0.61214,0.61224,30619
2023-03-07 20:00:00,0.61223,0.61273,0.6103,0.61084,8804
2023-03-08 00:00:00,0.61068,0.61173,0.61017,0.61083,6363
2023-03-08 04:00:00,0.61082,0.6112,0.60839,0.60969,8013
2023-03-08 08:00:00,0.60969,0.61244,0.60962,0.61182,10648
2023-03-08 12:00:00,0.61185,0.61238,0.61069,0.6116,11036
2023-03-08 16:00:00,0.6116,0.61375,0.61044,0.61056,21865
2023-03-08 20:00:00,0.61053,0.61147,0.60977,0.61072,6349
2023-03-09 00:00:00,0.61036,0.61163,0.60979,0.61018,4666
2023-03-09 04:00:00,0.61019,0.6131,0.61003,0.6123,5111
2023-03-09 08:00:00,0.6123,0.61343,0.6115,0.61246,10334
2023-03-09 12:00:00,0.61246,0.61439,0.6123,0.61432,11545
2023-03-09 16:00:00,0.61431,0.61509,0.61225,0.61299,16521
2023-03-09 20:00:00,0.61299,0.61358,0.6096,0.61001,10638
2023-03-10 00:00:00,0.60971,0.61132,0.60913,0.61072,9798
2023-03-10 04:00:00,0.61072,0.61099,0.6092,0.60996,12781
2023-03-10 08:00:00,0.60997,0.61179,0.60939,0.61092,14917
2023-03-10 12:00:00,0.61091,0.61563,0.61035,0.61356,18965
2023-03-10 16:00:00,0.61355,0.61767,0.61276,0.61546,42296
2023-03-10 20:00:00,0.61543,0.6158,0.61222,0.6133,21487
2023-03-13 00:00:00,0.61395,0.61726,0.61259,0.61476,17737
2023-03-13 04:00:00,0.61475,0.62023,0.61421,0.61958,17751
2023-03-13 08:00:00,0.61958,0.61998,0.61756,0.61971,18004
2023-03-13 12:00:00,0.61969,0.62066,0.61626,0.62047,40254
2023-03-13 16:00:00,0.62046,0.62641,0.61937,0.6232,39552
2023-03-13 20:00:00,0.62319,0.62415,0.62155,0.62198,17026
2023-03-14 00:00:00,0.62169,0.62199,0.62086,0.6212,7238
2023-03-14 04:00:00,0.6212,0.62153,0.61997,0.62098,12046
2023-03-14 08:00:00,0.62097,0.62346,0.62069,0.62192,20251
2023-03-14 12:00:00,0.62191,0.62441,0.61784,0.62389,25027
2023-03-14 16:00:00,0.62389,0.62475,0.62163,0.62245,28308
2023-03-14 20:00:00,0.62245,0.62435,0.62215,0.6234,16568
2023-03-15 00:00:00,0.62271,0.62386,0.62228,0.62272,9095
2023-03-15 04:00:00,0.62271,0.62643,0.62197,0.62232,10574
2023-03-15 08:00:00,0.62231,0.62254,0.6204,0.62149,14948
2023-03-15 12:00:00,0.6215,0.62179,0.61877,0.61994,34165
2023-03-15 16:00:00,0.61993,0.62121,0.61725,0.61757,35215
2023-03-15 20:00:00,0.61757,0.62058,0.61754,0.61893,26143
2023-03-16 00:00:00,0.61814,0.61883,0.61396,0.61751,11113
2023-03-16 04:00:00,0.61753,0.61807,0.61453,0.61618,12640
2023-03-16 08:00:00,0.61617,0.61803,0.61542,0.61689,14499
2023-03-16 12:00:00,0.6169,0.61785,0.61505,0.61722,17045
2023-03-16 16:00:00,0.61723,0.61824,0.61537,0.61742,34605
2023-03-16 20:00:00,0.61745,0.61957,0.61601,0.61956,14782
2023-03-17 00:00:00,0.61932,0.62053,0.61784,0.61994,6854
2023-03-17 04:00:00,0.61993,0.62418,0.61972,0.62412,10554
2023-03-17 08:00:00,0.62413,0.62582,0.62358,0.62416,14070
2023-03-17 12:00:00,0.62417,0.62519,0.62303,0.62441,12361
2023-03-17 16:00:00,0.62443,0.62602,0.62385,0.62563,21656
2023-03-17 20:00:00,0.62564,0.62768,0.62551,0.62655,12582
2023-03-20 00:00:00,0.62792,0.62813,0.62679,0.62741,16513
2023-03-20 04:00:00,0.62737,0.62737,0.6245,0.62507,13030
2023-03-20 08:00:00,0.62506,0.62607,0.62383,0.62506,18686
2023-03-20 12:00:00,0.62507,0.62512,0.62287,0.62483,17149
2023-03-20 16:00:00,0.62483,0.62681,0.62391,0.62499,18379
2023-03-20 20:00:00,0.62499,0.6255,0.62413,0.62466,10222
2023-03-21 00:00:00,0.62423,0.62487,0.62346,0.62389,8389
2023-03-21 04:00:00,0.62391,0.62404,0.62074,0.6212,8285
2023-03-21 08:00:00,0.6212,0.62155,0.61865,0.61871,11717
2023-03-21 12:00:00,0.6187,0.62036,0.61825,0.61934,13447
2023-03-21 16:00:00,0.61935,0.61964,0.61669,0.61735,15484
2023-03-21 20:00:00,0.61736,0.61943,0.6171,0.61938,7065
2023-03-22 00:00:00,0.61922,0.61947,0.61712,0.61843,6397
2023-03-22 04:00:00,0.61842,0.62046,0.61837,0.61999,8846
2023-03-22 08:00:00,0.61999,0.62217,0.61984,0.62116,9443
2023-03-22 12:00:00,0.62117,0.62243,0.62053,0.62108,8626
2023-03-22 16:00:00,0.62109,0.62206,0.62034,0.62141,11098
2023-03-22 20:00:00,0.62141,0.62824,0.61666,0.62206,28336
2023-03-23 00:00:00,0.62209,0.62429,0.62149,0.62421,8914
2023-03-23 04:00:00,0.62423,0.6282,0.624,0.62813,9957
2023-03-23 08:00:00,0.62813,0.62941,0.62766,0.62816,13767
2023-03-23 12:00:00,0.62817,0.62845,0.62553,0.62582,11840
2023-03-23 16:00:00,0.62577,0.62877,0.6255,0.62805,14143
2023-03-23 20:00:00,0.62804,0.62806,0.62436,0.62509,16694
2023-03-24 00:00:00,0.62455,0.62532,0.62383,0.62424,8840
2023-03-24 04:00:00,0.62422,0.62452,0.62287,0.62375,11007
2023-03-24 08:00:00,0.62374,0.6241,0.62106,0.62171,11640
2023-03-24 12:00:00,0.62171,0.62204,0.61916,0.6203,16313
2023-03-24 16:00:00,0.62031,0.6212,0.6191,0.62048,20548
2023-03-24 20:00:00,0.62046,0.62064,0.6196,0.62017,6196
2023-03-27 00:00:00,0.61945,0.62107,0.61936,0.62001,5536
2023-03-27 04:00:00,0.62002,0.62115,0.61939,0.62021,8247
2023-03-27 08:00:00,0.6202,0.62105,0.61855,0.62032,11552
2023-03-27 12:00:00,0.62032,0.62048,0.61806,0.61818,11084
2023-03-27 16:00:00,0.61818,0.61957,0.61806,0.6193,12588
2023-03-27 20:00:00,0.61931,0.61964,0.61851,0.6196,5802
2023-03-28 00:00:00,0.61954,0.6218,0.61946,0.62117,3980
2023-03-28 04:00:00,0.62119,0.6236,0.62108,0.62285,8275
2023-03-28 08:00:00,0.62285,0.62382,0.6218,0.62188,9465
2023-03-28 12:00:00,0.62185,0.62411,0.62152,0.62346,10102
2023-03-28 16:00:00,0.62345,0.62523,0.62243,0.62473,11038
2023-03-28 20:00:00,0.62474,0.62545,0.62399,0.62515,5482
2023-03-29 00:00:00,0.62499,0.62646,0.62246,0.62569,5892
2023-03-29 04:00:00,0.6257,0.62707,0.6252,0.62601,8413
2023-03-29 08:00:00,0.62601,0.62616,0.62283,0.62325,9740
2023-03-29 12:00:00,0.62322,0.62481,0.62201,0.62271,8782
2023-03-29 16:00:00,0.62272,0.6242,0.62145,0.62219,13733
2023-03-29 20:00:00,0.62218,0.62279,0.62169,0.62246,5038
2023-03-30 00:00:00,0.62229,0.62252,0.62103,0.62125,3416
2023-03-30 04:00:00,0.62124,0.6218,0.62031,0.62168,6942
2023-03-30 08:00:00,0.6217,0.62498,0.62152,0.62436,9926
2023-03-30 12:00:00,0.62435,0.62467,0.62303,0.62398,10498
2023-03-30 16:00:00,0.62398,0.62595,0.62388,0.62561,10917
2023-03-30 20:00:00,0.62562,0.62659,0.62493,0.62624,4380
2023-03-31 00:00:00,0.62618,0.62804,0.62589,0.6274,4249
2023-03-31 04:00:00,0.6274,0.62973,0.62726,0.62828,9795
2023-03-31 08:00:00,0.62826,0.62889,0.62474,0.62594,11498
2023-03-31 12:00:00,0.62599,0.62733,0.62478,0.62618,10297
2023-03-31 16:00:00,0.62618,0.62738,0.62371,0.62648,12816
2023-03-31 20:00:00,0.6265,0.62653,0.62463,0.62549,4810
2023-04-03 00:00:00,0.62545,0.62545,0.62124,0.62224,7855
2023-04-03 04:00:00,0.62229,0.62298,0.62173,0.62199,8356
2023-04-03 08:00:00,0.622,0.62369,0.62075,0.62353,8768
2023-04-03 12:00:00,0.62353,0.62929,0.62351,0.6282,10815
2023-04-03 16:00:00,0.62823,0.62979,0.62741,0.6288,16042
2023-04-03 20:00:00,0.62878,0.62996,0.62797,0.6297,6315
2023-04-04 00:00:00,0.62945,0.63095,0.62903,0.63003,6559
2023-04-04 04:00:00,0.63002,0.63068,0.62912,0.6302,7447
2023-04-04 08:00:00,0.63021,0.63096,0.62826,0.62907,12157
2023-04-04 12:00:00,0.62907,0.63052,0.62738,0.62769,10498
2023-04-04 16:00:00,0.62769,0.6315,0.62741,0.63026,17763
2023-04-04 20:00:00,0.63028,0.63131,0.62946,0.63109,4446
2023-04-05 00:00:00,0.63079,0.63224,0.63059,0.63074,4623
2023-04-05 04:00:00,0.63078,0.63795,0.63012,0.63501,9361
2023-04-05 08:00:00,0.635,0.63538,0.6311,0.63155,11887
2023-04-05 12:00:00,0.63153,0.63235,0.6285,0.63223,11716
2023-04-05 16:00:00,0.63223,0.63343,0.63013,0.63094,16535
2023-04-05 20:00:00,0.63091,0.63191,0.6305,0.63174,3456
2023-04-06 00:00:00,0.62916,0.63241,0.62916,0.63066,3528
2023-04-06 04:00:00,0.63066,0.63067,0.6288,0.62921,5843
2023-04-06 08:00:00,0.62921,0.62972,0.62784,0.62839,9155
2023-04-06 12:00:00,0.62838,0.62868,0.62529,0.62548,8052
2023-04-06 16:00:00,0.62545,0.6259,0.6239,0.62552,10929
2023-04-06 20:00:00,0.62551,0.62596,0.62423,0.62444,3194
2023-04-07 00:00:00,0.62409,0.62508,0.62394,0.6249,3285
2023-04-07 04:00:00,0.62489,0.6262,0.62481,0.62563,3762
2023-04-07 08:00:00,0.62561,0.6264,0.62536,0.62632,4082
2023-04-07 12:00:00,0.62632,0.62698,0.6209,0.62506,6549
2023-04-07 16:00:00,0.62505,0.62544,0.62367,0.62409,11266
2023-04-07 20:00:00,0.62408,0.62591,0.62373,0.62513,8426
2023-04-10 00:00:00,0.62419,0.62559,0.62417,0.62425,6600
2023-04-10 04:00:00,0.62426,0.62461,0.6229,0.62292,5293
2023-04-10 08:00:00,0.62292,0.62512,0.62246,0.6245,7298
2023-04-10 12:00:00,0.62451,0.62525,0.61966,0.6199,10841
2023-04-10 16:00:00,0.61991,0.6208,0.61935,0.62073,8908
2023-04-10 20:00:00,0.62074,0.62223,0.6206,0.62194,5793
2023-04-11 00:00:00,0.62144,0.62335,0.62111,0.62281,4099
2023-04-11 04:00:00,0.62282,0.62325,0.62083,0.62251,8321
2023-04-11 08:00:00,0.62251,0.62309,0.6215,0.62213,10858
2023-04-11 12:00:00,0.62209,0.62256,0.6205,0.62052,9790
2023-04-11 16:00:00,0.62053,0.62113,0.61852,0.61857,9239
2023-04-11 20:00:00,0.61857,0.61955,0.61838,0.61921,2866
2023-04-12 00:00:00,0.61881,0.61974,0.61809,0.61957,3473
2023-04-12 04:00:00,0.61956,0.62043,0.61853,0.62031,3939
2023-04-12 08:00:00,0.6203,0.62039,0.61818,0.6189,8492
2023-04-12 12:00:00,0.61886,0.62418,0.61839,0.6226,12013
2023-04-12 16:00:00,0.62261,0.62372,0.62024,0.62164,16558
2023-04-12 20:00:00,0.62164,0.62207,0.62082,0.62149,7798
2023-04-13 00:00:00,0.62122,0.62203,0.62053,0.62099,4160
2023-04-13 04:00:00,0.621,0.62177,0.62035,0.62158,6154
2023-04-13 08:00:00,0.62159,0.62418,0.62029,0.62364,8432
2023-04-13 12:00:00,0.62363,0.62798,0.62352,0.6275,10440
2023-04-13 16:00:00,0.62751,0.63117,0.62742,0.63108,12065
2023-04-13 20:00:00,0.63107,0.63144,0.62968,0.6297,4418
2023-04-14 00:00:00,0.62856,0.63117,0.62856,0.63035,3920
2023-04-14 04:00:00,0.63035,0.63145,0.6303,0.63098,6086
2023-04-14 08:00:00,0.63099,0.63121,0.62864,0.62878,7842
2023-04-14 12:00:00,0.62882,0.63094,0.6263,0.62738,10641
2023-04-14 16:00:00,0.62735,0.62752,0.61948,0.61972,18046
2023-04-14 20:00:00,0.61971,0.621,0.61956,0.62091,5583
2023-04-17 00:00:00,0.62005,0.62084,0.61957,0.61957,3793
2023-04-17 04:00:00,0.61959,0.62027,0.61846,0.6196,4018
2023-04-17 08:00:00,0.61959,0.62105,0.61908,0.61944,7729
2023-04-17 12:00:00,0.61942,0.62003,0.6178,0.61794,8944
2023-04-17 16:00:00,0.61792,0.61875,0.61609,0.61701,12290
2023-04-17 20:00:00,0.61701,0.61866,0.61697,0.61814,2876
2023-04-18 00:00:00,0.61794,0.61892,0.61783,0.61875,2900
2023-04-18 04:00:00,0.61876,0.61935,0.61793,0.6186,5416
2023-04-18 08:00:00,0.6186,0.62139,0.61859,0.62105,8395
2023-04-18 12:00:00,0.62104,0.62243,0.62097,0.62104,8692
2023-04-18 16:00:00,0.62105,0.6218,0.62003,0.62052,9666
2023-04-18 20:00:00,0.62052,0.62095,0.62016,0.62074,3626
2023-04-19 00:00:00,0.62068,0.62178,0.62033,0.62128,2765
2023-04-19 04:00:00,0.62128,0.62162,0.61964,0.62049,4347
2023-04-19 08:00:00,0.6205,0.62103,0.61845,0.61859,10700
2023-04-19 12:00:00,0.61858,0.62096,0.61722,0.62058,9709
2023-04-19 16:00:00,0.62059,0.62257,0.62023,0.62124,10302
2023-04-19 20:00:00,0.62124,0.62133,0.61983,0.62017,3887
2023-04-20 00:00:00,0.61999,0.62056,0.61554,0.61611,5447
2023-04-20 04:00:00,0.61611,0.61678,0.6149,0.61565,5829
2023-04-20 08:00:00,0.61564,0.61819,0.61556,0.61684,8415
2023-04-20 12:00:00,0.61683,0.61934,0.61573,0.61892,9995
2023-04-20 16:00:00,0.61889,0.62031,0.618,0.61886,12012
2023-04-20 20:00:00,0.61887,0.61914,0.61658,0.61767,4507
2023-04-21 00:00:00,0.61744,0.61798,0.61666,0.61716,4128
2023-04-21 04:00:00,0.61717,0.61726,0.61521,0.61554,4698
2023-04-21 08:00:00,0.61555,0.61591,0.61262,0.61348,10345
2023-04-21 12:00:00,0.61349,0.61435,0.6127,0.61435,8236
2023-04-21 16:00:00,0.61434,0.61549,0.6128,0.6137,15770
2023-04-21 20:00:00,0.61369,0.61462,0.61291,0.61388,4037
2023-04-24 00:00:00,0.61361,0.61454,0.61344,0.61436,2586
2023-04-24 04:00:00,0.61435,0.61467,0.61295,0.61355,5826
2023-04-24 08:00:00,0.61355,0.61505,0.61253,0.61465,8413
2023-04-24 12:00:00,0.61465,0.61545,0.61377,0.61468,8360
2023-04-24 16:00:00,0.61467,0.61547,0.61376,0.61496,9489
2023-04-24 20:00:00,0.61498,0.61681,0.61483,0.61657,3590
2023-04-25 00:00:00,0.61624,0.61792,0.61624,0.61729,2917
2023-04-25 04:00:00,0.61725,0.61871,0.61666,0.61688,6717
2023-04-25 08:00:00,0.61688,0.61752,0.61507,0.61662,9990
2023-04-25 12:00:00,0.61663,0.6173,0.61555,0.61629,9096
2023-04-25 16:00:00,0.6163,0.61654,0.61389,0.61416,10282
2023-04-25 20:00:00,0.61415,0.61438,0.61325,0.61368,5531
2023-04-26 00:00:00,0.61368,0.61483,0.61351,0.61455,4732
2023-04-26 04:00:00,0.61457,0.61484,0.61274,0.61341,7868
2023-04-26 08:00:00,0.6134,0.61447,0.61254,0.61289,10514
2023-04-26 12:00:00,0.61289,0.61389,0.61201,0.61286,13191
2023-04-26 16:00:00,0.61285,0.61437,0.61168,0.61237,14233
2023-04-26 20:00:00,0.61236,0.61259,0.61116,0.61164,5432
2023-04-27 00:00:00,0.61167,0.61244,0.61143,0.61243,3800
2023-04-27 04:00:00,0.61243,0.61434,0.61196,0.61426,7667
2023-04-27 08:00:00,0.61427,0.61549,0.61397,0.61523,13181
2023-04-27 12:00:00,0.61522,0.61599,0.61308,0.61359,13219
2023-04-27 16:00:00,0.61358,0.61416,0.61216,0.61331,13632
2023-04-27 20:00:00,0.61332,0.61475,0.6132,0.61468,4891
2023-04-28 00:00:00,0.6139,0.61523,0.6139,0.6149,4672
2023-04-28 04:00:00,0.61489,0.61592,0.6142,0.61434,8231
2023-04-28 08:00:00,0.61432,0.61467,0.61236,0.61282,12913
2023-04-28 12:00:00,0.61283,0.61533,0.61245,0.61488,11292
2023-04-28 16:00:00,0.61489,0.61873,0.61474,0.61859,15660
2023-04-28 20:00:00,0.61857,0.61868,0.61773,0.61824,3950
2023-05-01 00:00:00,0.61691,0.6182,0.61583,0.61723,4176
2023-05-01 04:00:00,0.61724,0.61888,0.61714,0.6183,7488
2023-05-01 08:00:00,0.61828,0.61898,0.61742,0.61748,9158
2023-05-01 12:00:00,0.61748,0.6199,0.61715,0.61986,8235
2023-05-01 16:00:00,0.61988,0.61991,0.61643,0.61673,14246
2023-05-01 20:00:00,0.61672,0.61705,0.61608,0.61666,7640
2023-05-02 00:00:00,0.61663,0.61735,0.61628,0.61685,3478
2023-05-02 04:00:00,0.61686,0.61943,0.61682,0.61809,7607
2023-05-02 08:00:00,0.61811,0.62048,0.61811,0.61927,13432
2023-05-02 12:00:00,0.61927,0.62178,0.6186,0.61982,9520
2023-05-02 16:00:00,0.61983,0.62113,0.61934,0.62094,16904
2023-05-02 20:00:00,0.62094,0.62111,0.62045,0.6207,6873
2023-05-03 00:00:00,0.62074,0.62301,0.62045,0.62258,4725
2023-05-03 04:00:00,0.6226,0.62491,0.62241,0.62327,5934
2023-05-03 08:00:00,0.62327,0.62377,0.62259,0.62339,9457
2023-05-03 12:00:00,0.62338,0.62358,0.62154,0.62197,9429
2023-05-03 16:00:00,0.62197,0.6243,0.62173,0.62422,13130
2023-05-03 20:00:00,0.62419,0.62604,0.62199,0.62294,19334
2023-05-04 00:00:00,0.62274,0.62288,0.62067,0.62204,7294
2023-05-04 04:00:00,0.62208,0.62523,0.62197,0.62494,10515
2023-05-04 08:00:00,0.62494,0.62539,0.62323,0.6233,13601
2023-05-04 12:00:00,0.62328,0.62732,0.62315,0.6258,13840
2023-05-04 16:00:00,0.6258,0.62972,0.62549,0.62951,21105
2023-05-04 20:00:00,0.62952,0.6298,0.62744,0.62804,7997
2023-05-05 00:00:00,0.62797,0.62964,0.62762,0.62928,3839
2023-05-05 04:00:00,0.62929,0.63123,0.62928,0.63087,5757
2023-05-05 08:00:00,0.63086,0.63157,0.62916,0.62951,9290
2023-05-05 12:00:00,0.62952,0.63016,0.62631,0.62707,12169
2023-05-05 16:00:00,0.62709,0.63045,0.6267,0.63032,16321
2023-05-05 20:00:00,0.63033,0.63047,0.6291,0.6294,5129
2023-05-08 00:00:00,0.62873,0.63035,0.62809,0.62993,4270
2023-05-08 04:00:00,0.62992,0.6314,0.62942,0.63133,5612
2023-05-08 08:00:00,0.63132,0.63301,0.63093,0.63227,6961
2023-05-08 12:00:00,0.63227,0.6351,0.63198,0.63484,7020
2023-05-08 16:00:00,0.63485,0.63589,0.63474,0.63508,8195
2023-05-08 20:00:00,0.63511,0.6352,0.63401,0.63449,4341
2023-05-09 00:00:00,0.63405,0.63486,0.63334,0.63377,5851
2023-05-09 04:00:00,0.63377,0.63442,0.63271,0.63393,7237
2023-05-09 08:00:00,0.63394,0.63426,0.6325,0.63305,8626
2023-05-09 12:00:00,0.63306,0.63419,0.63215,0.63219,7287
2023-05-09 16:00:00,0.63218,0.63309,0.63179,0.63239,9071
2023-05-09 20:00:00,0.63238,0.63374,0.63234,0.63346,4601
2023-05-10 00:00:00,0.63309,0.63436,0.63302,0.63364,5303
2023-05-10 04:00:00,0.63365,0.63481,0.63339,0.63404,4892
2023-05-10 08:00:00,0.63401,0.63462,0.63286,0.63301,8582
2023-05-10 12:00:00,0.633,0.63809,0.63239,0.6379,10758
2023-05-10 16:00:00,0.63792,0.63806,0.63466,0.63566,15674
2023-05-10 20:00:00,0.63566,0.63699,0.63414,0.63653,5926
2023-05-11 00:00:00,0.63587,0.63789,0.63497,0.63772,6199
2023-05-11 04:00:00,0.63772,0.63843,0.63651,0.63717,8094
2023-05-11 08:00:00,0.63717,0.63765,0.63294,0.63429,12119
2023-05-11 12:00:00,0.63429,0.63627,0.63372,0.63466,13712
2023-05-11 16:00:00,0.63463,0.63464,0.62886,0.63014,13668
2023-05-11 20:00:00,0.63014,0.6303,0.6291,0.62982,4123
2023-05-12 00:00:00,0.62975,0.62997,0.62921,0.62956,2957
2023-05-12 04:00:00,0.62957,0.62968,0.62539,0.62627,7648
2023-05-12 08:00:00,0.62628,0.62652,0.62371,0.62429,10941
2023-05-12 12:00:00,0.62429,0.62458,0.62172,0.62274,8215
2023-05-12 16:00:00,0.62273,0.62374,0.61849,0.61918,11857
2023-05-12 20:00:00,0.61918,0.61953,0.6182,0.61906,4857
2023-05-15 00:00:00,0.61886,0.61962,0.61865,0.61947,3727
2023-05-15 04:00:00,0.61951,0.62114,0.61931,0.62112,6227
2023-05-15 08:00:00,0.6211,0.62297,0.62094,0.62193,9058
2023-05-15 12:00:00,0.62192,0.62227,0.62084,0.6219,8204
2023-05-15 16:00:00,0.62189,0.62337,0.62069,0.62329,8550
2023-05-15 20:00:00,0.62328,0.62424,0.62306,0.62387,3660
2023-05-16 00:00:00,0.62315,0.62562,0.62315,0.62543,3310
2023-05-16 04:00:00,0.62542,0.62549,0.62386,0.62511,7801
2023-05-16 08:00:00,0.6251,0.6254,0.62261,0.62486,10196
2023-05-16 12:00:00,0.62488,0.62594,0.62319,0.62443,8706
2023-05-16 16:00:00,0.62442,0.62535,0.62232,0.6228,13000
2023-05-16 20:00:00,0.62282,0.62338,0.62251,0.62297,4339
2023-05-17 00:00:00,0.62291,0.62421,0.62244,0.62368,4251
2023-05-17 04:00:00,0.62368,0.62521,0.6234,0.62417,6161
2023-05-17 08:00:00,0.62418,0.62503,0.6228,0.62375,10147
2023-05-17 12:00:00,0.62374,0.62653,0.62346,0.62597,8329
2023-05-17 16:00:00,0.62597,0.62728,0.62344,0.62637,11357
2023-05-17 20:00:00,0.62637,0.62665,0.62471,0.62481,4681
2023-05-18 00:00:00,0.62414,0.62611,0.62404,0.6254,3474
2023-05-18 04:00:00,0.62539,0.6264,0.62367,0.62589,7927
2023-05-18 08:00:00,0.6259,0.6269,0.62343,0.62392,9584
2023-05-18 12:00:00,0.62393,0.62477,0.62202,0.62219,9188
2023-05-18 16:00:00,0.62219,0.62241,0.62036,0.62077,12311
2023-05-18 20:00:00,0.62077,0.62261,0.62065,0.62252,4201
2023-05-19 00:00:00,0.62232,0.62449,0.62222,0.62398,5790
2023-05-19 04:00:00,0.62397,0.62465,0.62289,0.62376,6797
2023-05-19 08:00:00,0.62375,0.6274,0.62353,0.62706,10442
2023-05-19 12:00:00,0.62707,0.62903,0.62687,0.62813,9883
2023-05-19 16:00:00,0.62814,0.6305,0.62723,0.62916,16906
2023-05-19 20:00:00,0.62915,0.62929,0.62715,0.62734,4976
2023-05-22 00:00:00,0.62583,0.62874,0.62583,0.62847,4822
2023-05-22 04:00:00,0.62854,0.62918,0.62704,0.62844,9453
2023-05-22 08:00:00,0.62844,0.62883,0.62616,0.62801,12298
2023-05-22 12:00:00,0.62801,0.62895,0.62739,0.6281,9463
2023-05-22 16:00:00,0.62809,0.62852,0.62682,0.62796,11012
2023-05-22 20:00:00,0.62795,0.6289,0.62787,0.62865,4260
2023-05-23 00:00:00,0.62843,0.63023,0.62839,0.62963,5607
2023-05-23 04:00:00,0.62962,0.62962,0.62754,0.62848,7242
2023-05-23 08:00:00,0.62849,0.62859,0.62528,0.62689,12343
2023-05-23 12:00:00,0.62688,0.62709,0.62337,0.62354,9799
2023-05-23 16:00:00,0.62356,0.62633,0.62356,0.6253,13748
2023-05-23 20:00:00,0.62531,0.62573,0.62431,0.62473,4965
2023-05-24 00:00:00,0.62448,0.62547,0.6238,0.62504,3164
2023-05-24 04:00:00,0.62505,0.62564,0.6165,0.61666,10625
2023-05-24 08:00:00,0.61671,0.617,0.61311,0.61398,15019
2023-05-24 12:00:00,0.61399,0.61458,0.61161,0.6127,12107
2023-05-24 16:00:00,0.61271,0.61361,0.60941,0.61041,15241
2023-05-24 20:00:00,0.61041,0.61125,0.60935,0.61125,8630
2023-05-25 00:00:00,0.61091,0.61136,0.60926,0.60958,5525
2023-05-25 04:00:00,0.60955,0.61005,0.60805,0.60826,8091
2023-05-25 08:00:00,0.60822,0.61004,0.60758,0.60846,10838
2023-05-25 12:00:00,0.60845,0.60871,0.60608,0.6064,11465
2023-05-25 16:00:00,0.60637,0.60762,0.60437,0.60441,14045
2023-05-25 20:00:00,0.60442,0.60632,0.6044,0.6061,6024
2023-05-26 00:00:00,0.60611,0.6064,0.60482,0.60597,5819
2023-05-26 04:00:00,0.60599,0.60783,0.60588,0.6072,6927
2023-05-26 08:00:00,0.6072,0.60835,0.60631,0.60725,10382
2023-05-26 12:00:00,0.60724,0.60964,0.60634,0.60726,10519
2023-05-26 16:00:00,0.60725,0.60743,0.60328,0.60449,14565
2023-05-26 20:00:00,0.60448,0.60493,0.60417,0.60467,4130
2023-05-29 00:00:00,0.60393,0.606,0.60365,0.60592,2990
2023-05-29 04:00:00,0.60592,0.60673,0.60442,0.60594,4525
2023-05-29 08:00:00,0.60594,0.60705,0.60513,0.60608,7394
2023-05-29 12:00:00,0.60609,0.60667,0.6054,0.60587,4977
2023-05-29 16:00:00,0.60588,0.606,0.60505,0.60552,3268
2023-05-29 20:00:00,0.60552,0.60577,0.60522,0.60542,1944
2023-05-30 00:00:00,0.60539,0.60583,0.60424,0.60536,3982
2023-05-30 04:00:00,0.60537,0.60608,0.60296,0.60408,8819
2023-05-30 08:00:00,0.60407,0.6051,0.60249,0.60503,14679
2023-05-30 12:00:00,0.60503,0.60662,0.60429,0.60532,11341
2023-05-30 16:00:00,0.60534,0.60578,0.60376,0.60411,11499
2023-05-30 20:00:00,0.60412,0.60473,0.60331,0.60445,5005
2023-05-31 00:00:00,0.60362,0.60489,0.60362,0.60429,2250
2023-05-31 04:00:00,0.6043,0.60467,0.59976,0.60001,7663
2023-05-31 08:00:00,0.60001,0.60165,0.59937,0.59952,12389
2023-05-31 12:00:00,0.5995,0.60087,0.5995,0.59983,7237
2023-05-31 16:00:00,0.59983,0.60178,0.59849,0.59922,15483
2023-05-31 20:00:00,0.59921,0.60245,0.59913,0.60209,7420
2023-06-01 00:00:00,0.60054,0.60278,0.60028,0.60092,4102
2023-06-01 04:00:00,0.60092,0.60184,0.59999,0.60069,9026
2023-06-01 08:00:00,0.60068,0.60139,0.599,0.60058,10308
2023-06-01 12:00:00,0.60061,0.60297,0.6002,0.60268,10945
2023-06-01 16:00:00,0.60267,0.60767,0.60228,0.60684,13443
2023-06-01 20:00:00,0.60683,0.60712,0.60633,0.60704,4005
2023-06-02 00:00:00,0.60664,0.60719,0.60525,0.6062,5990
2023-06-02 04:00:00,0.6062,0.61062,0.60598,0.60893,8171
2023-06-02 08:00:00,0.60893,0.61108,0.60884,0.61077,10054
2023-06-02 12:00:00,0.61077,0.6108,0.60762,0.60865,11598
2023-06-02 16:00:00,0.60865,0.60984,0.60617,0.60653,16350
2023-06-02 20:00:00,0.60654,0.60674,0.60556,0.60568,4309
2023-06-05 00:00:00,0.60591,0.60599,0.60453,0.60536,4706
2023-06-05 04:00:00,0.60537,0.60647,0.60459,0.60606,8135
2023-06-05 08:00:00,0.60602,0.60669,0.60432,0.6054,10667
2023-06-05 12:00:00,0.6054,0.60579,0.6041,0.60561,7780
2023-06-05 16:00:00,0.60563,0.6085,0.60538,0.60776,13795
2023-06-05 20:00:00,0.60777,0.60778,0.60683,0.60697,4335
2023-06-06 00:00:00,0.60577,0.60768,0.60577,0.60737,2871
2023-06-06 04:00:00,0.60736,0.6097,0.6068,0.60842,7475
2023-06-06 08:00:00,0.60843,0.60999,0.60773,0.60816,13137
2023-06-06 12:00:00,0.60818,0.60859,0.60558,0.60629,8378
2023-06-06 16:00:00,0.60628,0.60842,0.60454,0.60727,12557
2023-06-06 20:00:00,0.60727,0.60788,0.60671,0.60768,3544
2023-06-07 00:00:00,0.60738,0.60891,0.60714,0.6084,3043
2023-06-07 04:00:00,0.60839,0.60892,0.60715,0.60776,6756
2023-06-07 08:00:00,0.60775,0.60788,0.6058,0.60787,8807
2023-06-07 12:00:00,0.60788,0.60846,0.60651,0.60662,7254
2023-06-07 16:00:00,0.60661,0.60967,0.60365,0.6039,13331
2023-06-07 20:00:00,0.60389,0.60441,0.60306,0.60373,4483
2023-06-08 00:00:00,0.60343,0.60526,0.60315,0.60509,2855
2023-06-08 04:00:00,0.60509,0.60546,0.60401,0.60476,6241
2023-06-08 08:00:00,0.60475,0.60793,0.60432,0.60756,9149
2023-06-08 12:00:00,0.60756,0.60925,0.6058,0.60804,9904
2023-06-08 16:00:00,0.60804,0.60989,0.60757,0.60938,13425
2023-06-08 20:00:00,0.60936,0.60986,0.60896,0.60946,3919
2023-06-09 00:00:00,0.60931,0.60987,0.60792,0.60924,3656
2023-06-09 04:00:00,0.60923,0.60959,0.60846,0.6087,5897
2023-06-09 08:00:00,0.6087,0.61042,0.60861,0.60948,8874
2023-06-09 12:00:00,0.60948,0.61275,0.60884,0.6127,9320
2023-06-09 16:00:00,0.61269,0.61388,0.61219,0.61276,10976
2023-06-09 20:00:00,0.61276,0.61298,0.61238,0.61288,2684
2023-06-12 00:00:00,0.61135,0.61305,0.61125,0.61207,4183
2023-06-12 04:00:00,0.61206,0.61233,0.61116,0.61172,5209
2023-06-12 08:00:00,0.61172,0.61476,0.61161,0.61465,9139
2023-06-12 12:00:00,0.61467,0.61523,0.61327,0.6134,9351
2023-06-12 16:00:00,0.61339,0.61354,0.61055,0.61102,10917
2023-06-12 20:00:00,0.61102,0.61243,0.61101,0.61233,5072
2023-06-13 00:00:00,0.61169,0.61301,0.61167,0.61192,2886
2023-06-13 04:00:00,0.61192,0.61329,0.61061,0.61288,6650
2023-06-13 08:00:00,0.61288,0.61549,0.61239,0.61456,11023
2023-06-13 12:00:00,0.61454,0.61712,0.61251,0.61675,10683
2023-06-13 16:00:00,0.61675,0.61776,0.61388,0.61584,15211
2023-06-13 20:00:00,0.61585,0.61602,0.61364,0.6149,5249
2023-06-14 00:00:00,0.61458,0.61611,0.61355,0.6153,4078
2023-06-14 04:00:00,0.61529,0.61678,0.61499,0.61503,5528
2023-06-14 08:00:00,0.61503,0.61698,0.61421,0.61675,7722
2023-06-14 12:00:00,0.61675,0.62044,0.61619,0.62004,8021
2023-06-14 16:00:00,0.62005,0.62357,0.61972,0.623,9043
2023-06-14 20:00:00,0.62299,0.62335,0.61664,0.6208,20932
2023-06-15 00:00:00,0.62047,0.62177,0.61859,0.61915,3959
2023-06-15 04:00:00,0.61914,0.61928,0.616,0.618,7721
2023-06-15 08:00:00,0.61801,0.62014,0.6166,0.6175,8449
2023-06-15 12:00:00,0.61753,0.61861,0.61542,0.61723,9359
2023-06-15 16:00:00,0.6173,0.62329,0.61725,0.62302,13350
2023-06-15 20:00:00,0.62302,0.62423,0.6227,0.62341,4691
2023-06-16 00:00:00,0.6232,0.62409,0.62291,0.62394,4288
2023-06-16 04:00:00,0.62395,0.62461,0.6226,0.62301,8298
2023-06-16 08:00:00,0.623,0.62472,0.6222,0.62378,11571
2023-06-16 12:00:00,0.62379,0.62403,0.62246,0.6227,8917
2023-06-16 16:00:00,0.62269,0.62349,0.62097,0.62226,15490
2023-06-16 20:00:00,0.62225,0.62401,0.62222,0.62344,5692
2023-06-19 00:00:00,0.62225,0.62364,0.62142,0.62155,7339
2023-06-19 04:00:00,0.62155,0.62227,0.62048,0.62118,8742
2023-06-19 08:00:00,0.62118,0.6231,0.62095,0.62265,10545
2023-06-19 12:00:00,0.62265,0.62286,0.61911,0.62026,8816
2023-06-19 16:00:00,0.62022,0.62063,0.61936,0.62002,8227
2023-06-19 20:00:00,0.62002,0.62023,0.61952,0.62001,6738
2023-06-20 00:00:00,0.61967,0.62054,0.61928,0.62015,6316
2023-06-20 04:00:00,0.62015,0.62048,0.61718,0.61728,11422
2023-06-20 08:00:00,0.61728,0.61957,0.61607,0.61872,13251
2023-06-20 12:00:00,0.61872,0.61895,0.61508,0.61586,9893
2023-06-20 16:00:00,0.61586,0.6163,0.61337,0.61587,15693
2023-06-20 20:00:00,0.61586,0.61699,0.61549,0.61671,7737
2023-06-21 00:00:00,0.61557,0.61698,0.61555,0.61645,4568
2023-06-21 04:00:00,0.61645,0.6186,0.61638,0.61827,8699
2023-06-21 08:00:00,0.61828,0.61859,0.61565,0.61612,15371
2023-06-21 12:00:00,0.61612,0.61772,0.6156,0.61701,11198
2023-06-21 16:00:00,0.61696,0.62025,0.61557,0.62008,15880
2023-06-21 20:00:00,0.62008,0.62172,0.61973,0.62047,6723
2023-06-22 00:00:00,0.6199,0.62124,0.61986,0.62077,4406
2023-06-22 04:00:00,0.62077,0.62193,0.61894,0.61897,7188
2023-06-22 08:00:00,0.61898,0.62167,0.61863,0.62072,12241
2023-06-22 12:00:00,0.62072,0.62229,0.61981,0.61995,12715
2023-06-22 16:00:00,0.61994,0.62058,0.61801,0.61804,16010
2023-06-22 20:00:00,0.61805,0.61808,0.61734,0.61762,6166
2023-06-23 00:00:00,0.61722,0.619,0.61708,0.61883,4635
2023-06-23 04:00:00,0.61885,0.6189,0.61377,0.61421,11595
2023-06-23 08:00:00,0.61422,0.61546,0.61285,0.61299,14397
2023-06-23 12:00:00,0.61297,0.61388,0.61167,0.61286,9737
2023-06-23 16:00:00,0.61285,0.61491,0.61246,0.61403,15180
2023-06-23 20:00:00,0.61407,0.61463,0.61376,0.61427,5245
2023-06-26 00:00:00,0.61368,0.61578,0.61312,0.61576,5951
2023-06-26 04:00:00,0.61576,0.61753,0.61524,0.61686,9021
2023-06-26 08:00:00,0.61687,0.61694,0.61373,0.61624,12709
2023-06-26 12:00:00,0.61624,0.61766,0.61549,0.61707,8992
2023-06-26 16:00:00,0.61708,0.6172,0.61543,0.61708,11826
2023-06-26 20:00:00,0.61709,0.6176,0.61625,0.61636,3747
2023-06-27 00:00:00,0.61571,0.6166,0.61434,0.61572,6854
2023-06-27 04:00:00,0.61572,0.61905,0.61555,0.61862,11324
2023-06-27 08:00:00,0.61863,0.62003,0.61719,0.6176,11870
2023-06-27 12:00:00,0.61759,0.61877,0.61651,0.61814,11005
2023-06-27 16:00:00,0.61813,0.61962,0.61607,0.61702,15294
2023-06-27 20:00:00,0.617,0.61745,0.61615,0.61617,5121
2023-06-28 00:00:00,0.61613,0.61649,0.61487,0.6151,4356
2023-06-28 04:00:00,0.61514,0.61534,0.61135,0.61169,10438
2023-06-28 08:00:00,0.61169,0.61195,0.6084,0.60898,10477
2023-06-28 12:00:00,0.60897,0.60995,0.60691,0.607,9876
2023-06-28 16:00:00,0.60702,0.60934,0.60686,0.60857,15709
2023-06-28 20:00:00,0.60856,0.60885,0.60709,0.60738,5721
2023-06-29 00:00:00,0.60729,0.60775,0.6068,0.60753,4387
2023-06-29 04:00:00,0.60755,0.60955,0.6068,0.60783,11754
2023-06-29 08:00:00,0.60784,0.60883,0.6071,0.60796,11291
2023-06-29 12:00:00,0.60796,0.61017,0.60606,0.60679,10771
2023-06-29 16:00:00,0.60679,0.60806,0.60502,0.60676,15902
2023-06-29 20:00:00,0.60677,0.60719,0.60575,0.60692,6492
2023-06-30 00:00:00,0.60637,0.60714,0.60587,0.60671,3905
2023-06-30 04:00:00,0.60672,0.60914,0.60644,0.60908,8801
2023-06-30 08:00:00,0.60909,0.61001,0.60765,0.60784,10567
2023-06-30 12:00:00,0.60786,0.61093,0.60768,0.61055,10795
2023-06-30 16:00:00,0.61053,0.61389,0.61015,0.61388,16806
2023-06-30 20:00:00,0.61388,0.61414,0.61337,0.61354,5321
2023-07-03 00:00:00,0.61272,0.6137,0.61248,0.61277,3400
2023-07-03 04:00:00,0.61275,0.61581,0.61264,0.61553,8722
2023-07-03 08:00:00,0.61553,0.61553,0.61286,0.61454,11828
2023-07-03 12:00:00,0.61451,0.61513,0.61322,0.61484,11143
2023-07-03 16:00:00,0.61484,0.61699,0.61421,0.61479,14931
2023-07-03 20:00:00,0.61481,0.61544,0.61469,0.61507,2309
2023-07-04 00:00:00,0.61444,0.6163,0.61439,0.6159,3664
2023-07-04 04:00:00,0.6159,0.6164,0.61407,0.6144,9884
2023-07-04 08:00:00,0.61438,0.61824,0.61418,0.61758,8642
2023-07-04 12:00:00,0.61757,0.61971,0.61746,0.61965,7501
2023-07-04 16:00:00,0.61963,0.62123,0.61911,0.6194,6493
2023-07-04 20:00:00,0.61939,0.61975,0.61898,0.61905,3483
2023-07-05 00:00:00,0.61858,0.62067,0.61833,0.61996,3479
2023-07-05 04:00:00,0.61998,0.62007,0.61882,0.61948,7871
2023-07-05 08:00:00,0.61948,0.62004,0.61811,0.619,11046
2023-07-05 12:00:00,0.61899,0.62025,0.61789,0.61907,11134
2023-07-05 16:00:00,0.61907,0.6205,0.61794,0.61835,13963
2023-07-05 20:00:00,0.61837,0.61912,0.61749,0.61782,6936
2023-07-06 00:00:00,0.61766,0.61847,0.61716,0.61812,4272
2023-07-06 04:00:00,0.61813,0.61938,0.61625,0.61818,10142
2023-07-06 08:00:00,0.61817,0.62144,0.61803,0.61945,12671
2023-07-06 12:00:00,0.61945,0.62191,0.61632,0.61707,15449
2023-07-06 16:00:00,0.61709,0.61788,0.61321,0.61517,19563
2023-07-06 20:00:00,0.61519,0.616,0.615,0.61565,5228
2023-07-07 00:00:00,0.61517,0.61678,0.61514,0.61577,3409
2023-07-07 04:00:00,0.61578,0.61753,0.61576,0.61717,6457
2023-07-07 08:00:00,0.6172,0.61829,0.61588,0.61818,11812
2023-07-07 12:00:00,0.61819,0.61993,0.61606,0.61705,14470
2023-07-07 16:00:00,0.61703,0.62195,0.61587,0.6219,19094
2023-07-07 20:00:00,0.6219,0.62192,0.62045,0.62094,5532
2023-07-10 00:00:00,0.61935,0.62102,0.61935,0.61993,4725
2023-07-10 04:00:00,0.61992,0.62148,0.61802,0.61815,8880
2023-07-10 08:00:00,0.61816,0.61924,0.61717,0.61872,9735
2023-07-10 12:00:00,0.61873,0.61895,0.61663,0.61688,8957
2023-07-10 16:00:00,0.61689,0.62114,0.61689,0.62107,12392
2023-07-10 20:00:00,0.62107,0.62175,0.62091,0.62106,4948
2023-07-11 00:00:00,0.62064,0.62187,0.6201,0.62168,5144
2023-07-11 04:00:00,0.62167,0.62244,0.62104,0.62137,12892
2023-07-11 08:00:00,0.62136,0.62165,0.61832,0.6185,12399
2023-07-11 12:00:00,0.61852,0.61962,0.61737,0.61766,10353
2023-07-11 16:00:00,0.61769,0.61886,0.61667,0.61884,12105
2023-07-11 20:00:00,0.61884,0.61981,0.61843,0.61968,5952
2023-07-12 00:00:00,0.6198,0.62212,0.61903,0.62164,5879
2023-07-12 04:00:00,0.62163,0.62389,0.62011,0.62283,12717
2023-07-12 08:00:00,0.62283,0.62286,0.61955,0.61983,9263
2023-07-12 12:00:00,0.6198,0.62462,0.61821,0.62266,13762
2023-07-12 16:00:00,0.62271,0.63035,0.62265,0.63005,20857
2023-07-12 20:00:00,0.63004,0.63081,0.62907,0.62968,6778
2023-07-13 00:00:00,0.62969,0.63157,0.62875,0.6306,5451
2023-07-13 04:00:00,0.6306,0.63392,0.63036,0.63303,10973
2023-07-13 08:00:00,0.63303,0.63612,0.63251,0.6355,13912
2023-07-13 12:00:00,0.63549,0.63749,0.63427,0.63656,13205
2023-07-13 16:00:00,0.63656,0.63947,0.63631,0.63821,15578
2023-07-13 20:00:00,0.63821,0.6395,0.63794,0.63919,5639
2023-07-14 00:00:00,0.63755,0.63965,0.63745,0.63865,5613
2023-07-14 04:00:00,0.63865,0.64116,0.63845,0.64022,11601
2023-07-14 08:00:00,0.64022,0.64038,0.6371,0.6374,13088
2023-07-14 12:00:00,0.63741,0.63878,0.63671,0.63813,10120
2023-07-14 16:00:00,0.63813,0.63901,0.63641,0.63757,18167
2023-07-14 20:00:00,0.6376,0.63794,0.63645,0.63698,5441
2023-07-17 00:00:00,0.63569,0.63682,0.63548,0.63554,4730
2023-07-17 04:00:00,0.63554,0.63625,0.63445,0.63516,11204
2023-07-17 08:00:00,0.63514,0.63562,0.63376,0.63438,10708
2023-07-17 12:00:00,0.63438,0.6346,0.63216,0.63286,11363
2023-07-17 16:00:00,0.63282,0.63362,0.6308,0.63336,12149
2023-07-17 20:00:00,0.63337,0.63426,0.63203,0.63244,4377
2023-07-18 00:00:00,0.63176,0.63337,0.63169,0.63237,4575
2023-07-18 04:00:00,0.63237,0.63436,0.63213,0.63366,13640
2023-07-18 08:00:00,0.63366,0.63436,0.6293,0.62935,12767
2023-07-18 12:00:00,0.62934,0.63031,0.6263,0.62725,14216
2023-07-18 16:00:00,0.62728,0.63013,0.62595,0.62751,20009
2023-07-18 20:00:00,0.62751,0.6283,0.62715,0.62721,5701
2023-07-19 00:00:00,0.62748,0.63145,0.62688,0.62923,6651
2023-07-19 04:00:00,0.62923,0.62941,0.62574,0.62603,12185
2023-07-19 08:00:00,0.62604,0.62651,0.62248,0.62442,15495
2023-07-19 12:00:00,0.62442,0.62546,0.62323,0.62507,13326
2023-07-19 16:00:00,0.62508,0.62595,0.6231,0.62505,18223
2023-07-19 20:00:00,0.62504,0.62644,0.62485,0.62614,8181
2023-07-20 00:00:00,0.6259,0.62697,0.62516,0.62673,5926
2023-07-20 04:00:00,0.62672,0.63076,0.62661,0.63033,14115
2023-07-20 08:00:00,0.63034,0.63051,0.62715,0.6285,13486
2023-07-20 12:00:00,0.62851,0.62997,0.62468,0.62551,15401
2023-07-20 16:00:00,0.62547,0.62585,0.62128,0.6218,18814
2023-07-20 20:00:00,0.62181,0.62339,0.62181,0.62334,5648
2023-07-21 00:00:00,0.62278,0.62409,0.62215,0.6225,5600
2023-07-21 04:00:00,0.62249,0.62306,0.62149,0.62232,11179
2023-07-21 08:00:00,0.62234,0.62379,0.61886,0.61906,13789
2023-07-21 12:00:00,0.61907,0.62008,0.61823,0.61863,13051
2023-07-21 16:00:00,0.61863,0.61952,0.61691,0.61788,12764
2023-07-21 20:00:00,0.61788,0.61807,0.61637,0.61674,4404
2023-07-24 00:00:00,0.61702,0.61763,0.61635,0.61728,6425
2023-07-24 04:00:00,0.61731,0.61746,0.61557,0.61697,12415
2023-07-24 08:00:00,0.61697,0.61995,0.61672,0.61915,14491
2023-07-24 12:00:00,0.61916,0.6215,0.61904,0.62008,11039
2023-07-24 16:00:00,0.62007,0.62097,0.61876,0.62032,17811
2023-07-24 20:00:00,0.6203,0.6207,0.6192,0.62013,6527
2023-07-25 00:00:00,0.62024,0.621,0.61863,0.61935,4719
2023-07-25 04:00:00,0.61934,0.62222,0.61928,0.62082,11727
2023-07-25 08:00:00,0.62081,0.62189,0.62035,0.62182,14128
2023-07-25 12:00:00,0.62181,0.62297,0.61955,0.62252,9189
2023-07-25 16:00:00,0.62252,0.62261,0.62022,0.62166,12531
2023-07-25 20:00:00,0.62165,0.62289,0.62147,0.62219,5761
2023-07-26 00:00:00,0.62059,0.62238,0.62052,0.62137,5750
2023-07-26 04:00:00,0.62137,0.62183,0.61817,0.62153,11675
2023-07-26 08:00:00,0.62154,0.62325,0.6214,0.62197,13484
2023-07-26 12:00:00,0.62198,0.62261,0.62035,0.6206,8683
2023-07-26 16:00:00,0.62061,0.62172,0.62013,0.62036,13841
2023-07-26 20:00:00,0.62036,0.62343,0.61925,0.62146,21771
2023-07-27 00:00:00,0.62088,0.62297,0.62055,0.62291,4384
2023-07-27 04:00:00,0.62291,0.62731,0.62281,0.62552,11641
2023-07-27 08:00:00,0.62551,0.62587,0.62365,0.62545,12896
2023-07-27 12:00:00,0.62545,0.62621,0.62306,0.62373,14691
2023-07-27 16:00:00,0.62373,0.62385,0.61905,0.62031,20022
2023-07-27 20:00:00,0.62032,0.62156,0.61743,0.61813,13446
2023-07-28 00:00:00,0.61821,0.61929,0.61731,0.61733,4399
2023-07-28 04:00:00,0.61734,0.61819,0.6148,0.61515,21285
2023-07-28 08:00:00,0.61516,0.61683,0.61204,0.61324,20447
2023-07-28 12:00:00,0.61324,0.61809,0.61321,0.61582,14781
2023-07-28 16:00:00,0.6158,0.61712,0.61422,0.61634,16674
2023-07-28 20:00:00,0.61633,0.61648,0.61496,0.61551,5990
2023-07-31 00:00:00,0.61551,0.61649,0.61427,0.61644,6517
2023-07-31 04:00:00,0.61642,0.61916,0.6162,0.61896,12513
2023-07-31 08:00:00,0.61898,0.6205,0.61838,0.61927,11693
2023-07-31 12:00:00,0.61927,0.62083,0.61865,0.62009,10644
2023-07-31 16:00:00,0.6201,0.62253,0.61923,0.62204,12957
2023-07-31 20:00:00,0.62203,0.62216,0.62068,0.62084,4182
2023-08-01 00:00:00,0.62084,0.62167,0.61875,0.62066,4328
2023-08-01 04:00:00,0.62066,0.62085,0.61794,0.61922,12376
2023-08-01 08:00:00,0.61923,0.61971,0.61528,0.61588,11103
2023-08-01 12:00:00,0.61588,0.61664,0.61365,0.61391,9864
2023-08-01 16:00:00,0.61393,0.61665,0.6131,0.61344,13538
2023-08-01 20:00:00,0.61344,0.61509,0.61308,0.61486,4716
2023-08-02 00:00:00,0.61468,0.61689,0.61247,0.61311,8033
2023-08-02 04:00:00,0.61311,0.61394,0.61002,0.61037,9925
2023-08-02 08:00:00,0.61038,0.61141,0.60932,0.61123,12532
2023-08-02 12:00:00,0.61122,0.61229,0.60909,0.60929,11818
2023-08-02 16:00:00,0.60931,0.60982,0.60681,0.60882,14376
2023-08-02 20:00:00,0.60882,0.60926,0.60756,0.60799,6019
2023-08-03 00:00:00,0.60762,0.60876,0.60676,0.60812,5974
2023-08-03 04:00:00,0.60811,0.6091,0.60644,0.60695,12096
2023-08-03 08:00:00,0.60693,0.60804,0.6061,0.60675,15050
2023-08-03 12:00:00,0.60677,0.6093,0.60675,0.60772,14902
2023-08-03 16:00:00,0.6077,0.60971,0.60598,0.60894,14995
2023-08-03 20:00:00,0.60894,0.60898,0.60641,0.60768,5501
2023-08-04 00:00:00,0.60774,0.60932,0.60741,0.60927,3972
2023-08-04 04:00:00,0.60926,0.61027,0.60856,0.60894,12043
2023-08-04 08:00:00,0.60894,0.60967,0.60773,0.60776,10702
2023-08-04 12:00:00,0.60777,0.61091,0.60697,0.61006,14691
2023-08-04 16:00:00,0.61005,0.61329,0.60993,0.61275,17982
2023-08-04 20:00:00,0.61272,0.61284,0.60891,0.60968,7229
2023-08-07 00:00:00,0.6096,0.61085,0.60831,0.61082,4955
2023-08-07 04:00:00,0.61081,0.61136,0.60974,0.61019,8174
2023-08-07 08:00:00,0.61019,0.61114,0.60863,0.60918,9000
2023-08-07 12:00:00,0.60917,0.61112,0.60846,0.61105,7455
2023-08-07 16:00:00,0.61106,0.61169,0.60863,0.6101,12431
2023-08-07 20:00:00,0.61009,0.61087,0.6097,0.61062,5097
2023-08-08 00:00:00,0.61033,0.61097,0.60978,0.61038,4432
2023-08-08 04:00:00,0.61037,0.61039,0.60709,0.60785,11657
2023-08-08 08:00:00,0.60787,0.60831,0.60522,0.60647,10757
2023-08-08 12:00:00,0.60647,0.60658,0.60378,0.60441,9635
2023-08-08 16:00:00,0.60439,0.60551,0.60343,0.60485,12999
2023-08-08 20:00:00,0.60486,0.60681,0.60482,0.60647,4907
2023-08-09 00:00:00,0.605,0.60643,0.60495,0.60499,5570
2023-08-09 04:00:00,0.605,0.60886,0.60486,0.60728,10842
2023-08-09 08:00:00,0.6073,0.60944,0.60711,0.60789,10002
2023-08-09 12:00:00,0.60788,0.60798,0.60506,0.6056,8585
2023-08-09 16:00:00,0.6056,0.60709,0.60443,0.60525,11621
2023-08-09 20:00:00,0.60525,0.60641,0.60509,0.60534,5475
2023-08-10 00:00:00,0.60481,0.60623,0.60392,0.60557,3876
2023-08-10 04:00:00,0.60556,0.60692,0.60499,0.60575,7827
2023-08-10 08:00:00,0.60575,0.60815,0.60552,0.60685,8983
2023-08-10 12:00:00,0.60685,0.61179,0.60608,0.60939,12778
2023-08-10 16:00:00,0.60935,0.6097,0.60512,0.60544,19466
2023-08-10 20:00:00,0.60545,0.60553,0.60207,0.6021,10704
2023-08-11 00:00:00,0.60208,0.60276,0.60077,0.60156,4719
2023-08-11 04:00:00,0.60156,0.60234,0.60039,0.60051,9154
2023-08-11 08:00:00,0.60053,0.60198,0.60019,0.60108,10564
2023-08-11 12:00:00,0.60106,0.60153,0.5984,0.5986,10795
2023-08-11 16:00:00,0.59859,0.60118,0.59746,0.59794,17141
2023-08-11 20:00:00,0.59795,0.5989,0.59775,0.59845,5315
2023-08-14 00:00:00,0.5982,0.5992,0.59711,0.59725,4232
2023-08-14 04:00:00,0.59724,0.59734,0.59536,0.59613,10662
2023-08-14 08:00:00,0.59615,0.59898,0.59587,0.59801,12236
2023-08-14 12:00:00,0.59801,0.59897,0.59593,0.59644,9452
2023-08-14 16:00:00,0.59643,0.59891,0.59436,0.59818,14433
2023-08-14 20:00:00,0.59817,0.59835,0.5965,0.59747,5883
2023-08-15 00:00:00,0.59711,0.59776,0.59493,0.59695,3864
2023-08-15 04:00:00,0.59698,0.59929,0.59596,0.59829,10901
2023-08-15 08:00:00,0.59828,0.59963,0.59539,0.59659,13691
2023-08-15 12:00:00,0.5966,0.59831,0.5956,0.59697,15933
2023-08-15 16:00:00,0.59698,0.59878,0.59617,0.59657,19035
2023-08-15 20:00:00,0.59655,0.59672,0.59484,0.59497,6287
2023-08-16 00:00:00,0.59516,0.59583,0.59382,0.59397,5253
2023-08-16 04:00:00,0.59395,0.59674,0.59312,0.59671,12713
2023-08-16 08:00:00,0.59671,0.59929,0.59625,0.59866,11431
2023-08-16 12:00:00,0.59866,0.59873,0.59468,0.59471,8399
2023-08-16 16:00:00,0.59469,0.59721,0.59419,0.5943,14704
2023-08-16 20:00:00,0.59431,0.59541,0.59262,0.59371,12249
2023-08-17 00:00:00,0.59318,0.59393,0.5915,0.59164,6131
2023-08-17 04:00:00,0.59159,0.5924,0.59028,0.59181,10822
2023-08-17 08:00:00,0.59183,0.59361,0.59082,0.59283,10401
2023-08-17 12:00:00,0.59281,0.59634,0.59241,0.59537,11687
2023-08-17 16:00:00,0.59538,0.59627,0.59273,0.59366,15128
2023-08-17 20:00:00,0.59367,0.5937,0.59188,0.59246,8654
2023-08-18 00:00:00,0.59198,0.59375,0.59178,0.59316,7016
2023-08-18 04:00:00,0.59316,0.59445,0.59195,0.5923,11467
2023-08-18 08:00:00,0.5923,0.59368,0.59182,0.59229,11752
2023-08-18 12:00:00,0.5923,0.59349,0.59088,0.59161,10280
2023-08-18 16:00:00,0.59163,0.59418,0.59134,0.59415,13618
2023-08-18 20:00:00,0.59416,0.59466,0.59207,0.59232,6648
2023-08-21 00:00:00,0.59232,0.59336,0.59125,0.59231,4512
2023-08-21 04:00:00,0.5923,0.5923,0.59062,0.59176,9046
2023-08-21 08:00:00,0.59176,0.59254,0.5905,0.5912,11458
2023-08-21 12:00:00,0.5912,0.59285,0.59094,0.59196,8912
2023-08-21 16:00:00,0.59196,0.59234,0.58961,0.59166,12599
2023-08-21 20:00:00,0.59168,0.59307,0.59143,0.59263,4813
2023-08-22 00:00:00,0.59221,0.59331,0.59218,0.59289,4310
2023-08-22 04:00:00,0.5929,0.59426,0.5923,0.59321,9111
2023-08-22 08:00:00,0.59323,0.59645,0.59293,0.59551,11531
2023-08-22 12:00:00,0.59552,0.59715,0.59396,0.59398,9439
2023-08-22 16:00:00,0.59395,0.59522,0.59234,0.59443,14734
2023-08-22 20:00:00,0.59443,0.59487,0.59383,0.59456,4811
2023-08-23 00:00:00,0.59447,0.59519,0.59374,0.59488,3653
2023-08-23 04:00:00,0.59489,0.59666,0.59449,0.59485,7190
2023-08-23 08:00:00,0.59486,0.59552,0.59332,0.59457,12385
2023-08-23 12:00:00,0.59457,0.5947,0.59268,0.59308,10089
2023-08-23 16:00:00,0.59307,0.59816,0.59302,0.598,16669
2023-08-23 20:00:00,0.59799,0.5985,0.59694,0.59785,6159
2023-08-24 00:00:00,0.59781,0.59799,0.59684,0.59704,5376
2023-08-24 04:00:00,0.59703,0.59747,0.59593,0.59728,10262
2023-08-24 08:00:00,0.5973,0.59754,0.59482,0.59507,10752
2023-08-24 12:00:00,0.59504,0.59521,0.59215,0.59241,10160
2023-08-24 16:00:00,0.59242,0.59408,0.59185,0.59235,15715
2023-08-24 20:00:00,0.59234,0.5927,0.59158,0.59229,5997
2023-08-25 00:00:00,0.59207,0.59265,0.59161,0.59216,4695
2023-08-25 04:00:00,0.59218,0.59242,0.59017,0.59017,8902
2023-08-25 08:00:00,0.59016,0.59145,0.5894,0.5911,9330
2023-08-25 12:00:00,0.5911,0.59268,0.5906,0.59224,7785
2023-08-25 16:00:00,0.59222,0.59422,0.58857,0.59049,24670
2023-08-25 20:00:00,0.59048,0.59214,0.59005,0.59015,7048
2023-08-28 00:00:00,0.58956,0.59164,0.58956,0.59141,4068
2023-08-28 04:00:00,0.59141,0.59254,0.59139,0.59165,8172
2023-08-28 08:00:00,0.59164,0.5924,0.58949,0.59019,9033
2023-08-28 12:00:00,0.59017,0.59149,0.58952,0.59121,8698
2023-08-28 16:00:00,0.59121,0.5915,0.59021,0.59117,12476
2023-08-28 20:00:00,0.59118,0.59161,0.59034,0.59101,5325
2023-08-29 00:00:00,0.59013,0.59138,0.58955,0.59044,4307
2023-08-29 04:00:00,0.59046,0.59291,0.59042,0.59211,7336
2023-08-29 08:00:00,0.59212,0.59352,0.59167,0.59178,9108
2023-08-29 12:00:00,0.59177,0.59311,0.5887,0.58914,9859
2023-08-29 16:00:00,0.58913,0.59565,0.58877,0.59482,19765
2023-08-29 20:00:00,0.59483,0.59771,0.59483,0.59706,7302
2023-08-30 00:00:00,0.59678,0.59742,0.59628,0.59684,3904
2023-08-30 04:00:00,0.59683,0.59686,0.59431,0.59514,10242
2023-08-30 08:00:00,0.59514,0.59605,0.59396,0.59443,13539
2023-08-30 12:00:00,0.59444,0.60006,0.59424,0.59966,13021
2023-08-30 16:00:00,0.59961,0.60064,0.5968,0.59699,16150
2023-08-30 20:00:00,0.59699,0.59767,0.5958,0.59581,5603
2023-08-31 00:00:00,0.59562,0.59595,0.59441,0.59554,6272
2023-08-31 04:00:00,0.59556,0.59769,0.59556,0.59585,9194
2023-08-31 08:00:00,0.59585,0.59637,0.59506,0.59509,9909
2023-08-31 12:00:00,0.59507,0.59707,0.59397,0.59647,13524
2023-08-31 16:00:00,0.59647,0.59675,0.59303,0.59498,17596
2023-08-31 20:00:00,0.59497,0.59664,0.59491,0.59648,5645
2023-09-01 00:00:00,0.5964,0.59781,0.59582,0.59615,4980
2023-09-01 04:00:00,0.59616,0.59876,0.5952,0.59639,8131
2023-09-01 08:00:00,0.5964,0.59691,0.59432,0.59585,8258
2023-09-01 12:00:00,0.59582,0.60148,0.59572,0.60011,12557
2023-09-01 16:00:00,0.60014,0.60033,0.59341,0.5941,23995
2023-09-01 20:00:00,0.59413,0.59457,0.59381,0.59414,4641
2023-09-04 00:00:00,0.59356,0.59483,0.59352,0.59447,4382
2023-09-04 04:00:00,0.59447,0.59595,0.59402,0.59471,8669
2023-09-04 08:00:00,0.59471,0.59607,0.59413,0.59431,9050
2023-09-04 12:00:00,0.59434,0.59506,0.59371,0.59408,4709
2023-09-04 16:00:00,0.59408,0.59449,0.59316,0.59384,4035
2023-09-04 20:00:00,0.59382,0.594,0.59371,0.59389,2066
2023-09-05 00:00:00,0.59389,0.59428,0.59295,0.59363,3693
2023-09-05 04:00:00,0.59364,0.59374,0.59127,0.59165,8753
2023-09-05 08:00:00,0.59163,0.59181,0.58732,0.58762,12928
2023-09-05 12:00:00,0.58762,0.58842,0.58587,0.58827,10227
2023-09-05 16:00:00,0.58831,0.589,0.58694,0.5884,16057
2023-09-05 20:00:00,0.5884,0.58856,0.58769,0.58831,4919
2023-09-06 00:00:00,0.58789,0.58878,0.58697,0.58709,3574
2023-09-06 04:00:00,0.58711,0.58887,0.58603,0.58884,9918
2023-09-06 08:00:00,0.58888,0.59034,0.58752,0.58898,11480
2023-09-06 12:00:00,0.58898,0.5898,0.58823,0.58886,8231
2023-09-06 16:00:00,0.58885,0.58957,0.5859,0.58677,18220
2023-09-06 20:00:00,0.5868,0.58747,0.58637,0.5871,5129
2023-09-07 00:00:00,0.58635,0.58761,0.58625,0.58662,3576
2023-09-07 04:00:00,0.58664,0.58737,0.58619,0.58701,7826
2023-09-07 08:00:00,0.58699,0.58914,0.5869,0.58873,9954
2023-09-07 12:00:00,0.58871,0.58909,0.58702,0.58897,10964
2023-09-07 16:00:00,0.58897,0.5894,0.58695,0.58795,12565
2023-09-07 20:00:00,0.58796,0.58882,0.58757,0.58763,4733
2023-09-08 00:00:00,0.58763,0.59003,0.58682,0.58901,4308
2023-09-08 04:00:00,0.58901,0.59024,0.58779,0.58931,7918
2023-09-08 08:00:00,0.58933,0.5914,0.58933,0.59047,9676
2023-09-08 12:00:00,0.59045,0.59162,0.59,0.59056,9120
2023-09-08 16:00:00,0.59056,0.59176,0.58857,0.58885,11462
2023-09-08 20:00:00,0.58886,0.58941,0.58806,0.58839,3645
2023-09-11 00:00:00,0.58806,0.59054,0.58782,0.59006,6528
2023-09-11 04:00:00,0.59008,0.59314,0.58971,0.59297,11762
2023-09-11 08:00:00,0.59297,0.59332,0.5919,0.59226,11011
2023-09-11 12:00:00,0.59226,0.59275,0.59105,0.59219,8974
2023-09-11 16:00:00,0.59218,0.59347,0.59156,0.59211,12451
2023-09-11 20:00:00,0.59211,0.59217,0.5915,0.59197,4725
2023-09-12 00:00:00,0.59145,0.59218,0.59079,0.59084,4698
2023-09-12 04:00:00,0.59084,0.59214,0.59057,0.59098,9342
2023-09-12 08:00:00,0.59098,0.59184,0.59017,0.59051,11212
2023-09-12 12:00:00,0.5905,0.59084,0.58923,0.58965,9439
2023-09-12 16:00:00,0.58965,0.59067,0.58887,0.58991,10748
2023-09-12 20:00:00,0.5899,0.59074,0.58975,0.59048,5795
2023-09-13 00:00:00,0.58974,0.59135,0.58974,0.59082,4091
2023-09-13 04:00:00,0.59083,0.59132,0.58863,0.58972,7825
2023-09-13 08:00:00,0.58973,0.59085,0.58905,0.59078,11005
2023-09-13 12:00:00,0.59077,0.59204,0.58795,0.5909,14825
2023-09-13 16:00:00,0.59091,0.59266,0.59023,0.592,17395
2023-09-13 20:00:00,0.59199,0.59247,0.59038,0.59174,6641
2023-09-14 00:00:00,0.59154,0.59367,0.59131,0.59351,3649
2023-09-14 04:00:00,0.59353,0.59443,0.59183,0.59286,8292
2023-09-14 08:00:00,0.59286,0.59385,0.59173,0.59232,8480
2023-09-14 12:00:00,0.59231,0.59338,0.5901,0.59178,15934
2023-09-14 16:00:00,0.5918,0.59346,0.5903,0.59221,18324
2023-09-14 20:00:00,0.5922,0.59231,0.59062,0.59117,5833
2023-09-15 00:00:00,0.59096,0.59178,0.59015,0.5912,4029
2023-09-15 04:00:00,0.59121,0.59358,0.5908,0.59347,8747
2023-09-15 08:00:00,0.59348,0.59369,0.59126,0.59134,10140
2023-09-15 12:00:00,0.59133,0.59193,0.59005,0.5901,10109
2023-09-15 16:00:00,0.5901,0.59174,0.58956,0.59038,15387
2023-09-15 20:00:00,0.59037,0.59057,0.58924,0.58991,5291
2023-09-18 00:00:00,0.5897,0.59143,0.58949,0.59142,2657
2023-09-18 04:00:00,0.59144,0.59191,0.59014,0.59142,6544
2023-09-18 08:00:00,0.59144,0.59195,0.58984,0.59079,7543
2023-09-18 12:00:00,0.59078,0.59113,0.58986,0.58998,6209
2023-09-18 16:00:00,0.58999,0.59209,0.58943,0.59155,11109
2023-09-18 20:00:00,0.59156,0.59188,0.59101,0.59169,4569
2023-09-19 00:00:00,0.59072,0.59268,0.59059,0.5917,3495
2023-09-19 04:00:00,0.59172,0.59225,0.59114,0.59212,5846
2023-09-19 08:00:00,0.59212,0.59409,0.59125,0.5934,8612
2023-09-19 12:00:00,0.59339,0.59476,0.59292,0.5942,7693
2023-09-19 16:00:00,0.59414,0.59438,0.59239,0.59271,11495
2023-09-19 20:00:00,0.59272,0.59346,0.59267,0.59337,5662
2023-09-20 00:00:00,0.5935,0.59534,0.59306,0.59404,4287
2023-09-20 04:00:00,0.59406,0.59465,0.59323,0.59369,6592
2023-09-20 08:00:00,0.59368,0.5944,0.59332,0.5943,9620
2023-09-20 12:00:00,0.5943,0.59678,0.59401,0.59616,7313
2023-09-20 16:00:00,0.59617,0.59851,0.59606,0.59837,10841
2023-09-20 20:00:00,0.59839,0.59839,0.59202,0.59287,19082
2023-09-21 00:00:00,0.59279,0.59511,0.59084,0.59112,7085
2023-09-21 04:00:00,0.59111,0.59201,0.59024,0.59043,6688
2023-09-21 08:00:00,0.59046,0.59202,0.59015,0.59128,9666
2023-09-21 12:00:00,0.59128,0.59249,0.5895,0.59092,12077
2023-09-21 16:00:00,0.59092,0.59366,0.5905,0.59302,15635
2023-09-21 20:00:00,0.59303,0.59412,0.59272,0.5931,5805
2023-09-22 00:00:00,0.59264,0.59387,0.59205,0.59259,4074
2023-09-22 04:00:00,0.59259,0.59379,0.59189,0.59365,7463
2023-09-22 08:00:00,0.59368,0.59573,0.59325,0.59546,11928
2023-09-22 12:00:00,0.59547,0.59814,0.59529,0.598,8225
2023-09-22 16:00:00,0.59801,0.59885,0.59696,0.59713,12931
2023-09-22 20:00:00,0.59713,0.59739,0.59584,0.59603,5385
2023-09-25 00:00:00,0.59565,0.59622,0.59542,0.59603,4970
2023-09-25 04:00:00,0.59603,0.59638,0.59448,0.59497,4926
2023-09-25 08:00:00,0.59497,0.59548,0.59428,0.59483,9523
2023-09-25 12:00:00,0.59482,0.59737,0.59462,0.59656,9457
2023-09-25 16:00:00,0.59656,0.59722,0.59517,0.59633,13786
2023-09-25 20:00:00,0.59634,0.59706,0.59576,0.59669,5216
2023-09-26 00:00:00,0.59662,0.59694,0.59598,0.59646,4028
2023-09-26 04:00:00,0.59648,0.59733,0.59612,0.59633,6729
2023-09-26 08:00:00,0.59632,0.59653,0.59359,0.59593,11451
2023-09-26 12:00:00,0.59591,0.59688,0.59541,0.5968,9951
2023-09-26 16:00:00,0.59682,0.59691,0.59471,0.59542,15276
2023-09-26 20:00:00,0.59541,0.5958,0.59414,0.59444,5561
2023-09-27 00:00:00,0.59447,0.59537,0.59421,0.5944,3693
2023-09-27 04:00:00,0.59439,0.59564,0.59225,0.59286,8940
2023-09-27 08:00:00,0.59287,0.5944,0.59225,0.59413,9930
2023-09-27 12:00:00,0.59414,0.59424,0.59201,0.59304,9840
2023-09-27 16:00:00,0.59304,0.59416,0.59171,0.59178,14417
2023-09-27 20:00:00,0.59177,0.59301,0.58993,0.59229,9937
2023-09-28 00:00:00,0.5923,0.59298,0.59111,0.59292,4851
2023-09-28 04:00:00,0.59293,0.59455,0.59272,0.59395,7282
2023-09-28 08:00:00,0.59397,0.5947,0.59336,0.59439,10116
2023-09-28 12:00:00,0.59439,0.59641,0.59349,0.59376,11621
2023-09-28 16:00:00,0.59373,0.59728,0.59364,0.5964,21032
2023-09-28 20:00:00,0.59641,0.59691,0.59561,0.59621,8381
2023-09-29 00:00:00,0.59603,0.59701,0.59596,0.59657,4469
2023-09-29 04:00:00,0.59656,0.60063,0.59645,0.60032,8646
2023-09-29 08:00:00,0.60032,0.60351,0.59994,0.60288,11207
2023-09-29 12:00:00,0.60287,0.60486,0.60217,0.60346,11632
2023-09-29 16:00:00,0.60347,0.60371,0.6002,0.6004,20000
2023-09-29 20:00:00,0.60037,0.60037,0.59874,0.59978,9816
2023-10-02 00:00:00,0.59833,0.6,0.59814,0.59909,6184
2023-10-02 04:00:00,0.59907,0.59964,0.59872,0.59877,6546
2023-10-02 08:00:00,0.59878,0.60077,0.59771,0.59807,9868
2023-10-02 12:00:00,0.59805,0.59821,0.59655,0.59662,11993
2023-10-02 16:00:00,0.59659,0.59705,0.59449,0.59456,20917
2023-10-02 20:00:00,0.59454,0.59567,0.59427,0.59474,7475
2023-10-03 00:00:00,0.59481,0.59543,0.59337,0.5938,4841
2023-10-03 04:00:00,0.59381,0.59385,0.59067,0.59094,7581
2023-10-03 08:00:00,0.5909,0.592,0.5903,0.59118,12335
2023-10-03 12:00:00,0.59122,0.59122,0.58876,0.58972,12495
2023-10-03 16:00:00,0.58976,0.5917,0.58872,0.58999,25382
2023-10-03 20:00:00,0.58998,0.59105,0.58899,0.59086,9035
2023-10-04 00:00:00,0.59083,0.59207,0.59014,0.59203,4875
2023-10-04 04:00:00,0.59202,0.59214,0.58706,0.59015,9551
2023-10-04 08:00:00,0.59016,0.5905,0.58804,0.59004,11882
2023-10-04 12:00:00,0.59008,0.59208,0.58924,0.5917,14192
2023-10-04 16:00:00,0.59171,0.59247,0.58858,0.59165,20239
2023-10-04 20:00:00,0.59166,0.59209,0.59044,0.59121,8054
2023-10-05 00:00:00,0.59096,0.59325,0.59081,0.5932,4826
2023-10-05 04:00:00,0.59318,0.59502,0.59283,0.59487,9237
2023-10-05 08:00:00,0.59487,0.5949,0.59201,0.5923,11711
2023-10-05 12:00:00,0.59229,0.59448,0.59212,0.59395,13701
2023-10-05 16:00:00,0.59395,0.59602,0.5935,0.59576,21170
2023-10-05 20:00:00,0.59575,0.59675,0.59531,0.59649,7180
2023-10-06 00:00:00,0.59645,0.59708,0.59589,0.59651,4134
2023-10-06 04:00:00,0.5965,0.59696,0.59565,0.59576,7450
2023-10-06 08:00:00,0.59576,0.59676,0.59499,0.59622,9483
2023-10-06 12:00:00,0.59622,0.59704,0.5923,0.59334,16185
2023-10-06 16:00:00,0.59333,0.59997,0.59295,0.59824,26034
2023-10-06 20:00:00,0.59822,0.60033,0.59812,0.59884,6529
2023-10-09 00:00:00,0.59884,0.59884,0.59615,0.59848,8593
2023-10-09 04:00:00,0.59849,0.59886,0.5964,0.59652,8179
2023-10-09 08:00:00,0.59654,0.59799,0.59601,0.5973,13748
2023-10-09 12:00:00,0.59731,0.59853,0.59726,0.59841,11561
2023-10-09 16:00:00,0.59841,0.60084,0.5984,0.60004,15177
2023-10-09 20:00:00,0.60004,0.60275,0.59986,0.60219,8088
2023-10-10 00:00:00,0.60173,0.60379,0.60144,0.60287,5636
2023-10-10 04:00:00,0.60287,0.60414,0.60148,0.60158,9499
2023-10-10 08:00:00,0.60158,0.60245,0.59987,0.60207,18508
2023-10-10 12:00:00,0.60207,0.60232,0.59982,0.60112,17086
2023-10-10 16:00:00,0.60111,0.60434,0.60047,0.60409,17997
2023-10-10 20:00:00,0.6041,0.60484,0.60273,0.60453,9206
2023-10-11 00:00:00,0.60436,0.60551,0.60361,0.60478,3810
2023-10-11 04:00:00,0.6048,0.60493,0.60213,0.60249,10565
2023-10-11 08:00:00,0.6025,0.60367,0.60173,0.60224,15511
2023-10-11 12:00:00,0.60224,0.60268,0.60068,0.60256,16930
2023-10-11 16:00:00,0.60257,0.60327,0.60135,0.60193,22229
2023-10-11 20:00:00,0.60194,0.60225,0.60063,0.60195,10119
2023-10-12 00:00:00,0.60196,0.60213,0.60139,0.60186,5142
2023-10-12 04:00:00,0.60186,0.60254,0.60065,0.60163,8856
2023-10-12 08:00:00,0.60164,0.60173,0.59954,0.60021,12354
2023-10-12 12:00:00,0.60024,0.60032,0.59726,0.59798,15668
2023-10-12 16:00:00,0.59799,0.59821,0.59334,0.59351,21945
2023-10-12 20:00:00,0.59349,0.5938,0.59247,0.5926,10351
2023-10-13 00:00:00,0.59269,0.59289,0.59197,0.5927,4649
2023-10-13 04:00:00,0.59268,0.59279,0.59122,0.59142,11038
2023-10-13 08:00:00,0.59141,0.59259,0.59103,0.59146,14372
2023-10-13 12:00:00,0.59144,0.59205,0.58978,0.59185,16776
2023-10-13 16:00:00,0.59185,0.5921,0.58866,0.58916,18144
2023-10-13 20:00:00,0.58918,0.58965,0.5883,0.58847,7107
2023-10-16 00:00:00,0.59118,0.59134,0.58987,0.59041,5385
2023-10-16 04:00:00,0.59044,0.59283,0.59039,0.59231,8139
2023-10-16 08:00:00,0.59231,0.59279,0.59147,0.59186,11730
2023-10-16 12:00:00,0.59185,0.59274,0.59131,0.59243,10709
2023-10-16 16:00:00,0.59244,0.59252,0.59061,0.59238,12879
2023-10-16 20:00:00,0.59239,0.59293,0.59215,0.59277,5431
2023-10-17 00:00:00,0.59256,0.59282,0.5896,0.59066,6606
2023-10-17 04:00:00,0.59066,0.59137,0.58986,0.59014,6726
2023-10-17 08:00:00,0.59015,0.59043,0.58797,0.5883,10136
2023-10-17 12:00:00,0.5883,0.59037,0.58708,0.58764,12982
2023-10-17 16:00:00,0.58761,0.5909,0.58714,0.59002,19562
2023-10-17 20:00:00,0.59002,0.59016,0.58871,0.58965,7833
2023-10-18 00:00:00,0.58954,0.58981,0.58797,0.58854,5450
2023-10-18 04:00:00,0.58854,0.59111,0.58835,0.59052,11185
2023-10-18 08:00:00,0.59054,0.59196,0.58961,0.5902,13133
2023-10-18 12:00:00,0.59019,0.59065,0.58774,0.5883,12356
2023-10-18 16:00:00,0.58831,0.58874,0.58508,0.58568,19607
2023-10-18 20:00:00,0.58568,0.58743,0.58532,0.58554,12804
2023-10-19 00:00:00,0.58537,0.58583,0.58417,0.58471,5375
2023-10-19 04:00:00,0.5847,0.58524,0.58241,0.5826,9302
2023-10-19 08:00:00,0.58259,0.58331,0.58173,0.58196,13229
2023-10-19 12:00:00,0.58197,0.5835,0.58154,0.58333,12464
2023-10-19 16:00:00,0.58334,0.58665,0.58281,0.58579,25136
2023-10-19 20:00:00,0.58583,0.58646,0.58406,0.58482,16102
2023-10-20 00:00:00,0.58475,0.58493,0.58276,0.58316,5237
2023-10-20 04:00:00,0.58315,0.5839,0.58206,0.58298,7518
2023-10-20 08:00:00,0.583,0.58352,0.58165,0.58325,12026
2023-10-20 12:00:00,0.58323,0.58359,0.58184,0.58236,10497
2023-10-20 16:00:00,0.58234,0.58362,0.58205,0.58304,17931
2023-10-20 20:00:00,0.58303,0.58354,0.58198,0.58271,9819
2023-10-23 00:00:00,0.58169,0.5832,0.58169,0.58225,4742
2023-10-23 04:00:00,0.58224,0.58298,0.58186,0.58217,5858
2023-10-23 08:00:00,0.58218,0.58334,0.58138,0.58156,9753
2023-10-23 12:00:00,0.58153,0.58292,0.58071,0.58194,10856
2023-10-23 16:00:00,0.58194,0.58515,0.58132,0.58515,16009
2023-10-23 20:00:00,0.58516,0.58576,0.58443,0.58447,7572
2023-10-24 00:00:00,0.58427,0.58545,0.58412,0.58532,4899
2023-10-24 04:00:00,0.58531,0.58649,0.58464,0.58563,7896
2023-10-24 08:00:00,0.58564,0.58721,0.58499,0.58577,11039
2023-10-24 12:00:00,0.58575,0.58586,0.58419,0.58485,10738
2023-10-24 16:00:00,0.58486,0.5849,0.58288,0.58333,18141
2023-10-24 20:00:00,0.58332,0.58455,0.58331,0.58443,6503
2023-10-25 00:00:00,0.58409,0.58601,0.584,0.5859,6370
2023-10-25 04:00:00,0.58591,0.58695,0.5848,0.58542,7021
2023-10-25 08:00:00,0.58544,0.58584,0.58382,0.58403,10210
2023-10-25 12:00:00,0.58402,0.58418,0.58162,0.58189,9695
2023-10-25 16:00:00,0.5819,0.58297,0.58096,0.5815,17162
2023-10-25 20:00:00,0.5815,0.58166,0.58006,0.58011,9236
2023-10-26 00:00:00,0.58016,0.58038,0.57794,0.5782,6603
2023-10-26 04:00:00,0.57821,0.57911,0.5773,0.57799,9113
2023-10-26 08:00:00,0.57798,0.58068,0.57797,0.58038,12596
2023-10-26 12:00:00,0.58041,0.58186,0.57891,0.58181,13452
2023-10-26 16:00:00,0.58182,0.58289,0.58062,0.58091,19153
2023-10-26 20:00:00,0.58092,0.58293,0.58084,0.58197,9476
2023-10-27 00:00:00,0.58206,0.5831,0.58136,0.58237,6369
2023-10-27 04:00:00,0.58236,0.58318,0.58176,0.58231,9662
2023-10-27 08:00:00,0.5823,0.58271,0.58096,0.58259,9661
2023-10-27 12:00:00,0.58257,0.58359,0.58149,0.58293,10082
2023-10-27 16:00:00,0.58292,0.58438,0.58149,0.58159,17273
2023-10-27 20:00:00,0.58158,0.58166,0.58049,0.5809,10266
2023-10-30 00:00:00,0.58086,0.58174,0.58041,0.58164,5401
2023-10-30 04:00:00,0.58163,0.58282,0.58155,0.58281,6781
2023-10-30 08:00:00,0.58281,0.5834,0.58191,0.58231,8850
2023-10-30 12:00:00,0.58231,0.58382,0.58231,0.58338,10488
2023-10-30 16:00:00,0.58339,0.58435,0.58222,0.58311,16286
2023-10-30 20:00:00,0.58311,0.58447,0.58279,0.58438,6083
2023-10-31 00:00:00,0.58429,0.58452,0.58341,0.58373,4830
2023-10-31 04:00:00,0.58373,0.58458,0.58225,0.58254,11121
2023-10-31 08:00:00,0.58254,0.58529,0.58241,0.58527,10008
2023-10-31 12:00:00,0.58528,0.5857,0.58302,0.58305,11226
2023-10-31 16:00:00,0.58305,0.58308,0.58034,0.58097,18577
2023-10-31 20:00:00,0.58099,0.5826,0.58096,0.58242,7189
2023-11-01 00:00:00,0.58168,0.58312,0.57937,0.57995,6253
2023-11-01 04:00:00,0.57995,0.58087,0.57886,0.5806,9115
2023-11-01 08:00:00,0.58059,0.58223,0.58031,0.58178,9693
2023-11-01 12:00:00,0.5818,0.58391,0.58134,0.58302,12296
2023-11-01 16:00:00,0.58303,0.58582,0.58145,0.58258,18381
2023-11-01 20:00:00,0.58259,0.58571,0.58208,0.58465,19251
2023-11-02 00:00:00,0.58404,0.58918,0.58394,0.58918,7242
2023-11-02 04:00:00,0.58917,0.58961,0.58814,0.58821,9189
2023-11-02 08:00:00,0.5882,0.58909,0.5873,0.58866,9832
2023-11-02 12:00:00,0.5887,0.59167,0.58864,0.59155,12192
2023-11-02 16:00:00,0.59157,0.5916,0.58774,0.58807,17282
2023-11-02 20:00:00,0.58808,0.58979,0.58799,0.58971,6545
2023-11-03 00:00:00,0.58975,0.59005,0.58846,0.58876,4423
2023-11-03 04:00:00,0.58877,0.59004,0.5884,0.58986,7386
2023-11-03 08:00:00,0.58987,0.59135,0.58982,0.59087,7081
2023-11-03 12:00:00,0.59086,0.59832,0.59058,0.59713,12402
2023-11-03 16:00:00,0.59713,0.59994,0.59608,0.59956,24313
2023-11-03 20:00:00,0.59955,0.60003,0.59824,0.59933,7136
2023-11-06 00:00:00,0.59919,0.59974,0.59832,0.59876,7849
2023-11-06 04:00:00,0.59877,0.5998,0.5985,0.59971,7048
2023-11-06 08:00:00,0.59974,0.60015,0.59845,0.59853,11075
2023-11-06 12:00:00,0.59856,0.59888,0.59663,0.59711,8926
2023-11-06 16:00:00,0.59712,0.5982,0.59674,0.59755,11548
2023-11-06 20:00:00,0.5976,0.59788,0.59591,0.59636,6167
2023-11-07 00:00:00,0.59618,0.59649,0.59468,0.59507,5886
2023-11-07 04:00:00,0.59509,0.59658,0.59294,0.59329,9692
2023-11-07 08:00:00,0.59326,0.59339,0.59148,0.59182,11255
2023-11-07 12:00:00,0.59181,0.59264,0.59117,0.592,10315
2023-11-07 16:00:00,0.59201,0.59343,0.59109,0.59213,12320
2023-11-07 20:00:00,0.59206,0.5942,0.59201,0.59344,5841
2023-11-08 00:00:00,0.59307,0.59368,0.59232,0.59279,5543
2023-11-08 04:00:00,0.5928,0.59417,0.59248,0.59318,7586
2023-11-08 08:00:00,0.5932,0.59397,0.59169,0.59217,11169
2023-11-08 12:00:00,0.59217,0.59342,0.59182,0.59248,8770
2023-11-08 16:00:00,0.59249,0.59323,0.59107,0.59205,14100
2023-11-08 20:00:00,0.59206,0.59252,0.59059,0.59117,6043
2023-11-09 00:00:00,0.59105,0.59235,0.59021,0.59195,4568
2023-11-09 04:00:00,0.59197,0.59298,0.59169,0.5924,5794
2023-11-09 08:00:00,0.5924,0.59366,0.59165,0.59319,9163
2023-11-09 12:00:00,0.59321,0.59378,0.59217,0.59351,8795
2023-11-09 16:00:00,0.59353,0.59545,0.59327,0.59392,12549
2023-11-09 20:00:00,0.59387,0.59397,0.58928,0.58936,13593
2023-11-10 00:00:00,0.58931,0.58993,0.58859,0.58965,5852
2023-11-10 04:00:00,0.58964,0.58967,0.58892,0.58935,5675
2023-11-10 08:00:00,0.58936,0.59044,0.5886,0.58909,9598
2023-11-10 12:00:00,0.58909,0.58998,0.58856,0.58989,8178
2023-11-10 16:00:00,0.58989,0.58995,0.58778,0.58879,13756
2023-11-10 20:00:00,0.58879,0.58944,0.58846,0.58898,4743
2023-11-13 00:00:00,0.58868,0.58983,0.5879,0.58912,5021
2023-11-13 04:00:00,0.58913,0.58959,0.58872,0.58927,4106
2023-11-13 08:00:00,0.58929,0.58972,0.58811,0.58852,8089
2023-11-13 12:00:00,0.58852,0.58892,0.58746,0.58766,6765
2023-11-13 16:00:00,0.58769,0.58939,0.58698,0.58861,11274
2023-11-13 20:00:00,0.58856,0.58911,0.58762,0.58767,3226
2023-11-14 00:00:00,0.58776,0.58836,0.58711,0.58769,3948
2023-11-14 04:00:00,0.58769,0.58809,0.58651,0.5866,5572
2023-11-14 08:00:00,0.5866,0.58791,0.58634,0.58777,7928
2023-11-14 12:00:00,0.58777,0.59485,0.58634,0.59403,11527
2023-11-14 16:00:00,0.59404,0.59906,0.59398,0.599,19660
2023-11-14 20:00:00,0.59901,0.60131,0.59875,0.60079,4979
2023-11-15 00:00:00,0.60052,0.6012,0.59917,0.60062,5962
2023-11-15 04:00:00,0.60069,0.60281,0.60057,0.60238,7207
2023-11-15 08:00:00,0.60238,0.6041,0.60176,0.60364,10780
2023-11-15 12:00:00,0.60365,0.60541,0.60123,0.6025,12486
2023-11-15 16:00:00,0.60252,0.60362,0.60031,0.60289,16036
2023-11-15 20:00:00,0.60283,0.6029,0.60183,0.60224,4851
2023-11-16 00:00:00,0.60211,0.60292,0.59781,0.59891,6891
2023-11-16 04:00:00,0.59893,0.59899,0.59706,0.59834,6071
2023-11-16 08:00:00,0.59831,0.60045,0.59764,0.59984,9552
2023-11-16 12:00:00,0.59984,0.6012,0.59715,0.60116,11189
2023-11-16 16:00:00,0.60116,0.60118,0.59738,0.59853,17008
2023-11-16 20:00:00,0.59849,0.59903,0.59633,0.59716,5478
2023-11-17 00:00:00,0.59675,0.59721,0.59539,0.59555,6204
2023-11-17 04:00:00,0.59556,0.59614,0.59469,0.596,5632
2023-11-17 08:00:00,0.596,0.5979,0.594,0.59714,11484
2023-11-17 12:00:00,0.59713,0.5997,0.59701,0.59733,13011
2023-11-17 16:00:00,0.59734,0.59817,0.59646,0.59779,15838
2023-11-17 20:00:00,0.59779,0.59923,0.59771,0.59919,4150
2023-11-20 00:00:00,0.59861,0.6014,0.59761,0.60094,8227
2023-11-20 04:00:00,0.60095,0.60368,0.60068,0.60261,9715
2023-11-20 08:00:00,0.60262,0.60427,0.60203,0.60408,11733
2023-11-20 12:00:00,0.60408,0.60411,0.60182,0.60197,9570
2023-11-20 16:00:00,0.60197,0.60343,0.60041,0.60232,12010
2023-11-20 20:00:00,0.60233,0.60396,0.60217,0.60362,6308
2023-11-21 00:00:00,0.60249,0.60574,0.60249,0.60547,7250
2023-11-21 04:00:00,0.60546,0.60747,0.60498,0.60598,9662
2023-11-21 08:00:00,0.60599,0.60857,0.6053,0.60608,12207
2023-11-21 12:00:00,0.6061,0.60827,0.60583,0.60644,9778
2023-11-21 16:00:00,0.60643,0.60843,0.60528,0.60528,15030
2023-11-21 20:00:00,0.60516,0.60533,0.60369,0.60489,7740
2023-11-22 00:00:00,0.60511,0.60639,0.60319,0.60481,6675
2023-11-22 04:00:00,0.6048,0.60539,0.60324,0.60329,6539
2023-11-22 08:00:00,0.60329,0.60364,0.60152,0.60282,12456
2023-11-22 12:00:00,0.60283,0.60438,0.60213,0.60246,14131
2023-11-22 16:00:00,0.60246,0.60267,0.59959,0.60171,17495
2023-11-22 20:00:00,0.60169,0.60242,0.60163,0.60216,5582
2023-11-23 00:00:00,0.60207,0.60415,0.60116,0.60407,5786
2023-11-23 04:00:00,0.60405,0.60593,0.60399,0.60584,6708
2023-11-23 08:00:00,0.60587,0.6066,0.60467,0.60478,10033
2023-11-23 12:00:00,0.60478,0.60521,0.60347,0.60439,6498
2023-11-23 16:00:00,0.60438,0.60482,0.60368,0.60455,6944
2023-11-23 20:00:00,0.60455,0.60503,0.60435,0.60481,1305
2023-11-24 00:00:00,0.60466,0.60572,0.60403,0.60537,4310
2023-11-24 04:00:00,0.60537,0.60589,0.6044,0.60589,5386
2023-11-24 08:00:00,0.60589,0.60632,0.60505,0.60543,6837
2023-11-24 12:00:00,0.60543,0.60779,0.60533,0.60684,7358
2023-11-24 16:00:00,0.60684,0.60868,0.60661,0.60825,9389
2023-11-24 20:00:00,0.60825,0.6089,0.60795,0.60827,3523
2023-11-27 00:00:00,0.60784,0.60918,0.60743,0.60865,5737
2023-11-27 04:00:00,0.60865,0.60872,0.60607,0.60669,6903
2023-11-27 08:00:00,0.6067,0.60903,0.60663,0.60773,8749
2023-11-27 12:00:00,0.60773,0.61034,0.60733,0.60919,9566
2023-11-27 16:00:00,0.60918,0.60942,0.60791,0.60852,13714
2023-11-27 20:00:00,0.60856,0.6107,0.60837,0.60979,5282
2023-11-28 00:00:00,0.60979,0.61112,0.60911,0.61066,6396
2023-11-28 04:00:00,0.61067,0.61138,0.60956,0.60972,7548
2023-11-28 08:00:00,0.60973,0.61044,0.60797,0.60926,9366
2023-11-28 12:00:00,0.60928,0.61038,0.60863,0.61027,9294
2023-11-28 16:00:00,0.61027,0.61467,0.60998,0.61303,20190
2023-11-28 20:00:00,0.61296,0.61397,0.61182,0.61366,8382
2023-11-29 00:00:00,0.61365,0.62079,0.61304,0.61921,12654
2023-11-29 04:00:00,0.61922,0.62038,0.61829,0.61921,8235
2023-11-29 08:00:00,0.61922,0.61926,0.61447,0.61526,13157
2023-11-29 12:00:00,0.61526,0.61673,0.61445,0.61468,13089
2023-11-29 16:00:00,0.61469,0.61721,0.61377,0.61538,18587
2023-11-29 20:00:00,0.61527,0.61686,0.61486,0.61555,7018
2023-11-30 00:00:00,0.61561,0.61734,0.61516,0.61668,6800
2023-11-30 04:00:00,0.61667,0.6182,0.61652,0.61677,8448
2023-11-30 08:00:00,0.61678,0.61782,0.61524,0.61537,12437
2023-11-30 12:00:00,0.61537,0.61682,0.61382,0.6143,14309
2023-11-30 16:00:00,0.61432,0.61808,0.61203,0.6153,25994
2023-11-30 20:00:00,0.61535,0.61628,0.61481,0.61553,7553
2023-12-01 00:00:00,0.61521,0.61919,0.61484,0.619,6744
2023-12-01 04:00:00,0.619,0.61916,0.61589,0.61653,7917
2023-12-01 08:00:00,0.61649,0.61854,0.61506,0.61812,10951
2023-12-01 12:00:00,0.61812,0.61818,0.61583,0.61588,11533
2023-12-01 16:00:00,0.61587,0.62026,0.61546,0.61997,26752
2023-12-01 20:00:00,0.61994,0.62088,0.61961,0.62087,9585
2023-12-04 00:00:00,0.61931,0.62221,0.61917,0.62011,10562
2023-12-04 04:00:00,0.62012,0.62107,0.61922,0.61941,6963
2023-12-04 08:00:00,0.61942,0.61986,0.61734,0.61896,11857
2023-12-04 12:00:00,0.61897,0.61996,0.61825,0.61869,12240
2023-12-04 16:00:00,0.6187,0.61877,0.61574,0.61679,20967
2023-12-04 20:00:00,0.61677,0.61688,0.61507,0.61638,5946
2023-12-05 00:00:00,0.61625,0.61738,0.61558,0.61638,7569
2023-12-05 04:00:00,0.61638,0.61666,0.6139,0.61535,8873
2023-12-05 08:00:00,0.61537,0.61618,0.6144,0.61492,12884
2023-12-05 12:00:00,0.61491,0.61536,0.61324,0.61376,13597
2023-12-05 16:00:00,0.61375,0.61559,0.61251,0.61365,23643
2023-12-05 20:00:00,0.61364,0.61378,0.61262,0.61287,6654
2023-12-06 00:00:00,0.61294,0.61648,0.61263,0.61631,7163
2023-12-06 04:00:00,0.61632,0.61714,0.61599,0.61665,7219
2023-12-06 08:00:00,0.61665,0.61767,0.61437,0.61468,11414
2023-12-06 12:00:00,0.61468,0.61666,0.61406,0.61653,11349
2023-12-06 16:00:00,0.61654,0.61685,0.61512,0.61528,15314
2023-12-06 20:00:00,0.61528,0.6159,0.61337,0.61366,6034
2023-12-07 00:00:00,0.61378,0.61452,0.61314,0.61345,6066
2023-12-07 04:00:00,0.61345,0.61387,0.61128,0.61218,9004
2023-12-07 08:00:00,0.61219,0.61506,0.61198,0.61501,12858
2023-12-07 12:00:00,0.61501,0.61604,0.61276,0.61554,15726
2023-12-07 16:00:00,0.61555,0.61933,0.61398,0.6182,19923
2023-12-07 20:00:00,0.61817,0.61817,0.61669,0.61696,6961
2023-12-08 00:00:00,0.61668,0.61739,0.61547,0.61672,11134
2023-12-08 04:00:00,0.61673,0.61746,0.61566,0.61616,9934
2023-12-08 08:00:00,0.61615,0.61651,0.61424,0.61462,12509
2023-12-08 12:00:00,0.61462,0.61545,0.61111,0.61295,15041
2023-12-08 16:00:00,0.61298,0.61419,0.61035,0.61229,23699
2023-12-08 20:00:00,0.61228,0.61269,0.6119,0.61194,5757
2023-12-11 00:00:00,0.61162,0.61318,0.61099,0.61117,7615
2023-12-11 04:00:00,0.61117,0.61202,0.61054,0.61138,6983
2023-12-11 08:00:00,0.61137,0.61185,0.61044,0.61107,10837
2023-12-11 12:00:00,0.61107,0.61255,0.61072,0.6122,8876
2023-12-11 16:00:00,0.61221,0.61316,0.61123,0.61138,14540
2023-12-11 20:00:00,0.61135,0.61316,0.61125,0.61219,5801
2023-12-12 00:00:00,0.61208,0.61369,0.61176,0.61341,5268
2023-12-12 04:00:00,0.61342,0.6158,0.61311,0.61573,5843
2023-12-12 08:00:00,0.61575,0.61631,0.61397,0.61517,8713
2023-12-12 12:00:00,0.61517,0.61691,0.61185,0.6121,13387
2023-12-12 16:00:00,0.6121,0.61371,0.61048,0.6121,18807
2023-12-12 20:00:00,0.61209,0.61338,0.61203,0.61337,5936
2023-12-13 00:00:00,0.61268,0.61388,0.61141,0.6118,6783
2023-12-13 04:00:00,0.6118,0.61186,0.6093,0.60985,6743
2023-12-13 08:00:00,0.60983,0.61029,0.60839,0.60969,9794
2023-12-13 12:00:00,0.60969,0.61175,0.60901,0.61165,9281
2023-12-13 16:00:00,0.61166,0.61269,0.61103,0.61211,11646
2023-12-13 20:00:00,0.61208,0.62131,0.6113,0.61741,23754
2023-12-14 00:00:00,0.61727,0.62234,0.61654,0.6216,12783
2023-12-14 04:00:00,0.6216,0.62493,0.62137,0.62383,15614
2023-12-14 08:00:00,0.62383,0.62435,0.61916,0.62174,16267
2023-12-14 12:00:00,0.62172,0.62196,0.61862,0.62056,18357
2023-12-14 16:00:00,0.62052,0.62287,0.6185,0.62212,21905
2023-12-14 20:00:00,0.62211,0.62213,0.61998,0.62055,8622
2023-12-15 00:00:00,0.6195,0.62142,0.61919,0.61979,7163
2023-12-15 04:00:00,0.61979,0.62218,0.61975,0.61996,8056
2023-12-15 08:00:00,0.61995,0.62245,0.6193,0.62228,12895
2023-12-15 12:00:00,0.62229,0.62263,0.61775,0.61852,13088
2023-12-15 16:00:00,0.61853,0.62292,0.61846,0.62131,20654
2023-12-15 20:00:00,0.62129,0.62171,0.61995,0.6209,9575
2023-12-18 00:00:00,0.61892,0.62322,0.61819,0.62217,8137
2023-12-18 04:00:00,0.62217,0.62422,0.62203,0.62364,6554
2023-12-18 08:00:00,0.62364,0.62508,0.62342,0.6245,9833
2023-12-18 12:00:00,0.62451,0.62454,0.62247,0.6233,11594
2023-12-18 16:00:00,0.62331,0.62339,0.62018,0.62092,14150
2023-12-18 20:00:00,0.62092,0.62147,0.6203,0.62118,6426
2023-12-19 00:00:00,0.62095,0.62244,0.62034,0.62181,6156
2023-12-19 04:00:00,0.62181,0.62368,0.62153,0.62292,9473
2023-12-19 08:00:00,0.62291,0.62387,0.6219,0.62387,12538
2023-12-19 12:00:00,0.62384,0.62542,0.62302,0.62509,10150
2023-12-19 16:00:00,0.6251,0.62725,0.6246,0.62665,15305
2023-12-19 20:00:00,0.62671,0.62723,0.6261,0.62685,5821
2023-12-20 00:00:00,0.6271,0.6272,0.62486,0.62646,6621
2023-12-20 04:00:00,0.62645,0.62813,0.62566,0.62779,6749
2023-12-20 08:00:00,0.62779,0.62946,0.62721,0.62879,12098
2023-12-20 12:00:00,0.62879,0.62937,0.62791,0.62931,8660
2023-12-20 16:00:00,0.62933,0.62984,0.62759,0.62829,14707
2023-12-20 20:00:00,0.62826,0.62875,0.62461,0.62464,13003
2023-12-21 00:00:00,0.62474,0.62618,0.6237,0.62556,6577
2023-12-21 04:00:00,0.62556,0.62579,0.62432,0.62514,5645
2023-12-21 08:00:00,0.62513,0.62557,0.62386,0.62515,8904
2023-12-21 12:00:00,0.62515,0.62924,0.62458,0.62831,14396
2023-12-21 16:00:00,0.62833,0.62948,0.62658,0.62765,24922
2023-12-21 20:00:00,0.62763,0.62957,0.62685,0.62955,10060
2023-12-22 00:00:00,0.62912,0.62981,0.62773,0.62876,8365
2023-12-22 04:00:00,0.62877,0.62897,0.62773,0.6279,9557
2023-12-22 08:00:00,0.62792,0.62891,0.62753,0.62857,11491
2023-12-22 12:00:00,0.62857,0.63095,0.62849,0.63084,14991
2023-12-22 16:00:00,0.63085,0.63178,0.6288,0.62977,20276
2023-12-22 20:00:00,0.62979,0.62995,0.62861,0.6296,8241
2023-12-26 00:00:00,0.62963,0.63188,0.62829,0.63178,5296
2023-12-26 04:00:00,0.63178,0.63256,0.63171,0.63247,7123
2023-12-26 08:00:00,0.63246,0.63249,0.63021,0.63065,6354
2023-12-26 12:00:00,0.63066,0.63222,0.63063,0.63199,8937
2023-12-26 16:00:00,0.63198,0.63239,0.63132,0.63184,11409
2023-12-26 20:00:00,0.63184,0.63317,0.63171,0.6327,7885
2023-12-27 00:00:00,0.63224,0.63346,0.62997,0.63286,5205
2023-12-27 04:00:00,0.63287,0.63366,0.63233,0.63328,4170
2023-12-27 08:00:00,0.63329,0.63345,0.63157,0.63263,9377
2023-12-27 12:00:00,0.63263,0.63337,0.63173,0.63233,8874
2023-12-27 16:00:00,0.63234,0.63485,0.63217,0.63384,12514
2023-12-27 20:00:00,0.63383,0.63463,0.63318,0.63411,9601
2023-12-28 00:00:00,0.63398,0.63658,0.63339,0.63655,5467
2023-12-28 04:00:00,0.63656,0.63691,0.63425,0.63452,7268
2023-12-28 08:00:00,0.63452,0.63551,0.63262,0.63275,12295
2023-12-28 12:00:00,0.63274,0.63451,0.63274,0.63295,13897
2023-12-28 16:00:00,0.63295,0.63634,0.63295,0.63478,16655
2023-12-28 20:00:00,0.63476,0.63477,0.63239,0.63321,6694
2023-12-29 00:00:00,0.63305,0.63488,0.63294,0.6347,6987
2023-12-29 04:00:00,0.63469,0.63549,0.63387,0.63534,8393
2023-12-29 08:00:00,0.63533,0.63586,0.6311,0.63114,10593
2023-12-29 12:00:00,0.63111,0.63218,0.63042,0.63062,11753
2023-12-29 16:00:00,0.63062,0.63465,0.63048,0.63425,18914
2023-12-29 20:00:00,0.63426,0.63426,0.63129,0.63188,7855
2024-01-02 00:00:00,0.63172,0.63237,0.6303,0.63041,5846
2024-01-02 04:00:00,0.6304,0.63161,0.62933,0.63157,7960
2024-01-02 08:00:00,0.63156,0.63166,0.63003,0.63104,13717
2024-01-02 12:00:00,0.63103,0.63132,0.62667,0.62691,14425
2024-01-02 16:00:00,0.62688,0.62825,0.62526,0.62584,20516
2024-01-02 20:00:00,0.6258,0.62601,0.62486,0.62506,7760
2024-01-03 00:00:00,0.62523,0.62579,0.62447,0.62554,5978
2024-01-03 04:00:00,0.62553,0.62743,0.62522,0.62698,5967
2024-01-03 08:00:00,0.62697,0.62757,0.6252,0.62545,10786
2024-01-03 12:00:00,0.62545,0.6258,0.62203,0.62227,11976
2024-01-03 16:00:00,0.62226,0.62531,0.62185,0.62339,21952
2024-01-03 20:00:00,0.62332,0.62523,0.62231,0.6246,14872
2024-01-04 00:00:00,0.62433,0.62516,0.62343,0.62414,7750
2024-01-04 04:00:00,0.62413,0.62687,0.62385,0.62614,8261
2024-01-04 08:00:00,0.62614,0.6285,0.62582,0.62612,13926
2024-01-04 12:00:00,0.62612,0.62647,0.62294,0.62344,15070
2024-01-04 16:00:00,0.62343,0.62399,0.62206,0.62253,19030
2024-01-04 20:00:00,0.62249,0.62356,0.62214,0.62351,7691
2024-01-05 00:00:00,0.62318,0.62434,0.62266,0.62383,6368
2024-01-05 04:00:00,0.62383,0.62433,0.62233,0.62302,7797
2024-01-05 08:00:00,0.62301,0.62348,0.62175,0.62182,12092
2024-01-05 12:00:00,0.62181,0.62215,0.61806,0.62161,15471
2024-01-05 16:00:00,0.62162,0.62772,0.62131,0.6246,29673
2024-01-05 20:00:00,0.6246,0.62575,0.62369,0.62425,10668
2024-01-08 00:00:00,0.62348,0.62606,0.6231,0.62531,4958
2024-01-08 04:00:00,0.62532,0.62532,0.62302,0.62364,5531
2024-01-08 08:00:00,0.62363,0.62484,0.62184,0.62328,11027
2024-01-08 12:00:00,0.62329,0.62336,0.6212,0.6217,11105
2024-01-08 16:00:00,0.62171,0.62529,0.62152,0.62442,15246
2024-01-08 20:00:00,0.62443,0.62554,0.62354,0.62496,6665
2024-01-09 00:00:00,0.62511,0.62593,0.62413,0.62584,6316
2024-01-09 04:00:00,0.62584,0.62666,0.62405,0.62411,6670
2024-01-09 08:00:00,0.6241,0.62576,0.62335,0.62476,10199
2024-01-09 12:00:00,0.62477,0.62518,0.62343,0.62468,10381
2024-01-09 16:00:00,0.62468,0.62493,0.62267,0.62346,14827
2024-01-09 20:00:00,0.62345,0.62429,0.62256,0.62402,8542
2024-01-10 00:00:00,0.62371,0.62414,0.62249,0.62403,6745
2024-01-10 04:00:00,0.62402,0.62483,0.62365,0.62395,7229
2024-01-10 08:00:00,0.62395,0.6254,0.62294,0.62461,10645
2024-01-10 12:00:00,0.62461,0.62504,0.62243,0.62267,10464
2024-01-10 16:00:00,0.62268,0.62309,0.62173,0.62273,12891
2024-01-10 20:00:00,0.62267,0.62304,0.62153,0.62274,8424
2024-01-11 00:00:00,0.62242,0.62418,0.6221,0.62401,5111
2024-01-11 04:00:00,0.62401,0.62537,0.62378,0.62505,6012
2024-01-11 08:00:00,0.62507,0.62585,0.624,0.62464,9987
2024-01-11 12:00:00,0.62464,0.62606,0.62004,0.62072,15895
2024-01-11 16:00:00,0.62076,0.62372,0.61954,0.62127,31463
2024-01-11 20:00:00,0.62131,0.62367,0.62105,0.62331,11657
2024-01-12 00:00:00,0.62276,0.62536,0.62253,0.62522,7023
2024-01-12 04:00:00,0.62522,0.62582,0.62377,0.62393,7523
2024-01-12 08:00:00,0.62393,0.62524,0.62336,0.62427,10270
2024-01-12 12:00:00,0.62427,0.62671,0.62298,0.62556,14602
2024-01-12 16:00:00,0.62557,0.62776,0.62396,0.62429,22137
2024-01-12 20:00:00,0.62429,0.62485,0.62392,0.62396,7240
2024-01-15 00:00:00,0.62352,0.62386,0.62231,0.62334,7721
2024-01-15 04:00:00,0.62336,0.62418,0.62256,0.62259,5417
2024-01-15 08:00:00,0.62258,0.62275,0.61836,0.61867,10876
2024-01-15 12:00:00,0.61867,0.61981,0.61828,0.61936,8836
2024-01-15 16:00:00,0.61936,0.62033,0.61871,0.62021,6106
2024-01-15 20:00:00,0.62019,0.62027,0.61931,0.61991,1572
2024-01-16 00:00:00,0.61966,0.62021,0.61595,0.61774,8259
2024-01-16 04:00:00,0.61772,0.61776,0.61596,0.61651,11692
2024-01-16 08:00:00,0.61652,0.61793,0.61548,0.61596,14234
2024-01-16 12:00:00,0.61595,0.61695,0.61482,0.61526,14375
2024-01-16 16:00:00,0.61527,0.61613,0.61311,0.61327,24354
2024-01-16 20:00:00,0.61329,0.61391,0.6126,0.61382,7700
2024-01-17 00:00:00,0.61393,0.61492,0.61334,0.61474,6373
2024-01-17 04:00:00,0.61473,0.61513,0.61222,0.61235,9426
2024-01-17 08:00:00,0.61236,0.61253,0.61065,0.61178,15829
2024-01-17 12:00:00,0.61178,0.61262,0.61007,0.61041,15492
2024-01-17 16:00:00,0.61043,0.61054,0.60879,0.61045,19995
2024-01-17 20:00:00,0.6104,0.61146,0.60944,0.61145,11742
2024-01-18 00:00:00,0.61158,0.61339,0.61037,0.61314,7927
2024-01-18 04:00:00,0.61313,0.61355,0.61125,0.61167,9004
2024-01-18 08:00:00,0.61171,0.61259,0.61068,0.61208,12029
2024-01-18 12:00:00,0.61207,0.61274,0.60942,0.6096,12815
2024-01-18 16:00:00,0.60961,0.61156,0.60951,0.60995,20453
2024-01-18 20:00:00,0.60949,0.6118,0.60945,0.61162,8307
2024-01-19 00:00:00,0.61146,0.61261,0.61089,0.61136,6394
2024-01-19 04:00:00,0.61136,0.6114,0.6091,0.60931,6671
2024-01-19 08:00:00,0.6093,0.61194,0.60893,0.61194,11247
2024-01-19 12:00:00,0.61192,0.61238,0.61052,0.61078,10754
2024-01-19 16:00:00,0.61076,0.61114,0.60899,0.61087,20073
2024-01-19 20:00:00,0.61089,0.61175,0.61025,0.61155,6521
2024-01-22 00:00:00,0.61073,0.61385,0.6105,0.61266,7691
2024-01-22 04:00:00,0.61267,0.61312,0.6108,0.61094,8826
2024-01-22 08:00:00,0.61094,0.61122,0.60995,0.61078,11708
2024-01-22 12:00:00,0.61078,0.61238,0.61054,0.61157,10508
2024-01-22 16:00:00,0.61156,0.61177,0.60944,0.60991,12949
2024-01-22 20:00:00,0.60997,0.60997,0.60715,0.60759,6115
2024-01-23 00:00:00,0.60762,0.60863,0.60652,0.60857,6982
2024-01-23 04:00:00,0.60856,0.61065,0.60801,0.61039,11945
2024-01-23 08:00:00,0.61039,0.61168,0.60854,0.60894,12706
2024-01-23 12:00:00,0.60893,0.61001,0.6077,0.60934,9619
2024-01-23 16:00:00,0.60932,0.60933,0.60614,0.60687,15284
2024-01-23 20:00:00,0.60685,0.61074,0.60667,0.61005,7675
2024-01-24 00:00:00,0.60987,0.61065,0.60948,0.61024,6095
2024-01-24 04:00:00,0.61024,0.61045,0.60885,0.61026,7524
2024-01-24 08:00:00,0.61027,0.61417,0.61003,0.61343,12294
2024-01-24 12:00:00,0.61342,0.61466,0.61252,0.61445,11242
2024-01-24 16:00:00,0.61445,0.61484,0.61191,0.61305,20177
2024-01-24 20:00:00,0.61302,0.61313,0.61075,0.61105,11082
2024-01-25 00:00:00,0.61049,0.61146,0.60996,0.61099,6013
2024-01-25 04:00:00,0.61102,0.61145,0.61032,0.61055,6888
2024-01-25 08:00:00,0.61055,0.61253,0.61039,0.61236,9750
2024-01-25 12:00:00,0.61238,0.61321,0.61051,0.61311,13754
2024-01-25 16:00:00,0.6131,0.61315,0.61056,0.61142,20314
2024-01-25 20:00:00,0.61142,0.61224,0.61012,0.61112,8472
2024-01-26 00:00:00,0.61115,0.61127,0.61,0.61062,5607
2024-01-26 04:00:00,0.61051,0.61134,0.6104,0.61074,6516
2024-01-26 08:00:00,0.61073,0.61075,0.60918,0.61024,9749
2024-01-26 12:00:00,0.61026,0.61202,0.60979,0.61131,10226
2024-01-26 16:00:00,0.61133,0.61166,0.60957,0.60981,14124
2024-01-26 20:00:00,0.60977,0.60997,0.60899,0.60902,5104
2024-01-29 00:00:00,0.60902,0.61076,0.60856,0.61039,4883
2024-01-29 04:00:00,0.61038,0.61039,0.60929,0.60973,5097
2024-01-29 08:00:00,0.60974,0.61174,0.60969,0.61145,8098
2024-01-29 12:00:00,0.61144,0.61215,0.61095,0.61127,8235
2024-01-29 16:00:00,0.61127,0.61143,0.61,0.61051,10149
2024-01-29 20:00:00,0.61052,0.61433,0.61029,0.61332,7211
2024-01-30 00:00:00,0.61265,0.61442,0.61253,0.61349,5696
2024-01-30 04:00:00,0.61348,0.61489,0.61314,0.61409,6357
2024-01-30 08:00:00,0.61409,0.61477,0.61262,0.6133,9972
2024-01-30 12:00:00,0.61331,0.61343,0.61144,0.61209,7654
2024-01-30 16:00:00,0.61208,0.6137,0.61051,0.61221,16377
2024-01-30 20:00:00,0.61221,0.6137,0.61193,0.61357,5807
2024-01-31 00:00:00,0.61345,0.61358,0.61222,0.61234,7220
2024-01-31 04:00:00,0.61233,0.61233,0.61106,0.61128,7242
2024-01-31 08:00:00,0.61129,0.61358,0.61077,0.61252,9773
2024-01-31 12:00:00,0.61252,0.6142,0.61165,0.61395,11581
2024-01-31 16:00:00,0.61394,0.61734,0.61365,0.61397,22467
2024-01-31 20:00:00,0.61397,0.61645,0.6101,0.61156,26926
2024-02-01 00:00:00,0.61148,0.61267,0.61099,0.61239,8884
2024-02-01 04:00:00,0.6124,0.61408,0.61081,0.61091,8240
2024-02-01 08:00:00,0.61092,0.61116,0.60897,0.60931,12660
2024-02-01 12:00:00,0.60932,0.6105,0.60794,0.60925,13809
2024-02-01 16:00:00,0.60925,0.61396,0.60865,0.61343,26165
2024-02-01 20:00:00,0.61343,0.61442,0.61286,0.6144,9728
2024-02-02 00:00:00,0.61414,0.61516,0.61374,0.61496,8085
2024-02-02 04:00:00,0.61496,0.61575,0.61478,0.61511,9008
2024-02-02 08:00:00,0.61512,0.61552,0.61442,0.61535,11435
2024-02-02 12:00:00,0.61535,0.61604,0.60907,0.60939,13652
2024-02-02 16:00:00,0.60938,0.60963,0.60582,0.60629,21881
2024-02-02 20:00:00,0.60632,0.60755,0.60603,0.60647,8046
2024-02-05 00:00:00,0.60649,0.60663,0.60477,0.60616,11746
2024-02-05 04:00:00,0.60616,0.60767,0.60598,0.60744,10010
2024-02-05 08:00:00,0.60745,0.60816,0.60619,0.60631,11820
2024-02-05 12:00:00,0.60631,0.60683,0.60504,0.60533,11038
2024-02-05 16:00:00,0.60534,0.60577,0.60381,0.60548,16713
2024-02-05 20:00:00,0.60548,0.60609,0.60479,0.60538,5899
2024-02-06 00:00:00,0.6052,0.60664,0.60455,0.60655,7312
2024-02-06 04:00:00,0.60657,0.60769,0.60581,0.60698,11202
2024-02-06 08:00:00,0.60699,0.60766,0.60528,0.60538,9972
2024-02-06 12:00:00,0.60538,0.60652,0.60463,0.60524,10050
2024-02-06 16:00:00,0.60525,0.60803,0.60513,0.60779,18402
2024-02-06 20:00:00,0.60779,0.6099,0.60705,0.60958,8634
2024-02-07 00:00:00,0.60946,0.61108,0.60919,0.61089,7073
2024-02-07 04:00:00,0.61088,0.61114,0.60987,0.61021,7990
2024-02-07 08:00:00,0.6102,0.61141,0.60983,0.6104,10920
2024-02-07 12:00:00,0.61041,0.61188,0.60982,0.61139,8024
2024-02-07 16:00:00,0.61137,0.61245,0.61033,0.61052,17379
2024-02-07 20:00:00,0.61052,0.61146,0.61019,0.61125,6708
2024-02-08 00:00:00,0.61118,0.61196,0.61061,0.61176,7558
2024-02-08 04:00:00,0.61176,0.61233,0.61078,0.61104,7988
2024-02-08 08:00:00,0.61106,0.61146,0.60989,0.61083,10963
2024-02-08 12:00:00,0.61084,0.61096,0.60787,0.60834,12024
2024-02-08 16:00:00,0.60834,0.60946,0.60828,0.60928,13637
2024-02-08 20:00:00,0.60923,0.61008,0.60879,0.60966,6166
2024-02-09 00:00:00,0.60955,0.61268,0.60916,0.6124,8136
2024-02-09 04:00:00,0.61241,0.6129,0.61163,0.6118,7632
2024-02-09 08:00:00,0.61181,0.61499,0.61148,0.61426,10923
2024-02-09 12:00:00,0.61423,0.61582,0.61314,0.61426,12811
2024-02-09 16:00:00,0.61424,0.61501,0.61328,0.61434,13279
2024-02-09 20:00:00,0.61433,0.61541,0.61433,0.61513,4326
2024-02-12 00:00:00,0.61479,0.61517,0.61337,0.6135,7320
2024-02-12 04:00:00,0.61352,0.61399,0.61237,0.6129,5750
2024-02-12 08:00:00,0.6129,0.61425,0.612,0.61226,12616
2024-02-12 12:00:00,0.61226,0.61333,0.61203,0.61244,11443
2024-02-12 16:00:00,0.61243,0.61399,0.61223,0.61394,10691
2024-02-12 20:00:00,0.61385,0.61391,0.61266,0.61302,6164
2024-02-13 00:00:00,0.61281,0.6131,0.61199,0.61255,5166
2024-02-13 04:00:00,0.61257,0.61263,0.60957,0.61038,7661
2024-02-13 08:00:00,0.61038,0.61112,0.60969,0.61022,11615
2024-02-13 12:00:00,0.61022,0.61242,0.60581,0.60606,14262
2024-02-13 16:00:00,0.60607,0.60739,0.60541,0.60566,21834
2024-02-13 20:00:00,0.60567,0.60627,0.60494,0.60594,6098
2024-02-14 00:00:00,0.60561,0.60625,0.60507,0.60607,8718
2024-02-14 04:00:00,0.60608,0.60774,0.60587,0.6077,7736
2024-02-14 08:00:00,0.6077,0.60873,0.60696,0.60788,13619
2024-02-14 12:00:00,0.60788,0.60867,0.60725,0.60741,11121
2024-02-14 16:00:00,0.60742,0.60895,0.60726,0.60865,16177
2024-02-14 20:00:00,0.60867,0.60919,0.60819,0.60859,6901
2024-02-15 00:00:00,0.60814,0.60942,0.60797,0.60831,7107
2024-02-15 04:00:00,0.6083,0.60894,0.60798,0.60831,8328
2024-02-15 08:00:00,0.60831,0.60923,0.60812,0.60858,10945
2024-02-15 12:00:00,0.60857,0.61227,0.60852,0.6116,11446
2024-02-15 16:00:00,0.61159,0.61272,0.61002,0.61036,18106
2024-02-15 20:00:00,0.61034,0.61168,0.61027,0.6107,6268
2024-02-16 00:00:00,0.61063,0.61151,0.60886,0.6097,6310
2024-02-16 04:00:00,0.60969,0.61,0.60906,0.60948,7194
2024-02-16 08:00:00,0.60949,0.61107,0.60923,0.61088,10444
2024-02-16 12:00:00,0.61087,0.61145,0.60858,0.60969,12073
2024-02-16 16:00:00,0.60971,0.61275,0.60894,0.61274,16838
2024-02-16 20:00:00,0.61275,0.61355,0.61238,0.61249,6464
2024-02-19 00:00:00,0.61195,0.61445,0.61173,0.6134,8292
2024-02-19 04:00:00,0.61339,0.61418,0.61319,0.61402,7578
2024-02-19 08:00:00,0.61401,0.61521,0.61377,0.61451,11462
2024-02-19 12:00:00,0.61451,0.61483,0.61365,0.61466,6819
2024-02-19 16:00:00,0.61467,0.61468,0.61404,0.61448,5003
2024-02-19 20:00:00,0.61447,0.61513,0.61446,0.61502,2321
2024-02-20 00:00:00,0.61493,0.61499,0.61314,0.61361,8847
2024-02-20 04:00:00,0.6136,0.61408,0.61288,0.61374,8281
2024-02-20 08:00:00,0.61373,0.61645,0.6135,0.61644,9689
2024-02-20 12:00:00,0.61643,0.6188,0.61598,0.61863,13418
2024-02-20 16:00:00,0.61866,0.61908,0.61695,0.61725,15256
2024-02-20 20:00:00,0.61725,0.61737,0.6162,0.61644,6704
2024-02-21 00:00:00,0.61612,0.6177,0.61605,0.61767,6337
2024-02-21 04:00:00,0.61767,0.61976,0.61766,0.61909,9276
2024-02-21 08:00:00,0.6191,0.6194,0.61801,0.61833,10873
2024-02-21 12:00:00,0.61833,0.61896,0.61766,0.61815,9328
2024-02-21 16:00:00,0.61814,0.61858,0.61657,0.61683,10697
2024-02-21 20:00:00,0.61678,0.61818,0.61616,0.61789,9057
2024-02-22 00:00:00,0.61733,0.6198,0.61722,0.61866,7836
2024-02-22 04:00:00,0.61866,0.61983,0.61763,0.61948,8520
2024-02-22 08:00:00,0.6195,0.62178,0.61949,0.62061,15838
2024-02-22 12:00:00,0.62061,0.62125,0.61824,0.61838,11749
2024-02-22 16:00:00,0.61836,0.61957,0.61779,0.61935,15390
2024-02-22 20:00:00,0.61932,0.62033,0.61889,0.61973,5692
2024-02-23 00:00:00,0.61925,0.62023,0.61852,0.61965,7499
2024-02-23 04:00:00,0.61967,0.62037,0.6193,0.61995,5983
2024-02-23 08:00:00,0.61996,0.62052,0.61802,0.61825,7109
2024-02-23 12:00:00,0.61825,0.62108,0.61823,0.62008,10209
2024-02-23 16:00:00,0.62007,0.62022,0.61853,0.61961,14838
2024-02-23 20:00:00,0.6196,0.61991,0.61895,0.61966,4527
2024-02-26 00:00:00,0.61871,0.61948,0.61628,0.61671,9221
2024-02-26 04:00:00,0.61671,0.61712,0.61652,0.61665,8201
2024-02-26 08:00:00,0.61665,0.6173,0.61621,0.617,11224
2024-02-26 12:00:00,0.617,0.6185,0.617,0.6182,8748
2024-02-26 16:00:00,0.61819,0.61827,0.61644,0.6172,11385
2024-02-26 20:00:00,0.61719,0.61775,0.61689,0.61725,6165
2024-02-27 00:00:00,0.61725,0.61735,0.61549,0.61606,5423
2024-02-27 04:00:00,0.61605,0.61661,0.61509,0.61635,8177
2024-02-27 08:00:00,0.61635,0.61753,0.61619,0.61663,10075
2024-02-27 12:00:00,0.61663,0.61751,0.61595,0.61666,9812
2024-02-27 16:00:00,0.61665,0.61758,0.61569,0.61704,13095
2024-02-27 20:00:00,0.61703,0.61777,0.61671,0.61698,5186
2024-02-28 00:00:00,0.61695,0.61773,0.61182,0.61226,7123
2024-02-28 04:00:00,0.61225,0.61238,0.61026,0.61133,12187
2024-02-28 08:00:00,0.61132,0.6115,0.60927,0.60928,12447
2024-02-28 12:00:00,0.60927,0.61032,0.6091,0.6095,12386
2024-02-28 16:00:00,0.6095,0.60981,0.60816,0.60905,13494
2024-02-28 20:00:00,0.60905,0.60997,0.60892,0.60967,4625
2024-02-29 00:00:00,0.60984,0.6103,0.60888,0.6097,5991
2024-02-29 04:00:00,0.60971,0.61094,0.60967,0.61023,8111
2024-02-29 08:00:00,0.61023,0.61039,0.60875,0.60887,12030
2024-02-29 12:00:00,0.60886,0.6098,0.60764,0.60947,11324
2024-02-29 16:00:00,0.60946,0.61117,0.60774,0.60807,19051
2024-02-29 20:00:00,0.60808,0.60897,0.60801,0.60863,5020
2024-03-01 00:00:00,0.60802,0.60956,0.60756,0.60944,7441
2024-03-01 04:00:00,0.60944,0.60971,0.60893,0.60903,7666
2024-03-01 08:00:00,0.60904,0.6096,0.60809,0.60911,10355
2024-03-01 12:00:00,0.6091,0.60993,0.60821,0.60864,15624
2024-03-01 16:00:00,0.60863,0.61116,0.60783,0.61049,16088
2024-03-01 20:00:00,0.61049,0.61082,0.60984,0.61064,3782
2024-03-04 00:00:00,0.61078,0.61111,0.60944,0.60966,6075
2024-03-04 04:00:00,0.60966,0.61027,0.60934,0.60964,5449
2024-03-04 08:00:00,0.60963,0.61079,0.60901,0.61053,9336
2024-03-04 12:00:00,0.61052,0.61061,0.60876,0.60954,8956
2024-03-04 16:00:00,0.60955,0.61055,0.60916,0.60955,13809
2024-03-04 20:00:00,0.60952,0.60974,0.60905,0.60935,3332
2024-03-05 00:00:00,0.6095,0.60976,0.60895,0.60929,7424
2024-03-05 04:00:00,0.60929,0.60944,0.60813,0.60818,7607
2024-03-05 08:00:00,0.6082,0.60839,0.60707,0.60745,11560
2024-03-05 12:00:00,0.60745,0.60864,0.60738,0.6084,9835
2024-03-05 16:00:00,0.60842,0.61095,0.60822,0.60907,16447
2024-03-05 20:00:00,0.60906,0.60924,0.60809,0.60853,6704
2024-03-06 00:00:00,0.60853,0.6091,0.60684,0.60772,7195
2024-03-06 04:00:00,0.60772,0.60972,0.60763,0.60936,6393
2024-03-06 08:00:00,0.60937,0.61029,0.60914,0.61026,10367
2024-03-06 12:00:00,0.61025,0.61159,0.60961,0.61142,10347
2024-03-06 16:00:00,0.61143,0.61438,0.61123,0.61324,18616
2024-03-06 20:00:00,0.61321,0.61391,0.61258,0.61284,8249
2024-03-07 00:00:00,0.61253,0.61371,0.61226,0.6132,9767
2024-03-07 04:00:00,0.6132,0.61499,0.61267,0.61413,11285
2024-03-07 08:00:00,0.61412,0.61574,0.61391,0.6155,11223
2024-03-07 12:00:00,0.61549,0.6173,0.61537,0.61654,13149
2024-03-07 16:00:00,0.61654,0.61757,0.61558,0.61706,14349
2024-03-07 20:00:00,0.61705,0.6175,0.617,0.61743,5118
2024-03-08 00:00:00,0.61723,0.61837,0.61609,0.61671,7142
2024-03-08 04:00:00,0.6167,0.61766,0.61636,0.61759,7993
2024-03-08 08:00:00,0.61758,0.61883,0.61707,0.61845,11956
2024-03-08 12:00:00,0.61846,0.62165,0.61718,0.61971,13545
2024-03-08 16:00:00,0.6197,0.62074,0.61732,0.61758,19840
2024-03-08 20:00:00,0.6176,0.61785,0.61685,0.61756,5771
2024-03-11 00:00:00,0.61748,0.61809,0.61703,0.61762,5908
2024-03-11 04:00:00,0.61761,0.61821,0.61677,0.61727,6009
2024-03-11 08:00:00,0.61727,0.61789,0.61662,0.61688,10200
2024-03-11 12:00:00,0.61689,0.61812,0.61678,0.6168,8100
2024-03-11 16:00:00,0.61679,0.61735,0.616,0.61703,13208
2024-03-11 20:00:00,0.61704,0.61723,0.61624,0.61692,6743
2024-03-12 00:00:00,0.6167,0.61724,0.6165,0.61664,6303
2024-03-12 04:00:00,0.61664,0.61756,0.61638,0.61709,8341
2024-03-12 08:00:00,0.61709,0.61747,0.61608,0.61627,11459
2024-03-12 12:00:00,0.61628,0.6184,0.61355,0.61621,15640
2024-03-12 16:00:00,0.6162,0.6162,0.61352,0.61456,21009
2024-03-12 20:00:00,0.61456,0.61526,0.61387,0.61506,6143
2024-03-13 00:00:00,0.61472,0.61513,0.61449,0.6147,4142
2024-03-13 04:00:00,0.6147,0.61645,0.61448,0.61613,6732
2024-03-13 08:00:00,0.61612,0.61699,0.61566,0.61602,9323
2024-03-13 12:00:00,0.61601,0.61609,0.61485,0.61541,9816
2024-03-13 16:00:00,0.61543,0.61638,0.61532,0.61599,14286
2024-03-13 20:00:00,0.616,0.6168,0.6154,0.61548,7135
2024-03-14 00:00:00,0.61537,0.61679,0.61527,0.61665,5974
2024-03-14 04:00:00,0.61665,0.61751,0.61535,0.61599,5586
2024-03-14 08:00:00,0.61597,0.61642,0.61555,0.61594,10699
2024-03-14 12:00:00,0.61596,0.6173,0.61536,0.61586,13556
2024-03-14 16:00:00,0.61586,0.61618,0.61222,0.61349,18467
2024-03-14 20:00:00,0.61349,0.61363,0.61212,0.61303,6842
2024-03-15 00:00:00,0.61309,0.61323,0.61054,0.61061,4637
2024-03-15 04:00:00,0.6106,0.61095,0.60951,0.61021,7638
2024-03-15 08:00:00,0.61023,0.61065,0.60899,0.60915,9852
2024-03-15 12:00:00,0.60917,0.61031,0.60899,0.60959,9018
2024-03-15 16:00:00,0.6096,0.61035,0.60823,0.60831,13263
2024-03-15 20:00:00,0.60832,0.60894,0.60806,0.6085,5267
2024-03-18 00:00:00,0.60862,0.60888,0.60785,0.60846,6041
2024-03-18 04:00:00,0.60845,0.60987,0.60799,0.60931,8669
2024-03-18 08:00:00,0.60932,0.60998,0.60865,0.60987,9143
2024-03-18 12:00:00,0.60988,0.60999,0.60887,0.60907,9315
2024-03-18 16:00:00,0.60906,0.60945,0.60794,0.60802,10426
2024-03-18 20:00:00,0.60801,0.60849,0.60771,0.60846,4716
2024-03-19 00:00:00,0.60838,0.60864,0.60708,0.60742,4050
2024-03-19 04:00:00,0.60741,0.60825,0.60611,0.60618,12107
2024-03-19 08:00:00,0.60617,0.60624,0.60413,0.60474,10539
2024-03-19 12:00:00,0.60475,0.60531,0.60338,0.60517,10286
2024-03-19 16:00:00,0.60517,0.60566,0.60431,0.60525,10333
2024-03-19 20:00:00,0.60526,0.60566,0.60492,0.60518,5063
2024-03-20 00:00:00,0.60527,0.60553,0.6037,0.60465,5735
2024-03-20 04:00:00,0.60467,0.60555,0.60394,0.60398,9881
2024-03-20 08:00:00,0.60397,0.60498,0.6033,0.60366,7100
2024-03-20 12:00:00,0.60365,0.60369,0.60242,0.60301,6847
2024-03-20 16:00:00,0.60302,0.60389,0.60265,0.60388,8337
2024-03-20 20:00:00,0.60389,0.60849,0.60263,0.60803,19559
2024-03-21 00:00:00,0.60807,0.60922,0.60536,0.60883,8929
2024-03-21 04:00:00,0.60884,0.61008,0.60863,0.60939,7824
2024-03-21 08:00:00,0.60939,0.61065,0.60824,0.60854,11377
2024-03-21 12:00:00,0.60853,0.60938,0.60719,0.60737,13374
2024-03-21 16:00:00,0.60737,0.60739,0.60428,0.60439,16101
2024-03-21 20:00:00,0.60438,0.6045,0.60381,0.60437,4193
2024-03-22 00:00:00,0.60434,0.60517,0.60414,0.60493,4924
2024-03-22 04:00:00,0.60493,0.60506,0.60104,0.60115,11653
2024-03-22 08:00:00,0.60116,0.60179,0.60028,0.60086,11039
2024-03-22 12:00:00,0.60087,0.60146,0.59984,0.60102,10528
2024-03-22 16:00:00,0.60102,0.60163,0.5992,0.5995,11391
2024-03-22 20:00:00,0.59952,0.59981,0.5989,0.59932,3114
2024-03-25 00:00:00,0.5994,0.59958,0.59854,0.59928,4391
2024-03-25 04:00:00,0.59927,0.60126,0.59908,0.59972,10731
2024-03-25 08:00:00,0.59973,0.60056,0.59886,0.60027,7321
2024-03-25 12:00:00,0.60027,0.60086,0.59985,0.60022,6855
2024-03-25 16:00:00,0.60023,0.60117,0.60003,0.60024,9991
2024-03-25 20:00:00,0.60024,0.60046,0.59995,0.60029,3105
2024-03-26 00:00:00,0.60034,0.60071,0.59959,0.60066,4217
2024-03-26 04:00:00,0.60066,0.60137,0.60011,0.60051,8652
2024-03-26 08:00:00,0.60051,0.60175,0.6003,0.60168,8303
2024-03-26 12:00:00,0.60168,0.60304,0.60147,0.60179,9203
2024-03-26 16:00:00,0.6018,0.60206,0.60063,0.60077,10007
2024-03-26 20:00:00,0.60076,0.6012,0.59999,0.6004,3959
2024-03-27 00:00:00,0.60049,0.60074,0.59961,0.59991,5298
2024-03-27 04:00:00,0.59991,0.60006,0.59875,0.59993,9456
2024-03-27 08:00:00,0.59992,0.60065,0.59957,0.59977,8767
2024-03-27 12:00:00,0.59977,0.60102,0.5994,0.59948,9294
2024-03-27 16:00:00,0.59947,0.60084,0.59934,0.59989,11331
2024-03-27 20:00:00,0.59988,0.60044,0.59956,0.60041,4948
2024-03-28 00:00:00,0.6005,0.6005,0.598,0.59904,6323
2024-03-28 04:00:00,0.59904,0.60039,0.59848,0.59914,9264
2024-03-28 08:00:00,0.59916,0.59969,0.59632,0.59635,10271
2024-03-28 12:00:00,0.59635,0.59732,0.5956,0.59726,9206
2024-03-28 16:00:00,0.59726,0.59875,0.59704,0.59815,14360
2024-03-28 20:00:00,0.59815,0.59842,0.59709,0.59721,4499
2024-03-29 00:00:00,0.59731,0.59785,0.59695,0.59752,1347
2024-03-29 04:00:00,0.59746,0.59764,0.59694,0.59712,750
2024-03-29 08:00:00,0.59714,0.59728,0.59667,0.59713,806
2024-03-29 12:00:00,0.59714,0.59884,0.59705,0.59823,1724
2024-03-29 16:00:00,0.59824,0.59875,0.59795,0.59802,1015
2024-03-29 20:00:00,0.59805,0.59848,0.59697,0.59765,3083
2024-04-01 00:00:00,0.5978,0.59925,0.59731,0.59895,6332
2024-04-01 04:00:00,0.59896,0.59923,0.59772,0.59806,6052
2024-04-01 08:00:00,0.59805,0.5985,0.59732,0.59825,5417
2024-04-01 12:00:00,0.59825,0.59838,0.5964,0.59702,4858
2024-04-01 16:00:00,0.59702,0.59718,0.59391,0.59427,12879
2024-04-01 20:00:00,0.59428,0.59528,0.59422,0.59526,3300
2024-04-02 00:00:00,0.59523,0.59546,0.59467,0.59495,5532
2024-04-02 04:00:00,0.59495,0.59547,0.59437,0.5946,9723
2024-04-02 08:00:00,0.5946,0.59574,0.59429,0.59555,10240
2024-04-02 12:00:00,0.59553,0.59602,0.59516,0.59553,8666
2024-04-02 16:00:00,0.59552,0.5973,0.59538,0.59618,12304
2024-04-02 20:00:00,0.5962,0.59727,0.59601,0.59708,3803
2024-04-03 00:00:00,0.59707,0.59744,0.59591,0.59591,4760
2024-04-03 04:00:00,0.5959,0.59773,0.5952,0.5972,7027
2024-04-03 08:00:00,0.59721,0.59763,0.59596,0.59652,9627
2024-04-03 12:00:00,0.59652,0.59733,0.59616,0.59665,8354
2024-04-03 16:00:00,0.59666,0.60076,0.59628,0.60036,17202
2024-04-03 20:00:00,0.60035,0.60109,0.59998,0.60092,5056
2024-04-04 00:00:00,0.60053,0.60238,0.60046,0.6023,5553
2024-04-04 04:00:00,0.6023,0.60294,0.60179,0.60273,5751
2024-04-04 08:00:00,0.60273,0.60415,0.60271,0.60372,7798
2024-04-04 12:00:00,0.60372,0.60448,0.6025,0.60418,7455
2024-04-04 16:00:00,0.60419,0.60458,0.6035,0.60413,8391
2024-04-04 20:00:00,0.60412,0.60463,0.60192,0.60254,6767
2024-04-05 00:00:00,0.60234,0.60306,0.60212,0.60295,6809
2024-04-05 04:00:00,0.60294,0.60309,0.60064,0.60075,9304
2024-04-05 08:00:00,0.60076,0.60213,0.60055,0.60185,9832
2024-04-05 12:00:00,0.60185,0.60267,0.59878,0.59957,11298
2024-04-05 16:00:00,0.59957,0.60194,0.59852,0.6015,18500
2024-04-05 20:00:00,0.60147,0.60166,0.60097,0.60111,6890
2024-04-08 00:00:00,0.60043,0.6011,0.59993,0.60047,6246
2024-04-08 04:00:00,0.60046,0.60181,0.6003,0.60125,10140
2024-04-08 08:00:00,0.60129,0.60169,0.60087,0.60118,10116
2024-04-08 12:00:00,0.60119,0.6028,0.60103,0.60222,7649
2024-04-08 16:00:00,0.60222,0.60382,0.60222,0.60289,11260
2024-04-08 20:00:00,0.6029,0.60358,0.60281,0.60319,3797
2024-04-09 00:00:00,0.60284,0.60435,0.60282,0.60405,3391
2024-04-09 04:00:00,0.60405,0.60487,0.60339,0.60419,6722
2024-04-09 08:00:00,0.60418,0.60441,0.60339,0.60425,6216
2024-04-09 12:00:00,0.60424,0.60681,0.60415,0.60653,7603
2024-04-09 16:00:00,0.60654,0.60765,0.60511,0.60529,11793
2024-04-09 20:00:00,0.6053,0.60617,0.6049,0.60594,4851
2024-04-10 00:00:00,0.6058,0.60682,0.60504,0.60614,5789
2024-04-10 04:00:00,0.60613,0.6077,0.60504,0.60731,9046
2024-04-10 08:00:00,0.60728,0.60773,0.60656,0.60735,9360
2024-04-10 12:00:00,0.60738,0.60827,0.60048,0.60155,12291
2024-04-10 16:00:00,0.60154,0.60161,0.59656,0.59742,22472
2024-04-10 20:00:00,0.59743,0.59862,0.59669,0.59738,13928
2024-04-11 00:00:00,0.59755,0.59796,0.59709,0.59745,8373
2024-04-11 04:00:00,0.59744,0.5986,0.59733,0.59855,11011
2024-04-11 08:00:00,0.59857,0.59921,0.5979,0.59866,13251
2024-04-11 12:00:00,0.59866,0.60068,0.59712,0.60066,15319
2024-04-11 16:00:00,0.60067,0.60144,0.59688,0.59851,17494
2024-04-11 20:00:00,0.59851,0.6003,0.59823,0.59953,6818
2024-04-12 00:00:00,0.59961,0.60054,0.59946,0.6004,5690
2024-04-12 04:00:00,0.60041,0.60099,0.59932,0.59939,7706
2024-04-12 08:00:00,0.5994,0.59962,0.59694,0.59741,14226
2024-04-12 12:00:00,0.59741,0.59763,0.59483,0.59522,13348
2024-04-12 16:00:00,0.59522,0.59533,0.59352,0.59385,21936
2024-04-12 20:00:00,0.59386,0.59428,0.59334,0.59365,8785
2024-04-15 00:00:00,0.59331,0.59494,0.59318,0.59347,9877
2024-04-15 04:00:00,0.59344,0.59532,0.59269,0.59472,11365
2024-04-15 08:00:00,0.59473,0.59517,0.59319,0.594,13310
2024-04-15 12:00:00,0.59401,0.59465,0.59223,0.5935,12767
2024-04-15 16:00:00,0.59351,0.59409,0.59122,0.59187,18380
2024-04-15 20:00:00,0.59184,0.59206,0.58981,0.59028,7388
2024-04-16 00:00:00,0.59022,0.59075,0.58903,0.58915,6043
2024-04-16 04:00:00,0.58914,0.5895,0.58732,0.58857,13456
2024-04-16 08:00:00,0.58858,0.58955,0.58816,0.58877,14806
2024-04-16 12:00:00,0.58878,0.58956,0.58794,0.58854,10792
2024-04-16 16:00:00,0.58855,0.58901,0.58727,0.58861,20439
2024-04-16 20:00:00,0.58862,0.58951,0.58678,0.58798,14745
2024-04-17 00:00:00,0.5877,0.59004,0.58605,0.58989,8177
2024-04-17 04:00:00,0.5899,0.59081,0.58933,0.59021,9114
2024-04-17 08:00:00,0.59021,0.59171,0.58921,0.59082,13736
2024-04-17 12:00:00,0.59082,0.59135,0.59017,0.59044,12126
2024-04-17 16:00:00,0.59043,0.5913,0.58935,0.58993,19026
2024-04-17 20:00:00,0.58994,0.59249,0.58986,0.59159,11000
2024-04-18 00:00:00,0.59077,0.59186,0.59057,0.59131,5259
2024-04-18 04:00:00,0.59133,0.59285,0.59119,0.59202,10550
2024-04-18 08:00:00,0.59203,0.59327,0.59151,0.593,10769
2024-04-18 12:00:00,0.593,0.59312,0.59182,0.59235,11025
2024-04-18 16:00:00,0.59235,0.59278,0.59074,0.59087,17959
2024-04-18 20:00:00,0.59089,0.59094,0.58984,0.59009,8316
2024-04-19 00:00:00,0.59025,0.59041,0.58936,0.58945,5988
2024-04-19 04:00:00,0.58944,0.58963,0.58518,0.58828,26531
2024-04-19 08:00:00,0.58828,0.58974,0.58759,0.58904,18673
2024-04-19 12:00:00,0.58904,0.59002,0.58812,0.58941,14362
2024-04-19 16:00:00,0.58939,0.59061,0.58819,0.5891,20067
2024-04-19 20:00:00,0.58911,0.58936,0.58835,0.58876,8581
2024-04-22 00:00:00,0.58827,0.59119,0.58801,0.59054,6984
2024-04-22 04:00:00,0.59053,0.59282,0.59053,0.59114,8938
2024-04-22 08:00:00,0.59115,0.5913,0.59024,0.59062,10402
2024-04-22 12:00:00,0.59062,0.59121,0.59033,0.5907,10358
2024-04-22 16:00:00,0.5907,0.59131,0.58941,0.59117,13384
2024-04-22 20:00:00,0.59118,0.59225,0.59113,0.59184,5563
2024-04-23 00:00:00,0.59159,0.59256,0.59152,0.59253,4871
2024-04-23 04:00:00,0.59252,0.59279,0.59157,0.5917,7651
2024-04-23 08:00:00,0.59169,0.59189,0.59047,0.5907,9773
2024-04-23 12:00:00,0.5907,0.59162,0.59021,0.5915,9921
2024-04-23 16:00:00,0.5915,0.59478,0.5912,0.59384,16045
2024-04-23 20:00:00,0.59386,0.59428,0.59302,0.59318,5486
2024-04-24 00:00:00,0.59279,0.59428,0.59259,0.59422,5158
2024-04-24 04:00:00,0.59423,0.59518,0.59378,0.59451,9847
2024-04-24 08:00:00,0.59451,0.59473,0.5932,0.5937,9969
2024-04-24 12:00:00,0.5937,0.59419,0.59239,0.59276,8324
2024-04-24 16:00:00,0.59278,0.59383,0.59201,0.59279,13526
2024-04-24 20:00:00,0.59278,0.5939,0.59262,0.59355,7110
2024-04-25 00:00:00,0.59324,0.59412,0.59289,0.59387,6402
2024-04-25 04:00:00,0.59388,0.59457,0.59316,0.59422,7825
2024-04-25 08:00:00,0.59424,0.59642,0.59397,0.59629,9901
2024-04-25 12:00:00,0.59628,0.5968,0.59268,0.5929,11477
2024-04-25 16:00:00,0.59291,0.59461,0.59197,0.59444,19414
2024-04-25 20:00:00,0.59447,0.59524,0.59423,0.59488,8273
2024-04-26 00:00:00,0.59465,0.59636,0.59396,0.5963,6659
2024-04-26 04:00:00,0.59631,0.5968,0.59528,0.59558,8816
2024-04-26 08:00:00,0.59559,0.59692,0.59551,0.59609,13967
2024-04-26 12:00:00,0.59608,0.59637,0.59456,0.59537,12332
2024-04-26 16:00:00,0.59536,0.59591,0.59287,0.59406,16772
2024-04-26 20:00:00,0.59405,0.5948,0.59372,0.59398,4350
2024-04-29 00:00:00,0.5942,0.59505,0.59347,0.59493,3407
2024-04-29 04:00:00,0.59493,0.59823,0.59476,0.59738,12690
2024-04-29 08:00:00,0.59737,0.59773,0.59575,0.59637,15353
2024-04-29 12:00:00,0.59638,0.59797,0.59622,0.59652,8979
2024-04-29 16:00:00,0.59653,0.59827,0.59593,0.5979,11836
2024-04-29 20:00:00,0.59792,0.59842,0.59717,0.59775,6552
2024-04-30 00:00:00,0.59738,0.59792,0.59652,0.5968,4289
2024-04-30 04:00:00,0.59681,0.59729,0.59464,0.59486,7166
2024-04-30 08:00:00,0.59488,0.5949,0.59295,0.59429,7696
2024-04-30 12:00:00,0.59428,0.59527,0.59152,0.59166,10124
2024-04-30 16:00:00,0.59168,0.59246,0.59016,0.59047,16148
2024-04-30 20:00:00,0.59048,0.59061,0.58866,0.58871,5561
2024-05-01 00:00:00,0.58861,0.5891,0.58736,0.58837,4285
2024-05-01 04:00:00,0.58836,0.58893,0.58829,0.5886,3097
2024-05-01 08:00:00,0.58859,0.58913,0.58809,0.58901,4720
2024-05-01 12:00:00,0.589,0.59008,0.58869,0.58977,6488
2024-05-01 16:00:00,0.58977,0.59076,0.58938,0.58969,11040
2024-05-01 20:00:00,0.58971,0.59395,0.58922,0.59315,22918
2024-05-02 00:00:00,0.59229,0.59345,0.59137,0.59206,6698
2024-05-02 04:00:00,0.59206,0.59309,0.59139,0.59268,6138
2024-05-02 08:00:00,0.59268,0.59473,0.59257,0.59338,11111
2024-05-02 12:00:00,0.59339,0.59408,0.59201,0.59286,11087
2024-05-02 16:00:00,0.59286,0.59519,0.59156,0.59492,16848
2024-05-02 20:00:00,0.59495,0.59676,0.59478,0.5962,5987
2024-05-03 00:00:00,0.59529,0.59697,0.5948,0.59693,5622
2024-05-03 04:00:00,0.59693,0.59783,0.59641,0.59678,6486
2024-05-03 08:00:00,0.59677,0.59811,0.59622,0.59804,8211
2024-05-03 12:00:00,0.59803,0.60442,0.59762,0.60374,12545
2024-05-03 16:00:00,0.60371,0.60482,0.60031,0.60113,24373
2024-05-03 20:00:00,0.60115,0.60187,0.60079,0.60101,4416
2024-05-06 00:00:00,0.60127,0.60135,0.59981,0.60047,4588
2024-05-06 04:00:00,0.60047,0.6012,0.59952,0.59991,6299
2024-05-06 08:00:00,0.59991,0.602,0.59973,0.60186,6613
2024-05-06 12:00:00,0.60188,0.60317,0.60156,0.60271,5803
2024-05-06 16:00:00,0.6027,0.60278,0.6007,0.60112,6515
2024-05-06 20:00:00,0.60114,0.60152,0.60074,0.60109,3025
2024-05-07 00:00:00,0.60082,0.60231,0.60057,0.60217,3773
2024-05-07 04:00:00,0.60216,0.60244,0.6005,0.60094,6744
2024-05-07 08:00:00,0.60096,0.60142,0.59994,0.60094,8695
2024-05-07 12:00:00,0.60093,0.60174,0.6,0.60153,6931
2024-05-07 16:00:00,0.60153,0.60206,0.60064,0.60074,8200
2024-05-07 20:00:00,0.60075,0.60085,0.5995,0.6002,4678
2024-05-08 00:00:00,0.60005,0.60036,0.5992,0.59932,3262
2024-05-08 04:00:00,0.59935,0.59949,0.59832,0.59919,4945
2024-05-08 08:00:00,0.59918,0.59961,0.59812,0.59825,6375
2024-05-08 12:00:00,0.59825,0.59915,0.59807,0.59872,5454
2024-05-08 16:00:00,0.59873,0.60033,0.59871,0.59991,7058
2024-05-08 20:00:00,0.59992,0.60038,0.59963,0.60038,2695
2024-05-09 00:00:00,0.60006,0.60074,0.59924,0.59937,2844
2024-05-09 04:00:00,0.59937,0.60087,0.59931,0.60025,4334
2024-05-09 08:00:00,0.60026,0.60044,0.59923,0.59957,5456
2024-05-09 12:00:00,0.59958,0.60205,0.59944,0.60151,8815
2024-05-09 16:00:00,0.6015,0.60252,0.60052,0.60221,9766
2024-05-09 20:00:00,0.60219,0.6035,0.60209,0.60344,3946
2024-05-10 00:00:00,0.6028,0.60398,0.60278,0.60288,5146
2024-05-10 04:00:00,0.60287,0.60326,0.60137,0.60225,6142
2024-05-10 08:00:00,0.60225,0.60301,0.60154,0.6016,8495
2024-05-10 12:00:00,0.60161,0.60219,0.60129,0.60163,8010
2024-05-10 16:00:00,0.60164,0.60343,0.60086,0.60195,12329
2024-05-10 20:00:00,0.60195,0.60228,0.60162,0.60185,2738
2024-05-13 00:00:00,0.6011,0.60225,0.60067,0.60149,3631
2024-05-13 04:00:00,0.6015,0.60175,0.59999,0.60064,6753
2024-05-13 08:00:00,0.60063,0.60144,0.6005,0.60115,10535
2024-05-13 12:00:00,0.60115,0.60262,0.60089,0.60255,7616
2024-05-13 16:00:00,0.60256,0.60307,0.60135,0.60165,10839
2024-05-13 20:00:00,0.60164,0.60193,0.60116,0.60167,6011
2024-05-14 00:00:00,0.60147,0.60255,0.60126,0.60158,6250
2024-05-14 04:00:00,0.60159,0.60179,0.60095,0.60145,7163
2024-05-14 08:00:00,0.60146,0.60275,0.60124,0.60238,7225
2024-05-14 12:00:00,0.60237,0.60293,0.59943,0.60223,10675
2024-05-14 16:00:00,0.60219,0.60377,0.60191,0.60342,13367
2024-05-14 20:00:00,0.60342,0.60425,0.6032,0.60405,4272
2024-05-15 00:00:00,0.60303,0.60503,0.60303,0.60433,3709
2024-05-15 04:00:00,0.60433,0.60608,0.60429,0.60564,5417
2024-05-15 08:00:00,0.60564,0.6066,0.60556,0.60629,6207
2024-05-15 12:00:00,0.60629,0.61012,0.60558,0.60834,10917
2024-05-15 16:00:00,0.60832,0.61155,0.60567,0.61149,15966
2024-05-15 20:00:00,0.61149,0.61242,0.61145,0.61218,5610
2024-05-16 00:00:00,0.61126,0.61402,0.61126,0.61382,5237
2024-05-16 04:00:00,0.61381,0.61383,0.61159,0.61233,8364
2024-05-16 08:00:00,0.61233,0.61251,0.61087,0.61123,7986
2024-05-16 12:00:00,0.61124,0.61142,0.61008,0.61035,8378
2024-05-16 16:00:00,0.61033,0.61222,0.60951,0.61191,9940
2024-05-16 20:00:00,0.61192,0.61221,0.61165,0.61219,4960
2024-05-17 00:00:00,0.61161,0.61266,0.61155,0.61168,4100
2024-05-17 04:00:00,0.61172,0.61185,0.6105,0.61113,6250
2024-05-17 08:00:00,0.61112,0.61229,0.61027,0.61063,6777
2024-05-17 12:00:00,0.61064,0.61125,0.61009,0.61117,4850
2024-05-17 16:00:00,0.61118,0.61347,0.61102,0.61327,9979
2024-05-17 20:00:00,0.61326,0.61393,0.61322,0.61344,2894
2024-05-20 00:00:00,0.61244,0.61375,0.61241,0.61283,4381
2024-05-20 04:00:00,0.61283,0.61331,0.61211,0.613,7639
2024-05-20 08:00:00,0.61302,0.61369,0.61163,0.61189,8125
2024-05-20 12:00:00,0.61189,0.61241,0.60962,0.61011,7541
2024-05-20 16:00:00,0.61012,0.61188,0.61009,0.61123,10052
2024-05-20 20:00:00,0.61123,0.61162,0.61052,0.61058,4618
2024-05-21 00:00:00,0.61042,0.61102,0.61,0.61073,3498
2024-05-21 04:00:00,0.61074,0.61081,0.60888,0.61003,7834
2024-05-21 08:00:00,0.61004,0.61082,0.60957,0.61028,7072
2024-05-21 12:00:00,0.61029,0.61073,0.6095,0.60996,7361
2024-05-21 16:00:00,0.60995,0.6107,0.60871,0.60934,14308
2024-05-21 20:00:00,0.60935,0.60968,0.60903,0.60915,4056
2024-05-22 00:00:00,0.60906,0.61021,0.60895,0.60993,5244
2024-05-22 04:00:00,0.60992,0.61523,0.6096,0.61175,9658
2024-05-22 08:00:00,0.61175,0.61297,0.61095,0.61141,9029
2024-05-22 12:00:00,0.61142,0.61245,0.61043,0.61125,9647
2024-05-22 16:00:00,0.61124,0.61217,0.61019,0.61082,12504
2024-05-22 20:00:00,0.61081,0.61096,0.60827,0.60963,9510
2024-05-23 00:00:00,0.60915,0.61096,0.60907,0.61037,4665
2024-05-23 04:00:00,0.61037,0.61222,0.61015,0.6119,8091
2024-05-23 08:00:00,0.6119,0.61204,0.61053,0.61148,9983
2024-05-23 12:00:00,0.61147,0.61317,0.61126,0.61272,8551
2024-05-23 16:00:00,0.6127,0.61335,0.61014,0.61068,19599
2024-05-23 20:00:00,0.61068,0.61068,0.60921,0.60989,8847
2024-05-24 00:00:00,0.6096,0.61008,0.60897,0.60936,4370
2024-05-24 04:00:00,0.60935,0.61004,0.60871,0.60975,7022
2024-05-24 08:00:00,0.60975,0.61068,0.60902,0.61052,7784
2024-05-24 12:00:00,0.61052,0.61139,0.61029,0.61104,7873
2024-05-24 16:00:00,0.61103,0.61261,0.61069,0.61181,12335
2024-05-24 20:00:00,0.61182,0.61257,0.61171,0.61208,4990
2024-05-27 00:00:00,0.61161,0.61267,0.61139,0.61225,4583
2024-05-27 04:00:00,0.61225,0.61311,0.61223,0.61298,4893
2024-05-27 08:00:00,0.61297,0.61354,0.61248,0.61347,5015
2024-05-27 12:00:00,0.61348,0.61466,0.61344,0.61465,6107
2024-05-27 16:00:00,0.61467,0.6153,0.61446,0.61483,5768
2024-05-27 20:00:00,0.61482,0.61534,0.61476,0.61491,1600
2024-05-28 00:00:00,0.61472,0.61597,0.61469,0.61561,4025
2024-05-28 04:00:00,0.61561,0.61652,0.61551,0.61589,7444
2024-05-28 08:00:00,0.6159,0.61653,0.61557,0.61603,8211
2024-05-28 12:00:00,0.61602,0.61678,0.6156,0.61671,7688
2024-05-28 16:00:00,0.6167,0.617,0.61471,0.61506,13171
2024-05-28 20:00:00,0.61505,0.61515,0.61371,0.61407,7676
2024-05-29 00:00:00,0.61363,0.61439,0.61327,0.61342,5212
2024-05-29 04:00:00,0.61343,0.61475,0.61279,0.61303,7749
2024-05-29 08:00:00,0.61303,0.61449,0.61248,0.61376,9285
2024-05-29 12:00:00,0.61375,0.61394,0.61217,0.613,9113
2024-05-29 16:00:00,0.61302,0.61318,0.61111,0.61173,14788
2024-05-29 20:00:00,0.61173,0.61214,0.61116,0.61143,6929
2024-05-30 00:00:00,0.61136,0.61169,0.61031,0.61063,4428
2024-05-30 04:00:00,0.61063,0.61141,0.61001,0.61041,7918
2024-05-30 08:00:00,0.61039,0.61092,0.60885,0.61077,10774
2024-05-30 12:00:00,0.61078,0.61203,0.60982,0.61172,11188
2024-05-30 16:00:00,0.61173,0.6131,0.61141,0.6128,14803
2024-05-30 20:00:00,0.61279,0.61295,0.61118,0.61142,6316
2024-05-31 00:00:00,0.61106,0.61249,0.61101,0.61243,4758
2024-05-31 04:00:00,0.61243,0.61286,0.61173,0.61239,10269
2024-05-31 08:00:00,0.61238,0.61321,0.61158,0.61262,9643
2024-05-31 12:00:00,0.61261,0.61562,0.61218,0.61552,11590
2024-05-31 16:00:00,0.61552,0.61653,0.61292,0.61352,18120
2024-05-31 20:00:00,0.61353,0.61475,0.61343,0.61444,7338
2024-06-03 00:00:00,0.61309,0.61556,0.61305,0.61539,6080
2024-06-03 04:00:00,0.61539,0.61586,0.61419,0.61471,7258
2024-06-03 08:00:00,0.61471,0.61487,0.61334,0.61411,10131
2024-06-03 12:00:00,0.61411,0.61632,0.61343,0.61603,10521
2024-06-03 16:00:00,0.61605,0.61889,0.61575,0.61757,19826
2024-06-03 20:00:00,0.61758,0.61929,0.61687,0.6192,9508
2024-06-04 00:00:00,0.61905,0.61979,0.61887,0.61895,4399
2024-06-04 04:00:00,0.61895,0.61942,0.61788,0.61908,7350
2024-06-04 08:00:00,0.61907,0.61926,0.61676,0.61703,12797
2024-06-04 12:00:00,0.61702,0.61738,0.61554,0.61716,14547
2024-06-04 16:00:00,0.61717,0.61818,0.61625,0.61727,21202
2024-06-04 20:00:00,0.61727,0.61818,0.61699,0.61767,9166
2024-06-05 00:00:00,0.61754,0.61845,0.61706,0.61809,5102
2024-06-05 04:00:00,0.61809,0.61912,0.61759,0.61873,8924
2024-06-05 08:00:00,0.61872,0.6198,0.61758,0.61851,11071
2024-06-05 12:00:00,0.61851,0.61902,0.61756,0.61881,10172
2024-06-05 16:00:00,0.6188,0.6194,0.61702,0.61838,18669
2024-06-05 20:00:00,0.61837,0.6195,0.61813,0.61917,5444
2024-06-06 00:00:00,0.61913,0.62063,0.61904,0.62057,4408
2024-06-06 04:00:00,0.62056,0.62147,0.61935,0.61951,8626
2024-06-06 08:00:00,0.61952,0.61965,0.61785,0.61859,8618
2024-06-06 12:00:00,0.6186,0.61927,0.61768,0.61797,10582
2024-06-06 16:00:00,0.61797,0.61981,0.61732,0.61957,13382
2024-06-06 20:00:00,0.61958,0.6205,0.6195,0.62,6311
2024-06-07 00:00:00,0.61953,0.62019,0.61902,0.61949,4258
2024-06-07 04:00:00,0.61948,0.62032,0.61882,0.61982,6750
2024-06-07 08:00:00,0.61983,0.6201,0.61878,0.61922,11072
2024-06-07 12:00:00,0.61922,0.61958,0.61361,0.61385,14653
2024-06-07 16:00:00,0.61384,0.61425,0.61051,0.61118,20597
2024-06-07 20:00:00,0.61117,0.61137,0.61016,0.6104,6818
2024-06-10 00:00:00,0.61005,0.61078,0.60992,0.61016,5216
2024-06-10 04:00:00,0.61017,0.61076,0.60993,0.61075,6092
2024-06-10 08:00:00,0.61076,0.61146,0.61028,0.61065,9588
2024-06-10 12:00:00,0.61065,0.61168,0.61035,0.61067,10646
2024-06-10 16:00:00,0.61067,0.61251,0.61018,0.61203,12344
2024-06-10 20:00:00,0.61203,0.61277,0.61167,0.61275,7433
2024-06-11 00:00:00,0.61264,0.61326,0.61251,0.6128,4629
2024-06-11 04:00:00,0.61279,0.61283,0.61176,0.61205,7276
2024-06-11 08:00:00,0.61204,0.61307,0.61201,0.61251,9228
2024-06-11 12:00:00,0.61251,0.61304,0.61174,0.61298,11964
2024-06-11 16:00:00,0.61297,0.61369,0.61183,0.61352,12043
2024-06-11 20:00:00,0.61352,0.61498,0.61342,0.61437,6368
2024-06-12 00:00:00,0.61391,0.61474,0.61342,0.61371,4106
2024-06-12 04:00:00,0.6137,0.61483,0.61356,0.61423,6781
2024-06-12 08:00:00,0.61423,0.61492,0.61372,0.61427,7984
2024-06-12 12:00:00,0.61427,0.62128,0.61405,0.62092,8350
2024-06-12 16:00:00,0.62091,0.62217,0.62022,0.62157,12342
2024-06-12 20:00:00,0.62159,0.62166,0.61746,0.61838,12966
2024-06-13 00:00:00,0.61841,0.6188,0.6179,0.61811,2765
2024-06-13 04:00:00,0.61811,0.61842,0.61679,0.61681,4910
2024-06-13 08:00:00,0.6168,0.61789,0.61649,0.61788,5777
2024-06-13 12:00:00,0.61789,0.61984,0.61667,0.61801,7986
2024-06-13 16:00:00,0.61802,0.61843,0.61598,0.61627,11485
2024-06-13 20:00:00,0.61627,0.61743,0.61627,0.61685,5310
2024-06-14 00:00:00,0.61681,0.61696,0.61476,0.61481,3014
2024-06-14 04:00:00,0.61481,0.6162,0.61473,0.61504,6496
2024-06-14 08:00:00,0.61506,0.61537,0.6132,0.61342,8882
2024-06-14 12:00:00,0.61342,0.61399,0.61207,0.61296,10941
2024-06-14 16:00:00,0.61297,0.61427,0.61157,0.61412,11367
2024-06-14 20:00:00,0.61413,0.61426,0.61319,0.61416,4107
2024-06-17 00:00:00,0.61251,0.61404,0.61235,0.61308,4095
2024-06-17 04:00:00,0.61309,0.61317,0.61233,0.61248,5065
2024-06-17 08:00:00,0.61248,0.61251,0.61082,0.61211,7953
2024-06-17 12:00:00,0.61211,0.61244,0.61043,0.61095,7221
2024-06-17 16:00:00,0.61097,0.61235,0.61089,0.6122,7940
2024-06-17 20:00:00,0.61219,0.61338,0.61219,0.61296,4248
2024-06-18 00:00:00,0.61152,0.61396,0.61152,0.61354,3746
2024-06-18 04:00:00,0.61354,0.61365,0.61136,0.61161,6140
2024-06-18 08:00:00,0.61158,0.61238,0.60967,0.6105,8435
2024-06-18 12:00:00,0.6105,0.61184,0.60981,0.61142,8358
2024-06-18 16:00:00,0.61145,0.61469,0.6113,0.61438,10701
2024-06-18 20:00:00,0.61439,0.6148,0.61387,0.6145,5695
2024-06-19 00:00:00,0.61413,0.61456,0.61368,0.61386,2756
2024-06-19 04:00:00,0.61385,0.61407,0.61305,0.61315,3573
2024-06-19 08:00:00,0.61313,0.61407,0.61294,0.61381,6179
2024-06-19 12:00:00,0.61379,0.61415,0.61299,0.61343,5696
2024-06-19 16:00:00,0.61344,0.61377,0.61306,0.61306,4005
2024-06-19 20:00:00,0.61305,0.61312,0.61278,0.61308,1660
2024-06-20 00:00:00,0.61312,0.61476,0.61281,0.61314,3813
2024-06-20 04:00:00,0.61315,0.61371,0.61246,0.61332,5172
2024-06-20 08:00:00,0.61332,0.61371,0.61251,0.61262,6091
2024-06-20 12:00:00,0.61263,0.61358,0.61228,0.61251,7780
2024-06-20 16:00:00,0.61252,0.6132,0.61113,0.6116,10387
2024-06-20 20:00:00,0.61161,0.61284,0.61143,0.61187,5966
2024-06-21 00:00:00,0.61186,0.61252,0.61151,0.61159,2686
2024-06-21 04:00:00,0.61159,0.61259,0.61157,0.61255,4592
2024-06-21 08:00:00,0.61255,0.61299,0.61179,0.61274,7112
2024-06-21 12:00:00,0.61275,0.61341,0.61212,0.61293,7851
2024-06-21 16:00:00,0.61294,0.61301,0.61088,0.61182,10259
2024-06-21 20:00:00,0.61181,0.61232,0.61159,0.61177,3540
2024-06-24 00:00:00,0.6109,0.61183,0.6107,0.6112,3024
2024-06-24 04:00:00,0.61119,0.61132,0.61044,0.6112,5169
2024-06-24 08:00:00,0.61121,0.61287,0.61118,0.61276,5205
2024-06-24 12:00:00,0.61276,0.61294,0.61136,0.61213,8459
2024-06-24 16:00:00,0.61212,0.614,0.61212,0.61237,9014
2024-06-24 20:00:00,0.61236,0.61305,0.61184,0.61249,4746
2024-06-25 00:00:00,0.61183,0.61257,0.61164,0.61204,4318
2024-06-25 04:00:00,0.61204,0.61256,0.61179,0.61224,5786
2024-06-25 08:00:00,0.61223,0.61303,0.61217,0.6127,6894
2024-06-25 12:00:00,0.61269,0.61289,0.61155,0.6118,6996
2024-06-25 16:00:00,0.6118,0.61209,0.61075,0.61096,10148
2024-06-25 20:00:00,0.61096,0.61228,0.61087,0.61198,4697
2024-06-26 00:00:00,0.61133,0.61214,0.61125,0.61172,3308
2024-06-26 04:00:00,0.61171,0.61276,0.61105,0.61122,7887
2024-06-26 08:00:00,0.61122,0.61204,0.61031,0.61038,7864
2024-06-26 12:00:00,0.61039,0.61097,0.60868,0.60878,8405
2024-06-26 16:00:00,0.60876,0.60925,0.60759,0.60791,10790
2024-06-26 20:00:00,0.60791,0.60846,0.60737,0.60825,5401
2024-06-27 00:00:00,0.60742,0.60869,0.60684,0.60699,4456
2024-06-27 04:00:00,0.607,0.60876,0.60697,0.60869,6211
2024-06-27 08:00:00,0.60872,0.60968,0.60849,0.60955,9398
2024-06-27 12:00:00,0.60956,0.61083,0.6093,0.61063,11593
2024-06-27 16:00:00,0.61062,0.61065,0.60848,0.60889,13551
2024-06-27 20:00:00,0.60888,0.60898,0.60822,0.60826,5437
2024-06-28 00:00:00,0.60833,0.60858,0.60731,0.60732,4151
2024-06-28 04:00:00,0.60732,0.60749,0.60573,0.60593,10882
2024-06-28 08:00:00,0.60593,0.60722,0.60585,0.60701,9848
2024-06-28 12:00:00,0.60702,0.60957,0.60674,0.60918,12942
2024-06-28 16:00:00,0.60917,0.61009,0.60855,0.60951,18633
2024-06-28 20:00:00,0.60951,0.61047,0.60868,0.60903,6164
2024-07-01 00:00:00,0.60935,0.61035,0.60866,0.60981,7053
2024-07-01 04:00:00,0.60981,0.61032,0.60954,0.60973,8775
2024-07-01 08:00:00,0.60972,0.61071,0.60965,0.6104,10931
2024-07-01 12:00:00,0.6104,0.6104,0.60797,0.60861,10447
2024-07-01 16:00:00,0.60863,0.6104,0.60647,0.60721,14997
2024-07-01 20:00:00,0.60722,0.60773,0.60664,0.60758,4770
2024-07-02 00:00:00,0.60679,0.60773,0.60556,0.6056,4841
2024-07-02 04:00:00,0.60561,0.6061,0.60473,0.60539,7808
2024-07-02 08:00:00,0.6054,0.60572,0.60473,0.60568,9463
2024-07-02 12:00:00,0.60568,0.60662,0.60508,0.60635,8758
2024-07-02 16:00:00,0.60632,0.60787,0.60622,0.60705,16249
2024-07-02 20:00:00,0.60703,0.60824,0.60697,0.60785,5468
2024-07-03 00:00:00,0.60759,0.60855,0.60748,0.60817,4354
2024-07-03 04:00:00,0.60816,0.60828,0.60755,0.60768,6721
2024-07-03 08:00:00,0.60768,0.60845,0.60706,0.60762,8694
2024-07-03 12:00:00,0.60762,0.60828,0.60693,0.60797,9423
2024-07-03 16:00:00,0.60797,0.61286,0.60792,0.61117,15640
2024-07-03 20:00:00,0.61117,0.61117,0.60982,0.61034,3859
2024-07-04 00:00:00,0.61004,0.61145,0.60997,0.61139,3470
2024-07-04 04:00:00,0.61141,0.61179,0.61066,0.61083,6239
2024-07-04 08:00:00,0.61081,0.61184,0.61067,0.61167,7096
2024-07-04 12:00:00,0.61168,0.61224,0.61132,0.61176,5733
2024-07-04 16:00:00,0.61176,0.61197,0.61142,0.61192,5140
2024-07-04 20:00:00,0.61191,0.61197,0.6116,0.61161,753
2024-07-05 00:00:00,0.61161,0.61206,0.61116,0.61169,4168
2024-07-05 04:00:00,0.6117,0.61238,0.61153,0.61192,7370
2024-07-05 08:00:00,0.61192,0.61216,0.61133,0.61203,8478
2024-07-05 12:00:00,0.61204,0.61417,0.61047,0.61288,11921
2024-07-05 16:00:00,0.61288,0.61398,0.61146,0.61343,19520
2024-07-05 20:00:00,0.61342,0.61487,0.6133,0.61448,4673
2024-07-08 00:00:00,0.61332,0.61475,0.61322,0.6136,5769
2024-07-08 04:00:00,0.61359,0.61534,0.61343,0.6147,7472
2024-07-08 08:00:00,0.61469,0.61476,0.61336,0.61339,9415
2024-07-08 12:00:00,0.61337,0.61413,0.61297,0.61403,7193
2024-07-08 16:00:00,0.61404,0.61421,0.61301,0.61329,9616
2024-07-08 20:00:00,0.61328,0.61343,0.6123,0.61256,3014
2024-07-09 00:00:00,0.6119,0.61327,0.6119,0.61236,2929
2024-07-09 04:00:00,0.61235,0.61286,0.6116,0.61255,5882
2024-07-09 08:00:00,0.61255,0.61276,0.61142,0.6115,7167
2024-07-09 12:00:00,0.6115,0.61206,0.61133,0.61187,7363
2024-07-09 16:00:00,0.61187,0.61318,0.61119,0.61212,12604
2024-07-09 20:00:00,0.61211,0.61269,0.61208,0.61248,4768
2024-07-10 00:00:00,0.6122,0.61316,0.61184,0.61252,2579
2024-07-10 04:00:00,0.61253,0.61299,0.60748,0.60914,9998
2024-07-10 08:00:00,0.60915,0.60946,0.60647,0.60702,7885
2024-07-10 12:00:00,0.60703,0.60822,0.60668,0.60789,7125
2024-07-10 16:00:00,0.60789,0.60886,0.60786,0.60824,9678
2024-07-10 20:00:00,0.60826,0.60845,0.60746,0.60807,4115
2024-07-11 00:00:00,0.60801,0.60914,0.60786,0.60887,3296
2024-07-11 04:00:00,0.60887,0.60983,0.60819,0.60956,5096
2024-07-11 08:00:00,0.60956,0.6097,0.60867,0.60919,6883
2024-07-11 12:00:00,0.60918,0.61345,0.6082,0.61242,11593
2024-07-11 16:00:00,0.61243,0.61313,0.61009,0.61034,23614
2024-07-11 20:00:00,0.61034,0.61038,0.60911,0.6095,7894
2024-07-12 00:00:00,0.60918,0.60975,0.60802,0.60812,9664
2024-07-12 04:00:00,0.60813,0.61029,0.60761,0.61009,8901
2024-07-12 08:00:00,0.61009,0.61097,0.6094,0.61095,8310
2024-07-12 12:00:00,0.61096,0.61154,0.60965,0.61116,10564
2024-07-12 16:00:00,0.61123,0.61258,0.61116,0.61184,16318
2024-07-12 20:00:00,0.61186,0.61229,0.61145,0.6118,3507
2024-07-15 00:00:00,0.61056,0.61098,0.60905,0.60969,8337
2024-07-15 04:00:00,0.60967,0.61006,0.60906,0.60992,7105
2024-07-15 08:00:00,0.60991,0.6102,0.60849,0.60994,8999
2024-07-15 12:00:00,0.60993,0.61004,0.60808,0.60873,9013
2024-07-15 16:00:00,0.60874,0.60995,0.60858,0.60895,14139
2024-07-15 20:00:00,0.60896,0.60897,0.60725,0.60749,8741
2024-07-16 00:00:00,0.60735,0.60764,0.60628,0.60641,4388
2024-07-16 04:00:00,0.60645,0.60665,0.60517,0.60536,6328
2024-07-16 08:00:00,0.60534,0.6061,0.60478,0.6058,9226
2024-07-16 12:00:00,0.60581,0.60733,0.60424,0.60482,12110
2024-07-16 16:00:00,0.60481,0.60487,0.60358,0.60395,13979
2024-07-16 20:00:00,0.60396,0.60524,0.60393,0.60494,4189
2024-07-17 00:00:00,0.60437,0.60794,0.60344,0.60755,9711
2024-07-17 04:00:00,0.60755,0.60817,0.60658,0.60668,5987
2024-07-17 08:00:00,0.60667,0.60924,0.60647,0.60907,14480
2024-07-17 12:00:00,0.60907,0.60971,0.60762,0.60851,10518
2024-07-17 16:00:00,0.60851,0.60889,0.6066,0.60715,16743
2024-07-17 20:00:00,0.60714,0.60827,0.60696,0.60819,6317
2024-07-18 00:00:00,0.60767,0.60826,0.60697,0.60731,5470
2024-07-18 04:00:00,0.60732,0.60816,0.6064,0.60712,10052
2024-07-18 08:00:00,0.60711,0.60783,0.60663,0.60705,11697
2024-07-18 12:00:00,0.60705,0.60754,0.60668,0.60731,9729
2024-07-18 16:00:00,0.60732,0.6076,0.60607,0.60633,17582
2024-07-18 20:00:00,0.60632,0.6064,0.60432,0.60453,6595
2024-07-19 00:00:00,0.60431,0.60485,0.60332,0.60338,5495
2024-07-19 04:00:00,0.60339,0.60353,0.60216,0.60223,8070
2024-07-19 08:00:00,0.60224,0.60394,0.60213,0.60258,11165
2024-07-19 12:00:00,0.60258,0.60273,0.60172,0.60191,9792
2024-07-19 16:00:00,0.60191,0.60235,0.60115,0.60122,13989
2024-07-19 20:00:00,0.60122,0.60143,0.60053,0.60078,6044
2024-07-22 00:00:00,0.60089,0.60277,0.60057,0.60142,6604
2024-07-22 04:00:00,0.60141,0.60175,0.59923,0.59928,9743
2024-07-22 08:00:00,0.59928,0.60029,0.59906,0.60001,10350
2024-07-22 12:00:00,0.6,0.60041,0.59838,0.59858,9181
2024-07-22 16:00:00,0.59858,0.59864,0.59714,0.59736,12793
2024-07-22 20:00:00,0.59736,0.59795,0.59736,0.59784,4012
2024-07-23 00:00:00,0.59734,0.59805,0.59666,0.59676,4698
2024-07-23 04:00:00,0.59675,0.59766,0.59651,0.59653,7342
2024-07-23 08:00:00,0.59654,0.59687,0.59599,0.59635,9162
2024-07-23 12:00:00,0.59636,0.59665,0.59572,0.59605,9263
2024-07-23 16:00:00,0.59603,0.59622,0.59513,0.59529,10097
2024-07-23 20:00:00,0.59529,0.59583,0.59504,0.59557,5467
2024-07-24 00:00:00,0.5953,0.59568,0.59413,0.59445,4206
2024-07-24 04:00:00,0.59446,0.59474,0.59133,0.59178,8940
2024-07-24 08:00:00,0.59179,0.59355,0.59177,0.59259,11091
2024-07-24 12:00:00,0.59258,0.59478,0.59241,0.59469,9279
2024-07-24 16:00:00,0.59469,0.59496,0.59364,0.59435,14116
2024-07-24 20:00:00,0.59435,0.59457,0.59238,0.59296,5970
2024-07-25 00:00:00,0.59246,0.59316,0.59141,0.59188,6548
2024-07-25 04:00:00,0.59189,0.59239,0.59128,0.59132,9730
2024-07-25 08:00:00,0.59132,0.59266,0.59045,0.59119,14293
2024-07-25 12:00:00,0.59118,0.59138,0.58796,0.58929,16622
2024-07-25 16:00:00,0.58929,0.59085,0.58895,0.59049,21122
2024-07-25 20:00:00,0.5905,0.59082,0.58829,0.5887,9531
2024-07-26 00:00:00,0.58851,0.58919,0.58805,0.58871,5028
2024-07-26 04:00:00,0.5887,0.58947,0.58826,0.58887,7012
2024-07-26 08:00:00,0.58888,0.59042,0.58887,0.59025,7533
2024-07-26 12:00:00,0.59022,0.59023,0.58831,0.58944,9404
2024-07-26 16:00:00,0.58946,0.59053,0.58874,0.58981,12310
2024-07-26 20:00:00,0.58981,0.58985,0.58876,0.58887,4638
2024-07-29 00:00:00,0.58865,0.58997,0.58855,0.58974,5528
2024-07-29 04:00:00,0.58974,0.59001,0.58845,0.58853,7377
2024-07-29 08:00:00,0.58855,0.58923,0.58745,0.58782,8323
2024-07-29 12:00:00,0.58782,0.58861,0.58678,0.58678,5994
2024-07-29 16:00:00,0.58679,0.58768,0.58574,0.58742,10889
2024-07-29 20:00:00,0.58743,0.58794,0.58714,0.58748,4061
2024-07-30 00:00:00,0.58626,0.58817,0.58626,0.58768,3914
2024-07-30 04:00:00,0.58768,0.5894,0.58675,0.5891,6641
2024-07-30 08:00:00,0.58909,0.5901,0.58888,0.58951,9245
2024-07-30 12:00:00,0.58952,0.58964,0.58834,0.58866,6116
2024-07-30 16:00:00,0.58866,0.59053,0.58863,0.59001,12466
2024-07-30 20:00:00,0.59002,0.59052,0.58956,0.59021,6131
2024-07-31 00:00:00,0.58959,0.59081,0.58925,0.59041,6459
2024-07-31 04:00:00,0.59042,0.59246,0.58877,0.59069,15089
2024-07-31 08:00:00,0.5907,0.59274,0.58962,0.59151,14613
2024-07-31 12:00:00,0.59151,0.59331,0.59097,0.59327,10323
2024-07-31 16:00:00,0.59329,0.59478,0.5932,0.59437,14138
2024-07-31 20:00:00,0.59437,0.59616,0.59325,0.59501,18185
2024-08-01 00:00:00,0.59409,0.59608,0.59407,0.59579,7300
2024-08-01 04:00:00,0.59579,0.59627,0.59443,0.5953,16560
2024-08-01 08:00:00,0.59531,0.59551,0.59381,0.59389,14573
2024-08-01 12:00:00,0.59388,0.59591,0.59375,0.5957,10865
2024-08-01 16:00:00,0.59569,0.5983,0.5952,0.5956,15080
2024-08-01 20:00:00,0.59561,0.59577,0.59406,0.59457,8440
2024-08-02 00:00:00,0.59407,0.5948,0.59301,0.5937,8360
2024-08-02 04:00:00,0.59369,0.59561,0.59351,0.59517,11321
2024-08-02 08:00:00,0.59518,0.59604,0.59416,0.59451,15909
2024-08-02 12:00:00,0.5945,0.59815,0.59416,0.59692,18582
2024-08-02 16:00:00,0.59692,0.59843,0.59607,0.5963,29678
2024-08-02 20:00:00,0.5963,0.59668,0.59555,0.59569,10255
2024-08-05 00:00:00,0.59529,0.59589,0.59376,0.59509,16290
2024-08-05 04:00:00,0.59509,0.59576,0.59326,0.59429,24279
2024-08-05 08:00:00,0.5943,0.59442,0.58495,0.59248,44977
2024-08-05 12:00:00,0.59248,0.59434,0.59221,0.59327,26900
2024-08-05 16:00:00,0.59326,0.59712,0.59205,0.59257,53552
2024-08-05 20:00:00,0.59257,0.59388,0.59252,0.59373,18039
2024-08-06 00:00:00,0.59308,0.59798,0.593,0.59743,14847
2024-08-06 04:00:00,0.59744,0.59762,0.59221,0.5929,16011
2024-08-06 08:00:00,0.5929,0.59336,0.59149,0.593,26216
2024-08-06 12:00:00,0.59297,0.59297,0.5913,0.59131,23211
2024-08-06 16:00:00,0.59131,0.5959,0.59128,0.59578,26465
2024-08-06 20:00:00,0.59576,0.59634,0.59515,0.59528,11111
2024-08-07 00:00:00,0.59409,0.59983,0.59409,0.5997,11412
2024-08-07 04:00:00,0.5997,0.60174,0.59931,0.60077,19442
2024-08-07 08:00:00,0.60077,0.60197,0.60014,0.60152,19083
2024-08-07 12:00:00,0.60151,0.60248,0.60112,0.60198,13447
2024-08-07 16:00:00,0.60197,0.60229,0.60051,0.6009,16059
2024-08-07 20:00:00,0.6009,0.6009,0.59893,0.59942,11870
2024-08-08 00:00:00,0.59861,0.59984,0.5982,0.59946,8879
2024-08-08 04:00:00,0.59946,0.60093,0.59894,0.6001,16396
2024-08-08 08:00:00,0.60009,0.60068,0.59905,0.59976,15631
2024-08-08 12:00:00,0.59976,0.60003,0.5978,0.59811,17768
2024-08-08 16:00:00,0.59812,0.60059,0.59769,0.59972,23931
2024-08-08 20:00:00,0.59972,0.60143,0.59945,0.60126,8278
2024-08-09 00:00:00,0.60048,0.60146,0.60001,0.60058,7455
2024-08-09 04:00:00,0.60058,0.60347,0.60056,0.60252,14691
2024-08-09 08:00:00,0.60253,0.6034,0.60181,0.60255,16760
2024-08-09 12:00:00,0.60255,0.60256,0.60059,0.60092,11823
2024-08-09 16:00:00,0.60092,0.60218,0.60037,0.60068,15052
2024-08-09 20:00:00,0.60067,0.60086,0.59941,0.59983,6141
2024-08-12 00:00:00,0.5995,0.60118,0.5989,0.60075,5467
2024-08-12 04:00:00,0.60077,0.60161,0.6007,0.60126,8297
2024-08-12 08:00:00,0.60126,0.60311,0.60064,0.60276,9629
2024-08-12 12:00:00,0.60275,0.60324,0.60199,0.60216,7320
2024-08-12 16:00:00,0.60216,0.60296,0.60138,0.6014,14149
2024-08-12 20:00:00,0.60139,0.60225,0.60125,0.60171,7146
2024-08-13 00:00:00,0.60155,0.60257,0.60155,0.6023,6997
2024-08-13 04:00:00,0.6023,0.60372,0.60183,0.60346,9839
2024-08-13 08:00:00,0.60345,0.60454,0.60284,0.60384,10396
2024-08-13 12:00:00,0.60384,0.60566,0.60331,0.60526,12049
2024-08-13 16:00:00,0.60526,0.60706,0.60459,0.60691,17443
2024-08-13 20:00:00,0.60691,0.60814,0.60655,0.60769,8001
2024-08-14 00:00:00,0.60631,0.60836,0.60631,0.60797,8581
2024-08-14 04:00:00,0.60797,0.60799,0.6004,0.60067,19543
2024-08-14 08:00:00,0.60069,0.60204,0.60024,0.60114,10567
2024-08-14 12:00:00,0.60114,0.60273,0.60025,0.60097,10891
2024-08-14 16:00:00,0.60097,0.60306,0.60035,0.60116,16272
2024-08-14 20:00:00,0.60116,0.60126,0.59945,0.59968,5222
2024-08-15 00:00:00,0.59981,0.60026,0.59925,0.59951,6401
2024-08-15 04:00:00,0.59951,0.60071,0.59825,0.60045,13566
2024-08-15 08:00:00,0.60044,0.60089,0.59983,0.59989,7585
2024-08-15 12:00:00,0.59988,0.60145,0.59811,0.59862,12290
2024-08-15 16:00:00,0.59862,0.60127,0.5974,0.60001,16808
2024-08-15 20:00:00,0.60001,0.60018,0.59845,0.59856,6838
2024-08-16 00:00:00,0.59791,0.59889,0.59782,0.59885,5386
2024-08-16 04:00:00,0.59886,0.60145,0.59849,0.60142,7069
2024-08-16 08:00:00,0.60143,0.60252,0.60112,0.60184,7850
2024-08-16 12:00:00,0.60184,0.60282,0.60181,0.60232,9166
2024-08-16 16:00:00,0.60233,0.60424,0.60146,0.60407,13511
2024-08-16 20:00:00,0.60407,0.60553,0.60393,0.60532,4828
2024-08-19 00:00:00,0.60407,0.60616,0.60407,0.60559,5963
2024-08-19 04:00:00,0.6056,0.60859,0.6055,0.60803,11583
2024-08-19 08:00:00,0.60804,0.60838,0.60666,0.60714,13149
2024-08-19 12:00:00,0.60713,0.60795,0.60665,0.60732,8300
2024-08-19 16:00:00,0.60732,0.6098,0.6068,0.60936,12963
2024-08-19 20:00:00,0.60936,0.61165,0.60915,0.6116,5726
2024-08-20 00:00:00,0.61064,0.61196,0.61062,0.61184,6140
2024-08-20 04:00:00,0.61192,0.61248,0.61109,0.61184,13259
2024-08-20 08:00:00,0.61183,0.61381,0.61165,0.61358,13085
2024-08-20 12:00:00,0.61358,0.61442,0.61311,0.61442,10247
2024-08-20 16:00:00,0.61442,0.61527,0.61372,0.61445,18483
2024-08-20 20:00:00,0.61446,0.6157,0.6141,0.61547,6609
2024-08-21 00:00:00,0.61506,0.61633,0.61485,0.61627,6643
2024-08-21 04:00:00,0.61625,0.61625,0.61384,0.61423,8789
2024-08-21 08:00:00,0.61423,0.61477,0.61322,0.6138,9729
2024-08-21 12:00:00,0.61381,0.61468,0.6135,0.61455,7114
2024-08-21 16:00:00,0.61456,0.61656,0.61337,0.61556,23916
2024-08-21 20:00:00,0.61555,0.61779,0.61535,0.61562,9024
2024-08-22 00:00:00,0.61546,0.61649,0.61531,0.61542,4367
2024-08-22 04:00:00,0.6154,0.61553,0.61431,0.61511,5731
2024-08-22 08:00:00,0.61511,0.61695,0.61482,0.61608,6988
2024-08-22 12:00:00,0.61608,0.61624,0.6143,0.61575,8908
2024-08-22 16:00:00,0.61576,0.61578,0.61275,0.61378,16460
2024-08-22 20:00:00,0.61379,0.6143,0.61317,0.61412,6785
2024-08-23 00:00:00,0.61333,0.61486,0.61313,0.61454,4974
2024-08-23 04:00:00,0.61454,0.61551,0.61445,0.61529,5649
2024-08-23 08:00:00,0.6153,0.616,0.61473,0.61534,6806
2024-08-23 12:00:00,0.61534,0.61607,0.61522,0.61593,5850
2024-08-23 16:00:00,0.61592,0.62228,0.61521,0.62145,26891
2024-08-23 20:00:00,0.62143,0.62362,0.62134,0.62346,7564
2024-08-26 00:00:00,0.6223,0.62324,0.62193,0.62275,6063
2024-08-26 04:00:00,0.62274,0.62317,0.62127,0.62145,5970
2024-08-26 08:00:00,0.62146,0.62167,0.62028,0.62067,7555
2024-08-26 12:00:00,0.62067,0.62089,0.6197,0.62053,8184
2024-08-26 16:00:00,0.62053,0.62155,0.62012,0.62134,12519
2024-08-26 20:00:00,0.62133,0.62165,0.62033,0.62047,4962
2024-08-27 00:00:00,0.61934,0.62084,0.61934,0.61965,5134
2024-08-27 04:00:00,0.61966,0.62196,0.61938,0.6219,5585
2024-08-27 08:00:00,0.62189,0.62271,0.62119,0.62181,8302
2024-08-27 12:00:00,0.6218,0.62345,0.62167,0.62251,8922
2024-08-27 16:00:00,0.6225,0.62384,0.62209,0.62352,13337
2024-08-27 20:00:00,0.62353,0.62545,0.62344,0.62528,5718
2024-08-28 00:00:00,0.62503,0.62532,0.62416,0.62474,4551
2024-08-28 04:00:00,0.62473,0.62525,0.62358,0.62461,8447
2024-08-28 08:00:00,0.62461,0.62478,0.62238,0.62441,9803
2024-08-28 12:00:00,0.62442,0.62483,0.62329,0.6235,8744
2024-08-28 16:00:00,0.6235,0.62501,0.6229,0.62352,16510
2024-08-28 20:00:00,0.62352,0.62459,0.62282,0.62444,6756
2024-08-29 00:00:00,0.62397,0.62645,0.62387,0.62603,4258
2024-08-29 04:00:00,0.62602,0.62946,0.62602,0.6292,7900
2024-08-29 08:00:00,0.6292,0.62988,0.62701,0.62743,11701
2024-08-29 12:00:00,0.62743,0.62827,0.62544,0.62574,12340
2024-08-29 16:00:00,0.62576,0.62708,0.62475,0.62641,16603
2024-08-29 20:00:00,0.6264,0.62705,0.62553,0.62569,7780
2024-08-30 00:00:00,0.62555,0.62725,0.62481,0.62711,3963
2024-08-30 04:00:00,0.62709,0.6274,0.6258,0.62607,5512
2024-08-30 08:00:00,0.62607,0.62706,0.62495,0.62612,7085
2024-08-30 12:00:00,0.62612,0.62665,0.62415,0.62485,9339
2024-08-30 16:00:00,0.62487,0.6262,0.62295,0.62361,21162
2024-08-30 20:00:00,0.6236,0.62544,0.62348,0.62483,6713
2024-09-02 00:00:00,0.6236,0.62531,0.6236,0.62483,3443
2024-09-02 04:00:00,0.62485,0.62524,0.62299,0.62328,4671
2024-09-02 08:00:00,0.62328,0.62403,0.62243,0.62324,6712
2024-09-02 12:00:00,0.62324,0.62346,0.6221,0.62287,4862
2024-09-02 16:00:00,0.62287,0.62343,0.62205,0.62278,5220
2024-09-02 20:00:00,0.62275,0.62359,0.62274,0.62318,1198
2024-09-03 00:00:00,0.62301,0.62354,0.62186,0.62239,2818
2024-09-03 04:00:00,0.62238,0.62277,0.61844,0.61904,9194
2024-09-03 08:00:00,0.61904,0.62029,0.61833,0.61946,9757
2024-09-03 12:00:00,0.61947,0.62007,0.61828,0.6195,8488
2024-09-03 16:00:00,0.61949,0.62096,0.61813,0.61882,19766
2024-09-03 20:00:00,0.61882,0.61905,0.61796,0.61877,8128
2024-09-04 00:00:00,0.61826,0.61902,0.61701,0.61702,5944
2024-09-04 04:00:00,0.617,0.61852,0.61687,0.61841,7250
2024-09-04 08:00:00,0.61842,0.61887,0.6173,0.61785,9088
2024-09-04 12:00:00,0.61785,0.61912,0.61774,0.61904,7375
2024-09-04 16:00:00,0.61904,0.62165,0.61889,0.62014,19219
2024-09-04 20:00:00,0.62013,0.62036,0.619,0.61985,8926
2024-09-05 00:00:00,0.61908,0.62,0.61778,0.61843,4006
2024-09-05 04:00:00,0.61844,0.62019,0.61827,0.6201,5056
2024-09-05 08:00:00,0.6201,0.62085,0.61945,0.62036,8484
2024-09-05 12:00:00,0.62036,0.62218,0.62,0.62171,10650
2024-09-05 16:00:00,0.62173,0.62251,0.62018,0.62166,16648
2024-09-05 20:00:00,0.62166,0.62261,0.62145,0.62235,5796
2024-09-06 00:00:00,0.62186,0.62253,0.62184,0.62218,3101
2024-09-06 04:00:00,0.62218,0.62227,0.62124,0.62176,4148
2024-09-06 08:00:00,0.62175,0.62293,0.62091,0.62273,7734
2024-09-06 12:00:00,0.62273,0.62539,0.62031,0.62355,15213
2024-09-06 16:00:00,0.62355,0.62382,0.61555,0.61637,38229
2024-09-06 20:00:00,0.61636,0.61763,0.61584,0.6173,11125
2024-09-09 00:00:00,0.61731,0.61773,0.61631,0.61716,4776
2024-09-09 04:00:00,0.61718,0.61859,0.6167,0.61679,6301
2024-09-09 08:00:00,0.61679,0.6168,0.61337,0.61355,10288
2024-09-09 12:00:00,0.61354,0.61413,0.61242,0.61348,7959
2024-09-09 16:00:00,0.61348,0.61566,0.61342,0.61549,12475
2024-09-09 20:00:00,0.6155,0.61584,0.61383,0.61437,6888
2024-09-10 00:00:00,0.61375,0.61505,0.61316,0.61319,3109
2024-09-10 04:00:00,0.61318,0.61488,0.61317,0.61482,4391
2024-09-10 08:00:00,0.61482,0.61584,0.61467,0.61495,7497
2024-09-10 12:00:00,0.61494,0.6165,0.61466,0.61537,8093
2024-09-10 16:00:00,0.61536,0.61579,0.61417,0.61496,15780
2024-09-10 20:00:00,0.61495,0.61578,0.61487,0.61496,8962
2024-09-11 00:00:00,0.61434,0.61538,0.61403,0.61412,3539
2024-09-11 04:00:00,0.61413,0.61538,0.61357,0.61416,8025
2024-09-11 08:00:00,0.61415,0.61568,0.61413,0.61457,10196
2024-09-11 12:00:00,0.61459,0.61508,0.61137,0.61268,16737
2024-09-11 16:00:00,0.61264,0.61366,0.61059,0.61238,26783
2024-09-11 20:00:00,0.61238,0.61386,0.61231,0.61377,10273
2024-09-12 00:00:00,0.61251,0.61405,0.61251,0.61311,4296
2024-09-12 04:00:00,0.61311,0.61512,0.61279,0.6151,5801
2024-09-12 08:00:00,0.61511,0.61587,0.61291,0.61315,9434
2024-09-12 12:00:00,0.61315,0.61472,0.61309,0.61408,12782
2024-09-12 16:00:00,0.61408,0.616,0.61342,0.61587,20141
2024-09-12 20:00:00,0.61588,0.61843,0.61581,0.6182,12247
2024-09-13 00:00:00,0.61718,0.61916,0.61718,0.61909,3908
2024-09-13 04:00:00,0.6191,0.61936,0.61778,0.61827,6696
2024-09-13 08:00:00,0.61828,0.61866,0.6175,0.61825,8352
2024-09-13 12:00:00,0.61825,0.61915,0.61623,0.61702,9174
2024-09-13 16:00:00,0.61703,0.61768,0.61587,0.61629,14377
2024-09-13 20:00:00,0.61628,0.61637,0.61518,0.61572,6559
2024-09-16 00:00:00,0.61539,0.61655,0.61539,0.61624,3669
2024-09-16 04:00:00,0.61623,0.61808,0.61539,0.6175,4949
2024-09-16 08:00:00,0.61749,0.61935,0.61713,0.61897,8563
2024-09-16 12:00:00,0.61896,0.61994,0.61833,0.61884,10252
2024-09-16 16:00:00,0.61883,0.61927,0.61801,0.61907,13468
2024-09-16 20:00:00,0.61907,0.62016,0.61838,0.62012,5126
2024-09-17 00:00:00,0.61923,0.6202,0.61827,0.6183,3451
2024-09-17 04:00:00,0.61831,0.61963,0.61829,0.61885,4295
2024-09-17 08:00:00,0.61887,0.6208,0.61854,0.62072,7182
2024-09-17 12:00:00,0.62074,0.62107,0.61818,0.6185,11089
2024-09-17 16:00:00,0.6185,0.61964,0.61779,0.61824,16009
2024-09-17 20:00:00,0.61824,0.6191,0.61754,0.61845,7930
2024-09-18 00:00:00,0.6181,0.6201,0.61797,0.61992,3948
2024-09-18 04:00:00,0.61991,0.62066,0.61946,0.61951,6088
2024-09-18 08:00:00,0.61951,0.62182,0.61937,0.62174,9090
2024-09-18 12:00:00,0.62174,0.62279,0.62158,0.62207,8845
2024-09-18 16:00:00,0.62206,0.62316,0.62007,0.62114,13982
2024-09-18 20:00:00,0.62111,0.62675,0.61877,0.62071,46079
2024-09-19 00:00:00,0.61933,0.62202,0.61853,0.61859,6976
2024-09-19 04:00:00,0.61861,0.62275,0.61808,0.62143,13833
2024-09-19 08:00:00,0.62147,0.62625,0.62144,0.62563,15801
2024-09-19 12:00:00,0.62562,0.62684,0.62285,0.62287,17078
2024-09-19 16:00:00,0.62287,0.62453,0.62177,0.62429,22153
2024-09-19 20:00:00,0.62429,0.62516,0.62383,0.62385,11844
2024-09-20 00:00:00,0.623,0.62413,0.62286,0.62338,4809
2024-09-20 04:00:00,0.62339,0.62501,0.62248,0.62412,7390
2024-09-20 08:00:00,0.62412,0.626,0.62335,0.62369,14004
2024-09-20 12:00:00,0.62369,0.6244,0.6221,0.62421,10822
2024-09-20 16:00:00,0.62422,0.62497,0.62097,0.62476,23841
2024-09-20 20:00:00,0.62476,0.6248,0.62339,0.62365,10905
2024-09-23 00:00:00,0.62233,0.62405,0.6223,0.62351,3831
2024-09-23 04:00:00,0.62349,0.62474,0.62294,0.62452,5260
2024-09-23 08:00:00,0.62452,0.62489,0.62248,0.6236,12653
2024-09-23 12:00:00,0.62361,0.62619,0.62359,0.62602,10077
2024-09-23 16:00:00,0.62603,0.62735,0.62573,0.6268,18283
2024-09-23 20:00:00,0.6268,0.62799,0.62638,0.6267,6632
2024-09-24 00:00:00,0.62635,0.62688,0.626,0.62633,4053
2024-09-24 04:00:00,0.62633,0.62782,0.62589,0.62757,10087
2024-09-24 08:00:00,0.6276,0.62807,0.62591,0.6271,14672
2024-09-24 12:00:00,0.62709,0.63024,0.62695,0.63013,10363
2024-09-24 16:00:00,0.63011,0.63322,0.63008,0.6328,19446
2024-09-24 20:00:00,0.6328,0.63425,0.63253,0.63402,7517
2024-09-25 00:00:00,0.63346,0.63539,0.63341,0.63535,4534
2024-09-25 04:00:00,0.63536,0.63552,0.6331,0.63326,8062
2024-09-25 08:00:00,0.63326,0.63372,0.63153,0.63186,10406
2024-09-25 12:00:00,0.63187,0.63191,0.6307,0.63117,9170
2024-09-25 16:00:00,0.63119,0.63231,0.62689,0.62693,19047
2024-09-25 20:00:00,0.62693,0.62738,0.62594,0.6261,10560
2024-09-26 00:00:00,0.62661,0.62661,0.6254,0.62619,5891
2024-09-26 04:00:00,0.6262,0.62708,0.62523,0.62641,7833
2024-09-26 08:00:00,0.6264,0.62882,0.62621,0.62823,11260
2024-09-26 12:00:00,0.62823,0.63152,0.62819,0.63132,14987
2024-09-26 16:00:00,0.63136,0.63319,0.62947,0.63188,26553
2024-09-26 20:00:00,0.63188,0.63313,0.63177,0.63269,11345
2024-09-27 00:00:00,0.6318,0.63345,0.63166,0.63195,6187
2024-09-27 04:00:00,0.63195,0.6324,0.63008,0.63043,9365
2024-09-27 08:00:00,0.63046,0.63147,0.62958,0.63089,16532
2024-09-27 12:00:00,0.63088,0.63558,0.63058,0.63542,15336
2024-09-27 16:00:00,0.63543,0.6367,0.63345,0.63461,24205
2024-09-27 20:00:00,0.63462,0.63532,0.63389,0.63405,12138
2024-09-30 00:00:00,0.6335,0.63643,0.63327,0.63623,5247
2024-09-30 04:00:00,0.63623,0.63747,0.63547,0.63712,11329
2024-09-30 08:00:00,0.63713,0.63768,0.63512,0.63582,12705
2024-09-30 12:00:00,0.63581,0.63598,0.63461,0.63523,10651
2024-09-30 16:00:00,0.63523,0.63744,0.63508,0.63728,21259
2024-09-30 20:00:00,0.63729,0.63786,0.6337,0.63489,15358
2024-10-01 00:00:00,0.63416,0.63486,0.63368,0.63427,4894
2024-10-01 04:00:00,0.63426,0.6346,0.63191,0.63324,8413
2024-10-01 08:00:00,0.63324,0.6338,0.63047,0.63127,12368
2024-10-01 12:00:00,0.63127,0.63251,0.63062,0.63092,11925
2024-10-01 16:00:00,0.63091,0.63156,0.62711,0.62776,32535
2024-10-01 20:00:00,0.62774,0.63017,0.62644,0.62818,14449
2024-10-02 00:00:00,0.628,0.62902,0.62764,0.62881,4692
2024-10-02 04:00:00,0.62884,0.63134,0.62884,0.62982,10004
2024-10-02 08:00:00,0.62982,0.63012,0.62833,0.62848,13971
2024-10-02 12:00:00,0.62849,0.62895,0.62769,0.62779,11421
2024-10-02 16:00:00,0.62779,0.6284,0.62605,0.62673,18326
2024-10-02 20:00:00,0.62673,0.62698,0.62578,0.62633,7641
2024-10-03 00:00:00,0.62621,0.62632,0.62435,0.62455,4754
2024-10-03 04:00:00,0.62453,0.62512,0.6235,0.62373,9182
2024-10-03 08:00:00,0.62373,0.62452,0.62222,0.62227,14043
2024-10-03 12:00:00,0.62227,0.62264,0.62147,0.62195,12861
2024-10-03 16:00:00,0.62196,0.62315,0.62111,0.62191,24850
2024-10-03 20:00:00,0.62192,0.62218,0.621,0.62113,9659
2024-10-04 00:00:00,0.62095,0.6219,0.62091,0.62136,4560
2024-10-04 04:00:00,0.62135,0.62192,0.62067,0.62093,8455
2024-10-04 08:00:00,0.62095,0.62137,0.61974,0.62023,9239
2024-10-04 12:00:00,0.62024,0.62087,0.61501,0.61538,14687
2024-10-04 16:00:00,0.61539,0.61721,0.61451,0.61557,24715
2024-10-04 20:00:00,0.61558,0.61649,0.61542,0.61588,7734
2024-10-07 00:00:00,0.61503,0.61732,0.61487,0.6161,5951
2024-10-07 04:00:00,0.61612,0.61696,0.61583,0.6162,10153
2024-10-07 08:00:00,0.61619,0.61621,0.61408,0.6142,11058
2024-10-07 12:00:00,0.61419,0.61544,0.61339,0.61445,11761
2024-10-07 16:00:00,0.61445,0.61499,0.61172,0.61247,17902
2024-10-07 20:00:00,0.61247,0.61313,0.61122,0.61258,10206
2024-10-08 00:00:00,0.61181,0.61448,0.61109,0.61425,5588
2024-10-08 04:00:00,0.61426,0.61447,0.61069,0.61251,17473
2024-10-08 08:00:00,0.61253,0.61321,0.61108,0.61232,14298
2024-10-08 12:00:00,0.61232,0.61281,0.61133,0.61213,8903
2024-10-08 16:00:00,0.61212,0.61283,0.61086,0.61207,14742
2024-10-08 20:00:00,0.61204,0.61375,0.61114,0.61372,8926
2024-10-09 00:00:00,0.61385,0.61407,0.61258,0.6134,4827
2024-10-09 04:00:00,0.61339,0.61349,0.60748,0.6084,18067
2024-10-09 08:00:00,0.60839,0.61111,0.60758,0.60814,18902
2024-10-09 12:00:00,0.60814,0.60895,0.60608,0.60646,8300
2024-10-09 16:00:00,0.60646,0.60723,0.60524,0.60605,12523
2024-10-09 20:00:00,0.60606,0.60636,0.60533,0.60606,5597
2024-10-10 00:00:00,0.60547,0.60739,0.60547,0.60671,4899
2024-10-10 04:00:00,0.60671,0.60914,0.60654,0.6091,11660
2024-10-10 08:00:00,0.6091,0.60921,0.60701,0.60752,9553
2024-10-10 12:00:00,0.60754,0.60963,0.60524,0.6086,15838
2024-10-10 16:00:00,0.60859,0.60933,0.60698,0.60718,23917
2024-10-10 20:00:00,0.60719,0.60946,0.60655,0.6093,7794
2024-10-11 00:00:00,0.6083,0.60988,0.60826,0.60963,4437
2024-10-11 04:00:00,0.60963,0.61057,0.60915,0.61022,5572
2024-10-11 08:00:00,0.61021,0.61041,0.60871,0.60973,7040
2024-10-11 12:00:00,0.60971,0.6105,0.60835,0.60904,10384
2024-10-11 16:00:00,0.60903,0.61157,0.60838,0.61137,13781
2024-10-11 20:00:00,0.61138,0.61194,0.61074,0.61079,3734
2024-10-14 00:00:00,0.60925,0.61028,0.60873,0.60958,4909
2024-10-14 04:00:00,0.60958,0.60991,0.60823,0.60923,10138
2024-10-14 08:00:00,0.60922,0.61012,0.60847,0.60891,8755
2024-10-14 12:00:00,0.60893,0.60936,0.60718,0.60739,6849
2024-10-14 16:00:00,0.60738,0.60989,0.60696,0.60886,12642
2024-10-14 20:00:00,0.60885,0.60956,0.60808,0.60939,5020
2024-10-15 00:00:00,0.60915,0.60959,0.60842,0.60909,3361
2024-10-15 04:00:00,0.60909,0.60935,0.6082,0.60835,7770
2024-10-15 08:00:00,0.60835,0.60897,0.60734,0.60892,11062
2024-10-15 12:00:00,0.60893,0.60983,0.60849,0.60976,10134
2024-10-15 16:00:00,0.60975,0.61057,0.6079,0.60807,15237
2024-10-15 20:00:00,0.60805,0.60826,0.60737,0.6082,6098
2024-10-16 00:00:00,0.60755,0.60854,0.60393,0.6049,6936
2024-10-16 04:00:00,0.6049,0.60734,0.6048,0.60619,9304
2024-10-16 08:00:00,0.60619,0.60706,0.60569,0.60687,11920
2024-10-16 12:00:00,0.60688,0.60795,0.60639,0.60669,9501
2024-10-16 16:00:00,0.6067,0.60743,0.60525,0.60589,13062
2024-10-16 20:00:00,0.60589,0.60615,0.60544,0.60574,4631
2024-10-17 00:00:00,0.60544,0.60666,0.60533,0.60646,4388
2024-10-17 04:00:00,0.60646,0.60753,0.60557,0.60603,8578
2024-10-17 08:00:00,0.60603,0.60663,0.60442,0.6052,9256
2024-10-17 12:00:00,0.60521,0.60739,0.60479,0.60635,12300
2024-10-17 16:00:00,0.60634,0.60702,0.60535,0.6061,19000
2024-10-17 20:00:00,0.60612,0.60649,0.60565,0.60593,4879
2024-10-18 00:00:00,0.60575,0.60629,0.6053,0.60579,3661
2024-10-18 04:00:00,0.60578,0.60722,0.60577,0.60594,9421
2024-10-18 08:00:00,0.60593,0.60715,0.60572,0.60694,9623
2024-10-18 12:00:00,0.60693,0.60764,0.60671,0.60737,7835
2024-10-18 16:00:00,0.60736,0.60795,0.60629,0.60732,11032
2024-10-18 20:00:00,0.60734,0.60739,0.60641,0.60709,4094
2024-10-21 00:00:00,0.60684,0.60784,0.60646,0.60738,4147
2024-10-21 04:00:00,0.60738,0.60837,0.607,0.6072,9667
2024-10-21 08:00:00,0.60721,0.60743,0.60543,0.60591,9813
2024-10-21 12:00:00,0.60592,0.6066,0.60489,0.60605,8661
2024-10-21 16:00:00,0.60604,0.60617,0.60276,0.60339,11837
2024-10-21 20:00:00,0.60338,0.60356,0.60284,0.60301,5917
2024-10-22 00:00:00,0.60266,0.60322,0.60208,0.60257,3045
2024-10-22 04:00:00,0.60256,0.60569,0.60253,0.60563,9630
2024-10-22 08:00:00,0.60562,0.60598,0.60498,0.60501,9598
2024-10-22 12:00:00,0.60499,0.60582,0.60463,0.60534,8741
2024-10-22 16:00:00,0.60533,0.60609,0.60405,0.60469,13936
2024-10-22 20:00:00,0.6047,0.60534,0.604,0.60433,5690
2024-10-23 00:00:00,0.60442,0.60453,0.60317,0.60333,3066
2024-10-23 04:00:00,0.60338,0.60528,0.60281,0.60376,8001
2024-10-23 08:00:00,0.60378,0.60393,0.60255,0.60272,8227
2024-10-23 12:00:00,0.60272,0.60282,0.6003,0.60101,6971
2024-10-23 16:00:00,0.60102,0.60126,0.59979,0.60003,10603
2024-10-23 20:00:00,0.60001,0.60071,0.59885,0.60048,5743
2024-10-24 00:00:00,0.60008,0.60116,0.59985,0.6011,4041
2024-10-24 04:00:00,0.60109,0.60164,0.60077,0.60157,7361
2024-10-24 08:00:00,0.60157,0.60316,0.6012,0.60273,9459
2024-10-24 12:00:00,0.60272,0.60317,0.60183,0.60236,9742
2024-10-24 16:00:00,0.60234,0.60253,0.60012,0.60088,14893
2024-10-24 20:00:00,0.6009,0.60201,0.60083,0.60143,6182
2024-10-25 00:00:00,0.60131,0.60164,0.60004,0.60036,3002
2024-10-25 04:00:00,0.60036,0.60102,0.59868,0.59919,7772
2024-10-25 08:00:00,0.59917,0.60029,0.59914,0.5998,9039
2024-10-25 12:00:00,0.5998,0.60122,0.59973,0.60109,7342
2024-10-25 16:00:00,0.6011,0.6013,0.59834,0.59845,12534
2024-10-25 20:00:00,0.59842,0.59845,0.59738,0.59757,6125
2024-10-28 00:00:00,0.59722,0.59845,0.59712,0.59716,5401
2024-10-28 04:00:00,0.59716,0.59763,0.59574,0.59643,8315
2024-10-28 08:00:00,0.59642,0.59757,0.59581,0.59752,7415
2024-10-28 12:00:00,0.59754,0.59905,0.59713,0.59892,7296
2024-10-28 16:00:00,0.59892,0.59974,0.59758,0.59777,10473
2024-10-28 20:00:00,0.59777,0.59825,0.59735,0.59804,5042
2024-10-29 00:00:00,0.59802,0.59893,0.59755,0.59771,3051
2024-10-29 04:00:00,0.5977,0.59837,0.5967,0.59712,7689
2024-10-29 08:00:00,0.59711,0.5981,0.59683,0.59783,7796
2024-10-29 12:00:00,0.59782,0.59828,0.59567,0.59597,8334
2024-10-29 16:00:00,0.59597,0.59766,0.59531,0.59587,18811
2024-10-29 20:00:00,0.59585,0.59721,0.59579,0.59717,6757
2024-10-30 00:00:00,0.59705,0.59746,0.59561,0.59708,4664
2024-10-30 04:00:00,0.59708,0.59779,0.595,0.59574,9072
2024-10-30 08:00:00,0.59574,0.60013,0.59536,0.59977,8877
2024-10-30 12:00:00,0.59978,0.59991,0.5968,0.59747,14003
2024-10-30 16:00:00,0.59746,0.59943,0.59708,0.59823,20224
2024-10-30 20:00:00,0.59823,0.59863,0.59729,0.59735,6611
2024-10-31 00:00:00,0.5971,0.5975,0.59641,0.59653,5742
2024-10-31 04:00:00,0.59653,0.59815,0.5965,0.59733,9269
2024-10-31 08:00:00,0.5973,0.59828,0.59722,0.59749,9297
2024-10-31 12:00:00,0.59746,0.59804,0.59626,0.59774,11145
2024-10-31 16:00:00,0.59771,0.59773,0.59395,0.59573,21814
2024-10-31 20:00:00,0.59573,0.5979,0.59569,0.59756,9378
2024-11-01 00:00:00,0.59744,0.59802,0.59629,0.59683,4377
2024-11-01 04:00:00,0.59683,0.59829,0.59637,0.59817,7437
2024-11-01 08:00:00,0.59819,0.59827,0.59628,0.59708,7661
2024-11-01 12:00:00,0.59708,0.59988,0.59619,0.59912,12069
2024-11-01 16:00:00,0.59913,0.59935,0.59747,0.59771,21215
2024-11-01 20:00:00,0.5977,0.59777,0.59581,0.59628,7722
2024-11-04 00:00:00,0.5996,0.60037,0.59723,0.59957,8583
2024-11-04 04:00:00,0.59957,0.60151,0.59935,0.60039,8701
2024-11-04 08:00:00,0.60038,0.60052,0.59819,0.59887,9966
2024-11-04 12:00:00,0.59889,0.59952,0.59795,0.59895,8360
2024-11-04 16:00:00,0.59894,0.59983,0.59719,0.59803,15545
2024-11-04 20:00:00,0.59803,0.59815,0.59705,0.59716,6002
2024-11-05 00:00:00,0.59701,0.59784,0.59664,0.59761,4917
2024-11-05 04:00:00,0.59761,0.59858,0.59692,0.5983,7343
2024-11-05 08:00:00,0.5983,0.60021,0.59807,0.59979,7721
2024-11-05 12:00:00,0.5998,0.60036,0.59939,0.59971,7160
2024-11-05 16:00:00,0.5997,0.60102,0.59944,0.59993,15569
2024-11-05 20:00:00,0.5998,0.6015,0.59919,0.60062,7342
2024-11-06 00:00:00,0.60056,0.60204,0.59568,0.5972,24000
2024-11-06 04:00:00,0.5972,0.5975,0.59148,0.59363,46464
2024-11-06 08:00:00,0.59363,0.5972,0.59117,0.59682,32423
2024-11-06 12:00:00,0.59681,0.59745,0.59339,0.59403,24777
2024-11-06 16:00:00,0.59403,0.59572,0.59318,0.59412,28010
2024-11-06 20:00:00,0.59412,0.59596,0.59344,0.59361,10597
2024-11-07 00:00:00,0.59369,0.595,0.59302,0.5949,8944
2024-11-07 04:00:00,0.59491,0.59881,0.5949,0.59857,10365
2024-11-07 08:00:00,0.59857,0.60026,0.59805,0.59912,12563
2024-11-07 12:00:00,0.59914,0.60189,0.59845,0.60175,15701
2024-11-07 16:00:00,0.60175,0.60375,0.60116,0.60244,19415
2024-11-07 20:00:00,0.60245,0.60323,0.60048,0.60235,20525
2024-11-08 00:00:00,0.60242,0.60249,0.60118,0.60147,6967
2024-11-08 04:00:00,0.60148,0.60172,0.59993,0.60076,9450
2024-11-08 08:00:00,0.60078,0.60134,0.59896,0.60079,16097
2024-11-08 12:00:00,0.60078,0.60099,0.59758,0.59786,13040
2024-11-08 16:00:00,0.59788,0.59873,0.59469,0.59601,19756
2024-11-08 20:00:00,0.596,0.59673,0.5952,0.59664,7298
2024-11-11 00:00:00,0.59461,0.59719,0.59461,0.59666,7121
2024-11-11 04:00:00,0.59665,0.59772,0.59638,0.59717,6943
2024-11-11 08:00:00,0.59717,0.59762,0.59559,0.59698,10986
2024-11-11 12:00:00,0.59698,0.59716,0.59516,0.59561,9805
2024-11-11 16:00:00,0.59562,0.59647,0.59533,0.59579,12185
2024-11-11 20:00:00,0.59578,0.59637,0.5954,0.59631,3744
2024-11-12 00:00:00,0.59589,0.59721,0.59584,0.59643,6766
2024-11-12 04:00:00,0.59644,0.59653,0.59518,0.59522,10025
2024-11-12 08:00:00,0.59522,0.5959,0.59398,0.5946,13556
2024-11-12 12:00:00,0.59459,0.59545,0.5938,0.59477,12227
2024-11-12 16:00:00,0.59477,0.59478,0.59092,0.5913,17886
2024-11-12 20:00:00,0.59132,0.59302,0.59127,0.59265,7386
2024-11-13 00:00:00,0.592,0.59335,0.5917,0.59308,7186
2024-11-13 04:00:00,0.5931,0.59318,0.59231,0.59272,7945
2024-11-13 08:00:00,0.59271,0.59338,0.59186,0.59322,11408
2024-11-13 12:00:00,0.59321,0.59471,0.59178,0.59365,16005
2024-11-13 16:00:00,0.59365,0.59385,0.588,0.58825,29816
2024-11-13 20:00:00,0.58829,0.58907,0.58757,0.58785,7716
2024-11-14 00:00:00,0.58777,0.58842,0.58678,0.58702,7596
2024-11-14 04:00:00,0.58703,0.58723,0.58533,0.58605,9285
2024-11-14 08:00:00,0.58604,0.58712,0.58555,0.58572,12178
2024-11-14 12:00:00,0.58571,0.58757,0.58496,0.58614,17555
2024-11-14 16:00:00,0.58612,0.58828,0.58608,0.58763,21564
2024-11-14 20:00:00,0.58761,0.58769,0.58389,0.58491,14663
2024-11-15 00:00:00,0.58513,0.58525,0.58397,0.58494,8377
2024-11-15 04:00:00,0.58493,0.58661,0.5849,0.58582,7603
2024-11-15 08:00:00,0.58582,0.58757,0.5853,0.58699,11863
2024-11-15 12:00:00,0.58701,0.588,0.58587,0.58635,14985
2024-11-15 16:00:00,0.58635,0.58696,0.5847,0.58657,24784
2024-11-15 20:00:00,0.58657,0.58688,0.58518,0.58627,10079
2024-11-18 00:00:00,0.58604,0.58754,0.58581,0.58656,7876
2024-11-18 04:00:00,0.58655,0.58696,0.58511,0.58599,6926
2024-11-18 08:00:00,0.58599,0.58599,0.58399,0.58481,10376
2024-11-18 12:00:00,0.58481,0.58502,0.58359,0.58498,9755
2024-11-18 16:00:00,0.58499,0.58885,0.58477,0.58867,14095
2024-11-18 20:00:00,0.58867,0.58977,0.58852,0.58926,5379
2024-11-19 00:00:00,0.58873,0.58927,0.58776,0.58912,5842
2024-11-19 04:00:00,0.58914,0.59012,0.58846,0.58882,7456
2024-11-19 08:00:00,0.58884,0.58992,0.58739,0.58786,17598
2024-11-19 12:00:00,0.58785,0.59037,0.58775,0.58947,15514
2024-11-19 16:00:00,0.58947,0.59116,0.58874,0.59018,19217
2024-11-19 20:00:00,0.59018,0.59129,0.58971,0.59128,5493
2024-11-20 00:00:00,0.59048,0.59217,0.59047,0.59139,4794
2024-11-20 04:00:00,0.5914,0.59151,0.59024,0.59029,4739
2024-11-20 08:00:00,0.59028,0.59064,0.58819,0.58851,9722
2024-11-20 12:00:00,0.5885,0.58879,0.58732,0.58788,9087
2024-11-20 16:00:00,0.58789,0.58795,0.58636,0.58729,13063
2024-11-20 20:00:00,0.58728,0.58762,0.5866,0.58758,5291
2024-11-21 00:00:00,0.58718,0.58855,0.58718,0.588,4283
2024-11-21 04:00:00,0.58801,0.58814,0.58696,0.58698,5836
2024-11-21 08:00:00,0.58699,0.58769,0.58596,0.58624,13468
2024-11-21 12:00:00,0.58623,0.58798,0.58611,0.58775,12707
2024-11-21 16:00:00,0.58776,0.58838,0.58494,0.58649,21721
2024-11-21 20:00:00,0.58648,0.58673,0.58584,0.58587,6852
2024-11-22 00:00:00,0.5856,0.58602,0.58453,0.58461,5803
2024-11-22 04:00:00,0.5846,0.58481,0.58259,0.58296,8685
2024-11-22 08:00:00,0.58296,0.5854,0.58221,0.58328,19663
2024-11-22 12:00:00,0.58327,0.5845,0.58262,0.58416,17750
2024-11-22 16:00:00,0.58416,0.58437,0.58161,0.58308,21949
2024-11-22 20:00:00,0.58308,0.58351,0.58244,0.58349,5873
2024-11-25 00:00:00,0.58488,0.58688,0.58483,0.58614,9538
2024-11-25 04:00:00,0.58614,0.58666,0.58471,0.58523,8354
2024-11-25 08:00:00,0.58522,0.58626,0.5836,0.58504,13935
2024-11-25 12:00:00,0.58503,0.58676,0.58381,0.58654,12573
2024-11-25 16:00:00,0.58655,0.58663,0.58351,0.58401,17553
2024-11-25 20:00:00,0.58402,0.5852,0.58399,0.58452,5931
2024-11-26 00:00:00,0.58392,0.58473,0.57967,0.58177,15872
2024-11-26 04:00:00,0.58178,0.58464,0.58162,0.58406,10255
2024-11-26 08:00:00,0.58406,0.58474,0.58315,0.58425,12288
2024-11-26 12:00:00,0.58423,0.58656,0.58412,0.5844,13914
2024-11-26 16:00:00,0.5844,0.58448,0.58177,0.58202,19098
2024-11-26 20:00:00,0.58202,0.58336,0.5815,0.58336,8958
2024-11-27 00:00:00,0.58305,0.58813,0.58263,0.58741,9012
2024-11-27 04:00:00,0.58741,0.58767,0.5845,0.58644,8755
2024-11-27 08:00:00,0.58643,0.59006,0.58641,0.5891,14872
2024-11-27 12:00:00,0.58909,0.59049,0.58791,0.59045,14617
2024-11-27 16:00:00,0.59045,0.59079,0.58915,0.59025,22855
2024-11-27 20:00:00,0.59027,0.59066,0.58931,0.58942,6933
2024-11-28 00:00:00,0.58882,0.59049,0.58854,0.59013,6489
2024-11-28 04:00:00,0.59014,0.59018,0.58869,0.58923,6512
2024-11-28 08:00:00,0.58924,0.5893,0.588,0.58893,11929
2024-11-28 12:00:00,0.58893,0.58972,0.58829,0.5888,7780
2024-11-28 16:00:00,0.58882,0.5892,0.58806,0.58907,6520
2024-11-28 20:00:00,0.58907,0.58921,0.58882,0.58892,1097
2024-11-29 00:00:00,0.5888,0.59073,0.58837,0.5903,8308
2024-11-29 04:00:00,0.59029,0.59158,0.58976,0.59102,8536
2024-11-29 08:00:00,0.59101,0.59286,0.59076,0.59135,12046
2024-11-29 12:00:00,0.59135,0.5917,0.59041,0.59162,12148
2024-11-29 16:00:00,0.59162,0.59268,0.59071,0.59215,15480
2024-11-29 20:00:00,0.59217,0.5928,0.59204,0.59224,4629
2024-12-02 00:00:00,0.5909,0.59146,0.58946,0.58998,8243
2024-12-02 04:00:00,0.58998,0.59004,0.58896,0.58951,10175
2024-12-02 08:00:00,0.58945,0.59086,0.58935,0.59042,15359
2024-12-02 12:00:00,0.59041,0.5911,0.58763,0.58804,13772
2024-12-02 16:00:00,0.58805,0.58837,0.58635,0.58764,20714
2024-12-02 20:00:00,0.58761,0.58938,0.58744,0.58859,9000
2024-12-03 00:00:00,0.58781,0.58874,0.58711,0.58728,6959
2024-12-03 04:00:00,0.58728,0.58792,0.5864,0.58773,7423
2024-12-03 08:00:00,0.58772,0.59046,0.58731,0.58955,11090
2024-12-03 12:00:00,0.58955,0.5897,0.58785,0.589,9559
2024-12-03 16:00:00,0.589,0.58936,0.5867,0.58875,17834
2024-12-03 20:00:00,0.58847,0.58919,0.58731,0.58767,5428
2024-12-04 00:00:00,0.58779,0.58842,0.58634,0.58644,6417
2024-12-04 04:00:00,0.58644,0.58677,0.58308,0.58578,11069
2024-12-04 08:00:00,0.58578,0.5864,0.58387,0.5842,12439
2024-12-04 12:00:00,0.5842,0.58441,0.58286,0.58361,10870
2024-12-04 16:00:00,0.58361,0.58676,0.58315,0.58657,18760
2024-12-04 20:00:00,0.58656,0.58683,0.58467,0.5847,7768
2024-12-05 00:00:00,0.58468,0.58654,0.58464,0.58636,6163
2024-12-05 04:00:00,0.58636,0.58727,0.58618,0.58723,6129
2024-12-05 08:00:00,0.58723,0.58808,0.58633,0.58642,8993
2024-12-05 12:00:00,0.58642,0.58689,0.58518,0.58658,11588
2024-12-05 16:00:00,0.58658,0.58811,0.58582,0.58715,15210
2024-12-05 20:00:00,0.58715,0.58873,0.58617,0.58839,6801
2024-12-06 00:00:00,0.58841,0.5889,0.58622,0.58641,7075
2024-12-06 04:00:00,0.58641,0.58751,0.58544,0.58596,8594
2024-12-06 08:00:00,0.58596,0.58606,0.58481,0.58516,8833
2024-12-06 12:00:00,0.58516,0.58763,0.58382,0.58692,14240
2024-12-06 16:00:00,0.58692,0.58702,0.58212,0.58259,22549
2024-12-06 20:00:00,0.58259,0.58338,0.58209,0.58301,5535
2024-12-09 00:00:00,0.58337,0.58397,0.5825,0.58324,6162
2024-12-09 04:00:00,0.58324,0.58374,0.5804,0.58082,6677
2024-12-09 08:00:00,0.58082,0.58679,0.58065,0.58598,12039
2024-12-09 12:00:00,0.58598,0.58797,0.58551,0.58787,9005
2024-12-09 16:00:00,0.58787,0.58878,0.58693,0.58746,12705
2024-12-09 20:00:00,0.58746,0.58764,0.58599,0.58621,5160
2024-12-10 00:00:00,0.58612,0.58659,0.58379,0.58462,6350
2024-12-10 04:00:00,0.58462,0.58526,0.58214,0.58342,12909
2024-12-10 08:00:00,0.58342,0.58365,0.58142,0.58207,10631
2024-12-10 12:00:00,0.58207,0.5829,0.5814,0.58166,9383
2024-12-10 16:00:00,0.58167,0.58209,0.5791,0.57944,13856
2024-12-10 20:00:00,0.57942,0.58057,0.57939,0.57997,4971
2024-12-11 00:00:00,0.57978,0.58037,0.57961,0.57998,5294
2024-12-11 04:00:00,0.57998,0.58082,0.57864,0.57922,6680
2024-12-11 08:00:00,0.57921,0.57943,0.57633,0.57704,16740
2024-12-11 12:00:00,0.57705,0.58007,0.57611,0.57926,15901
2024-12-11 16:00:00,0.57926,0.57973,0.57796,0.57829,20040
2024-12-11 20:00:00,0.5783,0.57943,0.57804,0.57832,7529
2024-12-12 00:00:00,0.57801,0.5808,0.57795,0.58058,7430
2024-12-12 04:00:00,0.58059,0.58091,0.57996,0.58061,7031
2024-12-12 08:00:00,0.58061,0.58172,0.58009,0.58085,11479
2024-12-12 12:00:00,0.58084,0.58111,0.57837,0.57971,16029
2024-12-12 16:00:00,0.57971,0.58017,0.57709,0.57829,23265
2024-12-12 20:00:00,0.57829,0.57842,0.5762,0.57673,7591
2024-12-13 00:00:00,0.57627,0.57719,0.57595,0.57637,7835
2024-12-13 04:00:00,0.57636,0.57683,0.57575,0.57651,6868
2024-12-13 08:00:00,0.57653,0.57682,0.57552,0.57627,11155
2024-12-13 12:00:00,0.57628,0.57782,0.576,0.57752,9920
2024-12-13 16:00:00,0.57753,0.57753,0.57534,0.57567,13080
2024-12-13 20:00:00,0.57566,0.5762,0.5754,0.57617,4598
2024-12-16 00:00:00,0.57568,0.5775,0.57559,0.57733,6296
2024-12-16 04:00:00,0.57734,0.57831,0.57697,0.57803,6436
2024-12-16 08:00:00,0.57803,0.57858,0.57741,0.57755,8638
2024-12-16 12:00:00,0.57755,0.5776,0.57616,0.5773,8253
2024-12-16 16:00:00,0.57731,0.57854,0.57584,0.57797,13607
2024-12-16 20:00:00,0.57794,0.57838,0.57751,0.57809,4158
2024-12-17 00:00:00,0.57721,0.57928,0.57703,0.57784,5312
2024-12-17 04:00:00,0.57784,0.57819,0.57634,0.57637,6200
2024-12-17 08:00:00,0.57637,0.57692,0.57545,0.57583,9414
2024-12-17 12:00:00,0.57581,0.57657,0.57539,0.57646,10466
2024-12-17 16:00:00,0.57646,0.57677,0.57513,0.57601,13401
2024-12-17 20:00:00,0.57599,0.57616,0.57495,0.57536,4380
2024-12-18 00:00:00,0.5752,0.57585,0.57458,0.57484,4701
2024-12-18 04:00:00,0.57485,0.57517,0.57306,0.57395,5895
2024-12-18 08:00:00,0.57394,0.57475,0.57226,0.57241,8302
2024-12-18 12:00:00,0.57241,0.57356,0.57241,0.57341,7863
2024-12-18 16:00:00,0.5734,0.5737,0.57154,0.5719,11104
2024-12-18 20:00:00,0.57191,0.57245,0.56226,0.56227,26550
2024-12-19 00:00:00,0.56195,0.56345,0.56075,0.56237,13293
2024-12-19 04:00:00,0.56238,0.56317,0.56183,0.56243,9764
2024-12-19 08:00:00,0.56243,0.56582,0.56217,0.56575,14239
2024-12-19 12:00:00,0.56576,0.56613,0.56482,0.56527,13625
2024-12-19 16:00:00,0.56526,0.56618,0.56397,0.56405,18754
2024-12-19 20:00:00,0.56408,0.5646,0.56292,0.56301,7458
2024-12-20 00:00:00,0.56268,0.56325,0.56124,0.56292,6489
2024-12-20 04:00:00,0.56293,0.56313,0.56205,0.56243,7183
2024-12-20 08:00:00,0.56243,0.56458,0.56202,0.56357,12862
2024-12-20 12:00:00,0.56357,0.56494,0.56271,0.56387,12419
2024-12-20 16:00:00,0.56386,0.56721,0.56329,0.56625,19644
2024-12-20 20:00:00,0.56622,0.56681,0.56522,0.56557,6667
2024-12-23 00:00:00,0.56443,0.5657,0.56395,0.56551,5692
2024-12-23 04:00:00,0.56549,0.56598,0.56504,0.56586,4416
2024-12-23 08:00:00,0.56586,0.56609,0.56447,0.56572,7310
2024-12-23 12:00:00,0.56572,0.56582,0.56348,0.56351,8111
2024-12-23 16:00:00,0.56353,0.56514,0.56316,0.56464,12767
2024-12-23 20:00:00,0.56461,0.56538,0.56461,0.56477,5972
2024-12-24 00:00:00,0.56426,0.56497,0.56384,0.56417,4140
2024-12-24 04:00:00,0.56419,0.56485,0.56349,0.56467,4265
2024-12-24 08:00:00,0.56464,0.5652,0.56388,0.56391,6214
2024-12-24 12:00:00,0.56392,0.56483,0.56349,0.56464,6412
2024-12-24 16:00:00,0.56464,0.56483,0.56334,0.56357,9348
2024-12-24 20:00:00,0.56357,0.56527,0.56344,0.56527,4133
2024-12-26 00:00:00,0.5644,0.56545,0.56317,0.56517,9063
2024-12-26 04:00:00,0.56517,0.56596,0.5646,0.56464,5168
2024-12-26 08:00:00,0.56463,0.56471,0.56332,0.56351,5449
2024-12-26 12:00:00,0.56352,0.56412,0.563,0.56307,6466
2024-12-26 16:00:00,0.56309,0.56342,0.56213,0.56247,10962
2024-12-26 20:00:00,0.56247,0.56337,0.56207,0.56233,5968
2024-12-27 00:00:00,0.56218,0.56276,0.56194,0.56211,5798
2024-12-27 04:00:00,0.56211,0.5624,0.56134,0.56182,4332
2024-12-27 08:00:00,0.56182,0.56368,0.5618,0.5627,7015
2024-12-27 12:00:00,0.56269,0.5643,0.56233,0.56389,8245
2024-12-27 16:00:00,0.56391,0.56394,0.56211,0.56256,12379
2024-12-27 20:00:00,0.56253,0.56377,0.56253,0.56316,4320
2024-12-30 00:00:00,0.56288,0.56465,0.56255,0.56419,3436
2024-12-30 04:00:00,0.5642,0.56587,0.56411,0.56553,3379
2024-12-30 08:00:00,0.56553,0.56633,0.56463,0.56536,6154
2024-12-30 12:00:00,0.56536,0.56642,0.56392,0.56402,7757
2024-12-30 16:00:00,0.56403,0.56468,0.56275,0.56424,16051
2024-12-30 20:00:00,0.56423,0.56492,0.56365,0.56386,4648
2024-12-31 00:00:00,0.56357,0.56462,0.56322,0.56414,4395
2024-12-31 04:00:00,0.56414,0.56419,0.56268,0.56287,3993
2024-12-31 08:00:00,0.56284,0.56355,0.56198,0.56288,7781
2024-12-31 12:00:00,0.56289,0.56289,0.56027,0.56097,9135
2024-12-31 16:00:00,0.56098,0.56123,0.55874,0.55923,17679
2024-12-31 20:00:00,0.55923,0.55987,0.55904,0.55933,5592
2025-01-02 00:00:00,0.5585,0.5616,0.5585,0.56146,6051
2025-01-02 04:00:00,0.56147,0.5621,0.56113,0.5614,4110
2025-01-02 08:00:00,0.56142,0.56243,0.56038,0.56185,7743
2025-01-02 12:00:00,0.56185,0.56211,0.56015,0.56108,12378
2025-01-02 16:00:00,0.56109,0.56158,0.55905,0.55937,20384
2025-01-02 20:00:00,0.55937,0.55965,0.55863,0.55934,5765
2025-01-03 00:00:00,0.55898,0.56073,0.55898,0.55999,5104
2025-01-03 04:00:00,0.55998,0.56106,0.55991,0.56063,4165
2025-01-03 08:00:00,0.56063,0.56104,0.55926,0.56008,9656
2025-01-03 12:00:00,0.56008,0.56088,0.55976,0.56046,6726
2025-01-03 16:00:00,0.56048,0.56134,0.5593,0.56066,13172
2025-01-03 20:00:00,0.56064,0.56129,0.56039,0.56114,3758
2025-01-06 00:00:00,0.56108,0.56338,0.56065,0.56186,6573
2025-01-06 04:00:00,0.56186,0.56277,0.56134,0.56235,6386
2025-01-06 08:00:00,0.56235,0.56433,0.56217,0.56355,9354
2025-01-06 12:00:00,0.56355,0.56843,0.56261,0.56743,21359
2025-01-06 16:00:00,0.56744,0.56798,0.56342,0.56398,26089
2025-01-06 20:00:00,0.56398,0.56445,0.56306,0.56422,5734
2025-01-07 00:00:00,0.56401,0.56487,0.56353,0.56464,5000
2025-01-07 04:00:00,0.56462,0.56695,0.56462,0.56667,6021
2025-01-07 08:00:00,0.56667,0.56924,0.56613,0.56858,9982
2025-01-07 12:00:00,0.56857,0.56889,0.56688,0.56705,9615
2025-01-07 16:00:00,0.56705,0.56706,0.56363,0.56457,16929
2025-01-07 20:00:00,0.56457,0.5648,0.56313,0.56321,5810
2025-01-08 00:00:00,0.56318,0.56415,0.5625,0.56322,4807
2025-01-08 04:00:00,0.56322,0.56386,0.56291,0.56381,4268
2025-01-08 08:00:00,0.56381,0.56414,0.56175,0.56193,8055
2025-01-08 12:00:00,0.56194,0.56196,0.55892,0.56002,14428
2025-01-08 16:00:00,0.56002,0.56122,0.55941,0.5603,13435
2025-01-08 20:00:00,0.56025,0.56125,0.56012,0.56059,6067
2025-01-09 00:00:00,0.56083,0.56083,0.55945,0.55972,7107
2025-01-09 04:00:00,0.55972,0.5605,0.55926,0.55991,5465
2025-01-09 08:00:00,0.55989,0.55993,0.55716,0.55891,9343
2025-01-09 12:00:00,0.55891,0.56014,0.55866,0.55957,8980
2025-01-09 16:00:00,0.55956,0.56015,0.55894,0.55971,7459
2025-01-09 20:00:00,0.55971,0.56029,0.55945,0.55976,1961
2025-01-10 00:00:00,0.5594,0.56027,0.55913,0.56006,5103
2025-01-10 04:00:00,0.56006,0.56009,0.5587,0.55879,5860
2025-01-10 08:00:00,0.55878,0.55921,0.55765,0.5577,7114
2025-01-10 12:00:00,0.5577,0.55879,0.55426,0.55556,10845
2025-01-10 16:00:00,0.55556,0.55732,0.55493,0.55629,20200
2025-01-10 20:00:00,0.55629,0.5564,0.55517,0.55523,5873
2025-01-13 00:00:00,0.5548,0.55694,0.55473,0.55659,6354
2025-01-13 04:00:00,0.55659,0.55719,0.55479,0.55533,7452
2025-01-13 08:00:00,0.5553,0.55636,0.55412,0.55436,9203
2025-01-13 12:00:00,0.55436,0.55631,0.55431,0.55562,9622
2025-01-13 16:00:00,0.55562,0.5559,0.55446,0.55586,11990
2025-01-13 20:00:00,0.55586,0.55788,0.55544,0.55781,4725
2025-01-14 00:00:00,0.55742,0.56171,0.55742,0.56094,7261
2025-01-14 04:00:00,0.56094,0.56116,0.55957,0.56041,5219
2025-01-14 08:00:00,0.56042,0.56309,0.56032,0.56106,9398
2025-01-14 12:00:00,0.56105,0.5614,0.55845,0.55908,10595
2025-01-14 16:00:00,0.55909,0.56105,0.55854,0.5591,14449
2025-01-14 20:00:00,0.55909,0.56031,0.55899,0.56017,4297
2025-01-15 00:00:00,0.55975,0.56059,0.55967,0.56027,3082
2025-01-15 04:00:00,0.56027,0.56068,0.55972,0.55972,3787
2025-01-15 08:00:00,0.55972,0.56254,0.55959,0.56184,7818
2025-01-15 12:00:00,0.56184,0.56508,0.55998,0.5646,10317
2025-01-15 16:00:00,0.56462,0.56466,0.56046,0.56121,16810
2025-01-15 20:00:00,0.56121,0.56201,0.56105,0.56133,4388
2025-01-16 00:00:00,0.56076,0.56327,0.56076,0.56198,5878
2025-01-16 04:00:00,0.56199,0.56222,0.55985,0.56002,6911
2025-01-16 08:00:00,0.56002,0.56117,0.55995,0.56033,8147
2025-01-16 12:00:00,0.56033,0.56063,0.55818,0.55914,9709
2025-01-16 16:00:00,0.55914,0.56236,0.55876,0.56129,16636
2025-01-16 20:00:00,0.5613,0.56153,0.56029,0.56043,4942
2025-01-17 00:00:00,0.56028,0.56136,0.56018,0.56102,3337
2025-01-17 04:00:00,0.56105,0.56152,0.55895,0.55925,4889
2025-01-17 08:00:00,0.55924,0.56036,0.55834,0.55972,8034
2025-01-17 12:00:00,0.55975,0.56014,0.55719,0.55747,9124
2025-01-17 16:00:00,0.55747,0.56146,0.55631,0.55912,15395
2025-01-17 20:00:00,0.55912,0.55951,0.55804,0.55817,4644
2025-01-20 00:00:00,0.55905,0.56025,0.55791,0.56013,4073
2025-01-20 04:00:00,0.56013,0.56139,0.55982,0.56055,4498
2025-01-20 08:00:00,0.56055,0.56222,0.5597,0.56004,7396
2025-01-20 12:00:00,0.56004,0.56597,0.55989,0.56591,11359
2025-01-20 16:00:00,0.56592,0.56797,0.56336,0.56551,17901
2025-01-20 20:00:00,0.56551,0.56842,0.56514,0.56697,5217
2025-01-21 00:00:00,0.5669,0.5689,0.56214,0.5639,14906
2025-01-21 04:00:00,0.56391,0.56677,0.56391,0.56401,9761
2025-01-21 08:00:00,0.56401,0.56465,0.5625,0.56313,10128
2025-01-21 12:00:00,0.56313,0.56407,0.56164,0.56385,11478
2025-01-21 16:00:00,0.56389,0.56702,0.56359,0.56645,15368
2025-01-21 20:00:00,0.5665,0.56758,0.56628,0.56745,5214
2025-01-22 00:00:00,0.56673,0.56776,0.56534,0.56543,9706
2025-01-22 04:00:00,0.56543,0.56634,0.56497,0.56609,5655
2025-01-22 08:00:00,0.56609,0.568,0.56487,0.568,9644
2025-01-22 12:00:00,0.568,0.56875,0.5668,0.56738,10156
2025-01-22 16:00:00,0.56737,0.56766,0.56592,0.56669,13006
2025-01-22 20:00:00,0.56671,0.5672,0.56605,0.56629,4390
2025-01-23 00:00:00,0.56607,0.56716,0.56587,0.56649,4364
2025-01-23 04:00:00,0.56649,0.56713,0.5662,0.56644,4870
2025-01-23 08:00:00,0.56644,0.5669,0.56493,0.56577,7989
2025-01-23 12:00:00,0.56577,0.5666,0.56512,0.56636,9721
2025-01-23 16:00:00,0.56637,0.56855,0.56462,0.56831,16491
2025-01-23 20:00:00,0.56829,0.56841,0.56716,0.56725,5754
2025-01-24 00:00:00,0.56746,0.5678,0.56709,0.56765,3945
2025-01-24 04:00:00,0.56765,0.57104,0.56762,0.57099,10297
2025-01-24 08:00:00,0.57099,0.57214,0.57046,0.57128,12281
2025-01-24 12:00:00,0.57129,0.57137,0.56989,0.57007,9631
2025-01-24 16:00:00,0.57007,0.57232,0.56982,0.57162,14418
2025-01-24 20:00:00,0.57162,0.57174,0.57096,0.5711,6425
2025-01-27 00:00:00,0.56941,0.57003,0.56786,0.56795,5741
2025-01-27 04:00:00,0.56794,0.56934,0.56778,0.56879,6677
2025-01-27 08:00:00,0.56879,0.56946,0.56763,0.56912,10937
2025-01-27 12:00:00,0.56912,0.57049,0.56901,0.56933,13802
2025-01-27 16:00:00,0.56933,0.56957,0.56769,0.56809,13349
2025-01-27 20:00:00,0.56809,0.56953,0.56784,0.56927,7330
2025-01-28 00:00:00,0.56871,0.56909,0.56537,0.56581,11478
2025-01-28 04:00:00,0.56579,0.5667,0.56521,0.56594,8228
2025-01-28 08:00:00,0.56595,0.56654,0.5654,0.56606,9135
2025-01-28 12:00:00,0.56606,0.5664,0.56479,0.56494,8427
2025-01-28 16:00:00,0.56494,0.56656,0.56494,0.5663,11641
2025-01-28 20:00:00,0.5663,0.56705,0.56606,0.56653,4766
2025-01-29 00:00:00,0.56649,0.56673,0.56538,0.56572,4200
2025-01-29 04:00:00,0.56572,0.56669,0.56551,0.56649,4280
2025-01-29 08:00:00,0.56658,0.56683,0.56452,0.56464,7902
2025-01-29 12:00:00,0.56464,0.56495,0.56339,0.56365,9035
2025-01-29 16:00:00,0.56366,0.566,0.56364,0.56539,13928
2025-01-29 20:00:00,0.5654,0.56609,0.56352,0.56575,14614
2025-01-30 00:00:00,0.56499,0.56675,0.56497,0.56604,4442
2025-01-30 04:00:00,0.56604,0.5664,0.56449,0.56458,4750
2025-01-30 08:00:00,0.56458,0.5653,0.56383,0.56498,6956
2025-01-30 12:00:00,0.56498,0.56593,0.56433,0.56571,9674
2025-01-30 16:00:00,0.56567,0.56604,0.56459,0.56509,13715
2025-01-30 20:00:00,0.56512,0.56586,0.5622,0.56337,8212
2025-01-31 00:00:00,0.56239,0.56366,0.5623,0.56351,5486
2025-01-31 04:00:00,0.56351,0.56478,0.56323,0.56449,5465
2025-01-31 08:00:00,0.56449,0.56619,0.56431,0.56518,8597
2025-01-31 12:00:00,0.56518,0.56525,0.56392,0.56467,9092
2025-01-31 16:00:00,0.56467,0.56839,0.56349,0.56756,16402
2025-01-31 20:00:00,0.56756,0.56769,0.56331,0.56333,16142
2025-02-03 00:00:00,0.55825,0.55903,0.55396,0.55404,17235
2025-02-03 04:00:00,0.55405,0.55472,0.5516,0.55411,13567
2025-02-03 08:00:00,0.55411,0.55677,0.55396,0.55596,13924
2025-02-03 12:00:00,0.55596,0.55856,0.55531,0.55732,12149
2025-02-03 16:00:00,0.55733,0.56086,0.55542,0.55908,27254
2025-02-03 20:00:00,0.55911,0.56401,0.55844,0.5626,11402
2025-02-04 00:00:00,0.56188,0.56406,0.56,0.56174,7999
2025-02-04 04:00:00,0.56174,0.56198,0.55816,0.55902,10144
2025-02-04 08:00:00,0.55902,0.56107,0.55896,0.56069,10627
2025-02-04 12:00:00,0.5607,0.56152,0.56026,0.56152,8312
2025-02-04 16:00:00,0.56152,0.56512,0.56152,0.56457,14620
2025-02-04 20:00:00,0.56456,0.56543,0.56443,0.56525,5128
2025-02-05 00:00:00,0.56485,0.56616,0.56421,0.56475,6605
2025-02-05 04:00:00,0.56473,0.56619,0.56455,0.56558,7209
2025-02-05 08:00:00,0.56559,0.56867,0.5654,0.56819,11097
2025-02-05 12:00:00,0.5682,0.56924,0.56778,0.56794,9598
2025-02-05 16:00:00,0.56794,0.57021,0.56762,0.56927,13134
2025-02-05 20:00:00,0.56927,0.56941,0.56838,0.56861,4671
2025-02-06 00:00:00,0.56669,0.56909,0.56655,0.56872,4347
2025-02-06 04:00:00,0.5687,0.56877,0.56643,0.56647,5101
2025-02-06 08:00:00,0.56647,0.56671,0.56516,0.56564,7193
2025-02-06 12:00:00,0.56564,0.56636,0.56527,0.5657,9405
2025-02-06 16:00:00,0.56572,0.56753,0.56544,0.56749,9965
2025-02-06 20:00:00,0.56749,0.56792,0.56707,0.56753,4774
2025-02-07 00:00:00,0.56673,0.56855,0.56673,0.56843,3826
2025-02-07 04:00:00,0.56843,0.56898,0.56728,0.56749,4449
2025-02-07 08:00:00,0.56749,0.56896,0.56721,0.56861,6137
2025-02-07 12:00:00,0.56862,0.5694,0.56589,0.56669,9206
2025-02-07 16:00:00,0.56668,0.56827,0.56401,0.56521,22428
2025-02-07 20:00:00,0.56521,0.5662,0.56518,0.56553,6136
2025-02-10 00:00:00,0.56343,0.56522,0.56336,0.56405,7638
2025-02-10 04:00:00,0.56405,0.56616,0.5639,0.5657,5059
2025-02-10 08:00:00,0.56571,0.56637,0.56488,0.56576,7790
2025-02-10 12:00:00,0.56575,0.56615,0.56473,0.56575,6746
2025-02-10 16:00:00,0.56577,0.56591,0.56428,0.56475,8416
2025-02-10 20:00:00,0.56476,0.56476,0.56395,0.56399,2933
2025-02-11 00:00:00,0.56347,0.56441,0.56286,0.56373,4192
2025-02-11 04:00:00,0.56373,0.56463,0.563,0.5645,4401
2025-02-11 08:00:00,0.56448,0.56545,0.56438,0.56463,7277
2025-02-11 12:00:00,0.56463,0.56499,0.56402,0.56461,6832
2025-02-11 16:00:00,0.56461,0.56586,0.56457,0.56521,8678
2025-02-11 20:00:00,0.56521,0.56608,0.56463,0.56533,4333
2025-02-12 00:00:00,0.5652,0.56648,0.56513,0.56646,3859
2025-02-12 04:00:00,0.56646,0.56715,0.56515,0.56541,4666
2025-02-12 08:00:00,0.56541,0.56554,0.56391,0.56406,7455
2025-02-12 12:00:00,0.56406,0.56439,0.56036,0.56066,9938
2025-02-12 16:00:00,0.56063,0.56619,0.56001,0.56587,17993
2025-02-12 20:00:00,0.56588,0.56623,0.56393,0.56406,6263
2025-02-13 00:00:00,0.56333,0.56466,0.56333,0.56439,4673
2025-02-13 04:00:00,0.56439,0.56616,0.56378,0.56591,6324
2025-02-13 08:00:00,0.56591,0.56597,0.56334,0.56369,9020
2025-02-13 12:00:00,0.56369,0.56411,0.56243,0.56309,10135
2025-02-13 16:00:00,0.56309,0.56581,0.56225,0.56506,11694
2025-02-13 20:00:00,0.56508,0.56792,0.56332,0.56777,8853
2025-02-14 00:00:00,0.56705,0.56879,0.56638,0.56854,4710
2025-02-14 04:00:00,0.56855,0.56939,0.56812,0.56846,4691
2025-02-14 08:00:00,0.56846,0.57104,0.56835,0.5708,8999
2025-02-14 12:00:00,0.57079,0.57202,0.56986,0.57176,9010
2025-02-14 16:00:00,0.57176,0.57375,0.57168,0.57357,10534
2025-02-14 20:00:00,0.57357,0.57379,0.57308,0.5731,3844
2025-02-17 00:00:00,0.57138,0.57502,0.5713,0.57448,6695
2025-02-17 04:00:00,0.57448,0.57449,0.57324,0.57354,5977
2025-02-17 08:00:00,0.57354,0.57418,0.57276,0.57343,8155
2025-02-17 12:00:00,0.57342,0.57379,0.57308,0.57352,6011
2025-02-17 16:00:00,0.57352,0.57397,0.57335,0.57389,3972
2025-02-17 20:00:00,0.5739,0.57399,0.57346,0.57354,2450
2025-02-18 00:00:00,0.57357,0.57358,0.57089,0.57133,4461
2025-02-18 04:00:00,0.57133,0.57197,0.5703,0.57084,7747
2025-02-18 08:00:00,0.57084,0.57192,0.57035,0.57096,8112
2025-02-18 12:00:00,0.57096,0.57114,0.56937,0.56977,6675
2025-02-18 16:00:00,0.56977,0.57063,0.56953,0.5699,7810
2025-02-18 20:00:00,0.5699,0.57057,0.56964,0.57045,3520
2025-02-19 00:00:00,0.57007,0.57085,0.56776,0.56938,5796
2025-02-19 04:00:00,0.56936,0.57245,0.56834,0.57241,6497
2025-02-19 08:00:00,0.57241,0.57317,0.57217,0.57242,7207
2025-02-19 12:00:00,0.57242,0.57244,0.57091,0.5714,7240
2025-02-19 16:00:00,0.57139,0.57247,0.56963,0.56998,9929
2025-02-19 20:00:00,0.56998,0.57089,0.56957,0.57054,4434
2025-02-20 00:00:00,0.5703,0.57143,0.56931,0.56964,5478
2025-02-20 04:00:00,0.56964,0.57216,0.56935,0.57202,7309
2025-02-20 08:00:00,0.57201,0.57309,0.57184,0.57288,8106
2025-02-20 12:00:00,0.57288,0.57391,0.57207,0.57324,8787
2025-02-20 16:00:00,0.57323,0.57672,0.57294,0.57618,11336
2025-02-20 20:00:00,0.57613,0.57663,0.57589,0.57622,4079
2025-02-21 00:00:00,0.57605,0.57724,0.5756,0.57586,5801
2025-02-21 04:00:00,0.57586,0.57716,0.57586,0.57596,7226
2025-02-21 08:00:00,0.57596,0.57645,0.57533,0.57566,9042
2025-02-21 12:00:00,0.57566,0.57604,0.57517,0.57556,6417
2025-02-21 16:00:00,0.57557,0.57665,0.5746,0.57479,11127
2025-02-21 20:00:00,0.57478,0.57481,0.57348,0.57408,6005
2025-02-24 00:00:00,0.57366,0.57563,0.57364,0.5751,7962
2025-02-24 04:00:00,0.57509,0.57698,0.57503,0.57564,8018
2025-02-24 08:00:00,0.57564,0.57609,0.57437,0.57454,9599
2025-02-24 12:00:00,0.57454,0.57509,0.57386,0.57472,8186
2025-02-24 16:00:00,0.57472,0.57495,0.57315,0.57425,11569
2025-02-24 20:00:00,0.57425,0.5749,0.57291,0.57318,4882
2025-02-25 00:00:00,0.57301,0.57317,0.57218,0.5727,5071
2025-02-25 04:00:00,0.5727,0.57382,0.57243,0.57373,5828
2025-02-25 08:00:00,0.57373,0.57382,0.57137,0.57144,9182
2025-02-25 12:00:00,0.57143,0.57304,0.57079,0.57262,8344
2025-02-25 16:00:00,0.57262,0.57278,0.5706,0.57156,13262
2025-02-25 20:00:00,0.57156,0.57263,0.57154,0.57253,5527
2025-02-26 00:00:00,0.57205,0.57324,0.57145,0.57176,4861
2025-02-26 04:00:00,0.57176,0.57214,0.5706,0.57074,6506
2025-02-26 08:00:00,0.57074,0.57189,0.57048,0.57056,8654
2025-02-26 12:00:00,0.57056,0.5707,0.56879,0.5692,7968
2025-02-26 16:00:00,0.5692,0.5721,0.56893,0.57032,14293
2025-02-26 20:00:00,0.57032,0.57101,0.56889,0.56937,6760
2025-02-27 00:00:00,0.56971,0.5701,0.56905,0.56942,5319
2025-02-27 04:00:00,0.56942,0.56956,0.56728,0.56782,6401
2025-02-27 08:00:00,0.56783,0.56894,0.56783,0.56859,8361
2025-02-27 12:00:00,0.56859,0.56875,0.56587,0.56592,10858
2025-02-27 16:00:00,0.56592,0.56649,0.56377,0.56388,14811
2025-02-27 20:00:00,0.56389,0.5647,0.56291,0.56299,5277
2025-02-28 00:00:00,0.56256,0.56332,0.56129,0.56131,6925
2025-02-28 04:00:00,0.5613,0.56159,0.55982,0.56006,7041
2025-02-28 08:00:00,0.56004,0.56081,0.55966,0.56008,8181
2025-02-28 12:00:00,0.56008,0.56068,0.55969,0.5602,7705
2025-02-28 16:00:00,0.56021,0.56097,0.55956,0.55975,13061
2025-02-28 20:00:00,0.55974,0.55987,0.55849,0.5596,7740
2025-03-03 00:00:00,0.55977,0.56135,0.55973,0.56108,6745
2025-03-03 04:00:00,0.56108,0.56118,0.5599,0.56022,5798
2025-03-03 08:00:00,0.56021,0.56092,0.55931,0.56078,7846
2025-03-03 12:00:00,0.56078,0.56141,0.56024,0.56135,9592
2025-03-03 16:00:00,0.56135,0.56364,0.5613,0.56349,13130
2025-03-03 20:00:00,0.56342,0.56402,0.56022,0.56148,10489
2025-03-04 00:00:00,0.56088,0.56207,0.56039,0.56115,8303
2025-03-04 04:00:00,0.56114,0.56132,0.5595,0.56066,9394
2025-03-04 08:00:00,0.56066,0.56318,0.56046,0.56246,11500
2025-03-04 12:00:00,0.56246,0.56432,0.56207,0.56306,12651
2025-03-04 16:00:00,0.56306,0.5634,0.56086,0.56205,18497
2025-03-04 20:00:00,0.56203,0.56649,0.56192,0.56629,13096
2025-03-05 00:00:00,0.56594,0.56687,0.56444,0.56524,7670
2025-03-05 04:00:00,0.56524,0.56539,0.5637,0.56502,8530
2025-03-05 08:00:00,0.56501,0.56844,0.56493,0.56794,12279
2025-03-05 12:00:00,0.56793,0.56952,0.56713,0.56941,13224
2025-03-05 16:00:00,0.56941,0.57155,0.56911,0.5712,21738
2025-03-05 20:00:00,0.5712,0.57316,0.57049,0.57282,8717
2025-03-06 00:00:00,0.57245,0.57425,0.57197,0.57405,6064
2025-03-06 04:00:00,0.57405,0.57455,0.57288,0.57344,7895
2025-03-06 08:00:00,0.57344,0.57441,0.57265,0.5734,13255
2025-03-06 12:00:00,0.57339,0.5746,0.57292,0.57369,12461
2025-03-06 16:00:00,0.57369,0.57592,0.57339,0.57426,19576
2025-03-06 20:00:00,0.57426,0.57462,0.5731,0.57347,9515
2025-03-07 00:00:00,0.57303,0.57412,0.57265,0.57302,5982
2025-03-07 04:00:00,0.57302,0.57312,0.5711,0.5713,7394
2025-03-07 08:00:00,0.5713,0.57314,0.57058,0.5727,9457
2025-03-07 12:00:00,0.57269,0.57273,0.57046,0.57062,12749
2025-03-07 16:00:00,0.57064,0.57226,0.56949,0.56974,19708
2025-03-07 20:00:00,0.56974,0.57152,0.56966,0.57102,5194
2025-03-10 00:00:00,0.57137,0.57181,0.56944,0.57161,6411
2025-03-10 04:00:00,0.57161,0.57229,0.57039,0.57131,7404
2025-03-10 08:00:00,0.57131,0.57317,0.57117,0.57272,9542
2025-03-10 12:00:00,0.57272,0.57422,0.57263,0.57373,10564
2025-03-10 16:00:00,0.57373,0.5741,0.5719,0.57196,13496
2025-03-10 20:00:00,0.57195,0.57214,0.56903,0.56961,9861
2025-03-11 00:00:00,0.56978,0.57023,0.5686,0.56912,5282
2025-03-11 04:00:00,0.56913,0.5699,0.56793,0.56949,9218
2025-03-11 08:00:00,0.56949,0.5706,0.56773,0.57044,10544
2025-03-11 12:00:00,0.57045,0.57121,0.56969,0.5706,8771
2025-03-11 16:00:00,0.5706,0.57137,0.56927,0.57076,16210
2025-03-11 20:00:00,0.57076,0.57262,0.57027,0.57146,9073
2025-03-12 00:00:00,0.57136,0.57169,0.5705,0.57082,3751
2025-03-12 04:00:00,0.57082,0.57127,0.56985,0.57041,6315
2025-03-12 08:00:00,0.57042,0.57179,0.56975,0.57178,8151
2025-03-12 12:00:00,0.5718,0.57376,0.56983,0.57066,10359
2025-03-12 16:00:00,0.57068,0.57304,0.5699,0.57253,14793
2025-03-12 20:00:00,0.57253,0.57326,0.57228,0.57309,6964
2025-03-13 00:00:00,0.57279,0.57417,0.5721,0.57379,3521
2025-03-13 04:00:00,0.57379,0.57408,0.57268,0.57283,5747
2025-03-13 08:00:00,0.57283,0.57283,0.57024,0.57051,8676
2025-03-13 12:00:00,0.5705,0.57132,0.56839,0.56872,9715
2025-03-13 16:00:00,0.56872,0.5714,0.56821,0.57082,13087
2025-03-13 20:00:00,0.57083,0.57089,0.56958,0.56982,6598
2025-03-14 00:00:00,0.56977,0.57041,0.56909,0.57011,3660
2025-03-14 04:00:00,0.57011,0.57118,0.57009,0.57092,5540
2025-03-14 08:00:00,0.57092,0.57289,0.57063,0.57281,7634
2025-03-14 12:00:00,0.57281,0.5742,0.57176,0.57384,10759
2025-03-14 16:00:00,0.57384,0.57483,0.5733,0.57458,11649
2025-03-14 20:00:00,0.57456,0.57553,0.57441,0.57501,3734
2025-03-17 00:00:00,0.57411,0.57624,0.57409,0.57512,4163
2025-03-17 04:00:00,0.57512,0.57626,0.57502,0.57584,5991
2025-03-17 08:00:00,0.57584,0.57767,0.57534,0.57735,7330
2025-03-17 12:00:00,0.57735,0.57917,0.5771,0.57867,8039
2025-03-17 16:00:00,0.57868,0.58173,0.57865,0.58156,8987
2025-03-17 20:00:00,0.58156,0.58256,0.58141,0.58211,4479
2025-03-18 00:00:00,0.5814,0.58272,0.58111,0.58234,3267
2025-03-18 04:00:00,0.58234,0.58299,0.58117,0.5818,4677
2025-03-18 08:00:00,0.5818,0.5831,0.58115,0.58289,5984
2025-03-18 12:00:00,0.58288,0.58293,0.58088,0.58118,7170
2025-03-18 16:00:00,0.58118,0.5816,0.57976,0.5814,9353
2025-03-18 20:00:00,0.5814,0.58203,0.58137,0.58193,4462
2025-03-19 00:00:00,0.58179,0.58202,0.58138,0.58159,2251
2025-03-19 04:00:00,0.58159,0.58184,0.58084,0.58088,3939
2025-03-19 08:00:00,0.58088,0.5814,0.57836,0.5786,8101
2025-03-19 12:00:00,0.5786,0.57936,0.57784,0.57883,7455
2025-03-19 16:00:00,0.57883,0.57893,0.57758,0.57843,7647
2025-03-19 20:00:00,0.57844,0.58162,0.57723,0.58149,10217
2025-03-20 00:00:00,0.5814,0.58257,0.57971,0.5803,4541
2025-03-20 04:00:00,0.5803,0.58045,0.57861,0.5792,6310
2025-03-20 08:00:00,0.5792,0.5792,0.57549,0.57597,7196
2025-03-20 12:00:00,0.57597,0.57617,0.57336,0.57361,9658
2025-03-20 16:00:00,0.57361,0.57509,0.57226,0.57443,9560
2025-03-20 20:00:00,0.57443,0.57623,0.57412,0.57569,3857
2025-03-21 00:00:00,0.57546,0.57659,0.57502,0.57625,3498
2025-03-21 04:00:00,0.57625,0.57629,0.57464,0.57485,5128
2025-03-21 08:00:00,0.57485,0.57609,0.57469,0.57591,6295
2025-03-21 12:00:00,0.57591,0.57673,0.57529,0.57557,6285
2025-03-21 16:00:00,0.57557,0.57557,0.57244,0.57359,10472
2025-03-21 20:00:00,0.57362,0.57391,0.573,0.57305,5195
2025-03-24 00:00:00,0.573,0.57494,0.57291,0.57468,3741
2025-03-24 04:00:00,0.57467,0.57468,0.57185,0.57222,5170
2025-03-24 08:00:00,0.57222,0.57397,0.57182,0.57329,6838
2025-03-24 12:00:00,0.5733,0.57476,0.57231,0.57254,6223
2025-03-24 16:00:00,0.57254,0.57358,0.57103,0.5713,10231
2025-03-24 20:00:00,0.5713,0.57294,0.57094,0.57275,6043
2025-03-25 00:00:00,0.57177,0.57291,0.57166,0.57211,2778
2025-03-25 04:00:00,0.57211,0.57284,0.57179,0.5722,5317
2025-03-25 08:00:00,0.5722,0.57286,0.57107,0.57149,5128
2025-03-25 12:00:00,0.57148,0.57502,0.57135,0.57465,7291
2025-03-25 16:00:00,0.57465,0.57487,0.57314,0.57372,9738
2025-03-25 20:00:00,0.57375,0.57422,0.57272,0.57309,5000
2025-03-26 00:00:00,0.57317,0.57347,0.57211,0.57217,2965
2025-03-26 04:00:00,0.57217,0.57499,0.57138,0.57463,6117
2025-03-26 08:00:00,0.57463,0.57553,0.57427,0.57544,6498
2025-03-26 12:00:00,0.57545,0.57623,0.57454,0.57495,5987
2025-03-26 16:00:00,0.57498,0.57549,0.57352,0.57398,10154
2025-03-26 20:00:00,0.57398,0.57404,0.57208,0.57274,7154
2025-03-27 00:00:00,0.57274,0.57302,0.57115,0.57251,4982
2025-03-27 04:00:00,0.57252,0.57451,0.57252,0.57417,5974
2025-03-27 08:00:00,0.57417,0.57498,0.57324,0.57472,8319
2025-03-27 12:00:00,0.57471,0.57514,0.57367,0.57449,7340
2025-03-27 16:00:00,0.5745,0.57554,0.57335,0.57409,11010
2025-03-27 20:00:00,0.5741,0.57472,0.5735,0.57385,5640
2025-03-28 00:00:00,0.57348,0.57398,0.57253,0.57284,4095
2025-03-28 04:00:00,0.57283,0.57285,0.57109,0.57134,4577
2025-03-28 08:00:00,0.57134,0.57245,0.57111,0.57187,5247
2025-03-28 12:00:00,0.57187,0.57269,0.57108,0.57253,6229
2025-03-28 16:00:00,0.57253,0.5736,0.57204,0.57222,11974
2025-03-28 20:00:00,0.57222,0.57223,0.57109,0.57141,6146
2025-03-31 00:00:00,0.57153,0.57162,0.56935,0.57048,5871
2025-03-31 04:00:00,0.57048,0.5716,0.57045,0.57062,6134
2025-03-31 08:00:00,0.57061,0.57221,0.56867,0.56887,9023
2025-03-31 12:00:00,0.56887,0.56918,0.56695,0.56695,6889
2025-03-31 16:00:00,0.56695,0.56748,0.56483,0.56696,11000
2025-03-31 20:00:00,0.56695,0.56798,0.56687,0.56777,5676
2025-04-01 00:00:00,0.56726,0.56791,0.56667,0.5671,2728
2025-04-01 04:00:00,0.5671,0.56884,0.56626,0.56874,6436
2025-04-01 08:00:00,0.56876,0.56876,0.56642,0.56787,8021
2025-04-01 12:00:00,0.56786,0.56854,0.5671,0.56776,8761
2025-04-01 16:00:00,0.56776,0.57044,0.56754,0.56968,11837
2025-04-01 20:00:00,0.56968,0.57024,0.56885,0.57002,5699
2025-04-02 00:00:00,0.56925,0.57142,0.56924,0.5705,4177
2025-04-02 04:00:00,0.57051,0.57242,0.57022,0.57211,4567
2025-04-02 08:00:00,0.57211,0.57401,0.57168,0.57397,6526
2025-04-02 12:00:00,0.57397,0.57467,0.57354,0.57456,6846
2025-04-02 16:00:00,0.57456,0.57457,0.57306,0.57345,10179
2025-04-02 20:00:00,0.57345,0.57787,0.5709,0.57328,11280
2025-04-03 00:00:00,0.57281,0.57406,0.56813,0.57329,14363
2025-04-03 04:00:00,0.5733,0.57448,0.5727,0.57311,11429
2025-04-03 08:00:00,0.57311,0.57993,0.5731,0.5796,16178
2025-04-03 12:00:00,0.57961,0.58337,0.57924,0.58299,18547
2025-04-03 16:00:00,0.583,0.58529,0.58085,0.58103,20510
2025-04-03 20:00:00,0.58102,0.58102,0.57825,0.5791,8202
2025-04-04 00:00:00,0.57905,0.57969,0.57811,0.5791,6307
2025-04-04 04:00:00,0.57909,0.57921,0.5714,0.57159,11568
2025-04-04 08:00:00,0.57159,0.57311,0.56809,0.569,15202
2025-04-04 12:00:00,0.56901,0.56949,0.56132,0.56421,30861
2025-04-04 16:00:00,0.56424,0.56579,0.55632,0.55689,31737
2025-04-04 20:00:00,0.5569,0.56088,0.55513,0.55937,16484
2025-04-07 00:00:00,0.55719,0.55792,0.55199,0.55536,20746
2025-04-07 04:00:00,0.55536,0.55842,0.55476,0.5569,18767
2025-04-07 08:00:00,0.5569,0.56016,0.55516,0.55636,26804
2025-04-07 12:00:00,0.55635,0.56168,0.55527,0.56101,27898
2025-04-07 16:00:00,0.56102,0.5643,0.55061,0.55095,38105
2025-04-07 20:00:00,0.55094,0.55533,0.55094,0.55367,20518
2025-04-08 00:00:00,0.55336,0.55586,0.55293,0.55421,7445
2025-04-08 04:00:00,0.55421,0.56084,0.55333,0.56063,13804
2025-04-08 08:00:00,0.56063,0.56236,0.55881,0.56013,16986
2025-04-08 12:00:00,0.56013,0.56212,0.55814,0.56119,17010
2025-04-08 16:00:00,0.56119,0.56261,0.55552,0.5557,24765
2025-04-08 20:00:00,0.55565,0.55632,0.552,0.55283,18106
2025-04-09 00:00:00,0.5533,0.5539,0.54848,0.55256,11163
2025-04-09 04:00:00,0.55255,0.55606,0.55136,0.55449,20440
2025-04-09 08:00:00,0.55449,0.55648,0.55244,0.5561,27888
2025-04-09 12:00:00,0.55611,0.5582,0.55412,0.55803,23759
2025-04-09 16:00:00,0.55805,0.55931,0.5548,0.55707,21647
2025-04-09 20:00:00,0.55707,0.56678,0.5566,0.5641,32081
2025-04-10 00:00:00,0.5635,0.56637,0.56344,0.56439,12747
2025-04-10 04:00:00,0.5644,0.56966,0.56277,0.56949,14702
2025-04-10 08:00:00,0.56949,0.57095,0.56605,0.56731,19617
2025-04-10 12:00:00,0.56729,0.57387,0.56663,0.57037,21000
2025-04-10 16:00:00,0.57038,0.57511,0.56931,0.57252,27903
2025-04-10 20:00:00,0.5725,0.57653,0.57163,0.57417,20758
2025-04-11 00:00:00,0.57309,0.57747,0.57309,0.57548,15410
2025-04-11 04:00:00,0.57551,0.57994,0.57507,0.57665,21464
2025-04-11 08:00:00,0.57665,0.5812,0.57533,0.58101,23005
2025-04-11 12:00:00,0.58097,0.5826,0.57804,0.58207,20989
2025-04-11 16:00:00,0.58206,0.58394,0.57764,0.57997,28833
2025-04-11 20:00:00,0.58,0.58335,0.57943,0.5821,14100
2025-04-14 00:00:00,0.5813,0.58533,0.58126,0.58434,10833
2025-04-14 04:00:00,0.58437,0.58599,0.58308,0.58539,12549
2025-04-14 08:00:00,0.58539,0.58913,0.58498,0.58839,13237
2025-04-14 12:00:00,0.58839,0.58895,0.58427,0.58454,11666
2025-04-14 16:00:00,0.58455,0.58861,0.58302,0.58637,20048
2025-04-14 20:00:00,0.58638,0.58903,0.58636,0.58762,9754
2025-04-15 00:00:00,0.5863,0.58841,0.58609,0.58841,6064
2025-04-15 04:00:00,0.5884,0.59281,0.58835,0.59224,9727
2025-04-15 08:00:00,0.59224,0.59277,0.59022,0.5906,12427
2025-04-15 12:00:00,0.5906,0.59384,0.59029,0.59326,10619
2025-04-15 16:00:00,0.59326,0.59436,0.59033,0.59065,15742
2025-04-15 20:00:00,0.59065,0.59102,0.58913,0.58995,7139
2025-04-16 00:00:00,0.58962,0.59094,0.58858,0.58954,7217
2025-04-16 04:00:00,0.58953,0.59213,0.58933,0.59203,8855
2025-04-16 08:00:00,0.59203,0.59304,0.59094,0.59205,13521
2025-04-16 12:00:00,0.59205,0.59236,0.58993,0.59039,12090
2025-04-16 16:00:00,0.5904,0.59304,0.59,0.59262,13588
2025-04-16 20:00:00,0.59259,0.59365,0.59097,0.59344,11081
2025-04-17 00:00:00,0.59245,0.59437,0.59193,0.5921,6054
2025-04-17 04:00:00,0.59211,0.59253,0.59066,0.59094,9143
2025-04-17 08:00:00,0.59094,0.59262,0.58993,0.59254,10403
2025-04-17 12:00:00,0.59254,0.59609,0.59243,0.59603,10056
2025-04-17 16:00:00,0.59603,0.59751,0.59509,0.59696,13571
2025-04-17 20:00:00,0.59697,0.59777,0.59652,0.59707,6566
2025-04-18 00:00:00,0.5949,0.59732,0.59489,0.5971,7687
2025-04-18 04:00:00,0.59705,0.59718,0.59264,0.59366,36695
2025-04-18 08:00:00,0.59369,0.59425,0.59244,0.59256,29030
2025-04-18 12:00:00,0.59254,0.59362,0.59243,0.59312,29672
2025-04-18 16:00:00,0.59312,0.59328,0.59285,0.59324,15280
2025-04-18 20:00:00,0.59324,0.59406,0.59304,0.5934,24940
2025-04-21 00:00:00,0.59227,0.59703,0.5921,0.59602,7292
2025-04-21 04:00:00,0.59602,0.60038,0.59585,0.59972,7618
2025-04-21 08:00:00,0.59972,0.60171,0.59946,0.60152,9671
2025-04-21 12:00:00,0.60152,0.60188,0.60022,0.60169,9480
2025-04-21 16:00:00,0.60168,0.60183,0.59956,0.60005,11482
2025-04-21 20:00:00,0.60005,0.60136,0.59926,0.6,7207
2025-04-22 00:00:00,0.59983,0.60024,0.598,0.59876,5583
2025-04-22 04:00:00,0.59876,0.60233,0.59876,0.60201,8478
2025-04-22 08:00:00,0.602,0.60287,0.59994,0.60044,11884
2025-04-22 12:00:00,0.60044,0.60095,0.59852,0.59918,9029
2025-04-22 16:00:00,0.59919,0.60013,0.59846,0.59881,11963
2025-04-22 20:00:00,0.59881,0.59928,0.59629,0.59634,8078
2025-04-23 00:00:00,0.59622,0.5983,0.59366,0.59829,9999
2025-04-23 04:00:00,0.59829,0.59873,0.5961,0.59801,8519
2025-04-23 08:00:00,0.59801,0.59976,0.59737,0.59869,10440
2025-04-23 12:00:00,0.59869,0.59989,0.59796,0.59967,8993
2025-04-23 16:00:00,0.59967,0.6013,0.59519,0.59593,17579
2025-04-23 20:00:00,0.59593,0.59638,0.59439,0.59462,7222
2025-04-24 00:00:00,0.59436,0.59568,0.5942,0.59498,4457
2025-04-24 04:00:00,0.59497,0.59627,0.59434,0.59541,7500
2025-04-24 08:00:00,0.59541,0.59805,0.59411,0.59742,9637
2025-04-24 12:00:00,0.59742,0.59824,0.59721,0.59734,8082
2025-04-24 16:00:00,0.59737,0.59941,0.59726,0.59934,11486
2025-04-24 20:00:00,0.59934,0.59999,0.59847,0.59983,4421
2025-04-25 00:00:00,0.59855,0.60008,0.59801,0.59852,5013
2025-04-25 04:00:00,0.59852,0.59996,0.59773,0.59781,7057
2025-04-25 08:00:00,0.59782,0.59829,0.59598,0.59635,9085
2025-04-25 12:00:00,0.59635,0.59648,0.59482,0.59564,7454
2025-04-25 16:00:00,0.59565,0.59689,0.59506,0.59654,8747
2025-04-25 20:00:00,0.59654,0.597,0.5959,0.59596,4817
2025-04-28 00:00:00,0.59514,0.59655,0.59477,0.59532,4179
2025-04-28 04:00:00,0.59535,0.59675,0.59428,0.59671,5499
2025-04-28 08:00:00,0.59672,0.59697,0.5928,0.59382,7744
2025-04-28 12:00:00,0.59382,0.59584,0.59372,0.59476,7681
2025-04-28 16:00:00,0.59476,0.5982,0.59463,0.59685,11258
2025-04-28 20:00:00,0.59685,0.59802,0.59618,0.59782,4746
2025-04-29 00:00:00,0.5972,0.59798,0.59592,0.59619,3446
2025-04-29 04:00:00,0.59619,0.59864,0.59462,0.59503,6639
2025-04-29 08:00:00,0.59503,0.59785,0.59474,0.59666,8235
2025-04-29 12:00:00,0.59663,0.59682,0.59477,0.5956,6798
2025-04-29 16:00:00,0.5956,0.59567,0.59266,0.59421,10281
2025-04-29 20:00:00,0.59419,0.59467,0.59294,0.59305,4163
2025-04-30 00:00:00,0.5928,0.59392,0.59253,0.59288,3190
2025-04-30 04:00:00,0.59286,0.59428,0.59234,0.59336,6469
2025-04-30 08:00:00,0.59336,0.59494,0.59164,0.59188,7510
2025-04-30 12:00:00,0.59188,0.59287,0.59024,0.59103,8262
2025-04-30 16:00:00,0.59102,0.59378,0.5898,0.59309,13077
2025-04-30 20:00:00,0.5931,0.5946,0.59302,0.59338,7428
2025-05-01 00:00:00,0.59245,0.59445,0.5921,0.59443,4036
2025-05-01 04:00:00,0.59443,0.5951,0.59329,0.59409,6389
2025-05-01 08:00:00,0.59409,0.59419,0.59225,0.59277,7531
2025-05-01 12:00:00,0.59277,0.5933,0.59124,0.59167,7441
2025-05-01 16:00:00,0.59166,0.59249,0.58935,0.59026,11107
2025-05-01 20:00:00,0.59026,0.59136,0.58958,0.59078,5699
2025-05-02 00:00:00,0.5903,0.59247,0.58972,0.59239,4273
2025-05-02 04:00:00,0.59242,0.59368,0.59158,0.59316,6962
2025-05-02 08:00:00,0.59316,0.59412,0.59137,0.59248,7530
2025-05-02 12:00:00,0.59249,0.59567,0.59209,0.595,10337
2025-05-02 16:00:00,0.595,0.59772,0.59481,0.59511,14970
2025-05-02 20:00:00,0.59511,0.59532,0.59398,0.59447,5873
2025-05-05 00:00:00,0.59379,0.596,0.59339,0.59484,4530
2025-05-05 04:00:00,0.59491,0.59844,0.59489,0.59742,6897
2025-05-05 08:00:00,0.59742,0.59934,0.59614,0.59699,8870
2025-05-05 12:00:00,0.597,0.59955,0.59699,0.59912,8594
2025-05-05 16:00:00,0.59911,0.59944,0.59628,0.59636,10477
2025-05-05 20:00:00,0.59636,0.59719,0.59595,0.59663,5021
2025-05-06 00:00:00,0.59628,0.59685,0.59436,0.59478,2567
2025-05-06 04:00:00,0.59478,0.59832,0.59436,0.59813,6381
2025-05-06 08:00:00,0.59813,0.59906,0.59656,0.59781,9031
2025-05-06 12:00:00,0.5978,0.59892,0.59635,0.59881,7712
2025-05-06 16:00:00,0.59881,0.60084,0.59791,0.59996,10413
2025-05-06 20:00:00,0.59995,0.60131,0.59971,0.60072,6000
2025-05-07 00:00:00,0.60012,0.60216,0.59993,0.60155,7584
2025-05-07 04:00:00,0.60155,0.60227,0.59884,0.59998,8895
2025-05-07 08:00:00,0.59998,0.60123,0.59928,0.59928,9243
2025-05-07 12:00:00,0.59928,0.5995,0.59799,0.5983,7600
2025-05-07 16:00:00,0.5983,0.59909,0.59665,0.59748,9719
2025-05-07 20:00:00,0.59748,0.59808,0.59343,0.59396,11361
2025-05-08 00:00:00,0.59342,0.59561,0.59326,0.59485,4617
2025-05-08 04:00:00,0.59484,0.59743,0.59474,0.59672,6735
2025-05-08 08:00:00,0.59672,0.5968,0.59171,0.59199,9974
2025-05-08 12:00:00,0.59199,0.59361,0.59143,0.59298,9849
2025-05-08 16:00:00,0.59298,0.59433,0.59074,0.59138,13197
2025-05-08 20:00:00,0.59138,0.59147,0.59005,0.59061,6345
2025-05-09 00:00:00,0.59011,0.59076,0.58889,0.58922,3545
2025-05-09 04:00:00,0.58922,0.58985,0.58704,0.58977,7406
2025-05-09 08:00:00,0.58978,0.59054,0.58891,0.58997,7245
2025-05-09 12:00:00,0.58997,0.59003,0.58845,0.58981,7646
2025-05-09 16:00:00,0.58981,0.59203,0.58981,0.59123,9571
2025-05-09 20:00:00,0.59122,0.59177,0.59053,0.59057,3833
2025-05-12 00:00:00,0.59186,0.59259,0.5905,0.59216,5948
2025-05-12 04:00:00,0.59217,0.59343,0.59182,0.5926,6817
2025-05-12 08:00:00,0.5926,0.59405,0.58748,0.58893,13166
2025-05-12 12:00:00,0.58891,0.58944,0.58618,0.58769,10054
2025-05-12 16:00:00,0.58769,0.58908,0.58534,0.58544,10428
2025-05-12 20:00:00,0.58544,0.58619,0.58464,0.58546,5668
2025-05-13 00:00:00,0.5847,0.58648,0.5847,0.58526,3170
2025-05-13 04:00:00,0.58526,0.5889,0.58467,0.58889,6833
2025-05-13 08:00:00,0.58889,0.58989,0.58829,0.58901,7988
2025-05-13 12:00:00,0.58902,0.59125,0.58867,0.59125,7522
2025-05-13 16:00:00,0.59125,0.59397,0.5901,0.59357,12033
2025-05-13 20:00:00,0.59357,0.5942,0.59339,0.59383,5138
2025-05-14 00:00:00,0.5929,0.5945,0.5929,0.59432,3487
2025-05-14 04:00:00,0.59432,0.59493,0.59374,0.59407,6304
2025-05-14 08:00:00,0.59407,0.59686,0.59315,0.59594,9532
2025-05-14 12:00:00,0.59598,0.59684,0.59387,0.59425,10337
2025-05-14 16:00:00,0.59425,0.59427,0.5898,0.5906,13087
2025-05-14 20:00:00,0.5906,0.59102,0.58927,0.58975,6034
2025-05-15 00:00:00,0.58931,0.59031,0.58798,0.58989,3422
2025-05-15 04:00:00,0.58988,0.59158,0.58917,0.58921,6775
2025-05-15 08:00:00,0.58921,0.59102,0.5882,0.58911,8302
2025-05-15 12:00:00,0.58911,0.58915,0.58645,0.58825,8078
2025-05-15 16:00:00,0.58825,0.5887,0.58602,0.58719,10916
2025-05-15 20:00:00,0.58719,0.58782,0.58669,0.58759,4304
2025-05-16 00:00:00,0.58666,0.58781,0.58643,0.58673,2780
2025-05-16 04:00:00,0.58673,0.59074,0.58657,0.59043,5329
2025-05-16 08:00:00,0.59043,0.59179,0.59029,0.5908,6547
2025-05-16 12:00:00,0.59079,0.59105,0.58897,0.58963,6871
2025-05-16 16:00:00,0.58963,0.58994,0.58662,0.58746,9444
2025-05-16 20:00:00,0.58746,0.58812,0.58728,0.5876,4359
2025-05-19 00:00:00,0.58846,0.58943,0.58704,0.58921,3371
2025-05-19 04:00:00,0.58921,0.58988,0.58834,0.5885,4730
2025-05-19 08:00:00,0.5885,0.59032,0.58797,0.58991,7966
2025-05-19 12:00:00,0.58992,0.59179,0.58977,0.59055,8378
2025-05-19 16:00:00,0.59056,0.59324,0.59026,0.59236,10325
2025-05-19 20:00:00,0.59236,0.59308,0.59169,0.59298,4169
2025-05-20 00:00:00,0.59251,0.59319,0.59198,0.59223,2366
2025-05-20 04:00:00,0.59223,0.59282,0.59122,0.59193,5892
2025-05-20 08:00:00,0.59192,0.59316,0.59104,0.59186,8963
2025-05-20 12:00:00,0.59186,0.59219,0.58939,0.59009,6960
2025-05-20 16:00:00,0.59009,0.59184,0.58976,0.59171,9273
2025-05-20 20:00:00,0.59172,0.59236,0.59123,0.59236,4947
2025-05-21 00:00:00,0.59162,0.59399,0.59149,0.59382,3092
2025-05-21 04:00:00,0.59382,0.59515,0.59321,0.59489,6174
2025-05-21 08:00:00,0.59489,0.59546,0.59236,0.59282,8934
2025-05-21 12:00:00,0.5928,0.59515,0.5925,0.5941,9092
2025-05-21 16:00:00,0.59413,0.59676,0.59371,0.5963,10954
2025-05-21 20:00:00,0.5963,0.59663,0.59341,0.59378,7471
2025-05-22 00:00:00,0.5931,0.59413,0.59279,0.59336,3805
2025-05-22 04:00:00,0.59338,0.59396,0.59204,0.59319,6151
2025-05-22 08:00:00,0.59321,0.5938,0.59187,0.59191,8535
2025-05-22 12:00:00,0.59191,0.59192,0.58939,0.59082,8720
2025-05-22 16:00:00,0.59084,0.59145,0.58955,0.59022,10527
2025-05-22 20:00:00,0.59022,0.59044,0.58948,0.58973,5934
2025-05-23 00:00:00,0.58904,0.59043,0.58904,0.59043,3268
2025-05-23 04:00:00,0.59043,0.59218,0.59015,0.59161,4659
2025-05-23 08:00:00,0.59161,0.59471,0.59126,0.59432,6630
2025-05-23 12:00:00,0.59432,0.59688,0.5941,0.5961,10497
2025-05-23 16:00:00,0.59609,0.59853,0.59481,0.59818,11366
2025-05-23 20:00:00,0.59818,0.59893,0.59803,0.59827,5007
2025-05-26 00:00:00,0.59777,0.59967,0.59726,0.59952,5113
2025-05-26 04:00:00,0.59951,0.60312,0.59943,0.60224,6929
2025-05-26 08:00:00,0.60224,0.60294,0.60134,0.60176,7185
2025-05-26 12:00:00,0.60178,0.60183,0.60081,0.60105,5629
2025-05-26 16:00:00,0.60105,0.60168,0.60028,0.60034,5237
2025-05-26 20:00:00,0.60034,0.60042,0.59983,0.59987,2823
2025-05-27 00:00:00,0.59912,0.60053,0.59912,0.60034,3457
2025-05-27 04:00:00,0.60034,0.60064,0.59784,0.59787,5297
2025-05-27 08:00:00,0.59787,0.59955,0.59562,0.59585,9220
2025-05-27 12:00:00,0.59585,0.59679,0.59491,0.59679,7450
2025-05-27 16:00:00,0.59678,0.59716,0.59397,0.59475,9027
2025-05-27 20:00:00,0.59475,0.59502,0.59444,0.5948,4692
2025-05-28 00:00:00,0.59402,0.59542,0.59374,0.5945,2524
2025-05-28 04:00:00,0.5945,0.59794,0.59236,0.59478,9079
2025-05-28 08:00:00,0.59478,0.59776,0.59426,0.59746,7944
2025-05-28 12:00:00,0.59747,0.59773,0.59542,0.59556,6667
2025-05-28 16:00:00,0.59556,0.59662,0.59438,0.59563,10112
2025-05-28 20:00:00,0.59563,0.59675,0.59558,0.59662,5345
2025-05-29 00:00:00,0.59627,0.59765,0.59457,0.59534,7434
2025-05-29 04:00:00,0.59534,0.59541,0.59249,0.5942,7731
2025-05-29 08:00:00,0.5942,0.59707,0.59308,0.59598,8192
2025-05-29 12:00:00,0.59597,0.59895,0.59579,0.59878,9097
2025-05-29 16:00:00,0.59878,0.59918,0.59651,0.59812,11704
2025-05-29 20:00:00,0.59812,0.5986,0.59654,0.59698,6427
2025-05-30 00:00:00,0.59582,0.59843,0.5951,0.59824,4907
2025-05-30 04:00:00,0.59824,0.59894,0.59598,0.59701,7009
2025-05-30 08:00:00,0.59701,0.5981,0.59506,0.59508,7894
2025-05-30 12:00:00,0.59507,0.59684,0.5947,0.596,8923
2025-05-30 16:00:00,0.596,0.59743,0.59475,0.59617,12759
2025-05-30 20:00:00,0.59617,0.59766,0.59617,0.59671,5855
2025-06-02 00:00:00,0.59563,0.59959,0.59559,0.59929,3874
2025-06-02 04:00:00,0.59929,0.60092,0.59898,0.59948,6138
2025-06-02 08:00:00,0.59948,0.60271,0.59911,0.60143,7977
2025-06-02 12:00:00,0.60143,0.60248,0.60098,0.60184,8428
2025-06-02 16:00:00,0.60185,0.60385,0.6005,0.60233,11276
2025-06-02 20:00:00,0.60232,0.60434,0.60196,0.60383,5007
2025-06-03 00:00:00,0.60273,0.60541,0.60259,0.60514,3061
2025-06-03 04:00:00,0.60515,0.60536,0.60093,0.60142,6384
2025-06-03 08:00:00,0.60141,0.60151,0.59904,0.59983,7636
2025-06-03 12:00:00,0.59981,0.60102,0.59871,0.59939,6999
2025-06-03 16:00:00,0.5994,0.60112,0.59881,0.59989,10755
2025-06-03 20:00:00,0.59988,0.6007,0.59972,0.59983,4401
2025-06-04 00:00:00,0.59892,0.60071,0.59891,0.60017,2656
2025-06-04 04:00:00,0.60017,0.60139,0.59953,0.59962,5656
2025-06-04 08:00:00,0.59962,0.60162,0.59915,0.60128,7494
2025-06-04 12:00:00,0.60128,0.60236,0.60096,0.60225,7956
2025-06-04 16:00:00,0.60226,0.60376,0.60138,0.60365,9776
2025-06-04 20:00:00,0.60365,0.60392,0.60261,0.60271,4265
2025-06-05 00:00:00,0.60227,0.60375,0.60211,0.60353,2941
2025-06-05 04:00:00,0.60353,0.60432,0.60259,0.60316,5616
2025-06-05 08:00:00,0.60317,0.60446,0.60257,0.60399,6764
2025-06-05 12:00:00,0.60399,0.6062,0.60392,0.60543,8634
2025-06-05 16:00:00,0.60542,0.60799,0.60391,0.6043,13621
2025-06-05 20:00:00,0.60431,0.60468,0.60345,0.60355,6069
2025-06-06 00:00:00,0.60307,0.60485,0.60304,0.60433,2838
2025-06-06 04:00:00,0.60433,0.60501,0.60258,0.60479,4646
2025-06-06 08:00:00,0.60479,0.60479,0.60232,0.60256,6919
2025-06-06 12:00:00,0.60257,0.60434,0.60161,0.60244,9325
2025-06-06 16:00:00,0.60243,0.60287,0.60062,0.60098,13603
2025-06-06 20:00:00,0.60098,0.60234,0.60093,0.60151,5047
2025-06-09 00:00:00,0.60037,0.60276,0.60037,0.60172,3349
2025-06-09 04:00:00,0.60171,0.60415,0.60171,0.60364,5523
2025-06-09 08:00:00,0.60364,0.60652,0.60314,0.60579,6098
2025-06-09 12:00:00,0.60579,0.60647,0.60373,0.60405,6854
2025-06-09 16:00:00,0.60403,0.60566,0.60354,0.60518,8100
2025-06-09 20:00:00,0.60518,0.60571,0.60464,0.60466,4134
2025-06-10 00:00:00,0.60398,0.60582,0.60326,0.60534,3428
2025-06-10 04:00:00,0.60533,0.60582,0.60274,0.60491,7454
2025-06-10 08:00:00,0.60492,0.60527,0.60292,0.6044,10205
2025-06-10 12:00:00,0.60438,0.60556,0.6038,0.60469,6598
2025-06-10 16:00:00,0.60469,0.60571,0.60377,0.60427,8728
2025-06-10 20:00:00,0.60427,0.60513,0.60375,0.60511,4483
2025-06-11 00:00:00,0.60422,0.60615,0.60422,0.60473,4209
2025-06-11 04:00:00,0.60473,0.60513,0.60249,0.60333,5487
2025-06-11 08:00:00,0.60333,0.60397,0.6024,0.60323,6275
2025-06-11 12:00:00,0.60322,0.60656,0.60232,0.60517,9042
2025-06-11 16:00:00,0.60517,0.60532,0.6035,0.60422,10589
2025-06-11 20:00:00,0.60423,0.60495,0.60238,0.60284,6031
2025-06-12 00:00:00,0.6027,0.6038,0.60224,0.60324,4105
2025-06-12 04:00:00,0.60324,0.60414,0.60159,0.60328,6846
2025-06-12 08:00:00,0.60327,0.60427,0.60054,0.60338,8854
2025-06-12 12:00:00,0.60338,0.6071,0.60305,0.60631,10470
2025-06-12 16:00:00,0.60631,0.60663,0.60515,0.60615,11194
2025-06-12 20:00:00,0.60615,0.60673,0.60559,0.60653,4467
2025-06-13 00:00:00,0.60664,0.60692,0.6009,0.6014,6988
2025-06-13 04:00:00,0.6014,0.60439,0.6004,0.60076,11267
2025-06-13 08:00:00,0.60076,0.6026,0.60047,0.60188,11317
2025-06-13 12:00:00,0.60188,0.60215,0.59949,0.60079,10642
2025-06-13 16:00:00,0.60077,0.60413,0.59986,0.60372,10654
2025-06-13 20:00:00,0.60372,0.60372,0.60114,0.60154,7125
2025-06-16 00:00:00,0.60018,0.60256,0.59952,0.60225,7536
2025-06-16 04:00:00,0.60221,0.60243,0.60035,0.6015,8072
2025-06-16 08:00:00,0.6015,0.60406,0.6015,0.60383,8149
2025-06-16 12:00:00,0.60384,0.60593,0.60365,0.60582,6437
2025-06-16 16:00:00,0.60582,0.60876,0.60566,0.60783,10573
2025-06-16 20:00:00,0.60784,0.60789,0.6057,0.60614,5987
2025-06-17 00:00:00,0.60516,0.60617,0.60451,0.60525,4579
2025-06-17 04:00:00,0.60525,0.60719,0.60492,0.60671,6729
2025-06-17 08:00:00,0.60671,0.60745,0.60587,0.60672,7302
2025-06-17 12:00:00,0.60673,0.60795,0.60596,0.60604,7530
2025-06-17 16:00:00,0.60604,0.60748,0.60345,0.60359,11673
2025-06-17 20:00:00,0.6036,0.60382,0.60097,0.6014,8395
2025-06-18 00:00:00,0.60142,0.60257,0.60091,0.60202,4980
2025-06-18 04:00:00,0.60204,0.60353,0.60196,0.6034,6525
2025-06-18 08:00:00,0.6034,0.60392,0.60231,0.60264,7346
2025-06-18 12:00:00,0.60264,0.60328,0.60173,0.60269,6811
2025-06-18 16:00:00,0.60269,0.60492,0.60204,0.60384,11607
2025-06-18 20:00:00,0.60384,0.60566,0.60164,0.6028,12541
2025-06-19 00:00:00,0.6025,0.6033,0.6018,0.60189,3785
2025-06-19 04:00:00,0.60189,0.60191,0.59825,0.59959,8003
2025-06-19 08:00:00,0.59959,0.59959,0.5964,0.59845,8337
2025-06-19 12:00:00,0.59845,0.59884,0.5968,0.59723,7476
2025-06-19 16:00:00,0.59722,0.59809,0.59589,0.59656,7587
2025-06-19 20:00:00,0.59656,0.59925,0.59654,0.59915,2981
2025-06-20 00:00:00,0.5975,0.6006,0.59706,0.60027,3377
2025-06-20 04:00:00,0.60027,0.60073,0.59866,0.60048,5428
2025-06-20 08:00:00,0.60048,0.60089,0.59906,0.5995,7148
2025-06-20 12:00:00,0.59949,0.6001,0.59862,0.59918,7434
2025-06-20 16:00:00,0.5992,0.59931,0.59636,0.59738,9853
2025-06-20 20:00:00,0.59738,0.59765,0.59621,0.5965,5192
2025-06-23 00:00:00,0.59448,0.59661,0.59274,0.59531,6495
2025-06-23 04:00:00,0.59531,0.59578,0.59157,0.59214,8270
2025-06-23 08:00:00,0.59207,0.59349,0.59115,0.59131,9294
2025-06-23 12:00:00,0.5913,0.59132,0.58827,0.58971,9416
2025-06-23 16:00:00,0.58971,0.59546,0.5892,0.59401,13951
2025-06-23 20:00:00,0.59402,0.59803,0.5938,0.59757,8472
2025-06-24 00:00:00,0.59639,0.60013,0.59568,0.59966,6027
2025-06-24 04:00:00,0.59967,0.6017,0.59893,0.60148,6624
2025-06-24 08:00:00,0.60148,0.60336,0.60075,0.60224,9146
2025-06-24 12:00:00,0.60224,0.60391,0.6022,0.60235,6973
2025-06-24 16:00:00,0.60236,0.60408,0.6009,0.60204,10608
2025-06-24 20:00:00,0.60204,0.60242,0.60055,0.60068,5173
2025-06-25 00:00:00,0.60018,0.60209,0.60018,0.60189,3073
2025-06-25 04:00:00,0.60189,0.60396,0.60133,0.60286,5591
2025-06-25 08:00:00,0.60286,0.60315,0.60183,0.6024,6978
2025-06-25 12:00:00,0.6024,0.60241,0.60117,0.60133,6048
2025-06-25 16:00:00,0.60134,0.60292,0.60099,0.60273,8521
2025-06-25 20:00:00,0.60274,0.60424,0.60232,0.60382,5306
2025-06-26 00:00:00,0.60308,0.60573,0.60257,0.60482,3312
2025-06-26 04:00:00,0.60482,0.60655,0.60288,0.6049,6515
2025-06-26 08:00:00,0.6049,0.60732,0.60421,0.60681,9030
2025-06-26 12:00:00,0.60677,0.60686,0.60476,0.60557,9333
2025-06-26 16:00:00,0.60557,0.60746,0.60482,0.60677,12540
2025-06-26 20:00:00,0.60677,0.60743,0.60558,0.60559,5839
2025-06-27 00:00:00,0.60436,0.60678,0.60274,0.60666,2679
2025-06-27 04:00:00,0.60666,0.60761,0.60585,0.6059,5514
2025-06-27 08:00:00,0.60595,0.6078,0.60566,0.60713,7544
2025-06-27 12:00:00,0.60719,0.60732,0.60538,0.60693,8334
2025-06-27 16:00:00,0.60693,0.60724,0.60517,0.60621,10734
2025-06-27 20:00:00,0.60622,0.60633,0.60369,0.60558,8272
2025-06-30 00:00:00,0.60414,0.60705,0.60414,0.60636,4034
2025-06-30 04:00:00,0.60635,0.60774,0.60608,0.60736,5566
2025-06-30 08:00:00,0.60736,0.60852,0.60623,0.60688,8092
2025-06-30 12:00:00,0.60688,0.60716,0.60566,0.60594,6613
2025-06-30 16:00:00,0.60594,0.60902,0.60568,0.60898,11186
2025-06-30 20:00:00,0.60898,0.60985,0.60835,0.60961,5357
2025-07-01 00:00:00,0.60846,0.60971,0.60647,0.60929,3057
2025-07-01 04:00:00,0.60928,0.60951,0.6075,0.60927,4575
2025-07-01 08:00:00,0.60927,0.61194,0.60914,0.6115,7487
2025-07-01 12:00:00,0.6115,0.61201,0.60996,0.61002,7885
2025-07-01 16:00:00,0.61001,0.61048,0.60807,0.6083,12533
2025-07-01 20:00:00,0.60831,0.60985,0.60816,0.60979,5047
2025-07-02 00:00:00,0.60862,0.61051,0.6086,0.6105,2650
2025-07-02 04:00:00,0.6105,0.61058,0.609,0.61021,4421
2025-07-02 08:00:00,0.6102,0.61022,0.6074,0.60751,6852
2025-07-02 12:00:00,0.60751,0.60775,0.60496,0.60547,8872
2025-07-02 16:00:00,0.60547,0.60802,0.60512,0.60779,10909
2025-07-02 20:00:00,0.60777,0.60923,0.60775,0.60875,4905
2025-07-03 00:00:00,0.60852,0.60925,0.60818,0.60887,2271
2025-07-03 04:00:00,0.60887,0.60891,0.60651,0.60698,3863
2025-07-03 08:00:00,0.60698,0.60821,0.60647,0.60768,6024
2025-07-03 12:00:00,0.60768,0.60782,0.603,0.60408,9350
2025-07-03 16:00:00,0.60408,0.60767,0.60367,0.60673,12649
2025-07-03 20:00:00,0.60671,0.60709,0.60624,0.6069,2785
2025-07-04 00:00:00,0.60669,0.60816,0.60573,0.60789,2080
2025-07-04 04:00:00,0.60789,0.60809,0.60632,0.60719,4526
2025-07-04 08:00:00,0.60719,0.60791,0.60568,0.60646,6967
2025-07-04 12:00:00,0.60647,0.60674,0.60567,0.60575,6139
2025-07-04 16:00:00,0.60575,0.60612,0.60499,0.60541,6012
2025-07-04 20:00:00,0.60541,0.60577,0.60491,0.60535,12334
2025-07-07 00:00:00,0.60489,0.60585,0.60395,0.60406,3047
2025-07-07 04:00:00,0.60407,0.60439,0.60091,0.60098,6226
2025-07-07 08:00:00,0.60097,0.60165,0.59913,0.59918,8370
2025-07-07 12:00:00,0.59919,0.60043,0.59882,0.59966,6804
2025-07-07 16:00:00,0.59966,0.60164,0.59919,0.59939,9453
2025-07-07 20:00:00,0.59939,0.60053,0.59898,0.59922,6931
2025-07-08 00:00:00,0.59936,0.60162,0.59889,0.60096,2877
2025-07-08 04:00:00,0.60096,0.60348,0.60035,0.60162,6027
2025-07-08 08:00:00,0.60162,0.60285,0.60085,0.60192,8105
2025-07-08 12:00:00,0.60191,0.60231,0.60054,0.60106,6793
2025-07-08 16:00:00,0.60106,0.60109,0.59789,0.5995,11677
2025-07-08 20:00:00,0.59951,0.60043,0.59933,0.59972,6876
2025-07-09 00:00:00,0.59891,0.60006,0.59809,0.59912,2757
2025-07-09 04:00:00,0.59912,0.60141,0.59757,0.6001,6344
2025-07-09 08:00:00,0.6001,0.60102,0.5989,0.59996,7920
2025-07-09 12:00:00,0.59997,0.60033,0.59809,0.59951,6294
2025-07-09 16:00:00,0.59951,0.60082,0.59879,0.59925,9036
2025-07-09 20:00:00,0.59925,0.60069,0.59913,0.59978,4941
2025-07-10 00:00:00,0.59995,0.60112,0.59957,0.60059,3465
2025-07-10 04:00:00,0.60054,0.60106,0.60005,0.60067,4031
2025-07-10 08:00:00,0.60067,0.60199,0.6004,0.60126,5770
2025-07-10 12:00:00,0.60126,0.60247,0.60032,0.60072,5241
2025-07-10 16:00:00,0.60072,0.60247,0.59963,0.60212,8916
2025-07-10 20:00:00,0.60212,0.60357,0.60202,0.60342,4388
2025-07-11 00:00:00,0.60311,0.60432,0.60071,0.60163,4552
2025-07-11 04:00:00,0.60162,0.60352,0.60087,0.60148,6450
2025-07-11 08:00:00,0.60148,0.60265,0.60089,0.60113,7548
2025-07-11 12:00:00,0.60113,0.60237,0.60048,0.60127,7543
2025-07-11 16:00:00,0.60126,0.60204,0.60005,0.60069,10110
2025-07-11 20:00:00,0.60069,0.60119,0.60011,0.60072,4751
2025-07-14 00:00:00,0.59964,0.60143,0.59902,0.60068,3893
2025-07-14 04:00:00,0.60068,0.60089,0.59801,0.5981,5543
2025-07-14 08:00:00,0.5981,0.59931,0.59748,0.59881,6456
2025-07-14 12:00:00,0.5988,0.59961,0.59808,0.59841,5550
2025-07-14 16:00:00,0.59841,0.59889,0.59683,0.59729,8124
2025-07-14 20:00:00,0.59728,0.59779,0.59707,0.59722,3581
2025-07-15 00:00:00,0.59696,0.59812,0.59679,0.59779,2904
2025-07-15 04:00:00,0.59778,0.59853,0.59727,0.59761,4130
2025-07-15 08:00:00,0.59761,0.59996,0.5975,0.59954,5568
2025-07-15 12:00:00,0.59954,0.60056,0.5986,0.59987,6604
2025-07-15 16:00:00,0.59986,0.59994,0.59383,0.59416,12538
2025-07-15 20:00:00,0.59416,0.59508,0.59407,0.59425,4607
2025-07-16 00:00:00,0.59454,0.5966,0.59414,0.59608,2433
2025-07-16 04:00:00,0.59608,0.59635,0.59441,0.59496,3745
2025-07-16 08:00:00,0.59496,0.5955,0.59395,0.59422,5683
2025-07-16 12:00:00,0.59422,0.59481,0.59347,0.59389,6555
2025-07-16 16:00:00,0.59388,0.59696,0.59123,0.59436,18905
2025-07-16 20:00:00,0.59436,0.59551,0.59366,0.59467,6507
2025-07-17 00:00:00,0.59437,0.59482,0.59294,0.59337,2656
2025-07-17 04:00:00,0.59342,0.59417,0.59115,0.59279,5991
2025-07-17 08:00:00,0.59279,0.59332,0.59093,0.59248,7504
2025-07-17 12:00:00,0.59249,0.59269,0.59044,0.5917,6624
2025-07-17 16:00:00,0.59169,0.59321,0.59108,0.59234,8618
2025-07-17 20:00:00,0.59235,0.59315,0.59229,0.5931,4274
2025-07-18 00:00:00,0.59291,0.59555,0.59263,0.59527,2685
2025-07-18 04:00:00,0.59527,0.59632,0.59501,0.59533,4436
2025-07-18 08:00:00,0.59533,0.59668,0.59474,0.5965,5548
2025-07-18 12:00:00,0.5965,0.59818,0.59641,0.59792,5356
2025-07-18 16:00:00,0.59792,0.59907,0.59645,0.59656,9039
2025-07-18 20:00:00,0.59656,0.59662,0.59581,0.59591,4234
2025-07-21 00:00:00,0.59661,0.59681,0.59392,0.59429,3900
2025-07-21 04:00:00,0.59425,0.5952,0.59384,0.59512,4255
2025-07-21 08:00:00,0.59512,0.59669,0.59502,0.59632,6335
2025-07-21 12:00:00,0.59632,0.59762,0.59521,0.59703,5786
2025-07-21 16:00:00,0.59703,0.59847,0.59626,0.59786,7073
2025-07-21 20:00:00,0.59786,0.59794,0.59671,0.59672,2899
2025-07-22 00:00:00,0.59661,0.59713,0.59554,0.59599,2504
2025-07-22 04:00:00,0.59599,0.59667,0.59558,0.59582,3821
2025-07-22 08:00:00,0.59582,0.59592,0.59402,0.59449,6330
2025-07-22 12:00:00,0.5945,0.59665,0.5945,0.59644,6007
2025-07-22 16:00:00,0.59644,0.60041,0.59644,0.6001,10391
2025-07-22 20:00:00,0.6001,0.60027,0.59951,0.60005,3765
2025-07-23 00:00:00,0.59803,0.6008,0.59726,0.60057,3833
2025-07-23 04:00:00,0.60057,0.60179,0.59972,0.60153,5530
2025-07-23 08:00:00,0.60153,0.60343,0.60131,0.60315,6730
2025-07-23 12:00:00,0.60315,0.60468,0.60291,0.60341,6282
2025-07-23 16:00:00,0.60341,0.60442,0.60265,0.60285,10284
2025-07-23 20:00:00,0.60285,0.60472,0.60285,0.60454,4647
2025-07-24 00:00:00,0.60431,0.60511,0.60375,0.60444,2602
2025-07-24 04:00:00,0.60444,0.6059,0.60441,0.6054,5286
2025-07-24 08:00:00,0.6054,0.60585,0.60441,0.60556,7260
2025-07-24 12:00:00,0.60555,0.60557,0.60412,0.6043,6475
2025-07-24 16:00:00,0.6043,0.60559,0.60339,0.60386,10435
2025-07-24 20:00:00,0.60387,0.60438,0.60259,0.60265,4380
2025-07-25 00:00:00,0.60274,0.60388,0.60229,0.60346,2405
2025-07-25 04:00:00,0.60346,0.60359,0.60145,0.60201,5010
2025-07-25 08:00:00,0.60201,0.60306,0.60059,0.60099,7989
2025-07-25 12:00:00,0.60099,0.60157,0.60025,0.60039,5805
2025-07-25 16:00:00,0.60039,0.60149,0.59975,0.60099,10805
2025-07-25 20:00:00,0.60099,0.60159,0.60085,0.6014,3953
2025-07-28 00:00:00,0.6008,0.60267,0.60075,0.60267,3949
2025-07-28 04:00:00,0.60267,0.60324,0.60078,0.60105,5195
2025-07-28 08:00:00,0.60105,0.60124,0.59678,0.59756,8887
2025-07-28 12:00:00,0.59756,0.59849,0.59714,0.59848,9647
2025-07-28 16:00:00,0.59847,0.59882,0.5968,0.59713,10469
2025-07-28 20:00:00,0.59713,0.59731,0.59661,0.59689,4665
2025-07-29 00:00:00,0.59574,0.59738,0.59574,0.59624,2564
2025-07-29 04:00:00,0.59624,0.59763,0.59624,0.59686,4537
2025-07-29 08:00:00,0.59686,0.59716,0.59452,0.59592,8212
2025-07-29 12:00:00,0.59592,0.59637,0.59448,0.59453,7657
2025-07-29 16:00:00,0.59453,0.59581,0.59421,0.59522,11432
2025-07-29 20:00:00,0.59522,0.59612,0.59516,0.59539,6235
2025-07-30 00:00:00,0.59535,0.59668,0.59495,0.59665,2694
2025-07-30 04:00:00,0.59664,0.59712,0.59583,0.59611,5640
2025-07-30 08:00:00,0.59611,0.59663,0.59508,0.59576,7075
2025-07-30 12:00:00,0.59576,0.59604,0.59241,0.59261,8040
2025-07-30 16:00:00,0.59261,0.59266,0.59083,0.59152,10319
2025-07-30 20:00:00,0.59152,0.5929,0.58884,0.58952,12950
2025-07-31 00:00:00,0.58938,0.59103,0.58919,0.59054,3360
2025-07-31 04:00:00,0.59054,0.59259,0.58974,0.59256,5813
2025-07-31 08:00:00,0.59255,0.59367,0.59093,0.59133,8151
2025-07-31 12:00:00,0.59133,0.59138,0.58952,0.59003,7915
2025-07-31 16:00:00,0.59003,0.59041,0.58896,0.58956,12197
2025-07-31 20:00:00,0.58956,0.58979,0.58878,0.58891,6615
2025-08-01 00:00:00,0.58902,0.58939,0.58823,0.58899,4100
2025-08-01 04:00:00,0.58897,0.58922,0.58741,0.58811,5874
2025-08-01 08:00:00,0.58811,0.58838,0.58638,0.58643,6735
2025-08-01 12:00:00,0.58643,0.59225,0.58563,0.59207,9562
2025-08-01 16:00:00,0.59209,0.59287,0.58954,0.59041,18837
2025-08-01 20:00:00,0.59041,0.59217,0.58891,0.59193,8977
2025-08-04 00:00:00,0.59039,0.59177,0.59024,0.59105,4864
2025-08-04 04:00:00,0.59103,0.59223,0.59035,0.59143,6417
2025-08-04 08:00:00,0.59143,0.59173,0.59035,0.59111,8277
2025-08-04 12:00:00,0.59111,0.59247,0.59063,0.59184,7815
2025-08-04 16:00:00,0.59184,0.59302,0.59021,0.59049,10470
2025-08-04 20:00:00,0.59049,0.59079,0.58985,0.59075,3934
2025-08-05 00:00:00,0.59045,0.59223,0.59009,0.59131,3925
2025-08-05 04:00:00,0.59131,0.59152,0.5891,0.5899,4730
2025-08-05 08:00:00,0.5899,0.59026,0.58837,0.58867,7627
2025-08-05 12:00:00,0.58867,0.58961,0.5881,0.58915,7760
2025-08-05 16:00:00,0.58915,0.59044,0.58859,0.58999,11807
2025-08-05 20:00:00,0.58999,0.59021,0.58908,0.59002,4328
2025-08-06 00:00:00,0.58972,0.59152,0.58901,0.59104,3353
2025-08-06 04:00:00,0.59104,0.59264,0.59045,0.59245,4030
2025-08-06 08:00:00,0.59245,0.59253,0.59152,0.59188,5896
2025-08-06 12:00:00,0.59188,0.59355,0.59175,0.59329,6663
2025-08-06 16:00:00,0.59329,0.59379,0.59209,0.59305,10265
2025-08-06 20:00:00,0.59305,0.59408,0.59274,0.5928,4584
2025-08-07 00:00:00,0.59284,0.59342,0.59226,0.59276,3263
2025-08-07 04:00:00,0.59277,0.59511,0.59272,0.5949,4169
2025-08-07 08:00:00,0.5949,0.5967,0.59423,0.59571,7453
2025-08-07 12:00:00,0.59571,0.59604,0.5945,0.59544,8056
2025-08-07 16:00:00,0.59546,0.59608,0.59312,0.59443,10721
2025-08-07 20:00:00,0.59443,0.59636,0.59382,0.59613,6086
2025-08-08 00:00:00,0.59481,0.59717,0.59461,0.59627,3774
2025-08-08 04:00:00,0.59627,0.59679,0.59532,0.59579,4807
2025-08-08 08:00:00,0.59579,0.59682,0.59492,0.59521,6156
2025-08-08 12:00:00,0.59521,0.59589,0.59478,0.59522,6735
2025-08-08 16:00:00,0.59522,0.59627,0.59498,0.59513,7951
2025-08-08 20:00:00,0.59513,0.59594,0.59471,0.59493,4717
2025-08-11 00:00:00,0.59523,0.59536,0.59439,0.59463,2523
2025-08-11 04:00:00,0.59463,0.59588,0.59458,0.59514,3995
2025-08-11 08:00:00,0.59515,0.59563,0.5939,0.59452,5408
2025-08-11 12:00:00,0.59451,0.59466,0.59247,0.59301,5914
2025-08-11 16:00:00,0.59301,0.59385,0.59256,0.59339,7835
2025-08-11 20:00:00,0.59341,0.59391,0.59292,0.59385,4556
2025-08-12 00:00:00,0.59319,0.59439,0.59234,0.59416,2801
2025-08-12 04:00:00,0.59416,0.59458,0.59285,0.59384,4631
2025-08-12 08:00:00,0.59384,0.59393,0.59215,0.59223,7405
2025-08-12 12:00:00,0.59223,0.59441,0.59127,0.59367,9839
2025-08-12 16:00:00,0.59367,0.59656,0.59218,0.59559,17511
2025-08-12 20:00:00,0.59558,0.59584,0.59514,0.59534,4540
2025-08-13 00:00:00,0.59529,0.59589,0.59477,0.59519,2642
2025-08-13 04:00:00,0.59519,0.5961,0.59446,0.59574,4417
2025-08-13 08:00:00,0.59574,0.5988,0.59529,0.59838,6727
2025-08-13 12:00:00,0.59838,0.59956,0.59747,0.59773,6613
2025-08-13 16:00:00,0.59773,0.59885,0.59738,0.59754,8652
2025-08-13 20:00:00,0.59754,0.59776,0.59698,0.59747,3463
2025-08-14 00:00:00,0.59719,0.59858,0.59678,0.59835,2838
2025-08-14 04:00:00,0.59835,0.59907,0.59717,0.59772,6111
2025-08-14 08:00:00,0.59772,0.59772,0.59476,0.59479,7937
2025-08-14 12:00:00,0.59479,0.59553,0.59289,0.59308,9130
2025-08-14 16:00:00,0.59308,0.59314,0.59083,0.59127,13561
2025-08-14 20:00:00,0.59127,0.59208,0.5911,0.59171,4487
2025-08-15 00:00:00,0.59147,0.59222,0.59126,0.59206,2483
2025-08-15 04:00:00,0.59206,0.59247,0.59071,0.59206,4781
2025-08-15 08:00:00,0.59206,0.59298,0.59157,0.5927,4899
2025-08-15 12:00:00,0.5927,0.59333,0.59175,0.59294,6435
2025-08-15 16:00:00,0.59294,0.59387,0.59241,0.59268,10678
2025-08-15 20:00:00,0.5927,0.5927,0.59194,0.59202,4527
2025-08-18 00:00:00,0.59162,0.59362,0.59115,0.59313,2667
2025-08-18 04:00:00,0.59313,0.5941,0.5928,0.59393,4516
2025-08-18 08:00:00,0.59393,0.59424,0.59293,0.59399,6530
2025-08-18 12:00:00,0.59399,0.59409,0.59294,0.59315,6003
2025-08-18 16:00:00,0.59315,0.59319,0.59095,0.59198,8376
2025-08-18 20:00:00,0.59198,0.59254,0.59179,0.59219,4675
2025-08-19 00:00:00,0.59211,0.59284,0.5912,0.59268,3428
2025-08-19 04:00:00,0.59268,0.59286,0.59161,0.59251,5549
2025-08-19 08:00:00,0.59251,0.59303,0.59141,0.59181,6886
2025-08-19 12:00:00,0.59181,0.59293,0.5918,0.59215,6474
2025-08-19 16:00:00,0.59215,0.59222,0.58979,0.58994,9289
2025-08-19 20:00:00,0.58994,0.59035,0.58907,0.58913,4788
2025-08-20 00:00:00,0.58925,0.58977,0.58856,0.58922,3694
2025-08-20 04:00:00,0.58922,0.58951,0.58199,0.58269,10340
2025-08-20 08:00:00,0.58269,0.58353,0.58148,0.58293,8321
2025-08-20 12:00:00,0.58293,0.58403,0.58215,0.58363,6833
2025-08-20 16:00:00,0.58363,0.58365,0.58182,0.58284,10350
2025-08-20 20:00:00,0.58284,0.58339,0.58205,0.58231,5832
2025-08-21 00:00:00,0.58199,0.58282,0.5811,0.58208,3401
2025-08-21 04:00:00,0.58208,0.58325,0.58143,0.5817,5156
2025-08-21 08:00:00,0.58171,0.58251,0.58128,0.58238,6394
2025-08-21 12:00:00,0.58238,0.58308,0.58166,0.582,6985
2025-08-21 16:00:00,0.582,0.58279,0.58104,0.58166,11982
2025-08-21 20:00:00,0.58166,0.58239,0.58137,0.58171,5543
2025-08-22 00:00:00,0.58156,0.58223,0.58127,0.58145,2891
2025-08-22 04:00:00,0.58145,0.58206,0.58051,0.58061,5078
2025-08-22 08:00:00,0.5806,0.58139,0.57996,0.58131,5362
2025-08-22 12:00:00,0.58131,0.58134,0.58012,0.58089,5978
2025-08-22 16:00:00,0.58089,0.58759,0.58081,0.58664,18998
2025-08-22 20:00:00,0.58664,0.5874,0.58631,0.58666,5733
2025-08-25 00:00:00,0.58614,0.58705,0.58581,0.58641,3213
2025-08-25 04:00:00,0.58641,0.58669,0.58518,0.58647,4351
2025-08-25 08:00:00,0.58647,0.58804,0.58634,0.58666,6356
2025-08-25 12:00:00,0.58666,0.58728,0.58563,0.58642,5424
2025-08-25 16:00:00,0.58642,0.58771,0.58611,0.58631,8368
2025-08-25 20:00:00,0.58631,0.58631,0.5845,0.58489,6294
2025-08-26 00:00:00,0.5845,0.58607,0.58399,0.58552,6379
2025-08-26 04:00:00,0.58551,0.58573,0.58284,0.58405,6078
2025-08-26 08:00:00,0.58405,0.58456,0.58328,0.58393,8266
2025-08-26 12:00:00,0.58393,0.58587,0.58389,0.58543,6884
2025-08-26 16:00:00,0.58543,0.58679,0.5847,0.58626,9021
2025-08-26 20:00:00,0.58626,0.5865,0.58577,0.586,5049
2025-08-27 00:00:00,0.58394,0.58635,0.58338,0.58541,2607
2025-08-27 04:00:00,0.5854,0.58584,0.58424,0.58438,5197
2025-08-27 08:00:00,0.58438,0.58485,0.58248,0.58287,6474
2025-08-27 12:00:00,0.58287,0.58321,0.58178,0.58254,6435
2025-08-27 16:00:00,0.58254,0.5862,0.58231,0.58609,9517
2025-08-27 20:00:00,0.58609,0.58649,0.58563,0.58597,5911
2025-08-28 00:00:00,0.58421,0.58632,0.58419,0.58591,2998
2025-08-28 04:00:00,0.58591,0.58678,0.58548,0.58596,5739
2025-08-28 08:00:00,0.58596,0.58671,0.58533,0.58662,6946
2025-08-28 12:00:00,0.58662,0.58779,0.58628,0.58733,7947
2025-08-28 16:00:00,0.58733,0.58896,0.58653,0.58878,10105
2025-08-28 20:00:00,0.58878,0.58917,0.58822,0.58839,4784
2025-08-29 00:00:00,0.58814,0.58876,0.58779,0.58875,2816
2025-08-29 04:00:00,0.58875,0.58944,0.58813,0.58922,4892
2025-08-29 08:00:00,0.58922,0.58976,0.5885,0.58935,5847
2025-08-29 12:00:00,0.58936,0.5895,0.58804,0.58872,6697
2025-08-29 16:00:00,0.58872,0.59054,0.5883,0.59013,11064
2025-08-29 20:00:00,0.59013,0.59013,0.58924,0.58951,4798
2025-09-01 00:00:00,0.58823,0.59066,0.58819,0.59065,2560
2025-09-01 04:00:00,0.59065,0.59135,0.58957,0.59001,5447
2025-09-01 08:00:00,0.59001,0.59143,0.58896,0.59132,6066
2025-09-01 12:00:00,0.59132,0.59138,0.58983,0.59002,5631
2025-09-01 16:00:00,0.59003,0.59042,0.58964,0.59009,5989
2025-09-01 20:00:00,0.59009,0.5904,0.58977,0.59027,2523
2025-09-02 00:00:00,0.59015,0.59075,0.589,0.59029,2859
2025-09-02 04:00:00,0.59029,0.59029,0.58808,0.58842,5211
2025-09-02 08:00:00,0.58842,0.58885,0.58488,0.58572,9679
2025-09-02 12:00:00,0.58572,0.5859,0.58373,0.58404,11364
2025-09-02 16:00:00,0.58404,0.58701,0.58384,0.58651,13376
2025-09-02 20:00:00,0.58651,0.58672,0.58564,0.58654,6170
2025-09-03 00:00:00,0.58579,0.58663,0.58515,0.58564,2566
2025-09-03 04:00:00,0.58564,0.58633,0.58539,0.5861,5272
2025-09-03 08:00:00,0.5861,0.5867,0.5841,0.58623,7606
2025-09-03 12:00:00,0.58623,0.58694,0.58558,0.58673,7600
2025-09-03 16:00:00,0.58673,0.58816,0.58612,0.58796,12307
2025-09-03 20:00:00,0.58796,0.58834,0.58733,0.58778,5470
2025-09-04 00:00:00,0.58714,0.5884,0.58689,0.5883,2496
2025-09-04 04:00:00,0.5883,0.58897,0.58681,0.58684,5394
2025-09-04 08:00:00,0.58684,0.58692,0.58614,0.58686,5705
2025-09-04 12:00:00,0.58686,0.58694,0.58452,0.58556,7096
2025-09-04 16:00:00,0.58556,0.58587,0.58325,0.58357,10666
2025-09-04 20:00:00,0.58357,0.58466,0.58355,0.58459,4483
2025-09-05 00:00:00,0.58399,0.58566,0.58391,0.58564,2440
2025-09-05 04:00:00,0.58564,0.58645,0.58557,0.58591,3418
2025-09-05 08:00:00,0.58591,0.58793,0.58587,0.58768,4210
2025-09-05 12:00:00,0.58768,0.59064,0.58715,0.5901,9096
2025-09-05 16:00:00,0.5901,0.59176,0.58914,0.59002,15491
2025-09-05 20:00:00,0.59003,0.59003,0.58868,0.58922,5112
2025-09-08 00:00:00,0.58822,0.58913,0.58714,0.58904,3530
2025-09-08 04:00:00,0.58906,0.59039,0.58869,0.59011,4777
2025-09-08 08:00:00,0.59012,0.59307,0.59002,0.59233,5142
2025-09-08 12:00:00,0.59232,0.59413,0.59183,0.59399,4790
2025-09-08 16:00:00,0.594,0.59452,0.59296,0.59325,6712
2025-09-08 20:00:00,0.59325,0.59425,0.59286,0.5939,3665
2025-09-09 00:00:00,0.59319,0.5949,0.59319,0.59445,2379
2025-09-09 04:00:00,0.59444,0.59504,0.59371,0.59491,4119
2025-09-09 08:00:00,0.59489,0.59561,0.59397,0.59504,6257
2025-09-09 12:00:00,0.59505,0.59595,0.59393,0.59417,4473
2025-09-09 16:00:00,0.59418,0.59572,0.59251,0.59298,10344
2025-09-09 20:00:00,0.593,0.59308,0.59224,0.59244,4405
2025-09-10 00:00:00,0.59266,0.59291,0.59203,0.59266,2221
2025-09-10 04:00:00,0.59267,0.59488,0.59209,0.59484,4379
2025-09-10 08:00:00,0.59483,0.59514,0.59331,0.59387,5828
2025-09-10 12:00:00,0.59386,0.59563,0.59355,0.59436,7009
2025-09-10 16:00:00,0.59439,0.59635,0.59399,0.59465,8794
2025-09-10 20:00:00,0.59465,0.59517,0.5939,0.59395,4390
2025-09-11 00:00:00,0.59379,0.59469,0.59325,0.59357,2447
2025-09-11 04:00:00,0.59356,0.59459,0.59333,0.5937,2756
2025-09-11 08:00:00,0.59371,0.59371,0.59264,0.59278,6819
2025-09-11 12:00:00,0.59277,0.59454,0.5912,0.59437,9826
2025-09-11 16:00:00,0.59438,0.59752,0.59384,0.59722,12188
2025-09-11 20:00:00,0.59721,0.59795,0.59696,0.59773,5481
2025-09-12 00:00:00,0.59669,0.59784,0.59637,0.59762,2565
2025-09-12 04:00:00,0.59763,0.59773,0.59661,0.59679,3637
2025-09-12 08:00:00,0.5968,0.59737,0.59499,0.59515,5774
2025-09-12 12:00:00,0.59513,0.59587,0.59395,0.59457,5669
2025-09-12 16:00:00,0.59454,0.59583,0.59437,0.59521,7298
2025-09-12 20:00:00,0.59522,0.5961,0.59516,0.5955,4246
2025-09-15 00:00:00,0.59385,0.59567,0.59385,0.59542,3092
2025-09-15 04:00:00,0.59543,0.59662,0.59528,0.59629,2961
2025-09-15 08:00:00,0.59633,0.59644,0.59504,0.59596,4864
2025-09-15 12:00:00,0.59597,0.59681,0.59542,0.59657,4972
2025-09-15 16:00:00,0.59655,0.59716,0.59564,0.59646,7424
2025-09-15 20:00:00,0.59645,0.59747,0.59634,0.59699,4038
2025-09-16 00:00:00,0.59511,0.59715,0.59511,0.59622,2372
2025-09-16 04:00:00,0.59624,0.59704,0.59554,0.5962,4109
2025-09-16 08:00:00,0.59621,0.59806,0.59605,0.59671,5574
2025-09-16 12:00:00,0.59672,0.59803,0.59652,0.59709,7160
2025-09-16 16:00:00,0.5971,0.59871,0.59706,0.59853,10125
2025-09-16 20:00:00,0.59854,0.59906,0.59837,0.59875,4691
2025-09-17 00:00:00,0.5979,0.59902,0.59691,0.59819,1903
2025-09-17 04:00:00,0.59823,0.5983,0.59746,0.5978,3087
2025-09-17 08:00:00,0.59781,0.59811,0.59668,0.59725,4568
2025-09-17 12:00:00,0.59726,0.59863,0.59703,0.59856,4825
2025-09-17 16:00:00,0.59857,0.59863,0.59676,0.59688,6864
2025-09-17 20:00:00,0.59689,0.60071,0.59481,0.59612,15519
2025-09-18 00:00:00,0.59613,0.5965,0.59208,0.59213,4878
2025-09-18 04:00:00,0.59209,0.59338,0.59107,0.59118,5750
2025-09-18 08:00:00,0.59118,0.59163,0.58927,0.58929,8691
2025-09-18 12:00:00,0.58928,0.59106,0.58914,0.58918,8787
2025-09-18 16:00:00,0.58913,0.58921,0.58721,0.58814,11636
2025-09-18 20:00:00,0.58813,0.58863,0.58793,0.58803,4766
2025-09-19 00:00:00,0.5881,0.58915,0.58764,0.58845,2480
2025-09-19 04:00:00,0.58846,0.58863,0.58677,0.58708,5318
2025-09-19 08:00:00,0.58707,0.588,0.58544,0.58764,7621
2025-09-19 12:00:00,0.58765,0.588,0.58552,0.5858,5939
2025-09-19 16:00:00,0.58581,0.58673,0.58537,0.58588,8515
2025-09-19 20:00:00,0.58587,0.58598,0.58534,0.58554,3407
2025-09-22 00:00:00,0.58564,0.58604,0.58468,0.58495,3027
2025-09-22 04:00:00,0.58498,0.58623,0.5847,0.58592,4280
2025-09-22 08:00:00,0.58593,0.58596,0.58424,0.58588,5876
2025-09-22 12:00:00,0.58591,0.58658,0.58561,0.58624,4502
2025-09-22 16:00:00,0.58625,0.58663,0.5851,0.58632,6528
2025-09-22 20:00:00,0.58634,0.58713,0.58632,0.58679,3439
2025-09-23 00:00:00,0.58587,0.58695,0.58449,0.58641,2081
2025-09-23 04:00:00,0.58642,0.58647,0.58477,0.58477,3953
2025-09-23 08:00:00,0.58471,0.5863,0.58451,0.58621,5974
2025-09-23 12:00:00,0.58623,0.58693,0.58599,0.58628,4802
2025-09-23 16:00:00,0.58629,0.58686,0.58514,0.58584,8795
2025-09-23 20:00:00,0.58585,0.58622,0.58532,0.58576,5702
2025-09-24 00:00:00,0.58492,0.58606,0.58397,0.5855,2263
2025-09-24 04:00:00,0.58551,0.58658,0.58492,0.58596,4554
2025-09-24 08:00:00,0.58595,0.58618,0.58415,0.58467,5502
2025-09-24 12:00:00,0.58466,0.58488,0.58242,0.58281,5002
2025-09-24 16:00:00,0.58277,0.58283,0.58081,0.58103,8364
2025-09-24 20:00:00,0.58104,0.58154,0.58092,0.58132,4069
2025-09-25 00:00:00,0.58129,0.58193,0.58028,0.5815,2989
2025-09-25 04:00:00,0.58154,0.58283,0.58074,0.58241,3489
2025-09-25 08:00:00,0.5824,0.5828,0.58149,0.58277,5658
2025-09-25 12:00:00,0.58278,0.58311,0.57906,0.57946,6826
2025-09-25 16:00:00,0.57947,0.57962,0.57693,0.57712,9959
2025-09-25 20:00:00,0.5771,0.57715,0.57585,0.57662,5380
2025-09-26 00:00:00,0.57659,0.57695,0.57555,0.57651,3206
2025-09-26 04:00:00,0.5765,0.57705,0.57601,0.57689,3260
2025-09-26 08:00:00,0.5769,0.57707,0.57569,0.57647,5187
2025-09-26 12:00:00,0.5764,0.57692,0.57541,0.57662,5989
2025-09-26 16:00:00,0.57664,0.57734,0.57612,0.57713,10025
2025-09-26 20:00:00,0.57714,0.57757,0.577,0.57724,4432
2025-09-29 00:00:00,0.57669,0.57807,0.57668,0.57785,2366
2025-09-29 04:00:00,0.57784,0.57917,0.57702,0.57904,4714
2025-09-29 08:00:00,0.57905,0.57957,0.57846,0.57908,5997
2025-09-29 12:00:00,0.57907,0.57923,0.57797,0.57879,5662
2025-09-29 16:00:00,0.57882,0.57899,0.57793,0.57819,7565
2025-09-29 20:00:00,0.57818,0.57834,0.57758,0.57767,3103
2025-09-30 00:00:00,0.57733,0.57804,0.57706,0.57788,2459
2025-09-30 04:00:00,0.57789,0.57941,0.5776,0.57914,5419
2025-09-30 08:00:00,0.57907,0.58068,0.57842,0.58003,8150
2025-09-30 12:00:00,0.58002,0.58007,0.57892,0.5796,5540
2025-09-30 16:00:00,0.57961,0.58074,0.57879,0.58009,9758
2025-09-30 20:00:00,0.5801,0.5802,0.5792,0.57935,4568
2025-10-01 00:00:00,0.57932,0.57991,0.57884,0.57908,3578
2025-10-01 04:00:00,0.57909,0.58022,0.57859,0.58022,4691
2025-10-01 08:00:00,0.58027,0.58207,0.57986,0.58153,8449
2025-10-01 12:00:00,0.58152,0.58283,0.58031,0.58252,8968
2025-10-01 16:00:00,0.58251,0.5831,0.58077,0.58136,11818
2025-10-01 20:00:00,0.58137,0.58202,0.58112,0.58156,4185
2025-10-02 00:00:00,0.58022,0.58213,0.57873,0.58151,3461
2025-10-02 04:00:00,0.58151,0.58354,0.58126,0.58296,4653
2025-10-02 08:00:00,0.58297,0.58427,0.58296,0.58391,6624
2025-10-02 12:00:00,0.58392,0.58401,0.58194,0.58218,5982
2025-10-02 16:00:00,0.58219,0.58262,0.58027,0.58186,10056
2025-10-02 20:00:00,0.58186,0.58217,0.58149,0.5816,3586
2025-10-03 00:00:00,0.58157,0.58218,0.58094,0.582,1965
2025-10-03 04:00:00,0.58201,0.58249,0.58136,0.58145,3314
2025-10-03 08:00:00,0.58146,0.58335,0.58135,0.58316,5384
2025-10-03 12:00:00,0.58315,0.58362,0.58254,0.58337,5007
2025-10-03 16:00:00,0.58338,0.58381,0.58243,0.58333,9484
2025-10-03 20:00:00,0.58333,0.58352,0.58258,0.58311,4570
2025-10-06 00:00:00,0.58103,0.58284,0.581,0.58282,4712
2025-10-06 04:00:00,0.58283,0.58399,0.58235,0.58303,3655
2025-10-06 08:00:00,0.58302,0.58395,0.58165,0.58206,7528
2025-10-06 12:00:00,0.58198,0.58312,0.58101,0.58311,6685
2025-10-06 16:00:00,0.58312,0.58416,0.58279,0.5839,6650
2025-10-06 20:00:00,0.58391,0.58448,0.58386,0.58418,1844
2025-10-07 00:00:00,0.5835,0.58421,0.58235,0.58297,3030
2025-10-07 04:00:00,0.58297,0.58381,0.58237,0.58264,3160
2025-10-07 08:00:00,0.58256,0.58269,0.58047,0.58075,5780
2025-10-07 12:00:00,0.58074,0.58132,0.5801,0.58078,5182
2025-10-07 16:00:00,0.58079,0.58162,0.58026,0.58046,8950
2025-10-07 20:00:00,0.58047,0.58087,0.57937,0.57979,3212
2025-10-08 00:00:00,0.57961,0.58013,0.57916,0.57921,2201
2025-10-08 04:00:00,0.57936,0.57942,0.57387,0.57437,6652
2025-10-08 08:00:00,0.57438,0.57663,0.57367,0.57566,6459
2025-10-08 12:00:00,0.57571,0.57811,0.57565,0.57788,5820
2025-10-08 16:00:00,0.57783,0.57871,0.57725,0.57768,7398
2025-10-08 20:00:00,0.57768,0.57865,0.57739,0.5786,4401
2025-10-09 00:00:00,0.57846,0.57933,0.57793,0.57911,2436
2025-10-09 04:00:00,0.57909,0.58062,0.57892,0.58036,3719
2025-10-09 08:00:00,0.58035,0.58058,0.57603,0.57677,6960
2025-10-09 12:00:00,0.5768,0.57863,0.57677,0.57813,6281
2025-10-09 16:00:00,0.57814,0.57868,0.57375,0.57405,11491
2025-10-09 20:00:00,0.57404,0.57475,0.57337,0.57453,4486
2025-10-10 00:00:00,0.5744,0.57531,0.57397,0.57527,2848
2025-10-10 04:00:00,0.57528,0.57577,0.575,0.57552,3313
2025-10-10 08:00:00,0.57553,0.57581,0.57396,0.5756,6576
2025-10-10 12:00:00,0.57562,0.57567,0.57471,0.57518,5596
2025-10-10 16:00:00,0.57519,0.57525,0.57197,0.57218,13937
2025-10-10 20:00:00,0.57216,0.57279,0.57144,0.57201,5351
2025-10-13 00:00:00,0.57302,0.57438,0.57121,0.57348,6880
2025-10-13 04:00:00,0.57361,0.5745,0.57315,0.57383,4644
2025-10-13 08:00:00,0.57387,0.57412,0.57245,0.57308,7342
2025-10-13 12:00:00,0.57309,0.57361,0.57186,0.57212,6587
2025-10-13 16:00:00,0.57211,0.57358,0.57188,0.57343,8813
2025-10-13 20:00:00,0.57342,0.57353,0.57252,0.57253,2366
2025-10-14 00:00:00,0.57252,0.5728,0.5714,0.57223,3201
2025-10-14 04:00:00,0.57224,0.57263,0.57026,0.57073,5845
2025-10-14 08:00:00,0.57075,0.57075,0.56845,0.56909,8833
2025-10-14 12:00:00,0.56908,0.56937,0.56823,0.56916,6841
2025-10-14 16:00:00,0.56914,0.57236,0.56909,0.57189,11896
2025-10-14 20:00:00,0.57187,0.57197,0.57077,0.57139,4313
2025-10-15 00:00:00,0.57138,0.57172,0.57055,0.57114,2812
2025-10-15 04:00:00,0.57113,0.57272,0.57101,0.57202,4629
2025-10-15 08:00:00,0.5721,0.57315,0.57147,0.57263,6052
2025-10-15 12:00:00,0.57262,0.57299,0.57157,0.57169,5932
2025-10-15 16:00:00,0.57167,0.57302,0.57135,0.57207,9396
2025-10-15 20:00:00,0.57208,0.57237,0.57055,0.57235,3975
2025-10-16 00:00:00,0.57237,0.57332,0.57113,0.57292,3775
2025-10-16 04:00:00,0.57293,0.57553,0.57286,0.57436,5495
2025-10-16 08:00:00,0.57435,0.57491,0.57337,0.57374,6764
2025-10-16 12:00:00,0.57373,0.57408,0.57311,0.57377,6343
2025-10-16 16:00:00,0.57376,0.57404,0.57226,0.57311,10839
2025-10-16 20:00:00,0.57313,0.57368,0.5718,0.57247,5514
2025-10-17 00:00:00,0.57207,0.57303,0.57188,0.57276,2479
2025-10-17 04:00:00,0.57275,0.57354,0.57157,0.57327,4661
2025-10-17 08:00:00,0.57328,0.57369,0.57125,0.572,9285
2025-10-17 12:00:00,0.57199,0.57428,0.57116,0.57166,9965
2025-10-17 16:00:00,0.57166,0.57265,0.57117,0.57226,12261
2025-10-17 20:00:00,0.57227,0.57384,0.57207,0.57244,3723
2025-10-20 00:00:00,0.57184,0.57368,0.57137,0.57363,3662
2025-10-20 04:00:00,0.57362,0.57429,0.57324,0.57354,3786
2025-10-20 08:00:00,0.57354,0.57425,0.57288,0.57382,5881
2025-10-20 12:00:00,0.57381,0.57392,0.57251,0.57325,6588
2025-10-20 16:00:00,0.57326,0.57527,0.57301,0.57482,8188
2025-10-20 20:00:00,0.57481,0.57504,0.57428,0.57432,2108
2025-10-21 00:00:00,0.57397,0.5752,0.57342,0.57504,2499
2025-10-21 04:00:00,0.57503,0.57505,0.57255,0.57294,4429
2025-10-21 08:00:00,0.57299,0.57302,0.57096,0.57154,7451
2025-10-21 12:00:00,0.57153,0.57294,0.57108,0.57293,7364
2025-10-21 16:00:00,0.57292,0.57496,0.57191,0.5742,10275
2025-10-21 20:00:00,0.57419,0.57466,0.57386,0.57405,2882
2025-10-22 00:00:00,0.57358,0.57467,0.57195,0.57409,2870
2025-10-22 04:00:00,0.57406,0.57517,0.57382,0.57517,3848
2025-10-22 08:00:00,0.57518,0.57607,0.57439,0.57468,7615
2025-10-22 12:00:00,0.57467,0.57498,0.57375,0.57422,7558
2025-10-22 16:00:00,0.5742,0.57518,0.57376,0.57478,10219
2025-10-22 20:00:00,0.5748,0.57482,0.57346,0.57387,4655
2025-10-23 00:00:00,0.57374,0.57418,0.57333,0.57402,2383
2025-10-23 04:00:00,0.57404,0.57422,0.57241,0.57302,3483
2025-10-23 08:00:00,0.57301,0.5751,0.57281,0.57448,5312
2025-10-23 12:00:00,0.5745,0.57499,0.57387,0.57442,5018
2025-10-23 16:00:00,0.57442,0.57537,0.57438,0.57472,7967
2025-10-23 20:00:00,0.57472,0.5755,0.57442,0.57521,3478
2025-10-24 00:00:00,0.57489,0.57587,0.57451,0.57561,1983
2025-10-24 04:00:00,0.5756,0.57573,0.57448,0.57476,3936
2025-10-24 08:00:00,0.57477,0.57565,0.57413,0.57433,5369
2025-10-24 12:00:00,0.57431,0.57703,0.57384,0.5758,6707
2025-10-24 16:00:00,0.57579,0.5762,0.5738,0.57461,9684
2025-10-24 20:00:00,0.57461,0.57505,0.57446,0.57461,2733
2025-10-27 00:00:00,0.577,0.57711,0.57536,0.57613,3972
2025-10-27 04:00:00,0.57612,0.577,0.5753,0.57563,4189
2025-10-27 08:00:00,0.57564,0.57706,0.57514,0.57591,4968
2025-10-27 12:00:00,0.57589,0.57678,0.57561,0.57636,6063
2025-10-27 16:00:00,0.57637,0.57683,0.57548,0.57652,6961
2025-10-27 20:00:00,0.57653,0.57737,0.57627,0.57708,3296
2025-10-28 00:00:00,0.57671,0.578,0.57591,0.57761,2612
2025-10-28 04:00:00,0.57758,0.5784,0.57707,0.57828,4320
2025-10-28 08:00:00,0.57831,0.57835,0.57621,0.5763,5126
2025-10-28 12:00:00,0.5763,0.57758,0.57618,0.57662,4909
2025-10-28 16:00:00,0.57663,0.57882,0.57586,0.5788,8194
2025-10-28 20:00:00,0.57881,0.57893,0.57789,0.57797,2389
2025-10-29 00:00:00,0.57783,0.57897,0.57712,0.57795,3796
2025-10-29 04:00:00,0.57796,0.57862,0.57718,0.57803,4158
2025-10-29 08:00:00,0.57802,0.57958,0.57746,0.57746,5257
2025-10-29 12:00:00,0.57745,0.57865,0.5773,0.57797,5535
2025-10-29 16:00:00,0.57798,0.58012,0.5779,0.57966,8311
2025-10-29 20:00:00,0.57964,0.57982,0.57487,0.57624,13361
2025-10-30 00:00:00,0.57572,0.57758,0.57571,0.57748,2687
2025-10-30 04:00:00,0.57747,0.57879,0.57672,0.57861,7705
2025-10-30 08:00:00,0.5786,0.57868,0.57666,0.57729,7227
2025-10-30 12:00:00,0.57728,0.57736,0.57299,0.57304,6973
2025-10-30 16:00:00,0.57302,0.57482,0.57258,0.5745,10752
2025-10-30 20:00:00,0.57449,0.57466,0.57363,0.57416,4733
2025-10-31 00:00:00,0.57404,0.57447,0.5736,0.57406,2252
2025-10-31 04:00:00,0.57405,0.57426,0.57274,0.5733,4643
2025-10-31 08:00:00,0.57329,0.5733,0.57139,0.57217,4541
2025-10-31 12:00:00,0.5721,0.57269,0.57145,0.57155,5495
2025-10-31 16:00:00,0.57153,0.57323,0.57136,0.57201,9840
2025-10-31 20:00:00,0.57199,0.57258,0.57151,0.57247,4044
2025-11-03 00:00:00,0.57115,0.57245,0.57115,0.57147,3638
2025-11-03 04:00:00,0.57146,0.57297,0.57136,0.57278,2889
2025-11-03 08:00:00,0.57279,0.57298,0.57157,0.57162,4712
2025-11-03 12:00:00,0.57158,0.57199,0.57076,0.57088,4569
2025-11-03 16:00:00,0.57089,0.57122,0.56922,0.57076,8130
2025-11-03 20:00:00,0.57077,0.57103,0.57042,0.57066,3176
2025-11-04 00:00:00,0.57037,0.57093,0.56852,0.56931,3703
2025-11-04 04:00:00,0.5693,0.56994,0.5679,0.56804,5580
2025-11-04 08:00:00,0.56807,0.56893,0.56607,0.56615,7099
2025-11-04 12:00:00,0.56614,0.56703,0.56573,0.56606,5696
2025-11-04 16:00:00,0.56606,0.56673,0.56547,0.56562,7477
2025-11-04 20:00:00,0.56561,0.56573,0.56345,0.56353,4453
2025-11-05 00:00:00,0.5648,0.5663,0.56302,0.56358,4683
2025-11-05 04:00:00,0.56359,0.56604,0.56358,0.56523,4600
2025-11-05 08:00:00,0.56524,0.56586,0.56465,0.56474,4744
2025-11-05 12:00:00,0.56475,0.56496,0.56384,0.56434,5506
2025-11-05 16:00:00,0.56433,0.56635,0.56393,0.56596,8929
2025-11-05 20:00:00,0.56595,0.56653,0.56589,0.56625,2970
2025-11-06 00:00:00,0.56547,0.56663,0.56547,0.56652,2504
2025-11-06 04:00:00,0.56651,0.56685,0.56585,0.56592,2836
2025-11-06 08:00:00,0.56587,0.56661,0.56506,0.566,4988
2025-11-06 12:00:00,0.56601,0.56701,0.56561,0.56611,5702
2025-11-06 16:00:00,0.5661,0.56613,0.56257,0.56341,11289
2025-11-06 20:00:00,0.56342,0.56433,0.56293,0.56339,5100
2025-11-07 00:00:00,0.56319,0.56403,0.56251,0.56288,2899
2025-11-07 04:00:00,0.5629,0.56315,0.56146,0.56185,4199
2025-11-07 08:00:00,0.56186,0.56219,0.5606,0.56161,5277
2025-11-07 12:00:00,0.56159,0.56282,0.5612,0.56216,6310
2025-11-07 16:00:00,0.56216,0.56244,0.5609,0.56223,10712
2025-11-07 20:00:00,0.56223,0.56325,0.56208,0.56261,4766
2025-11-10 00:00:00,0.56187,0.56324,0.56186,0.56287,6236
2025-11-10 04:00:00,0.56288,0.56382,0.56245,0.56362,5240
2025-11-10 08:00:00,0.56361,0.56502,0.56295,0.56497,6141
2025-11-10 12:00:00,0.56496,0.56496,0.56377,0.56401,4236
2025-11-10 16:00:00,0.56399,0.56467,0.5627,0.56452,7144
2025-11-10 20:00:00,0.56453,0.56483,0.56435,0.56442,3339
2025-11-11 00:00:00,0.56415,0.5647,0.56366,0.56392,2818
2025-11-11 04:00:00,0.56393,0.56471,0.56338,0.5634,3229
2025-11-11 08:00:00,0.56341,0.56464,0.5631,0.56429,5162
2025-11-11 12:00:00,0.56428,0.56655,0.56408,0.56642,5309
2025-11-11 16:00:00,0.56643,0.56688,0.56507,0.56592,7063
2025-11-11 20:00:00,0.56593,0.56625,0.56529,0.56537,3393
2025-11-12 00:00:00,0.56412,0.5657,0.56412,0.56558,2842
2025-11-12 04:00:00,0.56557,0.56602,0.56452,0.5653,3448
2025-11-12 08:00:00,0.56529,0.56593,0.56524,0.56547,5216
2025-11-12 12:00:00,0.56546,0.56662,0.56535,0.56595,4916
2025-11-12 16:00:00,0.56594,0.56653,0.56558,0.56635,7899
2025-11-12 20:00:00,0.56632,0.56705,0.5663,0.56645,4071
2025-11-13 00:00:00,0.56588,0.56664,0.56469,0.56567,5169
2025-11-13 04:00:00,0.56569,0.56609,0.56439,0.5645,4335
2025-11-13 08:00:00,0.56449,0.56824,0.56342,0.56752,6601
2025-11-13 12:00:00,0.56749,0.56758,0.56585,0.56642,6800
2025-11-13 16:00:00,0.56645,0.56776,0.56601,0.56721,11776
2025-11-13 20:00:00,0.56719,0.56735,0.56517,0.56535,5378
2025-11-14 00:00:00,0.56461,0.56773,0.56454,0.56758,4325
2025-11-14 04:00:00,0.56759,0.56912,0.56729,0.56875,5021
2025-11-14 08:00:00,0.56876,0.56884,0.56679,0.56754,7862
2025-11-14 12:00:00,0.56752,0.56881,0.5669,0.56804,8308
2025-11-14 16:00:00,0.56803,0.56906,0.56775,0.56823,11541
2025-11-14 20:00:00,0.56822,0.56826,0.5675,0.5679,4080
2025-11-17 00:00:00,0.56719,0.568,0.56604,0.56633,4245
2025-11-17 04:00:00,0.56634,0.5672,0.56576,0.56708,3265
2025-11-17 08:00:00,0.56711,0.56886,0.56669,0.56698,5415
2025-11-17 12:00:00,0.56696,0.56732,0.56598,0.56633,6385
2025-11-17 16:00:00,0.5663,0.56749,0.56588,0.56688,9642
2025-11-17 20:00:00,0.56687,0.56692,0.56485,0.56563,5783
2025-11-18 00:00:00,0.5656,0.56603,0.56487,0.5657,3378
2025-11-18 04:00:00,0.56569,0.56582,0.56379,0.56531,5759
2025-11-18 08:00:00,0.56531,0.56691,0.56485,0.56654,6639
2025-11-18 12:00:00,0.56652,0.56749,0.56596,0.56693,6566
2025-11-18 16:00:00,0.56692,0.56697,0.56468,0.56618,12723
2025-11-18 20:00:00,0.56619,0.56683,0.56548,0.56564,5165
2025-11-19 00:00:00,0.56577,0.56615,0.5636,0.5638,4162
2025-11-19 04:00:00,0.56381,0.56423,0.56278,0.56349,5336
2025-11-19 08:00:00,0.5635,0.56433,0.56271,0.56332,6212
2025-11-19 12:00:00,0.56333,0.56342,0.56212,0.56229,6344
2025-11-19 16:00:00,0.56228,0.56243,0.55896,0.55946,11351
2025-11-19 20:00:00,0.55947,0.56055,0.55903,0.56023,5855
2025-11-20 00:00:00,0.56013,0.56145,0.5597,0.56038,4151
2025-11-20 04:00:00,0.56037,0.56125,0.55949,0.56038,5027
2025-11-20 08:00:00,0.56035,0.56152,0.56027,0.56152,6723
2025-11-20 12:00:00,0.56153,0.56326,0.55982,0.56258,8770
2025-11-20 16:00:00,0.56259,0.56385,0.55891,0.55929,16433
2025-11-20 20:00:00,0.5593,0.56016,0.55822,0.55822,8653
2025-11-21 00:00:00,0.55837,0.55972,0.55776,0.55946,4939
2025-11-21 04:00:00,0.5595,0.56017,0.55898,0.55958,4255
2025-11-21 08:00:00,0.55959,0.5607,0.55915,0.55943,8469
2025-11-21 12:00:00,0.55941,0.56072,0.55824,0.56051,11004
2025-11-21 16:00:00,0.5605,0.56124,0.5587,0.56083,14573
2025-11-21 20:00:00,0.56084,0.56154,0.56012,0.56106,6477
2025-11-24 00:00:00,0.56053,0.56142,0.56027,0.56064,3537
2025-11-24 04:00:00,0.56063,0.56143,0.56045,0.56053,3747
2025-11-24 08:00:00,0.5605,0.56139,0.55951,0.55992,6280
2025-11-24 12:00:00,0.55991,0.56144,0.55984,0.56078,5602
2025-11-24 16:00:00,0.56076,0.56123,0.55977,0.56082,7881
2025-11-24 20:00:00,0.56084,0.56135,0.56076,0.56103,3291
2025-11-25 00:00:00,0.56091,0.56214,0.56047,0.56139,3310
2025-11-25 04:00:00,0.5614,0.56145,0.55978,0.56037,4019
2025-11-25 08:00:00,0.56036,0.56083,0.55922,0.56071,5564
2025-11-25 12:00:00,0.5607,0.56146,0.55911,0.5607,7933
2025-11-25 16:00:00,0.56069,0.56283,0.55945,0.5623,12046
2025-11-25 20:00:00,0.56232,0.56263,0.56164,0.56197,5231
2025-11-26 00:00:00,0.5611,0.56818,0.5611,0.56682,6718
2025-11-26 04:00:00,0.56681,0.56965,0.56661,0.56906,7270
2025-11-26 08:00:00,0.56905,0.56943,0.56686,0.56761,7145
2025-11-26 12:00:00,0.5676,0.56828,0.56627,0.56706,9417
2025-11-26 16:00:00,0.56705,0.56938,0.56664,0.56928,9129
2025-11-26 20:00:00,0.56927,0.57011,0.56915,0.56987,4227
2025-11-27 00:00:00,0.56978,0.57206,0.56885,0.57205,4135
2025-11-27 04:00:00,0.57206,0.57318,0.5719,0.57246,4597
2025-11-27 08:00:00,0.57245,0.57257,0.57116,0.57151,5662
2025-11-27 12:00:00,0.57154,0.57199,0.57085,0.57184,4185
2025-11-27 16:00:00,0.57183,0.57297,0.57153,0.57232,3468
2025-11-27 20:00:00,0.57233,0.57267,0.57204,0.57267,1065
2025-11-28 00:00:00,0.57204,0.57314,0.57137,0.57235,3797
2025-11-28 04:00:00,0.57236,0.57254,0.57155,0.57181,19642
2025-11-28 08:00:00,0.57183,0.57204,0.5707,0.57092,22211
2025-11-28 12:00:00,0.57086,0.57208,0.57038,0.57201,23520
2025-11-28 16:00:00,0.57203,0.57436,0.57172,0.57384,9714
2025-11-28 20:00:00,0.57379,0.57388,0.5728,0.57335,10957
2025-12-01 00:00:00,0.57231,0.57443,0.57229,0.57382,5343
2025-12-01 04:00:00,0.57382,0.57383,0.57253,0.57286,4103
2025-12-01 08:00:00,0.57286,0.57403,0.57258,0.57377,6369
2025-12-01 12:00:00,0.57378,0.57514,0.5728,0.57444,5997
2025-12-01 16:00:00,0.57445,0.5745,0.57333,0.57364,7595
2025-12-01 20:00:00,0.57365,0.57379,0.57246,0.57279,2901
2025-12-02 00:00:00,0.57224,0.57288,0.57181,0.57263,2259
2025-12-02 04:00:00,0.5726,0.57289,0.57218,0.57281,2235
2025-12-02 08:00:00,0.5728,0.57323,0.57161,0.57186,3082
2025-12-02 12:00:00,0.57131,0.57304,0.57108,0.57304,4096
2025-12-02 16:00:00,0.57314,0.57446,0.57232,0.57271,8047
2025-12-02 20:00:00,0.57268,0.57372,0.57246,0.57367,3362
2025-12-03 00:00:00,0.57338,0.57468,0.57335,0.5746,2875
2025-12-03 04:00:00,0.57461,0.57554,0.57458,0.5754,2578
2025-12-03 08:00:00,0.57541,0.5755,0.57393,0.57416,5771
2025-12-03 12:00:00,0.57416,0.57563,0.57415,0.5747,5710
2025-12-03 16:00:00,0.5747,0.57727,0.57345,0.57716,9485
2025-12-03 20:00:00,0.57717,0.57774,0.57712,0.57738,2059
2025-12-04 00:00:00,0.57702,0.57761,0.57658,0.57679,2589
2025-12-04 04:00:00,0.57676,0.5774,0.5761,0.57712,3136
2025-12-04 08:00:00,0.57713,0.57784,0.57651,0.57731,5519
2025-12-04 12:00:00,0.5773,0.57747,0.57613,0.57645,6501
2025-12-04 16:00:00,0.57646,0.57786,0.5762,0.57726,7845
2025-12-04 20:00:00,0.57724,0.57752,0.57609,0.57609,2810
2025-12-05 00:00:00,0.57594,0.57695,0.57565,0.5768,5092
2025-12-05 04:00:00,0.57681,0.57716,0.57617,0.57696,2872
2025-12-05 08:00:00,0.57697,0.57805,0.57689,0.57746,5570
2025-12-05 12:00:00,0.57747,0.57829,0.57672,0.578,5181
2025-12-05 16:00:00,0.57798,0.57869,0.5763,0.57753,10084
2025-12-05 20:00:00,0.57755,0.57775,0.57708,0.5774,2969
2025-12-08 00:00:00,0.57702,0.57912,0.57612,0.57886,5104
2025-12-08 04:00:00,0.57885,0.5791,0.57812,0.57856,2759
2025-12-08 08:00:00,0.57857,0.579,0.5774,0.57839,5700
2025-12-08 12:00:00,0.57837,0.57923,0.57744,0.57832,5889
2025-12-08 16:00:00,0.57835,0.57881,0.57584,0.57771,9873
2025-12-08 20:00:00,0.57772,0.57796,0.57699,0.57751,3245
2025-12-09 00:00:00,0.57741,0.57774,0.57671,0.5775,3103
2025-12-09 04:00:00,0.57752,0.57922,0.57726,0.57876,5861
2025-12-09 08:00:00,0.57875,0.57944,0.57771,0.57929,6162
2025-12-09 12:00:00,0.57928,0.57932,0.57799,0.57853,6543
2025-12-09 16:00:00,0.57852,0.57946,0.57731,0.57782,11584
2025-12-09 20:00:00,0.5778,0.57818,0.57751,0.57791,4131
2025-12-10 00:00:00,0.57747,0.57822,0.57662,0.57666,3500
2025-12-10 04:00:00,0.57664,0.57763,0.5761,0.57758,4057
2025-12-10 08:00:00,0.57755,0.57889,0.57752,0.57862,5431
2025-12-10 12:00:00,0.57861,0.57892,0.57744,0.57819,6277
2025-12-10 16:00:00,0.57818,0.57894,0.5775,0.57872,9654
2025-12-10 20:00:00,0.57871,0.58246,0.57755,0.5816,13834
2025-12-11 00:00:00,0.58128,0.58203,0.58078,0.58166,5069
2025-12-11 04:00:00,0.58167,0.58204,0.57915,0.57943,6339
2025-12-11 08:00:00,0.57943,0.58064,0.57878,0.58051,7054
2025-12-11 12:00:00,0.58052,0.58265,0.58017,0.58222,7867
2025-12-11 16:00:00,0.58221,0.58311,0.58107,0.58177,12157
2025-12-11 20:00:00,0.58175,0.58207,0.58049,0.58086,5314
2025-12-12 00:00:00,0.58066,0.58203,0.58031,0.58123,4434
2025-12-12 04:00:00,0.58122,0.58157,0.58073,0.58134,3702
2025-12-12 08:00:00,0.58135,0.58194,0.58074,0.58149,6482
2025-12-12 12:00:00,0.58148,0.58153,0.58045,0.58085,6250
2025-12-12 16:00:00,0.58084,0.58154,0.57875,0.58036,13857
2025-12-12 20:00:00,0.58037,0.58078,0.57989,0.58017,6389
2025-12-15 00:00:00,0.57949,0.58083,0.57861,0.58078,4913
2025-12-15 04:00:00,0.58075,0.58078,0.57651,0.57808,7121
2025-12-15 08:00:00,0.57807,0.57879,0.57765,0.57859,6744
2025-12-15 12:00:00,0.57855,0.57987,0.57801,0.57914,5964
2025-12-15 16:00:00,0.5791,0.58027,0.57863,0.57875,12772
2025-12-15 20:00:00,0.57876,0.57905,0.57816,0.57819,5019
2025-12-16 00:00:00,0.57751,0.57888,0.5758,0.57647,5347
2025-12-16 04:00:00,0.57648,0.57816,0.57631,0.57771,5968
2025-12-16 08:00:00,0.5777,0.57913,0.57751,0.57833,5893
2025-12-16 12:00:00,0.57832,0.58067,0.57788,0.5792,8808
2025-12-16 16:00:00,0.57914,0.58058,0.5785,0.5789,14923
2025-12-16 20:00:00,0.57889,0.5792,0.5772,0.57835,7533
2025-12-17 00:00:00,0.578,0.57884,0.57759,0.57879,4320
2025-12-17 04:00:00,0.57882,0.57883,0.5771,0.57753,6591
2025-12-17 08:00:00,0.57754,0.57786,0.5767,0.57705,7778
2025-12-17 12:00:00,0.57704,0.57802,0.5769,0.5779,6580
2025-12-17 16:00:00,0.57791,0.57941,0.57734,0.57769,13327
2025-12-17 20:00:00,0.57768,0.57832,0.57717,0.5775,6442
2025-12-18 00:00:00,0.57726,0.57751,0.57604,0.57643,4356
2025-12-18 04:00:00,0.5765,0.57703,0.57544,0.5764,5148
2025-12-18 08:00:00,0.57641,0.5768,0.57581,0.57631,6176
2025-12-18 12:00:00,0.5763,0.57868,0.57606,0.57795,9062
2025-12-18 16:00:00,0.57793,0.57875,0.57662,0.57728,15307
2025-12-18 20:00:00,0.57729,0.57768,0.57697,0.5775,6160
2025-12-19 00:00:00,0.57706,0.57832,0.57669,0.57723,4407
2025-12-19 04:00:00,0.57721,0.57753,0.5758,0.57583,5522
2025-12-19 08:00:00,0.57579,0.57634,0.57445,0.57486,7568
2025-12-19 12:00:00,0.57487,0.57506,0.57358,0.57451,6718
2025-12-19 16:00:00,0.57451,0.57609,0.57444,0.57593,10079
2025-12-19 20:00:00,0.57592,0.57656,0.5754,0.57542,4839
2025-12-22 00:00:00,0.57481,0.57691,0.57412,0.57629,8966
2025-12-22 04:00:00,0.57628,0.5771,0.57624,0.57684,4090
2025-12-22 08:00:00,0.57684,0.57848,0.57661,0.57825,5212
2025-12-22 12:00:00,0.57824,0.57923,0.5782,0.57884,5929
2025-12-22 16:00:00,0.57887,0.58012,0.5785,0.57971,9032
2025-12-22 20:00:00,0.57969,0.57984,0.57915,0.57946,4189
2025-12-23 00:00:00,0.57881,0.58095,0.57872,0.58069,3634
2025-12-23 04:00:00,0.58071,0.58167,0.58068,0.5812,5586
2025-12-23 08:00:00,0.58121,0.58379,0.58075,0.58379,7968
2025-12-23 12:00:00,0.5838,0.5843,0.58277,0.58284,8071
2025-12-23 16:00:00,0.58281,0.58337,0.58195,0.58293,10580
2025-12-23 20:00:00,0.58292,0.58423,0.5828,0.5842,4071
2025-12-24 00:00:00,0.58372,0.58488,0.58333,0.58487,3900
2025-12-24 04:00:00,0.58488,0.5853,0.58389,0.58443,4258
2025-12-24 08:00:00,0.58437,0.58478,0.58382,0.58461,5357
2025-12-24 12:00:00,0.5846,0.58466,0.58333,0.58367,5304
2025-12-24 16:00:00,0.58363,0.58424,0.58321,0.58336,7617
2025-12-24 20:00:00,0.58334,0.58366,0.58305,0.58332,4554
2025-12-26 00:00:00,0.58369,0.58416,0.58286,0.58347,4014
2025-12-26 04:00:00,0.58348,0.58404,0.5829,0.58346,4420
2025-12-26 08:00:00,0.58347,0.58365,0.58186,0.58188,6955
2025-12-26 12:00:00,0.58189,0.58334,0.58177,0.58319,6448
2025-12-26 16:00:00,0.58322,0.58423,0.5824,0.58295,9852
2025-12-26 20:00:00,0.58297,0.58331,0.58261,0.58267,4180
2025-12-29 00:00:00,0.58211,0.58329,0.58211,0.58292,5423
2025-12-29 04:00:00,0.58288,0.58335,0.58192,0.58192,5442
2025-12-29 08:00:00,0.5819,0.5825,0.58027,0.58073,8861
2025-12-29 12:00:00,0.58072,0.58108,0.57897,0.5798,8424
2025-12-29 16:00:00,0.57979,0.58106,0.57924,0.58026,12526
2025-12-29 20:00:00,0.58027,0.58071,0.5798,0.58037,4636
2025-12-30 00:00:00,0.57948,0.58095,0.57921,0.58085,3595
2025-12-30 04:00:00,0.58086,0.58178,0.58028,0.58161,4234
2025-12-30 08:00:00,0.58162,0.58192,0.58064,0.58069,6374
2025-12-30 12:00:00,0.58068,0.58117,0.57939,0.57971,6359
2025-12-30 16:00:00,0.57972,0.58065,0.57899,0.58024,8962
2025-12-30 20:00:00,0.58028,0.58048,0.57883,0.57922,4177
2025-12-31 00:00:00,0.579,0.5792,0.57805,0.57805,3447
2025-12-31 04:00:00,0.57803,0.57835,0.577,0.57721,4690
2025-12-31 08:00:00,0.5772,0.57741,0.57636,0.57659,6461
2025-12-31 12:00:00,0.57659,0.57733,0.57598,0.5768,7521
2025-12-31 16:00:00,0.57681,0.57685,0.57398,0.57544,11527
2025-12-31 20:00:00,0.57543,0.57578,0.57502,0.57549,4877
2026-01-02 00:00:00,0.57579,0.57701,0.57513,0.57672,3656
2026-01-02 04:00:00,0.57671,0.57705,0.57574,0.57586,4610
2026-01-02 08:00:00,0.57585,0.57722,0.57554,0.57694,7466
2026-01-02 12:00:00,0.57695,0.57737,0.5764,0.57654,6529
2026-01-02 16:00:00,0.57656,0.57778,0.57635,0.57671,11370
2026-01-02 20:00:00,0.5767,0.57706,0.57586,0.57695,5619
2026-01-05 00:00:00,0.57595,0.5769,0.57393,0.57562,8040
2026-01-05 04:00:00,0.57563,0.57626,0.57422,0.57544,7897
2026-01-05 08:00:00,0.57545,0.57585,0.57451,0.57495,9019
2026-01-05 12:00:00,0.57495,0.57638,0.57415,0.57561,9924
2026-01-05 16:00:00,0.57565,0.57907,0.57553,0.57863,14186
2026-01-05 20:00:00,0.57861,0.57919,0.57854,0.57877,5072
2026-01-06 00:00:00,0.57828,0.57967,0.57789,0.57943,5642
2026-01-06 04:00:00,0.57942,0.5806,0.57924,0.57993,7295
2026-01-06 08:00:00,0.57994,0.58103,0.57891,0.57912,9246
2026-01-06 12:00:00,0.57911,0.57952,0.57812,0.57901,8244
2026-01-06 16:00:00,0.57902,0.57976,0.57685,0.5783,11714
2026-01-06 20:00:00,0.57829,0.57868,0.57779,0.57832,4671
2026-01-07 00:00:00,0.57746,0.57923,0.57731,0.57871,8401
2026-01-07 04:00:00,0.57867,0.57917,0.57784,0.57808,7096
2026-01-07 08:00:00,0.57808,0.57881,0.57738,0.57871,7709
2026-01-07 12:00:00,0.5787,0.5793,0.57819,0.57918,7802
2026-01-07 16:00:00,0.57916,0.5793,0.57741,0.57807,11139
2026-01-07 20:00:00,0.57806,0.57848,0.57694,0.57723,4898
2026-01-08 00:00:00,0.57695,0.57756,0.57655,0.57696,4397
2026-01-08 04:00:00,0.57699,0.57708,0.57601,0.57624,6807
2026-01-08 08:00:00,0.57622,0.57623,0.57403,0.57445,8824
2026-01-08 12:00:00,0.57446,0.57516,0.5742,0.57451,7475
2026-01-08 16:00:00,0.5745,0.57547,0.57372,0.57491,11838
2026-01-08 20:00:00,0.5749,0.57533,0.57424,0.57518,4790
2026-01-09 00:00:00,0.57489,0.57531,0.57382,0.5743,5248
2026-01-09 04:00:00,0.57432,0.57464,0.57392,0.57405,6202
2026-01-09 08:00:00,0.57406,0.57429,0.57269,0.57281,7847
2026-01-09 12:00:00,0.57282,0.57454,0.57158,0.57351,10017
2026-01-09 16:00:00,0.57353,0.57403,0.57108,0.57266,16104
2026-01-09 20:00:00,0.57265,0.57338,0.57259,0.57297,3423
2026-01-12 00:00:00,0.57225,0.57499,0.57219,0.57448,7238
2026-01-12 04:00:00,0.57447,0.57492,0.57397,0.57488,6076
2026-01-12 08:00:00,0.57487,0.57599,0.57461,0.57548,8011
2026-01-12 12:00:00,0.57547,0.57687,0.57514,0.57658,7730
2026-01-12 16:00:00,0.57658,0.57679,0.57557,0.57673,9949
2026-01-12 20:00:00,0.57672,0.57745,0.57635,0.57713,3215
2026-01-13 00:00:00,0.57708,0.57792,0.57681,0.57754,4889
2026-01-13 04:00:00,0.57753,0.57804,0.57744,0.57767,5945
2026-01-13 08:00:00,0.57768,0.57773,0.57638,0.57701,7579
2026-01-13 12:00:00,0.57702,0.57817,0.57539,0.57652,9414
2026-01-13 16:00:00,0.5765,0.57701,0.57348,0.57404,14859
2026-01-13 20:00:00,0.57403,0.57424,0.57356,0.57361,5774
2026-01-14 00:00:00,0.57368,0.57428,0.573,0.57337,4866
2026-01-14 04:00:00,0.57339,0.5748,0.57334,0.57423,6451
2026-01-14 08:00:00,0.57424,0.57508,0.57406,0.57474,6655
2026-01-14 12:00:00,0.57474,0.5748,0.57367,0.57421,6820
2026-01-14 16:00:00,0.57419,0.57558,0.57403,0.57413,12049
2026-01-14 20:00:00,0.57412,0.57497,0.57406,0.57452,5679
2026-01-15 00:00:00,0.57484,0.57519,0.57352,0.57385,6226
2026-01-15 04:00:00,0.57385,0.57393,0.5731,0.57337,5404
2026-01-15 08:00:00,0.57336,0.57522,0.57336,0.57494,6241
2026-01-15 12:00:00,0.57494,0.57521,0.57272,0.57296,6463
2026-01-15 16:00:00,0.57296,0.57471,0.57252,0.57435,9990
2026-01-15 20:00:00,0.57436,0.57471,0.57361,0.57425,4951
2026-01-16 00:00:00,0.57418,0.57503,0.57372,0.57468,4501
2026-01-16 04:00:00,0.57467,0.57582,0.57449,0.57543,4638
2026-01-16 08:00:00,0.57543,0.57634,0.57513,0.57591,4869
2026-01-16 12:00:00,0.57592,0.57671,0.57543,0.57563,6322
2026-01-16 16:00:00,0.57562,0.57599,0.57415,0.57495,10537
2026-01-16 20:00:00,0.57493,0.57553,0.57473,0.57509,4588
2026-01-19 00:00:00,0.57407,0.57727,0.57388,0.57644,9541
2026-01-19 04:00:00,0.57649,0.57794,0.57593,0.57738,6740
2026-01-19 08:00:00,0.57737,0.57793,0.57688,0.5776,8578
2026-01-19 12:00:00,0.5776,0.57892,0.57759,0.57848,5642
2026-01-19 16:00:00,0.57848,0.57967,0.57789,0.57951,6047
2026-01-19 20:00:00,0.57952,0.58024,0.57889,0.57993,2063
2026-01-20 00:00:00,0.5795,0.5806,0.57885,0.58052,4117
2026-01-20 04:00:00,0.58056,0.58353,0.58036,0.58318,5524
2026-01-20 08:00:00,0.58316,0.58435,0.58248,0.58372,10147
2026-01-20 12:00:00,0.58372,0.58429,0.58287,0.58328,10530
2026-01-20 16:00:00,0.58327,0.58511,0.58293,0.58412,13698
2026-01-20 20:00:00,0.58411,0.58433,0.5827,0.58314,5225
2026-01-21 00:00:00,0.58271,0.58358,0.58206,0.58343,5099
2026-01-21 04:00:00,0.58342,0.58387,0.58273,0.58371,4935
2026-01-21 08:00:00,0.58372,0.58532,0.58355,0.58427,6199
2026-01-21 12:00:00,0.58426,0.58646,0.58405,0.58621,7431
2026-01-21 16:00:00,0.58621,0.5866,0.5839,0.58441,16218
2026-01-21 20:00:00,0.58442,0.58477,0.58383,0.58443,9238
2026-01-22 00:00:00,0.58396,0.58525,0.58349,0.58513,5450
2026-01-22 04:00:00,0.58515,0.58626,0.58486,0.58581,5068
2026-01-22 08:00:00,0.58581,0.58699,0.58537,0.58656,6006
2026-01-22 12:00:00,0.58655,0.58883,0.58619,0.58871,7712
2026-01-22 16:00:00,0.58872,0.59076,0.58834,0.59067,10656
2026-01-22 20:00:00,0.59065,0.59274,0.59039,0.59232,4387
2026-01-23 00:00:00,0.59229,0.59241,0.591,0.59172,4819
2026-01-23 04:00:00,0.59171,0.59208,0.59058,0.59102,5723
2026-01-23 08:00:00,0.59101,0.59124,0.58961,0.58973,9069
2026-01-23 12:00:00,0.58972,0.59157,0.58913,0.59022,7005
2026-01-23 16:00:00,0.59022,0.59412,0.59008,0.59342,11526
2026-01-23 20:00:00,0.59341,0.5951,0.59255,0.59488,8037
2026-01-26 00:00:00,0.59433,0.5975,0.59428,0.59606,10896
2026-01-26 04:00:00,0.59605,0.59718,0.59558,0.59604,8297
2026-01-26 08:00:00,0.59603,0.59737,0.59516,0.59702,9691
2026-01-26 12:00:00,0.59706,0.59749,0.5954,0.59642,8873
2026-01-26 16:00:00,0.59641,0.59989,0.59634,0.59904,11535
2026-01-26 20:00:00,0.59905,0.59964,0.59713,0.59728,6725
2026-01-27 00:00:00,0.59676,0.59721,0.59583,0.59677,4769
2026-01-27 04:00:00,0.59675,0.59787,0.59606,0.59668,5949
2026-01-27 08:00:00,0.59669,0.59742,0.59548,0.59732,7272
2026-01-27 12:00:00,0.59728,0.59962,0.59642,0.59907,10462
2026-01-27 16:00:00,0.5991,0.60222,0.59887,0.60163,14997
2026-01-27 20:00:00,0.60163,0.60505,0.60122,0.60477,11577
2026-01-28 00:00:00,0.6042,0.60427,0.60108,0.60119,8857
2026-01-28 04:00:00,0.60118,0.60261,0.60075,0.60261,7629
2026-01-28 08:00:00,0.60263,0.60444,0.60212,0.6031,11691
2026-01-28 12:00:00,0.60311,0.60418,0.60222,0.60282,10248
2026-01-28 16:00:00,0.60282,0.60407,0.60155,0.60336,17359
2026-01-28 20:00:00,0.60334,0.60599,0.60146,0.60599,12616
2026-01-29 00:00:00,0.60484,0.60701,0.6044,0.60494,9182
2026-01-29 04:00:00,0.60495,0.60923,0.60441,0.60873,9642
2026-01-29 08:00:00,0.60872,0.60887,0.60614,0.60662,10622
2026-01-29 12:00:00,0.60663,0.60819,0.60485,0.60763,10959
2026-01-29 16:00:00,0.60764,0.60891,0.60224,0.60597,29272
2026-01-29 20:00:00,0.60596,0.60823,0.6057,0.60788,12147
2026-01-30 00:00:00,0.60706,0.60802,0.6048,0.6049,10407
2026-01-30 04:00:00,0.60491,0.60553,0.60312,0.60478,12335
2026-01-30 08:00:00,0.60477,0.60607,0.6031,0.60361,13530
2026-01-30 12:00:00,0.60358,0.60788,0.60355,0.60535,15519
2026-01-30 16:00:00,0.60538,0.60778,0.60291,0.60328,23523
2026-01-30 20:00:00,0.60326,0.60416,0.60097,0.60188,16223
2026-02-02 00:00:00,0.60088,0.60334,0.59929,0.60277,16449
2026-02-02 04:00:00,0.60278,0.60313,0.59962,0.60036,15822
2026-02-02 08:00:00,0.60041,0.6024,0.59902,0.60232,16700
2026-02-02 12:00:00,0.60228,0.6026,0.59991,0.60039,15137
2026-02-02 16:00:00,0.60036,0.60153,0.59905,0.60041,21874
2026-02-02 20:00:00,0.60041,0.60064,0.59924,0.60011,8006
2026-02-03 00:00:00,0.59964,0.60231,0.5991,0.60202,4937
2026-02-03 04:00:00,0.60201,0.60423,0.60059,0.60334,9253
2026-02-03 08:00:00,0.60336,0.60577,0.60317,0.60337,11147
2026-02-03 12:00:00,0.6034,0.60437,0.60266,0.60407,10432
2026-02-03 16:00:00,0.60408,0.60542,0.60192,0.60433,18881
2026-02-03 20:00:00,0.60431,0.6063,0.60338,0.6045,11716
2026-02-04 00:00:00,0.60411,0.60503,0.60326,0.60415,5652
2026-02-04 04:00:00,0.60415,0.6046,0.60268,0.60391,6382
2026-02-04 08:00:00,0.60401,0.60472,0.60198,0.60238,8189
2026-02-04 12:00:00,0.60237,0.60343,0.60118,0.60294,10212
2026-02-04 16:00:00,0.60294,0.60299,0.59874,0.59912,23076
2026-02-04 20:00:00,0.59913,0.60071,0.59877,0.60003,10367
2026-02-05 00:00:00,0.6003,0.60093,0.59961,0.59992,5067
2026-02-05 04:00:00,0.59993,0.59997,0.59765,0.59866,10966
2026-02-05 08:00:00,0.59867,0.59974,0.59806,0.59807,11026
2026-02-05 12:00:00,0.59807,0.60023,0.598,0.59977,13724
2026-02-05 16:00:00,0.59975,0.60011,0.59686,0.59849,22875
2026-02-05 20:00:00,0.5985,0.59871,0.59476,0.59494,9763
2026-02-06 00:00:00,0.59475,0.59582,0.5928,0.59547,7953
2026-02-06 04:00:00,0.59551,0.59773,0.59547,0.59773,7984
2026-02-06 08:00:00,0.59772,0.59893,0.59716,0.59866,8215
2026-02-06 12:00:00,0.59863,0.60022,0.5982,0.60021,8655
2026-02-06 16:00:00,0.60021,0.60262,0.60007,0.60233,14038
2026-02-06 20:00:00,0.60232,0.60269,0.60157,0.6017,4528
2026-02-09 00:00:00,0.60189,0.60336,0.60065,0.60151,8087
2026-02-09 04:00:00,0.6015,0.60218,0.60111,0.6019,5213
2026-02-09 08:00:00,0.60188,0.60268,0.60082,0.60108,9608
2026-02-09 12:00:00,0.60109,0.60423,0.59969,0.60368,10251
2026-02-09 16:00:00,0.60369,0.60565,0.6036,0.60498,13222
2026-02-09 20:00:00,0.60498,0.60596,0.6045,0.60559,5627
2026-02-10 00:00:00,0.60494,0.60558,0.60324,0.60491,4786
2026-02-10 04:00:00,0.60492,0.6052,0.60356,0.60385,5155
2026-02-10 08:00:00,0.60384,0.60498,0.60331,0.60451,6114
2026-02-10 12:00:00,0.6045,0.60538,0.60376,0.60485,7914
2026-02-10 16:00:00,0.60489,0.60611,0.60418,0.60437,13858
2026-02-10 20:00:00,0.60438,0.60509,0.60388,0.60436,5283
2026-02-11 00:00:00,0.60345,0.60511,0.60304,0.60486,3496
2026-02-11 04:00:00,0.60487,0.60655,0.6048,0.60613,5967
2026-02-11 08:00:00,0.60614,0.60665,0.60526,0.60642,6562
2026-02-11 12:00:00,0.60641,0.60732,0.60235,0.60519,12043
2026-02-11 16:00:00,0.60518,0.60648,0.60316,0.60586,22489
2026-02-11 20:00:00,0.60585,0.6064,0.60465,0.60489,7558
2026-02-12 00:00:00,0.60409,0.60589,0.60387,0.60588,4428
2026-02-12 04:00:00,0.60585,0.60612,0.6043,0.60484,5433
2026-02-12 08:00:00,0.60486,0.60714,0.60389,0.60712,7132
2026-02-12 12:00:00,0.60713,0.60758,0.60594,0.60737,7421
2026-02-12 16:00:00,0.60737,0.60752,0.60329,0.60334,21761
2026-02-12 20:00:00,0.60333,0.60382,0.60255,0.60348,9967
2026-02-13 00:00:00,0.603,0.60479,0.60264,0.60336,4861
2026-02-13 04:00:00,0.60337,0.60395,0.60236,0.60257,4973
2026-02-13 08:00:00,0.60257,0.60424,0.60143,0.60381,8297
2026-02-13 12:00:00,0.6038,0.60431,0.60175,0.60381,11800
2026-02-13 16:00:00,0.60374,0.60505,0.60222,0.60443,20120
2026-02-13 20:00:00,0.60446,0.6049,0.60354,0.60397,6270
2026-02-16 00:00:00,0.60237,0.604,0.60191,0.60385,4726
2026-02-16 04:00:00,0.60384,0.60402,0.60275,0.60354,4081
2026-02-16 08:00:00,0.60355,0.60481,0.60349,0.60398,5704
2026-02-16 12:00:00,0.60396,0.60459,0.60372,0.60391,5145
2026-02-16 16:00:00,0.60392,0.60429,0.60298,0.60316,5973
2026-02-16 20:00:00,0.60317,0.60357,0.60316,0.60331,1544
2026-02-17 00:00:00,0.60302,0.60332,0.6022,0.60237,3603
2026-02-17 04:00:00,0.60233,0.60368,0.60189,0.60317,5158
2026-02-17 08:00:00,0.60318,0.60422,0.60233,0.60419,7483
2026-02-17 12:00:00,0.60418,0.60498,0.60207,0.60236,9398
2026-02-17 16:00:00,0.60237,0.60341,0.60041,0.60307,19663
2026-02-17 20:00:00,0.60308,0.60505,0.60296,0.60487,6158
2026-02-18 00:00:00,0.60457,0.60526,0.60098,0.60184,4574
2026-02-18 04:00:00,0.60185,0.60185,0.59954,0.59978,4261
2026-02-18 08:00:00,0.59979,0.60137,0.59892,0.60107,6572
2026-02-18 12:00:00,0.60107,0.60132,0.5987,0.59871,6843
2026-02-18 16:00:00,0.59873,0.59984,0.59768,0.59832,11675
2026-02-18 20:00:00,0.59833,0.5987,0.59613,0.59654,7420
2026-02-19 00:00:00,0.59608,0.59755,0.59577,0.59736,3498
2026-02-19 04:00:00,0.59736,0.59786,0.59645,0.59701,4266
2026-02-19 08:00:00,0.59702,0.59902,0.59686,0.59751,6628
2026-02-19 12:00:00,0.5975,0.59777,0.59562,0.5966,8325
2026-02-19 16:00:00,0.59659,0.598,0.59455,0.59674,16087
2026-02-19 20:00:00,0.59673,0.59753,0.59621,0.59728,6980
2026-02-20 00:00:00,0.59687,0.59749,0.59437,0.59511,4271
2026-02-20 04:00:00,0.59512,0.59567,0.59376,0.59531,5782
2026-02-20 08:00:00,0.5953,0.59645,0.5944,0.59576,7863
2026-02-20 12:00:00,0.59581,0.59599,0.5945,0.59533,8718
2026-02-20 16:00:00,0.59531,0.5985,0.59447,0.59702,24348
2026-02-20 20:00:00,0.59701,0.59838,0.5966,0.59756,10381
2026-02-23 00:00:00,0.59737,0.60032,0.59714,0.59893,8640
2026-02-23 04:00:00,0.59894,0.59909,0.59793,0.59841,5820
2026-02-23 08:00:00,0.59842,0.59901,0.59751,0.59799,7455
2026-02-23 12:00:00,0.59799,0.59801,0.59569,0.59698,7420
2026-02-23 16:00:00,0.597,0.59786,0.59551,0.59618,15737
2026-02-23 20:00:00,0.59617,0.5966,0.59514,0.5955,6362
2026-02-24 00:00:00,0.59467,0.59627,0.59467,0.59587,5232
2026-02-24 04:00:00,0.59586,0.59711,0.59557,0.59622,4610
2026-02-24 08:00:00,0.59623,0.5971,0.59562,0.59673,8300
2026-02-24 12:00:00,0.59673,0.59688,0.59468,0.5948,7154
2026-02-24 16:00:00,0.59481,0.59738,0.59423,0.59696,12207
2026-02-24 20:00:00,0.59695,0.59733,0.59635,0.5966,4808
2026-02-25 00:00:00,0.59575,0.5976,0.59562,0.59693,4559
2026-02-25 04:00:00,0.59692,0.59855,0.59687,0.59831,7265
2026-02-25 08:00:00,0.5983,0.59915,0.59714,0.59715,7758
2026-02-25 12:00:00,0.59716,0.59791,0.59593,0.59684,6664
2026-02-25 16:00:00,0.59683,0.59999,0.59672,0.59943,10166
2026-02-25 20:00:00,0.59942,0.60023,0.59941,0.60007,3989
2026-02-26 00:00:00,0.5994,0.60116,0.59912,0.60104,4257
2026-02-26 04:00:00,0.60103,0.60126,0.59973,0.60085,4937
2026-02-26 08:00:00,0.60086,0.60096,0.59852,0.59877,8035
2026-02-26 12:00:00,0.59878,0.59949,0.59807,0.59843,6327
2026-02-26 16:00:00,0.5984,0.59874,0.59571,0.59597,16315
2026-02-26 20:00:00,0.59595,0.59868,0.59573,0.59797,6455
2026-02-27 00:00:00,0.5976,0.59839,0.59671,0.59776,5917
2026-02-27 04:00:00,0.59778,0.59946,0.59768,0.59895,5474
2026-02-27 08:00:00,0.59892,0.59937,0.59841,0.59871,7944
2026-02-27 12:00:00,0.59872,0.5988,0.59703,0.59762,9266
2026-02-27 16:00:00,0.59763,0.60046,0.59749,0.59978,16154
2026-02-27 20:00:00,0.59979,0.60024,0.59919,0.59951,6267
2026-03-02 00:00:00,0.59476,0.5991,0.59464,0.59876,14333
2026-03-02 04:00:00,0.59874,0.59945,0.5959,0.59593,9586
2026-03-02 08:00:00,0.59592,0.59609,0.59281,0.59532,15639
2026-03-02 12:00:00,0.59531,0.59673,0.59335,0.59345,13425
2026-03-02 16:00:00,0.59343,0.59529,0.5916,0.59402,20338
2026-03-02 20:00:00,0.59401,0.59567,0.59295,0.59413,10642
2026-03-03 00:00:00,0.59418,0.59553,0.59261,0.59449,6735
2026-03-03 04:00:00,0.59448,0.59498,0.59248,0.59272,10418
2026-03-03 08:00:00,0.59275,0.5932,0.58858,0.58888,17307
2026-03-03 12:00:00,0.58889,0.59031,0.5863,0.58876,22702
2026-03-03 16:00:00,0.58877,0.58937,0.58357,0.5877,32602
2026-03-03 20:00:00,0.5877,0.59068,0.58767,0.58883,15385
2026-03-04 00:00:00,0.58878,0.58958,0.5861,0.58773,11276
2026-03-04 04:00:00,0.58774,0.59053,0.58742,0.58934,16018
2026-03-04 08:00:00,0.58933,0.59148,0.58856,0.59094,15616
2026-03-04 12:00:00,0.59093,0.5933,0.5905,0.59104,18745
2026-03-04 16:00:00,0.59097,0.5936,0.59006,0.59298,21498
2026-03-04 20:00:00,0.59296,0.59421,0.59257,0.59405,7169
2026-03-05 00:00:00,0.59371,0.59483,0.59311,0.59321,7003
2026-03-05 04:00:00,0.59322,0.59409,0.59146,0.59148,10372
2026-03-05 08:00:00,0.59149,0.59457,0.59019,0.59207,18203
2026-03-05 12:00:00,0.59206,0.5932,0.59062,0.59085,14588
2026-03-05 16:00:00,0.59081,0.59172,0.58741,0.58796,25449
2026-03-05 20:00:00,0.58793,0.59019,0.58728,0.58955,14780
2026-03-06 00:00:00,0.5898,0.59129,0.58859,0.59093,6112
2026-03-06 04:00:00,0.59094,0.59145,0.59009,0.59012,7103
2026-03-06 08:00:00,0.59013,0.59154,0.58707,0.5872,12288
2026-03-06 12:00:00,0.58721,0.58899,0.58575,0.58598,20410
2026-03-06 16:00:00,0.58595,0.59073,0.5859,0.58929,28931
2026-03-06 20:00:00,0.5893,0.59101,0.58922,0.58979,14380
2026-03-09 00:00:00,0.5862,0.58753,0.58482,0.58553,12943
2026-03-09 04:00:00,0.58552,0.58796,0.58501,0.58703,17259
2026-03-09 08:00:00,0.58702,0.58976,0.58674,0.58873,21077
2026-03-09 12:00:00,0.58877,0.59157,0.58838,0.58994,20846
2026-03-09 16:00:00,0.58995,0.59283,0.58936,0.59235,26345
2026-03-09 20:00:00,0.59234,0.59349,0.59117,0.59315,13854
2026-03-10 00:00:00,0.59306,0.5939,0.59229,0.5926,7544
2026-03-10 04:00:00,0.59254,0.59274,0.59073,0.59102,13247
2026-03-10 08:00:00,0.59101,0.59437,0.59096,0.59243,12502
2026-03-10 12:00:00,0.5924,0.59453,0.59235,0.59376,15591
2026-03-10 16:00:00,0.59377,0.5962,0.59297,0.59522,19703
2026-03-10 20:00:00,0.59519,0.59642,0.59252,0.59278,17483
2026-03-11 00:00:00,0.59267,0.5935,0.59207,0.59274,4858
2026-03-11 04:00:00,0.59275,0.59479,0.59246,0.59461,8628
2026-03-11 08:00:00,0.59461,0.5948,0.59215,0.59274,11942
2026-03-11 12:00:00,0.59273,0.59332,0.59091,0.59141,15886
2026-03-11 16:00:00,0.59135,0.59406,0.59053,0.59154,22070
2026-03-11 20:00:00,0.59155,0.59198,0.59047,0.59134,9101
2026-03-12 00:00:00,0.59116,0.59221,0.58916,0.59049,6013
2026-03-12 04:00:00,0.59048,0.59136,0.58947,0.58992,8391
2026-03-12 08:00:00,0.58993,0.59113,0.5895,0.59014,10330
2026-03-12 12:00:00,0.59015,0.59113,0.58912,0.58933,10916
2026-03-12 16:00:00,0.58935,0.58979,0.58547,0.58588,23619
2026-03-12 20:00:00,0.58587,0.58653,0.58506,0.58531,10065
2026-03-13 00:00:00,0.58526,0.58588,0.58476,0.58538,4066
2026-03-13 04:00:00,0.58537,0.58619,0.58298,0.58299,6664
2026-03-13 08:00:00,0.58302,0.58332,0.58029,0.58177,9646
2026-03-13 12:00:00,0.58177,0.58391,0.58164,0.58348,13491
2026-03-13 16:00:00,0.58349,0.58403,0.57993,0.58003,20280
2026-03-13 20:00:00,0.58006,0.58056,0.57738,0.57747,9217
2026-03-16 00:00:00,0.57857,0.58067,0.57728,0.58036,7142
2026-03-16 04:00:00,0.58037,0.5815,0.57946,0.58049,7295
2026-03-16 08:00:00,0.58048,0.58174,0.57988,0.5817,8307
2026-03-16 12:00:00,0.58169,0.58483,0.58131,0.58408,10346
2026-03-16 16:00:00,0.58413,0.58581,0.58382,0.5844,14103
2026-03-16 20:00:00,0.58444,0.58689,0.58444,0.58611,8405
2026-03-17 00:00:00,0.58589,0.5859,0.58429,0.58451,3313
2026-03-17 04:00:00,0.58452,0.58538,0.5841,0.58414,7029
2026-03-17 08:00:00,0.58413,0.58414,0.58167,0.58377,9745
2026-03-17 12:00:00,0.58376,0.58507,0.58353,0.58506,9024
2026-03-17 16:00:00,0.58506,0.5865,0.58461,0.5859,14518
2026-03-17 20:00:00,0.58589,0.58685,0.58551,0.58577,5020
2026-03-18 00:00:00,0.58561,0.58627,0.58408,0.58583,4145
2026-03-18 04:00:00,0.58586,0.5866,0.58527,0.58622,4724
2026-03-18 08:00:00,0.58622,0.58723,0.58528,0.58614,5759
2026-03-18 12:00:00,0.58614,0.5864,0.5821,0.58216,11669
2026-03-18 16:00:00,0.58224,0.58506,0.58129,0.584,17992
2026-03-18 20:00:00,0.58401,0.5849,0.57882,0.57937,12726
2026-03-19 00:00:00,0.5799,0.58182,0.57848,0.58165,6193
2026-03-19 04:00:00,0.58167,0.58276,0.58087,0.58174,7656
2026-03-19 08:00:00,0.58175,0.5822,0.58039,0.58125,11671
2026-03-19 12:00:00,0.58124,0.58266,0.57979,0.58068,17417
2026-03-19 16:00:00,0.58066,0.58501,0.57994,0.58383,29221
2026-03-19 20:00:00,0.58384,0.58924,0.5835,0.58723,15231
2026-03-20 00:00:00,0.58723,0.58832,0.58656,0.58827,4388
2026-03-20 04:00:00,0.58835,0.58911,0.58786,0.58805,7882
2026-03-20 08:00:00,0.58806,0.58917,0.58715,0.58818,9044
2026-03-20 12:00:00,0.58819,0.58828,0.58523,0.58655,15520
2026-03-20 16:00:00,0.58657,0.58668,0.58297,0.58419,22919
2026-03-20 20:00:00,0.58421,0.58448,0.58177,0.58284,14485
2026-03-23 00:00:00,0.58136,0.5838,0.58092,0.58226,8725
2026-03-23 04:00:00,0.58228,0.58335,0.58091,0.58119,14143
2026-03-23 08:00:00,0.5812,0.58129,0.57891,0.57965,14696
2026-03-23 12:00:00,0.57966,0.58542,0.57619,0.58517,33688
2026-03-23 16:00:00,0.58518,0.58871,0.58305,0.58511,37484
2026-03-23 20:00:00,0.58513,0.58813,0.58492,0.58581,13880
2026-03-24 00:00:00,0.58519,0.5869,0.58317,0.58434,8498
2026-03-24 04:00:00,0.58433,0.58458,0.58255,0.58293,12282
2026-03-24 08:00:00,0.58295,0.58606,0.5821,0.58231,16969
2026-03-24 12:00:00,0.58232,0.58407,0.58153,0.58246,16711
2026-03-24 16:00:00,0.58245,0.5841,0.58116,0.58143,26401
2026-03-24 20:00:00,0.58142,0.58511,0.57933,0.58351,18247
2026-03-25 00:00:00,0.58346,0.58432,0.58281,0.58389,7506
2026-03-25 04:00:00,0.58384,0.5843,0.58152,0.5816,8265
2026-03-25 08:00:00,0.58161,0.58323,0.58077,0.58281,11277
2026-03-25 12:00:00,0.5828,0.58309,0.58098,0.58169,14166
2026-03-25 16:00:00,0.58173,0.58233,0.58038,0.5817,19985
2026-03-25 20:00:00,0.58169,0.58258,0.58037,0.58049,8269
2026-03-26 00:00:00,0.58042,0.58106,0.57953,0.57999,3275
2026-03-26 04:00:00,0.57998,0.58086,0.57947,0.58067,6327
2026-03-26 08:00:00,0.58068,0.58073,0.57817,0.5787,10022
2026-03-26 12:00:00,0.57871,0.57924,0.57709,0.57771,10798
2026-03-26 16:00:00,0.57776,0.57932,0.57654,0.57677,19016
2026-03-26 20:00:00,0.57677,0.57822,0.575,0.57607,10106
2026-03-27 00:00:00,0.57583,0.57863,0.57521,0.57563,5264
2026-03-27 04:00:00,0.57562,0.5775,0.57525,0.57743,6404
2026-03-27 08:00:00,0.57741,0.57776,0.57623,0.57666,9031
2026-03-27 12:00:00,0.57668,0.57747,0.5749,0.57534,10959
2026-03-27 16:00:00,0.57537,0.57682,0.57495,0.57522,17331
2026-03-27 20:00:00,0.57521,0.57581,0.57377,0.57465,8108
2026-03-30 00:00:00,0.5744,0.57454,0.57233,0.57316,8552
2026-03-30 04:00:00,0.57317,0.57413,0.57253,0.57353,8124
2026-03-30 08:00:00,0.57354,0.57492,0.57215,0.57224,9182
2026-03-30 12:00:00,0.57227,0.57302,0.5715,0.57233,10269
2026-03-30 16:00:00,0.57234,0.57262,0.56993,0.57171,15063
2026-03-30 20:00:00,0.57172,0.57211,0.57105,0.57184,6845
2026-03-31 00:00:00,0.57181,0.57282,0.5706,0.57221,6124
2026-03-31 04:00:00,0.57219,0.57351,0.57081,0.57082,10078
2026-03-31 08:00:00,0.5708,0.57183,0.57039,0.57141,10335
2026-03-31 12:00:00,0.5714,0.57331,0.56998,0.57232,13026
2026-03-31 16:00:00,0.57233,0.57381,0.56976,0.57291,21858
2026-03-31 20:00:00,0.57292,0.57483,0.5728,0.57458,13180
2026-04-01 00:00:00,0.57401,0.57592,0.57373,0.57536,4510
2026-04-01 04:00:00,0.57538,0.57541,0.57304,0.57372,7401
2026-04-01 08:00:00,0.57373,0.57729,0.57366,0.5764,14300
2026-04-01 12:00:00,0.57641,0.57773,0.57593,0.5762,13218
2026-04-01 16:00:00,0.57623,0.57731,0.57562,0.57727,18051
2026-04-01 20:00:00,0.57726,0.57758,0.57424,0.57534,9558
2026-04-02 00:00:00,0.5751,0.57562,0.57441,0.5755,4494
2026-04-02 04:00:00,0.57551,0.57586,0.57062,0.57096,16941
2026-04-02 08:00:00,0.57097,0.57168,0.56995,0.57108,10239
2026-04-02 12:00:00,0.57107,0.57157,0.57002,0.57111,10011
2026-04-02 16:00:00,0.57116,0.57359,0.57065,0.57227,21263
2026-04-02 20:00:00,0.57226,0.57264,0.57134,0.57169,6983
2026-04-03 00:00:00,0.57059,0.57201,0.56987,0.57166,1450
2026-04-03 04:00:00,0.57165,0.57171,0.57071,0.57078,1726
2026-04-03 08:00:00,0.57079,0.57128,0.57036,0.57062,2811
2026-04-03 12:00:00,0.57061,0.57123,0.56956,0.5703,4080
2026-04-03 16:00:00,0.57029,0.57084,0.56927,0.56932,4668
2026-04-03 20:00:00,0.56932,0.57219,0.56792,0.56824,2215
2026-04-06 00:00:00,0.5686,0.56942,0.5681,0.56939,5167
2026-04-06 04:00:00,0.56942,0.57062,0.56884,0.57032,7470
2026-04-06 08:00:00,0.57033,0.57266,0.57004,0.57236,7323
2026-04-06 12:00:00,0.57238,0.57261,0.57141,0.57209,7958
2026-04-06 16:00:00,0.57208,0.57295,0.57107,0.57144,12748
2026-04-06 20:00:00,0.57145,0.57187,0.57056,0.57115,6366
2026-04-07 00:00:00,0.57119,0.57164,0.57047,0.57049,4740
2026-04-07 04:00:00,0.5705,0.57089,0.56891,0.57023,8386
2026-04-07 08:00:00,0.57024,0.57221,0.56956,0.57198,10316
2026-04-07 12:00:00,0.57197,0.57213,0.56985,0.57017,13830
2026-04-07 16:00:00,0.57022,0.57141,0.5694,0.57069,17231
2026-04-07 20:00:00,0.5707,0.57324,0.5704,0.57312,11580
2026-04-08 00:00:00,0.57238,0.58183,0.57062,0.57874,17478
2026-04-08 04:00:00,0.57875,0.58342,0.57866,0.58328,14390
2026-04-08 08:00:00,0.58329,0.58499,0.58117,0.5817,15881
2026-04-08 12:00:00,0.58169,0.58539,0.58131,0.58516,13176
2026-04-08 16:00:00,0.58515,0.58588,0.58294,0.58359,17948
2026-04-08 20:00:00,0.5836,0.58377,0.58095,0.58218,10028
2026-04-09 00:00:00,0.58231,0.58273,0.58134,0.58239,4067
2026-04-09 04:00:00,0.58238,0.58376,0.5822,0.58329,6505
2026-04-09 08:00:00,0.58329,0.58382,0.58257,0.58291,8937
2026-04-09 12:00:00,0.5829,0.58413,0.58257,0.58358,8643
2026-04-09 16:00:00,0.5836,0.58733,0.58352,0.58666,14000
2026-04-09 20:00:00,0.58667,0.58732,0.58531,0.58584,7256
2026-04-10 00:00:00,0.58589,0.58627,0.58459,0.58498,3680
2026-04-10 04:00:00,0.58497,0.58549,0.58449,0.58464,5448
2026-04-10 08:00:00,0.58464,0.58508,0.58322,0.58348,7387
2026-04-10 12:00:00,0.58351,0.58563,0.58335,0.58512,9302
2026-04-10 16:00:00,0.5851,0.58687,0.58327,0.58382,12891
2026-04-10 20:00:00,0.5838,0.58478,0.58353,0.58403,6025
2026-04-13 00:00:00,0.57897,0.58179,0.57889,0.58179,7644
2026-04-13 04:00:00,0.5818,0.58274,0.58149,0.58249,6184
2026-04-13 08:00:00,0.5825,0.58411,0.58221,0.58301,8653
2026-04-13 12:00:00,0.58302,0.58358,0.5815,0.58262,8217
2026-04-13 16:00:00,0.58262,0.58599,0.58242,0.58574,15279
2026-04-13 20:00:00,0.58574,0.58732,0.58573,0.58667,5314
2026-04-14 00:00:00,0.58582,0.58729,0.58582,0.58661,3579
2026-04-14 04:00:00,0.5866,0.58719,0.58566,0.58716,4487
2026-04-14 08:00:00,0.58717,0.58938,0.58675,0.58925,9098
2026-04-14 12:00:00,0.58926,0.59102,0.58885,0.591,10386
2026-04-14 16:00:00,0.59096,0.59197,0.59028,0.59053,11926
2026-04-14 20:00:00,0.59054,0.59098,0.59003,0.59006,4669
2026-04-15 00:00:00,0.59011,0.5906,0.58955,0.59009,4414
2026-04-15 04:00:00,0.59008,0.59035,0.58924,0.59005,6047
2026-04-15 08:00:00,0.59006,0.59089,0.58991,0.59058,9484
2026-04-15 12:00:00,0.59059,0.59077,0.58917,0.5896,11545
2026-04-15 16:00:00,0.58959,0.59133,0.58916,0.59121,13078
2026-04-15 20:00:00,0.59121,0.59191,0.59063,0.59128,5970
2026-04-16 00:00:00,0.59053,0.59166,0.59016,0.59126,3296
2026-04-16 04:00:00,0.59124,0.59218,0.59036,0.59139,6441
2026-04-16 08:00:00,0.59138,0.59156,0.58932,0.58946,10408
2026-04-16 12:00:00,0.58942,0.58966,0.58857,0.58903,8908
2026-04-16 16:00:00,0.58904,0.58985,0.58826,0.58863,15242
2026-04-16 20:00:00,0.58864,0.58914,0.5882,0.58896,6769
2026-04-17 00:00:00,0.58923,0.58941,0.58824,0.58863,3696
2026-04-17 04:00:00,0.58862,0.5888,0.58797,0.58877,4718
2026-04-17 08:00:00,0.58876,0.58938,0.58801,0.58928,8194
2026-04-17 12:00:00,0.58927,0.59206,0.58804,0.59204,10492
2026-04-17 16:00:00,0.59205,0.5929,0.59031,0.59068,21009
2026-04-17 20:00:00,0.59067,0.59067,0.588,0.58807,10405
