time,open,high,low,close,volume
2022-01-27 00:00:00,0.92327,0.92453,0.92297,0.92416,3011
2022-01-27 04:00:00,0.92418,0.92488,0.92373,0.92452,3199
2022-01-27 08:00:00,0.92452,0.92743,0.9243,0.92732,7366
2022-01-27 12:00:00,0.92737,0.93223,0.92736,0.93159,9866
2022-01-27 16:00:00,0.93162,0.93378,0.92992,0.93144,9424
2022-01-27 20:00:00,0.93144,0.93167,0.93055,0.93099,3928
2022-01-28 00:00:00,0.9306,0.93165,0.93058,0.93066,1629
2022-01-28 04:00:00,0.93068,0.93068,0.92966,0.92975,1321
2022-01-28 08:00:00,0.92975,0.93225,0.92964,0.93104,4926
2022-01-28 12:00:00,0.93105,0.93294,0.92978,0.93013,8901
2022-01-28 16:00:00,0.93011,0.93202,0.92901,0.93121,8526
2022-01-28 20:00:00,0.93122,0.93153,0.93068,0.93103,3912
2022-01-31 00:00:00,0.93067,0.93189,0.9304,0.93118,2046
2022-01-31 04:00:00,0.93117,0.9316,0.93079,0.9309,1790
2022-01-31 08:00:00,0.93097,0.93262,0.93058,0.93179,5667
2022-01-31 12:00:00,0.93179,0.93429,0.92975,0.92987,7181
2022-01-31 16:00:00,0.92988,0.93177,0.92948,0.92995,8317
2022-01-31 20:00:00,0.92996,0.92999,0.92514,0.92686,4903
2022-02-01 00:00:00,0.92693,0.92771,0.92634,0.92727,1404
2022-02-01 04:00:00,0.92726,0.92745,0.92502,0.92533,1759
2022-02-01 08:00:00,0.9253,0.92595,0.92242,0.92282,6348
2022-02-01 12:00:00,0.92281,0.92337,0.9204,0.92163,6398
2022-02-01 16:00:00,0.92167,0.92366,0.92115,0.92195,7850
2022-02-01 20:00:00,0.92195,0.92226,0.92088,0.92101,3402
2022-02-02 00:00:00,0.92104,0.92141,0.92072,0.92098,1135
2022-02-02 04:00:00,0.92098,0.92143,0.92089,0.92102,1034
2022-02-02 08:00:00,0.92104,0.92221,0.91916,0.92,4292
2022-02-02 12:00:00,0.91999,0.92025,0.91781,0.91987,6272
2022-02-02 16:00:00,0.91987,0.92022,0.91791,0.91804,7103
2022-02-02 20:00:00,0.91804,0.91917,0.9179,0.91896,2858
2022-02-03 00:00:00,0.9182,0.91982,0.9182,0.9193,1856
2022-02-03 04:00:00,0.91929,0.91987,0.91881,0.91957,1772
2022-02-03 08:00:00,0.9196,0.92246,0.9195,0.92236,5646
2022-02-03 12:00:00,0.92236,0.92357,0.91919,0.91985,10810
2022-02-03 16:00:00,0.9198,0.9218,0.9177,0.9195,8333
2022-02-03 20:00:00,0.91952,0.92155,0.91923,0.92031,3991
2022-02-04 00:00:00,0.91993,0.92076,0.91951,0.91953,1832
2022-02-04 04:00:00,0.91953,0.92024,0.91928,0.9202,2155
2022-02-04 08:00:00,0.9202,0.92269,0.9198,0.92125,8795
2022-02-04 12:00:00,0.92127,0.92553,0.92113,0.92456,8142
2022-02-04 16:00:00,0.92454,0.92587,0.9233,0.92504,9390
2022-02-04 20:00:00,0.92503,0.92572,0.92458,0.9255,3830
2022-02-07 00:00:00,0.92502,0.92576,0.92461,0.92576,2238
2022-02-07 04:00:00,0.92575,0.92618,0.92506,0.92532,1965
2022-02-07 08:00:00,0.92531,0.92569,0.92392,0.92487,7084
2022-02-07 12:00:00,0.92488,0.92511,0.92282,0.92365,7970
2022-02-07 16:00:00,0.92363,0.92496,0.92214,0.9247,8959
2022-02-07 20:00:00,0.92471,0.92472,0.92306,0.92354,2853
2022-02-08 00:00:00,0.92361,0.92396,0.92298,0.92393,2063
2022-02-08 04:00:00,0.9239,0.9254,0.92389,0.92537,2270
2022-02-08 08:00:00,0.92537,0.92629,0.92326,0.92359,7491
2022-02-08 12:00:00,0.92361,0.92469,0.92259,0.92384,6818
2022-02-08 16:00:00,0.92385,0.92518,0.92371,0.92475,6996
2022-02-08 20:00:00,0.92477,0.92565,0.92432,0.92514,3133
2022-02-09 00:00:00,0.92448,0.92545,0.92428,0.92471,1523
2022-02-09 04:00:00,0.92471,0.92496,0.92397,0.92487,2030
2022-02-09 08:00:00,0.92487,0.9252,0.92306,0.92361,5661
2022-02-09 12:00:00,0.9236,0.92395,0.9222,0.92272,6073
2022-02-09 16:00:00,0.92271,0.92391,0.92234,0.92337,7618
2022-02-09 20:00:00,0.92339,0.92468,0.92301,0.92423,3400
2022-02-10 00:00:00,0.92423,0.92476,0.924,0.92414,1499
2022-02-10 04:00:00,0.92414,0.92469,0.92365,0.92443,1408
2022-02-10 08:00:00,0.9244,0.92449,0.92303,0.92351,5664
2022-02-10 12:00:00,0.9235,0.92893,0.92318,0.92774,7141
2022-02-10 16:00:00,0.92771,0.92971,0.92267,0.92432,10434
2022-02-10 20:00:00,0.92433,0.9273,0.92365,0.9253,6107
2022-02-11 00:00:00,0.92485,0.92705,0.92475,0.92619,1907
2022-02-11 04:00:00,0.92619,0.92794,0.92584,0.92721,1616
2022-02-11 08:00:00,0.92721,0.9287,0.92675,0.92769,6812
2022-02-11 12:00:00,0.92768,0.92819,0.92463,0.92669,7310
2022-02-11 16:00:00,0.92669,0.92713,0.92503,0.92576,10597
2022-02-11 20:00:00,0.92575,0.92761,0.92382,0.92436,14183
2022-02-14 00:00:00,0.92481,0.92529,0.92404,0.9248,2781
2022-02-14 04:00:00,0.92483,0.92632,0.92482,0.92536,2374
2022-02-14 08:00:00,0.92536,0.92603,0.92377,0.9243,6799
2022-02-14 12:00:00,0.92432,0.9265,0.92384,0.92557,8161
2022-02-14 16:00:00,0.92557,0.92724,0.92465,0.92546,8233
2022-02-14 20:00:00,0.92549,0.92599,0.92443,0.92443,5516
2022-02-15 00:00:00,0.92416,0.92464,0.92351,0.92375,1750
2022-02-15 04:00:00,0.92375,0.92428,0.92356,0.92392,2188
2022-02-15 08:00:00,0.92392,0.92692,0.92335,0.92529,6604
2022-02-15 12:00:00,0.9253,0.9255,0.92271,0.92324,7223
2022-02-15 16:00:00,0.92325,0.92736,0.92265,0.92614,8162
2022-02-15 20:00:00,0.92615,0.92617,0.92512,0.92514,2486
2022-02-16 00:00:00,0.9249,0.92595,0.92475,0.92532,1095
2022-02-16 04:00:00,0.92528,0.92563,0.92515,0.9253,1135
2022-02-16 08:00:00,0.92528,0.92607,0.92419,0.92438,5227
2022-02-16 12:00:00,0.92437,0.92583,0.92353,0.92407,5983
2022-02-16 16:00:00,0.92408,0.9242,0.92153,0.92189,6342
2022-02-16 20:00:00,0.92191,0.92238,0.92063,0.92211,5170
2022-02-17 00:00:00,0.92159,0.92214,0.9211,0.92119,1578
2022-02-17 04:00:00,0.92127,0.92288,0.92117,0.92128,5096
2022-02-17 08:00:00,0.92126,0.92289,0.92084,0.92144,9926
2022-02-17 12:00:00,0.92144,0.92213,0.9195,0.91999,9143
2022-02-17 16:00:00,0.91998,0.92116,0.91885,0.92037,12016
2022-02-17 20:00:00,0.92036,0.92058,0.91984,0.92012,4049
2022-02-18 00:00:00,0.91968,0.92128,0.91936,0.92105,3205
2022-02-18 04:00:00,0.92106,0.92147,0.92066,0.92115,2643
2022-02-18 08:00:00,0.92118,0.92181,0.92035,0.92061,5887
2022-02-18 12:00:00,0.92065,0.9218,0.91961,0.92055,7435
2022-02-18 16:00:00,0.92054,0.92176,0.91914,0.92111,11042
2022-02-18 20:00:00,0.92112,0.92153,0.92071,0.92124,3996
2022-02-21 00:00:00,0.92075,0.92162,0.91989,0.92027,3030
2022-02-21 04:00:00,0.92023,0.92034,0.9195,0.9201,1873
2022-02-21 08:00:00,0.92009,0.92049,0.91779,0.91789,4991
2022-02-21 12:00:00,0.91788,0.91792,0.91602,0.91713,6109
2022-02-21 16:00:00,0.91714,0.91747,0.91501,0.91555,6071
2022-02-21 20:00:00,0.91545,0.91651,0.91524,0.91586,2482
2022-02-22 00:00:00,0.91561,0.91691,0.91546,0.9166,4452
2022-02-22 04:00:00,0.91659,0.9167,0.91572,0.91593,2738
2022-02-22 08:00:00,0.91595,0.91897,0.91513,0.91861,9150
2022-02-22 12:00:00,0.91863,0.91983,0.91769,0.91972,10528
2022-02-22 16:00:00,0.91973,0.92277,0.91928,0.92081,10042
2022-02-22 20:00:00,0.9208,0.92188,0.92057,0.92163,5763
2022-02-23 00:00:00,0.92046,0.9216,0.92046,0.92077,1270
2022-02-23 04:00:00,0.92077,0.92131,0.92041,0.92059,1461
2022-02-23 08:00:00,0.92061,0.92187,0.92,0.92029,6084
2022-02-23 12:00:00,0.9203,0.92051,0.91831,0.91842,6768
2022-02-23 16:00:00,0.91843,0.91843,0.91679,0.91816,7568
2022-02-23 20:00:00,0.91818,0.91856,0.91774,0.91835,3263
2022-02-24 00:00:00,0.91756,0.91878,0.91725,0.91853,3278
2022-02-24 04:00:00,0.91852,0.91922,0.91725,0.91837,10830
2022-02-24 08:00:00,0.91834,0.92157,0.91739,0.92131,16266
2022-02-24 12:00:00,0.92133,0.92474,0.92128,0.92336,18351
2022-02-24 16:00:00,0.92338,0.92889,0.92185,0.92589,14691
2022-02-24 20:00:00,0.92589,0.92637,0.9243,0.92541,13147
2022-02-25 00:00:00,0.92523,0.92593,0.92417,0.92444,4416
2022-02-25 04:00:00,0.92446,0.92467,0.92286,0.923,3869
2022-02-25 08:00:00,0.92301,0.9266,0.92294,0.92617,10218
2022-02-25 12:00:00,0.92617,0.92749,0.92557,0.92706,11830
2022-02-25 16:00:00,0.92706,0.92841,0.9263,0.92772,10369
2022-02-25 20:00:00,0.92771,0.92772,0.92532,0.92534,4248
2022-02-28 00:00:00,0.92675,0.92781,0.92488,0.92687,9929
2022-02-28 04:00:00,0.92687,0.92745,0.92604,0.92607,5062
2022-02-28 08:00:00,0.92606,0.92662,0.92217,0.92264,10831
2022-02-28 12:00:00,0.92268,0.92381,0.91855,0.91892,12295
2022-02-28 16:00:00,0.91889,0.91985,0.91719,0.91866,12587
2022-02-28 20:00:00,0.91868,0.9188,0.91662,0.9168,5508
2022-03-01 00:00:00,0.91659,0.91917,0.91653,0.91905,2395
2022-03-01 04:00:00,0.91904,0.91945,0.91803,0.91835,2468
2022-03-01 08:00:00,0.91836,0.91855,0.915,0.9165,7581
2022-03-01 12:00:00,0.91654,0.92051,0.9158,0.91899,12023
2022-03-01 16:00:00,0.91899,0.92028,0.91799,0.9197,14059
2022-03-01 20:00:00,0.9197,0.92009,0.91782,0.91886,8264
2022-03-02 00:00:00,0.91807,0.91968,0.91806,0.91966,1663
2022-03-02 04:00:00,0.91969,0.92042,0.91907,0.9191,2488
2022-03-02 08:00:00,0.91909,0.92055,0.91664,0.91715,11006
2022-03-02 12:00:00,0.91716,0.92085,0.91692,0.92001,9621
2022-03-02 16:00:00,0.91999,0.92397,0.9198,0.92221,13038
2022-03-02 20:00:00,0.9222,0.92233,0.9201,0.92032,4990
2022-03-03 00:00:00,0.9201,0.92156,0.91996,0.92104,2785
2022-03-03 04:00:00,0.92105,0.92165,0.92006,0.92037,2810
2022-03-03 08:00:00,0.92048,0.92088,0.91895,0.91975,5876
2022-03-03 12:00:00,0.91975,0.92069,0.91866,0.92018,8112
2022-03-03 16:00:00,0.92018,0.92096,0.9179,0.91982,12264
2022-03-03 20:00:00,0.91983,0.91995,0.91747,0.91747,5529
2022-03-04 00:00:00,0.91715,0.91949,0.91705,0.91911,7176
2022-03-04 04:00:00,0.91912,0.91955,0.91808,0.91892,5213
2022-03-04 08:00:00,0.91892,0.91967,0.91792,0.91871,6863
2022-03-04 12:00:00,0.9187,0.92092,0.91664,0.9199,11191
2022-03-04 16:00:00,0.91985,0.92102,0.91747,0.91864,9792
2022-03-04 20:00:00,0.91863,0.91949,0.91635,0.91692,3607
2022-03-07 00:00:00,0.91674,0.9216,0.91652,0.92083,5035
2022-03-07 04:00:00,0.92084,0.92142,0.91972,0.92061,4421
2022-03-07 08:00:00,0.92062,0.9249,0.91991,0.92473,8161
2022-03-07 12:00:00,0.92472,0.92587,0.92296,0.92476,10132
2022-03-07 16:00:00,0.92475,0.9272,0.92367,0.92649,11429
2022-03-07 20:00:00,0.92648,0.92684,0.92516,0.92549,6917
2022-03-08 00:00:00,0.92568,0.92616,0.92531,0.9256,2664
2022-03-08 04:00:00,0.92556,0.92629,0.92491,0.92588,3251
2022-03-08 08:00:00,0.92587,0.92898,0.92487,0.92882,9176
2022-03-08 12:00:00,0.92881,0.92933,0.92525,0.92799,8906
2022-03-08 16:00:00,0.92801,0.93066,0.9268,0.92894,12567
2022-03-08 20:00:00,0.92895,0.92958,0.92827,0.92907,6828
2022-03-09 00:00:00,0.92839,0.93028,0.92811,0.92948,2376
2022-03-09 04:00:00,0.92949,0.92973,0.92774,0.92821,2521
2022-03-09 08:00:00,0.92818,0.92924,0.92746,0.92781,6078
2022-03-09 12:00:00,0.92782,0.92858,0.92732,0.92801,7145
2022-03-09 16:00:00,0.92797,0.92887,0.92504,0.9258,10761
2022-03-09 20:00:00,0.92579,0.92711,0.92567,0.92658,4747
2022-03-10 00:00:00,0.92623,0.92837,0.92577,0.9279,2498
2022-03-10 04:00:00,0.92789,0.9283,0.9276,0.92767,2259
2022-03-10 08:00:00,0.9277,0.92776,0.92594,0.92694,6809
2022-03-10 12:00:00,0.92695,0.93051,0.9255,0.93036,10401
2022-03-10 16:00:00,0.93037,0.93092,0.92693,0.93047,9918
2022-03-10 20:00:00,0.93049,0.93076,0.92993,0.93028,3577
2022-03-11 00:00:00,0.92926,0.93079,0.92906,0.93046,1950
2022-03-11 04:00:00,0.93046,0.93092,0.92948,0.93071,3768
2022-03-11 08:00:00,0.93072,0.93207,0.92948,0.93183,6415
2022-03-11 12:00:00,0.93183,0.93199,0.92954,0.93135,8518
2022-03-11 16:00:00,0.93134,0.93468,0.93123,0.93402,8330
2022-03-11 20:00:00,0.93402,0.93497,0.93339,0.93485,3720
2022-03-14 00:00:00,0.93386,0.93634,0.9336,0.93567,2220
2022-03-14 04:00:00,0.93565,0.93633,0.93527,0.93542,2895
2022-03-14 08:00:00,0.93543,0.93636,0.93507,0.93568,4961
2022-03-14 12:00:00,0.9357,0.93618,0.93202,0.93513,7077
2022-03-14 16:00:00,0.93517,0.93664,0.93401,0.93629,7359
2022-03-14 20:00:00,0.93631,0.93863,0.93587,0.93861,3807
2022-03-15 00:00:00,0.93794,0.93878,0.93752,0.93871,1471
2022-03-15 04:00:00,0.93871,0.93974,0.93809,0.93935,3701
2022-03-15 08:00:00,0.93937,0.94101,0.93718,0.93827,6469
2022-03-15 12:00:00,0.93828,0.93956,0.93783,0.93918,6768
2022-03-15 16:00:00,0.93918,0.94317,0.9383,0.94193,9177
2022-03-15 20:00:00,0.94189,0.94285,0.94038,0.94162,4186
2022-03-16 00:00:00,0.94077,0.94168,0.93997,0.94079,1874
2022-03-16 04:00:00,0.9408,0.94101,0.93923,0.94008,2753
2022-03-16 08:00:00,0.94008,0.94112,0.939,0.94003,5084
2022-03-16 12:00:00,0.94001,0.94117,0.93903,0.94066,6203
2022-03-16 16:00:00,0.94065,0.94253,0.93912,0.94223,8340
2022-03-16 20:00:00,0.94224,0.94602,0.93979,0.94054,9762
2022-03-17 00:00:00,0.94013,0.94299,0.94005,0.94013,3021
2022-03-17 04:00:00,0.94013,0.94101,0.93946,0.93983,3468
2022-03-17 08:00:00,0.93982,0.94176,0.9395,0.94061,4779
2022-03-17 12:00:00,0.94063,0.94087,0.93918,0.94048,6827
2022-03-17 16:00:00,0.94046,0.9405,0.93387,0.934,5894
2022-03-17 20:00:00,0.93399,0.93762,0.93359,0.93695,3461
2022-03-18 00:00:00,0.9371,0.93737,0.93533,0.93664,1862
2022-03-18 04:00:00,0.93663,0.93714,0.93583,0.93641,2861
2022-03-18 08:00:00,0.9364,0.93824,0.9353,0.93531,4282
2022-03-18 12:00:00,0.93529,0.93664,0.93328,0.93615,5814
2022-03-18 16:00:00,0.93622,0.93731,0.93154,0.93233,7617
2022-03-18 20:00:00,0.93233,0.9333,0.93138,0.93169,3148
2022-03-21 00:00:00,0.932,0.93321,0.93149,0.93213,1303
2022-03-21 04:00:00,0.93219,0.93344,0.93178,0.93326,1558
2022-03-21 08:00:00,0.93326,0.93522,0.93012,0.93018,3652
2022-03-21 12:00:00,0.93023,0.93156,0.92955,0.93101,5162
2022-03-21 16:00:00,0.931,0.93167,0.9294,0.93146,6587
2022-03-21 20:00:00,0.93144,0.93376,0.93142,0.93361,4830
2022-03-22 00:00:00,0.93353,0.93627,0.93322,0.93578,1751
2022-03-22 04:00:00,0.9358,0.93662,0.93494,0.93629,3470
2022-03-22 08:00:00,0.9363,0.93755,0.93398,0.93398,4718
2022-03-22 12:00:00,0.93401,0.93678,0.9321,0.93248,6992
2022-03-22 16:00:00,0.93251,0.93315,0.93137,0.933,8212
2022-03-22 20:00:00,0.93299,0.9335,0.93255,0.93284,3833
2022-03-23 00:00:00,0.93289,0.93431,0.93226,0.934,3159
2022-03-23 04:00:00,0.934,0.93502,0.93276,0.93471,4664
2022-03-23 08:00:00,0.93472,0.93558,0.93365,0.9346,5068
2022-03-23 12:00:00,0.93461,0.93575,0.93385,0.93443,8097
2022-03-23 16:00:00,0.93443,0.93526,0.93078,0.93139,8905
2022-03-23 20:00:00,0.9314,0.93188,0.9301,0.93049,4502
2022-03-24 00:00:00,0.93017,0.93144,0.92963,0.93129,2558
2022-03-24 04:00:00,0.93128,0.93234,0.93114,0.932,3600
2022-03-24 08:00:00,0.932,0.93448,0.93179,0.93388,6009
2022-03-24 12:00:00,0.93388,0.93409,0.9302,0.93057,8814
2022-03-24 16:00:00,0.93056,0.93231,0.93035,0.93193,10596
2022-03-24 20:00:00,0.93192,0.93199,0.93014,0.93018,4484
2022-03-25 00:00:00,0.93001,0.93021,0.92761,0.92774,2868
2022-03-25 04:00:00,0.92775,0.928,0.92601,0.92704,5892
2022-03-25 08:00:00,0.92705,0.92782,0.9264,0.92712,5782
2022-03-25 12:00:00,0.92713,0.9278,0.92605,0.92732,6322
2022-03-25 16:00:00,0.92731,0.93096,0.92707,0.93038,11516
2022-03-25 20:00:00,0.93036,0.93134,0.9302,0.93042,4039
2022-03-28 00:00:00,0.93012,0.93182,0.92983,0.93182,2778
2022-03-28 04:00:00,0.93182,0.93405,0.93159,0.93379,5822
2022-03-28 08:00:00,0.93381,0.93813,0.93358,0.93616,9821
2022-03-28 12:00:00,0.93622,0.93718,0.93422,0.93524,11858
2022-03-28 16:00:00,0.93527,0.93665,0.93352,0.93377,10998
2022-03-28 20:00:00,0.93378,0.93603,0.93332,0.93472,4970
2022-03-29 00:00:00,0.93361,0.93563,0.93325,0.93504,3890
2022-03-29 04:00:00,0.93504,0.93509,0.93262,0.93387,5997
2022-03-29 08:00:00,0.93386,0.93736,0.93287,0.9369,7886
2022-03-29 12:00:00,0.9369,0.93739,0.93204,0.9328,13986
2022-03-29 16:00:00,0.93275,0.93319,0.92976,0.93217,13234
2022-03-29 20:00:00,0.93218,0.93281,0.9306,0.9307,5331
2022-03-30 00:00:00,0.93071,0.93134,0.93012,0.93013,3921
2022-03-30 04:00:00,0.93013,0.93019,0.92763,0.92848,7825
2022-03-30 08:00:00,0.92849,0.92904,0.9251,0.92535,9731
2022-03-30 12:00:00,0.92535,0.92727,0.92427,0.92618,10352
2022-03-30 16:00:00,0.92618,0.92678,0.922,0.92277,10727
2022-03-30 20:00:00,0.92278,0.92351,0.92229,0.92321,3642
2022-03-31 00:00:00,0.92263,0.92384,0.92243,0.92256,3882
2022-03-31 04:00:00,0.92255,0.92495,0.92229,0.92482,5589
2022-03-31 08:00:00,0.92482,0.92589,0.9229,0.92464,8657
2022-03-31 12:00:00,0.92467,0.92539,0.92331,0.92463,9502
2022-03-31 16:00:00,0.92462,0.9253,0.91949,0.92219,13894
2022-03-31 20:00:00,0.92222,0.92424,0.92122,0.92286,5225
2022-04-01 00:00:00,0.92221,0.92437,0.92203,0.92423,3077
2022-04-01 04:00:00,0.92428,0.92495,0.92376,0.92454,4869
2022-04-01 08:00:00,0.92453,0.92455,0.92205,0.92391,8465
2022-04-01 12:00:00,0.92392,0.9258,0.92365,0.92573,8512
2022-04-01 16:00:00,0.92572,0.92798,0.92495,0.92584,10179
2022-04-01 20:00:00,0.92582,0.92599,0.92469,0.92566,3956
2022-04-04 00:00:00,0.92555,0.92648,0.92477,0.9255,2485
2022-04-04 04:00:00,0.92552,0.92674,0.92551,0.92645,3825
2022-04-04 08:00:00,0.92646,0.92708,0.92468,0.92687,7391
2022-04-04 12:00:00,0.92687,0.92809,0.92499,0.92564,6624
2022-04-04 16:00:00,0.92563,0.92689,0.92449,0.92649,8471
2022-04-04 20:00:00,0.92648,0.92687,0.92607,0.92649,4424
2022-04-05 00:00:00,0.92623,0.9267,0.92539,0.92573,2650
2022-04-05 04:00:00,0.92572,0.92676,0.92562,0.92644,3435
2022-04-05 08:00:00,0.92644,0.92665,0.92505,0.9263,7048
2022-04-05 12:00:00,0.92631,0.92632,0.92438,0.92473,7089
2022-04-05 16:00:00,0.92473,0.92971,0.92373,0.92962,10624
2022-04-05 20:00:00,0.92963,0.92981,0.92884,0.92947,4227
2022-04-06 00:00:00,0.92943,0.93107,0.92895,0.93083,2520
2022-04-06 04:00:00,0.93083,0.93153,0.92979,0.93105,4676
2022-04-06 08:00:00,0.93106,0.93498,0.93066,0.93248,9262
2022-04-06 12:00:00,0.9325,0.93385,0.93218,0.933,8289
2022-04-06 16:00:00,0.93299,0.93394,0.93193,0.93261,9425
2022-04-06 20:00:00,0.93262,0.93442,0.93052,0.9331,10082
2022-04-07 00:00:00,0.93312,0.93342,0.93154,0.93218,2720
2022-04-07 04:00:00,0.93219,0.93297,0.93182,0.9328,4001
2022-04-07 08:00:00,0.93279,0.93327,0.93174,0.93297,7891
2022-04-07 12:00:00,0.933,0.93478,0.93254,0.93347,8815
2022-04-07 16:00:00,0.93344,0.93439,0.93203,0.93422,10026
2022-04-07 20:00:00,0.93421,0.93453,0.93296,0.93406,4958
2022-04-08 00:00:00,0.93339,0.93476,0.9329,0.93441,3179
2022-04-08 04:00:00,0.93441,0.93532,0.93401,0.93523,3328
2022-04-08 08:00:00,0.93523,0.93532,0.93397,0.93515,6999
2022-04-08 12:00:00,0.93514,0.93624,0.93452,0.93624,7048
2022-04-08 16:00:00,0.93623,0.93737,0.9327,0.93363,9859
2022-04-08 20:00:00,0.93364,0.93431,0.93346,0.93411,3568
2022-04-11 00:00:00,0.93175,0.93501,0.93175,0.93495,2909
2022-04-11 04:00:00,0.93494,0.93645,0.93419,0.93554,5414
2022-04-11 08:00:00,0.93553,0.93717,0.93412,0.93445,7457
2022-04-11 12:00:00,0.93442,0.93481,0.93287,0.9331,6809
2022-04-11 16:00:00,0.93305,0.93434,0.93035,0.93095,9316
2022-04-11 20:00:00,0.93096,0.93167,0.9306,0.93113,4300
2022-04-12 00:00:00,0.93058,0.93224,0.9305,0.93171,1846
2022-04-12 04:00:00,0.93173,0.93222,0.93049,0.93111,3521
2022-04-12 08:00:00,0.93112,0.93447,0.93067,0.93307,8717
2022-04-12 12:00:00,0.93308,0.93336,0.92898,0.92908,8050
2022-04-12 16:00:00,0.92912,0.93185,0.92865,0.93131,12888
2022-04-12 20:00:00,0.93134,0.93285,0.9311,0.93285,6133
2022-04-13 00:00:00,0.93265,0.93379,0.93203,0.93359,1703
2022-04-13 04:00:00,0.93359,0.93362,0.93213,0.93277,2913
2022-04-13 08:00:00,0.93277,0.93429,0.93139,0.93176,7549
2022-04-13 12:00:00,0.93181,0.93561,0.93156,0.93559,8013
2022-04-13 16:00:00,0.93562,0.93563,0.93244,0.9339,11712
2022-04-13 20:00:00,0.9339,0.93514,0.93356,0.93468,5595
2022-04-14 00:00:00,0.93306,0.93524,0.933,0.93494,2605
2022-04-14 04:00:00,0.93492,0.93531,0.93241,0.93276,3698
2022-04-14 08:00:00,0.93277,0.93507,0.93247,0.93506,6611
2022-04-14 12:00:00,0.93507,0.9377,0.93416,0.93746,9550
2022-04-14 16:00:00,0.93745,0.94333,0.93742,0.94297,15631
2022-04-14 20:00:00,0.94298,0.94326,0.94217,0.94232,4696
2022-04-15 00:00:00,0.94178,0.94332,0.94098,0.9426,3168
2022-04-15 04:00:00,0.94264,0.94439,0.94225,0.94283,6534
2022-04-15 08:00:00,0.94284,0.94365,0.94117,0.94227,14160
2022-04-15 12:00:00,0.94214,0.94252,0.94176,0.9419,6082
2022-04-15 16:00:00,0.9419,0.94358,0.94172,0.9426,6337
2022-04-15 20:00:00,0.9426,0.94368,0.94201,0.94275,810
2022-04-18 00:00:00,0.94198,0.94376,0.94182,0.94308,3491
2022-04-18 04:00:00,0.94307,0.94449,0.94224,0.9444,4764
2022-04-18 08:00:00,0.94439,0.94486,0.94316,0.94469,4372
2022-04-18 12:00:00,0.94468,0.94469,0.9421,0.94343,4317
2022-04-18 16:00:00,0.94344,0.94533,0.94255,0.94464,7226
2022-04-18 20:00:00,0.94464,0.94482,0.94408,0.94479,5117
2022-04-19 00:00:00,0.94329,0.94619,0.94327,0.94552,3081
2022-04-19 04:00:00,0.94553,0.94661,0.94494,0.94589,5785
2022-04-19 08:00:00,0.94589,0.94654,0.94414,0.94606,9414
2022-04-19 12:00:00,0.94606,0.94919,0.94337,0.94463,9194
2022-04-19 16:00:00,0.94465,0.94972,0.94458,0.94932,11857
2022-04-19 20:00:00,0.94932,0.95234,0.94877,0.95231,6166
2022-04-20 00:00:00,0.95158,0.95309,0.95137,0.95273,3353
2022-04-20 04:00:00,0.95273,0.95361,0.95069,0.95081,9476
2022-04-20 08:00:00,0.95084,0.95148,0.94801,0.94804,7643
2022-04-20 12:00:00,0.94806,0.94897,0.94544,0.9483,9566
2022-04-20 16:00:00,0.94831,0.94923,0.94599,0.94889,11636
2022-04-20 20:00:00,0.94892,0.94914,0.94761,0.94856,6992
2022-04-21 00:00:00,0.94851,0.94997,0.94831,0.94972,3509
2022-04-21 04:00:00,0.94972,0.95145,0.94948,0.95065,5824
2022-04-21 08:00:00,0.95065,0.95083,0.94573,0.94837,10661
2022-04-21 12:00:00,0.94836,0.94999,0.94707,0.94896,8769
2022-04-21 16:00:00,0.94896,0.9553,0.94876,0.95404,12147
2022-04-21 20:00:00,0.95405,0.95429,0.95224,0.9535,9802
2022-04-22 00:00:00,0.95314,0.95471,0.95291,0.95449,2739
2022-04-22 04:00:00,0.95449,0.9545,0.95306,0.95346,6164
2022-04-22 08:00:00,0.95345,0.9559,0.95287,0.95554,10307
2022-04-22 12:00:00,0.95555,0.95606,0.95437,0.95537,8710
2022-04-22 16:00:00,0.95537,0.95928,0.95432,0.95804,12037
2022-04-22 20:00:00,0.9581,0.95814,0.9562,0.95667,5745
2022-04-25 00:00:00,0.95637,0.9575,0.95551,0.95648,3841
2022-04-25 04:00:00,0.95648,0.95829,0.95629,0.95805,6588
2022-04-25 08:00:00,0.95804,0.95973,0.95618,0.95871,12165
2022-04-25 12:00:00,0.9587,0.95917,0.95469,0.9553,9697
2022-04-25 16:00:00,0.95528,0.95895,0.95525,0.95884,13257
2022-04-25 20:00:00,0.95886,0.95963,0.95827,0.95953,7013
2022-04-26 00:00:00,0.95818,0.95929,0.95699,0.95751,4591
2022-04-26 04:00:00,0.9575,0.95903,0.95704,0.95858,8255
2022-04-26 08:00:00,0.95857,0.96032,0.95822,0.9597,9311
2022-04-26 12:00:00,0.95967,0.95986,0.95673,0.95714,9033
2022-04-26 16:00:00,0.95708,0.96132,0.95646,0.96098,11408
2022-04-26 20:00:00,0.96098,0.96266,0.96079,0.96254,5368
2022-04-27 00:00:00,0.96192,0.96319,0.9615,0.96267,3294
2022-04-27 04:00:00,0.96264,0.96387,0.96167,0.96268,5565
2022-04-27 08:00:00,0.96269,0.96566,0.96243,0.9656,10512
2022-04-27 12:00:00,0.96561,0.96963,0.96324,0.96888,10873
2022-04-27 16:00:00,0.96891,0.97011,0.9678,0.96815,13013
2022-04-27 20:00:00,0.96817,0.96925,0.96744,0.96903,6514
2022-04-28 00:00:00,0.96675,0.96994,0.96675,0.96953,3229
2022-04-28 04:00:00,0.96952,0.97179,0.96889,0.97087,7423
2022-04-28 08:00:00,0.97087,0.97204,0.96804,0.97142,13909
2022-04-28 12:00:00,0.97143,0.9759,0.97019,0.9757,13153
2022-04-28 16:00:00,0.97568,0.97584,0.97048,0.97056,15239
2022-04-28 20:00:00,0.97057,0.97231,0.97046,0.97197,7621
2022-04-29 00:00:00,0.97134,0.97224,0.97097,0.97105,2328
2022-04-29 04:00:00,0.97108,0.97217,0.96997,0.97096,5051
2022-04-29 08:00:00,0.97094,0.97157,0.96796,0.96858,10650
2022-04-29 12:00:00,0.96857,0.97361,0.96841,0.97241,10974
2022-04-29 16:00:00,0.97242,0.97364,0.96709,0.97221,13793
2022-04-29 20:00:00,0.97221,0.97351,0.96991,0.97345,6551
2022-05-02 00:00:00,0.97087,0.97478,0.97038,0.97471,3223
2022-05-02 04:00:00,0.97471,0.97497,0.97342,0.97477,5113
2022-05-02 08:00:00,0.97479,0.97498,0.97143,0.97144,5891
2022-05-02 12:00:00,0.97144,0.97628,0.97144,0.97604,3932
2022-05-02 16:00:00,0.97603,0.97848,0.97517,0.97793,6621
2022-05-02 20:00:00,0.97793,0.97893,0.97735,0.97764,4073
2022-05-03 00:00:00,0.97778,0.97836,0.97659,0.97674,1617
2022-05-03 04:00:00,0.97675,0.97906,0.97664,0.97905,2325
2022-05-03 08:00:00,0.97905,0.97915,0.97735,0.97877,5384
2022-05-03 12:00:00,0.97878,0.97941,0.97203,0.97354,6950
2022-05-03 16:00:00,0.97353,0.97995,0.97287,0.97909,6429
2022-05-03 20:00:00,0.97912,0.97983,0.9779,0.97886,3723
2022-05-04 00:00:00,0.97752,0.97936,0.9773,0.97894,1342
2022-05-04 04:00:00,0.97893,0.97993,0.97851,0.97972,2379
2022-05-04 08:00:00,0.97973,0.9806,0.97813,0.9806,4662
2022-05-04 12:00:00,0.9806,0.98186,0.9791,0.98011,5296
2022-05-04 16:00:00,0.98011,0.98388,0.98001,0.98329,7629
2022-05-04 20:00:00,0.98329,0.98524,0.97207,0.97247,16371
2022-05-05 00:00:00,0.97212,0.97482,0.972,0.97329,3724
2022-05-05 04:00:00,0.97327,0.97366,0.97097,0.97308,4673
2022-05-05 08:00:00,0.9731,0.97988,0.97271,0.97823,8146
2022-05-05 12:00:00,0.97827,0.98272,0.97536,0.98257,10373
2022-05-05 16:00:00,0.98259,0.98881,0.98162,0.98754,13786
2022-05-05 20:00:00,0.98756,0.98898,0.98455,0.98499,6338
2022-05-06 00:00:00,0.98505,0.98603,0.98412,0.98555,3530
2022-05-06 04:00:00,0.98554,0.98838,0.98547,0.98639,5263
2022-05-06 08:00:00,0.98639,0.98807,0.98314,0.98455,9988
2022-05-06 12:00:00,0.98456,0.98796,0.98283,0.98685,10111
2022-05-06 16:00:00,0.98684,0.98878,0.98274,0.98648,13459
2022-05-06 20:00:00,0.98648,0.98921,0.986,0.98851,6345
2022-05-09 00:00:00,0.98671,0.99079,0.9867,0.99061,3674
2022-05-09 04:00:00,0.99061,0.99232,0.98996,0.99217,6068
2022-05-09 08:00:00,0.9922,0.99458,0.99167,0.99363,9061
2022-05-09 12:00:00,0.99362,0.99391,0.9893,0.99011,8774
2022-05-09 16:00:00,0.99011,0.99656,0.98982,0.99216,10592
2022-05-09 20:00:00,0.99219,0.99405,0.99208,0.99386,6450
2022-05-10 00:00:00,0.99372,0.99384,0.99222,0.99273,3432
2022-05-10 04:00:00,0.99274,0.99295,0.9912,0.99168,5513
2022-05-10 08:00:00,0.99168,0.99393,0.99098,0.99325,9967
2022-05-10 12:00:00,0.99324,0.99748,0.99071,0.9912,9367
2022-05-10 16:00:00,0.99133,0.99541,0.99056,0.99515,11431
2022-05-10 20:00:00,0.99514,0.99645,0.99466,0.99601,4560
2022-05-11 00:00:00,0.99562,0.99639,0.99501,0.99569,2476
2022-05-11 04:00:00,0.99569,0.99588,0.99455,0.99463,3757
2022-05-11 08:00:00,0.99465,0.99519,0.98772,0.98859,9654
2022-05-11 12:00:00,0.98859,0.99619,0.98719,0.99555,11288
2022-05-11 16:00:00,0.99558,0.99584,0.98738,0.9918,18245
2022-05-11 20:00:00,0.99179,0.99451,0.99131,0.99387,10502
2022-05-12 00:00:00,0.99393,0.99514,0.99175,0.99414,3094
2022-05-12 04:00:00,0.99415,0.99589,0.99385,0.99586,5373
2022-05-12 08:00:00,0.99586,0.99684,0.99319,0.99651,10967
2022-05-12 12:00:00,0.9965,0.99759,0.99466,0.99674,10785
2022-05-12 16:00:00,0.99665,1.00372,0.99595,1.00365,14459
2022-05-12 20:00:00,1.00362,1.00491,1.00291,1.00291,9233
2022-05-13 00:00:00,1.00309,1.00354,1.0024,1.00282,3504
2022-05-13 04:00:00,1.00284,1.00414,1.0017,1.00253,6874
2022-05-13 08:00:00,1.00252,1.00301,0.99937,1.00016,9710
2022-05-13 12:00:00,1.00015,1.00173,0.9992,1.00139,8735
2022-05-13 16:00:00,1.0014,1.00469,1.00044,1.00208,11954
2022-05-13 20:00:00,1.00206,1.00348,1.0016,1.00203,5255
2022-05-16 00:00:00,1.0009,1.00312,1.0007,1.00253,2366
2022-05-16 04:00:00,1.00252,1.00329,1.00172,1.00307,5701
2022-05-16 08:00:00,1.00308,1.00582,1.00225,1.00459,7144
2022-05-16 12:00:00,1.00459,1.00643,1.00329,1.00445,7153
2022-05-16 16:00:00,1.0045,1.0061,1.0024,1.00247,8479
2022-05-16 20:00:00,1.00251,1.00335,1.00076,1.00184,4198
2022-05-17 00:00:00,1.00146,1.00226,1.00106,1.00168,3187
2022-05-17 04:00:00,1.00164,1.00236,1.00137,1.00178,4280
2022-05-17 08:00:00,1.00177,1.00181,0.99576,0.99636,8249
2022-05-17 12:00:00,0.99635,0.99739,0.99181,0.99227,10352
2022-05-17 16:00:00,0.99225,0.99397,0.99188,0.99352,9546
2022-05-17 20:00:00,0.9935,0.99589,0.99242,0.9936,8672
2022-05-18 00:00:00,0.99313,0.9944,0.99236,0.99277,2778
2022-05-18 04:00:00,0.99276,0.99476,0.99276,0.99449,4779
2022-05-18 08:00:00,0.99451,0.99845,0.9937,0.99735,7665
2022-05-18 12:00:00,0.99728,0.99775,0.99546,0.99712,7599
2022-05-18 16:00:00,0.99712,0.99746,0.98621,0.9873,11100
2022-05-18 20:00:00,0.98726,0.98869,0.98606,0.98809,5478
2022-05-19 00:00:00,0.98836,0.98862,0.98587,0.98694,4400
2022-05-19 04:00:00,0.98693,0.98743,0.98527,0.98589,5968
2022-05-19 08:00:00,0.98588,0.98659,0.97579,0.9763,9880
2022-05-19 12:00:00,0.97631,0.97808,0.97198,0.97384,9772
2022-05-19 16:00:00,0.9738,0.97391,0.97095,0.97131,15358
2022-05-19 20:00:00,0.97135,0.97283,0.9697,0.97268,6850
2022-05-20 00:00:00,0.97123,0.97338,0.97117,0.97294,2815
2022-05-20 04:00:00,0.97293,0.97357,0.9705,0.97092,6161
2022-05-20 08:00:00,0.97094,0.97459,0.96939,0.97274,10003
2022-05-20 12:00:00,0.97274,0.97363,0.97,0.97356,8811
2022-05-20 16:00:00,0.97355,0.97585,0.97313,0.97463,11678
2022-05-20 20:00:00,0.97462,0.97641,0.97413,0.97458,6300
2022-05-23 00:00:00,0.97427,0.97512,0.97292,0.97362,3135
2022-05-23 04:00:00,0.97363,0.97397,0.97126,0.97192,3718
2022-05-23 08:00:00,0.97199,0.97283,0.96893,0.96895,8440
2022-05-23 12:00:00,0.96895,0.96923,0.96288,0.96515,10448
2022-05-23 16:00:00,0.96517,0.96658,0.96407,0.96635,8944
2022-05-23 20:00:00,0.96635,0.96691,0.96531,0.96556,4939
2022-05-24 00:00:00,0.96556,0.96687,0.96517,0.96672,2323
2022-05-24 04:00:00,0.96672,0.967,0.96614,0.96669,3951
2022-05-24 08:00:00,0.9667,0.96675,0.96105,0.96307,10619
2022-05-24 12:00:00,0.96306,0.96655,0.96238,0.96372,9613
2022-05-24 16:00:00,0.96372,0.96387,0.95741,0.96052,12831
2022-05-24 20:00:00,0.96053,0.96109,0.95985,0.96062,5175
2022-05-25 00:00:00,0.95943,0.9615,0.95932,0.96118,2181
2022-05-25 04:00:00,0.96116,0.96291,0.96087,0.96226,6830
2022-05-25 08:00:00,0.96226,0.96304,0.9613,0.96275,9363
2022-05-25 12:00:00,0.96276,0.96422,0.96072,0.96197,10466
2022-05-25 16:00:00,0.96191,0.96382,0.96131,0.96382,9494
2022-05-25 20:00:00,0.96381,0.96386,0.96086,0.9621,7166
2022-05-26 00:00:00,0.96112,0.96197,0.96027,0.96142,2989
2022-05-26 04:00:00,0.96142,0.96246,0.96115,0.96239,5434
2022-05-26 08:00:00,0.96239,0.96326,0.95905,0.95968,7642
2022-05-26 12:00:00,0.95969,0.96159,0.95827,0.96095,10049
2022-05-26 16:00:00,0.96096,0.96137,0.95912,0.96066,9237
2022-05-26 20:00:00,0.96067,0.96079,0.95878,0.95885,4683
2022-05-27 00:00:00,0.9591,0.95916,0.95832,0.95837,2246
2022-05-27 04:00:00,0.95835,0.9586,0.95652,0.9577,4693
2022-05-27 08:00:00,0.95771,0.96026,0.95746,0.95871,7682
2022-05-27 12:00:00,0.95868,0.95985,0.95488,0.95797,8428
2022-05-27 16:00:00,0.95791,0.95852,0.95447,0.95779,9348
2022-05-27 20:00:00,0.95779,0.95847,0.95708,0.95722,3395
2022-05-30 00:00:00,0.95646,0.95832,0.95522,0.95785,3837
2022-05-30 04:00:00,0.95784,0.95809,0.9556,0.95638,5667
2022-05-30 08:00:00,0.95638,0.95893,0.95539,0.95662,6621
2022-05-30 12:00:00,0.95662,0.96062,0.95652,0.96011,7493
2022-05-30 16:00:00,0.96013,0.9603,0.95682,0.95752,6013
2022-05-30 20:00:00,0.95753,0.95779,0.95704,0.95733,1587
2022-05-31 00:00:00,0.95667,0.96124,0.95605,0.96109,2626
2022-05-31 04:00:00,0.96113,0.96136,0.95925,0.96002,5899
2022-05-31 08:00:00,0.95999,0.96163,0.95891,0.96085,7365
2022-05-31 12:00:00,0.96084,0.96203,0.95793,0.96133,9677
2022-05-31 16:00:00,0.96129,0.96129,0.95679,0.95839,13299
2022-05-31 20:00:00,0.95841,0.9599,0.95695,0.95928,4742
2022-06-01 00:00:00,0.95804,0.96007,0.95772,0.96005,3369
2022-06-01 04:00:00,0.96004,0.96171,0.96003,0.96141,5652
2022-06-01 08:00:00,0.96142,0.96185,0.95892,0.96144,6940
2022-06-01 12:00:00,0.96143,0.96274,0.96014,0.96036,6832
2022-06-01 16:00:00,0.96034,0.96589,0.95959,0.96354,12359
2022-06-01 20:00:00,0.96361,0.96376,0.96226,0.96328,4746
2022-06-02 00:00:00,0.9625,0.96352,0.9617,0.96278,2932
2022-06-02 04:00:00,0.96279,0.96364,0.96244,0.96285,4158
2022-06-02 08:00:00,0.96284,0.96355,0.95752,0.96077,8452
2022-06-02 12:00:00,0.96079,0.96124,0.95806,0.95898,7851
2022-06-02 16:00:00,0.95897,0.96147,0.95825,0.95873,10107
2022-06-02 20:00:00,0.95873,0.95912,0.95751,0.95751,4285
2022-06-03 00:00:00,0.95715,0.95805,0.95681,0.95707,2200
2022-06-03 04:00:00,0.95703,0.95796,0.95703,0.95795,3444
2022-06-03 08:00:00,0.95796,0.95838,0.95567,0.95824,5201
2022-06-03 12:00:00,0.95827,0.96427,0.95809,0.96263,8550
2022-06-03 16:00:00,0.96262,0.96385,0.9601,0.96235,9969
2022-06-03 20:00:00,0.96237,0.96304,0.96206,0.96286,3513
2022-06-06 00:00:00,0.96188,0.96333,0.96171,0.96283,2963
2022-06-06 04:00:00,0.96284,0.96284,0.96128,0.9616,2791
2022-06-06 08:00:00,0.96155,0.96237,0.96055,0.96077,5701
2022-06-06 12:00:00,0.96078,0.96336,0.96054,0.96303,4364
2022-06-06 16:00:00,0.963,0.96993,0.96293,0.96961,9815
2022-06-06 20:00:00,0.96962,0.97142,0.96948,0.97063,4443
2022-06-07 00:00:00,0.97017,0.97186,0.96997,0.97167,2648
2022-06-07 04:00:00,0.97166,0.97246,0.97055,0.97191,5523
2022-06-07 08:00:00,0.9719,0.97586,0.97164,0.97583,8060
2022-06-07 12:00:00,0.97583,0.97791,0.97539,0.97654,7386
2022-06-07 16:00:00,0.97664,0.977,0.97201,0.97331,10489
2022-06-07 20:00:00,0.9733,0.97412,0.97158,0.97266,4014
2022-06-08 00:00:00,0.97202,0.97417,0.97168,0.97414,2294
2022-06-08 04:00:00,0.97414,0.97526,0.9738,0.97526,5095
2022-06-08 08:00:00,0.97527,0.97888,0.97367,0.97884,7363
2022-06-08 12:00:00,0.97885,0.97888,0.97532,0.97734,8946
2022-06-08 16:00:00,0.97733,0.97759,0.97302,0.97572,9926
2022-06-08 20:00:00,0.97572,0.97882,0.97572,0.97847,3643
2022-06-09 00:00:00,0.97722,0.97932,0.97722,0.97892,2258
2022-06-09 04:00:00,0.97889,0.97909,0.97688,0.97783,3752
2022-06-09 08:00:00,0.97784,0.98009,0.97695,0.9787,6847
2022-06-09 12:00:00,0.9787,0.97914,0.97516,0.97518,12532
2022-06-09 16:00:00,0.97519,0.97966,0.97237,0.97807,15066
2022-06-09 20:00:00,0.97808,0.98174,0.97764,0.98022,4956
2022-06-10 00:00:00,0.97989,0.98085,0.97938,0.9794,3549
2022-06-10 04:00:00,0.97941,0.97999,0.97888,0.97954,4615
2022-06-10 08:00:00,0.97953,0.97954,0.97661,0.97905,9056
2022-06-10 12:00:00,0.97905,0.98665,0.97877,0.98622,11246
2022-06-10 16:00:00,0.98617,0.9898,0.98477,0.98876,15371
2022-06-10 20:00:00,0.98879,0.98892,0.98723,0.98725,5382
2022-06-13 00:00:00,0.98757,0.98997,0.98696,0.9896,4571
2022-06-13 04:00:00,0.9896,0.98999,0.98838,0.98894,6802
2022-06-13 08:00:00,0.98896,0.99237,0.98817,0.99141,9838
2022-06-13 12:00:00,0.99142,0.99453,0.99023,0.99173,12964
2022-06-13 16:00:00,0.99172,0.99786,0.99138,0.99584,14144
2022-06-13 20:00:00,0.99583,0.99945,0.99461,0.99716,11243
2022-06-14 00:00:00,0.997,0.9977,0.99543,0.99573,3769
2022-06-14 04:00:00,0.99574,0.99774,0.99486,0.99598,9849
2022-06-14 08:00:00,0.99597,0.99688,0.98735,0.98894,11861
2022-06-14 12:00:00,0.98894,0.99539,0.98863,0.99507,14507
2022-06-14 16:00:00,0.99509,1.00279,0.99369,1.00261,17248
2022-06-14 20:00:00,1.00264,1.00368,1.0001,1.00151,9288
2022-06-15 00:00:00,1.00183,1.00201,0.99891,0.99964,6427
2022-06-15 04:00:00,0.99965,1.00089,0.99862,1.00081,8225
2022-06-15 08:00:00,1.00083,1.00196,0.99712,0.99713,15376
2022-06-15 12:00:00,0.99714,1.00094,0.99609,1.00053,15980
2022-06-15 16:00:00,1.00053,1.003,0.99909,1.00291,14196
2022-06-15 20:00:00,1.0029,1.00497,0.99312,0.99423,22499
2022-06-16 00:00:00,0.99376,0.99622,0.99321,0.99516,5872
2022-06-16 04:00:00,0.99514,0.99815,0.99486,0.99575,7726
2022-06-16 08:00:00,0.99574,0.99892,0.97849,0.97989,17574
2022-06-16 12:00:00,0.97988,0.98173,0.97207,0.9749,18741
2022-06-16 16:00:00,0.97489,0.97495,0.96438,0.96548,19378
2022-06-16 20:00:00,0.96546,0.96659,0.96308,0.96657,10459
2022-06-17 00:00:00,0.96586,0.9687,0.96522,0.96837,6975
2022-06-17 04:00:00,0.96833,0.97117,0.96807,0.96898,10805
2022-06-17 08:00:00,0.96897,0.96976,0.96338,0.96552,16007
2022-06-17 12:00:00,0.96552,0.9674,0.962,0.96321,13369
2022-06-17 16:00:00,0.96322,0.97325,0.96295,0.97149,18007
2022-06-17 20:00:00,0.97148,0.97163,0.96923,0.96961,8817
2022-06-20 00:00:00,0.97008,0.9712,0.96845,0.96951,4404
2022-06-20 04:00:00,0.96948,0.96971,0.96591,0.96694,7881
2022-06-20 08:00:00,0.96694,0.9673,0.96433,0.96542,10634
2022-06-20 12:00:00,0.96539,0.96668,0.96217,0.96576,9111
2022-06-20 16:00:00,0.96579,0.96824,0.9655,0.96728,9707
2022-06-20 20:00:00,0.96727,0.96901,0.96726,0.96764,4949
2022-06-21 00:00:00,0.9675,0.96792,0.96611,0.96616,3837
2022-06-21 04:00:00,0.96616,0.96742,0.96573,0.96696,5033
2022-06-21 08:00:00,0.96693,0.96757,0.96388,0.96485,10198
2022-06-21 12:00:00,0.96484,0.96839,0.96477,0.96801,11821
2022-06-21 16:00:00,0.96807,0.9681,0.96323,0.96596,14108
2022-06-21 20:00:00,0.96596,0.9672,0.96507,0.96622,7641
2022-06-22 00:00:00,0.96543,0.96798,0.96498,0.96765,5136
2022-06-22 04:00:00,0.96764,0.96805,0.96577,0.96767,7549
2022-06-22 08:00:00,0.96767,0.96897,0.96617,0.96769,12245
2022-06-22 12:00:00,0.9677,0.96811,0.96288,0.96323,12366
2022-06-22 16:00:00,0.96322,0.96386,0.95807,0.96225,17084
2022-06-22 20:00:00,0.96225,0.96234,0.96027,0.96118,6005
2022-06-23 00:00:00,0.96091,0.96196,0.96048,0.96053,4212
2022-06-23 04:00:00,0.96054,0.96244,0.95984,0.96146,9583
2022-06-23 08:00:00,0.96145,0.96785,0.96034,0.96771,13854
2022-06-23 12:00:00,0.96771,0.96771,0.96267,0.96343,13088
2022-06-23 16:00:00,0.96341,0.96342,0.95674,0.96057,20137
2022-06-23 20:00:00,0.96057,0.96192,0.95986,0.9615,7736
2022-06-24 00:00:00,0.96099,0.96272,0.96088,0.96169,3307
2022-06-24 04:00:00,0.9617,0.96203,0.96005,0.96036,6900
2022-06-24 08:00:00,0.96037,0.96326,0.95864,0.95971,10847
2022-06-24 12:00:00,0.95973,0.95984,0.95455,0.9558,12231
2022-06-24 16:00:00,0.95576,0.95874,0.95216,0.95829,18181
2022-06-24 20:00:00,0.9583,0.96016,0.95774,0.95859,6045
2022-06-27 00:00:00,0.95675,0.95829,0.95627,0.95753,4690
2022-06-27 04:00:00,0.95752,0.95818,0.95641,0.95696,8091
2022-06-27 08:00:00,0.95694,0.95851,0.95588,0.95808,9486
2022-06-27 12:00:00,0.95807,0.96201,0.95705,0.96022,11959
2022-06-27 16:00:00,0.96018,0.96018,0.95427,0.95497,13481
2022-06-27 20:00:00,0.95498,0.95659,0.9546,0.95624,5965
2022-06-28 00:00:00,0.95581,0.95672,0.95568,0.95593,3341
2022-06-28 04:00:00,0.95593,0.95642,0.95511,0.95637,5250
2022-06-28 08:00:00,0.95637,0.95679,0.9538,0.95409,10895
2022-06-28 12:00:00,0.95411,0.95845,0.9534,0.95796,12268
2022-06-28 16:00:00,0.95797,0.9587,0.95582,0.95658,14680
2022-06-28 20:00:00,0.95661,0.95796,0.95561,0.95729,7084
2022-06-29 00:00:00,0.95674,0.95748,0.95634,0.95686,3014
2022-06-29 04:00:00,0.95687,0.95714,0.95504,0.95695,7330
2022-06-29 08:00:00,0.95695,0.95782,0.95458,0.95539,13046
2022-06-29 12:00:00,0.95538,0.95544,0.94951,0.95254,14479
2022-06-29 16:00:00,0.95254,0.95506,0.95184,0.95495,16795
2022-06-29 20:00:00,0.95497,0.95539,0.95412,0.95469,5133
2022-06-30 00:00:00,0.95458,0.95551,0.95403,0.95449,4645
2022-06-30 04:00:00,0.95453,0.95523,0.95368,0.95423,6436
2022-06-30 08:00:00,0.95424,0.95745,0.95296,0.95578,13532
2022-06-30 12:00:00,0.95578,0.96052,0.95551,0.958,13440
2022-06-30 16:00:00,0.958,0.95941,0.95348,0.9537,16481
2022-06-30 20:00:00,0.95369,0.95512,0.95354,0.95482,6140
2022-07-01 00:00:00,0.95459,0.95573,0.95399,0.95556,3990
2022-07-01 04:00:00,0.95557,0.95734,0.95488,0.95668,7822
2022-07-01 08:00:00,0.95672,0.95971,0.9547,0.95809,13337
2022-07-01 12:00:00,0.95809,0.96261,0.95692,0.96261,13365
2022-07-01 16:00:00,0.96261,0.96416,0.96015,0.9619,18533
2022-07-01 20:00:00,0.96192,0.96225,0.95922,0.95965,5784
2022-07-04 00:00:00,0.96026,0.96049,0.95804,0.95843,6842
2022-07-04 04:00:00,0.95842,0.95956,0.95817,0.95929,6324
2022-07-04 08:00:00,0.9593,0.96058,0.95615,0.95989,8994
2022-07-04 12:00:00,0.9599,0.96104,0.95887,0.96072,9277
2022-07-04 16:00:00,0.9607,0.96174,0.95984,0.96115,8662
2022-07-04 20:00:00,0.96115,0.96161,0.96071,0.96117,1802
2022-07-05 00:00:00,0.96075,0.96114,0.9603,0.96082,3755
2022-07-05 04:00:00,0.96082,0.96143,0.96032,0.96041,6675
2022-07-05 08:00:00,0.96042,0.96471,0.95928,0.96439,13235
2022-07-05 12:00:00,0.96436,0.96747,0.96296,0.96616,15258
2022-07-05 16:00:00,0.96617,0.97046,0.96584,0.96954,16891
2022-07-05 20:00:00,0.96954,0.96997,0.96793,0.96848,8686
2022-07-06 00:00:00,0.96772,0.96893,0.96761,0.96812,4740
2022-07-06 04:00:00,0.96811,0.96893,0.96718,0.96841,8606
2022-07-06 08:00:00,0.96842,0.96991,0.96714,0.96915,14496
2022-07-06 12:00:00,0.96913,0.97255,0.96872,0.97138,15668
2022-07-06 16:00:00,0.97138,0.97436,0.96881,0.97134,19338
2022-07-06 20:00:00,0.97134,0.9728,0.96975,0.97071,11656
2022-07-07 00:00:00,0.96937,0.97082,0.96929,0.97008,4568
2022-07-07 04:00:00,0.97008,0.97034,0.96848,0.96875,9977
2022-07-07 08:00:00,0.96875,0.97202,0.96816,0.97145,13047
2022-07-07 12:00:00,0.97146,0.97417,0.97088,0.97409,15317
2022-07-07 16:00:00,0.97408,0.97431,0.97194,0.97399,15280
2022-07-07 20:00:00,0.97401,0.97482,0.97362,0.97482,4407
2022-07-08 00:00:00,0.97307,0.97434,0.97269,0.97282,4437
2022-07-08 04:00:00,0.97281,0.97465,0.97229,0.97385,9795
2022-07-08 08:00:00,0.97385,0.97974,0.97327,0.97708,13560
2022-07-08 12:00:00,0.97708,0.97925,0.97463,0.97785,15368
2022-07-08 16:00:00,0.97783,0.97929,0.97524,0.97817,18662
2022-07-08 20:00:00,0.97819,0.97893,0.97608,0.9765,6683
2022-07-11 00:00:00,0.97592,0.9789,0.9758,0.97886,6324
2022-07-11 04:00:00,0.97888,0.97973,0.97761,0.97825,7577
2022-07-11 08:00:00,0.97825,0.98014,0.97805,0.97935,12043
2022-07-11 12:00:00,0.97937,0.98243,0.9788,0.98145,11911
2022-07-11 16:00:00,0.98146,0.98431,0.97905,0.98004,16835
2022-07-11 20:00:00,0.98006,0.98334,0.97868,0.98297,6973
2022-07-12 00:00:00,0.98273,0.98341,0.98165,0.98211,4118
2022-07-12 04:00:00,0.98211,0.98438,0.98195,0.98357,11194
2022-07-12 08:00:00,0.98356,0.98527,0.98326,0.98468,16166
2022-07-12 12:00:00,0.98468,0.98586,0.98271,0.98291,17173
2022-07-12 16:00:00,0.9829,0.98375,0.98037,0.98136,14953
2022-07-12 20:00:00,0.98134,0.98243,0.98095,0.98158,7289
2022-07-13 00:00:00,0.98175,0.98266,0.98169,0.98233,1977
2022-07-13 04:00:00,0.98225,0.98299,0.98115,0.98202,8014
2022-07-13 08:00:00,0.98201,0.98252,0.97756,0.97875,13853
2022-07-13 12:00:00,0.97876,0.98198,0.97566,0.98057,15035
2022-07-13 16:00:00,0.98057,0.9827,0.97625,0.97736,22986
2022-07-13 20:00:00,0.97737,0.97949,0.97674,0.97893,10390
2022-07-14 00:00:00,0.97738,0.9817,0.97738,0.98137,4285
2022-07-14 04:00:00,0.98134,0.98262,0.98107,0.98214,9204
2022-07-14 08:00:00,0.98214,0.98626,0.98171,0.98445,14360
2022-07-14 12:00:00,0.98446,0.98517,0.98261,0.98506,15790
2022-07-14 16:00:00,0.98501,0.98857,0.98223,0.98525,21873
2022-07-14 20:00:00,0.98527,0.98527,0.98242,0.98348,13856
2022-07-15 00:00:00,0.98272,0.98389,0.9821,0.98251,4287
2022-07-15 04:00:00,0.98252,0.98323,0.98102,0.98263,6762
2022-07-15 08:00:00,0.98264,0.98413,0.98013,0.98024,12006
2022-07-15 12:00:00,0.98028,0.98095,0.97706,0.97749,13882
2022-07-15 16:00:00,0.97748,0.98201,0.97706,0.9778,17698
2022-07-15 20:00:00,0.97776,0.97853,0.9764,0.97648,5571
2022-07-18 00:00:00,0.97633,0.97697,0.97467,0.97506,3833
2022-07-18 04:00:00,0.97504,0.97623,0.97367,0.97609,6993
2022-07-18 08:00:00,0.97609,0.97697,0.97372,0.97451,13168
2022-07-18 12:00:00,0.9745,0.97898,0.97319,0.97753,12517
2022-07-18 16:00:00,0.97755,0.97835,0.97309,0.97627,14358
2022-07-18 20:00:00,0.97628,0.97765,0.97558,0.97727,7761
2022-07-19 00:00:00,0.97727,0.97831,0.97662,0.97828,3514
2022-07-19 04:00:00,0.97827,0.97865,0.9765,0.97733,6398
2022-07-19 08:00:00,0.97731,0.97736,0.96948,0.97002,14604
2022-07-19 12:00:00,0.97001,0.97104,0.96722,0.96782,15308
2022-07-19 16:00:00,0.96784,0.96935,0.96541,0.96832,15429
2022-07-19 20:00:00,0.96831,0.96946,0.96793,0.96891,7610
2022-07-20 00:00:00,0.96891,0.96921,0.96748,0.96824,4254
2022-07-20 04:00:00,0.96823,0.96872,0.96778,0.96857,5389
2022-07-20 08:00:00,0.96857,0.97025,0.96761,0.9696,12564
2022-07-20 12:00:00,0.96964,0.97166,0.96798,0.96994,14562
2022-07-20 16:00:00,0.96995,0.97359,0.96849,0.97306,15081
2022-07-20 20:00:00,0.97308,0.97358,0.97142,0.97144,8959
2022-07-21 00:00:00,0.97144,0.97196,0.9703,0.97163,6392
2022-07-21 04:00:00,0.97163,0.97199,0.96947,0.96969,8735
2022-07-21 08:00:00,0.96974,0.97391,0.96948,0.97239,13032
2022-07-21 12:00:00,0.97241,0.97333,0.967,0.96717,16276
2022-07-21 16:00:00,0.96719,0.97261,0.96677,0.96965,20198
2022-07-21 20:00:00,0.96966,0.96989,0.96647,0.96663,7352
2022-07-22 00:00:00,0.96657,0.96722,0.96581,0.96715,4210
2022-07-22 04:00:00,0.96716,0.96898,0.96682,0.96894,5430
2022-07-22 08:00:00,0.96896,0.9704,0.96685,0.96798,12866
2022-07-22 12:00:00,0.96799,0.96803,0.96441,0.96604,14436
2022-07-22 16:00:00,0.96605,0.96645,0.95998,0.96075,17587
2022-07-22 20:00:00,0.96074,0.96406,0.96033,0.96354,4993
2022-07-25 00:00:00,0.96228,0.96456,0.9606,0.96431,4073
2022-07-25 04:00:00,0.96431,0.96431,0.96207,0.96297,7089
2022-07-25 08:00:00,0.96298,0.966,0.9629,0.96351,12777
2022-07-25 12:00:00,0.96352,0.96496,0.96179,0.96383,12568
2022-07-25 16:00:00,0.96381,0.96577,0.96345,0.96517,11970
2022-07-25 20:00:00,0.96519,0.9653,0.96399,0.96469,4770
2022-07-26 00:00:00,0.96397,0.96472,0.96339,0.96354,2111
2022-07-26 04:00:00,0.96354,0.96433,0.96226,0.96433,4900
2022-07-26 08:00:00,0.96433,0.96554,0.96308,0.96411,9238
2022-07-26 12:00:00,0.96411,0.96675,0.9635,0.96391,13756
2022-07-26 16:00:00,0.96391,0.96472,0.96155,0.96248,11160
2022-07-26 20:00:00,0.96252,0.96364,0.96204,0.96309,5411
2022-07-27 00:00:00,0.96219,0.96296,0.96169,0.9622,2892
2022-07-27 04:00:00,0.96225,0.96261,0.9615,0.96166,5674
2022-07-27 08:00:00,0.96165,0.96379,0.96075,0.96129,9137
2022-07-27 12:00:00,0.96129,0.9628,0.96044,0.96201,10725
2022-07-27 16:00:00,0.96196,0.96592,0.96036,0.96557,11503
2022-07-27 20:00:00,0.96556,0.96574,0.95836,0.95936,16168
2022-07-28 00:00:00,0.95917,0.95987,0.95786,0.95935,6438
2022-07-28 04:00:00,0.95931,0.95957,0.9572,0.95899,9929
2022-07-28 08:00:00,0.959,0.96045,0.95737,0.9574,12181
2022-07-28 12:00:00,0.95744,0.96319,0.95663,0.95735,16319
2022-07-28 16:00:00,0.95736,0.959,0.95568,0.95652,16957
2022-07-28 20:00:00,0.95652,0.95697,0.95445,0.95461,6067
2022-07-29 00:00:00,0.9558,0.95585,0.95365,0.95412,4416
2022-07-29 04:00:00,0.95412,0.95454,0.95142,0.95247,8493
2022-07-29 08:00:00,0.95245,0.95321,0.9502,0.95251,14223
2022-07-29 12:00:00,0.95253,0.95712,0.95145,0.95697,14746
2022-07-29 16:00:00,0.95698,0.9594,0.95075,0.95222,18144
2022-07-29 20:00:00,0.95222,0.95334,0.9509,0.95134,5940
2022-08-01 00:00:00,0.952,0.95339,0.9511,0.9516,4856
2022-08-01 04:00:00,0.9516,0.95182,0.95009,0.95109,8795
2022-08-01 08:00:00,0.95115,0.95188,0.94949,0.9496,10947
2022-08-01 12:00:00,0.94959,0.95045,0.94825,0.94963,11929
2022-08-01 16:00:00,0.94962,0.95137,0.94822,0.94946,14613
2022-08-01 20:00:00,0.94947,0.95161,0.94947,0.94996,5530
2022-08-02 00:00:00,0.94961,0.95069,0.94705,0.94837,5798
2022-08-02 04:00:00,0.94837,0.95043,0.94794,0.94969,10248
2022-08-02 08:00:00,0.94971,0.95335,0.94952,0.95158,13640
2022-08-02 12:00:00,0.95163,0.95305,0.95049,0.95228,12914
2022-08-02 16:00:00,0.95224,0.95595,0.95209,0.95394,19435
2022-08-02 20:00:00,0.95395,0.95747,0.95379,0.95732,8757
2022-08-03 00:00:00,0.95727,0.95903,0.95659,0.95848,5400
2022-08-03 04:00:00,0.95848,0.95855,0.95422,0.95489,7515
2022-08-03 08:00:00,0.9549,0.95944,0.95482,0.95922,11387
2022-08-03 12:00:00,0.95922,0.96029,0.957,0.95962,13001
2022-08-03 16:00:00,0.95966,0.96512,0.9596,0.96266,17807
2022-08-03 20:00:00,0.96264,0.96301,0.96017,0.96036,6821
2022-08-04 00:00:00,0.96035,0.96171,0.96017,0.96052,4077
2022-08-04 04:00:00,0.96054,0.9614,0.96017,0.96102,6231
2022-08-04 08:00:00,0.96102,0.96229,0.96061,0.96089,9583
2022-08-04 12:00:00,0.9609,0.96114,0.95799,0.9589,12605
2022-08-04 16:00:00,0.95891,0.96064,0.95512,0.95565,14594
2022-08-04 20:00:00,0.95569,0.95592,0.95437,0.95496,5345
2022-08-05 00:00:00,0.95421,0.95568,0.95389,0.95556,5749
2022-08-05 04:00:00,0.95555,0.95668,0.95519,0.9565,6049
2022-08-05 08:00:00,0.9565,0.95743,0.95551,0.95571,8172
2022-08-05 12:00:00,0.9557,0.96249,0.95378,0.96221,11850
2022-08-05 16:00:00,0.96215,0.96498,0.96138,0.96221,18527
2022-08-05 20:00:00,0.96226,0.96239,0.96114,0.9617,6737
2022-08-08 00:00:00,0.96135,0.96348,0.96118,0.96272,3328
2022-08-08 04:00:00,0.96271,0.96291,0.96109,0.96116,5714
2022-08-08 08:00:00,0.96119,0.96157,0.95694,0.95822,9664
2022-08-08 12:00:00,0.95821,0.9592,0.95644,0.95744,9400
2022-08-08 16:00:00,0.95743,0.95782,0.9522,0.95522,11329
2022-08-08 20:00:00,0.95521,0.95651,0.95456,0.95535,5520
2022-08-09 00:00:00,0.95535,0.9556,0.95486,0.95544,2878
2022-08-09 04:00:00,0.95545,0.95554,0.95501,0.95511,4666
2022-08-09 08:00:00,0.9551,0.95531,0.95181,0.95187,7459
2022-08-09 12:00:00,0.95186,0.95495,0.95163,0.95185,10410
2022-08-09 16:00:00,0.95188,0.95363,0.95112,0.95355,9373
2022-08-09 20:00:00,0.95355,0.95463,0.95339,0.95381,3992
2022-08-10 00:00:00,0.95307,0.9545,0.95296,0.95424,2421
2022-08-10 04:00:00,0.95425,0.95425,0.95324,0.95368,3424
2022-08-10 08:00:00,0.95368,0.95408,0.95092,0.95168,7373
2022-08-10 12:00:00,0.95169,0.9519,0.94071,0.94296,12840
2022-08-10 16:00:00,0.94295,0.94375,0.93935,0.94062,18123
2022-08-10 20:00:00,0.94057,0.94306,0.94004,0.94265,7583
2022-08-11 00:00:00,0.94217,0.94286,0.94205,0.94269,3487
2022-08-11 04:00:00,0.94268,0.94448,0.94268,0.94413,7085
2022-08-11 08:00:00,0.94412,0.94459,0.93913,0.93914,9898
2022-08-11 12:00:00,0.93915,0.94177,0.9382,0.93842,12197
2022-08-11 16:00:00,0.93845,0.94081,0.93704,0.93951,14321
2022-08-11 20:00:00,0.93949,0.94235,0.93938,0.94111,6203
2022-08-12 00:00:00,0.94109,0.94257,0.94074,0.9418,3252
2022-08-12 04:00:00,0.94177,0.94248,0.94109,0.94162,5338
2022-08-12 08:00:00,0.94163,0.94267,0.94079,0.9408,8309
2022-08-12 12:00:00,0.94081,0.94337,0.94081,0.94164,10357
2022-08-12 16:00:00,0.94164,0.94504,0.94086,0.94191,14048
2022-08-12 20:00:00,0.94189,0.94254,0.9413,0.94139,3726
2022-08-15 00:00:00,0.94098,0.94216,0.94059,0.94114,2399
2022-08-15 04:00:00,0.94115,0.94262,0.94103,0.94236,4720
2022-08-15 08:00:00,0.94236,0.94615,0.94195,0.94572,7983
2022-08-15 12:00:00,0.9457,0.94674,0.94207,0.94387,11839
2022-08-15 16:00:00,0.94384,0.94568,0.94188,0.94523,10422
2022-08-15 20:00:00,0.94522,0.94711,0.9452,0.94639,4557
2022-08-16 00:00:00,0.94526,0.94654,0.9452,0.94642,3718
2022-08-16 04:00:00,0.94642,0.94693,0.94542,0.94654,4646
2022-08-16 08:00:00,0.94654,0.94922,0.9455,0.94866,10545
2022-08-16 12:00:00,0.94863,0.95141,0.94847,0.9503,12761
2022-08-16 16:00:00,0.9503,0.95131,0.94824,0.95057,10749
2022-08-16 20:00:00,0.95058,0.9507,0.9491,0.94944,6178
2022-08-17 00:00:00,0.9493,0.95012,0.94861,0.94922,4385
2022-08-17 04:00:00,0.94922,0.94974,0.94828,0.94903,4690
2022-08-17 08:00:00,0.94904,0.95221,0.94883,0.95094,11069
2022-08-17 12:00:00,0.95092,0.95387,0.95,0.95222,12835
2022-08-17 16:00:00,0.95223,0.95434,0.95116,0.95329,11914
2022-08-17 20:00:00,0.95326,0.95362,0.94978,0.95154,9872
2022-08-18 00:00:00,0.95146,0.95191,0.94977,0.95017,3354
2022-08-18 04:00:00,0.95018,0.95223,0.95007,0.95196,5809
2022-08-18 08:00:00,0.95197,0.95412,0.95124,0.95352,10609
2022-08-18 12:00:00,0.95354,0.95444,0.95012,0.95122,12645
2022-08-18 16:00:00,0.95121,0.95677,0.95055,0.95662,13606
2022-08-18 20:00:00,0.95663,0.95712,0.95555,0.95692,5957
2022-08-19 00:00:00,0.95563,0.95818,0.95553,0.9577,3930
2022-08-19 04:00:00,0.95767,0.95925,0.95708,0.95891,5002
2022-08-19 08:00:00,0.95892,0.95919,0.95667,0.95715,10047
2022-08-19 12:00:00,0.95712,0.95749,0.95531,0.95615,10801
2022-08-19 16:00:00,0.95616,0.9598,0.95588,0.95932,10771
2022-08-19 20:00:00,0.95933,0.95935,0.95822,0.95883,4323
2022-08-22 00:00:00,0.95787,0.95983,0.95768,0.95978,3671
2022-08-22 04:00:00,0.95978,0.95984,0.95841,0.95897,5279
2022-08-22 08:00:00,0.95898,0.96052,0.95799,0.95915,11168
2022-08-22 12:00:00,0.95912,0.96019,0.95738,0.95829,11031
2022-08-22 16:00:00,0.95829,0.96586,0.95824,0.96433,12502
2022-08-22 20:00:00,0.96433,0.96503,0.96406,0.96451,5059
2022-08-23 00:00:00,0.96272,0.96545,0.96268,0.96408,4350
2022-08-23 04:00:00,0.96409,0.96433,0.96352,0.96432,6490
2022-08-23 08:00:00,0.96435,0.96677,0.96377,0.96642,12663
2022-08-23 12:00:00,0.96645,0.96924,0.96574,0.96909,10609
2022-08-23 16:00:00,0.96908,0.96921,0.96031,0.96302,14961
2022-08-23 20:00:00,0.96305,0.96493,0.96299,0.964,5637
2022-08-24 00:00:00,0.96323,0.96558,0.96318,0.96547,2483
2022-08-24 04:00:00,0.96545,0.96596,0.96454,0.96469,4738
2022-08-24 08:00:00,0.96475,0.9663,0.96214,0.96214,8122
2022-08-24 12:00:00,0.96213,0.96725,0.96075,0.96631,11450
2022-08-24 16:00:00,0.9663,0.96876,0.96453,0.96687,12244
2022-08-24 20:00:00,0.96685,0.96723,0.96598,0.96664,4026
2022-08-25 00:00:00,0.96589,0.96709,0.96526,0.96591,3360
2022-08-25 04:00:00,0.96591,0.96618,0.96248,0.96316,5434
2022-08-25 08:00:00,0.96312,0.96445,0.96129,0.96224,9370
2022-08-25 12:00:00,0.96222,0.9655,0.96159,0.96448,9824
2022-08-25 16:00:00,0.96447,0.96543,0.96265,0.96461,10004
2022-08-25 20:00:00,0.96461,0.96464,0.96293,0.96336,4897
2022-08-26 00:00:00,0.96336,0.96439,0.96221,0.96424,1786
2022-08-26 04:00:00,0.96423,0.96471,0.96369,0.96439,2887
2022-08-26 08:00:00,0.96439,0.966,0.96373,0.96475,6341
2022-08-26 12:00:00,0.96478,0.96483,0.96199,0.962,8266
2022-08-26 16:00:00,0.96201,0.96576,0.95777,0.96515,17076
2022-08-26 20:00:00,0.96515,0.96693,0.96488,0.96586,4507
2022-08-29 00:00:00,0.96586,0.96915,0.96518,0.96885,4053
2022-08-29 04:00:00,0.96878,0.9699,0.96818,0.96984,4566
2022-08-29 08:00:00,0.96985,0.97075,0.96864,0.96919,8347
2022-08-29 12:00:00,0.96921,0.96949,0.96594,0.96732,10006
2022-08-29 16:00:00,0.96735,0.97001,0.96615,0.9682,10426
2022-08-29 20:00:00,0.96815,0.96889,0.96757,0.96815,4395
2022-08-30 00:00:00,0.96803,0.96823,0.96661,0.96695,2261
2022-08-30 04:00:00,0.96699,0.96849,0.96656,0.96751,4765
2022-08-30 08:00:00,0.96752,0.97232,0.96688,0.96991,10241
2022-08-30 12:00:00,0.96989,0.9723,0.9689,0.97217,10966
2022-08-30 16:00:00,0.97215,0.97619,0.97087,0.97393,14356
2022-08-30 20:00:00,0.97394,0.97447,0.97289,0.9743,5896
2022-08-31 00:00:00,0.97325,0.97441,0.97307,0.97333,2901
2022-08-31 04:00:00,0.97332,0.97417,0.97266,0.97313,3638
2022-08-31 08:00:00,0.97314,0.9784,0.97266,0.97703,8675
2022-08-31 12:00:00,0.97703,0.98072,0.97656,0.97866,11341
2022-08-31 16:00:00,0.97864,0.98018,0.97342,0.97516,13875
2022-08-31 20:00:00,0.97516,0.97845,0.97471,0.97789,5823
2022-09-01 00:00:00,0.97586,0.98076,0.9758,0.98024,3869
2022-09-01 04:00:00,0.98023,0.98091,0.97956,0.98,5257
2022-09-01 08:00:00,0.98,0.9807,0.97442,0.97594,10236
2022-09-01 12:00:00,0.97588,0.98245,0.97534,0.98046,10793
2022-09-01 16:00:00,0.98043,0.98608,0.97866,0.98292,15660
2022-09-01 20:00:00,0.98295,0.98324,0.98087,0.98166,5583
2022-09-02 00:00:00,0.98106,0.98198,0.98067,0.98099,2143
2022-09-02 04:00:00,0.98098,0.98134,0.98068,0.9809,3698
2022-09-02 08:00:00,0.9809,0.98117,0.97869,0.97999,6272
2022-09-02 12:00:00,0.97998,0.98588,0.97951,0.98397,10997
2022-09-02 16:00:00,0.98404,0.98438,0.97836,0.98196,13900
2022-09-02 20:00:00,0.98194,0.98206,0.98009,0.98122,7116
2022-09-05 00:00:00,0.98109,0.98338,0.98074,0.98224,4717
2022-09-05 04:00:00,0.98226,0.98336,0.9815,0.98244,5395
2022-09-05 08:00:00,0.98245,0.98369,0.9815,0.98344,9458
2022-09-05 12:00:00,0.98344,0.98373,0.97955,0.98128,9275
2022-09-05 16:00:00,0.98128,0.98183,0.9797,0.98029,7787
2022-09-05 20:00:00,0.98028,0.9806,0.97949,0.97979,2451
2022-09-06 00:00:00,0.97907,0.9799,0.97654,0.97662,4080
2022-09-06 04:00:00,0.97662,0.97988,0.97653,0.97957,6737
2022-09-06 08:00:00,0.97959,0.98174,0.97839,0.98037,13558
2022-09-06 12:00:00,0.98037,0.98329,0.97949,0.98329,12164
2022-09-06 16:00:00,0.9833,0.98616,0.98186,0.9847,15156
2022-09-06 20:00:00,0.9847,0.98539,0.98423,0.98426,6630
2022-09-07 00:00:00,0.9819,0.98617,0.9817,0.98518,3917
2022-09-07 04:00:00,0.98518,0.98694,0.98463,0.98525,6503
2022-09-07 08:00:00,0.98519,0.98574,0.98172,0.98282,8885
2022-09-07 12:00:00,0.9828,0.98652,0.98232,0.98516,10246
2022-09-07 16:00:00,0.98514,0.98612,0.97941,0.97948,11487
2022-09-07 20:00:00,0.97951,0.97959,0.97709,0.97802,3563
2022-09-08 00:00:00,0.97652,0.97807,0.97606,0.97798,2469
2022-09-08 04:00:00,0.97796,0.97819,0.97658,0.97738,4329
2022-09-08 08:00:00,0.97738,0.97753,0.97413,0.97548,9552
2022-09-08 12:00:00,0.97553,0.97574,0.97083,0.97262,12438
2022-09-08 16:00:00,0.97275,0.97583,0.97089,0.97213,18245
2022-09-08 20:00:00,0.97213,0.97247,0.97018,0.97018,6920
2022-09-09 00:00:00,0.97014,0.9704,0.96656,0.96715,2892
2022-09-09 04:00:00,0.96715,0.96725,0.96403,0.96444,6537
2022-09-09 08:00:00,0.96446,0.96547,0.95622,0.95692,10256
2022-09-09 12:00:00,0.95694,0.9627,0.95472,0.96007,11209
2022-09-09 16:00:00,0.96006,0.96221,0.95915,0.95992,11674
2022-09-09 20:00:00,0.9599,0.96151,0.9599,0.96054,4657
2022-09-12 00:00:00,0.95809,0.96095,0.95809,0.9595,4519
2022-09-12 04:00:00,0.95948,0.96046,0.95779,0.96009,5192
2022-09-12 08:00:00,0.96008,0.9608,0.95325,0.95446,11832
2022-09-12 12:00:00,0.95447,0.95699,0.95135,0.95333,12061
2022-09-12 16:00:00,0.95332,0.95498,0.95088,0.95137,11143
2022-09-12 20:00:00,0.95132,0.95457,0.95113,0.95365,5319
2022-09-13 00:00:00,0.95365,0.95368,0.95195,0.95213,3010
2022-09-13 04:00:00,0.95214,0.95289,0.9517,0.95215,4552
2022-09-13 08:00:00,0.95215,0.95269,0.94974,0.95094,7584
2022-09-13 12:00:00,0.95094,0.9605,0.94794,0.96045,11817
2022-09-13 16:00:00,0.96049,0.96331,0.95904,0.95955,15154
2022-09-13 20:00:00,0.95958,0.96185,0.95815,0.96184,6223
2022-09-14 00:00:00,0.96163,0.96253,0.96021,0.96071,4728
2022-09-14 04:00:00,0.96067,0.96195,0.96001,0.96092,6185
2022-09-14 08:00:00,0.96088,0.96275,0.95888,0.96058,12443
2022-09-14 12:00:00,0.96062,0.96314,0.96009,0.96083,12809
2022-09-14 16:00:00,0.96089,0.96236,0.95939,0.96129,12437
2022-09-14 20:00:00,0.96128,0.96365,0.9612,0.96231,4960
2022-09-15 00:00:00,0.96115,0.96305,0.96112,0.96246,2131
2022-09-15 04:00:00,0.96247,0.96359,0.96187,0.96332,3267
2022-09-15 08:00:00,0.96332,0.9642,0.96053,0.96067,6655
2022-09-15 12:00:00,0.96064,0.96127,0.95563,0.95677,9905
2022-09-15 16:00:00,0.95678,0.96167,0.95578,0.96037,10940
2022-09-15 20:00:00,0.96036,0.96084,0.95909,0.96059,3067
2022-09-16 00:00:00,0.96131,0.96211,0.96016,0.96071,2539
2022-09-16 04:00:00,0.9607,0.96249,0.95999,0.96177,5211
2022-09-16 08:00:00,0.96179,0.96526,0.96174,0.96438,9914
2022-09-16 12:00:00,0.96434,0.96463,0.9604,0.9634,10178
2022-09-16 16:00:00,0.96338,0.96611,0.96085,0.96527,14194
2022-09-16 20:00:00,0.96528,0.96552,0.96424,0.96428,5468
2022-09-19 00:00:00,0.96276,0.96468,0.96258,0.96429,3238
2022-09-19 04:00:00,0.96427,0.96636,0.96399,0.96622,3354
2022-09-19 08:00:00,0.96622,0.96952,0.96611,0.96693,7164
2022-09-19 12:00:00,0.96705,0.96749,0.96469,0.96679,8483
2022-09-19 16:00:00,0.96678,0.96784,0.96451,0.96525,8607
2022-09-19 20:00:00,0.96525,0.96622,0.96412,0.96414,2631
2022-09-20 00:00:00,0.96432,0.96465,0.96262,0.96435,2578
2022-09-20 04:00:00,0.96436,0.96565,0.96405,0.96553,4214
2022-09-20 08:00:00,0.96555,0.96634,0.96231,0.96605,10355
2022-09-20 12:00:00,0.96605,0.96822,0.96489,0.96712,12412
2022-09-20 16:00:00,0.96713,0.96796,0.9626,0.96364,11078
2022-09-20 20:00:00,0.96365,0.96446,0.96289,0.96409,3456
2022-09-21 00:00:00,0.96332,0.96484,0.96264,0.96401,3265
2022-09-21 04:00:00,0.96398,0.96502,0.96349,0.96491,3863
2022-09-21 08:00:00,0.9649,0.96832,0.963,0.96443,12280
2022-09-21 12:00:00,0.96442,0.96529,0.96244,0.96367,8525
2022-09-21 16:00:00,0.96367,0.96649,0.96267,0.96634,11412
2022-09-21 20:00:00,0.96631,0.96995,0.96198,0.96661,15834
2022-09-22 00:00:00,0.9658,0.96935,0.96555,0.96878,4857
2022-09-22 04:00:00,0.96878,0.96878,0.96394,0.96561,8126
2022-09-22 08:00:00,0.96562,0.97995,0.96203,0.97415,17238
2022-09-22 12:00:00,0.97417,0.98496,0.97241,0.97679,18515
2022-09-22 16:00:00,0.97692,0.98294,0.97621,0.97975,16753
2022-09-22 20:00:00,0.97976,0.97977,0.97629,0.97712,7878
2022-09-23 00:00:00,0.97699,0.97734,0.97555,0.97656,3160
2022-09-23 04:00:00,0.97657,0.97903,0.97613,0.97832,5610
2022-09-23 08:00:00,0.97831,0.98183,0.9772,0.98159,9946
2022-09-23 12:00:00,0.98158,0.98317,0.97849,0.97941,15951
2022-09-23 16:00:00,0.97939,0.98212,0.97563,0.98053,16147
2022-09-23 20:00:00,0.98054,0.98398,0.98005,0.98136,9418
2022-09-26 00:00:00,0.98217,0.985,0.97896,0.98454,7009
2022-09-26 04:00:00,0.98455,0.98501,0.98131,0.98486,11641
2022-09-26 08:00:00,0.98486,0.98737,0.98037,0.98514,16192
2022-09-26 12:00:00,0.98525,0.99243,0.98466,0.98693,17045
2022-09-26 16:00:00,0.98695,0.99585,0.98536,0.99477,20569
2022-09-26 20:00:00,0.99479,0.99655,0.99214,0.99316,13187
2022-09-27 00:00:00,0.99314,0.99431,0.99079,0.99095,5497
2022-09-27 04:00:00,0.99095,0.99291,0.99072,0.99154,7148
2022-09-27 08:00:00,0.99152,0.99187,0.98679,0.98679,14451
2022-09-27 12:00:00,0.9867,0.9906,0.98488,0.98908,14482
2022-09-27 16:00:00,0.98906,0.9915,0.98659,0.99047,18207
2022-09-27 20:00:00,0.99051,0.99237,0.99035,0.99203,8277
2022-09-28 00:00:00,0.98884,0.99361,0.98882,0.99346,5050
2022-09-28 04:00:00,0.99348,0.99533,0.9931,0.99496,10056
2022-09-28 08:00:00,0.99499,0.99657,0.99003,0.99345,15727
2022-09-28 12:00:00,0.99344,0.99411,0.98397,0.98623,21644
2022-09-28 16:00:00,0.98637,0.98723,0.97458,0.97672,21118
2022-09-28 20:00:00,0.97673,0.97746,0.97502,0.97603,10530
2022-09-29 00:00:00,0.97571,0.97805,0.97464,0.97803,5296
2022-09-29 04:00:00,0.97801,0.97973,0.97702,0.97928,6784
2022-09-29 08:00:00,0.97924,0.98558,0.97907,0.98288,15540
2022-09-29 12:00:00,0.9829,0.9844,0.97817,0.98425,17363
2022-09-29 16:00:00,0.98425,0.98553,0.97837,0.98052,19527
2022-09-29 20:00:00,0.98053,0.9811,0.97538,0.97547,7936
2022-09-30 00:00:00,0.97433,0.9759,0.97381,0.97457,6743
2022-09-30 04:00:00,0.97457,0.97656,0.974,0.97644,7944
2022-09-30 08:00:00,0.97644,0.97902,0.97432,0.97648,15691
2022-09-30 12:00:00,0.97631,0.98173,0.97531,0.97956,17357
2022-09-30 16:00:00,0.97952,0.98682,0.97772,0.98371,20079
2022-09-30 20:00:00,0.98375,0.98769,0.98363,0.98728,10167
2022-10-03 00:00:00,0.98427,0.98687,0.98415,0.98585,6209
2022-10-03 04:00:00,0.98584,0.98664,0.98346,0.98659,7047
2022-10-03 08:00:00,0.98661,0.98892,0.98318,0.98807,15095
2022-10-03 12:00:00,0.98807,0.99177,0.98761,0.98919,14182
2022-10-03 16:00:00,0.9892,0.99409,0.98723,0.99181,18502
2022-10-03 20:00:00,0.99182,0.99499,0.99173,0.99236,8907
2022-10-04 00:00:00,0.99111,0.99299,0.99086,0.99266,4490
2022-10-04 04:00:00,0.99263,0.99415,0.98978,0.9913,8625
2022-10-04 08:00:00,0.99128,0.9926,0.98671,0.98778,15193
2022-10-04 12:00:00,0.98779,0.98949,0.98524,0.9862,15162
2022-10-04 16:00:00,0.98619,0.9875,0.97847,0.98006,16974
2022-10-04 20:00:00,0.98005,0.98099,0.97859,0.97949,7996
2022-10-05 00:00:00,0.97981,0.98043,0.97849,0.97967,3887
2022-10-05 04:00:00,0.97969,0.98083,0.97878,0.98028,8105
2022-10-05 08:00:00,0.98029,0.98383,0.97926,0.98138,12382
2022-10-05 12:00:00,0.98137,0.98548,0.98051,0.98279,11297
2022-10-05 16:00:00,0.9828,0.98887,0.9822,0.98444,16470
2022-10-05 20:00:00,0.98446,0.98485,0.9818,0.98183,4089
2022-10-06 00:00:00,0.98234,0.98323,0.98002,0.98085,4564
2022-10-06 04:00:00,0.9808,0.98222,0.97983,0.98058,7521
2022-10-06 08:00:00,0.98057,0.9826,0.97804,0.98226,13556
2022-10-06 12:00:00,0.98223,0.98563,0.9817,0.98558,13316
2022-10-06 16:00:00,0.98558,0.99136,0.98542,0.98983,17433
2022-10-06 20:00:00,0.98985,0.99124,0.98874,0.99057,8041
2022-10-07 00:00:00,0.98887,0.99065,0.98734,0.99024,4075
2022-10-07 04:00:00,0.99017,0.99091,0.98927,0.99006,6235
2022-10-07 08:00:00,0.99005,0.99133,0.9878,0.99047,11603
2022-10-07 12:00:00,0.99049,0.99534,0.98951,0.99343,12163
2022-10-07 16:00:00,0.99346,0.99495,0.99105,0.99325,17461
2022-10-07 20:00:00,0.99326,0.99502,0.99297,0.99441,6347
2022-10-10 00:00:00,0.99314,0.99509,0.99302,0.99407,4497
2022-10-10 04:00:00,0.99406,0.99452,0.99319,0.99411,6183
2022-10-10 08:00:00,0.9941,0.99908,0.99377,0.99736,12426
2022-10-10 12:00:00,0.99737,0.99942,0.99665,0.99792,12988
2022-10-10 16:00:00,0.99793,1.00054,0.99746,1.00041,16447
2022-10-10 20:00:00,1.00043,1.00106,0.99882,0.9997,8531
2022-10-11 00:00:00,0.99922,1.00032,0.99861,0.99864,5028
2022-10-11 04:00:00,0.99864,1.00209,0.99855,1.00187,9397
2022-10-11 08:00:00,1.00187,1.00205,0.99837,0.99993,17952
2022-10-11 12:00:00,0.99988,0.99999,0.9946,0.99722,17140
2022-10-11 16:00:00,0.9972,0.99911,0.99156,0.99211,21973
2022-10-11 20:00:00,0.99206,0.99793,0.99192,0.99696,13149
2022-10-12 00:00:00,0.99693,0.99846,0.99621,0.99733,7072
2022-10-12 04:00:00,0.99732,0.99884,0.99517,0.99649,11501
2022-10-12 08:00:00,0.99648,0.99693,0.99308,0.99567,19370
2022-10-12 12:00:00,0.99566,0.99682,0.99444,0.99518,17262
2022-10-12 16:00:00,0.99516,1.00039,0.99483,0.99865,20096
2022-10-12 20:00:00,0.99866,0.9991,0.99568,0.99762,10770
2022-10-13 00:00:00,0.99794,0.99829,0.99587,0.99676,3632
2022-10-13 04:00:00,0.99675,0.99828,0.99655,0.99759,7077
2022-10-13 08:00:00,0.99758,1.0004,0.99728,0.99859,10480
2022-10-13 12:00:00,0.99863,1.00708,0.99595,1.0045,21325
2022-10-13 16:00:00,1.00454,1.00737,0.99696,0.99994,37204
2022-10-13 20:00:00,0.99993,1.00131,0.9971,1.00127,11661
2022-10-14 00:00:00,0.99868,1.00195,0.99853,1.00144,5890
2022-10-14 04:00:00,1.0014,1.00142,0.99808,0.99922,10003
2022-10-14 08:00:00,0.99923,1.00091,0.99647,1.0008,16004
2022-10-14 12:00:00,1.00079,1.00471,0.99943,0.99966,18688
2022-10-14 16:00:00,0.99965,1.00593,0.99836,1.00564,29651
2022-10-14 20:00:00,1.00565,1.00662,1.00449,1.0054400000000001,11104
2022-10-17 00:00:00,1.00429,1.00497,1.00267,1.00336,6768
2022-10-17 04:00:00,1.00332,1.00453,1.0032,1.00384,9053
2022-10-17 08:00:00,1.00384,1.00388,0.99921,1.00263,16429
2022-10-17 12:00:00,1.00264,1.00282,0.99755,0.99837,15145
2022-10-17 16:00:00,0.99836,0.9985,0.99433,0.996,17314
2022-10-17 20:00:00,0.99598,0.99662,0.99524,0.99586,7011
2022-10-18 00:00:00,0.99559,0.99608,0.99451,0.99501,6073
2022-10-18 04:00:00,0.99503,0.99606,0.99213,0.99336,10044
2022-10-18 08:00:00,0.99334,0.99668,0.99188,0.99667,16676
2022-10-18 12:00:00,0.99667,0.99746,0.99311,0.99347,16493
2022-10-18 16:00:00,0.99346,0.99787,0.99298,0.99591,18268
2022-10-18 20:00:00,0.99592,0.99701,0.99375,0.99418,8884
2022-10-19 00:00:00,0.99386,0.99474,0.9928,0.99424,8297
2022-10-19 04:00:00,0.99425,0.99541,0.9935,0.99513,7796
2022-10-19 08:00:00,0.99515,0.99994,0.99507,0.99984,15690
2022-10-19 12:00:00,0.99985,1.00453,0.99928,1.00367,17597
2022-10-19 16:00:00,1.00367,1.00541,1.00209,1.0053,18807
2022-10-19 20:00:00,1.00535,1.00628,1.00439,1.00459,8114
2022-10-20 00:00:00,1.00429,1.00566,1.00301,1.00505,4273
2022-10-20 04:00:00,1.00506,1.0064,1.00424,1.00483,7768
2022-10-20 08:00:00,1.00483,1.00684,1.00367,1.00625,16646
2022-10-20 12:00:00,1.00623,1.00624,1.00061,1.00392,17363
2022-10-20 16:00:00,1.00389,1.00477,0.99945,1.00232,21963
2022-10-20 20:00:00,1.00231,1.00502,1.00216,1.00285,9309
2022-10-21 00:00:00,1.00316,1.00522,1.0026,1.00475,4825
2022-10-21 04:00:00,1.00474,1.00642,1.00456,1.00605,7183
2022-10-21 08:00:00,1.00606,1.01,1.00362,1.00982,14877
2022-10-21 12:00:00,1.00982,1.01477,1.00818,1.0099,17709
2022-10-21 16:00:00,1.00993,1.0113,0.99613,0.99942,52694
2022-10-21 20:00:00,0.99944,1.00115,0.99725,0.99779,16487
2022-10-24 00:00:00,0.99589,1.0016,0.9944,0.99919,19476
2022-10-24 04:00:00,0.99919,0.99999,0.99763,0.99802,13085
2022-10-24 08:00:00,0.99803,1.00194,0.9965,1.00109,23571
2022-10-24 12:00:00,1.00111,1.00312,0.99944,1.00123,22957
2022-10-24 16:00:00,1.0012,1.00294,0.99691,1.00189,27863
2022-10-24 20:00:00,1.00186,1.00205,1.00048,1.00063,6949
2022-10-25 00:00:00,0.99969,1.00064,0.99829,0.99854,7017
2022-10-25 04:00:00,0.99853,1.00058,0.99809,1.00047,11375
2022-10-25 08:00:00,1.00047,1.00297,1.0003,1.00282,15536
2022-10-25 12:00:00,1.00282,1.00314,1.00173,1.00273,16474
2022-10-25 16:00:00,1.00275,1.00303,0.99398,0.99677,26221
2022-10-25 20:00:00,0.99677,0.99718,0.99428,0.99455,10848
2022-10-26 00:00:00,0.99521,0.99625,0.99402,0.99595,7491
2022-10-26 04:00:00,0.99592,0.99621,0.99424,0.9947,8847
2022-10-26 08:00:00,0.9947,0.99508,0.98588,0.98628,18014
2022-10-26 12:00:00,0.98638,0.99288,0.98543,0.99163,20186
2022-10-26 16:00:00,0.99162,0.99186,0.98524,0.98688,23792
2022-10-26 20:00:00,0.98688,0.98778,0.98545,0.98619,10239
2022-10-27 00:00:00,0.98619,0.98652,0.98413,0.9856,10117
2022-10-27 04:00:00,0.98561,0.98699,0.98464,0.9862,8666
2022-10-27 08:00:00,0.9862,0.98862,0.98503,0.98787,17365
2022-10-27 12:00:00,0.98786,0.9927,0.98738,0.98957,23881
2022-10-27 16:00:00,0.98956,0.99153,0.98691,0.99062,30885
2022-10-27 20:00:00,0.99062,0.99235,0.98897,0.99083,9977
2022-10-28 00:00:00,0.99038,0.99136,0.98991,0.99096,7261
2022-10-28 04:00:00,0.99096,0.99111,0.98827,0.98921,10941
2022-10-28 08:00:00,0.98922,0.99613,0.98899,0.99521,19455
2022-10-28 12:00:00,0.99518,0.99797,0.9935,0.9965,19493
2022-10-28 16:00:00,0.99651,0.99788,0.99408,0.99653,23279
2022-10-28 20:00:00,0.99652,0.99729,0.99541,0.99605,7130
2022-10-31 00:00:00,0.99589,0.99808,0.99538,0.99685,9281
2022-10-31 04:00:00,0.99685,0.99752,0.99616,0.99662,6737
2022-10-31 08:00:00,0.99663,1.00127,0.99651,1.00041,11284
2022-10-31 12:00:00,1.00039,1.00165,0.99829,1.00151,14129
2022-10-31 16:00:00,1.00152,1.00325,0.9995,1.00144,20227
2022-10-31 20:00:00,1.00144,1.00216,1.00044,1.00193,8776
2022-11-01 00:00:00,1.0005,1.00209,0.99999,1.00164,6443
2022-11-01 04:00:00,1.00165,1.00172,0.99949,1.00042,8656
2022-11-01 08:00:00,1.00043,1.00054,0.99424,0.99451,13377
2022-11-01 12:00:00,0.99442,0.9952,0.9915,0.9929,14421
2022-11-01 16:00:00,0.99289,1.00127,0.99237,1.00049,27509
2022-11-01 20:00:00,1.00048,1.00076,0.99871,1.00027,7677
2022-11-02 00:00:00,1.00027,1.00089,0.99803,0.99852,8387
2022-11-02 04:00:00,0.99851,0.9992,0.99748,0.99883,6916
2022-11-02 08:00:00,0.99882,0.99966,0.99745,0.9975,11066
2022-11-02 12:00:00,0.9975,0.998,0.99473,0.99484,15777
2022-11-02 16:00:00,0.99483,0.99978,0.99428,0.99892,16201
2022-11-02 20:00:00,0.99893,1.00408,0.99108,1.00354,31030
2022-11-03 00:00:00,1.00307,1.00403,1.0004,1.00231,7080
2022-11-03 04:00:00,1.00233,1.0026,1.00069,1.00173,7795
2022-11-03 08:00:00,1.00173,1.01155,1.00167,1.01098,15993
2022-11-03 12:00:00,1.01095,1.01447,1.01043,1.01435,18889
2022-11-03 16:00:00,1.01434,1.01474,1.00903,1.0128,25042
2022-11-03 20:00:00,1.01284,1.01368,1.01185,1.01359,6502
2022-11-04 00:00:00,1.01359,1.01447,1.01218,1.01281,6008
2022-11-04 04:00:00,1.0128,1.01297,1.00877,1.00884,7171
2022-11-04 08:00:00,1.00885,1.01163,1.00826,1.01072,13375
2022-11-04 12:00:00,1.01071,1.01095,1.00071,1.00109,18826
2022-11-04 16:00:00,1.0011,1.00229,0.99412,0.99752,31811
2022-11-04 20:00:00,0.99752,0.9977,0.99318,0.99429,10724
2022-11-07 00:00:00,0.99845,0.99845,0.99499,0.99686,10220
2022-11-07 04:00:00,0.99684,0.99733,0.99443,0.99543,6310
2022-11-07 08:00:00,0.99543,0.99698,0.99073,0.99186,16903
2022-11-07 12:00:00,0.99187,0.99196,0.98759,0.98869,16571
2022-11-07 16:00:00,0.98868,0.99138,0.98767,0.98878,20741
2022-11-07 20:00:00,0.98878,0.98902,0.98751,0.98851,5940
2022-11-08 00:00:00,0.98812,0.99,0.98773,0.98956,5127
2022-11-08 04:00:00,0.98956,0.99218,0.98955,0.99211,4547
2022-11-08 08:00:00,0.99211,0.99232,0.98864,0.98894,13641
2022-11-08 12:00:00,0.98894,0.99269,0.98848,0.99039,12590
2022-11-08 16:00:00,0.99039,0.99074,0.98368,0.98459,19206
2022-11-08 20:00:00,0.98458,0.98774,0.98377,0.98566,11909
2022-11-09 00:00:00,0.98508,0.98677,0.98428,0.9866,5642
2022-11-09 04:00:00,0.98656,0.98723,0.98438,0.98675,7534
2022-11-09 08:00:00,0.98674,0.9874,0.98249,0.98624,15262
2022-11-09 12:00:00,0.98624,0.98644,0.98129,0.98479,18382
2022-11-09 16:00:00,0.98477,0.98586,0.98003,0.98397,22730
2022-11-09 20:00:00,0.98394,0.9866,0.98357,0.98398,12092
2022-11-10 00:00:00,0.98407,0.98475,0.98279,0.98374,6975
2022-11-10 04:00:00,0.98373,0.98481,0.98253,0.98278,8180
2022-11-10 08:00:00,0.98282,0.98798,0.98249,0.98789,16815
2022-11-10 12:00:00,0.98788,0.98991,0.97332,0.97614,24422
2022-11-10 16:00:00,0.97611,0.9763,0.96593,0.96941,34514
2022-11-10 20:00:00,0.96922,0.96937,0.96304,0.96374,13647
2022-11-11 00:00:00,0.96328,0.96805,0.96304,0.96803,11216
2022-11-11 04:00:00,0.96804,0.9682,0.96403,0.9646,12897
2022-11-11 08:00:00,0.96458,0.96535,0.95895,0.95924,21072
2022-11-11 12:00:00,0.95926,0.96141,0.94506,0.94865,24346
2022-11-11 16:00:00,0.94864,0.95459,0.9419,0.94235,24835
2022-11-11 20:00:00,0.94233,0.94278,0.93974,0.94114,11076
2022-11-14 00:00:00,0.94164,0.94489,0.94115,0.94445,12320
2022-11-14 04:00:00,0.94443,0.9485,0.94395,0.94796,9611
2022-11-14 08:00:00,0.94795,0.94797,0.94247,0.94583,18880
2022-11-14 12:00:00,0.94586,0.94891,0.94392,0.94574,19535
2022-11-14 16:00:00,0.94571,0.94783,0.94064,0.94239,21338
2022-11-14 20:00:00,0.94237,0.94334,0.9405,0.94288,7306
2022-11-15 00:00:00,0.94307,0.94488,0.94246,0.94443,9381
2022-11-15 04:00:00,0.94445,0.94538,0.94351,0.94413,6698
2022-11-15 08:00:00,0.94413,0.94431,0.938,0.93971,19008
2022-11-15 12:00:00,0.93949,0.9425,0.93565,0.9398,25357
2022-11-15 16:00:00,0.93969,0.94658,0.93932,0.94413,31428
2022-11-15 20:00:00,0.94413,0.9475,0.94178,0.94466,24875
2022-11-16 00:00:00,0.94237,0.94566,0.94237,0.94506,8776
2022-11-16 04:00:00,0.94506,0.94693,0.94318,0.94413,13277
2022-11-16 08:00:00,0.94415,0.94506,0.94037,0.94064,19556
2022-11-16 12:00:00,0.94056,0.94318,0.93859,0.94195,20023
2022-11-16 16:00:00,0.94194,0.94481,0.94041,0.94388,20629
2022-11-16 20:00:00,0.94387,0.94568,0.94338,0.9449,10016
2022-11-17 00:00:00,0.94397,0.9456,0.94371,0.94546,4944
2022-11-17 04:00:00,0.94547,0.94682,0.9452,0.94534,7301
2022-11-17 08:00:00,0.94535,0.94793,0.94328,0.94733,13023
2022-11-17 12:00:00,0.94732,0.95233,0.94689,0.95207,20663
2022-11-17 16:00:00,0.95209,0.95574,0.95083,0.9528,20312
2022-11-17 20:00:00,0.9528,0.95293,0.95106,0.95201,7853
2022-11-18 00:00:00,0.95083,0.95306,0.95071,0.95157,9390
2022-11-18 04:00:00,0.95158,0.9526,0.95064,0.95171,6647
2022-11-18 08:00:00,0.95171,0.95313,0.94981,0.95084,14217
2022-11-18 12:00:00,0.95084,0.95388,0.95068,0.95314,12656
2022-11-18 16:00:00,0.95314,0.95475,0.95023,0.95311,16281
2022-11-18 20:00:00,0.9531,0.9549,0.95307,0.9546,6707
2022-11-21 00:00:00,0.95335,0.95527,0.95298,0.95429,11531
2022-11-21 04:00:00,0.95428,0.95627,0.95423,0.95564,8005
2022-11-21 08:00:00,0.95565,0.95934,0.95527,0.95919,15243
2022-11-21 12:00:00,0.95916,0.95975,0.95702,0.95785,15743
2022-11-21 16:00:00,0.95782,0.95944,0.95613,0.95893,15908
2022-11-21 20:00:00,0.95897,0.95983,0.9585,0.95921,7500
2022-11-22 00:00:00,0.95847,0.95877,0.9562,0.95695,7515
2022-11-22 04:00:00,0.95697,0.95782,0.95621,0.95736,6823
2022-11-22 08:00:00,0.95741,0.95822,0.9553,0.95548,14809
2022-11-22 12:00:00,0.95551,0.95576,0.95092,0.95178,14687
2022-11-22 16:00:00,0.95164,0.95408,0.95124,0.95205,14196
2022-11-22 20:00:00,0.95207,0.95265,0.95131,0.95196,6141
2022-11-23 00:00:00,0.95137,0.95218,0.95035,0.9513,6808
2022-11-23 04:00:00,0.9513,0.95207,0.95027,0.95073,5705
2022-11-23 08:00:00,0.95071,0.95301,0.94886,0.95127,11800
2022-11-23 12:00:00,0.95127,0.95331,0.9481,0.94922,13967
2022-11-23 16:00:00,0.9492,0.94927,0.94211,0.9443,21718
2022-11-23 20:00:00,0.94432,0.94472,0.94118,0.94242,14940
2022-11-24 00:00:00,0.94211,0.94228,0.93984,0.94001,10198
2022-11-24 04:00:00,0.93999,0.94074,0.93872,0.93962,6973
2022-11-24 08:00:00,0.93963,0.94419,0.9392,0.94343,12898
2022-11-24 12:00:00,0.94342,0.94455,0.94135,0.94173,15121
2022-11-24 16:00:00,0.94174,0.94404,0.94143,0.94323,9745
2022-11-24 20:00:00,0.94323,0.94365,0.94285,0.94329,4344
2022-11-25 00:00:00,0.94307,0.94465,0.9422,0.94382,7823
2022-11-25 04:00:00,0.94383,0.94423,0.94224,0.94392,4830
2022-11-25 08:00:00,0.94396,0.94599,0.94261,0.94509,12458
2022-11-25 12:00:00,0.94508,0.94954,0.94286,0.94871,13905
2022-11-25 16:00:00,0.9487,0.94999,0.94478,0.94509,15317
2022-11-25 20:00:00,0.94511,0.94679,0.94403,0.94582,11745
2022-11-28 00:00:00,0.94649,0.94798,0.94552,0.94655,9205
2022-11-28 04:00:00,0.94656,0.94745,0.94561,0.94674,8547
2022-11-28 08:00:00,0.94674,0.94721,0.94049,0.94263,17460
2022-11-28 12:00:00,0.94261,0.94516,0.94061,0.94296,18795
2022-11-28 16:00:00,0.94297,0.94781,0.94296,0.94778,22287
2022-11-28 20:00:00,0.94779,0.94978,0.9475,0.94883,8773
2022-11-29 00:00:00,0.9487,0.95012,0.94804,0.94818,6407
2022-11-29 04:00:00,0.9482,0.94925,0.94604,0.9463,8712
2022-11-29 08:00:00,0.94628,0.95243,0.9462,0.95182,20175
2022-11-29 12:00:00,0.95181,0.95391,0.94841,0.95269,17108
2022-11-29 16:00:00,0.95268,0.95454,0.95008,0.95224,20409
2022-11-29 20:00:00,0.95226,0.95447,0.95218,0.95406,9178
2022-11-30 00:00:00,0.95185,0.95467,0.95181,0.95281,7798
2022-11-30 04:00:00,0.9528,0.9537,0.95178,0.95291,5326
2022-11-30 08:00:00,0.95292,0.95474,0.9499,0.95037,13496
2022-11-30 12:00:00,0.95035,0.95197,0.94824,0.95174,15560
2022-11-30 16:00:00,0.95174,0.95446,0.94749,0.95142,26856
2022-11-30 20:00:00,0.95143,0.95304,0.94313,0.94542,26575
2022-12-01 00:00:00,0.94499,0.94549,0.94151,0.94318,11810
2022-12-01 04:00:00,0.94317,0.94386,0.94248,0.94276,9514
2022-12-01 08:00:00,0.94276,0.9453,0.9413,0.94387,17872
2022-12-01 12:00:00,0.94383,0.94604,0.93958,0.94115,19642
2022-12-01 16:00:00,0.94116,0.94162,0.9367,0.93802,31634
2022-12-01 20:00:00,0.93805,0.93836,0.93652,0.93693,11115
2022-12-02 00:00:00,0.93682,0.93834,0.93596,0.93769,7754
2022-12-02 04:00:00,0.9377,0.93856,0.93711,0.93776,7416
2022-12-02 08:00:00,0.93777,0.93779,0.9336,0.93514,18003
2022-12-02 12:00:00,0.93513,0.94392,0.93263,0.94146,21395
2022-12-02 16:00:00,0.94146,0.94366,0.93638,0.93757,29802
2022-12-02 20:00:00,0.93754,0.93935,0.93667,0.93682,9919
2022-12-05 00:00:00,0.93654,0.93812,0.93502,0.93555,10354
2022-12-05 04:00:00,0.93555,0.93588,0.93432,0.9347,6913
2022-12-05 08:00:00,0.9347,0.93695,0.93302,0.93414,13592
2022-12-05 12:00:00,0.93413,0.93681,0.93387,0.93653,13311
2022-12-05 16:00:00,0.93652,0.94262,0.93627,0.94253,24431
2022-12-05 20:00:00,0.94254,0.94352,0.94155,0.9426,9468
2022-12-06 00:00:00,0.94104,0.9426,0.94058,0.94145,6000
2022-12-06 04:00:00,0.94145,0.94352,0.94117,0.9429,9225
2022-12-06 08:00:00,0.94289,0.94559,0.94205,0.94331,15628
2022-12-06 12:00:00,0.94335,0.94354,0.93809,0.93874,14733
2022-12-06 16:00:00,0.93872,0.94241,0.93807,0.9417,19731
2022-12-06 20:00:00,0.94171,0.94271,0.94145,0.942,7673
2022-12-07 00:00:00,0.94132,0.94327,0.94085,0.94194,5759
2022-12-07 04:00:00,0.94193,0.94286,0.94154,0.94228,6204
2022-12-07 08:00:00,0.94229,0.94374,0.94057,0.94165,14771
2022-12-07 12:00:00,0.94165,0.9429,0.93655,0.93709,16751
2022-12-07 16:00:00,0.93708,0.94103,0.93633,0.94042,23200
2022-12-07 20:00:00,0.94041,0.94095,0.93912,0.94083,8139
2022-12-08 00:00:00,0.93979,0.9424,0.93979,0.94181,6350
2022-12-08 04:00:00,0.94181,0.9425,0.94139,0.94182,7456
2022-12-08 08:00:00,0.94181,0.9425,0.93932,0.94243,12288
2022-12-08 12:00:00,0.94243,0.94265,0.93842,0.93929,13647
2022-12-08 16:00:00,0.93928,0.93964,0.93433,0.93687,16830
2022-12-08 20:00:00,0.93687,0.93794,0.93578,0.93622,7933
2022-12-09 00:00:00,0.9363,0.93672,0.93345,0.93365,5912
2022-12-09 04:00:00,0.93365,0.93479,0.93303,0.93379,6861
2022-12-09 08:00:00,0.93379,0.93495,0.93247,0.9342,12325
2022-12-09 12:00:00,0.93417,0.93815,0.9322,0.93433,17026
2022-12-09 16:00:00,0.93432,0.93568,0.93119,0.9331,20678
2022-12-09 20:00:00,0.93313,0.935,0.93269,0.9344,7664
2022-12-12 00:00:00,0.93321,0.93666,0.93264,0.93637,5824
2022-12-12 04:00:00,0.93639,0.93669,0.93582,0.93641,3293
2022-12-12 08:00:00,0.9364,0.93689,0.93251,0.93279,12060
2022-12-12 12:00:00,0.93278,0.93365,0.93132,0.93269,10003
2022-12-12 16:00:00,0.93269,0.93676,0.93224,0.93582,14959
2022-12-12 20:00:00,0.93583,0.93797,0.93574,0.93592,9249
2022-12-13 00:00:00,0.9355,0.93625,0.93525,0.93543,3490
2022-12-13 04:00:00,0.93545,0.93681,0.93507,0.93532,4984
2022-12-13 08:00:00,0.93528,0.93749,0.9339,0.93643,11606
2022-12-13 12:00:00,0.93644,0.93735,0.92443,0.92578,22126
2022-12-13 16:00:00,0.92578,0.92963,0.92314,0.92957,33130
2022-12-13 20:00:00,0.92956,0.92992,0.92822,0.9287,12511
2022-12-14 00:00:00,0.9287,0.92956,0.92791,0.92861,7290
2022-12-14 04:00:00,0.92861,0.92974,0.92856,0.92905,6191
2022-12-14 08:00:00,0.92906,0.92959,0.92674,0.92689,13391
2022-12-14 12:00:00,0.92687,0.92847,0.92602,0.92662,14895
2022-12-14 16:00:00,0.92663,0.92784,0.92266,0.92492,17513
2022-12-14 20:00:00,0.92491,0.92743,0.92146,0.92421,36593
2022-12-15 00:00:00,0.92249,0.92554,0.92249,0.92526,6491
2022-12-15 04:00:00,0.92525,0.92633,0.92493,0.92539,5595
2022-12-15 08:00:00,0.92539,0.93042,0.92455,0.92877,17105
2022-12-15 12:00:00,0.92877,0.92985,0.92624,0.92691,20725
2022-12-15 16:00:00,0.92686,0.93116,0.9232,0.93089,29931
2022-12-15 20:00:00,0.93084,0.9317,0.92797,0.92836,9569
2022-12-16 00:00:00,0.92827,0.92872,0.92657,0.9272,5022
2022-12-16 04:00:00,0.92721,0.92729,0.92536,0.92704,6913
2022-12-16 08:00:00,0.92705,0.92994,0.92601,0.92985,13601
2022-12-16 12:00:00,0.92981,0.93069,0.92843,0.93048,13105
2022-12-16 16:00:00,0.93048,0.93357,0.92911,0.93212,22616
2022-12-16 20:00:00,0.93212,0.9342,0.93163,0.93396,9006
2022-12-19 00:00:00,0.93282,0.9347,0.93193,0.93202,5986
2022-12-19 04:00:00,0.93202,0.93291,0.93159,0.93278,4969
2022-12-19 08:00:00,0.9328,0.93306,0.9284,0.93045,11327
2022-12-19 12:00:00,0.93042,0.93273,0.92997,0.93236,11676
2022-12-19 16:00:00,0.93234,0.93405,0.92911,0.92954,16759
2022-12-19 20:00:00,0.92954,0.93069,0.92906,0.9291,7342
2022-12-20 00:00:00,0.92854,0.93073,0.92809,0.92988,9805
2022-12-20 04:00:00,0.92987,0.93016,0.92547,0.9289,23442
2022-12-20 08:00:00,0.92885,0.92988,0.92489,0.92585,21682
2022-12-20 12:00:00,0.92586,0.92995,0.92538,0.92857,16697
2022-12-20 16:00:00,0.92856,0.93,0.92417,0.92665,22153
2022-12-20 20:00:00,0.92664,0.92788,0.92597,0.926,8359
2022-12-21 00:00:00,0.92594,0.92812,0.92551,0.92773,8837
2022-12-21 04:00:00,0.92775,0.9287,0.92734,0.92827,5264
2022-12-21 08:00:00,0.92826,0.92892,0.92512,0.92632,12568
2022-12-21 12:00:00,0.92634,0.92739,0.92385,0.92489,13976
2022-12-21 16:00:00,0.92491,0.92815,0.92392,0.92707,18838
2022-12-21 20:00:00,0.92707,0.92767,0.92543,0.92674,7219
2022-12-22 00:00:00,0.92657,0.92681,0.92498,0.92508,4928
2022-12-22 04:00:00,0.92509,0.92524,0.92356,0.92403,5650
2022-12-22 08:00:00,0.92403,0.92475,0.92264,0.92318,9377
2022-12-22 12:00:00,0.92318,0.92914,0.92286,0.92881,14327
2022-12-22 16:00:00,0.92882,0.93161,0.9275,0.93119,19451
2022-12-22 20:00:00,0.93119,0.93212,0.93055,0.93095,8386
2022-12-23 00:00:00,0.93064,0.93218,0.93058,0.93188,17938
2022-12-23 04:00:00,0.93188,0.9319,0.93144,0.93174,10177
2022-12-23 08:00:00,0.93173,0.93269,0.9303,0.93126,9989
2022-12-23 12:00:00,0.93125,0.93155,0.92841,0.93117,14936
2022-12-23 16:00:00,0.93118,0.93416,0.93061,0.93291,20009
2022-12-23 20:00:00,0.9329,0.93444,0.93282,0.93303,8439
2022-12-27 00:00:00,0.93117,0.93304,0.93035,0.93057,8457
2022-12-27 04:00:00,0.93057,0.9318,0.93003,0.93032,6909
2022-12-27 08:00:00,0.9303,0.93213,0.92838,0.9284,9139
2022-12-27 12:00:00,0.92846,0.93082,0.92696,0.93069,10244
2022-12-27 16:00:00,0.93071,0.93162,0.92711,0.93003,15591
2022-12-27 20:00:00,0.93007,0.93013,0.92865,0.92938,8293
2022-12-28 00:00:00,0.92825,0.93065,0.92811,0.92939,4799
2022-12-28 04:00:00,0.92942,0.93051,0.9292,0.92923,5053
2022-12-28 08:00:00,0.92925,0.93071,0.92755,0.93016,8859
2022-12-28 12:00:00,0.93017,0.93057,0.92585,0.92617,10833
2022-12-28 16:00:00,0.92616,0.92886,0.9245,0.92626,15238
2022-12-28 20:00:00,0.92625,0.92946,0.92574,0.92891,6290
2022-12-29 00:00:00,0.928,0.92859,0.92672,0.92707,5557
2022-12-29 04:00:00,0.92709,0.92754,0.92674,0.92725,3227
2022-12-29 08:00:00,0.92723,0.92877,0.92283,0.92342,7726
2022-12-29 12:00:00,0.92342,0.92608,0.92237,0.92348,11021
2022-12-29 16:00:00,0.92349,0.92551,0.92103,0.92269,16366
2022-12-29 20:00:00,0.92267,0.92335,0.92158,0.92315,5863
2022-12-30 00:00:00,0.92247,0.92352,0.92216,0.92299,4215
2022-12-30 04:00:00,0.92299,0.92388,0.92263,0.9238,4848
2022-12-30 08:00:00,0.92381,0.92502,0.92295,0.92311,10476
2022-12-30 12:00:00,0.92312,0.92479,0.92113,0.92364,14944
2022-12-30 16:00:00,0.92365,0.92679,0.92003,0.92181,24846
2022-12-30 20:00:00,0.92173,0.92537,0.92159,0.92474,12943
2023-01-02 00:00:00,0.92337,0.92821,0.92297,0.92397,1743
2023-01-02 04:00:00,0.92403,0.92459,0.92263,0.92381,457
2023-01-02 08:00:00,0.92387,0.92553,0.92109,0.92451,5871
2023-01-02 12:00:00,0.9245,0.92465,0.92354,0.92419,18582
2023-01-02 16:00:00,0.92419,0.92593,0.92415,0.9256,5090
2023-01-02 20:00:00,0.92561,0.92571,0.92347,0.92431,1529
2023-01-03 00:00:00,0.92489,0.92667,0.92298,0.92448,9864
2023-01-03 04:00:00,0.92448,0.92479,0.92309,0.92462,6905
2023-01-03 08:00:00,0.92463,0.9382,0.92422,0.93702,21508
2023-01-03 12:00:00,0.93701,0.93985,0.93486,0.9357,14923
2023-01-03 16:00:00,0.93571,0.93919,0.93177,0.93706,20529
2023-01-03 20:00:00,0.93707,0.93759,0.93484,0.93593,8617
2023-01-04 00:00:00,0.93657,0.93665,0.93318,0.93337,9329
2023-01-04 04:00:00,0.93338,0.93438,0.93246,0.93393,7270
2023-01-04 08:00:00,0.93392,0.9341,0.9253,0.92719,18197
2023-01-04 12:00:00,0.92718,0.92907,0.92634,0.92742,14103
2023-01-04 16:00:00,0.92743,0.93146,0.92667,0.92892,25126
2023-01-04 20:00:00,0.92892,0.93092,0.92863,0.92974,14700
2023-01-05 00:00:00,0.92981,0.93013,0.92797,0.92833,7105
2023-01-05 04:00:00,0.92835,0.93076,0.92835,0.93015,7112
2023-01-05 08:00:00,0.93014,0.93079,0.92608,0.92657,13570
2023-01-05 12:00:00,0.92649,0.93351,0.92605,0.93345,16287
2023-01-05 16:00:00,0.93346,0.93779,0.93278,0.93613,26325
2023-01-05 20:00:00,0.93615,0.93685,0.93473,0.93615,9148
2023-01-06 00:00:00,0.93582,0.9364,0.93509,0.9361,8989
2023-01-06 04:00:00,0.93611,0.9378,0.93524,0.93755,8886
2023-01-06 08:00:00,0.93755,0.94051,0.93648,0.93999,14204
2023-01-06 12:00:00,0.93994,0.94085,0.93448,0.9351,19078
2023-01-06 16:00:00,0.93509,0.93996,0.92807,0.92825,30284
2023-01-06 20:00:00,0.92824,0.92865,0.92703,0.92804,8285
2023-01-09 00:00:00,0.92733,0.92798,0.92625,0.92659,8058
2023-01-09 04:00:00,0.9266,0.92663,0.9252,0.92561,7199
2023-01-09 08:00:00,0.92559,0.92577,0.92164,0.92446,13968
2023-01-09 12:00:00,0.92445,0.92518,0.91881,0.91923,13686
2023-01-09 16:00:00,0.91923,0.92073,0.91668,0.9196,17664
2023-01-09 20:00:00,0.91959,0.92159,0.91939,0.92133,9061
2023-01-10 00:00:00,0.92042,0.92217,0.92036,0.92066,8245
2023-01-10 04:00:00,0.92065,0.92228,0.92058,0.92097,7118
2023-01-10 08:00:00,0.92097,0.92238,0.91951,0.91986,13392
2023-01-10 12:00:00,0.91984,0.9252,0.91978,0.92439,11747
2023-01-10 16:00:00,0.92438,0.92438,0.92049,0.92284,22359
2023-01-10 20:00:00,0.92286,0.92357,0.92223,0.92285,5474
2023-01-11 00:00:00,0.92186,0.92356,0.92135,0.92311,7291
2023-01-11 04:00:00,0.92312,0.92335,0.92096,0.9214,5881
2023-01-11 08:00:00,0.92141,0.9235,0.92046,0.92314,11828
2023-01-11 12:00:00,0.92314,0.92959,0.92205,0.92905,12973
2023-01-11 16:00:00,0.92906,0.93177,0.92813,0.93136,16432
2023-01-11 20:00:00,0.93136,0.93317,0.93011,0.93127,9876
2023-01-12 00:00:00,0.93101,0.9316,0.92996,0.93152,9528
2023-01-12 04:00:00,0.93154,0.93176,0.93058,0.93149,7723
2023-01-12 08:00:00,0.93149,0.93483,0.93048,0.93111,12002
2023-01-12 12:00:00,0.93111,0.93618,0.92659,0.92769,21873
2023-01-12 16:00:00,0.92768,0.93436,0.92739,0.92806,37175
2023-01-12 20:00:00,0.92805,0.92953,0.92678,0.92747,11717
2023-01-13 00:00:00,0.92703,0.92859,0.92574,0.92802,6554
2023-01-13 04:00:00,0.92801,0.93081,0.92798,0.93047,5779
2023-01-13 08:00:00,0.93043,0.93158,0.9271,0.92851,15242
2023-01-13 12:00:00,0.92849,0.93094,0.92678,0.93082,15574
2023-01-13 16:00:00,0.93073,0.93167,0.92556,0.92647,21238
2023-01-13 20:00:00,0.92644,0.92724,0.92565,0.92624,6671
2023-01-16 00:00:00,0.92603,0.92737,0.92305,0.92315,9187
2023-01-16 04:00:00,0.92315,0.92426,0.92187,0.92397,6939
2023-01-16 08:00:00,0.92396,0.92882,0.92394,0.92497,14194
2023-01-16 12:00:00,0.92497,0.92777,0.92457,0.92541,13067
2023-01-16 16:00:00,0.92544,0.92776,0.9252,0.92603,9989
2023-01-16 20:00:00,0.92602,0.92697,0.92584,0.92631,3062
2023-01-17 00:00:00,0.9256,0.92664,0.92428,0.92641,9330
2023-01-17 04:00:00,0.92642,0.9276,0.92426,0.92432,8207
2023-01-17 08:00:00,0.92431,0.92606,0.92255,0.92331,14042
2023-01-17 12:00:00,0.9233,0.92392,0.92002,0.92088,17147
2023-01-17 16:00:00,0.92087,0.92324,0.91873,0.92239,22502
2023-01-17 20:00:00,0.92238,0.92288,0.92157,0.92194,7228
2023-01-18 00:00:00,0.92132,0.92296,0.92117,0.92191,5475
2023-01-18 04:00:00,0.92192,0.92459,0.92168,0.92279,14826
2023-01-18 08:00:00,0.92278,0.92346,0.91286,0.91295,22475
2023-01-18 12:00:00,0.91293,0.91493,0.91129,0.91218,21313
2023-01-18 16:00:00,0.91219,0.91721,0.90851,0.91585,30409
2023-01-18 20:00:00,0.91582,0.91693,0.91531,0.91632,9848
2023-01-19 00:00:00,0.91555,0.91751,0.91522,0.91717,8308
2023-01-19 04:00:00,0.91716,0.9176,0.91531,0.91647,8711
2023-01-19 08:00:00,0.91646,0.9171,0.91487,0.91626,14656
2023-01-19 12:00:00,0.91625,0.91894,0.91563,0.91797,18727
2023-01-19 16:00:00,0.91799,0.91847,0.91517,0.91608,19333
2023-01-19 20:00:00,0.91608,0.91694,0.91471,0.91613,9386
2023-01-20 00:00:00,0.91548,0.91637,0.91503,0.91622,4842
2023-01-20 04:00:00,0.91623,0.91752,0.91556,0.91652,5790
2023-01-20 08:00:00,0.91653,0.9215,0.91411,0.92042,14683
2023-01-20 12:00:00,0.92043,0.92335,0.9186,0.9232,15066
2023-01-20 16:00:00,0.92319,0.92345,0.91949,0.92216,16087
2023-01-20 20:00:00,0.92212,0.92252,0.91974,0.92029,8005
2023-01-23 00:00:00,0.91862,0.91999,0.91738,0.91816,8621
2023-01-23 04:00:00,0.91815,0.91832,0.91701,0.91796,4875
2023-01-23 08:00:00,0.91795,0.91924,0.91597,0.91771,14835
2023-01-23 12:00:00,0.91773,0.92293,0.91624,0.92222,16576
2023-01-23 16:00:00,0.92223,0.92409,0.92114,0.92332,19296
2023-01-23 20:00:00,0.92331,0.92345,0.92156,0.9217,9839
2023-01-24 00:00:00,0.92197,0.92203,0.92077,0.92114,5783
2023-01-24 04:00:00,0.92111,0.92205,0.92097,0.92153,4517
2023-01-24 08:00:00,0.92154,0.9225,0.91919,0.92187,12769
2023-01-24 12:00:00,0.92191,0.92686,0.92119,0.92606,13049
2023-01-24 16:00:00,0.92611,0.92793,0.92238,0.92259,22180
2023-01-24 20:00:00,0.92258,0.92356,0.92209,0.9225,5891
2023-01-25 00:00:00,0.92225,0.92303,0.92164,0.92226,7372
2023-01-25 04:00:00,0.92225,0.92329,0.92172,0.92285,4926
2023-01-25 08:00:00,0.92286,0.92451,0.92212,0.92309,13009
2023-01-25 12:00:00,0.92312,0.92399,0.92049,0.92238,12813
2023-01-25 16:00:00,0.92237,0.92302,0.91724,0.91966,18328
2023-01-25 20:00:00,0.91966,0.91966,0.91759,0.91772,6182
2023-01-26 00:00:00,0.91737,0.91798,0.91687,0.91718,5614
2023-01-26 04:00:00,0.91721,0.91784,0.91696,0.91714,4701
2023-01-26 08:00:00,0.91715,0.91973,0.91611,0.91949,13538
2023-01-26 12:00:00,0.9195,0.91987,0.91643,0.91644,15503
2023-01-26 16:00:00,0.9164,0.92252,0.91581,0.92152,20039
2023-01-26 20:00:00,0.92153,0.92158,0.91959,0.92028,5550
2023-01-27 00:00:00,0.91861,0.92057,0.91853,0.92044,6771
2023-01-27 04:00:00,0.92044,0.92228,0.92032,0.92175,4787
2023-01-27 08:00:00,0.92175,0.92285,0.92013,0.92101,10220
2023-01-27 12:00:00,0.92101,0.92311,0.92032,0.92189,13639
2023-01-27 16:00:00,0.9219,0.92399,0.92054,0.9216,18779
2023-01-27 20:00:00,0.9216,0.92216,0.92073,0.92102,6041
2023-01-30 00:00:00,0.9206,0.92198,0.91999,0.9212,5433
2023-01-30 04:00:00,0.92121,0.92181,0.9201,0.92077,8732
2023-01-30 08:00:00,0.92077,0.92309,0.91925,0.91934,11501
2023-01-30 12:00:00,0.91932,0.92262,0.91818,0.92247,12290
2023-01-30 16:00:00,0.92248,0.92389,0.92202,0.92348,14986
2023-01-30 20:00:00,0.92353,0.92562,0.92337,0.925,7376
2023-01-31 00:00:00,0.92414,0.92566,0.92385,0.92399,5049
2023-01-31 04:00:00,0.92399,0.92578,0.92392,0.92575,5174
2023-01-31 08:00:00,0.92571,0.9288,0.92465,0.92671,13410
2023-01-31 12:00:00,0.92672,0.92878,0.92321,0.92366,14858
2023-01-31 16:00:00,0.92361,0.92406,0.91651,0.91754,20506
2023-01-31 20:00:00,0.91756,0.91779,0.91504,0.91606,6443
2023-02-01 00:00:00,0.91605,0.91675,0.91569,0.91668,3806
2023-02-01 04:00:00,0.91668,0.91725,0.91587,0.91622,3470
2023-02-01 08:00:00,0.91622,0.91702,0.91519,0.91599,9551
2023-02-01 12:00:00,0.91598,0.91649,0.9143,0.91524,11650
2023-02-01 16:00:00,0.91523,0.91724,0.91365,0.91604,15119
2023-02-01 20:00:00,0.91598,0.91829,0.90699,0.90871,26965
2023-02-02 00:00:00,0.90805,0.90868,0.90592,0.90742,9602
2023-02-02 04:00:00,0.90744,0.90751,0.90654,0.90715,5910
2023-02-02 08:00:00,0.90713,0.91,0.9067,0.90782,11194
2023-02-02 12:00:00,0.90783,0.91068,0.9078,0.91027,20716
2023-02-02 16:00:00,0.91029,0.91356,0.90901,0.91343,26256
2023-02-02 20:00:00,0.91341,0.91393,0.9122,0.9132,12545
2023-02-03 00:00:00,0.91231,0.91469,0.91176,0.91419,4429
2023-02-03 04:00:00,0.91418,0.9147,0.91384,0.91425,4552
2023-02-03 08:00:00,0.91423,0.91679,0.91261,0.9129,11490
2023-02-03 12:00:00,0.91293,0.92337,0.9126,0.92291,16016
2023-02-03 16:00:00,0.92293,0.92692,0.92219,0.92441,30390
2023-02-03 20:00:00,0.92441,0.92642,0.92437,0.92613,8915
2023-02-06 00:00:00,0.9275,0.92756,0.92525,0.92671,8204
2023-02-06 04:00:00,0.92672,0.92687,0.92493,0.92501,7993
2023-02-06 08:00:00,0.925,0.92679,0.92272,0.92362,12962
2023-02-06 12:00:00,0.9236,0.92723,0.9236,0.92593,11230
2023-02-06 16:00:00,0.92594,0.92908,0.92555,0.92858,16921
2023-02-06 20:00:00,0.92857,0.92889,0.92688,0.92825,6821
2023-02-07 00:00:00,0.92768,0.92822,0.92631,0.92649,5463
2023-02-07 04:00:00,0.92648,0.92731,0.92624,0.92658,9134
2023-02-07 08:00:00,0.92658,0.929,0.92425,0.92614,14005
2023-02-07 12:00:00,0.9261,0.9274,0.92456,0.9256,12702
2023-02-07 16:00:00,0.92561,0.92729,0.91914,0.91971,23056
2023-02-07 20:00:00,0.91971,0.92493,0.91924,0.922,23970
2023-02-08 00:00:00,0.92183,0.92221,0.92098,0.92213,4674
2023-02-08 04:00:00,0.92214,0.92234,0.92149,0.92167,5833
2023-02-08 08:00:00,0.92166,0.92225,0.9178,0.91804,12582
2023-02-08 12:00:00,0.91803,0.92121,0.91789,0.91972,10404
2023-02-08 16:00:00,0.91971,0.92171,0.91867,0.92003,18832
2023-02-08 20:00:00,0.92002,0.92117,0.91901,0.92088,8502
2023-02-09 00:00:00,0.92053,0.92187,0.91987,0.92061,6507
2023-02-09 04:00:00,0.92062,0.92067,0.91896,0.91944,5502
2023-02-09 08:00:00,0.91943,0.91995,0.91718,0.91835,11218
2023-02-09 12:00:00,0.91831,0.92014,0.91607,0.91607,10888
2023-02-09 16:00:00,0.91606,0.9211,0.91604,0.9202,15880
2023-02-09 20:00:00,0.92022,0.92284,0.92007,0.9222,10307
2023-02-10 00:00:00,0.92201,0.92319,0.92106,0.92252,4982
2023-02-10 04:00:00,0.92257,0.92373,0.92238,0.9228,6385
2023-02-10 08:00:00,0.92282,0.92438,0.91979,0.92297,19455
2023-02-10 12:00:00,0.92296,0.92438,0.92218,0.92317,13070
2023-02-10 16:00:00,0.92316,0.92506,0.92224,0.92479,19306
2023-02-10 20:00:00,0.92478,0.92529,0.92353,0.92372,5351
2023-02-13 00:00:00,0.92319,0.92596,0.92263,0.92518,6004
2023-02-13 04:00:00,0.9251,0.92584,0.92495,0.9254,6498
2023-02-13 08:00:00,0.92541,0.92548,0.92188,0.92325,13102
2023-02-13 12:00:00,0.92325,0.92346,0.92072,0.92301,10300
2023-02-13 16:00:00,0.92301,0.9234,0.91991,0.92026,13552
2023-02-13 20:00:00,0.92026,0.92061,0.91911,0.91937,4978
2023-02-14 00:00:00,0.91943,0.91958,0.91789,0.91838,6497
2023-02-14 04:00:00,0.91838,0.91882,0.91773,0.91786,7053
2023-02-14 08:00:00,0.91787,0.91863,0.91577,0.91635,11598
2023-02-14 12:00:00,0.91636,0.9204,0.91368,0.91782,21497
2023-02-14 16:00:00,0.91782,0.92341,0.91664,0.92191,38600
2023-02-14 20:00:00,0.92191,0.92232,0.92024,0.92163,11228
2023-02-15 00:00:00,0.92146,0.92206,0.921,0.92192,5190
2023-02-15 04:00:00,0.92193,0.92392,0.92186,0.92374,6247
2023-02-15 08:00:00,0.92375,0.92481,0.92227,0.92234,16136
2023-02-15 12:00:00,0.92234,0.92617,0.92157,0.9244,17446
2023-02-15 16:00:00,0.92445,0.92626,0.92348,0.92537,21288
2023-02-15 20:00:00,0.92538,0.9259,0.9236,0.92387,7855
2023-02-16 00:00:00,0.92379,0.92405,0.92209,0.92233,8447
2023-02-16 04:00:00,0.92236,0.92278,0.92173,0.92233,7837
2023-02-16 08:00:00,0.92232,0.92337,0.92169,0.92245,10530
2023-02-16 12:00:00,0.92246,0.92612,0.92139,0.92473,13931
2023-02-16 16:00:00,0.92476,0.92718,0.92385,0.92421,20477
2023-02-16 20:00:00,0.9242,0.9261,0.92366,0.9257,9727
2023-02-17 00:00:00,0.92512,0.92844,0.92474,0.92827,5364
2023-02-17 04:00:00,0.92828,0.92938,0.92789,0.92914,8604
2023-02-17 08:00:00,0.92914,0.93233,0.92897,0.93233,12974
2023-02-17 12:00:00,0.93235,0.93321,0.92911,0.93007,14413
2023-02-17 16:00:00,0.93006,0.93115,0.92537,0.92655,20515
2023-02-17 20:00:00,0.92657,0.92677,0.92402,0.92421,7248
2023-02-20 00:00:00,0.92532,0.92599,0.92376,0.92569,4650
2023-02-20 04:00:00,0.92569,0.92575,0.92411,0.92436,8302
2023-02-20 08:00:00,0.92438,0.92467,0.92204,0.92379,11908
2023-02-20 12:00:00,0.92379,0.92448,0.92221,0.92406,11535
2023-02-20 16:00:00,0.92407,0.92412,0.9225,0.92316,8510
2023-02-20 20:00:00,0.92316,0.92337,0.92289,0.92311,3249
2023-02-21 00:00:00,0.92275,0.92443,0.92248,0.92352,6178
2023-02-21 04:00:00,0.92352,0.92442,0.92346,0.92374,4515
2023-02-21 08:00:00,0.92373,0.92718,0.9232,0.9244,12470
2023-02-21 12:00:00,0.92433,0.92576,0.92373,0.92533,12441
2023-02-21 16:00:00,0.92534,0.92818,0.92474,0.92647,21750
2023-02-21 20:00:00,0.92648,0.92827,0.92624,0.92781,7182
2023-02-22 00:00:00,0.92657,0.9277,0.92631,0.9268,6823
2023-02-22 04:00:00,0.9268,0.92707,0.92617,0.92637,9261
2023-02-22 08:00:00,0.92638,0.9287,0.92527,0.92755,10807
2023-02-22 12:00:00,0.92754,0.92873,0.92635,0.92724,12107
2023-02-22 16:00:00,0.92726,0.93046,0.92597,0.92945,17032
2023-02-22 20:00:00,0.92944,0.93185,0.9288,0.93134,13017
2023-02-23 00:00:00,0.93028,0.9314,0.9298,0.9299,4322
2023-02-23 04:00:00,0.9299,0.93024,0.92906,0.92958,2805
2023-02-23 08:00:00,0.92958,0.93343,0.92902,0.9331,9723
2023-02-23 12:00:00,0.9331,0.93434,0.93144,0.93342,13943
2023-02-23 16:00:00,0.93342,0.93486,0.93194,0.93424,18352
2023-02-23 20:00:00,0.93423,0.93459,0.93287,0.93382,6905
2023-02-24 00:00:00,0.93286,0.93424,0.93255,0.93388,8038
2023-02-24 04:00:00,0.93388,0.93422,0.93304,0.93401,5428
2023-02-24 08:00:00,0.93399,0.93647,0.93371,0.93461,10129
2023-02-24 12:00:00,0.93461,0.93804,0.93408,0.93708,14222
2023-02-24 16:00:00,0.93703,0.94062,0.93701,0.94007,22807
2023-02-24 20:00:00,0.94005,0.94122,0.93948,0.94098,6927
2023-02-27 00:00:00,0.93943,0.94083,0.93937,0.94011,4299
2023-02-27 04:00:00,0.94014,0.94187,0.94001,0.9416,4625
2023-02-27 08:00:00,0.9416,0.94289,0.94061,0.94114,11661
2023-02-27 12:00:00,0.94115,0.94156,0.93694,0.93729,10623
2023-02-27 16:00:00,0.93727,0.93849,0.93441,0.93663,13735
2023-02-27 20:00:00,0.93662,0.93698,0.93527,0.93573,4926
2023-02-28 00:00:00,0.93526,0.93663,0.93485,0.93661,3362
2023-02-28 04:00:00,0.93661,0.93721,0.93575,0.93687,4275
2023-02-28 08:00:00,0.9369,0.93886,0.93607,0.93778,10957
2023-02-28 12:00:00,0.93778,0.93891,0.93549,0.93562,8951
2023-02-28 16:00:00,0.93562,0.93833,0.93413,0.93729,19035
2023-02-28 20:00:00,0.9373,0.9423,0.93723,0.94208,6959
2023-03-01 00:00:00,0.94197,0.94282,0.94119,0.94123,4614
2023-03-01 04:00:00,0.94125,0.94152,0.94012,0.94068,3893
2023-03-01 08:00:00,0.94068,0.94072,0.93686,0.93743,14005
2023-03-01 12:00:00,0.93745,0.93874,0.93502,0.93781,12335
2023-03-01 16:00:00,0.93784,0.94116,0.93696,0.93991,21298
2023-03-01 20:00:00,0.93991,0.94136,0.93953,0.93963,6044
2023-03-02 00:00:00,0.93908,0.94172,0.93905,0.94136,4754
2023-03-02 04:00:00,0.94136,0.94305,0.94114,0.94274,5426
2023-03-02 08:00:00,0.94274,0.944,0.94116,0.94138,11748
2023-03-02 12:00:00,0.94142,0.94343,0.93956,0.94297,14216
2023-03-02 16:00:00,0.94295,0.94399,0.94081,0.9435,16617
2023-03-02 20:00:00,0.94348,0.94378,0.94105,0.94221,7991
2023-03-03 00:00:00,0.94139,0.94214,0.94075,0.94122,5091
2023-03-03 04:00:00,0.94122,0.94155,0.94043,0.94078,4539
2023-03-03 08:00:00,0.94079,0.9408,0.93683,0.93782,10022
2023-03-03 12:00:00,0.93781,0.93984,0.93704,0.93776,10347
2023-03-03 16:00:00,0.93775,0.94078,0.93698,0.93768,18716
2023-03-03 20:00:00,0.93768,0.93829,0.93589,0.9362,5998
2023-03-06 00:00:00,0.93616,0.93728,0.93608,0.93635,5129
2023-03-06 04:00:00,0.93636,0.93694,0.93533,0.93574,5030
2023-03-06 08:00:00,0.93571,0.93655,0.93127,0.93418,10946
2023-03-06 12:00:00,0.93417,0.93596,0.93316,0.93437,12492
2023-03-06 16:00:00,0.93437,0.93491,0.93051,0.93152,13978
2023-03-06 20:00:00,0.93152,0.93271,0.93077,0.93086,5211
2023-03-07 00:00:00,0.9308,0.93148,0.93051,0.93071,3052
2023-03-07 04:00:00,0.93072,0.9308,0.92951,0.92996,4941
2023-03-07 08:00:00,0.93,0.93281,0.92856,0.93269,10098
2023-03-07 12:00:00,0.93267,0.93465,0.93204,0.93442,10456
2023-03-07 16:00:00,0.93439,0.94169,0.93417,0.94111,29785
2023-03-07 20:00:00,0.94109,0.94245,0.93975,0.94204,9090
2023-03-08 00:00:00,0.94092,0.9426,0.94053,0.94238,4084
2023-03-08 04:00:00,0.94239,0.94387,0.94226,0.94328,5002
2023-03-08 08:00:00,0.94326,0.94337,0.94152,0.94263,9374
2023-03-08 12:00:00,0.94263,0.94343,0.9413,0.94199,10373
2023-03-08 16:00:00,0.94198,0.94358,0.93882,0.94131,21607
2023-03-08 20:00:00,0.94127,0.94214,0.9408,0.94137,6230
2023-03-09 00:00:00,0.94012,0.94177,0.94003,0.94138,3593
2023-03-09 04:00:00,0.94138,0.94145,0.93976,0.94006,3280
2023-03-09 08:00:00,0.94006,0.94039,0.93714,0.93715,8317
2023-03-09 12:00:00,0.93714,0.93935,0.93667,0.93729,11341
2023-03-09 16:00:00,0.93729,0.93844,0.93543,0.93634,13281
2023-03-09 20:00:00,0.93637,0.93688,0.93236,0.93237,10422
2023-03-10 00:00:00,0.93304,0.93329,0.93145,0.93192,9686
2023-03-10 04:00:00,0.93191,0.93258,0.92814,0.93046,9841
2023-03-10 08:00:00,0.93045,0.93165,0.92868,0.93027,13005
2023-03-10 12:00:00,0.93028,0.93052,0.92301,0.92534,18376
2023-03-10 16:00:00,0.92534,0.92617,0.91745,0.91878,36195
2023-03-10 20:00:00,0.91884,0.92199,0.91844,0.92138,12816
2023-03-13 00:00:00,0.91811,0.92047,0.91464,0.91909,11434
2023-03-13 04:00:00,0.91907,0.92025,0.91518,0.91698,16974
2023-03-13 08:00:00,0.91701,0.91765,0.9144,0.91565,18237
2023-03-13 12:00:00,0.91565,0.91597,0.90929,0.90975,40394
2023-03-13 16:00:00,0.90973,0.91272,0.90711,0.91097,35651
2023-03-13 20:00:00,0.91097,0.91242,0.90941,0.91185,17309
2023-03-14 00:00:00,0.91173,0.91271,0.91098,0.91233,7200
2023-03-14 04:00:00,0.91234,0.91451,0.91208,0.91414,8240
2023-03-14 08:00:00,0.91415,0.91443,0.9105,0.91211,20990
2023-03-14 12:00:00,0.91215,0.9139,0.90952,0.91098,23846
2023-03-14 16:00:00,0.91098,0.91644,0.91055,0.91509,29048
2023-03-14 20:00:00,0.91507,0.91511,0.91218,0.91397,15798
2023-03-15 00:00:00,0.91254,0.91485,0.91243,0.91425,13565
2023-03-15 04:00:00,0.91425,0.9144,0.91229,0.91391,11176
2023-03-15 08:00:00,0.91391,0.91606,0.91387,0.91525,15089
2023-03-15 12:00:00,0.91525,0.92571,0.91468,0.92165,34846
2023-03-15 16:00:00,0.92166,0.92851,0.92035,0.9279,40564
2023-03-15 20:00:00,0.92791,0.93377,0.92632,0.93336,29820
2023-03-16 00:00:00,0.93311,0.93398,0.92978,0.93169,16387
2023-03-16 04:00:00,0.93168,0.93203,0.92976,0.93011,17035
2023-03-16 08:00:00,0.93011,0.93064,0.9229,0.9262,19235
2023-03-16 12:00:00,0.9262,0.93033,0.92515,0.92651,20510
2023-03-16 16:00:00,0.9265,0.93222,0.92623,0.92923,42249
2023-03-16 20:00:00,0.92924,0.93197,0.92846,0.92935,18472
2023-03-17 00:00:00,0.92935,0.92998,0.92881,0.92917,8729
2023-03-17 04:00:00,0.92916,0.9293,0.92642,0.92645,15169
2023-03-17 08:00:00,0.92644,0.92712,0.92404,0.92513,17673
2023-03-17 12:00:00,0.92512,0.92864,0.92394,0.9279,17538
2023-03-17 16:00:00,0.92787,0.92931,0.9263,0.92862,23038
2023-03-17 20:00:00,0.9286,0.92897,0.92495,0.92602,15907
2023-03-20 00:00:00,0.92603,0.92793,0.92514,0.92654,7559
2023-03-20 04:00:00,0.92655,0.92712,0.92536,0.92593,11983
2023-03-20 08:00:00,0.92593,0.93122,0.92449,0.92856,20813
2023-03-20 12:00:00,0.92852,0.93071,0.92537,0.92737,20442
2023-03-20 16:00:00,0.92738,0.92746,0.92402,0.92611,17952
2023-03-20 20:00:00,0.9261,0.92942,0.92582,0.92912,7342
2023-03-21 00:00:00,0.92742,0.9293,0.92742,0.92864,17681
2023-03-21 04:00:00,0.92863,0.92975,0.92848,0.92971,20972
2023-03-21 08:00:00,0.92971,0.93168,0.92808,0.92809,14661
2023-03-21 12:00:00,0.9281,0.92887,0.92331,0.92419,11750
2023-03-21 16:00:00,0.9242,0.92549,0.92094,0.92253,14741
2023-03-21 20:00:00,0.92255,0.92333,0.92219,0.9224,7899
2023-03-22 00:00:00,0.92221,0.92251,0.92119,0.92229,8586
2023-03-22 04:00:00,0.92229,0.92301,0.92204,0.92289,11391
2023-03-22 08:00:00,0.92288,0.92451,0.92118,0.92233,13721
2023-03-22 12:00:00,0.92231,0.92361,0.92063,0.92289,12710
2023-03-22 16:00:00,0.92288,0.92456,0.92183,0.92321,10589
2023-03-22 20:00:00,0.9232,0.92419,0.91472,0.91744,27025
2023-03-23 00:00:00,0.91752,0.91752,0.9158,0.9158,5180
2023-03-23 04:00:00,0.91579,0.9173,0.9145,0.91521,10323
2023-03-23 08:00:00,0.91521,0.91668,0.91181,0.91391,18584
2023-03-23 12:00:00,0.91388,0.91807,0.91311,0.91671,14492
2023-03-23 16:00:00,0.91674,0.91676,0.91268,0.91389,14824
2023-03-23 20:00:00,0.91388,0.91659,0.91364,0.91652,13460
2023-03-24 00:00:00,0.91577,0.91726,0.91577,0.91631,10791
2023-03-24 04:00:00,0.91631,0.9179,0.91559,0.9156,9414
2023-03-24 08:00:00,0.9156,0.91926,0.91548,0.91744,16147
2023-03-24 12:00:00,0.91745,0.92168,0.91697,0.91907,21008
2023-03-24 16:00:00,0.91904,0.92013,0.91732,0.91845,19614
2023-03-24 20:00:00,0.91845,0.92029,0.91826,0.91978,7280
2023-03-27 00:00:00,0.91757,0.91991,0.91753,0.91991,8642
2023-03-27 04:00:00,0.91991,0.91994,0.91796,0.91863,7866
2023-03-27 08:00:00,0.91863,0.91973,0.91571,0.91616,14896
2023-03-27 12:00:00,0.91616,0.91778,0.91563,0.91754,12739
2023-03-27 16:00:00,0.91754,0.91762,0.91554,0.91617,12634
2023-03-27 20:00:00,0.91616,0.91691,0.91542,0.91568,5663
2023-03-28 00:00:00,0.91555,0.91587,0.91418,0.91458,11488
2023-03-28 04:00:00,0.91456,0.91489,0.91364,0.9142,6854
2023-03-28 08:00:00,0.9142,0.91806,0.91401,0.91721,10402
2023-03-28 12:00:00,0.91724,0.9188,0.9167,0.91813,9684
2023-03-28 16:00:00,0.91814,0.92225,0.91808,0.91935,11713
2023-03-28 20:00:00,0.91937,0.92006,0.91864,0.91959,4835
2023-03-29 00:00:00,0.91951,0.9209,0.91901,0.91968,3537
2023-03-29 04:00:00,0.9197,0.92096,0.91961,0.92063,5475
2023-03-29 08:00:00,0.9206,0.92229,0.91935,0.91987,10947
2023-03-29 12:00:00,0.91988,0.92041,0.91648,0.91912,12084
2023-03-29 16:00:00,0.91911,0.92126,0.9184,0.92054,14721
2023-03-29 20:00:00,0.92055,0.92062,0.91828,0.91834,4940
2023-03-30 00:00:00,0.91822,0.91955,0.91812,0.91928,4158
2023-03-30 04:00:00,0.91928,0.92002,0.91869,0.91889,5382
2023-03-30 08:00:00,0.91886,0.91898,0.91577,0.91615,14049
2023-03-30 12:00:00,0.91611,0.91661,0.91284,0.91308,10562
2023-03-30 16:00:00,0.91308,0.91457,0.91259,0.91388,12720
2023-03-30 20:00:00,0.91385,0.91453,0.91346,0.91351,5195
2023-03-31 00:00:00,0.91326,0.91417,0.91256,0.9134,6102
2023-03-31 04:00:00,0.9134,0.91411,0.91242,0.91388,7556
2023-03-31 08:00:00,0.91388,0.91645,0.91339,0.91612,12559
2023-03-31 12:00:00,0.91609,0.91774,0.91431,0.91454,12573
2023-03-31 16:00:00,0.91453,0.9151,0.91156,0.91379,14751
2023-03-31 20:00:00,0.91376,0.9154,0.91361,0.91516,7088
2023-04-03 00:00:00,0.91568,0.91825,0.91377,0.91678,8551
2023-04-03 04:00:00,0.91677,0.91856,0.91631,0.91848,6051
2023-04-03 08:00:00,0.91848,0.91958,0.91703,0.9176,11924
2023-04-03 12:00:00,0.9176,0.91764,0.91432,0.91557,12147
2023-04-03 16:00:00,0.91557,0.91568,0.91152,0.91335,15518
2023-04-03 20:00:00,0.91335,0.91403,0.91227,0.91264,5764
2023-04-04 00:00:00,0.91252,0.91309,0.9123,0.91291,6453
2023-04-04 04:00:00,0.91292,0.91396,0.91283,0.91319,4956
2023-04-04 08:00:00,0.91319,0.91428,0.91002,0.91177,12670
2023-04-04 12:00:00,0.91176,0.91407,0.91072,0.91344,12491
2023-04-04 16:00:00,0.91344,0.91347,0.9055,0.90627,17636
2023-04-04 20:00:00,0.90627,0.90645,0.90563,0.90606,3653
2023-04-05 00:00:00,0.90576,0.90596,0.90537,0.90572,3265
2023-04-05 04:00:00,0.9057,0.906,0.90532,0.90587,5666
2023-04-05 08:00:00,0.90587,0.90601,0.90407,0.90467,9194
2023-04-05 12:00:00,0.90467,0.90583,0.90299,0.90351,11359
2023-04-05 16:00:00,0.90351,0.90759,0.90055,0.90729,16376
2023-04-05 20:00:00,0.90729,0.90758,0.90573,0.9066,3983
2023-04-06 00:00:00,0.90581,0.90697,0.90532,0.90686,4003
2023-04-06 04:00:00,0.90685,0.90747,0.90674,0.90713,3799
2023-04-06 08:00:00,0.90716,0.90749,0.90364,0.90444,10659
2023-04-06 12:00:00,0.90443,0.90635,0.90416,0.90615,10418
2023-04-06 16:00:00,0.90615,0.9067,0.90359,0.904,10394
2023-04-06 20:00:00,0.904,0.90494,0.90375,0.90451,3945
2023-04-07 00:00:00,0.90435,0.90485,0.90423,0.90463,5250
2023-04-07 04:00:00,0.90464,0.90471,0.90411,0.90466,5550
2023-04-07 08:00:00,0.90468,0.90491,0.90341,0.90393,4587
2023-04-07 12:00:00,0.90393,0.90808,0.90356,0.90628,6791
2023-04-07 16:00:00,0.90625,0.90679,0.9034,0.90489,5406
2023-04-07 20:00:00,0.90499,0.90527,0.90354,0.90479,6940
2023-04-10 00:00:00,0.90445,0.90573,0.90368,0.90571,5887
2023-04-10 04:00:00,0.90571,0.90632,0.90532,0.90622,4857
2023-04-10 08:00:00,0.90623,0.90671,0.90507,0.90553,5892
2023-04-10 12:00:00,0.90553,0.91032,0.9054,0.91018,9820
2023-04-10 16:00:00,0.91024,0.91202,0.90961,0.91034,10271
2023-04-10 20:00:00,0.91035,0.91035,0.90927,0.9095,6846
2023-04-11 00:00:00,0.90791,0.90958,0.90791,0.90852,5312
2023-04-11 04:00:00,0.90851,0.90902,0.90774,0.908,3844
2023-04-11 08:00:00,0.90799,0.90799,0.90372,0.90412,8083
2023-04-11 12:00:00,0.90411,0.90556,0.90371,0.90515,8925
2023-04-11 16:00:00,0.90508,0.90593,0.90316,0.9046,9309
2023-04-11 20:00:00,0.9046,0.90485,0.90276,0.90311,3394
2023-04-12 00:00:00,0.90328,0.90339,0.90247,0.90254,3403
2023-04-12 04:00:00,0.90255,0.90314,0.90184,0.90259,3729
2023-04-12 08:00:00,0.90259,0.90348,0.9017,0.90297,6710
2023-04-12 12:00:00,0.903,0.90305,0.89674,0.89783,11071
2023-04-12 16:00:00,0.89783,0.89823,0.89436,0.89539,14396
2023-04-12 20:00:00,0.8954,0.89661,0.89493,0.89623,6164
2023-04-13 00:00:00,0.89584,0.89633,0.89534,0.89545,3329
2023-04-13 04:00:00,0.89545,0.89709,0.89544,0.897,3101
2023-04-13 08:00:00,0.89694,0.89748,0.89037,0.89152,8893
2023-04-13 12:00:00,0.89153,0.8919,0.88701,0.8874,11520
2023-04-13 16:00:00,0.88737,0.89001,0.88596,0.88742,13131
2023-04-13 20:00:00,0.8874,0.88946,0.8874,0.88944,3379
2023-04-14 00:00:00,0.88938,0.88963,0.88847,0.88893,2436
2023-04-14 04:00:00,0.88892,0.88913,0.88737,0.88772,5041
2023-04-14 08:00:00,0.88771,0.88884,0.88707,0.88819,7041
2023-04-14 12:00:00,0.88819,0.89269,0.88668,0.89166,11849
2023-04-14 16:00:00,0.89167,0.89588,0.89092,0.89537,16012
2023-04-14 20:00:00,0.89538,0.89559,0.89372,0.89391,5240
2023-04-17 00:00:00,0.89412,0.89555,0.89369,0.89554,3485
2023-04-17 04:00:00,0.89553,0.89595,0.89406,0.89409,3987
2023-04-17 08:00:00,0.89409,0.89502,0.89218,0.89496,8351
2023-04-17 12:00:00,0.89497,0.89569,0.89311,0.89556,8706
2023-04-17 16:00:00,0.89556,0.89963,0.89546,0.89949,11984
2023-04-17 20:00:00,0.8995,0.89957,0.89831,0.89846,4259
2023-04-18 00:00:00,0.8981,0.89876,0.89795,0.89832,3604
2023-04-18 04:00:00,0.89831,0.89858,0.89706,0.8977,5177
2023-04-18 08:00:00,0.8977,0.89848,0.89576,0.89591,9525
2023-04-18 12:00:00,0.89592,0.89763,0.89543,0.89753,8081
2023-04-18 16:00:00,0.89749,0.89868,0.89692,0.89694,10687
2023-04-18 20:00:00,0.89694,0.89723,0.89629,0.89634,3491
2023-04-19 00:00:00,0.89611,0.89655,0.8958,0.89595,2095
2023-04-19 04:00:00,0.89595,0.89741,0.89594,0.89711,3849
2023-04-19 08:00:00,0.89708,0.89907,0.89596,0.89829,12063
2023-04-19 12:00:00,0.89831,0.90029,0.89782,0.89801,10677
2023-04-19 16:00:00,0.898,0.89864,0.89585,0.89739,9604
2023-04-19 20:00:00,0.89739,0.89798,0.89724,0.89754,4349
2023-04-20 00:00:00,0.89729,0.89798,0.89709,0.89784,2556
2023-04-20 04:00:00,0.89783,0.89831,0.89656,0.89656,3679
2023-04-20 08:00:00,0.89656,0.8971,0.89488,0.89578,9106
2023-04-20 12:00:00,0.89579,0.89682,0.89227,0.89296,11020
2023-04-20 16:00:00,0.89297,0.89462,0.892,0.89421,12577
2023-04-20 20:00:00,0.89419,0.89427,0.89236,0.89244,5035
2023-04-21 00:00:00,0.89258,0.8933,0.89209,0.89277,3481
2023-04-21 04:00:00,0.89277,0.89346,0.89238,0.89335,3259
2023-04-21 08:00:00,0.89331,0.89533,0.89302,0.89354,9496
2023-04-21 12:00:00,0.89356,0.89446,0.89126,0.89138,9967
2023-04-21 16:00:00,0.89139,0.89542,0.89075,0.89271,14948
2023-04-21 20:00:00,0.89276,0.89336,0.89194,0.89213,4950
2023-04-24 00:00:00,0.89244,0.89264,0.89164,0.89178,2400
2023-04-24 04:00:00,0.89177,0.89279,0.89157,0.89222,3411
2023-04-24 08:00:00,0.89222,0.89261,0.88923,0.88925,7731
2023-04-24 12:00:00,0.88926,0.89078,0.88829,0.88882,9003
2023-04-24 16:00:00,0.88883,0.88992,0.88793,0.8885,10469
2023-04-24 20:00:00,0.88849,0.88857,0.88759,0.88767,3935
2023-04-25 00:00:00,0.88772,0.88794,0.88662,0.8871,2800
2023-04-25 04:00:00,0.88711,0.88737,0.88632,0.88733,3063
2023-04-25 08:00:00,0.88733,0.88923,0.8861,0.88647,8759
2023-04-25 12:00:00,0.88648,0.88884,0.88605,0.88844,10182
2023-04-25 16:00:00,0.88845,0.89273,0.88839,0.89245,12613
2023-04-25 20:00:00,0.89242,0.89259,0.89143,0.892,5894
2023-04-26 00:00:00,0.89137,0.89231,0.89111,0.89198,3820
2023-04-26 04:00:00,0.892,0.89258,0.89083,0.89094,4580
2023-04-26 08:00:00,0.89095,0.89187,0.88949,0.88981,9870
2023-04-26 12:00:00,0.88979,0.89009,0.88781,0.88871,11261
2023-04-26 16:00:00,0.88871,0.89169,0.88517,0.89155,16200
2023-04-26 20:00:00,0.89164,0.89202,0.89068,0.89119,5557
2023-04-27 00:00:00,0.8902,0.89123,0.89017,0.89053,4396
2023-04-27 04:00:00,0.89053,0.89115,0.89052,0.89091,5678
2023-04-27 08:00:00,0.89091,0.89303,0.89028,0.8924,9872
2023-04-27 12:00:00,0.89246,0.89759,0.89186,0.89623,13312
2023-04-27 16:00:00,0.89623,0.89761,0.89493,0.89552,14655
2023-04-27 20:00:00,0.89552,0.89577,0.89362,0.89433,4261
2023-04-28 00:00:00,0.89462,0.89462,0.89313,0.89357,2921
2023-04-28 04:00:00,0.89358,0.89493,0.89311,0.89473,8125
2023-04-28 08:00:00,0.89473,0.8975,0.89332,0.8956,14047
2023-04-28 12:00:00,0.89559,0.89719,0.89476,0.89481,12352
2023-04-28 16:00:00,0.8948,0.89511,0.8896,0.89224,18682
2023-04-28 20:00:00,0.89224,0.89481,0.89224,0.89463,5584
2023-05-01 00:00:00,0.89253,0.89538,0.89233,0.89499,3732
2023-05-01 04:00:00,0.89498,0.89521,0.8938,0.89414,3654
2023-05-01 08:00:00,0.89414,0.89492,0.89272,0.89438,8336
2023-05-01 12:00:00,0.89438,0.89466,0.8915,0.89172,9960
2023-05-01 16:00:00,0.89172,0.89663,0.89153,0.89599,14704
2023-05-01 20:00:00,0.89599,0.89665,0.89535,0.89579,4254
2023-05-02 00:00:00,0.89472,0.89605,0.89472,0.89568,3690
2023-05-02 04:00:00,0.89568,0.89592,0.89419,0.8958,4414
2023-05-02 08:00:00,0.89581,0.89863,0.89491,0.89825,12501
2023-05-02 12:00:00,0.89825,0.89949,0.8967,0.89866,10154
2023-05-02 16:00:00,0.89865,0.89916,0.8927,0.8931,16057
2023-05-02 20:00:00,0.89308,0.89357,0.89236,0.89323,3790
2023-05-03 00:00:00,0.89314,0.89314,0.89179,0.89181,4509
2023-05-03 04:00:00,0.89182,0.89206,0.89071,0.89141,2892
2023-05-03 08:00:00,0.8914,0.89158,0.88709,0.8878,8443
2023-05-03 12:00:00,0.88782,0.89057,0.88714,0.88855,11149
2023-05-03 16:00:00,0.88852,0.88909,0.8863,0.88687,12306
2023-05-03 20:00:00,0.88687,0.88773,0.88322,0.88473,19455
2023-05-04 00:00:00,0.88412,0.88511,0.88198,0.88285,6470
2023-05-04 04:00:00,0.88283,0.88331,0.88227,0.8831,5248
2023-05-04 08:00:00,0.88309,0.88816,0.88239,0.8879,10726
2023-05-04 12:00:00,0.88789,0.88906,0.8842,0.88862,16813
2023-05-04 16:00:00,0.88864,0.88912,0.88383,0.88498,25426
2023-05-04 20:00:00,0.88502,0.88616,0.88452,0.88578,6222
2023-05-05 00:00:00,0.88565,0.88598,0.885,0.8853,3159
2023-05-05 04:00:00,0.88526,0.88526,0.88383,0.88402,3337
2023-05-05 08:00:00,0.88404,0.89313,0.88343,0.89182,11344
2023-05-05 12:00:00,0.89183,0.89734,0.89104,0.89558,14822
2023-05-05 16:00:00,0.89558,0.89571,0.89034,0.89066,15836
2023-05-05 20:00:00,0.89065,0.89161,0.89009,0.89054,4843
2023-05-08 00:00:00,0.89055,0.89123,0.88977,0.89021,4549
2023-05-08 04:00:00,0.89024,0.89067,0.88867,0.88886,4030
2023-05-08 08:00:00,0.88884,0.8896,0.88676,0.88846,7414
2023-05-08 12:00:00,0.88847,0.88983,0.888,0.88905,7972
2023-05-08 16:00:00,0.88904,0.89018,0.88817,0.88819,8490
2023-05-08 20:00:00,0.88819,0.89004,0.88783,0.88962,3522
2023-05-09 00:00:00,0.88949,0.89077,0.88941,0.89049,3898
2023-05-09 04:00:00,0.89049,0.89061,0.88922,0.88965,2858
2023-05-09 08:00:00,0.88965,0.89273,0.88884,0.89213,8674
2023-05-09 12:00:00,0.89212,0.89374,0.89116,0.89363,8336
2023-05-09 16:00:00,0.89362,0.89427,0.89061,0.89151,9635
2023-05-09 20:00:00,0.8915,0.8916,0.88963,0.89058,5112
2023-05-10 00:00:00,0.89046,0.89055,0.88973,0.88998,2204
2023-05-10 04:00:00,0.88997,0.89005,0.88961,0.88989,2535
2023-05-10 08:00:00,0.88992,0.89071,0.88862,0.89062,8657
2023-05-10 12:00:00,0.89064,0.89274,0.8868,0.88721,12545
2023-05-10 16:00:00,0.88718,0.89124,0.88694,0.89068,16731
2023-05-10 20:00:00,0.89069,0.89093,0.88882,0.88965,5509
2023-05-11 00:00:00,0.88872,0.88945,0.88859,0.88893,2303
2023-05-11 04:00:00,0.88892,0.89104,0.88866,0.89044,3459
2023-05-11 08:00:00,0.89046,0.89501,0.89013,0.89469,12029
2023-05-11 12:00:00,0.89469,0.89488,0.89135,0.89186,15875
2023-05-11 16:00:00,0.89186,0.89578,0.89183,0.89402,13001
2023-05-11 20:00:00,0.89403,0.89458,0.89381,0.89407,3459
2023-05-12 00:00:00,0.89389,0.89427,0.8933,0.8935,3224
2023-05-12 04:00:00,0.89351,0.8937,0.89249,0.89268,3651
2023-05-12 08:00:00,0.89269,0.89293,0.88969,0.89178,9419
2023-05-12 12:00:00,0.89177,0.895,0.89131,0.89339,9700
2023-05-12 16:00:00,0.8934,0.89855,0.89281,0.89805,14380
2023-05-12 20:00:00,0.89806,0.89875,0.89753,0.89821,4734
2023-05-15 00:00:00,0.89644,0.89875,0.89644,0.89838,4603
2023-05-15 04:00:00,0.89836,0.89839,0.89727,0.8977,4836
2023-05-15 08:00:00,0.89771,0.89774,0.89608,0.89704,8283
2023-05-15 12:00:00,0.89704,0.89764,0.89459,0.89612,9267
2023-05-15 16:00:00,0.89614,0.89647,0.89424,0.89424,8927
2023-05-15 20:00:00,0.89425,0.89561,0.89424,0.89556,3830
2023-05-16 00:00:00,0.89502,0.89578,0.89481,0.89485,5296
2023-05-16 04:00:00,0.89487,0.89572,0.89481,0.89488,4181
2023-05-16 08:00:00,0.89492,0.89624,0.89224,0.89281,7581
2023-05-16 12:00:00,0.89283,0.89561,0.89198,0.89459,12697
2023-05-16 16:00:00,0.8946,0.89704,0.89404,0.89609,13620
2023-05-16 20:00:00,0.89609,0.89663,0.89561,0.89636,3733
2023-05-17 00:00:00,0.8962,0.89659,0.89583,0.89589,2465
2023-05-17 04:00:00,0.89588,0.89646,0.8949,0.89587,3049
2023-05-17 08:00:00,0.89587,0.90076,0.89576,0.90021,9596
2023-05-17 12:00:00,0.90023,0.90114,0.89843,0.9006,10780
2023-05-17 16:00:00,0.90063,0.90254,0.89802,0.89823,12510
2023-05-17 20:00:00,0.89822,0.89889,0.89781,0.89845,4406
2023-05-18 00:00:00,0.89816,0.8989,0.89797,0.89845,2646
2023-05-18 04:00:00,0.89846,0.89919,0.89802,0.89914,3408
2023-05-18 08:00:00,0.89913,0.90106,0.89834,0.90043,10101
2023-05-18 12:00:00,0.90042,0.9023,0.89994,0.90201,9631
2023-05-18 16:00:00,0.90201,0.90625,0.90117,0.90538,12043
2023-05-18 20:00:00,0.90538,0.90572,0.90461,0.90499,4331
2023-05-19 00:00:00,0.90514,0.90532,0.9042,0.90461,4277
2023-05-19 04:00:00,0.90461,0.90586,0.90441,0.90499,4542
2023-05-19 08:00:00,0.90502,0.9051,0.90197,0.90298,9526
2023-05-19 12:00:00,0.90296,0.90362,0.90035,0.90185,9925
2023-05-19 16:00:00,0.90188,0.90315,0.89745,0.8988,16086
2023-05-19 20:00:00,0.89878,0.90048,0.89803,0.89929,3951
2023-05-22 00:00:00,0.8986,0.89898,0.8978,0.89792,3031
2023-05-22 04:00:00,0.8979,0.89834,0.89699,0.89822,6935
2023-05-22 08:00:00,0.89822,0.89974,0.89543,0.89564,10314
2023-05-22 12:00:00,0.89562,0.89718,0.89408,0.89689,11241
2023-05-22 16:00:00,0.89689,0.89938,0.8961,0.89816,14835
2023-05-22 20:00:00,0.89817,0.89832,0.8969,0.89777,5183
2023-05-23 00:00:00,0.89782,0.89857,0.89742,0.89813,3209
2023-05-23 04:00:00,0.89813,0.89909,0.89809,0.89846,4358
2023-05-23 08:00:00,0.89846,0.90045,0.89788,0.89929,10117
2023-05-23 12:00:00,0.8993,0.90294,0.89922,0.90285,9797
2023-05-23 16:00:00,0.90285,0.90285,0.89853,0.90163,14801
2023-05-23 20:00:00,0.90162,0.90207,0.90111,0.90133,5463
2023-05-24 00:00:00,0.90144,0.90173,0.90064,0.90107,2559
2023-05-24 04:00:00,0.90106,0.90151,0.9007,0.90091,6317
2023-05-24 08:00:00,0.9009,0.90231,0.90048,0.90199,13581
2023-05-24 12:00:00,0.90201,0.90372,0.90164,0.90259,12092
2023-05-24 16:00:00,0.90256,0.90669,0.90228,0.90588,14238
2023-05-24 20:00:00,0.90588,0.90605,0.90376,0.90499,7666
2023-05-25 00:00:00,0.9048,0.90533,0.90422,0.90435,4080
2023-05-25 04:00:00,0.90436,0.90645,0.90389,0.90631,5348
2023-05-25 08:00:00,0.90632,0.90685,0.90455,0.90577,10041
2023-05-25 12:00:00,0.90579,0.90691,0.90376,0.90637,10976
2023-05-25 16:00:00,0.90638,0.90732,0.90453,0.90716,13261
2023-05-25 20:00:00,0.90715,0.90716,0.90574,0.90588,5384
2023-05-26 00:00:00,0.90449,0.90569,0.90448,0.90521,4447
2023-05-26 04:00:00,0.9052,0.90525,0.90431,0.90457,5601
2023-05-26 08:00:00,0.90456,0.90546,0.90184,0.90391,10603
2023-05-26 12:00:00,0.90391,0.90437,0.90203,0.90357,11768
2023-05-26 16:00:00,0.90359,0.90743,0.90309,0.90546,12968
2023-05-26 20:00:00,0.90546,0.90551,0.90458,0.90494,3384
2023-05-29 00:00:00,0.90511,0.90619,0.90442,0.90585,3102
2023-05-29 04:00:00,0.90585,0.90598,0.90484,0.90486,3366
2023-05-29 08:00:00,0.90486,0.90523,0.90313,0.90332,6404
2023-05-29 12:00:00,0.90331,0.90434,0.90272,0.90342,6256
2023-05-29 16:00:00,0.90342,0.90428,0.90328,0.90383,4900
2023-05-29 20:00:00,0.90382,0.90451,0.90372,0.90435,1742
2023-05-30 00:00:00,0.90331,0.90475,0.90312,0.90386,3343
2023-05-30 04:00:00,0.90386,0.90452,0.90309,0.90404,4113
2023-05-30 08:00:00,0.90404,0.9084,0.90404,0.90476,12442
2023-05-30 12:00:00,0.90482,0.90561,0.90141,0.9031,13707
2023-05-30 16:00:00,0.9031,0.90637,0.90242,0.90635,12486
2023-05-30 20:00:00,0.90635,0.90692,0.90558,0.90578,5076
2023-05-31 00:00:00,0.90566,0.9067,0.90555,0.90571,2287
2023-05-31 04:00:00,0.90572,0.90855,0.90554,0.90823,4392
2023-05-31 08:00:00,0.90822,0.9119,0.90765,0.91125,10793
2023-05-31 12:00:00,0.91123,0.91153,0.90984,0.9107,8200
2023-05-31 16:00:00,0.9107,0.91474,0.90959,0.9143,17299
2023-05-31 20:00:00,0.91428,0.91447,0.91036,0.91051,8190
2023-06-01 00:00:00,0.91011,0.91084,0.90992,0.91051,2988
2023-06-01 04:00:00,0.91052,0.91118,0.91032,0.91093,4193
2023-06-01 08:00:00,0.91092,0.91138,0.90999,0.91009,9120
2023-06-01 12:00:00,0.91007,0.91113,0.9075,0.90867,11837
2023-06-01 16:00:00,0.90864,0.91014,0.90667,0.90702,15004
2023-06-01 20:00:00,0.90703,0.90735,0.90537,0.90569,4539
2023-06-02 00:00:00,0.90626,0.90637,0.905,0.90523,4136
2023-06-02 04:00:00,0.90522,0.90549,0.9042,0.90467,4615
2023-06-02 08:00:00,0.90468,0.90519,0.90346,0.90439,8360
2023-06-02 12:00:00,0.90438,0.90858,0.90425,0.90734,13157
2023-06-02 16:00:00,0.90731,0.90898,0.9047,0.90855,15091
2023-06-02 20:00:00,0.90854,0.90915,0.90803,0.90887,5474
2023-06-05 00:00:00,0.90768,0.9105,0.90766,0.91017,2625
2023-06-05 04:00:00,0.91016,0.91055,0.90948,0.90998,6134
2023-06-05 08:00:00,0.90997,0.91193,0.90945,0.91077,9947
2023-06-05 12:00:00,0.91078,0.91193,0.9097,0.91129,8125
2023-06-05 16:00:00,0.91129,0.9115,0.90522,0.90577,13828
2023-06-05 20:00:00,0.90577,0.90641,0.90523,0.90603,4719
2023-06-06 00:00:00,0.90611,0.9066,0.90501,0.90583,3357
2023-06-06 04:00:00,0.90582,0.90599,0.90488,0.90489,3916
2023-06-06 08:00:00,0.90488,0.90732,0.90333,0.90609,11923
2023-06-06 12:00:00,0.90609,0.90967,0.90588,0.90879,9687
2023-06-06 16:00:00,0.90879,0.9098,0.9072,0.90766,9539
2023-06-06 20:00:00,0.90767,0.90795,0.90738,0.90763,2603
2023-06-07 00:00:00,0.90709,0.90768,0.9063,0.90666,1752
2023-06-07 04:00:00,0.90665,0.90767,0.90632,0.90702,4510
2023-06-07 08:00:00,0.90702,0.90873,0.90637,0.90637,7840
2023-06-07 12:00:00,0.90635,0.90692,0.905,0.90602,9089
2023-06-07 16:00:00,0.90603,0.90989,0.90429,0.90972,12978
2023-06-07 20:00:00,0.9097,0.91069,0.90938,0.91011,4352
2023-06-08 00:00:00,0.90926,0.91011,0.90902,0.90918,3131
2023-06-08 04:00:00,0.90918,0.90978,0.90894,0.90931,3209
2023-06-08 08:00:00,0.90931,0.91075,0.90809,0.90864,7237
2023-06-08 12:00:00,0.90864,0.91003,0.90249,0.90283,11550
2023-06-08 16:00:00,0.90285,0.90296,0.8997,0.90018,13397
2023-06-08 20:00:00,0.90019,0.90036,0.89896,0.89917,4939
2023-06-09 00:00:00,0.8989,0.89933,0.89857,0.89919,2763
2023-06-09 04:00:00,0.8992,0.89974,0.89896,0.89963,3334
2023-06-09 08:00:00,0.89962,0.90162,0.89845,0.90046,8685
2023-06-09 12:00:00,0.90046,0.90244,0.8998,0.90105,9869
2023-06-09 16:00:00,0.90105,0.90325,0.90047,0.90304,9690
2023-06-09 20:00:00,0.90304,0.90391,0.90242,0.90292,3101
2023-06-12 00:00:00,0.90295,0.90393,0.90191,0.90366,1939
2023-06-12 04:00:00,0.90367,0.90456,0.90344,0.90429,3535
2023-06-12 08:00:00,0.90429,0.9045,0.90155,0.90235,7412
2023-06-12 12:00:00,0.90234,0.90626,0.90204,0.9059,8265
2023-06-12 16:00:00,0.90592,0.91091,0.90567,0.91049,9488
2023-06-12 20:00:00,0.91048,0.91064,0.90848,0.90863,4695
2023-06-13 00:00:00,0.90865,0.90892,0.90817,0.90892,2870
2023-06-13 04:00:00,0.90892,0.90893,0.90678,0.9068,3863
2023-06-13 08:00:00,0.9068,0.90682,0.90355,0.90467,9121
2023-06-13 12:00:00,0.90469,0.90672,0.90316,0.90476,11497
2023-06-13 16:00:00,0.90483,0.90733,0.9032,0.90379,14133
2023-06-13 20:00:00,0.90379,0.90623,0.90351,0.90513,5553
2023-06-14 00:00:00,0.90471,0.90567,0.90471,0.90532,2616
2023-06-14 04:00:00,0.90533,0.90544,0.90431,0.90492,1986
2023-06-14 08:00:00,0.90492,0.90601,0.90374,0.90421,5910
2023-06-14 12:00:00,0.90422,0.90428,0.8988,0.8989,7969
2023-06-14 16:00:00,0.89889,0.89972,0.8965,0.89671,8101
2023-06-14 20:00:00,0.89669,0.90292,0.89652,0.90121,18085
2023-06-15 00:00:00,0.9011,0.9011,0.90001,0.90074,2098
2023-06-15 04:00:00,0.90073,0.90391,0.90073,0.90389,3970
2023-06-15 08:00:00,0.90392,0.90559,0.90246,0.90318,8028
2023-06-15 12:00:00,0.90318,0.90318,0.89858,0.8995,10675
2023-06-15 16:00:00,0.89951,0.89965,0.89083,0.89135,12481
2023-06-15 20:00:00,0.89137,0.89199,0.89071,0.89163,3748
2023-06-16 00:00:00,0.89156,0.89211,0.89124,0.89201,3962
2023-06-16 04:00:00,0.89202,0.89239,0.89137,0.89228,5364
2023-06-16 08:00:00,0.89226,0.8923,0.89013,0.89081,10925
2023-06-16 12:00:00,0.89081,0.89285,0.8904,0.89274,9404
2023-06-16 16:00:00,0.89271,0.89489,0.89121,0.89373,14150
2023-06-16 20:00:00,0.89373,0.89469,0.89289,0.89381,5820
2023-06-19 00:00:00,0.89368,0.89472,0.89326,0.89445,9137
2023-06-19 04:00:00,0.89446,0.89481,0.89387,0.89421,3185
2023-06-19 08:00:00,0.89423,0.89495,0.89331,0.89465,8648
2023-06-19 12:00:00,0.89466,0.89699,0.89412,0.89537,8189
2023-06-19 16:00:00,0.89536,0.89748,0.89504,0.8963,7794
2023-06-19 20:00:00,0.89631,0.89637,0.89581,0.89585,2378
2023-06-20 00:00:00,0.89542,0.89656,0.89504,0.89611,4367
2023-06-20 04:00:00,0.8961,0.89723,0.8959,0.8972,7239
2023-06-20 08:00:00,0.89722,0.89862,0.89537,0.89684,12227
2023-06-20 12:00:00,0.89685,0.89836,0.89637,0.89747,11095
2023-06-20 16:00:00,0.89747,0.9001,0.8974,0.8982,14129
2023-06-20 20:00:00,0.89819,0.89855,0.89762,0.89781,4763
2023-06-21 00:00:00,0.89786,0.89825,0.89733,0.89809,3328
2023-06-21 04:00:00,0.89809,0.8989,0.89801,0.89836,6584
2023-06-21 08:00:00,0.89834,0.89942,0.89682,0.89685,12373
2023-06-21 12:00:00,0.89684,0.89913,0.89665,0.89787,11718
2023-06-21 16:00:00,0.89791,0.89975,0.89345,0.89403,15399
2023-06-21 20:00:00,0.89406,0.89439,0.89195,0.893,6820
2023-06-22 00:00:00,0.89305,0.89305,0.89218,0.89251,2966
2023-06-22 04:00:00,0.89251,0.89271,0.89193,0.89271,4165
2023-06-22 08:00:00,0.89272,0.89544,0.8906,0.894,14347
2023-06-22 12:00:00,0.89402,0.89541,0.89213,0.89541,16011
2023-06-22 16:00:00,0.89545,0.89707,0.89419,0.8969,14565
2023-06-22 20:00:00,0.8969,0.89726,0.89479,0.89504,8326
2023-06-23 00:00:00,0.89461,0.89549,0.89394,0.89515,7328
2023-06-23 04:00:00,0.89516,0.89756,0.89507,0.89711,6183
2023-06-23 08:00:00,0.89711,0.90129,0.89685,0.9004,14491
2023-06-23 12:00:00,0.9004,0.90101,0.89566,0.89609,11785
2023-06-23 16:00:00,0.8961,0.89857,0.89455,0.89809,15467
2023-06-23 20:00:00,0.89808,0.89811,0.89661,0.89668,6636
2023-06-26 00:00:00,0.89581,0.8963,0.89512,0.89604,4647
2023-06-26 04:00:00,0.89606,0.89657,0.8954,0.89593,5123
2023-06-26 08:00:00,0.89594,0.89683,0.89466,0.89516,10362
2023-06-26 12:00:00,0.89517,0.89538,0.89113,0.89276,9397
2023-06-26 16:00:00,0.89278,0.89543,0.89272,0.89486,11591
2023-06-26 20:00:00,0.89486,0.89573,0.89468,0.89573,3743
2023-06-27 00:00:00,0.89534,0.89654,0.8943,0.89646,5705
2023-06-27 04:00:00,0.89646,0.89653,0.89395,0.89502,7648
2023-06-27 08:00:00,0.89503,0.89601,0.89375,0.89471,9706
2023-06-27 12:00:00,0.89471,0.89558,0.89237,0.89311,11477
2023-06-27 16:00:00,0.89311,0.89703,0.89296,0.89351,15326
2023-06-27 20:00:00,0.89352,0.89377,0.89293,0.89371,4437
2023-06-28 00:00:00,0.89295,0.89382,0.89295,0.89365,3993
2023-06-28 04:00:00,0.89364,0.89483,0.89356,0.89428,6360
2023-06-28 08:00:00,0.89428,0.89546,0.89371,0.89477,10625
2023-06-28 12:00:00,0.89477,0.89869,0.89457,0.89857,11525
2023-06-28 16:00:00,0.89857,0.89869,0.89591,0.89645,15786
2023-06-28 20:00:00,0.89645,0.89708,0.89569,0.89705,4977
2023-06-29 00:00:00,0.89638,0.89758,0.89612,0.89715,3000
2023-06-29 04:00:00,0.89715,0.89866,0.89653,0.89851,5251
2023-06-29 08:00:00,0.89852,0.89896,0.89666,0.89685,10178
2023-06-29 12:00:00,0.89683,0.89875,0.89431,0.89829,11537
2023-06-29 16:00:00,0.89825,0.90015,0.89677,0.89892,16190
2023-06-29 20:00:00,0.89892,0.89991,0.89864,0.89953,5481
2023-06-30 00:00:00,0.89937,0.89956,0.89868,0.89873,3687
2023-06-30 04:00:00,0.89872,0.89922,0.89828,0.8986,6024
2023-06-30 08:00:00,0.89862,0.90154,0.89807,0.90117,10740
2023-06-30 12:00:00,0.90116,0.90166,0.8977,0.8978,11195
2023-06-30 16:00:00,0.89782,0.89791,0.89352,0.8947,16147
2023-06-30 20:00:00,0.89469,0.8957,0.89413,0.89495,6411
2023-07-03 00:00:00,0.89402,0.89571,0.89365,0.8956,2255
2023-07-03 04:00:00,0.89561,0.89567,0.89454,0.89456,4916
2023-07-03 08:00:00,0.89457,0.89924,0.89404,0.89891,10615
2023-07-03 12:00:00,0.8989,0.9004,0.89802,0.89826,9911
2023-07-03 16:00:00,0.89827,0.89851,0.89522,0.89613,12717
2023-07-03 20:00:00,0.89613,0.89669,0.89598,0.89627,2583
2023-07-04 00:00:00,0.89572,0.89648,0.89553,0.89634,2554
2023-07-04 04:00:00,0.89635,0.89697,0.89566,0.89697,4805
2023-07-04 08:00:00,0.89696,0.8973,0.89516,0.89577,7339
2023-07-04 12:00:00,0.89575,0.89629,0.89454,0.89525,6737
2023-07-04 16:00:00,0.89531,0.89648,0.89497,0.89633,5213
2023-07-04 20:00:00,0.89634,0.89748,0.896,0.89709,4330
2023-07-05 00:00:00,0.8964,0.8972,0.89616,0.89654,3097
2023-07-05 04:00:00,0.89654,0.89771,0.89649,0.89753,3214
2023-07-05 08:00:00,0.89754,0.89875,0.8962,0.898,10159
2023-07-05 12:00:00,0.89799,0.89945,0.89703,0.89751,9354
2023-07-05 16:00:00,0.89751,0.89884,0.89621,0.89837,10293
2023-07-05 20:00:00,0.89834,0.89904,0.89773,0.89874,6229
2023-07-06 00:00:00,0.89831,0.899,0.89805,0.89872,2775
2023-07-06 04:00:00,0.89873,0.89908,0.89793,0.89846,4715
2023-07-06 08:00:00,0.89847,0.89922,0.89652,0.8975,10750
2023-07-06 12:00:00,0.8975,0.89851,0.89509,0.89761,14117
2023-07-06 16:00:00,0.89759,0.89977,0.89581,0.89636,19232
2023-07-06 20:00:00,0.89636,0.89649,0.89525,0.89534,6341
2023-07-07 00:00:00,0.89526,0.89674,0.89489,0.89648,3659
2023-07-07 04:00:00,0.89648,0.89651,0.89552,0.89584,4054
2023-07-07 08:00:00,0.89586,0.8965,0.89487,0.89576,9160
2023-07-07 12:00:00,0.89573,0.89699,0.89206,0.89314,14404
2023-07-07 16:00:00,0.89314,0.89465,0.88785,0.88795,16501
2023-07-07 20:00:00,0.88798,0.88931,0.88758,0.88916,4232
2023-07-10 00:00:00,0.88808,0.88995,0.88776,0.88955,3219
2023-07-10 04:00:00,0.88956,0.89081,0.88914,0.89078,5065
2023-07-10 08:00:00,0.89079,0.89155,0.88919,0.88939,8403
2023-07-10 12:00:00,0.88937,0.89177,0.8887,0.89149,9216
2023-07-10 16:00:00,0.89149,0.89149,0.8863,0.88651,11265
2023-07-10 20:00:00,0.88653,0.88669,0.88518,0.88527,3669
2023-07-11 00:00:00,0.88528,0.8856,0.88473,0.88503,2514
2023-07-11 04:00:00,0.88503,0.88505,0.88392,0.88426,4364
2023-07-11 08:00:00,0.88427,0.88482,0.88104,0.88175,10960
2023-07-11 12:00:00,0.88175,0.8837,0.88126,0.88331,8809
2023-07-11 16:00:00,0.88331,0.88348,0.87985,0.87994,10343
2023-07-11 20:00:00,0.87993,0.88018,0.87939,0.87942,4242
2023-07-12 00:00:00,0.87928,0.87952,0.87792,0.87835,3671
2023-07-12 04:00:00,0.87835,0.87857,0.8774,0.87746,6504
2023-07-12 08:00:00,0.87747,0.87919,0.87641,0.87795,10347
2023-07-12 12:00:00,0.87796,0.87889,0.87345,0.87479,13352
2023-07-12 16:00:00,0.8748,0.87488,0.86591,0.86769,18318
2023-07-12 20:00:00,0.86772,0.8685,0.86675,0.86746,5912
2023-07-13 00:00:00,0.86681,0.86734,0.86607,0.86671,3750
2023-07-13 04:00:00,0.86677,0.86708,0.86508,0.86589,5229
2023-07-13 08:00:00,0.8659,0.86693,0.86153,0.86303,12210
2023-07-13 12:00:00,0.86305,0.8641,0.86163,0.86221,12510
2023-07-13 16:00:00,0.86219,0.86274,0.85823,0.8586,15032
2023-07-13 20:00:00,0.85862,0.8591,0.85821,0.85882,5180
2023-07-14 00:00:00,0.8592,0.85937,0.85815,0.8588,3850
2023-07-14 04:00:00,0.85881,0.85893,0.85694,0.85771,6030
2023-07-14 08:00:00,0.85772,0.85979,0.85657,0.85748,10357
2023-07-14 12:00:00,0.85748,0.86178,0.85691,0.86082,9989
2023-07-14 16:00:00,0.86081,0.86312,0.85975,0.86141,15562
2023-07-14 20:00:00,0.86138,0.86249,0.86136,0.86186,4169
2023-07-17 00:00:00,0.85991,0.86249,0.85981,0.86173,2785
2023-07-17 04:00:00,0.86171,0.86189,0.86091,0.86102,3899
2023-07-17 08:00:00,0.86103,0.86123,0.8578,0.85902,8613
2023-07-17 12:00:00,0.85902,0.86144,0.8579,0.86043,8504
2023-07-17 16:00:00,0.86042,0.86305,0.85987,0.86047,9010
2023-07-17 20:00:00,0.86049,0.86079,0.85968,0.86037,2917
2023-07-18 00:00:00,0.86015,0.86071,0.85941,0.86005,2736
2023-07-18 04:00:00,0.86005,0.8602,0.85843,0.85859,5132
2023-07-18 08:00:00,0.8586,0.86042,0.85676,0.85921,11112
2023-07-18 12:00:00,0.85923,0.85981,0.85544,0.85744,14591
2023-07-18 16:00:00,0.85741,0.85954,0.85661,0.85944,18332
2023-07-18 20:00:00,0.85945,0.85963,0.8571,0.85771,4412
2023-07-19 00:00:00,0.85759,0.85805,0.85682,0.85737,3067
2023-07-19 04:00:00,0.85734,0.85847,0.85726,0.85821,5740
2023-07-19 08:00:00,0.8582,0.85992,0.85667,0.85897,13138
2023-07-19 12:00:00,0.85899,0.85926,0.85711,0.85778,11276
2023-07-19 16:00:00,0.85777,0.86133,0.85709,0.8596,16181
2023-07-19 20:00:00,0.8596,0.8599,0.85828,0.8584,5704
2023-07-20 00:00:00,0.85817,0.85876,0.85712,0.85724,3554
2023-07-20 04:00:00,0.8572,0.85736,0.85608,0.85643,6334
2023-07-20 08:00:00,0.85645,0.85875,0.85604,0.85812,11481
2023-07-20 12:00:00,0.85816,0.86288,0.85764,0.8624,12503
2023-07-20 16:00:00,0.86242,0.86799,0.86149,0.86751,15151
2023-07-20 20:00:00,0.8675,0.86841,0.86648,0.86663,4738
2023-07-21 00:00:00,0.86639,0.86666,0.86559,0.86576,2963
2023-07-21 04:00:00,0.86577,0.86662,0.8656,0.86626,4640
2023-07-21 08:00:00,0.86625,0.86723,0.86489,0.86633,12215
2023-07-21 12:00:00,0.86633,0.86691,0.86451,0.86496,12658
2023-07-21 16:00:00,0.86498,0.86639,0.86407,0.86564,12328
2023-07-21 20:00:00,0.86564,0.86622,0.86541,0.86585,3398
2023-07-24 00:00:00,0.86525,0.86639,0.86454,0.86609,2355
2023-07-24 04:00:00,0.86609,0.86686,0.86558,0.8667,4388
2023-07-24 08:00:00,0.86669,0.86835,0.8648,0.8677,13669
2023-07-24 12:00:00,0.86771,0.86787,0.86372,0.86484,11078
2023-07-24 16:00:00,0.86485,0.86764,0.86391,0.86748,14848
2023-07-24 20:00:00,0.86747,0.86995,0.86741,0.86941,5120
2023-07-25 00:00:00,0.86978,0.87004,0.86891,0.86946,3013
2023-07-25 04:00:00,0.86946,0.86948,0.86846,0.86947,4745
2023-07-25 08:00:00,0.86948,0.86967,0.86754,0.86804,11420
2023-07-25 12:00:00,0.86804,0.86977,0.86748,0.86789,9402
2023-07-25 16:00:00,0.86789,0.86923,0.86369,0.86466,10524
2023-07-25 20:00:00,0.86466,0.86564,0.86386,0.86389,4135
2023-07-26 00:00:00,0.86428,0.86555,0.86318,0.86533,2968
2023-07-26 04:00:00,0.86532,0.86562,0.86437,0.86498,4464
2023-07-26 08:00:00,0.86499,0.86514,0.86131,0.86255,11099
2023-07-26 12:00:00,0.86255,0.86398,0.86105,0.86256,9349
2023-07-26 16:00:00,0.86253,0.86395,0.86201,0.86319,11945
2023-07-26 20:00:00,0.86321,0.86401,0.8597,0.86071,17593
2023-07-27 00:00:00,0.86013,0.86177,0.85978,0.8608,2779
2023-07-27 04:00:00,0.86081,0.86082,0.858,0.85984,6231
2023-07-27 08:00:00,0.85984,0.86124,0.85557,0.85592,12587
2023-07-27 12:00:00,0.85591,0.86253,0.85522,0.86158,16654
2023-07-27 16:00:00,0.8616,0.86944,0.86127,0.86793,22221
2023-07-27 20:00:00,0.86789,0.86983,0.86607,0.86923,12706
2023-07-28 00:00:00,0.86819,0.86951,0.86796,0.86944,3639
2023-07-28 04:00:00,0.86946,0.87001,0.86855,0.86881,13294
2023-07-28 08:00:00,0.86878,0.87362,0.86823,0.87111,20162
2023-07-28 12:00:00,0.87112,0.87192,0.86649,0.86828,14999
2023-07-28 16:00:00,0.86828,0.86972,0.86606,0.86821,17970
2023-07-28 20:00:00,0.86821,0.87055,0.86821,0.87052,6082
2023-07-31 00:00:00,0.87052,0.87052,0.86823,0.86979,3222
2023-07-31 04:00:00,0.86978,0.87189,0.86962,0.87187,5285
2023-07-31 08:00:00,0.87192,0.87194,0.86914,0.87046,11691
2023-07-31 12:00:00,0.87047,0.87296,0.86945,0.87143,9117
2023-07-31 16:00:00,0.87144,0.8725,0.86654,0.86945,14342
2023-07-31 20:00:00,0.86944,0.87236,0.86909,0.87171,5096
2023-08-01 00:00:00,0.87171,0.87246,0.87013,0.87243,2453
2023-08-01 04:00:00,0.87243,0.87318,0.87194,0.87239,4470
2023-08-01 08:00:00,0.87242,0.87543,0.87123,0.87491,11301
2023-08-01 12:00:00,0.87492,0.87775,0.8748,0.87735,12860
2023-08-01 16:00:00,0.87735,0.87752,0.87419,0.87581,15518
2023-08-01 20:00:00,0.87582,0.87673,0.87485,0.87516,5626
2023-08-02 00:00:00,0.87501,0.87516,0.8712,0.87295,8054
2023-08-02 04:00:00,0.87295,0.87565,0.87258,0.87523,7419
2023-08-02 08:00:00,0.87524,0.87853,0.87382,0.87707,14254
2023-08-02 12:00:00,0.87708,0.8803,0.87626,0.87943,14658
2023-08-02 16:00:00,0.87943,0.88059,0.87626,0.87627,14646
2023-08-02 20:00:00,0.87628,0.87803,0.87574,0.87768,4051
2023-08-03 00:00:00,0.87676,0.87769,0.87675,0.87744,3188
2023-08-03 04:00:00,0.87747,0.87874,0.87666,0.87869,6356
2023-08-03 08:00:00,0.87868,0.87984,0.87714,0.87721,15068
2023-08-03 12:00:00,0.87718,0.87745,0.87369,0.87511,16891
2023-08-03 16:00:00,0.87514,0.87735,0.87328,0.87382,17267
2023-08-03 20:00:00,0.87383,0.87554,0.87358,0.87434,5335
2023-08-04 00:00:00,0.87454,0.87465,0.87367,0.87397,4259
2023-08-04 04:00:00,0.87397,0.87458,0.87302,0.87449,6063
2023-08-04 08:00:00,0.87452,0.87791,0.87373,0.87758,9766
2023-08-04 12:00:00,0.87759,0.87823,0.8724,0.87289,13535
2023-08-04 16:00:00,0.87293,0.87312,0.86991,0.87102,16901
2023-08-04 20:00:00,0.87102,0.87344,0.8707,0.87268,4284
2023-08-07 00:00:00,0.87126,0.87457,0.87115,0.8738,4475
2023-08-07 04:00:00,0.87381,0.87532,0.87375,0.87444,4059
2023-08-07 08:00:00,0.87443,0.87685,0.87376,0.87573,9205
2023-08-07 12:00:00,0.87573,0.87734,0.87477,0.87484,7848
2023-08-07 16:00:00,0.87485,0.87575,0.87334,0.87392,9693
2023-08-07 20:00:00,0.87392,0.87429,0.87276,0.87287,3587
2023-08-08 00:00:00,0.87297,0.87391,0.87239,0.87354,2695
2023-08-08 04:00:00,0.87356,0.8747,0.87342,0.87364,5668
2023-08-08 08:00:00,0.87365,0.87554,0.87199,0.87375,11747
2023-08-08 12:00:00,0.87375,0.87782,0.87363,0.87755,12307
2023-08-08 16:00:00,0.87755,0.87828,0.875,0.87578,11994
2023-08-08 20:00:00,0.87577,0.87627,0.87513,0.87579,3643
2023-08-09 00:00:00,0.87563,0.87616,0.87469,0.8753,4087
2023-08-09 04:00:00,0.87529,0.87541,0.87427,0.87457,5358
2023-08-09 08:00:00,0.87459,0.87515,0.87314,0.87477,9146
2023-08-09 12:00:00,0.87476,0.87825,0.87463,0.8765,8810
2023-08-09 16:00:00,0.8765,0.87737,0.875,0.87683,11243
2023-08-09 20:00:00,0.87682,0.87753,0.87576,0.87704,4269
2023-08-10 00:00:00,0.87611,0.87745,0.87598,0.87711,3197
2023-08-10 04:00:00,0.87711,0.87765,0.87627,0.87694,3675
2023-08-10 08:00:00,0.87696,0.87713,0.87226,0.87327,9512
2023-08-10 12:00:00,0.87328,0.87388,0.86899,0.87184,13197
2023-08-10 16:00:00,0.87186,0.87523,0.87159,0.87386,19357
2023-08-10 20:00:00,0.87386,0.87724,0.87379,0.87683,8521
2023-08-11 00:00:00,0.87588,0.87713,0.87554,0.87644,3506
2023-08-11 04:00:00,0.87643,0.87653,0.87572,0.87639,5047
2023-08-11 08:00:00,0.87638,0.87765,0.87587,0.87655,9738
2023-08-11 12:00:00,0.87655,0.87743,0.87336,0.87664,11156
2023-08-11 16:00:00,0.87666,0.87806,0.87495,0.8773,15545
2023-08-11 20:00:00,0.87731,0.87744,0.8759,0.87648,4656
2023-08-14 00:00:00,0.87629,0.87771,0.87501,0.87746,2977
2023-08-14 04:00:00,0.8775,0.87791,0.87702,0.87736,5004
2023-08-14 08:00:00,0.87736,0.87771,0.8755,0.87689,10076
2023-08-14 12:00:00,0.87689,0.88105,0.87617,0.88066,11072
2023-08-14 16:00:00,0.88065,0.88275,0.87622,0.87696,14428
2023-08-14 20:00:00,0.87696,0.8791,0.87659,0.87823,4424
2023-08-15 00:00:00,0.87799,0.87865,0.87747,0.87803,3788
2023-08-15 04:00:00,0.87801,0.87842,0.87668,0.8776,6634
2023-08-15 08:00:00,0.87762,0.87831,0.87528,0.87586,12146
2023-08-15 12:00:00,0.87586,0.87962,0.87439,0.87698,15785
2023-08-15 16:00:00,0.877,0.87835,0.87545,0.8783,17963
2023-08-15 20:00:00,0.8783,0.87888,0.8772,0.87854,4994
2023-08-16 00:00:00,0.87819,0.87908,0.87763,0.87892,4955
2023-08-16 04:00:00,0.87893,0.87913,0.87786,0.87814,5429
2023-08-16 08:00:00,0.87814,0.87903,0.87742,0.87794,11114
2023-08-16 12:00:00,0.87794,0.88126,0.87787,0.88121,10808
2023-08-16 16:00:00,0.88124,0.8814,0.87809,0.87934,14758
2023-08-16 20:00:00,0.87933,0.88066,0.87798,0.87995,7643
2023-08-17 00:00:00,0.87979,0.88073,0.87932,0.8805,6623
2023-08-17 04:00:00,0.88048,0.88092,0.87998,0.88028,5354
2023-08-17 08:00:00,0.88029,0.88092,0.87917,0.87929,9904
2023-08-17 12:00:00,0.8793,0.87982,0.876,0.87696,14968
2023-08-17 16:00:00,0.87696,0.87982,0.87607,0.87913,16094
2023-08-17 20:00:00,0.87911,0.88035,0.87814,0.87855,6800
2023-08-18 00:00:00,0.87779,0.8789,0.87739,0.87788,4651
2023-08-18 04:00:00,0.87789,0.87867,0.87735,0.87866,5352
2023-08-18 08:00:00,0.87863,0.8806,0.87795,0.88038,10623
2023-08-18 12:00:00,0.88039,0.88249,0.87939,0.88141,9827
2023-08-18 16:00:00,0.88142,0.88195,0.87923,0.88174,12723
2023-08-18 20:00:00,0.88174,0.88275,0.88095,0.88261,4748
2023-08-21 00:00:00,0.88261,0.88261,0.88128,0.88156,2807
2023-08-21 04:00:00,0.88157,0.8828,0.88154,0.88211,4540
2023-08-21 08:00:00,0.8821,0.88245,0.87914,0.88028,9284
2023-08-21 12:00:00,0.88028,0.88054,0.87874,0.87924,11422
2023-08-21 16:00:00,0.87925,0.88143,0.8785,0.87862,12080
2023-08-21 20:00:00,0.8786,0.87896,0.878,0.87854,3493
2023-08-22 00:00:00,0.8784,0.8791,0.8781,0.87825,3634
2023-08-22 04:00:00,0.87829,0.87832,0.87718,0.87795,6453
2023-08-22 08:00:00,0.87797,0.87824,0.87671,0.87757,9436
2023-08-22 12:00:00,0.87757,0.87981,0.87647,0.87941,10953
2023-08-22 16:00:00,0.8794,0.88093,0.87897,0.8797,13707
2023-08-22 20:00:00,0.87971,0.88068,0.87949,0.88046,2985
2023-08-23 00:00:00,0.8797,0.88055,0.87966,0.88047,3305
2023-08-23 04:00:00,0.88047,0.88074,0.87956,0.8796,4974
2023-08-23 08:00:00,0.87958,0.88149,0.87787,0.88038,13737
2023-08-23 12:00:00,0.88034,0.88171,0.87978,0.88121,10405
2023-08-23 16:00:00,0.88121,0.88125,0.87747,0.87834,17810
2023-08-23 20:00:00,0.87835,0.87907,0.87738,0.87792,4930
2023-08-24 00:00:00,0.87739,0.87797,0.87669,0.87696,4125
2023-08-24 04:00:00,0.87698,0.87802,0.8765,0.87731,6371
2023-08-24 08:00:00,0.87731,0.87989,0.87598,0.8793,10766
2023-08-24 12:00:00,0.8793,0.88387,0.87898,0.88298,12336
2023-08-24 16:00:00,0.88298,0.88332,0.88068,0.88321,14724
2023-08-24 20:00:00,0.8832,0.8851,0.88304,0.88453,4744
2023-08-25 00:00:00,0.88386,0.88548,0.88345,0.88527,4800
2023-08-25 04:00:00,0.88528,0.88654,0.88512,0.88631,4431
2023-08-25 08:00:00,0.88632,0.88687,0.88504,0.88555,9931
2023-08-25 12:00:00,0.88555,0.8862,0.88437,0.8846,9316
2023-08-25 16:00:00,0.88464,0.8876,0.88213,0.88543,21778
2023-08-25 20:00:00,0.88542,0.88542,0.88342,0.88453,6792
2023-08-28 00:00:00,0.88448,0.88515,0.88345,0.88408,3768
2023-08-28 04:00:00,0.8841,0.8842,0.88305,0.88319,4164
2023-08-28 08:00:00,0.88322,0.88444,0.88179,0.88423,8867
2023-08-28 12:00:00,0.88424,0.88501,0.88281,0.88376,9354
2023-08-28 16:00:00,0.88375,0.88534,0.88307,0.88387,10408
2023-08-28 20:00:00,0.88386,0.88438,0.88351,0.88383,4014
2023-08-29 00:00:00,0.88383,0.88383,0.88278,0.88327,4459
2023-08-29 04:00:00,0.88327,0.88347,0.88258,0.88342,3791
2023-08-29 08:00:00,0.88341,0.88506,0.88307,0.88469,7852
2023-08-29 12:00:00,0.8847,0.8857,0.8838,0.88501,9036
2023-08-29 16:00:00,0.88501,0.88589,0.87875,0.87897,19767
2023-08-29 20:00:00,0.87897,0.8795,0.87745,0.87838,5884
2023-08-30 00:00:00,0.87783,0.87903,0.87778,0.87854,8576
2023-08-30 04:00:00,0.87855,0.87962,0.87845,0.87962,5947
2023-08-30 08:00:00,0.87963,0.88032,0.8784,0.87952,11820
2023-08-30 12:00:00,0.87951,0.88005,0.87617,0.87666,15355
2023-08-30 16:00:00,0.8767,0.87871,0.87447,0.87841,13536
2023-08-30 20:00:00,0.87839,0.87882,0.87762,0.8785,3792
2023-08-31 00:00:00,0.87828,0.87866,0.87749,0.87783,2762
2023-08-31 04:00:00,0.87783,0.87862,0.87709,0.87857,4374
2023-08-31 08:00:00,0.87853,0.88085,0.87843,0.88077,10161
2023-08-31 12:00:00,0.88077,0.88285,0.88068,0.88107,13012
2023-08-31 16:00:00,0.88109,0.88458,0.8808,0.8829,15366
2023-08-31 20:00:00,0.88289,0.88361,0.88235,0.88327,4829
2023-09-01 00:00:00,0.88292,0.88397,0.88245,0.88356,4575
2023-09-01 04:00:00,0.88355,0.88388,0.88227,0.8832,4429
2023-09-01 08:00:00,0.88321,0.88433,0.88123,0.8827,9031
2023-09-01 12:00:00,0.88271,0.88366,0.8796,0.88087,12995
2023-09-01 16:00:00,0.88088,0.88635,0.87948,0.88581,21806
2023-09-01 20:00:00,0.8858,0.88612,0.88506,0.88574,4337
2023-09-04 00:00:00,0.88508,0.88578,0.88489,0.88517,2236
2023-09-04 04:00:00,0.88516,0.88533,0.88403,0.88479,3944
2023-09-04 08:00:00,0.8848,0.88481,0.88323,0.88417,8519
2023-09-04 12:00:00,0.88417,0.88488,0.88345,0.88449,7009
2023-09-04 16:00:00,0.88449,0.88543,0.8841,0.88429,3880
2023-09-04 20:00:00,0.88426,0.8849,0.88365,0.88435,1343
2023-09-05 00:00:00,0.88435,0.88501,0.8838,0.88452,2451
2023-09-05 04:00:00,0.88453,0.88566,0.88446,0.88499,3849
2023-09-05 08:00:00,0.88498,0.88806,0.88491,0.88786,10081
2023-09-05 12:00:00,0.88786,0.8903,0.8873,0.88795,10379
2023-09-05 16:00:00,0.88794,0.88953,0.88761,0.88879,14475
2023-09-05 20:00:00,0.88878,0.88996,0.88873,0.88952,3311
2023-09-06 00:00:00,0.88911,0.88997,0.88829,0.88979,2303
2023-09-06 04:00:00,0.88977,0.89027,0.88847,0.88877,3339
2023-09-06 08:00:00,0.88875,0.89035,0.88809,0.88978,8655
2023-09-06 12:00:00,0.88977,0.89061,0.88923,0.89045,7687
2023-09-06 16:00:00,0.89046,0.89444,0.89046,0.89222,14394
2023-09-06 20:00:00,0.89224,0.89234,0.891,0.89108,3846
2023-09-07 00:00:00,0.89135,0.89178,0.89067,0.89161,4336
2023-09-07 04:00:00,0.89163,0.89181,0.89083,0.89172,3196
2023-09-07 08:00:00,0.89172,0.89235,0.89122,0.89195,8162
2023-09-07 12:00:00,0.89196,0.89368,0.89139,0.89338,8683
2023-09-07 16:00:00,0.89337,0.89403,0.8923,0.89292,10623
2023-09-07 20:00:00,0.89292,0.89315,0.89203,0.89264,3626
2023-09-08 00:00:00,0.89232,0.89286,0.89095,0.89123,5138
2023-09-08 04:00:00,0.89123,0.89194,0.89053,0.89111,4362
2023-09-08 08:00:00,0.8911,0.89136,0.88946,0.89076,8306
2023-09-08 12:00:00,0.89077,0.89213,0.89063,0.892,7943
2023-09-08 16:00:00,0.892,0.89346,0.88989,0.89289,9725
2023-09-08 20:00:00,0.89291,0.89364,0.89237,0.89295,4486
2023-09-11 00:00:00,0.89137,0.89259,0.89072,0.89187,7364
2023-09-11 04:00:00,0.89187,0.89222,0.89015,0.89033,5139
2023-09-11 08:00:00,0.89034,0.8919,0.88965,0.89147,9487
2023-09-11 12:00:00,0.89148,0.89217,0.89099,0.8914,8395
2023-09-11 16:00:00,0.89141,0.89225,0.89019,0.89038,9046
2023-09-11 20:00:00,0.89037,0.89142,0.89024,0.89096,4277
2023-09-12 00:00:00,0.89068,0.89179,0.89009,0.89155,5116
2023-09-12 04:00:00,0.89154,0.892,0.89044,0.89127,3220
2023-09-12 08:00:00,0.89127,0.8919,0.89013,0.89165,8391
2023-09-12 12:00:00,0.89167,0.89294,0.89116,0.89294,7353
2023-09-12 16:00:00,0.89296,0.8934,0.89072,0.89164,7464
2023-09-12 20:00:00,0.89164,0.89212,0.89072,0.89119,4571
2023-09-13 00:00:00,0.89074,0.89154,0.89007,0.8913,4466
2023-09-13 04:00:00,0.89128,0.89242,0.89082,0.89103,3187
2023-09-13 08:00:00,0.89101,0.89327,0.89087,0.89298,8142
2023-09-13 12:00:00,0.89297,0.89517,0.89113,0.89238,13052
2023-09-13 16:00:00,0.89239,0.89399,0.89149,0.89232,13304
2023-09-13 20:00:00,0.89234,0.89369,0.89209,0.89369,3859
2023-09-14 00:00:00,0.8931,0.89357,0.89208,0.89222,3222
2023-09-14 04:00:00,0.89222,0.89294,0.892,0.89225,3453
2023-09-14 08:00:00,0.89225,0.89388,0.89144,0.89343,6448
2023-09-14 12:00:00,0.89343,0.89701,0.8927,0.89496,15221
2023-09-14 16:00:00,0.89492,0.89607,0.89299,0.896,18407
2023-09-14 20:00:00,0.89597,0.89704,0.89539,0.89547,4622
2023-09-15 00:00:00,0.89528,0.89632,0.89473,0.89547,5610
2023-09-15 04:00:00,0.89548,0.8961,0.89499,0.89518,5298
2023-09-15 08:00:00,0.89518,0.89636,0.89456,0.89552,7990
2023-09-15 12:00:00,0.89553,0.89736,0.89505,0.89694,7058
2023-09-15 16:00:00,0.89693,0.89773,0.89522,0.89644,12987
2023-09-15 20:00:00,0.89643,0.89774,0.8962,0.8974,4402
2023-09-18 00:00:00,0.89568,0.89755,0.8956,0.89665,1578
2023-09-18 04:00:00,0.89666,0.89769,0.8963,0.89698,2717
2023-09-18 08:00:00,0.897,0.8971,0.89553,0.89626,6567
2023-09-18 12:00:00,0.89627,0.89788,0.89536,0.89777,5689
2023-09-18 16:00:00,0.89777,0.89824,0.89613,0.89682,8398
2023-09-18 20:00:00,0.89684,0.89801,0.89633,0.89698,3361
2023-09-19 00:00:00,0.89677,0.89734,0.89636,0.89703,3492
2023-09-19 04:00:00,0.89703,0.89784,0.89692,0.8973,2760
2023-09-19 08:00:00,0.89731,0.89831,0.89477,0.89629,6719
2023-09-19 12:00:00,0.89626,0.89711,0.89503,0.89643,7540
2023-09-19 16:00:00,0.89642,0.89839,0.8963,0.89809,8285
2023-09-19 20:00:00,0.89809,0.89831,0.89744,0.8977,2966
2023-09-20 00:00:00,0.89776,0.89788,0.89679,0.89755,2547
2023-09-20 04:00:00,0.89756,0.89821,0.89742,0.8981,2202
2023-09-20 08:00:00,0.89809,0.8984,0.89642,0.89725,8636
2023-09-20 12:00:00,0.89728,0.89772,0.89607,0.89672,6076
2023-09-20 16:00:00,0.89674,0.89682,0.89316,0.89356,10140
2023-09-20 20:00:00,0.89356,0.89954,0.89347,0.89867,16531
2023-09-21 00:00:00,0.89816,0.90048,0.89797,0.90042,10061
2023-09-21 04:00:00,0.90043,0.90086,0.8996,0.8999,3744
2023-09-21 08:00:00,0.89991,0.9074,0.89851,0.9071,12014
2023-09-21 12:00:00,0.90711,0.90782,0.90416,0.90424,15017
2023-09-21 16:00:00,0.9042,0.90616,0.90202,0.90417,14081
2023-09-21 20:00:00,0.90415,0.90473,0.90296,0.90449,4626
2023-09-22 00:00:00,0.90343,0.90527,0.90338,0.90481,2823
2023-09-22 04:00:00,0.9048,0.90527,0.90427,0.90454,4625
2023-09-22 08:00:00,0.90456,0.90694,0.90426,0.90614,12237
2023-09-22 12:00:00,0.90615,0.907,0.90454,0.90534,7490
2023-09-22 16:00:00,0.90536,0.90657,0.90445,0.90638,9956
2023-09-22 20:00:00,0.90639,0.9075,0.90617,0.90707,4015
2023-09-25 00:00:00,0.9065,0.90758,0.9056,0.90705,5233
2023-09-25 04:00:00,0.90704,0.90817,0.907,0.90799,2652
2023-09-25 08:00:00,0.908,0.91051,0.90737,0.90978,9551
2023-09-25 12:00:00,0.90977,0.91124,0.90859,0.91034,8940
2023-09-25 16:00:00,0.91035,0.91354,0.91021,0.91201,11053
2023-09-25 20:00:00,0.91201,0.91252,0.91117,0.91193,3636
2023-09-26 00:00:00,0.91169,0.91301,0.91098,0.9127,3661
2023-09-26 04:00:00,0.91277,0.91358,0.91207,0.9122,3890
2023-09-26 08:00:00,0.91219,0.91503,0.9121,0.91243,10562
2023-09-26 12:00:00,0.91243,0.9132,0.91185,0.9122,9272
2023-09-26 16:00:00,0.91221,0.91471,0.91217,0.91461,11998
2023-09-26 20:00:00,0.91462,0.91588,0.914,0.91582,4880
2023-09-27 00:00:00,0.91441,0.9167,0.91392,0.91632,3772
2023-09-27 04:00:00,0.91633,0.91746,0.91561,0.9171,3835
2023-09-27 08:00:00,0.91712,0.91767,0.9154,0.91662,7806
2023-09-27 12:00:00,0.91662,0.91933,0.91599,0.91779,9995
2023-09-27 16:00:00,0.91779,0.92067,0.917,0.92045,13267
2023-09-27 20:00:00,0.92046,0.92248,0.9197,0.92116,8406
2023-09-28 00:00:00,0.91997,0.92095,0.91975,0.92048,3803
2023-09-28 04:00:00,0.92051,0.92163,0.92037,0.92075,3580
2023-09-28 08:00:00,0.92074,0.92159,0.91842,0.91851,10089
2023-09-28 12:00:00,0.91849,0.9198,0.91637,0.91957,13632
2023-09-28 16:00:00,0.91957,0.91958,0.91471,0.91636,18126
2023-09-28 20:00:00,0.91635,0.91714,0.91482,0.91483,6700
2023-09-29 00:00:00,0.9152,0.91552,0.91453,0.91502,3445
2023-09-29 04:00:00,0.91502,0.91532,0.91317,0.91346,4463
2023-09-29 08:00:00,0.91345,0.91368,0.90907,0.90973,11294
2023-09-29 12:00:00,0.90973,0.91317,0.90948,0.91137,13192
2023-09-29 16:00:00,0.91137,0.91634,0.9105,0.91448,17981
2023-09-29 20:00:00,0.91451,0.91611,0.91449,0.91516,7051
2023-10-02 00:00:00,0.91452,0.91612,0.91437,0.916,3301
2023-10-02 04:00:00,0.916,0.91634,0.91513,0.91577,2955
2023-10-02 08:00:00,0.9158,0.91665,0.91101,0.91149,9720
2023-10-02 12:00:00,0.91151,0.91616,0.9114,0.91585,11056
2023-10-02 16:00:00,0.91588,0.91945,0.91581,0.9185,16114
2023-10-02 20:00:00,0.9185,0.9185,0.91656,0.91814,6285
2023-10-03 00:00:00,0.91771,0.91911,0.91724,0.91846,5060
2023-10-03 04:00:00,0.91846,0.91944,0.91827,0.91933,6029
2023-10-03 08:00:00,0.91935,0.92187,0.91874,0.91979,11559
2023-10-03 12:00:00,0.91978,0.92377,0.91978,0.92228,12195
2023-10-03 16:00:00,0.92227,0.92441,0.92006,0.92148,26017
2023-10-03 20:00:00,0.9215,0.92168,0.92023,0.92094,8389
2023-10-04 00:00:00,0.92084,0.9215,0.92019,0.92097,5745
2023-10-04 04:00:00,0.92098,0.92254,0.92093,0.92139,8306
2023-10-04 08:00:00,0.9214,0.9232,0.91817,0.91861,13087
2023-10-04 12:00:00,0.91857,0.9194,0.91438,0.91502,17078
2023-10-04 16:00:00,0.91503,0.91949,0.91464,0.91601,17885
2023-10-04 20:00:00,0.91602,0.91744,0.91548,0.91711,8696
2023-10-05 00:00:00,0.91663,0.91728,0.91478,0.91493,4108
2023-10-05 04:00:00,0.91491,0.91493,0.91341,0.91411,6250
2023-10-05 08:00:00,0.91414,0.91809,0.91371,0.9178,10199
2023-10-05 12:00:00,0.91783,0.91822,0.91396,0.91591,14329
2023-10-05 16:00:00,0.91591,0.91695,0.91308,0.91363,16447
2023-10-05 20:00:00,0.91363,0.91424,0.91211,0.91241,7162
2023-10-06 00:00:00,0.91258,0.91329,0.91194,0.91319,3059
2023-10-06 04:00:00,0.9132,0.91359,0.9127,0.91348,5290
2023-10-06 08:00:00,0.91346,0.91455,0.91206,0.91289,10069
2023-10-06 12:00:00,0.9129,0.91757,0.91091,0.91667,14906
2023-10-06 16:00:00,0.91667,0.91729,0.90728,0.91009,26754
2023-10-06 20:00:00,0.9101,0.91039,0.9087,0.91,5970
2023-10-09 00:00:00,0.90878,0.9102,0.90791,0.90798,7497
2023-10-09 04:00:00,0.908,0.91065,0.90796,0.91038,7390
2023-10-09 08:00:00,0.91037,0.91233,0.90903,0.91055,13777
2023-10-09 12:00:00,0.91055,0.91082,0.90825,0.90863,11668
2023-10-09 16:00:00,0.90864,0.90867,0.90628,0.90811,15532
2023-10-09 20:00:00,0.90809,0.90812,0.90493,0.90658,7159
2023-10-10 00:00:00,0.90564,0.90647,0.90438,0.9054,6369
2023-10-10 04:00:00,0.90544,0.90637,0.90444,0.9062,7013
2023-10-10 08:00:00,0.90621,0.90728,0.9035,0.90409,16400
2023-10-10 12:00:00,0.9041,0.90772,0.90338,0.90681,18003
2023-10-10 16:00:00,0.90682,0.90826,0.9037,0.90393,20427
2023-10-10 20:00:00,0.90394,0.9055,0.9038,0.90462,8781
2023-10-11 00:00:00,0.90441,0.90492,0.90367,0.90417,3695
2023-10-11 04:00:00,0.90417,0.90496,0.90381,0.90494,5248
2023-10-11 08:00:00,0.90494,0.90543,0.9026,0.90272,15993
2023-10-11 12:00:00,0.90274,0.90479,0.90181,0.90196,18666
2023-10-11 16:00:00,0.90193,0.90336,0.90016,0.90272,21801
2023-10-11 20:00:00,0.90272,0.90468,0.90173,0.90194,9074
2023-10-12 00:00:00,0.90165,0.90205,0.90073,0.9011,5621
2023-10-12 04:00:00,0.90109,0.90117,0.90019,0.90054,6110
2023-10-12 08:00:00,0.90054,0.9016,0.89864,0.89998,10470
2023-10-12 12:00:00,0.89998,0.90445,0.89938,0.90271,18107
2023-10-12 16:00:00,0.90273,0.90715,0.90221,0.90698,21474
2023-10-12 20:00:00,0.907,0.90879,0.90695,0.90852,10826
2023-10-13 00:00:00,0.90849,0.90872,0.90708,0.90723,4358
2023-10-13 04:00:00,0.90723,0.90753,0.9065,0.9065,6111
2023-10-13 08:00:00,0.90651,0.90811,0.90563,0.9065,16291
2023-10-13 12:00:00,0.90653,0.90847,0.9047,0.90526,18099
2023-10-13 16:00:00,0.90527,0.90639,0.90064,0.90128,19940
2023-10-13 20:00:00,0.90127,0.90259,0.90019,0.90247,7225
2023-10-16 00:00:00,0.90064,0.90287,0.90044,0.90234,5202
2023-10-16 04:00:00,0.90235,0.90236,0.90128,0.90152,4258
2023-10-16 08:00:00,0.90153,0.90419,0.90108,0.90274,10329
2023-10-16 12:00:00,0.90274,0.90315,0.90069,0.9011,9808
2023-10-16 16:00:00,0.9011,0.90336,0.90025,0.9006,11838
2023-10-16 20:00:00,0.90065,0.90101,0.89952,0.90017,4773
2023-10-17 00:00:00,0.89981,0.9005,0.89937,0.90023,4665
2023-10-17 04:00:00,0.90023,0.90122,0.90021,0.90113,3288
2023-10-17 08:00:00,0.90114,0.90303,0.90074,0.90259,7736
2023-10-17 12:00:00,0.90258,0.90321,0.89944,0.90225,12770
2023-10-17 16:00:00,0.90227,0.90274,0.89897,0.90067,17933
2023-10-17 20:00:00,0.90067,0.90133,0.89962,0.90028,6407
2023-10-18 00:00:00,0.89965,0.90086,0.89915,0.9006,4790
2023-10-18 04:00:00,0.9006,0.90072,0.89877,0.89919,5994
2023-10-18 08:00:00,0.89921,0.90003,0.89732,0.89904,12032
2023-10-18 12:00:00,0.89906,0.89972,0.89745,0.89867,13294
2023-10-18 16:00:00,0.89864,0.8994,0.89543,0.89848,18766
2023-10-18 20:00:00,0.89848,0.89925,0.89721,0.89905,8556
2023-10-19 00:00:00,0.89895,0.89912,0.89819,0.89885,3968
2023-10-19 04:00:00,0.89885,0.89944,0.89833,0.89897,4881
2023-10-19 08:00:00,0.89896,0.90016,0.89739,0.89943,11782
2023-10-19 12:00:00,0.89943,0.89946,0.89592,0.89645,12352
2023-10-19 16:00:00,0.89645,0.89758,0.89277,0.89334,22773
2023-10-19 20:00:00,0.89334,0.89378,0.89085,0.8916,14828
2023-10-20 00:00:00,0.8915,0.89289,0.89074,0.89229,4808
2023-10-20 04:00:00,0.8923,0.89291,0.89144,0.89287,6481
2023-10-20 08:00:00,0.89286,0.89349,0.89021,0.89153,11570
2023-10-20 12:00:00,0.89156,0.89323,0.89079,0.89269,12167
2023-10-20 16:00:00,0.89273,0.89344,0.89067,0.89207,15361
2023-10-20 20:00:00,0.89208,0.89269,0.89094,0.89231,9499
2023-10-23 00:00:00,0.89108,0.89364,0.8907,0.89348,7249
2023-10-23 04:00:00,0.89348,0.89487,0.89346,0.89452,3781
2023-10-23 08:00:00,0.89453,0.89567,0.89197,0.89242,11157
2023-10-23 12:00:00,0.89244,0.89355,0.89127,0.89343,11654
2023-10-23 16:00:00,0.89343,0.89481,0.89116,0.8914,14519
2023-10-23 20:00:00,0.89141,0.89219,0.89055,0.89091,6123
2023-10-24 00:00:00,0.89083,0.89118,0.8902,0.8908,4553
2023-10-24 04:00:00,0.8908,0.89126,0.88994,0.8906,5921
2023-10-24 08:00:00,0.89061,0.89227,0.88877,0.89156,12485
2023-10-24 12:00:00,0.89159,0.89423,0.89156,0.89383,10331
2023-10-24 16:00:00,0.89388,0.89521,0.89275,0.89368,15887
2023-10-24 20:00:00,0.89367,0.89394,0.89281,0.89313,4913
2023-10-25 00:00:00,0.89314,0.89352,0.89237,0.893,5195
2023-10-25 04:00:00,0.893,0.89329,0.89251,0.89264,3425
2023-10-25 08:00:00,0.89263,0.89522,0.89203,0.89509,8281
2023-10-25 12:00:00,0.8951,0.89645,0.89497,0.89529,8254
2023-10-25 16:00:00,0.89529,0.89684,0.89423,0.89632,14187
2023-10-25 20:00:00,0.89632,0.89689,0.89595,0.89686,6655
2023-10-26 00:00:00,0.89669,0.89736,0.89608,0.89711,5978
2023-10-26 04:00:00,0.89709,0.89826,0.89685,0.89813,6874
2023-10-26 08:00:00,0.89813,0.89984,0.89784,0.89958,11483
2023-10-26 12:00:00,0.89958,0.89993,0.89673,0.89675,14486
2023-10-26 16:00:00,0.89672,0.90045,0.8963,0.90013,17909
2023-10-26 20:00:00,0.90015,0.90024,0.89859,0.899,8410
2023-10-27 00:00:00,0.89758,0.89926,0.89737,0.89921,7051
2023-10-27 04:00:00,0.89923,0.89953,0.89802,0.8986,4790
2023-10-27 08:00:00,0.8986,0.90114,0.89834,0.90052,10091
2023-10-27 12:00:00,0.90051,0.90249,0.89925,0.90144,12283
2023-10-27 16:00:00,0.90144,0.90344,0.90037,0.90301,17731
2023-10-27 20:00:00,0.90302,0.90345,0.901,0.90211,8034
2023-10-30 00:00:00,0.90031,0.90329,0.90026,0.90302,3472
2023-10-30 04:00:00,0.90302,0.90346,0.90279,0.90317,3256
2023-10-30 08:00:00,0.90316,0.90408,0.90208,0.90255,7697
2023-10-30 12:00:00,0.90252,0.90486,0.90206,0.90206,10184
2023-10-30 16:00:00,0.90207,0.90293,0.90073,0.90229,15032
2023-10-30 20:00:00,0.90227,0.9031,0.90135,0.90207,5145
2023-10-31 00:00:00,0.90168,0.90233,0.90113,0.90187,2981
2023-10-31 04:00:00,0.90188,0.90314,0.90164,0.90233,6217
2023-10-31 08:00:00,0.90234,0.90276,0.901,0.90116,9294
2023-10-31 12:00:00,0.90116,0.90489,0.90093,0.90474,13694
2023-10-31 16:00:00,0.90477,0.91042,0.90421,0.90947,19689
2023-10-31 20:00:00,0.90947,0.91061,0.90795,0.9103,7166
2023-11-01 00:00:00,0.9088,0.9107,0.9086,0.91015,4637
2023-11-01 04:00:00,0.91016,0.91066,0.90937,0.90986,5105
2023-11-01 08:00:00,0.90988,0.9101,0.90841,0.90985,8437
2023-11-01 12:00:00,0.90986,0.9101,0.90708,0.9081,12727
2023-11-01 16:00:00,0.90811,0.9106,0.90689,0.9104,17939
2023-11-01 20:00:00,0.91038,0.91119,0.90731,0.90762,17744
2023-11-02 00:00:00,0.90778,0.90785,0.90466,0.90473,6775
2023-11-02 04:00:00,0.90473,0.90519,0.90246,0.90331,5941
2023-11-02 08:00:00,0.90332,0.90563,0.90309,0.90514,9809
2023-11-02 12:00:00,0.90513,0.90553,0.90221,0.9023,14815
2023-11-02 16:00:00,0.90229,0.90685,0.90177,0.90602,16413
2023-11-02 20:00:00,0.90599,0.90624,0.90464,0.90597,6441
2023-11-03 00:00:00,0.90583,0.90618,0.90547,0.90574,4165
2023-11-03 04:00:00,0.90573,0.90616,0.90529,0.90543,3491
2023-11-03 08:00:00,0.90542,0.90688,0.90491,0.90686,6139
2023-11-03 12:00:00,0.90686,0.90738,0.89885,0.89914,14035
2023-11-03 16:00:00,0.89914,0.90137,0.89701,0.8971,24493
2023-11-03 20:00:00,0.8971,0.8995,0.89648,0.89947,7270
2023-11-06 00:00:00,0.89849,0.8996,0.89804,0.89809,5828
2023-11-06 04:00:00,0.89806,0.89822,0.89666,0.89704,4930
2023-11-06 08:00:00,0.89705,0.89809,0.8953,0.89616,10324
2023-11-06 12:00:00,0.89617,0.89879,0.89583,0.89821,9722
2023-11-06 16:00:00,0.8982,0.89861,0.89676,0.89781,9985
2023-11-06 20:00:00,0.89782,0.89943,0.89778,0.89929,5407
2023-11-07 00:00:00,0.89861,0.89941,0.8982,0.89917,5669
2023-11-07 04:00:00,0.89916,0.90061,0.89903,0.90029,5084
2023-11-07 08:00:00,0.90029,0.90114,0.89899,0.9002,9493
2023-11-07 12:00:00,0.90022,0.90156,0.89938,0.90066,11152
2023-11-07 16:00:00,0.90065,0.90184,0.8992,0.90132,13342
2023-11-07 20:00:00,0.90132,0.90138,0.89964,0.90013,7657
2023-11-08 00:00:00,0.89882,0.90108,0.8987,0.90057,4576
2023-11-08 04:00:00,0.90056,0.90105,0.89985,0.90105,5338
2023-11-08 08:00:00,0.90106,0.90238,0.90098,0.90202,10585
2023-11-08 12:00:00,0.90205,0.90238,0.89936,0.9002,10233
2023-11-08 16:00:00,0.9002,0.90056,0.89765,0.89929,14824
2023-11-08 20:00:00,0.89928,0.89996,0.89865,0.89926,7436
2023-11-09 00:00:00,0.89932,0.89969,0.89837,0.89887,4066
2023-11-09 04:00:00,0.89887,0.89983,0.89886,0.89966,2683
2023-11-09 08:00:00,0.89967,0.901,0.89917,0.90053,11007
2023-11-09 12:00:00,0.90053,0.90157,0.89994,0.90011,9730
2023-11-09 16:00:00,0.9001,0.90066,0.89911,0.90049,12954
2023-11-09 20:00:00,0.90049,0.90408,0.9,0.90296,15065
2023-11-10 00:00:00,0.90269,0.9037,0.90216,0.9032,3685
2023-11-10 04:00:00,0.90318,0.90371,0.90295,0.90343,3082
2023-11-10 08:00:00,0.90343,0.90457,0.902,0.90225,8563
2023-11-10 12:00:00,0.90224,0.9028,0.90017,0.90152,10503
2023-11-10 16:00:00,0.9015,0.90377,0.90124,0.90238,14272
2023-11-10 20:00:00,0.90237,0.90305,0.90189,0.90248,5330
2023-11-13 00:00:00,0.90183,0.90262,0.9015,0.90213,2921
2023-11-13 04:00:00,0.90213,0.90266,0.90203,0.90229,2582
2023-11-13 08:00:00,0.9023,0.90247,0.90108,0.90208,7068
2023-11-13 12:00:00,0.90208,0.9052,0.90196,0.90407,7895
2023-11-13 16:00:00,0.90406,0.90451,0.90069,0.90195,12005
2023-11-13 20:00:00,0.90195,0.90241,0.90127,0.90161,4192
2023-11-14 00:00:00,0.90097,0.90224,0.90071,0.90208,2981
2023-11-14 04:00:00,0.90207,0.90262,0.90174,0.90247,2759
2023-11-14 08:00:00,0.90246,0.90258,0.90094,0.90147,6426
2023-11-14 12:00:00,0.90146,0.90271,0.89467,0.89622,12952
2023-11-14 16:00:00,0.89623,0.89625,0.89021,0.89026,18239
2023-11-14 20:00:00,0.89027,0.8903,0.88795,0.88907,5053
2023-11-15 00:00:00,0.88841,0.89027,0.88791,0.88949,5314
2023-11-15 04:00:00,0.88947,0.88954,0.88824,0.88875,3563
2023-11-15 08:00:00,0.88877,0.88933,0.88675,0.8891,10202
2023-11-15 12:00:00,0.88911,0.88917,0.88542,0.8875,10793
2023-11-15 16:00:00,0.88749,0.88927,0.88602,0.88748,14964
2023-11-15 20:00:00,0.88748,0.88883,0.88741,0.88803,5182
2023-11-16 00:00:00,0.88744,0.88834,0.8866,0.88796,4092
2023-11-16 04:00:00,0.88798,0.88884,0.88794,0.88849,3368
2023-11-16 08:00:00,0.88849,0.88967,0.88788,0.88919,8565
2023-11-16 12:00:00,0.88919,0.88997,0.88718,0.88728,11787
2023-11-16 16:00:00,0.88729,0.88855,0.88541,0.8879,16849
2023-11-16 20:00:00,0.8879,0.88911,0.88755,0.88862,4520
2023-11-17 00:00:00,0.88868,0.88897,0.88767,0.88887,3378
2023-11-17 04:00:00,0.88886,0.88913,0.88807,0.8888,4231
2023-11-17 08:00:00,0.88882,0.8894,0.88724,0.88765,11147
2023-11-17 12:00:00,0.88765,0.88808,0.88618,0.88698,10308
2023-11-17 16:00:00,0.88699,0.88838,0.88609,0.88641,14218
2023-11-17 20:00:00,0.88642,0.88658,0.8852,0.88566,5827
2023-11-20 00:00:00,0.8856,0.88655,0.88488,0.88496,5457
2023-11-20 04:00:00,0.88495,0.88507,0.88301,0.88373,6423
2023-11-20 08:00:00,0.88374,0.88488,0.88258,0.88266,10465
2023-11-20 12:00:00,0.88266,0.8855,0.88265,0.88484,8176
2023-11-20 16:00:00,0.88483,0.88522,0.88314,0.88484,10035
2023-11-20 20:00:00,0.88484,0.8851,0.88366,0.88509,5901
2023-11-21 00:00:00,0.88459,0.88486,0.88327,0.88383,6146
2023-11-21 04:00:00,0.88383,0.88414,0.88265,0.88338,5385
2023-11-21 08:00:00,0.8834,0.88457,0.88273,0.88413,11473
2023-11-21 12:00:00,0.88414,0.88441,0.88223,0.88274,8942
2023-11-21 16:00:00,0.88273,0.88377,0.88192,0.88352,13945
2023-11-21 20:00:00,0.88351,0.88481,0.88344,0.88358,6833
2023-11-22 00:00:00,0.88336,0.88376,0.8828,0.88348,5574
2023-11-22 04:00:00,0.88347,0.88404,0.88292,0.88385,6389
2023-11-22 08:00:00,0.88387,0.88622,0.88313,0.88444,10071
2023-11-22 12:00:00,0.88446,0.88481,0.88198,0.88419,12648
2023-11-22 16:00:00,0.88417,0.88743,0.88403,0.88458,14779
2023-11-22 20:00:00,0.8846,0.88483,0.88355,0.88393,4534
2023-11-23 00:00:00,0.8837,0.88451,0.8831,0.8832,4461
2023-11-23 04:00:00,0.8832,0.8832,0.88247,0.88258,3903
2023-11-23 08:00:00,0.88259,0.88389,0.88167,0.88281,11333
2023-11-23 12:00:00,0.8828,0.88493,0.88229,0.88394,7783
2023-11-23 16:00:00,0.88395,0.88489,0.88287,0.88373,5374
2023-11-23 20:00:00,0.88374,0.88453,0.88352,0.88424,3031
2023-11-24 00:00:00,0.88403,0.88457,0.88255,0.88419,6846
2023-11-24 04:00:00,0.8842,0.88485,0.8829,0.883,2874
2023-11-24 08:00:00,0.883,0.88452,0.883,0.88432,8533
2023-11-24 12:00:00,0.88432,0.88432,0.88241,0.88276,7387
2023-11-24 16:00:00,0.88275,0.88313,0.88108,0.88146,7900
2023-11-24 20:00:00,0.88148,0.88229,0.88081,0.88181,9417
2023-11-27 00:00:00,0.88169,0.88278,0.88133,0.88175,4514
2023-11-27 04:00:00,0.88174,0.88271,0.88166,0.88183,5038
2023-11-27 08:00:00,0.88187,0.88204,0.88012,0.88145,9488
2023-11-27 12:00:00,0.88147,0.88155,0.87937,0.88002,10278
2023-11-27 16:00:00,0.88004,0.88174,0.87999,0.88139,13057
2023-11-27 20:00:00,0.8814,0.88157,0.88005,0.8803,5707
2023-11-28 00:00:00,0.88032,0.88055,0.87958,0.87995,8708
2023-11-28 04:00:00,0.87999,0.88046,0.8795,0.88039,5081
2023-11-28 08:00:00,0.8804,0.88165,0.87986,0.87992,8838
2023-11-28 12:00:00,0.87992,0.88187,0.879,0.87905,10497
2023-11-28 16:00:00,0.87906,0.87973,0.8761,0.8776,19400
2023-11-28 20:00:00,0.8776,0.87887,0.87744,0.87796,6945
2023-11-29 00:00:00,0.87775,0.87793,0.87567,0.87647,8085
2023-11-29 04:00:00,0.87647,0.87709,0.87615,0.87643,5132
2023-11-29 08:00:00,0.87643,0.87837,0.87588,0.87665,11701
2023-11-29 12:00:00,0.87667,0.87772,0.87538,0.87645,13875
2023-11-29 16:00:00,0.87642,0.87718,0.87321,0.87446,17757
2023-11-29 20:00:00,0.87445,0.87466,0.87198,0.87374,5648
2023-11-30 00:00:00,0.8737,0.8743,0.87208,0.87306,4442
2023-11-30 04:00:00,0.87308,0.87345,0.87164,0.873,4825
2023-11-30 08:00:00,0.87302,0.87548,0.87186,0.87478,11544
2023-11-30 12:00:00,0.87478,0.8761,0.87318,0.87525,13839
2023-11-30 16:00:00,0.87523,0.87705,0.86848,0.87485,25049
2023-11-30 20:00:00,0.87485,0.87652,0.87393,0.87518,7309
2023-12-01 00:00:00,0.8743,0.87542,0.87351,0.87408,6590
2023-12-01 04:00:00,0.87408,0.87505,0.87366,0.87413,4241
2023-12-01 08:00:00,0.87412,0.87494,0.87309,0.87382,11006
2023-12-01 12:00:00,0.87383,0.87672,0.87343,0.87641,9933
2023-12-01 16:00:00,0.8764,0.8768,0.86973,0.87037,24758
2023-12-01 20:00:00,0.87038,0.8705,0.86788,0.86927,7784
2023-12-04 00:00:00,0.86915,0.8709,0.86664,0.87036,10719
2023-12-04 04:00:00,0.87043,0.87088,0.86942,0.8707,4823
2023-12-04 08:00:00,0.8707,0.87549,0.87016,0.8724,13532
2023-12-04 12:00:00,0.8724,0.87385,0.87153,0.87279,11426
2023-12-04 16:00:00,0.87279,0.87529,0.87118,0.87266,20466
2023-12-04 20:00:00,0.87264,0.87378,0.8725,0.87275,4913
2023-12-05 00:00:00,0.8724,0.87282,0.8714,0.87235,5883
2023-12-05 04:00:00,0.87234,0.87296,0.8718,0.87184,4424
2023-12-05 08:00:00,0.87183,0.87479,0.87179,0.87358,12692
2023-12-05 12:00:00,0.87359,0.87446,0.87254,0.87319,12347
2023-12-05 16:00:00,0.87319,0.87659,0.87284,0.8748,21751
2023-12-05 20:00:00,0.87481,0.87602,0.87467,0.8749,5489
2023-12-06 00:00:00,0.87434,0.87523,0.87364,0.8749,7288
2023-12-06 04:00:00,0.87493,0.87539,0.87451,0.87461,4937
2023-12-06 08:00:00,0.87463,0.87597,0.8738,0.8742,10810
2023-12-06 12:00:00,0.87419,0.87542,0.87306,0.87331,13528
2023-12-06 16:00:00,0.87332,0.87476,0.87288,0.87465,15123
2023-12-06 20:00:00,0.87467,0.87566,0.87359,0.87484,5347
2023-12-07 00:00:00,0.87431,0.87491,0.87403,0.87481,5651
2023-12-07 04:00:00,0.8748,0.87618,0.8744,0.87569,4867
2023-12-07 08:00:00,0.87568,0.87592,0.87297,0.87339,12060
2023-12-07 12:00:00,0.8734,0.87794,0.87287,0.87525,17985
2023-12-07 16:00:00,0.87526,0.87819,0.8728,0.8738,21242
2023-12-07 20:00:00,0.87381,0.87586,0.87331,0.87494,7129
2023-12-08 00:00:00,0.87537,0.87552,0.87433,0.87519,9684
2023-12-08 04:00:00,0.8752,0.87562,0.87469,0.87527,9669
2023-12-08 08:00:00,0.87529,0.87639,0.87408,0.87519,11425
2023-12-08 12:00:00,0.87519,0.88068,0.87442,0.87947,15727
2023-12-08 16:00:00,0.87948,0.88204,0.87701,0.88064,24162
2023-12-08 20:00:00,0.88063,0.88104,0.87961,0.88004,6849
2023-12-11 00:00:00,0.87991,0.88044,0.87876,0.87925,6434
2023-12-11 04:00:00,0.87924,0.88016,0.87905,0.87994,3781
2023-12-11 08:00:00,0.87996,0.88048,0.87846,0.87894,10434
2023-12-11 12:00:00,0.87894,0.88158,0.87887,0.88021,10409
2023-12-11 16:00:00,0.8802,0.88138,0.87874,0.88,13275
2023-12-11 20:00:00,0.88,0.88011,0.87788,0.87847,5334
2023-12-12 00:00:00,0.87802,0.87865,0.87753,0.87784,4747
2023-12-12 04:00:00,0.87785,0.87806,0.87639,0.87663,3177
2023-12-12 08:00:00,0.87664,0.87817,0.87544,0.87771,10682
2023-12-12 12:00:00,0.8777,0.87772,0.87214,0.87699,14944
2023-12-12 16:00:00,0.877,0.87805,0.87435,0.87615,19013
2023-12-12 20:00:00,0.87616,0.87631,0.87509,0.87536,5573
2023-12-13 00:00:00,0.87471,0.87576,0.87417,0.87545,7683
2023-12-13 04:00:00,0.87546,0.87583,0.87527,0.87548,6824
2023-12-13 08:00:00,0.87549,0.87674,0.8753,0.876,9753
2023-12-13 12:00:00,0.87602,0.87704,0.87497,0.87531,10621
2023-12-13 16:00:00,0.87531,0.87778,0.87491,0.87712,12269
2023-12-13 20:00:00,0.87713,0.87798,0.869,0.87165,24605
2023-12-14 00:00:00,0.8705,0.87135,0.8688,0.86892,10066
2023-12-14 04:00:00,0.86893,0.86926,0.86651,0.86788,7975
2023-12-14 08:00:00,0.86787,0.87318,0.86761,0.87099,21304
2023-12-14 12:00:00,0.87097,0.87156,0.86688,0.86964,19377
2023-12-14 16:00:00,0.86965,0.87068,0.863,0.86379,22828
2023-12-14 20:00:00,0.86378,0.86756,0.86378,0.86754,7431
2023-12-15 00:00:00,0.86683,0.86813,0.86585,0.86709,10356
2023-12-15 04:00:00,0.86711,0.86724,0.86517,0.867,6723
2023-12-15 08:00:00,0.86701,0.86845,0.86617,0.86669,14044
2023-12-15 12:00:00,0.86668,0.86984,0.86569,0.86924,14845
2023-12-15 16:00:00,0.86922,0.86936,0.86643,0.86856,18868
2023-12-15 20:00:00,0.86859,0.87111,0.86843,0.87014,10021
2023-12-18 00:00:00,0.86913,0.87112,0.86882,0.87071,8720
2023-12-18 04:00:00,0.87071,0.87071,0.86895,0.86922,4683
2023-12-18 08:00:00,0.86924,0.86979,0.86795,0.86874,9594
2023-12-18 12:00:00,0.86876,0.86923,0.86664,0.86762,11379
2023-12-18 16:00:00,0.86761,0.86915,0.86714,0.86774,14567
2023-12-18 20:00:00,0.86774,0.86865,0.86708,0.86714,6346
2023-12-19 00:00:00,0.86682,0.86759,0.86667,0.8673,6336
2023-12-19 04:00:00,0.86729,0.86768,0.86618,0.86626,6436
2023-12-19 08:00:00,0.86625,0.86744,0.86512,0.86611,13502
2023-12-19 12:00:00,0.86611,0.86664,0.86282,0.86371,13722
2023-12-19 16:00:00,0.86369,0.86462,0.85926,0.86178,17574
2023-12-19 20:00:00,0.8618,0.862,0.86065,0.86101,5182
2023-12-20 00:00:00,0.85947,0.86116,0.85947,0.86097,6228
2023-12-20 04:00:00,0.86097,0.86149,0.86091,0.86131,4384
2023-12-20 08:00:00,0.86131,0.86224,0.86013,0.86144,11839
2023-12-20 12:00:00,0.86145,0.86508,0.8613,0.862,11238
2023-12-20 16:00:00,0.862,0.86271,0.86045,0.86165,13402
2023-12-20 20:00:00,0.86165,0.86402,0.86132,0.86267,8123
2023-12-21 00:00:00,0.86231,0.86286,0.86165,0.8618,4784
2023-12-21 04:00:00,0.8618,0.8624,0.86113,0.86141,6329
2023-12-21 08:00:00,0.86143,0.86325,0.8613,0.86199,11556
2023-12-21 12:00:00,0.862,0.86231,0.85621,0.85797,14931
2023-12-21 16:00:00,0.85796,0.85917,0.85626,0.85812,23260
2023-12-21 20:00:00,0.85812,0.85884,0.85598,0.85603,9525
2023-12-22 00:00:00,0.85607,0.85653,0.85564,0.85641,7973
2023-12-22 04:00:00,0.8564,0.85733,0.85623,0.85719,5967
2023-12-22 08:00:00,0.8572,0.85726,0.855,0.85565,13582
2023-12-22 12:00:00,0.85565,0.85647,0.85296,0.85311,19223
2023-12-22 16:00:00,0.85311,0.85686,0.85137,0.85589,21275
2023-12-22 20:00:00,0.8559,0.85733,0.85523,0.85574,8916
2023-12-26 00:00:00,0.85501,0.85662,0.85441,0.85578,5033
2023-12-26 04:00:00,0.85577,0.85598,0.85483,0.85491,6591
2023-12-26 08:00:00,0.85492,0.85798,0.85438,0.85744,6926
2023-12-26 12:00:00,0.85745,0.85783,0.85445,0.85552,8524
2023-12-26 16:00:00,0.85552,0.85581,0.85377,0.85517,11488
2023-12-26 20:00:00,0.85518,0.8552,0.8531,0.85355,7303
2023-12-27 00:00:00,0.8535,0.8545,0.85303,0.8539,4920
2023-12-27 04:00:00,0.85389,0.85414,0.85328,0.85369,4422
2023-12-27 08:00:00,0.85371,0.85488,0.8516,0.85189,9067
2023-12-27 12:00:00,0.8519,0.85365,0.8515,0.8516,8314
2023-12-27 16:00:00,0.85155,0.85159,0.84085,0.8436,16842
2023-12-27 20:00:00,0.84361,0.84396,0.84212,0.84311,8134
2023-12-28 00:00:00,0.84236,0.84363,0.84049,0.84061,5598
2023-12-28 04:00:00,0.84064,0.84117,0.83935,0.84038,6171
2023-12-28 08:00:00,0.8404,0.84085,0.83374,0.83526,14899
2023-12-28 12:00:00,0.83524,0.83968,0.83524,0.83943,13487
2023-12-28 16:00:00,0.83944,0.84105,0.83324,0.8408,18405
2023-12-28 20:00:00,0.84079,0.84506,0.8405,0.84485,9682
2023-12-29 00:00:00,0.84431,0.84479,0.84213,0.84244,7415
2023-12-29 04:00:00,0.84244,0.84355,0.84229,0.84316,7806
2023-12-29 08:00:00,0.84317,0.84321,0.83958,0.8402,12870
2023-12-29 12:00:00,0.84022,0.84024,0.83564,0.84013,16101
2023-12-29 16:00:00,0.84012,0.8432,0.83617,0.83914,22601
2023-12-29 20:00:00,0.83913,0.8419,0.83913,0.84131,8327
2024-01-02 00:00:00,0.83969,0.84263,0.83875,0.84262,5543
2024-01-02 04:00:00,0.84261,0.84555,0.84252,0.84388,5787
2024-01-02 08:00:00,0.84389,0.84709,0.84327,0.84623,14324
2024-01-02 12:00:00,0.84623,0.85033,0.84607,0.84938,18111
2024-01-02 16:00:00,0.84939,0.8503,0.84636,0.85016,21046
2024-01-02 20:00:00,0.85016,0.85065,0.84898,0.85042,8970
2024-01-03 00:00:00,0.84938,0.85039,0.84905,0.84955,4584
2024-01-03 04:00:00,0.84954,0.85023,0.84889,0.84995,4368
2024-01-03 08:00:00,0.84991,0.85218,0.84922,0.85143,13264
2024-01-03 12:00:00,0.85142,0.8554,0.85127,0.85277,15523
2024-01-03 16:00:00,0.85279,0.85472,0.85065,0.85166,23442
2024-01-03 20:00:00,0.85167,0.85311,0.8491,0.84919,15053
2024-01-04 00:00:00,0.84936,0.85055,0.84853,0.85037,7000
2024-01-04 04:00:00,0.85039,0.85041,0.84822,0.84976,6445
2024-01-04 08:00:00,0.84976,0.8512,0.84769,0.84941,16818
2024-01-04 12:00:00,0.8494,0.85285,0.84868,0.85133,16482
2024-01-04 16:00:00,0.85133,0.85237,0.84859,0.85142,17353
2024-01-04 20:00:00,0.85141,0.85205,0.84971,0.84995,7934
2024-01-05 00:00:00,0.85001,0.8505,0.84868,0.84919,6061
2024-01-05 04:00:00,0.8492,0.85082,0.84899,0.85046,5177
2024-01-05 08:00:00,0.85046,0.85339,0.85037,0.85295,14100
2024-01-05 12:00:00,0.85294,0.85766,0.85204,0.85278,18577
2024-01-05 16:00:00,0.85278,0.85279,0.84551,0.8499,27414
2024-01-05 20:00:00,0.84992,0.85072,0.84848,0.85053,10504
2024-01-08 00:00:00,0.8488,0.8513,0.8488,0.85021,4965
2024-01-08 04:00:00,0.85028,0.85209,0.85025,0.85165,4832
2024-01-08 08:00:00,0.85166,0.85206,0.84866,0.85079,15775
2024-01-08 12:00:00,0.85079,0.85171,0.84914,0.84983,13227
2024-01-08 16:00:00,0.84985,0.84999,0.846,0.84705,14384
2024-01-08 20:00:00,0.84706,0.84822,0.84683,0.84821,6206
2024-01-09 00:00:00,0.848,0.84832,0.84649,0.84653,5639
2024-01-09 04:00:00,0.84652,0.84786,0.84639,0.84771,5527
2024-01-09 08:00:00,0.84771,0.85031,0.84715,0.84968,12746
2024-01-09 12:00:00,0.84968,0.85201,0.84917,0.84993,13093
2024-01-09 16:00:00,0.84991,0.85316,0.84959,0.85161,16083
2024-01-09 20:00:00,0.8516,0.85285,0.85102,0.85241,6253
2024-01-10 00:00:00,0.85235,0.85271,0.85136,0.85217,4924
2024-01-10 04:00:00,0.85219,0.85252,0.85186,0.85222,4113
2024-01-10 08:00:00,0.85224,0.8535,0.8514,0.85212,11476
2024-01-10 12:00:00,0.85214,0.85324,0.85123,0.85257,9844
2024-01-10 16:00:00,0.8526,0.85311,0.85072,0.85101,13499
2024-01-10 20:00:00,0.85102,0.8522,0.85069,0.8508,8178
2024-01-11 00:00:00,0.85097,0.85111,0.84937,0.84942,3343
2024-01-11 04:00:00,0.84942,0.85005,0.84907,0.84994,3347
2024-01-11 08:00:00,0.84995,0.85105,0.84905,0.85085,10013
2024-01-11 12:00:00,0.85083,0.85506,0.84831,0.85483,15740
2024-01-11 16:00:00,0.85476,0.85658,0.85107,0.85545,29012
2024-01-11 20:00:00,0.85546,0.8556,0.8518,0.85206,10623
2024-01-12 00:00:00,0.85194,0.85244,0.85085,0.85149,11653
2024-01-12 04:00:00,0.8515,0.85231,0.85142,0.85228,5054
2024-01-12 08:00:00,0.85227,0.85394,0.85148,0.85372,10462
2024-01-12 12:00:00,0.85372,0.85508,0.85141,0.85252,15952
2024-01-12 16:00:00,0.85251,0.85358,0.84883,0.85339,22006
2024-01-12 20:00:00,0.85342,0.85353,0.85195,0.85266,6418
2024-01-15 00:00:00,0.85191,0.85405,0.85175,0.85302,4242
2024-01-15 04:00:00,0.85303,0.85304,0.8522,0.85272,3302
2024-01-15 08:00:00,0.85272,0.8543,0.85216,0.85393,9448
2024-01-15 12:00:00,0.85392,0.85476,0.85336,0.85374,10355
2024-01-15 16:00:00,0.85375,0.85611,0.85365,0.856,9144
2024-01-15 20:00:00,0.856,0.8562,0.85563,0.85565,1606
2024-01-16 00:00:00,0.85572,0.85766,0.85511,0.85695,10353
2024-01-16 04:00:00,0.85696,0.85934,0.85696,0.85913,5286
2024-01-16 08:00:00,0.85913,0.86162,0.85829,0.8605,15281
2024-01-16 12:00:00,0.86049,0.86132,0.85925,0.86091,15965
2024-01-16 16:00:00,0.86093,0.86192,0.85913,0.86183,24653
2024-01-16 20:00:00,0.86184,0.86194,0.86065,0.86153,9076
2024-01-17 00:00:00,0.86066,0.86217,0.86042,0.86132,8829
2024-01-17 04:00:00,0.8613,0.86275,0.86072,0.8625,5480
2024-01-17 08:00:00,0.8625,0.86344,0.86136,0.86187,16556
2024-01-17 12:00:00,0.86191,0.86726,0.86073,0.86616,17512
2024-01-17 16:00:00,0.86616,0.8685,0.86512,0.8654,20790
2024-01-17 20:00:00,0.86541,0.86643,0.86425,0.86449,8051
2024-01-18 00:00:00,0.86425,0.8648,0.86329,0.86396,6495
2024-01-18 04:00:00,0.86397,0.86506,0.86339,0.86473,4187
2024-01-18 08:00:00,0.86474,0.8664,0.86372,0.86427,15298
2024-01-18 12:00:00,0.86426,0.86898,0.86415,0.86875,15151
2024-01-18 16:00:00,0.86874,0.86905,0.86705,0.86875,24391
2024-01-18 20:00:00,0.86875,0.86939,0.86774,0.86807,8952
2024-01-19 00:00:00,0.86821,0.86862,0.86716,0.86809,7493
2024-01-19 04:00:00,0.8681,0.86883,0.86777,0.86869,5348
2024-01-19 08:00:00,0.86868,0.86936,0.86762,0.86846,12086
2024-01-19 12:00:00,0.86848,0.8694,0.86776,0.86906,11280
2024-01-19 16:00:00,0.86906,0.87043,0.86787,0.86909,17380
2024-01-19 20:00:00,0.86909,0.86969,0.86785,0.86805,6892
2024-01-22 00:00:00,0.86865,0.86902,0.86694,0.86795,8851
2024-01-22 04:00:00,0.86794,0.86854,0.86763,0.8682,4345
2024-01-22 08:00:00,0.8682,0.86914,0.86656,0.86774,14493
2024-01-22 12:00:00,0.86775,0.86895,0.86707,0.8674,12647
2024-01-22 16:00:00,0.86741,0.87003,0.86739,0.86848,12342
2024-01-22 20:00:00,0.86849,0.86979,0.86846,0.86904,6394
2024-01-23 00:00:00,0.8691,0.86934,0.86796,0.86798,5123
2024-01-23 04:00:00,0.86798,0.86821,0.86553,0.86563,8542
2024-01-23 08:00:00,0.86563,0.86877,0.86497,0.86812,15826
2024-01-23 12:00:00,0.86813,0.86965,0.86793,0.86866,11553
2024-01-23 16:00:00,0.86867,0.8728,0.86867,0.87139,16078
2024-01-23 20:00:00,0.8714,0.8719,0.86998,0.87027,5336
2024-01-24 00:00:00,0.86996,0.87042,0.86918,0.86938,3932
2024-01-24 04:00:00,0.86937,0.86994,0.86895,0.86913,4596
2024-01-24 08:00:00,0.86915,0.86952,0.86491,0.86509,14343
2024-01-24 12:00:00,0.8651,0.86564,0.86078,0.86107,14263
2024-01-24 16:00:00,0.86108,0.86445,0.86062,0.86217,21357
2024-01-24 20:00:00,0.86219,0.86389,0.86202,0.8629,9826
2024-01-25 00:00:00,0.86294,0.86489,0.86204,0.86418,5716
2024-01-25 04:00:00,0.86418,0.86478,0.86369,0.86463,6794
2024-01-25 08:00:00,0.86461,0.86471,0.8626,0.86342,12630
2024-01-25 12:00:00,0.86342,0.86691,0.86287,0.86502,15504
2024-01-25 16:00:00,0.86501,0.86846,0.86473,0.86747,23556
2024-01-25 20:00:00,0.86748,0.868,0.8666,0.86694,9295
2024-01-26 00:00:00,0.86706,0.86763,0.86613,0.86661,6634
2024-01-26 04:00:00,0.867,0.86724,0.86635,0.86662,5635
2024-01-26 08:00:00,0.86663,0.86851,0.86442,0.86508,11940
2024-01-26 12:00:00,0.86508,0.86508,0.86186,0.86342,14552
2024-01-26 16:00:00,0.86311,0.86435,0.86158,0.86374,17470
2024-01-26 20:00:00,0.86375,0.8649,0.86347,0.86393,6691
2024-01-29 00:00:00,0.86464,0.86507,0.86313,0.86344,4036
2024-01-29 04:00:00,0.86346,0.8639,0.86296,0.86388,3421
2024-01-29 08:00:00,0.86388,0.86389,0.86067,0.8619,13017
2024-01-29 12:00:00,0.86192,0.86351,0.86154,0.86319,10105
2024-01-29 16:00:00,0.86317,0.86493,0.86259,0.8639,11669
2024-01-29 20:00:00,0.86389,0.8644,0.86063,0.86126,8660
2024-01-30 00:00:00,0.8615,0.86173,0.86058,0.86142,9054
2024-01-30 04:00:00,0.86143,0.86188,0.8611,0.86169,4065
2024-01-30 08:00:00,0.86168,0.86389,0.86073,0.86304,13436
2024-01-30 12:00:00,0.86303,0.86372,0.8621,0.86223,12502
2024-01-30 16:00:00,0.86222,0.86429,0.86078,0.86256,17853
2024-01-30 20:00:00,0.86257,0.86307,0.86146,0.86182,7262
2024-01-31 00:00:00,0.86146,0.86231,0.86127,0.8623,6117
2024-01-31 04:00:00,0.86231,0.8636,0.86231,0.86285,5474
2024-01-31 08:00:00,0.86286,0.86423,0.86184,0.86281,13425
2024-01-31 12:00:00,0.86282,0.86432,0.86062,0.86133,15406
2024-01-31 16:00:00,0.86133,0.86167,0.85506,0.85966,26071
2024-01-31 20:00:00,0.85967,0.86432,0.85794,0.86133,27336
2024-02-01 00:00:00,0.86062,0.86343,0.86022,0.86317,6760
2024-02-01 04:00:00,0.86317,0.86362,0.86182,0.86356,7488
2024-02-01 08:00:00,0.86355,0.86494,0.86247,0.86274,15347
2024-02-01 12:00:00,0.86274,0.86389,0.86116,0.86253,18856
2024-02-01 16:00:00,0.86254,0.86396,0.85706,0.85853,26746
2024-02-01 20:00:00,0.85854,0.85916,0.85725,0.85787,11967
2024-02-02 00:00:00,0.85767,0.85779,0.85671,0.85741,5411
2024-02-02 04:00:00,0.85741,0.85773,0.85647,0.85733,7632
2024-02-02 08:00:00,0.85735,0.85766,0.85566,0.85634,12747
2024-02-02 12:00:00,0.85634,0.86411,0.8553,0.86358,16567
2024-02-02 16:00:00,0.8636,0.86806,0.86287,0.86755,26337
2024-02-02 20:00:00,0.86755,0.86775,0.86606,0.86677,9303
2024-02-05 00:00:00,0.86634,0.86869,0.86513,0.86743,9016
2024-02-05 04:00:00,0.86743,0.86813,0.86733,0.86772,5956
2024-02-05 08:00:00,0.86772,0.87042,0.86706,0.87026,15512
2024-02-05 12:00:00,0.87029,0.87108,0.86882,0.87097,14468
2024-02-05 16:00:00,0.87097,0.87184,0.86973,0.87013,17793
2024-02-05 20:00:00,0.87013,0.87106,0.86953,0.8707,6813
2024-02-06 00:00:00,0.8706,0.87082,0.87017,0.8705,4335
2024-02-06 04:00:00,0.87049,0.87066,0.86932,0.86955,9876
2024-02-06 08:00:00,0.86956,0.87277,0.86898,0.87271,16063
2024-02-06 12:00:00,0.8727,0.8735,0.87152,0.87301,14380
2024-02-06 16:00:00,0.87302,0.8741,0.86989,0.87016,21882
2024-02-06 20:00:00,0.87017,0.87077,0.86953,0.86974,10661
2024-02-07 00:00:00,0.86945,0.86986,0.86876,0.86917,6940
2024-02-07 04:00:00,0.86918,0.86985,0.86917,0.86952,6107
2024-02-07 08:00:00,0.86952,0.87194,0.86882,0.87128,12530
2024-02-07 12:00:00,0.87128,0.87297,0.87087,0.87134,13549
2024-02-07 16:00:00,0.87135,0.87446,0.8704,0.87384,22304
2024-02-07 20:00:00,0.87385,0.87532,0.87321,0.87444,10086
2024-02-08 00:00:00,0.87363,0.87456,0.87314,0.87321,5496
2024-02-08 04:00:00,0.87322,0.87344,0.87244,0.87307,5547
2024-02-08 08:00:00,0.87308,0.87401,0.87238,0.87281,12111
2024-02-08 12:00:00,0.87281,0.87601,0.87247,0.87597,15678
2024-02-08 16:00:00,0.87597,0.87606,0.87345,0.87433,17067
2024-02-08 20:00:00,0.87434,0.87462,0.87342,0.87359,9727
2024-02-09 00:00:00,0.87324,0.87395,0.8729,0.87374,5499
2024-02-09 04:00:00,0.87374,0.87451,0.87351,0.87438,5306
2024-02-09 08:00:00,0.87438,0.87619,0.87394,0.87575,12391
2024-02-09 12:00:00,0.87577,0.87616,0.87309,0.87474,14977
2024-02-09 16:00:00,0.87475,0.87541,0.87365,0.87491,17926
2024-02-09 20:00:00,0.87491,0.87554,0.87446,0.87455,5737
2024-02-12 00:00:00,0.8744,0.87455,0.874,0.87433,5099
2024-02-12 04:00:00,0.87434,0.87476,0.87413,0.87448,7040
2024-02-12 08:00:00,0.8745,0.87557,0.87261,0.87552,14073
2024-02-12 12:00:00,0.87553,0.87724,0.87484,0.87689,13250
2024-02-12 16:00:00,0.87689,0.87727,0.87517,0.87518,13580
2024-02-12 20:00:00,0.87519,0.87615,0.87503,0.87567,7472
2024-02-13 00:00:00,0.87498,0.87623,0.87476,0.87608,5239
2024-02-13 04:00:00,0.87609,0.8767,0.87593,0.87608,6753
2024-02-13 08:00:00,0.87608,0.88171,0.87548,0.87961,16207
2024-02-13 12:00:00,0.87959,0.88607,0.87728,0.88571,17376
2024-02-13 16:00:00,0.88565,0.88761,0.88436,0.88714,25083
2024-02-13 20:00:00,0.88714,0.88806,0.88641,0.88708,7633
2024-02-14 00:00:00,0.8866,0.88752,0.88634,0.88683,6451
2024-02-14 04:00:00,0.88683,0.88693,0.88594,0.8861,5309
2024-02-14 08:00:00,0.8861,0.88856,0.88568,0.88729,14105
2024-02-14 12:00:00,0.88729,0.88822,0.88577,0.88649,12515
2024-02-14 16:00:00,0.88648,0.88744,0.88483,0.88515,16201
2024-02-14 20:00:00,0.88518,0.88596,0.88473,0.88572,6651
2024-02-15 00:00:00,0.88518,0.88581,0.88488,0.88554,5800
2024-02-15 04:00:00,0.88552,0.88568,0.88483,0.88505,7787
2024-02-15 08:00:00,0.88505,0.88518,0.88251,0.88321,13308
2024-02-15 12:00:00,0.88321,0.88361,0.87983,0.88113,14487
2024-02-15 16:00:00,0.88115,0.88165,0.87828,0.88048,21943
2024-02-15 20:00:00,0.88048,0.88064,0.87894,0.87988,9051
2024-02-16 00:00:00,0.87944,0.88103,0.87901,0.88056,5347
2024-02-16 04:00:00,0.88056,0.88144,0.88054,0.88103,4670
2024-02-16 08:00:00,0.88102,0.88166,0.88049,0.88109,9645
2024-02-16 12:00:00,0.88108,0.8839,0.88021,0.8825,12440
2024-02-16 16:00:00,0.8825,0.88345,0.88015,0.88079,17704
2024-02-16 20:00:00,0.88075,0.88133,0.87976,0.88096,8342
2024-02-19 00:00:00,0.88011,0.88106,0.87965,0.8807,6694
2024-02-19 04:00:00,0.88071,0.88161,0.8805,0.88089,7571
2024-02-19 08:00:00,0.88089,0.88169,0.88011,0.88118,11406
2024-02-19 12:00:00,0.88117,0.88137,0.87995,0.88112,10721
2024-02-19 16:00:00,0.88112,0.88281,0.88096,0.88281,7398
2024-02-19 20:00:00,0.8828,0.8828,0.88196,0.88236,3505
2024-02-20 00:00:00,0.88183,0.88324,0.88175,0.88306,7022
2024-02-20 04:00:00,0.88306,0.88335,0.88248,0.88289,5900
2024-02-20 08:00:00,0.8829,0.88377,0.88145,0.8817,10255
2024-02-20 12:00:00,0.8817,0.88257,0.87951,0.87976,13886
2024-02-20 16:00:00,0.87975,0.88131,0.87856,0.88121,18062
2024-02-20 20:00:00,0.88122,0.88209,0.88109,0.88191,8088
2024-02-21 00:00:00,0.88124,0.88203,0.88092,0.88143,5251
2024-02-21 04:00:00,0.88144,0.88149,0.88044,0.88068,4099
2024-02-21 08:00:00,0.88069,0.88184,0.88029,0.88057,11543
2024-02-21 12:00:00,0.88057,0.88088,0.87958,0.88,11170
2024-02-21 16:00:00,0.87998,0.88118,0.87928,0.88049,13396
2024-02-21 20:00:00,0.88051,0.88112,0.87879,0.87962,10833
2024-02-22 00:00:00,0.87911,0.87961,0.87821,0.87886,6654
2024-02-22 04:00:00,0.87887,0.87938,0.87762,0.87806,5428
2024-02-22 08:00:00,0.87807,0.87811,0.87421,0.87707,14584
2024-02-22 12:00:00,0.87708,0.88045,0.87693,0.88025,15454
2024-02-22 16:00:00,0.88024,0.88211,0.88013,0.88153,19262
2024-02-22 20:00:00,0.88152,0.88175,0.87996,0.88028,10604
2024-02-23 00:00:00,0.88025,0.88086,0.87962,0.88037,5073
2024-02-23 04:00:00,0.88037,0.88098,0.88012,0.88084,3161
2024-02-23 08:00:00,0.88084,0.88194,0.88022,0.88164,10002
2024-02-23 12:00:00,0.88163,0.88167,0.87812,0.8798,12924
2024-02-23 16:00:00,0.87984,0.88178,0.87959,0.88058,14832
2024-02-23 20:00:00,0.88057,0.88145,0.88028,0.88125,5190
2024-02-26 00:00:00,0.8795,0.882,0.87937,0.8816,5222
2024-02-26 04:00:00,0.88159,0.8822,0.88075,0.88093,6204
2024-02-26 08:00:00,0.88092,0.88133,0.87977,0.87977,9840
2024-02-26 12:00:00,0.87976,0.88026,0.87878,0.87928,10271
2024-02-26 16:00:00,0.87927,0.88138,0.87908,0.8808,15773
2024-02-26 20:00:00,0.88081,0.88127,0.87993,0.88002,10626
2024-02-27 00:00:00,0.87965,0.88071,0.87928,0.88021,5717
2024-02-27 04:00:00,0.8802,0.88036,0.87915,0.87981,7598
2024-02-27 08:00:00,0.87979,0.88018,0.87845,0.87963,13108
2024-02-27 12:00:00,0.87966,0.88079,0.87847,0.87983,13422
2024-02-27 16:00:00,0.87982,0.88103,0.87865,0.87977,14047
2024-02-27 20:00:00,0.87978,0.8802,0.87845,0.87856,10014
2024-02-28 00:00:00,0.87841,0.87963,0.87811,0.87918,6468
2024-02-28 04:00:00,0.87918,0.88051,0.87912,0.88022,6010
2024-02-28 08:00:00,0.88023,0.88154,0.88007,0.88137,10014
2024-02-28 12:00:00,0.88137,0.88144,0.87938,0.88011,13196
2024-02-28 16:00:00,0.88013,0.88067,0.87838,0.8791,12727
2024-02-28 20:00:00,0.87911,0.87932,0.87856,0.87888,7721
2024-02-29 00:00:00,0.87899,0.87903,0.87817,0.87865,4809
2024-02-29 04:00:00,0.87865,0.87881,0.87804,0.87829,9081
2024-02-29 08:00:00,0.87833,0.87933,0.87793,0.87803,11021
2024-02-29 12:00:00,0.87802,0.881,0.87794,0.87914,17194
2024-02-29 16:00:00,0.87915,0.8844,0.8779,0.88384,18565
2024-02-29 20:00:00,0.88383,0.88466,0.88322,0.88454,7399
2024-03-01 00:00:00,0.8845,0.88487,0.88391,0.88421,4891
2024-03-01 04:00:00,0.88418,0.88491,0.88392,0.88486,6201
2024-03-01 08:00:00,0.88487,0.88701,0.88453,0.8851,15008
2024-03-01 12:00:00,0.88506,0.88787,0.88473,0.88783,12310
2024-03-01 16:00:00,0.88784,0.88925,0.88371,0.88398,20138
2024-03-01 20:00:00,0.88399,0.88477,0.88294,0.88301,10171
2024-03-04 00:00:00,0.88278,0.8838,0.8826,0.8835,7009
2024-03-04 04:00:00,0.88351,0.8837,0.88248,0.88309,5785
2024-03-04 08:00:00,0.88307,0.88338,0.88054,0.88252,11424
2024-03-04 12:00:00,0.88253,0.88639,0.8825,0.88444,11457
2024-03-04 16:00:00,0.88443,0.88611,0.8839,0.88433,13657
2024-03-04 20:00:00,0.88434,0.88518,0.88385,0.88488,5181
2024-03-05 00:00:00,0.88401,0.88572,0.88401,0.88549,6769
2024-03-05 04:00:00,0.8855,0.88568,0.88487,0.88557,3881
2024-03-05 08:00:00,0.88558,0.88653,0.88504,0.88578,13296
2024-03-05 12:00:00,0.8858,0.88663,0.88504,0.88533,8710
2024-03-05 16:00:00,0.88533,0.88545,0.88253,0.88362,18237
2024-03-05 20:00:00,0.88361,0.88405,0.88298,0.88329,10477
2024-03-06 00:00:00,0.88297,0.88522,0.88293,0.88489,7133
2024-03-06 04:00:00,0.88488,0.88492,0.88406,0.88439,7013
2024-03-06 08:00:00,0.8844,0.88554,0.88368,0.88445,10702
2024-03-06 12:00:00,0.88446,0.88556,0.88354,0.88361,13821
2024-03-06 16:00:00,0.8836,0.88386,0.88039,0.88189,17738
2024-03-06 20:00:00,0.88191,0.88261,0.88139,0.88211,10208
2024-03-07 00:00:00,0.88211,0.88231,0.88117,0.88171,7619
2024-03-07 04:00:00,0.88174,0.8822,0.88087,0.88175,6378
2024-03-07 08:00:00,0.88176,0.88197,0.88066,0.88077,10954
2024-03-07 12:00:00,0.8808,0.88134,0.87848,0.87933,13433
2024-03-07 16:00:00,0.87934,0.88037,0.87746,0.87865,18211
2024-03-07 20:00:00,0.87866,0.87866,0.87724,0.87756,10820
2024-03-08 00:00:00,0.87696,0.87768,0.87665,0.87731,7092
2024-03-08 04:00:00,0.87732,0.87772,0.87701,0.87727,5295
2024-03-08 08:00:00,0.87727,0.87765,0.87574,0.87645,11127
2024-03-08 12:00:00,0.87645,0.87823,0.87295,0.87509,14655
2024-03-08 16:00:00,0.8751,0.877,0.87427,0.87671,23980
2024-03-08 20:00:00,0.87671,0.87785,0.87662,0.8774,6346
2024-03-11 00:00:00,0.8774,0.87809,0.87685,0.87726,3271
2024-03-11 04:00:00,0.87726,0.87795,0.87672,0.8777,6806
2024-03-11 08:00:00,0.8777,0.87795,0.87546,0.87591,10876
2024-03-11 12:00:00,0.87592,0.87774,0.87548,0.87772,12366
2024-03-11 16:00:00,0.87774,0.87946,0.8775,0.87834,13223
2024-03-11 20:00:00,0.87834,0.87878,0.87738,0.87748,7332
2024-03-12 00:00:00,0.87755,0.87777,0.87694,0.87736,6572
2024-03-12 04:00:00,0.87733,0.87758,0.87691,0.87706,10740
2024-03-12 08:00:00,0.87707,0.87738,0.8761,0.87652,9018
2024-03-12 12:00:00,0.87651,0.87923,0.87468,0.87728,15776
2024-03-12 16:00:00,0.87727,0.87948,0.87722,0.87804,22441
2024-03-12 20:00:00,0.87804,0.87865,0.87709,0.87717,14379
2024-03-13 00:00:00,0.87698,0.87764,0.87662,0.87737,5710
2024-03-13 04:00:00,0.87737,0.87793,0.87722,0.87778,8397
2024-03-13 08:00:00,0.87778,0.87858,0.87744,0.87852,11629
2024-03-13 12:00:00,0.87852,0.87886,0.87708,0.87743,12750
2024-03-13 16:00:00,0.87744,0.87834,0.87661,0.87776,16286
2024-03-13 20:00:00,0.87777,0.87897,0.87683,0.87889,9980
2024-03-14 00:00:00,0.87881,0.87881,0.87817,0.87846,5390
2024-03-14 04:00:00,0.87845,0.8797,0.87816,0.87928,10555
2024-03-14 08:00:00,0.87931,0.88024,0.87923,0.87995,10495
2024-03-14 12:00:00,0.87994,0.87999,0.87818,0.87964,11995
2024-03-14 16:00:00,0.87964,0.88382,0.87947,0.88316,20499
2024-03-14 20:00:00,0.88316,0.88409,0.88293,0.88375,6948
2024-03-15 00:00:00,0.88376,0.8849,0.88288,0.8848,5064
2024-03-15 04:00:00,0.88482,0.88504,0.88446,0.88472,5834
2024-03-15 08:00:00,0.88473,0.88525,0.88387,0.88421,12317
2024-03-15 12:00:00,0.88421,0.88422,0.88191,0.88268,13389
2024-03-15 16:00:00,0.88268,0.88415,0.88196,0.88408,14551
2024-03-15 20:00:00,0.88405,0.88453,0.88337,0.88352,5979
2024-03-18 00:00:00,0.88297,0.88384,0.88242,0.88359,7030
2024-03-18 04:00:00,0.88358,0.88391,0.88276,0.88353,6276
2024-03-18 08:00:00,0.88353,0.88423,0.88327,0.88358,11527
2024-03-18 12:00:00,0.88358,0.88447,0.88214,0.8837,11191
2024-03-18 16:00:00,0.88371,0.88702,0.88371,0.88693,14831
2024-03-18 20:00:00,0.88692,0.88844,0.88657,0.8877,7181
2024-03-19 00:00:00,0.8864,0.88839,0.8864,0.88838,6319
2024-03-19 04:00:00,0.88837,0.88872,0.8877,0.8883,11157
2024-03-19 08:00:00,0.8883,0.88985,0.887,0.88729,14771
2024-03-19 12:00:00,0.88729,0.88953,0.88702,0.88702,14757
2024-03-19 16:00:00,0.88702,0.88875,0.88668,0.88808,12319
2024-03-19 20:00:00,0.88808,0.88835,0.88745,0.88809,5733
2024-03-20 00:00:00,0.88794,0.88899,0.88727,0.88862,7227
2024-03-20 04:00:00,0.88861,0.88924,0.88846,0.88923,5160
2024-03-20 08:00:00,0.88924,0.89046,0.88861,0.89011,11534
2024-03-20 12:00:00,0.89011,0.89188,0.89006,0.89048,11630
2024-03-20 16:00:00,0.89048,0.89163,0.89023,0.89077,10686
2024-03-20 20:00:00,0.89076,0.89165,0.88587,0.88676,25632
2024-03-21 00:00:00,0.8861,0.88677,0.88499,0.88507,11870
2024-03-21 04:00:00,0.88508,0.8854,0.88391,0.88532,9698
2024-03-21 08:00:00,0.88534,0.89741,0.88446,0.89484,17898
2024-03-21 12:00:00,0.89484,0.89682,0.89234,0.89466,21448
2024-03-21 16:00:00,0.89465,0.89939,0.89463,0.89822,22714
2024-03-21 20:00:00,0.89822,0.89879,0.89745,0.89752,7780
2024-03-22 00:00:00,0.89767,0.89795,0.897,0.89748,5637
2024-03-22 04:00:00,0.89749,0.89946,0.89738,0.89909,10157
2024-03-22 08:00:00,0.89908,0.90198,0.89811,0.90102,11837
2024-03-22 12:00:00,0.90102,0.90124,0.89838,0.89845,15708
2024-03-22 16:00:00,0.89844,0.89901,0.89691,0.89871,16013
2024-03-22 20:00:00,0.89872,0.89898,0.89652,0.89726,7142
2024-03-25 00:00:00,0.89664,0.89842,0.89652,0.89832,6812
2024-03-25 04:00:00,0.89832,0.89836,0.89694,0.8977,11705
2024-03-25 08:00:00,0.8977,0.89868,0.89698,0.8983,9345
2024-03-25 12:00:00,0.89828,0.89862,0.8972,0.8976,9347
2024-03-25 16:00:00,0.89762,0.89903,0.89688,0.89901,10198
2024-03-25 20:00:00,0.89901,0.89955,0.89848,0.89948,4434
2024-03-26 00:00:00,0.89914,0.89987,0.89829,0.89937,6961
2024-03-26 04:00:00,0.89936,0.90057,0.89901,0.90042,6840
2024-03-26 08:00:00,0.90043,0.90176,0.89953,0.90094,10716
2024-03-26 12:00:00,0.90094,0.90391,0.90012,0.90333,13419
2024-03-26 16:00:00,0.90333,0.90433,0.90202,0.90366,13970
2024-03-26 20:00:00,0.90365,0.90413,0.90304,0.90392,5845
2024-03-27 00:00:00,0.90367,0.90396,0.90285,0.90355,4767
2024-03-27 04:00:00,0.90357,0.90422,0.90326,0.90388,6068
2024-03-27 08:00:00,0.90387,0.90628,0.90369,0.90529,10193
2024-03-27 12:00:00,0.90525,0.90707,0.90377,0.90676,14854
2024-03-27 16:00:00,0.90675,0.90714,0.9047,0.90486,10974
2024-03-27 20:00:00,0.90486,0.90598,0.90368,0.90373,6241
2024-03-28 00:00:00,0.90395,0.90643,0.90315,0.90567,6393
2024-03-28 04:00:00,0.90568,0.90593,0.90431,0.90487,8417
2024-03-28 08:00:00,0.90488,0.90647,0.90457,0.90606,12181
2024-03-28 12:00:00,0.9061,0.90641,0.90352,0.90359,13853
2024-03-28 16:00:00,0.90359,0.90375,0.89993,0.9008,18232
2024-03-28 20:00:00,0.9008,0.90225,0.90048,0.90156,7040
2024-03-29 00:00:00,0.90141,0.90239,0.90067,0.90195,16215
2024-03-29 04:00:00,0.90195,0.90277,0.90155,0.90203,3093
2024-03-29 08:00:00,0.90203,0.90273,0.90065,0.90123,8499
2024-03-29 12:00:00,0.90136,0.90204,0.90078,0.90121,14367
2024-03-29 16:00:00,0.90121,0.90226,0.90091,0.90216,15888
2024-03-29 20:00:00,0.90207,0.90253,0.90081,0.90101,4777
2024-04-01 00:00:00,0.90108,0.90234,0.90064,0.90189,7184
2024-04-01 04:00:00,0.90186,0.90237,0.90142,0.90184,8688
2024-04-01 08:00:00,0.90186,0.90207,0.9005,0.90086,8074
2024-04-01 12:00:00,0.90086,0.90289,0.90062,0.90221,8995
2024-04-01 16:00:00,0.90223,0.90568,0.90201,0.90493,15001
2024-04-01 20:00:00,0.90491,0.9053,0.90411,0.90429,6686
2024-04-02 00:00:00,0.90446,0.90561,0.90345,0.9052,6975
2024-04-02 04:00:00,0.90523,0.90641,0.90508,0.90632,5197
2024-04-02 08:00:00,0.90635,0.90894,0.90612,0.90848,10959
2024-04-02 12:00:00,0.90849,0.90907,0.90734,0.90798,12702
2024-04-02 16:00:00,0.90799,0.90819,0.90533,0.90709,18070
2024-04-02 20:00:00,0.90709,0.90871,0.90705,0.90798,5301
2024-04-03 00:00:00,0.90755,0.90819,0.90711,0.90813,5857
2024-04-03 04:00:00,0.90814,0.90853,0.90768,0.9082,5684
2024-04-03 08:00:00,0.9082,0.90954,0.90792,0.90822,9335
2024-04-03 12:00:00,0.90822,0.90924,0.90759,0.90894,10827
2024-04-03 16:00:00,0.90893,0.90902,0.90295,0.90383,18435
2024-04-03 20:00:00,0.90385,0.90431,0.90279,0.90282,7142
2024-04-04 00:00:00,0.90288,0.90327,0.90238,0.9027,4641
2024-04-04 04:00:00,0.90271,0.90345,0.90265,0.90341,4653
2024-04-04 08:00:00,0.90341,0.90741,0.90262,0.90587,12037
2024-04-04 12:00:00,0.90586,0.90748,0.90479,0.90481,9216
2024-04-04 16:00:00,0.90481,0.90565,0.90381,0.90449,12224
2024-04-04 20:00:00,0.90448,0.90501,0.90084,0.90123,12959
2024-04-05 00:00:00,0.90079,0.90216,0.90028,0.90139,8309
2024-04-05 04:00:00,0.9014,0.90277,0.90128,0.90261,7442
2024-04-05 08:00:00,0.90261,0.9045,0.90153,0.90344,11670
2024-04-05 12:00:00,0.90344,0.90707,0.90263,0.90536,13046
2024-04-05 16:00:00,0.90534,0.9061,0.89976,0.90138,20050
2024-04-05 20:00:00,0.90137,0.90261,0.90098,0.90223,8950
2024-04-08 00:00:00,0.90039,0.90405,0.90021,0.90398,10172
2024-04-08 04:00:00,0.90401,0.90419,0.90234,0.904,12802
2024-04-08 08:00:00,0.90399,0.90592,0.90296,0.90565,14548
2024-04-08 12:00:00,0.90565,0.90654,0.90474,0.90488,10809
2024-04-08 16:00:00,0.90486,0.90619,0.90398,0.90561,13807
2024-04-08 20:00:00,0.90561,0.9059,0.90429,0.9056,5707
2024-04-09 00:00:00,0.9047,0.90563,0.90427,0.9055,7498
2024-04-09 04:00:00,0.90551,0.90561,0.90471,0.90485,5295
2024-04-09 08:00:00,0.90485,0.90523,0.90404,0.90449,7430
2024-04-09 12:00:00,0.9045,0.90457,0.90168,0.90194,13841
2024-04-09 16:00:00,0.90193,0.90388,0.90125,0.90343,14647
2024-04-09 20:00:00,0.90343,0.90412,0.90329,0.90351,6412
2024-04-10 00:00:00,0.9028,0.90358,0.90244,0.90334,6433
2024-04-10 04:00:00,0.90335,0.90405,0.90316,0.90382,5652
2024-04-10 08:00:00,0.90385,0.90428,0.90291,0.90367,9129
2024-04-10 12:00:00,0.90366,0.90978,0.90244,0.90898,15924
2024-04-10 16:00:00,0.90895,0.91422,0.90895,0.91414,24762
2024-04-10 20:00:00,0.91413,0.91472,0.91143,0.91274,15789
2024-04-11 00:00:00,0.91281,0.91356,0.91212,0.91314,9119
2024-04-11 04:00:00,0.91314,0.91325,0.91228,0.91252,6468
2024-04-11 08:00:00,0.91251,0.91464,0.91228,0.9138,14248
2024-04-11 12:00:00,0.9138,0.91404,0.90743,0.90882,20722
2024-04-11 16:00:00,0.90883,0.91237,0.90879,0.91047,21967
2024-04-11 20:00:00,0.91048,0.9106,0.90861,0.90988,9460
2024-04-12 00:00:00,0.90973,0.91045,0.90898,0.90966,6008
2024-04-12 04:00:00,0.90968,0.91123,0.90932,0.9112,9645
2024-04-12 08:00:00,0.91119,0.91308,0.91065,0.91267,14498
2024-04-12 12:00:00,0.91266,0.91369,0.91068,0.91137,16300
2024-04-12 16:00:00,0.91137,0.91273,0.91033,0.91247,25410
2024-04-12 20:00:00,0.91246,0.91443,0.91209,0.91438,8981
2024-04-15 00:00:00,0.91187,0.91435,0.91132,0.91425,14232
2024-04-15 04:00:00,0.91425,0.91475,0.91315,0.91418,10056
2024-04-15 08:00:00,0.91415,0.91437,0.91211,0.91287,13609
2024-04-15 12:00:00,0.91287,0.91512,0.91217,0.91343,14941
2024-04-15 16:00:00,0.91341,0.91519,0.91273,0.91335,19171
2024-04-15 20:00:00,0.91336,0.91347,0.91185,0.91188,12660
2024-04-16 00:00:00,0.91148,0.91283,0.91092,0.91281,6394
2024-04-16 04:00:00,0.91281,0.91366,0.91241,0.91281,9347
2024-04-16 08:00:00,0.91279,0.91418,0.91171,0.91333,14837
2024-04-16 12:00:00,0.91335,0.9135,0.91111,0.91196,15123
2024-04-16 16:00:00,0.91196,0.91371,0.91176,0.91244,18990
2024-04-16 20:00:00,0.91244,0.91396,0.91188,0.91297,15697
2024-04-17 00:00:00,0.91282,0.91308,0.91213,0.91229,6308
2024-04-17 04:00:00,0.91229,0.91258,0.91181,0.91235,7240
2024-04-17 08:00:00,0.91235,0.91323,0.90933,0.90993,13310
2024-04-17 12:00:00,0.90994,0.91181,0.90975,0.91165,12601
2024-04-17 16:00:00,0.91167,0.91313,0.91054,0.91093,17481
2024-04-17 20:00:00,0.91093,0.91111,0.90955,0.91068,12750
2024-04-18 00:00:00,0.91056,0.91099,0.91009,0.91043,5864
2024-04-18 04:00:00,0.91043,0.91091,0.90956,0.91007,7938
2024-04-18 08:00:00,0.91008,0.9102,0.9081,0.90859,11908
2024-04-18 12:00:00,0.90861,0.91026,0.90819,0.90955,12080
2024-04-18 16:00:00,0.90956,0.91217,0.90933,0.91177,15440
2024-04-18 20:00:00,0.91177,0.91255,0.91128,0.91249,6922
2024-04-19 00:00:00,0.91213,0.91309,0.91181,0.91195,6982
2024-04-19 04:00:00,0.91196,0.91198,0.9011,0.90824,31413
2024-04-19 08:00:00,0.90823,0.90947,0.90698,0.90845,22730
2024-04-19 12:00:00,0.90843,0.90947,0.90714,0.90795,15513
2024-04-19 16:00:00,0.90795,0.91011,0.90742,0.90994,17597
2024-04-19 20:00:00,0.90992,0.9106,0.90931,0.91013,8322
2024-04-22 00:00:00,0.90946,0.91128,0.90919,0.911,9489
2024-04-22 04:00:00,0.91101,0.91229,0.91014,0.91165,9827
2024-04-22 08:00:00,0.91166,0.91221,0.90982,0.91086,12435
2024-04-22 12:00:00,0.91086,0.91193,0.9105,0.9112,12980
2024-04-22 16:00:00,0.91119,0.91239,0.91055,0.91164,12515
2024-04-22 20:00:00,0.91164,0.91203,0.91068,0.91187,5680
2024-04-23 00:00:00,0.91167,0.91209,0.91092,0.91145,13530
2024-04-23 04:00:00,0.91146,0.9123,0.91125,0.91225,6715
2024-04-23 08:00:00,0.91227,0.91299,0.90992,0.91184,11382
2024-04-23 12:00:00,0.91184,0.91248,0.91068,0.91138,11057
2024-04-23 16:00:00,0.91139,0.9124,0.90867,0.91165,17860
2024-04-23 20:00:00,0.91165,0.91199,0.91057,0.91187,6701
2024-04-24 00:00:00,0.91186,0.912,0.91093,0.91153,4776
2024-04-24 04:00:00,0.91153,0.91187,0.9113,0.9117,6793
2024-04-24 08:00:00,0.91169,0.9147,0.91162,0.91428,10510
2024-04-24 12:00:00,0.91428,0.9153,0.91328,0.9133,9020
2024-04-24 16:00:00,0.9133,0.91434,0.91201,0.9139,14158
2024-04-24 20:00:00,0.91391,0.91524,0.91308,0.91524,6535
2024-04-25 00:00:00,0.91498,0.91509,0.91396,0.91441,6110
2024-04-25 04:00:00,0.9144,0.91485,0.91398,0.91445,5782
2024-04-25 08:00:00,0.91443,0.91447,0.9125,0.91257,9643
2024-04-25 12:00:00,0.91258,0.91555,0.91188,0.9152,13453
2024-04-25 16:00:00,0.91518,0.91565,0.91269,0.91289,17723
2024-04-25 20:00:00,0.91291,0.91302,0.9117,0.9123,9081
2024-04-26 00:00:00,0.91209,0.91321,0.91142,0.91281,7606
2024-04-26 04:00:00,0.9128,0.91343,0.91256,0.91317,6840
2024-04-26 08:00:00,0.91316,0.91333,0.90957,0.91154,13963
2024-04-26 12:00:00,0.91156,0.91338,0.91038,0.91296,15324
2024-04-26 16:00:00,0.91295,0.91501,0.91199,0.9139,18019
2024-04-26 20:00:00,0.91389,0.91475,0.91307,0.91443,5301
2024-04-29 00:00:00,0.91356,0.91423,0.91268,0.91312,5021
2024-04-29 04:00:00,0.91312,0.91523,0.9101,0.91068,13267
2024-04-29 08:00:00,0.91069,0.91305,0.90965,0.91159,17902
2024-04-29 12:00:00,0.91159,0.91231,0.91106,0.91207,10099
2024-04-29 16:00:00,0.91207,0.91325,0.90878,0.90981,13641
2024-04-29 20:00:00,0.90979,0.91074,0.90962,0.91051,6533
2024-04-30 00:00:00,0.90989,0.91134,0.90933,0.91106,7091
2024-04-30 04:00:00,0.91105,0.91192,0.91078,0.91131,6526
2024-04-30 08:00:00,0.91132,0.91371,0.91124,0.91237,10790
2024-04-30 12:00:00,0.91236,0.91544,0.91045,0.91484,13729
2024-04-30 16:00:00,0.91483,0.91846,0.9129,0.91771,20158
2024-04-30 20:00:00,0.91766,0.9195,0.91725,0.91935,6128
2024-05-01 00:00:00,0.91909,0.92,0.91783,0.91997,5725
2024-05-01 04:00:00,0.91994,0.92159,0.91972,0.92122,3695
2024-05-01 08:00:00,0.92122,0.92242,0.92065,0.92105,7830
2024-05-01 12:00:00,0.92104,0.92123,0.91918,0.91966,8503
2024-05-01 16:00:00,0.91967,0.92021,0.91867,0.9201,11870
2024-05-01 20:00:00,0.9201,0.92077,0.91454,0.91503,25103
2024-05-02 00:00:00,0.9162,0.91709,0.91495,0.9168,10025
2024-05-02 04:00:00,0.91681,0.91732,0.91617,0.91636,7172
2024-05-02 08:00:00,0.91637,0.91663,0.90983,0.91264,15259
2024-05-02 12:00:00,0.91265,0.91291,0.91085,0.91211,12891
2024-05-02 16:00:00,0.91207,0.9138,0.91099,0.91151,16552
2024-05-02 20:00:00,0.91152,0.91195,0.90975,0.91071,6779
2024-05-03 00:00:00,0.91032,0.91049,0.90941,0.90953,5809
2024-05-03 04:00:00,0.90954,0.90975,0.9088,0.9095,5086
2024-05-03 08:00:00,0.90951,0.90958,0.907,0.90783,9150
2024-05-03 12:00:00,0.90783,0.90792,0.90056,0.903,13934
2024-05-03 16:00:00,0.90304,0.90619,0.90196,0.9057,24789
2024-05-03 20:00:00,0.90568,0.90594,0.90463,0.90493,5436
2024-05-06 00:00:00,0.90485,0.90608,0.90412,0.90562,4355
2024-05-06 04:00:00,0.90562,0.90623,0.90503,0.90601,5510
2024-05-06 08:00:00,0.90603,0.90635,0.90418,0.90468,7580
2024-05-06 12:00:00,0.90469,0.906,0.90374,0.90379,8002
2024-05-06 16:00:00,0.90379,0.90631,0.90357,0.90607,7355
2024-05-06 20:00:00,0.90605,0.9066,0.90579,0.90615,3797
2024-05-07 00:00:00,0.90558,0.90694,0.90498,0.90606,5110
2024-05-07 04:00:00,0.90608,0.90765,0.90582,0.90711,4596
2024-05-07 08:00:00,0.90711,0.90802,0.90601,0.90777,8016
2024-05-07 12:00:00,0.90778,0.90862,0.90652,0.90662,7750
2024-05-07 16:00:00,0.90661,0.90799,0.90578,0.90766,8770
2024-05-07 20:00:00,0.90765,0.90935,0.90753,0.90837,4691
2024-05-08 00:00:00,0.90789,0.90877,0.90789,0.90868,3916
2024-05-08 04:00:00,0.9087,0.90932,0.90844,0.90914,4110
2024-05-08 08:00:00,0.90915,0.90959,0.9083,0.90832,6885
2024-05-08 12:00:00,0.90832,0.90925,0.90784,0.90839,7217
2024-05-08 16:00:00,0.90841,0.90893,0.9073,0.90809,8616
2024-05-08 20:00:00,0.90806,0.90825,0.90759,0.90803,3188
2024-05-09 00:00:00,0.9077,0.90846,0.9072,0.90845,3900
2024-05-09 04:00:00,0.90845,0.90854,0.90796,0.90839,4013
2024-05-09 08:00:00,0.90838,0.90946,0.90822,0.90944,6505
2024-05-09 12:00:00,0.90945,0.90987,0.90643,0.90727,9947
2024-05-09 16:00:00,0.90726,0.90823,0.90601,0.90672,10146
2024-05-09 20:00:00,0.90671,0.90682,0.90558,0.90591,3993
2024-05-10 00:00:00,0.90542,0.90655,0.90516,0.90631,5141
2024-05-10 04:00:00,0.90632,0.907,0.90594,0.90661,4307
2024-05-10 08:00:00,0.90663,0.90705,0.90558,0.90631,7520
2024-05-10 12:00:00,0.90629,0.90788,0.90591,0.90753,7499
2024-05-10 16:00:00,0.90754,0.90854,0.90595,0.90607,10619
2024-05-10 20:00:00,0.90606,0.90653,0.90559,0.90649,3695
2024-05-13 00:00:00,0.90589,0.90665,0.90514,0.90642,3300
2024-05-13 04:00:00,0.90641,0.90696,0.90631,0.90687,4802
2024-05-13 08:00:00,0.90689,0.90703,0.9062,0.90648,8553
2024-05-13 12:00:00,0.90647,0.90754,0.90533,0.90554,10727
2024-05-13 16:00:00,0.90553,0.90771,0.90453,0.90732,13200
2024-05-13 20:00:00,0.90733,0.90872,0.90731,0.90824,6027
2024-05-14 00:00:00,0.90779,0.90861,0.90779,0.90834,5595
2024-05-14 04:00:00,0.90836,0.90883,0.90821,0.90862,5388
2024-05-14 08:00:00,0.90861,0.90876,0.90741,0.90748,7486
2024-05-14 12:00:00,0.90749,0.91021,0.90705,0.90739,12218
2024-05-14 16:00:00,0.9074,0.90784,0.90548,0.90654,15451
2024-05-14 20:00:00,0.90653,0.90695,0.90638,0.90649,4799
2024-05-15 00:00:00,0.90579,0.90705,0.90569,0.90654,7280
2024-05-15 04:00:00,0.90654,0.90661,0.90581,0.90615,3858
2024-05-15 08:00:00,0.90614,0.90618,0.90443,0.90497,8721
2024-05-15 12:00:00,0.90497,0.90578,0.90146,0.90354,14154
2024-05-15 16:00:00,0.90354,0.90632,0.90273,0.90293,19018
2024-05-15 20:00:00,0.90294,0.90355,0.90195,0.90224,7371
2024-05-16 00:00:00,0.90207,0.90244,0.8988,0.89895,9344
2024-05-16 04:00:00,0.89894,0.90075,0.89891,0.90066,8771
2024-05-16 08:00:00,0.90065,0.90222,0.8998,0.90207,9953
2024-05-16 12:00:00,0.90207,0.90444,0.90164,0.90439,10571
2024-05-16 16:00:00,0.90439,0.90571,0.90393,0.90467,11502
2024-05-16 20:00:00,0.90465,0.90626,0.90435,0.90612,5100
2024-05-17 00:00:00,0.90546,0.90725,0.90473,0.9068,5705
2024-05-17 04:00:00,0.90679,0.90735,0.90665,0.90725,5659
2024-05-17 08:00:00,0.90725,0.9098,0.9064,0.90896,8660
2024-05-17 12:00:00,0.90895,0.90977,0.90849,0.90873,7792
2024-05-17 16:00:00,0.90872,0.90905,0.90671,0.90798,11411
2024-05-17 20:00:00,0.90797,0.90912,0.9075,0.90908,4699
2024-05-20 00:00:00,0.9087,0.90943,0.90778,0.90921,3715
2024-05-20 04:00:00,0.90921,0.90971,0.90897,0.90924,5174
2024-05-20 08:00:00,0.90923,0.90999,0.90863,0.90889,7383
2024-05-20 12:00:00,0.9089,0.91085,0.90854,0.91053,7927
2024-05-20 16:00:00,0.91054,0.91058,0.90789,0.90931,10208
2024-05-20 20:00:00,0.90932,0.91086,0.90913,0.91058,5693
2024-05-21 00:00:00,0.91001,0.9107,0.90929,0.91066,6514
2024-05-21 04:00:00,0.91067,0.91162,0.9106,0.91075,5372
2024-05-21 08:00:00,0.91075,0.91087,0.90957,0.90998,7919
2024-05-21 12:00:00,0.90997,0.91009,0.90869,0.90996,8902
2024-05-21 16:00:00,0.90995,0.91131,0.90897,0.91061,16881
2024-05-21 20:00:00,0.91061,0.91141,0.91057,0.91095,5920
2024-05-22 00:00:00,0.91099,0.91129,0.91056,0.9111,4230
2024-05-22 04:00:00,0.91112,0.9116,0.91067,0.9115,5815
2024-05-22 08:00:00,0.91151,0.91344,0.91089,0.91277,9126
2024-05-22 12:00:00,0.91278,0.91581,0.91272,0.91434,10271
2024-05-22 16:00:00,0.91434,0.9146,0.91326,0.91378,12366
2024-05-22 20:00:00,0.91378,0.91573,0.91375,0.91571,9624
2024-05-23 00:00:00,0.9155,0.9155,0.91426,0.91515,5539
2024-05-23 04:00:00,0.91515,0.91533,0.91428,0.91462,5804
2024-05-23 08:00:00,0.91462,0.91539,0.91396,0.9146,11117
2024-05-23 12:00:00,0.9146,0.91462,0.91263,0.91342,9765
2024-05-23 16:00:00,0.91342,0.91519,0.91262,0.91484,20254
2024-05-23 20:00:00,0.91484,0.91521,0.91416,0.91444,8779
2024-05-24 00:00:00,0.91396,0.91512,0.91367,0.91468,12591
2024-05-24 04:00:00,0.91468,0.91544,0.91448,0.91522,4409
2024-05-24 08:00:00,0.91523,0.91555,0.91428,0.91483,7200
2024-05-24 12:00:00,0.91484,0.9158,0.91428,0.91466,8321
2024-05-24 16:00:00,0.91466,0.91513,0.91337,0.91425,11079
2024-05-24 20:00:00,0.91424,0.91478,0.91379,0.91472,4665
2024-05-27 00:00:00,0.91355,0.91462,0.91342,0.91452,2854
2024-05-27 04:00:00,0.91452,0.91461,0.91401,0.91439,4253
2024-05-27 08:00:00,0.91438,0.91536,0.91418,0.91449,5562
2024-05-27 12:00:00,0.91451,0.9153,0.91332,0.91473,7413
2024-05-27 16:00:00,0.91472,0.91481,0.91322,0.91353,7723
2024-05-27 20:00:00,0.91353,0.9137,0.91339,0.91363,3353
2024-05-28 00:00:00,0.91341,0.9139,0.9126,0.91291,9127
2024-05-28 04:00:00,0.91292,0.91296,0.91168,0.91204,6573
2024-05-28 08:00:00,0.91205,0.91247,0.911,0.91201,8741
2024-05-28 12:00:00,0.91202,0.91215,0.90853,0.90996,10457
2024-05-28 16:00:00,0.90998,0.91167,0.90931,0.91097,15027
2024-05-28 20:00:00,0.91096,0.91246,0.91095,0.91242,8703
2024-05-29 00:00:00,0.91214,0.91269,0.91119,0.91238,9816
2024-05-29 04:00:00,0.91241,0.91274,0.91183,0.9125,5194
2024-05-29 08:00:00,0.91249,0.91319,0.91174,0.91271,10145
2024-05-29 12:00:00,0.91272,0.91434,0.91126,0.91166,11401
2024-05-29 16:00:00,0.91165,0.91402,0.91161,0.91357,14682
2024-05-29 20:00:00,0.91359,0.91395,0.91311,0.91316,8065
2024-05-30 00:00:00,0.91282,0.91365,0.9128,0.9135,5219
2024-05-30 04:00:00,0.9135,0.91408,0.9127,0.91293,7397
2024-05-30 08:00:00,0.91295,0.91309,0.90697,0.90705,15138
2024-05-30 12:00:00,0.90704,0.90772,0.90479,0.90497,14750
2024-05-30 16:00:00,0.90497,0.90565,0.90309,0.90386,14928
2024-05-30 20:00:00,0.90385,0.90398,0.90308,0.90329,5984
2024-05-31 00:00:00,0.90322,0.90361,0.90238,0.90282,5657
2024-05-31 04:00:00,0.90281,0.90427,0.90258,0.90396,8061
2024-05-31 08:00:00,0.90397,0.906,0.90388,0.90598,11107
2024-05-31 12:00:00,0.90599,0.90691,0.90284,0.90316,13959
2024-05-31 16:00:00,0.90316,0.90405,0.90022,0.90326,18742
2024-05-31 20:00:00,0.90328,0.90342,0.90209,0.90234,7181
2024-06-03 00:00:00,0.90243,0.90272,0.90078,0.90102,5925
2024-06-03 04:00:00,0.90099,0.90165,0.90048,0.9014,6184
2024-06-03 08:00:00,0.90143,0.9031,0.90095,0.9027,10884
2024-06-03 12:00:00,0.90269,0.90355,0.9004,0.90109,11786
2024-06-03 16:00:00,0.9011,0.90127,0.89502,0.89551,17710
2024-06-03 20:00:00,0.89551,0.89637,0.8951,0.89576,7301
2024-06-04 00:00:00,0.89498,0.89587,0.89462,0.8952,6158
2024-06-04 04:00:00,0.89519,0.89606,0.89519,0.89565,5325
2024-06-04 08:00:00,0.89566,0.89718,0.89334,0.89513,14852
2024-06-04 12:00:00,0.89513,0.89594,0.89221,0.89332,16397
2024-06-04 16:00:00,0.89332,0.89374,0.88908,0.88924,19035
2024-06-04 20:00:00,0.88927,0.89022,0.88842,0.89012,7003
2024-06-05 00:00:00,0.88975,0.89074,0.8896,0.89046,5947
2024-06-05 04:00:00,0.89047,0.89106,0.8902,0.89096,3623
2024-06-05 08:00:00,0.89096,0.89313,0.89084,0.89217,7970
2024-06-05 12:00:00,0.89217,0.89295,0.89167,0.89194,8014
2024-06-05 16:00:00,0.89195,0.89487,0.89132,0.89381,14981
2024-06-05 20:00:00,0.89382,0.89432,0.89298,0.89353,4173
2024-06-06 00:00:00,0.89303,0.8936,0.89138,0.89141,4813
2024-06-06 04:00:00,0.89143,0.89143,0.89032,0.89107,4941
2024-06-06 08:00:00,0.89107,0.89306,0.89078,0.89202,6975
2024-06-06 12:00:00,0.89203,0.89211,0.89023,0.89173,10046
2024-06-06 16:00:00,0.89174,0.89292,0.89113,0.89153,10883
2024-06-06 20:00:00,0.89151,0.89189,0.88924,0.88929,4770
2024-06-07 00:00:00,0.88894,0.89039,0.88888,0.89022,6002
2024-06-07 04:00:00,0.89021,0.89063,0.88954,0.88983,4547
2024-06-07 08:00:00,0.88982,0.89021,0.88808,0.88937,8281
2024-06-07 12:00:00,0.88938,0.89583,0.88884,0.8953,13058
2024-06-07 16:00:00,0.89531,0.89728,0.89514,0.89611,16704
2024-06-07 20:00:00,0.89611,0.89679,0.89608,0.8966,4936
2024-06-10 00:00:00,0.89614,0.89767,0.89556,0.89669,6578
2024-06-10 04:00:00,0.89667,0.89791,0.89648,0.89741,4882
2024-06-10 08:00:00,0.89739,0.89828,0.89661,0.89692,9823
2024-06-10 12:00:00,0.89692,0.89707,0.89543,0.89679,8512
2024-06-10 16:00:00,0.89679,0.8975,0.89601,0.89676,9069
2024-06-10 20:00:00,0.89675,0.89689,0.89614,0.89653,4646
2024-06-11 00:00:00,0.89591,0.89708,0.89563,0.89694,4543
2024-06-11 04:00:00,0.89695,0.89706,0.89643,0.89663,3210
2024-06-11 08:00:00,0.89663,0.89735,0.89589,0.89679,6515
2024-06-11 12:00:00,0.8968,0.89744,0.89605,0.89717,10581
2024-06-11 16:00:00,0.89718,0.8993,0.8971,0.89841,9728
2024-06-11 20:00:00,0.89841,0.89854,0.89677,0.89764,4929
2024-06-12 00:00:00,0.89751,0.89832,0.89721,0.89825,4344
2024-06-12 04:00:00,0.89826,0.89832,0.89742,0.89784,4603
2024-06-12 08:00:00,0.89784,0.8979,0.89644,0.89661,5554
2024-06-12 12:00:00,0.89667,0.89688,0.88931,0.89045,8010
2024-06-12 16:00:00,0.8905,0.89288,0.89025,0.89129,11281
2024-06-12 20:00:00,0.89128,0.89494,0.89048,0.8944,10992
2024-06-13 00:00:00,0.89362,0.89464,0.8932,0.894,3288
2024-06-13 04:00:00,0.89401,0.89546,0.89386,0.89544,3250
2024-06-13 08:00:00,0.89543,0.89603,0.89483,0.89542,5239
2024-06-13 12:00:00,0.89542,0.8967,0.89322,0.89466,8317
2024-06-13 16:00:00,0.89467,0.89591,0.89317,0.89464,10659
2024-06-13 20:00:00,0.89466,0.89466,0.89337,0.8938,4515
2024-06-14 00:00:00,0.89348,0.89419,0.89319,0.89395,3125
2024-06-14 04:00:00,0.89394,0.89435,0.89319,0.8942,5095
2024-06-14 08:00:00,0.89421,0.89477,0.89115,0.89211,9586
2024-06-14 12:00:00,0.89212,0.8944,0.8916,0.89237,10699
2024-06-14 16:00:00,0.89237,0.89269,0.88969,0.89056,10284
2024-06-14 20:00:00,0.89057,0.89064,0.88945,0.89025,3318
2024-06-17 00:00:00,0.88979,0.89094,0.88882,0.8905,3811
2024-06-17 04:00:00,0.8905,0.89091,0.89033,0.89042,4201
2024-06-17 08:00:00,0.8904,0.89189,0.89027,0.89182,8078
2024-06-17 12:00:00,0.8918,0.89321,0.89169,0.89292,7671
2024-06-17 16:00:00,0.89288,0.8929,0.89082,0.89093,7318
2024-06-17 20:00:00,0.89093,0.891,0.88959,0.88963,3089
2024-06-18 00:00:00,0.88932,0.88977,0.88798,0.88817,3444
2024-06-18 04:00:00,0.88815,0.88968,0.88809,0.88964,4011
2024-06-18 08:00:00,0.88966,0.88998,0.88859,0.88889,6539
2024-06-18 12:00:00,0.88888,0.88897,0.88509,0.88524,8017
2024-06-18 16:00:00,0.88522,0.88535,0.88265,0.88401,9670
2024-06-18 20:00:00,0.88402,0.88466,0.88359,0.88415,4122
2024-06-19 00:00:00,0.88354,0.88445,0.88354,0.88417,4961
2024-06-19 04:00:00,0.88419,0.88442,0.8838,0.8843,3092
2024-06-19 08:00:00,0.88431,0.88478,0.88337,0.88424,6156
2024-06-19 12:00:00,0.88424,0.88541,0.8837,0.88407,6073
2024-06-19 16:00:00,0.88407,0.88441,0.88359,0.88424,3764
2024-06-19 20:00:00,0.88423,0.88475,0.88421,0.88439,1267
2024-06-20 00:00:00,0.88368,0.88448,0.88342,0.88401,3431
2024-06-20 04:00:00,0.88402,0.88407,0.88341,0.88383,3258
2024-06-20 08:00:00,0.88382,0.89113,0.88321,0.8894,8328
2024-06-20 12:00:00,0.88941,0.89188,0.88901,0.89174,9898
2024-06-20 16:00:00,0.89173,0.89258,0.89011,0.89126,8447
2024-06-20 20:00:00,0.89126,0.89143,0.89031,0.89132,3856
2024-06-21 00:00:00,0.89087,0.89196,0.89087,0.89192,3574
2024-06-21 04:00:00,0.89191,0.89204,0.89107,0.89108,3896
2024-06-21 08:00:00,0.89109,0.89255,0.89046,0.892,8000
2024-06-21 12:00:00,0.89201,0.89291,0.89167,0.89253,6157
2024-06-21 16:00:00,0.89254,0.89442,0.89225,0.89431,8903
2024-06-21 20:00:00,0.89434,0.89443,0.89398,0.89421,2680
2024-06-24 00:00:00,0.89308,0.89451,0.89303,0.8938,3472
2024-06-24 04:00:00,0.89381,0.89408,0.89319,0.89359,3582
2024-06-24 08:00:00,0.89358,0.89414,0.89308,0.89391,5406
2024-06-24 12:00:00,0.8939,0.89412,0.89214,0.89249,7338
2024-06-24 16:00:00,0.89248,0.89412,0.89218,0.89398,8015
2024-06-24 20:00:00,0.89401,0.89416,0.8927,0.89285,3356
2024-06-25 00:00:00,0.89239,0.89329,0.89175,0.89185,3586
2024-06-25 04:00:00,0.89186,0.89254,0.89166,0.89189,3939
2024-06-25 08:00:00,0.89188,0.89383,0.89127,0.89359,5736
2024-06-25 12:00:00,0.89363,0.89421,0.89272,0.89418,5966
2024-06-25 16:00:00,0.89413,0.89496,0.89374,0.89494,6564
2024-06-25 20:00:00,0.89491,0.89524,0.89424,0.89465,2739
2024-06-26 00:00:00,0.89438,0.89567,0.89435,0.89535,3485
2024-06-26 04:00:00,0.89534,0.89536,0.89461,0.89502,4242
2024-06-26 08:00:00,0.89505,0.89721,0.89499,0.89714,5033
2024-06-26 12:00:00,0.89713,0.89829,0.8958,0.89624,7085
2024-06-26 16:00:00,0.89621,0.89775,0.89529,0.89754,9938
2024-06-26 20:00:00,0.89755,0.89767,0.89684,0.89739,3423
2024-06-27 00:00:00,0.89675,0.89748,0.89675,0.89729,4026
2024-06-27 04:00:00,0.89729,0.89737,0.89662,0.89669,4101
2024-06-27 08:00:00,0.89666,0.898,0.89648,0.89767,6384
2024-06-27 12:00:00,0.89761,0.89798,0.89601,0.89629,9501
2024-06-27 16:00:00,0.89626,0.89841,0.89571,0.89806,11157
2024-06-27 20:00:00,0.89805,0.89882,0.89781,0.89881,4904
2024-06-28 00:00:00,0.89862,0.89952,0.89793,0.8995,3853
2024-06-28 04:00:00,0.89951,0.9,0.8991,0.89948,6305
2024-06-28 08:00:00,0.89947,0.90018,0.89856,0.89947,7693
2024-06-28 12:00:00,0.89946,0.9004,0.89851,0.89938,11017
2024-06-28 16:00:00,0.89939,0.90096,0.89791,0.89846,16420
2024-06-28 20:00:00,0.89845,0.89884,0.89791,0.89864,4612
2024-07-01 00:00:00,0.89725,0.90046,0.89705,0.89948,7595
2024-07-01 04:00:00,0.89948,0.89985,0.89887,0.89958,5221
2024-07-01 08:00:00,0.89958,0.90079,0.8984,0.90024,10164
2024-07-01 12:00:00,0.90025,0.90243,0.89962,0.90234,8735
2024-07-01 16:00:00,0.90233,0.90444,0.89989,0.90352,12763
2024-07-01 20:00:00,0.9035,0.904,0.90275,0.90282,3624
2024-07-02 00:00:00,0.9025,0.90358,0.9023,0.9033,4635
2024-07-02 04:00:00,0.90329,0.90408,0.90303,0.90398,3670
2024-07-02 08:00:00,0.90397,0.90469,0.90349,0.9042,7553
2024-07-02 12:00:00,0.9042,0.90432,0.90357,0.90424,6682
2024-07-02 16:00:00,0.90423,0.90495,0.90314,0.90446,13482
2024-07-02 20:00:00,0.90448,0.90478,0.90363,0.90393,3593
2024-07-03 00:00:00,0.90353,0.90395,0.90328,0.9038,3503
2024-07-03 04:00:00,0.90381,0.90435,0.90378,0.9042,3445
2024-07-03 08:00:00,0.90421,0.90502,0.90339,0.90363,6617
2024-07-03 12:00:00,0.90362,0.90381,0.90256,0.90264,8349
2024-07-03 16:00:00,0.90263,0.90283,0.89852,0.90069,14839
2024-07-03 20:00:00,0.9007,0.90187,0.90066,0.90138,3583
2024-07-04 00:00:00,0.90058,0.90173,0.90013,0.90064,5573
2024-07-04 04:00:00,0.90064,0.90116,0.90029,0.90105,3896
2024-07-04 08:00:00,0.90103,0.90394,0.90001,0.90131,10283
2024-07-04 12:00:00,0.9013,0.90132,0.89913,0.89995,7560
2024-07-04 16:00:00,0.89995,0.90054,0.89938,0.89985,6187
2024-07-04 20:00:00,0.89985,0.90003,0.89967,0.90001,2188
2024-07-05 00:00:00,0.89993,0.90032,0.8995,0.89972,2921
2024-07-05 04:00:00,0.89973,0.89981,0.89826,0.89848,4739
2024-07-05 08:00:00,0.89849,0.89897,0.89789,0.89829,6283
2024-07-05 12:00:00,0.8983,0.90055,0.89733,0.89798,11467
2024-07-05 16:00:00,0.89798,0.89908,0.89698,0.89755,15692
2024-07-05 20:00:00,0.89756,0.89757,0.89537,0.89571,4228
2024-07-08 00:00:00,0.8956,0.89567,0.89432,0.8955,5766
2024-07-08 04:00:00,0.89551,0.89571,0.89489,0.89501,4672
2024-07-08 08:00:00,0.89501,0.89568,0.89445,0.89546,9048
2024-07-08 12:00:00,0.89546,0.89671,0.89521,0.89621,8180
2024-07-08 16:00:00,0.89622,0.89727,0.89559,0.89715,9013
2024-07-08 20:00:00,0.89714,0.89766,0.89674,0.89763,2622
2024-07-09 00:00:00,0.89747,0.89828,0.89678,0.89818,3143
2024-07-09 04:00:00,0.89819,0.89904,0.89798,0.89822,3986
2024-07-09 08:00:00,0.89822,0.89877,0.89786,0.8985,6188
2024-07-09 12:00:00,0.89851,0.89853,0.89735,0.89805,7646
2024-07-09 16:00:00,0.89804,0.8986,0.89682,0.89774,13314
2024-07-09 20:00:00,0.89774,0.89797,0.89725,0.89764,4801
2024-07-10 00:00:00,0.89719,0.89802,0.89719,0.89797,3926
2024-07-10 04:00:00,0.89798,0.89819,0.89719,0.89729,3561
2024-07-10 08:00:00,0.8973,0.89761,0.89637,0.89733,5934
2024-07-10 12:00:00,0.89732,0.89839,0.89731,0.89811,6352
2024-07-10 16:00:00,0.89812,0.89971,0.89806,0.89918,9300
2024-07-10 20:00:00,0.89918,0.90007,0.89896,0.89953,3436
2024-07-11 00:00:00,0.89932,0.89948,0.8988,0.89902,2398
2024-07-11 04:00:00,0.89903,0.8993,0.89855,0.89924,3384
2024-07-11 08:00:00,0.89923,0.89976,0.89828,0.89837,6515
2024-07-11 12:00:00,0.89838,0.89867,0.8918,0.89321,12591
2024-07-11 16:00:00,0.89324,0.89437,0.89151,0.89431,21686
2024-07-11 20:00:00,0.89431,0.89657,0.89412,0.8963,6928
2024-07-12 00:00:00,0.89532,0.89703,0.89487,0.896,10517
2024-07-12 04:00:00,0.896,0.89696,0.89598,0.89624,5037
2024-07-12 08:00:00,0.89622,0.89624,0.89543,0.89578,7863
2024-07-12 12:00:00,0.89578,0.89637,0.8942,0.89473,11594
2024-07-12 16:00:00,0.89471,0.8952,0.89323,0.89464,17033
2024-07-12 20:00:00,0.89462,0.89495,0.89401,0.89445,3183
2024-07-15 00:00:00,0.89366,0.89723,0.89362,0.89624,6745
2024-07-15 04:00:00,0.89624,0.89675,0.89552,0.89559,4945
2024-07-15 08:00:00,0.89561,0.89598,0.89384,0.89396,9000
2024-07-15 12:00:00,0.89396,0.89498,0.89339,0.89421,10541
2024-07-15 16:00:00,0.89422,0.89545,0.89351,0.89471,13170
2024-07-15 20:00:00,0.89472,0.89598,0.89469,0.89574,6910
2024-07-16 00:00:00,0.89555,0.89584,0.89494,0.89569,3240
2024-07-16 04:00:00,0.89568,0.89598,0.89521,0.89531,3183
2024-07-16 08:00:00,0.89531,0.89554,0.89449,0.89521,8390
2024-07-16 12:00:00,0.8952,0.89789,0.89496,0.89716,11335
2024-07-16 16:00:00,0.89717,0.89728,0.89505,0.89509,10936
2024-07-16 20:00:00,0.89509,0.89513,0.89348,0.89383,4692
2024-07-17 00:00:00,0.89351,0.89439,0.89328,0.89412,3622
2024-07-17 04:00:00,0.89413,0.89445,0.89367,0.89372,3344
2024-07-17 08:00:00,0.89372,0.89411,0.88716,0.88739,14807
2024-07-17 12:00:00,0.8874,0.88904,0.88521,0.88604,16266
2024-07-17 16:00:00,0.88604,0.8865,0.88358,0.88439,16301
2024-07-17 20:00:00,0.8844,0.885,0.8827,0.88353,6474
2024-07-18 00:00:00,0.88322,0.88372,0.88196,0.88362,7069
2024-07-18 04:00:00,0.88363,0.88475,0.88363,0.88461,7437
2024-07-18 08:00:00,0.88461,0.88471,0.88263,0.88426,12496
2024-07-18 12:00:00,0.88425,0.88448,0.88314,0.88344,10683
2024-07-18 16:00:00,0.88344,0.88644,0.88331,0.88596,13682
2024-07-18 20:00:00,0.88597,0.88785,0.88587,0.88777,6468
2024-07-19 00:00:00,0.88589,0.88823,0.88563,0.88796,6399
2024-07-19 04:00:00,0.88796,0.88933,0.88785,0.88932,5858
2024-07-19 08:00:00,0.88932,0.88961,0.88742,0.8883,11065
2024-07-19 12:00:00,0.88829,0.88997,0.88763,0.88982,9121
2024-07-19 16:00:00,0.88982,0.88983,0.88811,0.88852,10890
2024-07-19 20:00:00,0.88855,0.88947,0.88848,0.88886,3774
2024-07-22 00:00:00,0.88762,0.8889,0.8874,0.88815,6192
2024-07-22 04:00:00,0.88814,0.88894,0.88812,0.88857,4775
2024-07-22 08:00:00,0.88857,0.88899,0.88706,0.88777,11688
2024-07-22 12:00:00,0.88777,0.88934,0.88733,0.88888,10359
2024-07-22 16:00:00,0.88888,0.89022,0.88863,0.8896,10771
2024-07-22 20:00:00,0.88959,0.88979,0.88924,0.88959,3175
2024-07-23 00:00:00,0.88926,0.88985,0.8884,0.8893,6603
2024-07-23 04:00:00,0.88931,0.88961,0.88881,0.88902,5181
2024-07-23 08:00:00,0.88901,0.89054,0.88887,0.89004,10296
2024-07-23 12:00:00,0.89004,0.89201,0.89001,0.89136,9717
2024-07-23 16:00:00,0.89136,0.89238,0.89072,0.8916,9437
2024-07-23 20:00:00,0.89158,0.89164,0.89102,0.89132,4851
2024-07-24 00:00:00,0.89102,0.89208,0.89044,0.89185,2858
2024-07-24 04:00:00,0.89186,0.89213,0.89092,0.89119,7481
2024-07-24 08:00:00,0.89119,0.89131,0.88895,0.8891,12576
2024-07-24 12:00:00,0.88911,0.88922,0.88449,0.88474,11911
2024-07-24 16:00:00,0.88474,0.88499,0.88288,0.88417,16140
2024-07-24 20:00:00,0.88417,0.88605,0.88396,0.88526,6395
2024-07-25 00:00:00,0.88454,0.88539,0.88435,0.88445,8843
2024-07-25 04:00:00,0.88445,0.88446,0.88265,0.88293,9847
2024-07-25 08:00:00,0.88295,0.88334,0.87955,0.88069,18069
2024-07-25 12:00:00,0.88069,0.88105,0.87768,0.88079,21487
2024-07-25 16:00:00,0.88079,0.88207,0.8786,0.88018,20961
2024-07-25 20:00:00,0.88019,0.88162,0.87962,0.88154,7523
2024-07-26 00:00:00,0.8806,0.88165,0.88021,0.88118,6071
2024-07-26 04:00:00,0.88119,0.88136,0.88021,0.88097,6990
2024-07-26 08:00:00,0.88098,0.88419,0.88067,0.88338,9660
2024-07-26 12:00:00,0.88339,0.88442,0.88205,0.88266,11836
2024-07-26 16:00:00,0.8827,0.88342,0.88193,0.88309,14493
2024-07-26 20:00:00,0.88308,0.88388,0.88292,0.88383,3599
2024-07-29 00:00:00,0.88317,0.88456,0.88211,0.8831,5878
2024-07-29 04:00:00,0.88309,0.88353,0.88199,0.88312,7538
2024-07-29 08:00:00,0.88311,0.88549,0.88281,0.88518,11604
2024-07-29 12:00:00,0.88517,0.88555,0.8841,0.88483,8860
2024-07-29 16:00:00,0.88484,0.88713,0.8847,0.88616,9694
2024-07-29 20:00:00,0.88616,0.88642,0.88571,0.88611,3611
2024-07-30 00:00:00,0.88594,0.88638,0.88564,0.88629,3773
2024-07-30 04:00:00,0.88629,0.88689,0.8862,0.88668,4697
2024-07-30 08:00:00,0.88669,0.88754,0.88531,0.88607,10692
2024-07-30 12:00:00,0.88607,0.88669,0.88538,0.88623,8810
2024-07-30 16:00:00,0.88624,0.88634,0.88309,0.88315,17129
2024-07-30 20:00:00,0.88315,0.88417,0.88264,0.88267,7698
2024-07-31 00:00:00,0.88254,0.88311,0.88134,0.88175,9895
2024-07-31 04:00:00,0.88174,0.88303,0.88066,0.88102,12604
2024-07-31 08:00:00,0.88101,0.88279,0.88024,0.88118,17597
2024-07-31 12:00:00,0.88118,0.88191,0.87814,0.87862,13859
2024-07-31 16:00:00,0.87861,0.8808,0.87701,0.88045,18118
2024-07-31 20:00:00,0.88044,0.88184,0.87721,0.87806,19506
2024-08-01 00:00:00,0.87753,0.87839,0.87724,0.87742,7574
2024-08-01 04:00:00,0.87743,0.87757,0.87593,0.877,12928
2024-08-01 08:00:00,0.87701,0.87749,0.87536,0.87569,15652
2024-08-01 12:00:00,0.87572,0.87769,0.87457,0.87614,14560
2024-08-01 16:00:00,0.87616,0.87696,0.87267,0.87389,17258
2024-08-01 20:00:00,0.87389,0.87418,0.87258,0.87331,6957
2024-08-02 00:00:00,0.87253,0.87338,0.87189,0.87249,8374
2024-08-02 04:00:00,0.87249,0.87329,0.87175,0.87182,8723
2024-08-02 08:00:00,0.87184,0.87277,0.87067,0.87173,18501
2024-08-02 12:00:00,0.87172,0.87181,0.86315,0.86419,21908
2024-08-02 16:00:00,0.86419,0.86636,0.85767,0.85986,41131
2024-08-02 20:00:00,0.85985,0.85994,0.85736,0.85795,10573
2024-08-05 00:00:00,0.85773,0.85964,0.85359,0.85458,23113
2024-08-05 04:00:00,0.85457,0.8558,0.84872,0.84918,31931
2024-08-05 08:00:00,0.84918,0.85343,0.84468,0.85013,49554
2024-08-05 12:00:00,0.85014,0.85123,0.84321,0.84444,31168
2024-08-05 16:00:00,0.84445,0.85529,0.84425,0.85342,48021
2024-08-05 20:00:00,0.85343,0.85424,0.84976,0.8521,23120
2024-08-06 00:00:00,0.8523,0.85553,0.85145,0.85436,19013
2024-08-06 04:00:00,0.85435,0.85647,0.85367,0.8561,22995
2024-08-06 08:00:00,0.8561,0.85717,0.85326,0.85432,31878
2024-08-06 12:00:00,0.85431,0.85552,0.85222,0.85301,28287
2024-08-06 16:00:00,0.85299,0.85421,0.85009,0.85356,32211
2024-08-06 20:00:00,0.85357,0.85397,0.85144,0.85155,12405
2024-08-07 00:00:00,0.8505,0.85415,0.8505,0.8535,12296
2024-08-07 04:00:00,0.85352,0.85922,0.85299,0.85884,25321
2024-08-07 08:00:00,0.85885,0.85934,0.85461,0.85874,25336
2024-08-07 12:00:00,0.85874,0.86404,0.85859,0.86111,16519
2024-08-07 16:00:00,0.86111,0.8662,0.8608,0.86303,25210
2024-08-07 20:00:00,0.86303,0.86345,0.86079,0.86172,16047
2024-08-08 00:00:00,0.86153,0.86301,0.85724,0.85852,17370
2024-08-08 04:00:00,0.85853,0.86097,0.85848,0.85911,18864
2024-08-08 08:00:00,0.85912,0.86032,0.85793,0.85839,20297
2024-08-08 12:00:00,0.85839,0.86289,0.85595,0.86202,23186
2024-08-08 16:00:00,0.86203,0.8674,0.86165,0.86614,28678
2024-08-08 20:00:00,0.86614,0.86703,0.86532,0.86676,10979
2024-08-09 00:00:00,0.86597,0.86703,0.86516,0.86626,17453
2024-08-09 04:00:00,0.86626,0.86671,0.86501,0.86528,13177
2024-08-09 08:00:00,0.86529,0.86717,0.86477,0.86543,14419
2024-08-09 12:00:00,0.86542,0.86578,0.86372,0.86469,15083
2024-08-09 16:00:00,0.86469,0.86505,0.86319,0.86445,14148
2024-08-09 20:00:00,0.86443,0.86537,0.86432,0.86521,5586
2024-08-12 00:00:00,0.86377,0.86622,0.86347,0.86503,5501
2024-08-12 04:00:00,0.86502,0.86679,0.86457,0.86669,6707
2024-08-12 08:00:00,0.86668,0.86934,0.86647,0.86848,14240
2024-08-12 12:00:00,0.86849,0.86961,0.86777,0.86908,11438
2024-08-12 16:00:00,0.86907,0.87116,0.86596,0.86676,22807
2024-08-12 20:00:00,0.86674,0.86675,0.86444,0.86533,10825
2024-08-13 00:00:00,0.86472,0.86654,0.86452,0.86628,10035
2024-08-13 04:00:00,0.86628,0.86788,0.86557,0.86731,6895
2024-08-13 08:00:00,0.8673,0.8679,0.86622,0.86728,13092
2024-08-13 12:00:00,0.86729,0.86798,0.86571,0.86661,16222
2024-08-13 16:00:00,0.86662,0.86673,0.86415,0.86485,18961
2024-08-13 20:00:00,0.86485,0.86555,0.86367,0.86469,9876
2024-08-14 00:00:00,0.86479,0.86547,0.86403,0.86545,9566
2024-08-14 04:00:00,0.86546,0.86587,0.86375,0.86462,13301
2024-08-14 08:00:00,0.86462,0.86546,0.86219,0.86245,13473
2024-08-14 12:00:00,0.86245,0.86607,0.86148,0.86513,17125
2024-08-14 16:00:00,0.86513,0.86571,0.86192,0.86474,20669
2024-08-14 20:00:00,0.86473,0.86554,0.86469,0.86497,5096
2024-08-15 00:00:00,0.86438,0.86547,0.8643,0.865,6825
2024-08-15 04:00:00,0.865,0.86633,0.86497,0.86534,8158
2024-08-15 08:00:00,0.86532,0.86634,0.86469,0.86615,9665
2024-08-15 12:00:00,0.86615,0.87376,0.86598,0.87303,15166
2024-08-15 16:00:00,0.87303,0.87485,0.87055,0.87217,22162
2024-08-15 20:00:00,0.87218,0.87295,0.87176,0.87265,5471
2024-08-16 00:00:00,0.87253,0.87284,0.8715,0.87193,6418
2024-08-16 04:00:00,0.87193,0.87213,0.87096,0.8711,6957
2024-08-16 08:00:00,0.87111,0.87147,0.86816,0.86865,8777
2024-08-16 12:00:00,0.86867,0.86924,0.86641,0.86682,13122
2024-08-16 16:00:00,0.86683,0.86965,0.86659,0.86842,16664
2024-08-16 20:00:00,0.8684,0.86842,0.86594,0.86618,5362
2024-08-19 00:00:00,0.86527,0.86774,0.86437,0.86682,8735
2024-08-19 04:00:00,0.86682,0.86717,0.86331,0.86389,11787
2024-08-19 08:00:00,0.8639,0.86476,0.86156,0.86458,18374
2024-08-19 12:00:00,0.86458,0.86562,0.8638,0.86536,12093
2024-08-19 16:00:00,0.86536,0.86633,0.86264,0.86301,15339
2024-08-19 20:00:00,0.86301,0.8633,0.86225,0.86278,5373
2024-08-20 00:00:00,0.8623,0.86307,0.86174,0.86206,6899
2024-08-20 04:00:00,0.86206,0.86233,0.86045,0.86202,13215
2024-08-20 08:00:00,0.86203,0.8625,0.85882,0.86005,13489
2024-08-20 12:00:00,0.86005,0.86044,0.85902,0.85909,11653
2024-08-20 16:00:00,0.8591,0.85934,0.8558,0.85614,19396
2024-08-20 20:00:00,0.85614,0.85648,0.85397,0.85409,6153
2024-08-21 00:00:00,0.85381,0.85422,0.85206,0.85351,9552
2024-08-21 04:00:00,0.8535,0.85436,0.85334,0.85418,10195
2024-08-21 08:00:00,0.85417,0.85611,0.8534,0.85521,11921
2024-08-21 12:00:00,0.85521,0.85593,0.85375,0.854,9932
2024-08-21 16:00:00,0.85399,0.85568,0.8507,0.85131,29842
2024-08-21 20:00:00,0.85132,0.85229,0.84951,0.85188,9536
2024-08-22 00:00:00,0.85144,0.85186,0.85044,0.85177,6757
2024-08-22 04:00:00,0.85177,0.85249,0.85103,0.85139,6450
2024-08-22 08:00:00,0.85138,0.85153,0.84888,0.85123,12615
2024-08-22 12:00:00,0.85124,0.85321,0.85064,0.85131,14120
2024-08-22 16:00:00,0.8513,0.8534,0.85058,0.85201,19873
2024-08-22 20:00:00,0.85202,0.85267,0.85145,0.85219,6965
2024-08-23 00:00:00,0.85137,0.85225,0.8512,0.8516,8389
2024-08-23 04:00:00,0.85161,0.85217,0.85037,0.85173,7763
2024-08-23 08:00:00,0.85172,0.85235,0.85045,0.85192,10715
2024-08-23 12:00:00,0.85192,0.8527,0.85161,0.85221,8772
2024-08-23 16:00:00,0.85222,0.85416,0.84704,0.84975,29660
2024-08-23 20:00:00,0.84976,0.84981,0.84707,0.84766,8910
2024-08-26 00:00:00,0.84716,0.84825,0.84556,0.84636,9726
2024-08-26 04:00:00,0.84637,0.84743,0.84562,0.84717,8997
2024-08-26 08:00:00,0.84717,0.84786,0.84569,0.84582,10711
2024-08-26 12:00:00,0.84583,0.84855,0.84555,0.84743,11504
2024-08-26 16:00:00,0.84743,0.84845,0.84628,0.84728,15427
2024-08-26 20:00:00,0.84727,0.84775,0.8467,0.84726,5734
2024-08-27 00:00:00,0.84638,0.84775,0.84544,0.84759,6011
2024-08-27 04:00:00,0.8476,0.84788,0.8467,0.84704,6070
2024-08-27 08:00:00,0.84705,0.84843,0.8467,0.84758,11345
2024-08-27 12:00:00,0.84758,0.84766,0.84504,0.84531,12687
2024-08-27 16:00:00,0.8453,0.84557,0.84213,0.84316,18297
2024-08-27 20:00:00,0.84317,0.84328,0.84087,0.84141,6982
2024-08-28 00:00:00,0.8413,0.84215,0.84091,0.84176,6631
2024-08-28 04:00:00,0.84176,0.84366,0.84164,0.84342,7921
2024-08-28 08:00:00,0.84342,0.84463,0.84275,0.84307,12613
2024-08-28 12:00:00,0.84306,0.84502,0.84213,0.84446,13673
2024-08-28 16:00:00,0.84447,0.84518,0.84112,0.84299,16885
2024-08-28 20:00:00,0.84298,0.84325,0.84155,0.84216,7796
2024-08-29 00:00:00,0.84183,0.84224,0.84103,0.84159,6758
2024-08-29 04:00:00,0.8416,0.84175,0.84021,0.84057,7123
2024-08-29 08:00:00,0.84056,0.84603,0.83999,0.84444,15514
2024-08-29 12:00:00,0.84444,0.84787,0.84319,0.84686,17349
2024-08-29 16:00:00,0.84686,0.84934,0.84629,0.84677,19368
2024-08-29 20:00:00,0.84678,0.84734,0.84595,0.84719,6845
2024-08-30 00:00:00,0.84654,0.84748,0.84647,0.84706,6899
2024-08-30 04:00:00,0.84706,0.84782,0.84667,0.84768,7079
2024-08-30 08:00:00,0.84768,0.84869,0.84706,0.84859,10691
2024-08-30 12:00:00,0.84859,0.85076,0.8479,0.85007,13814
2024-08-30 16:00:00,0.85007,0.85103,0.84746,0.85081,22940
2024-08-30 20:00:00,0.85081,0.85091,0.84958,0.84993,6425
2024-09-02 00:00:00,0.84904,0.851,0.84816,0.85001,5884
2024-09-02 04:00:00,0.85002,0.8504,0.84922,0.84988,6226
2024-09-02 08:00:00,0.84987,0.85047,0.84849,0.84986,10357
2024-09-02 12:00:00,0.84987,0.85154,0.84941,0.85118,7682
2024-09-02 16:00:00,0.85117,0.8537,0.85085,0.8514,7979
2024-09-02 20:00:00,0.85141,0.85166,0.85121,0.85162,3082
2024-09-03 00:00:00,0.85102,0.85266,0.85092,0.8525,4579
2024-09-03 04:00:00,0.85251,0.85293,0.85178,0.85272,9103
2024-09-03 08:00:00,0.85273,0.85376,0.85107,0.85258,15677
2024-09-03 12:00:00,0.85257,0.85339,0.85066,0.8508,13221
2024-09-03 16:00:00,0.8508,0.85106,0.8478,0.85064,24698
2024-09-03 20:00:00,0.85064,0.85109,0.8499,0.85051,7345
2024-09-04 00:00:00,0.85012,0.85067,0.84836,0.84844,8951
2024-09-04 04:00:00,0.84844,0.84939,0.84825,0.84843,10792
2024-09-04 08:00:00,0.84844,0.84919,0.84717,0.84869,15976
2024-09-04 12:00:00,0.84868,0.85184,0.84856,0.85107,11650
2024-09-04 16:00:00,0.85108,0.85125,0.84712,0.84794,24282
2024-09-04 20:00:00,0.84795,0.84815,0.84628,0.84634,6872
2024-09-05 00:00:00,0.84586,0.84717,0.84552,0.84684,6565
2024-09-05 04:00:00,0.84684,0.84719,0.84585,0.84662,8455
2024-09-05 08:00:00,0.84661,0.84731,0.8455,0.84615,13670
2024-09-05 12:00:00,0.84614,0.84669,0.84336,0.84611,17077
2024-09-05 16:00:00,0.8461,0.84909,0.84484,0.84546,25846
2024-09-05 20:00:00,0.84545,0.84555,0.8436,0.84404,8565
2024-09-06 00:00:00,0.84371,0.84424,0.84314,0.84326,5670
2024-09-06 04:00:00,0.84324,0.84374,0.84261,0.8428,7059
2024-09-06 08:00:00,0.8428,0.84282,0.84039,0.84095,15669
2024-09-06 12:00:00,0.84096,0.84645,0.83741,0.84384,21488
2024-09-06 16:00:00,0.84384,0.84758,0.84027,0.84362,47940
2024-09-06 20:00:00,0.84363,0.84446,0.84248,0.8432,11936
2024-09-09 00:00:00,0.84425,0.84461,0.84209,0.84444,9245
2024-09-09 04:00:00,0.84444,0.84636,0.84409,0.84613,10238
2024-09-09 08:00:00,0.84612,0.84849,0.84545,0.84827,15296
2024-09-09 12:00:00,0.84827,0.84942,0.84731,0.84884,11584
2024-09-09 16:00:00,0.84885,0.84895,0.84693,0.84823,16343
2024-09-09 20:00:00,0.84822,0.84935,0.84766,0.84932,7910
2024-09-10 00:00:00,0.8481,0.84977,0.8481,0.84973,5703
2024-09-10 04:00:00,0.84973,0.84985,0.84836,0.84838,6026
2024-09-10 08:00:00,0.84839,0.849,0.84788,0.8481,11028
2024-09-10 12:00:00,0.8481,0.8484,0.84583,0.84658,12583
2024-09-10 16:00:00,0.84658,0.84823,0.84562,0.84678,19517
2024-09-10 20:00:00,0.84676,0.84717,0.84628,0.84695,8348
2024-09-11 00:00:00,0.84675,0.84709,0.84616,0.8465,4881
2024-09-11 04:00:00,0.84652,0.84697,0.84284,0.8431,13957
2024-09-11 08:00:00,0.8431,0.84598,0.84216,0.84556,16080
2024-09-11 12:00:00,0.84556,0.85125,0.84528,0.85032,20663
2024-09-11 16:00:00,0.85034,0.85157,0.84739,0.85012,32434
2024-09-11 20:00:00,0.8501,0.85294,0.85,0.85213,11458
2024-09-12 00:00:00,0.85139,0.85329,0.85133,0.85269,4329
2024-09-12 04:00:00,0.8527,0.85333,0.85179,0.85319,7876
2024-09-12 08:00:00,0.85318,0.85486,0.85188,0.85427,13438
2024-09-12 12:00:00,0.85426,0.85496,0.85181,0.85287,16900
2024-09-12 16:00:00,0.85287,0.85484,0.85223,0.85315,26387
2024-09-12 20:00:00,0.85314,0.85333,0.85062,0.85115,15631
2024-09-13 00:00:00,0.85054,0.85135,0.8489,0.84952,7083
2024-09-13 04:00:00,0.84952,0.84991,0.84853,0.84961,8572
2024-09-13 08:00:00,0.84961,0.85008,0.84741,0.84824,15050
2024-09-13 12:00:00,0.84824,0.84876,0.84563,0.84566,16625
2024-09-13 16:00:00,0.84565,0.84847,0.84435,0.84791,20414
2024-09-13 20:00:00,0.84791,0.84941,0.84773,0.84902,7538
2024-09-16 00:00:00,0.84718,0.8486,0.84685,0.84715,5124
2024-09-16 04:00:00,0.84715,0.84737,0.84517,0.84607,6556
2024-09-16 08:00:00,0.84608,0.84655,0.84357,0.84439,13965
2024-09-16 12:00:00,0.84441,0.84546,0.84343,0.84452,16432
2024-09-16 16:00:00,0.84451,0.84584,0.84341,0.84475,17261
2024-09-16 20:00:00,0.84474,0.84595,0.84455,0.8447,6940
2024-09-17 00:00:00,0.84432,0.84543,0.84418,0.84469,5093
2024-09-17 04:00:00,0.84469,0.8448,0.84368,0.84419,6430
2024-09-17 08:00:00,0.84419,0.84466,0.84296,0.84325,10811
2024-09-17 12:00:00,0.84325,0.84693,0.84316,0.84633,16695
2024-09-17 16:00:00,0.84633,0.84769,0.84561,0.84617,24122
2024-09-17 20:00:00,0.84617,0.84752,0.84583,0.84716,9166
2024-09-18 00:00:00,0.8467,0.84728,0.84551,0.84567,5156
2024-09-18 04:00:00,0.84568,0.84581,0.84498,0.84527,5681
2024-09-18 08:00:00,0.84527,0.84571,0.84356,0.84392,12976
2024-09-18 12:00:00,0.84393,0.84483,0.84231,0.8445,12206
2024-09-18 16:00:00,0.84449,0.84634,0.84344,0.84513,15375
2024-09-18 20:00:00,0.84513,0.84798,0.83904,0.84633,40558
2024-09-19 00:00:00,0.84583,0.85005,0.84536,0.84991,10535
2024-09-19 04:00:00,0.84992,0.85149,0.84819,0.84866,16510
2024-09-19 08:00:00,0.84866,0.84876,0.84489,0.846,21500
2024-09-19 12:00:00,0.84601,0.85059,0.84511,0.85057,23841
2024-09-19 16:00:00,0.85057,0.85062,0.84734,0.84788,27835
2024-09-19 20:00:00,0.84788,0.84829,0.84622,0.84773,11479
2024-09-20 00:00:00,0.84709,0.84798,0.84672,0.84685,5967
2024-09-20 04:00:00,0.84685,0.84717,0.84583,0.84638,11069
2024-09-20 08:00:00,0.84636,0.84808,0.84513,0.84726,21470
2024-09-20 12:00:00,0.84724,0.84999,0.84715,0.84768,14934
2024-09-20 16:00:00,0.84768,0.85168,0.84741,0.8492,26736
2024-09-20 20:00:00,0.8492,0.85142,0.84915,0.85029,10343
2024-09-23 00:00:00,0.84905,0.85134,0.84905,0.85093,4974
2024-09-23 04:00:00,0.85094,0.8515,0.85063,0.85098,5412
2024-09-23 08:00:00,0.85096,0.85178,0.84989,0.85107,18092
2024-09-23 12:00:00,0.85108,0.85144,0.84852,0.84984,14342
2024-09-23 16:00:00,0.84984,0.85082,0.84631,0.84653,23935
2024-09-23 20:00:00,0.84652,0.84756,0.84559,0.84738,6092
2024-09-24 00:00:00,0.84723,0.8479,0.8466,0.84674,5433
2024-09-24 04:00:00,0.84674,0.84755,0.84644,0.84711,8585
2024-09-24 08:00:00,0.84712,0.84897,0.84708,0.84786,16742
2024-09-24 12:00:00,0.84786,0.84871,0.84691,0.84705,15520
2024-09-24 16:00:00,0.84704,0.84857,0.84488,0.8451,22399
2024-09-24 20:00:00,0.84511,0.84546,0.84306,0.84326,7558
2024-09-25 00:00:00,0.84371,0.84371,0.84149,0.84164,7131
2024-09-25 04:00:00,0.84162,0.8427,0.84151,0.84224,8288
2024-09-25 08:00:00,0.84224,0.84682,0.84151,0.84654,15624
2024-09-25 12:00:00,0.84653,0.84972,0.84634,0.84789,15465
2024-09-25 16:00:00,0.84789,0.85009,0.84659,0.84993,21379
2024-09-25 20:00:00,0.84992,0.8507,0.84904,0.85042,10183
2024-09-26 00:00:00,0.8498,0.85077,0.84964,0.85002,8078
2024-09-26 04:00:00,0.85001,0.85093,0.84955,0.8498,7856
2024-09-26 08:00:00,0.84979,0.8516,0.84572,0.8496,21632
2024-09-26 12:00:00,0.84959,0.84972,0.84628,0.84875,21939
2024-09-26 16:00:00,0.84873,0.85058,0.846,0.84701,29090
2024-09-26 20:00:00,0.84701,0.84708,0.84526,0.8462,12748
2024-09-27 00:00:00,0.84566,0.84746,0.84529,0.8474,6664
2024-09-27 04:00:00,0.84741,0.84819,0.84647,0.84807,9676
2024-09-27 08:00:00,0.84808,0.8493,0.8443,0.84521,32029
2024-09-27 12:00:00,0.8452,0.84579,0.84069,0.84083,21189
2024-09-27 16:00:00,0.84084,0.84302,0.84065,0.84215,27841
2024-09-27 20:00:00,0.84215,0.84252,0.84015,0.84036,11327
2024-09-30 00:00:00,0.84041,0.84175,0.84004,0.84116,7410
2024-09-30 04:00:00,0.84115,0.84225,0.84065,0.84142,9662
2024-09-30 08:00:00,0.84141,0.8438,0.84059,0.84337,18441
2024-09-30 12:00:00,0.84336,0.84477,0.84216,0.84359,16604
2024-09-30 16:00:00,0.8436,0.84568,0.84258,0.84443,25696
2024-09-30 20:00:00,0.84442,0.84736,0.84371,0.84574,18007
2024-10-01 00:00:00,0.84537,0.84631,0.84398,0.8455,7451
2024-10-01 04:00:00,0.84548,0.84679,0.84466,0.84606,8184
2024-10-01 08:00:00,0.84605,0.84802,0.84539,0.84679,19818
2024-10-01 12:00:00,0.8468,0.84821,0.84542,0.8479,19731
2024-10-01 16:00:00,0.84791,0.84794,0.84311,0.84655,34982
2024-10-01 20:00:00,0.84655,0.84814,0.8455,0.8465,16672
2024-10-02 00:00:00,0.84521,0.84663,0.84485,0.84608,4502
2024-10-02 04:00:00,0.84608,0.84692,0.84515,0.84566,7967
2024-10-02 08:00:00,0.84567,0.84641,0.84486,0.8464,18052
2024-10-02 12:00:00,0.8464,0.8506,0.84633,0.85038,17925
2024-10-02 16:00:00,0.85039,0.85074,0.84855,0.84965,20566
2024-10-02 20:00:00,0.84964,0.84996,0.84901,0.84968,7652
2024-10-03 00:00:00,0.84919,0.85077,0.84895,0.85074,8039
2024-10-03 04:00:00,0.85073,0.85114,0.84941,0.84969,7926
2024-10-03 08:00:00,0.84966,0.85377,0.84943,0.85073,22738
2024-10-03 12:00:00,0.8507,0.85179,0.84885,0.85055,19080
2024-10-03 16:00:00,0.85057,0.85427,0.85021,0.85246,28944
2024-10-03 20:00:00,0.85247,0.85309,0.85191,0.85289,7921
2024-10-04 00:00:00,0.85173,0.85268,0.85153,0.85184,4634
2024-10-04 04:00:00,0.85185,0.85226,0.85108,0.85123,6273
2024-10-04 08:00:00,0.85123,0.85253,0.84998,0.85155,13025
2024-10-04 12:00:00,0.85154,0.86,0.85107,0.8598,18873
2024-10-04 16:00:00,0.85982,0.86078,0.85803,0.85939,27932
2024-10-04 20:00:00,0.8594,0.8594,0.85786,0.85808,7524
2024-10-07 00:00:00,0.85818,0.85984,0.85785,0.85838,7385
2024-10-07 04:00:00,0.85837,0.85844,0.85727,0.85769,7089
2024-10-07 08:00:00,0.8577,0.85903,0.85706,0.85807,14538
2024-10-07 12:00:00,0.85808,0.85859,0.85387,0.85445,16275
2024-10-07 16:00:00,0.85446,0.85653,0.85341,0.85391,20744
2024-10-07 20:00:00,0.85392,0.8546,0.85363,0.85436,6938
2024-10-08 00:00:00,0.85555,0.85555,0.8531,0.85394,7648
2024-10-08 04:00:00,0.85395,0.8543,0.853,0.85406,10105
2024-10-08 08:00:00,0.85407,0.85519,0.85299,0.85449,14780
2024-10-08 12:00:00,0.85448,0.85796,0.85447,0.85701,14242
2024-10-08 16:00:00,0.85702,0.85841,0.85604,0.85734,15568
2024-10-08 20:00:00,0.85735,0.85823,0.85715,0.85717,6685
2024-10-09 00:00:00,0.85635,0.85759,0.85628,0.85758,5163
2024-10-09 04:00:00,0.85761,0.85813,0.85707,0.85798,7154
2024-10-09 08:00:00,0.85797,0.85822,0.85652,0.85757,12915
2024-10-09 12:00:00,0.85756,0.85873,0.8566,0.85832,10536
2024-10-09 16:00:00,0.85829,0.86018,0.85799,0.85998,14354
2024-10-09 20:00:00,0.85997,0.86102,0.85963,0.86077,7137
2024-10-10 00:00:00,0.86035,0.86082,0.86015,0.86051,4826
2024-10-10 04:00:00,0.86052,0.86082,0.86007,0.86073,6195
2024-10-10 08:00:00,0.86072,0.86127,0.85902,0.86047,10499
2024-10-10 12:00:00,0.86047,0.86134,0.85569,0.85752,20236
2024-10-10 16:00:00,0.85753,0.85861,0.85602,0.85784,29895
2024-10-10 20:00:00,0.85784,0.85784,0.85604,0.85622,9854
2024-10-11 00:00:00,0.85581,0.85693,0.85581,0.85644,6893
2024-10-11 04:00:00,0.85643,0.85747,0.85633,0.85708,6623
2024-10-11 08:00:00,0.85708,0.85783,0.85585,0.85611,9642
2024-10-11 12:00:00,0.85611,0.85844,0.85602,0.85754,14025
2024-10-11 16:00:00,0.85754,0.85839,0.85625,0.85632,16515
2024-10-11 20:00:00,0.85631,0.85751,0.85623,0.85724,4443
2024-10-14 00:00:00,0.85649,0.85855,0.85646,0.8583,4449
2024-10-14 04:00:00,0.85833,0.85858,0.85803,0.85825,4512
2024-10-14 08:00:00,0.85824,0.86023,0.85804,0.85984,7999
2024-10-14 12:00:00,0.85985,0.86311,0.85933,0.86311,10470
2024-10-14 16:00:00,0.8631,0.86415,0.86199,0.86333,11871
2024-10-14 20:00:00,0.86334,0.86391,0.86228,0.86261,4487
2024-10-15 00:00:00,0.86236,0.86289,0.86159,0.8617,4240
2024-10-15 04:00:00,0.86169,0.86365,0.86149,0.86356,5729
2024-10-15 08:00:00,0.86357,0.86366,0.86133,0.8615,12096
2024-10-15 12:00:00,0.86149,0.86246,0.86062,0.86151,12911
2024-10-15 16:00:00,0.86153,0.86317,0.86066,0.86309,14954
2024-10-15 20:00:00,0.86311,0.86365,0.86197,0.86209,6201
2024-10-16 00:00:00,0.86189,0.86273,0.86141,0.86259,4613
2024-10-16 04:00:00,0.86259,0.86262,0.86162,0.86241,5850
2024-10-16 08:00:00,0.86243,0.86294,0.86173,0.86221,11536
2024-10-16 12:00:00,0.86222,0.86335,0.86139,0.86318,10889
2024-10-16 16:00:00,0.86317,0.86566,0.86239,0.86459,14885
2024-10-16 20:00:00,0.8646,0.86578,0.8643,0.86534,4676
2024-10-17 00:00:00,0.86482,0.86595,0.86414,0.86561,5486
2024-10-17 04:00:00,0.86561,0.86625,0.86535,0.86621,5365
2024-10-17 08:00:00,0.86621,0.86697,0.86484,0.86513,9013
2024-10-17 12:00:00,0.86513,0.86594,0.86287,0.86453,15240
2024-10-17 16:00:00,0.86452,0.86634,0.86402,0.86583,22120
2024-10-17 20:00:00,0.86584,0.86682,0.86555,0.866,4918
2024-10-18 00:00:00,0.86572,0.86632,0.86566,0.86628,5639
2024-10-18 04:00:00,0.86628,0.86633,0.86558,0.86574,5534
2024-10-18 08:00:00,0.86571,0.86692,0.86533,0.86627,9548
2024-10-18 12:00:00,0.86628,0.86693,0.8649,0.86534,10097
2024-10-18 16:00:00,0.86534,0.86606,0.86497,0.86505,10319
2024-10-18 20:00:00,0.86506,0.86578,0.86457,0.86475,7421
2024-10-21 00:00:00,0.86447,0.86539,0.86419,0.8653,5336
2024-10-21 04:00:00,0.8653,0.86536,0.86447,0.86493,8246
2024-10-21 08:00:00,0.86492,0.86583,0.86467,0.86491,8180
2024-10-21 12:00:00,0.86491,0.86547,0.86329,0.86369,9392
2024-10-21 16:00:00,0.86369,0.86596,0.86337,0.86542,12021
2024-10-21 20:00:00,0.86541,0.86638,0.86533,0.86622,6159
2024-10-22 00:00:00,0.86582,0.86612,0.86525,0.86528,3892
2024-10-22 04:00:00,0.86529,0.86544,0.86464,0.86519,7294
2024-10-22 08:00:00,0.86519,0.86575,0.86447,0.86538,9651
2024-10-22 12:00:00,0.86538,0.86624,0.86501,0.8657,10611
2024-10-22 16:00:00,0.8657,0.86624,0.86477,0.86547,13319
2024-10-22 20:00:00,0.86546,0.86588,0.86498,0.86534,6448
2024-10-23 00:00:00,0.86526,0.86673,0.86489,0.86668,4300
2024-10-23 04:00:00,0.86664,0.86719,0.86641,0.86695,6478
2024-10-23 08:00:00,0.86694,0.86858,0.86646,0.86661,9911
2024-10-23 12:00:00,0.86659,0.86822,0.86641,0.86728,10972
2024-10-23 16:00:00,0.86725,0.86784,0.86621,0.86701,12465
2024-10-23 20:00:00,0.86701,0.86767,0.86612,0.86642,6577
2024-10-24 00:00:00,0.86549,0.86698,0.86549,0.86632,5749
2024-10-24 04:00:00,0.86631,0.86683,0.86565,0.86577,7349
2024-10-24 08:00:00,0.86579,0.86716,0.86536,0.86571,13346
2024-10-24 12:00:00,0.86572,0.86677,0.86506,0.86614,12963
2024-10-24 16:00:00,0.86616,0.86693,0.8653,0.86598,15836
2024-10-24 20:00:00,0.86599,0.86618,0.8651,0.86572,6441
2024-10-25 00:00:00,0.86508,0.86632,0.86508,0.86619,3512
2024-10-25 04:00:00,0.86618,0.86643,0.86546,0.86555,7127
2024-10-25 08:00:00,0.86556,0.8668,0.865,0.86674,9995
2024-10-25 12:00:00,0.86674,0.86742,0.86534,0.86562,8676
2024-10-25 16:00:00,0.86563,0.86689,0.86547,0.86617,14021
2024-10-25 20:00:00,0.86617,0.86671,0.8656,0.86668,5331
2024-10-28 00:00:00,0.86714,0.86936,0.86697,0.86916,9116
2024-10-28 04:00:00,0.86915,0.8699,0.86896,0.86967,10328
2024-10-28 08:00:00,0.86966,0.86996,0.86707,0.86717,9579
2024-10-28 12:00:00,0.86718,0.86765,0.865,0.86627,10012
2024-10-28 16:00:00,0.86626,0.86646,0.86465,0.86545,11597
2024-10-28 20:00:00,0.86546,0.86554,0.86464,0.86524,6389
2024-10-29 00:00:00,0.86455,0.86543,0.8643,0.86503,3676
2024-10-29 04:00:00,0.86503,0.86542,0.86458,0.86515,6503
2024-10-29 08:00:00,0.86518,0.86671,0.86463,0.86627,8805
2024-10-29 12:00:00,0.86628,0.8697,0.86533,0.86941,11045
2024-10-29 16:00:00,0.8694,0.86983,0.86671,0.86914,19709
2024-10-29 20:00:00,0.86914,0.86927,0.86717,0.86735,7606
2024-10-30 00:00:00,0.86701,0.86757,0.86679,0.86731,5078
2024-10-30 04:00:00,0.8673,0.86778,0.86686,0.86745,6129
2024-10-30 08:00:00,0.86746,0.86762,0.86606,0.86647,9280
2024-10-30 12:00:00,0.86646,0.86932,0.86587,0.86839,15480
2024-10-30 16:00:00,0.86838,0.8688,0.86562,0.86601,19455
2024-10-30 20:00:00,0.86598,0.86689,0.86535,0.86643,8334
2024-10-31 00:00:00,0.86637,0.86653,0.8661,0.86633,3244
2024-10-31 04:00:00,0.86634,0.86645,0.86518,0.86567,6725
2024-10-31 08:00:00,0.86568,0.86616,0.86448,0.86568,12887
2024-10-31 12:00:00,0.86568,0.86634,0.86453,0.86507,15189
2024-10-31 16:00:00,0.86507,0.86598,0.86366,0.86547,25656
2024-10-31 20:00:00,0.86546,0.86567,0.86326,0.86359,9971
2024-11-01 00:00:00,0.86336,0.86395,0.86322,0.86348,6493
2024-11-01 04:00:00,0.86348,0.8642,0.86316,0.86414,8010
2024-11-01 08:00:00,0.86411,0.86933,0.8639,0.86809,10983
2024-11-01 12:00:00,0.86808,0.86842,0.86387,0.86541,14951
2024-11-01 16:00:00,0.8654,0.87048,0.86534,0.86922,23080
2024-11-01 20:00:00,0.86923,0.8711,0.86914,0.86976,7576
2024-11-04 00:00:00,0.86705,0.86807,0.86528,0.86551,7822
2024-11-04 04:00:00,0.86552,0.86564,0.86422,0.86506,6855
2024-11-04 08:00:00,0.86507,0.86596,0.86306,0.86361,10917
2024-11-04 12:00:00,0.8636,0.86407,0.86196,0.86315,10382
2024-11-04 16:00:00,0.86315,0.86374,0.86148,0.86292,14444
2024-11-04 20:00:00,0.86293,0.86435,0.86286,0.86417,6513
2024-11-05 00:00:00,0.8639,0.86427,0.86358,0.86404,4519
2024-11-05 04:00:00,0.86403,0.8645,0.86396,0.86407,4726
2024-11-05 08:00:00,0.86407,0.8644,0.86168,0.86209,7858
2024-11-05 12:00:00,0.86209,0.86325,0.86156,0.86315,7705
2024-11-05 16:00:00,0.86316,0.86467,0.86268,0.86286,15700
2024-11-05 20:00:00,0.86286,0.86361,0.86207,0.86317,7226
2024-11-06 00:00:00,0.86303,0.86996,0.86193,0.86907,26807
2024-11-06 04:00:00,0.86906,0.87536,0.86828,0.87138,46670
2024-11-06 08:00:00,0.87138,0.8749,0.87101,0.87419,37846
2024-11-06 12:00:00,0.87421,0.87734,0.8738,0.87624,27315
2024-11-06 16:00:00,0.87625,0.87672,0.874,0.87628,29035
2024-11-06 20:00:00,0.87629,0.87669,0.87489,0.87662,11757
2024-11-07 00:00:00,0.87587,0.8774,0.87545,0.87648,8678
2024-11-07 04:00:00,0.87649,0.87657,0.87499,0.87504,6903
2024-11-07 08:00:00,0.87504,0.87662,0.87358,0.87622,14577
2024-11-07 12:00:00,0.8762,0.87726,0.87379,0.87398,16909
2024-11-07 16:00:00,0.87398,0.87491,0.87091,0.8722,20234
2024-11-07 20:00:00,0.87221,0.87514,0.8716,0.8725,21929
2024-11-08 00:00:00,0.87211,0.87367,0.87177,0.87289,7012
2024-11-08 04:00:00,0.87287,0.87337,0.87244,0.87298,6813
2024-11-08 08:00:00,0.87298,0.87379,0.87145,0.87153,14691
2024-11-08 12:00:00,0.87153,0.87392,0.87007,0.87385,14343
2024-11-08 16:00:00,0.87385,0.87675,0.87251,0.87619,20620
2024-11-08 20:00:00,0.87618,0.87687,0.87535,0.87547,7921
2024-11-11 00:00:00,0.87547,0.87675,0.87475,0.87623,6367
2024-11-11 04:00:00,0.87622,0.87739,0.87589,0.87677,5466
2024-11-11 08:00:00,0.87678,0.87925,0.87649,0.87832,11022
2024-11-11 12:00:00,0.87832,0.88071,0.87819,0.87976,11481
2024-11-11 16:00:00,0.87974,0.88074,0.87909,0.8802,11514
2024-11-11 20:00:00,0.88019,0.88094,0.87984,0.88088,4158
2024-11-12 00:00:00,0.8804,0.88155,0.8792,0.88154,4776
2024-11-12 04:00:00,0.88152,0.88173,0.88081,0.88131,7497
2024-11-12 08:00:00,0.88131,0.88282,0.88085,0.8825,14589
2024-11-12 12:00:00,0.8825,0.88306,0.88026,0.88128,15757
2024-11-12 16:00:00,0.88127,0.8836,0.88119,0.8825,16418
2024-11-12 20:00:00,0.88248,0.88274,0.88132,0.88179,6939
2024-11-13 00:00:00,0.88096,0.88282,0.88096,0.88181,7383
2024-11-13 04:00:00,0.88181,0.88297,0.88163,0.88278,5677
2024-11-13 08:00:00,0.88278,0.88413,0.88224,0.88255,12250
2024-11-13 12:00:00,0.88254,0.88351,0.87963,0.88131,17913
2024-11-13 16:00:00,0.88133,0.88531,0.88069,0.88511,29012
2024-11-13 20:00:00,0.8851,0.88631,0.88502,0.88596,8066
2024-11-14 00:00:00,0.88491,0.88672,0.8849,0.8865,8983
2024-11-14 04:00:00,0.88649,0.88783,0.8864,0.8874,6355
2024-11-14 08:00:00,0.88741,0.88952,0.88651,0.88928,13298
2024-11-14 12:00:00,0.88928,0.89095,0.88822,0.89003,21131
2024-11-14 16:00:00,0.89002,0.89022,0.8865,0.88774,23347
2024-11-14 20:00:00,0.88773,0.89175,0.88763,0.89042,15283
2024-11-15 00:00:00,0.88966,0.89073,0.88929,0.89008,6887
2024-11-15 04:00:00,0.89007,0.89007,0.88902,0.88921,6911
2024-11-15 08:00:00,0.8892,0.8895,0.88677,0.88831,15570
2024-11-15 12:00:00,0.88832,0.88952,0.88656,0.88844,20635
2024-11-15 16:00:00,0.88844,0.88995,0.88631,0.88682,27783
2024-11-15 20:00:00,0.88682,0.88872,0.88589,0.88839,12101
2024-11-18 00:00:00,0.88708,0.8887,0.88666,0.88767,9290
2024-11-18 04:00:00,0.88768,0.88833,0.88728,0.88763,6452
2024-11-18 08:00:00,0.88764,0.8877,0.88539,0.88591,12880
2024-11-18 12:00:00,0.88593,0.88816,0.88576,0.88577,13318
2024-11-18 16:00:00,0.88575,0.88649,0.88387,0.88419,16709
2024-11-18 20:00:00,0.88421,0.88444,0.88287,0.88303,6559
2024-11-19 00:00:00,0.88231,0.8836,0.88224,0.88298,5922
2024-11-19 04:00:00,0.88299,0.88388,0.88271,0.88384,5937
2024-11-19 08:00:00,0.88384,0.88433,0.88237,0.88354,22272
2024-11-19 12:00:00,0.88354,0.8837,0.88008,0.88076,19893
2024-11-19 16:00:00,0.88077,0.88322,0.88058,0.88321,23302
2024-11-19 20:00:00,0.88322,0.88445,0.88226,0.88232,7152
2024-11-20 00:00:00,0.8816,0.88314,0.8816,0.88258,4357
2024-11-20 04:00:00,0.88258,0.88375,0.88246,0.88355,3806
2024-11-20 08:00:00,0.88357,0.88572,0.88344,0.88546,13285
2024-11-20 12:00:00,0.88545,0.8862,0.88419,0.88446,12069
2024-11-20 16:00:00,0.88445,0.88589,0.88359,0.8842,16788
2024-11-20 20:00:00,0.88421,0.88491,0.88386,0.88408,6814
2024-11-21 00:00:00,0.88373,0.88414,0.883,0.88336,5035
2024-11-21 04:00:00,0.88335,0.88336,0.88248,0.88312,5292
2024-11-21 08:00:00,0.88311,0.88411,0.88206,0.88409,18841
2024-11-21 12:00:00,0.88408,0.88441,0.88268,0.88335,15198
2024-11-21 16:00:00,0.88334,0.88699,0.88247,0.88594,24306
2024-11-21 20:00:00,0.88594,0.88698,0.88593,0.8869,6986
2024-11-22 00:00:00,0.88652,0.88693,0.88609,0.88642,5615
2024-11-22 04:00:00,0.88643,0.88686,0.88591,0.88678,5442
2024-11-22 08:00:00,0.88679,0.89099,0.88511,0.88901,24261
2024-11-22 12:00:00,0.889,0.89375,0.88772,0.89305,19601
2024-11-22 16:00:00,0.89306,0.89575,0.89253,0.89344,24264
2024-11-22 20:00:00,0.89344,0.89477,0.89335,0.89427,7335
2024-11-25 00:00:00,0.89,0.89165,0.88967,0.89016,11186
2024-11-25 04:00:00,0.89016,0.89136,0.88913,0.89073,6820
2024-11-25 08:00:00,0.89072,0.89168,0.88862,0.8889,16009
2024-11-25 12:00:00,0.8889,0.89055,0.88635,0.88687,16721
2024-11-25 16:00:00,0.88687,0.88797,0.88482,0.88719,23886
2024-11-25 20:00:00,0.8872,0.88721,0.8851,0.88643,9054
2024-11-26 00:00:00,0.88655,0.88942,0.88549,0.88779,16309
2024-11-26 04:00:00,0.88778,0.88827,0.88619,0.887,8373
2024-11-26 08:00:00,0.88699,0.88771,0.88545,0.88592,14903
2024-11-26 12:00:00,0.88592,0.88673,0.88422,0.88655,18699
2024-11-26 16:00:00,0.88656,0.88845,0.88633,0.88795,24169
2024-11-26 20:00:00,0.88795,0.88868,0.88632,0.88648,11842
2024-11-27 00:00:00,0.88589,0.8867,0.88538,0.88566,9268
2024-11-27 04:00:00,0.88566,0.88617,0.88546,0.88581,5872
2024-11-27 08:00:00,0.88582,0.88584,0.88162,0.88284,19052
2024-11-27 12:00:00,0.88284,0.88411,0.88145,0.88151,21520
2024-11-27 16:00:00,0.8815,0.88368,0.87972,0.88104,27127
2024-11-27 20:00:00,0.88104,0.88235,0.88069,0.88195,8846
2024-11-28 00:00:00,0.88113,0.88353,0.88043,0.88288,8041
2024-11-28 04:00:00,0.88287,0.88377,0.88268,0.88341,5046
2024-11-28 08:00:00,0.88343,0.88472,0.88289,0.88467,14370
2024-11-28 12:00:00,0.88467,0.88478,0.88304,0.88348,9396
2024-11-28 16:00:00,0.88349,0.88391,0.88246,0.88296,8693
2024-11-28 20:00:00,0.88296,0.88312,0.88273,0.88292,3260
2024-11-29 00:00:00,0.88268,0.8828,0.88012,0.88109,11176
2024-11-29 04:00:00,0.88108,0.88172,0.88084,0.88157,8220
2024-11-29 08:00:00,0.88159,0.88191,0.87951,0.88116,14965
2024-11-29 12:00:00,0.88115,0.88211,0.88014,0.88054,12735
2024-11-29 16:00:00,0.88053,0.88275,0.88025,0.88097,17142
2024-11-29 20:00:00,0.88097,0.88129,0.87994,0.88118,21772
2024-12-02 00:00:00,0.87984,0.88407,0.87965,0.88398,11349
2024-12-02 04:00:00,0.88397,0.88536,0.88385,0.88489,7554
2024-12-02 08:00:00,0.88489,0.88617,0.8835,0.88596,18222
2024-12-02 12:00:00,0.88596,0.88717,0.88475,0.88647,16112
2024-12-02 16:00:00,0.88646,0.88895,0.88593,0.88699,23713
2024-12-02 20:00:00,0.88699,0.88737,0.88511,0.88606,11094
2024-12-03 00:00:00,0.88579,0.888,0.88579,0.88778,7718
2024-12-03 04:00:00,0.88778,0.88885,0.88764,0.88798,7433
2024-12-03 08:00:00,0.88798,0.88846,0.88434,0.88525,12772
2024-12-03 12:00:00,0.88525,0.88574,0.88294,0.88332,10137
2024-12-03 16:00:00,0.88332,0.88638,0.88325,0.885,20007
2024-12-03 20:00:00,0.885,0.8864,0.88432,0.886,7229
2024-12-04 00:00:00,0.88594,0.88757,0.88582,0.88692,8412
2024-12-04 04:00:00,0.88692,0.88746,0.88564,0.88614,8645
2024-12-04 08:00:00,0.88614,0.88795,0.88528,0.88705,13314
2024-12-04 12:00:00,0.88705,0.88743,0.88567,0.88714,14427
2024-12-04 16:00:00,0.88714,0.8876,0.88262,0.88292,22435
2024-12-04 20:00:00,0.88292,0.88477,0.88288,0.88411,11136
2024-12-05 00:00:00,0.88359,0.8846,0.88343,0.8843,6590
2024-12-05 04:00:00,0.8843,0.8845,0.88334,0.8835,7188
2024-12-05 08:00:00,0.8835,0.8853,0.88308,0.88488,10182
2024-12-05 12:00:00,0.88488,0.88505,0.88097,0.88161,14529
2024-12-05 16:00:00,0.88161,0.88166,0.87882,0.87962,19557
2024-12-05 20:00:00,0.87962,0.88046,0.87788,0.87802,8914
2024-12-06 00:00:00,0.87794,0.87946,0.87788,0.87917,7209
2024-12-06 04:00:00,0.87917,0.87919,0.87822,0.87915,7082
2024-12-06 08:00:00,0.87915,0.87968,0.87796,0.87884,9449
2024-12-06 12:00:00,0.87884,0.87892,0.87334,0.8751,17216
2024-12-06 16:00:00,0.8751,0.87898,0.87466,0.8787,23711
2024-12-06 20:00:00,0.8787,0.8797,0.87811,0.8782,6816
2024-12-09 00:00:00,0.87821,0.87927,0.87805,0.87912,8073
2024-12-09 04:00:00,0.87912,0.88039,0.87877,0.88011,7058
2024-12-09 08:00:00,0.88011,0.88023,0.8789,0.87964,11010
2024-12-09 12:00:00,0.87964,0.87985,0.87814,0.8785,10791
2024-12-09 16:00:00,0.8785,0.8792,0.87585,0.87825,15369
2024-12-09 20:00:00,0.87825,0.87927,0.878,0.87829,5915
2024-12-10 00:00:00,0.87814,0.87919,0.87792,0.87859,5368
2024-12-10 04:00:00,0.87859,0.87868,0.87712,0.87721,7421
2024-12-10 08:00:00,0.87721,0.88076,0.87706,0.88042,10490
2024-12-10 12:00:00,0.88042,0.8807,0.87942,0.87991,11867
2024-12-10 16:00:00,0.8799,0.88298,0.8795,0.88278,16191
2024-12-10 20:00:00,0.8828,0.88324,0.88181,0.88295,6454
2024-12-11 00:00:00,0.8824,0.88326,0.88194,0.88303,4280
2024-12-11 04:00:00,0.88302,0.8838,0.88263,0.88347,4776
2024-12-11 08:00:00,0.88348,0.8854,0.8833,0.88425,14873
2024-12-11 12:00:00,0.88425,0.88473,0.88107,0.88188,19649
2024-12-11 16:00:00,0.88191,0.88487,0.88148,0.88473,23169
2024-12-11 20:00:00,0.88473,0.88534,0.88379,0.88411,8603
2024-12-12 00:00:00,0.88351,0.88406,0.88284,0.88349,5314
2024-12-12 04:00:00,0.88349,0.88423,0.88345,0.88386,5766
2024-12-12 08:00:00,0.88385,0.88938,0.88162,0.88654,17159
2024-12-12 12:00:00,0.88656,0.88989,0.88549,0.88867,19377
2024-12-12 16:00:00,0.88867,0.89019,0.88669,0.88913,28262
2024-12-12 20:00:00,0.88911,0.89275,0.88907,0.89239,10298
2024-12-13 00:00:00,0.89149,0.89271,0.89149,0.8925,6687
2024-12-13 04:00:00,0.8925,0.89304,0.89219,0.8922,5569
2024-12-13 08:00:00,0.89221,0.89445,0.89219,0.89443,11305
2024-12-13 12:00:00,0.8944,0.89456,0.89146,0.89211,13412
2024-12-13 16:00:00,0.89211,0.89422,0.89198,0.89246,14642
2024-12-13 20:00:00,0.89246,0.89303,0.89215,0.89264,5996
2024-12-16 00:00:00,0.89271,0.893,0.89101,0.89123,9070
2024-12-16 04:00:00,0.89124,0.89153,0.89033,0.8905,8091
2024-12-16 08:00:00,0.89051,0.89183,0.88984,0.89043,13625
2024-12-16 12:00:00,0.89045,0.89357,0.89013,0.89309,11407
2024-12-16 16:00:00,0.89308,0.89484,0.89216,0.8939,17771
2024-12-16 20:00:00,0.8939,0.89476,0.89347,0.89428,7185
2024-12-17 00:00:00,0.89328,0.89447,0.89313,0.8932,7529
2024-12-17 04:00:00,0.89321,0.89523,0.89298,0.89457,5484
2024-12-17 08:00:00,0.89457,0.89741,0.89444,0.89737,11178
2024-12-17 12:00:00,0.89736,0.89744,0.89523,0.89545,13696
2024-12-17 16:00:00,0.89545,0.89562,0.89176,0.89196,17816
2024-12-17 20:00:00,0.89196,0.89298,0.89143,0.89263,6337
2024-12-18 00:00:00,0.89216,0.89282,0.89193,0.8923,6228
2024-12-18 04:00:00,0.89229,0.89294,0.89212,0.89239,5129
2024-12-18 08:00:00,0.89237,0.89421,0.89172,0.8937,11019
2024-12-18 12:00:00,0.89368,0.89455,0.89305,0.8934,11415
2024-12-18 16:00:00,0.8934,0.89401,0.89209,0.89278,14811
2024-12-18 20:00:00,0.89278,0.90203,0.89171,0.90118,29997
2024-12-19 00:00:00,0.90062,0.90216,0.89965,0.89988,9764
2024-12-19 04:00:00,0.89987,0.90109,0.89942,0.89955,9270
2024-12-19 08:00:00,0.89955,0.90025,0.89602,0.89615,20104
2024-12-19 12:00:00,0.89613,0.89725,0.89514,0.89721,19933
2024-12-19 16:00:00,0.89721,0.89961,0.8968,0.8994,24629
2024-12-19 20:00:00,0.8994,0.89975,0.8977,0.8988,10145
2024-12-20 00:00:00,0.89803,0.89915,0.89782,0.89808,9066
2024-12-20 04:00:00,0.89807,0.89866,0.89751,0.89772,7417
2024-12-20 08:00:00,0.89772,0.89865,0.89477,0.89526,14659
2024-12-20 12:00:00,0.89525,0.8953,0.89292,0.89394,15529
2024-12-20 16:00:00,0.89395,0.89526,0.89155,0.89224,24780
2024-12-20 20:00:00,0.89227,0.89334,0.89131,0.89312,8705
2024-12-23 00:00:00,0.89172,0.89361,0.89102,0.89307,11391
2024-12-23 04:00:00,0.89307,0.89373,0.89272,0.89366,4958
2024-12-23 08:00:00,0.89367,0.89549,0.89332,0.89549,9337
2024-12-23 12:00:00,0.89547,0.89842,0.89498,0.89721,10947
2024-12-23 16:00:00,0.89721,0.90016,0.8969,0.89919,14115
2024-12-23 20:00:00,0.89919,0.89923,0.89817,0.8986,6225
2024-12-24 00:00:00,0.89803,0.89908,0.89787,0.89865,3778
2024-12-24 04:00:00,0.89864,0.89963,0.89825,0.89851,3969
2024-12-24 08:00:00,0.8985,0.90082,0.89849,0.90068,6294
2024-12-24 12:00:00,0.90068,0.90077,0.89949,0.89978,6859
2024-12-24 16:00:00,0.89979,0.90116,0.89955,0.90095,10137
2024-12-24 20:00:00,0.90095,0.90119,0.89908,0.89982,3610
2024-12-26 00:00:00,0.89894,0.90005,0.89865,0.89961,6377
2024-12-26 04:00:00,0.89961,0.90003,0.89936,0.89971,2980
2024-12-26 08:00:00,0.89972,0.90041,0.89951,0.89956,5553
2024-12-26 12:00:00,0.89953,0.90096,0.89933,0.90072,6967
2024-12-26 16:00:00,0.90074,0.90099,0.89957,0.8997,10340
2024-12-26 20:00:00,0.8997,0.8997,0.89843,0.89873,6417
2024-12-27 00:00:00,0.89844,0.89947,0.89838,0.89922,3602
2024-12-27 04:00:00,0.89922,0.89966,0.89903,0.89963,3226
2024-12-27 08:00:00,0.89962,0.90117,0.8995,0.89982,8746
2024-12-27 12:00:00,0.89982,0.90118,0.89949,0.90074,9031
2024-12-27 16:00:00,0.90072,0.90272,0.90019,0.90258,14062
2024-12-27 20:00:00,0.90258,0.90267,0.90159,0.90222,5470
2024-12-30 00:00:00,0.90074,0.90197,0.90034,0.90164,3351
2024-12-30 04:00:00,0.90162,0.90194,0.90141,0.90169,2249
2024-12-30 08:00:00,0.9017,0.90397,0.90141,0.90183,6499
2024-12-30 12:00:00,0.90184,0.90598,0.90099,0.90585,10610
2024-12-30 16:00:00,0.90584,0.90735,0.90419,0.90511,19375
2024-12-30 20:00:00,0.9051,0.90512,0.90335,0.90351,6167
2024-12-31 00:00:00,0.90356,0.90385,0.90247,0.90277,3664
2024-12-31 04:00:00,0.90277,0.90309,0.90244,0.90297,3581
2024-12-31 08:00:00,0.90298,0.90396,0.90226,0.90378,7750
2024-12-31 12:00:00,0.90378,0.90604,0.90363,0.90519,11450
2024-12-31 16:00:00,0.90517,0.90801,0.90407,0.90772,18892
2024-12-31 20:00:00,0.9077,0.90788,0.90698,0.90714,5355
2025-01-02 00:00:00,0.90636,0.90782,0.90541,0.90603,6692
2025-01-02 04:00:00,0.90604,0.90604,0.90421,0.905,3563
2025-01-02 08:00:00,0.905,0.90586,0.90387,0.90477,9004
2025-01-02 12:00:00,0.90478,0.90896,0.90446,0.9087,15452
2025-01-02 16:00:00,0.90869,0.9137,0.90777,0.91239,23340
2025-01-02 20:00:00,0.91238,0.91352,0.91204,0.91237,6781
2025-01-03 00:00:00,0.91156,0.91245,0.9114,0.91153,4308
2025-01-03 04:00:00,0.91154,0.91244,0.91087,0.9114,4301
2025-01-03 08:00:00,0.9114,0.91165,0.90858,0.90916,9836
2025-01-03 12:00:00,0.90916,0.90986,0.90871,0.90931,8838
2025-01-03 16:00:00,0.90931,0.91075,0.90798,0.90923,13726
2025-01-03 20:00:00,0.90924,0.90982,0.90854,0.90871,4564
2025-01-06 00:00:00,0.90825,0.91048,0.90805,0.90986,5224
2025-01-06 04:00:00,0.90986,0.90993,0.9091,0.90956,3958
2025-01-06 08:00:00,0.90957,0.90993,0.90536,0.90597,11631
2025-01-06 12:00:00,0.90596,0.9067,0.90082,0.90227,24100
2025-01-06 16:00:00,0.90227,0.90666,0.90166,0.90396,26364
2025-01-06 20:00:00,0.90394,0.90509,0.90388,0.90453,7313
2025-01-07 00:00:00,0.90452,0.90595,0.90407,0.90529,7037
2025-01-07 04:00:00,0.90531,0.90557,0.90327,0.90379,5420
2025-01-07 08:00:00,0.90379,0.90528,0.90222,0.90407,13616
2025-01-07 12:00:00,0.90408,0.90774,0.90398,0.90697,13635
2025-01-07 16:00:00,0.90697,0.9096,0.90665,0.90754,18043
2025-01-07 20:00:00,0.90754,0.90959,0.90743,0.90934,8282
2025-01-08 00:00:00,0.90941,0.90955,0.9087,0.90906,5095
2025-01-08 04:00:00,0.90905,0.90958,0.90876,0.90892,3741
2025-01-08 08:00:00,0.90891,0.91202,0.90887,0.91184,9246
2025-01-08 12:00:00,0.91184,0.91283,0.91028,0.9103,14573
2025-01-08 16:00:00,0.9103,0.91194,0.90983,0.91153,12694
2025-01-08 20:00:00,0.91152,0.9119,0.9108,0.91092,7661
2025-01-09 00:00:00,0.91074,0.91142,0.9104,0.91072,4043
2025-01-09 04:00:00,0.9107,0.91139,0.9098,0.91069,4470
2025-01-09 08:00:00,0.91069,0.91308,0.91052,0.91153,9248
2025-01-09 12:00:00,0.91153,0.91274,0.91071,0.91124,8005
2025-01-09 16:00:00,0.91125,0.91298,0.91068,0.91269,7396
2025-01-09 20:00:00,0.91269,0.91292,0.91194,0.91233,2996
2025-01-10 00:00:00,0.91142,0.91239,0.91142,0.91173,3799
2025-01-10 04:00:00,0.91173,0.913,0.91164,0.91297,3417
2025-01-10 08:00:00,0.91297,0.91345,0.91219,0.9134,7188
2025-01-10 12:00:00,0.9134,0.91883,0.91304,0.91662,10944
2025-01-10 16:00:00,0.91663,0.91794,0.91451,0.91646,19059
2025-01-10 20:00:00,0.91647,0.91759,0.91605,0.91611,6803
2025-01-13 00:00:00,0.91588,0.91736,0.91571,0.9165,4737
2025-01-13 04:00:00,0.9165,0.9179,0.91628,0.917,4310
2025-01-13 08:00:00,0.917,0.91798,0.91543,0.91701,10989
2025-01-13 12:00:00,0.917,0.91716,0.91552,0.91669,9969
2025-01-13 16:00:00,0.91669,0.92006,0.91666,0.91828,11928
2025-01-13 20:00:00,0.91829,0.91912,0.91696,0.91699,6168
2025-01-14 00:00:00,0.91603,0.91689,0.9151,0.9163,6449
2025-01-14 04:00:00,0.91631,0.91695,0.9156,0.91606,5261
2025-01-14 08:00:00,0.91606,0.91615,0.91291,0.91596,10056
2025-01-14 12:00:00,0.91596,0.91735,0.91408,0.9163,11030
2025-01-14 16:00:00,0.9163,0.91697,0.91329,0.91409,14458
2025-01-14 20:00:00,0.91409,0.91415,0.91211,0.91211,5786
2025-01-15 00:00:00,0.912,0.91275,0.91155,0.91234,3335
2025-01-15 04:00:00,0.91234,0.91289,0.9119,0.91257,3751
2025-01-15 08:00:00,0.91257,0.91263,0.91093,0.91178,8809
2025-01-15 12:00:00,0.91178,0.9124,0.90773,0.90933,10878
2025-01-15 16:00:00,0.9093,0.91463,0.90918,0.91304,16032
2025-01-15 20:00:00,0.91303,0.91343,0.9123,0.91233,6168
2025-01-16 00:00:00,0.91215,0.91285,0.91177,0.9122,4602
2025-01-16 04:00:00,0.91215,0.91287,0.91119,0.91274,4873
2025-01-16 08:00:00,0.91275,0.9128,0.91052,0.91109,7823
2025-01-16 12:00:00,0.91108,0.91357,0.91103,0.912,9389
2025-01-16 16:00:00,0.91203,0.91363,0.91,0.91084,16676
2025-01-16 20:00:00,0.91084,0.91136,0.91031,0.91031,6359
2025-01-17 00:00:00,0.91009,0.91136,0.90995,0.91028,3871
2025-01-17 04:00:00,0.91027,0.91186,0.91011,0.91153,4173
2025-01-17 08:00:00,0.91153,0.91297,0.90962,0.91117,7662
2025-01-17 12:00:00,0.91114,0.91335,0.91075,0.91311,8432
2025-01-17 16:00:00,0.91311,0.91522,0.91089,0.91463,14883
2025-01-17 20:00:00,0.91463,0.91534,0.91411,0.91452,4629
2025-01-20 00:00:00,0.91288,0.91519,0.91288,0.91356,4839
2025-01-20 04:00:00,0.91356,0.91397,0.91267,0.91297,3826
2025-01-20 08:00:00,0.91296,0.91388,0.91204,0.91381,7317
2025-01-20 12:00:00,0.91381,0.91461,0.90827,0.90889,10535
2025-01-20 16:00:00,0.90888,0.91051,0.90673,0.90814,17146
2025-01-20 20:00:00,0.90814,0.90873,0.90554,0.90639,4876
2025-01-21 00:00:00,0.90578,0.90977,0.9051,0.90831,12847
2025-01-21 04:00:00,0.90831,0.90839,0.90625,0.90792,6857
2025-01-21 08:00:00,0.90794,0.91106,0.90758,0.91056,8733
2025-01-21 12:00:00,0.91056,0.91145,0.90885,0.90928,10209
2025-01-21 16:00:00,0.90925,0.90981,0.90634,0.90726,13601
2025-01-21 20:00:00,0.90726,0.90735,0.90515,0.90527,4912
2025-01-22 00:00:00,0.90572,0.90737,0.90467,0.90672,7028
2025-01-22 04:00:00,0.90672,0.90722,0.90633,0.90676,4687
2025-01-22 08:00:00,0.90676,0.90724,0.90423,0.90429,9869
2025-01-22 12:00:00,0.90429,0.90635,0.90326,0.90601,9240
2025-01-22 16:00:00,0.90601,0.90752,0.90589,0.90664,11180
2025-01-22 20:00:00,0.90664,0.90697,0.90581,0.90622,4212
2025-01-23 00:00:00,0.90596,0.90653,0.90555,0.90635,4721
2025-01-23 04:00:00,0.90637,0.90668,0.90602,0.90653,7608
2025-01-23 08:00:00,0.90653,0.90794,0.90602,0.90721,9529
2025-01-23 12:00:00,0.90723,0.90883,0.90632,0.9074,9713
2025-01-23 16:00:00,0.90739,0.91084,0.90606,0.9062,14861
2025-01-23 20:00:00,0.9062,0.90747,0.90612,0.90705,5220
2025-01-24 00:00:00,0.90656,0.90765,0.90656,0.90713,4289
2025-01-24 04:00:00,0.90713,0.90714,0.90468,0.9051,9377
2025-01-24 08:00:00,0.9051,0.90593,0.90272,0.90421,14655
2025-01-24 12:00:00,0.90421,0.90706,0.90417,0.9063,10135
2025-01-24 16:00:00,0.90629,0.90711,0.90399,0.90504,12542
2025-01-24 20:00:00,0.90504,0.9064,0.9048,0.90581,3990
2025-01-27 00:00:00,0.90581,0.9072,0.90532,0.90648,5896
2025-01-27 04:00:00,0.90646,0.90729,0.90594,0.90671,5096
2025-01-27 08:00:00,0.90671,0.90723,0.90128,0.90149,11832
2025-01-27 12:00:00,0.90149,0.90149,0.89649,0.89863,16453
2025-01-27 16:00:00,0.89864,0.90204,0.89804,0.90108,13647
2025-01-27 20:00:00,0.90108,0.90226,0.90101,0.90197,5763
2025-01-28 00:00:00,0.90162,0.90534,0.90131,0.90483,8849
2025-01-28 04:00:00,0.90483,0.90593,0.90452,0.90521,6057
2025-01-28 08:00:00,0.90521,0.90707,0.90463,0.90576,10016
2025-01-28 12:00:00,0.90576,0.90677,0.90514,0.906,9000
2025-01-28 16:00:00,0.906,0.906,0.90401,0.9044,9632
2025-01-28 20:00:00,0.90438,0.90504,0.90382,0.90406,4601
2025-01-29 00:00:00,0.90369,0.90439,0.90369,0.90416,3532
2025-01-29 04:00:00,0.90416,0.90429,0.90312,0.90333,4048
2025-01-29 08:00:00,0.90328,0.90643,0.90321,0.90631,8289
2025-01-29 12:00:00,0.90631,0.90815,0.90565,0.90811,9379
2025-01-29 16:00:00,0.90809,0.9082,0.90562,0.90685,12058
2025-01-29 20:00:00,0.90683,0.90949,0.9059,0.90672,13166
2025-01-30 00:00:00,0.9062,0.90678,0.90597,0.90667,8585
2025-01-30 04:00:00,0.90668,0.90694,0.90621,0.90636,6319
2025-01-30 08:00:00,0.90637,0.90781,0.90616,0.90762,8188
2025-01-30 12:00:00,0.90763,0.90894,0.9064,0.90663,11093
2025-01-30 16:00:00,0.90658,0.9092,0.9059,0.90876,13093
2025-01-30 20:00:00,0.90873,0.91035,0.90815,0.90971,7861
2025-01-31 00:00:00,0.90874,0.91046,0.9087,0.90979,7444
2025-01-31 04:00:00,0.90979,0.91041,0.90946,0.91008,5059
2025-01-31 08:00:00,0.91008,0.91156,0.90869,0.91068,9460
2025-01-31 12:00:00,0.91068,0.91123,0.90902,0.90993,9752
2025-01-31 16:00:00,0.90992,0.91094,0.90713,0.90796,15999
2025-01-31 20:00:00,0.90796,0.91144,0.90779,0.91108,13514
2025-02-03 00:00:00,0.91376,0.91678,0.91341,0.91584,14728
2025-02-03 04:00:00,0.91584,0.91764,0.91583,0.91611,9777
2025-02-03 08:00:00,0.91611,0.91966,0.91528,0.91734,13568
2025-02-03 12:00:00,0.91734,0.91752,0.91327,0.91491,12697
2025-02-03 16:00:00,0.91491,0.91619,0.91026,0.91378,23659
2025-02-03 20:00:00,0.91378,0.91433,0.90924,0.91062,9446
2025-02-04 00:00:00,0.90965,0.91252,0.90956,0.91177,6125
2025-02-04 04:00:00,0.91176,0.91313,0.9112,0.91272,7499
2025-02-04 08:00:00,0.91272,0.9128,0.90878,0.90964,9974
2025-02-04 12:00:00,0.90965,0.91002,0.90822,0.90868,8578
2025-02-04 16:00:00,0.90867,0.90867,0.90502,0.90546,13910
2025-02-04 20:00:00,0.90546,0.90574,0.90453,0.905,4973
2025-02-05 00:00:00,0.90461,0.90592,0.90435,0.90588,5577
2025-02-05 04:00:00,0.90589,0.90593,0.9044,0.90559,4661
2025-02-05 08:00:00,0.90561,0.90584,0.90185,0.90253,9886
2025-02-05 12:00:00,0.90253,0.90336,0.90077,0.90292,10082
2025-02-05 16:00:00,0.90291,0.90319,0.90015,0.90068,13758
2025-02-05 20:00:00,0.90068,0.9018,0.90015,0.90174,4826
2025-02-06 00:00:00,0.90122,0.90186,0.90084,0.90102,4409
2025-02-06 04:00:00,0.90101,0.90301,0.90078,0.90292,4098
2025-02-06 08:00:00,0.90292,0.90547,0.90266,0.90531,7565
2025-02-06 12:00:00,0.90531,0.90608,0.90457,0.90525,10127
2025-02-06 16:00:00,0.90524,0.90618,0.90457,0.90481,10791
2025-02-06 20:00:00,0.90483,0.90523,0.90397,0.90489,5485
2025-02-07 00:00:00,0.90422,0.90583,0.90396,0.90563,4368
2025-02-07 04:00:00,0.90563,0.90649,0.90552,0.90622,3736
2025-02-07 08:00:00,0.90622,0.90677,0.90553,0.90595,6177
2025-02-07 12:00:00,0.90595,0.90993,0.90433,0.90915,9893
2025-02-07 16:00:00,0.90915,0.91064,0.90687,0.91033,21479
2025-02-07 20:00:00,0.91033,0.91045,0.9089,0.91,5464
2025-02-10 00:00:00,0.91022,0.91189,0.91013,0.91176,5691
2025-02-10 04:00:00,0.91176,0.91223,0.91085,0.91102,4062
2025-02-10 08:00:00,0.91102,0.91126,0.9097,0.91021,7337
2025-02-10 12:00:00,0.9102,0.91113,0.90936,0.90997,7055
2025-02-10 16:00:00,0.90997,0.91166,0.90975,0.91126,8783
2025-02-10 20:00:00,0.91126,0.91162,0.91104,0.91137,3883
2025-02-11 00:00:00,0.91054,0.91157,0.91054,0.91125,3871
2025-02-11 04:00:00,0.91125,0.9118,0.91121,0.91167,3408
2025-02-11 08:00:00,0.9117,0.91208,0.9111,0.91179,6451
2025-02-11 12:00:00,0.91179,0.91398,0.91152,0.91336,6585
2025-02-11 16:00:00,0.91336,0.91395,0.91235,0.91313,9097
2025-02-11 20:00:00,0.91313,0.91406,0.91222,0.91325,5412
2025-02-12 00:00:00,0.91223,0.91346,0.91223,0.91292,3717
2025-02-12 04:00:00,0.91292,0.91362,0.91255,0.91307,4099
2025-02-12 08:00:00,0.91308,0.91325,0.91024,0.91051,6944
2025-02-12 12:00:00,0.91049,0.91558,0.91038,0.91444,10275
2025-02-12 16:00:00,0.9145,0.91505,0.91132,0.91172,17014
2025-02-12 20:00:00,0.91171,0.91386,0.91156,0.91357,6615
2025-02-13 00:00:00,0.91265,0.91402,0.9122,0.91313,4616
2025-02-13 04:00:00,0.91312,0.91337,0.91095,0.91134,5696
2025-02-13 08:00:00,0.91134,0.91153,0.90706,0.90789,9470
2025-02-13 12:00:00,0.90789,0.90851,0.90649,0.90756,10799
2025-02-13 16:00:00,0.90756,0.90845,0.9036,0.90434,11635
2025-02-13 20:00:00,0.90433,0.9063,0.90278,0.90304,9507
2025-02-14 00:00:00,0.90287,0.90351,0.90241,0.90304,6325
2025-02-14 04:00:00,0.90304,0.90454,0.90295,0.90439,4589
2025-02-14 08:00:00,0.90439,0.9049,0.90116,0.90184,8857
2025-02-14 12:00:00,0.90184,0.90227,0.89857,0.89892,9435
2025-02-14 16:00:00,0.89892,0.89911,0.8972,0.89802,10229
2025-02-14 20:00:00,0.89803,0.89977,0.89793,0.89961,4608
2025-02-17 00:00:00,0.89801,0.9003,0.898,0.89926,6672
2025-02-17 04:00:00,0.89926,0.90086,0.8992,0.90032,6107
2025-02-17 08:00:00,0.90032,0.90081,0.89971,0.90037,7353
2025-02-17 12:00:00,0.90036,0.90179,0.90031,0.90096,5631
2025-02-17 16:00:00,0.90097,0.90144,0.90022,0.90064,4495
2025-02-17 20:00:00,0.90064,0.90103,0.90054,0.90077,2498
2025-02-18 00:00:00,0.90044,0.90211,0.9,0.90181,4314
2025-02-18 04:00:00,0.90181,0.90343,0.90148,0.90317,4631
2025-02-18 08:00:00,0.90317,0.9032,0.89953,0.90038,6611
2025-02-18 12:00:00,0.90037,0.90225,0.90028,0.9018,6341
2025-02-18 16:00:00,0.90179,0.90364,0.90115,0.90335,7526
2025-02-18 20:00:00,0.90335,0.9041,0.90315,0.90334,3724
2025-02-19 00:00:00,0.90248,0.90436,0.90224,0.90384,4949
2025-02-19 04:00:00,0.90384,0.90402,0.90289,0.90291,3808
2025-02-19 08:00:00,0.90291,0.90494,0.90247,0.90448,6113
2025-02-19 12:00:00,0.90448,0.90514,0.90322,0.90351,7484
2025-02-19 16:00:00,0.90351,0.90544,0.90233,0.90487,8929
2025-02-19 20:00:00,0.90487,0.90495,0.90313,0.90445,4491
2025-02-20 00:00:00,0.90378,0.90463,0.90305,0.90367,4330
2025-02-20 04:00:00,0.90367,0.9037,0.90245,0.90263,5765
2025-02-20 08:00:00,0.90263,0.90294,0.90197,0.90205,6758
2025-02-20 12:00:00,0.90206,0.90306,0.90094,0.90202,8091
2025-02-20 16:00:00,0.90202,0.90267,0.89809,0.89834,10518
2025-02-20 20:00:00,0.89834,0.89866,0.89757,0.8978,4310
2025-02-21 00:00:00,0.8978,0.89958,0.89762,0.89926,5369
2025-02-21 04:00:00,0.89926,0.89926,0.89775,0.89879,5394
2025-02-21 08:00:00,0.89879,0.89943,0.89707,0.89892,8524
2025-02-21 12:00:00,0.89892,0.90046,0.89819,0.89956,6444
2025-02-21 16:00:00,0.89959,0.90038,0.89742,0.89757,10813
2025-02-21 20:00:00,0.89757,0.89799,0.89677,0.8979,6305
2025-02-24 00:00:00,0.89706,0.89851,0.89582,0.89589,8057
2025-02-24 04:00:00,0.8959,0.89639,0.89534,0.89618,5788
2025-02-24 08:00:00,0.89618,0.89936,0.89612,0.89918,8850
2025-02-24 12:00:00,0.89919,0.89982,0.89847,0.89863,7234
2025-02-24 16:00:00,0.89864,0.89895,0.89619,0.89693,10409
2025-02-24 20:00:00,0.89693,0.89748,0.89593,0.89709,4854
2025-02-25 00:00:00,0.89674,0.8978,0.89659,0.89746,3677
2025-02-25 04:00:00,0.89746,0.89766,0.89688,0.89709,3959
2025-02-25 08:00:00,0.89709,0.89741,0.89616,0.89624,8082
2025-02-25 12:00:00,0.89624,0.89694,0.89294,0.89371,8638
2025-02-25 16:00:00,0.89371,0.89417,0.89121,0.89247,12628
2025-02-25 20:00:00,0.89247,0.89291,0.89204,0.89281,5207
2025-02-26 00:00:00,0.89234,0.89309,0.89162,0.89262,4447
2025-02-26 04:00:00,0.89262,0.89467,0.89249,0.89463,4957
2025-02-26 08:00:00,0.89464,0.89517,0.8936,0.89467,7288
2025-02-26 12:00:00,0.89467,0.89645,0.89436,0.89486,7852
2025-02-26 16:00:00,0.89486,0.89595,0.89247,0.89417,13866
2025-02-26 20:00:00,0.89416,0.89489,0.89291,0.8947,6967
2025-02-27 00:00:00,0.89414,0.89535,0.89372,0.89512,3881
2025-02-27 04:00:00,0.89512,0.89739,0.89502,0.89702,5067
2025-02-27 08:00:00,0.89704,0.89782,0.89582,0.89753,7865
2025-02-27 12:00:00,0.89753,0.90019,0.89647,0.89998,10804
2025-02-27 16:00:00,0.89999,0.90055,0.89767,0.89926,14712
2025-02-27 20:00:00,0.89925,0.89973,0.8989,0.89962,5602
2025-02-28 00:00:00,0.89926,0.90012,0.89824,0.89887,5369
2025-02-28 04:00:00,0.89888,0.89943,0.89867,0.8993,5314
2025-02-28 08:00:00,0.89931,0.90227,0.89924,0.90188,8417
2025-02-28 12:00:00,0.90188,0.90314,0.90119,0.90201,8376
2025-02-28 16:00:00,0.90201,0.90301,0.90096,0.90188,14246
2025-02-28 20:00:00,0.90189,0.90359,0.90158,0.90281,8744
2025-03-03 00:00:00,0.90209,0.903,0.90185,0.90205,6635
2025-03-03 04:00:00,0.90205,0.90224,0.90148,0.90204,4973
2025-03-03 08:00:00,0.90204,0.90311,0.90027,0.90078,7620
2025-03-03 12:00:00,0.90075,0.90175,0.89957,0.89982,9981
2025-03-03 16:00:00,0.89982,0.89982,0.89674,0.89679,13054
2025-03-03 20:00:00,0.8968,0.89782,0.89603,0.89669,9988
2025-03-04 00:00:00,0.89649,0.89715,0.89456,0.89581,7092
2025-03-04 04:00:00,0.89581,0.89675,0.89569,0.89595,6636
2025-03-04 08:00:00,0.89595,0.89599,0.89052,0.89147,11570
2025-03-04 12:00:00,0.89147,0.89207,0.88715,0.88901,13179
2025-03-04 16:00:00,0.88901,0.89129,0.88863,0.88979,18279
2025-03-04 20:00:00,0.88979,0.8901,0.88808,0.88942,11684
2025-03-05 00:00:00,0.88856,0.89098,0.8884,0.89088,6790
2025-03-05 04:00:00,0.89088,0.89129,0.8895,0.88953,6228
2025-03-05 08:00:00,0.88953,0.88983,0.88557,0.88573,11500
2025-03-05 12:00:00,0.88573,0.89004,0.88566,0.88815,12800
2025-03-05 16:00:00,0.88816,0.8912,0.88704,0.89076,20384
2025-03-05 20:00:00,0.89075,0.89144,0.89031,0.89044,7989
2025-03-06 00:00:00,0.89002,0.8914,0.88945,0.8903,5307
2025-03-06 04:00:00,0.89031,0.89256,0.89021,0.89078,6993
2025-03-06 08:00:00,0.89078,0.89126,0.88574,0.88602,14224
2025-03-06 12:00:00,0.88602,0.88813,0.88452,0.8848,13080
2025-03-06 16:00:00,0.8848,0.88695,0.88274,0.88448,18879
2025-03-06 20:00:00,0.88448,0.88452,0.8825,0.88355,7401
2025-03-07 00:00:00,0.88324,0.88359,0.88212,0.88273,5119
2025-03-07 04:00:00,0.88273,0.88296,0.88134,0.88137,4899
2025-03-07 08:00:00,0.88137,0.88191,0.87669,0.87854,9210
2025-03-07 12:00:00,0.87854,0.8819,0.87774,0.87919,12330
2025-03-07 16:00:00,0.8792,0.8803,0.87677,0.87903,19148
2025-03-07 20:00:00,0.87903,0.88103,0.87899,0.87975,7294
2025-03-10 00:00:00,0.87927,0.88025,0.87651,0.87686,6449
2025-03-10 04:00:00,0.87686,0.87898,0.87655,0.87879,4978
2025-03-10 08:00:00,0.8788,0.88032,0.87796,0.87873,8055
2025-03-10 12:00:00,0.87872,0.87881,0.8758,0.87708,11749
2025-03-10 16:00:00,0.87709,0.88192,0.87671,0.88166,13831
2025-03-10 20:00:00,0.88166,0.88216,0.8806,0.88083,7191
2025-03-11 00:00:00,0.88,0.88111,0.87779,0.87815,4877
2025-03-11 04:00:00,0.87813,0.87968,0.87728,0.87897,6793
2025-03-11 08:00:00,0.87897,0.88113,0.87798,0.88046,10055
2025-03-11 12:00:00,0.88046,0.88257,0.87981,0.88046,9729
2025-03-11 16:00:00,0.8805,0.88158,0.87867,0.88103,19481
2025-03-11 20:00:00,0.88103,0.88352,0.87996,0.8826,9922
2025-03-12 00:00:00,0.88173,0.88362,0.88167,0.88355,2674
2025-03-12 04:00:00,0.88355,0.88396,0.88278,0.88365,3322
2025-03-12 08:00:00,0.88365,0.88401,0.88146,0.88172,6827
2025-03-12 12:00:00,0.8817,0.88406,0.87943,0.88366,9941
2025-03-12 16:00:00,0.88365,0.88519,0.88232,0.88283,14048
2025-03-12 20:00:00,0.88282,0.88291,0.88161,0.8818,5058
2025-03-13 00:00:00,0.88121,0.882,0.88115,0.88118,2024
2025-03-13 04:00:00,0.88117,0.88201,0.88093,0.88135,3343
2025-03-13 08:00:00,0.88135,0.88302,0.88034,0.88152,7419
2025-03-13 12:00:00,0.88153,0.884,0.88066,0.88385,9466
2025-03-13 16:00:00,0.88381,0.88546,0.8831,0.88451,12385
2025-03-13 20:00:00,0.88451,0.88492,0.88185,0.88192,6271
2025-03-14 00:00:00,0.88177,0.88322,0.88142,0.88322,3022
2025-03-14 04:00:00,0.88322,0.88453,0.88318,0.88402,3964
2025-03-14 08:00:00,0.884,0.88458,0.88294,0.88359,7407
2025-03-14 12:00:00,0.88359,0.88588,0.88333,0.88526,10154
2025-03-14 16:00:00,0.88525,0.88637,0.88419,0.88459,12267
2025-03-14 20:00:00,0.88458,0.88527,0.88434,0.88506,3886
2025-03-17 00:00:00,0.88438,0.8853,0.88375,0.8845,3331
2025-03-17 04:00:00,0.8845,0.88476,0.88378,0.88452,4050
2025-03-17 08:00:00,0.88453,0.88469,0.88338,0.8834,5957
2025-03-17 12:00:00,0.88338,0.88361,0.88128,0.88216,8311
2025-03-17 16:00:00,0.88215,0.8829,0.87975,0.88037,11100
2025-03-17 20:00:00,0.88038,0.88122,0.8801,0.88074,5220
2025-03-18 00:00:00,0.88028,0.88135,0.87988,0.88131,2383
2025-03-18 04:00:00,0.88131,0.88162,0.88087,0.88097,3104
2025-03-18 08:00:00,0.88097,0.88185,0.87916,0.87959,5474
2025-03-18 12:00:00,0.87959,0.88065,0.87882,0.87985,7249
2025-03-18 16:00:00,0.87985,0.88004,0.87627,0.87696,11388
2025-03-18 20:00:00,0.87696,0.87697,0.8759,0.87652,5906
2025-03-19 00:00:00,0.876,0.87751,0.87576,0.87745,2504
2025-03-19 04:00:00,0.87745,0.87762,0.87672,0.87727,2934
2025-03-19 08:00:00,0.87727,0.87779,0.87664,0.87703,7439
2025-03-19 12:00:00,0.87701,0.88,0.87696,0.87917,7109
2025-03-19 16:00:00,0.87914,0.88088,0.87885,0.87968,7590
2025-03-19 20:00:00,0.87968,0.88092,0.87689,0.87745,10037
2025-03-20 00:00:00,0.87738,0.87756,0.87602,0.87633,3222
2025-03-20 04:00:00,0.87633,0.87701,0.87556,0.87685,6291
2025-03-20 08:00:00,0.87685,0.88146,0.8761,0.8808,8474
2025-03-20 12:00:00,0.8808,0.88364,0.88052,0.8828,11576
2025-03-20 16:00:00,0.8828,0.88426,0.88152,0.88179,9942
2025-03-20 20:00:00,0.88178,0.88231,0.8813,0.88155,3846
2025-03-21 00:00:00,0.88129,0.88238,0.88062,0.88202,3164
2025-03-21 04:00:00,0.88202,0.88376,0.88193,0.88353,3420
2025-03-21 08:00:00,0.88353,0.88398,0.88273,0.88356,5803
2025-03-21 12:00:00,0.88356,0.88376,0.87964,0.88107,7578
2025-03-21 16:00:00,0.88107,0.88362,0.88098,0.88333,10422
2025-03-21 20:00:00,0.88333,0.88359,0.88254,0.88331,4149
2025-03-24 00:00:00,0.88255,0.88347,0.88249,0.88306,3094
2025-03-24 04:00:00,0.88306,0.88391,0.88304,0.88359,3448
2025-03-24 08:00:00,0.88359,0.88391,0.88167,0.88229,6150
2025-03-24 12:00:00,0.88229,0.88294,0.87994,0.88166,7238
2025-03-24 16:00:00,0.88166,0.88456,0.88119,0.88338,10214
2025-03-24 20:00:00,0.88339,0.88387,0.88259,0.88288,4348
2025-03-25 00:00:00,0.8828,0.88327,0.88247,0.883,2362
2025-03-25 04:00:00,0.883,0.88345,0.88265,0.88279,3026
2025-03-25 08:00:00,0.88279,0.88486,0.88261,0.88401,5004
2025-03-25 12:00:00,0.88401,0.88423,0.88049,0.88098,7787
2025-03-25 16:00:00,0.88097,0.88214,0.88001,0.8815,9398
2025-03-25 20:00:00,0.8815,0.88274,0.88105,0.88258,3360
2025-03-26 00:00:00,0.88208,0.88324,0.88206,0.88315,2470
2025-03-26 04:00:00,0.88315,0.88391,0.88252,0.88375,3440
2025-03-26 08:00:00,0.88375,0.88416,0.88314,0.88344,5963
2025-03-26 12:00:00,0.88351,0.88429,0.88289,0.88399,6878
2025-03-26 16:00:00,0.88397,0.8847,0.88308,0.88359,9076
2025-03-26 20:00:00,0.8836,0.88503,0.88351,0.88381,4805
2025-03-27 00:00:00,0.88305,0.88487,0.88305,0.88348,3795
2025-03-27 04:00:00,0.88348,0.88348,0.88195,0.88248,3774
2025-03-27 08:00:00,0.88248,0.88475,0.88246,0.8837,6846
2025-03-27 12:00:00,0.8837,0.88466,0.88261,0.88285,7360
2025-03-27 16:00:00,0.88284,0.88399,0.88036,0.88183,11108
2025-03-27 20:00:00,0.8818,0.88245,0.88137,0.88162,3490
2025-03-28 00:00:00,0.88089,0.8825,0.88053,0.88212,2704
2025-03-28 04:00:00,0.88212,0.88278,0.88193,0.88243,2686
2025-03-28 08:00:00,0.88243,0.88259,0.88109,0.88224,4778
2025-03-28 12:00:00,0.88224,0.88342,0.88191,0.8822,6409
2025-03-28 16:00:00,0.88221,0.88275,0.87995,0.88124,11237
2025-03-28 20:00:00,0.88124,0.88228,0.88073,0.88083,4146
2025-03-31 00:00:00,0.87913,0.88121,0.87843,0.87894,4396
2025-03-31 04:00:00,0.87894,0.87942,0.87836,0.87905,3745
2025-03-31 08:00:00,0.87905,0.88163,0.87808,0.88072,7987
2025-03-31 12:00:00,0.88072,0.88213,0.88048,0.88211,6756
2025-03-31 16:00:00,0.88211,0.88531,0.88127,0.8844,11099
2025-03-31 20:00:00,0.8844,0.88549,0.88404,0.88421,3910
2025-04-01 00:00:00,0.88348,0.88434,0.88319,0.88343,2488
2025-04-01 04:00:00,0.88343,0.88364,0.88263,0.88288,2954
2025-04-01 08:00:00,0.88288,0.88437,0.88247,0.88257,6228
2025-04-01 12:00:00,0.88257,0.88333,0.88176,0.88319,7258
2025-04-01 16:00:00,0.8832,0.88379,0.88167,0.88315,10728
2025-04-01 20:00:00,0.88315,0.8842,0.88315,0.88363,4055
2025-04-02 00:00:00,0.88222,0.88397,0.88222,0.88368,3102
2025-04-02 04:00:00,0.88368,0.88424,0.88314,0.8837,2622
2025-04-02 08:00:00,0.8837,0.88479,0.88359,0.88439,5163
2025-04-02 12:00:00,0.88439,0.88484,0.88281,0.88287,6513
2025-04-02 16:00:00,0.88288,0.88382,0.8815,0.88349,10878
2025-04-02 20:00:00,0.88349,0.88403,0.88122,0.88242,10726
2025-04-03 00:00:00,0.88103,0.88276,0.87635,0.87816,13282
2025-04-03 04:00:00,0.87816,0.87861,0.87497,0.87603,10897
2025-04-03 08:00:00,0.87602,0.87606,0.86528,0.86608,17969
2025-04-03 12:00:00,0.86606,0.86647,0.85848,0.85927,21600
2025-04-03 16:00:00,0.85924,0.86087,0.85468,0.86,24360
2025-04-03 20:00:00,0.86002,0.86186,0.85901,0.85902,9745
2025-04-04 00:00:00,0.85826,0.85961,0.85718,0.85753,7397
2025-04-04 04:00:00,0.85753,0.85817,0.85276,0.85309,9544
2025-04-04 08:00:00,0.85309,0.85702,0.85239,0.85558,16703
2025-04-04 12:00:00,0.85559,0.85628,0.84766,0.85281,31001
2025-04-04 16:00:00,0.85278,0.8591,0.85029,0.85852,33319
2025-04-04 20:00:00,0.85853,0.86255,0.85806,0.8604,17984
2025-04-07 00:00:00,0.85442,0.85564,0.84962,0.8539,19305
2025-04-07 04:00:00,0.85391,0.85837,0.85252,0.85284,14445
2025-04-07 08:00:00,0.85284,0.85431,0.84505,0.85117,26402
2025-04-07 12:00:00,0.85117,0.85867,0.85098,0.85634,26031
2025-04-07 16:00:00,0.85632,0.86739,0.85388,0.85846,36686
2025-04-07 20:00:00,0.85837,0.86007,0.85551,0.85966,20024
2025-04-08 00:00:00,0.85946,0.86045,0.85733,0.85751,9549
2025-04-08 04:00:00,0.85748,0.85778,0.85586,0.85682,10095
2025-04-08 08:00:00,0.85682,0.86015,0.85435,0.85919,16375
2025-04-08 12:00:00,0.85919,0.8597,0.85207,0.85289,16652
2025-04-08 16:00:00,0.85289,0.85857,0.85247,0.85273,23792
2025-04-08 20:00:00,0.85271,0.85321,0.84551,0.84747,20626
2025-04-09 00:00:00,0.84697,0.84782,0.84296,0.84336,14946
2025-04-09 04:00:00,0.84335,0.84612,0.83811,0.84043,19298
2025-04-09 08:00:00,0.84043,0.84664,0.84001,0.84286,26298
2025-04-09 12:00:00,0.84287,0.84341,0.83591,0.83671,23768
2025-04-09 16:00:00,0.83669,0.8427,0.83668,0.84173,23994
2025-04-09 20:00:00,0.84175,0.85836,0.84014,0.85693,29838
2025-04-10 00:00:00,0.85649,0.85716,0.85172,0.85226,15949
2025-04-10 04:00:00,0.85227,0.85353,0.85146,0.85244,13292
2025-04-10 08:00:00,0.85244,0.85745,0.84564,0.84612,18013
2025-04-10 12:00:00,0.84612,0.84661,0.83496,0.83939,18750
2025-04-10 16:00:00,0.83936,0.83994,0.82494,0.82656,28888
2025-04-10 20:00:00,0.82657,0.8288,0.82311,0.82409,20099
2025-04-11 00:00:00,0.8239,0.82449,0.81406,0.81838,17176
2025-04-11 04:00:00,0.81838,0.82145,0.81715,0.8179,21289
2025-04-11 08:00:00,0.8179,0.82575,0.81108,0.81308,28631
2025-04-11 12:00:00,0.81309,0.82127,0.81087,0.81148,27000
2025-04-11 16:00:00,0.81148,0.81871,0.80992,0.81714,28599
2025-04-11 20:00:00,0.81716,0.81937,0.81459,0.81488,12134
2025-04-14 00:00:00,0.81759,0.81917,0.81631,0.81647,12207
2025-04-14 04:00:00,0.81645,0.81857,0.81344,0.81738,14578
2025-04-14 08:00:00,0.81738,0.81906,0.81207,0.817,19186
2025-04-14 12:00:00,0.817,0.82424,0.81535,0.82409,17116
2025-04-14 16:00:00,0.82408,0.82684,0.81186,0.81576,25618
2025-04-14 20:00:00,0.81575,0.81652,0.81214,0.81477,9277
2025-04-15 00:00:00,0.81492,0.8181,0.81335,0.81782,6917
2025-04-15 04:00:00,0.81782,0.81805,0.81498,0.81596,7245
2025-04-15 08:00:00,0.81596,0.81878,0.8132,0.81473,12861
2025-04-15 12:00:00,0.81477,0.81797,0.81367,0.81784,13545
2025-04-15 16:00:00,0.81785,0.8221,0.81667,0.82095,17979
2025-04-15 20:00:00,0.82095,0.82391,0.82083,0.82347,6078
2025-04-16 00:00:00,0.82226,0.82305,0.81776,0.81833,9325
2025-04-16 04:00:00,0.81833,0.81872,0.81512,0.81646,9556
2025-04-16 08:00:00,0.81646,0.82007,0.81286,0.81716,15695
2025-04-16 12:00:00,0.81716,0.8183,0.81466,0.81562,15309
2025-04-16 16:00:00,0.81562,0.81709,0.81305,0.81558,15679
2025-04-16 20:00:00,0.81566,0.81667,0.81207,0.81361,10913
2025-04-17 00:00:00,0.81252,0.81623,0.81157,0.81614,7457
2025-04-17 04:00:00,0.81614,0.81826,0.81595,0.81727,8605
2025-04-17 08:00:00,0.81727,0.81992,0.81617,0.81666,11698
2025-04-17 12:00:00,0.81667,0.81934,0.81602,0.81787,13073
2025-04-17 16:00:00,0.81789,0.82312,0.81595,0.82106,16981
2025-04-17 20:00:00,0.82105,0.82183,0.81825,0.81924,7281
2025-04-18 00:00:00,0.81873,0.81882,0.81731,0.81842,8384
2025-04-18 04:00:00,0.81824,0.81904,0.81749,0.81851,46994
2025-04-18 08:00:00,0.81852,0.81962,0.81764,0.81912,45115
2025-04-18 12:00:00,0.81908,0.81919,0.81756,0.81803,42691
2025-04-18 16:00:00,0.81803,0.81864,0.81685,0.81739,40542
2025-04-18 20:00:00,0.81732,0.81755,0.81546,0.81567,32910
2025-04-21 00:00:00,0.81628,0.81629,0.8109,0.81193,9562
2025-04-21 04:00:00,0.81193,0.81194,0.80691,0.80806,9242
2025-04-21 08:00:00,0.80806,0.80989,0.80416,0.80512,10753
2025-04-21 12:00:00,0.80512,0.80802,0.80396,0.80488,12315
2025-04-21 16:00:00,0.80488,0.80838,0.80465,0.80708,15223
2025-04-21 20:00:00,0.80708,0.80926,0.80648,0.80881,6004
2025-04-22 00:00:00,0.80857,0.81179,0.80646,0.81112,6759
2025-04-22 04:00:00,0.81112,0.81243,0.80717,0.80825,8709
2025-04-22 08:00:00,0.80825,0.8117,0.80667,0.81056,15406
2025-04-22 12:00:00,0.81055,0.81338,0.80928,0.81259,13226
2025-04-22 16:00:00,0.81259,0.81807,0.81176,0.81776,15269
2025-04-22 20:00:00,0.81779,0.81915,0.81573,0.81899,8464
2025-04-23 00:00:00,0.81692,0.82873,0.81692,0.82272,12757
2025-04-23 04:00:00,0.82273,0.82443,0.82062,0.82277,9924
2025-04-23 08:00:00,0.82273,0.8242,0.82054,0.82148,15870
2025-04-23 12:00:00,0.8215,0.82485,0.8197,0.82263,13270
2025-04-23 16:00:00,0.82263,0.82993,0.82205,0.82948,24430
2025-04-23 20:00:00,0.82948,0.83111,0.82859,0.83084,7320
2025-04-24 00:00:00,0.82954,0.8302,0.8276,0.82892,5902
2025-04-24 04:00:00,0.82895,0.82936,0.82759,0.82866,6824
2025-04-24 08:00:00,0.82866,0.82917,0.82569,0.82666,10519
2025-04-24 12:00:00,0.82656,0.82681,0.82393,0.82556,11467
2025-04-24 16:00:00,0.82554,0.82844,0.82515,0.82705,13699
2025-04-24 20:00:00,0.82705,0.82882,0.82638,0.8267,5317
2025-04-25 00:00:00,0.82576,0.83078,0.8254,0.83073,4312
2025-04-25 04:00:00,0.83073,0.83291,0.8294,0.83162,8510
2025-04-25 08:00:00,0.83162,0.83343,0.82957,0.83055,12665
2025-04-25 12:00:00,0.83055,0.83104,0.82819,0.83062,11055
2025-04-25 16:00:00,0.83059,0.83139,0.8278,0.82909,11302
2025-04-25 20:00:00,0.82909,0.8294,0.82665,0.82827,4800
2025-04-28 00:00:00,0.829,0.82928,0.82614,0.82755,5455
2025-04-28 04:00:00,0.82755,0.82925,0.82693,0.82697,5214
2025-04-28 08:00:00,0.82697,0.83183,0.82672,0.83062,9117
2025-04-28 12:00:00,0.83058,0.83098,0.82855,0.83025,9156
2025-04-28 16:00:00,0.83025,0.83067,0.81993,0.82105,13339
2025-04-28 20:00:00,0.82105,0.82208,0.81978,0.81983,5981
2025-04-29 00:00:00,0.81967,0.82208,0.81945,0.82192,3679
2025-04-29 04:00:00,0.82192,0.82478,0.82131,0.82439,6969
2025-04-29 08:00:00,0.82439,0.82538,0.8221,0.82491,10373
2025-04-29 12:00:00,0.82491,0.82641,0.82264,0.82276,9559
2025-04-29 16:00:00,0.82277,0.82476,0.82168,0.82322,15846
2025-04-29 20:00:00,0.82322,0.82486,0.82284,0.8238,5653
2025-04-30 00:00:00,0.82339,0.82432,0.82254,0.82359,4723
2025-04-30 04:00:00,0.82358,0.82462,0.82266,0.82358,6473
2025-04-30 08:00:00,0.82357,0.82629,0.82303,0.82561,9091
2025-04-30 12:00:00,0.82561,0.82588,0.82215,0.8234,12928
2025-04-30 16:00:00,0.82341,0.82451,0.82138,0.82222,18295
2025-04-30 20:00:00,0.82222,0.82727,0.82183,0.8269,7283
2025-05-01 00:00:00,0.82474,0.82686,0.82469,0.82615,3093
2025-05-01 04:00:00,0.82615,0.82788,0.82564,0.82748,4960
2025-05-01 08:00:00,0.82748,0.82891,0.82558,0.82671,9267
2025-05-01 12:00:00,0.82671,0.8292,0.82608,0.8289,10424
2025-05-01 16:00:00,0.82894,0.8333,0.82736,0.83108,14406
2025-05-01 20:00:00,0.83108,0.83227,0.82886,0.82916,5883
2025-05-02 00:00:00,0.82956,0.83184,0.82858,0.83139,3946
2025-05-02 04:00:00,0.83138,0.83145,0.82829,0.82933,6950
2025-05-02 08:00:00,0.82932,0.82943,0.82599,0.82621,10189
2025-05-02 12:00:00,0.82614,0.82761,0.82056,0.82721,13556
2025-05-02 16:00:00,0.82722,0.82803,0.82271,0.82748,18611
2025-05-02 20:00:00,0.82748,0.82803,0.8261,0.82656,6490
2025-05-05 00:00:00,0.82408,0.82569,0.82379,0.82414,3925
2025-05-05 04:00:00,0.82412,0.82414,0.82197,0.82322,5103
2025-05-05 08:00:00,0.82322,0.82751,0.82267,0.82498,10010
2025-05-05 12:00:00,0.82497,0.82499,0.82189,0.82281,9353
2025-05-05 16:00:00,0.82281,0.8248,0.82142,0.82407,12631
2025-05-05 20:00:00,0.82407,0.82419,0.82158,0.82205,4391
2025-05-06 00:00:00,0.82134,0.82458,0.82081,0.82448,3439
2025-05-06 04:00:00,0.82448,0.82538,0.8222,0.82278,6504
2025-05-06 08:00:00,0.82278,0.82499,0.82216,0.8241,11204
2025-05-06 12:00:00,0.8241,0.82652,0.82328,0.82416,11153
2025-05-06 16:00:00,0.82417,0.82534,0.82256,0.82361,11472
2025-05-06 20:00:00,0.82361,0.82363,0.82128,0.82158,4552
2025-05-07 00:00:00,0.82134,0.82713,0.82093,0.82635,7922
2025-05-07 04:00:00,0.82635,0.8272,0.82476,0.82555,8496
2025-05-07 08:00:00,0.82555,0.82622,0.82305,0.82552,9997
2025-05-07 12:00:00,0.82555,0.82622,0.82142,0.82193,9940
2025-05-07 16:00:00,0.82193,0.82249,0.81938,0.82025,11689
2025-05-07 20:00:00,0.82027,0.82439,0.81854,0.82363,11184
2025-05-08 00:00:00,0.82284,0.82428,0.8224,0.82392,4101
2025-05-08 04:00:00,0.82392,0.82417,0.82235,0.82411,8748
2025-05-08 08:00:00,0.82411,0.82916,0.82407,0.82688,12748
2025-05-08 12:00:00,0.82687,0.82708,0.82316,0.82435,13429
2025-05-08 16:00:00,0.82435,0.83138,0.82394,0.83082,18554
2025-05-08 20:00:00,0.83082,0.8332,0.83044,0.83161,6769
2025-05-09 00:00:00,0.83056,0.83238,0.8299,0.83089,5217
2025-05-09 04:00:00,0.83088,0.8341,0.83076,0.83128,6870
2025-05-09 08:00:00,0.83128,0.83209,0.82986,0.83023,9491
2025-05-09 12:00:00,0.83023,0.83249,0.83001,0.83024,9615
2025-05-09 16:00:00,0.83024,0.83147,0.82691,0.83134,11918
2025-05-09 20:00:00,0.83134,0.83159,0.83055,0.83129,4923
2025-05-12 00:00:00,0.83439,0.83468,0.83325,0.83385,6541
2025-05-12 04:00:00,0.83385,0.83502,0.83307,0.83401,8601
2025-05-12 08:00:00,0.83401,0.84679,0.83321,0.84156,18638
2025-05-12 12:00:00,0.84156,0.84752,0.84156,0.84286,17629
2025-05-12 16:00:00,0.84285,0.84511,0.84103,0.84509,17655
2025-05-12 20:00:00,0.84509,0.8476,0.84468,0.84565,7034
2025-05-13 00:00:00,0.84411,0.84569,0.84357,0.84374,4731
2025-05-13 04:00:00,0.84374,0.84435,0.84272,0.84278,7917
2025-05-13 08:00:00,0.84278,0.84412,0.83949,0.83978,11283
2025-05-13 12:00:00,0.83976,0.8432,0.83965,0.84179,11556
2025-05-13 16:00:00,0.84178,0.84341,0.84045,0.84141,15503
2025-05-13 20:00:00,0.84141,0.84168,0.8387,0.83934,4848
2025-05-14 00:00:00,0.8386,0.84018,0.83825,0.8391,5705
2025-05-14 04:00:00,0.83909,0.8395,0.83802,0.83856,8847
2025-05-14 08:00:00,0.83856,0.83995,0.83446,0.8356,13634
2025-05-14 12:00:00,0.83556,0.83786,0.83244,0.83748,15591
2025-05-14 16:00:00,0.83748,0.84246,0.83676,0.84095,17417
2025-05-14 20:00:00,0.84096,0.84358,0.84044,0.8422,7908
2025-05-15 00:00:00,0.83997,0.84186,0.83956,0.8401,4715
2025-05-15 04:00:00,0.84011,0.8405,0.83895,0.8404,8365
2025-05-15 08:00:00,0.84041,0.84062,0.83591,0.83664,12202
2025-05-15 12:00:00,0.83665,0.83927,0.83587,0.8364,12548
2025-05-15 16:00:00,0.8364,0.83786,0.83462,0.8366,15308
2025-05-15 20:00:00,0.8366,0.83735,0.83501,0.83551,4985
2025-05-16 00:00:00,0.83506,0.83597,0.83293,0.83313,4589
2025-05-16 04:00:00,0.83312,0.83483,0.83282,0.83458,7793
2025-05-16 08:00:00,0.83458,0.83565,0.83266,0.83547,10328
2025-05-16 12:00:00,0.83546,0.83815,0.83516,0.83725,10045
2025-05-16 16:00:00,0.83725,0.84007,0.83641,0.83906,11373
2025-05-16 20:00:00,0.83906,0.83952,0.83658,0.83683,4520
2025-05-19 00:00:00,0.83546,0.83618,0.83421,0.8348,6812
2025-05-19 04:00:00,0.8348,0.83655,0.83457,0.8363,9224
2025-05-19 08:00:00,0.8363,0.83645,0.83275,0.83332,13360
2025-05-19 12:00:00,0.83329,0.83431,0.83184,0.83431,12793
2025-05-19 16:00:00,0.83431,0.83499,0.8319,0.8345,14446
2025-05-19 20:00:00,0.8345,0.83545,0.83416,0.83466,4779
2025-05-20 00:00:00,0.83316,0.83626,0.83257,0.83529,4870
2025-05-20 04:00:00,0.83529,0.83594,0.83345,0.83441,9439
2025-05-20 08:00:00,0.83442,0.83442,0.83091,0.83186,13603
2025-05-20 12:00:00,0.83186,0.83435,0.83149,0.83401,11339
2025-05-20 16:00:00,0.83401,0.83478,0.83075,0.83212,13966
2025-05-20 20:00:00,0.83212,0.83234,0.82846,0.82857,5094
2025-05-21 00:00:00,0.82806,0.82857,0.8255,0.82616,5320
2025-05-21 04:00:00,0.82616,0.8266,0.82167,0.82224,10888
2025-05-21 08:00:00,0.82225,0.82633,0.82093,0.82546,13297
2025-05-21 12:00:00,0.82546,0.82657,0.8225,0.8246,13623
2025-05-21 16:00:00,0.8246,0.82586,0.82381,0.82515,14244
2025-05-21 20:00:00,0.82515,0.826,0.82268,0.82501,8401
2025-05-22 00:00:00,0.82437,0.82645,0.82367,0.82492,6107
2025-05-22 04:00:00,0.82494,0.8256,0.82336,0.82463,9719
2025-05-22 08:00:00,0.82461,0.82659,0.82421,0.82624,13861
2025-05-22 12:00:00,0.82624,0.82801,0.82529,0.82727,13558
2025-05-22 16:00:00,0.82729,0.83,0.82623,0.82921,15978
2025-05-22 20:00:00,0.82921,0.83065,0.82819,0.82866,6145
2025-05-23 00:00:00,0.82818,0.82911,0.82743,0.8279,4312
2025-05-23 04:00:00,0.82791,0.82811,0.82611,0.82637,8500
2025-05-23 08:00:00,0.82637,0.82718,0.82546,0.82625,10135
2025-05-23 12:00:00,0.82626,0.82684,0.8211,0.82325,19210
2025-05-23 16:00:00,0.82325,0.8244,0.82085,0.82085,15454
2025-05-23 20:00:00,0.82086,0.82156,0.82043,0.82085,6230
2025-05-26 00:00:00,0.82005,0.82278,0.82001,0.82167,7067
2025-05-26 04:00:00,0.82169,0.82187,0.81924,0.82035,9737
2025-05-26 08:00:00,0.82033,0.82199,0.81975,0.82158,9373
2025-05-26 12:00:00,0.82158,0.8233,0.82064,0.82285,6364
2025-05-26 16:00:00,0.82284,0.82327,0.81985,0.82023,5777
2025-05-26 20:00:00,0.82018,0.82091,0.82013,0.82088,2063
2025-05-27 00:00:00,0.82068,0.82086,0.8192,0.81967,5327
2025-05-27 04:00:00,0.81967,0.82166,0.81876,0.82158,7391
2025-05-27 08:00:00,0.82155,0.82569,0.82058,0.82495,14173
2025-05-27 12:00:00,0.82495,0.82736,0.82451,0.82527,11484
2025-05-27 16:00:00,0.82527,0.82798,0.82453,0.82696,12676
2025-05-27 20:00:00,0.82695,0.82754,0.82661,0.82724,4769
2025-05-28 00:00:00,0.82634,0.8274,0.82581,0.82717,4091
2025-05-28 04:00:00,0.82717,0.82895,0.82706,0.82831,9634
2025-05-28 08:00:00,0.82831,0.8291,0.82538,0.82654,10237
2025-05-28 12:00:00,0.82653,0.828,0.82583,0.82734,9374
2025-05-28 16:00:00,0.82735,0.82859,0.82448,0.82686,13964
2025-05-28 20:00:00,0.82686,0.82747,0.82652,0.82708,5815
2025-05-29 00:00:00,0.82654,0.83478,0.82562,0.83378,10441
2025-05-29 04:00:00,0.83378,0.83472,0.83155,0.83218,10333
2025-05-29 08:00:00,0.83218,0.83378,0.82915,0.82974,11391
2025-05-29 12:00:00,0.82976,0.82983,0.82425,0.82439,13236
2025-05-29 16:00:00,0.82439,0.82511,0.82247,0.82305,14954
2025-05-29 20:00:00,0.82305,0.82396,0.82177,0.82276,6028
2025-05-30 00:00:00,0.82186,0.823,0.8214,0.82195,5263
2025-05-30 04:00:00,0.82195,0.82342,0.81992,0.82296,9189
2025-05-30 08:00:00,0.82296,0.82482,0.82261,0.82393,11298
2025-05-30 12:00:00,0.82393,0.82489,0.82116,0.82254,12493
2025-05-30 16:00:00,0.82254,0.82452,0.82131,0.82219,17176
2025-05-30 20:00:00,0.82214,0.82327,0.82121,0.82312,6492
2025-06-02 00:00:00,0.82256,0.82322,0.82087,0.82175,5522
2025-06-02 04:00:00,0.82175,0.82303,0.82089,0.82241,8330
2025-06-02 08:00:00,0.82242,0.82252,0.81716,0.81769,10845
2025-06-02 12:00:00,0.81769,0.81848,0.81568,0.81805,10288
2025-06-02 16:00:00,0.81804,0.81913,0.81568,0.81802,15588
2025-06-02 20:00:00,0.81803,0.81849,0.81664,0.81695,6022
2025-06-03 00:00:00,0.81697,0.81737,0.81582,0.81697,3494
2025-06-03 04:00:00,0.81697,0.81887,0.81697,0.81784,7169
2025-06-03 08:00:00,0.81784,0.81909,0.81688,0.81888,9774
2025-06-03 12:00:00,0.81889,0.82342,0.8183,0.82313,9636
2025-06-03 16:00:00,0.82311,0.82472,0.82169,0.8239,13880
2025-06-03 20:00:00,0.8239,0.82425,0.82328,0.82387,4445
2025-06-04 00:00:00,0.82302,0.82388,0.82246,0.82343,3740
2025-06-04 04:00:00,0.82343,0.82444,0.82241,0.82436,6959
2025-06-04 08:00:00,0.82436,0.82497,0.82189,0.82219,9832
2025-06-04 12:00:00,0.82218,0.82421,0.82079,0.82118,11082
2025-06-04 16:00:00,0.82118,0.82219,0.81701,0.81709,15095
2025-06-04 20:00:00,0.81709,0.81912,0.81706,0.81814,6283
2025-06-05 00:00:00,0.81752,0.81876,0.81711,0.81759,4770
2025-06-05 04:00:00,0.81759,0.81943,0.81719,0.81906,7695
2025-06-05 08:00:00,0.81904,0.82083,0.81866,0.82035,8105
2025-06-05 12:00:00,0.82035,0.82147,0.81803,0.8203,12055
2025-06-05 16:00:00,0.82029,0.82144,0.81721,0.81913,19323
2025-06-05 20:00:00,0.81913,0.82107,0.81908,0.81953,8023
2025-06-06 00:00:00,0.81962,0.82019,0.8179,0.82015,3721
2025-06-06 04:00:00,0.82015,0.82079,0.81973,0.82029,5575
2025-06-06 08:00:00,0.82027,0.82206,0.82025,0.822,8237
2025-06-06 12:00:00,0.822,0.82416,0.82103,0.82372,11676
2025-06-06 16:00:00,0.82372,0.8248,0.82118,0.82309,17309
2025-06-06 20:00:00,0.82309,0.82323,0.82158,0.82222,5647
2025-06-09 00:00:00,0.8215,0.82253,0.82085,0.82252,2960
2025-06-09 04:00:00,0.82252,0.82252,0.82042,0.8209,5619
2025-06-09 08:00:00,0.8209,0.82126,0.81922,0.82021,6665
2025-06-09 12:00:00,0.82021,0.82233,0.81949,0.82201,8181
2025-06-09 16:00:00,0.82205,0.82254,0.8204,0.821,9822
2025-06-09 20:00:00,0.821,0.82168,0.82093,0.82167,4516
2025-06-10 00:00:00,0.82111,0.82177,0.82074,0.82142,3871
2025-06-10 04:00:00,0.82142,0.82418,0.82109,0.82254,7331
2025-06-10 08:00:00,0.82254,0.82363,0.82079,0.82107,11861
2025-06-10 12:00:00,0.82107,0.82194,0.82075,0.8217,8812
2025-06-10 16:00:00,0.8217,0.82297,0.82037,0.82225,11068
2025-06-10 20:00:00,0.82222,0.82328,0.82205,0.82271,4430
2025-06-11 00:00:00,0.82208,0.82291,0.82123,0.82217,4633
2025-06-11 04:00:00,0.82217,0.82323,0.82205,0.82264,6456
2025-06-11 08:00:00,0.82264,0.82345,0.82135,0.82201,7705
2025-06-11 12:00:00,0.82202,0.82291,0.81846,0.82062,11736
2025-06-11 16:00:00,0.82061,0.82094,0.81925,0.82045,13219
2025-06-11 20:00:00,0.82045,0.82075,0.81932,0.82029,5494
2025-06-12 00:00:00,0.81932,0.8202,0.81715,0.8176,5708
2025-06-12 04:00:00,0.8176,0.81793,0.81592,0.81688,8774
2025-06-12 08:00:00,0.81694,0.81758,0.81409,0.81458,11113
2025-06-12 12:00:00,0.81458,0.815,0.81023,0.81118,14208
2025-06-12 16:00:00,0.81119,0.81421,0.8106,0.8122,14326
2025-06-12 20:00:00,0.81221,0.81282,0.81012,0.81026,5071
2025-06-13 00:00:00,0.80994,0.81064,0.80558,0.80694,8550
2025-06-13 04:00:00,0.80695,0.8101,0.80617,0.8096,12900
2025-06-13 08:00:00,0.8096,0.81289,0.80892,0.81238,14012
2025-06-13 12:00:00,0.81238,0.81482,0.81205,0.81294,11994
2025-06-13 16:00:00,0.81298,0.814,0.81079,0.81135,12393
2025-06-13 20:00:00,0.81135,0.81216,0.81072,0.8114,6668
2025-06-16 00:00:00,0.81108,0.8124,0.81022,0.81184,10393
2025-06-16 04:00:00,0.81188,0.81317,0.81081,0.81264,7129
2025-06-16 08:00:00,0.81264,0.81336,0.81069,0.81205,10261
2025-06-16 12:00:00,0.81205,0.81236,0.81006,0.81109,8796
2025-06-16 16:00:00,0.81109,0.81208,0.80887,0.81169,12432
2025-06-16 20:00:00,0.81169,0.81467,0.81159,0.81367,4822
2025-06-17 00:00:00,0.81282,0.81463,0.81224,0.81448,5539
2025-06-17 04:00:00,0.81448,0.81449,0.81286,0.81354,8338
2025-06-17 08:00:00,0.81355,0.81378,0.81201,0.81285,9745
2025-06-17 12:00:00,0.81285,0.81432,0.81205,0.81424,10296
2025-06-17 16:00:00,0.81424,0.81645,0.81323,0.81515,13257
2025-06-17 20:00:00,0.81514,0.81713,0.81457,0.81619,6902
2025-06-18 00:00:00,0.81432,0.81729,0.81404,0.81687,4831
2025-06-18 04:00:00,0.81687,0.81702,0.81601,0.81643,5914
2025-06-18 08:00:00,0.81644,0.81734,0.81534,0.81717,8376
2025-06-18 12:00:00,0.81716,0.81816,0.8162,0.81666,9171
2025-06-18 16:00:00,0.81668,0.81829,0.81652,0.81771,11041
2025-06-18 20:00:00,0.81771,0.81992,0.81563,0.81858,11769
2025-06-19 00:00:00,0.81764,0.81923,0.81709,0.81899,4453
2025-06-19 04:00:00,0.81898,0.82054,0.81877,0.81965,6206
2025-06-19 08:00:00,0.81965,0.82151,0.81585,0.81604,10361
2025-06-19 12:00:00,0.81604,0.81844,0.81559,0.81751,8453
2025-06-19 16:00:00,0.81752,0.81945,0.81704,0.8188,7310
2025-06-19 20:00:00,0.8188,0.81888,0.81573,0.8163,3090
2025-06-20 00:00:00,0.81508,0.81717,0.81465,0.81595,4225
2025-06-20 04:00:00,0.81595,0.81706,0.81557,0.81663,7376
2025-06-20 08:00:00,0.81663,0.81704,0.81519,0.81597,7969
2025-06-20 12:00:00,0.81597,0.81794,0.81575,0.81711,8496
2025-06-20 16:00:00,0.8171,0.81832,0.81654,0.81665,10797
2025-06-20 20:00:00,0.81665,0.81833,0.81624,0.8178,4145
2025-06-23 00:00:00,0.81638,0.81946,0.81604,0.81865,8170
2025-06-23 04:00:00,0.81865,0.81944,0.81717,0.81814,9335
2025-06-23 08:00:00,0.81814,0.8183,0.81586,0.81794,11888
2025-06-23 12:00:00,0.81794,0.81937,0.81727,0.81826,12195
2025-06-23 16:00:00,0.81826,0.81876,0.81222,0.8131,16937
2025-06-23 20:00:00,0.81311,0.8135,0.81149,0.81255,7907
2025-06-24 00:00:00,0.81172,0.81311,0.81105,0.81215,6573
2025-06-24 04:00:00,0.81215,0.81303,0.81124,0.81181,7632
2025-06-24 08:00:00,0.81181,0.81256,0.81046,0.81134,12100
2025-06-24 12:00:00,0.81134,0.81142,0.80788,0.80826,10359
2025-06-24 16:00:00,0.80826,0.80947,0.80395,0.80414,15238
2025-06-24 20:00:00,0.80414,0.8055,0.80344,0.80519,4807
2025-06-25 00:00:00,0.80493,0.80571,0.80429,0.80456,3966
2025-06-25 04:00:00,0.80457,0.80561,0.80425,0.8051,5365
2025-06-25 08:00:00,0.8051,0.80585,0.80401,0.80544,8049
2025-06-25 12:00:00,0.80544,0.80799,0.80534,0.80715,8378
2025-06-25 16:00:00,0.80715,0.80746,0.80474,0.80516,9950
2025-06-25 20:00:00,0.80516,0.80575,0.80394,0.8049,4464
2025-06-26 00:00:00,0.80403,0.80493,0.80319,0.80354,3690
2025-06-26 04:00:00,0.80353,0.80435,0.80235,0.8036,6835
2025-06-26 08:00:00,0.8036,0.80413,0.79803,0.79948,10768
2025-06-26 12:00:00,0.7995,0.80212,0.79937,0.80019,11609
2025-06-26 16:00:00,0.80019,0.80119,0.7978,0.79893,14284
2025-06-26 20:00:00,0.79893,0.80054,0.79865,0.80041,5619
2025-06-27 00:00:00,0.79925,0.80155,0.79882,0.80113,4785
2025-06-27 04:00:00,0.80114,0.80156,0.80002,0.80131,6574
2025-06-27 08:00:00,0.80129,0.80179,0.79779,0.79839,9451
2025-06-27 12:00:00,0.79837,0.79963,0.79606,0.79634,10588
2025-06-27 16:00:00,0.79634,0.80075,0.79575,0.79923,12719
2025-06-27 20:00:00,0.79924,0.8007,0.7984,0.79841,6867
2025-06-30 00:00:00,0.79816,0.79943,0.79797,0.79903,4684
2025-06-30 04:00:00,0.79903,0.79933,0.79815,0.79835,6587
2025-06-30 08:00:00,0.79835,0.79937,0.79726,0.79756,9762
2025-06-30 12:00:00,0.79756,0.79828,0.79624,0.79805,8862
2025-06-30 16:00:00,0.79805,0.79825,0.79378,0.79417,13172
2025-06-30 20:00:00,0.79417,0.79418,0.7929,0.79303,4919
2025-07-01 00:00:00,0.79274,0.79341,0.79187,0.79191,3465
2025-07-01 04:00:00,0.79191,0.79309,0.79147,0.79247,5653
2025-07-01 08:00:00,0.79247,0.7928,0.78887,0.78972,9770
2025-07-01 12:00:00,0.78973,0.79027,0.78719,0.79014,11603
2025-07-01 16:00:00,0.79014,0.79433,0.78875,0.79355,15161
2025-07-01 20:00:00,0.79355,0.79375,0.79103,0.79115,5561
2025-07-02 00:00:00,0.7882,0.79124,0.7882,0.79039,2617
2025-07-02 04:00:00,0.79039,0.79162,0.79034,0.79142,4587
2025-07-02 08:00:00,0.79142,0.79344,0.7913,0.79248,8036
2025-07-02 12:00:00,0.7925,0.79393,0.79115,0.7928,11175
2025-07-02 16:00:00,0.79281,0.79411,0.79152,0.79185,11728
2025-07-02 20:00:00,0.79185,0.792,0.79118,0.79175,4063
2025-07-03 00:00:00,0.79158,0.79193,0.79064,0.79131,2906
2025-07-03 04:00:00,0.79131,0.79194,0.79091,0.79187,3938
2025-07-03 08:00:00,0.79187,0.7921,0.79004,0.79188,7608
2025-07-03 12:00:00,0.79189,0.79863,0.79186,0.79745,11123
2025-07-03 16:00:00,0.79745,0.79762,0.79364,0.79543,13786
2025-07-03 20:00:00,0.79545,0.79629,0.79497,0.7954,2595
2025-07-04 00:00:00,0.79468,0.79557,0.79361,0.7943,3948
2025-07-04 04:00:00,0.7943,0.79501,0.79295,0.7931,5428
2025-07-04 08:00:00,0.79309,0.79423,0.79215,0.79338,8705
2025-07-04 12:00:00,0.79338,0.79438,0.79298,0.79426,8477
2025-07-04 16:00:00,0.79426,0.79438,0.79264,0.79331,5910
2025-07-04 20:00:00,0.79331,0.79526,0.79306,0.79384,22946
2025-07-07 00:00:00,0.79348,0.7948,0.79274,0.79387,3662
2025-07-07 04:00:00,0.79388,0.79504,0.79359,0.79489,5871
2025-07-07 08:00:00,0.79489,0.79757,0.79441,0.79711,9047
2025-07-07 12:00:00,0.79711,0.79838,0.79667,0.798,8635
2025-07-07 16:00:00,0.798,0.79879,0.79591,0.79854,9372
2025-07-07 20:00:00,0.79851,0.7991,0.7977,0.79839,5050
2025-07-08 00:00:00,0.79734,0.7983,0.79645,0.79695,3121
2025-07-08 04:00:00,0.79695,0.79769,0.79577,0.79637,5146
2025-07-08 08:00:00,0.79637,0.79741,0.79562,0.79645,8196
2025-07-08 12:00:00,0.79645,0.79842,0.79596,0.79813,7975
2025-07-08 16:00:00,0.79814,0.79945,0.79674,0.7969,11330
2025-07-08 20:00:00,0.7969,0.79702,0.79531,0.79575,4928
2025-07-09 00:00:00,0.79558,0.79658,0.79526,0.79626,2717
2025-07-09 04:00:00,0.79626,0.79787,0.79588,0.79715,5360
2025-07-09 08:00:00,0.79715,0.79768,0.79592,0.79636,7387
2025-07-09 12:00:00,0.79638,0.79749,0.7954,0.7957,7707
2025-07-09 16:00:00,0.7957,0.79605,0.79392,0.7954,7978
2025-07-09 20:00:00,0.79544,0.79556,0.79431,0.79438,3185
2025-07-10 00:00:00,0.79378,0.79397,0.79194,0.79236,3239
2025-07-10 04:00:00,0.79238,0.79445,0.79238,0.79405,3525
2025-07-10 08:00:00,0.79406,0.79538,0.79366,0.79509,5051
2025-07-10 12:00:00,0.79509,0.79689,0.79418,0.79639,5941
2025-07-10 16:00:00,0.79638,0.79874,0.7958,0.79767,9985
2025-07-10 20:00:00,0.79766,0.79771,0.79608,0.79667,3243
2025-07-11 00:00:00,0.79661,0.79781,0.79593,0.79747,3639
2025-07-11 04:00:00,0.79748,0.79819,0.79714,0.79751,4815
2025-07-11 08:00:00,0.79751,0.7978,0.79611,0.79728,6869
2025-07-11 12:00:00,0.79728,0.79733,0.79535,0.79638,8260
2025-07-11 16:00:00,0.79635,0.79742,0.79543,0.79617,10083
2025-07-11 20:00:00,0.79617,0.79725,0.79599,0.79647,3183
2025-07-14 00:00:00,0.7966,0.79758,0.79536,0.79599,4167
2025-07-14 04:00:00,0.79599,0.7974,0.79566,0.79732,4518
2025-07-14 08:00:00,0.79733,0.79846,0.79682,0.79708,6734
2025-07-14 12:00:00,0.79709,0.79741,0.7955,0.79609,6584
2025-07-14 16:00:00,0.79609,0.79799,0.7958,0.79788,8839
2025-07-14 20:00:00,0.79788,0.79822,0.79768,0.7981,2426
2025-07-15 00:00:00,0.79752,0.79827,0.79652,0.79707,2158
2025-07-15 04:00:00,0.79707,0.7979,0.7966,0.79692,3342
2025-07-15 08:00:00,0.79692,0.79693,0.79534,0.79582,5280
2025-07-15 12:00:00,0.79583,0.79737,0.79539,0.79624,8449
2025-07-15 16:00:00,0.79624,0.80214,0.79622,0.80186,12846
2025-07-15 20:00:00,0.80186,0.80243,0.8015,0.80174,3314
2025-07-16 00:00:00,0.80084,0.80183,0.80018,0.80166,3264
2025-07-16 04:00:00,0.80168,0.80213,0.80128,0.80139,3070
2025-07-16 08:00:00,0.8014,0.80159,0.80036,0.80123,6136
2025-07-16 12:00:00,0.80123,0.80457,0.80122,0.8038,9296
2025-07-16 16:00:00,0.8038,0.80615,0.7947,0.8005,22202
2025-07-16 20:00:00,0.8005,0.80206,0.79911,0.8007,6286
2025-07-17 00:00:00,0.80037,0.80237,0.79993,0.80216,3427
2025-07-17 04:00:00,0.80215,0.80298,0.80131,0.80236,4675
2025-07-17 08:00:00,0.80236,0.80563,0.80203,0.80334,8481
2025-07-17 12:00:00,0.80332,0.80641,0.80309,0.80461,9083
2025-07-17 16:00:00,0.80461,0.80574,0.80375,0.80551,9685
2025-07-17 20:00:00,0.80551,0.80603,0.80375,0.80431,3365
2025-07-18 00:00:00,0.80407,0.80428,0.80252,0.80292,3408
2025-07-18 04:00:00,0.80292,0.80315,0.80213,0.80285,3771
2025-07-18 08:00:00,0.80285,0.80366,0.80148,0.80228,5543
2025-07-18 12:00:00,0.80228,0.80265,0.79961,0.79966,6620
2025-07-18 16:00:00,0.79967,0.80102,0.79846,0.80077,9489
2025-07-18 20:00:00,0.80077,0.80193,0.80067,0.80146,3295
2025-07-21 00:00:00,0.79885,0.80183,0.79885,0.80182,4275
2025-07-21 04:00:00,0.80189,0.80222,0.80131,0.80139,4099
2025-07-21 08:00:00,0.8014,0.80144,0.79957,0.80026,6593
2025-07-21 12:00:00,0.80026,0.80135,0.79887,0.79926,7361
2025-07-21 16:00:00,0.79925,0.79961,0.79653,0.79754,9153
2025-07-21 20:00:00,0.79754,0.79848,0.79746,0.79783,2906
2025-07-22 00:00:00,0.79789,0.79915,0.79682,0.79824,4405
2025-07-22 04:00:00,0.79825,0.79873,0.79741,0.79779,5292
2025-07-22 08:00:00,0.79779,0.79879,0.79651,0.79703,6540
2025-07-22 12:00:00,0.79702,0.79828,0.79663,0.79765,6718
2025-07-22 16:00:00,0.79764,0.79831,0.79202,0.79221,11366
2025-07-22 20:00:00,0.79221,0.79314,0.79197,0.79211,2980
2025-07-23 00:00:00,0.79138,0.79403,0.79138,0.79305,5221
2025-07-23 04:00:00,0.79304,0.79426,0.79274,0.79376,6047
2025-07-23 08:00:00,0.79376,0.79447,0.79107,0.7926,7545
2025-07-23 12:00:00,0.7926,0.79403,0.79218,0.79362,7209
2025-07-23 16:00:00,0.79362,0.79493,0.79296,0.79438,10989
2025-07-23 20:00:00,0.79436,0.79473,0.79191,0.79251,4736
2025-07-24 00:00:00,0.79214,0.79287,0.79118,0.79268,4417
2025-07-24 04:00:00,0.79268,0.79268,0.79151,0.79247,5868
2025-07-24 08:00:00,0.79247,0.79407,0.79219,0.79391,7329
2025-07-24 12:00:00,0.79391,0.79587,0.7938,0.79541,7990
2025-07-24 16:00:00,0.79541,0.79605,0.79307,0.79451,12789
2025-07-24 20:00:00,0.79448,0.79558,0.79352,0.79542,4307
2025-07-25 00:00:00,0.79491,0.7959,0.79379,0.79558,4159
2025-07-25 04:00:00,0.79558,0.79673,0.79519,0.79602,4907
2025-07-25 08:00:00,0.79603,0.7964,0.79474,0.79594,7752
2025-07-25 12:00:00,0.79594,0.79761,0.79577,0.79722,7456
2025-07-25 16:00:00,0.79722,0.79793,0.79543,0.79545,10916
2025-07-25 20:00:00,0.79545,0.79566,0.79468,0.7953,3084
2025-07-28 00:00:00,0.79472,0.79574,0.79442,0.7949,4722
2025-07-28 04:00:00,0.79489,0.79599,0.79449,0.79556,6160
2025-07-28 08:00:00,0.79556,0.79947,0.79553,0.79908,10311
2025-07-28 12:00:00,0.79909,0.80166,0.79879,0.80076,10208
2025-07-28 16:00:00,0.80075,0.80325,0.80006,0.80287,10154
2025-07-28 20:00:00,0.80287,0.8036,0.80259,0.80359,2790
2025-07-29 00:00:00,0.80111,0.80389,0.80111,0.80384,3713
2025-07-29 04:00:00,0.80385,0.80425,0.80246,0.80362,5268
2025-07-29 08:00:00,0.80362,0.80715,0.80354,0.80514,9857
2025-07-29 12:00:00,0.80514,0.80756,0.8037,0.80748,9526
2025-07-29 16:00:00,0.80747,0.80791,0.8048,0.80643,11486
2025-07-29 20:00:00,0.80642,0.80648,0.80498,0.80612,4038
2025-07-30 00:00:00,0.80545,0.80587,0.80411,0.80418,4359
2025-07-30 04:00:00,0.80419,0.80554,0.80379,0.80549,5287
2025-07-30 08:00:00,0.80549,0.8059,0.80401,0.80436,7145
2025-07-30 12:00:00,0.80437,0.81058,0.80404,0.81022,10310
2025-07-30 16:00:00,0.81022,0.81241,0.80987,0.81048,11099
2025-07-30 20:00:00,0.81049,0.815,0.80817,0.81469,11113
2025-07-31 00:00:00,0.81457,0.81462,0.81278,0.8131,4682
2025-07-31 04:00:00,0.8131,0.81435,0.81254,0.81267,6550
2025-07-31 08:00:00,0.81267,0.81342,0.81117,0.81276,9105
2025-07-31 12:00:00,0.81276,0.81417,0.81165,0.81312,9162
2025-07-31 16:00:00,0.81312,0.81445,0.81128,0.81242,11397
2025-07-31 20:00:00,0.81242,0.81289,0.81156,0.81224,4716
2025-08-01 00:00:00,0.81217,0.81455,0.81149,0.81288,5400
2025-08-01 04:00:00,0.81288,0.81437,0.81273,0.81401,6347
2025-08-01 08:00:00,0.81401,0.81706,0.81292,0.81701,7648
2025-08-01 12:00:00,0.81701,0.81711,0.80511,0.8055,13034
2025-08-01 16:00:00,0.8055,0.8076,0.80259,0.80663,21149
2025-08-01 20:00:00,0.80663,0.80817,0.80314,0.80338,8374
2025-08-04 00:00:00,0.80349,0.80652,0.80251,0.80646,6518
2025-08-04 04:00:00,0.80647,0.80683,0.80466,0.80519,7056
2025-08-04 08:00:00,0.80519,0.80939,0.80471,0.80902,10990
2025-08-04 12:00:00,0.80903,0.80963,0.80569,0.80681,10880
2025-08-04 16:00:00,0.8068,0.80894,0.80592,0.80785,12403
2025-08-04 20:00:00,0.80785,0.80886,0.80753,0.80789,5662
2025-08-05 00:00:00,0.80752,0.80859,0.80533,0.80833,5682
2025-08-05 04:00:00,0.80833,0.80972,0.80821,0.80942,5537
2025-08-05 08:00:00,0.80942,0.81147,0.80843,0.81106,7880
2025-08-05 12:00:00,0.81106,0.81176,0.80925,0.8097,8096
2025-08-05 16:00:00,0.80971,0.80993,0.8065,0.80712,12063
2025-08-05 20:00:00,0.80712,0.80793,0.80695,0.80727,3574
2025-08-06 00:00:00,0.80685,0.80765,0.80634,0.80739,5525
2025-08-06 04:00:00,0.80739,0.80791,0.80648,0.80677,4899
2025-08-06 08:00:00,0.8068,0.80937,0.80644,0.80885,6636
2025-08-06 12:00:00,0.80885,0.80904,0.80602,0.80635,8427
2025-08-06 16:00:00,0.80635,0.80783,0.80483,0.80702,11915
2025-08-06 20:00:00,0.80702,0.80747,0.80569,0.80661,4905
2025-08-07 00:00:00,0.80572,0.80679,0.80495,0.8065,4532
2025-08-07 04:00:00,0.80651,0.80663,0.80474,0.80498,5377
2025-08-07 08:00:00,0.80498,0.80729,0.80426,0.80577,8278
2025-08-07 12:00:00,0.80577,0.80893,0.8055,0.80804,11369
2025-08-07 16:00:00,0.80804,0.80876,0.80693,0.80712,11947
2025-08-07 20:00:00,0.80713,0.8084,0.80559,0.80616,4998
2025-08-08 00:00:00,0.80592,0.80664,0.80538,0.80613,4898
2025-08-08 04:00:00,0.80613,0.8073,0.80613,0.80672,4600
2025-08-08 08:00:00,0.80671,0.80885,0.80641,0.80851,6779
2025-08-08 12:00:00,0.80851,0.80882,0.80681,0.80773,7681
2025-08-08 16:00:00,0.80774,0.80813,0.8067,0.80795,9278
2025-08-08 20:00:00,0.80795,0.80862,0.80733,0.8081,5758
2025-08-11 00:00:00,0.80766,0.80812,0.80693,0.80761,3495
2025-08-11 04:00:00,0.80761,0.80773,0.80621,0.80641,4822
2025-08-11 08:00:00,0.8064,0.80856,0.8061,0.80831,6139
2025-08-11 12:00:00,0.80835,0.8117,0.80815,0.81143,6662
2025-08-11 16:00:00,0.81143,0.81318,0.81093,0.81261,8762
2025-08-11 20:00:00,0.81262,0.81301,0.81191,0.81213,4347
2025-08-12 00:00:00,0.81181,0.81264,0.81103,0.81189,3523
2025-08-12 04:00:00,0.81189,0.81195,0.81074,0.81095,6367
2025-08-12 08:00:00,0.81095,0.81169,0.80914,0.80993,9046
2025-08-12 12:00:00,0.80993,0.81185,0.80803,0.80961,12443
2025-08-12 16:00:00,0.80961,0.81113,0.8066,0.80736,18992
2025-08-12 20:00:00,0.80736,0.80786,0.80614,0.80658,6502
2025-08-13 00:00:00,0.80617,0.80696,0.806,0.80646,7084
2025-08-13 04:00:00,0.80646,0.80716,0.80613,0.80646,5015
2025-08-13 08:00:00,0.80646,0.80685,0.80256,0.80338,8595
2025-08-13 12:00:00,0.80338,0.80439,0.80217,0.80437,9409
2025-08-13 16:00:00,0.80437,0.80498,0.80344,0.80498,9751
2025-08-13 20:00:00,0.80498,0.80581,0.80472,0.80535,4030
2025-08-14 00:00:00,0.80403,0.80531,0.80332,0.80491,5619
2025-08-14 04:00:00,0.80491,0.80577,0.80442,0.80525,6751
2025-08-14 08:00:00,0.80525,0.80688,0.80514,0.80668,9209
2025-08-14 12:00:00,0.80668,0.80809,0.80504,0.80659,11188
2025-08-14 16:00:00,0.80659,0.80925,0.80607,0.80878,14326
2025-08-14 20:00:00,0.80878,0.80885,0.80717,0.80742,5544
2025-08-15 00:00:00,0.80707,0.80792,0.8069,0.80765,3581
2025-08-15 04:00:00,0.80765,0.80782,0.80648,0.80651,5000
2025-08-15 08:00:00,0.80651,0.80679,0.80493,0.80513,6836
2025-08-15 12:00:00,0.80514,0.80692,0.80473,0.80543,8845
2025-08-15 16:00:00,0.80543,0.80668,0.80453,0.8062,10674
2025-08-15 20:00:00,0.80619,0.80688,0.80575,0.80659,5337
2025-08-18 00:00:00,0.80415,0.80689,0.80404,0.8066,3784
2025-08-18 04:00:00,0.8066,0.80696,0.80584,0.80594,4581
2025-08-18 08:00:00,0.80594,0.80784,0.80545,0.80711,7984
2025-08-18 12:00:00,0.80711,0.80808,0.80655,0.80738,7732
2025-08-18 16:00:00,0.80738,0.80799,0.80634,0.80727,8973
2025-08-18 20:00:00,0.80725,0.8078,0.80692,0.80736,4466
2025-08-19 00:00:00,0.8071,0.80766,0.80642,0.80738,3473
2025-08-19 04:00:00,0.80737,0.80854,0.80706,0.80718,5812
2025-08-19 08:00:00,0.80718,0.80754,0.80537,0.80599,7301
2025-08-19 12:00:00,0.80599,0.80623,0.80471,0.80555,7352
2025-08-19 16:00:00,0.80556,0.80736,0.80522,0.80721,8955
2025-08-19 20:00:00,0.80721,0.8079,0.80694,0.80774,4899
2025-08-20 00:00:00,0.80716,0.80916,0.8061,0.80854,5032
2025-08-20 04:00:00,0.80854,0.80927,0.80805,0.80844,5543
2025-08-20 08:00:00,0.80844,0.80896,0.8076,0.80792,7181
2025-08-20 12:00:00,0.80792,0.80818,0.80561,0.80567,7589
2025-08-20 16:00:00,0.80567,0.80647,0.80331,0.80394,11252
2025-08-20 20:00:00,0.80394,0.80441,0.8031,0.8041,4891
2025-08-21 00:00:00,0.80347,0.80497,0.80303,0.80437,3962
2025-08-21 04:00:00,0.80437,0.80534,0.80409,0.80533,4870
2025-08-21 08:00:00,0.8053,0.80648,0.80463,0.80524,7318
2025-08-21 12:00:00,0.80524,0.80689,0.80489,0.80615,7952
2025-08-21 16:00:00,0.80615,0.80894,0.80582,0.80811,12551
2025-08-21 20:00:00,0.80811,0.80904,0.8079,0.80876,3587
2025-08-22 00:00:00,0.80807,0.80896,0.80673,0.80886,4164
2025-08-22 04:00:00,0.80886,0.81036,0.80874,0.81034,4880
2025-08-22 08:00:00,0.81032,0.81037,0.80895,0.80933,6359
2025-08-22 12:00:00,0.80933,0.8096,0.80789,0.80809,6439
2025-08-22 16:00:00,0.80809,0.80883,0.80019,0.80131,20271
2025-08-22 20:00:00,0.80131,0.80159,0.79999,0.80122,5618
2025-08-25 00:00:00,0.80032,0.80329,0.79975,0.80296,4962
2025-08-25 04:00:00,0.80296,0.80352,0.80244,0.80291,4257
2025-08-25 08:00:00,0.80291,0.80345,0.80159,0.80191,5637
2025-08-25 12:00:00,0.80191,0.80284,0.80177,0.80238,5810
2025-08-25 16:00:00,0.80238,0.80454,0.80194,0.80413,8957
2025-08-25 20:00:00,0.80413,0.80711,0.80406,0.80604,6058
2025-08-26 00:00:00,0.80514,0.80667,0.80271,0.80346,7535
2025-08-26 04:00:00,0.80346,0.80591,0.80343,0.80541,6265
2025-08-26 08:00:00,0.80541,0.80722,0.80488,0.80672,9772
2025-08-26 12:00:00,0.80672,0.80681,0.80374,0.80445,8717
2025-08-26 16:00:00,0.80448,0.80519,0.80254,0.80331,10900
2025-08-26 20:00:00,0.80331,0.80399,0.8029,0.80356,5241
2025-08-27 00:00:00,0.80323,0.80415,0.8023,0.80405,4292
2025-08-27 04:00:00,0.80405,0.8053,0.80368,0.80522,4604
2025-08-27 08:00:00,0.80522,0.80764,0.80489,0.80641,7093
2025-08-27 12:00:00,0.80641,0.80728,0.8049,0.80518,7643
2025-08-27 16:00:00,0.80518,0.80555,0.80152,0.80191,11066
2025-08-27 20:00:00,0.80191,0.80283,0.80158,0.80226,5533
2025-08-28 00:00:00,0.80207,0.80241,0.80143,0.80169,4112
2025-08-28 04:00:00,0.80169,0.80183,0.80097,0.80154,4411
2025-08-28 08:00:00,0.80154,0.80213,0.80098,0.80118,6388
2025-08-28 12:00:00,0.80118,0.80225,0.79938,0.80198,9575
2025-08-28 16:00:00,0.80198,0.80304,0.80045,0.80045,11618
2025-08-28 20:00:00,0.80045,0.80189,0.79975,0.80143,4938
2025-08-29 00:00:00,0.80077,0.80243,0.80003,0.80203,4450
2025-08-29 04:00:00,0.80203,0.80315,0.8019,0.80249,5370
2025-08-29 08:00:00,0.80249,0.80267,0.79962,0.80067,7260
2025-08-29 12:00:00,0.80067,0.80349,0.80059,0.80241,8271
2025-08-29 16:00:00,0.80241,0.8027,0.79854,0.79925,13159
2025-08-29 20:00:00,0.79925,0.80072,0.79915,0.80051,5514
2025-09-01 00:00:00,0.79827,0.80113,0.79817,0.80069,3661
2025-09-01 04:00:00,0.80069,0.80117,0.79932,0.79959,4974
2025-09-01 08:00:00,0.79959,0.79988,0.7986,0.79877,6484
2025-09-01 12:00:00,0.79877,0.80122,0.79866,0.80107,7169
2025-09-01 16:00:00,0.80105,0.8017,0.79997,0.80117,7550
2025-09-01 20:00:00,0.80117,0.80129,0.8002,0.80056,3625
2025-09-02 00:00:00,0.80006,0.8013,0.79939,0.8012,4204
2025-09-02 04:00:00,0.8012,0.80155,0.80098,0.80133,6808
2025-09-02 08:00:00,0.80133,0.80448,0.80083,0.80424,12058
2025-09-02 12:00:00,0.80424,0.80608,0.80371,0.80519,14423
2025-09-02 16:00:00,0.80519,0.8054,0.80193,0.8039,13877
2025-09-02 20:00:00,0.8039,0.80541,0.80366,0.80446,6370
2025-09-03 00:00:00,0.8042,0.80564,0.80298,0.80558,3763
2025-09-03 04:00:00,0.80558,0.80588,0.80508,0.80518,5766
2025-09-03 08:00:00,0.80517,0.80678,0.80397,0.80412,8407
2025-09-03 12:00:00,0.80412,0.80546,0.80309,0.80517,8961
2025-09-03 16:00:00,0.80517,0.80556,0.8027,0.8032,13347
2025-09-03 20:00:00,0.8032,0.80448,0.8031,0.80418,5461
2025-09-04 00:00:00,0.80337,0.80438,0.8028,0.80411,5002
2025-09-04 04:00:00,0.80411,0.8045,0.80344,0.80441,6246
2025-09-04 08:00:00,0.80441,0.80549,0.80395,0.80435,8058
2025-09-04 12:00:00,0.80434,0.80617,0.80419,0.80557,10072
2025-09-04 16:00:00,0.80557,0.80683,0.8047,0.80666,11487
2025-09-04 20:00:00,0.80666,0.80717,0.8054,0.80544,5109
2025-09-05 00:00:00,0.80529,0.80576,0.80405,0.805,4526
2025-09-05 04:00:00,0.805,0.80511,0.80428,0.80477,4605
2025-09-05 08:00:00,0.80477,0.80478,0.80326,0.8033,6027
2025-09-05 12:00:00,0.8033,0.80393,0.79847,0.79975,12194
2025-09-05 16:00:00,0.79973,0.79999,0.79558,0.79704,16997
2025-09-05 20:00:00,0.79704,0.79857,0.79701,0.79802,4394
2025-09-08 00:00:00,0.79806,0.79954,0.79501,0.79837,5607
2025-09-08 04:00:00,0.79836,0.7986,0.79739,0.79743,6276
2025-09-08 08:00:00,0.79742,0.79757,0.79508,0.79589,7308
2025-09-08 12:00:00,0.7959,0.79663,0.79439,0.79464,7005
2025-09-08 16:00:00,0.79466,0.79469,0.79292,0.79426,8322
2025-09-08 20:00:00,0.79427,0.79464,0.79272,0.79314,4081
2025-09-09 00:00:00,0.79316,0.7933,0.7922,0.79253,3854
2025-09-09 04:00:00,0.79255,0.79304,0.79206,0.79226,4753
2025-09-09 08:00:00,0.79232,0.79439,0.79152,0.79305,8472
2025-09-09 12:00:00,0.79303,0.79557,0.79225,0.79495,7312
2025-09-09 16:00:00,0.79494,0.79697,0.79286,0.79685,11626
2025-09-09 20:00:00,0.79684,0.79793,0.79667,0.79741,4521
2025-09-10 00:00:00,0.79687,0.79799,0.79365,0.79784,2619
2025-09-10 04:00:00,0.79784,0.79848,0.79668,0.79669,5234
2025-09-10 08:00:00,0.7967,0.79847,0.79614,0.79753,6764
2025-09-10 12:00:00,0.79752,0.79914,0.79517,0.79801,7838
2025-09-10 16:00:00,0.79805,0.79894,0.79633,0.79873,9367
2025-09-10 20:00:00,0.79874,0.79945,0.79847,0.79908,3751
2025-09-11 00:00:00,0.79877,0.79922,0.79798,0.79917,2571
2025-09-11 04:00:00,0.79918,0.79923,0.79863,0.79865,3595
2025-09-11 08:00:00,0.79866,0.79992,0.79865,0.79928,8795
2025-09-11 12:00:00,0.79926,0.80048,0.79698,0.79774,9410
2025-09-11 16:00:00,0.79772,0.79828,0.79483,0.79591,11744
2025-09-11 20:00:00,0.7959,0.79638,0.79548,0.79581,4238
2025-09-12 00:00:00,0.79538,0.79621,0.79442,0.79606,2432
2025-09-12 04:00:00,0.79602,0.79698,0.79594,0.79671,2585
2025-09-12 08:00:00,0.7967,0.79741,0.79551,0.79733,5035
2025-09-12 12:00:00,0.79734,0.79863,0.79626,0.79774,5378
2025-09-12 16:00:00,0.79776,0.79809,0.79618,0.79656,6576
2025-09-12 20:00:00,0.79655,0.79666,0.79578,0.79655,2755
2025-09-15 00:00:00,0.79595,0.79681,0.79508,0.79653,2690
2025-09-15 04:00:00,0.79652,0.7969,0.79609,0.79626,2156
2025-09-15 08:00:00,0.79625,0.79728,0.79571,0.79612,3533
2025-09-15 12:00:00,0.79615,0.79615,0.79439,0.79477,4814
2025-09-15 16:00:00,0.79478,0.79558,0.79362,0.79463,5980
2025-09-15 20:00:00,0.79464,0.79468,0.79382,0.79457,2804
2025-09-16 00:00:00,0.79421,0.79478,0.79372,0.79445,2709
2025-09-16 04:00:00,0.79444,0.79479,0.79325,0.79367,4272
2025-09-16 08:00:00,0.79366,0.79381,0.79166,0.79222,5407
2025-09-16 12:00:00,0.79216,0.79221,0.79001,0.79085,7443
2025-09-16 16:00:00,0.79084,0.79093,0.78627,0.7863,9139
2025-09-16 20:00:00,0.78626,0.78664,0.78556,0.78588,4647
2025-09-17 00:00:00,0.78554,0.78669,0.78537,0.78663,3018
2025-09-17 04:00:00,0.78664,0.78716,0.78657,0.78701,3036
2025-09-17 08:00:00,0.78699,0.78785,0.78659,0.78692,4714
2025-09-17 12:00:00,0.7869,0.78765,0.78628,0.7869,4968
2025-09-17 16:00:00,0.78689,0.78721,0.78587,0.78697,5772
2025-09-17 20:00:00,0.78696,0.78937,0.78291,0.78888,15636
2025-09-18 00:00:00,0.78805,0.7891,0.78763,0.7886,4659
2025-09-18 04:00:00,0.7886,0.79077,0.78836,0.79065,4393
2025-09-18 08:00:00,0.79066,0.79153,0.78831,0.7891,7576
2025-09-18 12:00:00,0.78911,0.79104,0.78716,0.79102,8249
2025-09-18 16:00:00,0.79108,0.79377,0.79104,0.79232,11301
2025-09-18 20:00:00,0.7923,0.79294,0.7919,0.79283,3986
2025-09-19 00:00:00,0.79015,0.79323,0.79009,0.79243,6009
2025-09-19 04:00:00,0.79242,0.79342,0.79201,0.79302,6712
2025-09-19 08:00:00,0.79303,0.79555,0.79269,0.79524,7227
2025-09-19 12:00:00,0.79525,0.7966,0.79444,0.79593,6769
2025-09-19 16:00:00,0.79594,0.79597,0.7941,0.79474,9075
2025-09-19 20:00:00,0.79473,0.79579,0.79461,0.79562,4737
2025-09-22 00:00:00,0.79319,0.79701,0.79297,0.79653,5572
2025-09-22 04:00:00,0.79653,0.79728,0.79607,0.79708,5537
2025-09-22 08:00:00,0.79707,0.79712,0.794,0.7942,5856
2025-09-22 12:00:00,0.79419,0.79479,0.7928,0.79312,5391
2025-09-22 16:00:00,0.79311,0.79445,0.79272,0.7929,7082
2025-09-22 20:00:00,0.79289,0.7931,0.7922,0.79232,3543
2025-09-23 00:00:00,0.79268,0.79347,0.79189,0.79201,5217
2025-09-23 04:00:00,0.79202,0.79251,0.79097,0.7925,5982
2025-09-23 08:00:00,0.79251,0.79335,0.79165,0.79189,6365
2025-09-23 12:00:00,0.79186,0.79284,0.7915,0.79214,5406
2025-09-23 16:00:00,0.79215,0.79318,0.79157,0.79186,10447
2025-09-23 20:00:00,0.79185,0.79199,0.79093,0.79123,5810
2025-09-24 00:00:00,0.79169,0.79219,0.79031,0.79199,7269
2025-09-24 04:00:00,0.79198,0.79256,0.79189,0.7921,5421
2025-09-24 08:00:00,0.79211,0.79428,0.79186,0.79396,6193
2025-09-24 12:00:00,0.79397,0.79521,0.7937,0.79452,6847
2025-09-24 16:00:00,0.79453,0.79574,0.79399,0.79561,8382
2025-09-24 20:00:00,0.7956,0.79565,0.795,0.79528,3080
2025-09-25 00:00:00,0.79371,0.79492,0.79371,0.79438,4809
2025-09-25 04:00:00,0.7944,0.79511,0.79428,0.79474,3783
2025-09-25 08:00:00,0.79474,0.79682,0.79472,0.79583,6346
2025-09-25 12:00:00,0.79582,0.79985,0.79511,0.79905,7703
2025-09-25 16:00:00,0.79904,0.80095,0.79778,0.80082,11958
2025-09-25 20:00:00,0.80083,0.80139,0.79939,0.79957,6245
2025-09-26 00:00:00,0.79948,0.8007,0.79875,0.79979,4953
2025-09-26 04:00:00,0.79978,0.80016,0.79916,0.79917,4394
2025-09-26 08:00:00,0.79916,0.80007,0.79864,0.79921,5888
2025-09-26 12:00:00,0.7992,0.80034,0.79844,0.79889,7182
2025-09-26 16:00:00,0.79888,0.79926,0.79747,0.79841,10414
2025-09-26 20:00:00,0.7984,0.7984,0.79729,0.79798,5489
2025-09-29 00:00:00,0.79676,0.79809,0.79614,0.79653,4662
2025-09-29 04:00:00,0.79653,0.79707,0.7957,0.79602,4224
2025-09-29 08:00:00,0.79603,0.79691,0.79516,0.79603,6018
2025-09-29 12:00:00,0.79604,0.79874,0.79592,0.79621,6869
2025-09-29 16:00:00,0.7962,0.79789,0.79618,0.79708,8854
2025-09-29 20:00:00,0.79707,0.79786,0.79701,0.79751,3005
2025-09-30 00:00:00,0.7975,0.79833,0.79663,0.79793,4799
2025-09-30 04:00:00,0.79792,0.79804,0.79696,0.79697,4395
2025-09-30 08:00:00,0.79697,0.79779,0.79522,0.79616,7444
2025-09-30 12:00:00,0.79617,0.79821,0.7961,0.79708,6889
2025-09-30 16:00:00,0.79707,0.79854,0.79447,0.79463,10416
2025-09-30 20:00:00,0.79464,0.79645,0.7939,0.79639,3606
2025-10-01 00:00:00,0.79608,0.79686,0.79467,0.7963,4603
2025-10-01 04:00:00,0.79631,0.79664,0.79419,0.79435,5295
2025-10-01 08:00:00,0.79436,0.79588,0.79283,0.79582,9490
2025-10-01 12:00:00,0.7958,0.79884,0.79513,0.79738,11328
2025-10-01 16:00:00,0.79737,0.799,0.79599,0.79822,13284
2025-10-01 20:00:00,0.7982,0.79823,0.79662,0.79719,3750
2025-10-02 00:00:00,0.79655,0.79744,0.79608,0.79711,4116
2025-10-02 04:00:00,0.79715,0.79736,0.7961,0.79669,4441
2025-10-02 08:00:00,0.79668,0.79752,0.79586,0.79622,6736
2025-10-02 12:00:00,0.79624,0.79693,0.79511,0.79663,6726
2025-10-02 16:00:00,0.79661,0.79999,0.79634,0.79811,9637
2025-10-02 20:00:00,0.79812,0.79854,0.79714,0.7978,3326
2025-10-03 00:00:00,0.79737,0.79764,0.79666,0.79737,3182
2025-10-03 04:00:00,0.79734,0.79797,0.79705,0.79772,4568
2025-10-03 08:00:00,0.79771,0.798,0.79576,0.79621,5354
2025-10-03 12:00:00,0.79622,0.79717,0.79564,0.79575,5198
2025-10-03 16:00:00,0.79574,0.79667,0.79468,0.79526,9361
2025-10-03 20:00:00,0.79527,0.79613,0.79507,0.79532,2554
2025-10-06 00:00:00,0.7953,0.79776,0.79516,0.79652,8117
2025-10-06 04:00:00,0.7965,0.79714,0.79536,0.79598,5660
2025-10-06 08:00:00,0.79599,0.79932,0.79558,0.79863,9483
2025-10-06 12:00:00,0.79869,0.79938,0.79713,0.79718,7282
2025-10-06 16:00:00,0.79717,0.79765,0.79478,0.79506,6903
2025-10-06 20:00:00,0.7951,0.79556,0.79454,0.79477,2673
2025-10-07 00:00:00,0.79477,0.79537,0.79433,0.79502,5284
2025-10-07 04:00:00,0.795,0.79578,0.79498,0.79559,4144
2025-10-07 08:00:00,0.7956,0.79778,0.79549,0.79776,5362
2025-10-07 12:00:00,0.79777,0.79914,0.79692,0.79752,6378
2025-10-07 16:00:00,0.79754,0.79836,0.79672,0.79738,7937
2025-10-07 20:00:00,0.79737,0.79893,0.79661,0.79823,4040
2025-10-08 00:00:00,0.79788,0.79924,0.79643,0.79897,4206
2025-10-08 04:00:00,0.79899,0.80102,0.79899,0.80087,4571
2025-10-08 08:00:00,0.80086,0.80186,0.8005,0.80109,6474
2025-10-08 12:00:00,0.80108,0.8013,0.79942,0.80026,5992
2025-10-08 16:00:00,0.80028,0.80277,0.79985,0.80222,8184
2025-10-08 20:00:00,0.80223,0.80286,0.80156,0.80186,4086
2025-10-09 00:00:00,0.80134,0.80165,0.80071,0.801,3088
2025-10-09 04:00:00,0.80103,0.80104,0.80026,0.8005,3061
2025-10-09 08:00:00,0.80051,0.80353,0.80043,0.80202,6254
2025-10-09 12:00:00,0.80203,0.80242,0.80039,0.80233,6103
2025-10-09 16:00:00,0.80232,0.80695,0.80173,0.80665,11679
2025-10-09 20:00:00,0.80664,0.80759,0.8059,0.80609,4968
2025-10-10 00:00:00,0.80603,0.80678,0.80506,0.80634,3451
2025-10-10 04:00:00,0.80633,0.80668,0.80585,0.8059,3562
2025-10-10 08:00:00,0.80591,0.80614,0.80471,0.80516,6687
2025-10-10 12:00:00,0.80516,0.80644,0.80497,0.80555,5284
2025-10-10 16:00:00,0.80554,0.80617,0.79999,0.80139,13546
2025-10-10 20:00:00,0.80138,0.8021,0.79945,0.79956,5805
2025-10-13 00:00:00,0.80016,0.80385,0.7992,0.80118,6975
2025-10-13 04:00:00,0.80109,0.80166,0.80086,0.80112,5111
2025-10-13 08:00:00,0.80111,0.80431,0.80001,0.8041,7712
2025-10-13 12:00:00,0.80411,0.80514,0.80249,0.80466,8007
2025-10-13 16:00:00,0.80465,0.80577,0.80372,0.80403,7632
2025-10-13 20:00:00,0.80402,0.8043,0.80377,0.80413,2655
2025-10-14 00:00:00,0.8035,0.80498,0.80277,0.80455,3490
2025-10-14 04:00:00,0.80456,0.80459,0.80237,0.80254,5486
2025-10-14 08:00:00,0.80255,0.80461,0.8018,0.80325,11114
2025-10-14 12:00:00,0.80323,0.80481,0.80323,0.80423,8681
2025-10-14 16:00:00,0.80424,0.80448,0.80026,0.80082,13620
2025-10-14 20:00:00,0.80083,0.80146,0.80053,0.80106,4569
2025-10-15 00:00:00,0.79938,0.80157,0.79935,0.8011,3394
2025-10-15 04:00:00,0.80109,0.80119,0.79984,0.80004,4860
2025-10-15 08:00:00,0.80006,0.80018,0.79904,0.79978,7577
2025-10-15 12:00:00,0.79981,0.80107,0.79973,0.80062,8074
2025-10-15 16:00:00,0.80061,0.80084,0.79566,0.79669,10687
2025-10-15 20:00:00,0.79668,0.79772,0.79636,0.79675,4559
2025-10-16 00:00:00,0.79606,0.79676,0.79501,0.79538,3877
2025-10-16 04:00:00,0.79537,0.7956,0.79329,0.79549,5799
2025-10-16 08:00:00,0.79548,0.79759,0.79537,0.79656,8468
2025-10-16 12:00:00,0.79657,0.79847,0.79625,0.79687,7809
2025-10-16 16:00:00,0.79686,0.79785,0.79418,0.79431,12256
2025-10-16 20:00:00,0.7943,0.79435,0.79236,0.7927,7373
2025-10-17 00:00:00,0.79255,0.79262,0.79086,0.79135,4243
2025-10-17 04:00:00,0.79136,0.79189,0.79001,0.79035,6431
2025-10-17 08:00:00,0.79037,0.79039,0.78728,0.78935,13566
2025-10-17 12:00:00,0.78933,0.79318,0.78841,0.79217,12970
2025-10-17 16:00:00,0.79216,0.79328,0.79055,0.79213,12701
2025-10-17 20:00:00,0.79214,0.79361,0.7918,0.79341,4986
2025-10-20 00:00:00,0.79099,0.79413,0.79097,0.79281,4847
2025-10-20 04:00:00,0.79281,0.79381,0.7926,0.79279,4185
2025-10-20 08:00:00,0.79283,0.79433,0.79231,0.79248,7780
2025-10-20 12:00:00,0.79247,0.79346,0.7922,0.7925,7433
2025-10-20 16:00:00,0.79249,0.7929,0.79059,0.79205,8715
2025-10-20 20:00:00,0.79208,0.79251,0.79171,0.79238,2883
2025-10-21 00:00:00,0.79203,0.79256,0.79122,0.79178,3595
2025-10-21 04:00:00,0.7918,0.79343,0.79168,0.79302,5389
2025-10-21 08:00:00,0.79303,0.7938,0.79178,0.79366,9992
2025-10-21 12:00:00,0.79365,0.79598,0.79365,0.79553,9997
2025-10-21 16:00:00,0.79554,0.79621,0.79395,0.79585,11985
2025-10-21 20:00:00,0.79583,0.79642,0.79558,0.79623,3355
2025-10-22 00:00:00,0.79575,0.79689,0.79485,0.79603,4465
2025-10-22 04:00:00,0.796,0.79614,0.79541,0.79576,4222
2025-10-22 08:00:00,0.79577,0.79689,0.79512,0.79608,8016
2025-10-22 12:00:00,0.79609,0.79719,0.79579,0.79696,8106
2025-10-22 16:00:00,0.79695,0.79737,0.79483,0.79515,10124
2025-10-22 20:00:00,0.79516,0.79635,0.79511,0.796,3364
2025-10-23 00:00:00,0.7955,0.79667,0.79501,0.79633,3336
2025-10-23 04:00:00,0.79636,0.79765,0.79629,0.79721,2697
2025-10-23 08:00:00,0.79722,0.79801,0.7968,0.7975,4879
2025-10-23 12:00:00,0.79751,0.79867,0.79656,0.79691,5419
2025-10-23 16:00:00,0.79692,0.79713,0.79512,0.79567,7075
2025-10-23 20:00:00,0.79568,0.79604,0.79499,0.79504,2421
2025-10-24 00:00:00,0.79498,0.79528,0.79471,0.79514,3285
2025-10-24 04:00:00,0.79513,0.79613,0.79505,0.79603,3510
2025-10-24 08:00:00,0.79602,0.79653,0.79464,0.79578,6547
2025-10-24 12:00:00,0.79582,0.79682,0.7926,0.79456,7874
2025-10-24 16:00:00,0.79455,0.79616,0.79398,0.79581,9478
2025-10-24 20:00:00,0.79579,0.79579,0.79492,0.79542,2735
2025-10-27 00:00:00,0.79603,0.79664,0.79499,0.79538,3676
2025-10-27 04:00:00,0.79537,0.79646,0.79452,0.79627,4290
2025-10-27 08:00:00,0.79626,0.79728,0.79584,0.79711,5472
2025-10-27 12:00:00,0.79712,0.79715,0.79464,0.79565,6998
2025-10-27 16:00:00,0.79567,0.79678,0.79551,0.79561,6787
2025-10-27 20:00:00,0.7956,0.79608,0.79503,0.79527,2727
2025-10-28 00:00:00,0.79505,0.79526,0.79386,0.7942,3376
2025-10-28 04:00:00,0.79419,0.79438,0.79313,0.79322,5035
2025-10-28 08:00:00,0.79321,0.79482,0.79306,0.794,6392
2025-10-28 12:00:00,0.79401,0.79601,0.79331,0.79563,6714
2025-10-28 16:00:00,0.79564,0.79669,0.79249,0.79284,9374
2025-10-28 20:00:00,0.79283,0.79348,0.7926,0.79331,3007
2025-10-29 00:00:00,0.79314,0.79362,0.79241,0.79296,4275
2025-10-29 04:00:00,0.79297,0.79429,0.79282,0.79418,4033
2025-10-29 08:00:00,0.79419,0.7971,0.79407,0.79667,6887
2025-10-29 12:00:00,0.79668,0.79776,0.79579,0.79748,6963
2025-10-29 16:00:00,0.79747,0.79791,0.7956,0.79643,8239
2025-10-29 20:00:00,0.79642,0.80201,0.79633,0.80009,12215
2025-10-30 00:00:00,0.79968,0.80064,0.79823,0.79972,3774
2025-10-30 04:00:00,0.79973,0.79976,0.79754,0.79776,7491
2025-10-30 08:00:00,0.79777,0.79951,0.79761,0.79881,7102
2025-10-30 12:00:00,0.7988,0.80289,0.7977,0.80286,8134
2025-10-30 16:00:00,0.8029,0.80368,0.80068,0.80147,10921
2025-10-30 20:00:00,0.80146,0.8027,0.80141,0.80155,3805
2025-10-31 00:00:00,0.80171,0.80198,0.80113,0.80115,2748
2025-10-31 04:00:00,0.80116,0.80194,0.80088,0.80169,4519
2025-10-31 08:00:00,0.8017,0.80327,0.80159,0.80237,6006
2025-10-31 12:00:00,0.80238,0.80392,0.8014,0.80379,7239
2025-10-31 16:00:00,0.80384,0.80488,0.80234,0.80361,10823
2025-10-31 20:00:00,0.8036,0.80514,0.80355,0.80477,3473
2025-11-03 00:00:00,0.80301,0.8053,0.80262,0.80497,6640
2025-11-03 04:00:00,0.80496,0.80503,0.80432,0.80449,3864
2025-11-03 08:00:00,0.8045,0.80732,0.80384,0.80719,5590
2025-11-03 12:00:00,0.8072,0.80867,0.80661,0.80832,6220
2025-11-03 16:00:00,0.80833,0.80916,0.8068,0.80744,7478
2025-11-03 20:00:00,0.80744,0.80823,0.80705,0.80793,2469
2025-11-04 00:00:00,0.80778,0.80986,0.80736,0.80941,4755
2025-11-04 04:00:00,0.80942,0.80969,0.80853,0.80874,4405
2025-11-04 08:00:00,0.80872,0.80892,0.8067,0.80869,6683
2025-11-04 12:00:00,0.80868,0.81015,0.80812,0.80847,6257
2025-11-04 16:00:00,0.80848,0.81037,0.80832,0.80953,7740
2025-11-04 20:00:00,0.80954,0.81082,0.80948,0.81041,2850
2025-11-05 00:00:00,0.81011,0.81056,0.8079,0.80867,5182
2025-11-05 04:00:00,0.80866,0.80986,0.80842,0.809,5627
2025-11-05 08:00:00,0.80905,0.81072,0.80864,0.81059,6125
2025-11-05 12:00:00,0.81058,0.81164,0.80949,0.81098,7012
2025-11-05 16:00:00,0.81099,0.81242,0.80974,0.811,8817
2025-11-05 20:00:00,0.81095,0.81102,0.80994,0.81008,2450
2025-11-06 00:00:00,0.80992,0.81042,0.80866,0.80899,4824
2025-11-06 04:00:00,0.809,0.8095,0.80883,0.80912,4287
2025-11-06 08:00:00,0.80917,0.80989,0.80829,0.80888,5760
2025-11-06 12:00:00,0.80889,0.80946,0.8068,0.80753,7082
2025-11-06 16:00:00,0.80754,0.80877,0.80664,0.80713,8561
2025-11-06 20:00:00,0.80712,0.80736,0.806,0.80616,3314
2025-11-07 00:00:00,0.80594,0.80716,0.80589,0.80696,6418
2025-11-07 04:00:00,0.80694,0.80782,0.80657,0.80764,3883
2025-11-07 08:00:00,0.80762,0.80842,0.80749,0.80818,4348
2025-11-07 12:00:00,0.80818,0.80818,0.80451,0.80526,6589
2025-11-07 16:00:00,0.80524,0.80546,0.80319,0.80387,7464
2025-11-07 20:00:00,0.80388,0.80583,0.80365,0.80512,3365
2025-11-10 00:00:00,0.80419,0.80727,0.80418,0.80638,7127
2025-11-10 04:00:00,0.80639,0.8067,0.80568,0.80596,4811
2025-11-10 08:00:00,0.80597,0.80693,0.80475,0.80591,9613
2025-11-10 12:00:00,0.8059,0.80652,0.80466,0.80475,7495
2025-11-10 16:00:00,0.80474,0.80673,0.80471,0.80477,8259
2025-11-10 20:00:00,0.80476,0.80524,0.80442,0.80519,2151
2025-11-11 00:00:00,0.80539,0.80614,0.80442,0.80524,2883
2025-11-11 04:00:00,0.80524,0.80524,0.804,0.80404,2638
2025-11-11 08:00:00,0.80405,0.80501,0.80254,0.80325,6864
2025-11-11 12:00:00,0.80324,0.80334,0.79898,0.79936,8692
2025-11-11 16:00:00,0.79935,0.80014,0.7986,0.79983,8429
2025-11-11 20:00:00,0.79984,0.80061,0.79964,0.80048,2728
2025-11-12 00:00:00,0.79992,0.80097,0.79913,0.80089,3533
2025-11-12 04:00:00,0.80087,0.80115,0.80026,0.80067,2750
2025-11-12 08:00:00,0.80069,0.80098,0.79869,0.79925,6644
2025-11-12 12:00:00,0.79924,0.79962,0.79844,0.79846,8033
2025-11-12 16:00:00,0.79845,0.79906,0.79674,0.79701,9111
2025-11-12 20:00:00,0.79702,0.79827,0.79702,0.79791,2216
2025-11-13 00:00:00,0.79742,0.7987,0.79702,0.79811,3632
2025-11-13 04:00:00,0.79808,0.79939,0.79785,0.79928,3312
2025-11-13 08:00:00,0.79929,0.79932,0.79428,0.79547,8919
2025-11-13 12:00:00,0.79546,0.79614,0.7949,0.79576,8318
2025-11-13 16:00:00,0.79574,0.79587,0.79091,0.79121,11237
2025-11-13 20:00:00,0.7912,0.79325,0.79084,0.79271,3942
2025-11-14 00:00:00,0.79231,0.79357,0.79156,0.79313,6571
2025-11-14 04:00:00,0.79314,0.79357,0.79176,0.79186,4975
2025-11-14 08:00:00,0.79187,0.79233,0.79013,0.79218,8254
2025-11-14 12:00:00,0.7922,0.79262,0.78779,0.78952,10695
2025-11-14 16:00:00,0.78953,0.7948,0.78915,0.794,11611
2025-11-14 20:00:00,0.79399,0.79432,0.79374,0.79401,3406
2025-11-17 00:00:00,0.79333,0.79472,0.79306,0.79448,4526
2025-11-17 04:00:00,0.79449,0.79554,0.7944,0.79492,4798
2025-11-17 08:00:00,0.79493,0.79548,0.79316,0.79435,7138
2025-11-17 12:00:00,0.79434,0.79611,0.79429,0.79587,7516
2025-11-17 16:00:00,0.79588,0.79621,0.79516,0.79567,7184
2025-11-17 20:00:00,0.79566,0.79656,0.7956,0.79601,2896
2025-11-18 00:00:00,0.79568,0.79663,0.79493,0.79606,4117
2025-11-18 04:00:00,0.79607,0.79633,0.79399,0.79455,5786
2025-11-18 08:00:00,0.79456,0.79637,0.79376,0.79636,9132
2025-11-18 12:00:00,0.79635,0.79753,0.79547,0.79644,8009
2025-11-18 16:00:00,0.79636,0.80005,0.79611,0.79976,10793
2025-11-18 20:00:00,0.79978,0.79995,0.79861,0.79961,3676
2025-11-19 00:00:00,0.79907,0.80042,0.79864,0.80038,4783
2025-11-19 04:00:00,0.80037,0.80098,0.79854,0.79926,5183
2025-11-19 08:00:00,0.79925,0.80151,0.79882,0.80135,7837
2025-11-19 12:00:00,0.80134,0.80305,0.80086,0.80249,9530
2025-11-19 16:00:00,0.80252,0.80552,0.80219,0.80474,11544
2025-11-19 20:00:00,0.80471,0.8067,0.8045,0.80562,4967
2025-11-20 00:00:00,0.80493,0.80628,0.80327,0.80624,5134
2025-11-20 04:00:00,0.80628,0.80724,0.80621,0.80678,5566
2025-11-20 08:00:00,0.8068,0.807,0.80549,0.80552,8410
2025-11-20 12:00:00,0.80554,0.80766,0.80521,0.80646,9872
2025-11-20 16:00:00,0.80647,0.80751,0.80488,0.80565,14116
2025-11-20 20:00:00,0.80566,0.80639,0.80486,0.80586,4807
2025-11-21 00:00:00,0.80541,0.80613,0.80467,0.80547,5924
2025-11-21 04:00:00,0.80539,0.80544,0.80416,0.80462,5332
2025-11-21 08:00:00,0.80461,0.80564,0.80355,0.80545,10092
2025-11-21 12:00:00,0.80548,0.80723,0.80495,0.8068,12079
2025-11-21 16:00:00,0.80679,0.80986,0.80624,0.80834,12321
2025-11-21 20:00:00,0.80833,0.80906,0.8075,0.80827,4876
2025-11-24 00:00:00,0.80672,0.8092,0.80672,0.80876,5226
2025-11-24 04:00:00,0.80878,0.80884,0.80795,0.80821,4503
2025-11-24 08:00:00,0.80822,0.81017,0.80697,0.80721,8403
2025-11-24 12:00:00,0.80722,0.80769,0.80605,0.80747,7046
2025-11-24 16:00:00,0.80748,0.80919,0.80708,0.80854,7555
2025-11-24 20:00:00,0.80854,0.80863,0.8076,0.80813,3554
2025-11-25 00:00:00,0.80816,0.80867,0.80795,0.80824,4292
2025-11-25 04:00:00,0.80827,0.8093,0.80816,0.80886,4025
2025-11-25 08:00:00,0.80888,0.80953,0.80857,0.80948,6960
2025-11-25 12:00:00,0.80949,0.81018,0.80813,0.80842,8469
2025-11-25 16:00:00,0.80844,0.80919,0.80578,0.80653,11957
2025-11-25 20:00:00,0.80652,0.80812,0.80626,0.80758,5154
2025-11-26 00:00:00,0.80728,0.80814,0.80642,0.80701,5010
2025-11-26 04:00:00,0.80703,0.80719,0.80429,0.80451,4942
2025-11-26 08:00:00,0.80453,0.80668,0.80417,0.80655,9262
2025-11-26 12:00:00,0.80652,0.80835,0.80597,0.8081,12610
2025-11-26 16:00:00,0.80809,0.8083,0.80413,0.80416,10262
2025-11-26 20:00:00,0.80418,0.8045,0.80386,0.80414,3597
2025-11-27 00:00:00,0.80408,0.80412,0.80283,0.80292,3724
2025-11-27 04:00:00,0.80289,0.80381,0.80264,0.80353,3866
2025-11-27 08:00:00,0.80354,0.80567,0.80333,0.80561,7213
2025-11-27 12:00:00,0.80562,0.80623,0.80492,0.805,5766
2025-11-27 16:00:00,0.80499,0.80594,0.80462,0.80489,3316
2025-11-27 20:00:00,0.80482,0.80518,0.80472,0.80478,1924
2025-11-28 00:00:00,0.80409,0.80551,0.80409,0.80548,4114
2025-11-28 04:00:00,0.80547,0.8055,0.80449,0.80449,17693
2025-11-28 08:00:00,0.80451,0.80651,0.80438,0.80637,23109
2025-11-28 12:00:00,0.80636,0.80711,0.80441,0.80493,18484
2025-11-28 16:00:00,0.80495,0.8058,0.80262,0.80309,9591
2025-11-28 20:00:00,0.8031,0.80368,0.80292,0.80298,7278
2025-12-01 00:00:00,0.80321,0.80383,0.80238,0.80343,5760
2025-12-01 04:00:00,0.80344,0.8045,0.8034,0.8044,3785
2025-12-01 08:00:00,0.80441,0.80471,0.80208,0.80284,7562
2025-12-01 12:00:00,0.80285,0.80353,0.7996,0.80074,7162
2025-12-01 16:00:00,0.80075,0.80374,0.80054,0.8037,9103
2025-12-01 20:00:00,0.80366,0.80487,0.8035,0.80458,4394
2025-12-02 00:00:00,0.80383,0.80499,0.80349,0.80443,2146
2025-12-02 04:00:00,0.80444,0.80479,0.80403,0.80455,1896
2025-12-02 08:00:00,0.80456,0.80501,0.80394,0.80401,3649
2025-12-02 12:00:00,0.80481,0.80509,0.80412,0.80451,3790
2025-12-02 16:00:00,0.80441,0.80502,0.80308,0.80402,6996
2025-12-02 20:00:00,0.80401,0.80449,0.8027,0.80305,4259
2025-12-03 00:00:00,0.80269,0.80308,0.80186,0.80202,2620
2025-12-03 04:00:00,0.80203,0.80223,0.80182,0.80196,1881
2025-12-03 08:00:00,0.80195,0.80269,0.80076,0.80183,5384
2025-12-03 12:00:00,0.80182,0.80184,0.79944,0.80016,6294
2025-12-03 16:00:00,0.80015,0.8012,0.79933,0.79948,8692
2025-12-03 20:00:00,0.79949,0.79991,0.79916,0.79966,3078
2025-12-04 00:00:00,0.79925,0.80042,0.79904,0.80008,3796
2025-12-04 04:00:00,0.80006,0.80102,0.80001,0.80083,3046
2025-12-04 08:00:00,0.80082,0.80148,0.79959,0.7997,5616
2025-12-04 12:00:00,0.79971,0.801,0.79953,0.80068,5804
2025-12-04 16:00:00,0.80064,0.80269,0.79961,0.80252,7160
2025-12-04 20:00:00,0.80251,0.80395,0.80231,0.80348,3592
2025-12-05 00:00:00,0.8033,0.80384,0.80213,0.80317,2221
2025-12-05 04:00:00,0.80316,0.80366,0.80264,0.80289,2559
2025-12-05 08:00:00,0.80288,0.8035,0.80187,0.80267,5503
2025-12-05 12:00:00,0.80268,0.80424,0.80251,0.80348,6007
2025-12-05 16:00:00,0.80349,0.80549,0.80273,0.80477,10116
2025-12-05 20:00:00,0.80476,0.80493,0.80405,0.80461,3587
2025-12-08 00:00:00,0.80317,0.80497,0.80312,0.80357,6745
2025-12-08 04:00:00,0.80356,0.80381,0.80326,0.80338,2126
2025-12-08 08:00:00,0.80339,0.80437,0.80278,0.80428,6959
2025-12-08 12:00:00,0.8043,0.80628,0.80388,0.80585,7561
2025-12-08 16:00:00,0.80581,0.80854,0.80534,0.80667,9960
2025-12-08 20:00:00,0.80668,0.80718,0.80631,0.8065,3337
2025-12-09 00:00:00,0.80664,0.80694,0.80619,0.80623,2708
2025-12-09 04:00:00,0.80624,0.80662,0.80518,0.80545,3758
2025-12-09 08:00:00,0.80547,0.80662,0.80498,0.80559,7826
2025-12-09 12:00:00,0.80558,0.80714,0.80545,0.80609,8579
2025-12-09 16:00:00,0.8061,0.80823,0.80556,0.80637,10349
2025-12-09 20:00:00,0.80638,0.80668,0.80562,0.80614,2883
2025-12-10 00:00:00,0.80629,0.80647,0.80494,0.80634,2890
2025-12-10 04:00:00,0.80633,0.80639,0.8058,0.80604,1950
2025-12-10 08:00:00,0.80605,0.80612,0.80399,0.80518,5340
2025-12-10 12:00:00,0.80519,0.80568,0.80315,0.80326,7212
2025-12-10 16:00:00,0.80322,0.80348,0.8021,0.80221,8231
2025-12-10 20:00:00,0.80222,0.80303,0.79922,0.80027,12460
2025-12-11 00:00:00,0.79951,0.8,0.79876,0.79897,3903
2025-12-11 04:00:00,0.79896,0.79983,0.79869,0.79974,4022
2025-12-11 08:00:00,0.79972,0.80012,0.79788,0.79806,7352
2025-12-11 12:00:00,0.79804,0.79842,0.79516,0.79552,9855
2025-12-11 16:00:00,0.79551,0.79561,0.79242,0.7935,10682
2025-12-11 20:00:00,0.79349,0.79543,0.79327,0.79506,4579
2025-12-12 00:00:00,0.79514,0.79515,0.79343,0.79473,4874
2025-12-12 04:00:00,0.79467,0.79514,0.79444,0.79466,2870
2025-12-12 08:00:00,0.79465,0.79533,0.79447,0.79486,6724
2025-12-12 12:00:00,0.79487,0.79627,0.79477,0.79594,6643
2025-12-12 16:00:00,0.79598,0.79646,0.79452,0.79539,10812
2025-12-12 20:00:00,0.79538,0.79623,0.79514,0.79611,3923
2025-12-15 00:00:00,0.79468,0.79679,0.79405,0.79593,5671
2025-12-15 04:00:00,0.79592,0.79633,0.79538,0.79593,4501
2025-12-15 08:00:00,0.79594,0.79735,0.79591,0.79611,6362
2025-12-15 12:00:00,0.79615,0.79627,0.79523,0.79616,5530
2025-12-15 16:00:00,0.79622,0.79709,0.79383,0.79688,9429
2025-12-15 20:00:00,0.79688,0.79732,0.7963,0.79632,3140
2025-12-16 00:00:00,0.7958,0.79637,0.79503,0.79573,4672
2025-12-16 04:00:00,0.79571,0.79634,0.79521,0.7963,4457
2025-12-16 08:00:00,0.79631,0.79706,0.79563,0.79582,5645
2025-12-16 12:00:00,0.79579,0.79645,0.7926,0.79479,9520
2025-12-16 16:00:00,0.79478,0.79568,0.79297,0.79421,12367
2025-12-16 20:00:00,0.79422,0.79609,0.79416,0.79504,5140
2025-12-17 00:00:00,0.79485,0.79546,0.79378,0.79516,3376
2025-12-17 04:00:00,0.79517,0.79644,0.79516,0.79626,3574
2025-12-17 08:00:00,0.79627,0.79875,0.7962,0.79787,8396
2025-12-17 12:00:00,0.79789,0.79814,0.79511,0.79576,8468
2025-12-17 16:00:00,0.79577,0.79648,0.79352,0.79458,11001
2025-12-17 20:00:00,0.79457,0.7959,0.79427,0.7957,3913
2025-12-18 00:00:00,0.79506,0.7956,0.7942,0.79552,4385
2025-12-18 04:00:00,0.79553,0.79557,0.79497,0.79497,2782
2025-12-18 08:00:00,0.79495,0.7966,0.7947,0.79651,6258
2025-12-18 12:00:00,0.79652,0.79658,0.79166,0.79376,10441
2025-12-18 16:00:00,0.79379,0.79548,0.79305,0.79468,12787
2025-12-18 20:00:00,0.79466,0.79482,0.7937,0.79402,3905
2025-12-19 00:00:00,0.794,0.7948,0.79378,0.79465,3342
2025-12-19 04:00:00,0.79464,0.7954,0.79441,0.79494,4324
2025-12-19 08:00:00,0.79493,0.79609,0.79456,0.79516,8616
2025-12-19 12:00:00,0.79519,0.79611,0.79462,0.79506,8332
2025-12-19 16:00:00,0.79505,0.79621,0.79405,0.79505,9804
2025-12-19 20:00:00,0.79506,0.79582,0.79446,0.79556,3350
2025-12-22 00:00:00,0.79379,0.7959,0.79355,0.7948,9508
2025-12-22 04:00:00,0.79482,0.79519,0.79429,0.79469,3110
2025-12-22 08:00:00,0.7947,0.79531,0.79331,0.79337,7635
2025-12-22 12:00:00,0.79336,0.7938,0.7926,0.79298,7067
2025-12-22 16:00:00,0.79296,0.79342,0.79159,0.79197,8111
2025-12-22 20:00:00,0.79198,0.79244,0.79175,0.7918,2994
2025-12-23 00:00:00,0.79179,0.79209,0.7903,0.7906,4139
2025-12-23 04:00:00,0.79059,0.79059,0.78927,0.78978,6397
2025-12-23 08:00:00,0.78979,0.7908,0.78777,0.78833,7685
2025-12-23 12:00:00,0.78832,0.78925,0.78665,0.78924,8377
2025-12-23 16:00:00,0.78922,0.79084,0.78898,0.78929,9348
2025-12-23 20:00:00,0.78928,0.78936,0.78732,0.78735,3179
2025-12-24 00:00:00,0.78732,0.78813,0.78617,0.78634,4244
2025-12-24 04:00:00,0.78633,0.78771,0.78623,0.78702,4365
2025-12-24 08:00:00,0.78703,0.78822,0.78621,0.78627,7395
2025-12-24 12:00:00,0.78628,0.78795,0.78614,0.78795,6952
2025-12-24 16:00:00,0.78796,0.78967,0.78785,0.78842,6934
2025-12-24 20:00:00,0.78848,0.7886,0.7873,0.78742,10707
2025-12-26 00:00:00,0.78732,0.78876,0.78633,0.78798,7946
2025-12-26 04:00:00,0.78798,0.78848,0.78779,0.78808,4959
2025-12-26 08:00:00,0.78806,0.79032,0.78798,0.7899,4658
2025-12-26 12:00:00,0.78991,0.79002,0.78794,0.78833,4732
2025-12-26 16:00:00,0.78828,0.79025,0.78786,0.78976,12561
2025-12-26 20:00:00,0.78973,0.78997,0.78875,0.78939,5482
2025-12-29 00:00:00,0.78794,0.78932,0.78761,0.78858,7482
2025-12-29 04:00:00,0.78859,0.79008,0.78853,0.78994,5036
2025-12-29 08:00:00,0.78992,0.79,0.78732,0.78846,7216
2025-12-29 12:00:00,0.78847,0.79159,0.78828,0.79001,11153
2025-12-29 16:00:00,0.79,0.79095,0.78818,0.79062,13230
2025-12-29 20:00:00,0.79063,0.79078,0.78906,0.78909,3921
2025-12-30 00:00:00,0.78817,0.78918,0.78817,0.78882,4681
2025-12-30 04:00:00,0.78879,0.78919,0.78816,0.78863,3528
2025-12-30 08:00:00,0.78861,0.78969,0.78818,0.78872,5948
2025-12-30 12:00:00,0.78873,0.79036,0.7876,0.78987,8301
2025-12-30 16:00:00,0.78986,0.79168,0.78986,0.79119,9188
2025-12-30 20:00:00,0.79118,0.79239,0.79084,0.7918,2781
2025-12-31 00:00:00,0.79146,0.79194,0.79122,0.79187,3624
2025-12-31 04:00:00,0.7919,0.7928,0.79189,0.79271,3344
2025-12-31 08:00:00,0.79272,0.79422,0.79253,0.79346,4804
2025-12-31 12:00:00,0.79347,0.7938,0.79171,0.79249,8798
2025-12-31 16:00:00,0.79248,0.79414,0.79196,0.79342,11298
2025-12-31 20:00:00,0.79344,0.7937,0.79182,0.79251,3662
2026-01-02 00:00:00,0.79245,0.79254,0.79095,0.79111,3584
2026-01-02 04:00:00,0.79112,0.79246,0.79082,0.79244,3686
2026-01-02 08:00:00,0.79243,0.79402,0.79224,0.79363,6949
2026-01-02 12:00:00,0.79362,0.79409,0.79261,0.79309,7111
2026-01-02 16:00:00,0.79308,0.79324,0.79011,0.79189,8936
2026-01-02 20:00:00,0.7919,0.79274,0.79183,0.7924,3000
2026-01-05 00:00:00,0.79099,0.79343,0.7906,0.79273,5939
2026-01-05 04:00:00,0.79272,0.79507,0.7926,0.79412,5913
2026-01-05 08:00:00,0.79413,0.79665,0.79368,0.79636,8017
2026-01-05 12:00:00,0.79639,0.79675,0.79405,0.79544,10951
2026-01-05 16:00:00,0.79544,0.79592,0.79226,0.79261,11468
2026-01-05 20:00:00,0.79264,0.79275,0.79126,0.79173,3101
2026-01-06 00:00:00,0.79127,0.79266,0.79108,0.79134,3697
2026-01-06 04:00:00,0.79133,0.79151,0.79066,0.79138,3697
2026-01-06 08:00:00,0.79139,0.79283,0.7906,0.7926,7369
2026-01-06 12:00:00,0.79259,0.79397,0.79234,0.79284,8606
2026-01-06 16:00:00,0.79283,0.7959,0.79239,0.79494,11851
2026-01-06 20:00:00,0.79495,0.79593,0.79483,0.79571,3638
2026-01-07 00:00:00,0.79515,0.79585,0.79464,0.79497,4666
2026-01-07 04:00:00,0.79498,0.79532,0.7944,0.79515,5151
2026-01-07 08:00:00,0.79516,0.79674,0.79448,0.79581,7197
2026-01-07 12:00:00,0.79586,0.79682,0.79538,0.79584,8970
2026-01-07 16:00:00,0.79585,0.79727,0.79513,0.79689,12911
2026-01-07 20:00:00,0.79688,0.79788,0.79671,0.79773,4224
2026-01-08 00:00:00,0.79716,0.79801,0.79633,0.79781,3136
2026-01-08 04:00:00,0.7978,0.79795,0.79701,0.7972,3992
2026-01-08 08:00:00,0.79719,0.79848,0.79691,0.79753,7167
2026-01-08 12:00:00,0.79754,0.79849,0.79681,0.79823,7658
2026-01-08 16:00:00,0.79825,0.79988,0.79751,0.79945,9557
2026-01-08 20:00:00,0.79946,0.79997,0.79867,0.79878,3014
2026-01-09 00:00:00,0.79855,0.79999,0.79741,0.79984,3490
2026-01-09 04:00:00,0.79985,0.80012,0.7992,0.79974,4888
2026-01-09 08:00:00,0.79973,0.80034,0.79935,0.80012,6935
2026-01-09 12:00:00,0.80013,0.80103,0.7986,0.79968,10232
2026-01-09 16:00:00,0.79973,0.80176,0.79901,0.80142,16042
2026-01-09 20:00:00,0.80143,0.80154,0.80064,0.80106,3349
2026-01-12 00:00:00,0.79968,0.80174,0.79724,0.79843,7419
2026-01-12 04:00:00,0.79844,0.79929,0.79775,0.79799,4959
2026-01-12 08:00:00,0.798,0.79838,0.79557,0.79702,9083
2026-01-12 12:00:00,0.79701,0.79794,0.79568,0.79637,9747
2026-01-12 16:00:00,0.79638,0.79786,0.79581,0.7971,10467
2026-01-12 20:00:00,0.79709,0.79782,0.79668,0.79743,3587
2026-01-13 00:00:00,0.79685,0.79794,0.79649,0.79792,4210
2026-01-13 04:00:00,0.79794,0.79801,0.79681,0.79727,4942
2026-01-13 08:00:00,0.79728,0.79797,0.79675,0.79769,7447
2026-01-13 12:00:00,0.79768,0.79928,0.79723,0.79829,10403
2026-01-13 16:00:00,0.79831,0.80158,0.79778,0.80077,12815
2026-01-13 20:00:00,0.80076,0.80122,0.8002,0.80094,3761
2026-01-14 00:00:00,0.80047,0.80169,0.80046,0.80161,5035
2026-01-14 04:00:00,0.8016,0.80174,0.80063,0.80137,4209
2026-01-14 08:00:00,0.80138,0.80276,0.80049,0.80198,8744
2026-01-14 12:00:00,0.80199,0.80243,0.80035,0.80113,8936
2026-01-14 16:00:00,0.80113,0.80117,0.79834,0.79958,11991
2026-01-14 20:00:00,0.79958,0.80049,0.79955,0.80014,3622
2026-01-15 00:00:00,0.79937,0.80003,0.79856,0.79985,5130
2026-01-15 04:00:00,0.79986,0.80115,0.79958,0.801,3294
2026-01-15 08:00:00,0.80098,0.80173,0.80015,0.80048,6565
2026-01-15 12:00:00,0.80049,0.80274,0.80014,0.80242,9153
2026-01-15 16:00:00,0.80241,0.80406,0.80176,0.803,10853
2026-01-15 20:00:00,0.80299,0.80369,0.80247,0.80322,3489
2026-01-16 00:00:00,0.80301,0.80393,0.80248,0.80332,2929
2026-01-16 04:00:00,0.8033,0.80333,0.80211,0.8026,4539
2026-01-16 08:00:00,0.80262,0.80284,0.80178,0.80225,5051
2026-01-16 12:00:00,0.80224,0.80228,0.80106,0.80155,5932
2026-01-16 16:00:00,0.80154,0.80349,0.8006,0.80303,10375
2026-01-16 20:00:00,0.80304,0.80359,0.80286,0.80306,2963
2026-01-19 00:00:00,0.80091,0.80219,0.79796,0.79922,12034
2026-01-19 04:00:00,0.7992,0.79981,0.79806,0.79888,7817
2026-01-19 08:00:00,0.79887,0.80007,0.79785,0.79877,10423
2026-01-19 12:00:00,0.79878,0.79913,0.7974,0.79783,7993
2026-01-19 16:00:00,0.79783,0.79799,0.79624,0.79735,8385
2026-01-19 20:00:00,0.79736,0.79759,0.79696,0.79725,1772
2026-01-20 00:00:00,0.79709,0.79843,0.79672,0.79745,3247
2026-01-20 04:00:00,0.79744,0.79763,0.79583,0.79633,3928
2026-01-20 08:00:00,0.79635,0.79664,0.78956,0.79057,12123
2026-01-20 12:00:00,0.79055,0.79149,0.78784,0.79018,14104
2026-01-20 16:00:00,0.79017,0.79203,0.78859,0.78938,14506
2026-01-20 20:00:00,0.78939,0.7905,0.78907,0.78987,5099
2026-01-21 00:00:00,0.78874,0.79058,0.7884,0.78942,4353
2026-01-21 04:00:00,0.78944,0.79172,0.78929,0.79092,4095
2026-01-21 08:00:00,0.79091,0.79307,0.79042,0.79282,7807
2026-01-21 12:00:00,0.79283,0.7931,0.78902,0.79017,9629
2026-01-21 16:00:00,0.79019,0.79426,0.79,0.79334,15937
2026-01-21 20:00:00,0.79335,0.79686,0.79296,0.79549,7585
2026-01-22 00:00:00,0.7955,0.79652,0.79477,0.79552,4838
2026-01-22 04:00:00,0.79553,0.79572,0.79404,0.79467,3633
2026-01-22 08:00:00,0.79465,0.79527,0.79301,0.79326,7227
2026-01-22 12:00:00,0.79324,0.79414,0.79171,0.79247,9651
2026-01-22 16:00:00,0.79248,0.7925,0.7894,0.79,11236
2026-01-22 20:00:00,0.79001,0.79031,0.78898,0.78907,4083
2026-01-23 00:00:00,0.78952,0.79011,0.78867,0.78972,4086
2026-01-23 04:00:00,0.78973,0.79056,0.78966,0.79006,3993
2026-01-23 08:00:00,0.79007,0.79111,0.7894,0.79101,10642
2026-01-23 12:00:00,0.79103,0.79144,0.78976,0.79082,7160
2026-01-23 16:00:00,0.79081,0.79093,0.78552,0.78578,11935
2026-01-23 20:00:00,0.78579,0.78717,0.77884,0.78016,9785
2026-01-26 00:00:00,0.77485,0.77938,0.77409,0.77753,12620
2026-01-26 04:00:00,0.77754,0.77772,0.77609,0.77699,9960
2026-01-26 08:00:00,0.77698,0.77929,0.77528,0.77585,13361
2026-01-26 12:00:00,0.77584,0.77936,0.77561,0.7777,10613
2026-01-26 16:00:00,0.77769,0.77794,0.77306,0.77622,12952
2026-01-26 20:00:00,0.77621,0.77716,0.77521,0.77702,6655
2026-01-27 00:00:00,0.77656,0.77756,0.77497,0.77704,4310
2026-01-27 04:00:00,0.77704,0.77796,0.77526,0.77739,5481
2026-01-27 08:00:00,0.77738,0.77839,0.77556,0.77571,9275
2026-01-27 12:00:00,0.77572,0.77704,0.76971,0.77083,15733
2026-01-27 16:00:00,0.77081,0.77135,0.76599,0.76641,19834
2026-01-27 20:00:00,0.76636,0.76711,0.76046,0.76116,12677
2026-01-28 00:00:00,0.76116,0.76582,0.76061,0.7658,10770
2026-01-28 04:00:00,0.76581,0.76662,0.76511,0.76525,7471
2026-01-28 08:00:00,0.76526,0.76938,0.76285,0.76708,13697
2026-01-28 12:00:00,0.76707,0.76874,0.76625,0.76842,11640
2026-01-28 16:00:00,0.7684,0.772,0.76663,0.76949,19365
2026-01-28 20:00:00,0.76948,0.77274,0.76833,0.76833,12404
2026-01-29 00:00:00,0.76779,0.7686,0.76466,0.76729,9839
2026-01-29 04:00:00,0.76731,0.76799,0.76489,0.76574,8024
2026-01-29 08:00:00,0.76575,0.76804,0.76485,0.76784,11280
2026-01-29 12:00:00,0.76783,0.76864,0.76634,0.76749,12218
2026-01-29 16:00:00,0.76746,0.77059,0.76574,0.76652,24594
2026-01-29 20:00:00,0.76653,0.76714,0.76395,0.76435,8248
2026-01-30 00:00:00,0.76563,0.76854,0.76362,0.76834,14075
2026-01-30 04:00:00,0.76835,0.76999,0.76758,0.76858,12789
2026-01-30 08:00:00,0.7686,0.76999,0.76691,0.76967,14991
2026-01-30 12:00:00,0.76971,0.76989,0.76628,0.76894,14049
2026-01-30 16:00:00,0.76892,0.77228,0.76798,0.77183,19659
2026-01-30 20:00:00,0.77184,0.77318,0.7707,0.77293,12815
2026-02-02 00:00:00,0.77184,0.77474,0.7717,0.77215,12675
2026-02-02 04:00:00,0.77212,0.77365,0.77142,0.77301,10794
2026-02-02 08:00:00,0.77299,0.77499,0.7724,0.77484,14836
2026-02-02 12:00:00,0.77485,0.77916,0.77405,0.77872,12971
2026-02-02 16:00:00,0.77873,0.78173,0.77839,0.77967,17443
2026-02-02 20:00:00,0.77965,0.78109,0.7793,0.77961,6492
2026-02-03 00:00:00,0.77881,0.78015,0.77813,0.77824,5645
2026-02-03 04:00:00,0.77825,0.77893,0.77762,0.77827,5567
2026-02-03 08:00:00,0.77828,0.77887,0.77667,0.77887,10196
2026-02-03 12:00:00,0.77884,0.77889,0.77667,0.77735,9472
2026-02-03 16:00:00,0.77732,0.77879,0.77385,0.77509,13555
2026-02-03 20:00:00,0.77508,0.77593,0.77442,0.77501,6726
2026-02-04 00:00:00,0.77616,0.77658,0.77436,0.77579,5292
2026-02-04 04:00:00,0.77581,0.77609,0.77457,0.77501,4379
2026-02-04 08:00:00,0.77504,0.77666,0.7748,0.77624,8113
2026-02-04 12:00:00,0.77624,0.77722,0.77486,0.77552,9303
2026-02-04 16:00:00,0.77556,0.77757,0.77515,0.77678,17234
2026-02-04 20:00:00,0.77679,0.77741,0.77634,0.77733,5767
2026-02-05 00:00:00,0.77642,0.77768,0.77591,0.77694,5613
2026-02-05 04:00:00,0.77693,0.77855,0.77691,0.77816,6066
2026-02-05 08:00:00,0.77815,0.77871,0.77687,0.77849,9490
2026-02-05 12:00:00,0.77851,0.77861,0.77418,0.77473,13403
2026-02-05 16:00:00,0.77474,0.77801,0.77453,0.77687,17158
2026-02-05 20:00:00,0.77686,0.77838,0.77673,0.77823,4856
2026-02-06 00:00:00,0.77778,0.77832,0.77702,0.77729,6198
2026-02-06 04:00:00,0.77727,0.77736,0.7763,0.7765,4130
2026-02-06 08:00:00,0.77651,0.77859,0.77612,0.77841,8010
2026-02-06 12:00:00,0.77842,0.77846,0.77692,0.777,8017
2026-02-06 16:00:00,0.77702,0.77713,0.77506,0.7754,11422
2026-02-06 20:00:00,0.77541,0.7759,0.77508,0.77573,2982
2026-02-09 00:00:00,0.77447,0.77715,0.77415,0.77553,7321
2026-02-09 04:00:00,0.77554,0.77648,0.77469,0.7749,3994
2026-02-09 08:00:00,0.77492,0.77494,0.77164,0.77244,10320
2026-02-09 12:00:00,0.77247,0.7729,0.76859,0.76885,11467
2026-02-09 16:00:00,0.76884,0.76889,0.76605,0.76743,12867
2026-02-09 20:00:00,0.76744,0.76746,0.76576,0.76614,4362
2026-02-10 00:00:00,0.76681,0.76772,0.76606,0.76692,4470
2026-02-10 04:00:00,0.76693,0.76747,0.76569,0.76719,4047
2026-02-10 08:00:00,0.7672,0.7676,0.7653,0.76561,7116
2026-02-10 12:00:00,0.76562,0.7673,0.76508,0.76521,9372
2026-02-10 16:00:00,0.76515,0.76792,0.7629,0.76761,13842
2026-02-10 20:00:00,0.76762,0.76877,0.76733,0.76781,4012
2026-02-11 00:00:00,0.76658,0.7688,0.76474,0.76798,5057
2026-02-11 04:00:00,0.76797,0.76799,0.76543,0.76549,4724
2026-02-11 08:00:00,0.76548,0.76694,0.76481,0.76571,8257
2026-02-11 12:00:00,0.76572,0.77299,0.76542,0.77073,13086
2026-02-11 16:00:00,0.77075,0.77303,0.76914,0.77007,18999
2026-02-11 20:00:00,0.77006,0.7718,0.76965,0.77165,5595
2026-02-12 00:00:00,0.7703,0.77154,0.76962,0.77034,4602
2026-02-12 04:00:00,0.77035,0.77182,0.76999,0.77138,5658
2026-02-12 08:00:00,0.77139,0.7725,0.76797,0.76801,9031
2026-02-12 12:00:00,0.768,0.77024,0.76667,0.76873,9345
2026-02-12 16:00:00,0.7687,0.7701,0.76719,0.76978,17642
2026-02-12 20:00:00,0.76977,0.77018,0.76905,0.76933,6256
2026-02-13 00:00:00,0.76741,0.76981,0.76741,0.76944,4774
2026-02-13 04:00:00,0.76943,0.77051,0.76921,0.7701,3839
2026-02-13 08:00:00,0.77011,0.77179,0.76917,0.76968,7901
2026-02-13 12:00:00,0.76969,0.77023,0.767,0.7683,10086
2026-02-13 16:00:00,0.76833,0.77034,0.76757,0.76783,12436
2026-02-13 20:00:00,0.76783,0.76858,0.76753,0.76756,3587
2026-02-16 00:00:00,0.76751,0.76886,0.76696,0.76833,4735
2026-02-16 04:00:00,0.76834,0.76883,0.76801,0.76858,3764
2026-02-16 08:00:00,0.76859,0.76954,0.76788,0.76954,5413
2026-02-16 12:00:00,0.76955,0.77043,0.76928,0.76976,4301
2026-02-16 16:00:00,0.76977,0.76987,0.76899,0.76965,3997
2026-02-16 20:00:00,0.76963,0.76963,0.76917,0.76952,852
2026-02-17 00:00:00,0.76903,0.77012,0.76811,0.76969,4909
2026-02-17 04:00:00,0.76968,0.76989,0.76909,0.76918,4931
2026-02-17 08:00:00,0.76915,0.77068,0.76876,0.76918,6625
2026-02-17 12:00:00,0.76921,0.77175,0.76883,0.77123,8066
2026-02-17 16:00:00,0.77122,0.77399,0.77086,0.7711,12306
2026-02-17 20:00:00,0.77109,0.77117,0.76996,0.76998,3828
2026-02-18 00:00:00,0.77043,0.77095,0.76941,0.77034,5083
2026-02-18 04:00:00,0.77035,0.77123,0.77035,0.7708,3559
2026-02-18 08:00:00,0.77079,0.77215,0.77055,0.77147,5743
2026-02-18 12:00:00,0.77146,0.77204,0.76998,0.77163,6411
2026-02-18 16:00:00,0.77161,0.77295,0.7709,0.77264,9079
2026-02-18 20:00:00,0.77265,0.77321,0.77231,0.77289,4760
2026-02-19 00:00:00,0.7687,0.77295,0.7687,0.77215,4108
2026-02-19 04:00:00,0.77215,0.77337,0.77207,0.77293,4322
2026-02-19 08:00:00,0.77294,0.77315,0.77201,0.77315,5998
2026-02-19 12:00:00,0.77316,0.77594,0.77286,0.77464,7260
2026-02-19 16:00:00,0.77463,0.77627,0.77437,0.77551,12283
2026-02-19 20:00:00,0.77548,0.77618,0.77463,0.77476,3793
2026-02-20 00:00:00,0.77497,0.77598,0.77443,0.77577,4812
2026-02-20 04:00:00,0.77576,0.7762,0.77552,0.77577,4287
2026-02-20 08:00:00,0.77574,0.77686,0.77499,0.77539,7683
2026-02-20 12:00:00,0.77536,0.77705,0.77462,0.7762,8277
2026-02-20 16:00:00,0.77622,0.77721,0.77305,0.77527,18078
2026-02-20 20:00:00,0.77528,0.77578,0.77394,0.77509,7022
2026-02-23 00:00:00,0.77346,0.77451,0.77119,0.7717,8700
2026-02-23 04:00:00,0.77169,0.77289,0.77102,0.77258,5538
2026-02-23 08:00:00,0.77257,0.77442,0.77158,0.77429,7533
2026-02-23 12:00:00,0.77428,0.77681,0.77419,0.77502,7673
2026-02-23 16:00:00,0.775,0.77517,0.77314,0.77383,10843
2026-02-23 20:00:00,0.77384,0.7746,0.77368,0.77451,3206
2026-02-24 00:00:00,0.77429,0.77608,0.77372,0.77549,5863
2026-02-24 04:00:00,0.77549,0.77658,0.77507,0.77547,5543
2026-02-24 08:00:00,0.77546,0.77655,0.77364,0.77389,9004
2026-02-24 12:00:00,0.7739,0.7749,0.77315,0.77479,7898
2026-02-24 16:00:00,0.77481,0.77509,0.77321,0.77338,9810
2026-02-24 20:00:00,0.77339,0.77417,0.77303,0.77407,3560
2026-02-25 00:00:00,0.77438,0.77439,0.77313,0.77349,4660
2026-02-25 04:00:00,0.7735,0.77353,0.77191,0.7722,7446
2026-02-25 08:00:00,0.7722,0.77427,0.77211,0.77409,7202
2026-02-25 12:00:00,0.77408,0.77575,0.77404,0.77497,7067
2026-02-25 16:00:00,0.77496,0.77511,0.77186,0.77247,9487
2026-02-25 20:00:00,0.77248,0.77319,0.77222,0.77283,3102
2026-02-26 00:00:00,0.77018,0.77268,0.77018,0.77114,7478
2026-02-26 04:00:00,0.77115,0.77251,0.77104,0.77199,5583
2026-02-26 08:00:00,0.77199,0.77421,0.77164,0.77394,6844
2026-02-26 12:00:00,0.77395,0.77538,0.77356,0.7741,6725
2026-02-26 16:00:00,0.77409,0.77518,0.77316,0.77503,11597
2026-02-26 20:00:00,0.77502,0.77514,0.77364,0.77398,4446
2026-02-27 00:00:00,0.77406,0.77462,0.77293,0.77388,6187
2026-02-27 04:00:00,0.77387,0.77389,0.77244,0.77293,5062
2026-02-27 08:00:00,0.77296,0.77373,0.77221,0.77293,8921
2026-02-27 12:00:00,0.77291,0.77297,0.76989,0.77054,9285
2026-02-27 16:00:00,0.77053,0.77056,0.76715,0.76882,13190
2026-02-27 20:00:00,0.76881,0.76962,0.76771,0.7695,3575
2026-03-02 00:00:00,0.76701,0.76998,0.76699,0.76842,10763
2026-03-02 04:00:00,0.76844,0.7692,0.76784,0.76884,7780
2026-03-02 08:00:00,0.76883,0.77423,0.76878,0.77213,14957
2026-03-02 12:00:00,0.77217,0.77954,0.77108,0.77826,13808
2026-03-02 16:00:00,0.77827,0.78135,0.77734,0.77832,16936
2026-03-02 20:00:00,0.7783,0.78023,0.77787,0.77939,7774
2026-03-03 00:00:00,0.77873,0.77983,0.7778,0.77913,7705
2026-03-03 04:00:00,0.77914,0.78136,0.77914,0.78136,8821
2026-03-03 08:00:00,0.78134,0.78612,0.78091,0.78586,16127
2026-03-03 12:00:00,0.78585,0.78785,0.78401,0.78533,18107
2026-03-03 16:00:00,0.78534,0.78696,0.78175,0.78289,24661
2026-03-03 20:00:00,0.78289,0.783,0.78087,0.78177,10624
2026-03-04 00:00:00,0.78368,0.78368,0.7809,0.78217,9848
2026-03-04 04:00:00,0.78216,0.78233,0.78031,0.78185,10119
2026-03-04 08:00:00,0.78186,0.7835,0.77905,0.78344,13882
2026-03-04 12:00:00,0.78343,0.78346,0.77931,0.78065,16806
2026-03-04 16:00:00,0.78077,0.78194,0.77911,0.77983,17555
2026-03-04 20:00:00,0.77984,0.78038,0.7787,0.77906,6203
2026-03-05 00:00:00,0.77982,0.78034,0.77822,0.77931,7035
2026-03-05 04:00:00,0.77932,0.78155,0.77915,0.7815,8389
2026-03-05 08:00:00,0.78146,0.78187,0.77852,0.77897,16258
2026-03-05 12:00:00,0.77896,0.78208,0.7785,0.78141,12878
2026-03-05 16:00:00,0.78144,0.78333,0.77978,0.78242,19874
2026-03-05 20:00:00,0.78243,0.78375,0.78055,0.78093,12388
2026-03-06 00:00:00,0.78091,0.78125,0.78022,0.78054,6526
2026-03-06 04:00:00,0.78055,0.78108,0.78007,0.78105,6178
2026-03-06 08:00:00,0.78106,0.78214,0.77943,0.78204,10529
2026-03-06 12:00:00,0.78205,0.78274,0.77908,0.78176,15917
2026-03-06 16:00:00,0.78177,0.78247,0.77677,0.77752,23152
2026-03-06 20:00:00,0.77751,0.77769,0.77594,0.77599,11309
2026-03-09 00:00:00,0.77927,0.78195,0.77702,0.78174,11500
2026-03-09 04:00:00,0.78174,0.78254,0.78048,0.78067,12375
2026-03-09 08:00:00,0.78066,0.78086,0.77774,0.78037,19575
2026-03-09 12:00:00,0.78036,0.7805,0.77826,0.77961,18039
2026-03-09 16:00:00,0.77953,0.78075,0.77794,0.77895,20803
2026-03-09 20:00:00,0.77893,0.78035,0.77693,0.77743,12842
2026-03-10 00:00:00,0.77734,0.77811,0.77657,0.77715,7149
2026-03-10 04:00:00,0.77717,0.77829,0.77693,0.77799,9628
2026-03-10 08:00:00,0.778,0.77801,0.77535,0.7762,11714
2026-03-10 12:00:00,0.77625,0.77745,0.77507,0.77585,14012
2026-03-10 16:00:00,0.77586,0.77664,0.7748,0.77565,15410
2026-03-10 20:00:00,0.77566,0.77921,0.77541,0.77853,13021
2026-03-11 00:00:00,0.77706,0.77886,0.77656,0.7785,5278
2026-03-11 04:00:00,0.77851,0.77883,0.77691,0.777,6701
2026-03-11 08:00:00,0.77699,0.77874,0.77659,0.77771,10000
2026-03-11 12:00:00,0.77768,0.77976,0.77652,0.77937,13801
2026-03-11 16:00:00,0.77938,0.78083,0.77785,0.77969,17221
2026-03-11 20:00:00,0.77968,0.78055,0.77936,0.78054,7748
2026-03-12 00:00:00,0.77924,0.78207,0.77835,0.78124,6335
2026-03-12 04:00:00,0.78119,0.78233,0.78068,0.78217,7258
2026-03-12 08:00:00,0.78218,0.78277,0.7812,0.78202,9879
2026-03-12 12:00:00,0.78201,0.7824,0.78011,0.78207,10202
2026-03-12 16:00:00,0.78205,0.78506,0.78154,0.78445,17074
2026-03-12 20:00:00,0.78445,0.78633,0.78363,0.78589,6619
2026-03-13 00:00:00,0.78512,0.78625,0.78468,0.78508,5206
2026-03-13 04:00:00,0.78507,0.78729,0.78483,0.78678,6419
2026-03-13 08:00:00,0.78677,0.78948,0.78652,0.78856,9819
2026-03-13 12:00:00,0.7885,0.78876,0.78613,0.78703,12785
2026-03-13 16:00:00,0.78701,0.78992,0.78611,0.78974,14617
2026-03-13 20:00:00,0.78971,0.79167,0.78922,0.79141,6128
2026-03-16 00:00:00,0.78923,0.79114,0.78642,0.78903,6959
2026-03-16 04:00:00,0.78904,0.79035,0.78882,0.79035,6767
2026-03-16 08:00:00,0.79034,0.79228,0.78925,0.78949,8936
2026-03-16 12:00:00,0.7895,0.78975,0.78698,0.78779,9760
2026-03-16 16:00:00,0.78772,0.78928,0.78661,0.7879,11036
2026-03-16 20:00:00,0.78787,0.78841,0.7865,0.78759,6432
2026-03-17 00:00:00,0.78689,0.7887,0.78682,0.78838,3809
2026-03-17 04:00:00,0.78838,0.78907,0.78792,0.78818,5172
2026-03-17 08:00:00,0.78817,0.79002,0.78657,0.78696,7699
2026-03-17 12:00:00,0.78697,0.78764,0.78608,0.78659,8510
2026-03-17 16:00:00,0.78658,0.78688,0.78479,0.78499,11519
2026-03-17 20:00:00,0.785,0.78533,0.78435,0.78473,3431
2026-03-18 00:00:00,0.78466,0.78537,0.78413,0.78524,4477
2026-03-18 04:00:00,0.78523,0.78573,0.78486,0.78526,4304
2026-03-18 08:00:00,0.78526,0.7875,0.78502,0.78619,6301
2026-03-18 12:00:00,0.7862,0.78814,0.78543,0.78814,10398
2026-03-18 16:00:00,0.78811,0.78961,0.78734,0.78944,13834
2026-03-18 20:00:00,0.78946,0.79359,0.78876,0.79335,10374
2026-03-19 00:00:00,0.79294,0.79324,0.79182,0.79199,5291
2026-03-19 04:00:00,0.79198,0.79274,0.79092,0.79261,6939
2026-03-19 08:00:00,0.79261,0.79381,0.79128,0.79251,12207
2026-03-19 12:00:00,0.79248,0.79579,0.79179,0.79385,16910
2026-03-19 16:00:00,0.79389,0.79434,0.79022,0.79186,23505
2026-03-19 20:00:00,0.79187,0.79187,0.78574,0.7882,12666
2026-03-20 00:00:00,0.78783,0.78906,0.7874,0.78864,5142
2026-03-20 04:00:00,0.78862,0.7894,0.78804,0.78932,5632
2026-03-20 08:00:00,0.78933,0.79006,0.78812,0.78876,7880
2026-03-20 12:00:00,0.78878,0.78925,0.78552,0.78638,13220
2026-03-20 16:00:00,0.78634,0.79055,0.78616,0.78807,17586
2026-03-20 20:00:00,0.78805,0.78899,0.7874,0.78786,9197
2026-03-23 00:00:00,0.78745,0.78933,0.78659,0.78896,7347
2026-03-23 04:00:00,0.78895,0.78954,0.78774,0.78898,7782
2026-03-23 08:00:00,0.789,0.79111,0.78841,0.7911,12882
2026-03-23 12:00:00,0.79105,0.79396,0.78522,0.78548,27843
2026-03-23 16:00:00,0.78547,0.78827,0.78344,0.78745,30833
2026-03-23 20:00:00,0.78744,0.78783,0.78441,0.78649,11214
2026-03-24 00:00:00,0.78602,0.78847,0.78519,0.7882,5918
2026-03-24 04:00:00,0.78816,0.78896,0.78756,0.78869,8892
2026-03-24 08:00:00,0.7887,0.78889,0.78597,0.78713,13707
2026-03-24 12:00:00,0.78714,0.78973,0.78642,0.78922,13605
2026-03-24 16:00:00,0.78923,0.79168,0.78883,0.79113,19578
2026-03-24 20:00:00,0.79114,0.79245,0.78708,0.78805,13701
2026-03-25 00:00:00,0.78789,0.78846,0.78699,0.78747,5501
2026-03-25 04:00:00,0.78749,0.78968,0.78721,0.78944,6499
2026-03-25 08:00:00,0.78945,0.79091,0.78835,0.78921,9960
2026-03-25 12:00:00,0.78922,0.7906,0.78821,0.78964,12710
2026-03-25 16:00:00,0.7896,0.79243,0.78916,0.7917,16411
2026-03-25 20:00:00,0.79171,0.79211,0.79061,0.79181,5580
2026-03-26 00:00:00,0.7918,0.79222,0.7913,0.79186,3137
2026-03-26 04:00:00,0.79187,0.79237,0.79137,0.7916,3701
2026-03-26 08:00:00,0.79159,0.79295,0.79142,0.79155,7785
2026-03-26 12:00:00,0.79156,0.79368,0.79132,0.79306,9175
2026-03-26 16:00:00,0.79306,0.79459,0.7924,0.79438,14464
2026-03-26 20:00:00,0.79438,0.79589,0.79312,0.79495,6957
2026-03-27 00:00:00,0.79497,0.79561,0.7935,0.79507,4901
2026-03-27 04:00:00,0.79506,0.79567,0.79452,0.79529,5256
2026-03-27 08:00:00,0.79528,0.79692,0.79483,0.79654,8691
2026-03-27 12:00:00,0.79654,0.79799,0.79631,0.797,9518
2026-03-27 16:00:00,0.79699,0.79793,0.79526,0.79681,14383
2026-03-27 20:00:00,0.79682,0.79933,0.79634,0.79888,6887
2026-03-30 00:00:00,0.79559,0.80007,0.79498,0.79863,6500
2026-03-30 04:00:00,0.79862,0.7991,0.7982,0.79863,6078
2026-03-30 08:00:00,0.79867,0.80015,0.79791,0.8001,7359
2026-03-30 12:00:00,0.80009,0.80057,0.79843,0.79984,9157
2026-03-30 16:00:00,0.79983,0.80127,0.79912,0.80011,13440
2026-03-30 20:00:00,0.80012,0.8006,0.79945,0.79958,5835
2026-03-31 00:00:00,0.79721,0.80022,0.79721,0.79883,5078
2026-03-31 04:00:00,0.79884,0.7991,0.7979,0.79868,6183
2026-03-31 08:00:00,0.79867,0.80021,0.79849,0.79991,7415
2026-03-31 12:00:00,0.7999,0.80112,0.7992,0.80018,10675
2026-03-31 16:00:00,0.80022,0.80422,0.79913,0.8011,19434
2026-03-31 20:00:00,0.80108,0.80111,0.79896,0.79923,11474
2026-04-01 00:00:00,0.80039,0.80064,0.79676,0.7968,4748
2026-04-01 04:00:00,0.79683,0.79844,0.79673,0.79762,6436
2026-04-01 08:00:00,0.7976,0.79764,0.79277,0.79361,13163
2026-04-01 12:00:00,0.79362,0.79415,0.79049,0.79198,12489
2026-04-01 16:00:00,0.79197,0.79431,0.79112,0.7922,15909
2026-04-01 20:00:00,0.79221,0.79499,0.79176,0.79421,5743
2026-04-02 00:00:00,0.79468,0.79497,0.79293,0.79312,4099
2026-04-02 04:00:00,0.79313,0.79881,0.79278,0.79851,13420
2026-04-02 08:00:00,0.7985,0.8003,0.79827,0.79957,10256
2026-04-02 12:00:00,0.79955,0.80086,0.79882,0.7991,9358
2026-04-02 16:00:00,0.79905,0.80047,0.79773,0.79869,17622
2026-04-02 20:00:00,0.7987,0.79918,0.79797,0.79855,5869
2026-04-03 00:00:00,0.79815,0.79898,0.79706,0.79876,2309
2026-04-03 04:00:00,0.79875,0.79909,0.79862,0.79876,1592
2026-04-03 08:00:00,0.79876,0.79889,0.79768,0.79798,2272
2026-04-03 12:00:00,0.79799,0.80066,0.79788,0.7993,3972
2026-04-03 16:00:00,0.7993,0.80082,0.79829,0.80077,11000
2026-04-03 20:00:00,0.80079,0.80119,0.798,0.79923,8129
2026-04-06 00:00:00,0.79943,0.80125,0.79856,0.80122,4785
2026-04-06 04:00:00,0.80121,0.80182,0.80039,0.80052,5982
2026-04-06 08:00:00,0.80051,0.8007,0.79671,0.79737,7720
2026-04-06 12:00:00,0.79736,0.79867,0.79705,0.79713,8005
2026-04-06 16:00:00,0.7971,0.79855,0.79612,0.79803,11801
2026-04-06 20:00:00,0.79801,0.79879,0.79749,0.79806,5430
2026-04-07 00:00:00,0.79765,0.79895,0.79695,0.79892,3622
2026-04-07 04:00:00,0.79891,0.80011,0.79857,0.79862,5588
2026-04-07 08:00:00,0.79861,0.79994,0.7979,0.79803,9135
2026-04-07 12:00:00,0.79804,0.80003,0.79786,0.79965,11457
2026-04-07 16:00:00,0.79964,0.80109,0.79881,0.79933,13905
2026-04-07 20:00:00,0.79932,0.79963,0.79729,0.79757,9955
2026-04-08 00:00:00,0.79823,0.79823,0.78969,0.79127,16858
2026-04-08 04:00:00,0.79128,0.79132,0.78928,0.78953,10389
2026-04-08 08:00:00,0.78949,0.78979,0.78719,0.78882,13401
2026-04-08 12:00:00,0.7888,0.78937,0.78714,0.78747,11777
2026-04-08 16:00:00,0.78746,0.79044,0.78693,0.78999,16599
2026-04-08 20:00:00,0.79,0.79263,0.78978,0.79135,9201
2026-04-09 00:00:00,0.79115,0.79197,0.79019,0.79182,4574
2026-04-09 04:00:00,0.79181,0.79214,0.79054,0.79112,6454
2026-04-09 08:00:00,0.79111,0.79219,0.79061,0.79103,7535
2026-04-09 12:00:00,0.79105,0.7917,0.79016,0.79049,7436
2026-04-09 16:00:00,0.79045,0.79119,0.788,0.78848,14019
2026-04-09 20:00:00,0.78847,0.79062,0.7879,0.79041,8639
2026-04-10 00:00:00,0.78918,0.79139,0.78875,0.79118,4314
2026-04-10 04:00:00,0.79117,0.79132,0.79011,0.79035,5205
2026-04-10 08:00:00,0.79036,0.79068,0.78946,0.79018,6168
2026-04-10 12:00:00,0.79013,0.79059,0.78716,0.78824,9410
2026-04-10 16:00:00,0.78827,0.79004,0.78545,0.78944,14780
2026-04-10 20:00:00,0.78943,0.78986,0.78846,0.78904,7085
2026-04-13 00:00:00,0.78965,0.79341,0.78935,0.79248,7859
2026-04-13 04:00:00,0.79246,0.7927,0.79166,0.79205,6234
2026-04-13 08:00:00,0.79205,0.79227,0.78974,0.79038,7740
2026-04-13 12:00:00,0.79037,0.79117,0.78923,0.7896,6983
2026-04-13 16:00:00,0.78959,0.78993,0.78569,0.78584,13641
2026-04-13 20:00:00,0.78585,0.78589,0.783,0.78381,7992
2026-04-14 00:00:00,0.78318,0.78371,0.78288,0.78301,4434
2026-04-14 04:00:00,0.78302,0.78382,0.78288,0.78311,5545
2026-04-14 08:00:00,0.78313,0.78367,0.78012,0.78058,9789
2026-04-14 12:00:00,0.78057,0.78098,0.77947,0.77991,9995
2026-04-14 16:00:00,0.77992,0.78122,0.77902,0.78112,13833
2026-04-14 20:00:00,0.78113,0.78138,0.78057,0.7809,6125
2026-04-15 00:00:00,0.78065,0.78161,0.78008,0.781,4547
2026-04-15 04:00:00,0.78102,0.78199,0.78069,0.78125,6064
2026-04-15 08:00:00,0.78126,0.78145,0.77984,0.78082,8098
2026-04-15 12:00:00,0.78082,0.78314,0.78067,0.78238,10588
2026-04-15 16:00:00,0.78239,0.78239,0.78064,0.78168,12139
2026-04-15 20:00:00,0.78169,0.78237,0.78135,0.78188,6443
2026-04-16 00:00:00,0.78223,0.78255,0.781,0.781,5087
2026-04-16 04:00:00,0.78101,0.78162,0.77985,0.7808,7621
2026-04-16 08:00:00,0.78079,0.78303,0.7806,0.78238,8782
2026-04-16 12:00:00,0.78237,0.78435,0.78231,0.78349,8333
2026-04-16 16:00:00,0.7835,0.78428,0.7826,0.78402,13698
2026-04-16 20:00:00,0.78402,0.78456,0.7829,0.78338,7623
2026-04-17 00:00:00,0.7833,0.78349,0.78256,0.78323,3409
2026-04-17 04:00:00,0.78322,0.78384,0.78314,0.78329,5305
2026-04-17 08:00:00,0.7833,0.78402,0.78218,0.7822,7344
2026-04-17 12:00:00,0.78217,0.78271,0.77918,0.77921,9495
2026-04-17 16:00:00,0.77918,0.77986,0.77752,0.77941,21753
2026-04-17 20:00:00,0.77943,0.78184,0.77938,0.78178,10165
