time,open,high,low,close,volume
2022-01-27 00:00:00,1.26607,1.26996,1.2656100000000001,1.26971,7235
2022-01-27 04:00:00,1.26974,1.27166,1.2690299999999999,1.27072,10957
2022-01-27 08:00:00,1.2707899999999999,1.27267,1.26661,1.26698,14357
2022-01-27 12:00:00,1.26701,1.27189,1.26627,1.26728,14858
2022-01-27 16:00:00,1.2673,1.27379,1.26501,1.27308,16862
2022-01-27 20:00:00,1.27307,1.27475,1.2718,1.2741,11400
2022-01-28 00:00:00,1.2738399999999999,1.27475,1.27274,1.27306,4280
2022-01-28 04:00:00,1.27305,1.27351,1.27127,1.2717,6658
2022-01-28 08:00:00,1.2717,1.2778800000000001,1.2714400000000001,1.27779,8824
2022-01-28 12:00:00,1.27777,1.27966,1.27494,1.27584,14579
2022-01-28 16:00:00,1.27583,1.27823,1.27478,1.2782200000000001,15336
2022-01-28 20:00:00,1.27821,1.2795,1.27607,1.27657,10106
2022-01-31 00:00:00,1.27655,1.27768,1.27453,1.2745600000000001,3953
2022-01-31 04:00:00,1.2745600000000001,1.27491,1.27311,1.27314,5440
2022-01-31 08:00:00,1.27315,1.27349,1.272,1.27322,11955
2022-01-31 12:00:00,1.27322,1.27752,1.2729599999999999,1.27394,11299
2022-01-31 16:00:00,1.2739,1.2766,1.26818,1.26974,13801
2022-01-31 20:00:00,1.26976,1.27182,1.26897,1.2704900000000001,9495
2022-02-01 00:00:00,1.27026,1.27224,1.2702200000000001,1.27135,2105
2022-02-01 04:00:00,1.27133,1.272,1.2693699999999999,1.2696,3787
2022-02-01 08:00:00,1.2696100000000001,1.2705600000000001,1.26552,1.26724,10806
2022-02-01 12:00:00,1.26725,1.27061,1.2668300000000001,1.26909,9106
2022-02-01 16:00:00,1.26909,1.2726199999999999,1.26768,1.26913,12761
2022-02-01 20:00:00,1.26914,1.27029,1.2680799999999999,1.26823,6340
2022-02-02 00:00:00,1.2683,1.26921,1.26791,1.26816,1960
2022-02-02 04:00:00,1.26817,1.26947,1.2675100000000001,1.26867,1981
2022-02-02 08:00:00,1.26868,1.2699,1.26765,1.26858,5892
2022-02-02 12:00:00,1.26852,1.26933,1.2650000000000001,1.26689,7324
2022-02-02 16:00:00,1.26688,1.27058,1.26651,1.26822,12269
2022-02-02 20:00:00,1.26821,1.2687300000000001,1.26524,1.26711,6130
2022-02-03 00:00:00,1.26675,1.2687599999999999,1.2665899999999999,1.26826,2368
2022-02-03 04:00:00,1.2683200000000001,1.26854,1.26729,1.26837,2697
2022-02-03 08:00:00,1.26836,1.27099,1.26785,1.27098,7653
2022-02-03 12:00:00,1.27098,1.27151,1.26824,1.26911,12447
2022-02-03 16:00:00,1.26912,1.2695,1.26612,1.26749,9262
2022-02-03 20:00:00,1.2674699999999999,1.26933,1.26578,1.2677,7771
2022-02-04 00:00:00,1.26753,1.26848,1.26678,1.26789,3375
2022-02-04 04:00:00,1.26792,1.26825,1.26627,1.26796,3657
2022-02-04 08:00:00,1.26796,1.27156,1.26792,1.27125,9815
2022-02-04 12:00:00,1.27125,1.27854,1.27105,1.27778,9796
2022-02-04 16:00:00,1.27775,1.27875,1.27521,1.27611,12767
2022-02-04 20:00:00,1.2761,1.27661,1.2742200000000001,1.2761,7653
2022-02-07 00:00:00,1.27458,1.27561,1.2734,1.27406,4437
2022-02-07 04:00:00,1.27401,1.27523,1.2726899999999999,1.27298,4338
2022-02-07 08:00:00,1.27298,1.27419,1.2708300000000001,1.27337,11329
2022-02-07 12:00:00,1.27339,1.2739500000000001,1.2702200000000001,1.27121,10034
2022-02-07 16:00:00,1.2711700000000001,1.27279,1.26709,1.2687599999999999,14836
2022-02-07 20:00:00,1.26875,1.2688,1.26576,1.26684,6422
2022-02-08 00:00:00,1.2665899999999999,1.26772,1.26602,1.26726,3340
2022-02-08 04:00:00,1.26727,1.2701,1.26725,1.26935,3656
2022-02-08 08:00:00,1.26932,1.26989,1.26726,1.26844,9229
2022-02-08 12:00:00,1.26844,1.27168,1.26844,1.27078,9624
2022-02-08 16:00:00,1.27078,1.2720799999999999,1.26963,1.27071,12333
2022-02-08 20:00:00,1.27072,1.27182,1.2696399999999999,1.27033,6929
2022-02-09 00:00:00,1.27028,1.27153,1.27009,1.27028,2089
2022-02-09 04:00:00,1.27027,1.27078,1.26886,1.26944,3659
2022-02-09 08:00:00,1.26944,1.27141,1.26907,1.2695,7371
2022-02-09 12:00:00,1.26951,1.26974,1.26819,1.26901,6295
2022-02-09 16:00:00,1.26905,1.2699799999999999,1.2665600000000001,1.26698,9858
2022-02-09 20:00:00,1.26705,1.26845,1.2665199999999999,1.26707,4442
2022-02-10 00:00:00,1.26705,1.26861,1.26687,1.26821,2378
2022-02-10 04:00:00,1.2682,1.26863,1.2671000000000001,1.26758,2419
2022-02-10 08:00:00,1.2676,1.2679,1.2665199999999999,1.2675,5633
2022-02-10 12:00:00,1.26748,1.27145,1.2665199999999999,1.27061,6858
2022-02-10 16:00:00,1.27065,1.2719,1.2636,1.2665899999999999,13000
2022-02-10 20:00:00,1.26665,1.27277,1.26619,1.27216,10983
2022-02-11 00:00:00,1.27196,1.27505,1.27151,1.27414,3441
2022-02-11 04:00:00,1.2741500000000001,1.27523,1.27241,1.2742200000000001,3621
2022-02-11 08:00:00,1.27421,1.27536,1.27195,1.27298,8894
2022-02-11 12:00:00,1.27299,1.27322,1.2693699999999999,1.2709,8678
2022-02-11 16:00:00,1.2709,1.27159,1.26707,1.26714,15273
2022-02-11 20:00:00,1.2671000000000001,1.27464,1.26692,1.27328,18333
2022-02-14 00:00:00,1.27326,1.27416,1.272,1.27411,3983
2022-02-14 04:00:00,1.2741,1.27454,1.27263,1.27314,3560
2022-02-14 08:00:00,1.27312,1.27837,1.27292,1.2770299999999999,9131
2022-02-14 12:00:00,1.27704,1.27824,1.2738,1.2754699999999999,10245
2022-02-14 16:00:00,1.2754400000000001,1.27614,1.27212,1.27258,12836
2022-02-14 20:00:00,1.27257,1.2751000000000001,1.27196,1.2725,9540
2022-02-15 00:00:00,1.2726,1.27392,1.27236,1.27369,3033
2022-02-15 04:00:00,1.27371,1.2753,1.27314,1.2747600000000001,3299
2022-02-15 08:00:00,1.27477,1.27496,1.2701,1.27013,7886
2022-02-15 12:00:00,1.27009,1.2729599999999999,1.27009,1.2720799999999999,7858
2022-02-15 16:00:00,1.27216,1.27741,1.27101,1.27447,9624
2022-02-15 20:00:00,1.27445,1.2749,1.27151,1.27157,4928
2022-02-16 00:00:00,1.27197,1.27254,1.27151,1.27157,1932
2022-02-16 04:00:00,1.27156,1.2722,1.27102,1.27166,2057
2022-02-16 08:00:00,1.27169,1.27173,1.26787,1.26826,6732
2022-02-16 12:00:00,1.26829,1.26898,1.26636,1.26831,7253
2022-02-16 16:00:00,1.26833,1.2704,1.26732,1.26834,10218
2022-02-16 20:00:00,1.26834,1.27003,1.26727,1.2689,8998
2022-02-17 00:00:00,1.26901,1.26993,1.26797,1.26952,2739
2022-02-17 04:00:00,1.26952,1.2734,1.26888,1.27064,6603
2022-02-17 08:00:00,1.27064,1.27251,1.2694,1.27077,12203
2022-02-17 12:00:00,1.2707899999999999,1.27145,1.26928,1.27075,9663
2022-02-17 16:00:00,1.27073,1.27114,1.2674400000000001,1.2685,16976
2022-02-17 20:00:00,1.26851,1.27099,1.26814,1.27084,7517
2022-02-18 00:00:00,1.27064,1.2717100000000001,1.26942,1.26979,4628
2022-02-18 04:00:00,1.26978,1.27043,1.26877,1.26939,3414
2022-02-18 08:00:00,1.2693699999999999,1.26981,1.26734,1.26827,7264
2022-02-18 12:00:00,1.26826,1.27098,1.26797,1.27093,8943
2022-02-18 16:00:00,1.27093,1.27554,1.26946,1.27549,15711
2022-02-18 20:00:00,1.27548,1.27603,1.27368,1.27542,8195
2022-02-21 00:00:00,1.27507,1.27607,1.27313,1.27363,5430
2022-02-21 04:00:00,1.2736,1.27392,1.27215,1.27249,3228
2022-02-21 08:00:00,1.27246,1.27399,1.2722,1.27382,8783
2022-02-21 12:00:00,1.27383,1.27563,1.27338,1.27407,10627
2022-02-21 16:00:00,1.27407,1.27548,1.27333,1.2754400000000001,11370
2022-02-21 20:00:00,1.27484,1.2759,1.27446,1.27521,2721
2022-02-22 00:00:00,1.27504,1.27656,1.27451,1.27596,5786
2022-02-22 04:00:00,1.27596,1.27687,1.27403,1.2742499999999999,5243
2022-02-22 08:00:00,1.27426,1.27664,1.27305,1.27416,13304
2022-02-22 12:00:00,1.27416,1.2743,1.27231,1.2726899999999999,13068
2022-02-22 16:00:00,1.2727,1.27505,1.27187,1.27504,14204
2022-02-22 20:00:00,1.27503,1.27827,1.27461,1.27705,14037
2022-02-23 00:00:00,1.2770299999999999,1.2770299999999999,1.27489,1.27498,3458
2022-02-23 04:00:00,1.27497,1.2760500000000001,1.27432,1.27468,3220
2022-02-23 08:00:00,1.27467,1.27553,1.27051,1.27098,8832
2022-02-23 12:00:00,1.27099,1.2717100000000001,1.26818,1.26856,9778
2022-02-23 16:00:00,1.26856,1.27374,1.26813,1.27193,16274
2022-02-23 20:00:00,1.27194,1.27478,1.27183,1.27352,9387
2022-02-24 00:00:00,1.27342,1.27566,1.27272,1.27403,6433
2022-02-24 04:00:00,1.27403,1.27923,1.2739099999999999,1.2778399999999999,17792
2022-02-24 08:00:00,1.2778,1.28214,1.2774,1.28195,20927
2022-02-24 12:00:00,1.28195,1.28473,1.28052,1.28212,20930
2022-02-24 16:00:00,1.28213,1.28775,1.28175,1.2840799999999999,19052
2022-02-24 20:00:00,1.2841,1.28495,1.27909,1.28177,18181
2022-02-25 00:00:00,1.28092,1.28155,1.27907,1.27946,8147
2022-02-25 04:00:00,1.27946,1.28019,1.27712,1.2782200000000001,6567
2022-02-25 08:00:00,1.2782,1.28204,1.27786,1.28086,13622
2022-02-25 12:00:00,1.28084,1.28177,1.27536,1.27546,15444
2022-02-25 16:00:00,1.27546,1.27956,1.27347,1.27526,17610
2022-02-25 20:00:00,1.27527,1.2753,1.26949,1.26999,9487
2022-02-28 00:00:00,1.27653,1.27813,1.27399,1.27811,9642
2022-02-28 04:00:00,1.27806,1.28095,1.27783,1.27889,6268
2022-02-28 08:00:00,1.27888,1.27897,1.27615,1.27674,14575
2022-02-28 12:00:00,1.27672,1.27702,1.2722,1.27311,13838
2022-02-28 16:00:00,1.27312,1.27363,1.26597,1.26867,17683
2022-02-28 20:00:00,1.26867,1.2705199999999999,1.26687,1.26724,11172
2022-03-01 00:00:00,1.26696,1.26766,1.26655,1.26738,2886
2022-03-01 04:00:00,1.26737,1.2684199999999999,1.26676,1.26791,3188
2022-03-01 08:00:00,1.26793,1.26809,1.26535,1.26697,9661
2022-03-01 12:00:00,1.26697,1.26936,1.26645,1.26725,12507
2022-03-01 16:00:00,1.26724,1.27291,1.26545,1.27273,19512
2022-03-01 20:00:00,1.27273,1.27499,1.27236,1.27416,12494
2022-03-02 00:00:00,1.27342,1.27436,1.27162,1.27227,3877
2022-03-02 04:00:00,1.27227,1.27298,1.27142,1.2720799999999999,3929
2022-03-02 08:00:00,1.2720799999999999,1.27447,1.27028,1.27088,13494
2022-03-02 12:00:00,1.27088,1.27192,1.2684,1.26905,12786
2022-03-02 16:00:00,1.26902,1.27078,1.26488,1.26651,17174
2022-03-02 20:00:00,1.26654,1.26678,1.2628,1.26319,7918
2022-03-03 00:00:00,1.26299,1.26544,1.2629000000000001,1.2647300000000001,3271
2022-03-03 04:00:00,1.26471,1.26546,1.26247,1.26291,3436
2022-03-03 08:00:00,1.26291,1.26295,1.25868,1.26245,9760
2022-03-03 12:00:00,1.26245,1.2644199999999999,1.262,1.26395,10405
2022-03-03 16:00:00,1.26394,1.26924,1.26265,1.2678,19263
2022-03-03 20:00:00,1.2678,1.26908,1.26676,1.26785,10017
2022-03-04 00:00:00,1.26741,1.27219,1.26697,1.26886,9009
2022-03-04 04:00:00,1.26885,1.2702200000000001,1.2680799999999999,1.26914,6682
2022-03-04 08:00:00,1.26915,1.27317,1.26878,1.27307,11323
2022-03-04 12:00:00,1.27309,1.27904,1.27148,1.27695,13549
2022-03-04 16:00:00,1.27692,1.27919,1.27255,1.2726899999999999,14108
2022-03-04 20:00:00,1.27277,1.27458,1.27131,1.27348,7155
2022-03-07 00:00:00,1.27281,1.27563,1.2713,1.27214,6993
2022-03-07 04:00:00,1.27213,1.27292,1.27013,1.27127,6482
2022-03-07 08:00:00,1.27128,1.27291,1.26853,1.2711000000000001,11535
2022-03-07 12:00:00,1.2711000000000001,1.27413,1.27019,1.27381,12787
2022-03-07 16:00:00,1.27381,1.27932,1.27289,1.2789,14714
2022-03-07 20:00:00,1.2788599999999999,1.28207,1.2776399999999999,1.28175,9335
2022-03-08 00:00:00,1.28186,1.28186,1.27976,1.28071,3986
2022-03-08 04:00:00,1.28075,1.28293,1.27959,1.28234,5499
2022-03-08 08:00:00,1.28235,1.28366,1.28063,1.28293,11542
2022-03-08 12:00:00,1.28293,1.2843499999999999,1.28065,1.28272,10616
2022-03-08 16:00:00,1.28259,1.29006,1.282,1.28765,17112
2022-03-08 20:00:00,1.28763,1.28966,1.28602,1.28888,11248
2022-03-09 00:00:00,1.28885,1.28942,1.28682,1.28709,3811
2022-03-09 04:00:00,1.28712,1.2892299999999999,1.2867199999999999,1.2879800000000001,4434
2022-03-09 08:00:00,1.288,1.28823,1.2824200000000001,1.28243,10100
2022-03-09 12:00:00,1.2824200000000001,1.28444,1.2806,1.28268,10309
2022-03-09 16:00:00,1.28264,1.2837,1.28034,1.2816100000000001,13263
2022-03-09 20:00:00,1.28167,1.28351,1.2806199999999999,1.28065,7655
2022-03-10 00:00:00,1.2806199999999999,1.28417,1.27909,1.28295,3577
2022-03-10 04:00:00,1.28297,1.28317,1.28074,1.2816100000000001,3192
2022-03-10 08:00:00,1.28162,1.28318,1.27939,1.2815699999999999,8572
2022-03-10 12:00:00,1.2814999999999999,1.28325,1.27797,1.27854,10598
2022-03-10 16:00:00,1.27857,1.28055,1.2757800000000001,1.27759,12058
2022-03-10 20:00:00,1.27758,1.27765,1.27504,1.27701,6042
2022-03-11 00:00:00,1.2769,1.27846,1.27531,1.27844,2972
2022-03-11 04:00:00,1.27844,1.2793700000000001,1.27771,1.27877,4256
2022-03-11 08:00:00,1.27882,1.27891,1.27592,1.27717,8463
2022-03-11 12:00:00,1.27717,1.27776,1.2714699999999999,1.27167,10957
2022-03-11 16:00:00,1.27166,1.27314,1.26939,1.27312,11074
2022-03-11 20:00:00,1.27311,1.27498,1.2707,1.27488,5844
2022-03-14 00:00:00,1.27278,1.27469,1.27259,1.27389,3470
2022-03-14 04:00:00,1.2739,1.27891,1.2739,1.27679,4332
2022-03-14 08:00:00,1.27683,1.27878,1.2752,1.27567,6641
2022-03-14 12:00:00,1.27566,1.2778,1.27443,1.27466,7635
2022-03-14 16:00:00,1.27467,1.27865,1.27378,1.2781500000000001,10306
2022-03-14 20:00:00,1.27816,1.28264,1.27777,1.28251,6685
2022-03-15 00:00:00,1.28164,1.28267,1.28139,1.28246,1914
2022-03-15 04:00:00,1.2824499999999999,1.28531,1.28182,1.2823,5246
2022-03-15 08:00:00,1.28234,1.28568,1.28199,1.28532,7953
2022-03-15 12:00:00,1.28533,1.28711,1.28251,1.2829,6938
2022-03-15 16:00:00,1.2829,1.28308,1.27798,1.27808,10655
2022-03-15 20:00:00,1.27804,1.27942,1.27612,1.27664,6588
2022-03-16 00:00:00,1.27628,1.27753,1.27577,1.27724,2234
2022-03-16 04:00:00,1.27725,1.27753,1.27549,1.27553,3431
2022-03-16 08:00:00,1.27553,1.27553,1.27194,1.2723,6243
2022-03-16 12:00:00,1.27229,1.27257,1.26875,1.26911,6642
2022-03-16 16:00:00,1.2691,1.27461,1.2691,1.2723200000000001,10613
2022-03-16 20:00:00,1.2724,1.2778100000000001,1.2677100000000001,1.26784,12107
2022-03-17 00:00:00,1.26776,1.26921,1.26689,1.26704,2870
2022-03-17 04:00:00,1.26702,1.26987,1.26699,1.26769,4589
2022-03-17 08:00:00,1.26769,1.26878,1.26538,1.26566,5369
2022-03-17 12:00:00,1.26563,1.26736,1.26518,1.26692,7714
2022-03-17 16:00:00,1.26691,1.26788,1.26297,1.2637800000000001,8741
2022-03-17 20:00:00,1.26376,1.26493,1.26129,1.26226,5068
2022-03-18 00:00:00,1.26264,1.26356,1.26139,1.2628300000000001,2410
2022-03-18 04:00:00,1.26282,1.26298,1.26124,1.26175,3272
2022-03-18 08:00:00,1.2617099999999999,1.26192,1.2595100000000001,1.26132,5425
2022-03-18 12:00:00,1.2613699999999999,1.26372,1.25986,1.26294,5849
2022-03-18 16:00:00,1.26296,1.26463,1.2612,1.26192,9130
2022-03-18 20:00:00,1.2619,1.26219,1.25888,1.26037,4138
2022-03-21 00:00:00,1.26025,1.2616399999999999,1.25968,1.26016,2008
2022-03-21 04:00:00,1.26019,1.26094,1.25911,1.26055,2969
2022-03-21 08:00:00,1.26054,1.26151,1.25896,1.25907,4361
2022-03-21 12:00:00,1.25906,1.26217,1.25906,1.2601,5737
2022-03-21 16:00:00,1.26009,1.26055,1.2564899999999999,1.25783,10288
2022-03-21 20:00:00,1.25785,1.26118,1.25785,1.25929,8027
2022-03-22 00:00:00,1.25845,1.2603,1.25845,1.2601,1742
2022-03-22 04:00:00,1.26009,1.26025,1.2570700000000001,1.2586300000000001,4427
2022-03-22 08:00:00,1.25862,1.26238,1.25837,1.2621,5867
2022-03-22 12:00:00,1.26211,1.2622200000000001,1.2573699999999999,1.2582,7073
2022-03-22 16:00:00,1.2582,1.26174,1.25753,1.25963,9619
2022-03-22 20:00:00,1.25962,1.25997,1.25671,1.2568,5259
2022-03-23 00:00:00,1.25728,1.25866,1.2564600000000001,1.258,2343
2022-03-23 04:00:00,1.25803,1.25831,1.25651,1.2582,3711
2022-03-23 08:00:00,1.2582,1.25906,1.25699,1.25861,4963
2022-03-23 12:00:00,1.25862,1.26054,1.25818,1.26013,6918
2022-03-23 16:00:00,1.2601200000000001,1.26033,1.25419,1.25567,11283
2022-03-23 20:00:00,1.25561,1.25699,1.25538,1.25622,5401
2022-03-24 00:00:00,1.25594,1.25762,1.2555399999999999,1.25679,2209
2022-03-24 04:00:00,1.25675,1.25842,1.25627,1.2579,4529
2022-03-24 08:00:00,1.25792,1.2582,1.2558799999999999,1.2572999999999999,5072
2022-03-24 12:00:00,1.25726,1.2586,1.25519,1.25654,7844
2022-03-24 16:00:00,1.25655,1.25762,1.2509700000000001,1.25494,12533
2022-03-24 20:00:00,1.25497,1.25531,1.25206,1.2532,5660
2022-03-25 00:00:00,1.25236,1.25438,1.25174,1.254,2743
2022-03-25 04:00:00,1.25401,1.25404,1.25245,1.25259,4563
2022-03-25 08:00:00,1.25266,1.25522,1.25243,1.25514,4673
2022-03-25 12:00:00,1.25514,1.25529,1.2521499999999999,1.25291,5057
2022-03-25 16:00:00,1.25293,1.25329,1.24853,1.24857,12457
2022-03-25 20:00:00,1.2486,1.24929,1.24653,1.24758,6263
2022-03-28 00:00:00,1.24806,1.2499,1.24764,1.24947,2813
2022-03-28 04:00:00,1.24952,1.24997,1.24819,1.24931,4793
2022-03-28 08:00:00,1.2493,1.25039,1.24781,1.24842,6899
2022-03-28 12:00:00,1.24843,1.25057,1.24731,1.25042,7585
2022-03-28 16:00:00,1.25043,1.25926,1.25042,1.25423,11787
2022-03-28 20:00:00,1.25423,1.25502,1.25202,1.25209,5089
2022-03-29 00:00:00,1.25174,1.25298,1.25149,1.25269,2382
2022-03-29 04:00:00,1.25267,1.25268,1.25121,1.2518799999999999,3311
2022-03-29 08:00:00,1.25187,1.25196,1.24933,1.25108,6234
2022-03-29 12:00:00,1.25108,1.25296,1.24694,1.25105,11494
2022-03-29 16:00:00,1.25106,1.25282,1.2496800000000001,1.2515100000000001,11885
2022-03-29 20:00:00,1.25152,1.25214,1.24816,1.25031,4778
2022-03-30 00:00:00,1.24966,1.25085,1.24917,1.2502,2494
2022-03-30 04:00:00,1.25015,1.25044,1.24888,1.24897,3598
2022-03-30 08:00:00,1.24896,1.24937,1.24753,1.248,6793
2022-03-30 12:00:00,1.24798,1.24879,1.24663,1.24663,6367
2022-03-30 16:00:00,1.24663,1.25022,1.24295,1.24688,10557
2022-03-30 20:00:00,1.24692,1.24872,1.2466,1.24818,4079
2022-03-31 00:00:00,1.24794,1.25037,1.24763,1.24949,3288
2022-03-31 04:00:00,1.24952,1.25196,1.24896,1.25191,3396
2022-03-31 08:00:00,1.25191,1.25292,1.24977,1.25236,5174
2022-03-31 12:00:00,1.25237,1.25331,1.2500200000000001,1.25078,6365
2022-03-31 16:00:00,1.25077,1.25265,1.248,1.2482,11250
2022-03-31 20:00:00,1.2482,1.25096,1.2463899999999999,1.25071,5643
2022-04-01 00:00:00,1.25023,1.25105,1.24976,1.25043,2511
2022-04-01 04:00:00,1.25045,1.25081,1.24919,1.24961,2900
2022-04-01 08:00:00,1.24959,1.25265,1.24948,1.24994,5281
2022-04-01 12:00:00,1.2499500000000001,1.25088,1.24802,1.2503,5780
2022-04-01 16:00:00,1.2503199999999999,1.25314,1.24915,1.2529,9466
2022-04-01 20:00:00,1.2529,1.25394,1.2506599999999999,1.2515399999999999,5127
2022-04-04 00:00:00,1.25129,1.25285,1.25114,1.2517800000000001,1407
2022-04-04 04:00:00,1.25179,1.25189,1.25095,1.25102,2038
2022-04-04 08:00:00,1.25101,1.25108,1.24845,1.24959,4539
2022-04-04 12:00:00,1.24959,1.2505,1.24875,1.24924,4423
2022-04-04 16:00:00,1.24922,1.25026,1.24679,1.24965,7344
2022-04-04 20:00:00,1.24964,1.25023,1.24795,1.24841,3226
2022-04-05 00:00:00,1.24837,1.24924,1.24837,1.24854,1459
2022-04-05 04:00:00,1.24853,1.24913,1.24789,1.24801,2199
2022-04-05 08:00:00,1.248,1.24836,1.24524,1.24542,4759
2022-04-05 12:00:00,1.2454399999999999,1.24684,1.24313,1.24315,5723
2022-04-05 16:00:00,1.24312,1.24741,1.24026,1.24673,10735
2022-04-05 20:00:00,1.24674,1.2498,1.2448299999999999,1.24901,5512
2022-04-06 00:00:00,1.2484899999999999,1.24955,1.24814,1.2493400000000001,2105
2022-04-06 04:00:00,1.24935,1.2504,1.24851,1.2500200000000001,4092
2022-04-06 08:00:00,1.2500200000000001,1.25094,1.24896,1.2493400000000001,5694
2022-04-06 12:00:00,1.24935,1.2504,1.2479,1.24911,5700
2022-04-06 16:00:00,1.24912,1.25209,1.24802,1.25039,8729
2022-04-06 20:00:00,1.25042,1.2558,1.24895,1.2545600000000001,11806
2022-04-07 00:00:00,1.25419,1.2568,1.25367,1.25587,2491
2022-04-07 04:00:00,1.25587,1.25683,1.25515,1.25583,3502
2022-04-07 08:00:00,1.25584,1.25656,1.2538,1.25641,6474
2022-04-07 12:00:00,1.25641,1.2574,1.25391,1.25698,6321
2022-04-07 16:00:00,1.25699,1.26113,1.25629,1.25976,10954
2022-04-07 20:00:00,1.25975,1.25977,1.25751,1.2588599999999999,6197
2022-04-08 00:00:00,1.25877,1.25946,1.25805,1.2588300000000001,2299
2022-04-08 04:00:00,1.2589000000000001,1.25939,1.25779,1.259,2400
2022-04-08 08:00:00,1.259,1.2598500000000001,1.25757,1.2591700000000001,5337
2022-04-08 12:00:00,1.25919,1.25994,1.25819,1.25965,4905
2022-04-08 16:00:00,1.25966,1.2618800000000001,1.25738,1.25819,9135
2022-04-08 20:00:00,1.25821,1.25943,1.25644,1.25736,4878
2022-04-11 00:00:00,1.25587,1.2598099999999999,1.25587,1.2598099999999999,2077
2022-04-11 04:00:00,1.25982,1.26172,1.25851,1.25973,4020
2022-04-11 08:00:00,1.25971,1.26172,1.259,1.25982,6978
2022-04-11 12:00:00,1.25984,1.26096,1.25726,1.25955,6408
2022-04-11 16:00:00,1.25956,1.26373,1.25936,1.26338,10099
2022-04-11 20:00:00,1.26337,1.26406,1.2619799999999999,1.26342,5177
2022-04-12 00:00:00,1.26297,1.26533,1.26273,1.26512,2183
2022-04-12 04:00:00,1.26512,1.26562,1.26411,1.2644,3504
2022-04-12 08:00:00,1.2643900000000001,1.26616,1.26321,1.26535,6167
2022-04-12 12:00:00,1.26535,1.26609,1.25812,1.2591700000000001,6996
2022-04-12 16:00:00,1.25925,1.26194,1.2591999999999999,1.26117,12810
2022-04-12 20:00:00,1.26119,1.26451,1.2604899999999999,1.26417,6246
2022-04-13 00:00:00,1.26433,1.2644,1.26318,1.26395,1598
2022-04-13 04:00:00,1.26391,1.26394,1.26105,1.26267,3322
2022-04-13 08:00:00,1.26269,1.26492,1.26113,1.26429,7145
2022-04-13 12:00:00,1.26429,1.26645,1.2638099999999999,1.26645,8434
2022-04-13 16:00:00,1.26644,1.26762,1.25836,1.25864,12645
2022-04-13 20:00:00,1.25864,1.25869,1.25549,1.25611,5706
2022-04-14 00:00:00,1.25629,1.25694,1.2554699999999999,1.25679,2631
2022-04-14 04:00:00,1.25678,1.25692,1.25437,1.2549299999999999,3962
2022-04-14 08:00:00,1.25492,1.25665,1.25411,1.25438,5784
2022-04-14 12:00:00,1.25446,1.25814,1.25208,1.25804,9665
2022-04-14 16:00:00,1.25811,1.2642,1.25753,1.26217,12696
2022-04-14 20:00:00,1.26214,1.26263,1.25871,1.26036,4205
2022-04-15 00:00:00,1.26034,1.26212,1.25941,1.26192,4156
2022-04-15 04:00:00,1.26192,1.26204,1.2597800000000001,1.2604,8203
2022-04-15 08:00:00,1.2604,1.26101,1.259,1.25962,13562
2022-04-15 12:00:00,1.25962,1.26078,1.25915,1.2605,9677
2022-04-15 16:00:00,1.2604899999999999,1.26159,1.26048,1.2606,5805
2022-04-15 20:00:00,1.26059,1.26122,1.26028,1.26115,2079
2022-04-18 00:00:00,1.26086,1.2629000000000001,1.26081,1.26274,2481
2022-04-18 04:00:00,1.26275,1.26436,1.2619799999999999,1.26403,3152
2022-04-18 08:00:00,1.26402,1.26427,1.26287,1.26377,3018
2022-04-18 12:00:00,1.26376,1.26438,1.26129,1.26237,3994
2022-04-18 16:00:00,1.26236,1.26285,1.26031,1.2616,9091
2022-04-18 20:00:00,1.2616,1.26262,1.26053,1.26112,6303
2022-04-19 00:00:00,1.26091,1.2616,1.25918,1.26054,2872
2022-04-19 04:00:00,1.26054,1.26144,1.2576800000000001,1.2579500000000001,4467
2022-04-19 08:00:00,1.2579799999999999,1.25918,1.25681,1.25852,7930
2022-04-19 12:00:00,1.25852,1.26356,1.25852,1.26339,5950
2022-04-19 16:00:00,1.26338,1.26463,1.26068,1.26215,12174
2022-04-19 20:00:00,1.26216,1.26282,1.26154,1.26162,6633
2022-04-20 00:00:00,1.26162,1.2618800000000001,1.26009,1.26055,2952
2022-04-20 04:00:00,1.26053,1.26243,1.2583199999999999,1.25833,5775
2022-04-20 08:00:00,1.25833,1.2589299999999999,1.25623,1.25637,7235
2022-04-20 12:00:00,1.25637,1.25644,1.25156,1.2524199999999999,9162
2022-04-20 16:00:00,1.25243,1.25275,1.2472,1.24993,12498
2022-04-20 20:00:00,1.24994,1.25089,1.24839,1.24951,7473
2022-04-21 00:00:00,1.24964,1.25007,1.24835,1.24951,2601
2022-04-21 04:00:00,1.2495,1.2497,1.2479,1.24859,4622
2022-04-21 08:00:00,1.24859,1.24913,1.24588,1.24726,8018
2022-04-21 12:00:00,1.24725,1.25001,1.24681,1.24948,6045
2022-04-21 16:00:00,1.24951,1.2552699999999999,1.24741,1.25496,11811
2022-04-21 20:00:00,1.25496,1.25899,1.25407,1.25833,11669
2022-04-22 00:00:00,1.25814,1.26004,1.25678,1.25942,3095
2022-04-22 04:00:00,1.25945,1.26074,1.25866,1.25932,5612
2022-04-22 08:00:00,1.25932,1.2668599999999999,1.25899,1.26685,8243
2022-04-22 12:00:00,1.2668599999999999,1.26838,1.26536,1.26752,7821
2022-04-22 16:00:00,1.26753,1.27257,1.26692,1.27132,13498
2022-04-22 20:00:00,1.27131,1.27259,1.2702200000000001,1.27135,7816
2022-04-25 00:00:00,1.27135,1.27292,1.26983,1.27268,3896
2022-04-25 04:00:00,1.27263,1.2743,1.27251,1.27349,5805
2022-04-25 08:00:00,1.27348,1.27565,1.27187,1.27294,12622
2022-04-25 12:00:00,1.2729300000000001,1.27683,1.27264,1.27603,11337
2022-04-25 16:00:00,1.27602,1.27772,1.27498,1.27617,14011
2022-04-25 20:00:00,1.27613,1.27712,1.27151,1.27377,10149
2022-04-26 00:00:00,1.27335,1.27453,1.27288,1.27304,3143
2022-04-26 04:00:00,1.27305,1.27421,1.26843,1.26875,6533
2022-04-26 08:00:00,1.26875,1.27474,1.2686600000000001,1.27359,9364
2022-04-26 12:00:00,1.2736100000000001,1.2779,1.27314,1.27766,8335
2022-04-26 16:00:00,1.27771,1.2827600000000001,1.27711,1.27847,13337
2022-04-26 20:00:00,1.27847,1.2824900000000001,1.27837,1.28231,8684
2022-04-27 00:00:00,1.2829,1.2829,1.28025,1.28086,2754
2022-04-27 04:00:00,1.28087,1.28118,1.2784499999999999,1.27847,6093
2022-04-27 08:00:00,1.27848,1.2846,1.27778,1.28458,9964
2022-04-27 12:00:00,1.28457,1.28475,1.28173,1.28356,11007
2022-04-27 16:00:00,1.28356,1.28539,1.2796,1.28099,16582
2022-04-27 20:00:00,1.2810000000000001,1.28345,1.28004,1.28175,9903
2022-04-28 00:00:00,1.28183,1.28295,1.28106,1.28225,2605
2022-04-28 04:00:00,1.28225,1.28439,1.28098,1.2833,6615
2022-04-28 08:00:00,1.28329,1.28578,1.27979,1.28179,10671
2022-04-28 12:00:00,1.28179,1.28797,1.28125,1.28671,11202
2022-04-28 16:00:00,1.28674,1.28691,1.27996,1.28034,16237
2022-04-28 20:00:00,1.28031,1.2812299999999999,1.27908,1.28056,8854
2022-04-29 00:00:00,1.28049,1.28129,1.2781799999999999,1.2781799999999999,2924
2022-04-29 04:00:00,1.27824,1.27933,1.27576,1.27589,5694
2022-04-29 08:00:00,1.27591,1.276,1.27246,1.27497,9628
2022-04-29 12:00:00,1.27497,1.27511,1.27185,1.2720500000000001,10011
2022-04-29 16:00:00,1.27206,1.28253,1.27199,1.2816,15597
2022-04-29 20:00:00,1.2816,1.28604,1.27968,1.28553,9193
2022-05-02 00:00:00,1.28338,1.28624,1.28338,1.28573,4395
2022-05-02 04:00:00,1.28573,1.28742,1.28485,1.28641,5371
2022-05-02 08:00:00,1.28641,1.2879800000000001,1.28498,1.28776,7897
2022-05-02 12:00:00,1.28781,1.29055,1.28609,1.2901799999999999,6200
2022-05-02 16:00:00,1.29019,1.2913700000000001,1.2876400000000001,1.29014,15345
2022-05-02 20:00:00,1.29014,1.2913700000000001,1.28715,1.28769,10096
2022-05-03 00:00:00,1.28761,1.28809,1.28383,1.28394,3562
2022-05-03 04:00:00,1.28394,1.2864900000000001,1.2836,1.28647,5726
2022-05-03 08:00:00,1.28648,1.28822,1.2849,1.28726,8608
2022-05-03 12:00:00,1.28725,1.28932,1.2846199999999999,1.2849300000000001,8645
2022-05-03 16:00:00,1.2849300000000001,1.28684,1.28251,1.28553,11248
2022-05-03 20:00:00,1.28552,1.28637,1.28309,1.28373,7322
2022-05-04 00:00:00,1.28373,1.284,1.2824900000000001,1.28294,2012
2022-05-04 04:00:00,1.28294,1.28327,1.28158,1.28321,3306
2022-05-04 08:00:00,1.28324,1.28422,1.28077,1.28108,5506
2022-05-04 12:00:00,1.28108,1.28195,1.28039,1.28125,4970
2022-05-04 16:00:00,1.28124,1.28532,1.28107,1.28107,10762
2022-05-04 20:00:00,1.28105,1.28463,1.2730000000000001,1.2736399999999999,22973
2022-05-05 00:00:00,1.27402,1.2748599999999999,1.27325,1.27378,3648
2022-05-05 04:00:00,1.27377,1.27421,1.27134,1.2724199999999999,7184
2022-05-05 08:00:00,1.27243,1.27648,1.27194,1.27553,9319
2022-05-05 12:00:00,1.27554,1.27717,1.27367,1.2767,10667
2022-05-05 16:00:00,1.27672,1.28599,1.27536,1.28373,20642
2022-05-05 20:00:00,1.2837,1.28678,1.28239,1.2836699999999999,15517
2022-05-06 00:00:00,1.28325,1.28412,1.28139,1.28338,3480
2022-05-06 04:00:00,1.28336,1.28563,1.28263,1.28359,9242
2022-05-06 08:00:00,1.28358,1.2866900000000001,1.28237,1.28437,11918
2022-05-06 12:00:00,1.28438,1.2867600000000001,1.28136,1.28665,13002
2022-05-06 16:00:00,1.2867199999999999,1.28956,1.28465,1.28791,25333
2022-05-06 20:00:00,1.28789,1.29124,1.28714,1.29059,13303
2022-05-09 00:00:00,1.2904,1.29398,1.29023,1.29394,4536
2022-05-09 04:00:00,1.29395,1.29477,1.29271,1.29454,7137
2022-05-09 08:00:00,1.29453,1.2949899999999999,1.29253,1.29321,10338
2022-05-09 12:00:00,1.29321,1.29539,1.29078,1.2916699999999999,12189
2022-05-09 16:00:00,1.29168,1.29936,1.29136,1.29653,20929
2022-05-09 20:00:00,1.2965499999999999,1.30154,1.29644,1.30136,13990
2022-05-10 00:00:00,1.30125,1.3032,1.3006199999999999,1.30251,5439
2022-05-10 04:00:00,1.30252,1.3037,1.29907,1.29988,10816
2022-05-10 08:00:00,1.2999100000000001,1.30215,1.29863,1.29919,13069
2022-05-10 12:00:00,1.29914,1.30112,1.29771,1.29836,10846
2022-05-10 16:00:00,1.29839,1.30488,1.29615,1.30456,23082
2022-05-10 20:00:00,1.30456,1.30522,1.3005,1.30292,14820
2022-05-11 00:00:00,1.30221,1.30346,1.30209,1.30286,3517
2022-05-11 04:00:00,1.30287,1.30318,1.30044,1.3005499999999999,5195
2022-05-11 08:00:00,1.3005200000000001,1.30142,1.29657,1.2967,9543
2022-05-11 12:00:00,1.2967,1.30393,1.29539,1.30341,12768
2022-05-11 16:00:00,1.30343,1.3036400000000001,1.2921,1.29739,26691
2022-05-11 20:00:00,1.29741,1.30063,1.29638,1.2993000000000001,15877
2022-05-12 00:00:00,1.29892,1.30049,1.29832,1.29879,6261
2022-05-12 04:00:00,1.2988,1.30196,1.29767,1.30188,9169
2022-05-12 08:00:00,1.30187,1.30375,1.30057,1.30271,15005
2022-05-12 12:00:00,1.30271,1.30476,1.3000099999999999,1.30146,14260
2022-05-12 16:00:00,1.30153,1.3064,1.30015,1.3039,25846
2022-05-12 20:00:00,1.30393,1.30765,1.30378,1.30457,16791
2022-05-13 00:00:00,1.304,1.30485,1.30106,1.30207,4644
2022-05-13 04:00:00,1.30207,1.30266,1.29949,1.2996699999999999,8984
2022-05-13 08:00:00,1.2996400000000001,1.30243,1.29918,1.3005499999999999,11461
2022-05-13 12:00:00,1.3005499999999999,1.30206,1.29938,1.30135,8431
2022-05-13 16:00:00,1.30134,1.30139,1.29144,1.29288,16388
2022-05-13 20:00:00,1.29292,1.29614,1.2906900000000001,1.29081,9842
2022-05-16 00:00:00,1.29153,1.2923499999999999,1.2901,1.2905,5052
2022-05-16 04:00:00,1.2904900000000001,1.29814,1.28948,1.29653,9729
2022-05-16 08:00:00,1.29653,1.29736,1.2920099999999999,1.29227,12130
2022-05-16 12:00:00,1.29226,1.29421,1.2916699999999999,1.2922799999999999,9042
2022-05-16 16:00:00,1.2922799999999999,1.2929599999999999,1.28758,1.2883499999999999,18590
2022-05-16 20:00:00,1.28837,1.28848,1.28361,1.2848,9576
2022-05-17 00:00:00,1.28442,1.28535,1.28277,1.2835,3484
2022-05-17 04:00:00,1.2835,1.28434,1.28189,1.2829,6687
2022-05-17 08:00:00,1.28288,1.28325,1.28072,1.2811,8941
2022-05-17 12:00:00,1.2811,1.28411,1.28064,1.2830599999999999,10461
2022-05-17 16:00:00,1.28305,1.2854,1.28205,1.2825199999999999,14620
2022-05-17 20:00:00,1.2825199999999999,1.2858399999999999,1.28087,1.28092,12670
2022-05-18 00:00:00,1.28085,1.2812700000000001,1.27948,1.28057,3832
2022-05-18 04:00:00,1.28057,1.28415,1.28052,1.2836400000000001,7261
2022-05-18 08:00:00,1.28363,1.28514,1.28083,1.2847,10077
2022-05-18 12:00:00,1.2846899999999999,1.28509,1.28042,1.28212,8601
2022-05-18 16:00:00,1.28212,1.2857,1.28122,1.2827600000000001,16660
2022-05-18 20:00:00,1.28275,1.28955,1.28262,1.2889300000000001,11786
2022-05-19 00:00:00,1.28925,1.28925,1.28612,1.28639,6143
2022-05-19 04:00:00,1.2864,1.28736,1.2818100000000001,1.28248,9621
2022-05-19 08:00:00,1.28248,1.28592,1.28212,1.28382,13715
2022-05-19 12:00:00,1.28383,1.2846199999999999,1.2800799999999999,1.28189,13894
2022-05-19 16:00:00,1.28192,1.28286,1.27826,1.28198,25856
2022-05-19 20:00:00,1.28198,1.28287,1.27884,1.28198,15454
2022-05-20 00:00:00,1.28232,1.28294,1.28112,1.28212,4002
2022-05-20 04:00:00,1.28212,1.28345,1.2807,1.28115,7329
2022-05-20 08:00:00,1.28115,1.28176,1.2786,1.27878,12431
2022-05-20 12:00:00,1.2787899999999999,1.2802,1.2776399999999999,1.2794699999999999,9819
2022-05-20 16:00:00,1.2794699999999999,1.2852299999999999,1.27882,1.28413,19913
2022-05-20 20:00:00,1.28414,1.2868,1.2827899999999999,1.28328,14397
2022-05-23 00:00:00,1.28392,1.28418,1.28,1.28019,4779
2022-05-23 04:00:00,1.28018,1.2812299999999999,1.27919,1.28019,6470
2022-05-23 08:00:00,1.28019,1.28061,1.27782,1.27991,12035
2022-05-23 12:00:00,1.27991,1.28038,1.2772999999999999,1.27932,10375
2022-05-23 16:00:00,1.27932,1.28038,1.27668,1.27933,17108
2022-05-23 20:00:00,1.27932,1.28077,1.27698,1.2770000000000001,7185
2022-05-24 00:00:00,1.27686,1.2803,1.27646,1.28009,3927
2022-05-24 04:00:00,1.2801,1.28129,1.27917,1.2809,6346
2022-05-24 08:00:00,1.28094,1.28128,1.27792,1.28064,10868
2022-05-24 12:00:00,1.28064,1.28082,1.27814,1.27897,9684
2022-05-24 16:00:00,1.27897,1.28725,1.27895,1.28388,20686
2022-05-24 20:00:00,1.28391,1.28483,1.2803200000000001,1.28197,13337
2022-05-25 00:00:00,1.28175,1.2832,1.28135,1.28257,3622
2022-05-25 04:00:00,1.28257,1.28343,1.2810000000000001,1.28214,7460
2022-05-25 08:00:00,1.28216,1.28442,1.28186,1.28421,10355
2022-05-25 12:00:00,1.28422,1.2885,1.28318,1.28589,12483
2022-05-25 16:00:00,1.2859099999999999,1.28687,1.28119,1.28434,18444
2022-05-25 20:00:00,1.28434,1.28501,1.28024,1.28166,13840
2022-05-26 00:00:00,1.28138,1.28219,1.28013,1.28055,4186
2022-05-26 04:00:00,1.28056,1.28416,1.28039,1.28389,8467
2022-05-26 08:00:00,1.2839,1.2848600000000001,1.28101,1.2825199999999999,10330
2022-05-26 12:00:00,1.28251,1.2833,1.28099,1.28236,9911
2022-05-26 16:00:00,1.28236,1.28342,1.2772700000000001,1.2788300000000001,15930
2022-05-26 20:00:00,1.2788300000000001,1.2788300000000001,1.27685,1.27699,7998
2022-05-27 00:00:00,1.27721,1.27835,1.27683,1.2775400000000001,3469
2022-05-27 04:00:00,1.27752,1.27779,1.27468,1.27472,7440
2022-05-27 08:00:00,1.27473,1.27629,1.27382,1.27397,10144
2022-05-27 12:00:00,1.27397,1.27528,1.2728,1.27336,10918
2022-05-27 16:00:00,1.27337,1.27653,1.2729300000000001,1.27465,13721
2022-05-27 20:00:00,1.27465,1.27489,1.27177,1.27198,6545
2022-05-30 00:00:00,1.27237,1.27289,1.2716,1.27177,3755
2022-05-30 04:00:00,1.27177,1.27214,1.27009,1.27023,6744
2022-05-30 08:00:00,1.27023,1.2707899999999999,1.26881,1.26923,8932
2022-05-30 12:00:00,1.26924,1.2693699999999999,1.26719,1.26795,6903
2022-05-30 16:00:00,1.26796,1.26796,1.26506,1.26531,8662
2022-05-30 20:00:00,1.26531,1.26623,1.26515,1.2654,2142
2022-05-31 00:00:00,1.26553,1.26801,1.26523,1.26764,3992
2022-05-31 04:00:00,1.26764,1.26849,1.2661,1.26697,8457
2022-05-31 08:00:00,1.26698,1.2680500000000001,1.26548,1.26703,10130
2022-05-31 12:00:00,1.26702,1.2686600000000001,1.26601,1.26801,11157
2022-05-31 16:00:00,1.26799,1.26799,1.2629000000000001,1.26326,18918
2022-05-31 20:00:00,1.26326,1.26538,1.26301,1.26506,10984
2022-06-01 00:00:00,1.2643900000000001,1.26513,1.2635399999999999,1.26474,3270
2022-06-01 04:00:00,1.26477,1.26725,1.26389,1.26665,7631
2022-06-01 08:00:00,1.26664,1.26716,1.26483,1.26549,10701
2022-06-01 12:00:00,1.26546,1.26554,1.26182,1.2619799999999999,8052
2022-06-01 16:00:00,1.26194,1.26765,1.26067,1.26524,19197
2022-06-01 20:00:00,1.26525,1.26531,1.2622900000000001,1.2631700000000001,7886
2022-06-02 00:00:00,1.26548,1.26753,1.26545,1.26627,3271
2022-06-02 04:00:00,1.26626,1.26758,1.26608,1.26691,6559
2022-06-02 08:00:00,1.26692,1.26859,1.2650299999999999,1.26517,7772
2022-06-02 12:00:00,1.26518,1.26614,1.26318,1.26409,8456
2022-06-02 16:00:00,1.2640799999999999,1.26533,1.25698,1.25711,17053
2022-06-02 20:00:00,1.25711,1.25794,1.25641,1.2568,7496
2022-06-03 00:00:00,1.25694,1.25758,1.25577,1.25724,3706
2022-06-03 04:00:00,1.25722,1.25785,1.25658,1.25735,4559
2022-06-03 08:00:00,1.2573400000000001,1.25747,1.2556,1.2562,7494
2022-06-03 12:00:00,1.25619,1.25857,1.25548,1.25718,10323
2022-06-03 16:00:00,1.25719,1.25923,1.2551,1.25765,18033
2022-06-03 20:00:00,1.25767,1.25953,1.25729,1.2594,8479
2022-06-06 00:00:00,1.25921,1.25933,1.25785,1.25881,3378
2022-06-06 04:00:00,1.25884,1.26011,1.25786,1.25789,5549
2022-06-06 08:00:00,1.25788,1.25857,1.25579,1.25584,8802
2022-06-06 12:00:00,1.25583,1.25679,1.25439,1.25448,7065
2022-06-06 16:00:00,1.25448,1.25852,1.25349,1.25712,14879
2022-06-06 20:00:00,1.25716,1.25838,1.25558,1.25807,8437
2022-06-07 00:00:00,1.25772,1.25971,1.25759,1.2591999999999999,3651
2022-06-07 04:00:00,1.25922,1.26027,1.25687,1.25966,9132
2022-06-07 08:00:00,1.25964,1.26182,1.25864,1.25974,11292
2022-06-07 12:00:00,1.25975,1.26126,1.25783,1.26034,9916
2022-06-07 16:00:00,1.26037,1.26041,1.25352,1.25373,16005
2022-06-07 20:00:00,1.25373,1.25454,1.25235,1.25324,7091
2022-06-08 00:00:00,1.25296,1.25408,1.2527300000000001,1.25358,3079
2022-06-08 04:00:00,1.25357,1.25516,1.25251,1.25513,8102
2022-06-08 08:00:00,1.25511,1.2555399999999999,1.25319,1.25549,10214
2022-06-08 12:00:00,1.25548,1.25583,1.25353,1.25418,8957
2022-06-08 16:00:00,1.2542,1.25444,1.25175,1.25331,15392
2022-06-08 20:00:00,1.25332,1.25651,1.25332,1.25562,9390
2022-06-09 00:00:00,1.25562,1.2562,1.25485,1.25603,3413
2022-06-09 04:00:00,1.25603,1.25702,1.25535,1.25572,6211
2022-06-09 08:00:00,1.25573,1.2580200000000001,1.25539,1.25618,8524
2022-06-09 12:00:00,1.25617,1.25882,1.25492,1.258,12042
2022-06-09 16:00:00,1.25799,1.26758,1.25766,1.26554,19935
2022-06-09 20:00:00,1.26555,1.27051,1.26544,1.2698,8798
2022-06-10 00:00:00,1.26987,1.27094,1.26959,1.26977,3112
2022-06-10 04:00:00,1.26977,1.27077,1.26942,1.27014,6834
2022-06-10 08:00:00,1.27008,1.27192,1.2681,1.27186,11201
2022-06-10 12:00:00,1.27187,1.2775400000000001,1.27157,1.27738,13494
2022-06-10 16:00:00,1.27737,1.28125,1.27562,1.27777,22254
2022-06-10 20:00:00,1.27776,1.2785199999999999,1.27519,1.27816,11607
2022-06-13 00:00:00,1.27786,1.28049,1.2775400000000001,1.27991,5411
2022-06-13 04:00:00,1.27992,1.2819,1.2798,1.28149,9742
2022-06-13 08:00:00,1.2814999999999999,1.28465,1.28036,1.28452,15537
2022-06-13 12:00:00,1.28453,1.2867600000000001,1.28259,1.28346,16099
2022-06-13 16:00:00,1.28348,1.2881,1.28316,1.28603,23287
2022-06-13 20:00:00,1.28603,1.29,1.2842,1.28958,18871
2022-06-14 00:00:00,1.28942,1.28979,1.28806,1.28854,5413
2022-06-14 04:00:00,1.2885499999999999,1.29003,1.2867899999999999,1.28813,12254
2022-06-14 08:00:00,1.28813,1.2912,1.28661,1.29099,18246
2022-06-14 12:00:00,1.29098,1.29413,1.29094,1.29326,17573
2022-06-14 16:00:00,1.29319,1.2953700000000001,1.29029,1.29524,25571
2022-06-14 20:00:00,1.29524,1.29748,1.29344,1.29563,16297
2022-06-15 00:00:00,1.29483,1.29596,1.29432,1.29462,5974
2022-06-15 04:00:00,1.29463,1.29694,1.29321,1.29663,10093
2022-06-15 08:00:00,1.2966199999999999,1.29728,1.29436,1.29461,17725
2022-06-15 12:00:00,1.29462,1.29599,1.29155,1.29548,15992
2022-06-15 16:00:00,1.29548,1.29761,1.29221,1.29737,19862
2022-06-15 20:00:00,1.29735,1.29954,1.28627,1.2892000000000001,25208
2022-06-16 00:00:00,1.28879,1.28953,1.28623,1.28694,5683
2022-06-16 04:00:00,1.28694,1.28955,1.28606,1.28905,9271
2022-06-16 08:00:00,1.28906,1.29584,1.28891,1.29246,17642
2022-06-16 12:00:00,1.29247,1.29512,1.29163,1.29204,18392
2022-06-16 16:00:00,1.29208,1.29702,1.2892299999999999,1.2904,23903
2022-06-16 20:00:00,1.29038,1.29501,1.28874,1.29474,18051
2022-06-17 00:00:00,1.29455,1.29702,1.29391,1.29646,5599
2022-06-17 04:00:00,1.29648,1.29663,1.29407,1.29465,12523
2022-06-17 08:00:00,1.29465,1.29884,1.29432,1.29707,15738
2022-06-17 12:00:00,1.29709,1.30087,1.2963,1.3008,14108
2022-06-17 16:00:00,1.30084,1.30788,1.3005,1.30508,23403
2022-06-17 20:00:00,1.30512,1.30558,1.3014000000000001,1.3026200000000001,13961
2022-06-20 00:00:00,1.3024,1.30354,1.29958,1.3005900000000001,6302
2022-06-20 04:00:00,1.3005900000000001,1.30253,1.29953,1.3005499999999999,12534
2022-06-20 08:00:00,1.30051,1.3011599999999999,1.29861,1.29966,13587
2022-06-20 12:00:00,1.29965,1.30064,1.29852,1.2997,9117
2022-06-20 16:00:00,1.29971,1.30129,1.29785,1.2988,9743
2022-06-20 20:00:00,1.29881,1.3,1.2981099999999999,1.29828,2074
2022-06-21 00:00:00,1.29794,1.29857,1.29593,1.29616,4003
2022-06-21 04:00:00,1.29618,1.29643,1.29391,1.29461,6903
2022-06-21 08:00:00,1.29459,1.29558,1.29058,1.29109,11235
2022-06-21 12:00:00,1.2911000000000001,1.2962500000000001,1.29105,1.29475,9688
2022-06-21 16:00:00,1.2947600000000001,1.29489,1.29082,1.2916400000000001,15873
2022-06-21 20:00:00,1.29165,1.29305,1.2910599999999999,1.29154,7795
2022-06-22 00:00:00,1.29177,1.29509,1.29154,1.29458,3591
2022-06-22 04:00:00,1.29458,1.29746,1.29394,1.29675,7195
2022-06-22 08:00:00,1.29674,1.29963,1.29632,1.2985,13103
2022-06-22 12:00:00,1.29854,1.29908,1.29584,1.29585,12518
2022-06-22 16:00:00,1.29585,1.29684,1.2917100000000001,1.29433,20907
2022-06-22 20:00:00,1.29432,1.29484,1.29119,1.2947600000000001,9313
2022-06-23 00:00:00,1.29468,1.29643,1.29434,1.29444,4997
2022-06-23 04:00:00,1.2944499999999999,1.29843,1.29362,1.2958,11043
2022-06-23 08:00:00,1.29577,1.2987,1.2947,1.29779,12921
2022-06-23 12:00:00,1.29779,1.29832,1.29542,1.29582,11797
2022-06-23 16:00:00,1.29584,1.30071,1.29406,1.30041,22586
2022-06-23 20:00:00,1.3004,1.30172,1.29819,1.29944,10423
2022-06-24 00:00:00,1.2989,1.3002099999999999,1.29799,1.29893,3817
2022-06-24 04:00:00,1.2989600000000001,1.29943,1.29795,1.29809,7171
2022-06-24 08:00:00,1.2981,1.29929,1.29669,1.29681,10161
2022-06-24 12:00:00,1.2968199999999999,1.29836,1.29583,1.29707,8784
2022-06-24 16:00:00,1.29707,1.29783,1.28999,1.2917100000000001,17875
2022-06-24 20:00:00,1.29169,1.29345,1.28904,1.28935,6993
2022-06-27 00:00:00,1.28913,1.2916400000000001,1.28843,1.29132,4313
2022-06-27 04:00:00,1.29128,1.29128,1.28701,1.2870599999999999,9388
2022-06-27 08:00:00,1.28707,1.2891,1.2864200000000001,1.28707,11023
2022-06-27 12:00:00,1.28705,1.29142,1.287,1.29016,9955
2022-06-27 16:00:00,1.2901500000000001,1.29152,1.28701,1.28707,17691
2022-06-27 20:00:00,1.2870599999999999,1.28882,1.28684,1.28741,10279
2022-06-28 00:00:00,1.28745,1.28784,1.28579,1.2864,3264
2022-06-28 04:00:00,1.2864,1.2877399999999999,1.28551,1.28616,7958
2022-06-28 08:00:00,1.2861500000000001,1.28634,1.28193,1.28234,11708
2022-06-28 12:00:00,1.28232,1.2852700000000001,1.28209,1.28433,10013
2022-06-28 16:00:00,1.2843499999999999,1.28945,1.28358,1.28628,18131
2022-06-28 20:00:00,1.28628,1.28807,1.28501,1.28736,10214
2022-06-29 00:00:00,1.2867899999999999,1.28777,1.28631,1.28745,3922
2022-06-29 04:00:00,1.28744,1.28778,1.28598,1.2867199999999999,9080
2022-06-29 08:00:00,1.28671,1.28865,1.28583,1.28727,12213
2022-06-29 12:00:00,1.28728,1.28903,1.28439,1.28578,10700
2022-06-29 16:00:00,1.28576,1.28998,1.2848600000000001,1.2886199999999999,20564
2022-06-29 20:00:00,1.2886199999999999,1.29,1.28747,1.28946,8180
2022-06-30 00:00:00,1.28903,1.28978,1.2883,1.28925,4177
2022-06-30 04:00:00,1.2892700000000001,1.29075,1.28777,1.28887,7084
2022-06-30 08:00:00,1.28891,1.29189,1.2889,1.29139,13203
2022-06-30 12:00:00,1.29141,1.29333,1.28955,1.29044,11593
2022-06-30 16:00:00,1.29043,1.29257,1.2864,1.28711,20815
2022-06-30 20:00:00,1.2871299999999999,1.28874,1.2861,1.2875,11608
2022-07-01 00:00:00,1.2873700000000001,1.28846,1.28666,1.28778,4006
2022-07-01 04:00:00,1.28779,1.29239,1.28729,1.29231,9318
2022-07-01 08:00:00,1.29231,1.2938100000000001,1.29104,1.29139,12702
2022-07-01 12:00:00,1.29139,1.29568,1.29064,1.29515,11684
2022-07-01 16:00:00,1.29515,1.2966199999999999,1.29052,1.29162,20003
2022-07-01 20:00:00,1.29163,1.2920099999999999,1.2883200000000001,1.2884,7773
2022-07-04 00:00:00,1.28775,1.28936,1.28736,1.28834,3528
2022-07-04 04:00:00,1.28833,1.29025,1.2883,1.28932,7802
2022-07-04 08:00:00,1.28929,1.28937,1.28616,1.28657,8617
2022-07-04 12:00:00,1.28658,1.28738,1.28369,1.28578,7570
2022-07-04 16:00:00,1.28578,1.28944,1.28567,1.28686,7987
2022-07-04 20:00:00,1.28686,1.28695,1.28521,1.2859099999999999,1664
2022-07-05 00:00:00,1.286,1.28616,1.28461,1.28504,4647
2022-07-05 04:00:00,1.28504,1.28686,1.28458,1.28515,9284
2022-07-05 08:00:00,1.2852299999999999,1.29237,1.2843200000000001,1.29231,12948
2022-07-05 12:00:00,1.29229,1.2999100000000001,1.2913000000000001,1.29942,14638
2022-07-05 16:00:00,1.29943,1.30834,1.29943,1.3072599999999999,21788
2022-07-05 20:00:00,1.30722,1.3075,1.3024,1.30315,12388
2022-07-06 00:00:00,1.30233,1.30375,1.30158,1.30237,4650
2022-07-06 04:00:00,1.30236,1.30477,1.3014299999999999,1.30416,10495
2022-07-06 08:00:00,1.30417,1.30644,1.3011599999999999,1.30349,15781
2022-07-06 12:00:00,1.30348,1.30515,1.30173,1.30258,14803
2022-07-06 16:00:00,1.3026200000000001,1.30779,1.30142,1.30646,23291
2022-07-06 20:00:00,1.30646,1.30677,1.30232,1.30378,13834
2022-07-07 00:00:00,1.30355,1.30502,1.30284,1.3036699999999999,4357
2022-07-07 04:00:00,1.30366,1.30556,1.30118,1.30151,10087
2022-07-07 08:00:00,1.3014999999999999,1.30266,1.29917,1.3011300000000001,12452
2022-07-07 12:00:00,1.3011599999999999,1.3019,1.29796,1.30039,11703
2022-07-07 16:00:00,1.30039,1.3020399999999999,1.29629,1.29844,15368
2022-07-07 20:00:00,1.29848,1.29926,1.29761,1.2981500000000001,4188
2022-07-08 00:00:00,1.29678,1.2975400000000001,1.29539,1.29539,4148
2022-07-08 04:00:00,1.29539,1.30172,1.29535,1.29975,9419
2022-07-08 08:00:00,1.29974,1.3024200000000001,1.29911,1.30166,11320
2022-07-08 12:00:00,1.30167,1.30349,1.29792,1.30124,13418
2022-07-08 16:00:00,1.30124,1.30124,1.2936,1.29696,20396
2022-07-08 20:00:00,1.29694,1.29773,1.29369,1.2937400000000001,8113
2022-07-11 00:00:00,1.29461,1.29602,1.29412,1.29524,4143
2022-07-11 04:00:00,1.29522,1.2980800000000001,1.29519,1.29728,8199
2022-07-11 08:00:00,1.29729,1.30029,1.2971599999999999,1.29907,10698
2022-07-11 12:00:00,1.2991,1.3026499999999999,1.29825,1.3021,10470
2022-07-11 16:00:00,1.30213,1.3051599999999999,1.2977400000000001,1.29912,19111
2022-07-11 20:00:00,1.29909,1.30112,1.29751,1.3004,8418
2022-07-12 00:00:00,1.30006,1.30132,1.29912,1.30105,3768
2022-07-12 04:00:00,1.30104,1.3033299999999999,1.30104,1.30232,11428
2022-07-12 08:00:00,1.30232,1.30487,1.30187,1.3036400000000001,14467
2022-07-12 12:00:00,1.30365,1.30506,1.30179,1.30339,13545
2022-07-12 16:00:00,1.30341,1.3045200000000001,1.2991,1.29948,20008
2022-07-12 20:00:00,1.29949,1.3032599999999999,1.29841,1.30234,8710
2022-07-13 00:00:00,1.30285,1.30348,1.30256,1.30301,2290
2022-07-13 04:00:00,1.303,1.303,1.30008,1.30124,8980
2022-07-13 08:00:00,1.3012299999999999,1.3030300000000001,1.30034,1.30127,12746
2022-07-13 12:00:00,1.30126,1.30603,1.29762,1.30232,12386
2022-07-13 16:00:00,1.30239,1.30401,1.29363,1.29485,27841
2022-07-13 20:00:00,1.29485,1.29806,1.29428,1.29782,10237
2022-07-14 00:00:00,1.29694,1.30061,1.29694,1.30014,5206
2022-07-14 04:00:00,1.30014,1.30044,1.2971,1.29802,9154
2022-07-14 08:00:00,1.29801,1.30626,1.29759,1.30591,15458
2022-07-14 12:00:00,1.30595,1.3167900000000001,1.30561,1.31659,17518
2022-07-14 16:00:00,1.31661,1.32233,1.30905,1.31335,27824
2022-07-14 20:00:00,1.31332,1.31396,1.30996,1.31119,12853
2022-07-15 00:00:00,1.31147,1.31294,1.31059,1.31213,4386
2022-07-15 04:00:00,1.31215,1.31259,1.30935,1.311,9318
2022-07-15 08:00:00,1.311,1.31353,1.3106200000000001,1.31114,12987
2022-07-15 12:00:00,1.31113,1.31139,1.3045200000000001,1.30505,13984
2022-07-15 16:00:00,1.30504,1.30741,1.30134,1.30343,21409
2022-07-15 20:00:00,1.30342,1.30406,1.3018100000000001,1.3027199999999999,6022
2022-07-18 00:00:00,1.3017400000000001,1.30248,1.30053,1.30162,3816
2022-07-18 04:00:00,1.3016,1.3017400000000001,1.29865,1.29988,7816
2022-07-18 08:00:00,1.29988,1.30016,1.2969300000000001,1.29841,12117
2022-07-18 12:00:00,1.2984200000000001,1.29901,1.29527,1.29544,11405
2022-07-18 16:00:00,1.29548,1.29614,1.28982,1.29458,16805
2022-07-18 20:00:00,1.29457,1.2983,1.29341,1.2981500000000001,10790
2022-07-19 00:00:00,1.29728,1.2989600000000001,1.29695,1.29865,4016
2022-07-19 04:00:00,1.29865,1.29865,1.2965,1.29728,9441
2022-07-19 08:00:00,1.29726,1.29741,1.2934700000000001,1.29532,15794
2022-07-19 12:00:00,1.2953000000000001,1.29599,1.2929300000000001,1.29432,13075
2022-07-19 16:00:00,1.29436,1.2949,1.28759,1.28848,19524
2022-07-19 20:00:00,1.28847,1.2897,1.28675,1.2869,8681
2022-07-20 00:00:00,1.2869,1.28757,1.2860800000000001,1.28636,3504
2022-07-20 04:00:00,1.28632,1.28717,1.2855699999999999,1.28636,6086
2022-07-20 08:00:00,1.28635,1.28821,1.28616,1.28678,12750
2022-07-20 12:00:00,1.2867899999999999,1.29068,1.28546,1.28853,13996
2022-07-20 16:00:00,1.28854,1.28999,1.2867600000000001,1.28778,19065
2022-07-20 20:00:00,1.2878,1.29065,1.2873299999999999,1.28851,11727
2022-07-21 00:00:00,1.28812,1.2897,1.28757,1.28803,3317
2022-07-21 04:00:00,1.28805,1.28884,1.2862,1.2862,8730
2022-07-21 08:00:00,1.28621,1.29156,1.28597,1.29066,13630
2022-07-21 12:00:00,1.29063,1.29309,1.28879,1.28961,15361
2022-07-21 16:00:00,1.28961,1.29368,1.28784,1.28796,24106
2022-07-21 20:00:00,1.28796,1.28945,1.28656,1.28658,8968
2022-07-22 00:00:00,1.28658,1.28861,1.2865,1.28785,3215
2022-07-22 04:00:00,1.28785,1.28973,1.28748,1.28963,6096
2022-07-22 08:00:00,1.28962,1.28966,1.28683,1.28747,12404
2022-07-22 12:00:00,1.28746,1.28748,1.2852700000000001,1.2864,11117
2022-07-22 16:00:00,1.2864,1.28821,1.2822200000000001,1.28762,20633
2022-07-22 20:00:00,1.28761,1.29242,1.28756,1.2923,7936
2022-07-25 00:00:00,1.29172,1.29446,1.2912,1.2943500000000001,3989
2022-07-25 04:00:00,1.29439,1.29465,1.2923499999999999,1.2928600000000001,7755
2022-07-25 08:00:00,1.29291,1.2943500000000001,1.28887,1.28955,11269
2022-07-25 12:00:00,1.28952,1.28972,1.28484,1.28544,10756
2022-07-25 16:00:00,1.28544,1.2877399999999999,1.28422,1.2854999999999999,17167
2022-07-25 20:00:00,1.28551,1.28556,1.2834699999999999,1.28464,7048
2022-07-26 00:00:00,1.28433,1.28543,1.28406,1.28506,3016
2022-07-26 04:00:00,1.28509,1.28521,1.28247,1.28392,5410
2022-07-26 08:00:00,1.28394,1.284,1.28163,1.28307,8918
2022-07-26 12:00:00,1.2831000000000001,1.28885,1.28298,1.28699,11598
2022-07-26 16:00:00,1.28701,1.2898100000000001,1.2858800000000001,1.2882500000000001,17372
2022-07-26 20:00:00,1.2882500000000001,1.29009,1.2873700000000001,1.28863,7609
2022-07-27 00:00:00,1.28863,1.28873,1.28623,1.28659,3896
2022-07-27 04:00:00,1.28663,1.28756,1.28592,1.28597,6608
2022-07-27 08:00:00,1.28598,1.28668,1.28506,1.28545,8544
2022-07-27 12:00:00,1.28546,1.2866900000000001,1.2846899999999999,1.2866,9333
2022-07-27 16:00:00,1.28658,1.28995,1.28627,1.28911,14660
2022-07-27 20:00:00,1.28911,1.2911299999999999,1.28081,1.2821,17208
2022-07-28 00:00:00,1.2822,1.28341,1.28125,1.2830300000000001,2975
2022-07-28 04:00:00,1.28302,1.28365,1.28187,1.28292,7290
2022-07-28 08:00:00,1.28291,1.28311,1.2795,1.2799800000000001,11232
2022-07-28 12:00:00,1.2800099999999999,1.2835,1.27972,1.28238,13935
2022-07-28 16:00:00,1.2824,1.28695,1.28126,1.28391,19280
2022-07-28 20:00:00,1.28392,1.28433,1.28036,1.28038,7503
2022-07-29 00:00:00,1.28049,1.2812299999999999,1.28018,1.28054,4205
2022-07-29 04:00:00,1.28053,1.28159,1.27956,1.28072,7374
2022-07-29 08:00:00,1.28073,1.2819,1.2788300000000001,1.28164,12506
2022-07-29 12:00:00,1.28165,1.28548,1.28139,1.2842,12631
2022-07-29 16:00:00,1.28417,1.28543,1.27989,1.28116,20266
2022-07-29 20:00:00,1.28117,1.28305,1.27902,1.27979,6851
2022-08-01 00:00:00,1.28065,1.28209,1.27982,1.28065,4149
2022-08-01 04:00:00,1.28065,1.2812000000000001,1.27943,1.28078,6306
2022-08-01 08:00:00,1.28082,1.28107,1.27797,1.2784900000000001,9285
2022-08-01 12:00:00,1.2784900000000001,1.27872,1.27671,1.27851,9546
2022-08-01 16:00:00,1.27851,1.28384,1.27844,1.28217,17786
2022-08-01 20:00:00,1.2821799999999999,1.28558,1.2821799999999999,1.28381,9429
2022-08-02 00:00:00,1.28385,1.28559,1.28354,1.28444,4909
2022-08-02 04:00:00,1.28448,1.28633,1.28414,1.2858399999999999,9552
2022-08-02 08:00:00,1.28582,1.2878,1.28534,1.286,13472
2022-08-02 12:00:00,1.28603,1.28756,1.2846600000000001,1.28616,10947
2022-08-02 16:00:00,1.28614,1.28871,1.28346,1.28355,23043
2022-08-02 20:00:00,1.28359,1.28819,1.28336,1.28782,12662
2022-08-03 00:00:00,1.28722,1.28914,1.28714,1.28851,5074
2022-08-03 04:00:00,1.28841,1.28849,1.28543,1.28572,7956
2022-08-03 08:00:00,1.28571,1.28717,1.285,1.28589,10283
2022-08-03 12:00:00,1.2858800000000001,1.28644,1.28322,1.28366,9686
2022-08-03 16:00:00,1.28372,1.28846,1.28343,1.2855400000000001,19759
2022-08-03 20:00:00,1.28553,1.2858,1.28345,1.28391,7547
2022-08-04 00:00:00,1.28384,1.28555,1.28378,1.2841,3133
2022-08-04 04:00:00,1.28411,1.28508,1.28336,1.28422,5359
2022-08-04 08:00:00,1.28422,1.28546,1.28366,1.2849,9420
2022-08-04 12:00:00,1.28491,1.28522,1.28179,1.28379,11694
2022-08-04 16:00:00,1.28382,1.28759,1.28382,1.28694,18171
2022-08-04 20:00:00,1.28695,1.28724,1.2842799999999999,1.28639,7716
2022-08-05 00:00:00,1.28576,1.2873700000000001,1.28576,1.28714,3030
2022-08-05 04:00:00,1.28714,1.28787,1.2867,1.28681,5905
2022-08-05 08:00:00,1.28681,1.28872,1.28636,1.2882,7458
2022-08-05 12:00:00,1.28821,1.29633,1.28789,1.29603,10538
2022-08-05 16:00:00,1.29606,1.29847,1.2922,1.29265,20129
2022-08-05 20:00:00,1.29267,1.29404,1.29181,1.29358,8418
2022-08-08 00:00:00,1.29299,1.29501,1.29299,1.29452,3400
2022-08-08 04:00:00,1.29453,1.29481,1.29279,1.29288,4917
2022-08-08 08:00:00,1.2928899999999999,1.2931,1.28883,1.29087,7733
2022-08-08 12:00:00,1.29087,1.29135,1.28506,1.28524,6700
2022-08-08 16:00:00,1.28528,1.28673,1.28386,1.28504,11639
2022-08-08 20:00:00,1.28504,1.28686,1.28461,1.28553,8712
2022-08-09 00:00:00,1.28553,1.2866,1.28513,1.28605,2787
2022-08-09 04:00:00,1.28601,1.28742,1.28481,1.2854700000000001,4523
2022-08-09 08:00:00,1.28549,1.28726,1.28515,1.28517,6935
2022-08-09 12:00:00,1.2852000000000001,1.28665,1.28433,1.28635,8356
2022-08-09 16:00:00,1.28639,1.29001,1.28568,1.28951,15610
2022-08-09 20:00:00,1.28949,1.28985,1.28792,1.2885900000000001,6683
2022-08-10 00:00:00,1.28867,1.28952,1.28787,1.2892299999999999,2454
2022-08-10 04:00:00,1.28924,1.28933,1.2883200000000001,1.2886199999999999,3700
2022-08-10 08:00:00,1.28863,1.28952,1.2865,1.2866900000000001,6377
2022-08-10 12:00:00,1.28664,1.28926,1.2818100000000001,1.28332,10188
2022-08-10 16:00:00,1.28331,1.2842500000000001,1.2751000000000001,1.27637,17860
2022-08-10 20:00:00,1.2763499999999999,1.27863,1.27588,1.27753,7117
2022-08-11 00:00:00,1.27729,1.27821,1.27715,1.27775,2765
2022-08-11 04:00:00,1.27778,1.27899,1.27772,1.27896,4344
2022-08-11 08:00:00,1.27896,1.27916,1.2757,1.27588,8292
2022-08-11 12:00:00,1.27588,1.27763,1.27567,1.2759800000000001,9913
2022-08-11 16:00:00,1.27603,1.27704,1.27276,1.27377,16313
2022-08-11 20:00:00,1.27377,1.2776,1.27333,1.27604,8876
2022-08-12 00:00:00,1.27618,1.2772000000000001,1.27584,1.2766600000000001,2881
2022-08-12 04:00:00,1.27665,1.27687,1.27482,1.27536,4289
2022-08-12 08:00:00,1.2753700000000001,1.27558,1.2739099999999999,1.27556,7764
2022-08-12 12:00:00,1.27557,1.27896,1.2751299999999999,1.27826,9425
2022-08-12 16:00:00,1.27824,1.28026,1.27768,1.27808,15778
2022-08-12 20:00:00,1.27805,1.27823,1.2768,1.27725,4901
2022-08-15 00:00:00,1.27685,1.2781500000000001,1.27683,1.27745,2632
2022-08-15 04:00:00,1.27745,1.27964,1.27721,1.27961,4461
2022-08-15 08:00:00,1.2796,1.2870300000000001,1.27928,1.28702,7536
2022-08-15 12:00:00,1.287,1.29338,1.28699,1.2921,11242
2022-08-15 16:00:00,1.29207,1.29335,1.28871,1.28955,10939
2022-08-15 20:00:00,1.2895400000000001,1.29146,1.28877,1.29035,4799
2022-08-16 00:00:00,1.29016,1.29215,1.28962,1.29187,2655
2022-08-16 04:00:00,1.29187,1.29187,1.2892299999999999,1.28938,5186
2022-08-16 08:00:00,1.28935,1.2928600000000001,1.28884,1.29029,8818
2022-08-16 12:00:00,1.29028,1.292,1.28806,1.28873,9902
2022-08-16 16:00:00,1.28873,1.28934,1.28545,1.28626,13314
2022-08-16 20:00:00,1.28626,1.28651,1.28309,1.2845,7008
2022-08-17 00:00:00,1.2845,1.28509,1.28377,1.28464,2833
2022-08-17 04:00:00,1.28467,1.2859,1.28357,1.28383,5829
2022-08-17 08:00:00,1.28383,1.28827,1.28273,1.28769,9081
2022-08-17 12:00:00,1.2876699999999999,1.29184,1.28694,1.2912,10763
2022-08-17 16:00:00,1.29126,1.29364,1.28993,1.29169,15637
2022-08-17 20:00:00,1.29166,1.29185,1.2878,1.2912,11071
2022-08-18 00:00:00,1.29062,1.2922799999999999,1.29053,1.29209,2870
2022-08-18 04:00:00,1.29211,1.29287,1.2913700000000001,1.2922500000000001,5133
2022-08-18 08:00:00,1.2923,1.29464,1.29043,1.29085,9071
2022-08-18 12:00:00,1.29085,1.29093,1.28805,1.2892299999999999,10277
2022-08-18 16:00:00,1.28921,1.29627,1.2886,1.29617,14660
2022-08-18 20:00:00,1.29617,1.29666,1.2929300000000001,1.29454,7228
2022-08-19 00:00:00,1.29441,1.2962799999999999,1.29423,1.29599,2891
2022-08-19 04:00:00,1.29599,1.29667,1.29468,1.29611,4885
2022-08-19 08:00:00,1.29613,1.2981,1.29571,1.29751,8673
2022-08-19 12:00:00,1.2974999999999999,1.30036,1.29712,1.2978,9576
2022-08-19 16:00:00,1.2978399999999999,1.3008899999999999,1.29708,1.2982,12188
2022-08-19 20:00:00,1.29819,1.29989,1.29803,1.2993000000000001,5479
2022-08-22 00:00:00,1.29857,1.30051,1.29857,1.3002799999999999,2824
2022-08-22 04:00:00,1.3003,1.30035,1.29855,1.29895,5183
2022-08-22 08:00:00,1.29898,1.30189,1.2988,1.29951,8942
2022-08-22 12:00:00,1.29952,1.30027,1.29712,1.29925,9222
2022-08-22 16:00:00,1.29926,1.3048600000000001,1.29925,1.3045499999999999,13324
2022-08-22 20:00:00,1.30454,1.30606,1.30422,1.30542,6098
2022-08-23 00:00:00,1.30529,1.30549,1.30365,1.3050899999999999,3379
2022-08-23 04:00:00,1.30512,1.3051300000000001,1.30246,1.30347,4590
2022-08-23 08:00:00,1.30349,1.30631,1.30057,1.30172,10266
2022-08-23 12:00:00,1.30172,1.30352,1.30126,1.30256,8941
2022-08-23 16:00:00,1.30257,1.30305,1.29334,1.2947899999999999,17965
2022-08-23 20:00:00,1.29478,1.29675,1.29456,1.29539,7402
2022-08-24 00:00:00,1.29532,1.29724,1.29524,1.29709,2608
2022-08-24 04:00:00,1.29708,1.29861,1.29638,1.29733,5092
2022-08-24 08:00:00,1.2973,1.29847,1.29604,1.2962799999999999,8319
2022-08-24 12:00:00,1.29629,1.30128,1.29563,1.30077,10570
2022-08-24 16:00:00,1.30074,1.3018399999999999,1.29588,1.29806,15878
2022-08-24 20:00:00,1.29804,1.2983500000000001,1.29607,1.2968199999999999,5741
2022-08-25 00:00:00,1.2964,1.29757,1.2955,1.29583,2684
2022-08-25 04:00:00,1.29584,1.2962500000000001,1.29353,1.29389,4781
2022-08-25 08:00:00,1.29389,1.29485,1.28999,1.29005,9332
2022-08-25 12:00:00,1.29006,1.29474,1.28949,1.29358,9315
2022-08-25 16:00:00,1.29364,1.29568,1.29115,1.29422,14011
2022-08-25 20:00:00,1.2941799999999999,1.2944499999999999,1.29236,1.29253,5835
2022-08-26 00:00:00,1.2925900000000001,1.29552,1.29212,1.29527,2504
2022-08-26 04:00:00,1.29526,1.2955999999999999,1.2943799999999999,1.29555,3961
2022-08-26 08:00:00,1.29556,1.2959,1.29439,1.29502,6434
2022-08-26 12:00:00,1.29502,1.29531,1.29148,1.29154,8535
2022-08-26 16:00:00,1.29154,1.30277,1.29039,1.30203,20756
2022-08-26 20:00:00,1.30206,1.3042799999999999,1.30156,1.30414,7075
2022-08-29 00:00:00,1.30298,1.30684,1.3029600000000001,1.30625,5018
2022-08-29 04:00:00,1.30624,1.30732,1.3051,1.30705,5645
2022-08-29 08:00:00,1.30704,1.30758,1.30591,1.30754,8831
2022-08-29 12:00:00,1.30755,1.30755,1.30103,1.30218,9184
2022-08-29 16:00:00,1.30217,1.3029600000000001,1.29904,1.29966,13256
2022-08-29 20:00:00,1.29966,1.30124,1.29923,1.3011300000000001,6821
2022-08-30 00:00:00,1.30068,1.30151,1.30008,1.30061,2510
2022-08-30 04:00:00,1.30063,1.30252,1.2996699999999999,1.3008,5781
2022-08-30 08:00:00,1.30081,1.30142,1.29718,1.29752,9361
2022-08-30 12:00:00,1.29753,1.30197,1.29719,1.30196,9244
2022-08-30 16:00:00,1.30195,1.31073,1.30109,1.31007,19946
2022-08-30 20:00:00,1.3100800000000001,1.31081,1.30887,1.30923,8958
2022-08-31 00:00:00,1.3091300000000001,1.30945,1.30815,1.30885,2880
2022-08-31 04:00:00,1.3088600000000001,1.30966,1.3067199999999999,1.30702,5231
2022-08-31 08:00:00,1.30702,1.31084,1.3063,1.31067,9630
2022-08-31 12:00:00,1.3107,1.31315,1.3097699999999999,1.31118,11822
2022-08-31 16:00:00,1.31119,1.31406,1.3072599999999999,1.3094299999999999,19255
2022-08-31 20:00:00,1.30944,1.31379,1.30936,1.31356,9976
2022-09-01 00:00:00,1.31268,1.31668,1.31202,1.31599,3956
2022-09-01 04:00:00,1.31598,1.3171300000000001,1.31498,1.31647,5801
2022-09-01 08:00:00,1.3164799999999999,1.31944,1.31524,1.31924,10321
2022-09-01 12:00:00,1.31924,1.31924,1.31514,1.3158699999999999,10316
2022-09-01 16:00:00,1.31582,1.32078,1.31534,1.31691,18538
2022-09-01 20:00:00,1.31691,1.31707,1.31405,1.31541,9854
2022-09-02 00:00:00,1.31572,1.31593,1.314,1.31478,2816
2022-09-02 04:00:00,1.31478,1.31633,1.31453,1.31539,4419
2022-09-02 08:00:00,1.3154,1.31697,1.31336,1.3139,7533
2022-09-02 12:00:00,1.3139,1.31567,1.31128,1.31277,10648
2022-09-02 16:00:00,1.3127900000000001,1.31393,1.30745,1.31303,20340
2022-09-02 20:00:00,1.31304,1.31484,1.3119,1.31257,9980
2022-09-05 00:00:00,1.31284,1.3153000000000001,1.31272,1.31481,4050
2022-09-05 04:00:00,1.3148,1.3162099999999999,1.31384,1.31498,7201
2022-09-05 08:00:00,1.31501,1.31735,1.31429,1.31644,8971
2022-09-05 12:00:00,1.31644,1.31654,1.31375,1.31402,8842
2022-09-05 16:00:00,1.31398,1.31456,1.31292,1.31366,5994
2022-09-05 20:00:00,1.3136700000000001,1.3147,1.31352,1.31422,884
2022-09-06 00:00:00,1.31396,1.31455,1.30962,1.3098,3594
2022-09-06 04:00:00,1.3097699999999999,1.31242,1.3096999999999999,1.31229,5798
2022-09-06 08:00:00,1.31229,1.3131300000000001,1.3101,1.31198,9331
2022-09-06 12:00:00,1.31197,1.31423,1.3112300000000001,1.31344,8784
2022-09-06 16:00:00,1.31342,1.31702,1.31137,1.3140399999999999,18679
2022-09-06 20:00:00,1.3140399999999999,1.31592,1.314,1.31504,9610
2022-09-07 00:00:00,1.31534,1.318,1.3148900000000001,1.31747,3755
2022-09-07 04:00:00,1.31748,1.31999,1.31748,1.31845,8547
2022-09-07 08:00:00,1.31842,1.32054,1.3164500000000001,1.31744,10086
2022-09-07 12:00:00,1.31744,1.31982,1.31502,1.31907,11415
2022-09-07 16:00:00,1.31909,1.32087,1.31556,1.31566,18279
2022-09-07 20:00:00,1.31567,1.31579,1.31103,1.31195,9392
2022-09-08 00:00:00,1.3119,1.3136700000000001,1.31104,1.31348,2665
2022-09-08 04:00:00,1.3134700000000001,1.31383,1.3121399999999999,1.31251,6892
2022-09-08 08:00:00,1.3125,1.31481,1.3105,1.31341,8863
2022-09-08 12:00:00,1.31342,1.3149899999999999,1.31093,1.31483,11147
2022-09-08 16:00:00,1.3148900000000001,1.31593,1.3109199999999999,1.31132,19209
2022-09-08 20:00:00,1.31129,1.31171,1.30771,1.30892,10177
2022-09-09 00:00:00,1.30919,1.30939,1.30517,1.30552,2617
2022-09-09 04:00:00,1.30556,1.30645,1.30226,1.30232,5732
2022-09-09 08:00:00,1.3023500000000001,1.30368,1.29861,1.2990599999999999,8815
2022-09-09 12:00:00,1.29905,1.30401,1.29817,1.30274,10527
2022-09-09 16:00:00,1.30281,1.3054700000000001,1.30232,1.30274,16384
2022-09-09 20:00:00,1.30274,1.30377,1.3020800000000001,1.30212,6158
2022-09-12 00:00:00,1.30406,1.3041800000000001,1.30172,1.302,2715
2022-09-12 04:00:00,1.302,1.30363,1.30115,1.30338,2934
2022-09-12 08:00:00,1.30338,1.30339,1.29779,1.29807,8674
2022-09-12 12:00:00,1.2980800000000001,1.30066,1.29801,1.29878,8828
2022-09-12 16:00:00,1.29884,1.29921,1.29638,1.29706,13107
2022-09-12 20:00:00,1.29709,1.29907,1.29636,1.29821,6244
2022-09-13 00:00:00,1.29843,1.29888,1.29748,1.29805,2462
2022-09-13 04:00:00,1.29809,1.29934,1.29792,1.29905,3629
2022-09-13 08:00:00,1.29905,1.29939,1.2969300000000001,1.29744,6677
2022-09-13 12:00:00,1.29746,1.30747,1.29536,1.30717,11089
2022-09-13 16:00:00,1.30718,1.31392,1.30617,1.31348,18741
2022-09-13 20:00:00,1.31355,1.31742,1.3122099999999999,1.31731,9438
2022-09-14 00:00:00,1.31582,1.31812,1.31555,1.3168,3772
2022-09-14 04:00:00,1.31681,1.31771,1.3157,1.3162,6135
2022-09-14 08:00:00,1.31619,1.31943,1.31478,1.31642,10185
2022-09-14 12:00:00,1.31641,1.32059,1.3152,1.31824,11318
2022-09-14 16:00:00,1.31824,1.31904,1.31387,1.31464,15699
2022-09-14 20:00:00,1.3146200000000001,1.3189899999999999,1.31415,1.31676,8855
2022-09-15 00:00:00,1.31637,1.31702,1.31532,1.31664,2619
2022-09-15 04:00:00,1.31665,1.31752,1.31541,1.317,5354
2022-09-15 08:00:00,1.317,1.31842,1.3155299999999999,1.31575,8302
2022-09-15 12:00:00,1.31573,1.3191899999999999,1.3157,1.31724,10318
2022-09-15 16:00:00,1.31731,1.3213599999999999,1.31669,1.31992,17932
2022-09-15 20:00:00,1.3199100000000001,1.3225,1.3182,1.3223,6116
2022-09-16 00:00:00,1.32269,1.32516,1.32268,1.32396,2831
2022-09-16 04:00:00,1.32396,1.32469,1.32281,1.32396,4643
2022-09-16 08:00:00,1.32396,1.32951,1.32395,1.32882,7299
2022-09-16 12:00:00,1.32881,1.3307,1.32636,1.33067,8735
2022-09-16 16:00:00,1.33067,1.33074,1.32618,1.32783,19843
2022-09-16 20:00:00,1.3278400000000001,1.32998,1.32659,1.32671,9553
2022-09-19 00:00:00,1.32603,1.32773,1.3249900000000001,1.32581,2935
2022-09-19 04:00:00,1.32589,1.32907,1.32557,1.32796,4555
2022-09-19 08:00:00,1.32796,1.33185,1.32795,1.33181,7126
2022-09-19 12:00:00,1.33183,1.33239,1.3296000000000001,1.33136,9355
2022-09-19 16:00:00,1.33136,1.33438,1.3271,1.32774,17302
2022-09-19 20:00:00,1.32773,1.32857,1.32452,1.3250899999999999,8922
2022-09-20 00:00:00,1.3249900000000001,1.32532,1.32271,1.32501,3303
2022-09-20 04:00:00,1.32501,1.32622,1.32444,1.3254000000000001,4066
2022-09-20 08:00:00,1.32541,1.32887,1.3239,1.3284,8151
2022-09-20 12:00:00,1.3284,1.33243,1.3274,1.33203,9549
2022-09-20 16:00:00,1.33209,1.33537,1.3312,1.33434,14318
2022-09-20 20:00:00,1.33437,1.3375,1.33422,1.33689,5630
2022-09-21 00:00:00,1.33612,1.33716,1.33574,1.33684,3427
2022-09-21 04:00:00,1.33682,1.33762,1.3362,1.33756,6643
2022-09-21 08:00:00,1.33752,1.33938,1.33588,1.3386,12430
2022-09-21 12:00:00,1.33863,1.33934,1.33596,1.3385,9367
2022-09-21 16:00:00,1.3384800000000001,1.34091,1.3373300000000001,1.33987,14276
2022-09-21 20:00:00,1.33987,1.34671,1.33575,1.3465799999999999,17360
2022-09-22 00:00:00,1.34626,1.35144,1.34543,1.3513,4398
2022-09-22 04:00:00,1.35129,1.35325,1.34973,1.35015,8417
2022-09-22 08:00:00,1.35015,1.3544100000000001,1.34146,1.34427,13580
2022-09-22 12:00:00,1.34426,1.34875,1.34089,1.34256,14871
2022-09-22 16:00:00,1.34261,1.35128,1.3425099999999999,1.34849,20012
2022-09-22 20:00:00,1.3485,1.35,1.34592,1.3488,9090
2022-09-23 00:00:00,1.3486099999999999,1.34883,1.34677,1.3472,2602
2022-09-23 04:00:00,1.34723,1.34967,1.34684,1.34932,5535
2022-09-23 08:00:00,1.34931,1.3533,1.34762,1.35294,10164
2022-09-23 12:00:00,1.35294,1.35514,1.35006,1.3526,15547
2022-09-23 16:00:00,1.35263,1.35885,1.3514300000000001,1.35736,17910
2022-09-23 20:00:00,1.35735,1.3612,1.35683,1.35947,12096
2022-09-26 00:00:00,1.3599,1.3623,1.3569,1.36057,6607
2022-09-26 04:00:00,1.36051,1.36376,1.3559,1.36328,11711
2022-09-26 08:00:00,1.36333,1.36384,1.35673,1.35891,15183
2022-09-26 12:00:00,1.35888,1.36959,1.3584100000000001,1.36326,16500
2022-09-26 16:00:00,1.36325,1.3808,1.36237,1.375,21302
2022-09-26 20:00:00,1.375,1.37971,1.37218,1.3738000000000001,13728
2022-09-27 00:00:00,1.3729,1.37413,1.36866,1.36874,6011
2022-09-27 04:00:00,1.36872,1.37093,1.36795,1.36923,12766
2022-09-27 08:00:00,1.36923,1.3697,1.36396,1.3695599999999999,15268
2022-09-27 12:00:00,1.36957,1.37199,1.3670499999999999,1.3719700000000001,14356
2022-09-27 16:00:00,1.37195,1.37755,1.36728,1.37621,22796
2022-09-27 20:00:00,1.37628,1.37701,1.37073,1.37266,12582
2022-09-28 00:00:00,1.37243,1.37429,1.37145,1.37394,4513
2022-09-28 04:00:00,1.37394,1.37875,1.37343,1.3772,9737
2022-09-28 08:00:00,1.3772,1.38008,1.37581,1.37924,17083
2022-09-28 12:00:00,1.37921,1.38326,1.37086,1.37113,22483
2022-09-28 16:00:00,1.37124,1.37347,1.36206,1.36385,23512
2022-09-28 20:00:00,1.3638,1.36411,1.36026,1.3603,10660
2022-09-29 00:00:00,1.36047,1.36531,1.3604,1.36501,4721
2022-09-29 04:00:00,1.36503,1.36708,1.36345,1.36544,7455
2022-09-29 08:00:00,1.36542,1.37555,1.36532,1.37331,17602
2022-09-29 12:00:00,1.37334,1.37334,1.3657,1.37107,20467
2022-09-29 16:00:00,1.37108,1.37553,1.36558,1.3707799999999999,23157
2022-09-29 20:00:00,1.37079,1.37368,1.36841,1.36878,12585
2022-09-30 00:00:00,1.36796,1.36909,1.36659,1.36782,5581
2022-09-30 04:00:00,1.36783,1.37236,1.36757,1.37184,9617
2022-09-30 08:00:00,1.37184,1.3719000000000001,1.36582,1.36684,15791
2022-09-30 12:00:00,1.36661,1.37503,1.36657,1.3727,17661
2022-09-30 16:00:00,1.37269,1.37855,1.36874,1.37847,21395
2022-09-30 20:00:00,1.37845,1.38352,1.37777,1.38347,12285
2022-10-03 00:00:00,1.38128,1.3824100000000001,1.3778000000000001,1.37965,6654
2022-10-03 04:00:00,1.37961,1.37962,1.37363,1.37711,9429
2022-10-03 08:00:00,1.3771499999999999,1.37859,1.37304,1.37501,15722
2022-10-03 12:00:00,1.375,1.37832,1.36933,1.37064,14857
2022-10-03 16:00:00,1.37059,1.37119,1.3634,1.36479,20582
2022-10-03 20:00:00,1.36478,1.36606,1.36204,1.36245,9580
2022-10-04 00:00:00,1.36236,1.36428,1.36204,1.36348,5628
2022-10-04 04:00:00,1.36348,1.36529,1.35968,1.36074,9803
2022-10-04 08:00:00,1.36079,1.36221,1.35679,1.3615599999999999,15207
2022-10-04 12:00:00,1.36155,1.36643,1.3611,1.3643,16182
2022-10-04 16:00:00,1.36432,1.36552,1.3522,1.35594,18423
2022-10-04 20:00:00,1.3559,1.3566099999999999,1.3503,1.3508499999999999,11030
2022-10-05 00:00:00,1.35192,1.35308,1.3504,1.35239,4389
2022-10-05 04:00:00,1.35239,1.3543,1.35086,1.35361,9221
2022-10-05 08:00:00,1.35361,1.3584399999999999,1.35033,1.35651,12570
2022-10-05 12:00:00,1.3565,1.36311,1.3562,1.36177,14402
2022-10-05 16:00:00,1.36179,1.36957,1.36045,1.3647,19582
2022-10-05 20:00:00,1.36468,1.36501,1.36021,1.36063,7248
2022-10-06 00:00:00,1.36171,1.3620999999999999,1.35798,1.35934,5110
2022-10-06 04:00:00,1.3593600000000001,1.36075,1.35644,1.35694,8793
2022-10-06 08:00:00,1.3569200000000001,1.36555,1.35671,1.3654,14735
2022-10-06 12:00:00,1.36539,1.3685100000000001,1.36394,1.3674,15127
2022-10-06 16:00:00,1.36744,1.37449,1.36725,1.37334,22064
2022-10-06 20:00:00,1.37333,1.37551,1.3728,1.3747500000000001,12124
2022-10-07 00:00:00,1.3742,1.37506,1.37381,1.3746,4558
2022-10-07 04:00:00,1.37458,1.37496,1.37243,1.37492,7066
2022-10-07 08:00:00,1.37492,1.37603,1.37154,1.37246,12577
2022-10-07 12:00:00,1.37243,1.37605,1.37035,1.37338,13804
2022-10-07 16:00:00,1.3734,1.37445,1.36756,1.37074,23193
2022-10-07 20:00:00,1.37074,1.3753600000000001,1.36996,1.37401,10692
2022-10-10 00:00:00,1.37272,1.37541,1.37187,1.3732,6495
2022-10-10 04:00:00,1.3732,1.37425,1.37161,1.37321,7977
2022-10-10 08:00:00,1.37323,1.37614,1.37265,1.37459,18586
2022-10-10 12:00:00,1.37459,1.37461,1.37027,1.37065,21410
2022-10-10 16:00:00,1.37065,1.37723,1.37032,1.3772199999999999,25839
2022-10-10 20:00:00,1.37724,1.37819,1.37418,1.37785,14966
2022-10-11 00:00:00,1.37733,1.37951,1.37705,1.37767,5747
2022-10-11 04:00:00,1.37771,1.38496,1.37687,1.38449,13677
2022-10-11 08:00:00,1.3845100000000001,1.3854899999999999,1.38159,1.38392,25640
2022-10-11 12:00:00,1.38385,1.38501,1.3759700000000001,1.37763,25480
2022-10-11 16:00:00,1.3776,1.38389,1.3714,1.37369,36098
2022-10-11 20:00:00,1.3737,1.38225,1.3725399999999999,1.37944,24836
2022-10-12 00:00:00,1.37949,1.38094,1.37808,1.37894,6833
2022-10-12 04:00:00,1.37894,1.3829799999999999,1.3783400000000001,1.38032,13484
2022-10-12 08:00:00,1.38033,1.38239,1.3774899999999999,1.37924,27350
2022-10-12 12:00:00,1.3792499999999999,1.3826800000000001,1.37599,1.38073,23231
2022-10-12 16:00:00,1.38071,1.38307,1.37694,1.38066,32324
2022-10-12 20:00:00,1.38066,1.38254,1.37741,1.38191,19919
2022-10-13 00:00:00,1.38056,1.3822999999999999,1.38002,1.38071,4218
2022-10-13 04:00:00,1.38071,1.3824100000000001,1.38045,1.38209,6367
2022-10-13 08:00:00,1.3820700000000001,1.38365,1.38041,1.38053,15826
2022-10-13 12:00:00,1.38057,1.39776,1.37772,1.39228,27647
2022-10-13 16:00:00,1.39233,1.39698,1.37328,1.37591,54883
2022-10-13 20:00:00,1.37589,1.37632,1.3706800000000001,1.3750200000000001,20816
2022-10-14 00:00:00,1.37493,1.37691,1.37429,1.37644,5770
2022-10-14 04:00:00,1.37645,1.37645,1.3709500000000001,1.37244,12443
2022-10-14 08:00:00,1.37249,1.37923,1.37036,1.37863,25159
2022-10-14 12:00:00,1.37863,1.38266,1.3737599999999999,1.37453,29805
2022-10-14 16:00:00,1.37454,1.38901,1.37414,1.3881700000000001,47591
2022-10-14 20:00:00,1.3881700000000001,1.3898,1.38713,1.388,21544
2022-10-17 00:00:00,1.38723,1.3878599999999999,1.38402,1.38548,6804
2022-10-17 04:00:00,1.3854600000000001,1.38589,1.3820999999999999,1.38339,9918
2022-10-17 08:00:00,1.38337,1.38421,1.38011,1.38272,25020
2022-10-17 12:00:00,1.3827,1.38287,1.37534,1.37573,22433
2022-10-17 16:00:00,1.37578,1.37604,1.3700700000000001,1.3712,28982
2022-10-17 20:00:00,1.37119,1.3736,1.36986,1.3714,16411
2022-10-18 00:00:00,1.37117,1.37199,1.3703,1.37164,6273
2022-10-18 04:00:00,1.37165,1.37368,1.36572,1.36706,11983
2022-10-18 08:00:00,1.3670499999999999,1.37517,1.36633,1.37517,21643
2022-10-18 12:00:00,1.37517,1.37792,1.36989,1.3705,24162
2022-10-18 16:00:00,1.37045,1.3810799999999999,1.36933,1.37805,34460
2022-10-18 20:00:00,1.3780700000000001,1.3799299999999999,1.37318,1.37353,21482
2022-10-19 00:00:00,1.37345,1.37408,1.37181,1.3727800000000001,6812
2022-10-19 04:00:00,1.37282,1.37531,1.37188,1.37488,8330
2022-10-19 08:00:00,1.37489,1.37852,1.3744100000000001,1.37669,16998
2022-10-19 12:00:00,1.37669,1.38001,1.37241,1.37633,21079
2022-10-19 16:00:00,1.37633,1.38089,1.37399,1.37924,31061
2022-10-19 20:00:00,1.37926,1.38095,1.37594,1.37639,16330
2022-10-20 00:00:00,1.3759000000000001,1.37826,1.37582,1.37731,5721
2022-10-20 04:00:00,1.37731,1.38065,1.37634,1.37731,13886
2022-10-20 08:00:00,1.37731,1.37794,1.37442,1.37645,20845
2022-10-20 12:00:00,1.37644,1.37644,1.3696,1.37273,23780
2022-10-20 16:00:00,1.37269,1.37363,1.36505,1.37229,35208
2022-10-20 20:00:00,1.37229,1.37884,1.37212,1.37675,23901
2022-10-21 00:00:00,1.3764,1.37904,1.37607,1.37799,7180
2022-10-21 04:00:00,1.37795,1.37967,1.37686,1.37808,11360
2022-10-21 08:00:00,1.3780999999999999,1.38305,1.37659,1.38221,16426
2022-10-21 12:00:00,1.38218,1.38544,1.3793,1.38023,23136
2022-10-21 16:00:00,1.38029,1.38056,1.36548,1.36662,60703
2022-10-21 20:00:00,1.36661,1.36811,1.36295,1.36459,17186
2022-10-24 00:00:00,1.36283,1.36749,1.3606099999999999,1.36691,19253
2022-10-24 04:00:00,1.36689,1.36961,1.36624,1.36792,15054
2022-10-24 08:00:00,1.36795,1.37463,1.36713,1.373,25689
2022-10-24 12:00:00,1.37299,1.37542,1.36833,1.37157,26325
2022-10-24 16:00:00,1.37155,1.37741,1.36869,1.3716,41124
2022-10-24 20:00:00,1.37158,1.37433,1.37039,1.3706,13237
2022-10-25 00:00:00,1.3704399999999999,1.37097,1.36789,1.36873,6882
2022-10-25 04:00:00,1.36878,1.3715899999999999,1.36801,1.37046,14417
2022-10-25 08:00:00,1.37047,1.37225,1.36937,1.3719000000000001,17218
2022-10-25 12:00:00,1.3719000000000001,1.3747500000000001,1.37043,1.37063,18341
2022-10-25 16:00:00,1.3706,1.37091,1.36039,1.36358,30494
2022-10-25 20:00:00,1.36357,1.3643100000000001,1.36011,1.36067,13797
2022-10-26 00:00:00,1.36037,1.3639000000000001,1.36037,1.36356,7048
2022-10-26 04:00:00,1.36358,1.3638,1.35953,1.36028,11860
2022-10-26 08:00:00,1.3602699999999999,1.36108,1.35172,1.3519700000000001,20186
2022-10-26 12:00:00,1.35196,1.35739,1.35076,1.35655,23053
2022-10-26 16:00:00,1.35655,1.36506,1.3532899999999999,1.35617,34887
2022-10-26 20:00:00,1.35619,1.35804,1.35469,1.3553,20129
2022-10-27 00:00:00,1.3556599999999999,1.35691,1.35439,1.35664,6966
2022-10-27 04:00:00,1.35664,1.358,1.3545099999999999,1.35483,12737
2022-10-27 08:00:00,1.35476,1.3593,1.35382,1.35786,20358
2022-10-27 12:00:00,1.35785,1.36264,1.3576,1.35813,27061
2022-10-27 16:00:00,1.35805,1.35971,1.34949,1.35397,40622
2022-10-27 20:00:00,1.35395,1.35793,1.35181,1.35667,18993
2022-10-28 00:00:00,1.35591,1.35694,1.35552,1.35613,6432
2022-10-28 04:00:00,1.35612,1.35623,1.35248,1.35347,14752
2022-10-28 08:00:00,1.35348,1.36163,1.3533,1.36069,17434
2022-10-28 12:00:00,1.36055,1.363,1.3582,1.3617,21116
2022-10-28 16:00:00,1.36169,1.36346,1.359,1.36221,31023
2022-10-28 20:00:00,1.3622,1.3627,1.36012,1.36054,8398
2022-10-31 00:00:00,1.35956,1.36222,1.3595,1.36155,5403
2022-10-31 04:00:00,1.3615599999999999,1.36296,1.36068,1.3615599999999999,8409
2022-10-31 08:00:00,1.36155,1.36589,1.36112,1.36467,11231
2022-10-31 12:00:00,1.36468,1.36802,1.36299,1.36758,15917
2022-10-31 16:00:00,1.3676,1.36852,1.3627,1.36438,26902
2022-10-31 20:00:00,1.36438,1.36531,1.36168,1.36202,14062
2022-11-01 00:00:00,1.36167,1.36257,1.36104,1.3615300000000001,3780
2022-11-01 04:00:00,1.36154,1.36203,1.35773,1.35836,9814
2022-11-01 08:00:00,1.3584,1.35852,1.35415,1.35551,15461
2022-11-01 12:00:00,1.3555,1.3574,1.35302,1.35443,14802
2022-11-01 16:00:00,1.35443,1.36686,1.35343,1.36533,35439
2022-11-01 20:00:00,1.36532,1.36559,1.3615599999999999,1.36333,10962
2022-11-02 00:00:00,1.36333,1.36357,1.36114,1.36169,5892
2022-11-02 04:00:00,1.3617,1.36205,1.35904,1.36045,10619
2022-11-02 08:00:00,1.36039,1.36134,1.3587500000000001,1.35917,11493
2022-11-02 12:00:00,1.35918,1.36301,1.35863,1.36017,15601
2022-11-02 16:00:00,1.36015,1.36499,1.3593,1.36354,22523
2022-11-02 20:00:00,1.36355,1.37128,1.3548200000000001,1.37128,34804
2022-11-03 00:00:00,1.37091,1.37244,1.3689200000000001,1.3707099999999999,5837
2022-11-03 04:00:00,1.3707500000000001,1.3709799999999999,1.36825,1.3689,9553
2022-11-03 08:00:00,1.3689,1.37596,1.3685,1.3755600000000001,15840
2022-11-03 12:00:00,1.37555,1.38049,1.37451,1.3795,24837
2022-11-03 16:00:00,1.37952,1.38082,1.3715899999999999,1.37307,38783
2022-11-03 20:00:00,1.37305,1.37496,1.37211,1.37462,13859
2022-11-04 00:00:00,1.37462,1.37511,1.37206,1.37391,4059
2022-11-04 04:00:00,1.37391,1.37439,1.36719,1.3672900000000001,10857
2022-11-04 08:00:00,1.36724,1.36746,1.36384,1.3651499999999999,18357
2022-11-04 12:00:00,1.3651499999999999,1.36578,1.35125,1.35205,24662
2022-11-04 16:00:00,1.35209,1.35714,1.34689,1.35153,43356
2022-11-04 20:00:00,1.35153,1.3519999999999999,1.34713,1.3480699999999999,20300
2022-11-07 00:00:00,1.35307,1.35446,1.34979,1.35274,11871
2022-11-07 04:00:00,1.35271,1.35393,1.35076,1.35267,12604
2022-11-07 08:00:00,1.3526799999999999,1.35528,1.34656,1.34889,20853
2022-11-07 12:00:00,1.34891,1.34981,1.3465099999999999,1.34859,21058
2022-11-07 16:00:00,1.3485800000000001,1.35271,1.34795,1.34964,28379
2022-11-07 20:00:00,1.34964,1.35007,1.34828,1.34909,11537
2022-11-08 00:00:00,1.34933,1.35042,1.34755,1.35005,7374
2022-11-08 04:00:00,1.35003,1.3526799999999999,1.34973,1.35209,9439
2022-11-08 08:00:00,1.35214,1.3526799999999999,1.34965,1.34972,15925
2022-11-08 12:00:00,1.34971,1.35056,1.34799,1.34952,17024
2022-11-08 16:00:00,1.34951,1.35074,1.33874,1.33992,26935
2022-11-08 20:00:00,1.33992,1.3474300000000001,1.33951,1.34272,21104
2022-11-09 00:00:00,1.34264,1.34478,1.34135,1.34453,11216
2022-11-09 04:00:00,1.34453,1.34496,1.34213,1.34447,15459
2022-11-09 08:00:00,1.34447,1.34559,1.3413,1.34474,21604
2022-11-09 12:00:00,1.3446799999999999,1.34668,1.34292,1.34477,21479
2022-11-09 16:00:00,1.34475,1.34936,1.34107,1.3474300000000001,33469
2022-11-09 20:00:00,1.34741,1.35416,1.34689,1.35247,22218
2022-11-10 00:00:00,1.35284,1.35332,1.35153,1.3529499999999999,7917
2022-11-10 04:00:00,1.35296,1.35481,1.3523100000000001,1.35302,11830
2022-11-10 08:00:00,1.35301,1.35617,1.35106,1.35399,20841
2022-11-10 12:00:00,1.35396,1.35711,1.33688,1.34009,26059
2022-11-10 16:00:00,1.34009,1.34229,1.33332,1.33947,40140
2022-11-10 20:00:00,1.33948,1.3395299999999999,1.33084,1.33198,19048
2022-11-11 00:00:00,1.33193,1.33609,1.33163,1.3355299999999999,11321
2022-11-11 04:00:00,1.3355299999999999,1.33558,1.33027,1.33048,14651
2022-11-11 08:00:00,1.3305,1.3324500000000001,1.3284099999999999,1.32999,26719
2022-11-11 12:00:00,1.32999,1.33176,1.3262800000000001,1.3265500000000001,25850
2022-11-11 16:00:00,1.32654,1.33049,1.32565,1.32646,30961
2022-11-11 20:00:00,1.32645,1.3265500000000001,1.32358,1.32515,14996
2022-11-14 00:00:00,1.32757,1.33066,1.3239,1.32623,16312
2022-11-14 04:00:00,1.32617,1.32819,1.3247,1.32813,15372
2022-11-14 08:00:00,1.3281100000000001,1.32939,1.32485,1.32831,20681
2022-11-14 12:00:00,1.32836,1.33044,1.32727,1.3283800000000001,19703
2022-11-14 16:00:00,1.32836,1.33095,1.32616,1.32981,29142
2022-11-14 20:00:00,1.32981,1.33145,1.32827,1.33135,14019
2022-11-15 00:00:00,1.33103,1.3326,1.33044,1.3316,7258
2022-11-15 04:00:00,1.33161,1.3320699999999999,1.32925,1.32941,9711
2022-11-15 08:00:00,1.32943,1.32964,1.3250199999999999,1.3274599999999999,19848
2022-11-15 12:00:00,1.3274,1.33038,1.32259,1.32585,25132
2022-11-15 16:00:00,1.32583,1.3336299999999999,1.32526,1.32736,39222
2022-11-15 20:00:00,1.32736,1.3328,1.3264,1.32775,33897
2022-11-16 00:00:00,1.32771,1.33039,1.3268499999999999,1.32951,14242
2022-11-16 04:00:00,1.32949,1.33061,1.32713,1.32737,19725
2022-11-16 08:00:00,1.32738,1.32808,1.32301,1.32396,23670
2022-11-16 12:00:00,1.32393,1.3281,1.32278,1.3268900000000001,22553
2022-11-16 16:00:00,1.32687,1.33467,1.32671,1.33195,31255
2022-11-16 20:00:00,1.33195,1.3339699999999999,1.33169,1.33301,17219
2022-11-17 00:00:00,1.33239,1.3353,1.33201,1.33479,6912
2022-11-17 04:00:00,1.3348,1.33616,1.33408,1.33518,11164
2022-11-17 08:00:00,1.3351899999999999,1.3357700000000001,1.33047,1.33467,17143
2022-11-17 12:00:00,1.33464,1.3401,1.3343,1.3391600000000001,23292
2022-11-17 16:00:00,1.33921,1.33972,1.33227,1.33304,24222
2022-11-17 20:00:00,1.33305,1.33392,1.3321100000000001,1.33249,13184
2022-11-18 00:00:00,1.33217,1.33301,1.3306,1.33142,6104
2022-11-18 04:00:00,1.33142,1.33259,1.3300100000000001,1.33167,11179
2022-11-18 08:00:00,1.33167,1.33476,1.33109,1.3338999999999999,17180
2022-11-18 12:00:00,1.3338999999999999,1.33636,1.33162,1.33633,17706
2022-11-18 16:00:00,1.33633,1.34089,1.33619,1.34042,22729
2022-11-18 20:00:00,1.34042,1.34069,1.33784,1.339,9528
2022-11-21 00:00:00,1.3377,1.34172,1.33738,1.34078,6925
2022-11-21 04:00:00,1.34079,1.34238,1.3404099999999999,1.3412,9622
2022-11-21 08:00:00,1.34121,1.34418,1.34067,1.34387,17371
2022-11-21 12:00:00,1.34386,1.3443399999999999,1.34171,1.34301,15609
2022-11-21 16:00:00,1.34301,1.3495,1.34168,1.34503,23782
2022-11-21 20:00:00,1.34504,1.34559,1.3431,1.3452600000000001,12627
2022-11-22 00:00:00,1.34453,1.34541,1.342,1.34283,7498
2022-11-22 04:00:00,1.34284,1.34378,1.34242,1.34322,9355
2022-11-22 08:00:00,1.34323,1.3443800000000001,1.33942,1.34035,17670
2022-11-22 12:00:00,1.34035,1.341,1.3385099999999999,1.3406,14751
2022-11-22 16:00:00,1.34062,1.34184,1.3382800000000001,1.33876,19148
2022-11-22 20:00:00,1.33881,1.33923,1.33649,1.3369,7257
2022-11-23 00:00:00,1.33707,1.33785,1.33567,1.3373,5088
2022-11-23 04:00:00,1.33731,1.33957,1.33711,1.33951,5667
2022-11-23 08:00:00,1.33948,1.33956,1.3363,1.3387,11977
2022-11-23 12:00:00,1.3387,1.34403,1.33866,1.34119,14701
2022-11-23 16:00:00,1.34121,1.34213,1.33642,1.34052,28514
2022-11-23 20:00:00,1.34051,1.34081,1.33447,1.33545,18509
2022-11-24 00:00:00,1.33529,1.33548,1.3336999999999999,1.3342100000000001,5676
2022-11-24 04:00:00,1.33418,1.33457,1.3328,1.3345500000000001,7425
2022-11-24 08:00:00,1.33456,1.33619,1.3333,1.33478,12025
2022-11-24 12:00:00,1.33478,1.33585,1.33364,1.33467,13018
2022-11-24 16:00:00,1.33468,1.33513,1.33164,1.33372,10050
2022-11-24 20:00:00,1.33372,1.33427,1.33334,1.33369,2085
2022-11-25 00:00:00,1.33369,1.33494,1.33334,1.33401,5115
2022-11-25 04:00:00,1.33402,1.3341,1.3317,1.3325,6968
2022-11-25 08:00:00,1.3325,1.33698,1.3324799999999999,1.33635,12947
2022-11-25 12:00:00,1.3363800000000001,1.33857,1.33372,1.33847,12153
2022-11-25 16:00:00,1.33847,1.33984,1.33633,1.33811,15551
2022-11-25 20:00:00,1.33812,1.33878,1.3368,1.3376000000000001,8449
2022-11-28 00:00:00,1.33891,1.34734,1.3389,1.34646,8961
2022-11-28 04:00:00,1.34644,1.34687,1.34345,1.34576,11499
2022-11-28 08:00:00,1.34575,1.34593,1.34271,1.3444099999999999,17785
2022-11-28 12:00:00,1.3444099999999999,1.34535,1.34131,1.3444,16847
2022-11-28 16:00:00,1.3444,1.34676,1.3421699999999999,1.34452,25548
2022-11-28 20:00:00,1.34451,1.3504800000000001,1.34415,1.34938,11947
2022-11-29 00:00:00,1.34908,1.34958,1.34601,1.34611,8185
2022-11-29 04:00:00,1.3461,1.34662,1.34237,1.34311,9980
2022-11-29 08:00:00,1.3430900000000001,1.34626,1.34083,1.34543,20427
2022-11-29 12:00:00,1.34542,1.3557000000000001,1.34381,1.35504,21232
2022-11-29 16:00:00,1.3550499999999999,1.36456,1.35367,1.35962,30295
2022-11-29 20:00:00,1.35964,1.3604,1.35689,1.358,12901
2022-11-30 00:00:00,1.35774,1.35935,1.35712,1.35803,7922
2022-11-30 04:00:00,1.35805,1.35861,1.35622,1.3575599999999999,7932
2022-11-30 08:00:00,1.35757,1.3577,1.35284,1.35305,14838
2022-11-30 12:00:00,1.35302,1.35486,1.34962,1.35222,17024
2022-11-30 16:00:00,1.35222,1.35781,1.34889,1.35341,28617
2022-11-30 20:00:00,1.35347,1.3566500000000001,1.34256,1.34318,29836
2022-12-01 00:00:00,1.34205,1.34277,1.3402,1.34165,12208
2022-12-01 04:00:00,1.34165,1.3427,1.33949,1.33983,11874
2022-12-01 08:00:00,1.33983,1.34359,1.3395000000000001,1.3424,18555
2022-12-01 12:00:00,1.34241,1.34508,1.3406,1.34317,18778
2022-12-01 16:00:00,1.3431899999999999,1.34666,1.3407,1.34151,33317
2022-12-01 20:00:00,1.3415300000000001,1.34708,1.34053,1.34292,15648
2022-12-02 00:00:00,1.34287,1.3452600000000001,1.34204,1.3445,6824
2022-12-02 04:00:00,1.34449,1.34519,1.34308,1.34383,8963
2022-12-02 08:00:00,1.34382,1.34532,1.34204,1.34341,16631
2022-12-02 12:00:00,1.3434,1.35212,1.3422100000000001,1.34795,20470
2022-12-02 16:00:00,1.34792,1.34894,1.34426,1.34735,30675
2022-12-02 20:00:00,1.34734,1.34944,1.34539,1.34634,11074
2022-12-05 00:00:00,1.34613,1.34737,1.34067,1.34096,8688
2022-12-05 04:00:00,1.34096,1.34175,1.3385,1.34047,7047
2022-12-05 08:00:00,1.34046,1.34475,1.34045,1.34183,15501
2022-12-05 12:00:00,1.34181,1.34392,1.3394300000000001,1.34231,17035
2022-12-05 16:00:00,1.3423,1.35852,1.3422,1.35774,29889
2022-12-05 20:00:00,1.35773,1.3605,1.35683,1.35877,12984
2022-12-06 00:00:00,1.35889,1.3594,1.35705,1.35818,7266
2022-12-06 04:00:00,1.35818,1.35999,1.35707,1.35849,9645
2022-12-06 08:00:00,1.35849,1.36195,1.3580999999999999,1.3608,16890
2022-12-06 12:00:00,1.36083,1.36416,1.36029,1.36259,13848
2022-12-06 16:00:00,1.36256,1.36727,1.36135,1.3656,24722
2022-12-06 20:00:00,1.36559,1.36756,1.36469,1.36494,11502
2022-12-07 00:00:00,1.3654600000000001,1.36586,1.36408,1.36428,6521
2022-12-07 04:00:00,1.36429,1.36559,1.36311,1.36499,9431
2022-12-07 08:00:00,1.36496,1.36999,1.36478,1.36895,17079
2022-12-07 12:00:00,1.36894,1.36988,1.36337,1.36405,18466
2022-12-07 16:00:00,1.36405,1.36584,1.3587799999999999,1.36326,33481
2022-12-07 20:00:00,1.36328,1.36613,1.36201,1.36532,12386
2022-12-08 00:00:00,1.3647,1.3688799999999999,1.36378,1.3675899999999999,7608
2022-12-08 04:00:00,1.3675899999999999,1.3688799999999999,1.36699,1.36746,6944
2022-12-08 08:00:00,1.36749,1.36863,1.36466,1.36745,13199
2022-12-08 12:00:00,1.36746,1.3675,1.3572,1.35793,15216
2022-12-08 16:00:00,1.35794,1.3606099999999999,1.3561,1.35731,25313
2022-12-08 20:00:00,1.35731,1.35951,1.35621,1.35928,13331
2022-12-09 00:00:00,1.3592,1.36062,1.3568799999999999,1.35731,6454
2022-12-09 04:00:00,1.3573,1.35942,1.35706,1.35918,10246
2022-12-09 08:00:00,1.3592,1.36419,1.3584,1.3637299999999999,12802
2022-12-09 12:00:00,1.3637000000000001,1.36911,1.3603399999999999,1.3646099999999999,16838
2022-12-09 16:00:00,1.3646099999999999,1.3660999999999999,1.36015,1.36233,27512
2022-12-09 20:00:00,1.36234,1.36506,1.36176,1.36471,9418
2022-12-12 00:00:00,1.3630900000000001,1.36747,1.36265,1.36682,7015
2022-12-12 04:00:00,1.36686,1.36742,1.36514,1.36528,6137
2022-12-12 08:00:00,1.36532,1.36685,1.3636,1.36605,11812
2022-12-12 12:00:00,1.36605,1.3677000000000001,1.36502,1.36691,10222
2022-12-12 16:00:00,1.3669,1.36829,1.36316,1.36535,19412
2022-12-12 20:00:00,1.36533,1.36643,1.36182,1.36333,12428
2022-12-13 00:00:00,1.36327,1.36369,1.36232,1.363,6485
2022-12-13 04:00:00,1.36301,1.36437,1.36124,1.36188,9347
2022-12-13 08:00:00,1.36188,1.36259,1.36029,1.3623,12511
2022-12-13 12:00:00,1.36228,1.3632900000000001,1.35216,1.35418,21578
2022-12-13 16:00:00,1.35415,1.35651,1.35228,1.35456,40828
2022-12-13 20:00:00,1.35455,1.3563,1.35228,1.35439,18951
2022-12-14 00:00:00,1.3543,1.35698,1.35366,1.35596,7381
2022-12-14 04:00:00,1.35595,1.35739,1.35595,1.35682,5995
2022-12-14 08:00:00,1.35683,1.3568799999999999,1.35314,1.35378,17710
2022-12-14 12:00:00,1.35374,1.35793,1.353,1.35709,14287
2022-12-14 16:00:00,1.35712,1.35845,1.35504,1.35569,21425
2022-12-14 20:00:00,1.35568,1.36123,1.35181,1.35442,40507
2022-12-15 00:00:00,1.35393,1.3571,1.3538299999999999,1.35651,5915
2022-12-15 04:00:00,1.35651,1.35737,1.35545,1.35596,6450
2022-12-15 08:00:00,1.3559700000000001,1.35896,1.35548,1.35739,15299
2022-12-15 12:00:00,1.35739,1.36321,1.35654,1.3625099999999999,17333
2022-12-15 16:00:00,1.36258,1.36652,1.35894,1.3664,33788
2022-12-15 20:00:00,1.36635,1.3674,1.36459,1.36648,17300
2022-12-16 00:00:00,1.36593,1.36623,1.36347,1.36383,9434
2022-12-16 04:00:00,1.36385,1.36414,1.36174,1.36298,11528
2022-12-16 08:00:00,1.36298,1.36724,1.36182,1.36703,15200
2022-12-16 12:00:00,1.36704,1.36876,1.36417,1.36747,16432
2022-12-16 16:00:00,1.36745,1.3705,1.36518,1.3703699999999999,28504
2022-12-16 20:00:00,1.3703699999999999,1.37048,1.36811,1.3695300000000001,14107
2022-12-19 00:00:00,1.36788,1.36901,1.36448,1.36506,9663
2022-12-19 04:00:00,1.36507,1.36789,1.3645399999999999,1.36753,8853
2022-12-19 08:00:00,1.36753,1.3675899999999999,1.36294,1.36463,14907
2022-12-19 12:00:00,1.36462,1.36633,1.36353,1.36548,12426
2022-12-19 16:00:00,1.36547,1.3694600000000001,1.3623,1.36322,22899
2022-12-19 20:00:00,1.36321,1.36696,1.36283,1.36507,12806
2022-12-20 00:00:00,1.36445,1.36568,1.36321,1.36343,6932
2022-12-20 04:00:00,1.36343,1.37042,1.36147,1.3685100000000001,24263
2022-12-20 08:00:00,1.3685100000000001,1.36943,1.36131,1.36147,24996
2022-12-20 12:00:00,1.3614899999999999,1.36398,1.36049,1.3632900000000001,18798
2022-12-20 16:00:00,1.3632900000000001,1.36584,1.35798,1.36266,30058
2022-12-20 20:00:00,1.36266,1.36307,1.36047,1.36087,11424
2022-12-21 00:00:00,1.3604,1.36121,1.3589,1.36046,9710
2022-12-21 04:00:00,1.36045,1.3620999999999999,1.3593600000000001,1.36041,10511
2022-12-21 08:00:00,1.3604,1.36256,1.3601,1.3618700000000001,18325
2022-12-21 12:00:00,1.3618700000000001,1.36378,1.3594,1.36032,18080
2022-12-21 16:00:00,1.36032,1.3637299999999999,1.35946,1.36072,22977
2022-12-21 20:00:00,1.3607,1.3620999999999999,1.35892,1.36107,11881
2022-12-22 00:00:00,1.36047,1.36197,1.35957,1.3597299999999999,7808
2022-12-22 04:00:00,1.35976,1.36007,1.3581400000000001,1.35897,8458
2022-12-22 08:00:00,1.35898,1.3594300000000001,1.35707,1.35879,10834
2022-12-22 12:00:00,1.35879,1.36392,1.35879,1.36356,16535
2022-12-22 16:00:00,1.36356,1.36757,1.3622,1.36748,24323
2022-12-22 20:00:00,1.3675,1.36845,1.3637000000000001,1.36475,15245
2022-12-23 00:00:00,1.36561,1.36592,1.36349,1.3636,7704
2022-12-23 04:00:00,1.36356,1.36374,1.3624,1.3635,7428
2022-12-23 08:00:00,1.3635,1.36355,1.3603100000000001,1.36054,11949
2022-12-23 12:00:00,1.36054,1.36125,1.3575,1.3597000000000001,13428
2022-12-23 16:00:00,1.35971,1.3647,1.35626,1.3584,27312
2022-12-23 20:00:00,1.3584100000000001,1.36103,1.35771,1.35919,11802
2022-12-27 00:00:00,1.35786,1.35796,1.35484,1.35492,6723
2022-12-27 04:00:00,1.35492,1.3568500000000001,1.3547799999999999,1.35513,6451
2022-12-27 08:00:00,1.35513,1.35541,1.35272,1.35278,8364
2022-12-27 12:00:00,1.35278,1.35473,1.35061,1.35212,9243
2022-12-27 16:00:00,1.35213,1.35254,1.3484,1.34964,17778
2022-12-27 20:00:00,1.34964,1.35393,1.34935,1.35226,9487
2022-12-28 00:00:00,1.35134,1.35397,1.35029,1.35304,7952
2022-12-28 04:00:00,1.35303,1.35371,1.3524,1.35307,7855
2022-12-28 08:00:00,1.35306,1.354,1.35099,1.35374,12320
2022-12-28 12:00:00,1.3537,1.35392,1.34853,1.35121,11800
2022-12-28 16:00:00,1.3512,1.35993,1.3493,1.35728,22750
2022-12-28 20:00:00,1.35727,1.3611900000000001,1.3562699999999999,1.3606,13523
2022-12-29 00:00:00,1.3603,1.36044,1.3588,1.35969,6327
2022-12-29 04:00:00,1.35971,1.3597299999999999,1.35779,1.35853,6843
2022-12-29 08:00:00,1.3585,1.3608500000000001,1.35822,1.35866,9528
2022-12-29 12:00:00,1.35868,1.36042,1.35701,1.3572,11868
2022-12-29 16:00:00,1.3571900000000001,1.35835,1.35397,1.35468,19991
2022-12-29 20:00:00,1.35469,1.35621,1.35379,1.35463,8106
2022-12-30 00:00:00,1.35515,1.35589,1.35418,1.3550200000000001,4660
2022-12-30 04:00:00,1.35501,1.35596,1.35423,1.35483,6818
2022-12-30 08:00:00,1.3548499999999999,1.35628,1.35267,1.3548,10786
2022-12-30 12:00:00,1.35484,1.35545,1.35137,1.3538999999999999,14311
2022-12-30 16:00:00,1.35391,1.35815,1.3526799999999999,1.35296,28077
2022-12-30 20:00:00,1.35293,1.35679,1.35254,1.35513,16243
2023-01-02 00:00:00,1.35486,1.35516,1.35236,1.3525800000000001,484
2023-01-02 04:00:00,1.35288,1.35571,1.35242,1.35438,489
2023-01-02 08:00:00,1.35472,1.35644,1.35332,1.35584,13537
2023-01-02 12:00:00,1.35586,1.35796,1.35559,1.35751,27205
2023-01-02 16:00:00,1.3575,1.35795,1.3562699999999999,1.35686,6336
2023-01-02 20:00:00,1.35684,1.35834,1.3563,1.35672,625
2023-01-03 00:00:00,1.3566799999999999,1.3618700000000001,1.3554599999999999,1.36102,11320
2023-01-03 04:00:00,1.3609499999999999,1.36189,1.35411,1.3562,11163
2023-01-03 08:00:00,1.35621,1.36377,1.35225,1.36135,22953
2023-01-03 12:00:00,1.36136,1.36781,1.36132,1.36679,16887
2023-01-03 16:00:00,1.36679,1.3679700000000001,1.36016,1.36666,31647
2023-01-03 20:00:00,1.36665,1.36849,1.36559,1.3667500000000001,15735
2023-01-04 00:00:00,1.3666,1.36801,1.36399,1.36414,7758
2023-01-04 04:00:00,1.36411,1.36497,1.36266,1.3646099999999999,8073
2023-01-04 08:00:00,1.3646,1.3658000000000001,1.35425,1.35562,19237
2023-01-04 12:00:00,1.35561,1.35577,1.35137,1.35138,18580
2023-01-04 16:00:00,1.3514,1.35577,1.34762,1.3487,33433
2023-01-04 20:00:00,1.34871,1.3513600000000001,1.34755,1.34765,20566
2023-01-05 00:00:00,1.34771,1.34939,1.34702,1.34867,7991
2023-01-05 04:00:00,1.3487,1.35165,1.3487,1.34968,10152
2023-01-05 08:00:00,1.34966,1.35269,1.34891,1.35049,15563
2023-01-05 12:00:00,1.3504800000000001,1.35382,1.34887,1.35348,19967
2023-01-05 16:00:00,1.35347,1.35951,1.35314,1.35793,35601
2023-01-05 20:00:00,1.35795,1.3583,1.35508,1.35698,17780
2023-01-06 00:00:00,1.35671,1.35706,1.35463,1.3553,6130
2023-01-06 04:00:00,1.35531,1.35778,1.35376,1.35718,8552
2023-01-06 08:00:00,1.3571900000000001,1.36284,1.35629,1.36154,16117
2023-01-06 12:00:00,1.3615300000000001,1.3664399999999999,1.35391,1.35403,24422
2023-01-06 16:00:00,1.35404,1.3566799999999999,1.3439999999999999,1.34432,36680
2023-01-06 20:00:00,1.34436,1.34521,1.34332,1.34435,12622
2023-01-09 00:00:00,1.3440400000000001,1.3444,1.34149,1.34164,9278
2023-01-09 04:00:00,1.34166,1.34179,1.33951,1.33992,8608
2023-01-09 08:00:00,1.33993,1.34191,1.3384,1.33917,19066
2023-01-09 12:00:00,1.33915,1.33994,1.3357,1.3376299999999999,17744
2023-01-09 16:00:00,1.33761,1.34155,1.33585,1.33685,23182
2023-01-09 20:00:00,1.33684,1.3394,1.33646,1.33887,13712
2023-01-10 00:00:00,1.33839,1.3406,1.33762,1.33783,8020
2023-01-10 04:00:00,1.33784,1.341,1.3376000000000001,1.33806,11083
2023-01-10 08:00:00,1.33803,1.34057,1.33761,1.3383,17379
2023-01-10 12:00:00,1.3383,1.34279,1.33791,1.34044,15591
2023-01-10 16:00:00,1.34043,1.34454,1.33816,1.34358,33230
2023-01-10 20:00:00,1.34359,1.34388,1.34167,1.34242,10271
2023-01-11 00:00:00,1.34244,1.34418,1.34097,1.34348,7773
2023-01-11 04:00:00,1.34349,1.34401,1.34119,1.34226,7335
2023-01-11 08:00:00,1.34227,1.3435000000000001,1.34111,1.34218,12587
2023-01-11 12:00:00,1.34215,1.34451,1.34124,1.34134,12297
2023-01-11 16:00:00,1.3413,1.3441,1.34042,1.34338,20949
2023-01-11 20:00:00,1.34336,1.34351,1.34146,1.34237,9624
2023-01-12 00:00:00,1.34223,1.34376,1.34168,1.34262,8350
2023-01-12 04:00:00,1.3426,1.3432,1.34212,1.34295,8367
2023-01-12 08:00:00,1.34295,1.34485,1.342,1.34238,12515
2023-01-12 12:00:00,1.3424,1.34588,1.33476,1.3354300000000001,23363
2023-01-12 16:00:00,1.33542,1.3443,1.33515,1.33542,42575
2023-01-12 20:00:00,1.33542,1.33701,1.3345,1.33663,17218
2023-01-13 00:00:00,1.33598,1.33917,1.33502,1.33791,9064
2023-01-13 04:00:00,1.3378999999999999,1.33959,1.33775,1.33883,6612
2023-01-13 08:00:00,1.33881,1.3390900000000001,1.33213,1.33474,14850
2023-01-13 12:00:00,1.33473,1.34311,1.3336700000000001,1.3427,20157
2023-01-13 16:00:00,1.34269,1.34394,1.33928,1.33998,28593
2023-01-13 20:00:00,1.33997,1.3409900000000001,1.33862,1.33929,8972
2023-01-16 00:00:00,1.33822,1.3400699999999999,1.33603,1.33616,9406
2023-01-16 04:00:00,1.33615,1.33717,1.33524,1.33673,8596
2023-01-16 08:00:00,1.33673,1.34181,1.33653,1.33942,14839
2023-01-16 12:00:00,1.33942,1.34028,1.33768,1.33963,10440
2023-01-16 16:00:00,1.33966,1.34006,1.33862,1.33908,9582
2023-01-16 20:00:00,1.33908,1.34158,1.3388900000000001,1.34081,2607
2023-01-17 00:00:00,1.3401399999999999,1.34114,1.33932,1.34056,6843
2023-01-17 04:00:00,1.34056,1.34218,1.33934,1.34062,8795
2023-01-17 08:00:00,1.34061,1.34284,1.33955,1.34269,14319
2023-01-17 12:00:00,1.34267,1.34369,1.33954,1.34086,18409
2023-01-17 16:00:00,1.34081,1.34081,1.33689,1.33945,27927
2023-01-17 20:00:00,1.33948,1.34024,1.33709,1.33881,10103
2023-01-18 00:00:00,1.3388900000000001,1.33969,1.33827,1.33876,5244
2023-01-18 04:00:00,1.33876,1.3409200000000001,1.33751,1.33777,15062
2023-01-18 08:00:00,1.33775,1.33823,1.33504,1.33581,21728
2023-01-18 12:00:00,1.33579,1.33939,1.33552,1.339,19439
2023-01-18 16:00:00,1.33902,1.34818,1.33648,1.34768,36857
2023-01-18 20:00:00,1.34764,1.35002,1.3472,1.3489499999999999,13649
2023-01-19 00:00:00,1.34867,1.35182,1.3481,1.35103,7072
2023-01-19 04:00:00,1.351,1.35129,1.3490199999999999,1.35007,8223
2023-01-19 08:00:00,1.35006,1.35203,1.34896,1.35134,13725
2023-01-19 12:00:00,1.35134,1.35196,1.34759,1.34765,17554
2023-01-19 16:00:00,1.34766,1.34967,1.34536,1.34666,24547
2023-01-19 20:00:00,1.34667,1.34765,1.34464,1.3465099999999999,12990
2023-01-20 00:00:00,1.34627,1.3467500000000001,1.34484,1.3453,4747
2023-01-20 04:00:00,1.3452899999999999,1.34702,1.34454,1.34599,5743
2023-01-20 08:00:00,1.34598,1.34765,1.34418,1.34684,13055
2023-01-20 12:00:00,1.3468499999999999,1.34848,1.34613,1.34742,15599
2023-01-20 16:00:00,1.3474300000000001,1.34972,1.3403399999999999,1.3406500000000001,20671
2023-01-20 20:00:00,1.3406500000000001,1.3419400000000001,1.33732,1.33805,10079
2023-01-23 00:00:00,1.33774,1.33816,1.33555,1.3367499999999999,4958
2023-01-23 04:00:00,1.3368,1.33798,1.33662,1.3378700000000001,5709
2023-01-23 08:00:00,1.33789,1.33842,1.3342,1.3351600000000001,16875
2023-01-23 12:00:00,1.33515,1.34008,1.33499,1.33959,13913
2023-01-23 16:00:00,1.3396,1.34176,1.33697,1.3376299999999999,25683
2023-01-23 20:00:00,1.33765,1.33949,1.33654,1.33671,11997
2023-01-24 00:00:00,1.33669,1.33737,1.33521,1.3354599999999999,5732
2023-01-24 04:00:00,1.33542,1.3369,1.33506,1.336,4899
2023-01-24 08:00:00,1.33601,1.33799,1.33464,1.33684,12933
2023-01-24 12:00:00,1.33684,1.3392,1.33517,1.33819,12800
2023-01-24 16:00:00,1.3382,1.34138,1.33535,1.33612,27014
2023-01-24 20:00:00,1.3361,1.33749,1.33537,1.33656,9589
2023-01-25 00:00:00,1.33602,1.33802,1.33602,1.33637,8192
2023-01-25 04:00:00,1.3363399999999999,1.33637,1.33478,1.33575,6073
2023-01-25 08:00:00,1.33576,1.33778,1.33432,1.33761,13137
2023-01-25 12:00:00,1.33765,1.33845,1.33637,1.33676,11799
2023-01-25 16:00:00,1.3367499999999999,1.34283,1.3339699999999999,1.34101,28057
2023-01-25 20:00:00,1.3410199999999999,1.3410199999999999,1.33761,1.33877,12429
2023-01-26 00:00:00,1.33867,1.34077,1.33802,1.3399,5486
2023-01-26 04:00:00,1.33993,1.34053,1.33932,1.33934,6976
2023-01-26 08:00:00,1.33937,1.34079,1.3370199999999999,1.34022,12714
2023-01-26 12:00:00,1.34022,1.34037,1.33488,1.33552,13228
2023-01-26 16:00:00,1.33552,1.33732,1.3303,1.33583,27432
2023-01-26 20:00:00,1.33583,1.33618,1.33194,1.33198,9144
2023-01-27 00:00:00,1.33212,1.33259,1.33125,1.33209,4089
2023-01-27 04:00:00,1.33203,1.33432,1.33201,1.33348,4605
2023-01-27 08:00:00,1.33346,1.33465,1.3316,1.33174,9888
2023-01-27 12:00:00,1.33174,1.33291,1.33071,1.33288,10672
2023-01-27 16:00:00,1.33288,1.3342100000000001,1.33006,1.33037,21083
2023-01-27 20:00:00,1.33041,1.3315299999999999,1.33004,1.33086,7704
2023-01-30 00:00:00,1.3305,1.33164,1.32995,1.33084,4910
2023-01-30 04:00:00,1.33087,1.33304,1.33084,1.33296,7298
2023-01-30 08:00:00,1.33297,1.33533,1.33251,1.33298,12252
2023-01-30 12:00:00,1.33296,1.3348499999999999,1.33155,1.33446,11459
2023-01-30 16:00:00,1.33446,1.3365,1.3322,1.3359,24025
2023-01-30 20:00:00,1.33589,1.3389199999999999,1.33566,1.33864,12029
2023-01-31 00:00:00,1.33783,1.33925,1.33701,1.33838,5314
2023-01-31 04:00:00,1.33839,1.34205,1.33835,1.34193,6430
2023-01-31 08:00:00,1.3419400000000001,1.34569,1.3406,1.34463,11379
2023-01-31 12:00:00,1.34462,1.3471600000000001,1.34064,1.3409200000000001,15128
2023-01-31 16:00:00,1.34091,1.34188,1.33127,1.33218,26260
2023-01-31 20:00:00,1.33218,1.33232,1.32987,1.33012,9197
2023-02-01 00:00:00,1.3306499999999999,1.33128,1.32984,1.33086,4037
2023-02-01 04:00:00,1.33086,1.3324799999999999,1.33046,1.33247,4619
2023-02-01 08:00:00,1.3324500000000001,1.3324799999999999,1.32884,1.33081,9752
2023-02-01 12:00:00,1.3308,1.33182,1.32954,1.33108,13040
2023-02-01 16:00:00,1.33108,1.33476,1.32918,1.3345099999999999,23538
2023-02-01 20:00:00,1.3345799999999999,1.3379699999999999,1.3266200000000001,1.32885,34478
2023-02-02 00:00:00,1.32858,1.32921,1.32632,1.32834,8272
2023-02-02 04:00:00,1.32836,1.32897,1.32744,1.32864,6488
2023-02-02 08:00:00,1.32863,1.32934,1.32619,1.32795,12437
2023-02-02 12:00:00,1.32796,1.33061,1.32698,1.32932,19576
2023-02-02 16:00:00,1.32932,1.33472,1.32832,1.33182,32742
2023-02-02 20:00:00,1.3317999999999999,1.33304,1.3303,1.33138,18167
2023-02-03 00:00:00,1.33135,1.3326799999999999,1.3311600000000001,1.33252,5814
2023-02-03 04:00:00,1.33253,1.334,1.33209,1.3327200000000001,7461
2023-02-03 08:00:00,1.3327200000000001,1.33742,1.33223,1.33469,13012
2023-02-03 12:00:00,1.33469,1.34214,1.33423,1.34097,19261
2023-02-03 16:00:00,1.34098,1.34257,1.33518,1.33931,38363
2023-02-03 20:00:00,1.33934,1.34091,1.33837,1.3404,16606
2023-02-06 00:00:00,1.34116,1.34201,1.33981,1.3407200000000001,6909
2023-02-06 04:00:00,1.3407,1.34106,1.3397000000000001,1.33983,7281
2023-02-06 08:00:00,1.33982,1.34371,1.33962,1.34357,13112
2023-02-06 12:00:00,1.34359,1.34471,1.34122,1.34291,14971
2023-02-06 16:00:00,1.34292,1.34754,1.34242,1.34452,25822
2023-02-06 20:00:00,1.34454,1.34516,1.34243,1.3446500000000001,11743
2023-02-07 00:00:00,1.3444099999999999,1.34475,1.34219,1.34245,4846
2023-02-07 04:00:00,1.34239,1.34314,1.34008,1.34211,6750
2023-02-07 08:00:00,1.3421,1.34432,1.3405,1.34115,14312
2023-02-07 12:00:00,1.34115,1.34543,1.3407200000000001,1.34475,13719
2023-02-07 16:00:00,1.3448,1.34687,1.33841,1.33895,26560
2023-02-07 20:00:00,1.33896,1.34591,1.3379400000000001,1.33965,30685
2023-02-08 00:00:00,1.33845,1.34035,1.33845,1.33998,5220
2023-02-08 04:00:00,1.33999,1.34073,1.33898,1.33926,6556
2023-02-08 08:00:00,1.33927,1.33975,1.33597,1.33689,12960
2023-02-08 12:00:00,1.33689,1.3416299999999999,1.33646,1.34089,10619
2023-02-08 16:00:00,1.34088,1.3444099999999999,1.34052,1.34304,26133
2023-02-08 20:00:00,1.34303,1.34504,1.34211,1.34477,12551
2023-02-09 00:00:00,1.34394,1.34593,1.34379,1.3449499999999999,4539
2023-02-09 04:00:00,1.34494,1.34494,1.34296,1.34341,5532
2023-02-09 08:00:00,1.3434,1.34351,1.34005,1.3404099999999999,11579
2023-02-09 12:00:00,1.3404,1.34124,1.33724,1.33783,10646
2023-02-09 16:00:00,1.33781,1.34558,1.33724,1.3446500000000001,21757
2023-02-09 20:00:00,1.34466,1.3463,1.3441100000000001,1.34539,12838
2023-02-10 00:00:00,1.34464,1.34602,1.34427,1.34539,4559
2023-02-10 04:00:00,1.34538,1.34721,1.34521,1.34579,6812
2023-02-10 08:00:00,1.34578,1.34582,1.34132,1.34369,18574
2023-02-10 12:00:00,1.34369,1.34538,1.33613,1.3376299999999999,15817
2023-02-10 16:00:00,1.3376299999999999,1.33817,1.33448,1.33608,29451
2023-02-10 20:00:00,1.3360699999999999,1.33651,1.33378,1.33433,9994
2023-02-13 00:00:00,1.33435,1.33796,1.33408,1.33622,5213
2023-02-13 04:00:00,1.33622,1.3378999999999999,1.33591,1.33731,7107
2023-02-13 08:00:00,1.33732,1.33738,1.3351600000000001,1.33648,12938
2023-02-13 12:00:00,1.33648,1.33716,1.3325,1.33575,10882
2023-02-13 16:00:00,1.33575,1.33724,1.33263,1.33331,17636
2023-02-13 20:00:00,1.33331,1.3342399999999999,1.3326,1.33323,8150
2023-02-14 00:00:00,1.33317,1.33535,1.33317,1.33473,3955
2023-02-14 04:00:00,1.33473,1.33525,1.3329900000000001,1.33364,4888
2023-02-14 08:00:00,1.3336299999999999,1.33495,1.33271,1.33355,10597
2023-02-14 12:00:00,1.33355,1.33749,1.32736,1.3324799999999999,20907
2023-02-14 16:00:00,1.33246,1.33903,1.33047,1.33517,41822
2023-02-14 20:00:00,1.33517,1.33623,1.33339,1.33371,12990
2023-02-15 00:00:00,1.33361,1.33472,1.33304,1.33454,6506
2023-02-15 04:00:00,1.3345500000000001,1.3367499999999999,1.33447,1.33631,6477
2023-02-15 08:00:00,1.3363399999999999,1.34024,1.33601,1.3395299999999999,15121
2023-02-15 12:00:00,1.3395299999999999,1.34333,1.33907,1.34218,17763
2023-02-15 16:00:00,1.3422,1.34401,1.33934,1.34227,26698
2023-02-15 20:00:00,1.34225,1.34299,1.3387,1.33934,8761
2023-02-16 00:00:00,1.33841,1.34076,1.33773,1.3382,7075
2023-02-16 04:00:00,1.33823,1.33864,1.3370600000000001,1.3382800000000001,5536
2023-02-16 08:00:00,1.33829,1.33952,1.3357299999999999,1.33802,11913
2023-02-16 12:00:00,1.33807,1.3432,1.33717,1.34223,14513
2023-02-16 16:00:00,1.3422399999999999,1.34795,1.3415,1.3432,27014
2023-02-16 20:00:00,1.34322,1.34608,1.34228,1.34565,11675
2023-02-17 00:00:00,1.3447200000000001,1.34828,1.34443,1.34796,5294
2023-02-17 04:00:00,1.3479700000000001,1.3489499999999999,1.34772,1.34867,5244
2023-02-17 08:00:00,1.34866,1.35223,1.34839,1.35041,12412
2023-02-17 12:00:00,1.35039,1.35372,1.34893,1.34975,14938
2023-02-17 16:00:00,1.34976,1.35226,1.34686,1.3485,25416
2023-02-17 20:00:00,1.34851,1.34912,1.34665,1.34745,10180
2023-02-20 00:00:00,1.34756,1.34945,1.34637,1.34871,5045
2023-02-20 04:00:00,1.34872,1.3489200000000001,1.34674,1.34679,6206
2023-02-20 08:00:00,1.3468,1.3473899999999999,1.34558,1.34649,9381
2023-02-20 12:00:00,1.34649,1.3470900000000001,1.34498,1.34539,9199
2023-02-20 16:00:00,1.3454,1.34589,1.34412,1.3451,6402
2023-02-20 20:00:00,1.34508,1.34549,1.34496,1.34538,2517
2023-02-21 00:00:00,1.34457,1.34806,1.34427,1.3471600000000001,4916
2023-02-21 04:00:00,1.34717,1.34781,1.34627,1.34677,5917
2023-02-21 08:00:00,1.34677,1.34921,1.34413,1.3454,16108
2023-02-21 12:00:00,1.34536,1.35013,1.34442,1.34965,15665
2023-02-21 16:00:00,1.34965,1.35307,1.34878,1.35192,27026
2023-02-21 20:00:00,1.35196,1.35489,1.35154,1.3538299999999999,11156
2023-02-22 00:00:00,1.3529900000000001,1.3544399999999999,1.3526799999999999,1.35404,5779
2023-02-22 04:00:00,1.35403,1.35468,1.353,1.3543,5866
2023-02-22 08:00:00,1.3543,1.35601,1.35293,1.35525,11737
2023-02-22 12:00:00,1.35524,1.35592,1.35142,1.3531900000000001,11574
2023-02-22 16:00:00,1.35321,1.35587,1.3524,1.353,19107
2023-02-22 20:00:00,1.35301,1.3568,1.35221,1.35506,17599
2023-02-23 00:00:00,1.35468,1.35522,1.35247,1.35267,4611
2023-02-23 04:00:00,1.35266,1.35313,1.35175,1.35264,4457
2023-02-23 08:00:00,1.35263,1.3544100000000001,1.35194,1.35404,9686
2023-02-23 12:00:00,1.35404,1.35519,1.35223,1.35465,12120
2023-02-23 16:00:00,1.35465,1.35811,1.35158,1.35643,23358
2023-02-23 20:00:00,1.35643,1.35681,1.35346,1.3547500000000001,9539
2023-02-24 00:00:00,1.3544100000000001,1.35471,1.35269,1.35375,6726
2023-02-24 04:00:00,1.35376,1.35461,1.35269,1.35443,5792
2023-02-24 08:00:00,1.35442,1.3578299999999999,1.3542,1.35682,10005
2023-02-24 12:00:00,1.35686,1.36282,1.3563100000000001,1.36262,15576
2023-02-24 16:00:00,1.36261,1.36652,1.3607,1.36161,32667
2023-02-24 20:00:00,1.3616,1.36289,1.35968,1.36066,13351
2023-02-27 00:00:00,1.36078,1.36091,1.35922,1.3593600000000001,6348
2023-02-27 04:00:00,1.35941,1.36223,1.35925,1.36212,6390
2023-02-27 08:00:00,1.36211,1.36242,1.35869,1.35967,12003
2023-02-27 12:00:00,1.35967,1.36083,1.35579,1.3568,12109
2023-02-27 16:00:00,1.35679,1.35884,1.35336,1.35703,20118
2023-02-27 20:00:00,1.357,1.35827,1.35655,1.35741,9198
2023-02-28 00:00:00,1.35743,1.35804,1.35648,1.35789,3593
2023-02-28 04:00:00,1.35788,1.35924,1.35712,1.35892,5266
2023-02-28 08:00:00,1.35895,1.3605800000000001,1.35766,1.35893,11606
2023-02-28 12:00:00,1.35893,1.35913,1.35606,1.35852,11091
2023-02-28 16:00:00,1.3585,1.36193,1.3575,1.36165,26408
2023-02-28 20:00:00,1.36165,1.3648,1.36112,1.36463,8659
2023-03-01 00:00:00,1.3637000000000001,1.36591,1.36307,1.36335,6989
2023-03-01 04:00:00,1.3633600000000001,1.36377,1.36143,1.36195,8454
2023-03-01 08:00:00,1.36194,1.36209,1.35901,1.36044,16816
2023-03-01 12:00:00,1.36045,1.36313,1.35842,1.3631199999999999,15634
2023-03-01 16:00:00,1.3631199999999999,1.36534,1.35937,1.35994,29673
2023-03-01 20:00:00,1.3599700000000001,1.36173,1.35901,1.3591199999999999,9111
2023-03-02 00:00:00,1.35898,1.36264,1.35822,1.36097,5620
2023-03-02 04:00:00,1.36097,1.36218,1.3599,1.36158,7508
2023-03-02 08:00:00,1.3616,1.36337,1.35971,1.36105,13119
2023-03-02 12:00:00,1.36109,1.36414,1.36008,1.36308,16007
2023-03-02 16:00:00,1.36308,1.36317,1.35968,1.36245,21502
2023-03-02 20:00:00,1.3624,1.36318,1.35888,1.35956,12919
2023-03-03 00:00:00,1.35931,1.36014,1.35762,1.35837,6202
2023-03-03 04:00:00,1.35838,1.35911,1.35798,1.35857,8020
2023-03-03 08:00:00,1.35856,1.35862,1.35549,1.35626,13361
2023-03-03 12:00:00,1.35626,1.36188,1.35612,1.3615300000000001,11795
2023-03-03 16:00:00,1.36151,1.36444,1.35959,1.35976,22363
2023-03-03 20:00:00,1.35975,1.36107,1.3583,1.35955,6694
2023-03-06 00:00:00,1.3599700000000001,1.36142,1.35893,1.36039,5347
2023-03-06 04:00:00,1.3604,1.36098,1.35837,1.35959,6259
2023-03-06 08:00:00,1.35959,1.36029,1.35818,1.35998,10875
2023-03-06 12:00:00,1.35998,1.36285,1.3597000000000001,1.3617,10567
2023-03-06 16:00:00,1.36169,1.36279,1.35967,1.3608500000000001,15346
2023-03-06 20:00:00,1.36087,1.3624,1.36075,1.3611,7147
2023-03-07 00:00:00,1.3611900000000001,1.36182,1.36042,1.36056,3670
2023-03-07 04:00:00,1.36057,1.36189,1.35994,1.36115,5983
2023-03-07 08:00:00,1.36115,1.3634,1.36054,1.36316,12557
2023-03-07 12:00:00,1.36315,1.36527,1.36235,1.3649,9789
2023-03-07 16:00:00,1.3648799999999999,1.3743400000000001,1.3645100000000001,1.37351,34729
2023-03-07 20:00:00,1.37351,1.37608,1.37316,1.37531,11212
2023-03-08 00:00:00,1.3747500000000001,1.37564,1.37412,1.37548,6068
2023-03-08 04:00:00,1.37551,1.37733,1.37521,1.37622,5327
2023-03-08 08:00:00,1.37623,1.37669,1.3752,1.37589,10674
2023-03-08 12:00:00,1.37589,1.37705,1.37447,1.3764,11192
2023-03-08 16:00:00,1.37641,1.3796,1.37447,1.37953,27638
2023-03-08 20:00:00,1.37952,1.38148,1.379,1.3801999999999999,8405
2023-03-09 00:00:00,1.37982,1.3816899999999999,1.37942,1.38123,4492
2023-03-09 04:00:00,1.38123,1.3813900000000001,1.37944,1.37987,4124
2023-03-09 08:00:00,1.37988,1.38071,1.37892,1.38058,9097
2023-03-09 12:00:00,1.38057,1.38144,1.37806,1.37811,12546
2023-03-09 16:00:00,1.37812,1.3798,1.37526,1.37939,19726
2023-03-09 20:00:00,1.37944,1.38371,1.37894,1.38278,16059
2023-03-10 00:00:00,1.3823400000000001,1.3835899999999999,1.38212,1.38345,5631
2023-03-10 04:00:00,1.38343,1.3848099999999999,1.38311,1.38406,10057
2023-03-10 08:00:00,1.38406,1.38617,1.38269,1.3836,16005
2023-03-10 12:00:00,1.38358,1.38442,1.37665,1.37851,22236
2023-03-10 16:00:00,1.37851,1.3812,1.37612,1.37975,51912
2023-03-10 20:00:00,1.37975,1.38472,1.37908,1.38267,22044
2023-03-13 00:00:00,1.38022,1.38156,1.3757,1.3761999999999999,15270
2023-03-13 04:00:00,1.37618,1.37867,1.37109,1.37271,17966
2023-03-13 08:00:00,1.37271,1.37522,1.37151,1.37388,20536
2023-03-13 12:00:00,1.37389,1.38016,1.37365,1.37684,47578
2023-03-13 16:00:00,1.3768500000000001,1.37908,1.3677000000000001,1.37245,47366
2023-03-13 20:00:00,1.37244,1.37404,1.37083,1.37276,23558
2023-03-14 00:00:00,1.37234,1.3748,1.37183,1.37422,7095
2023-03-14 04:00:00,1.37422,1.37484,1.37242,1.37307,12622
2023-03-14 08:00:00,1.37308,1.37369,1.37022,1.37241,22665
2023-03-14 12:00:00,1.3724,1.37503,1.36604,1.36625,28496
2023-03-14 16:00:00,1.3663,1.36879,1.3651499999999999,1.36838,29892
2023-03-14 20:00:00,1.36838,1.36988,1.36686,1.36864,21716
2023-03-15 00:00:00,1.36805,1.36958,1.3679700000000001,1.36927,3806
2023-03-15 04:00:00,1.36928,1.36932,1.36597,1.36779,10312
2023-03-15 08:00:00,1.36778,1.37046,1.3676599999999999,1.36937,15433
2023-03-15 12:00:00,1.36935,1.37824,1.36871,1.3758,34776
2023-03-15 16:00:00,1.37581,1.38141,1.3747099999999999,1.3802699999999999,42081
2023-03-15 20:00:00,1.38028,1.38029,1.374,1.37661,29134
2023-03-16 00:00:00,1.37578,1.37699,1.37392,1.3744100000000001,8456
2023-03-16 04:00:00,1.37442,1.37613,1.37404,1.37524,17638
2023-03-16 08:00:00,1.37522,1.37663,1.37214,1.37417,17880
2023-03-16 12:00:00,1.37417,1.3769,1.37264,1.37423,21510
2023-03-16 16:00:00,1.37423,1.37876,1.37274,1.37344,40818
2023-03-16 20:00:00,1.37344,1.37426,1.37131,1.3718,13895
2023-03-17 00:00:00,1.37142,1.37364,1.3712,1.37305,4661
2023-03-17 04:00:00,1.37306,1.37318,1.36844,1.36849,8925
2023-03-17 08:00:00,1.36848,1.37112,1.36775,1.3698299999999999,12748
2023-03-17 12:00:00,1.36981,1.3729,1.36904,1.37247,16539
2023-03-17 16:00:00,1.37244,1.37732,1.37206,1.37372,27826
2023-03-17 20:00:00,1.37369,1.37401,1.3713899999999999,1.3734899999999999,13940
2023-03-20 00:00:00,1.37203,1.37247,1.3685800000000001,1.3691200000000001,7383
2023-03-20 04:00:00,1.36913,1.37259,1.3689,1.37208,11335
2023-03-20 08:00:00,1.37207,1.3747099999999999,1.37059,1.37164,19995
2023-03-20 12:00:00,1.3716300000000001,1.37398,1.36774,1.36838,19546
2023-03-20 16:00:00,1.3684,1.36967,1.36514,1.36746,23522
2023-03-20 20:00:00,1.36745,1.36772,1.3654899999999999,1.36647,8916
2023-03-21 00:00:00,1.36633,1.3677000000000001,1.3660700000000001,1.3677000000000001,4877
2023-03-21 04:00:00,1.3677000000000001,1.36906,1.36722,1.36886,6029
2023-03-21 08:00:00,1.36886,1.36988,1.36673,1.36771,11443
2023-03-21 12:00:00,1.36771,1.36807,1.36532,1.36685,11142
2023-03-21 16:00:00,1.36686,1.37371,1.36439,1.37304,20138
2023-03-21 20:00:00,1.37302,1.37337,1.37106,1.3712900000000001,6810
2023-03-22 00:00:00,1.37122,1.37183,1.37083,1.3710499999999999,3309
2023-03-22 04:00:00,1.3710499999999999,1.37118,1.36975,1.36987,4749
2023-03-22 08:00:00,1.36986,1.37189,1.36977,1.37089,8011
2023-03-22 12:00:00,1.37089,1.37145,1.36935,1.37035,9291
2023-03-22 16:00:00,1.37035,1.37355,1.37004,1.37318,13517
2023-03-22 20:00:00,1.3732,1.37442,1.36564,1.37274,31071
2023-03-23 00:00:00,1.37321,1.37323,1.3704100000000001,1.37057,5612
2023-03-23 04:00:00,1.37057,1.3715,1.36628,1.36667,8084
2023-03-23 08:00:00,1.3666800000000001,1.36795,1.36601,1.36693,12149
2023-03-23 12:00:00,1.36691,1.3685800000000001,1.3639299999999999,1.36761,12690
2023-03-23 16:00:00,1.36761,1.36825,1.36304,1.36638,17153
2023-03-23 20:00:00,1.3664100000000001,1.37332,1.36639,1.3712,19354
2023-03-24 00:00:00,1.37142,1.3727,1.37064,1.3715,5483
2023-03-24 04:00:00,1.37154,1.37364,1.37131,1.37183,7236
2023-03-24 08:00:00,1.37183,1.37606,1.37094,1.37515,12767
2023-03-24 12:00:00,1.37513,1.38043,1.37408,1.37973,21040
2023-03-24 16:00:00,1.37972,1.38001,1.37397,1.37459,26857
2023-03-24 20:00:00,1.37459,1.37531,1.37306,1.37401,9092
2023-03-27 00:00:00,1.3728799999999999,1.3739,1.3726,1.37332,7671
2023-03-27 04:00:00,1.37338,1.37439,1.37235,1.37311,6282
2023-03-27 08:00:00,1.3731200000000001,1.37449,1.37172,1.37244,13853
2023-03-27 12:00:00,1.37246,1.37345,1.36999,1.3713199999999999,10838
2023-03-27 16:00:00,1.3713199999999999,1.37162,1.36648,1.3666800000000001,15558
2023-03-27 20:00:00,1.36673,1.36688,1.36494,1.36597,6745
2023-03-28 00:00:00,1.36605,1.36648,1.36409,1.36439,4584
2023-03-28 04:00:00,1.36437,1.3648799999999999,1.36344,1.3639700000000001,7725
2023-03-28 08:00:00,1.3639700000000001,1.3682699999999999,1.36315,1.36812,9894
2023-03-28 12:00:00,1.36814,1.3694899999999999,1.36457,1.3658000000000001,9414
2023-03-28 16:00:00,1.36578,1.36674,1.36037,1.36046,14423
2023-03-28 20:00:00,1.36047,1.36184,1.35918,1.35978,6453
2023-03-29 00:00:00,1.35964,1.36016,1.35893,1.35916,4214
2023-03-29 04:00:00,1.35915,1.36053,1.35873,1.36009,5868
2023-03-29 08:00:00,1.3601,1.36166,1.35994,1.36063,8044
2023-03-29 12:00:00,1.36064,1.36072,1.35715,1.3587,9500
2023-03-29 16:00:00,1.35869,1.36049,1.35595,1.35742,13141
2023-03-29 20:00:00,1.35743,1.35775,1.35561,1.35564,5960
2023-03-30 00:00:00,1.35583,1.35715,1.35561,1.35694,3183
2023-03-30 04:00:00,1.35693,1.35811,1.35666,1.35673,4390
2023-03-30 08:00:00,1.35676,1.3568500000000001,1.35332,1.35354,11069
2023-03-30 12:00:00,1.35354,1.3556599999999999,1.35301,1.35412,9831
2023-03-30 16:00:00,1.3541,1.3546,1.35241,1.35284,13257
2023-03-30 20:00:00,1.35285,1.35413,1.35159,1.3522,5586
2023-03-31 00:00:00,1.35236,1.35254,1.35169,1.35192,2669
2023-03-31 04:00:00,1.35191,1.35271,1.3507500000000001,1.35259,5050
2023-03-31 08:00:00,1.35259,1.35644,1.35249,1.35557,12414
2023-03-31 12:00:00,1.35556,1.35589,1.35327,1.35459,10709
2023-03-31 16:00:00,1.35458,1.35461,1.35203,1.35224,13977
2023-03-31 20:00:00,1.35222,1.35415,1.35126,1.3514,7079
2023-04-03 00:00:00,1.34925,1.35244,1.34879,1.3504,7583
2023-04-03 04:00:00,1.35043,1.35256,1.3502100000000001,1.35248,5671
2023-04-03 08:00:00,1.35251,1.35364,1.34863,1.3491,9723
2023-04-03 12:00:00,1.34912,1.34913,1.3447200000000001,1.34711,11388
2023-04-03 16:00:00,1.3470900000000001,1.34737,1.3422,1.34242,17355
2023-04-03 20:00:00,1.34242,1.34384,1.34114,1.3437700000000001,7579
2023-04-04 00:00:00,1.342,1.34378,1.342,1.34324,3734
2023-04-04 04:00:00,1.34323,1.3444099999999999,1.34261,1.3434300000000001,6113
2023-04-04 08:00:00,1.34342,1.34424,1.34151,1.34241,11470
2023-04-04 12:00:00,1.34241,1.3456299999999999,1.34105,1.3451,10579
2023-04-04 16:00:00,1.3451,1.34674,1.34062,1.3455599999999999,20336
2023-04-04 20:00:00,1.34554,1.3459699999999999,1.3444,1.34443,6407
2023-04-05 00:00:00,1.34409,1.3447,1.34259,1.34371,2897
2023-04-05 04:00:00,1.3437000000000001,1.34505,1.34254,1.3447,5588
2023-04-05 08:00:00,1.3447,1.34766,1.34442,1.34717,10207
2023-04-05 12:00:00,1.34718,1.3483100000000001,1.3445,1.3449,11328
2023-04-05 16:00:00,1.3449,1.34811,1.34264,1.3475,17795
2023-04-05 20:00:00,1.34751,1.34796,1.3452600000000001,1.3456299999999999,5522
2023-04-06 00:00:00,1.3449499999999999,1.34665,1.3446799999999999,1.34656,2326
2023-04-06 04:00:00,1.34656,1.34893,1.34656,1.3486500000000001,4310
2023-04-06 08:00:00,1.3486500000000001,1.34889,1.34582,1.34794,9218
2023-04-06 12:00:00,1.34794,1.3489200000000001,1.34582,1.3479,9339
2023-04-06 16:00:00,1.3479,1.35057,1.34633,1.34754,14214
2023-04-06 20:00:00,1.34754,1.34911,1.34671,1.3490199999999999,4129
2023-04-07 00:00:00,1.34827,1.34984,1.3477000000000001,1.3492899999999999,1552
2023-04-07 04:00:00,1.3492899999999999,1.34939,1.3485800000000001,1.34882,2268
2023-04-07 08:00:00,1.34883,1.35137,1.34855,1.35096,2527
2023-04-07 12:00:00,1.35099,1.35308,1.34989,1.35072,5013
2023-04-07 16:00:00,1.35071,1.35179,1.34979,1.3509,8303
2023-04-07 20:00:00,1.3509,1.3519,1.35031,1.35125,8589
2023-04-10 00:00:00,1.35152,1.35172,1.35005,1.3510499999999999,4717
2023-04-10 04:00:00,1.35104,1.35161,1.35056,1.3514300000000001,5039
2023-04-10 08:00:00,1.35142,1.35194,1.3489,1.34976,7108
2023-04-10 12:00:00,1.34978,1.35464,1.34845,1.3544100000000001,8774
2023-04-10 16:00:00,1.3544100000000001,1.3553600000000001,1.3523800000000001,1.35263,11519
2023-04-10 20:00:00,1.35262,1.35285,1.3502100000000001,1.35071,4564
2023-04-11 00:00:00,1.35068,1.3508499999999999,1.34974,1.35019,2527
2023-04-11 04:00:00,1.3501699999999999,1.35128,1.34888,1.34951,7139
2023-04-11 08:00:00,1.34951,1.35057,1.34811,1.35001,9388
2023-04-11 12:00:00,1.35001,1.35142,1.3492199999999999,1.35059,9571
2023-04-11 16:00:00,1.35058,1.3516,1.34692,1.34844,11791
2023-04-11 20:00:00,1.34843,1.34873,1.34619,1.3464800000000001,4393
2023-04-12 00:00:00,1.34635,1.34701,1.34589,1.34609,2581
2023-04-12 04:00:00,1.3461400000000001,1.34662,1.34523,1.34555,3656
2023-04-12 08:00:00,1.34555,1.34706,1.34488,1.3468200000000001,7351
2023-04-12 12:00:00,1.34683,1.34889,1.34325,1.34532,11567
2023-04-12 16:00:00,1.34532,1.34787,1.3433,1.34338,21502
2023-04-12 20:00:00,1.34337,1.34457,1.3427799999999999,1.34413,9708
2023-04-13 00:00:00,1.34402,1.3448,1.34367,1.34394,3140
2023-04-13 04:00:00,1.34394,1.3446500000000001,1.34275,1.34283,6475
2023-04-13 08:00:00,1.34281,1.34388,1.33985,1.34052,10436
2023-04-13 12:00:00,1.34053,1.3407,1.33865,1.3391600000000001,11139
2023-04-13 16:00:00,1.33915,1.33936,1.3343,1.33447,13400
2023-04-13 20:00:00,1.33447,1.33476,1.3333300000000001,1.33389,5531
2023-04-14 00:00:00,1.33337,1.33435,1.33271,1.33337,2678
2023-04-14 04:00:00,1.3333599999999999,1.33346,1.33169,1.3323,4476
2023-04-14 08:00:00,1.33225,1.33341,1.33168,1.33279,7758
2023-04-14 12:00:00,1.33279,1.33495,1.3301,1.334,12313
2023-04-14 16:00:00,1.33404,1.33955,1.33247,1.33869,21497
2023-04-14 20:00:00,1.33871,1.33883,1.33581,1.33581,9040
2023-04-17 00:00:00,1.3366,1.3372899999999999,1.33533,1.3372899999999999,3227
2023-04-17 04:00:00,1.33727,1.3376000000000001,1.33571,1.33574,4065
2023-04-17 08:00:00,1.33575,1.33688,1.33425,1.33644,8659
2023-04-17 12:00:00,1.33642,1.3388200000000001,1.33569,1.33868,8899
2023-04-17 16:00:00,1.33867,1.34199,1.33839,1.34043,15374
2023-04-17 20:00:00,1.34044,1.3408,1.33904,1.3391199999999999,5251
2023-04-18 00:00:00,1.33902,1.33964,1.33807,1.33928,2310
2023-04-18 04:00:00,1.33926,1.33968,1.33793,1.33876,5182
2023-04-18 08:00:00,1.33876,1.33901,1.33632,1.33667,7963
2023-04-18 12:00:00,1.3366500000000001,1.33884,1.33594,1.3379699999999999,8458
2023-04-18 16:00:00,1.33799,1.33974,1.337,1.33852,13186
2023-04-18 20:00:00,1.33852,1.33995,1.3383099999999999,1.33886,5041
2023-04-19 00:00:00,1.33887,1.33935,1.33849,1.3387,2384
2023-04-19 04:00:00,1.3387,1.34053,1.33849,1.33971,3600
2023-04-19 08:00:00,1.33971,1.3425500000000001,1.33948,1.3422100000000001,11196
2023-04-19 12:00:00,1.3422,1.34536,1.34177,1.34376,12944
2023-04-19 16:00:00,1.34375,1.34567,1.34222,1.34452,11104
2023-04-19 20:00:00,1.34451,1.3467,1.34425,1.34586,4998
2023-04-20 00:00:00,1.34575,1.3471199999999999,1.34507,1.3461699999999999,2896
2023-04-20 04:00:00,1.3461699999999999,1.34733,1.34583,1.34697,3479
2023-04-20 08:00:00,1.34696,1.34763,1.3451,1.3473,7761
2023-04-20 12:00:00,1.34731,1.34893,1.34633,1.34702,9498
2023-04-20 16:00:00,1.34705,1.34843,1.34485,1.34626,13119
2023-04-20 20:00:00,1.34625,1.34835,1.346,1.34765,6552
2023-04-21 00:00:00,1.34752,1.34847,1.34721,1.34752,2212
2023-04-21 04:00:00,1.34748,1.35034,1.34748,1.3502100000000001,3933
2023-04-21 08:00:00,1.35018,1.35339,1.34994,1.35171,8531
2023-04-21 12:00:00,1.3517299999999999,1.35374,1.35137,1.3529200000000001,9045
2023-04-21 16:00:00,1.3529,1.35636,1.3523100000000001,1.3542100000000001,15476
2023-04-21 20:00:00,1.35422,1.35497,1.3535300000000001,1.35399,5537
2023-04-24 00:00:00,1.35272,1.35469,1.35272,1.35403,2378
2023-04-24 04:00:00,1.354,1.3557299999999999,1.35375,1.35559,4018
2023-04-24 08:00:00,1.35558,1.35672,1.35305,1.35307,6863
2023-04-24 12:00:00,1.35308,1.35503,1.35223,1.35352,8085
2023-04-24 16:00:00,1.35352,1.35562,1.35249,1.3541,10763
2023-04-24 20:00:00,1.35409,1.3548200000000001,1.35339,1.35423,4646
2023-04-25 00:00:00,1.35399,1.35411,1.35281,1.35321,2593
2023-04-25 04:00:00,1.35323,1.3550499999999999,1.35245,1.3547799999999999,5105
2023-04-25 08:00:00,1.35477,1.35891,1.3544,1.3566799999999999,8785
2023-04-25 12:00:00,1.3566799999999999,1.36014,1.35652,1.35865,8370
2023-04-25 16:00:00,1.35865,1.36371,1.3584,1.36334,13213
2023-04-25 20:00:00,1.36333,1.36477,1.36245,1.36259,9282
2023-04-26 00:00:00,1.36257,1.3627,1.36167,1.36232,3427
2023-04-26 04:00:00,1.36233,1.36428,1.36219,1.3632900000000001,5061
2023-04-26 08:00:00,1.3632900000000001,1.36359,1.36141,1.36234,10812
2023-04-26 12:00:00,1.36235,1.36376,1.36079,1.36266,13523
2023-04-26 16:00:00,1.36267,1.36356,1.35992,1.36135,17167
2023-04-26 20:00:00,1.36135,1.36508,1.36093,1.3636,8634
2023-04-27 00:00:00,1.3633600000000001,1.36394,1.36221,1.36365,3024
2023-04-27 04:00:00,1.36365,1.36453,1.36315,1.36315,4491
2023-04-27 08:00:00,1.36317,1.36384,1.3615300000000001,1.36282,10684
2023-04-27 12:00:00,1.3628,1.36399,1.3613,1.36234,12593
2023-04-27 16:00:00,1.36234,1.3639700000000001,1.3591,1.36155,16665
2023-04-27 20:00:00,1.3615599999999999,1.36171,1.35889,1.35924,6163
2023-04-28 00:00:00,1.35913,1.36071,1.35881,1.36018,3507
2023-04-28 04:00:00,1.36022,1.36091,1.3593899999999999,1.36083,7976
2023-04-28 08:00:00,1.36084,1.36652,1.3602,1.36605,13393
2023-04-28 12:00:00,1.36602,1.36676,1.3633199999999999,1.3638,11406
2023-04-28 16:00:00,1.36379,1.36455,1.35507,1.35521,17348
2023-04-28 20:00:00,1.35521,1.3557000000000001,1.3536000000000001,1.35431,6136
2023-05-01 00:00:00,1.35361,1.35639,1.35352,1.35556,4014
2023-05-01 04:00:00,1.35556,1.35614,1.35481,1.3554,5253
2023-05-01 08:00:00,1.3554,1.35698,1.35497,1.35698,7212
2023-05-01 12:00:00,1.35699,1.35831,1.35537,1.35541,9023
2023-05-01 16:00:00,1.3554,1.35642,1.35302,1.35323,16665
2023-05-01 20:00:00,1.3532199999999999,1.3551,1.35306,1.35437,7331
2023-05-02 00:00:00,1.35377,1.35561,1.35341,1.35533,3450
2023-05-02 04:00:00,1.35533,1.35535,1.35311,1.35365,7648
2023-05-02 08:00:00,1.35365,1.35761,1.35282,1.3568500000000001,12661
2023-05-02 12:00:00,1.35681,1.36012,1.3565,1.36011,11148
2023-05-02 16:00:00,1.36012,1.36376,1.35883,1.36303,21897
2023-05-02 20:00:00,1.36303,1.36331,1.36175,1.36246,7777
2023-05-03 00:00:00,1.36218,1.36314,1.36177,1.36216,3145
2023-05-03 04:00:00,1.3621699999999999,1.36259,1.36082,1.3614899999999999,5637
2023-05-03 08:00:00,1.36148,1.36267,1.36025,1.36198,8443
2023-05-03 12:00:00,1.36198,1.3639299999999999,1.36124,1.36361,11581
2023-05-03 16:00:00,1.36361,1.36376,1.3597299999999999,1.36013,14740
2023-05-03 20:00:00,1.36013,1.3627,1.35816,1.36161,21159
2023-05-04 00:00:00,1.36114,1.36326,1.36026,1.3624399999999999,5589
2023-05-04 04:00:00,1.3624399999999999,1.36289,1.3583,1.35866,7789
2023-05-04 08:00:00,1.35867,1.3618299999999999,1.35823,1.36174,12027
2023-05-04 12:00:00,1.36171,1.36227,1.35944,1.36047,13870
2023-05-04 16:00:00,1.36049,1.36103,1.35402,1.35402,25165
2023-05-04 20:00:00,1.35394,1.35457,1.3519,1.35374,9225
2023-05-05 00:00:00,1.35364,1.35394,1.3519,1.35221,3722
2023-05-05 04:00:00,1.3522,1.3526099999999999,1.35049,1.35067,6769
2023-05-05 08:00:00,1.35071,1.35152,1.34903,1.34993,9427
2023-05-05 12:00:00,1.34993,1.35135,1.34714,1.3473,13772
2023-05-05 16:00:00,1.34728,1.3483800000000001,1.34049,1.34052,19999
2023-05-05 20:00:00,1.3405,1.34118,1.33712,1.3375,6219
2023-05-08 00:00:00,1.33805,1.33875,1.3370600000000001,1.3382100000000001,2938
2023-05-08 04:00:00,1.3382100000000001,1.3385799999999999,1.33679,1.33698,5964
2023-05-08 08:00:00,1.3369900000000001,1.33737,1.33483,1.3351199999999999,8333
2023-05-08 12:00:00,1.3351199999999999,1.33548,1.33222,1.3324799999999999,7823
2023-05-08 16:00:00,1.33249,1.33636,1.33149,1.3358400000000001,10972
2023-05-08 20:00:00,1.3358400000000001,1.3383,1.33575,1.3373,6119
2023-05-09 00:00:00,1.33616,1.3376000000000001,1.33606,1.3373599999999999,2518
2023-05-09 04:00:00,1.3373599999999999,1.33762,1.3365,1.33683,4119
2023-05-09 08:00:00,1.33684,1.3384800000000001,1.33662,1.33751,8890
2023-05-09 12:00:00,1.33755,1.33974,1.3367499999999999,1.33967,8531
2023-05-09 16:00:00,1.33965,1.34061,1.33859,1.33925,12926
2023-05-09 20:00:00,1.33927,1.33927,1.33721,1.33859,5573
2023-05-10 00:00:00,1.33804,1.33869,1.3374,1.3378700000000001,3239
2023-05-10 04:00:00,1.3378700000000001,1.3384800000000001,1.33739,1.33823,6380
2023-05-10 08:00:00,1.3382399999999999,1.33976,1.33697,1.33933,9596
2023-05-10 12:00:00,1.33934,1.33967,1.3335,1.33398,14643
2023-05-10 16:00:00,1.33399,1.33839,1.33358,1.33822,19330
2023-05-10 20:00:00,1.3382399999999999,1.34145,1.33703,1.33713,8676
2023-05-11 00:00:00,1.33683,1.33749,1.33653,1.33674,3438
2023-05-11 04:00:00,1.33674,1.33857,1.33628,1.33804,5396
2023-05-11 08:00:00,1.33804,1.342,1.33752,1.3409499999999999,12275
2023-05-11 12:00:00,1.3409200000000001,1.34395,1.3396,1.3437700000000001,14226
2023-05-11 16:00:00,1.34378,1.34944,1.34378,1.3483100000000001,18588
2023-05-11 20:00:00,1.34829,1.34955,1.34822,1.34885,6614
2023-05-12 00:00:00,1.3489499999999999,1.34959,1.34748,1.34864,2461
2023-05-12 04:00:00,1.34863,1.3492600000000001,1.34827,1.3484099999999999,5614
2023-05-12 08:00:00,1.3484099999999999,1.35002,1.34796,1.34903,10090
2023-05-12 12:00:00,1.34903,1.35063,1.3483,1.34974,8619
2023-05-12 16:00:00,1.34976,1.35596,1.3483800000000001,1.3556599999999999,14060
2023-05-12 20:00:00,1.35565,1.35652,1.35439,1.35557,7353
2023-05-15 00:00:00,1.35378,1.35677,1.35378,1.35616,3539
2023-05-15 04:00:00,1.35612,1.3563,1.35449,1.3545,5832
2023-05-15 08:00:00,1.3545,1.35469,1.35053,1.35174,9428
2023-05-15 12:00:00,1.35174,1.35213,1.34957,1.35063,8702
2023-05-15 16:00:00,1.35064,1.35182,1.34595,1.34612,11364
2023-05-15 20:00:00,1.34612,1.34748,1.34592,1.34669,5492
2023-05-16 00:00:00,1.34665,1.34701,1.34599,1.3463,3161
2023-05-16 04:00:00,1.34629,1.34821,1.34616,1.34688,5370
2023-05-16 08:00:00,1.34687,1.34936,1.34494,1.34557,10171
2023-05-16 12:00:00,1.34558,1.34693,1.34145,1.34168,12423
2023-05-16 16:00:00,1.34169,1.34714,1.3404,1.3461400000000001,19081
2023-05-16 20:00:00,1.34612,1.34827,1.34599,1.3479700000000001,6671
2023-05-17 00:00:00,1.3473,1.3480400000000001,1.34665,1.34735,2649
2023-05-17 04:00:00,1.34735,1.3485,1.34622,1.34774,6592
2023-05-17 08:00:00,1.34775,1.35357,1.34775,1.35073,11181
2023-05-17 12:00:00,1.35071,1.35118,1.34661,1.34706,11989
2023-05-17 16:00:00,1.34706,1.35012,1.34424,1.34476,15188
2023-05-17 20:00:00,1.34478,1.34568,1.3437000000000001,1.34552,7493
2023-05-18 00:00:00,1.34516,1.34683,1.34452,1.34619,3095
2023-05-18 04:00:00,1.34618,1.34723,1.34519,1.3469,6641
2023-05-18 08:00:00,1.3469,1.3479999999999999,1.3461699999999999,1.34758,9456
2023-05-18 12:00:00,1.3476,1.34853,1.34634,1.34823,9063
2023-05-18 16:00:00,1.34823,1.35221,1.34761,1.35193,16935
2023-05-18 20:00:00,1.35192,1.35244,1.34952,1.35007,8270
2023-05-19 00:00:00,1.34972,1.35041,1.34867,1.34965,4473
2023-05-19 04:00:00,1.34965,1.35129,1.3485,1.34958,7212
2023-05-19 08:00:00,1.34959,1.34976,1.34729,1.34759,11148
2023-05-19 12:00:00,1.34757,1.34946,1.34696,1.3471,11383
2023-05-19 16:00:00,1.34715,1.35236,1.34686,1.34981,20475
2023-05-19 20:00:00,1.34981,1.35185,1.34935,1.34976,5956
2023-05-22 00:00:00,1.34969,1.35049,1.34877,1.34891,3646
2023-05-22 04:00:00,1.3489,1.35023,1.3485,1.3497,9243
2023-05-22 08:00:00,1.34969,1.3517299999999999,1.34931,1.34932,10492
2023-05-22 12:00:00,1.34934,1.3513600000000001,1.34901,1.3505099999999999,8914
2023-05-22 16:00:00,1.3505099999999999,1.35188,1.3497,1.3508200000000001,11968
2023-05-22 20:00:00,1.35083,1.3511,1.35018,1.35054,5854
2023-05-23 00:00:00,1.35041,1.35076,1.3492199999999999,1.34965,4293
2023-05-23 04:00:00,1.34967,1.35003,1.34853,1.34979,7518
2023-05-23 08:00:00,1.3498,1.3536000000000001,1.34876,1.35298,12525
2023-05-23 12:00:00,1.353,1.3548499999999999,1.3498,1.35055,11179
2023-05-23 16:00:00,1.35054,1.35195,1.34845,1.3505,15759
2023-05-23 20:00:00,1.35049,1.3512,1.34921,1.35023,7344
2023-05-24 00:00:00,1.35027,1.35053,1.34924,1.34994,2606
2023-05-24 04:00:00,1.34995,1.35106,1.3495599999999999,1.35016,6808
2023-05-24 08:00:00,1.35013,1.35473,1.34968,1.35392,13568
2023-05-24 12:00:00,1.35391,1.3559,1.35315,1.35447,11584
2023-05-24 16:00:00,1.35446,1.3602699999999999,1.354,1.35933,19104
2023-05-24 20:00:00,1.35933,1.36056,1.35835,1.35933,9085
2023-05-25 00:00:00,1.35919,1.36011,1.35855,1.35969,3561
2023-05-25 04:00:00,1.3597000000000001,1.3612600000000001,1.3592,1.36083,6504
2023-05-25 08:00:00,1.36083,1.36129,1.35899,1.35955,10384
2023-05-25 12:00:00,1.35956,1.36111,1.35862,1.36071,11334
2023-05-25 16:00:00,1.36074,1.36447,1.3599999999999999,1.36377,16986
2023-05-25 20:00:00,1.36376,1.36444,1.36199,1.36425,7259
2023-05-26 00:00:00,1.36355,1.36545,1.36351,1.36502,2971
2023-05-26 04:00:00,1.36501,1.36533,1.36317,1.3634,6624
2023-05-26 08:00:00,1.36341,1.36417,1.36125,1.36286,10036
2023-05-26 12:00:00,1.36286,1.36338,1.36007,1.3627799999999999,10181
2023-05-26 16:00:00,1.3627799999999999,1.36464,1.36118,1.36185,15508
2023-05-26 20:00:00,1.36184,1.36281,1.36115,1.36158,5506
2023-05-29 00:00:00,1.36067,1.36161,1.36005,1.36078,2349
2023-05-29 04:00:00,1.36079,1.36118,1.35951,1.35985,3837
2023-05-29 08:00:00,1.35984,1.36016,1.35839,1.35899,7900
2023-05-29 12:00:00,1.35899,1.36103,1.3586,1.36078,3996
2023-05-29 16:00:00,1.36077,1.3612199999999999,1.35829,1.35845,4281
2023-05-29 20:00:00,1.35845,1.35948,1.35838,1.35898,817
2023-05-30 00:00:00,1.35864,1.36048,1.35828,1.3587099999999999,3284
2023-05-30 04:00:00,1.35867,1.36072,1.35674,1.35959,7372
2023-05-30 08:00:00,1.35959,1.36079,1.35788,1.35849,10374
2023-05-30 12:00:00,1.35849,1.35942,1.3567,1.35904,10736
2023-05-30 16:00:00,1.3590499999999999,1.36134,1.35845,1.35931,15094
2023-05-30 20:00:00,1.35931,1.36131,1.35931,1.35984,5962
2023-05-31 00:00:00,1.35994,1.36083,1.35958,1.36053,1811
2023-05-31 04:00:00,1.36054,1.36411,1.3604,1.3639700000000001,5558
2023-05-31 08:00:00,1.36395,1.3649499999999999,1.36254,1.3643399999999999,12788
2023-05-31 12:00:00,1.36436,1.36514,1.36297,1.36383,9067
2023-05-31 16:00:00,1.36379,1.36438,1.35727,1.36041,20409
2023-05-31 20:00:00,1.36041,1.361,1.3569200000000001,1.35707,8797
2023-06-01 00:00:00,1.35662,1.3578299999999999,1.3563100000000001,1.35774,3060
2023-06-01 04:00:00,1.35773,1.35828,1.35605,1.3566500000000001,6718
2023-06-01 08:00:00,1.35663,1.3585,1.35646,1.35765,9737
2023-06-01 12:00:00,1.35765,1.35789,1.35343,1.35374,11641
2023-06-01 16:00:00,1.35375,1.35498,1.34365,1.34401,19905
2023-06-01 20:00:00,1.34403,1.34584,1.3437999999999999,1.3449200000000001,6844
2023-06-02 00:00:00,1.34467,1.34503,1.34406,1.34486,3276
2023-06-02 04:00:00,1.34487,1.345,1.34277,1.34352,6114
2023-06-02 08:00:00,1.34355,1.34384,1.34066,1.34112,10646
2023-06-02 12:00:00,1.34111,1.34444,1.3407499999999999,1.3429,12805
2023-06-02 16:00:00,1.34291,1.34509,1.34123,1.34415,19411
2023-06-02 20:00:00,1.34415,1.34478,1.34219,1.34292,5857
2023-06-05 00:00:00,1.3413599999999999,1.34337,1.34135,1.34301,3369
2023-06-05 04:00:00,1.34301,1.34408,1.34226,1.34388,6746
2023-06-05 08:00:00,1.34389,1.34429,1.34227,1.34365,10947
2023-06-05 12:00:00,1.34363,1.34519,1.34334,1.34371,7909
2023-06-05 16:00:00,1.3437000000000001,1.34616,1.34172,1.34192,15770
2023-06-05 20:00:00,1.34198,1.34464,1.34189,1.34444,6301
2023-06-06 00:00:00,1.34476,1.34503,1.34313,1.34414,2529
2023-06-06 04:00:00,1.34412,1.34422,1.34128,1.34142,7207
2023-06-06 08:00:00,1.34141,1.34265,1.33898,1.3425099999999999,14131
2023-06-06 12:00:00,1.3425099999999999,1.34403,1.34146,1.34367,10300
2023-06-06 16:00:00,1.34372,1.34521,1.3401100000000001,1.34094,14178
2023-06-06 20:00:00,1.34093,1.34179,1.33995,1.34009,5254
2023-06-07 00:00:00,1.3401100000000001,1.34035,1.33878,1.3392,3926
2023-06-07 04:00:00,1.3392,1.34113,1.3388,1.34042,6069
2023-06-07 08:00:00,1.3404099999999999,1.34265,1.33874,1.33884,8224
2023-06-07 12:00:00,1.33883,1.34125,1.33752,1.34012,9833
2023-06-07 16:00:00,1.34016,1.34113,1.33208,1.33679,20144
2023-06-07 20:00:00,1.33677,1.33924,1.33676,1.33714,6475
2023-06-08 00:00:00,1.33697,1.33757,1.33569,1.33601,3228
2023-06-08 04:00:00,1.33602,1.3368,1.33504,1.33624,5740
2023-06-08 08:00:00,1.33625,1.33653,1.33338,1.3335,9279
2023-06-08 12:00:00,1.33348,1.33647,1.33348,1.33536,10887
2023-06-08 16:00:00,1.33539,1.33883,1.33452,1.33533,17191
2023-06-08 20:00:00,1.33532,1.33637,1.33494,1.33555,6038
2023-06-09 00:00:00,1.33531,1.33684,1.33488,1.33684,3251
2023-06-09 04:00:00,1.33685,1.33712,1.3361,1.33679,4567
2023-06-09 08:00:00,1.3368,1.33695,1.33322,1.33357,9001
2023-06-09 12:00:00,1.33357,1.3363800000000001,1.33165,1.33545,11193
2023-06-09 16:00:00,1.33545,1.33693,1.33129,1.3345799999999999,15533
2023-06-09 20:00:00,1.3346,1.33547,1.33395,1.33395,5350
2023-06-12 00:00:00,1.33335,1.33471,1.33327,1.33418,2677
2023-06-12 04:00:00,1.3342100000000001,1.33581,1.3342100000000001,1.33534,3939
2023-06-12 08:00:00,1.33534,1.33535,1.33163,1.33167,7887
2023-06-12 12:00:00,1.33167,1.33433,1.33145,1.3339400000000001,11496
2023-06-12 16:00:00,1.33391,1.33835,1.33382,1.338,13611
2023-06-12 20:00:00,1.33801,1.33833,1.33631,1.33642,5931
2023-06-13 00:00:00,1.3365,1.33697,1.33601,1.33663,2981
2023-06-13 04:00:00,1.33662,1.33782,1.33545,1.33629,4971
2023-06-13 08:00:00,1.33629,1.3369,1.33413,1.3351199999999999,10817
2023-06-13 12:00:00,1.33511,1.33587,1.3318699999999999,1.33256,13141
2023-06-13 16:00:00,1.33253,1.33348,1.32857,1.3290199999999999,17937
2023-06-13 20:00:00,1.32903,1.33167,1.3288,1.33131,8669
2023-06-14 00:00:00,1.33137,1.33194,1.33101,1.33144,2135
2023-06-14 04:00:00,1.33142,1.33161,1.33039,1.33087,4357
2023-06-14 08:00:00,1.3308499999999999,1.3317999999999999,1.32847,1.3289,8339
2023-06-14 12:00:00,1.3289,1.33091,1.3285,1.3306,9843
2023-06-14 16:00:00,1.33061,1.33071,1.32717,1.32799,12209
2023-06-14 20:00:00,1.32803,1.33527,1.32803,1.33239,22963
2023-06-15 00:00:00,1.33208,1.3332,1.3317999999999999,1.33314,3038
2023-06-15 04:00:00,1.33315,1.33544,1.3330600000000001,1.33393,5378
2023-06-15 08:00:00,1.33396,1.3351,1.33197,1.3327499999999999,7561
2023-06-15 12:00:00,1.33273,1.33399,1.33192,1.3326,9687
2023-06-15 16:00:00,1.33262,1.33266,1.32277,1.32335,14967
2023-06-15 20:00:00,1.32336,1.32364,1.32096,1.32202,6813
2023-06-16 00:00:00,1.32162,1.32276,1.3215,1.32267,2606
2023-06-16 04:00:00,1.32269,1.32394,1.32213,1.32345,5920
2023-06-16 08:00:00,1.32344,1.3237700000000001,1.32111,1.32211,12236
2023-06-16 12:00:00,1.32209,1.32331,1.32026,1.32157,9340
2023-06-16 16:00:00,1.32158,1.32211,1.31881,1.3193,17170
2023-06-16 20:00:00,1.31928,1.3201800000000001,1.31772,1.31963,8566
2023-06-19 00:00:00,1.31888,1.32126,1.3180100000000001,1.32107,3280
2023-06-19 04:00:00,1.3210600000000001,1.32288,1.32068,1.32177,5524
2023-06-19 08:00:00,1.32178,1.32191,1.3179,1.3195000000000001,8749
2023-06-19 12:00:00,1.3195000000000001,1.32095,1.31869,1.31916,8276
2023-06-19 16:00:00,1.31915,1.32173,1.31852,1.32153,6937
2023-06-19 20:00:00,1.32152,1.32185,1.32083,1.32088,1252
2023-06-20 00:00:00,1.32065,1.32126,1.32051,1.32088,4019
2023-06-20 04:00:00,1.3209,1.3231600000000001,1.32067,1.32304,6865
2023-06-20 08:00:00,1.32307,1.32389,1.32088,1.32176,11564
2023-06-20 12:00:00,1.32175,1.32466,1.32102,1.32356,12459
2023-06-20 16:00:00,1.32355,1.32697,1.32254,1.3237,18123
2023-06-20 20:00:00,1.32371,1.32404,1.32236,1.32329,8822
2023-06-21 00:00:00,1.32332,1.32343,1.322,1.32279,3480
2023-06-21 04:00:00,1.32281,1.32302,1.3209,1.32127,8973
2023-06-21 08:00:00,1.32125,1.32456,1.3211,1.32334,11715
2023-06-21 12:00:00,1.32333,1.32373,1.32065,1.32125,14079
2023-06-21 16:00:00,1.32127,1.3221,1.31665,1.31686,20931
2023-06-21 20:00:00,1.31685,1.31726,1.31568,1.31626,7805
2023-06-22 00:00:00,1.31624,1.31656,1.31552,1.31555,3237
2023-06-22 04:00:00,1.31556,1.31649,1.31511,1.3164799999999999,5601
2023-06-22 08:00:00,1.31647,1.31681,1.31385,1.31464,12154
2023-06-22 12:00:00,1.31464,1.31699,1.31409,1.31639,12487
2023-06-22 16:00:00,1.31641,1.31792,1.31498,1.31566,17359
2023-06-22 20:00:00,1.31565,1.31677,1.31449,1.3151,8572
2023-06-23 00:00:00,1.31504,1.31538,1.31429,1.31447,3344
2023-06-23 04:00:00,1.31446,1.3195299999999999,1.31444,1.31911,7595
2023-06-23 08:00:00,1.31911,1.32065,1.31762,1.32051,13985
2023-06-23 12:00:00,1.32053,1.32257,1.31955,1.32169,12849
2023-06-23 16:00:00,1.32168,1.3219699999999999,1.31844,1.31982,17714
2023-06-23 20:00:00,1.3197999999999999,1.3202,1.31784,1.31806,7070
2023-06-26 00:00:00,1.31787,1.31798,1.31608,1.31662,3673
2023-06-26 04:00:00,1.31661,1.31729,1.31531,1.31625,7743
2023-06-26 08:00:00,1.3162,1.31697,1.31383,1.31678,12063
2023-06-26 12:00:00,1.31683,1.31707,1.31356,1.31544,9223
2023-06-26 16:00:00,1.31544,1.31768,1.31388,1.31456,14746
2023-06-26 20:00:00,1.31459,1.31561,1.31384,1.31546,7087
2023-06-27 00:00:00,1.31475,1.31547,1.31452,1.3153000000000001,3970
2023-06-27 04:00:00,1.3153000000000001,1.31547,1.31211,1.313,10023
2023-06-27 08:00:00,1.31302,1.31389,1.31164,1.31371,12050
2023-06-27 12:00:00,1.3136999999999999,1.31773,1.3136999999999999,1.3161100000000001,12498
2023-06-27 16:00:00,1.3161,1.31893,1.3152,1.3184,18544
2023-06-27 20:00:00,1.31841,1.3191,1.31745,1.319,6368
2023-06-28 00:00:00,1.31895,1.32035,1.31886,1.32013,3729
2023-06-28 04:00:00,1.32012,1.32175,1.31982,1.32166,8020
2023-06-28 08:00:00,1.32165,1.32345,1.32049,1.32216,9367
2023-06-28 12:00:00,1.32216,1.32756,1.32117,1.32722,11889
2023-06-28 16:00:00,1.3272300000000001,1.32762,1.32394,1.32492,21681
2023-06-28 20:00:00,1.32492,1.3259,1.3246,1.3256999999999999,7004
2023-06-29 00:00:00,1.3254299999999999,1.32598,1.32489,1.32519,3907
2023-06-29 04:00:00,1.32521,1.32754,1.32424,1.32727,6854
2023-06-29 08:00:00,1.32729,1.3278699999999999,1.3259,1.32636,10855
2023-06-29 12:00:00,1.32635,1.32851,1.32522,1.3277700000000001,11838
2023-06-29 16:00:00,1.32769,1.3285,1.32397,1.32501,17416
2023-06-29 20:00:00,1.325,1.32581,1.32388,1.32545,6893
2023-06-30 00:00:00,1.32444,1.32582,1.32419,1.32545,3853
2023-06-30 04:00:00,1.32545,1.32606,1.32402,1.32458,6378
2023-06-30 08:00:00,1.32456,1.32682,1.32424,1.32573,10696
2023-06-30 12:00:00,1.32574,1.32836,1.32505,1.32688,11547
2023-06-30 16:00:00,1.3268900000000001,1.32712,1.32064,1.32288,17786
2023-06-30 20:00:00,1.3229,1.32504,1.32198,1.32471,7822
2023-07-03 00:00:00,1.32371,1.32575,1.32366,1.3256299999999999,2768
2023-07-03 04:00:00,1.3256299999999999,1.32573,1.3237999999999999,1.32401,6717
2023-07-03 08:00:00,1.32403,1.32732,1.32403,1.3265,10857
2023-07-03 12:00:00,1.32651,1.3269,1.3244099999999999,1.32513,10361
2023-07-03 16:00:00,1.32514,1.32621,1.32301,1.32512,12639
2023-07-03 20:00:00,1.32511,1.32564,1.3247900000000001,1.325,1493
2023-07-04 00:00:00,1.32471,1.32508,1.3243800000000001,1.32489,2204
2023-07-04 04:00:00,1.32489,1.32569,1.32431,1.32519,6863
2023-07-04 08:00:00,1.3252,1.32555,1.3228900000000001,1.32376,8733
2023-07-04 12:00:00,1.32376,1.32402,1.32063,1.32065,6816
2023-07-04 16:00:00,1.32066,1.32245,1.32028,1.32189,5981
2023-07-04 20:00:00,1.32189,1.32276,1.32173,1.32232,1558
2023-07-05 00:00:00,1.3223500000000001,1.32256,1.32182,1.32224,2139
2023-07-05 04:00:00,1.32223,1.32364,1.32209,1.32364,5280
2023-07-05 08:00:00,1.32364,1.32734,1.32257,1.32725,11443
2023-07-05 12:00:00,1.32724,1.3293,1.32633,1.3278400000000001,11230
2023-07-05 16:00:00,1.32783,1.32806,1.32427,1.32742,16188
2023-07-05 20:00:00,1.32741,1.32863,1.32675,1.32819,6535
2023-07-06 00:00:00,1.32779,1.32897,1.32769,1.3288,3013
2023-07-06 04:00:00,1.32883,1.3306,1.32793,1.32951,6646
2023-07-06 08:00:00,1.3295,1.33056,1.32815,1.32965,11966
2023-07-06 12:00:00,1.32966,1.3329,1.32748,1.33205,15936
2023-07-06 16:00:00,1.3320400000000001,1.33697,1.3303099999999999,1.33597,21899
2023-07-06 20:00:00,1.33596,1.33723,1.33539,1.33693,6380
2023-07-07 00:00:00,1.3362,1.3373300000000001,1.33563,1.33693,3717
2023-07-07 04:00:00,1.33693,1.33694,1.33593,1.33637,6873
2023-07-07 08:00:00,1.33636,1.33869,1.3357700000000001,1.33746,10827
2023-07-07 12:00:00,1.33745,1.33752,1.33168,1.33327,13257
2023-07-07 16:00:00,1.3332899999999999,1.33483,1.32672,1.32683,19686
2023-07-07 20:00:00,1.32684,1.32803,1.32657,1.32764,6050
2023-07-10 00:00:00,1.3269199999999999,1.32864,1.32688,1.32837,4668
2023-07-10 04:00:00,1.32839,1.32949,1.32722,1.32923,7489
2023-07-10 08:00:00,1.32925,1.33025,1.32738,1.32793,10973
2023-07-10 12:00:00,1.32794,1.33022,1.32779,1.32999,11401
2023-07-10 16:00:00,1.33,1.3304,1.32682,1.32865,16530
2023-07-10 20:00:00,1.32865,1.32889,1.32734,1.32798,6417
2023-07-11 00:00:00,1.32748,1.32806,1.32641,1.32657,2684
2023-07-11 04:00:00,1.3265799999999999,1.32718,1.32529,1.32632,6837
2023-07-11 08:00:00,1.32636,1.32805,1.3244500000000001,1.32763,14064
2023-07-11 12:00:00,1.32763,1.32858,1.3262,1.32831,13409
2023-07-11 16:00:00,1.32826,1.32895,1.32453,1.32487,14826
2023-07-11 20:00:00,1.32486,1.3256299999999999,1.323,1.3231,6730
2023-07-12 00:00:00,1.32307,1.32331,1.32154,1.32183,3696
2023-07-12 04:00:00,1.32186,1.32192,1.31993,1.32047,8399
2023-07-12 08:00:00,1.3204799999999999,1.32275,1.32035,1.32117,9940
2023-07-12 12:00:00,1.32123,1.32322,1.31961,1.32221,13812
2023-07-12 16:00:00,1.32216,1.32336,1.31433,1.31885,24417
2023-07-12 20:00:00,1.31886,1.3199,1.31815,1.31857,9199
2023-07-13 00:00:00,1.31757,1.31876,1.3175,1.31861,4086
2023-07-13 04:00:00,1.31861,1.31944,1.3166,1.31765,7510
2023-07-13 08:00:00,1.3176700000000001,1.31857,1.31522,1.31601,13199
2023-07-13 12:00:00,1.316,1.31749,1.31501,1.3158699999999999,14287
2023-07-13 16:00:00,1.3158699999999999,1.31749,1.31064,1.3119100000000001,18641
2023-07-13 20:00:00,1.31192,1.31272,1.31033,1.31095,8076
2023-07-14 00:00:00,1.3108,1.31151,1.31051,1.31128,4470
2023-07-14 04:00:00,1.31128,1.31155,1.30922,1.30988,8354
2023-07-14 08:00:00,1.3099,1.31383,1.30987,1.31195,10951
2023-07-14 12:00:00,1.31196,1.31291,1.3106,1.31166,10461
2023-07-14 16:00:00,1.31165,1.322,1.31148,1.32156,20030
2023-07-14 20:00:00,1.3216,1.32268,1.32032,1.32184,6660
2023-07-17 00:00:00,1.3209,1.32321,1.32078,1.32245,2509
2023-07-17 04:00:00,1.32245,1.3231899999999999,1.32189,1.3219400000000001,5467
2023-07-17 08:00:00,1.32198,1.32249,1.32115,1.3220399999999999,8380
2023-07-17 12:00:00,1.32206,1.32241,1.32043,1.32103,11438
2023-07-17 16:00:00,1.32103,1.32158,1.31607,1.31763,14704
2023-07-17 20:00:00,1.31764,1.32027,1.31757,1.3198699999999999,5612
2023-07-18 00:00:00,1.31955,1.32044,1.31853,1.31976,2764
2023-07-18 04:00:00,1.31976,1.3201800000000001,1.31843,1.31905,7567
2023-07-18 08:00:00,1.31906,1.3213,1.31842,1.32124,9963
2023-07-18 12:00:00,1.32123,1.32259,1.31848,1.32202,13041
2023-07-18 16:00:00,1.32202,1.32429,1.3167,1.31878,20522
2023-07-18 20:00:00,1.3188,1.31941,1.31676,1.31681,6680
2023-07-19 00:00:00,1.31684,1.31729,1.31617,1.31693,3149
2023-07-19 04:00:00,1.31693,1.31792,1.31653,1.3176700000000001,7482
2023-07-19 08:00:00,1.31768,1.31844,1.31627,1.31726,11932
2023-07-19 12:00:00,1.31729,1.31931,1.31661,1.3182,10947
2023-07-19 16:00:00,1.31821,1.31871,1.31556,1.31724,22301
2023-07-19 20:00:00,1.31724,1.31754,1.31579,1.3164500000000001,8862
2023-07-20 00:00:00,1.3164,1.3168,1.3152599999999999,1.31562,2791
2023-07-20 04:00:00,1.31565,1.31573,1.31328,1.31452,10881
2023-07-20 08:00:00,1.31453,1.31563,1.31229,1.31238,11233
2023-07-20 12:00:00,1.31239,1.31529,1.31193,1.31482,12252
2023-07-20 16:00:00,1.31483,1.31947,1.31448,1.318,19930
2023-07-20 20:00:00,1.3180100000000001,1.31822,1.31646,1.31726,8135
2023-07-21 00:00:00,1.31723,1.31783,1.31665,1.31697,3709
2023-07-21 04:00:00,1.31699,1.31792,1.31617,1.3168,6873
2023-07-21 08:00:00,1.3168,1.31825,1.31527,1.31775,11450
2023-07-21 12:00:00,1.31775,1.3211,1.31536,1.32104,12180
2023-07-21 16:00:00,1.32104,1.32263,1.31969,1.32119,16680
2023-07-21 20:00:00,1.32118,1.32239,1.3204500000000001,1.3223,6675
2023-07-24 00:00:00,1.32142,1.32272,1.321,1.32172,2660
2023-07-24 04:00:00,1.32172,1.32285,1.32144,1.32175,7705
2023-07-24 08:00:00,1.32176,1.32215,1.3195299999999999,1.31999,11202
2023-07-24 12:00:00,1.31999,1.3204799999999999,1.31817,1.31944,12033
2023-07-24 16:00:00,1.31945,1.32039,1.3152,1.31539,19560
2023-07-24 20:00:00,1.31539,1.31741,1.3149899999999999,1.31685,6893
2023-07-25 00:00:00,1.31634,1.3177400000000001,1.31617,1.31712,3745
2023-07-25 04:00:00,1.3171300000000001,1.3171599999999999,1.3152599999999999,1.31627,8076
2023-07-25 08:00:00,1.3163,1.31691,1.31464,1.3162099999999999,11476
2023-07-25 12:00:00,1.31622,1.31942,1.3161399999999999,1.3186200000000001,11892
2023-07-25 16:00:00,1.3186499999999999,1.32094,1.3176,1.31875,15543
2023-07-25 20:00:00,1.31874,1.31891,1.31661,1.31728,5713
2023-07-26 00:00:00,1.31694,1.31901,1.31661,1.3189199999999999,4331
2023-07-26 04:00:00,1.31893,1.32022,1.31821,1.31905,7425
2023-07-26 08:00:00,1.31909,1.31996,1.3171599999999999,1.31973,9967
2023-07-26 12:00:00,1.31973,1.32355,1.31956,1.3231600000000001,10633
2023-07-26 16:00:00,1.3231600000000001,1.32346,1.3198699999999999,1.32227,17792
2023-07-26 20:00:00,1.3222800000000001,1.3237700000000001,1.31925,1.32054,19852
2023-07-27 00:00:00,1.32073,1.32098,1.31861,1.31866,4074
2023-07-27 04:00:00,1.31866,1.31877,1.31626,1.31717,9197
2023-07-27 08:00:00,1.3171599999999999,1.31868,1.31619,1.31637,10784
2023-07-27 12:00:00,1.31635,1.3187,1.31576,1.31741,14121
2023-07-27 16:00:00,1.31742,1.32006,1.31738,1.31905,19678
2023-07-27 20:00:00,1.31904,1.32429,1.31841,1.32247,13835
2023-07-28 00:00:00,1.32198,1.32329,1.32158,1.32329,4176
2023-07-28 04:00:00,1.3233,1.32486,1.3220100000000001,1.32404,12918
2023-07-28 08:00:00,1.32407,1.3247499999999999,1.32182,1.3241100000000001,14933
2023-07-28 12:00:00,1.3241,1.32428,1.32004,1.32175,13550
2023-07-28 16:00:00,1.32177,1.32425,1.32175,1.32301,18021
2023-07-28 20:00:00,1.32302,1.32493,1.32295,1.32461,7580
2023-07-31 00:00:00,1.32322,1.32541,1.3232,1.32477,4167
2023-07-31 04:00:00,1.32476,1.32617,1.324,1.32527,8644
2023-07-31 08:00:00,1.32528,1.32575,1.3229600000000001,1.32337,10168
2023-07-31 12:00:00,1.32337,1.32369,1.3205,1.32094,7947
2023-07-31 16:00:00,1.32094,1.32118,1.31508,1.31647,14016
2023-07-31 20:00:00,1.3165,1.31921,1.31607,1.31873,7468
2023-08-01 00:00:00,1.31841,1.3195299999999999,1.31785,1.3194,3099
2023-08-01 04:00:00,1.31938,1.32303,1.3192599999999999,1.32198,7305
2023-08-01 08:00:00,1.32203,1.32599,1.3214299999999999,1.32534,10986
2023-08-01 12:00:00,1.32537,1.32984,1.32508,1.32939,12359
2023-08-01 16:00:00,1.3294000000000001,1.32998,1.3265799999999999,1.32961,16413
2023-08-01 20:00:00,1.32962,1.32999,1.3277999999999999,1.32821,6866
2023-08-02 00:00:00,1.32797,1.3281399999999999,1.32616,1.32773,5449
2023-08-02 04:00:00,1.32772,1.32983,1.32708,1.32948,9951
2023-08-02 08:00:00,1.32951,1.33163,1.32883,1.3311899999999999,11227
2023-08-02 12:00:00,1.33118,1.33223,1.3302100000000001,1.33154,12699
2023-08-02 16:00:00,1.33158,1.33486,1.33102,1.33295,18190
2023-08-02 20:00:00,1.33293,1.33526,1.3327200000000001,1.33515,7837
2023-08-03 00:00:00,1.33425,1.33506,1.33382,1.3348200000000001,2912
2023-08-03 04:00:00,1.33484,1.33585,1.33343,1.33583,7560
2023-08-03 08:00:00,1.33583,1.3378,1.33457,1.33765,11810
2023-08-03 12:00:00,1.33764,1.33771,1.33472,1.33531,14376
2023-08-03 16:00:00,1.3353,1.33725,1.33286,1.3333599999999999,20583
2023-08-03 20:00:00,1.33335,1.33602,1.33315,1.33567,7125
2023-08-04 00:00:00,1.33513,1.33558,1.3338999999999999,1.3338999999999999,2664
2023-08-04 04:00:00,1.33389,1.33559,1.33343,1.33537,8661
2023-08-04 08:00:00,1.33539,1.3370199999999999,1.33444,1.33678,10789
2023-08-04 12:00:00,1.33678,1.33937,1.33561,1.33643,14744
2023-08-04 16:00:00,1.3364500000000001,1.33725,1.3319,1.33217,20195
2023-08-04 20:00:00,1.33217,1.33904,1.3321,1.33822,9535
2023-08-07 00:00:00,1.33637,1.33827,1.3363,1.33692,3921
2023-08-07 04:00:00,1.3369900000000001,1.3384800000000001,1.33677,1.33771,7457
2023-08-07 08:00:00,1.33771,1.33925,1.337,1.33843,9771
2023-08-07 12:00:00,1.33844,1.33991,1.3358400000000001,1.33596,7757
2023-08-07 16:00:00,1.33594,1.33867,1.33557,1.33698,14272
2023-08-07 20:00:00,1.33698,1.33723,1.3361100000000001,1.33681,6216
2023-08-08 00:00:00,1.33684,1.33757,1.33591,1.33738,2907
2023-08-08 04:00:00,1.33737,1.33984,1.3373599999999999,1.33922,8375
2023-08-08 08:00:00,1.33924,1.34369,1.33911,1.34231,10379
2023-08-08 12:00:00,1.34229,1.35018,1.34206,1.34852,12287
2023-08-08 16:00:00,1.34852,1.34971,1.34353,1.34439,17702
2023-08-08 20:00:00,1.34439,1.34456,1.34101,1.34183,7901
2023-08-09 00:00:00,1.34172,1.34292,1.34105,1.3429,3534
2023-08-09 04:00:00,1.34293,1.3431,1.34108,1.3416299999999999,6400
2023-08-09 08:00:00,1.34162,1.3424,1.34039,1.34173,9312
2023-08-09 12:00:00,1.34172,1.34538,1.34074,1.34445,10486
2023-08-09 16:00:00,1.34445,1.3449200000000001,1.3416000000000001,1.34331,18169
2023-08-09 20:00:00,1.3433,1.34331,1.34076,1.34227,7764
2023-08-10 00:00:00,1.34134,1.34236,1.34134,1.34182,2504
2023-08-10 04:00:00,1.34182,1.34239,1.34078,1.34185,5193
2023-08-10 08:00:00,1.34188,1.3419699999999999,1.33866,1.34073,8925
2023-08-10 12:00:00,1.34073,1.3412,1.33718,1.33903,12430
2023-08-10 16:00:00,1.33906,1.3419699999999999,1.33766,1.34179,23214
2023-08-10 20:00:00,1.34179,1.34497,1.34151,1.34475,13114
2023-08-11 00:00:00,1.34355,1.3448,1.34336,1.3437000000000001,3320
2023-08-11 04:00:00,1.34367,1.34452,1.34268,1.34442,6818
2023-08-11 08:00:00,1.34442,1.34566,1.34298,1.34454,10212
2023-08-11 12:00:00,1.34459,1.34659,1.34314,1.34592,12653
2023-08-11 16:00:00,1.34592,1.34646,1.34122,1.34437,19252
2023-08-11 20:00:00,1.34436,1.34514,1.34371,1.34453,6315
2023-08-14 00:00:00,1.34349,1.34509,1.34337,1.3449200000000001,4477
2023-08-14 04:00:00,1.34493,1.34696,1.34451,1.3463,7588
2023-08-14 08:00:00,1.34628,1.34668,1.34418,1.34497,11587
2023-08-14 12:00:00,1.34497,1.34657,1.34378,1.34573,11969
2023-08-14 16:00:00,1.34574,1.34798,1.3444,1.3456299999999999,18253
2023-08-14 20:00:00,1.34562,1.34723,1.34501,1.34608,8095
2023-08-15 00:00:00,1.34602,1.34671,1.34555,1.34606,2297
2023-08-15 04:00:00,1.34608,1.34699,1.34423,1.34458,8406
2023-08-15 08:00:00,1.34456,1.34949,1.34388,1.34835,12003
2023-08-15 12:00:00,1.34835,1.35004,1.34478,1.34662,15367
2023-08-15 16:00:00,1.34665,1.34935,1.34457,1.34852,22555
2023-08-15 20:00:00,1.34852,1.35015,1.3483100000000001,1.3498,7556
2023-08-16 00:00:00,1.34978,1.35029,1.3489200000000001,1.3496299999999999,3642
2023-08-16 04:00:00,1.34966,1.35095,1.34913,1.34976,6774
2023-08-16 08:00:00,1.34977,1.35098,1.34751,1.34801,12071
2023-08-16 12:00:00,1.34803,1.35064,1.3475,1.3506,12649
2023-08-16 16:00:00,1.35061,1.353,1.34812,1.35288,22702
2023-08-16 20:00:00,1.35289,1.35447,1.3517700000000001,1.35303,14108
2023-08-17 00:00:00,1.35315,1.3549,1.35211,1.35454,4614
2023-08-17 04:00:00,1.35456,1.35521,1.35275,1.35287,10207
2023-08-17 08:00:00,1.35289,1.35465,1.35176,1.35277,13696
2023-08-17 12:00:00,1.35278,1.35345,1.34969,1.35062,15168
2023-08-17 16:00:00,1.35065,1.353,1.34959,1.35206,18981
2023-08-17 20:00:00,1.3520400000000001,1.35517,1.35187,1.3546,9513
2023-08-18 00:00:00,1.35396,1.3548200000000001,1.35309,1.35384,3479
2023-08-18 04:00:00,1.35385,1.35495,1.35243,1.3547500000000001,9433
2023-08-18 08:00:00,1.3547500000000001,1.35555,1.35338,1.35426,15100
2023-08-18 12:00:00,1.35429,1.35747,1.35317,1.35696,13536
2023-08-18 16:00:00,1.35697,1.35714,1.35354,1.35366,21167
2023-08-18 20:00:00,1.35366,1.3555,1.35332,1.35488,7742
2023-08-21 00:00:00,1.35428,1.355,1.35371,1.35429,3726
2023-08-21 04:00:00,1.3543,1.35547,1.35344,1.35429,7373
2023-08-21 08:00:00,1.35429,1.3549,1.35286,1.35311,11768
2023-08-21 12:00:00,1.35312,1.35315,1.34959,1.3508499999999999,13251
2023-08-21 16:00:00,1.35086,1.35728,1.3508499999999999,1.35571,20107
2023-08-21 20:00:00,1.35569,1.35589,1.35407,1.3544800000000001,8496
2023-08-22 00:00:00,1.3544,1.35541,1.35382,1.35472,3239
2023-08-22 04:00:00,1.35474,1.3551199999999999,1.35344,1.35449,8931
2023-08-22 08:00:00,1.35449,1.35504,1.35245,1.35304,13025
2023-08-22 12:00:00,1.35304,1.35375,1.35128,1.35354,11673
2023-08-22 16:00:00,1.35355,1.35649,1.3525,1.35529,18045
2023-08-22 20:00:00,1.3553,1.35638,1.35513,1.3552,7755
2023-08-23 00:00:00,1.35446,1.3553899999999999,1.35407,1.35474,2872
2023-08-23 04:00:00,1.3547799999999999,1.355,1.35324,1.35385,7287
2023-08-23 08:00:00,1.3538700000000001,1.35606,1.35354,1.3550499999999999,12307
2023-08-23 12:00:00,1.35506,1.35972,1.35489,1.35935,13549
2023-08-23 16:00:00,1.35935,1.3604,1.35227,1.35273,17344
2023-08-23 20:00:00,1.35269,1.35429,1.35201,1.35246,8036
2023-08-24 00:00:00,1.35217,1.35285,1.35145,1.35217,3809
2023-08-24 04:00:00,1.35215,1.35333,1.35128,1.35132,7826
2023-08-24 08:00:00,1.35132,1.35411,1.35097,1.35317,11892
2023-08-24 12:00:00,1.3531900000000001,1.35601,1.35286,1.3556599999999999,11875
2023-08-24 16:00:00,1.35569,1.35874,1.35494,1.35645,20746
2023-08-24 20:00:00,1.35648,1.35889,1.35605,1.35824,8741
2023-08-25 00:00:00,1.35737,1.35877,1.35731,1.35825,3576
2023-08-25 04:00:00,1.35824,1.3601,1.35797,1.3600400000000001,5253
2023-08-25 08:00:00,1.36005,1.36022,1.35795,1.35799,10787
2023-08-25 12:00:00,1.35801,1.35933,1.35689,1.3590200000000001,8724
2023-08-25 16:00:00,1.3590200000000001,1.36399,1.3572899999999999,1.36155,25164
2023-08-25 20:00:00,1.36155,1.36295,1.35883,1.36042,10216
2023-08-28 00:00:00,1.35867,1.36005,1.35863,1.3596300000000001,3370
2023-08-28 04:00:00,1.3596599999999999,1.35967,1.35829,1.35923,7258
2023-08-28 08:00:00,1.35924,1.36045,1.35836,1.36007,7130
2023-08-28 12:00:00,1.36008,1.36062,1.35886,1.35989,8441
2023-08-28 16:00:00,1.35993,1.36117,1.357,1.35921,16274
2023-08-28 20:00:00,1.35921,1.3609499999999999,1.35894,1.35992,7858
2023-08-29 00:00:00,1.3593,1.36048,1.35893,1.36038,3909
2023-08-29 04:00:00,1.36038,1.36056,1.35861,1.35938,6659
2023-08-29 08:00:00,1.3593899999999999,1.36129,1.3588,1.36123,10799
2023-08-29 12:00:00,1.36124,1.36372,1.35986,1.36324,11381
2023-08-29 16:00:00,1.36326,1.36368,1.35782,1.3585099999999999,18822
2023-08-29 20:00:00,1.3585,1.3585,1.35493,1.35501,9072
2023-08-30 00:00:00,1.3551199999999999,1.35707,1.35499,1.35633,2673
2023-08-30 04:00:00,1.3563,1.35768,1.35605,1.35738,8084
2023-08-30 08:00:00,1.35737,1.35766,1.3557299999999999,1.35642,14033
2023-08-30 12:00:00,1.35642,1.35673,1.35321,1.3538700000000001,13463
2023-08-30 16:00:00,1.35391,1.35499,1.35128,1.3532199999999999,18264
2023-08-30 20:00:00,1.35321,1.35476,1.35237,1.35327,7855
2023-08-31 00:00:00,1.35273,1.35369,1.35211,1.35337,4199
2023-08-31 04:00:00,1.35336,1.35406,1.3520400000000001,1.35372,6140
2023-08-31 08:00:00,1.35374,1.3548200000000001,1.35306,1.35419,8972
2023-08-31 12:00:00,1.35419,1.35576,1.35224,1.35275,12393
2023-08-31 16:00:00,1.35276,1.35549,1.35144,1.35453,18937
2023-08-31 20:00:00,1.35449,1.35458,1.3504,1.35084,7093
2023-09-01 00:00:00,1.35067,1.35159,1.3504800000000001,1.35103,3275
2023-09-01 04:00:00,1.35102,1.35151,1.34887,1.35087,6484
2023-09-01 08:00:00,1.35087,1.35213,1.34939,1.35098,8113
2023-09-01 12:00:00,1.35099,1.35554,1.34949,1.35433,12377
2023-09-01 16:00:00,1.35434,1.3612600000000001,1.35333,1.3603100000000001,24540
2023-09-01 20:00:00,1.36025,1.36039,1.35903,1.35917,6019
2023-09-04 00:00:00,1.35864,1.35985,1.35846,1.35935,2104
2023-09-04 04:00:00,1.35935,1.35981,1.3583,1.35837,6376
2023-09-04 08:00:00,1.3584,1.36014,1.35751,1.3596300000000001,7733
2023-09-04 12:00:00,1.35964,1.3604,1.3591,1.35993,4549
2023-09-04 16:00:00,1.35993,1.36047,1.35885,1.3595,4826
2023-09-04 20:00:00,1.35952,1.35955,1.35921,1.35929,860
2023-09-05 00:00:00,1.35929,1.36046,1.3585099999999999,1.36008,2932
2023-09-05 04:00:00,1.36008,1.36188,1.35972,1.36142,5878
2023-09-05 08:00:00,1.36143,1.36693,1.36118,1.3661400000000001,13541
2023-09-05 12:00:00,1.36615,1.36626,1.3630900000000001,1.36358,12372
2023-09-05 16:00:00,1.36357,1.36429,1.3599,1.36123,18667
2023-09-05 20:00:00,1.36124,1.36446,1.36123,1.3639000000000001,6296
2023-09-06 00:00:00,1.36331,1.36493,1.3627500000000001,1.36465,2631
2023-09-06 04:00:00,1.36465,1.36568,1.36401,1.36401,5899
2023-09-06 08:00:00,1.36402,1.36717,1.36261,1.36526,11224
2023-09-06 12:00:00,1.36526,1.3661699999999999,1.36399,1.36513,9007
2023-09-06 16:00:00,1.36513,1.3676300000000001,1.3622,1.36615,20222
2023-09-06 20:00:00,1.36618,1.36664,1.36347,1.36352,6010
2023-09-07 00:00:00,1.36347,1.36481,1.36319,1.3644,2748
2023-09-07 04:00:00,1.36443,1.36532,1.36355,1.36513,5311
2023-09-07 08:00:00,1.36516,1.36551,1.36318,1.36449,10969
2023-09-07 12:00:00,1.36447,1.36654,1.36381,1.36525,11855
2023-09-07 16:00:00,1.36526,1.3694,1.36452,1.36899,15067
2023-09-07 20:00:00,1.36898,1.369,1.36733,1.36839,5848
2023-09-08 00:00:00,1.36788,1.36867,1.36758,1.36798,2281
2023-09-08 04:00:00,1.36799,1.36894,1.36657,1.36685,4301
2023-09-08 08:00:00,1.36685,1.36728,1.3652199999999999,1.36685,9002
2023-09-08 12:00:00,1.36684,1.3676,1.36076,1.36231,12525
2023-09-08 16:00:00,1.36232,1.36439,1.36093,1.36282,15651
2023-09-08 20:00:00,1.36283,1.36466,1.36252,1.36405,6443
2023-09-11 00:00:00,1.3631,1.36368,1.36238,1.363,5746
2023-09-11 04:00:00,1.36301,1.3633199999999999,1.36012,1.36015,8600
2023-09-11 08:00:00,1.36014,1.36074,1.35872,1.36012,10143
2023-09-11 12:00:00,1.36012,1.36017,1.35713,1.35723,9082
2023-09-11 16:00:00,1.35723,1.36012,1.3560699999999999,1.35728,14164
2023-09-11 20:00:00,1.35731,1.35863,1.35666,1.35743,4347
2023-09-12 00:00:00,1.35734,1.3587500000000001,1.35679,1.35842,3509
2023-09-12 04:00:00,1.35847,1.3593199999999999,1.35718,1.3583,7286
2023-09-12 08:00:00,1.35833,1.35895,1.3573,1.3582,9339
2023-09-12 12:00:00,1.35819,1.3589,1.35589,1.35779,10493
2023-09-12 16:00:00,1.35782,1.35859,1.35435,1.35576,13632
2023-09-12 20:00:00,1.35575,1.35629,1.35484,1.35498,6175
2023-09-13 00:00:00,1.35494,1.35569,1.35477,1.35525,2915
2023-09-13 04:00:00,1.35525,1.35669,1.35471,1.35541,9090
2023-09-13 08:00:00,1.35542,1.35746,1.355,1.35595,12697
2023-09-13 12:00:00,1.35594,1.35868,1.35456,1.35529,17381
2023-09-13 16:00:00,1.35528,1.35651,1.3520699999999999,1.35464,20197
2023-09-13 20:00:00,1.35465,1.35696,1.35428,1.35506,9126
2023-09-14 00:00:00,1.3546,1.35538,1.35314,1.35327,3156
2023-09-14 04:00:00,1.35327,1.35499,1.35304,1.35338,7422
2023-09-14 08:00:00,1.3534,1.35428,1.35263,1.35304,9293
2023-09-14 12:00:00,1.35305,1.35427,1.3514300000000001,1.3523399999999999,15358
2023-09-14 16:00:00,1.35237,1.35355,1.34932,1.34951,21435
2023-09-14 20:00:00,1.34951,1.35186,1.3495,1.35062,7121
2023-09-15 00:00:00,1.3506,1.35174,1.35029,1.35134,2809
2023-09-15 04:00:00,1.35133,1.35163,1.34937,1.3496000000000001,8280
2023-09-15 08:00:00,1.34957,1.35144,1.34948,1.3508200000000001,11531
2023-09-15 12:00:00,1.35083,1.3541699999999999,1.35016,1.35394,10610
2023-09-15 16:00:00,1.35399,1.35498,1.35023,1.35184,19601
2023-09-15 20:00:00,1.35185,1.3534,1.35153,1.35247,8758
2023-09-18 00:00:00,1.3517700000000001,1.3526500000000001,1.35175,1.35188,2206
2023-09-18 04:00:00,1.35188,1.3528,1.35102,1.35113,5875
2023-09-18 08:00:00,1.35113,1.35187,1.34955,1.3511,9459
2023-09-18 12:00:00,1.3511,1.35162,1.34975,1.35006,6965
2023-09-18 16:00:00,1.35006,1.35149,1.34717,1.3479999999999999,15289
2023-09-18 20:00:00,1.3479999999999999,1.34968,1.34752,1.34839,5270
2023-09-19 00:00:00,1.34839,1.34889,1.34774,1.34823,4435
2023-09-19 04:00:00,1.34824,1.34884,1.34762,1.3477299999999999,5445
2023-09-19 08:00:00,1.3477299999999999,1.34839,1.3442,1.3452,9795
2023-09-19 12:00:00,1.34516,1.3458700000000001,1.3378999999999999,1.3399,12027
2023-09-19 16:00:00,1.33991,1.34475,1.33837,1.34443,17629
2023-09-19 20:00:00,1.34444,1.34479,1.3436,1.34464,6564
2023-09-20 00:00:00,1.34444,1.34491,1.34418,1.3446,4143
2023-09-20 04:00:00,1.34462,1.34644,1.34444,1.3458999999999999,5468
2023-09-20 08:00:00,1.3458999999999999,1.34626,1.34393,1.34463,8754
2023-09-20 12:00:00,1.34463,1.3447200000000001,1.34231,1.34379,8088
2023-09-20 16:00:00,1.34379,1.34385,1.33956,1.34039,14280
2023-09-20 20:00:00,1.3403800000000001,1.3477299999999999,1.3403800000000001,1.34612,19094
2023-09-21 00:00:00,1.34484,1.34852,1.34479,1.34832,4258
2023-09-21 04:00:00,1.34833,1.35007,1.34749,1.34897,6512
2023-09-21 08:00:00,1.34896,1.3501400000000001,1.34836,1.34949,9820
2023-09-21 12:00:00,1.34949,1.35196,1.3491,1.3504800000000001,13097
2023-09-21 16:00:00,1.35047,1.35235,1.34686,1.34766,17955
2023-09-21 20:00:00,1.34763,1.34886,1.34604,1.34835,7338
2023-09-22 00:00:00,1.3477000000000001,1.34817,1.34666,1.34764,2934
2023-09-22 04:00:00,1.34765,1.34811,1.34596,1.34635,5724
2023-09-22 08:00:00,1.34635,1.3483800000000001,1.34589,1.34628,11241
2023-09-22 12:00:00,1.34628,1.34641,1.34234,1.34457,9020
2023-09-22 16:00:00,1.34452,1.3477700000000001,1.34352,1.3471,13844
2023-09-22 20:00:00,1.34711,1.34915,1.34662,1.3482,7443
2023-09-25 00:00:00,1.34705,1.34818,1.3465,1.34745,5577
2023-09-25 04:00:00,1.34745,1.3489499999999999,1.34715,1.34814,6020
2023-09-25 08:00:00,1.34815,1.3489499999999999,1.34722,1.3484099999999999,7288
2023-09-25 12:00:00,1.3484,1.3484099999999999,1.34539,1.34659,7183
2023-09-25 16:00:00,1.3466,1.34918,1.34612,1.34681,14628
2023-09-25 20:00:00,1.3468,1.34757,1.3453,1.3453300000000001,6538
2023-09-26 00:00:00,1.3452899999999999,1.3461,1.34487,1.34596,2463
2023-09-26 04:00:00,1.3459400000000001,1.34801,1.3453300000000001,1.34754,5251
2023-09-26 08:00:00,1.34754,1.34997,1.34733,1.3490199999999999,11180
2023-09-26 12:00:00,1.3490199999999999,1.3511600000000001,1.34821,1.34999,12222
2023-09-26 16:00:00,1.35002,1.35156,1.34862,1.3510499999999999,18305
2023-09-26 20:00:00,1.35106,1.35279,1.3508499999999999,1.35168,8932
2023-09-27 00:00:00,1.35149,1.3525,1.3504,1.35215,3981
2023-09-27 04:00:00,1.35215,1.35242,1.35012,1.35188,8762
2023-09-27 08:00:00,1.35189,1.35254,1.35114,1.35192,7844
2023-09-27 12:00:00,1.35191,1.35376,1.35101,1.35127,10255
2023-09-27 16:00:00,1.35127,1.35217,1.35019,1.35171,16786
2023-09-27 20:00:00,1.35169,1.35429,1.3495,1.35002,11457
2023-09-28 00:00:00,1.34977,1.3504800000000001,1.34908,1.3491,3033
2023-09-28 04:00:00,1.34911,1.35004,1.34824,1.3489900000000001,7879
2023-09-28 08:00:00,1.349,1.35137,1.3486500000000001,1.34971,10481
2023-09-28 12:00:00,1.34973,1.35064,1.34756,1.3495599999999999,12777
2023-09-28 16:00:00,1.34958,1.35046,1.34705,1.34845,22746
2023-09-28 20:00:00,1.34845,1.3516,1.34832,1.34857,10713
2023-09-29 00:00:00,1.3487,1.35067,1.3480400000000001,1.35034,3072
2023-09-29 04:00:00,1.35033,1.35053,1.34754,1.34803,7547
2023-09-29 08:00:00,1.3480400000000001,1.34836,1.3442,1.3450199999999999,9292
2023-09-29 12:00:00,1.34506,1.34521,1.34166,1.34287,11874
2023-09-29 16:00:00,1.3428499999999999,1.35486,1.3428200000000001,1.35446,24832
2023-09-29 20:00:00,1.3544800000000001,1.3584800000000001,1.35447,1.35684,12634
2023-10-02 00:00:00,1.35676,1.35813,1.3556300000000001,1.3574899999999999,4477
2023-10-02 04:00:00,1.35751,1.35883,1.35699,1.35882,4904
2023-10-02 08:00:00,1.35887,1.3600400000000001,1.35613,1.35945,8604
2023-10-02 12:00:00,1.35945,1.3627500000000001,1.35934,1.36253,11891
2023-10-02 16:00:00,1.36254,1.36795,1.36225,1.36776,24471
2023-10-02 20:00:00,1.36777,1.36779,1.36552,1.36735,10002
2023-10-03 00:00:00,1.3670200000000001,1.36863,1.36606,1.36804,4064
2023-10-03 04:00:00,1.36806,1.37119,1.36779,1.37099,7965
2023-10-03 08:00:00,1.371,1.3716,1.36855,1.36972,10984
2023-10-03 12:00:00,1.36972,1.3728,1.3694899999999999,1.3706800000000001,13449
2023-10-03 16:00:00,1.37067,1.37354,1.36825,1.37152,30886
2023-10-03 20:00:00,1.37152,1.37235,1.36977,1.37084,11570
2023-10-04 00:00:00,1.3708,1.37134,1.36985,1.37025,3198
2023-10-04 04:00:00,1.37024,1.37196,1.36954,1.36974,7907
2023-10-04 08:00:00,1.36972,1.37236,1.36941,1.36951,14278
2023-10-04 12:00:00,1.36951,1.37208,1.369,1.37185,14663
2023-10-04 16:00:00,1.37186,1.37792,1.37131,1.37363,25923
2023-10-04 20:00:00,1.37362,1.3761,1.37337,1.37438,11498
2023-10-05 00:00:00,1.3743699999999999,1.37555,1.37325,1.37397,4119
2023-10-05 04:00:00,1.37399,1.374,1.37103,1.37157,5838
2023-10-05 08:00:00,1.3716,1.37839,1.37152,1.37836,11324
2023-10-05 12:00:00,1.3783699999999999,1.37852,1.3749799999999999,1.3755600000000001,14134
2023-10-05 16:00:00,1.3755600000000001,1.37635,1.37222,1.3725,26811
2023-10-05 20:00:00,1.37249,1.37296,1.37039,1.37045,10441
2023-10-06 00:00:00,1.3702,1.37138,1.37008,1.37089,3624
2023-10-06 04:00:00,1.3709,1.37145,1.37024,1.3714,5637
2023-10-06 08:00:00,1.3714,1.37275,1.3695300000000001,1.3710200000000001,10455
2023-10-06 12:00:00,1.37103,1.37447,1.3697300000000001,1.37137,16610
2023-10-06 16:00:00,1.3713899999999999,1.37293,1.36518,1.3670499999999999,34883
2023-10-06 20:00:00,1.3670499999999999,1.36741,1.36436,1.36618,9604
2023-10-09 00:00:00,1.36724,1.36791,1.36403,1.36406,7670
2023-10-09 04:00:00,1.36407,1.36626,1.36398,1.36616,8275
2023-10-09 08:00:00,1.36616,1.36762,1.36436,1.36612,12541
2023-10-09 12:00:00,1.36611,1.36703,1.36456,1.3647,14177
2023-10-09 16:00:00,1.36471,1.36475,1.36125,1.36212,22650
2023-10-09 20:00:00,1.36212,1.3622,1.35808,1.35886,10967
2023-10-10 00:00:00,1.35891,1.35941,1.35748,1.35782,5547
2023-10-10 04:00:00,1.35779,1.35864,1.35689,1.3584800000000001,8911
2023-10-10 08:00:00,1.3585,1.36169,1.35774,1.35852,17547
2023-10-10 12:00:00,1.35852,1.36067,1.35852,1.35958,16817
2023-10-10 16:00:00,1.35958,1.36077,1.35761,1.35801,24177
2023-10-10 20:00:00,1.35804,1.35994,1.3575599999999999,1.35827,12698
2023-10-11 00:00:00,1.35823,1.3586,1.35711,1.35806,3235
2023-10-11 04:00:00,1.35808,1.35948,1.35786,1.35907,5330
2023-10-11 08:00:00,1.3590900000000001,1.36007,1.35816,1.35951,13147
2023-10-11 12:00:00,1.35954,1.36151,1.3584800000000001,1.3588,17070
2023-10-11 16:00:00,1.35882,1.36193,1.35794,1.36063,28027
2023-10-11 20:00:00,1.3606099999999999,1.36236,1.35915,1.35917,10824
2023-10-12 00:00:00,1.3593,1.35976,1.35858,1.35877,3813
2023-10-12 04:00:00,1.35877,1.3597000000000001,1.35825,1.35865,5851
2023-10-12 08:00:00,1.35866,1.35952,1.3578000000000001,1.35925,12267
2023-10-12 12:00:00,1.35924,1.36094,1.3582,1.36008,15667
2023-10-12 16:00:00,1.36008,1.3676300000000001,1.35958,1.36685,28179
2023-10-12 20:00:00,1.36686,1.37002,1.36665,1.36914,15312
2023-10-13 00:00:00,1.36881,1.3694,1.36795,1.36816,4399
2023-10-13 04:00:00,1.36818,1.36883,1.36777,1.36868,7187
2023-10-13 08:00:00,1.36869,1.36889,1.36598,1.3669,9575
2023-10-13 12:00:00,1.36689,1.36884,1.36587,1.3661400000000001,17012
2023-10-13 16:00:00,1.3661400000000001,1.36814,1.36361,1.36543,21000
2023-10-13 20:00:00,1.36543,1.3670900000000001,1.36507,1.36595,9055
2023-10-16 00:00:00,1.36506,1.36571,1.36395,1.36513,5267
2023-10-16 04:00:00,1.3651200000000001,1.36517,1.36378,1.3642,5632
2023-10-16 08:00:00,1.36421,1.36552,1.36324,1.36455,9791
2023-10-16 12:00:00,1.36455,1.36486,1.3612600000000001,1.36143,10153
2023-10-16 16:00:00,1.36142,1.3638,1.36077,1.3608,16514
2023-10-16 20:00:00,1.36079,1.36208,1.3606,1.36099,7604
2023-10-17 00:00:00,1.36083,1.36173,1.36037,1.36142,3405
2023-10-17 04:00:00,1.36142,1.36323,1.36142,1.36317,4807
2023-10-17 08:00:00,1.36317,1.36443,1.36174,1.36423,8440
2023-10-17 12:00:00,1.3642400000000001,1.37025,1.36247,1.36848,13491
2023-10-17 16:00:00,1.36847,1.36909,1.36208,1.36406,23377
2023-10-17 20:00:00,1.36406,1.36581,1.3633600000000001,1.36472,10288
2023-10-18 00:00:00,1.36457,1.36581,1.36411,1.36575,2736
2023-10-18 04:00:00,1.3657599999999999,1.3657599999999999,1.36301,1.3636300000000001,7206
2023-10-18 08:00:00,1.36364,1.36399,1.3624399999999999,1.36327,12512
2023-10-18 12:00:00,1.36327,1.36664,1.36167,1.36627,14334
2023-10-18 16:00:00,1.36628,1.37114,1.3645800000000001,1.3700999999999999,24352
2023-10-18 20:00:00,1.37012,1.3716,1.36772,1.3715899999999999,13729
2023-10-19 00:00:00,1.37112,1.3721700000000001,1.37084,1.37169,4436
2023-10-19 04:00:00,1.37168,1.37353,1.3709,1.37292,7186
2023-10-19 08:00:00,1.37293,1.37367,1.3716599999999999,1.37364,13504
2023-10-19 12:00:00,1.37365,1.37408,1.3713600000000001,1.37311,13423
2023-10-19 16:00:00,1.37308,1.37351,1.36846,1.3691,28633
2023-10-19 20:00:00,1.36911,1.37223,1.36789,1.3719000000000001,19186
2023-10-20 00:00:00,1.3721,1.3726,1.37109,1.37238,3774
2023-10-20 04:00:00,1.3724,1.37339,1.37042,1.3712900000000001,7141
2023-10-20 08:00:00,1.37128,1.3728799999999999,1.36872,1.36924,12965
2023-10-20 12:00:00,1.36928,1.37088,1.36818,1.36859,12907
2023-10-20 16:00:00,1.36862,1.3704399999999999,1.36693,1.36931,21620
2023-10-20 20:00:00,1.36931,1.37137,1.3688,1.37099,12753
2023-10-23 00:00:00,1.37051,1.3716300000000001,1.36845,1.37108,4290
2023-10-23 04:00:00,1.37108,1.37207,1.37062,1.3716300000000001,6997
2023-10-23 08:00:00,1.37164,1.37353,1.37082,1.3711,10286
2023-10-23 12:00:00,1.37111,1.37366,1.37018,1.37094,15247
2023-10-23 16:00:00,1.37094,1.37348,1.3672,1.3672,24517
2023-10-23 20:00:00,1.3672,1.3697599999999999,1.36672,1.36905,12490
2023-10-24 00:00:00,1.369,1.36927,1.36832,1.3685800000000001,4628
2023-10-24 04:00:00,1.3686,1.36913,1.36672,1.36734,8898
2023-10-24 08:00:00,1.36735,1.36993,1.3660999999999999,1.36894,13255
2023-10-24 12:00:00,1.36893,1.3709799999999999,1.36813,1.3705,12762
2023-10-24 16:00:00,1.3705,1.37548,1.3703400000000001,1.37514,23295
2023-10-24 20:00:00,1.37509,1.37515,1.37257,1.37415,8083
2023-10-25 00:00:00,1.37338,1.37462,1.37313,1.37378,5928
2023-10-25 04:00:00,1.37378,1.37447,1.37299,1.37416,6008
2023-10-25 08:00:00,1.37416,1.37663,1.37402,1.37609,11213
2023-10-25 12:00:00,1.3761,1.37835,1.37519,1.37711,11856
2023-10-25 16:00:00,1.37711,1.38098,1.37606,1.37858,23235
2023-10-25 20:00:00,1.3786,1.38006,1.37802,1.37988,12126
2023-10-26 00:00:00,1.37924,1.38126,1.37884,1.38097,4153
2023-10-26 04:00:00,1.38097,1.38179,1.38018,1.38159,7520
2023-10-26 08:00:00,1.3816,1.3820000000000001,1.3793199999999999,1.37961,14560
2023-10-26 12:00:00,1.37962,1.38253,1.3789500000000001,1.38138,15344
2023-10-26 16:00:00,1.38137,1.3844,1.3805399999999999,1.38408,25083
2023-10-26 20:00:00,1.38407,1.3841999999999999,1.38122,1.38318,13817
2023-10-27 00:00:00,1.38242,1.38312,1.3814600000000001,1.38247,4060
2023-10-27 04:00:00,1.38246,1.38304,1.3804,1.38053,7424
2023-10-27 08:00:00,1.3805399999999999,1.38252,1.38005,1.38018,11311
2023-10-27 12:00:00,1.38018,1.3836,1.3795899999999999,1.38227,12182
2023-10-27 16:00:00,1.38226,1.38738,1.38157,1.3865,24383
2023-10-27 20:00:00,1.38651,1.38801,1.38615,1.38746,11788
2023-10-30 00:00:00,1.38551,1.3873,1.38535,1.3859,4049
2023-10-30 04:00:00,1.38589,1.3866100000000001,1.385,1.38629,6104
2023-10-30 08:00:00,1.3862999999999999,1.38649,1.38518,1.38618,7548
2023-10-30 12:00:00,1.38618,1.38619,1.3826100000000001,1.3835600000000001,11402
2023-10-30 16:00:00,1.38357,1.38575,1.38127,1.38431,21571
2023-10-30 20:00:00,1.38431,1.38507,1.3816,1.38259,9437
2023-10-31 00:00:00,1.3826399999999999,1.3835899999999999,1.3817599999999999,1.38345,3162
2023-10-31 04:00:00,1.38346,1.38518,1.38327,1.38487,9081
2023-10-31 08:00:00,1.38486,1.38493,1.38197,1.38206,9162
2023-10-31 12:00:00,1.3820700000000001,1.38497,1.38133,1.38491,13368
2023-10-31 16:00:00,1.38492,1.38919,1.3849,1.38885,23001
2023-10-31 20:00:00,1.38883,1.38899,1.38609,1.3875600000000001,10625
2023-11-01 00:00:00,1.38697,1.38864,1.38631,1.3881999999999999,3639
2023-11-01 04:00:00,1.38821,1.38891,1.38747,1.388,8471
2023-11-01 08:00:00,1.38803,1.38886,1.38635,1.38848,8883
2023-11-01 12:00:00,1.38848,1.38918,1.38635,1.38712,14576
2023-11-01 16:00:00,1.38712,1.38919,1.38408,1.38871,23154
2023-11-01 20:00:00,1.38871,1.38988,1.38532,1.38536,19369
2023-11-02 00:00:00,1.3854199999999999,1.38554,1.38287,1.38293,4585
2023-11-02 04:00:00,1.38294,1.3836,1.38243,1.38353,6458
2023-11-02 08:00:00,1.38353,1.38517,1.38309,1.38328,10167
2023-11-02 12:00:00,1.38327,1.38333,1.37896,1.37896,15155
2023-11-02 16:00:00,1.37897,1.3805399999999999,1.3769,1.37817,21538
2023-11-02 20:00:00,1.37816,1.37824,1.37354,1.3738000000000001,9188
2023-11-03 00:00:00,1.37378,1.37601,1.37357,1.37571,2702
2023-11-03 04:00:00,1.37572,1.3759700000000001,1.37369,1.37394,6006
2023-11-03 08:00:00,1.37393,1.37452,1.37276,1.37443,7769
2023-11-03 12:00:00,1.37443,1.3755,1.3691900000000001,1.36939,14291
2023-11-03 16:00:00,1.36939,1.37076,1.36558,1.36559,28000
2023-11-03 20:00:00,1.36558,1.36833,1.36542,1.36642,9292
2023-11-06 00:00:00,1.36584,1.36665,1.3654,1.36565,4937
2023-11-06 04:00:00,1.36565,1.36565,1.36463,1.36494,5537
2023-11-06 08:00:00,1.3649499999999999,1.36558,1.3629,1.36422,11615
2023-11-06 12:00:00,1.36419,1.36647,1.36353,1.36622,10159
2023-11-06 16:00:00,1.36621,1.36845,1.36558,1.3673,16766
2023-11-06 20:00:00,1.3672900000000001,1.37027,1.36695,1.37008,8250
2023-11-07 00:00:00,1.36903,1.37073,1.36816,1.37049,4865
2023-11-07 04:00:00,1.3705,1.3725399999999999,1.37003,1.37201,7088
2023-11-07 08:00:00,1.37203,1.37499,1.37184,1.37491,10543
2023-11-07 12:00:00,1.37494,1.37601,1.37354,1.37527,12227
2023-11-07 16:00:00,1.37526,1.37826,1.37458,1.37774,19174
2023-11-07 20:00:00,1.37772,1.37785,1.37472,1.3765,8480
2023-11-08 00:00:00,1.37605,1.37743,1.37589,1.3768799999999999,4308
2023-11-08 04:00:00,1.3768799999999999,1.37793,1.37543,1.37781,7249
2023-11-08 08:00:00,1.37781,1.37884,1.37671,1.37877,12256
2023-11-08 12:00:00,1.37877,1.3799299999999999,1.3767800000000001,1.37934,13244
2023-11-08 16:00:00,1.37934,1.38145,1.3776,1.38057,21986
2023-11-08 20:00:00,1.38055,1.38127,1.37903,1.37908,10738
2023-11-09 00:00:00,1.3792200000000001,1.37974,1.37823,1.37878,4622
2023-11-09 04:00:00,1.3788,1.37955,1.37833,1.37943,6761
2023-11-09 08:00:00,1.37944,1.38067,1.37816,1.37897,10656
2023-11-09 12:00:00,1.37897,1.3798599999999999,1.37717,1.37816,14199
2023-11-09 16:00:00,1.37816,1.3787,1.37462,1.37699,19472
2023-11-09 20:00:00,1.37699,1.38159,1.37668,1.3808,17785
2023-11-10 00:00:00,1.38065,1.38144,1.38013,1.3803,5732
2023-11-10 04:00:00,1.38032,1.38077,1.37951,1.37989,9738
2023-11-10 08:00:00,1.37991,1.3814600000000001,1.37907,1.3807,11242
2023-11-10 12:00:00,1.38069,1.3823400000000001,1.38069,1.38218,11505
2023-11-10 16:00:00,1.38216,1.38545,1.38076,1.38097,17983
2023-11-10 20:00:00,1.38099,1.3817,1.37943,1.37995,7321
2023-11-13 00:00:00,1.37886,1.38143,1.37838,1.3808500000000001,5684
2023-11-13 04:00:00,1.38084,1.38197,1.38056,1.38133,6161
2023-11-13 08:00:00,1.38133,1.38152,1.37948,1.3808,9075
2023-11-13 12:00:00,1.38079,1.38315,1.38003,1.38236,11127
2023-11-13 16:00:00,1.38236,1.38285,1.3777,1.37912,16791
2023-11-13 20:00:00,1.37913,1.38082,1.3789,1.3807,6318
2023-11-14 00:00:00,1.3793,1.38059,1.37894,1.38031,4513
2023-11-14 04:00:00,1.38033,1.38216,1.38014,1.38189,4478
2023-11-14 08:00:00,1.38189,1.38278,1.38077,1.38198,8740
2023-11-14 12:00:00,1.38199,1.38433,1.3756,1.3761999999999999,14816
2023-11-14 16:00:00,1.37626,1.37631,1.37066,1.37137,23603
2023-11-14 20:00:00,1.37138,1.37169,1.36844,1.36921,7933
2023-11-15 00:00:00,1.36907,1.371,1.36823,1.37031,4721
2023-11-15 04:00:00,1.37027,1.37028,1.36808,1.36881,5530
2023-11-15 08:00:00,1.36884,1.3704100000000001,1.36767,1.3697,11561
2023-11-15 12:00:00,1.36969,1.3700999999999999,1.3659,1.36818,14409
2023-11-15 16:00:00,1.36813,1.36957,1.36544,1.36661,20293
2023-11-15 20:00:00,1.36663,1.36874,1.36653,1.36837,8089
2023-11-16 00:00:00,1.36804,1.37013,1.3676300000000001,1.36987,6059
2023-11-16 04:00:00,1.36988,1.37127,1.36981,1.36989,7642
2023-11-16 08:00:00,1.36988,1.37058,1.3686099999999999,1.3697599999999999,10788
2023-11-16 12:00:00,1.36977,1.37353,1.3696,1.3712,14401
2023-11-16 16:00:00,1.37121,1.37769,1.3710200000000001,1.376,25328
2023-11-16 20:00:00,1.37599,1.37691,1.37526,1.37538,8983
2023-11-17 00:00:00,1.37513,1.37578,1.37473,1.37508,4680
2023-11-17 04:00:00,1.37508,1.37572,1.3747099999999999,1.37512,5183
2023-11-17 08:00:00,1.3751,1.37708,1.3733,1.37427,11043
2023-11-17 12:00:00,1.37428,1.3744100000000001,1.37113,1.37219,14448
2023-11-17 16:00:00,1.3721999999999999,1.3746399999999999,1.37081,1.37253,22232
2023-11-17 20:00:00,1.3725,1.3728099999999999,1.37094,1.3715600000000001,6721
2023-11-20 00:00:00,1.37094,1.37272,1.37076,1.37179,5800
2023-11-20 04:00:00,1.37179,1.37196,1.3689200000000001,1.37058,9047
2023-11-20 08:00:00,1.37057,1.37176,1.36963,1.36997,11630
2023-11-20 12:00:00,1.36998,1.37262,1.36993,1.37137,12034
2023-11-20 16:00:00,1.3713600000000001,1.37492,1.37086,1.37263,16387
2023-11-20 20:00:00,1.37262,1.37316,1.37117,1.3725399999999999,6932
2023-11-21 00:00:00,1.37181,1.37294,1.37111,1.37151,5804
2023-11-21 04:00:00,1.37153,1.37244,1.37048,1.37238,8020
2023-11-21 08:00:00,1.37239,1.37311,1.37114,1.37284,13597
2023-11-21 12:00:00,1.37286,1.37303,1.3694899999999999,1.37077,12523
2023-11-21 16:00:00,1.37076,1.37113,1.36807,1.36932,18911
2023-11-21 20:00:00,1.36931,1.37051,1.36925,1.3700999999999999,9443
2023-11-22 00:00:00,1.36977,1.3703,1.36902,1.3703,4868
2023-11-22 04:00:00,1.37031,1.37113,1.36979,1.37106,5792
2023-11-22 08:00:00,1.37106,1.37284,1.37054,1.37113,13140
2023-11-22 12:00:00,1.37114,1.37443,1.36984,1.3731200000000001,15829
2023-11-22 16:00:00,1.37313,1.3765399999999999,1.37081,1.37084,23293
2023-11-22 20:00:00,1.37087,1.3712,1.36856,1.36869,9230
2023-11-23 00:00:00,1.36856,1.36932,1.36847,1.36867,3882
2023-11-23 04:00:00,1.36869,1.36876,1.3664,1.36653,5372
2023-11-23 08:00:00,1.36653,1.3688799999999999,1.36507,1.36839,12676
2023-11-23 12:00:00,1.3684,1.37109,1.36757,1.37042,10027
2023-11-23 16:00:00,1.37042,1.37097,1.36911,1.36974,7405
2023-11-23 20:00:00,1.36975,1.37016,1.36899,1.36958,1444
2023-11-24 00:00:00,1.3689200000000001,1.37003,1.36886,1.36964,4255
2023-11-24 04:00:00,1.36965,1.37115,1.36959,1.36969,4971
2023-11-24 08:00:00,1.3697,1.37065,1.36807,1.36927,8936
2023-11-24 12:00:00,1.36927,1.36944,1.36536,1.36593,10887
2023-11-24 16:00:00,1.36593,1.36613,1.3593600000000001,1.36096,15937
2023-11-24 20:00:00,1.36098,1.3642400000000001,1.36064,1.36346,7684
2023-11-27 00:00:00,1.36328,1.36403,1.36242,1.3631,4527
2023-11-27 04:00:00,1.3630900000000001,1.36609,1.36307,1.36517,7525
2023-11-27 08:00:00,1.3651900000000001,1.36543,1.36219,1.36509,11442
2023-11-27 12:00:00,1.36511,1.36589,1.36223,1.36423,12648
2023-11-27 16:00:00,1.36422,1.36534,1.36299,1.36409,18042
2023-11-27 20:00:00,1.36409,1.36439,1.36133,1.36155,7438
2023-11-28 00:00:00,1.36176,1.36196,1.36013,1.36074,5016
2023-11-28 04:00:00,1.36075,1.36089,1.35987,1.3606500000000001,6826
2023-11-28 08:00:00,1.36066,1.36076,1.35859,1.3586,9460
2023-11-28 12:00:00,1.35859,1.36134,1.35737,1.35957,14473
2023-11-28 16:00:00,1.35956,1.36064,1.35602,1.35765,24300
2023-11-28 20:00:00,1.35765,1.35877,1.35612,1.35727,9752
2023-11-29 00:00:00,1.35715,1.3574899999999999,1.3541400000000001,1.35456,7717
2023-11-29 04:00:00,1.35454,1.35521,1.35409,1.35483,6537
2023-11-29 08:00:00,1.3548499999999999,1.35826,1.35431,1.35771,12849
2023-11-29 12:00:00,1.35773,1.35941,1.35654,1.3594,15421
2023-11-29 16:00:00,1.3594,1.3614600000000001,1.3566099999999999,1.35843,23335
2023-11-29 20:00:00,1.35842,1.35996,1.35711,1.3587,10158
2023-11-30 00:00:00,1.35879,1.3593899999999999,1.35827,1.35926,5353
2023-11-30 04:00:00,1.35927,1.35935,1.35738,1.35788,6465
2023-11-30 08:00:00,1.3578999999999999,1.36077,1.35672,1.36059,12752
2023-11-30 12:00:00,1.3606,1.36253,1.35882,1.36203,16322
2023-11-30 16:00:00,1.36206,1.36264,1.3552,1.3584399999999999,29519
2023-11-30 20:00:00,1.35845,1.35849,1.3559999999999999,1.3561,9522
2023-12-01 00:00:00,1.35575,1.35637,1.35354,1.35371,7011
2023-12-01 04:00:00,1.35372,1.3550499999999999,1.35346,1.35376,6990
2023-12-01 08:00:00,1.35378,1.355,1.35176,1.35185,13140
2023-12-01 12:00:00,1.35187,1.3550900000000001,1.35165,1.35281,12780
2023-12-01 16:00:00,1.35282,1.3529900000000001,1.3486799999999999,1.34955,27634
2023-12-01 20:00:00,1.3495599999999999,1.35138,1.3491900000000001,1.3495300000000001,10865
2023-12-04 00:00:00,1.35009,1.35119,1.34796,1.35089,7382
2023-12-04 04:00:00,1.3509,1.3523800000000001,1.35069,1.3521,8110
2023-12-04 08:00:00,1.35212,1.3547799999999999,1.3514599999999999,1.35389,13551
2023-12-04 12:00:00,1.35389,1.35514,1.3525,1.35398,16610
2023-12-04 16:00:00,1.35397,1.35622,1.35171,1.35313,25341
2023-12-04 20:00:00,1.35313,1.35541,1.35311,1.3537,9205
2023-12-05 00:00:00,1.35291,1.35553,1.35284,1.3548499999999999,5785
2023-12-05 04:00:00,1.35487,1.35656,1.35466,1.35555,5284
2023-12-05 08:00:00,1.35554,1.35679,1.35495,1.35535,12080
2023-12-05 12:00:00,1.3553600000000001,1.35918,1.35531,1.35865,14863
2023-12-05 16:00:00,1.35865,1.35888,1.35559,1.35713,27171
2023-12-05 20:00:00,1.35714,1.35942,1.3569,1.35915,8001
2023-12-06 00:00:00,1.3584100000000001,1.35945,1.3569200000000001,1.35727,6788
2023-12-06 04:00:00,1.35728,1.35775,1.35676,1.35738,5883
2023-12-06 08:00:00,1.35738,1.35867,1.35583,1.3584100000000001,9430
2023-12-06 12:00:00,1.3584,1.35886,1.35518,1.3562400000000001,11905
2023-12-06 16:00:00,1.35626,1.35893,1.35486,1.35821,20984
2023-12-06 20:00:00,1.35823,1.35962,1.35652,1.35956,8999
2023-12-07 00:00:00,1.35882,1.35958,1.35859,1.35922,6003
2023-12-07 04:00:00,1.35923,1.36077,1.3589,1.36067,6009
2023-12-07 08:00:00,1.36067,1.36078,1.35837,1.35873,11718
2023-12-07 12:00:00,1.35872,1.36121,1.35853,1.35907,15074
2023-12-07 16:00:00,1.35907,1.36192,1.35864,1.3590499999999999,21410
2023-12-07 20:00:00,1.35908,1.36036,1.35833,1.35989,8956
2023-12-08 00:00:00,1.35908,1.36006,1.3572899999999999,1.35808,6001
2023-12-08 04:00:00,1.35809,1.35835,1.35708,1.35791,5819
2023-12-08 08:00:00,1.35793,1.35926,1.35755,1.35794,11241
2023-12-08 12:00:00,1.35795,1.3601,1.3564,1.35869,18156
2023-12-08 16:00:00,1.35869,1.36091,1.35504,1.35981,26472
2023-12-08 20:00:00,1.35981,1.36041,1.3581699999999999,1.35883,8722
2023-12-11 00:00:00,1.35804,1.35981,1.3578700000000001,1.35965,6103
2023-12-11 04:00:00,1.3596599999999999,1.36044,1.35948,1.35962,6746
2023-12-11 08:00:00,1.3596300000000001,1.35984,1.35801,1.35931,10099
2023-12-11 12:00:00,1.35928,1.35992,1.35684,1.35754,12170
2023-12-11 16:00:00,1.35751,1.35886,1.35503,1.35765,17447
2023-12-11 20:00:00,1.35764,1.35795,1.35626,1.3574,8025
2023-12-12 00:00:00,1.35651,1.35797,1.3564,1.35672,5033
2023-12-12 04:00:00,1.35672,1.35676,1.35519,1.35538,4706
2023-12-12 08:00:00,1.3553600000000001,1.35731,1.3548499999999999,1.3566500000000001,8781
2023-12-12 12:00:00,1.3566799999999999,1.35896,1.35445,1.35873,13002
2023-12-12 16:00:00,1.35873,1.36186,1.3583,1.36094,20465
2023-12-12 20:00:00,1.36096,1.36107,1.35881,1.359,9356
2023-12-13 00:00:00,1.35886,1.35951,1.35847,1.35893,4508
2023-12-13 04:00:00,1.35893,1.35996,1.35886,1.3591,5865
2023-12-13 08:00:00,1.35911,1.36082,1.35884,1.35928,10009
2023-12-13 12:00:00,1.3593,1.35946,1.35579,1.35585,11453
2023-12-13 16:00:00,1.35584,1.35892,1.355,1.35834,15814
2023-12-13 20:00:00,1.35834,1.35914,1.34947,1.35157,20305
2023-12-14 00:00:00,1.35092,1.35154,1.3483100000000001,1.3484099999999999,7972
2023-12-14 04:00:00,1.3484099999999999,1.34849,1.34558,1.34693,9027
2023-12-14 08:00:00,1.34695,1.34817,1.34497,1.34527,14991
2023-12-14 12:00:00,1.3452600000000001,1.34644,1.34259,1.34298,17986
2023-12-14 16:00:00,1.34297,1.3443399999999999,1.3394,1.34091,21664
2023-12-14 20:00:00,1.3409,1.3425799999999999,1.34025,1.34077,8498
2023-12-15 00:00:00,1.3401100000000001,1.34147,1.34008,1.34044,7091
2023-12-15 04:00:00,1.3404099999999999,1.34044,1.33873,1.33957,8564
2023-12-15 08:00:00,1.33957,1.33972,1.3373,1.33752,11256
2023-12-15 12:00:00,1.33753,1.34035,1.33734,1.34023,14784
2023-12-15 16:00:00,1.34022,1.34036,1.33499,1.33664,21845
2023-12-15 20:00:00,1.3366799999999999,1.33834,1.3364099999999999,1.33749,11432
2023-12-18 00:00:00,1.33676,1.3388499999999999,1.33663,1.33861,5314
2023-12-18 04:00:00,1.3386,1.33861,1.33707,1.33741,5314
2023-12-18 08:00:00,1.3374,1.3382800000000001,1.33658,1.33746,9866
2023-12-18 12:00:00,1.33748,1.3384,1.33496,1.33637,11362
2023-12-18 16:00:00,1.3363800000000001,1.34089,1.33616,1.33911,18155
2023-12-18 20:00:00,1.33907,1.3401,1.33896,1.33989,7349
2023-12-19 00:00:00,1.33931,1.33999,1.33887,1.33926,5023
2023-12-19 04:00:00,1.33926,1.34002,1.3388,1.33961,7309
2023-12-19 08:00:00,1.3396,1.34003,1.33837,1.33866,9837
2023-12-19 12:00:00,1.33867,1.3391,1.33355,1.33479,12968
2023-12-19 16:00:00,1.33477,1.33625,1.3332899999999999,1.3341,17904
2023-12-19 20:00:00,1.33411,1.335,1.3333,1.3333300000000001,7841
2023-12-20 00:00:00,1.33337,1.33484,1.33313,1.33445,6954
2023-12-20 04:00:00,1.33445,1.33509,1.33409,1.33487,5947
2023-12-20 08:00:00,1.33488,1.33531,1.33287,1.33297,10147
2023-12-20 12:00:00,1.33296,1.33507,1.33251,1.33408,10369
2023-12-20 16:00:00,1.33408,1.33448,1.33152,1.33195,14641
2023-12-20 20:00:00,1.33196,1.3370199999999999,1.33113,1.33685,12747
2023-12-21 00:00:00,1.33705,1.3371,1.33501,1.33524,4020
2023-12-21 04:00:00,1.33524,1.336,1.3348499999999999,1.33506,4066
2023-12-21 08:00:00,1.33506,1.33595,1.33385,1.33484,9034
2023-12-21 12:00:00,1.3348499999999999,1.33578,1.33276,1.3330899999999999,13438
2023-12-21 16:00:00,1.3331,1.3338,1.32911,1.33112,27290
2023-12-21 20:00:00,1.33112,1.33228,1.32754,1.32823,13524
2023-12-22 00:00:00,1.3281,1.32844,1.3274599999999999,1.32836,5724
2023-12-22 04:00:00,1.32834,1.32926,1.3279,1.32922,6360
2023-12-22 08:00:00,1.32923,1.32925,1.32698,1.32783,9886
2023-12-22 12:00:00,1.32783,1.32912,1.32642,1.32645,13479
2023-12-22 16:00:00,1.32644,1.32739,1.32188,1.32605,21424
2023-12-22 20:00:00,1.3260399999999999,1.32847,1.32556,1.32666,10448
2023-12-26 00:00:00,1.3253300000000001,1.32617,1.3251,1.32551,2816
2023-12-26 04:00:00,1.32551,1.32571,1.32486,1.32507,3732
2023-12-26 08:00:00,1.3250600000000001,1.32619,1.3244799999999999,1.32534,6072
2023-12-26 12:00:00,1.3253599999999999,1.32565,1.32096,1.3214299999999999,8000
2023-12-26 16:00:00,1.3214299999999999,1.32153,1.32016,1.32117,10892
2023-12-26 20:00:00,1.32114,1.32139,1.31961,1.31961,7658
2023-12-27 00:00:00,1.31948,1.32098,1.3192300000000001,1.3199100000000001,3970
2023-12-27 04:00:00,1.3199100000000001,1.32,1.3186,1.31893,3943
2023-12-27 08:00:00,1.31891,1.32089,1.31844,1.3203,7712
2023-12-27 12:00:00,1.3203,1.3208,1.3193,1.31977,7647
2023-12-27 16:00:00,1.31977,1.32127,1.31772,1.32105,14318
2023-12-27 20:00:00,1.32107,1.32192,1.32046,1.3208,8997
2023-12-28 00:00:00,1.32015,1.32085,1.31952,1.31954,4036
2023-12-28 04:00:00,1.31954,1.32059,1.31922,1.32006,4779
2023-12-28 08:00:00,1.32007,1.32172,1.31885,1.32124,8775
2023-12-28 12:00:00,1.32123,1.32322,1.32042,1.3212,12167
2023-12-28 16:00:00,1.32119,1.32164,1.31824,1.32158,17191
2023-12-28 20:00:00,1.32158,1.32354,1.32142,1.32283,10224
2023-12-29 00:00:00,1.32232,1.32328,1.32196,1.32256,6222
2023-12-29 04:00:00,1.32257,1.32325,1.32221,1.32244,5321
2023-12-29 08:00:00,1.32243,1.32538,1.32243,1.32508,8469
2023-12-29 12:00:00,1.32508,1.32651,1.32485,1.32562,11975
2023-12-29 16:00:00,1.32561,1.32613,1.31779,1.32066,20382
2023-12-29 20:00:00,1.32067,1.32548,1.32067,1.32526,10980
2024-01-02 00:00:00,1.32309,1.32495,1.32283,1.3241399999999999,3842
2024-01-02 04:00:00,1.3241399999999999,1.32574,1.3235700000000001,1.3235999999999999,5262
2024-01-02 08:00:00,1.32359,1.32557,1.32281,1.32532,11808
2024-01-02 12:00:00,1.3253300000000001,1.33088,1.32478,1.3299400000000001,15261
2024-01-02 16:00:00,1.3299400000000001,1.33285,1.32992,1.33047,22981
2024-01-02 20:00:00,1.33047,1.3334,1.33047,1.33227,8878
2024-01-03 00:00:00,1.33198,1.33297,1.33161,1.33264,4782
2024-01-03 04:00:00,1.33263,1.33318,1.3324500000000001,1.3327200000000001,7048
2024-01-03 08:00:00,1.33273,1.33339,1.3321,1.33254,13570
2024-01-03 12:00:00,1.33256,1.33642,1.33232,1.3362,14657
2024-01-03 16:00:00,1.3362,1.33674,1.3336999999999999,1.33608,21582
2024-01-03 20:00:00,1.3361,1.33719,1.33474,1.33522,14439
2024-01-04 00:00:00,1.3351899999999999,1.33531,1.33438,1.33465,4362
2024-01-04 04:00:00,1.33467,1.33549,1.33353,1.33398,4168
2024-01-04 08:00:00,1.33399,1.33406,1.33169,1.33236,11909
2024-01-04 12:00:00,1.33237,1.33615,1.33167,1.33566,13326
2024-01-04 16:00:00,1.33566,1.33658,1.33414,1.33545,20359
2024-01-04 20:00:00,1.33547,1.3361399999999999,1.3345799999999999,1.33483,9290
2024-01-05 00:00:00,1.33473,1.33587,1.3341,1.33502,4798
2024-01-05 04:00:00,1.33501,1.33673,1.33459,1.33621,4946
2024-01-05 08:00:00,1.3361399999999999,1.33732,1.3354599999999999,1.33727,10608
2024-01-05 12:00:00,1.33722,1.33987,1.33568,1.33591,15489
2024-01-05 16:00:00,1.33592,1.33683,1.3287,1.33412,29643
2024-01-05 20:00:00,1.33413,1.33685,1.33395,1.33626,10461
2024-01-08 00:00:00,1.3348900000000001,1.33652,1.33443,1.33542,5120
2024-01-08 04:00:00,1.33544,1.3378999999999999,1.33541,1.33737,4483
2024-01-08 08:00:00,1.3373599999999999,1.33942,1.3359,1.33788,13151
2024-01-08 12:00:00,1.33789,1.33985,1.33759,1.33955,12812
2024-01-08 16:00:00,1.33955,1.34047,1.33587,1.3366500000000001,18780
2024-01-08 20:00:00,1.33664,1.33731,1.3346,1.33483,7891
2024-01-09 00:00:00,1.33435,1.33536,1.33435,1.33484,4760
2024-01-09 04:00:00,1.3348499999999999,1.33636,1.334,1.33624,5011
2024-01-09 08:00:00,1.33625,1.3369,1.3349,1.33534,9526
2024-01-09 12:00:00,1.33534,1.33783,1.33511,1.3371,11799
2024-01-09 16:00:00,1.33711,1.34146,1.3367,1.33908,18955
2024-01-09 20:00:00,1.3391,1.3403399999999999,1.3384,1.33893,11741
2024-01-10 00:00:00,1.3388900000000001,1.33937,1.33808,1.33817,6450
2024-01-10 04:00:00,1.33817,1.3384800000000001,1.33768,1.33813,4530
2024-01-10 08:00:00,1.33813,1.3394300000000001,1.33657,1.33708,8947
2024-01-10 12:00:00,1.33707,1.33898,1.3365,1.33844,10522
2024-01-10 16:00:00,1.33843,1.3388,1.33723,1.33798,16775
2024-01-10 20:00:00,1.33798,1.33907,1.33757,1.33785,8603
2024-01-11 00:00:00,1.33719,1.33808,1.33639,1.33652,4839
2024-01-11 04:00:00,1.33647,1.33666,1.33565,1.33589,5547
2024-01-11 08:00:00,1.33589,1.3376299999999999,1.33552,1.33707,7337
2024-01-11 12:00:00,1.33707,1.34104,1.33501,1.34028,15310
2024-01-11 16:00:00,1.34026,1.34426,1.33691,1.3425799999999999,32509
2024-01-11 20:00:00,1.34259,1.3427799999999999,1.3391,1.33947,12450
2024-01-12 00:00:00,1.339,1.3395299999999999,1.33704,1.33718,5745
2024-01-12 04:00:00,1.33716,1.3385799999999999,1.3369900000000001,1.33785,7059
2024-01-12 08:00:00,1.33786,1.33836,1.33473,1.33562,9878
2024-01-12 12:00:00,1.33563,1.33859,1.33531,1.3355000000000001,15531
2024-01-12 16:00:00,1.3355000000000001,1.34108,1.33429,1.34021,26030
2024-01-12 20:00:00,1.34024,1.34114,1.33954,1.3405,8459
2024-01-15 00:00:00,1.33998,1.34141,1.33931,1.3394300000000001,6970
2024-01-15 04:00:00,1.33944,1.33997,1.33816,1.33989,6912
2024-01-15 08:00:00,1.33989,1.3415599999999999,1.33896,1.3415,9648
2024-01-15 12:00:00,1.34151,1.34307,1.34093,1.34297,10654
2024-01-15 16:00:00,1.34296,1.34481,1.34277,1.34387,8068
2024-01-15 20:00:00,1.34387,1.34389,1.3424800000000001,1.34261,1294
2024-01-16 00:00:00,1.34218,1.34572,1.34218,1.34545,5874
2024-01-16 04:00:00,1.34544,1.34778,1.34544,1.34769,6886
2024-01-16 08:00:00,1.34768,1.34992,1.3471199999999999,1.3497,11550
2024-01-16 12:00:00,1.34969,1.35002,1.34448,1.34628,14010
2024-01-16 16:00:00,1.34628,1.34942,1.34566,1.3489499999999999,25305
2024-01-16 20:00:00,1.3489499999999999,1.35018,1.34833,1.34935,9964
2024-01-17 00:00:00,1.34869,1.3495599999999999,1.3483800000000001,1.34882,6173
2024-01-17 04:00:00,1.34882,1.3510900000000001,1.34798,1.35088,6524
2024-01-17 08:00:00,1.35089,1.35304,1.3506,1.35178,13665
2024-01-17 12:00:00,1.3518,1.35272,1.35101,1.35199,16720
2024-01-17 16:00:00,1.35199,1.35418,1.35041,1.35271,21613
2024-01-17 20:00:00,1.3527,1.35355,1.35065,1.35068,9842
2024-01-18 00:00:00,1.35029,1.3508499999999999,1.34887,1.34908,5210
2024-01-18 04:00:00,1.34908,1.34989,1.3483,1.34927,5900
2024-01-18 08:00:00,1.34927,1.35037,1.34802,1.34934,10570
2024-01-18 12:00:00,1.34936,1.35267,1.34822,1.35187,13854
2024-01-18 16:00:00,1.35187,1.35192,1.34891,1.35079,22585
2024-01-18 20:00:00,1.3507799999999999,1.35175,1.34862,1.3486799999999999,11203
2024-01-19 00:00:00,1.34826,1.34917,1.34813,1.3486,5457
2024-01-19 04:00:00,1.34864,1.34975,1.34819,1.34967,6044
2024-01-19 08:00:00,1.34969,1.3502,1.34656,1.34661,12589
2024-01-19 12:00:00,1.34662,1.34798,1.34545,1.34763,10596
2024-01-19 16:00:00,1.34764,1.3494,1.34582,1.3461,23941
2024-01-19 20:00:00,1.3461,1.3465799999999999,1.34271,1.34298,10139
2024-01-22 00:00:00,1.34284,1.34379,1.3421,1.3428499999999999,6871
2024-01-22 04:00:00,1.3428499999999999,1.34413,1.34242,1.34383,5514
2024-01-22 08:00:00,1.34384,1.34447,1.34234,1.3426,11835
2024-01-22 12:00:00,1.34261,1.3443100000000001,1.34148,1.34369,10342
2024-01-22 16:00:00,1.34369,1.3461400000000001,1.34256,1.3451,16013
2024-01-22 20:00:00,1.34512,1.34823,1.3451,1.34793,6943
2024-01-23 00:00:00,1.34754,1.3486,1.34713,1.3479999999999999,4567
2024-01-23 04:00:00,1.3479999999999999,1.34852,1.34578,1.34598,10352
2024-01-23 08:00:00,1.34599,1.34827,1.3453,1.34762,11393
2024-01-23 12:00:00,1.34763,1.34818,1.34644,1.3476,10258
2024-01-23 16:00:00,1.34761,1.34917,1.34666,1.3483100000000001,16529
2024-01-23 20:00:00,1.3483100000000001,1.3486500000000001,1.34585,1.34596,6778
2024-01-24 00:00:00,1.34545,1.34663,1.34545,1.34653,4351
2024-01-24 04:00:00,1.34653,1.3477299999999999,1.34652,1.34687,5480
2024-01-24 08:00:00,1.34688,1.3471199999999999,1.34375,1.34422,12102
2024-01-24 12:00:00,1.34423,1.34601,1.34307,1.34322,12417
2024-01-24 16:00:00,1.34324,1.34945,1.34297,1.34803,21765
2024-01-24 20:00:00,1.34803,1.35284,1.34793,1.3523800000000001,10092
2024-01-25 00:00:00,1.3519700000000001,1.35342,1.3518,1.35243,5525
2024-01-25 04:00:00,1.35241,1.35256,1.35144,1.35227,6008
2024-01-25 08:00:00,1.35228,1.35296,1.35046,1.35063,10744
2024-01-25 12:00:00,1.35062,1.35182,1.34878,1.34905,12884
2024-01-25 16:00:00,1.3490199999999999,1.35176,1.3485,1.34961,22423
2024-01-25 20:00:00,1.34961,1.35042,1.3467799999999999,1.34695,10815
2024-01-26 00:00:00,1.3473600000000001,1.34826,1.34679,1.34711,4449
2024-01-26 04:00:00,1.34725,1.34726,1.34628,1.3464800000000001,6663
2024-01-26 08:00:00,1.34649,1.34829,1.34549,1.3456000000000001,11721
2024-01-26 12:00:00,1.3456000000000001,1.3456299999999999,1.34138,1.3425799999999999,13132
2024-01-26 16:00:00,1.34266,1.34674,1.34186,1.34629,18335
2024-01-26 20:00:00,1.34629,1.3465099999999999,1.34432,1.34511,10321
2024-01-29 00:00:00,1.34532,1.3458999999999999,1.34447,1.34479,5241
2024-01-29 04:00:00,1.34478,1.3456299999999999,1.34448,1.34478,6392
2024-01-29 08:00:00,1.34478,1.34486,1.34294,1.34354,9238
2024-01-29 12:00:00,1.34355,1.34462,1.34253,1.34381,10056
2024-01-29 16:00:00,1.34381,1.3465099999999999,1.34325,1.3446500000000001,14730
2024-01-29 20:00:00,1.3446500000000001,1.34538,1.3409499999999999,1.3414,9250
2024-01-30 00:00:00,1.34127,1.34159,1.3401399999999999,1.34073,5266
2024-01-30 04:00:00,1.34074,1.34114,1.3401399999999999,1.34079,4508
2024-01-30 08:00:00,1.34081,1.3415300000000001,1.34002,1.34044,10715
2024-01-30 12:00:00,1.34043,1.34387,1.33986,1.34374,11937
2024-01-30 16:00:00,1.3437299999999999,1.34461,1.34056,1.34134,21073
2024-01-30 20:00:00,1.34135,1.34164,1.3395299999999999,1.33974,9259
2024-01-31 00:00:00,1.3399,1.34114,1.33958,1.34114,5260
2024-01-31 04:00:00,1.34115,1.34239,1.34112,1.3418,6844
2024-01-31 08:00:00,1.34182,1.34249,1.341,1.34226,12341
2024-01-31 12:00:00,1.34226,1.34371,1.3392,1.33963,14632
2024-01-31 16:00:00,1.33964,1.33996,1.33585,1.33927,24211
2024-01-31 20:00:00,1.33927,1.34462,1.33694,1.34348,28723
2024-02-01 00:00:00,1.3431600000000001,1.34399,1.34222,1.3433,5945
2024-02-01 04:00:00,1.3433,1.34479,1.3419400000000001,1.34477,9155
2024-02-01 08:00:00,1.34477,1.34639,1.34424,1.3446,14256
2024-02-01 12:00:00,1.34459,1.34623,1.34359,1.3441100000000001,17154
2024-02-01 16:00:00,1.3441,1.3453300000000001,1.33674,1.33817,29898
2024-02-01 20:00:00,1.33818,1.33924,1.33701,1.33846,15897
2024-02-02 00:00:00,1.33776,1.33861,1.33718,1.3374,4565
2024-02-02 04:00:00,1.33739,1.33785,1.33691,1.33758,8061
2024-02-02 08:00:00,1.33757,1.33819,1.33674,1.3369,12250
2024-02-02 12:00:00,1.33691,1.34353,1.33657,1.34351,15649
2024-02-02 16:00:00,1.34349,1.34755,1.34345,1.34667,27877
2024-02-02 20:00:00,1.34668,1.34698,1.3454,1.34626,12063
2024-02-05 00:00:00,1.34607,1.3489200000000001,1.34571,1.34729,10091
2024-02-05 04:00:00,1.3473,1.3479999999999999,1.34692,1.34706,7556
2024-02-05 08:00:00,1.34705,1.3489200000000001,1.34664,1.34867,13211
2024-02-05 12:00:00,1.34867,1.35147,1.34816,1.35123,12917
2024-02-05 16:00:00,1.35122,1.3544,1.35019,1.35275,22225
2024-02-05 20:00:00,1.35274,1.35433,1.35227,1.35427,13074
2024-02-06 00:00:00,1.35351,1.35437,1.35202,1.35224,6159
2024-02-06 04:00:00,1.35223,1.35251,1.35086,1.35127,9075
2024-02-06 08:00:00,1.35129,1.35346,1.35052,1.3534,11652
2024-02-06 12:00:00,1.3534,1.35429,1.3521,1.35345,14029
2024-02-06 16:00:00,1.35346,1.35398,1.34826,1.34872,26508
2024-02-06 20:00:00,1.34873,1.34947,1.3476,1.34924,11980
2024-02-07 00:00:00,1.34876,1.34925,1.34767,1.34778,6836
2024-02-07 04:00:00,1.34775,1.34883,1.34738,1.34845,9294
2024-02-07 08:00:00,1.34846,1.3489900000000001,1.34696,1.3471,14173
2024-02-07 12:00:00,1.3471199999999999,1.34856,1.34549,1.34661,14891
2024-02-07 16:00:00,1.34661,1.34814,1.3459699999999999,1.34733,23149
2024-02-07 20:00:00,1.34734,1.34794,1.34598,1.34625,10803
2024-02-08 00:00:00,1.3461400000000001,1.3465099999999999,1.34532,1.34546,5402
2024-02-08 04:00:00,1.34546,1.34583,1.34483,1.34544,8425
2024-02-08 08:00:00,1.34544,1.34697,1.34475,1.34633,11995
2024-02-08 12:00:00,1.34633,1.34927,1.34606,1.3486799999999999,17471
2024-02-08 16:00:00,1.34867,1.34875,1.34601,1.34653,22620
2024-02-08 20:00:00,1.34653,1.34663,1.3452,1.34583,10144
2024-02-09 00:00:00,1.3456299999999999,1.34633,1.34531,1.34622,5124
2024-02-09 04:00:00,1.3462100000000001,1.34659,1.34583,1.3464800000000001,6271
2024-02-09 08:00:00,1.3464800000000001,1.3465099999999999,1.3449499999999999,1.34573,12002
2024-02-09 12:00:00,1.34573,1.34605,1.34124,1.3437999999999999,16241
2024-02-09 16:00:00,1.3437999999999999,1.34818,1.34307,1.34697,20165
2024-02-09 20:00:00,1.34697,1.34706,1.34525,1.3458700000000001,8478
2024-02-12 00:00:00,1.34605,1.34657,1.34523,1.34586,4214
2024-02-12 04:00:00,1.34583,1.34643,1.34577,1.34611,3460
2024-02-12 08:00:00,1.34612,1.34684,1.345,1.3465500000000001,12783
2024-02-12 12:00:00,1.34653,1.3475,1.3461699999999999,1.34726,11895
2024-02-12 16:00:00,1.34728,1.34731,1.34338,1.3436,17974
2024-02-12 20:00:00,1.34361,1.3458999999999999,1.34301,1.34509,11210
2024-02-13 00:00:00,1.34512,1.34566,1.34475,1.34525,3065
2024-02-13 04:00:00,1.34525,1.3461,1.34525,1.34573,4731
2024-02-13 08:00:00,1.34575,1.34629,1.3446799999999999,1.34509,10378
2024-02-13 12:00:00,1.3451,1.35286,1.34349,1.35236,15806
2024-02-13 16:00:00,1.35235,1.3578299999999999,1.3519999999999999,1.35686,27531
2024-02-13 20:00:00,1.35687,1.3586,1.35626,1.35642,13820
2024-02-14 00:00:00,1.35593,1.35721,1.35554,1.35645,5722
2024-02-14 04:00:00,1.35645,1.35683,1.35558,1.35576,4499
2024-02-14 08:00:00,1.35576,1.35613,1.35411,1.3543,12560
2024-02-14 12:00:00,1.35429,1.3554,1.35305,1.3550900000000001,15106
2024-02-14 16:00:00,1.3550900000000001,1.3563100000000001,1.35434,1.35477,26277
2024-02-14 20:00:00,1.35474,1.35533,1.35402,1.3542,10564
2024-02-15 00:00:00,1.35364,1.3547,1.3535599999999999,1.35453,3861
2024-02-15 04:00:00,1.35454,1.35517,1.35395,1.35443,4612
2024-02-15 08:00:00,1.3544399999999999,1.35457,1.35289,1.35368,10672
2024-02-15 12:00:00,1.35367,1.35425,1.35108,1.3517299999999999,15633
2024-02-15 16:00:00,1.35172,1.3524,1.34753,1.34884,22553
2024-02-15 20:00:00,1.34885,1.34887,1.34632,1.34634,10872
2024-02-16 00:00:00,1.34622,1.34827,1.34606,1.34778,5493
2024-02-16 04:00:00,1.3477700000000001,1.3486,1.3477700000000001,1.34825,4946
2024-02-16 08:00:00,1.34827,1.34856,1.34756,1.34805,10273
2024-02-16 12:00:00,1.34801,1.35074,1.3472,1.3495300000000001,13472
2024-02-16 16:00:00,1.34955,1.35057,1.34687,1.3475,23863
2024-02-16 20:00:00,1.3475,1.3492,1.34692,1.34856,10297
2024-02-19 00:00:00,1.3477999999999999,1.34879,1.34677,1.34781,5613
2024-02-19 04:00:00,1.34781,1.3483800000000001,1.34753,1.34775,6195
2024-02-19 08:00:00,1.34775,1.34794,1.3470900000000001,1.34738,11708
2024-02-19 12:00:00,1.34738,1.34811,1.34713,1.34801,9232
2024-02-19 16:00:00,1.34801,1.34967,1.34768,1.34905,9133
2024-02-19 20:00:00,1.34905,1.34915,1.34882,1.3489499999999999,1813
2024-02-20 00:00:00,1.3489499999999999,1.35055,1.34843,1.3504800000000001,6200
2024-02-20 04:00:00,1.35049,1.35114,1.35035,1.3507799999999999,10917
2024-02-20 08:00:00,1.3508,1.35107,1.34898,1.34927,13533
2024-02-20 12:00:00,1.34928,1.35253,1.3472,1.35142,20889
2024-02-20 16:00:00,1.3514300000000001,1.35297,1.34977,1.3519999999999999,23194
2024-02-20 20:00:00,1.35199,1.3528,1.3516599999999999,1.3524,10930
2024-02-21 00:00:00,1.3523,1.35286,1.3518,1.35184,5659
2024-02-21 04:00:00,1.35184,1.35188,1.35049,1.35088,8341
2024-02-21 08:00:00,1.35089,1.35362,1.3507500000000001,1.3526500000000001,16295
2024-02-21 12:00:00,1.35266,1.35335,1.35192,1.35236,16274
2024-02-21 16:00:00,1.35236,1.35282,1.35015,1.3508499999999999,21625
2024-02-21 20:00:00,1.35086,1.35206,1.34937,1.35057,14072
2024-02-22 00:00:00,1.34945,1.35046,1.3483,1.34875,5993
2024-02-22 04:00:00,1.34875,1.34959,1.34753,1.34784,6115
2024-02-22 08:00:00,1.34785,1.34809,1.3440699999999999,1.34517,14119
2024-02-22 12:00:00,1.34519,1.35071,1.34508,1.3505099999999999,16471
2024-02-22 16:00:00,1.35052,1.35077,1.34824,1.34917,23586
2024-02-22 20:00:00,1.34918,1.3498999999999999,1.34796,1.34799,12291
2024-02-23 00:00:00,1.34795,1.34949,1.34767,1.34826,8138
2024-02-23 04:00:00,1.34826,1.3486099999999999,1.34775,1.34806,10820
2024-02-23 08:00:00,1.3480699999999999,1.35018,1.34722,1.34968,13593
2024-02-23 12:00:00,1.34971,1.34988,1.34615,1.34639,17130
2024-02-23 16:00:00,1.3464,1.35175,1.34638,1.34968,22220
2024-02-23 20:00:00,1.3497,1.35076,1.34906,1.35061,9456
2024-02-26 00:00:00,1.3492199999999999,1.35193,1.3491900000000001,1.35132,5915
2024-02-26 04:00:00,1.35133,1.35176,1.35065,1.35101,4894
2024-02-26 08:00:00,1.351,1.35285,1.3508200000000001,1.35224,9570
2024-02-26 12:00:00,1.35224,1.35248,1.35008,1.3502100000000001,12571
2024-02-26 16:00:00,1.35022,1.35256,1.34999,1.35172,14622
2024-02-26 20:00:00,1.3517299999999999,1.35212,1.34997,1.35058,7788
2024-02-27 00:00:00,1.3505099999999999,1.35101,1.34998,1.35071,5647
2024-02-27 04:00:00,1.35071,1.3513899999999999,1.34998,1.35019,7555
2024-02-27 08:00:00,1.35018,1.3503,1.3490199999999999,1.34925,13864
2024-02-27 12:00:00,1.34925,1.35052,1.34843,1.34989,13912
2024-02-27 16:00:00,1.34989,1.3538999999999999,1.34943,1.35229,19306
2024-02-27 20:00:00,1.35229,1.35361,1.35161,1.35285,8653
2024-02-28 00:00:00,1.35264,1.3538000000000001,1.3521,1.35337,5291
2024-02-28 04:00:00,1.35339,1.35501,1.35328,1.3547799999999999,4625
2024-02-28 08:00:00,1.35479,1.35876,1.3544800000000001,1.35876,11547
2024-02-28 12:00:00,1.35876,1.3605800000000001,1.3569,1.35792,14558
2024-02-28 16:00:00,1.35792,1.35803,1.35589,1.35703,17608
2024-02-28 20:00:00,1.35704,1.35831,1.35662,1.35776,10429
2024-02-29 00:00:00,1.35759,1.3585,1.35733,1.35806,5776
2024-02-29 04:00:00,1.35804,1.35806,1.3569,1.35738,7669
2024-02-29 08:00:00,1.35741,1.35859,1.35706,1.3585099999999999,14750
2024-02-29 12:00:00,1.3585099999999999,1.35974,1.35577,1.35651,17835
2024-02-29 16:00:00,1.35653,1.3584800000000001,1.35407,1.35782,22874
2024-02-29 20:00:00,1.35782,1.35812,1.35676,1.35792,10104
2024-03-01 00:00:00,1.35727,1.35818,1.35636,1.35659,6201
2024-03-01 04:00:00,1.3566500000000001,1.35724,1.3561,1.35702,5110
2024-03-01 08:00:00,1.35702,1.3592,1.35652,1.35767,10836
2024-03-01 12:00:00,1.35767,1.35857,1.35687,1.35854,12708
2024-03-01 16:00:00,1.35853,1.36015,1.3545,1.3553600000000001,20967
2024-03-01 20:00:00,1.35535,1.35621,1.3552,1.35584,11067
2024-03-04 00:00:00,1.35486,1.35635,1.35452,1.35614,5789
2024-03-04 04:00:00,1.35616,1.3566,1.35561,1.35641,6035
2024-03-04 08:00:00,1.35643,1.35724,1.35561,1.3562400000000001,11947
2024-03-04 12:00:00,1.35623,1.35838,1.35577,1.35669,15666
2024-03-04 16:00:00,1.3566799999999999,1.35769,1.35564,1.3571,17730
2024-03-04 20:00:00,1.35711,1.35815,1.3568,1.35733,8558
2024-03-05 00:00:00,1.35731,1.35796,1.35705,1.35724,5705
2024-03-05 04:00:00,1.35724,1.3586,1.35709,1.3585099999999999,5424
2024-03-05 08:00:00,1.35852,1.36051,1.35821,1.35882,10333
2024-03-05 12:00:00,1.35881,1.35979,1.35791,1.35884,11231
2024-03-05 16:00:00,1.35884,1.35904,1.35554,1.35764,20377
2024-03-05 20:00:00,1.35764,1.35998,1.35745,1.35922,13773
2024-03-06 00:00:00,1.35934,1.35999,1.35831,1.35861,5149
2024-03-06 04:00:00,1.35861,1.35893,1.35796,1.35831,7261
2024-03-06 08:00:00,1.3583,1.35944,1.35796,1.3580999999999999,14260
2024-03-06 12:00:00,1.35809,1.35893,1.35648,1.3565800000000001,16348
2024-03-06 16:00:00,1.3565800000000001,1.35687,1.35034,1.35052,23379
2024-03-06 20:00:00,1.35057,1.35233,1.34985,1.35141,13417
2024-03-07 00:00:00,1.35095,1.35226,1.35077,1.35156,4958
2024-03-07 04:00:00,1.35157,1.35255,1.35029,1.35115,6966
2024-03-07 08:00:00,1.35115,1.3516,1.35037,1.35069,10853
2024-03-07 12:00:00,1.35068,1.35089,1.34816,1.34859,13510
2024-03-07 16:00:00,1.3486,1.34962,1.34607,1.34705,20847
2024-03-07 20:00:00,1.34705,1.34705,1.3454,1.34585,10321
2024-03-08 00:00:00,1.3454,1.34603,1.34466,1.34504,5715
2024-03-08 04:00:00,1.34503,1.34565,1.34448,1.34454,4370
2024-03-08 08:00:00,1.34454,1.34496,1.34318,1.34369,12655
2024-03-08 12:00:00,1.34368,1.34697,1.3419699999999999,1.3447200000000001,15830
2024-03-08 16:00:00,1.34471,1.34849,1.34356,1.34821,28492
2024-03-08 20:00:00,1.34822,1.34978,1.34813,1.34843,11911
2024-03-11 00:00:00,1.34876,1.34913,1.34768,1.34794,4839
2024-03-11 04:00:00,1.34794,1.34881,1.34738,1.34864,8196
2024-03-11 08:00:00,1.34866,1.34928,1.34715,1.34802,10622
2024-03-11 12:00:00,1.34802,1.35088,1.34691,1.3508200000000001,14280
2024-03-11 16:00:00,1.35083,1.35098,1.34788,1.34805,21043
2024-03-11 20:00:00,1.34805,1.34917,1.34774,1.34829,7784
2024-03-12 00:00:00,1.34843,1.34846,1.34759,1.34805,3465
2024-03-12 04:00:00,1.34806,1.34821,1.34718,1.34747,6280
2024-03-12 08:00:00,1.34751,1.34796,1.34702,1.3473600000000001,8915
2024-03-12 12:00:00,1.3473600000000001,1.3511600000000001,1.34666,1.34937,17082
2024-03-12 16:00:00,1.34938,1.35253,1.34907,1.3501,26226
2024-03-12 20:00:00,1.35009,1.35098,1.34896,1.34909,9788
2024-03-13 00:00:00,1.34917,1.34945,1.34885,1.34927,2985
2024-03-13 04:00:00,1.34927,1.34974,1.349,1.34948,12626
2024-03-13 08:00:00,1.34948,1.34982,1.34852,1.3488,12313
2024-03-13 12:00:00,1.34879,1.3497,1.34813,1.34914,14598
2024-03-13 16:00:00,1.34915,1.3493,1.34588,1.3468499999999999,19015
2024-03-13 20:00:00,1.34684,1.34733,1.34601,1.34713,7908
2024-03-14 00:00:00,1.34623,1.3473,1.34623,1.3468,3311
2024-03-14 04:00:00,1.34681,1.34786,1.34638,1.34756,4984
2024-03-14 08:00:00,1.34759,1.34813,1.34671,1.34715,9140
2024-03-14 12:00:00,1.3471600000000001,1.34798,1.34591,1.34778,13352
2024-03-14 16:00:00,1.3477700000000001,1.35342,1.34711,1.3523399999999999,21013
2024-03-14 20:00:00,1.3523399999999999,1.35411,1.3523100000000001,1.3534,12630
2024-03-15 00:00:00,1.35321,1.35422,1.35266,1.35406,6189
2024-03-15 04:00:00,1.35406,1.35431,1.35337,1.35379,8231
2024-03-15 08:00:00,1.35379,1.35499,1.35317,1.3548200000000001,13008
2024-03-15 12:00:00,1.35481,1.3548499999999999,1.35245,1.3529900000000001,12032
2024-03-15 16:00:00,1.3529900000000001,1.35454,1.35098,1.35449,21215
2024-03-15 20:00:00,1.3545,1.35518,1.3536299999999999,1.35397,8078
2024-03-18 00:00:00,1.35323,1.35506,1.3526099999999999,1.35445,3465
2024-03-18 04:00:00,1.35446,1.3550499999999999,1.35337,1.3537,5747
2024-03-18 08:00:00,1.35369,1.35406,1.35205,1.35277,6545
2024-03-18 12:00:00,1.35278,1.35454,1.35236,1.35333,10448
2024-03-18 16:00:00,1.35334,1.35516,1.35304,1.35453,15570
2024-03-18 20:00:00,1.35453,1.3546,1.35286,1.35347,8645
2024-03-19 00:00:00,1.35284,1.35434,1.35278,1.35428,4083
2024-03-19 04:00:00,1.35427,1.35523,1.35345,1.35498,8047
2024-03-19 08:00:00,1.355,1.35764,1.35489,1.35711,11659
2024-03-19 12:00:00,1.3571,1.36091,1.3565,1.36063,14148
2024-03-19 16:00:00,1.36062,1.36133,1.35611,1.35616,17358
2024-03-19 20:00:00,1.35615,1.35709,1.3552,1.3566099999999999,8197
2024-03-20 00:00:00,1.3560400000000001,1.35819,1.35564,1.35751,3937
2024-03-20 04:00:00,1.3575,1.35791,1.35681,1.35782,5979
2024-03-20 08:00:00,1.3578299999999999,1.35982,1.3573,1.35921,6942
2024-03-20 12:00:00,1.35922,1.36047,1.35834,1.35846,11190
2024-03-20 16:00:00,1.35845,1.35933,1.3550499999999999,1.35508,12974
2024-03-20 20:00:00,1.35508,1.35579,1.34817,1.34906,22525
2024-03-21 00:00:00,1.3491,1.34951,1.34702,1.3471600000000001,6043
2024-03-21 04:00:00,1.3472,1.34722,1.3462399999999999,1.34659,11642
2024-03-21 08:00:00,1.3465799999999999,1.34972,1.34555,1.34967,11521
2024-03-21 12:00:00,1.34965,1.3513899999999999,1.34818,1.35077,13485
2024-03-21 16:00:00,1.3507799999999999,1.3541400000000001,1.3497,1.35294,21225
2024-03-21 20:00:00,1.35293,1.35396,1.35251,1.35289,8324
2024-03-22 00:00:00,1.3528,1.35311,1.3519,1.35229,3166
2024-03-22 04:00:00,1.35232,1.35635,1.35215,1.35605,7917
2024-03-22 08:00:00,1.35606,1.3574,1.35541,1.35689,9314
2024-03-22 12:00:00,1.3568799999999999,1.35886,1.35626,1.35653,11997
2024-03-22 16:00:00,1.35654,1.3607,1.3562,1.36022,15539
2024-03-22 20:00:00,1.36022,1.36141,1.3600400000000001,1.3606,5944
2024-03-25 00:00:00,1.3598,1.36143,1.3597000000000001,1.3612,3416
2024-03-25 04:00:00,1.3611900000000001,1.36125,1.35853,1.35995,11922
2024-03-25 08:00:00,1.35995,1.36067,1.35876,1.35915,8924
2024-03-25 12:00:00,1.35914,1.35967,1.35822,1.35917,11553
2024-03-25 16:00:00,1.35918,1.35923,1.35701,1.35811,12779
2024-03-25 20:00:00,1.35811,1.35886,1.35792,1.3586,5035
2024-03-26 00:00:00,1.35831,1.3587500000000001,1.35777,1.35792,2496
2024-03-26 04:00:00,1.35792,1.35869,1.3572600000000001,1.35827,6774
2024-03-26 08:00:00,1.35828,1.35906,1.35738,1.35784,7447
2024-03-26 12:00:00,1.35785,1.35798,1.35549,1.35557,10714
2024-03-26 16:00:00,1.35557,1.35803,1.35524,1.35771,14866
2024-03-26 20:00:00,1.3577,1.35882,1.35707,1.35837,7580
2024-03-27 00:00:00,1.3584800000000001,1.35907,1.35698,1.35885,5178
2024-03-27 04:00:00,1.35886,1.35995,1.35864,1.35904,7243
2024-03-27 08:00:00,1.35904,1.3608,1.35885,1.36054,8900
2024-03-27 12:00:00,1.36054,1.36064,1.35855,1.36033,13048
2024-03-27 16:00:00,1.3603399999999999,1.36059,1.35704,1.35843,14513
2024-03-27 20:00:00,1.35846,1.3590900000000001,1.3565,1.3568500000000001,7050
2024-03-28 00:00:00,1.35657,1.35913,1.3564,1.35835,4000
2024-03-28 04:00:00,1.35835,1.3587799999999999,1.357,1.35754,6073
2024-03-28 08:00:00,1.35757,1.36052,1.35743,1.36039,8022
2024-03-28 12:00:00,1.3604,1.36135,1.3569499999999999,1.35708,10143
2024-03-28 16:00:00,1.35707,1.35739,1.35247,1.35366,14895
2024-03-28 20:00:00,1.35366,1.35503,1.35315,1.35407,9067
2024-03-29 00:00:00,1.35305,1.354,1.35305,1.35376,5875
2024-03-29 04:00:00,1.35377,1.35534,1.3533,1.35518,4225
2024-03-29 08:00:00,1.35521,1.35613,1.35489,1.35506,3623
2024-03-29 12:00:00,1.35508,1.35559,1.3535599999999999,1.35415,3125
2024-03-29 16:00:00,1.35418,1.35472,1.35335,1.3541,3487
2024-03-29 20:00:00,1.35411,1.35468,1.35354,1.35415,2052
2024-04-01 00:00:00,1.35264,1.3545,1.35145,1.3523100000000001,7849
2024-04-01 04:00:00,1.35232,1.3532899999999999,1.3521,1.35287,6409
2024-04-01 08:00:00,1.35291,1.35351,1.35241,1.35289,6397
2024-04-01 12:00:00,1.35288,1.35699,1.35252,1.3559,9441
2024-04-01 16:00:00,1.35589,1.3584800000000001,1.35445,1.35764,14176
2024-04-01 20:00:00,1.35766,1.35865,1.3569200000000001,1.35696,6160
2024-04-02 00:00:00,1.35687,1.35778,1.35659,1.35744,3583
2024-04-02 04:00:00,1.35743,1.35828,1.35694,1.35798,6144
2024-04-02 08:00:00,1.35799,1.35842,1.35582,1.35641,9124
2024-04-02 12:00:00,1.35641,1.35736,1.3556,1.35713,9929
2024-04-02 16:00:00,1.35713,1.35835,1.35615,1.35712,18060
2024-04-02 20:00:00,1.35712,1.35773,1.35641,1.35657,7823
2024-04-03 00:00:00,1.35626,1.35705,1.35589,1.35705,3372
2024-04-03 04:00:00,1.35706,1.35747,1.35601,1.35679,5910
2024-04-03 08:00:00,1.35677,1.35888,1.3566500000000001,1.35802,9749
2024-04-03 12:00:00,1.35802,1.35811,1.35625,1.35679,10077
2024-04-03 16:00:00,1.35681,1.3572600000000001,1.35113,1.35302,20494
2024-04-03 20:00:00,1.35303,1.3538000000000001,1.3523,1.3525800000000001,8690
2024-04-04 00:00:00,1.3522,1.35285,1.3516599999999999,1.35178,4057
2024-04-04 04:00:00,1.35175,1.35221,1.35114,1.35154,5143
2024-04-04 08:00:00,1.35154,1.35154,1.35029,1.3504399999999999,8490
2024-04-04 12:00:00,1.35045,1.35056,1.34815,1.3486099999999999,8665
2024-04-04 16:00:00,1.3485800000000001,1.35018,1.34779,1.35007,11417
2024-04-04 20:00:00,1.35008,1.35585,1.34999,1.35431,14657
2024-04-05 00:00:00,1.35382,1.3551199999999999,1.35354,1.35473,7676
2024-04-05 04:00:00,1.35471,1.35778,1.35462,1.35709,8098
2024-04-05 08:00:00,1.35711,1.35725,1.35576,1.35615,12082
2024-04-05 12:00:00,1.35615,1.36322,1.35499,1.36281,15994
2024-04-05 16:00:00,1.36281,1.36475,1.35744,1.35849,22493
2024-04-05 20:00:00,1.3584800000000001,1.35937,1.35807,1.35894,9862
2024-04-08 00:00:00,1.35917,1.36164,1.35886,1.36113,3509
2024-04-08 04:00:00,1.36115,1.36125,1.35836,1.36016,8427
2024-04-08 08:00:00,1.36015,1.36057,1.35877,1.3598,11539
2024-04-08 12:00:00,1.35982,1.36011,1.35798,1.35829,10219
2024-04-08 16:00:00,1.35828,1.35998,1.3569200000000001,1.35831,19910
2024-04-08 20:00:00,1.3583,1.3585,1.35703,1.35705,7072
2024-04-09 00:00:00,1.35712,1.35763,1.35683,1.35728,3523
2024-04-09 04:00:00,1.3572600000000001,1.35847,1.35697,1.35776,8187
2024-04-09 08:00:00,1.35778,1.35831,1.35702,1.35732,10109
2024-04-09 12:00:00,1.35733,1.35794,1.3559999999999999,1.35652,13991
2024-04-09 16:00:00,1.35653,1.35984,1.35467,1.35847,22596
2024-04-09 20:00:00,1.35847,1.35904,1.3568,1.35712,10566
2024-04-10 00:00:00,1.35682,1.35743,1.35663,1.3566799999999999,3423
2024-04-10 04:00:00,1.35669,1.3572600000000001,1.35616,1.35694,7443
2024-04-10 08:00:00,1.35699,1.35713,1.35582,1.35636,10494
2024-04-10 12:00:00,1.35635,1.36513,1.35558,1.3648500000000001,15954
2024-04-10 16:00:00,1.3648,1.37008,1.36376,1.36889,33154
2024-04-10 20:00:00,1.36889,1.37027,1.36701,1.36815,18854
2024-04-11 00:00:00,1.36737,1.36936,1.36734,1.36877,5789
2024-04-11 04:00:00,1.36876,1.36901,1.3676300000000001,1.36767,13542
2024-04-11 08:00:00,1.36767,1.3695,1.3673199999999999,1.3685399999999999,12439
2024-04-11 12:00:00,1.3685399999999999,1.36963,1.36605,1.36697,17482
2024-04-11 16:00:00,1.36696,1.37257,1.36632,1.3703,29551
2024-04-11 20:00:00,1.37031,1.3707099999999999,1.36737,1.36883,11376
2024-04-12 00:00:00,1.36866,1.3692199999999999,1.3682400000000001,1.36856,3318
2024-04-12 04:00:00,1.3685800000000001,1.37085,1.36816,1.37083,7390
2024-04-12 08:00:00,1.37083,1.37367,1.3704,1.37364,13901
2024-04-12 12:00:00,1.37364,1.37711,1.37318,1.37635,15926
2024-04-12 16:00:00,1.37634,1.37754,1.37411,1.37731,29904
2024-04-12 20:00:00,1.37732,1.37869,1.37644,1.37707,13574
2024-04-15 00:00:00,1.37745,1.37789,1.3753600000000001,1.37672,6569
2024-04-15 04:00:00,1.37671,1.37814,1.37539,1.37542,11514
2024-04-15 08:00:00,1.37542,1.37596,1.37335,1.37382,20923
2024-04-15 12:00:00,1.37382,1.376,1.37339,1.3737,18458
2024-04-15 16:00:00,1.37365,1.37729,1.37249,1.3761700000000001,22090
2024-04-15 20:00:00,1.3761700000000001,1.37935,1.37574,1.37894,12640
2024-04-16 00:00:00,1.37882,1.37951,1.3783,1.37948,4298
2024-04-16 04:00:00,1.37949,1.38138,1.37918,1.37978,11947
2024-04-16 08:00:00,1.37978,1.3811,1.3789500000000001,1.37973,17154
2024-04-16 12:00:00,1.37974,1.38225,1.3774,1.38175,18880
2024-04-16 16:00:00,1.38175,1.38458,1.3812,1.38223,27274
2024-04-16 20:00:00,1.38222,1.38458,1.38015,1.38309,20611
2024-04-17 00:00:00,1.38211,1.38288,1.38145,1.38224,5002
2024-04-17 04:00:00,1.38226,1.38253,1.38092,1.38205,10395
2024-04-17 08:00:00,1.38205,1.38376,1.38009,1.38067,15943
2024-04-17 12:00:00,1.38069,1.38156,1.38009,1.38084,12842
2024-04-17 16:00:00,1.3808500000000001,1.38185,1.37827,1.38052,29726
2024-04-17 20:00:00,1.3805,1.38069,1.37595,1.37724,17297
2024-04-18 00:00:00,1.3771,1.37754,1.37604,1.37695,4260
2024-04-18 04:00:00,1.37694,1.37717,1.3749799999999999,1.3753199999999999,9119
2024-04-18 08:00:00,1.37531,1.3759700000000001,1.37417,1.37541,15627
2024-04-18 12:00:00,1.37542,1.37669,1.37494,1.3755,14146
2024-04-18 16:00:00,1.37547,1.3771499999999999,1.37456,1.37644,26267
2024-04-18 20:00:00,1.37645,1.37813,1.37641,1.37698,12986
2024-04-19 00:00:00,1.37665,1.37816,1.37648,1.3779,5528
2024-04-19 04:00:00,1.37791,1.38042,1.37671,1.3778000000000001,27213
2024-04-19 08:00:00,1.3778000000000001,1.37896,1.37461,1.37618,18623
2024-04-19 12:00:00,1.3761700000000001,1.37755,1.37438,1.37573,17564
2024-04-19 16:00:00,1.37574,1.37677,1.37232,1.37415,27605
2024-04-19 20:00:00,1.37416,1.37574,1.37371,1.37486,15420
2024-04-22 00:00:00,1.37406,1.37527,1.37266,1.37409,5350
2024-04-22 04:00:00,1.3740999999999999,1.37416,1.37148,1.37279,9119
2024-04-22 08:00:00,1.3727800000000001,1.37391,1.37186,1.3729,13562
2024-04-22 12:00:00,1.37291,1.37303,1.37152,1.37272,13055
2024-04-22 16:00:00,1.37272,1.37496,1.37101,1.37106,19172
2024-04-22 20:00:00,1.3710499999999999,1.37106,1.36865,1.3698299999999999,10224
2024-04-23 00:00:00,1.3694,1.37025,1.36901,1.3693,4577
2024-04-23 04:00:00,1.36933,1.37046,1.36897,1.36985,9166
2024-04-23 08:00:00,1.36984,1.37083,1.36884,1.37082,12442
2024-04-23 12:00:00,1.37082,1.37142,1.36927,1.36934,12697
2024-04-23 16:00:00,1.36934,1.3704399999999999,1.36558,1.3667799999999999,23306
2024-04-23 20:00:00,1.3667799999999999,1.36687,1.36581,1.3661699999999999,9577
2024-04-24 00:00:00,1.36582,1.36647,1.3655,1.36586,4133
2024-04-24 04:00:00,1.36587,1.36659,1.36545,1.36648,8016
2024-04-24 08:00:00,1.3665,1.36826,1.36599,1.36803,11355
2024-04-24 12:00:00,1.36801,1.37149,1.36755,1.37117,10911
2024-04-24 16:00:00,1.37116,1.37286,1.36969,1.37167,20870
2024-04-24 20:00:00,1.37168,1.37184,1.36943,1.37032,11849
2024-04-25 00:00:00,1.36975,1.37072,1.36937,1.36975,3760
2024-04-25 04:00:00,1.36975,1.37045,1.36893,1.3691,6061
2024-04-25 08:00:00,1.3691,1.3693,1.36707,1.36723,12094
2024-04-25 12:00:00,1.36723,1.37125,1.36629,1.37076,13045
2024-04-25 16:00:00,1.37072,1.37307,1.36765,1.3679700000000001,26055
2024-04-25 20:00:00,1.36796,1.36817,1.36497,1.36565,12890
2024-04-26 00:00:00,1.3652,1.3661699999999999,1.36502,1.36586,5319
2024-04-26 04:00:00,1.36587,1.36626,1.36509,1.36525,9730
2024-04-26 08:00:00,1.36525,1.36537,1.3636599999999999,1.36452,13517
2024-04-26 12:00:00,1.36452,1.3664399999999999,1.36324,1.3651200000000001,14708
2024-04-26 16:00:00,1.3651200000000001,1.36954,1.36486,1.36728,20340
2024-04-26 20:00:00,1.3672900000000001,1.3674,1.36534,1.36679,6641
2024-04-29 00:00:00,1.36661,1.3667799999999999,1.3651,1.36526,2239
2024-04-29 04:00:00,1.36527,1.36582,1.36314,1.36386,9640
2024-04-29 08:00:00,1.36387,1.36631,1.3636599999999999,1.36575,11093
2024-04-29 12:00:00,1.3657599999999999,1.36681,1.3645800000000001,1.36601,8095
2024-04-29 16:00:00,1.366,1.36767,1.36435,1.36507,11711
2024-04-29 20:00:00,1.36508,1.36724,1.36475,1.36601,7513
2024-04-30 00:00:00,1.36613,1.3672,1.36552,1.36677,3725
2024-04-30 04:00:00,1.36676,1.36835,1.36623,1.36808,4626
2024-04-30 08:00:00,1.36811,1.37008,1.3681,1.36964,7767
2024-04-30 12:00:00,1.36961,1.37361,1.36737,1.37326,13071
2024-04-30 16:00:00,1.3732199999999999,1.37609,1.3719000000000001,1.37552,23296
2024-04-30 20:00:00,1.37553,1.3774,1.37506,1.37728,8626
2024-05-01 00:00:00,1.37604,1.3783,1.37604,1.37794,4378
2024-05-01 04:00:00,1.37796,1.37824,1.37734,1.37789,3918
2024-05-01 08:00:00,1.37792,1.37827,1.3768500000000001,1.37721,5845
2024-05-01 12:00:00,1.3772,1.37761,1.37581,1.37618,9204
2024-05-01 16:00:00,1.37619,1.3773900000000001,1.37487,1.3767,17774
2024-05-01 20:00:00,1.3767,1.37738,1.37031,1.37352,28579
2024-05-02 00:00:00,1.37266,1.37393,1.37211,1.3732199999999999,4071
2024-05-02 04:00:00,1.3732199999999999,1.37368,1.3716300000000001,1.3722699999999999,6400
2024-05-02 08:00:00,1.37229,1.37248,1.37047,1.37172,11818
2024-05-02 12:00:00,1.37174,1.3728500000000001,1.37042,1.37194,12261
2024-05-02 16:00:00,1.3719299999999999,1.37292,1.36857,1.36899,21848
2024-05-02 20:00:00,1.36899,1.36917,1.36694,1.36731,9364
2024-05-03 00:00:00,1.36712,1.36753,1.36618,1.36633,4378
2024-05-03 04:00:00,1.36634,1.3667,1.36551,1.36661,6683
2024-05-03 08:00:00,1.36661,1.36754,1.3657599999999999,1.36631,9034
2024-05-03 12:00:00,1.3663,1.36683,1.36093,1.36274,13683
2024-05-03 16:00:00,1.3627500000000001,1.36916,1.3620999999999999,1.3685100000000001,30539
2024-05-03 20:00:00,1.3685100000000001,1.36893,1.36792,1.36855,7352
2024-05-06 00:00:00,1.36765,1.36971,1.3675,1.3687,2738
2024-05-06 04:00:00,1.36871,1.36881,1.3674,1.36865,5248
2024-05-06 08:00:00,1.36864,1.3688799999999999,1.36723,1.36786,7338
2024-05-06 12:00:00,1.36786,1.36802,1.36593,1.36608,6707
2024-05-06 16:00:00,1.36608,1.36689,1.36477,1.36633,9674
2024-05-06 20:00:00,1.36632,1.36716,1.3657,1.3664,4493
2024-05-07 00:00:00,1.36579,1.36727,1.36572,1.36632,3071
2024-05-07 04:00:00,1.36633,1.36825,1.36604,1.36781,5514
2024-05-07 08:00:00,1.36782,1.36905,1.3674,1.36784,8114
2024-05-07 12:00:00,1.36783,1.36887,1.36719,1.3673600000000001,7406
2024-05-07 16:00:00,1.3673600000000001,1.37171,1.36691,1.37126,12136
2024-05-07 20:00:00,1.37125,1.37412,1.37119,1.37255,7097
2024-05-08 00:00:00,1.37179,1.37386,1.37148,1.37378,3081
2024-05-08 04:00:00,1.37378,1.37545,1.37372,1.3753,5666
2024-05-08 08:00:00,1.37533,1.37605,1.37497,1.3756,7998
2024-05-08 12:00:00,1.3755899999999999,1.37626,1.37448,1.37508,7639
2024-05-08 16:00:00,1.37509,1.37512,1.37172,1.37268,12576
2024-05-08 20:00:00,1.37267,1.3735,1.37253,1.3725800000000001,5117
2024-05-09 00:00:00,1.37195,1.3734199999999999,1.37174,1.37317,3177
2024-05-09 04:00:00,1.37317,1.37345,1.37203,1.37265,4371
2024-05-09 08:00:00,1.37263,1.37378,1.37242,1.37318,6171
2024-05-09 12:00:00,1.37317,1.37355,1.37052,1.3707,9547
2024-05-09 16:00:00,1.3707,1.37215,1.36803,1.36862,12203
2024-05-09 20:00:00,1.3686099999999999,1.3689,1.36744,1.3676300000000001,6059
2024-05-10 00:00:00,1.36744,1.3682400000000001,1.36719,1.36805,3174
2024-05-10 04:00:00,1.36804,1.36903,1.3674,1.36869,5138
2024-05-10 08:00:00,1.36869,1.3687,1.3677000000000001,1.3682699999999999,9209
2024-05-10 12:00:00,1.3682699999999999,1.36889,1.36304,1.3649,10092
2024-05-10 16:00:00,1.36489,1.36735,1.36352,1.36694,16190
2024-05-10 20:00:00,1.36693,1.36767,1.36664,1.36715,5379
2024-05-13 00:00:00,1.36676,1.36826,1.3664,1.36805,3557
2024-05-13 04:00:00,1.36804,1.36896,1.36794,1.36833,6232
2024-05-13 08:00:00,1.36832,1.36848,1.36715,1.36721,9963
2024-05-13 12:00:00,1.3672,1.36815,1.3664399999999999,1.36728,9553
2024-05-13 16:00:00,1.3672900000000001,1.36845,1.36606,1.36735,14764
2024-05-13 20:00:00,1.36735,1.36795,1.3665,1.3667,6979
2024-05-14 00:00:00,1.36669,1.36741,1.3665,1.36716,3136
2024-05-14 04:00:00,1.36715,1.3685100000000001,1.36688,1.3679000000000001,7005
2024-05-14 08:00:00,1.36791,1.36823,1.36744,1.36773,8567
2024-05-14 12:00:00,1.36775,1.36907,1.3642400000000001,1.36472,12685
2024-05-14 16:00:00,1.36473,1.36622,1.36328,1.36604,17355
2024-05-14 20:00:00,1.36604,1.36648,1.36464,1.36497,6043
2024-05-15 00:00:00,1.3646099999999999,1.36548,1.36455,1.36502,3617
2024-05-15 04:00:00,1.36501,1.3652199999999999,1.36374,1.36443,4959
2024-05-15 08:00:00,1.36443,1.3645,1.36247,1.36259,6758
2024-05-15 12:00:00,1.36261,1.36364,1.35903,1.36212,11891
2024-05-15 16:00:00,1.36213,1.3660700000000001,1.35946,1.36005,19975
2024-05-15 20:00:00,1.3600400000000001,1.36079,1.35954,1.3602400000000001,7731
2024-05-16 00:00:00,1.35979,1.3606500000000001,1.35899,1.35908,4033
2024-05-16 04:00:00,1.35906,1.36121,1.35904,1.36079,8254
2024-05-16 08:00:00,1.36079,1.36256,1.3606099999999999,1.36231,8512
2024-05-16 12:00:00,1.36231,1.36347,1.36175,1.36307,9403
2024-05-16 16:00:00,1.36306,1.36411,1.36072,1.36165,14463
2024-05-16 20:00:00,1.36165,1.36213,1.36113,1.36181,6434
2024-05-17 00:00:00,1.3612,1.3623,1.36074,1.36215,3423
2024-05-17 04:00:00,1.36215,1.36315,1.36194,1.3625099999999999,6237
2024-05-17 08:00:00,1.36252,1.36415,1.36163,1.36368,7379
2024-05-17 12:00:00,1.36369,1.36438,1.36269,1.36269,7195
2024-05-17 16:00:00,1.36269,1.36295,1.36012,1.36141,13837
2024-05-17 20:00:00,1.36141,1.36212,1.36063,1.36107,7019
2024-05-20 00:00:00,1.3613,1.36145,1.36042,1.36081,3637
2024-05-20 04:00:00,1.36083,1.3612199999999999,1.35999,1.36026,7576
2024-05-20 08:00:00,1.36026,1.3618700000000001,1.36013,1.36112,8565
2024-05-20 12:00:00,1.36112,1.36352,1.36098,1.36322,8565
2024-05-20 16:00:00,1.36322,1.36327,1.3596,1.36167,13492
2024-05-20 20:00:00,1.36167,1.36263,1.36121,1.36243,6996
2024-05-21 00:00:00,1.36228,1.36293,1.36225,1.36277,2949
2024-05-21 04:00:00,1.36277,1.36439,1.36265,1.36356,8219
2024-05-21 08:00:00,1.36356,1.36383,1.3624800000000001,1.3630200000000001,9064
2024-05-21 12:00:00,1.3630200000000001,1.36646,1.36147,1.3658299999999999,10126
2024-05-21 16:00:00,1.36584,1.36753,1.3637000000000001,1.36483,18875
2024-05-21 20:00:00,1.36484,1.36562,1.36473,1.3654600000000001,7098
2024-05-22 00:00:00,1.365,1.3651,1.36277,1.36378,3909
2024-05-22 04:00:00,1.36378,1.36444,1.36237,1.3643399999999999,7657
2024-05-22 08:00:00,1.36432,1.36633,1.36369,1.366,9780
2024-05-22 12:00:00,1.36601,1.36782,1.36489,1.36753,11038
2024-05-22 16:00:00,1.36755,1.3677000000000001,1.3657599999999999,1.36623,16893
2024-05-22 20:00:00,1.36623,1.3698299999999999,1.36565,1.36932,12671
2024-05-23 00:00:00,1.36896,1.3694,1.36844,1.36891,3590
2024-05-23 04:00:00,1.36891,1.36962,1.36783,1.36819,7821
2024-05-23 08:00:00,1.36819,1.36863,1.36754,1.36771,10478
2024-05-23 12:00:00,1.36772,1.36792,1.36645,1.3666800000000001,10545
2024-05-23 16:00:00,1.36669,1.37094,1.36565,1.37091,24682
2024-05-23 20:00:00,1.37091,1.3743400000000001,1.37088,1.37305,14057
2024-05-24 00:00:00,1.37262,1.37372,1.37262,1.37329,4324
2024-05-24 04:00:00,1.37329,1.37384,1.3726099999999999,1.3734199999999999,6997
2024-05-24 08:00:00,1.3734199999999999,1.3738299999999999,1.3719299999999999,1.37219,9721
2024-05-24 12:00:00,1.3721999999999999,1.37271,1.37077,1.3712900000000001,10275
2024-05-24 16:00:00,1.37128,1.37138,1.36529,1.36565,18704
2024-05-24 20:00:00,1.36564,1.36682,1.36477,1.3666,8194
2024-05-27 00:00:00,1.36649,1.3670900000000001,1.36587,1.36667,3271
2024-05-27 04:00:00,1.3666800000000001,1.36688,1.36624,1.36654,4483
2024-05-27 08:00:00,1.36656,1.36672,1.3658000000000001,1.36603,5374
2024-05-27 12:00:00,1.36602,1.36639,1.3651,1.3652,6754
2024-05-27 16:00:00,1.3652,1.3652,1.36298,1.36334,7066
2024-05-27 20:00:00,1.36333,1.36345,1.36303,1.3632900000000001,2236
2024-05-28 00:00:00,1.36293,1.36354,1.36234,1.3627500000000001,4041
2024-05-28 04:00:00,1.3627500000000001,1.36279,1.36147,1.3620999999999999,6668
2024-05-28 08:00:00,1.36209,1.36308,1.3618999999999999,1.36276,8528
2024-05-28 12:00:00,1.3627500000000001,1.36319,1.3615,1.36198,10036
2024-05-28 16:00:00,1.36197,1.36504,1.36182,1.36345,18606
2024-05-28 20:00:00,1.36345,1.36537,1.3632900000000001,1.36465,12170
2024-05-29 00:00:00,1.36432,1.36589,1.36396,1.36559,5025
2024-05-29 04:00:00,1.36558,1.36649,1.36484,1.36629,8040
2024-05-29 08:00:00,1.36628,1.3672900000000001,1.36504,1.36598,11724
2024-05-29 12:00:00,1.36598,1.36799,1.36579,1.36796,11859
2024-05-29 16:00:00,1.36796,1.37174,1.3677000000000001,1.37059,22201
2024-05-29 20:00:00,1.37059,1.37191,1.37026,1.37188,10406
2024-05-30 00:00:00,1.37153,1.37243,1.37097,1.37204,4003
2024-05-30 04:00:00,1.37203,1.37277,1.37126,1.37242,8157
2024-05-30 08:00:00,1.37242,1.37347,1.37121,1.37151,13166
2024-05-30 12:00:00,1.37151,1.37253,1.36926,1.36968,13822
2024-05-30 16:00:00,1.36968,1.37025,1.366,1.36642,20055
2024-05-30 20:00:00,1.36642,1.36889,1.36621,1.36791,9360
2024-05-31 00:00:00,1.36796,1.3686,1.36771,1.36818,4997
2024-05-31 04:00:00,1.36818,1.36896,1.36704,1.3671,9703
2024-05-31 08:00:00,1.3671,1.36771,1.36531,1.36588,10865
2024-05-31 12:00:00,1.36588,1.36609,1.36273,1.36352,14937
2024-05-31 16:00:00,1.36353,1.36535,1.36189,1.3642400000000001,25845
2024-05-31 20:00:00,1.36425,1.3643100000000001,1.36222,1.36259,11820
2024-06-03 00:00:00,1.36257,1.36331,1.36056,1.36084,4804
2024-06-03 04:00:00,1.36083,1.36316,1.36074,1.36276,6479
2024-06-03 08:00:00,1.36277,1.3658299999999999,1.36258,1.36548,12677
2024-06-03 12:00:00,1.36547,1.36686,1.36195,1.36239,13965
2024-06-03 16:00:00,1.36239,1.3646,1.3602699999999999,1.36429,25546
2024-06-03 20:00:00,1.36428,1.36544,1.36283,1.36291,12306
2024-06-04 00:00:00,1.3627799999999999,1.363,1.36205,1.36262,5167
2024-06-04 04:00:00,1.36261,1.3642,1.36255,1.36388,7361
2024-06-04 08:00:00,1.36389,1.3683,1.36377,1.3679700000000001,14560
2024-06-04 12:00:00,1.3679700000000001,1.36988,1.36723,1.36781,16923
2024-06-04 16:00:00,1.3678,1.36947,1.36687,1.36839,27411
2024-06-04 20:00:00,1.3684,1.3689200000000001,1.3670200000000001,1.36762,14422
2024-06-05 00:00:00,1.36738,1.3679000000000001,1.36711,1.36755,3610
2024-06-05 04:00:00,1.36755,1.36802,1.36667,1.3673,5830
2024-06-05 08:00:00,1.36727,1.36838,1.3669,1.3679700000000001,10563
2024-06-05 12:00:00,1.3679700000000001,1.36904,1.3667099999999999,1.36691,12356
2024-06-05 16:00:00,1.36691,1.37414,1.36654,1.36999,25115
2024-06-05 20:00:00,1.36998,1.3704,1.3685100000000001,1.36941,8914
2024-06-06 00:00:00,1.36932,1.36951,1.3679700000000001,1.36804,4222
2024-06-06 04:00:00,1.36804,1.36806,1.36659,1.36784,7892
2024-06-06 08:00:00,1.36784,1.3695,1.36764,1.36934,9870
2024-06-06 12:00:00,1.36934,1.37054,1.3686099999999999,1.37009,11701
2024-06-06 16:00:00,1.3700999999999999,1.37099,1.36814,1.36837,18724
2024-06-06 20:00:00,1.36837,1.36863,1.3664100000000001,1.36743,9870
2024-06-07 00:00:00,1.36646,1.3670499999999999,1.36623,1.36677,3223
2024-06-07 04:00:00,1.36676,1.36718,1.3663,1.36651,7976
2024-06-07 08:00:00,1.3665,1.3688,1.36648,1.36834,13698
2024-06-07 12:00:00,1.36834,1.37374,1.36688,1.37211,17350
2024-06-07 16:00:00,1.3721,1.37587,1.37085,1.3745,24260
2024-06-07 20:00:00,1.3745,1.37675,1.37431,1.37653,12494
2024-06-10 00:00:00,1.37606,1.37682,1.37554,1.37635,5797
2024-06-10 04:00:00,1.37636,1.37733,1.37605,1.37663,6727
2024-06-10 08:00:00,1.37663,1.37787,1.37574,1.3777300000000001,12991
2024-06-10 12:00:00,1.37774,1.37809,1.3759000000000001,1.37689,12530
2024-06-10 16:00:00,1.37689,1.37815,1.37535,1.37638,17284
2024-06-10 20:00:00,1.37638,1.37692,1.37547,1.3757,10629
2024-06-11 00:00:00,1.3755899999999999,1.3765,1.37552,1.37633,4796
2024-06-11 04:00:00,1.37633,1.3769,1.37611,1.37653,7655
2024-06-11 08:00:00,1.37653,1.37707,1.37549,1.37677,11622
2024-06-11 12:00:00,1.3767800000000001,1.37842,1.37646,1.37726,15835
2024-06-11 16:00:00,1.37727,1.37915,1.3759700000000001,1.37608,19442
2024-06-11 20:00:00,1.37607,1.37655,1.3748,1.37578,10338
2024-06-12 00:00:00,1.37584,1.37602,1.37524,1.37596,2995
2024-06-12 04:00:00,1.37595,1.37605,1.3747,1.37527,5989
2024-06-12 08:00:00,1.37526,1.37544,1.37408,1.37499,7963
2024-06-12 12:00:00,1.375,1.3751,1.36836,1.36903,9131
2024-06-12 16:00:00,1.3691,1.36992,1.36796,1.3684,14880
2024-06-12 20:00:00,1.36838,1.37341,1.3683100000000001,1.37222,15984
2024-06-13 00:00:00,1.37143,1.37305,1.37119,1.3728099999999999,3450
2024-06-13 04:00:00,1.3728099999999999,1.37423,1.37259,1.37423,5424
2024-06-13 08:00:00,1.37424,1.37485,1.37348,1.3735,7767
2024-06-13 12:00:00,1.3735,1.37519,1.37142,1.37331,9916
2024-06-13 16:00:00,1.3733,1.37631,1.3721999999999999,1.37509,15578
2024-06-13 20:00:00,1.3751,1.3752499999999999,1.37343,1.3738299999999999,7182
2024-06-14 00:00:00,1.3737300000000001,1.3749,1.37348,1.37485,3320
2024-06-14 04:00:00,1.37485,1.37489,1.37338,1.37423,6970
2024-06-14 08:00:00,1.37424,1.37577,1.37366,1.37575,10387
2024-06-14 12:00:00,1.37574,1.37713,1.37487,1.37649,12634
2024-06-14 16:00:00,1.37648,1.37789,1.37275,1.37305,14050
2024-06-14 20:00:00,1.37307,1.37458,1.37271,1.37334,6158
2024-06-17 00:00:00,1.3732,1.3738299999999999,1.3725800000000001,1.37357,3939
2024-06-17 04:00:00,1.37357,1.3745,1.37355,1.37416,4463
2024-06-17 08:00:00,1.37417,1.3752,1.37351,1.37415,8912
2024-06-17 12:00:00,1.37415,1.37544,1.3737599999999999,1.37482,8265
2024-06-17 16:00:00,1.37483,1.37642,1.37399,1.37405,11184
2024-06-17 20:00:00,1.37405,1.37405,1.37207,1.37243,6421
2024-06-18 00:00:00,1.3723,1.37231,1.37097,1.37189,2998
2024-06-18 04:00:00,1.3719000000000001,1.37415,1.37184,1.37402,5403
2024-06-18 08:00:00,1.37402,1.37565,1.37284,1.37519,7301
2024-06-18 12:00:00,1.3752,1.3755899999999999,1.3727800000000001,1.37337,8374
2024-06-18 16:00:00,1.3733,1.37367,1.3709,1.37194,12070
2024-06-18 20:00:00,1.37192,1.3726099999999999,1.37137,1.37175,6855
2024-06-19 00:00:00,1.37151,1.37209,1.37142,1.37199,2282
2024-06-19 04:00:00,1.3719999999999999,1.37228,1.37118,1.3722400000000001,3220
2024-06-19 08:00:00,1.3722400000000001,1.3726,1.37135,1.37165,7087
2024-06-19 12:00:00,1.3716599999999999,1.37186,1.37053,1.37054,6474
2024-06-19 16:00:00,1.37052,1.37144,1.36978,1.3712900000000001,5280
2024-06-19 20:00:00,1.3712900000000001,1.37146,1.37049,1.37062,1358
2024-06-20 00:00:00,1.3700999999999999,1.3714,1.3700999999999999,1.37134,2673
2024-06-20 04:00:00,1.37135,1.37174,1.37091,1.3713199999999999,5389
2024-06-20 08:00:00,1.37133,1.37208,1.3705,1.37194,6064
2024-06-20 12:00:00,1.37196,1.37205,1.36993,1.36998,7778
2024-06-20 16:00:00,1.37004,1.37089,1.3687,1.36996,11619
2024-06-20 20:00:00,1.36997,1.37089,1.3682,1.36898,7475
2024-06-21 00:00:00,1.3685399999999999,1.36917,1.36839,1.36886,2648
2024-06-21 04:00:00,1.36887,1.36906,1.36777,1.36781,4201
2024-06-21 08:00:00,1.3678,1.3697599999999999,1.36744,1.36896,7190
2024-06-21 12:00:00,1.36895,1.37047,1.3686099999999999,1.36997,8028
2024-06-21 16:00:00,1.36996,1.37181,1.3692199999999999,1.37054,12575
2024-06-21 20:00:00,1.37055,1.3707799999999999,1.36923,1.36927,6413
2024-06-24 00:00:00,1.3692,1.3703699999999999,1.36914,1.36977,3741
2024-06-24 04:00:00,1.3697599999999999,1.37081,1.36936,1.36941,5007
2024-06-24 08:00:00,1.36938,1.3694,1.36743,1.36768,6362
2024-06-24 12:00:00,1.3677000000000001,1.36886,1.3669799999999999,1.36839,7799
2024-06-24 16:00:00,1.36838,1.36839,1.3651,1.3654899999999999,12696
2024-06-24 20:00:00,1.36552,1.36665,1.36498,1.36592,7743
2024-06-25 00:00:00,1.3654,1.36592,1.36539,1.3654899999999999,3191
2024-06-25 04:00:00,1.3654899999999999,1.36572,1.36405,1.36449,4370
2024-06-25 08:00:00,1.3645100000000001,1.36559,1.36407,1.36494,7564
2024-06-25 12:00:00,1.36494,1.36804,1.362,1.36547,9929
2024-06-25 16:00:00,1.36545,1.36712,1.36395,1.36645,14208
2024-06-25 20:00:00,1.36645,1.36684,1.36494,1.36585,6959
2024-06-26 00:00:00,1.36537,1.3667099999999999,1.36516,1.36636,3367
2024-06-26 04:00:00,1.3663699999999999,1.3664,1.36503,1.36571,6261
2024-06-26 08:00:00,1.36568,1.36746,1.3655,1.36727,7371
2024-06-26 12:00:00,1.36726,1.36955,1.36629,1.36867,10580
2024-06-26 16:00:00,1.36867,1.37038,1.36794,1.37003,14967
2024-06-26 20:00:00,1.37005,1.3707500000000001,1.3691900000000001,1.37003,8185
2024-06-27 00:00:00,1.3698299999999999,1.37121,1.36932,1.37089,3700
2024-06-27 04:00:00,1.37089,1.37094,1.36917,1.36924,5444
2024-06-27 08:00:00,1.3692,1.36964,1.36821,1.36842,9960
2024-06-27 12:00:00,1.3684,1.36966,1.36755,1.36842,12495
2024-06-27 16:00:00,1.36843,1.37,1.36811,1.36893,18383
2024-06-27 20:00:00,1.36894,1.36989,1.36806,1.36989,10885
2024-06-28 00:00:00,1.36981,1.37194,1.36935,1.37189,4745
2024-06-28 04:00:00,1.3719000000000001,1.3734,1.3713,1.37303,10798
2024-06-28 08:00:00,1.37302,1.37308,1.37062,1.3707799999999999,11271
2024-06-28 12:00:00,1.37077,1.37106,1.36848,1.37003,14100
2024-06-28 16:00:00,1.37004,1.37173,1.36731,1.36751,24435
2024-06-28 20:00:00,1.36752,1.36951,1.36551,1.36765,13876
2024-07-01 00:00:00,1.36688,1.36776,1.3664,1.36743,4435
2024-07-01 04:00:00,1.3674,1.36784,1.36652,1.3673,5506
2024-07-01 08:00:00,1.36731,1.36816,1.36631,1.36725,11388
2024-07-01 12:00:00,1.36724,1.37088,1.36724,1.3703699999999999,10964
2024-07-01 16:00:00,1.37035,1.37488,1.36822,1.37371,21262
2024-07-01 20:00:00,1.37372,1.37473,1.37335,1.37365,9023
2024-07-02 00:00:00,1.3734899999999999,1.37417,1.37324,1.37406,4462
2024-07-02 04:00:00,1.3740700000000001,1.37553,1.37372,1.37517,5865
2024-07-02 08:00:00,1.37517,1.37547,1.37294,1.37311,12084
2024-07-02 12:00:00,1.37308,1.37367,1.37165,1.37209,11176
2024-07-02 16:00:00,1.37211,1.37255,1.36879,1.3695,22767
2024-07-02 20:00:00,1.36951,1.3695599999999999,1.3667099999999999,1.3679000000000001,8427
2024-07-03 00:00:00,1.3675899999999999,1.3679000000000001,1.36712,1.36765,4100
2024-07-03 04:00:00,1.36765,1.36841,1.36754,1.36799,3973
2024-07-03 08:00:00,1.36801,1.36865,1.36677,1.36769,8541
2024-07-03 12:00:00,1.3677000000000001,1.36808,1.36516,1.36579,9674
2024-07-03 16:00:00,1.36577,1.36577,1.36171,1.36308,20973
2024-07-03 20:00:00,1.36308,1.36419,1.36299,1.3638,5380
2024-07-04 00:00:00,1.3629,1.36404,1.36288,1.36296,2528
2024-07-04 04:00:00,1.36296,1.36389,1.36256,1.36355,5138
2024-07-04 08:00:00,1.36356,1.3637000000000001,1.36195,1.36232,6588
2024-07-04 12:00:00,1.36231,1.36283,1.3612,1.3612600000000001,6758
2024-07-04 16:00:00,1.3612600000000001,1.36204,1.36082,1.36083,7068
2024-07-04 20:00:00,1.36083,1.36134,1.36079,1.36123,1064
2024-07-05 00:00:00,1.36109,1.36165,1.36052,1.36086,3604
2024-07-05 04:00:00,1.36086,1.36135,1.36056,1.36067,4932
2024-07-05 08:00:00,1.36066,1.36115,1.36023,1.36044,7635
2024-07-05 12:00:00,1.36044,1.36317,1.36036,1.36219,12538
2024-07-05 16:00:00,1.3622,1.36531,1.36174,1.3637000000000001,23119
2024-07-05 20:00:00,1.36371,1.36437,1.36267,1.36414,8719
2024-07-08 00:00:00,1.36429,1.36462,1.3639000000000001,1.36439,4594
2024-07-08 04:00:00,1.3644,1.36471,1.36281,1.36374,6599
2024-07-08 08:00:00,1.36374,1.3645800000000001,1.36285,1.36364,10384
2024-07-08 12:00:00,1.36365,1.36426,1.36247,1.36253,10450
2024-07-08 16:00:00,1.36255,1.36409,1.36238,1.36294,17236
2024-07-08 20:00:00,1.36294,1.36429,1.3629,1.36349,6522
2024-07-09 00:00:00,1.3631,1.36395,1.3628,1.36374,3682
2024-07-09 04:00:00,1.3637299999999999,1.36469,1.3630499999999999,1.36323,6938
2024-07-09 08:00:00,1.36323,1.36448,1.36283,1.36403,9218
2024-07-09 12:00:00,1.36402,1.36456,1.36353,1.36388,9730
2024-07-09 16:00:00,1.36388,1.3648,1.3633600000000001,1.36348,19823
2024-07-09 20:00:00,1.36348,1.36379,1.36279,1.36345,8471
2024-07-10 00:00:00,1.3634,1.36354,1.36276,1.36345,2815
2024-07-10 04:00:00,1.36344,1.36378,1.36293,1.36316,5869
2024-07-10 08:00:00,1.36316,1.3642699999999999,1.36301,1.3637000000000001,8328
2024-07-10 12:00:00,1.36369,1.3639299999999999,1.36202,1.36221,8973
2024-07-10 16:00:00,1.36221,1.36319,1.36078,1.3614899999999999,17011
2024-07-10 20:00:00,1.36148,1.36258,1.36112,1.36219,7166
2024-07-11 00:00:00,1.36174,1.3621400000000001,1.36138,1.36211,2562
2024-07-11 04:00:00,1.36211,1.36239,1.36138,1.3621400000000001,4299
2024-07-11 08:00:00,1.3621400000000001,1.36351,1.36178,1.36307,8434
2024-07-11 12:00:00,1.36307,1.3639000000000001,1.35886,1.36059,14638
2024-07-11 16:00:00,1.3606,1.36352,1.35953,1.3631199999999999,32278
2024-07-11 20:00:00,1.36313,1.36477,1.36286,1.36317,13717
2024-07-12 00:00:00,1.36297,1.36349,1.36223,1.36319,6951
2024-07-12 04:00:00,1.3632,1.36344,1.3618299999999999,1.36202,7624
2024-07-12 08:00:00,1.36202,1.36299,1.36124,1.36132,10070
2024-07-12 12:00:00,1.36133,1.36387,1.3611,1.36325,14630
2024-07-12 16:00:00,1.36321,1.3639299999999999,1.36121,1.36224,25018
2024-07-12 20:00:00,1.36224,1.36369,1.3621699999999999,1.36341,9002
2024-07-15 00:00:00,1.36428,1.3657599999999999,1.36258,1.36555,6995
2024-07-15 04:00:00,1.3655599999999999,1.36586,1.36497,1.36564,5837
2024-07-15 08:00:00,1.36565,1.3664,1.3633,1.36338,11592
2024-07-15 12:00:00,1.36338,1.36532,1.36311,1.3646099999999999,14428
2024-07-15 16:00:00,1.3646,1.36744,1.3643399999999999,1.36667,24605
2024-07-15 20:00:00,1.3666800000000001,1.36889,1.36665,1.3682,14945
2024-07-16 00:00:00,1.36796,1.3682,1.36741,1.36802,5485
2024-07-16 04:00:00,1.36803,1.36847,1.36773,1.36839,7301
2024-07-16 08:00:00,1.3684,1.3694600000000001,1.36837,1.36847,12135
2024-07-16 12:00:00,1.36847,1.37073,1.36631,1.36995,17479
2024-07-16 16:00:00,1.36994,1.3707799999999999,1.36816,1.36825,24035
2024-07-16 20:00:00,1.36826,1.36839,1.3669,1.36747,8510
2024-07-17 00:00:00,1.36712,1.3681,1.36685,1.36785,5161
2024-07-17 04:00:00,1.36785,1.36823,1.3669,1.36747,7179
2024-07-17 08:00:00,1.36748,1.36859,1.36627,1.36639,19007
2024-07-17 12:00:00,1.36638,1.36786,1.36566,1.36715,17139
2024-07-17 16:00:00,1.36716,1.3701400000000001,1.36613,1.36932,30390
2024-07-17 20:00:00,1.36933,1.36964,1.36834,1.36845,12296
2024-07-18 00:00:00,1.36811,1.36853,1.3676599999999999,1.36822,5682
2024-07-18 04:00:00,1.36823,1.36884,1.36768,1.36802,10200
2024-07-18 08:00:00,1.36801,1.36807,1.36703,1.36744,17234
2024-07-18 12:00:00,1.36745,1.36836,1.36727,1.3681,14587
2024-07-18 16:00:00,1.36809,1.37011,1.36775,1.36932,27535
2024-07-18 20:00:00,1.36933,1.37184,1.36914,1.37053,16667
2024-07-19 00:00:00,1.37032,1.37145,1.37001,1.37073,6415
2024-07-19 04:00:00,1.37072,1.3709799999999999,1.37025,1.37066,9160
2024-07-19 08:00:00,1.37066,1.37179,1.37028,1.37167,16461
2024-07-19 12:00:00,1.37168,1.37252,1.37072,1.37237,16195
2024-07-19 16:00:00,1.37236,1.37477,1.37165,1.37314,27931
2024-07-19 20:00:00,1.37314,1.37352,1.3722699999999999,1.37328,13325
2024-07-22 00:00:00,1.3715600000000001,1.3723,1.37051,1.37131,6638
2024-07-22 04:00:00,1.37131,1.37333,1.37124,1.3732,10502
2024-07-22 08:00:00,1.37321,1.37459,1.37296,1.37416,14717
2024-07-22 12:00:00,1.37417,1.37547,1.37365,1.3750499999999999,13734
2024-07-22 16:00:00,1.3750499999999999,1.37748,1.3747,1.37485,24659
2024-07-22 20:00:00,1.37482,1.37584,1.3743699999999999,1.3757,8405
2024-07-23 00:00:00,1.3755600000000001,1.37675,1.3752499999999999,1.3765,5084
2024-07-23 04:00:00,1.3765100000000001,1.37656,1.3756300000000001,1.37646,8689
2024-07-23 08:00:00,1.37646,1.37733,1.37623,1.37666,12926
2024-07-23 12:00:00,1.37666,1.37682,1.37524,1.37583,12785
2024-07-23 16:00:00,1.37582,1.3774899999999999,1.37574,1.37669,19988
2024-07-23 20:00:00,1.3767,1.37856,1.37642,1.37852,9459
2024-07-24 00:00:00,1.37814,1.37877,1.37794,1.37824,3648
2024-07-24 04:00:00,1.37823,1.37999,1.37805,1.37965,8781
2024-07-24 08:00:00,1.37965,1.37971,1.37886,1.3793199999999999,14820
2024-07-24 12:00:00,1.3793199999999999,1.37971,1.37802,1.37814,13266
2024-07-24 16:00:00,1.37812,1.38077,1.37741,1.37917,26134
2024-07-24 20:00:00,1.37917,1.38164,1.37874,1.38083,12618
2024-07-25 00:00:00,1.38041,1.38182,1.38023,1.38133,7407
2024-07-25 04:00:00,1.38133,1.38216,1.38106,1.38191,10875
2024-07-25 08:00:00,1.38191,1.38377,1.38166,1.3827,21446
2024-07-25 12:00:00,1.3827099999999999,1.38492,1.3826100000000001,1.38355,23396
2024-07-25 16:00:00,1.3835600000000001,1.38403,1.38003,1.38037,34786
2024-07-25 20:00:00,1.38036,1.38279,1.3796300000000001,1.38242,17615
2024-07-26 00:00:00,1.38208,1.3826100000000001,1.3814,1.3818,4626
2024-07-26 04:00:00,1.3818,1.3820999999999999,1.381,1.38124,6420
2024-07-26 08:00:00,1.38124,1.38188,1.3807800000000001,1.38089,10871
2024-07-26 12:00:00,1.38091,1.38312,1.38089,1.38221,13704
2024-07-26 16:00:00,1.3822,1.38489,1.3807,1.3822,27321
2024-07-26 20:00:00,1.38219,1.38397,1.38193,1.38328,11966
2024-07-29 00:00:00,1.3829500000000001,1.38331,1.38162,1.3819,5175
2024-07-29 04:00:00,1.38189,1.3826800000000001,1.38172,1.38258,7484
2024-07-29 08:00:00,1.38257,1.38449,1.38199,1.38423,11432
2024-07-29 12:00:00,1.3842400000000001,1.3848500000000001,1.38287,1.3841,11351
2024-07-29 16:00:00,1.38411,1.38649,1.38361,1.38587,21251
2024-07-29 20:00:00,1.38586,1.38619,1.3847,1.38522,11158
2024-07-30 00:00:00,1.38479,1.38586,1.38475,1.38536,4778
2024-07-30 04:00:00,1.38538,1.3863699999999999,1.38418,1.38439,7184
2024-07-30 08:00:00,1.3844,1.38497,1.3838,1.3843,12185
2024-07-30 12:00:00,1.3843,1.38643,1.3841,1.38631,10158
2024-07-30 16:00:00,1.38631,1.38638,1.38391,1.3845100000000001,25441
2024-07-30 20:00:00,1.3845100000000001,1.3856899999999999,1.38394,1.38503,14996
2024-07-31 00:00:00,1.3845399999999999,1.38532,1.38441,1.38518,5369
2024-07-31 04:00:00,1.38517,1.38585,1.38388,1.38441,12333
2024-07-31 08:00:00,1.38441,1.38502,1.38339,1.38446,14666
2024-07-31 12:00:00,1.38448,1.3847800000000001,1.38067,1.38105,15939
2024-07-31 16:00:00,1.38106,1.38209,1.37872,1.3808099999999999,24406
2024-07-31 20:00:00,1.3808099999999999,1.38225,1.3790200000000001,1.3804699999999999,28403
2024-08-01 00:00:00,1.38015,1.38125,1.38008,1.38099,5300
2024-08-01 04:00:00,1.381,1.38198,1.38003,1.3807800000000001,11449
2024-08-01 08:00:00,1.38077,1.3836300000000001,1.38029,1.3832900000000001,16473
2024-08-01 12:00:00,1.3832900000000001,1.38335,1.38116,1.38135,16130
2024-08-01 16:00:00,1.38134,1.38615,1.37943,1.38544,27858
2024-08-01 20:00:00,1.38543,1.38884,1.38535,1.3875600000000001,19300
2024-08-02 00:00:00,1.38712,1.38885,1.38692,1.38801,9969
2024-08-02 04:00:00,1.38801,1.38836,1.38555,1.38595,12176
2024-08-02 08:00:00,1.38595,1.38811,1.38528,1.3874900000000001,22502
2024-08-02 12:00:00,1.3875,1.38862,1.3845,1.3856899999999999,25891
2024-08-02 16:00:00,1.38571,1.38624,1.3834,1.38617,51916
2024-08-02 20:00:00,1.38617,1.38748,1.3856600000000001,1.38744,22483
2024-08-05 00:00:00,1.38648,1.38865,1.38632,1.38784,16379
2024-08-05 04:00:00,1.38784,1.38848,1.38595,1.38764,25039
2024-08-05 08:00:00,1.38764,1.39467,1.38638,1.38796,47090
2024-08-05 12:00:00,1.38796,1.38849,1.38194,1.38345,38160
2024-08-05 16:00:00,1.38346,1.3848799999999999,1.38093,1.38419,60504
2024-08-05 20:00:00,1.38418,1.38477,1.38193,1.38309,23665
2024-08-06 00:00:00,1.3816899999999999,1.3826100000000001,1.3792900000000001,1.37947,14813
2024-08-06 04:00:00,1.37946,1.38216,1.37934,1.38206,24017
2024-08-06 08:00:00,1.38205,1.38437,1.3813900000000001,1.38346,30979
2024-08-06 12:00:00,1.38346,1.38558,1.383,1.38409,28002
2024-08-06 16:00:00,1.38408,1.38426,1.3776,1.37786,47882
2024-08-06 20:00:00,1.37787,1.37869,1.37565,1.37869,26688
2024-08-07 00:00:00,1.3783400000000001,1.37909,1.37748,1.37774,12269
2024-08-07 04:00:00,1.3777300000000001,1.37839,1.37656,1.37726,21655
2024-08-07 08:00:00,1.37727,1.37801,1.375,1.37533,20376
2024-08-07 12:00:00,1.3753199999999999,1.37585,1.3737,1.37413,18964
2024-08-07 16:00:00,1.37414,1.37473,1.37206,1.37324,31864
2024-08-07 20:00:00,1.37323,1.3759299999999999,1.37269,1.37588,26379
2024-08-08 00:00:00,1.37577,1.37613,1.37431,1.37445,10666
2024-08-08 04:00:00,1.37446,1.3747,1.37262,1.37333,14476
2024-08-08 08:00:00,1.37333,1.37445,1.37273,1.37323,19451
2024-08-08 12:00:00,1.37324,1.37588,1.37299,1.37545,21948
2024-08-08 16:00:00,1.37544,1.37656,1.37363,1.3740700000000001,36039
2024-08-08 20:00:00,1.37408,1.3749799999999999,1.3728799999999999,1.37337,17077
2024-08-09 00:00:00,1.37291,1.37439,1.37284,1.37415,6379
2024-08-09 04:00:00,1.37416,1.37425,1.37223,1.37379,10435
2024-08-09 08:00:00,1.3738000000000001,1.3740999999999999,1.37178,1.37321,14604
2024-08-09 12:00:00,1.3732199999999999,1.37524,1.37313,1.37365,14561
2024-08-09 16:00:00,1.37364,1.37423,1.37209,1.37265,29329
2024-08-09 20:00:00,1.37265,1.37363,1.3724,1.3728799999999999,15315
2024-08-12 00:00:00,1.3721,1.37409,1.3719000000000001,1.3736,4256
2024-08-12 04:00:00,1.37359,1.37386,1.3728,1.3732,4902
2024-08-12 08:00:00,1.3732,1.37347,1.37184,1.3723,9455
2024-08-12 12:00:00,1.37231,1.37399,1.37181,1.37364,10245
2024-08-12 16:00:00,1.37363,1.37477,1.37246,1.37439,25182
2024-08-12 20:00:00,1.3744,1.37463,1.37343,1.3742,14636
2024-08-13 00:00:00,1.37404,1.37473,1.37384,1.37456,3270
2024-08-13 04:00:00,1.37455,1.37461,1.37351,1.37374,6382
2024-08-13 08:00:00,1.37375,1.37454,1.37262,1.37336,10221
2024-08-13 12:00:00,1.37335,1.37418,1.37242,1.3728,13065
2024-08-13 16:00:00,1.3728099999999999,1.37401,1.37183,1.3719299999999999,25569
2024-08-13 20:00:00,1.3719299999999999,1.37221,1.37058,1.37061,15284
2024-08-14 00:00:00,1.37029,1.37108,1.37009,1.37088,4983
2024-08-14 04:00:00,1.37088,1.37203,1.37042,1.37173,8782
2024-08-14 08:00:00,1.37172,1.3721,1.37061,1.37086,10073
2024-08-14 12:00:00,1.37086,1.37215,1.36997,1.37185,13671
2024-08-14 16:00:00,1.37185,1.37206,1.36886,1.37121,26070
2024-08-14 20:00:00,1.37122,1.37243,1.37112,1.37152,13993
2024-08-15 00:00:00,1.37114,1.37194,1.37112,1.3717,3602
2024-08-15 04:00:00,1.3717,1.3726099999999999,1.37088,1.37104,10035
2024-08-15 08:00:00,1.3710200000000001,1.37135,1.37022,1.37092,6606
2024-08-15 12:00:00,1.37093,1.37275,1.36977,1.37259,12337
2024-08-15 16:00:00,1.37259,1.3738000000000001,1.3695,1.37103,26559
2024-08-15 20:00:00,1.3710200000000001,1.3738299999999999,1.37086,1.37303,12033
2024-08-16 00:00:00,1.37274,1.3735,1.37244,1.37303,3718
2024-08-16 04:00:00,1.37302,1.37347,1.37214,1.37248,5509
2024-08-16 08:00:00,1.37249,1.37286,1.37164,1.3721999999999999,7426
2024-08-16 12:00:00,1.37221,1.3737,1.37161,1.37259,11541
2024-08-16 16:00:00,1.3725800000000001,1.3728099999999999,1.36945,1.36955,20877
2024-08-16 20:00:00,1.36955,1.37004,1.3679999999999999,1.3681,9274
2024-08-19 00:00:00,1.36775,1.36835,1.36679,1.36721,4330
2024-08-19 04:00:00,1.36721,1.36723,1.36613,1.36651,5931
2024-08-19 08:00:00,1.36651,1.3676,1.36626,1.36741,9422
2024-08-19 12:00:00,1.36742,1.36848,1.36717,1.36724,8318
2024-08-19 16:00:00,1.36724,1.36773,1.36357,1.36493,21788
2024-08-19 20:00:00,1.36494,1.36534,1.36295,1.3633199999999999,11377
2024-08-20 00:00:00,1.36315,1.36372,1.36297,1.36362,4506
2024-08-20 04:00:00,1.36361,1.36414,1.3628,1.36365,7553
2024-08-20 08:00:00,1.3636599999999999,1.36409,1.3614899999999999,1.36166,9664
2024-08-20 12:00:00,1.36167,1.36333,1.36048,1.36204,12049
2024-08-20 16:00:00,1.36202,1.36405,1.36202,1.36307,27087
2024-08-20 20:00:00,1.3630900000000001,1.36338,1.36163,1.36195,13917
2024-08-21 00:00:00,1.36182,1.36235,1.36136,1.36167,5216
2024-08-21 04:00:00,1.36168,1.36233,1.36136,1.36147,5346
2024-08-21 08:00:00,1.36148,1.36233,1.36057,1.36117,10082
2024-08-21 12:00:00,1.36116,1.36118,1.35908,1.35985,9876
2024-08-21 16:00:00,1.35984,1.36115,1.3575599999999999,1.359,31656
2024-08-21 20:00:00,1.359,1.36015,1.35764,1.35953,12758
2024-08-22 00:00:00,1.35891,1.35942,1.35826,1.3587099999999999,3157
2024-08-22 04:00:00,1.3587099999999999,1.35924,1.35853,1.35876,4624
2024-08-22 08:00:00,1.35877,1.35895,1.35713,1.35778,8029
2024-08-22 12:00:00,1.35777,1.35948,1.3575300000000001,1.35779,12246
2024-08-22 16:00:00,1.35779,1.36188,1.35779,1.36023,24349
2024-08-22 20:00:00,1.36023,1.36147,1.36016,1.36129,12281
2024-08-23 00:00:00,1.36143,1.36151,1.35991,1.3602,3562
2024-08-23 04:00:00,1.3602,1.36025,1.35925,1.3593899999999999,5232
2024-08-23 08:00:00,1.35938,1.35965,1.35856,1.35885,8138
2024-08-23 12:00:00,1.35885,1.35926,1.35796,1.35811,9158
2024-08-23 16:00:00,1.35811,1.3586,1.35008,1.35122,36868
2024-08-23 20:00:00,1.35123,1.35156,1.34986,1.3508499999999999,15038
2024-08-26 00:00:00,1.34999,1.35152,1.3498999999999999,1.35053,5135
2024-08-26 04:00:00,1.35053,1.3513600000000001,1.34989,1.35118,6214
2024-08-26 08:00:00,1.35119,1.35129,1.3502,1.35041,10129
2024-08-26 12:00:00,1.35042,1.3513,1.3489900000000001,1.3492,11740
2024-08-26 16:00:00,1.3492,1.3496000000000001,1.3463,1.34703,19080
2024-08-26 20:00:00,1.34703,1.34897,1.34659,1.34872,9189
2024-08-27 00:00:00,1.34747,1.34881,1.34747,1.3486500000000001,4281
2024-08-27 04:00:00,1.3486500000000001,1.34878,1.34778,1.3479999999999999,5168
2024-08-27 08:00:00,1.34799,1.34854,1.34689,1.3473,9895
2024-08-27 12:00:00,1.34731,1.34808,1.34627,1.34742,12963
2024-08-27 16:00:00,1.34742,1.34756,1.34504,1.34634,22014
2024-08-27 20:00:00,1.34633,1.34637,1.34426,1.34435,9428
2024-08-28 00:00:00,1.34385,1.3449200000000001,1.34385,1.34455,5457
2024-08-28 04:00:00,1.34457,1.34543,1.3443,1.3454,6276
2024-08-28 08:00:00,1.3454,1.34683,1.34496,1.3459699999999999,13665
2024-08-28 12:00:00,1.34598,1.34786,1.3457,1.34706,14205
2024-08-28 16:00:00,1.34706,1.34774,1.34491,1.34695,23131
2024-08-28 20:00:00,1.34695,1.3488,1.3466,1.34784,13586
2024-08-29 00:00:00,1.34768,1.34796,1.34659,1.3468,4634
2024-08-29 04:00:00,1.3468,1.34734,1.34601,1.34611,5810
2024-08-29 08:00:00,1.34612,1.34748,1.34534,1.34671,13554
2024-08-29 12:00:00,1.34671,1.3477700000000001,1.3449900000000001,1.34734,15939
2024-08-29 16:00:00,1.34733,1.34908,1.34589,1.34703,23523
2024-08-29 20:00:00,1.34703,1.34862,1.34613,1.3485800000000001,13587
2024-08-30 00:00:00,1.34825,1.3489499999999999,1.34809,1.34839,4279
2024-08-30 04:00:00,1.3484,1.34904,1.34801,1.34889,5604
2024-08-30 08:00:00,1.3489,1.34904,1.34689,1.34765,8962
2024-08-30 12:00:00,1.34766,1.34889,1.34653,1.34832,14861
2024-08-30 16:00:00,1.3483100000000001,1.35095,1.34667,1.35022,34178
2024-08-30 20:00:00,1.3502100000000001,1.35045,1.34726,1.34921,15301
2024-09-02 00:00:00,1.34854,1.34938,1.34832,1.34889,3553
2024-09-02 04:00:00,1.34888,1.35041,1.34859,1.3498299999999999,5550
2024-09-02 08:00:00,1.3498299999999999,1.34993,1.34851,1.3489,10365
2024-09-02 12:00:00,1.3489,1.35009,1.34883,1.34906,8702
2024-09-02 16:00:00,1.34906,1.35052,1.3488,1.34939,9189
2024-09-02 20:00:00,1.34941,1.34947,1.3489900000000001,1.34945,1238
2024-09-03 00:00:00,1.3490199999999999,1.35025,1.3490199999999999,1.3498299999999999,2704
2024-09-03 04:00:00,1.34982,1.35296,1.34964,1.35266,8062
2024-09-03 08:00:00,1.35266,1.35308,1.3504399999999999,1.35114,12097
2024-09-03 12:00:00,1.35114,1.35496,1.35098,1.35442,16471
2024-09-03 16:00:00,1.3544100000000001,1.3562400000000001,1.3534,1.35499,32119
2024-09-03 20:00:00,1.35499,1.35564,1.3542,1.35506,13700
2024-09-04 00:00:00,1.35516,1.35562,1.35408,1.3554300000000001,5498
2024-09-04 04:00:00,1.3554300000000001,1.3554300000000001,1.35327,1.35346,7647
2024-09-04 08:00:00,1.35348,1.35629,1.3532899999999999,1.3562400000000001,13940
2024-09-04 12:00:00,1.3562400000000001,1.35653,1.35483,1.35523,13863
2024-09-04 16:00:00,1.35524,1.35558,1.34996,1.35113,33164
2024-09-04 20:00:00,1.35114,1.3526099999999999,1.35069,1.3507,15469
2024-09-05 00:00:00,1.3504800000000001,1.35131,1.35041,1.35081,3217
2024-09-05 04:00:00,1.3508200000000001,1.35118,1.35036,1.35103,5276
2024-09-05 08:00:00,1.35101,1.35167,1.35034,1.35054,11844
2024-09-05 12:00:00,1.35055,1.35236,1.35034,1.35152,18530
2024-09-05 16:00:00,1.35151,1.35251,1.35053,1.35152,28171
2024-09-05 20:00:00,1.35152,1.35182,1.35018,1.35019,16707
2024-09-06 00:00:00,1.34984,1.3504399999999999,1.3496299999999999,1.34988,3031
2024-09-06 04:00:00,1.34988,1.35046,1.34921,1.34933,8239
2024-09-06 08:00:00,1.34936,1.35054,1.34855,1.35022,14519
2024-09-06 12:00:00,1.35023,1.35046,1.34656,1.35012,21756
2024-09-06 16:00:00,1.35012,1.35823,1.34971,1.35689,50419
2024-09-06 20:00:00,1.3569,1.35769,1.3556599999999999,1.35713,21832
2024-09-09 00:00:00,1.35618,1.35701,1.35575,1.35651,6350
2024-09-09 04:00:00,1.35651,1.35654,1.35521,1.35615,7936
2024-09-09 08:00:00,1.35614,1.3573,1.35613,1.35697,13694
2024-09-09 12:00:00,1.35699,1.35705,1.35596,1.35684,14340
2024-09-09 16:00:00,1.35684,1.35769,1.35462,1.35492,23113
2024-09-09 20:00:00,1.35491,1.35644,1.35474,1.35589,14835
2024-09-10 00:00:00,1.3557299999999999,1.35728,1.3553,1.35693,3451
2024-09-10 04:00:00,1.35693,1.3572600000000001,1.35622,1.35649,6621
2024-09-10 08:00:00,1.35648,1.35761,1.35615,1.35733,13518
2024-09-10 12:00:00,1.35734,1.3578999999999999,1.35643,1.35724,15133
2024-09-10 16:00:00,1.35724,1.36154,1.35689,1.36074,27860
2024-09-10 20:00:00,1.36075,1.3613,1.3600400000000001,1.36099,16614
2024-09-11 00:00:00,1.36098,1.36163,1.36072,1.36141,4389
2024-09-11 04:00:00,1.36141,1.36164,1.35998,1.36003,10513
2024-09-11 08:00:00,1.3600400000000001,1.3601,1.3584800000000001,1.35856,13400
2024-09-11 12:00:00,1.35855,1.36036,1.35733,1.35961,20636
2024-09-11 16:00:00,1.35962,1.3623,1.35793,1.3584399999999999,34585
2024-09-11 20:00:00,1.35843,1.3585099999999999,1.35666,1.3573,17605
2024-09-12 00:00:00,1.35715,1.35808,1.35703,1.35796,3617
2024-09-12 04:00:00,1.35796,1.35853,1.3571,1.3571,7977
2024-09-12 08:00:00,1.35711,1.35806,1.35647,1.35773,12208
2024-09-12 12:00:00,1.35773,1.35898,1.35687,1.3586,16654
2024-09-12 16:00:00,1.3586,1.36045,1.35793,1.35914,28208
2024-09-12 20:00:00,1.35913,1.35968,1.3576,1.35798,17812
2024-09-13 00:00:00,1.35766,1.35825,1.35662,1.35664,3907
2024-09-13 04:00:00,1.35663,1.35771,1.3565,1.35759,7636
2024-09-13 08:00:00,1.3576,1.35843,1.35711,1.35762,12371
2024-09-13 12:00:00,1.35763,1.35946,1.35659,1.35766,14212
2024-09-13 16:00:00,1.35766,1.35941,1.35694,1.35928,22828
2024-09-13 20:00:00,1.35927,1.3599999999999999,1.3584,1.35891,13094
2024-09-16 00:00:00,1.3587500000000001,1.35942,1.35757,1.35759,4260
2024-09-16 04:00:00,1.35761,1.3581699999999999,1.35666,1.3571,5282
2024-09-16 08:00:00,1.35711,1.35807,1.35686,1.3575,11858
2024-09-16 12:00:00,1.3574899999999999,1.3587500000000001,1.3572899999999999,1.35872,17097
2024-09-16 16:00:00,1.35873,1.36074,1.35806,1.35961,23512
2024-09-16 20:00:00,1.35961,1.35984,1.3584,1.35862,13081
2024-09-17 00:00:00,1.35796,1.35938,1.35796,1.35933,3703
2024-09-17 04:00:00,1.3593199999999999,1.35981,1.3587,1.35955,4721
2024-09-17 08:00:00,1.35955,1.35964,1.35809,1.35837,10478
2024-09-17 12:00:00,1.35838,1.36167,1.35799,1.36054,16725
2024-09-17 16:00:00,1.36054,1.3607,1.35836,1.35978,26620
2024-09-17 20:00:00,1.35979,1.36048,1.35903,1.35982,17022
2024-09-18 00:00:00,1.35933,1.35967,1.35865,1.35868,3423
2024-09-18 04:00:00,1.35868,1.3594300000000001,1.35843,1.3593,7834
2024-09-18 08:00:00,1.3593,1.35934,1.3584,1.35885,13498
2024-09-18 12:00:00,1.35884,1.3593,1.35813,1.35896,15710
2024-09-18 16:00:00,1.35895,1.36075,1.35765,1.35956,24261
2024-09-18 20:00:00,1.35954,1.36227,1.35402,1.3605800000000001,47310
2024-09-19 00:00:00,1.3601,1.36357,1.35982,1.36352,9168
2024-09-19 04:00:00,1.36352,1.36473,1.35964,1.35983,15608
2024-09-19 08:00:00,1.35983,1.35993,1.35434,1.3545099999999999,20906
2024-09-19 12:00:00,1.3545,1.3569499999999999,1.3532899999999999,1.3569200000000001,24621
2024-09-19 16:00:00,1.35691,1.36005,1.35493,1.35524,34183
2024-09-19 20:00:00,1.35525,1.3565,1.35468,1.3559,18383
2024-09-20 00:00:00,1.3551199999999999,1.35656,1.3551,1.35639,3576
2024-09-20 04:00:00,1.35639,1.3568500000000001,1.3554,1.3560400000000001,9861
2024-09-20 08:00:00,1.35603,1.35757,1.35547,1.35684,16890
2024-09-20 12:00:00,1.35684,1.35764,1.35416,1.35454,15839
2024-09-20 16:00:00,1.35454,1.35897,1.35453,1.3554300000000001,33168
2024-09-20 20:00:00,1.3554300000000001,1.35742,1.35529,1.3566799999999999,19622
2024-09-23 00:00:00,1.35551,1.35691,1.35548,1.35633,3845
2024-09-23 04:00:00,1.35633,1.35669,1.3556300000000001,1.35584,7334
2024-09-23 08:00:00,1.35584,1.3582,1.35548,1.35714,17348
2024-09-23 12:00:00,1.35714,1.35715,1.35373,1.35378,14357
2024-09-23 16:00:00,1.35377,1.35385,1.34896,1.35019,27675
2024-09-23 20:00:00,1.35018,1.3541,1.34869,1.35401,12058
2024-09-24 00:00:00,1.35341,1.35373,1.35214,1.35301,4398
2024-09-24 04:00:00,1.3529900000000001,1.35301,1.35123,1.35142,10570
2024-09-24 08:00:00,1.3514300000000001,1.3529499999999999,1.35073,1.3512,17920
2024-09-24 12:00:00,1.35121,1.35148,1.34976,1.34999,14321
2024-09-24 16:00:00,1.34998,1.35018,1.34528,1.34572,26439
2024-09-24 20:00:00,1.34572,1.34583,1.34306,1.34314,11426
2024-09-25 00:00:00,1.3431600000000001,1.34363,1.34192,1.34229,4785
2024-09-25 04:00:00,1.34229,1.34323,1.34205,1.34289,10270
2024-09-25 08:00:00,1.3429,1.34389,1.34242,1.34286,13121
2024-09-25 12:00:00,1.34286,1.34552,1.34286,1.3449200000000001,13289
2024-09-25 16:00:00,1.34493,1.34753,1.34324,1.34749,26512
2024-09-25 20:00:00,1.3475,1.34873,1.347,1.34853,16229
2024-09-26 00:00:00,1.34806,1.3486799999999999,1.34721,1.3473,4858
2024-09-26 04:00:00,1.34731,1.34763,1.34646,1.34714,8457
2024-09-26 08:00:00,1.34715,1.3477299999999999,1.34629,1.34668,16777
2024-09-26 12:00:00,1.34669,1.34789,1.34574,1.34633,19886
2024-09-26 16:00:00,1.34633,1.34896,1.346,1.34813,34962
2024-09-26 20:00:00,1.34815,1.34824,1.34672,1.34681,17533
2024-09-27 00:00:00,1.34652,1.34863,1.3464,1.34847,5844
2024-09-27 04:00:00,1.34848,1.34928,1.34805,1.34901,10242
2024-09-27 08:00:00,1.349,1.34951,1.34823,1.34826,18364
2024-09-27 12:00:00,1.34826,1.34863,1.34635,1.34729,20066
2024-09-27 16:00:00,1.34729,1.35161,1.34672,1.3511,31309
2024-09-27 20:00:00,1.35111,1.3526500000000001,1.35094,1.3519,22163
2024-09-30 00:00:00,1.35062,1.3517299999999999,1.35056,1.35148,5369
2024-09-30 04:00:00,1.35147,1.35191,1.35026,1.3508200000000001,11441
2024-09-30 08:00:00,1.3508200000000001,1.35224,1.35008,1.35159,15464
2024-09-30 12:00:00,1.35158,1.35273,1.35066,1.35071,14952
2024-09-30 16:00:00,1.3507,1.35196,1.34896,1.35069,29058
2024-09-30 20:00:00,1.35068,1.35378,1.35028,1.35248,26004
2024-10-01 00:00:00,1.3516599999999999,1.35337,1.3516599999999999,1.35298,5154
2024-10-01 04:00:00,1.3529900000000001,1.35321,1.3519700000000001,1.3523,8969
2024-10-01 08:00:00,1.35229,1.35384,1.35157,1.35357,16868
2024-10-01 12:00:00,1.35358,1.35393,1.35162,1.35233,18719
2024-10-01 16:00:00,1.35233,1.35251,1.3488,1.35023,42689
2024-10-01 20:00:00,1.3502399999999999,1.35209,1.3480699999999999,1.3489200000000001,24121
2024-10-02 00:00:00,1.3490199999999999,1.3497,1.34833,1.3488,5835
2024-10-02 04:00:00,1.34881,1.34881,1.34759,1.34837,11350
2024-10-02 08:00:00,1.3483800000000001,1.34911,1.34772,1.34876,16718
2024-10-02 12:00:00,1.34877,1.34928,1.34756,1.34918,15772
2024-10-02 16:00:00,1.34918,1.34955,1.34722,1.34907,26951
2024-10-02 20:00:00,1.34906,1.35096,1.34891,1.35025,11450
2024-10-03 00:00:00,1.34906,1.35151,1.34894,1.35099,4691
2024-10-03 04:00:00,1.35097,1.35246,1.35077,1.35246,10109
2024-10-03 08:00:00,1.35246,1.35306,1.35066,1.35254,17017
2024-10-03 12:00:00,1.35254,1.3544800000000001,1.35185,1.35341,18544
2024-10-03 16:00:00,1.3534,1.35531,1.35172,1.35317,34732
2024-10-03 20:00:00,1.35316,1.35594,1.35313,1.35577,16245
2024-10-04 00:00:00,1.35495,1.35557,1.35406,1.35461,4151
2024-10-04 04:00:00,1.35461,1.35584,1.35447,1.35547,10413
2024-10-04 08:00:00,1.35548,1.35672,1.3550200000000001,1.35589,12823
2024-10-04 12:00:00,1.35589,1.35886,1.3550499999999999,1.3580999999999999,17587
2024-10-04 16:00:00,1.35811,1.3590900000000001,1.35648,1.35778,33671
2024-10-04 20:00:00,1.35779,1.3581400000000001,1.35712,1.35764,14014
2024-10-07 00:00:00,1.35638,1.3584800000000001,1.35622,1.35811,6075
2024-10-07 04:00:00,1.35812,1.35837,1.35721,1.35823,10960
2024-10-07 08:00:00,1.35824,1.35957,1.35784,1.35924,13142
2024-10-07 12:00:00,1.35926,1.35985,1.35786,1.35928,14797
2024-10-07 16:00:00,1.35928,1.36194,1.359,1.36074,24658
2024-10-07 20:00:00,1.36073,1.3639299999999999,1.36029,1.36196,13298
2024-10-08 00:00:00,1.36196,1.36252,1.3611,1.36142,5303
2024-10-08 04:00:00,1.36142,1.36341,1.36123,1.36206,17388
2024-10-08 08:00:00,1.3620700000000001,1.36476,1.36174,1.36408,16720
2024-10-08 12:00:00,1.36409,1.36483,1.36359,1.36453,12504
2024-10-08 16:00:00,1.3645399999999999,1.36751,1.36379,1.36639,23420
2024-10-08 20:00:00,1.36639,1.36685,1.36459,1.36466,11884
2024-10-09 00:00:00,1.36449,1.36571,1.3642699999999999,1.36533,2835
2024-10-09 04:00:00,1.36531,1.3664,1.365,1.3660999999999999,12004
2024-10-09 08:00:00,1.3660999999999999,1.36741,1.36468,1.36704,16486
2024-10-09 12:00:00,1.36703,1.36863,1.36643,1.3683100000000001,11949
2024-10-09 16:00:00,1.36832,1.36948,1.3673199999999999,1.3693,18768
2024-10-09 20:00:00,1.36929,1.37187,1.36917,1.37115,10779
2024-10-10 00:00:00,1.36911,1.37134,1.36911,1.37115,4687
2024-10-10 04:00:00,1.37115,1.37148,1.3704399999999999,1.37058,10758
2024-10-10 08:00:00,1.37057,1.3734600000000001,1.37045,1.37343,10318
2024-10-10 12:00:00,1.3734199999999999,1.37546,1.37287,1.37411,17151
2024-10-10 16:00:00,1.37411,1.37683,1.37358,1.37645,30171
2024-10-10 20:00:00,1.37645,1.37753,1.37394,1.37426,12731
2024-10-11 00:00:00,1.37354,1.37511,1.37354,1.37479,4052
2024-10-11 04:00:00,1.37479,1.37592,1.3746,1.37533,5488
2024-10-11 08:00:00,1.37534,1.37683,1.37511,1.3764,8506
2024-10-11 12:00:00,1.37641,1.37833,1.37249,1.37492,14132
2024-10-11 16:00:00,1.37491,1.3777300000000001,1.37422,1.37584,20154
2024-10-11 20:00:00,1.37584,1.37637,1.37551,1.37636,6326
2024-10-14 00:00:00,1.37547,1.37867,1.37527,1.37794,4580
2024-10-14 04:00:00,1.37795,1.37893,1.3772,1.37766,10169
2024-10-14 08:00:00,1.37766,1.37885,1.37704,1.37865,10012
2024-10-14 12:00:00,1.37865,1.37979,1.37835,1.3795899999999999,9969
2024-10-14 16:00:00,1.3796,1.38007,1.3780299999999999,1.37947,18063
2024-10-14 20:00:00,1.37947,1.3805100000000001,1.37908,1.37961,9806
2024-10-15 00:00:00,1.3786,1.38032,1.37816,1.37962,3597
2024-10-15 04:00:00,1.37964,1.38073,1.37954,1.3805,6723
2024-10-15 08:00:00,1.3805100000000001,1.38151,1.3803,1.3806,11062
2024-10-15 12:00:00,1.38059,1.38385,1.38043,1.38251,13172
2024-10-15 16:00:00,1.3825,1.38254,1.37904,1.37994,22790
2024-10-15 20:00:00,1.37994,1.38113,1.37697,1.3771499999999999,10421
2024-10-16 00:00:00,1.3774600000000001,1.37901,1.37717,1.37866,5436
2024-10-16 04:00:00,1.37867,1.3787,1.37723,1.3777,8753
2024-10-16 08:00:00,1.37769,1.37928,1.3774,1.37899,12690
2024-10-16 12:00:00,1.37899,1.37911,1.37737,1.37799,11699
2024-10-16 16:00:00,1.37799,1.37848,1.37653,1.37656,17931
2024-10-16 20:00:00,1.37656,1.3768099999999999,1.37497,1.37501,9166
2024-10-17 00:00:00,1.37509,1.37587,1.37494,1.37542,3859
2024-10-17 04:00:00,1.37542,1.37656,1.3747,1.37645,10074
2024-10-17 08:00:00,1.37643,1.37853,1.37602,1.37812,11859
2024-10-17 12:00:00,1.37812,1.37931,1.37741,1.37805,12691
2024-10-17 16:00:00,1.37805,1.37969,1.37711,1.37889,24449
2024-10-17 20:00:00,1.37889,1.38013,1.37877,1.37943,10495
2024-10-18 00:00:00,1.37884,1.38,1.37867,1.37974,4311
2024-10-18 04:00:00,1.37974,1.37987,1.37856,1.37943,12134
2024-10-18 08:00:00,1.37942,1.38,1.37877,1.37942,12855
2024-10-18 12:00:00,1.37941,1.37968,1.37852,1.37952,11244
2024-10-18 16:00:00,1.37953,1.38101,1.37881,1.3795899999999999,16769
2024-10-18 20:00:00,1.37958,1.38148,1.37957,1.38036,12914
2024-10-21 00:00:00,1.3798599999999999,1.38097,1.37974,1.38073,4318
2024-10-21 04:00:00,1.38073,1.38117,1.3801,1.381,11816
2024-10-21 08:00:00,1.381,1.38213,1.38072,1.38144,13205
2024-10-21 12:00:00,1.38143,1.38262,1.38114,1.38193,11810
2024-10-21 16:00:00,1.38193,1.38496,1.38188,1.38433,16199
2024-10-21 20:00:00,1.38434,1.38442,1.38288,1.38307,9256
2024-10-22 00:00:00,1.38276,1.38377,1.38246,1.38349,4553
2024-10-22 04:00:00,1.38349,1.38358,1.3827,1.3829099999999999,10864
2024-10-22 08:00:00,1.38292,1.38346,1.38213,1.38341,11543
2024-10-22 12:00:00,1.38341,1.38365,1.3826100000000001,1.3828,13029
2024-10-22 16:00:00,1.38281,1.38326,1.38136,1.38293,18255
2024-10-22 20:00:00,1.38293,1.38314,1.3814899999999999,1.38157,10368
2024-10-23 00:00:00,1.38151,1.38256,1.3814199999999999,1.38256,3880
2024-10-23 04:00:00,1.38254,1.38289,1.38159,1.38199,14610
2024-10-23 08:00:00,1.3820000000000001,1.38269,1.3817,1.38252,15058
2024-10-23 12:00:00,1.38252,1.38476,1.38221,1.3845399999999999,13438
2024-10-23 16:00:00,1.38453,1.3862700000000001,1.3829,1.38407,20183
2024-10-23 20:00:00,1.38408,1.38498,1.38348,1.38369,13730
2024-10-24 00:00:00,1.38366,1.3841999999999999,1.38238,1.3824100000000001,4148
2024-10-24 04:00:00,1.38242,1.38303,1.38221,1.3822999999999999,9119
2024-10-24 08:00:00,1.3822999999999999,1.38289,1.38133,1.38153,12669
2024-10-24 12:00:00,1.38154,1.38266,1.38124,1.3825,12424
2024-10-24 16:00:00,1.38251,1.38684,1.38171,1.3862999999999999,20679
2024-10-24 20:00:00,1.38631,1.38635,1.38458,1.38543,12833
2024-10-25 00:00:00,1.38496,1.38555,1.38465,1.38509,4889
2024-10-25 04:00:00,1.3851,1.3856,1.38472,1.38541,10736
2024-10-25 08:00:00,1.38541,1.38562,1.38442,1.3849,11570
2024-10-25 12:00:00,1.38491,1.3853,1.3839299999999999,1.38403,9604
2024-10-25 16:00:00,1.38404,1.38876,1.38379,1.38811,17467
2024-10-25 20:00:00,1.38811,1.3897300000000001,1.38784,1.38938,12460
2024-10-28 00:00:00,1.38819,1.38979,1.38807,1.38964,4204
2024-10-28 04:00:00,1.38965,1.3906,1.38933,1.38985,9606
2024-10-28 08:00:00,1.38984,1.3901,1.38852,1.3887399999999999,9384
2024-10-28 12:00:00,1.38873,1.38993,1.3886,1.38927,9291
2024-10-28 16:00:00,1.38927,1.39082,1.38818,1.38992,16078
2024-10-28 20:00:00,1.38992,1.39001,1.38862,1.38887,8706
2024-10-29 00:00:00,1.38838,1.38953,1.38838,1.38903,3363
2024-10-29 04:00:00,1.38903,1.38994,1.38862,1.38983,8809
2024-10-29 08:00:00,1.38982,1.38998,1.38771,1.38803,11184
2024-10-29 12:00:00,1.38803,1.3903400000000001,1.38761,1.39021,11967
2024-10-29 16:00:00,1.39022,1.39293,1.3881299999999999,1.3921999999999999,26495
2024-10-29 20:00:00,1.39219,1.39259,1.39131,1.39175,11752
2024-10-30 00:00:00,1.39049,1.3918300000000001,1.39043,1.39126,4216
2024-10-30 04:00:00,1.39127,1.3924699999999999,1.39081,1.39202,10600
2024-10-30 08:00:00,1.39203,1.39223,1.39025,1.3906800000000001,11576
2024-10-30 12:00:00,1.39067,1.39363,1.39044,1.3934,16396
2024-10-30 16:00:00,1.3933900000000001,1.39405,1.39055,1.39166,26727
2024-10-30 20:00:00,1.39167,1.39185,1.38947,1.3902700000000001,12541
2024-10-31 00:00:00,1.39044,1.3918300000000001,1.38988,1.39151,4310
2024-10-31 04:00:00,1.3915199999999999,1.39208,1.39085,1.39196,9979
2024-10-31 08:00:00,1.39196,1.39212,1.3909799999999999,1.39193,13153
2024-10-31 12:00:00,1.39192,1.39272,1.39018,1.39049,14459
2024-10-31 16:00:00,1.39049,1.39449,1.3890500000000001,1.39298,28610
2024-10-31 20:00:00,1.39297,1.3937,1.39067,1.3933200000000001,15920
2024-11-01 00:00:00,1.39296,1.39374,1.39265,1.39309,3843
2024-11-01 04:00:00,1.3931,1.3934199999999999,1.39249,1.3927800000000001,11281
2024-11-01 08:00:00,1.3927800000000001,1.39422,1.39267,1.3931,10516
2024-11-01 12:00:00,1.39309,1.3937,1.39024,1.3911,14852
2024-11-01 16:00:00,1.3911,1.39446,1.39062,1.39432,25841
2024-11-01 20:00:00,1.39431,1.39585,1.3940299999999999,1.3953,13239
2024-11-04 00:00:00,1.3921000000000001,1.39269,1.39042,1.39054,9433
2024-11-04 04:00:00,1.39054,1.39087,1.38914,1.39005,10898
2024-11-04 08:00:00,1.39005,1.39222,1.38982,1.39123,14104
2024-11-04 12:00:00,1.39124,1.39176,1.38927,1.39044,12688
2024-11-04 16:00:00,1.39044,1.3906399999999999,1.38747,1.38904,24189
2024-11-04 20:00:00,1.38903,1.39033,1.38896,1.39025,14049
2024-11-05 00:00:00,1.38995,1.39066,1.38979,1.3900299999999999,5303
2024-11-05 04:00:00,1.39004,1.39033,1.38946,1.38964,9423
2024-11-05 08:00:00,1.38965,1.38977,1.388,1.38837,9244
2024-11-05 12:00:00,1.38837,1.38864,1.38743,1.38815,7980
2024-11-05 16:00:00,1.38815,1.38823,1.3841,1.3846,19913
2024-11-05 20:00:00,1.38459,1.38482,1.38253,1.3826800000000001,9519
2024-11-06 00:00:00,1.3817300000000001,1.38998,1.38168,1.38852,22308
2024-11-06 04:00:00,1.38853,1.39358,1.38837,1.39168,38883
2024-11-06 08:00:00,1.39168,1.39379,1.38867,1.39024,31246
2024-11-06 12:00:00,1.39026,1.39463,1.38843,1.3937300000000001,26239
2024-11-06 16:00:00,1.39374,1.3958300000000001,1.39148,1.3940299999999999,32363
2024-11-06 20:00:00,1.39405,1.39423,1.39242,1.39395,12643
2024-11-07 00:00:00,1.39355,1.39479,1.3931,1.3931,7410
2024-11-07 04:00:00,1.3931,1.39311,1.38873,1.38902,9877
2024-11-07 08:00:00,1.38903,1.38938,1.38697,1.38913,15537
2024-11-07 12:00:00,1.3891200000000001,1.38974,1.387,1.388,16568
2024-11-07 16:00:00,1.388,1.38841,1.38495,1.385,21933
2024-11-07 20:00:00,1.38501,1.38776,1.38419,1.38606,21759
2024-11-08 00:00:00,1.38529,1.38779,1.38529,1.38736,7003
2024-11-08 04:00:00,1.38735,1.38855,1.38711,1.38804,8096
2024-11-08 08:00:00,1.38804,1.38998,1.3879000000000001,1.38869,16010
2024-11-08 12:00:00,1.38868,1.39199,1.38829,1.39155,14560
2024-11-08 16:00:00,1.39155,1.3927800000000001,1.38925,1.39178,22783
2024-11-08 20:00:00,1.39177,1.39254,1.39042,1.39109,9328
2024-11-11 00:00:00,1.3909,1.3915199999999999,1.39047,1.39138,6777
2024-11-11 04:00:00,1.39138,1.39265,1.39114,1.39177,6541
2024-11-11 08:00:00,1.39177,1.39344,1.39106,1.39265,12061
2024-11-11 12:00:00,1.39266,1.39507,1.39218,1.39451,11231
2024-11-11 16:00:00,1.39451,1.39482,1.39143,1.39241,15169
2024-11-11 20:00:00,1.39243,1.3930799999999999,1.39221,1.39245,7453
2024-11-12 00:00:00,1.39184,1.39322,1.39168,1.39322,7363
2024-11-12 04:00:00,1.39322,1.39485,1.39322,1.39477,10981
2024-11-12 08:00:00,1.39476,1.39619,1.3945699999999999,1.39606,15180
2024-11-12 12:00:00,1.39608,1.3967100000000001,1.39255,1.39258,16069
2024-11-12 16:00:00,1.39257,1.39594,1.3925,1.39531,21908
2024-11-12 20:00:00,1.39531,1.39574,1.39381,1.3942,10075
2024-11-13 00:00:00,1.39348,1.39526,1.39347,1.39448,7652
2024-11-13 04:00:00,1.39446,1.39564,1.39441,1.3955899999999999,8082
2024-11-13 08:00:00,1.3955899999999999,1.39618,1.39448,1.39477,12433
2024-11-13 12:00:00,1.39477,1.39622,1.39298,1.39474,18162
2024-11-13 16:00:00,1.39475,1.39989,1.39472,1.39828,30988
2024-11-13 20:00:00,1.3982700000000001,1.40025,1.39802,1.39968,10121
2024-11-14 00:00:00,1.3992200000000001,1.4002,1.39879,1.40019,7105
2024-11-14 04:00:00,1.40019,1.40197,1.39996,1.40134,9453
2024-11-14 08:00:00,1.4013499999999999,1.4016199999999999,1.39933,1.4003700000000001,14515
2024-11-14 12:00:00,1.40036,1.40201,1.39967,1.4013900000000001,20373
2024-11-14 16:00:00,1.40141,1.40357,1.40032,1.4028100000000001,25459
2024-11-14 20:00:00,1.40279,1.40644,1.4026399999999999,1.40563,18069
2024-11-15 00:00:00,1.40543,1.40713,1.40515,1.40659,7957
2024-11-15 04:00:00,1.40659,1.40669,1.40534,1.40629,8538
2024-11-15 08:00:00,1.4062999999999999,1.4068399999999999,1.40391,1.40492,14628
2024-11-15 12:00:00,1.40493,1.40653,1.4032499999999999,1.40619,18302
2024-11-15 16:00:00,1.40619,1.41056,1.40574,1.40812,32529
2024-11-15 20:00:00,1.40812,1.41008,1.4075,1.4093499999999999,14545
2024-11-18 00:00:00,1.40865,1.40904,1.40695,1.40744,9949
2024-11-18 04:00:00,1.4074499999999999,1.40889,1.40698,1.4086,10075
2024-11-18 08:00:00,1.40861,1.41025,1.40828,1.40875,14446
2024-11-18 12:00:00,1.40875,1.41014,1.40782,1.40827,13157
2024-11-18 16:00:00,1.40828,1.4083999999999999,1.4010099999999999,1.40134,18777
2024-11-18 20:00:00,1.40133,1.40234,1.4003999999999999,1.40161,9798
2024-11-19 00:00:00,1.40133,1.4029099999999999,1.40107,1.40199,5705
2024-11-19 04:00:00,1.4020000000000001,1.40244,1.4009,1.40216,7694
2024-11-19 08:00:00,1.40216,1.40365,1.40031,1.4028100000000001,21490
2024-11-19 12:00:00,1.4028100000000001,1.40309,1.3975,1.40057,17669
2024-11-19 16:00:00,1.40057,1.40115,1.39679,1.39783,25499
2024-11-19 20:00:00,1.39782,1.39848,1.39551,1.3956,10131
2024-11-20 00:00:00,1.39563,1.3963,1.39506,1.39597,5613
2024-11-20 04:00:00,1.39596,1.3967100000000001,1.39557,1.39592,7167
2024-11-20 08:00:00,1.39593,1.3980000000000001,1.39503,1.39784,13603
2024-11-20 12:00:00,1.39784,1.39997,1.3975,1.39874,12918
2024-11-20 16:00:00,1.39873,1.40143,1.39811,1.39893,19397
2024-11-20 20:00:00,1.39892,1.39965,1.39743,1.39759,9762
2024-11-21 00:00:00,1.39745,1.39754,1.39651,1.39715,5194
2024-11-21 04:00:00,1.39714,1.3973499999999999,1.3963700000000001,1.3971,8063
2024-11-21 08:00:00,1.39709,1.3978,1.3954900000000001,1.39755,16715
2024-11-21 12:00:00,1.39755,1.3976899999999999,1.39542,1.39627,15551
2024-11-21 16:00:00,1.39627,1.39691,1.39309,1.39562,26141
2024-11-21 20:00:00,1.39564,1.39751,1.3953,1.39727,9398
2024-11-22 00:00:00,1.39692,1.39843,1.39625,1.39679,6684
2024-11-22 04:00:00,1.3968,1.39856,1.39646,1.39839,9164
2024-11-22 08:00:00,1.39839,1.40207,1.39573,1.4003999999999999,21755
2024-11-22 12:00:00,1.40039,1.40121,1.39668,1.39725,21095
2024-11-22 16:00:00,1.39725,1.39933,1.39622,1.39763,24738
2024-11-22 20:00:00,1.39763,1.39877,1.3970799999999999,1.39805,9230
2024-11-25 00:00:00,1.39459,1.39505,1.39273,1.39379,8249
2024-11-25 04:00:00,1.39378,1.39496,1.39327,1.39456,9056
2024-11-25 08:00:00,1.39455,1.3976,1.3937300000000001,1.3956,16918
2024-11-25 12:00:00,1.39561,1.3984,1.39509,1.39561,15746
2024-11-25 16:00:00,1.3956,1.4007100000000001,1.39537,1.39941,24662
2024-11-25 20:00:00,1.39942,1.3995199999999999,1.39699,1.39883,11990
2024-11-26 00:00:00,1.3979,1.41777,1.3978,1.4137,23444
2024-11-26 04:00:00,1.4137,1.41451,1.40853,1.41077,11933
2024-11-26 08:00:00,1.41077,1.4144999999999999,1.40954,1.40957,18254
2024-11-26 12:00:00,1.40957,1.41212,1.4075,1.41166,20475
2024-11-26 16:00:00,1.41165,1.41281,1.4053499999999999,1.40807,30940
2024-11-26 20:00:00,1.40807,1.4092,1.40543,1.40543,13550
2024-11-27 00:00:00,1.40507,1.40617,1.40439,1.40608,8827
2024-11-27 04:00:00,1.40609,1.40777,1.4055900000000001,1.40755,9911
2024-11-27 08:00:00,1.40754,1.40761,1.40337,1.40492,18932
2024-11-27 12:00:00,1.40492,1.40653,1.40412,1.40428,17467
2024-11-27 16:00:00,1.40428,1.4064999999999999,1.40088,1.40277,28520
2024-11-27 20:00:00,1.40277,1.40355,1.4021,1.40297,11118
2024-11-28 00:00:00,1.40233,1.40289,1.4006,1.40121,7031
2024-11-28 04:00:00,1.4012,1.4026,1.4007800000000001,1.40216,8175
2024-11-28 08:00:00,1.40216,1.4031500000000001,1.40068,1.40073,14073
2024-11-28 12:00:00,1.40073,1.4013900000000001,1.39982,1.40095,9303
2024-11-28 16:00:00,1.40096,1.4020000000000001,1.4003,1.4007399999999999,9324
2024-11-28 20:00:00,1.4007399999999999,1.40156,1.40038,1.40123,2286
2024-11-29 00:00:00,1.40095,1.40145,1.39933,1.39998,6911
2024-11-29 04:00:00,1.39997,1.4001299999999999,1.3980299999999999,1.39947,8782
2024-11-29 08:00:00,1.39948,1.40126,1.39804,1.39991,13975
2024-11-29 12:00:00,1.3999,1.40427,1.39957,1.40276,15355
2024-11-29 16:00:00,1.40275,1.40454,1.3998300000000001,1.3998599999999999,23523
2024-11-29 20:00:00,1.39987,1.40103,1.39849,1.40014,39608
2024-12-02 00:00:00,1.39893,1.4035199999999999,1.39887,1.40331,10772
2024-12-02 04:00:00,1.40331,1.4041299999999999,1.40253,1.40312,12136
2024-12-02 08:00:00,1.40313,1.40491,1.40167,1.40297,20491
2024-12-02 12:00:00,1.40297,1.40475,1.40181,1.40346,18822
2024-12-02 16:00:00,1.40343,1.40894,1.40275,1.40555,32546
2024-12-02 20:00:00,1.40554,1.4058899999999999,1.4037600000000001,1.40419,14403
2024-12-03 00:00:00,1.40433,1.40583,1.40393,1.40536,6374
2024-12-03 04:00:00,1.40536,1.40639,1.4043700000000001,1.40446,8204
2024-12-03 08:00:00,1.40446,1.40494,1.40089,1.40202,15746
2024-12-03 12:00:00,1.40202,1.40484,1.4018,1.40391,15164
2024-12-03 16:00:00,1.40391,1.40757,1.4026,1.40523,27060
2024-12-03 20:00:00,1.40523,1.40721,1.40472,1.40666,11889
2024-12-04 00:00:00,1.40598,1.40799,1.40598,1.40711,6775
2024-12-04 04:00:00,1.40711,1.40829,1.40602,1.4062999999999999,9189
2024-12-04 08:00:00,1.4062999999999999,1.4082,1.4055,1.40686,13617
2024-12-04 12:00:00,1.40686,1.40695,1.40516,1.40662,14050
2024-12-04 16:00:00,1.40662,1.40797,1.40516,1.40656,24445
2024-12-04 20:00:00,1.40656,1.40738,1.40573,1.40712,12371
2024-12-05 00:00:00,1.4065699999999999,1.40793,1.4065699999999999,1.40713,5364
2024-12-05 04:00:00,1.40713,1.40736,1.40652,1.40682,5689
2024-12-05 08:00:00,1.40682,1.40733,1.40546,1.40604,10217
2024-12-05 12:00:00,1.40604,1.40634,1.40346,1.4035,13652
2024-12-05 16:00:00,1.4035,1.40601,1.4010099999999999,1.40526,22276
2024-12-05 20:00:00,1.40526,1.40665,1.40156,1.40177,10438
2024-12-06 00:00:00,1.40172,1.40427,1.40141,1.40409,6689
2024-12-06 04:00:00,1.40409,1.4043,1.40262,1.4033,6796
2024-12-06 08:00:00,1.4033,1.40439,1.4026399999999999,1.40387,9662
2024-12-06 12:00:00,1.40387,1.40946,1.40362,1.40911,18133
2024-12-06 16:00:00,1.40911,1.4157199999999999,1.4086,1.4154200000000001,33619
2024-12-06 20:00:00,1.41543,1.41644,1.41471,1.41536,11548
2024-12-09 00:00:00,1.4154499999999999,1.41646,1.41475,1.41528,5480
2024-12-09 04:00:00,1.41528,1.4173200000000001,1.41475,1.4169,5902
2024-12-09 08:00:00,1.4169,1.41749,1.41367,1.41426,12041
2024-12-09 12:00:00,1.41426,1.4142700000000001,1.40931,1.41013,11051
2024-12-09 16:00:00,1.41013,1.41365,1.4099300000000001,1.41358,20111
2024-12-09 20:00:00,1.41358,1.41733,1.41358,1.41685,11337
2024-12-10 00:00:00,1.41677,1.41852,1.4167,1.41745,5174
2024-12-10 04:00:00,1.41745,1.41894,1.41686,1.4176,9288
2024-12-10 08:00:00,1.4176,1.41948,1.41672,1.41765,11425
2024-12-10 12:00:00,1.41765,1.41767,1.41574,1.41626,13672
2024-12-10 16:00:00,1.41626,1.41943,1.41567,1.41672,23948
2024-12-10 20:00:00,1.41673,1.41787,1.41554,1.41785,9737
2024-12-11 00:00:00,1.41733,1.41803,1.41647,1.41655,4859
2024-12-11 04:00:00,1.41654,1.4169399999999999,1.41589,1.41666,6567
2024-12-11 08:00:00,1.41665,1.41913,1.41631,1.41844,16151
2024-12-11 12:00:00,1.41845,1.41934,1.41584,1.41692,19550
2024-12-11 16:00:00,1.41692,1.41941,1.41196,1.41594,35028
2024-12-11 20:00:00,1.41593,1.41702,1.41468,1.4159,14109
2024-12-12 00:00:00,1.41537,1.41596,1.41357,1.41482,6899
2024-12-12 04:00:00,1.4148100000000001,1.41551,1.41442,1.4145699999999999,6770
2024-12-12 08:00:00,1.41456,1.41513,1.41311,1.41367,13789
2024-12-12 12:00:00,1.41367,1.41748,1.41333,1.4169100000000001,19469
2024-12-12 16:00:00,1.4169100000000001,1.41997,1.4162,1.41914,32722
2024-12-12 20:00:00,1.4191500000000001,1.42276,1.41855,1.42207,14561
2024-12-13 00:00:00,1.42137,1.42392,1.42102,1.4234200000000001,8174
2024-12-13 04:00:00,1.4234200000000001,1.42436,1.4233500000000001,1.42357,7442
2024-12-13 08:00:00,1.42357,1.42394,1.42222,1.42225,12336
2024-12-13 12:00:00,1.42224,1.4228,1.42093,1.42119,13818
2024-12-13 16:00:00,1.42119,1.42452,1.42093,1.42312,25246
2024-12-13 20:00:00,1.42313,1.42404,1.42231,1.4234499999999999,9492
2024-12-16 00:00:00,1.42305,1.42365,1.42173,1.42185,6125
2024-12-16 04:00:00,1.42185,1.42295,1.42165,1.42251,6371
2024-12-16 08:00:00,1.42253,1.42321,1.42191,1.4231099999999999,11083
2024-12-16 12:00:00,1.4231099999999999,1.42538,1.42286,1.42497,10144
2024-12-16 16:00:00,1.42495,1.42702,1.4222299999999999,1.4228,21957
2024-12-16 20:00:00,1.4228100000000001,1.42505,1.42244,1.42419,9377
2024-12-17 00:00:00,1.42355,1.42424,1.4231500000000001,1.4241,5827
2024-12-17 04:00:00,1.4241,1.42653,1.42408,1.42633,6004
2024-12-17 08:00:00,1.42634,1.42903,1.42575,1.42778,12188
2024-12-17 12:00:00,1.42778,1.42972,1.42672,1.4274499999999999,15222
2024-12-17 16:00:00,1.4274499999999999,1.43234,1.4270399999999999,1.4311,24177
2024-12-17 20:00:00,1.4311099999999999,1.43156,1.43038,1.43092,10232
2024-12-18 00:00:00,1.4307699999999999,1.43156,1.4307400000000001,1.43139,4272
2024-12-18 04:00:00,1.43137,1.43293,1.43113,1.43255,6236
2024-12-18 08:00:00,1.43255,1.43314,1.4317,1.4329100000000001,11009
2024-12-18 12:00:00,1.4329,1.43306,1.43076,1.43122,10495
2024-12-18 16:00:00,1.43122,1.4339,1.43044,1.4332799999999999,18482
2024-12-18 20:00:00,1.43327,1.44474,1.4316200000000001,1.44474,34926
2024-12-19 00:00:00,1.44418,1.44671,1.44296,1.44303,11351
2024-12-19 04:00:00,1.44302,1.44432,1.44273,1.44393,9543
2024-12-19 08:00:00,1.44393,1.44415,1.43889,1.43934,18420
2024-12-19 12:00:00,1.43934,1.43973,1.43576,1.43769,20482
2024-12-19 16:00:00,1.4377,1.43804,1.43439,1.43791,31343
2024-12-19 20:00:00,1.43791,1.43987,1.43646,1.43983,14645
2024-12-20 00:00:00,1.43926,1.4421,1.43871,1.44194,8489
2024-12-20 04:00:00,1.44195,1.44353,1.4415,1.44154,9038
2024-12-20 08:00:00,1.44154,1.44196,1.43704,1.43863,17254
2024-12-20 12:00:00,1.43865,1.43933,1.43693,1.43929,16781
2024-12-20 16:00:00,1.4393099999999999,1.4396499999999999,1.43351,1.43494,30808
2024-12-20 20:00:00,1.43493,1.43756,1.43492,1.43699,12596
2024-12-23 00:00:00,1.43616,1.43695,1.43527,1.43546,5716
2024-12-23 04:00:00,1.43545,1.43613,1.43488,1.43604,5803
2024-12-23 08:00:00,1.43603,1.43896,1.4359199999999999,1.43833,10724
2024-12-23 12:00:00,1.43832,1.44325,1.4382,1.44317,13209
2024-12-23 16:00:00,1.44314,1.4433099999999999,1.43715,1.43776,23705
2024-12-23 20:00:00,1.43774,1.43802,1.43666,1.43719,11403
2024-12-24 00:00:00,1.43659,1.43839,1.43634,1.4379,4001
2024-12-24 04:00:00,1.43788,1.43866,1.43729,1.43833,5723
2024-12-24 08:00:00,1.43833,1.4398900000000001,1.43727,1.43961,6504
2024-12-24 12:00:00,1.43961,1.44201,1.43872,1.43875,8539
2024-12-24 16:00:00,1.43875,1.43924,1.43631,1.43756,16393
2024-12-24 20:00:00,1.43756,1.43756,1.4344700000000001,1.4356900000000001,6256
2024-12-26 00:00:00,1.43547,1.4363299999999999,1.4350399999999999,1.43568,5189
2024-12-26 04:00:00,1.4356900000000001,1.43678,1.43498,1.43676,6364
2024-12-26 08:00:00,1.43676,1.44043,1.43656,1.43944,6747
2024-12-26 12:00:00,1.43943,1.4403000000000001,1.43807,1.43949,6886
2024-12-26 16:00:00,1.43953,1.44196,1.43915,1.44177,12831
2024-12-26 20:00:00,1.44177,1.44203,1.44039,1.44067,7608
2024-12-27 00:00:00,1.44006,1.44154,1.43995,1.44127,4402
2024-12-27 04:00:00,1.44127,1.44149,1.44066,1.44088,4806
2024-12-27 08:00:00,1.44089,1.44104,1.43954,1.44029,8362
2024-12-27 12:00:00,1.4403000000000001,1.44113,1.43747,1.43937,9940
2024-12-27 16:00:00,1.43936,1.44493,1.43911,1.44373,22902
2024-12-27 20:00:00,1.44372,1.44376,1.44081,1.44142,10244
2024-12-30 00:00:00,1.44123,1.44149,1.43982,1.43993,2702
2024-12-30 04:00:00,1.43993,1.44017,1.43913,1.4392800000000001,4286
2024-12-30 08:00:00,1.43927,1.44103,1.4385,1.43914,8726
2024-12-30 12:00:00,1.43915,1.4408,1.43723,1.44079,14036
2024-12-30 16:00:00,1.44078,1.44326,1.4355,1.43585,26622
2024-12-30 20:00:00,1.43585,1.43632,1.43442,1.43499,12015
2024-12-31 00:00:00,1.4351,1.43616,1.43414,1.43431,4666
2024-12-31 04:00:00,1.43431,1.43514,1.43376,1.43483,5137
2024-12-31 08:00:00,1.43482,1.43793,1.43468,1.4369399999999999,9143
2024-12-31 12:00:00,1.4369399999999999,1.44078,1.43659,1.4402,12916
2024-12-31 16:00:00,1.44019,1.44092,1.4363299999999999,1.43896,28429
2024-12-31 20:00:00,1.43896,1.43955,1.43716,1.43805,9999
2025-01-02 00:00:00,1.43826,1.43858,1.43686,1.43729,6374
2025-01-02 04:00:00,1.43729,1.43798,1.43705,1.43706,6315
2025-01-02 08:00:00,1.43706,1.4422,1.43704,1.44143,12504
2025-01-02 12:00:00,1.44142,1.44321,1.44093,1.4421,15833
2025-01-02 16:00:00,1.4421,1.4442,1.4392,1.4403000000000001,34059
2025-01-02 20:00:00,1.44029,1.44197,1.4396200000000001,1.44043,12396
2025-01-03 00:00:00,1.43995,1.44082,1.43888,1.43909,7073
2025-01-03 04:00:00,1.4391,1.4395,1.43829,1.43922,5864
2025-01-03 08:00:00,1.43924,1.4403000000000001,1.43841,1.43898,14363
2025-01-03 12:00:00,1.43898,1.44193,1.43887,1.44135,13109
2025-01-03 16:00:00,1.44136,1.44618,1.4408699999999999,1.4457,25617
2025-01-03 20:00:00,1.4457,1.4463300000000001,1.44395,1.44473,11264
2025-01-06 00:00:00,1.44404,1.44502,1.4397199999999999,1.44,7854
2025-01-06 04:00:00,1.44,1.44063,1.43878,1.43892,8068
2025-01-06 08:00:00,1.43892,1.43993,1.43581,1.43741,15824
2025-01-06 12:00:00,1.4374,1.43801,1.42991,1.43052,31133
2025-01-06 16:00:00,1.4304999999999999,1.43788,1.42793,1.43636,38337
2025-01-06 20:00:00,1.43636,1.43731,1.4328,1.43308,14169
2025-01-07 00:00:00,1.43269,1.43497,1.43252,1.43358,6209
2025-01-07 04:00:00,1.43359,1.4337,1.43115,1.43145,6795
2025-01-07 08:00:00,1.43146,1.43214,1.4301599999999999,1.43021,14666
2025-01-07 12:00:00,1.4302000000000001,1.4323000000000001,1.42974,1.43208,13847
2025-01-07 16:00:00,1.43207,1.43655,1.4317,1.43444,23558
2025-01-07 20:00:00,1.43444,1.43647,1.43378,1.43641,9870
2025-01-08 00:00:00,1.4359199999999999,1.43675,1.43476,1.4349,5679
2025-01-08 04:00:00,1.4349,1.4352,1.43419,1.43425,5016
2025-01-08 08:00:00,1.43424,1.43693,1.43388,1.43642,11239
2025-01-08 12:00:00,1.43642,1.44096,1.43624,1.43952,17470
2025-01-08 16:00:00,1.43952,1.44065,1.4374799999999999,1.4390800000000001,19794
2025-01-08 20:00:00,1.43907,1.43934,1.43699,1.43711,11477
2025-01-09 00:00:00,1.43736,1.43862,1.43713,1.4377499999999999,5244
2025-01-09 04:00:00,1.43776,1.4381,1.43649,1.43738,6437
2025-01-09 08:00:00,1.4374,1.44048,1.43709,1.43846,11474
2025-01-09 12:00:00,1.43846,1.43987,1.43805,1.43949,10711
2025-01-09 16:00:00,1.4395,1.44041,1.43878,1.4396,10233
2025-01-09 20:00:00,1.43961,1.4399899999999999,1.43875,1.43917,3989
2025-01-10 00:00:00,1.43932,1.44025,1.43925,1.44008,4813
2025-01-10 04:00:00,1.44008,1.44177,1.43997,1.44167,5184
2025-01-10 08:00:00,1.44168,1.44218,1.43949,1.44105,10496
2025-01-10 12:00:00,1.44105,1.44369,1.4380899999999999,1.4403000000000001,13796
2025-01-10 16:00:00,1.4403000000000001,1.44427,1.43753,1.4415,25739
2025-01-10 20:00:00,1.4415,1.44371,1.44144,1.44212,11489
2025-01-13 00:00:00,1.44194,1.44282,1.44115,1.44224,6315
2025-01-13 04:00:00,1.44224,1.4447,1.44165,1.44343,7169
2025-01-13 08:00:00,1.44343,1.4443,1.44143,1.44356,13562
2025-01-13 12:00:00,1.44357,1.444,1.43918,1.4408,13644
2025-01-13 16:00:00,1.44081,1.44273,1.4396499999999999,1.44083,19470
2025-01-13 20:00:00,1.44082,1.44192,1.4375200000000001,1.4375200000000001,8926
2025-01-14 00:00:00,1.43701,1.43849,1.43427,1.43761,8174
2025-01-14 04:00:00,1.43761,1.43875,1.43704,1.43829,7067
2025-01-14 08:00:00,1.43829,1.43842,1.43578,1.4376,13461
2025-01-14 12:00:00,1.4376,1.43977,1.43634,1.4396200000000001,13921
2025-01-14 16:00:00,1.43964,1.44101,1.4350399999999999,1.43672,21497
2025-01-14 20:00:00,1.43673,1.4369,1.43457,1.4346,9119
2025-01-15 00:00:00,1.43451,1.43568,1.43451,1.43554,4268
2025-01-15 04:00:00,1.43554,1.43627,1.43496,1.43624,4729
2025-01-15 08:00:00,1.43624,1.43641,1.43288,1.43468,9986
2025-01-15 12:00:00,1.43468,1.43667,1.4302000000000001,1.4308100000000001,12401
2025-01-15 16:00:00,1.4307699999999999,1.43581,1.43024,1.4337,21805
2025-01-15 20:00:00,1.43368,1.43402,1.43266,1.4337,6904
2025-01-16 00:00:00,1.43277,1.43421,1.4322,1.4341599999999999,6540
2025-01-16 04:00:00,1.43415,1.43669,1.43397,1.43667,6289
2025-01-16 08:00:00,1.43664,1.43839,1.43527,1.43715,10441
2025-01-16 12:00:00,1.43713,1.4393099999999999,1.43685,1.43795,12190
2025-01-16 16:00:00,1.43794,1.44007,1.43674,1.43862,22023
2025-01-16 20:00:00,1.43862,1.44031,1.43827,1.43899,7936
2025-01-17 00:00:00,1.43862,1.44028,1.4385,1.4399899999999999,3879
2025-01-17 04:00:00,1.43998,1.4405700000000001,1.43889,1.44024,5047
2025-01-17 08:00:00,1.44024,1.4417499999999999,1.4402,1.44131,9307
2025-01-17 12:00:00,1.4413,1.44405,1.44063,1.4436200000000001,10726
2025-01-17 16:00:00,1.44361,1.4464000000000001,1.43822,1.44384,21521
2025-01-17 20:00:00,1.44384,1.4481600000000001,1.44378,1.44811,9578
2025-01-20 00:00:00,1.44607,1.4485299999999999,1.44539,1.44554,4941
2025-01-20 04:00:00,1.44554,1.4457900000000001,1.44433,1.445,5440
2025-01-20 08:00:00,1.445,1.44784,1.4442599999999999,1.44774,9312
2025-01-20 12:00:00,1.44774,1.44775,1.4310800000000001,1.43122,14288
2025-01-20 16:00:00,1.43132,1.4380899999999999,1.42611,1.43372,20139
2025-01-20 20:00:00,1.43372,1.4350100000000001,1.42829,1.4310800000000001,6820
2025-01-21 00:00:00,1.43045,1.45157,1.42893,1.44409,15915
2025-01-21 04:00:00,1.44395,1.44445,1.43934,1.4432800000000001,12224
2025-01-21 08:00:00,1.4433099999999999,1.4457499999999999,1.44149,1.44241,12305
2025-01-21 12:00:00,1.44239,1.44565,1.44058,1.44476,14353
2025-01-21 16:00:00,1.44471,1.44492,1.43173,1.43347,21874
2025-01-21 20:00:00,1.4334500000000001,1.43442,1.43121,1.43151,8999
2025-01-22 00:00:00,1.43198,1.43499,1.43166,1.43371,8503
2025-01-22 04:00:00,1.43371,1.4344000000000001,1.43276,1.43372,6570
2025-01-22 08:00:00,1.43372,1.4354,1.43213,1.43275,12323
2025-01-22 12:00:00,1.43273,1.43704,1.43005,1.4353500000000001,13090
2025-01-22 16:00:00,1.43534,1.4391,1.43525,1.4365700000000001,17516
2025-01-22 20:00:00,1.43656,1.43903,1.43533,1.43773,8291
2025-01-23 00:00:00,1.43681,1.44041,1.43669,1.43943,6178
2025-01-23 04:00:00,1.43943,1.4404,1.43814,1.43925,6704
2025-01-23 08:00:00,1.43925,1.44021,1.43838,1.43896,11086
2025-01-23 12:00:00,1.43896,1.44134,1.43864,1.44038,11888
2025-01-23 16:00:00,1.44038,1.44041,1.43343,1.43391,21797
2025-01-23 20:00:00,1.4338899999999999,1.4380899999999999,1.4338899999999999,1.43798,9208
2025-01-24 00:00:00,1.43796,1.4384000000000001,1.43723,1.43751,4224
2025-01-24 04:00:00,1.43751,1.43751,1.4320599999999999,1.43309,11189
2025-01-24 08:00:00,1.43309,1.43487,1.43145,1.43253,16469
2025-01-24 12:00:00,1.43253,1.43497,1.43193,1.43241,12591
2025-01-24 16:00:00,1.43241,1.43417,1.43167,1.43372,19067
2025-01-24 20:00:00,1.43372,1.43492,1.4334,1.43428,7912
2025-01-27 00:00:00,1.43637,1.43873,1.43616,1.43835,7460
2025-01-27 04:00:00,1.43835,1.44013,1.43662,1.43844,9175
2025-01-27 08:00:00,1.4384299999999999,1.44003,1.4365,1.43686,15931
2025-01-27 12:00:00,1.43686,1.437,1.43333,1.43577,20135
2025-01-27 16:00:00,1.43578,1.43985,1.43564,1.43983,20614
2025-01-27 20:00:00,1.43982,1.44011,1.43661,1.43693,11301
2025-01-28 00:00:00,1.43696,1.4415499999999999,1.43664,1.43968,11267
2025-01-28 04:00:00,1.4397,1.44055,1.43876,1.43985,8134
2025-01-28 08:00:00,1.43985,1.44124,1.43888,1.43974,12933
2025-01-28 12:00:00,1.43976,1.44199,1.43939,1.44021,11871
2025-01-28 16:00:00,1.44022,1.44022,1.4368699999999999,1.43971,16958
2025-01-28 20:00:00,1.43966,1.44131,1.43842,1.43973,9114
2025-01-29 00:00:00,1.43917,1.44092,1.43892,1.44028,6063
2025-01-29 04:00:00,1.44028,1.44032,1.43917,1.43976,5308
2025-01-29 08:00:00,1.43967,1.4433500000000001,1.4392800000000001,1.4429400000000001,11368
2025-01-29 12:00:00,1.4429400000000001,1.44703,1.44181,1.44645,12367
2025-01-29 16:00:00,1.44645,1.44714,1.44038,1.44215,20084
2025-01-29 20:00:00,1.44215,1.44458,1.44082,1.44193,17846
2025-01-30 00:00:00,1.44122,1.44208,1.43924,1.44138,5702
2025-01-30 04:00:00,1.44138,1.4425,1.44075,1.44241,6061
2025-01-30 08:00:00,1.44241,1.4436,1.44022,1.441,9966
2025-01-30 12:00:00,1.44101,1.44231,1.44046,1.4409100000000001,13105
2025-01-30 16:00:00,1.4409100000000001,1.44225,1.4399600000000001,1.44149,17199
2025-01-30 20:00:00,1.44149,1.45946,1.43997,1.4489,14452
2025-01-31 00:00:00,1.44836,1.45103,1.44779,1.44836,8769
2025-01-31 04:00:00,1.44835,1.44895,1.44721,1.44777,6878
2025-01-31 08:00:00,1.44777,1.4491399999999999,1.44309,1.44783,12738
2025-01-31 12:00:00,1.44784,1.44973,1.44597,1.44881,13248
2025-01-31 16:00:00,1.44881,1.45503,1.43695,1.44006,24809
2025-01-31 20:00:00,1.44002,1.4559,1.4390399999999999,1.45395,25352
2025-02-03 00:00:00,1.47193,1.4751,1.4671,1.4748299999999999,22925
2025-02-03 04:00:00,1.47482,1.47931,1.47252,1.4727999999999999,16805
2025-02-03 08:00:00,1.47279,1.4752,1.46746,1.4693100000000001,19220
2025-02-03 12:00:00,1.4693100000000001,1.47037,1.4586999999999999,1.46676,17877
2025-02-03 16:00:00,1.46677,1.4703,1.45213,1.45792,32638
2025-02-03 20:00:00,1.45792,1.4593,1.43886,1.44204,17397
2025-02-04 00:00:00,1.44146,1.4462,1.43863,1.4448699999999999,11412
2025-02-04 04:00:00,1.4448699999999999,1.45025,1.44482,1.44864,11581
2025-02-04 08:00:00,1.44864,1.44882,1.44241,1.44251,15061
2025-02-04 12:00:00,1.44251,1.44416,1.4381300000000001,1.43831,13382
2025-02-04 16:00:00,1.43831,1.4393,1.4309,1.43404,20710
2025-02-04 20:00:00,1.43412,1.43463,1.43011,1.43224,9752
2025-02-05 00:00:00,1.4323299999999999,1.4338899999999999,1.4313,1.43344,6962
2025-02-05 04:00:00,1.43347,1.43444,1.43182,1.43385,7679
2025-02-05 08:00:00,1.43385,1.43437,1.4279600000000001,1.42854,13300
2025-02-05 12:00:00,1.42854,1.4295900000000001,1.4270100000000001,1.4292500000000001,12229
2025-02-05 16:00:00,1.4292500000000001,1.43006,1.42696,1.4292099999999999,19372
2025-02-05 20:00:00,1.42922,1.4328,1.42865,1.43174,7730
2025-02-06 00:00:00,1.43136,1.43277,1.43115,1.43145,5346
2025-02-06 04:00:00,1.43146,1.43513,1.4314200000000001,1.43481,5091
2025-02-06 08:00:00,1.43481,1.43665,1.43405,1.43597,10076
2025-02-06 12:00:00,1.43597,1.43644,1.43414,1.43419,12937
2025-02-06 16:00:00,1.43414,1.43493,1.43033,1.43107,14841
2025-02-06 20:00:00,1.43109,1.43191,1.43012,1.4304999999999999,8156
2025-02-07 00:00:00,1.43046,1.43186,1.43019,1.43057,4567
2025-02-07 04:00:00,1.43057,1.43266,1.43011,1.4325,4953
2025-02-07 08:00:00,1.43249,1.43259,1.43046,1.43118,7679
2025-02-07 12:00:00,1.43119,1.4344999999999999,1.42854,1.43049,13034
2025-02-07 16:00:00,1.43051,1.43396,1.42798,1.4293,28636
2025-02-07 20:00:00,1.4293,1.43012,1.42736,1.42953,10743
2025-02-10 00:00:00,1.43494,1.43763,1.43234,1.43489,9405
2025-02-10 04:00:00,1.43489,1.43583,1.43357,1.43445,6791
2025-02-10 08:00:00,1.4344299999999999,1.43591,1.43152,1.4326400000000001,11071
2025-02-10 12:00:00,1.4326400000000001,1.43449,1.4326400000000001,1.4337,9854
2025-02-10 16:00:00,1.43369,1.43435,1.4313500000000001,1.43198,12998
2025-02-10 20:00:00,1.43198,1.43228,1.43053,1.43164,6236
2025-02-11 00:00:00,1.43134,1.43399,1.43123,1.4334799999999999,5512
2025-02-11 04:00:00,1.43347,1.43407,1.4329,1.4333,4656
2025-02-11 08:00:00,1.43331,1.43402,1.43245,1.43338,8579
2025-02-11 12:00:00,1.43338,1.43456,1.43082,1.43103,9872
2025-02-11 16:00:00,1.4310800000000001,1.43271,1.43,1.4307,14099
2025-02-11 20:00:00,1.4307,1.43086,1.42791,1.42879,8882
2025-02-12 00:00:00,1.4280300000000001,1.42961,1.4280300000000001,1.42881,3516
2025-02-12 04:00:00,1.42881,1.4298199999999999,1.42795,1.42964,4974
2025-02-12 08:00:00,1.42964,1.43132,1.4285999999999999,1.43082,9015
2025-02-12 12:00:00,1.4308100000000001,1.43395,1.42893,1.4329,13308
2025-02-12 16:00:00,1.43298,1.43423,1.42556,1.42621,24593
2025-02-12 20:00:00,1.4262299999999999,1.43045,1.42592,1.4304000000000001,11124
2025-02-13 00:00:00,1.43021,1.43038,1.42873,1.42885,4204
2025-02-13 04:00:00,1.42885,1.42909,1.42557,1.42587,7279
2025-02-13 08:00:00,1.42587,1.43,1.4255,1.42915,11909
2025-02-13 12:00:00,1.42915,1.43039,1.42697,1.42853,13274
2025-02-13 16:00:00,1.42852,1.42899,1.4211,1.42441,16025
2025-02-13 20:00:00,1.4243999999999999,1.42632,1.41829,1.41891,13655
2025-02-14 00:00:00,1.4191099999999999,1.42013,1.41821,1.41895,6435
2025-02-14 04:00:00,1.41895,1.41919,1.41771,1.41873,5959
2025-02-14 08:00:00,1.41872,1.41891,1.41566,1.41677,12173
2025-02-14 12:00:00,1.41678,1.4191500000000001,1.41552,1.41646,12266
2025-02-14 16:00:00,1.41646,1.41785,1.41509,1.41648,15211
2025-02-14 20:00:00,1.41648,1.41775,1.41571,1.41767,6819
2025-02-17 00:00:00,1.4163999999999999,1.41902,1.41594,1.41609,7354
2025-02-17 04:00:00,1.41609,1.41753,1.41609,1.41739,7658
2025-02-17 08:00:00,1.4174,1.4194,1.41712,1.419,9442
2025-02-17 12:00:00,1.41905,1.4193799999999999,1.41812,1.41887,7718
2025-02-17 16:00:00,1.41887,1.41927,1.41791,1.41829,6325
2025-02-17 20:00:00,1.41829,1.41885,1.41814,1.41824,3746
2025-02-18 00:00:00,1.41742,1.4206400000000001,1.41733,1.41998,4967
2025-02-18 04:00:00,1.41997,1.42087,1.41882,1.42041,7714
2025-02-18 08:00:00,1.42041,1.42079,1.41811,1.41912,10500
2025-02-18 12:00:00,1.41909,1.4212799999999999,1.41794,1.42048,10280
2025-02-18 16:00:00,1.42046,1.42114,1.41827,1.41931,12733
2025-02-18 20:00:00,1.41931,1.41941,1.41831,1.41912,6623
2025-02-19 00:00:00,1.4188399999999999,1.41986,1.41845,1.41845,6135
2025-02-19 04:00:00,1.41845,1.41926,1.4179599999999999,1.418,6725
2025-02-19 08:00:00,1.418,1.42,1.4175499999999999,1.41994,8617
2025-02-19 12:00:00,1.41994,1.42215,1.41955,1.41986,10150
2025-02-19 16:00:00,1.41986,1.42405,1.41919,1.4236900000000001,15391
2025-02-19 20:00:00,1.4236900000000001,1.42453,1.42236,1.4233799999999999,9179
2025-02-20 00:00:00,1.42296,1.42439,1.42239,1.42419,6150
2025-02-20 04:00:00,1.42419,1.4245,1.42203,1.42266,9057
2025-02-20 08:00:00,1.42266,1.42305,1.4210099999999999,1.42113,10415
2025-02-20 12:00:00,1.42113,1.42231,1.41964,1.42065,11662
2025-02-20 16:00:00,1.4206400000000001,1.42135,1.41768,1.4186,17265
2025-02-20 20:00:00,1.41864,1.41895,1.41661,1.41772,7923
2025-02-21 00:00:00,1.41736,1.4188100000000001,1.41687,1.4186,6869
2025-02-21 04:00:00,1.4186,1.41863,1.41681,1.41788,9162
2025-02-21 08:00:00,1.41788,1.41993,1.41768,1.41967,12143
2025-02-21 12:00:00,1.41968,1.4200300000000001,1.41733,1.41766,10414
2025-02-21 16:00:00,1.41766,1.42198,1.417,1.42179,16946
2025-02-21 20:00:00,1.42179,1.42363,1.42171,1.42294,11970
2025-02-24 00:00:00,1.42188,1.42252,1.41939,1.41965,8710
2025-02-24 04:00:00,1.41965,1.41973,1.41818,1.41939,8927
2025-02-24 08:00:00,1.4193799999999999,1.42163,1.41838,1.42116,12709
2025-02-24 12:00:00,1.42117,1.42233,1.4206699999999999,1.42165,10634
2025-02-24 16:00:00,1.42165,1.42446,1.42083,1.42243,18650
2025-02-24 20:00:00,1.42244,1.4268,1.42068,1.4259,10433
2025-02-25 00:00:00,1.42543,1.42794,1.42519,1.42629,6628
2025-02-25 04:00:00,1.42629,1.42661,1.4239600000000001,1.4245,7472
2025-02-25 08:00:00,1.4245,1.42746,1.42443,1.42675,12622
2025-02-25 12:00:00,1.4267400000000001,1.42717,1.42432,1.4262000000000001,12552
2025-02-25 16:00:00,1.42621,1.4316499999999999,1.42515,1.42927,22236
2025-02-25 20:00:00,1.42927,1.43164,1.428,1.43133,12294
2025-02-26 00:00:00,1.4309,1.43137,1.42941,1.43044,6525
2025-02-26 04:00:00,1.43044,1.43327,1.43021,1.43311,7762
2025-02-26 08:00:00,1.43311,1.43333,1.43168,1.4332,11158
2025-02-26 12:00:00,1.4332,1.43571,1.43293,1.43516,10641
2025-02-26 16:00:00,1.43516,1.43654,1.42992,1.43177,21822
2025-02-26 20:00:00,1.4318,1.43683,1.4301,1.43405,13856
2025-02-27 00:00:00,1.4336,1.43551,1.43351,1.43478,6385
2025-02-27 04:00:00,1.4348,1.43631,1.4344700000000001,1.4353799999999999,8381
2025-02-27 08:00:00,1.43539,1.43557,1.4322,1.43275,11299
2025-02-27 12:00:00,1.43272,1.44346,1.43259,1.44258,14096
2025-02-27 16:00:00,1.44258,1.44424,1.4402599999999999,1.4429,23241
2025-02-27 20:00:00,1.44289,1.44489,1.44187,1.44411,11021
2025-02-28 00:00:00,1.4436499999999999,1.44475,1.44292,1.44437,8384
2025-02-28 04:00:00,1.44439,1.44526,1.44367,1.44402,9842
2025-02-28 08:00:00,1.44402,1.44528,1.44285,1.44372,12740
2025-02-28 12:00:00,1.44371,1.44417,1.44035,1.4415200000000001,12490
2025-02-28 16:00:00,1.4415200000000001,1.4447999999999999,1.43995,1.44394,22871
2025-02-28 20:00:00,1.44395,1.4470399999999999,1.4433500000000001,1.44623,13818
2025-03-03 00:00:00,1.44428,1.44486,1.44302,1.44342,9554
2025-03-03 04:00:00,1.44342,1.44531,1.44303,1.44443,7405
2025-03-03 08:00:00,1.44445,1.4453,1.44252,1.44269,11313
2025-03-03 12:00:00,1.44269,1.44397,1.44006,1.44112,14240
2025-03-03 16:00:00,1.44112,1.44189,1.4369100000000001,1.44132,18570
2025-03-03 20:00:00,1.44133,1.45417,1.44039,1.44881,20004
2025-03-04 00:00:00,1.44787,1.4504299999999999,1.44776,1.44929,10386
2025-03-04 04:00:00,1.4493,1.45214,1.44852,1.4492,14336
2025-03-04 08:00:00,1.4492,1.4503,1.44095,1.44252,17430
2025-03-04 12:00:00,1.44252,1.44596,1.44065,1.44481,17639
2025-03-04 16:00:00,1.44481,1.4543,1.44393,1.45279,30444
2025-03-04 20:00:00,1.45279,1.45417,1.43711,1.44017,22623
2025-03-05 00:00:00,1.43892,1.44411,1.43832,1.44284,10391
2025-03-05 04:00:00,1.44284,1.44498,1.44196,1.4422,13316
2025-03-05 08:00:00,1.4422,1.44307,1.43769,1.43819,17613
2025-03-05 12:00:00,1.43819,1.44356,1.4377499999999999,1.4380899999999999,17564
2025-03-05 16:00:00,1.4380899999999999,1.44195,1.43393,1.4357,30836
2025-03-05 20:00:00,1.4357,1.43772,1.43297,1.43324,16469
2025-03-06 00:00:00,1.4334799999999999,1.43533,1.43126,1.43143,8591
2025-03-06 04:00:00,1.4314,1.4340600000000001,1.43093,1.4337,9880
2025-03-06 08:00:00,1.4337,1.43622,1.43255,1.4346,19458
2025-03-06 12:00:00,1.43462,1.43766,1.4341,1.43634,18019
2025-03-06 16:00:00,1.4363299999999999,1.43705,1.42394,1.43037,28547
2025-03-06 20:00:00,1.43037,1.4318,1.42834,1.42976,14361
2025-03-07 00:00:00,1.42881,1.43061,1.42878,1.4300899999999999,6393
2025-03-07 04:00:00,1.43008,1.4313,1.42931,1.43125,8441
2025-03-07 08:00:00,1.43125,1.43194,1.42792,1.42999,13750
2025-03-07 12:00:00,1.43,1.43713,1.4298199999999999,1.43711,16296
2025-03-07 16:00:00,1.43708,1.44262,1.43366,1.43911,30005
2025-03-07 20:00:00,1.43911,1.44069,1.43594,1.43758,13877
2025-03-10 00:00:00,1.43537,1.4386999999999999,1.43537,1.43637,8819
2025-03-10 04:00:00,1.43637,1.43699,1.43543,1.43663,8885
2025-03-10 08:00:00,1.43663,1.43822,1.43573,1.43802,13781
2025-03-10 12:00:00,1.43803,1.44237,1.4353,1.4417900000000001,17535
2025-03-10 16:00:00,1.44188,1.44406,1.44092,1.44334,21288
2025-03-10 20:00:00,1.4433500000000001,1.44724,1.44306,1.4442599999999999,15098
2025-03-11 00:00:00,1.44349,1.44421,1.44203,1.44299,6322
2025-03-11 04:00:00,1.44299,1.44471,1.44161,1.44272,12695
2025-03-11 08:00:00,1.44272,1.44461,1.44097,1.44159,16014
2025-03-11 12:00:00,1.44159,1.44263,1.43934,1.44132,15009
2025-03-11 16:00:00,1.44137,1.45208,1.44014,1.4483,29395
2025-03-11 20:00:00,1.44831,1.45045,1.43789,1.44321,19075
2025-03-12 00:00:00,1.44321,1.44393,1.44218,1.4429,4447
2025-03-12 04:00:00,1.4429,1.4451,1.44272,1.44497,8066
2025-03-12 08:00:00,1.44496,1.44849,1.44333,1.44344,12871
2025-03-12 12:00:00,1.4434,1.44438,1.43656,1.43966,14824
2025-03-12 16:00:00,1.43963,1.443,1.4375200000000001,1.43884,21521
2025-03-12 20:00:00,1.43885,1.43927,1.43532,1.43652,12141
2025-03-13 00:00:00,1.43662,1.43689,1.43589,1.4362599999999999,4111
2025-03-13 04:00:00,1.4362599999999999,1.43936,1.43604,1.43878,9463
2025-03-13 08:00:00,1.43878,1.44045,1.43791,1.4388,13978
2025-03-13 12:00:00,1.43883,1.4402,1.43645,1.43979,15973
2025-03-13 16:00:00,1.4398,1.44254,1.43784,1.44212,23273
2025-03-13 20:00:00,1.4421300000000001,1.4451399999999999,1.44188,1.44354,13188
2025-03-14 00:00:00,1.44394,1.44439,1.44255,1.44321,4926
2025-03-14 04:00:00,1.4432,1.44414,1.44271,1.44289,10436
2025-03-14 08:00:00,1.44289,1.44354,1.44122,1.44138,12802
2025-03-14 12:00:00,1.44137,1.4436499999999999,1.44052,1.4408699999999999,16258
2025-03-14 16:00:00,1.44088,1.44132,1.43701,1.43741,20701
2025-03-14 20:00:00,1.43746,1.4384700000000001,1.43548,1.43589,9735
2025-03-17 00:00:00,1.43679,1.43763,1.43579,1.43699,5359
2025-03-17 04:00:00,1.43701,1.43785,1.43659,1.43732,8824
2025-03-17 08:00:00,1.43732,1.43803,1.436,1.43628,10502
2025-03-17 12:00:00,1.43629,1.4364,1.43381,1.43396,11324
2025-03-17 16:00:00,1.43397,1.43458,1.42823,1.42934,16458
2025-03-17 20:00:00,1.42934,1.42941,1.42752,1.42911,8336
2025-03-18 00:00:00,1.4286699999999999,1.42997,1.42862,1.42943,3696
2025-03-18 04:00:00,1.42946,1.43075,1.42885,1.43026,6824
2025-03-18 08:00:00,1.43026,1.43076,1.42722,1.42775,7866
2025-03-18 12:00:00,1.42776,1.4298199999999999,1.42592,1.42901,11076
2025-03-18 16:00:00,1.42902,1.43193,1.4271099999999999,1.43094,18613
2025-03-18 20:00:00,1.43094,1.43188,1.42919,1.4298899999999999,9454
2025-03-19 00:00:00,1.42932,1.4302000000000001,1.4292500000000001,1.42978,3719
2025-03-19 04:00:00,1.42978,1.43132,1.42977,1.43106,5693
2025-03-19 08:00:00,1.43106,1.43313,1.43072,1.43221,10872
2025-03-19 12:00:00,1.43221,1.43349,1.43146,1.43232,10450
2025-03-19 16:00:00,1.4323000000000001,1.43376,1.43094,1.43315,13073
2025-03-19 20:00:00,1.43315,1.43488,1.4308100000000001,1.43277,16458
2025-03-20 00:00:00,1.43221,1.43331,1.43149,1.43228,4839
2025-03-20 04:00:00,1.43228,1.4335200000000001,1.432,1.43299,7810
2025-03-20 08:00:00,1.43299,1.43551,1.43298,1.43541,8320
2025-03-20 12:00:00,1.43541,1.43907,1.4351099999999999,1.43852,13271
2025-03-20 16:00:00,1.43853,1.44014,1.4318,1.43329,16703
2025-03-20 20:00:00,1.43331,1.43361,1.43126,1.43258,8265
2025-03-21 00:00:00,1.43205,1.4326400000000001,1.4317,1.43209,3946
2025-03-21 04:00:00,1.43209,1.43337,1.43146,1.43324,6839
2025-03-21 08:00:00,1.43323,1.43437,1.43136,1.4329399999999999,9424
2025-03-21 12:00:00,1.4329399999999999,1.43575,1.43273,1.43574,10692
2025-03-21 16:00:00,1.43574,1.43729,1.43365,1.43404,16659
2025-03-21 20:00:00,1.43403,1.4352800000000001,1.43322,1.43506,9186
2025-03-24 00:00:00,1.43494,1.43512,1.43266,1.4332,4112
2025-03-24 04:00:00,1.4332099999999999,1.43506,1.43312,1.43442,7011
2025-03-24 08:00:00,1.43442,1.43484,1.43243,1.43341,8955
2025-03-24 12:00:00,1.43339,1.43463,1.4315,1.43357,9552
2025-03-24 16:00:00,1.43357,1.43439,1.4289100000000001,1.4316900000000001,16763
2025-03-24 20:00:00,1.43168,1.43274,1.43065,1.4317199999999999,10212
2025-03-25 00:00:00,1.4316900000000001,1.43272,1.4312,1.43205,3192
2025-03-25 04:00:00,1.43205,1.43241,1.43109,1.4324,6105
2025-03-25 08:00:00,1.4324,1.43327,1.43158,1.43247,8932
2025-03-25 12:00:00,1.43247,1.43268,1.42804,1.4280599999999999,10478
2025-03-25 16:00:00,1.42807,1.43139,1.4270800000000001,1.43,13951
2025-03-25 20:00:00,1.42999,1.43082,1.42722,1.4278,8521
2025-03-26 00:00:00,1.42771,1.42873,1.42722,1.42866,3882
2025-03-26 04:00:00,1.42868,1.4298199999999999,1.427,1.42746,7672
2025-03-26 08:00:00,1.42746,1.42779,1.42462,1.42513,9637
2025-03-26 12:00:00,1.42513,1.42721,1.42447,1.42683,9710
2025-03-26 16:00:00,1.42675,1.4271,1.42349,1.42655,15300
2025-03-26 20:00:00,1.42655,1.42973,1.42629,1.42706,10220
2025-03-27 00:00:00,1.42634,1.43164,1.42633,1.42872,7469
2025-03-27 04:00:00,1.42872,1.42873,1.42594,1.42651,8075
2025-03-27 08:00:00,1.42651,1.43058,1.42625,1.42835,12007
2025-03-27 12:00:00,1.42835,1.42975,1.42757,1.42968,11578
2025-03-27 16:00:00,1.42968,1.43288,1.4292099999999999,1.43153,17583
2025-03-27 20:00:00,1.43151,1.43214,1.42995,1.43052,8061
2025-03-28 00:00:00,1.42964,1.43158,1.42964,1.43106,3407
2025-03-28 04:00:00,1.4311,1.43156,1.43076,1.43131,6624
2025-03-28 08:00:00,1.43131,1.43324,1.4310399999999999,1.43213,8778
2025-03-28 12:00:00,1.43213,1.4332799999999999,1.43083,1.43113,8965
2025-03-28 16:00:00,1.43114,1.43263,1.42761,1.42935,20054
2025-03-28 20:00:00,1.42935,1.43241,1.42924,1.4317199999999999,9974
2025-03-31 00:00:00,1.4300899999999999,1.43293,1.42993,1.43088,8999
2025-03-31 04:00:00,1.43086,1.43202,1.4299,1.43155,9227
2025-03-31 08:00:00,1.43155,1.43484,1.43093,1.43482,12381
2025-03-31 12:00:00,1.43484,1.43808,1.4340899999999999,1.43784,10012
2025-03-31 16:00:00,1.43784,1.43953,1.43602,1.43757,18356
2025-03-31 20:00:00,1.43756,1.43954,1.43713,1.43864,9772
2025-04-01 00:00:00,1.43842,1.4396200000000001,1.43826,1.43913,4352
2025-04-01 04:00:00,1.43913,1.44002,1.43726,1.43738,8021
2025-04-01 08:00:00,1.43737,1.44038,1.43733,1.43815,10342
2025-04-01 12:00:00,1.43815,1.44042,1.43661,1.4395,11769
2025-04-01 16:00:00,1.43949,1.4414799999999999,1.43053,1.43204,21173
2025-04-01 20:00:00,1.4320300000000001,1.43439,1.42975,1.42991,10828
2025-04-02 00:00:00,1.42971,1.43075,1.42888,1.43046,5112
2025-04-02 04:00:00,1.43046,1.43076,1.42923,1.43059,6709
2025-04-02 08:00:00,1.43059,1.43174,1.4293,1.43032,9176
2025-04-02 12:00:00,1.43032,1.43323,1.42992,1.43211,9347
2025-04-02 16:00:00,1.43212,1.43344,1.42957,1.43204,16857
2025-04-02 20:00:00,1.43204,1.43655,1.42587,1.4295499999999999,16592
2025-04-03 00:00:00,1.423,1.43188,1.42151,1.42542,19303
2025-04-03 04:00:00,1.42541,1.42585,1.4237600000000001,1.42556,16690
2025-04-03 08:00:00,1.42556,1.42556,1.41168,1.41313,20629
2025-04-03 12:00:00,1.4131,1.41596,1.40692,1.40819,23440
2025-04-03 16:00:00,1.40815,1.40906,1.40272,1.4061,31226
2025-04-03 20:00:00,1.40611,1.41042,1.40605,1.4087100000000001,13044
2025-04-04 00:00:00,1.40862,1.40972,1.40612,1.4064,8223
2025-04-04 04:00:00,1.40642,1.41032,1.40536,1.41012,14175
2025-04-04 08:00:00,1.41012,1.4163700000000001,1.4082,1.4132,19811
2025-04-04 12:00:00,1.41318,1.42421,1.4131,1.42083,35244
2025-04-04 16:00:00,1.42083,1.42362,1.4178600000000001,1.42108,38886
2025-04-04 20:00:00,1.42108,1.42588,1.42013,1.4218600000000001,26661
2025-04-07 00:00:00,1.42357,1.4268,1.42054,1.42303,24655
2025-04-07 04:00:00,1.42303,1.42535,1.42124,1.4216,24734
2025-04-07 08:00:00,1.42158,1.4268399999999999,1.41957,1.4250099999999999,32306
2025-04-07 12:00:00,1.42497,1.42961,1.42375,1.42469,31513
2025-04-07 16:00:00,1.4247,1.4267699999999999,1.41788,1.42286,43391
2025-04-07 20:00:00,1.42286,1.42543,1.4184999999999999,1.42442,25819
2025-04-08 00:00:00,1.42393,1.42458,1.42009,1.42158,11267
2025-04-08 04:00:00,1.4216,1.42198,1.4157899999999999,1.41639,16419
2025-04-08 08:00:00,1.41639,1.41925,1.41498,1.41783,21006
2025-04-08 12:00:00,1.41784,1.4203700000000001,1.41528,1.41639,21849
2025-04-08 16:00:00,1.41641,1.42232,1.4142700000000001,1.42022,32923
2025-04-08 20:00:00,1.42027,1.42716,1.41952,1.4267400000000001,26095
2025-04-09 00:00:00,1.42596,1.42736,1.42421,1.42426,12753
2025-04-09 04:00:00,1.42426,1.42474,1.42058,1.42207,21656
2025-04-09 08:00:00,1.42207,1.42488,1.4193,1.4203299999999999,28209
2025-04-09 12:00:00,1.4203299999999999,1.42211,1.41563,1.4173499999999999,28287
2025-04-09 16:00:00,1.4173,1.42119,1.4132,1.41774,29027
2025-04-09 20:00:00,1.41774,1.41862,1.40747,1.40888,34527
2025-04-10 00:00:00,1.40823,1.41103,1.4075,1.41002,13820
2025-04-10 04:00:00,1.41003,1.41096,1.40712,1.4072200000000001,18282
2025-04-10 08:00:00,1.4072200000000001,1.40948,1.4052,1.4076,20299
2025-04-10 12:00:00,1.40766,1.40884,1.404,1.4073,22281
2025-04-10 16:00:00,1.40729,1.40754,1.39878,1.39991,33730
2025-04-10 20:00:00,1.4,1.40073,1.39512,1.39788,26562
2025-04-11 00:00:00,1.39767,1.39856,1.39099,1.3949099999999999,16685
2025-04-11 04:00:00,1.3949099999999999,1.3970500000000001,1.39075,1.39645,25242
2025-04-11 08:00:00,1.39645,1.39845,1.38806,1.39039,26921
2025-04-11 12:00:00,1.39044,1.3933499999999999,1.3839299999999999,1.3856600000000001,25966
2025-04-11 16:00:00,1.38565,1.3933200000000001,1.38422,1.39035,34136
2025-04-11 20:00:00,1.3902700000000001,1.39195,1.38641,1.38653,16743
2025-04-14 00:00:00,1.3854,1.3884400000000001,1.38518,1.38726,13113
2025-04-14 04:00:00,1.38726,1.38742,1.3848799999999999,1.38647,15684
2025-04-14 08:00:00,1.38647,1.38764,1.38284,1.38394,16498
2025-04-14 12:00:00,1.38394,1.38895,1.38347,1.3881999999999999,12691
2025-04-14 16:00:00,1.38821,1.39109,1.38619,1.3904,22867
2025-04-14 20:00:00,1.3904,1.39052,1.3862999999999999,1.38778,11525
2025-04-15 00:00:00,1.38667,1.3908800000000001,1.38638,1.38945,7197
2025-04-15 04:00:00,1.38949,1.38974,1.38506,1.3854899999999999,9918
2025-04-15 08:00:00,1.3854899999999999,1.3878300000000001,1.38499,1.38558,14028
2025-04-15 12:00:00,1.3856,1.39155,1.38499,1.3900299999999999,13342
2025-04-15 16:00:00,1.39004,1.39699,1.38679,1.39696,18008
2025-04-15 20:00:00,1.39696,1.39775,1.39557,1.3958599999999999,9663
2025-04-16 00:00:00,1.3948800000000001,1.39654,1.39473,1.39512,7991
2025-04-16 04:00:00,1.39512,1.39512,1.39345,1.39365,9436
2025-04-16 08:00:00,1.39365,1.39424,1.39041,1.39132,14363
2025-04-16 12:00:00,1.39131,1.39302,1.39036,1.39171,12770
2025-04-16 16:00:00,1.39171,1.39291,1.38673,1.3877,18552
2025-04-16 20:00:00,1.38771,1.38985,1.38572,1.38594,14331
2025-04-17 00:00:00,1.38531,1.38687,1.38531,1.38679,6046
2025-04-17 04:00:00,1.38679,1.38918,1.38678,1.38907,9101
2025-04-17 08:00:00,1.3890799999999999,1.38962,1.3865,1.38773,11056
2025-04-17 12:00:00,1.38775,1.39059,1.38682,1.38724,11351
2025-04-17 16:00:00,1.38728,1.38792,1.38438,1.38449,16987
2025-04-17 20:00:00,1.38449,1.38506,1.38278,1.38357,8674
2025-04-18 00:00:00,1.38339,1.3849,1.38276,1.38458,8318
2025-04-18 04:00:00,1.38459,1.38642,1.38455,1.38632,40725
2025-04-18 08:00:00,1.38631,1.38676,1.38439,1.38623,28905
2025-04-18 12:00:00,1.38625,1.38686,1.38445,1.3859,24557
2025-04-18 16:00:00,1.3859,1.38692,1.38436,1.38519,13684
2025-04-18 20:00:00,1.3852,1.38521,1.38314,1.38436,11554
2025-04-21 00:00:00,1.38437,1.38437,1.38055,1.38186,7970
2025-04-21 04:00:00,1.38187,1.3822,1.3794,1.37972,11122
2025-04-21 08:00:00,1.37972,1.3802699999999999,1.37909,1.37928,9077
2025-04-21 12:00:00,1.37928,1.38148,1.37808,1.3793,9158
2025-04-21 16:00:00,1.37931,1.3841700000000001,1.37848,1.3838300000000001,13397
2025-04-21 20:00:00,1.3838300000000001,1.38492,1.38257,1.38365,9526
2025-04-22 00:00:00,1.38367,1.38457,1.3828,1.38382,5697
2025-04-22 04:00:00,1.38382,1.38382,1.37997,1.38045,8571
2025-04-22 08:00:00,1.38045,1.38211,1.37927,1.38179,12573
2025-04-22 12:00:00,1.38181,1.38612,1.38168,1.38464,10678
2025-04-22 16:00:00,1.38464,1.38574,1.37968,1.38072,14067
2025-04-22 20:00:00,1.38072,1.38327,1.37994,1.3811499999999999,10315
2025-04-23 00:00:00,1.38101,1.38605,1.381,1.38283,11847
2025-04-23 04:00:00,1.38283,1.38469,1.38196,1.38334,9455
2025-04-23 08:00:00,1.3833199999999999,1.38395,1.38083,1.38113,11156
2025-04-23 12:00:00,1.38113,1.38412,1.37981,1.38347,10906
2025-04-23 16:00:00,1.38347,1.38987,1.38226,1.3894,20512
2025-04-23 20:00:00,1.3894,1.39045,1.38768,1.38772,10020
2025-04-24 00:00:00,1.3875899999999999,1.38869,1.38679,1.3869799999999999,6785
2025-04-24 04:00:00,1.38697,1.38745,1.38626,1.38677,9271
2025-04-24 08:00:00,1.38677,1.38748,1.38398,1.38501,11765
2025-04-24 12:00:00,1.38501,1.38706,1.38403,1.38605,9863
2025-04-24 16:00:00,1.38604,1.38987,1.38499,1.3879000000000001,14655
2025-04-24 20:00:00,1.3879000000000001,1.3884400000000001,1.38418,1.3848099999999999,7840
2025-04-25 00:00:00,1.38503,1.38654,1.38445,1.38641,5349
2025-04-25 04:00:00,1.38641,1.38769,1.38575,1.38757,8082
2025-04-25 08:00:00,1.38757,1.38904,1.38582,1.38871,9290
2025-04-25 12:00:00,1.38871,1.38924,1.38624,1.38728,9376
2025-04-25 16:00:00,1.38728,1.3875899999999999,1.38496,1.38604,12040
2025-04-25 20:00:00,1.38604,1.38758,1.38492,1.38543,7928
2025-04-28 00:00:00,1.38593,1.38774,1.38457,1.38737,4805
2025-04-28 04:00:00,1.38737,1.3884699999999999,1.38652,1.38654,6956
2025-04-28 08:00:00,1.38654,1.38925,1.38625,1.3884699999999999,9458
2025-04-28 12:00:00,1.3884699999999999,1.38848,1.38547,1.3869,8192
2025-04-28 16:00:00,1.3869,1.38724,1.3825,1.38472,14869
2025-04-28 20:00:00,1.38472,1.3857599999999999,1.38161,1.38301,7260
2025-04-29 00:00:00,1.38252,1.38397,1.38252,1.38367,4499
2025-04-29 04:00:00,1.38367,1.38665,1.3808099999999999,1.38626,9039
2025-04-29 08:00:00,1.38626,1.38716,1.38162,1.38293,10005
2025-04-29 12:00:00,1.38293,1.38518,1.38274,1.3832499999999999,9681
2025-04-29 16:00:00,1.38326,1.38673,1.3829099999999999,1.3854,13481
2025-04-29 20:00:00,1.3853900000000001,1.38602,1.38266,1.3832499999999999,6603
2025-04-30 00:00:00,1.38255,1.38348,1.38238,1.38306,3969
2025-04-30 04:00:00,1.38309,1.3846,1.38199,1.38333,7007
2025-04-30 08:00:00,1.38333,1.38433,1.3817,1.38431,8628
2025-04-30 12:00:00,1.38431,1.38537,1.3824,1.38497,9883
2025-04-30 16:00:00,1.38496,1.38553,1.3802699999999999,1.381,16708
2025-04-30 20:00:00,1.381,1.38114,1.37697,1.37936,9459
2025-05-01 00:00:00,1.37909,1.3801,1.37866,1.37878,5443
2025-05-01 04:00:00,1.37879,1.38005,1.3784,1.37941,6012
2025-05-01 08:00:00,1.37941,1.38174,1.37926,1.38153,7103
2025-05-01 12:00:00,1.38153,1.38249,1.38076,1.38194,8049
2025-05-01 16:00:00,1.38199,1.38622,1.3796,1.38534,13552
2025-05-01 20:00:00,1.38534,1.38611,1.3835,1.38497,7119
2025-05-02 00:00:00,1.38507,1.38554,1.38407,1.38409,4801
2025-05-02 04:00:00,1.38409,1.38428,1.3815,1.38218,7946
2025-05-02 08:00:00,1.38215,1.38341,1.38029,1.3830200000000001,7863
2025-05-02 12:00:00,1.3830200000000001,1.38387,1.38048,1.38242,10274
2025-05-02 16:00:00,1.38243,1.38288,1.376,1.37915,16233
2025-05-02 20:00:00,1.37915,1.38197,1.37915,1.38171,7792
2025-05-05 00:00:00,1.37943,1.38286,1.37904,1.38198,4801
2025-05-05 04:00:00,1.38194,1.38197,1.37936,1.37979,7478
2025-05-05 08:00:00,1.37979,1.38185,1.37881,1.381,7648
2025-05-05 12:00:00,1.381,1.38148,1.37866,1.38118,8264
2025-05-05 16:00:00,1.38119,1.38294,1.37992,1.38123,12611
2025-05-05 20:00:00,1.38123,1.38231,1.38076,1.38229,4592
2025-05-06 00:00:00,1.3817599999999999,1.38398,1.38159,1.38389,3904
2025-05-06 04:00:00,1.3839000000000001,1.38449,1.38136,1.38148,8511
2025-05-06 08:00:00,1.3814899999999999,1.38308,1.38072,1.38197,8583
2025-05-06 12:00:00,1.38199,1.38326,1.37946,1.38015,8323
2025-05-06 16:00:00,1.38014,1.3809,1.3750200000000001,1.37717,13137
2025-05-06 20:00:00,1.37717,1.37862,1.3762400000000001,1.37743,8518
2025-05-07 00:00:00,1.37674,1.3780700000000001,1.37628,1.37717,8480
2025-05-07 04:00:00,1.37717,1.3798300000000001,1.37702,1.3795600000000001,9885
2025-05-07 08:00:00,1.3795600000000001,1.37972,1.37811,1.3793,8262
2025-05-07 12:00:00,1.3793199999999999,1.38065,1.3785,1.38016,8736
2025-05-07 16:00:00,1.38015,1.38062,1.37728,1.37855,12393
2025-05-07 20:00:00,1.37856,1.38378,1.37842,1.38348,13082
2025-05-08 00:00:00,1.38369,1.38392,1.38222,1.38257,4173
2025-05-08 04:00:00,1.38257,1.38315,1.38134,1.3829500000000001,8844
2025-05-08 08:00:00,1.3829500000000001,1.38831,1.38293,1.38656,10447
2025-05-08 12:00:00,1.38656,1.38983,1.38648,1.38887,10544
2025-05-08 16:00:00,1.38886,1.3930799999999999,1.38686,1.39207,14579
2025-05-08 20:00:00,1.39207,1.39329,1.39147,1.39206,6736
2025-05-09 00:00:00,1.39161,1.39317,1.39155,1.39261,4468
2025-05-09 04:00:00,1.39262,1.39424,1.39158,1.39167,8704
2025-05-09 08:00:00,1.39167,1.39259,1.3909799999999999,1.39114,7468
2025-05-09 12:00:00,1.39116,1.39212,1.39056,1.39151,7084
2025-05-09 16:00:00,1.39151,1.39444,1.3906399999999999,1.39349,12264
2025-05-09 20:00:00,1.39349,1.3939,1.39198,1.39378,6207
2025-05-12 00:00:00,1.3896899999999999,1.39384,1.3896899999999999,1.39364,5972
2025-05-12 04:00:00,1.39364,1.39408,1.39194,1.39258,8971
2025-05-12 08:00:00,1.39258,1.39804,1.39141,1.3957600000000001,13766
2025-05-12 12:00:00,1.3957600000000001,1.3997600000000001,1.39547,1.39974,11039
2025-05-12 16:00:00,1.39974,1.40115,1.39781,1.4004699999999999,12965
2025-05-12 20:00:00,1.4004699999999999,1.40155,1.39718,1.39744,7248
2025-05-13 00:00:00,1.39731,1.39858,1.3970099999999999,1.39824,4388
2025-05-13 04:00:00,1.39824,1.39874,1.39578,1.39602,8401
2025-05-13 08:00:00,1.39602,1.39911,1.39594,1.3989099999999999,9608
2025-05-13 12:00:00,1.3989,1.40005,1.39743,1.39789,8981
2025-05-13 16:00:00,1.39794,1.40161,1.39526,1.39551,16076
2025-05-13 20:00:00,1.39551,1.39564,1.3930799999999999,1.3935,7486
2025-05-14 00:00:00,1.39331,1.39394,1.39268,1.39323,4269
2025-05-14 04:00:00,1.39322,1.39389,1.39192,1.39267,8493
2025-05-14 08:00:00,1.39267,1.39363,1.3907,1.3913,10948
2025-05-14 12:00:00,1.39126,1.39465,1.39016,1.39446,10812
2025-05-14 16:00:00,1.39446,1.39846,1.39377,1.3973,14857
2025-05-14 20:00:00,1.3973,1.3985699999999999,1.3966,1.39826,7338
2025-05-15 00:00:00,1.39712,1.39807,1.39635,1.39709,3447
2025-05-15 04:00:00,1.39709,1.39724,1.39585,1.39702,7350
2025-05-15 08:00:00,1.39702,1.39885,1.39682,1.39825,10010
2025-05-15 12:00:00,1.3982299999999999,1.39939,1.39673,1.39822,9383
2025-05-15 16:00:00,1.39822,1.4004699999999999,1.39763,1.39869,12021
2025-05-15 20:00:00,1.39869,1.39883,1.39554,1.39597,6736
2025-05-16 00:00:00,1.39504,1.39629,1.39499,1.39527,4349
2025-05-16 04:00:00,1.39528,1.39568,1.39406,1.3942999999999999,7111
2025-05-16 08:00:00,1.3942999999999999,1.39609,1.39349,1.39535,7682
2025-05-16 12:00:00,1.39535,1.39731,1.3952499999999999,1.39585,7892
2025-05-16 16:00:00,1.39585,1.3995199999999999,1.3949099999999999,1.39858,10853
2025-05-16 20:00:00,1.3985699999999999,1.39955,1.39618,1.39628,5810
2025-05-19 00:00:00,1.39621,1.39662,1.3951,1.3958,5410
2025-05-19 04:00:00,1.3958,1.39727,1.39577,1.3971,6717
2025-05-19 08:00:00,1.3971,1.39719,1.39484,1.39529,9503
2025-05-19 12:00:00,1.39529,1.3954,1.3938,1.39421,8845
2025-05-19 16:00:00,1.39421,1.39526,1.3917,1.39499,12091
2025-05-19 20:00:00,1.39499,1.39651,1.39467,1.3952,5007
2025-05-20 00:00:00,1.39352,1.39646,1.3930500000000001,1.39618,4768
2025-05-20 04:00:00,1.39618,1.3968099999999999,1.39564,1.39635,9474
2025-05-20 08:00:00,1.3963700000000001,1.3963700000000001,1.3932,1.3942,9756
2025-05-20 12:00:00,1.39419,1.39608,1.39203,1.39263,8027
2025-05-20 16:00:00,1.39262,1.39553,1.39172,1.39295,12009
2025-05-20 20:00:00,1.39295,1.39358,1.3908800000000001,1.3916,6132
2025-05-21 00:00:00,1.39112,1.3918300000000001,1.38989,1.39026,3855
2025-05-21 04:00:00,1.39026,1.39108,1.38861,1.389,7605
2025-05-21 08:00:00,1.38898,1.38982,1.38784,1.38937,8780
2025-05-21 12:00:00,1.38937,1.3894199999999999,1.3868,1.38706,8540
2025-05-21 16:00:00,1.38696,1.38769,1.38154,1.38179,13001
2025-05-21 20:00:00,1.38181,1.38651,1.38138,1.38612,9638
2025-05-22 00:00:00,1.38491,1.38716,1.38491,1.38583,4149
2025-05-22 04:00:00,1.38581,1.38613,1.3846,1.3847,7440
2025-05-22 08:00:00,1.38467,1.38761,1.38466,1.3875199999999999,9041
2025-05-22 12:00:00,1.3875199999999999,1.3885,1.38615,1.38782,9346
2025-05-22 16:00:00,1.38781,1.38887,1.3854899999999999,1.38666,12956
2025-05-22 20:00:00,1.38667,1.38728,1.38556,1.38563,6135
2025-05-23 00:00:00,1.38506,1.38621,1.38491,1.38506,3214
2025-05-23 04:00:00,1.38507,1.38517,1.38251,1.38273,5644
2025-05-23 08:00:00,1.38274,1.38319,1.38091,1.38167,7372
2025-05-23 12:00:00,1.38166,1.38339,1.37938,1.3797,11910
2025-05-23 16:00:00,1.3797,1.3810799999999999,1.37303,1.37343,13311
2025-05-23 20:00:00,1.37343,1.37369,1.3709,1.37295,7354
2025-05-26 00:00:00,1.3719700000000001,1.3738299999999999,1.3717,1.37187,5594
2025-05-26 04:00:00,1.37188,1.37223,1.369,1.37051,7138
2025-05-26 08:00:00,1.37051,1.37144,1.3686,1.37142,7470
2025-05-26 12:00:00,1.37141,1.37257,1.37104,1.37257,5115
2025-05-26 16:00:00,1.37257,1.37351,1.37195,1.37338,5097
2025-05-26 20:00:00,1.37332,1.37391,1.37316,1.37354,2549
2025-05-27 00:00:00,1.37324,1.3738000000000001,1.37219,1.37238,3324
2025-05-27 04:00:00,1.37238,1.37451,1.3721700000000001,1.3744399999999999,6429
2025-05-27 08:00:00,1.37445,1.37684,1.37324,1.37629,9724
2025-05-27 12:00:00,1.37629,1.37744,1.37578,1.37631,8165
2025-05-27 16:00:00,1.37632,1.37796,1.37545,1.37767,12027
2025-05-27 20:00:00,1.37767,1.38357,1.37726,1.38077,7318
2025-05-28 00:00:00,1.38073,1.38177,1.38011,1.3805100000000001,3134
2025-05-28 04:00:00,1.3805100000000001,1.38345,1.38041,1.3834,9273
2025-05-28 08:00:00,1.3834,1.38384,1.38135,1.38175,7204
2025-05-28 12:00:00,1.3817300000000001,1.38394,1.38116,1.3838300000000001,7353
2025-05-28 16:00:00,1.3838300000000001,1.3844400000000001,1.38087,1.38222,13590
2025-05-28 20:00:00,1.38222,1.38373,1.38181,1.3836300000000001,5915
2025-05-29 00:00:00,1.38314,1.3860700000000001,1.38306,1.38543,8074
2025-05-29 04:00:00,1.3854199999999999,1.38614,1.38406,1.38427,9407
2025-05-29 08:00:00,1.3843,1.3857,1.38165,1.38324,9498
2025-05-29 12:00:00,1.38324,1.38353,1.37958,1.37958,9460
2025-05-29 16:00:00,1.3795899999999999,1.38272,1.37847,1.38045,13750
2025-05-29 20:00:00,1.38045,1.3811499999999999,1.3796599999999999,1.3809,6214
2025-05-30 00:00:00,1.37995,1.3817599999999999,1.37979,1.38106,5034
2025-05-30 04:00:00,1.38103,1.38257,1.38021,1.3820999999999999,7988
2025-05-30 08:00:00,1.3820999999999999,1.38297,1.38109,1.38179,7656
2025-05-30 12:00:00,1.38178,1.38205,1.37867,1.37938,9578
2025-05-30 16:00:00,1.37938,1.3798300000000001,1.37389,1.37565,14793
2025-05-30 20:00:00,1.37565,1.3761,1.3714,1.3738299999999999,7603
2025-06-02 00:00:00,1.37369,1.37387,1.3712900000000001,1.37174,4897
2025-06-02 04:00:00,1.37174,1.37286,1.37039,1.37223,6871
2025-06-02 08:00:00,1.37223,1.37239,1.36742,1.3694899999999999,8738
2025-06-02 12:00:00,1.3695,1.37107,1.36853,1.3696,9591
2025-06-02 16:00:00,1.3696,1.37141,1.3689200000000001,1.37112,13647
2025-06-02 20:00:00,1.37113,1.37236,1.37006,1.37114,6129
2025-06-03 00:00:00,1.37062,1.37257,1.37062,1.37201,3606
2025-06-03 04:00:00,1.37201,1.37351,1.37188,1.37326,5886
2025-06-03 08:00:00,1.37323,1.37391,1.37229,1.37298,7759
2025-06-03 12:00:00,1.37299,1.37426,1.37222,1.37299,8764
2025-06-03 16:00:00,1.37299,1.3734600000000001,1.37011,1.37253,11290
2025-06-03 20:00:00,1.37253,1.37264,1.3713,1.37203,5303
2025-06-04 00:00:00,1.37135,1.37232,1.37113,1.37133,3093
2025-06-04 04:00:00,1.37133,1.37238,1.37056,1.37226,7146
2025-06-04 08:00:00,1.37226,1.37316,1.3707,1.37085,8125
2025-06-04 12:00:00,1.37085,1.37196,1.36939,1.36995,8803
2025-06-04 16:00:00,1.36996,1.371,1.36548,1.36552,13394
2025-06-04 20:00:00,1.36552,1.36855,1.36523,1.36738,5734
2025-06-05 00:00:00,1.36721,1.36826,1.36703,1.36723,4921
2025-06-05 04:00:00,1.36723,1.36841,1.36693,1.36783,7143
2025-06-05 08:00:00,1.36783,1.3683100000000001,1.36593,1.36646,7363
2025-06-05 12:00:00,1.36646,1.36672,1.36483,1.3655,8802
2025-06-05 16:00:00,1.3655,1.36753,1.36344,1.36669,15051
2025-06-05 20:00:00,1.3667,1.36733,1.36563,1.3673199999999999,7006
2025-06-06 00:00:00,1.36742,1.36751,1.36606,1.36649,2960
2025-06-06 04:00:00,1.36649,1.3670499999999999,1.36599,1.3661400000000001,5475
2025-06-06 08:00:00,1.36618,1.36808,1.3660999999999999,1.36807,7008
2025-06-06 12:00:00,1.36807,1.37027,1.36662,1.36814,9391
2025-06-06 16:00:00,1.36818,1.37043,1.36691,1.36992,15143
2025-06-06 20:00:00,1.36992,1.37032,1.369,1.36996,6247
2025-06-09 00:00:00,1.36923,1.37,1.36889,1.3692199999999999,3719
2025-06-09 04:00:00,1.3692199999999999,1.36923,1.36767,1.36842,4947
2025-06-09 08:00:00,1.36842,1.36891,1.3669799999999999,1.36778,6005
2025-06-09 12:00:00,1.36777,1.3691,1.36693,1.36882,6569
2025-06-09 16:00:00,1.36884,1.37072,1.3670499999999999,1.36743,9416
2025-06-09 20:00:00,1.36743,1.36997,1.3672,1.36997,5297
2025-06-10 00:00:00,1.36849,1.37054,1.36849,1.36986,3767
2025-06-10 04:00:00,1.36986,1.37155,1.36944,1.37067,8056
2025-06-10 08:00:00,1.37066,1.37286,1.37042,1.37067,8814
2025-06-10 12:00:00,1.37065,1.37086,1.3684,1.3691,6598
2025-06-10 16:00:00,1.3691200000000001,1.36935,1.3667799999999999,1.36832,9961
2025-06-10 20:00:00,1.36832,1.36928,1.36697,1.36711,6140
2025-06-11 00:00:00,1.36658,1.36747,1.36625,1.36724,5193
2025-06-11 04:00:00,1.36723,1.36835,1.36701,1.36809,6571
2025-06-11 08:00:00,1.36809,1.3684,1.3674,1.36819,6315
2025-06-11 12:00:00,1.3682,1.36901,1.36499,1.3663,9753
2025-06-11 16:00:00,1.3663,1.36783,1.36537,1.36564,11169
2025-06-11 20:00:00,1.36564,1.36742,1.36497,1.36708,7347
2025-06-12 00:00:00,1.3669,1.3672900000000001,1.3660700000000001,1.3664100000000001,3396
2025-06-12 04:00:00,1.3664100000000001,1.36728,1.36548,1.36563,6108
2025-06-12 08:00:00,1.36565,1.3675,1.36447,1.36563,7905
2025-06-12 12:00:00,1.36563,1.36613,1.36178,1.36182,10229
2025-06-12 16:00:00,1.3618700000000001,1.3627,1.36049,1.3607,10307
2025-06-12 20:00:00,1.36073,1.3614600000000001,1.35996,1.36037,4965
2025-06-13 00:00:00,1.35998,1.36342,1.35922,1.36267,6740
2025-06-13 04:00:00,1.36266,1.36496,1.3617,1.36493,11929
2025-06-13 08:00:00,1.36494,1.36516,1.36123,1.36158,10869
2025-06-13 12:00:00,1.36158,1.36504,1.36132,1.36158,9939
2025-06-13 16:00:00,1.36164,1.36325,1.3566,1.35855,13420
2025-06-13 20:00:00,1.35856,1.36009,1.35782,1.35838,9888
2025-06-16 00:00:00,1.35829,1.35968,1.35761,1.35901,11825
2025-06-16 04:00:00,1.35901,1.36071,1.35883,1.36017,9040
2025-06-16 08:00:00,1.36017,1.36017,1.35689,1.3572199999999999,9401
2025-06-16 12:00:00,1.3572199999999999,1.35744,1.35582,1.35596,7614
2025-06-16 16:00:00,1.35596,1.35648,1.35396,1.35551,12125
2025-06-16 20:00:00,1.35551,1.358,1.35533,1.35681,6110
2025-06-17 00:00:00,1.35643,1.3582,1.35641,1.35761,5178
2025-06-17 04:00:00,1.35761,1.3580999999999999,1.3568799999999999,1.35727,7926
2025-06-17 08:00:00,1.35727,1.35832,1.35633,1.35694,7707
2025-06-17 12:00:00,1.35694,1.35836,1.35564,1.35827,8139
2025-06-17 16:00:00,1.35828,1.362,1.3574,1.36133,11372
2025-06-17 20:00:00,1.36132,1.3693,1.3609200000000001,1.36722,10106
2025-06-18 00:00:00,1.36657,1.3691200000000001,1.36563,1.36756,4877
2025-06-18 04:00:00,1.36755,1.36775,1.36566,1.36581,7854
2025-06-18 08:00:00,1.36582,1.36719,1.36511,1.3666,8608
2025-06-18 12:00:00,1.3666,1.36701,1.36342,1.36471,7613
2025-06-18 16:00:00,1.36471,1.36959,1.36445,1.3676300000000001,12734
2025-06-18 20:00:00,1.36767,1.3703,1.3654899999999999,1.3691499999999999,15068
2025-06-19 00:00:00,1.36872,1.3700999999999999,1.36805,1.37005,4537
2025-06-19 04:00:00,1.37005,1.37214,1.37004,1.37073,6807
2025-06-19 08:00:00,1.37073,1.373,1.37067,1.37083,8670
2025-06-19 12:00:00,1.37083,1.37218,1.37028,1.3718,7682
2025-06-19 16:00:00,1.37185,1.37463,1.37115,1.37316,8004
2025-06-19 20:00:00,1.37316,1.37317,1.36961,1.36982,3854
2025-06-20 00:00:00,1.37032,1.37039,1.36873,1.3691499999999999,4329
2025-06-20 04:00:00,1.36917,1.3702,1.36884,1.36903,6697
2025-06-20 08:00:00,1.36903,1.37106,1.3689200000000001,1.36967,8078
2025-06-20 12:00:00,1.36967,1.37238,1.3692,1.37185,7527
2025-06-20 16:00:00,1.37178,1.3746399999999999,1.37119,1.37298,10906
2025-06-20 20:00:00,1.37298,1.3746399999999999,1.37199,1.37293,7229
2025-06-23 00:00:00,1.37535,1.37603,1.3738000000000001,1.3752,7570
2025-06-23 04:00:00,1.3752,1.37667,1.37497,1.37591,9973
2025-06-23 08:00:00,1.37591,1.37795,1.37426,1.37789,10549
2025-06-23 12:00:00,1.37789,1.37979,1.3778299999999999,1.37822,10802
2025-06-23 16:00:00,1.37823,1.37851,1.3725,1.37706,16998
2025-06-23 20:00:00,1.37704,1.37751,1.37265,1.37355,9854
2025-06-24 00:00:00,1.37302,1.3738000000000001,1.37221,1.37283,7545
2025-06-24 04:00:00,1.37283,1.3731499999999999,1.37172,1.37183,8282
2025-06-24 08:00:00,1.37184,1.37308,1.3709799999999999,1.37165,10122
2025-06-24 12:00:00,1.37165,1.37213,1.37058,1.37065,7381
2025-06-24 16:00:00,1.37066,1.37212,1.36783,1.3707799999999999,12385
2025-06-24 20:00:00,1.3707799999999999,1.37299,1.3705,1.37235,6224
2025-06-25 00:00:00,1.37088,1.37283,1.37067,1.37231,4437
2025-06-25 04:00:00,1.37231,1.37348,1.37175,1.37325,6376
2025-06-25 08:00:00,1.37326,1.37375,1.37212,1.37231,7017
2025-06-25 12:00:00,1.37231,1.37465,1.37231,1.37392,6196
2025-06-25 16:00:00,1.37392,1.37544,1.37266,1.3738000000000001,9820
2025-06-25 20:00:00,1.37381,1.37446,1.37161,1.37259,7211
2025-06-26 00:00:00,1.37185,1.37241,1.3707799999999999,1.37143,3488
2025-06-26 04:00:00,1.37143,1.3722699999999999,1.37009,1.37182,7185
2025-06-26 08:00:00,1.37182,1.3723,1.36794,1.36853,9641
2025-06-26 12:00:00,1.36857,1.3694600000000001,1.36708,1.36711,9392
2025-06-26 16:00:00,1.36711,1.36731,1.36175,1.36273,13694
2025-06-26 20:00:00,1.36273,1.3645100000000001,1.36174,1.3639299999999999,7715
2025-06-27 00:00:00,1.36445,1.36465,1.3637299999999999,1.36403,4497
2025-06-27 04:00:00,1.36403,1.36497,1.36345,1.36496,6007
2025-06-27 08:00:00,1.3649499999999999,1.3649499999999999,1.36274,1.3642,8396
2025-06-27 12:00:00,1.36419,1.36629,1.36407,1.3642400000000001,8869
2025-06-27 16:00:00,1.3642400000000001,1.36776,1.36405,1.3672900000000001,11842
2025-06-27 20:00:00,1.3672900000000001,1.3759000000000001,1.36724,1.36856,13469
2025-06-30 00:00:00,1.3673899999999999,1.36995,1.3673899999999999,1.3694,5875
2025-06-30 04:00:00,1.36935,1.36954,1.36574,1.36722,8855
2025-06-30 08:00:00,1.36721,1.36798,1.36533,1.36753,10659
2025-06-30 12:00:00,1.36753,1.36825,1.3658000000000001,1.36658,8038
2025-06-30 16:00:00,1.36659,1.36781,1.36174,1.36262,14015
2025-06-30 20:00:00,1.36262,1.36437,1.3599700000000001,1.3606099999999999,7214
2025-07-01 00:00:00,1.36062,1.36099,1.36017,1.36035,3832
2025-07-01 04:00:00,1.36036,1.36184,1.3602699999999999,1.36068,6366
2025-07-01 08:00:00,1.36068,1.36115,1.35927,1.35985,8532
2025-07-01 12:00:00,1.35984,1.36272,1.35908,1.3626800000000001,9147
2025-07-01 16:00:00,1.3626800000000001,1.36673,1.36224,1.36604,13959
2025-07-01 20:00:00,1.36603,1.36635,1.36413,1.3645,5528
2025-07-02 00:00:00,1.36435,1.36482,1.36395,1.36398,3067
2025-07-02 04:00:00,1.36398,1.36528,1.36379,1.36484,5228
2025-07-02 08:00:00,1.36484,1.36589,1.3644,1.36504,6696
2025-07-02 12:00:00,1.36503,1.36571,1.36303,1.36502,9847
2025-07-02 16:00:00,1.36504,1.3654600000000001,1.36054,1.36064,12011
2025-07-02 20:00:00,1.36067,1.36068,1.35835,1.35903,5877
2025-07-03 00:00:00,1.3589,1.35891,1.35797,1.3582,3220
2025-07-03 04:00:00,1.3582,1.35984,1.35791,1.35972,5722
2025-07-03 08:00:00,1.35971,1.36011,1.3586,1.35877,6527
2025-07-03 12:00:00,1.35877,1.36239,1.35784,1.36165,9400
2025-07-03 16:00:00,1.36165,1.36197,1.35562,1.35611,15537
2025-07-03 20:00:00,1.35609,1.35893,1.3557299999999999,1.35828,4111
2025-07-04 00:00:00,1.35804,1.3587099999999999,1.35701,1.35727,5551
2025-07-04 04:00:00,1.35727,1.35813,1.35723,1.35745,5889
2025-07-04 08:00:00,1.35745,1.35962,1.35667,1.35914,7572
2025-07-04 12:00:00,1.35914,1.36046,1.35856,1.36044,7115
2025-07-04 16:00:00,1.36044,1.36124,1.35988,1.36078,7148
2025-07-04 20:00:00,1.36079,1.36169,1.35977,1.35994,15385
2025-07-07 00:00:00,1.35969,1.36089,1.35901,1.3608500000000001,5055
2025-07-07 04:00:00,1.3608500000000001,1.36349,1.3608500000000001,1.36344,7471
2025-07-07 08:00:00,1.36344,1.36846,1.363,1.3682699999999999,8207
2025-07-07 12:00:00,1.3682699999999999,1.3685399999999999,1.36467,1.36476,8436
2025-07-07 16:00:00,1.36476,1.36738,1.36307,1.36716,11606
2025-07-07 20:00:00,1.36716,1.36834,1.36592,1.36799,8039
2025-07-08 00:00:00,1.36749,1.36816,1.3655,1.3655599999999999,4933
2025-07-08 04:00:00,1.36557,1.36646,1.3638,1.36528,6668
2025-07-08 08:00:00,1.36528,1.36621,1.36384,1.36459,8639
2025-07-08 12:00:00,1.3646,1.36625,1.36442,1.36568,7246
2025-07-08 16:00:00,1.36568,1.36944,1.36555,1.36806,13477
2025-07-08 20:00:00,1.36806,1.36904,1.36618,1.36643,7458
2025-07-09 00:00:00,1.36582,1.36776,1.3656,1.36738,3444
2025-07-09 04:00:00,1.36738,1.36891,1.3669,1.36792,7179
2025-07-09 08:00:00,1.36791,1.36942,1.36653,1.3685,8522
2025-07-09 12:00:00,1.3685,1.37101,1.36815,1.36889,7486
2025-07-09 16:00:00,1.36889,1.37046,1.36762,1.3695300000000001,9680
2025-07-09 20:00:00,1.3695300000000001,1.36972,1.36843,1.36889,4489
2025-07-10 00:00:00,1.36828,1.36886,1.36737,1.36778,3459
2025-07-10 04:00:00,1.36784,1.36865,1.3676599999999999,1.36817,4596
2025-07-10 08:00:00,1.36817,1.36862,1.36636,1.36771,5807
2025-07-10 12:00:00,1.36771,1.3694899999999999,1.36685,1.36916,6223
2025-07-10 16:00:00,1.36916,1.37083,1.36716,1.3683100000000001,10715
2025-07-10 20:00:00,1.36833,1.36834,1.3655300000000001,1.36563,4520
2025-07-11 00:00:00,1.36532,1.37311,1.36516,1.36911,6708
2025-07-11 04:00:00,1.36911,1.37063,1.36803,1.36959,8967
2025-07-11 08:00:00,1.3696,1.37054,1.3685100000000001,1.37008,8379
2025-07-11 12:00:00,1.37008,1.37045,1.36471,1.36785,9491
2025-07-11 16:00:00,1.36784,1.37118,1.3676,1.36805,11798
2025-07-11 20:00:00,1.36805,1.36954,1.36695,1.36886,5911
2025-07-14 00:00:00,1.36975,1.36995,1.36749,1.36832,6003
2025-07-14 04:00:00,1.36833,1.37016,1.36799,1.36982,7028
2025-07-14 08:00:00,1.36984,1.37024,1.36757,1.3682699999999999,7150
2025-07-14 12:00:00,1.3682699999999999,1.36924,1.36695,1.36895,6705
2025-07-14 16:00:00,1.36895,1.37005,1.36714,1.36931,10650
2025-07-14 20:00:00,1.36931,1.37081,1.36907,1.37052,4447
2025-07-15 00:00:00,1.36955,1.3709,1.36903,1.37002,3773
2025-07-15 04:00:00,1.37002,1.37036,1.36939,1.36994,6835
2025-07-15 08:00:00,1.36994,1.3703,1.36834,1.3685399999999999,6416
2025-07-15 12:00:00,1.36853,1.36941,1.3670900000000001,1.36743,8047
2025-07-15 16:00:00,1.36744,1.37299,1.3673,1.37243,14850
2025-07-15 20:00:00,1.37243,1.3728799999999999,1.37118,1.37213,5117
2025-07-16 00:00:00,1.37185,1.37215,1.37087,1.37124,4944
2025-07-16 04:00:00,1.37125,1.3721999999999999,1.3709,1.37153,4601
2025-07-16 08:00:00,1.37153,1.37223,1.37062,1.37198,6940
2025-07-16 12:00:00,1.37198,1.37289,1.37112,1.3725,7567
2025-07-16 16:00:00,1.3725,1.3755600000000001,1.36796,1.36893,20399
2025-07-16 20:00:00,1.36893,1.37036,1.36803,1.36842,6935
2025-07-17 00:00:00,1.36829,1.37055,1.36808,1.37005,3744
2025-07-17 04:00:00,1.37004,1.3719999999999999,1.36991,1.37141,6818
2025-07-17 08:00:00,1.37141,1.37478,1.3709799999999999,1.37431,8751
2025-07-17 12:00:00,1.37431,1.3774199999999999,1.37423,1.37588,8896
2025-07-17 16:00:00,1.3759000000000001,1.3765399999999999,1.37411,1.37523,9794
2025-07-17 20:00:00,1.37523,1.3755600000000001,1.37423,1.37518,4763
2025-07-18 00:00:00,1.37482,1.37518,1.37299,1.37352,3344
2025-07-18 04:00:00,1.37352,1.37423,1.37303,1.37404,5233
2025-07-18 08:00:00,1.37404,1.37427,1.3724,1.37263,5904
2025-07-18 12:00:00,1.37259,1.37309,1.3701699999999999,1.37035,6979
2025-07-18 16:00:00,1.37035,1.37277,1.36954,1.37255,10702
2025-07-18 20:00:00,1.3725399999999999,1.37356,1.3723,1.37277,5102
2025-07-21 00:00:00,1.37069,1.37306,1.37059,1.37301,5462
2025-07-21 04:00:00,1.37304,1.37343,1.37214,1.37235,5513
2025-07-21 08:00:00,1.37235,1.37299,1.37141,1.37212,6516
2025-07-21 12:00:00,1.37212,1.37286,1.36957,1.36994,6780
2025-07-21 16:00:00,1.36994,1.37172,1.36784,1.3686099999999999,9260
2025-07-21 20:00:00,1.3686099999999999,1.36921,1.36772,1.36828,4162
2025-07-22 00:00:00,1.36799,1.36873,1.36748,1.36871,2818
2025-07-22 04:00:00,1.3687,1.36907,1.36826,1.36884,4179
2025-07-22 08:00:00,1.36884,1.36952,1.36792,1.36816,5535
2025-07-22 12:00:00,1.36816,1.3684,1.36646,1.36795,6822
2025-07-22 16:00:00,1.36795,1.36796,1.36053,1.36139,12040
2025-07-22 20:00:00,1.36139,1.36205,1.3602,1.36026,5003
2025-07-23 00:00:00,1.36003,1.36073,1.3594,1.35947,3935
2025-07-23 04:00:00,1.35947,1.36032,1.3593199999999999,1.35995,6634
2025-07-23 08:00:00,1.35995,1.36107,1.35832,1.35834,8180
2025-07-23 12:00:00,1.35834,1.3603100000000001,1.35752,1.3603,6747
2025-07-23 16:00:00,1.3603,1.36289,1.35947,1.36167,11305
2025-07-23 20:00:00,1.36167,1.36212,1.35945,1.35987,5670
2025-07-24 00:00:00,1.35925,1.3608500000000001,1.3591,1.3605800000000001,3784
2025-07-24 04:00:00,1.3605800000000001,1.36077,1.3596300000000001,1.36028,7027
2025-07-24 08:00:00,1.36028,1.36135,1.35982,1.3605,7763
2025-07-24 12:00:00,1.3605,1.36224,1.36049,1.36176,7209
2025-07-24 16:00:00,1.36176,1.36462,1.36106,1.3636599999999999,11004
2025-07-24 20:00:00,1.3636599999999999,1.36542,1.363,1.3651900000000001,4998
2025-07-25 00:00:00,1.36388,1.36497,1.36349,1.36416,5472
2025-07-25 04:00:00,1.36416,1.36664,1.36385,1.36589,8224
2025-07-25 08:00:00,1.36588,1.3679999999999999,1.36475,1.36764,8932
2025-07-25 12:00:00,1.3676300000000001,1.3688799999999999,1.3666800000000001,1.36853,8407
2025-07-25 16:00:00,1.36853,1.37255,1.3681,1.37161,14051
2025-07-25 20:00:00,1.37161,1.37169,1.36994,1.37003,4514
2025-07-28 00:00:00,1.37009,1.37027,1.36909,1.36934,5384
2025-07-28 04:00:00,1.36933,1.3706,1.36886,1.3696,6423
2025-07-28 08:00:00,1.36958,1.37421,1.36951,1.37292,10428
2025-07-28 12:00:00,1.37291,1.37345,1.37151,1.37176,10681
2025-07-28 16:00:00,1.37175,1.3729,1.37104,1.3719000000000001,12003
2025-07-28 20:00:00,1.3719000000000001,1.374,1.37174,1.37381,4654
2025-07-29 00:00:00,1.3734600000000001,1.3743,1.37325,1.37416,3318
2025-07-29 04:00:00,1.37417,1.37419,1.37305,1.3731499999999999,6342
2025-07-29 08:00:00,1.3731499999999999,1.37606,1.37314,1.3744,9421
2025-07-29 12:00:00,1.3744,1.37784,1.37389,1.37784,8852
2025-07-29 16:00:00,1.37784,1.37882,1.37494,1.37775,12097
2025-07-29 20:00:00,1.37775,1.37821,1.37619,1.37724,5629
2025-07-30 00:00:00,1.3768500000000001,1.37756,1.37619,1.37629,3217
2025-07-30 04:00:00,1.37629,1.3772199999999999,1.37584,1.37691,6796
2025-07-30 08:00:00,1.37691,1.37769,1.3763,1.37731,7247
2025-07-30 12:00:00,1.37731,1.38064,1.37716,1.3804699999999999,8633
2025-07-30 16:00:00,1.3804699999999999,1.3819,1.37994,1.3808799999999999,12199
2025-07-30 20:00:00,1.3809,1.3845,1.37972,1.38338,13635
2025-07-31 00:00:00,1.38269,1.38328,1.38215,1.3830200000000001,5012
2025-07-31 04:00:00,1.3830200000000001,1.38436,1.38157,1.38159,9469
2025-07-31 08:00:00,1.3816,1.38461,1.38131,1.38398,9491
2025-07-31 12:00:00,1.38397,1.38535,1.3832499999999999,1.38333,9763
2025-07-31 16:00:00,1.38333,1.38524,1.3824,1.38482,13029
2025-07-31 20:00:00,1.38483,1.3857300000000001,1.38378,1.38522,7724
2025-08-01 00:00:00,1.38479,1.38704,1.38388,1.38471,6478
2025-08-01 04:00:00,1.38474,1.3862,1.38439,1.38538,10215
2025-08-01 08:00:00,1.3853900000000001,1.38758,1.38504,1.3875600000000001,8506
2025-08-01 12:00:00,1.38755,1.38791,1.3785,1.37964,11455
2025-08-01 16:00:00,1.37964,1.37998,1.37629,1.37952,20480
2025-08-01 20:00:00,1.37952,1.3817300000000001,1.37704,1.3776,10757
2025-08-04 00:00:00,1.37623,1.37938,1.37623,1.37909,6472
2025-08-04 04:00:00,1.37911,1.37949,1.37701,1.37741,9011
2025-08-04 08:00:00,1.37741,1.37878,1.37669,1.37836,9397
2025-08-04 12:00:00,1.3783699999999999,1.37899,1.3766,1.3773,9511
2025-08-04 16:00:00,1.37729,1.37833,1.37581,1.37751,12597
2025-08-04 20:00:00,1.37752,1.37851,1.3771900000000001,1.37774,6054
2025-08-05 00:00:00,1.37735,1.3780299999999999,1.37629,1.37682,3938
2025-08-05 04:00:00,1.3768,1.37915,1.37669,1.3786399999999999,5841
2025-08-05 08:00:00,1.3786399999999999,1.38095,1.37736,1.38065,7574
2025-08-05 12:00:00,1.38066,1.38102,1.37909,1.37976,7985
2025-08-05 16:00:00,1.37976,1.37997,1.37696,1.37779,13926
2025-08-05 20:00:00,1.37779,1.37887,1.37702,1.37709,6533
2025-08-06 00:00:00,1.37734,1.37778,1.37659,1.3774199999999999,3551
2025-08-06 04:00:00,1.3774199999999999,1.37796,1.3765,1.37708,5633
2025-08-06 08:00:00,1.37707,1.37751,1.3763,1.37686,6297
2025-08-06 12:00:00,1.37686,1.37698,1.3743699999999999,1.37473,7851
2025-08-06 16:00:00,1.37473,1.37588,1.37388,1.37438,11768
2025-08-06 20:00:00,1.3743699999999999,1.37478,1.3734899999999999,1.3738299999999999,6384
2025-08-07 00:00:00,1.37368,1.37449,1.37358,1.37439,3882
2025-08-07 04:00:00,1.37438,1.37463,1.37289,1.37307,5611
2025-08-07 08:00:00,1.37307,1.37362,1.37213,1.37324,7124
2025-08-07 12:00:00,1.37324,1.37447,1.37212,1.37375,8671
2025-08-07 16:00:00,1.37374,1.37735,1.37303,1.37526,11910
2025-08-07 20:00:00,1.37527,1.37676,1.37387,1.37427,8015
2025-08-08 00:00:00,1.37439,1.3746800000000001,1.37316,1.37381,4278
2025-08-08 04:00:00,1.37382,1.3749,1.37335,1.3740999999999999,5032
2025-08-08 08:00:00,1.3740999999999999,1.37494,1.37271,1.37362,6788
2025-08-08 12:00:00,1.37362,1.3762699999999999,1.37256,1.37581,7546
2025-08-08 16:00:00,1.37579,1.37583,1.37426,1.3752,9226
2025-08-08 20:00:00,1.3752,1.37633,1.37422,1.37548,6270
2025-08-11 00:00:00,1.37491,1.376,1.37481,1.37584,2838
2025-08-11 04:00:00,1.37584,1.37609,1.37448,1.37509,5197
2025-08-11 08:00:00,1.37508,1.3773900000000001,1.37491,1.37643,6325
2025-08-11 12:00:00,1.37644,1.37947,1.3763,1.37886,6946
2025-08-11 16:00:00,1.37888,1.37954,1.37737,1.37838,10103
2025-08-11 20:00:00,1.37838,1.3787,1.37741,1.37766,5825
2025-08-12 00:00:00,1.37777,1.37804,1.37734,1.37793,4102
2025-08-12 04:00:00,1.37793,1.37845,1.37716,1.37743,6644
2025-08-12 08:00:00,1.37743,1.37924,1.37736,1.3789,9214
2025-08-12 12:00:00,1.3789,1.38062,1.37634,1.37797,11936
2025-08-12 16:00:00,1.37797,1.37936,1.37538,1.37621,20612
2025-08-12 20:00:00,1.37621,1.37843,1.37619,1.37734,7572
2025-08-13 00:00:00,1.37713,1.37806,1.37652,1.37784,4503
2025-08-13 04:00:00,1.37784,1.37819,1.37731,1.3776,6255
2025-08-13 08:00:00,1.37759,1.37817,1.37539,1.37633,8135
2025-08-13 12:00:00,1.37632,1.3771200000000001,1.37514,1.37703,7621
2025-08-13 16:00:00,1.37703,1.3775,1.37558,1.37703,11125
2025-08-13 20:00:00,1.37703,1.37736,1.37558,1.37609,6305
2025-08-14 00:00:00,1.37565,1.37613,1.37497,1.37516,3707
2025-08-14 04:00:00,1.37516,1.37644,1.37443,1.3758,7370
2025-08-14 08:00:00,1.3758,1.37836,1.37565,1.37817,9289
2025-08-14 12:00:00,1.37817,1.38012,1.37701,1.37962,9896
2025-08-14 16:00:00,1.37962,1.38175,1.37896,1.38147,16907
2025-08-14 20:00:00,1.38147,1.38196,1.3805100000000001,1.3817599999999999,7450
2025-08-15 00:00:00,1.3814199999999999,1.38153,1.381,1.38117,4384
2025-08-15 04:00:00,1.38117,1.38148,1.38012,1.38023,5760
2025-08-15 08:00:00,1.38023,1.38069,1.3791,1.37972,6097
2025-08-15 12:00:00,1.37972,1.3801999999999999,1.37873,1.37933,7614
2025-08-15 16:00:00,1.37933,1.38134,1.37881,1.38098,12675
2025-08-15 20:00:00,1.38098,1.3818,1.3807,1.3817599999999999,5994
2025-08-18 00:00:00,1.38116,1.38171,1.38057,1.38075,4028
2025-08-18 04:00:00,1.38075,1.38099,1.3798300000000001,1.38011,5339
2025-08-18 08:00:00,1.38011,1.38097,1.3792,1.37935,7215
2025-08-18 12:00:00,1.37936,1.37987,1.37828,1.3791,7582
2025-08-18 16:00:00,1.3791,1.38312,1.37907,1.38122,11092
2025-08-18 20:00:00,1.38122,1.38144,1.37989,1.37996,6027
2025-08-19 00:00:00,1.37991,1.38107,1.3796,1.38091,4076
2025-08-19 04:00:00,1.38091,1.38182,1.38061,1.38093,8370
2025-08-19 08:00:00,1.38093,1.38218,1.3801,1.38189,7625
2025-08-19 12:00:00,1.38189,1.38378,1.38053,1.3833199999999999,7878
2025-08-19 16:00:00,1.3833199999999999,1.38635,1.38327,1.38624,11744
2025-08-19 20:00:00,1.38624,1.38694,1.38534,1.38693,5747
2025-08-20 00:00:00,1.38608,1.38724,1.38558,1.38693,7755
2025-08-20 04:00:00,1.38693,1.38832,1.38649,1.38697,8376
2025-08-20 08:00:00,1.3869799999999999,1.3881299999999999,1.38683,1.38794,8359
2025-08-20 12:00:00,1.38794,1.38798,1.38534,1.38578,7346
2025-08-20 16:00:00,1.38578,1.3879299999999999,1.3857,1.38687,12368
2025-08-20 20:00:00,1.38689,1.388,1.38628,1.38748,6667
2025-08-21 00:00:00,1.38692,1.38814,1.38659,1.3878599999999999,3922
2025-08-21 04:00:00,1.3878599999999999,1.38828,1.38724,1.3879299999999999,6179
2025-08-21 08:00:00,1.38792,1.3885399999999999,1.38737,1.3878300000000001,6979
2025-08-21 12:00:00,1.3878300000000001,1.38955,1.38735,1.38945,8113
2025-08-21 16:00:00,1.38945,1.39076,1.38896,1.3896899999999999,13779
2025-08-21 20:00:00,1.3896899999999999,1.39123,1.38909,1.39113,6115
2025-08-22 00:00:00,1.3908,1.3908800000000001,1.38991,1.39074,3869
2025-08-22 04:00:00,1.39074,1.39153,1.39035,1.39148,5315
2025-08-22 08:00:00,1.39148,1.39171,1.39078,1.39081,5652
2025-08-22 12:00:00,1.39081,1.39188,1.39078,1.39165,6611
2025-08-22 16:00:00,1.39165,1.3924400000000001,1.38299,1.38319,22722
2025-08-22 20:00:00,1.3832,1.38324,1.3814199999999999,1.38242,7906
2025-08-25 00:00:00,1.38141,1.38401,1.38127,1.3835600000000001,3924
2025-08-25 04:00:00,1.3835600000000001,1.38441,1.38315,1.38344,4682
2025-08-25 08:00:00,1.38344,1.38377,1.38208,1.38272,6038
2025-08-25 12:00:00,1.38272,1.38358,1.38171,1.38226,6637
2025-08-25 16:00:00,1.38226,1.3838300000000001,1.38165,1.38339,10460
2025-08-25 20:00:00,1.38339,1.38638,1.38326,1.38598,7235
2025-08-26 00:00:00,1.38555,1.38638,1.38413,1.3845100000000001,6245
2025-08-26 04:00:00,1.3845100000000001,1.38601,1.3844699999999999,1.3854199999999999,6920
2025-08-26 08:00:00,1.3854199999999999,1.38677,1.38501,1.3857599999999999,9488
2025-08-26 12:00:00,1.3857599999999999,1.38577,1.38399,1.38453,8146
2025-08-26 16:00:00,1.38453,1.38543,1.3822,1.38294,12459
2025-08-26 20:00:00,1.38294,1.38416,1.38283,1.38379,6238
2025-08-27 00:00:00,1.38369,1.38379,1.3829500000000001,1.38331,3077
2025-08-27 04:00:00,1.38331,1.38437,1.3828,1.38429,5149
2025-08-27 08:00:00,1.38429,1.3856899999999999,1.38339,1.38482,6681
2025-08-27 12:00:00,1.38482,1.38565,1.38428,1.3850500000000001,8138
2025-08-27 16:00:00,1.3850500000000001,1.3857599999999999,1.37977,1.37978,13707
2025-08-27 20:00:00,1.37978,1.38011,1.37827,1.37891,8120
2025-08-28 00:00:00,1.37862,1.37896,1.37786,1.3782,3063
2025-08-28 04:00:00,1.3782,1.37831,1.37691,1.37815,5366
2025-08-28 08:00:00,1.37814,1.37878,1.3774600000000001,1.3776,7929
2025-08-28 12:00:00,1.3776,1.37763,1.37524,1.37606,10071
2025-08-28 16:00:00,1.37606,1.37851,1.37458,1.37477,14376
2025-08-28 20:00:00,1.37477,1.37562,1.3740999999999999,1.37466,5552
2025-08-29 00:00:00,1.37449,1.3753,1.3743699999999999,1.37461,3892
2025-08-29 04:00:00,1.37461,1.3757,1.37447,1.37528,6278
2025-08-29 08:00:00,1.37528,1.37573,1.37369,1.37406,6097
2025-08-29 12:00:00,1.37406,1.3779,1.37396,1.377,9633
2025-08-29 16:00:00,1.377,1.3779,1.37265,1.3731499999999999,14764
2025-08-29 20:00:00,1.3731499999999999,1.37465,1.37273,1.37369,6540
2025-09-01 00:00:00,1.3722699999999999,1.37429,1.3722699999999999,1.37358,3037
2025-09-01 04:00:00,1.37358,1.37448,1.37325,1.3738299999999999,6008
2025-09-01 08:00:00,1.3738299999999999,1.37524,1.37338,1.37395,7626
2025-09-01 12:00:00,1.37395,1.37523,1.37335,1.37521,7022
2025-09-01 16:00:00,1.37519,1.37618,1.37433,1.37547,8568
2025-09-01 20:00:00,1.37547,1.37565,1.3749,1.37493,2239
2025-09-02 00:00:00,1.37476,1.37531,1.37426,1.37477,3778
2025-09-02 04:00:00,1.37477,1.37592,1.37455,1.37574,6467
2025-09-02 08:00:00,1.37574,1.37836,1.37453,1.37696,11712
2025-09-02 12:00:00,1.37696,1.3814600000000001,1.37667,1.3808500000000001,13226
2025-09-02 16:00:00,1.3808500000000001,1.38095,1.37728,1.37733,17320
2025-09-02 20:00:00,1.37733,1.37923,1.3771900000000001,1.37835,7704
2025-09-03 00:00:00,1.37771,1.37921,1.37741,1.37903,3560
2025-09-03 04:00:00,1.37903,1.37967,1.37836,1.3792,6479
2025-09-03 08:00:00,1.3792,1.38076,1.37877,1.38008,9671
2025-09-03 12:00:00,1.38008,1.38058,1.37934,1.37989,9477
2025-09-03 16:00:00,1.3799000000000001,1.38049,1.37828,1.37867,14281
2025-09-03 20:00:00,1.37867,1.38016,1.37855,1.37928,7061
2025-09-04 00:00:00,1.37908,1.37987,1.3789799999999999,1.3798,3273
2025-09-04 04:00:00,1.3798,1.3808,1.37943,1.38074,5736
2025-09-04 08:00:00,1.38074,1.38151,1.38069,1.38101,7607
2025-09-04 12:00:00,1.38101,1.38272,1.3801999999999999,1.38155,8709
2025-09-04 16:00:00,1.38155,1.38452,1.38062,1.3832,12368
2025-09-04 20:00:00,1.3832,1.38366,1.38154,1.38162,5605
2025-09-05 00:00:00,1.38167,1.38205,1.38089,1.38098,3219
2025-09-05 04:00:00,1.38098,1.38114,1.38038,1.38098,4179
2025-09-05 08:00:00,1.38098,1.3810799999999999,1.37896,1.37919,6574
2025-09-05 12:00:00,1.37919,1.38171,1.37564,1.38042,10392
2025-09-05 16:00:00,1.38042,1.38399,1.37957,1.38339,18740
2025-09-05 20:00:00,1.38339,1.3853900000000001,1.38221,1.38251,8499
2025-09-08 00:00:00,1.383,1.38443,1.38289,1.3838,4076
2025-09-08 04:00:00,1.38379,1.3841700000000001,1.38289,1.38334,6158
2025-09-08 08:00:00,1.38333,1.38339,1.3811499999999999,1.38164,7705
2025-09-08 12:00:00,1.38165,1.38247,1.37885,1.3792900000000001,6857
2025-09-08 16:00:00,1.37928,1.38335,1.3788,1.38257,9202
2025-09-08 20:00:00,1.38257,1.38315,1.38025,1.38034,5655
2025-09-09 00:00:00,1.3795600000000001,1.38048,1.37947,1.38043,3711
2025-09-09 04:00:00,1.3804400000000001,1.38111,1.37978,1.38045,4595
2025-09-09 08:00:00,1.38046,1.38127,1.3793199999999999,1.37977,7449
2025-09-09 12:00:00,1.37976,1.3827099999999999,1.37941,1.38228,5980
2025-09-09 16:00:00,1.38227,1.38425,1.38045,1.38321,10993
2025-09-09 20:00:00,1.38323,1.38595,1.38304,1.38431,5218
2025-09-10 00:00:00,1.3841700000000001,1.38574,1.38355,1.38559,3333
2025-09-10 04:00:00,1.38557,1.38632,1.3841,1.38411,5432
2025-09-10 08:00:00,1.3841700000000001,1.38602,1.38388,1.38523,7270
2025-09-10 12:00:00,1.38524,1.3862,1.38378,1.38533,7874
2025-09-10 16:00:00,1.38531,1.38601,1.38304,1.3857,11103
2025-09-10 20:00:00,1.3856899999999999,1.38697,1.3852,1.3862999999999999,5395
2025-09-11 00:00:00,1.38563,1.38697,1.38563,1.38696,2598
2025-09-11 04:00:00,1.3869500000000001,1.38734,1.38645,1.38714,4287
2025-09-11 08:00:00,1.38715,1.3881700000000001,1.38714,1.38809,6704
2025-09-11 12:00:00,1.3881000000000001,1.38892,1.38556,1.3857300000000001,9299
2025-09-11 16:00:00,1.38574,1.38676,1.3826,1.3832900000000001,11736
2025-09-11 20:00:00,1.38328,1.38428,1.3829500000000001,1.38316,5635
2025-09-12 00:00:00,1.38277,1.38411,1.38262,1.38381,2640
2025-09-12 04:00:00,1.38379,1.3848099999999999,1.38361,1.3842400000000001,3493
2025-09-12 08:00:00,1.38425,1.38492,1.38324,1.38477,5096
2025-09-12 12:00:00,1.38474,1.3860700000000001,1.38345,1.38431,5856
2025-09-12 16:00:00,1.38432,1.38633,1.38345,1.38497,8394
2025-09-12 20:00:00,1.38498,1.38535,1.38381,1.38439,4636
2025-09-15 00:00:00,1.38344,1.38441,1.38278,1.3841999999999999,2114
2025-09-15 04:00:00,1.38419,1.38456,1.38343,1.3835,3008
2025-09-15 08:00:00,1.38348,1.38415,1.38306,1.38347,4816
2025-09-15 12:00:00,1.38346,1.38348,1.38151,1.38254,5077
2025-09-15 16:00:00,1.38253,1.38421,1.37936,1.38,7379
2025-09-15 20:00:00,1.38,1.38016,1.37667,1.3776,5957
2025-09-16 00:00:00,1.3771900000000001,1.37809,1.37713,1.37741,2491
2025-09-16 04:00:00,1.3774,1.37768,1.37634,1.37718,3370
2025-09-16 08:00:00,1.37714,1.37769,1.37622,1.37756,5175
2025-09-16 12:00:00,1.37755,1.37756,1.37462,1.37576,6844
2025-09-16 16:00:00,1.37575,1.3763,1.37368,1.37415,10507
2025-09-16 20:00:00,1.37416,1.37549,1.37336,1.37372,5306
2025-09-17 00:00:00,1.37337,1.37447,1.37337,1.37431,2389
2025-09-17 04:00:00,1.37428,1.37545,1.37422,1.37509,2900
2025-09-17 08:00:00,1.37507,1.37618,1.37482,1.37562,4565
2025-09-17 12:00:00,1.37562,1.3759000000000001,1.37487,1.37533,4610
2025-09-17 16:00:00,1.3753199999999999,1.37694,1.37473,1.37602,8074
2025-09-17 20:00:00,1.37603,1.37872,1.37266,1.37729,17415
2025-09-18 00:00:00,1.37724,1.3779,1.37667,1.37679,3210
2025-09-18 04:00:00,1.37677,1.37872,1.3765800000000001,1.37857,4734
2025-09-18 08:00:00,1.37856,1.38,1.3774199999999999,1.37811,8010
2025-09-18 12:00:00,1.37809,1.37896,1.3767,1.37862,7733
2025-09-18 16:00:00,1.37872,1.38096,1.37863,1.3802400000000001,11497
2025-09-18 20:00:00,1.38023,1.38031,1.3787099999999999,1.3801700000000001,4747
2025-09-19 00:00:00,1.37948,1.37997,1.3790200000000001,1.37958,2930
2025-09-19 04:00:00,1.37957,1.38046,1.37884,1.37975,4830
2025-09-19 08:00:00,1.37974,1.3820000000000001,1.37946,1.38086,7401
2025-09-19 12:00:00,1.3808799999999999,1.38252,1.38053,1.38186,5878
2025-09-19 16:00:00,1.38187,1.38197,1.3769,1.37769,9903
2025-09-19 20:00:00,1.37768,1.37916,1.37687,1.37815,4434
2025-09-22 00:00:00,1.37723,1.37957,1.37723,1.37877,2731
2025-09-22 04:00:00,1.37875,1.37999,1.37828,1.3798300000000001,4212
2025-09-22 08:00:00,1.37985,1.38099,1.37915,1.38055,5629
2025-09-22 12:00:00,1.3805399999999999,1.38141,1.37974,1.37977,5087
2025-09-22 16:00:00,1.37978,1.38287,1.37927,1.38276,7557
2025-09-22 20:00:00,1.38274,1.38315,1.38167,1.38231,4123
2025-09-23 00:00:00,1.38152,1.38321,1.38143,1.38276,1936
2025-09-23 04:00:00,1.38278,1.38315,1.38236,1.383,4116
2025-09-23 08:00:00,1.38305,1.3844,1.38226,1.38319,5395
2025-09-23 12:00:00,1.38314,1.38328,1.38172,1.38175,5401
2025-09-23 16:00:00,1.38174,1.38398,1.38116,1.3829099999999999,8724
2025-09-23 20:00:00,1.38292,1.38499,1.38263,1.38351,6143
2025-09-24 00:00:00,1.38304,1.38467,1.38281,1.38429,3192
2025-09-24 04:00:00,1.38429,1.38494,1.38388,1.38446,4541
2025-09-24 08:00:00,1.38448,1.38642,1.38429,1.38605,5241
2025-09-24 12:00:00,1.38605,1.38791,1.38589,1.38763,5873
2025-09-24 16:00:00,1.38764,1.39065,1.38724,1.39063,9709
2025-09-24 20:00:00,1.3906399999999999,1.3907,1.3894199999999999,1.38962,5162
2025-09-25 00:00:00,1.3893,1.3899,1.38894,1.38923,2336
2025-09-25 04:00:00,1.38924,1.38959,1.38852,1.3887,2822
2025-09-25 08:00:00,1.38869,1.39022,1.38866,1.38934,5092
2025-09-25 12:00:00,1.3893,1.3912900000000001,1.38899,1.3906399999999999,6842
2025-09-25 16:00:00,1.39065,1.3936899999999999,1.39041,1.39354,10787
2025-09-25 20:00:00,1.39356,1.39494,1.39352,1.39417,5782
2025-09-26 00:00:00,1.39246,1.39455,1.3915600000000001,1.39386,2808
2025-09-26 04:00:00,1.39388,1.39445,1.39343,1.39353,3026
2025-09-26 08:00:00,1.39352,1.3948,1.39351,1.39468,4816
2025-09-26 12:00:00,1.39471,1.39585,1.3934,1.39354,6313
2025-09-26 16:00:00,1.39355,1.39523,1.39319,1.39368,10194
2025-09-26 20:00:00,1.39367,1.39438,1.39343,1.39402,5155
2025-09-29 00:00:00,1.39246,1.3947,1.39245,1.3927399999999999,2284
2025-09-29 04:00:00,1.3927,1.39346,1.39193,1.39215,3578
2025-09-29 08:00:00,1.39216,1.39294,1.39155,1.39173,5556
2025-09-29 12:00:00,1.39174,1.39395,1.39158,1.39284,5970
2025-09-29 16:00:00,1.39283,1.39392,1.39031,1.39127,9040
2025-09-29 20:00:00,1.39131,1.39227,1.3909099999999999,1.39151,4161
2025-09-30 00:00:00,1.39073,1.39241,1.39073,1.3921299999999999,2564
2025-09-30 04:00:00,1.39211,1.39221,1.3912499999999999,1.39139,3982
2025-09-30 08:00:00,1.39142,1.3924,1.39063,1.39105,6577
2025-09-30 12:00:00,1.39104,1.3925,1.39081,1.39189,5470
2025-09-30 16:00:00,1.39191,1.39356,1.38962,1.3921299999999999,10256
2025-09-30 20:00:00,1.3921299999999999,1.39255,1.39137,1.39212,4602
2025-10-01 00:00:00,1.3917,1.39282,1.3909099999999999,1.39269,3319
2025-10-01 04:00:00,1.39268,1.39327,1.39143,1.39144,2600
2025-10-01 08:00:00,1.39143,1.3928,1.3907,1.39182,7423
2025-10-01 12:00:00,1.3918300000000001,1.39368,1.39146,1.39289,8661
2025-10-01 16:00:00,1.3929,1.39569,1.39228,1.3948,11099
2025-10-01 20:00:00,1.39478,1.39493,1.39343,1.39374,4650
2025-10-02 00:00:00,1.39303,1.39474,1.39299,1.39439,2198
2025-10-02 04:00:00,1.3944,1.39471,1.39347,1.39453,2686
2025-10-02 08:00:00,1.39452,1.39485,1.39323,1.3936899999999999,5478
2025-10-02 12:00:00,1.3937,1.39527,1.3933499999999999,1.39462,5687
2025-10-02 16:00:00,1.3946,1.3986100000000001,1.39402,1.39669,9716
2025-10-02 20:00:00,1.39668,1.3972,1.39599,1.39679,4395
2025-10-03 00:00:00,1.39654,1.39668,1.39603,1.39643,1953
2025-10-03 04:00:00,1.39642,1.39692,1.3961000000000001,1.3968,3096
2025-10-03 08:00:00,1.3968099999999999,1.3968099999999999,1.3957600000000001,1.39611,4790
2025-10-03 12:00:00,1.39612,1.3969,1.39506,1.39507,5313
2025-10-03 16:00:00,1.39505,1.39631,1.3939599999999999,1.39473,8856
2025-10-03 20:00:00,1.39474,1.3961000000000001,1.39463,1.39492,5222
2025-10-06 00:00:00,1.39466,1.39676,1.39446,1.39567,4235
2025-10-06 04:00:00,1.39562,1.39612,1.39452,1.39526,3382
2025-10-06 08:00:00,1.39527,1.39585,1.39417,1.39505,6765
2025-10-06 12:00:00,1.39506,1.39642,1.39484,1.39616,6388
2025-10-06 16:00:00,1.3961700000000001,1.39675,1.39458,1.3949099999999999,7386
2025-10-06 20:00:00,1.3949099999999999,1.39541,1.39399,1.39408,3673
2025-10-07 00:00:00,1.39394,1.3951,1.3939300000000001,1.39489,2147
2025-10-07 04:00:00,1.3948800000000001,1.39527,1.3944,1.39483,2519
2025-10-07 08:00:00,1.39484,1.3961999999999999,1.39472,1.39564,5440
2025-10-07 12:00:00,1.39564,1.39625,1.39475,1.39537,5748
2025-10-07 16:00:00,1.3954,1.39569,1.39387,1.39519,9340
2025-10-07 20:00:00,1.39517,1.39603,1.39455,1.39501,5255
2025-10-08 00:00:00,1.3944,1.3959,1.3944,1.39561,2601
2025-10-08 04:00:00,1.3955899999999999,1.39682,1.39513,1.39641,4561
2025-10-08 08:00:00,1.39643,1.39709,1.39512,1.39541,5864
2025-10-08 12:00:00,1.39534,1.39589,1.3937599999999999,1.39381,6127
2025-10-08 16:00:00,1.39382,1.39607,1.39317,1.39584,8424
2025-10-08 20:00:00,1.3958599999999999,1.39626,1.3949099999999999,1.3951500000000001,5101
2025-10-09 00:00:00,1.3948800000000001,1.3955899999999999,1.3946100000000001,1.3949099999999999,2287
2025-10-09 04:00:00,1.39492,1.39492,1.39347,1.39356,3317
2025-10-09 08:00:00,1.39355,1.39636,1.39334,1.39537,6593
2025-10-09 12:00:00,1.39536,1.39557,1.3942700000000001,1.3945,6864
2025-10-09 16:00:00,1.39447,1.40246,1.39387,1.40225,12739
2025-10-09 20:00:00,1.40229,1.4034,1.40138,1.4022000000000001,6532
2025-10-10 00:00:00,1.40161,1.40256,1.40092,1.40172,2667
2025-10-10 04:00:00,1.40171,1.40209,1.40136,1.40154,3234
2025-10-10 08:00:00,1.40155,1.4034,1.4013200000000001,1.40168,6478
2025-10-10 12:00:00,1.40168,1.4022700000000001,1.3976,1.39836,7481
2025-10-10 16:00:00,1.39835,1.4010799999999999,1.39822,1.4009,15746
2025-10-10 20:00:00,1.401,1.40175,1.3994,1.4001299999999999,8775
2025-10-13 00:00:00,1.39896,1.40041,1.39858,1.39931,5398
2025-10-13 04:00:00,1.3991799999999999,1.39963,1.3982999999999999,1.39929,4544
2025-10-13 08:00:00,1.39928,1.40106,1.39883,1.40011,7952
2025-10-13 12:00:00,1.40012,1.40163,1.39971,1.40128,6435
2025-10-13 16:00:00,1.40129,1.4034,1.40125,1.40306,9357
2025-10-13 20:00:00,1.40305,1.40391,1.40268,1.40362,5308
2025-10-14 00:00:00,1.40287,1.40434,1.40278,1.40373,3538
2025-10-14 04:00:00,1.40374,1.4046699999999999,1.40329,1.40429,5526
2025-10-14 08:00:00,1.40432,1.40663,1.40409,1.40584,10720
2025-10-14 12:00:00,1.40585,1.40798,1.40579,1.40713,9160
2025-10-14 16:00:00,1.40714,1.40746,1.40298,1.40427,14710
2025-10-14 20:00:00,1.40429,1.40518,1.40324,1.4044400000000001,8187
2025-10-15 00:00:00,1.40369,1.40483,1.40364,1.4044699999999999,3565
2025-10-15 04:00:00,1.4045,1.40454,1.40314,1.40366,5160
2025-10-15 08:00:00,1.40361,1.40449,1.40275,1.4043,7844
2025-10-15 12:00:00,1.40429,1.4054,1.40339,1.4051,8656
2025-10-15 16:00:00,1.40507,1.40534,1.40265,1.4034200000000001,12990
2025-10-15 20:00:00,1.40338,1.40597,1.40338,1.40424,7471
2025-10-16 00:00:00,1.40394,1.4048,1.40357,1.40391,3907
2025-10-16 04:00:00,1.40392,1.40393,1.4022299999999999,1.40341,5718
2025-10-16 08:00:00,1.4034200000000001,1.40402,1.40269,1.4038,7829
2025-10-16 12:00:00,1.4038,1.40579,1.40357,1.40516,8525
2025-10-16 16:00:00,1.40514,1.40607,1.40355,1.4044699999999999,14620
2025-10-16 20:00:00,1.40446,1.40605,1.40381,1.40514,10255
2025-10-17 00:00:00,1.40511,1.40529,1.4039,1.40401,3604
2025-10-17 04:00:00,1.40399,1.40517,1.40363,1.40401,4995
2025-10-17 08:00:00,1.404,1.40671,1.40357,1.40506,10963
2025-10-17 12:00:00,1.40506,1.40525,1.40272,1.40394,11050
2025-10-17 16:00:00,1.40395,1.40536,1.40337,1.40394,14512
2025-10-17 20:00:00,1.40399,1.40422,1.40077,1.40211,8534
2025-10-20 00:00:00,1.40118,1.40197,1.4009800000000001,1.40131,3446
2025-10-20 04:00:00,1.4013,1.40153,1.40053,1.40114,3744
2025-10-20 08:00:00,1.40115,1.40329,1.401,1.4032200000000001,7377
2025-10-20 12:00:00,1.40321,1.40493,1.40265,1.40451,8511
2025-10-20 16:00:00,1.40452,1.40509,1.4025699999999999,1.40293,10051
2025-10-20 20:00:00,1.40292,1.40385,1.40265,1.4038,5335
2025-10-21 00:00:00,1.40314,1.40363,1.40294,1.40314,2267
2025-10-21 04:00:00,1.4032200000000001,1.4053,1.4031500000000001,1.4049,3646
2025-10-21 08:00:00,1.40488,1.40658,1.40487,1.4061,9173
2025-10-21 12:00:00,1.40605,1.40611,1.4014,1.40275,10969
2025-10-21 16:00:00,1.40272,1.40438,1.4003,1.4016899999999999,14572
2025-10-21 20:00:00,1.4017,1.40237,1.40116,1.40235,6752
2025-10-22 00:00:00,1.4019300000000001,1.40234,1.40113,1.4013900000000001,3551
2025-10-22 04:00:00,1.40138,1.40148,1.40004,1.40012,3815
2025-10-22 08:00:00,1.40011,1.40114,1.39935,1.40076,8620
2025-10-22 12:00:00,1.40077,1.4032200000000001,1.40072,1.4022999999999999,9946
2025-10-22 16:00:00,1.40231,1.40269,1.39757,1.39789,13451
2025-10-22 20:00:00,1.39788,1.39969,1.39786,1.39969,7230
2025-10-23 00:00:00,1.39909,1.39942,1.39871,1.39901,3091
2025-10-23 04:00:00,1.39899,1.4004699999999999,1.39885,1.39982,4183
2025-10-23 08:00:00,1.39985,1.39995,1.39867,1.39946,6675
2025-10-23 12:00:00,1.39947,1.39995,1.39889,1.39937,6987
2025-10-23 16:00:00,1.39938,1.4003,1.3979599999999999,1.39982,10022
2025-10-23 20:00:00,1.3998300000000001,1.40033,1.39856,1.39908,5483
2025-10-24 00:00:00,1.3988800000000001,1.39913,1.39718,1.39881,2809
2025-10-24 04:00:00,1.3988,1.40283,1.39872,1.40113,4517
2025-10-24 08:00:00,1.40114,1.40217,1.40039,1.4020000000000001,7557
2025-10-24 12:00:00,1.40204,1.40323,1.39973,1.40197,8945
2025-10-24 16:00:00,1.4019599999999999,1.40389,1.40057,1.40073,12537
2025-10-24 20:00:00,1.4007399999999999,1.40109,1.39919,1.40006,5330
2025-10-27 00:00:00,1.40031,1.40088,1.39851,1.3985400000000001,4912
2025-10-27 04:00:00,1.39855,1.39927,1.39782,1.399,4602
2025-10-27 08:00:00,1.39901,1.3991799999999999,1.39728,1.39778,7643
2025-10-27 12:00:00,1.39775,1.39853,1.3970099999999999,1.39819,7968
2025-10-27 16:00:00,1.39818,1.40083,1.39788,1.39964,9668
2025-10-27 20:00:00,1.39961,1.4001299999999999,1.39856,1.39878,4885
2025-10-28 00:00:00,1.3988399999999999,1.39941,1.39825,1.39853,3149
2025-10-28 04:00:00,1.3985400000000001,1.39929,1.39818,1.39828,5274
2025-10-28 08:00:00,1.3982700000000001,1.40042,1.39824,1.4003700000000001,7031
2025-10-28 12:00:00,1.40035,1.40054,1.3992,1.40004,7989
2025-10-28 16:00:00,1.39999,1.40023,1.39353,1.39416,12053
2025-10-28 20:00:00,1.39415,1.3948800000000001,1.39331,1.39433,5276
2025-10-29 00:00:00,1.39435,1.39473,1.39333,1.39388,4194
2025-10-29 04:00:00,1.39387,1.39432,1.39318,1.39423,4719
2025-10-29 08:00:00,1.39424,1.39462,1.39238,1.3946100000000001,6535
2025-10-29 12:00:00,1.3946,1.39496,1.393,1.39307,7397
2025-10-29 16:00:00,1.39306,1.39316,1.38879,1.3897599999999999,11424
2025-10-29 20:00:00,1.38981,1.39548,1.38924,1.39474,14867
2025-10-30 00:00:00,1.39406,1.3946,1.39348,1.39364,3366
2025-10-30 04:00:00,1.39363,1.39432,1.39268,1.39284,7357
2025-10-30 08:00:00,1.3929,1.39506,1.39282,1.39452,8671
2025-10-30 12:00:00,1.3945400000000001,1.4001299999999999,1.3943699999999999,1.40011,9547
2025-10-30 16:00:00,1.40019,1.40143,1.39774,1.39828,14511
2025-10-30 20:00:00,1.3982700000000001,1.39903,1.39775,1.39846,7718
2025-10-31 00:00:00,1.39832,1.39863,1.39799,1.39811,3064
2025-10-31 04:00:00,1.39812,1.39907,1.39789,1.39866,4892
2025-10-31 08:00:00,1.39865,1.40111,1.39865,1.40021,6202
2025-10-31 12:00:00,1.40022,1.40343,1.40022,1.40283,8120
2025-10-31 16:00:00,1.40287,1.40353,1.40012,1.40186,13683
2025-10-31 20:00:00,1.40185,1.40266,1.40061,1.4009,8215
2025-11-03 00:00:00,1.39984,1.40235,1.39984,1.40208,4571
2025-11-03 04:00:00,1.40207,1.40214,1.40083,1.40103,3679
2025-11-03 08:00:00,1.40104,1.40404,1.40086,1.40392,6289
2025-11-03 12:00:00,1.40392,1.40628,1.40348,1.40613,6827
2025-11-03 16:00:00,1.40614,1.40759,1.40466,1.40516,11154
2025-11-03 20:00:00,1.40515,1.40602,1.40485,1.40565,6014
2025-11-04 00:00:00,1.40543,1.40701,1.40522,1.40659,3623
2025-11-04 04:00:00,1.40658,1.40703,1.40606,1.4068,5329
2025-11-04 08:00:00,1.40679,1.40738,1.40539,1.40713,7921
2025-11-04 12:00:00,1.40714,1.40832,1.40669,1.4080300000000001,7088
2025-11-04 16:00:00,1.40805,1.4097,1.40778,1.40926,11151
2025-11-04 20:00:00,1.40929,1.41067,1.40911,1.41036,7702
2025-11-05 00:00:00,1.4099300000000001,1.41192,1.40956,1.4114,5589
2025-11-05 04:00:00,1.41138,1.4118,1.41077,1.41104,5676
2025-11-05 08:00:00,1.41105,1.4126699999999999,1.41076,1.4126400000000001,6294
2025-11-05 12:00:00,1.41263,1.41387,1.41254,1.41337,8343
2025-11-05 16:00:00,1.41338,1.41404,1.41052,1.4116900000000001,12861
2025-11-05 20:00:00,1.4117,1.4119,1.4104999999999999,1.41072,6429
2025-11-06 00:00:00,1.41062,1.4109,1.40998,1.41039,5170
2025-11-06 04:00:00,1.4104,1.4104999999999999,1.40997,1.41026,5270
2025-11-06 08:00:00,1.41033,1.4104700000000001,1.40899,1.4099,7420
2025-11-06 12:00:00,1.40992,1.41002,1.40902,1.40976,9256
2025-11-06 16:00:00,1.40975,1.41399,1.40963,1.41174,14965
2025-11-06 20:00:00,1.41174,1.41248,1.41049,1.4116,7540
2025-11-07 00:00:00,1.4111,1.4126,1.41106,1.41239,5595
2025-11-07 04:00:00,1.41235,1.41261,1.41195,1.41238,3568
2025-11-07 08:00:00,1.41239,1.4123999999999999,1.41134,1.41168,5000
2025-11-07 12:00:00,1.4116900000000001,1.4119,1.40553,1.40653,8568
2025-11-07 16:00:00,1.40652,1.40851,1.4052,1.4055,13479
2025-11-07 20:00:00,1.40551,1.40582,1.4027,1.40446,7573
2025-11-10 00:00:00,1.40495,1.40503,1.40262,1.40302,7775
2025-11-10 04:00:00,1.40304,1.4035,1.4020000000000001,1.40255,9168
2025-11-10 08:00:00,1.40256,1.40328,1.40008,1.40115,8736
2025-11-10 12:00:00,1.40114,1.40218,1.40009,1.40115,7933
2025-11-10 16:00:00,1.40116,1.40362,1.40115,1.40168,13141
2025-11-10 20:00:00,1.4016600000000001,1.40201,1.4013,1.40195,7392
2025-11-11 00:00:00,1.40172,1.40334,1.40137,1.4031,4254
2025-11-11 04:00:00,1.40307,1.4038300000000001,1.4028399999999999,1.40347,4129
2025-11-11 08:00:00,1.4034900000000001,1.4041000000000001,1.40258,1.40337,6875
2025-11-11 12:00:00,1.40336,1.40364,1.4003999999999999,1.40061,8656
2025-11-11 16:00:00,1.4006,1.4016199999999999,1.40021,1.40022,11764
2025-11-11 20:00:00,1.40023,1.40155,1.40018,1.40155,6680
2025-11-12 00:00:00,1.40133,1.40206,1.40086,1.40182,4307
2025-11-12 04:00:00,1.40184,1.4020000000000001,1.40086,1.40104,5199
2025-11-12 08:00:00,1.40104,1.40194,1.40028,1.40185,8274
2025-11-12 12:00:00,1.40184,1.40215,1.40065,1.40161,9048
2025-11-12 16:00:00,1.40158,1.40216,1.39931,1.39969,13286
2025-11-12 20:00:00,1.3997,1.4009,1.39898,1.40072,7637
2025-11-13 00:00:00,1.4003,1.40163,1.40023,1.4009,5122
2025-11-13 04:00:00,1.40089,1.40119,1.40028,1.4010799999999999,4051
2025-11-13 08:00:00,1.4011,1.40131,1.39852,1.39912,8326
2025-11-13 12:00:00,1.39913,1.40092,1.39899,1.40079,8633
2025-11-13 16:00:00,1.40077,1.40258,1.39973,1.40231,14543
2025-11-13 20:00:00,1.40232,1.40378,1.4020299999999999,1.40353,10071
2025-11-14 00:00:00,1.40298,1.40443,1.40195,1.40224,5386
2025-11-14 04:00:00,1.40225,1.40302,1.40177,1.40249,5116
2025-11-14 08:00:00,1.4025,1.40452,1.40239,1.4035199999999999,9652
2025-11-14 12:00:00,1.40354,1.40453,1.40141,1.40255,11514
2025-11-14 16:00:00,1.4025699999999999,1.40338,1.40144,1.4025699999999999,14844
2025-11-14 20:00:00,1.40256,1.40328,1.40137,1.40212,9910
2025-11-17 00:00:00,1.40156,1.40323,1.40147,1.40316,5190
2025-11-17 04:00:00,1.40317,1.4039,1.40282,1.403,5355
2025-11-17 08:00:00,1.40296,1.40324,1.40161,1.40279,7970
2025-11-17 12:00:00,1.4028,1.40401,1.4022000000000001,1.40377,9421
2025-11-17 16:00:00,1.4037899999999999,1.40417,1.40237,1.40266,14423
2025-11-17 20:00:00,1.40265,1.40579,1.40256,1.40541,9755
2025-11-18 00:00:00,1.40466,1.40567,1.40405,1.40504,6317
2025-11-18 04:00:00,1.4050500000000001,1.40622,1.4047100000000001,1.40496,7662
2025-11-18 08:00:00,1.40494,1.40557,1.40348,1.40361,9497
2025-11-18 12:00:00,1.40364,1.40389,1.40068,1.40109,9790
2025-11-18 16:00:00,1.4011,1.40211,1.39775,1.39788,16374
2025-11-18 20:00:00,1.39787,1.39898,1.39712,1.39897,9112
2025-11-19 00:00:00,1.39826,1.39984,1.39822,1.3997600000000001,4864
2025-11-19 04:00:00,1.39972,1.40011,1.39928,1.3995,5703
2025-11-19 08:00:00,1.3994900000000001,1.40056,1.39883,1.39995,8024
2025-11-19 12:00:00,1.39996,1.40199,1.39987,1.40167,10063
2025-11-19 16:00:00,1.40168,1.40651,1.40066,1.40561,15877
2025-11-19 20:00:00,1.4056,1.40605,1.40432,1.40481,10299
2025-11-20 00:00:00,1.40462,1.40555,1.40415,1.40547,4045
2025-11-20 04:00:00,1.40548,1.4061,1.40507,1.40598,4818
2025-11-20 08:00:00,1.40599,1.4062700000000001,1.40502,1.40504,7781
2025-11-20 12:00:00,1.4050500000000001,1.40692,1.40398,1.40497,10598
2025-11-20 16:00:00,1.4049800000000001,1.41071,1.40433,1.41013,18935
2025-11-20 20:00:00,1.41018,1.41049,1.40899,1.40974,11558
2025-11-21 00:00:00,1.40894,1.40977,1.40835,1.40888,7702
2025-11-21 04:00:00,1.40879,1.40939,1.40862,1.40918,5768
2025-11-21 08:00:00,1.40917,1.4105699999999999,1.4082,1.40926,9803
2025-11-21 12:00:00,1.4092799999999999,1.41133,1.40814,1.40889,13000
2025-11-21 16:00:00,1.4089,1.41308,1.40879,1.40933,16632
2025-11-21 20:00:00,1.4093200000000001,1.41036,1.40891,1.4098899999999999,10132
2025-11-24 00:00:00,1.40914,1.41045,1.40914,1.40998,5123
2025-11-24 04:00:00,1.40997,1.41007,1.40918,1.40942,4387
2025-11-24 08:00:00,1.40943,1.4114900000000001,1.40913,1.41139,7626
2025-11-24 12:00:00,1.4114,1.41181,1.40971,1.41022,8430
2025-11-24 16:00:00,1.41021,1.41187,1.40983,1.41123,11809
2025-11-24 20:00:00,1.41122,1.41134,1.4102700000000001,1.41049,5539
2025-11-25 00:00:00,1.41062,1.4114499999999999,1.4102299999999999,1.41083,3664
2025-11-25 04:00:00,1.41082,1.41211,1.41058,1.41174,3976
2025-11-25 08:00:00,1.41175,1.41239,1.41132,1.41153,6763
2025-11-25 12:00:00,1.41154,1.41249,1.41021,1.41067,10291
2025-11-25 16:00:00,1.41068,1.41192,1.40906,1.40944,14443
2025-11-25 20:00:00,1.40941,1.41039,1.40895,1.40972,7929
2025-11-26 00:00:00,1.40922,1.4104999999999999,1.40801,1.40853,6635
2025-11-26 04:00:00,1.40855,1.40861,1.40706,1.40737,6876
2025-11-26 08:00:00,1.40739,1.40838,1.40677,1.40823,8015
2025-11-26 12:00:00,1.40822,1.40994,1.40782,1.40961,11994
2025-11-26 16:00:00,1.4096,1.41009,1.40424,1.40445,13465
2025-11-26 20:00:00,1.40443,1.40461,1.40346,1.40414,7493
2025-11-27 00:00:00,1.40426,1.4043999999999999,1.40343,1.40346,4842
2025-11-27 04:00:00,1.40343,1.4037,1.40285,1.4033,4834
2025-11-27 08:00:00,1.4032499999999999,1.4049,1.40298,1.4048,7768
2025-11-27 12:00:00,1.40482,1.40497,1.40393,1.40448,6367
2025-11-27 16:00:00,1.4044699999999999,1.40464,1.40283,1.40299,5214
2025-11-27 20:00:00,1.403,1.40329,1.40276,1.40277,2724
2025-11-28 00:00:00,1.4031,1.4034200000000001,1.40245,1.40337,4740
2025-11-28 04:00:00,1.40338,1.40412,1.4026399999999999,1.40351,24362
2025-11-28 08:00:00,1.4034900000000001,1.4044699999999999,1.40334,1.40394,21764
2025-11-28 12:00:00,1.40395,1.4050799999999999,1.3992,1.3997,20801
2025-11-28 16:00:00,1.39969,1.39989,1.39379,1.39746,12965
2025-11-28 20:00:00,1.39745,1.3982,1.39611,1.39696,10207
2025-12-01 00:00:00,1.39706,1.39802,1.3964400000000001,1.39716,5130
2025-12-01 04:00:00,1.39715,1.39899,1.39713,1.39866,4908
2025-12-01 08:00:00,1.3986399999999999,1.3991500000000001,1.39702,1.3985,7836
2025-12-01 12:00:00,1.39852,1.39872,1.39545,1.39632,6997
2025-12-01 16:00:00,1.39629,1.39852,1.39558,1.39822,10800
2025-12-01 20:00:00,1.39822,1.4001299999999999,1.39817,1.39971,5733
2025-12-02 00:00:00,1.3996,1.4007399999999999,1.39929,1.40011,2383
2025-12-02 04:00:00,1.4001000000000001,1.4003,1.39957,1.39978,2582
2025-12-02 08:00:00,1.3997899999999999,1.4009,1.3992499999999999,1.40069,3913
2025-12-02 12:00:00,1.401,1.40145,1.3997,1.39975,4789
2025-12-02 16:00:00,1.39972,1.39984,1.39754,1.3986,9027
2025-12-02 20:00:00,1.39862,1.3987,1.3967800000000001,1.39747,5266
2025-12-03 00:00:00,1.3967399999999999,1.39753,1.39625,1.39657,3373
2025-12-03 04:00:00,1.39659,1.39744,1.3965,1.39721,2442
2025-12-03 08:00:00,1.39722,1.3973499999999999,1.39547,1.3955199999999999,5985
2025-12-03 12:00:00,1.3955,1.39553,1.39385,1.39458,6244
2025-12-03 16:00:00,1.3945699999999999,1.39693,1.39411,1.39442,11588
2025-12-03 20:00:00,1.39441,1.39545,1.39418,1.3949,5360
2025-12-04 00:00:00,1.39428,1.39628,1.39421,1.39616,3181
2025-12-04 04:00:00,1.39619,1.39685,1.3958,1.39611,4355
2025-12-04 08:00:00,1.39609,1.39711,1.39573,1.39598,6696
2025-12-04 12:00:00,1.39597,1.39771,1.3957899999999999,1.39675,7766
2025-12-04 16:00:00,1.3967399999999999,1.39685,1.39254,1.39456,10467
2025-12-04 20:00:00,1.39455,1.39602,1.39444,1.39567,6972
2025-12-05 00:00:00,1.39538,1.39605,1.39496,1.39509,2094
2025-12-05 04:00:00,1.39508,1.3957600000000001,1.3949,1.39492,2419
2025-12-05 08:00:00,1.39493,1.39509,1.3940299999999999,1.39438,4864
2025-12-05 12:00:00,1.39438,1.39523,1.38849,1.38876,7029
2025-12-05 16:00:00,1.38877,1.38933,1.38335,1.3835,15226
2025-12-05 20:00:00,1.38349,1.38459,1.38208,1.38222,8457
2025-12-08 00:00:00,1.38236,1.38353,1.38212,1.3824,4953
2025-12-08 04:00:00,1.38242,1.38266,1.3819,1.38202,2559
2025-12-08 08:00:00,1.3820000000000001,1.3829099999999999,1.38135,1.3824,7280
2025-12-08 12:00:00,1.38239,1.38273,1.37997,1.38102,8557
2025-12-08 16:00:00,1.38101,1.38527,1.38,1.38416,14653
2025-12-08 20:00:00,1.38415,1.38596,1.38398,1.38564,7949
2025-12-09 00:00:00,1.38527,1.38551,1.38467,1.38489,3781
2025-12-09 04:00:00,1.38487,1.38526,1.3844400000000001,1.38495,4862
2025-12-09 08:00:00,1.38496,1.3857599999999999,1.38387,1.38395,8013
2025-12-09 12:00:00,1.38395,1.38497,1.38378,1.38403,9117
2025-12-09 16:00:00,1.38404,1.3857599999999999,1.38235,1.38551,15093
2025-12-09 20:00:00,1.3854899999999999,1.38608,1.38436,1.38474,6458
2025-12-10 00:00:00,1.38441,1.38548,1.3841999999999999,1.38541,4550
2025-12-10 04:00:00,1.3854199999999999,1.38574,1.3852,1.38532,3852
2025-12-10 08:00:00,1.38531,1.38588,1.38452,1.38555,7286
2025-12-10 12:00:00,1.38556,1.38568,1.38378,1.38445,8606
2025-12-10 16:00:00,1.3844400000000001,1.38719,1.38257,1.38304,12853
2025-12-10 20:00:00,1.38303,1.38408,1.3783699999999999,1.37912,16331
2025-12-11 00:00:00,1.37894,1.37992,1.37847,1.37947,5774
2025-12-11 04:00:00,1.37946,1.38177,1.37921,1.38125,6920
2025-12-11 08:00:00,1.38124,1.38227,1.38067,1.38071,9547
2025-12-11 12:00:00,1.3807,1.3810799999999999,1.3780700000000001,1.37865,10546
2025-12-11 16:00:00,1.37866,1.37877,1.3756599999999999,1.37727,15589
2025-12-11 20:00:00,1.37728,1.37809,1.37668,1.37718,8708
2025-12-12 00:00:00,1.3768799999999999,1.3777,1.37668,1.37734,6253
2025-12-12 04:00:00,1.37735,1.37791,1.37709,1.37721,4055
2025-12-12 08:00:00,1.3772199999999999,1.37751,1.37548,1.37608,7802
2025-12-12 12:00:00,1.37609,1.37697,1.37541,1.37614,8658
2025-12-12 16:00:00,1.37615,1.37946,1.37533,1.37664,16997
2025-12-12 20:00:00,1.37662,1.37745,1.376,1.3768099999999999,9602
2025-12-15 00:00:00,1.37618,1.37734,1.37603,1.37607,5848
2025-12-15 04:00:00,1.37609,1.37704,1.376,1.3765,6634
2025-12-15 08:00:00,1.3765100000000001,1.3768500000000001,1.37577,1.37652,7853
2025-12-15 12:00:00,1.37652,1.37769,1.37476,1.37687,8388
2025-12-15 16:00:00,1.37697,1.3776,1.37547,1.3774899999999999,15964
2025-12-15 20:00:00,1.37748,1.37884,1.37666,1.37689,9337
2025-12-16 00:00:00,1.37666,1.37813,1.3765100000000001,1.3778000000000001,5376
2025-12-16 04:00:00,1.37779,1.37798,1.37649,1.37698,6084
2025-12-16 08:00:00,1.37699,1.3778299999999999,1.37637,1.37754,7989
2025-12-16 12:00:00,1.37755,1.37801,1.37372,1.37534,10585
2025-12-16 16:00:00,1.37535,1.37635,1.37304,1.3746,17201
2025-12-16 20:00:00,1.37459,1.37615,1.37375,1.37512,11137
2025-12-17 00:00:00,1.37534,1.3764,1.3750200000000001,1.37596,5131
2025-12-17 04:00:00,1.37592,1.3778000000000001,1.37592,1.37747,5241
2025-12-17 08:00:00,1.37744,1.37856,1.37713,1.3777,8702
2025-12-17 12:00:00,1.37772,1.3795600000000001,1.37737,1.37771,9530
2025-12-17 16:00:00,1.3777300000000001,1.3798,1.3761999999999999,1.37829,16305
2025-12-17 20:00:00,1.3783,1.37923,1.37756,1.37875,9757
2025-12-18 00:00:00,1.37824,1.3789,1.37782,1.37862,4356
2025-12-18 04:00:00,1.37858,1.37885,1.37767,1.37772,5219
2025-12-18 08:00:00,1.3777300000000001,1.37836,1.3768,1.3782,8710
2025-12-18 12:00:00,1.37823,1.37961,1.37609,1.37766,11925
2025-12-18 16:00:00,1.37767,1.37811,1.3756,1.37723,19280
2025-12-18 20:00:00,1.3772199999999999,1.37836,1.3766,1.37799,10121
2025-12-19 00:00:00,1.3772199999999999,1.37811,1.377,1.37785,4665
2025-12-19 04:00:00,1.37787,1.37892,1.37753,1.37888,5245
2025-12-19 08:00:00,1.37887,1.37969,1.3786,1.37941,8400
2025-12-19 12:00:00,1.37939,1.3801,1.37804,1.37823,9088
2025-12-19 16:00:00,1.37824,1.37878,1.37549,1.37791,12963
2025-12-19 20:00:00,1.37793,1.38057,1.37729,1.38032,7931
2025-12-22 00:00:00,1.37886,1.38021,1.37883,1.37985,8337
2025-12-22 04:00:00,1.37984,1.37987,1.37918,1.3792200000000001,3347
2025-12-22 08:00:00,1.37921,1.3796,1.37695,1.3771499999999999,7281
2025-12-22 12:00:00,1.37716,1.37733,1.37547,1.37551,8434
2025-12-22 16:00:00,1.37548,1.37642,1.37359,1.3738000000000001,12611
2025-12-22 20:00:00,1.37381,1.37539,1.37357,1.37453,7091
2025-12-23 00:00:00,1.37461,1.3751,1.37391,1.3740700000000001,4075
2025-12-23 04:00:00,1.37408,1.37408,1.37332,1.37394,4835
2025-12-23 08:00:00,1.37395,1.3743,1.37048,1.37049,8038
2025-12-23 12:00:00,1.3705,1.3711,1.3688,1.36989,10396
2025-12-23 16:00:00,1.36987,1.37269,1.3696,1.37091,14102
2025-12-23 20:00:00,1.37089,1.37131,1.36856,1.36856,7375
2025-12-24 00:00:00,1.36881,1.3691,1.36772,1.36773,5273
2025-12-24 04:00:00,1.36769,1.36842,1.36745,1.36798,4685
2025-12-24 08:00:00,1.36799,1.36879,1.36725,1.36745,7162
2025-12-24 12:00:00,1.36747,1.3685800000000001,1.3666,1.36751,7751
2025-12-24 16:00:00,1.36752,1.3679999999999999,1.3665,1.3670499999999999,12292
2025-12-24 20:00:00,1.36711,1.3678,1.36674,1.3673,4970
2025-12-26 00:00:00,1.36768,1.36768,1.36683,1.36757,6105
2025-12-26 04:00:00,1.3676,1.36818,1.3669799999999999,1.36755,5777
2025-12-26 08:00:00,1.36753,1.3682400000000001,1.36659,1.3682400000000001,8107
2025-12-26 12:00:00,1.3682699999999999,1.3685,1.36491,1.36542,7001
2025-12-26 16:00:00,1.36543,1.3673199999999999,1.3642400000000001,1.36684,11679
2025-12-26 20:00:00,1.36685,1.36747,1.36665,1.3673199999999999,8901
2025-12-29 00:00:00,1.3657599999999999,1.36735,1.3657599999999999,1.36623,5119
2025-12-29 04:00:00,1.36622,1.3673899999999999,1.36573,1.36738,4355
2025-12-29 08:00:00,1.36737,1.36968,1.3671,1.36875,9839
2025-12-29 12:00:00,1.36876,1.37011,1.36801,1.36874,10586
2025-12-29 16:00:00,1.36875,1.36981,1.3663,1.36904,16446
2025-12-29 20:00:00,1.36905,1.36982,1.36823,1.36893,7387
2025-12-30 00:00:00,1.36882,1.36952,1.36843,1.36845,3759
2025-12-30 04:00:00,1.36844,1.36905,1.36828,1.36862,3805
2025-12-30 08:00:00,1.3686099999999999,1.36916,1.36787,1.36845,7286
2025-12-30 12:00:00,1.36846,1.37081,1.36823,1.3703699999999999,8903
2025-12-30 16:00:00,1.37036,1.37089,1.36795,1.3686099999999999,12877
2025-12-30 20:00:00,1.36859,1.36993,1.36829,1.36968,6547
2025-12-31 00:00:00,1.36935,1.36989,1.3691900000000001,1.36959,3629
2025-12-31 04:00:00,1.3696,1.37042,1.36954,1.37012,4295
2025-12-31 08:00:00,1.37013,1.371,1.36993,1.3703,7131
2025-12-31 12:00:00,1.37031,1.37125,1.36882,1.36977,9298
2025-12-31 16:00:00,1.36978,1.37267,1.3692199999999999,1.37206,15887
2025-12-31 20:00:00,1.37207,1.37279,1.37145,1.37208,7419
2026-01-02 00:00:00,1.37211,1.37225,1.37067,1.37081,2963
2026-01-02 04:00:00,1.37077,1.37175,1.37043,1.3716300000000001,4160
2026-01-02 08:00:00,1.3716300000000001,1.3721999999999999,1.37002,1.37211,8274
2026-01-02 12:00:00,1.37208,1.37413,1.37174,1.37397,7996
2026-01-02 16:00:00,1.37398,1.37472,1.37208,1.37401,15374
2026-01-02 20:00:00,1.37402,1.37477,1.37268,1.37298,8127
2026-01-05 00:00:00,1.37336,1.37485,1.37313,1.37469,7445
2026-01-05 04:00:00,1.3746800000000001,1.3777599999999999,1.37459,1.3768500000000001,7804
2026-01-05 08:00:00,1.37684,1.37886,1.37644,1.37778,9601
2026-01-05 12:00:00,1.37779,1.38153,1.37621,1.37987,11783
2026-01-05 16:00:00,1.37988,1.37998,1.37451,1.37613,18578
2026-01-05 20:00:00,1.37611,1.37725,1.3755,1.37701,8783
2026-01-06 00:00:00,1.37676,1.37762,1.37641,1.37642,4817
2026-01-06 04:00:00,1.37641,1.377,1.37601,1.37638,5097
2026-01-06 08:00:00,1.37637,1.377,1.37514,1.3768099999999999,9681
2026-01-06 12:00:00,1.3768099999999999,1.37853,1.37602,1.37714,9914
2026-01-06 16:00:00,1.3771499999999999,1.37967,1.3756599999999999,1.379,16114
2026-01-06 20:00:00,1.3790200000000001,1.38153,1.37885,1.3814899999999999,7273
2026-01-07 00:00:00,1.38103,1.38253,1.38074,1.38199,5511
2026-01-07 04:00:00,1.3820000000000001,1.3820299999999999,1.38101,1.38133,5744
2026-01-07 08:00:00,1.38131,1.38269,1.3811499999999999,1.38135,7181
2026-01-07 12:00:00,1.38136,1.3814199999999999,1.37944,1.37957,8521
2026-01-07 16:00:00,1.37958,1.3832499999999999,1.3790200000000001,1.38311,14846
2026-01-07 20:00:00,1.3831,1.38616,1.38297,1.38598,8315
2026-01-08 00:00:00,1.38555,1.3866,1.38531,1.3863400000000001,3984
2026-01-08 04:00:00,1.38633,1.387,1.38582,1.38672,5390
2026-01-08 08:00:00,1.3867099999999999,1.3888099999999999,1.38669,1.38787,9102
2026-01-08 12:00:00,1.3878599999999999,1.38819,1.38535,1.38633,9345
2026-01-08 16:00:00,1.3863400000000001,1.38754,1.38506,1.3868800000000001,15314
2026-01-08 20:00:00,1.38689,1.38767,1.3854600000000001,1.38614,8793
2026-01-09 00:00:00,1.38613,1.38726,1.38606,1.3872200000000001,3858
2026-01-09 04:00:00,1.38721,1.38762,1.38678,1.38703,4754
2026-01-09 08:00:00,1.38702,1.3879299999999999,1.38647,1.38743,7259
2026-01-09 12:00:00,1.38738,1.38882,1.3867099999999999,1.38778,10444
2026-01-09 16:00:00,1.38777,1.3906100000000001,1.38742,1.39014,18403
2026-01-09 20:00:00,1.39014,1.39194,1.39008,1.39174,7624
2026-01-12 00:00:00,1.39075,1.39172,1.38832,1.38937,7728
2026-01-12 04:00:00,1.3893900000000001,1.38987,1.38873,1.3890500000000001,6137
2026-01-12 08:00:00,1.3890799999999999,1.38937,1.38672,1.38804,10152
2026-01-12 12:00:00,1.38805,1.3884400000000001,1.38682,1.38706,10427
2026-01-12 16:00:00,1.38709,1.38946,1.38686,1.3872200000000001,13723
2026-01-12 20:00:00,1.38721,1.38797,1.38679,1.38757,7757
2026-01-13 00:00:00,1.3874900000000001,1.38839,1.38713,1.38805,5117
2026-01-13 04:00:00,1.38804,1.38808,1.38672,1.38716,5840
2026-01-13 08:00:00,1.38717,1.3887800000000001,1.38692,1.38758,8071
2026-01-13 12:00:00,1.38757,1.38843,1.3854199999999999,1.38709,10234
2026-01-13 16:00:00,1.3871,1.38981,1.38629,1.38945,16351
2026-01-13 20:00:00,1.38946,1.38971,1.38802,1.38867,8837
2026-01-14 00:00:00,1.38866,1.38974,1.38818,1.38954,4054
2026-01-14 04:00:00,1.38953,1.38979,1.38828,1.38868,5162
2026-01-14 08:00:00,1.38867,1.38967,1.388,1.38916,8444
2026-01-14 12:00:00,1.38917,1.3893900000000001,1.38705,1.38787,8726
2026-01-14 16:00:00,1.3878599999999999,1.3884699999999999,1.3866100000000001,1.38781,13898
2026-01-14 20:00:00,1.38784,1.38862,1.38711,1.38834,9563
2026-01-15 00:00:00,1.38757,1.38928,1.38753,1.38893,4725
2026-01-15 04:00:00,1.38894,1.3902700000000001,1.38884,1.39001,4316
2026-01-15 08:00:00,1.39002,1.39077,1.38964,1.39048,6501
2026-01-15 12:00:00,1.3905,1.39135,1.38963,1.3911,7637
2026-01-15 16:00:00,1.39111,1.39196,1.38898,1.3897,12267
2026-01-15 20:00:00,1.3896899999999999,1.38993,1.38848,1.38919,7484
2026-01-16 00:00:00,1.38876,1.3898,1.38841,1.38954,5019
2026-01-16 04:00:00,1.38955,1.3897,1.38845,1.3891499999999999,4921
2026-01-16 08:00:00,1.38914,1.38975,1.38882,1.38951,7066
2026-01-16 12:00:00,1.38952,1.39004,1.3884400000000001,1.38995,8759
2026-01-16 16:00:00,1.38998,1.39283,1.38901,1.3924400000000001,15409
2026-01-16 20:00:00,1.39246,1.39287,1.39136,1.39171,8316
2026-01-19 00:00:00,1.39066,1.39169,1.38903,1.3897,8496
2026-01-19 04:00:00,1.3896899999999999,1.39025,1.38894,1.38927,6736
2026-01-19 08:00:00,1.38929,1.38982,1.38843,1.38864,9064
2026-01-19 12:00:00,1.38865,1.38933,1.3878,1.38836,7155
2026-01-19 16:00:00,1.38838,1.38845,1.38597,1.38665,7862
2026-01-19 20:00:00,1.38666,1.38735,1.38635,1.38679,2781
2026-01-20 00:00:00,1.38613,1.38789,1.38613,1.38685,4569
2026-01-20 04:00:00,1.38684,1.38733,1.3844699999999999,1.38526,4997
2026-01-20 08:00:00,1.38527,1.38652,1.3824,1.38276,11899
2026-01-20 12:00:00,1.38276,1.38381,1.38144,1.3828,12596
2026-01-20 16:00:00,1.38292,1.38409,1.38181,1.38312,16766
2026-01-20 20:00:00,1.38313,1.38427,1.38251,1.3835,8774
2026-01-21 00:00:00,1.38315,1.38405,1.38236,1.38265,5032
2026-01-21 04:00:00,1.3826399999999999,1.38404,1.38257,1.38367,4673
2026-01-21 08:00:00,1.38367,1.38428,1.38282,1.38407,8190
2026-01-21 12:00:00,1.38407,1.3841999999999999,1.3791,1.37939,10143
2026-01-21 16:00:00,1.37938,1.38287,1.37855,1.3816,19875
2026-01-21 20:00:00,1.38161,1.38399,1.38159,1.38314,12638
2026-01-22 00:00:00,1.38323,1.3844699999999999,1.3826100000000001,1.38267,5797
2026-01-22 04:00:00,1.38266,1.38312,1.38165,1.3820999999999999,6110
2026-01-22 08:00:00,1.38208,1.38304,1.3814899999999999,1.38254,9342
2026-01-22 12:00:00,1.38255,1.3833199999999999,1.38036,1.3808099999999999,10091
2026-01-22 16:00:00,1.38082,1.38208,1.37845,1.37855,14260
2026-01-22 20:00:00,1.37857,1.37931,1.37828,1.37877,7425
2026-01-23 00:00:00,1.3783400000000001,1.37927,1.37817,1.37878,5313
2026-01-23 04:00:00,1.37879,1.37962,1.37835,1.37889,4590
2026-01-23 08:00:00,1.37891,1.37996,1.37838,1.37923,9902
2026-01-23 12:00:00,1.37924,1.37957,1.37589,1.3765800000000001,8715
2026-01-23 16:00:00,1.3766,1.37701,1.37038,1.37135,15060
2026-01-23 20:00:00,1.37134,1.37257,1.36935,1.3702,12114
2026-01-26 00:00:00,1.36942,1.37093,1.36779,1.36842,12003
2026-01-26 04:00:00,1.36843,1.36897,1.36751,1.36807,7857
2026-01-26 08:00:00,1.36808,1.36965,1.36744,1.36765,12410
2026-01-26 12:00:00,1.36762,1.37128,1.36714,1.37033,10101
2026-01-26 16:00:00,1.37032,1.37117,1.36755,1.37032,16100
2026-01-26 20:00:00,1.37033,1.37199,1.36995,1.3709799999999999,10793
2026-01-27 00:00:00,1.37072,1.37203,1.37033,1.37182,4922
2026-01-27 04:00:00,1.37184,1.37392,1.37084,1.3735,6151
2026-01-27 08:00:00,1.37348,1.37391,1.37061,1.37077,8765
2026-01-27 12:00:00,1.3707799999999999,1.37142,1.36575,1.36711,12128
2026-01-27 16:00:00,1.36712,1.36731,1.3591199999999999,1.35981,19511
2026-01-27 20:00:00,1.3598,1.36232,1.35587,1.35732,14974
2026-01-28 00:00:00,1.35779,1.36132,1.3566,1.3612199999999999,12444
2026-01-28 04:00:00,1.36121,1.36147,1.3584100000000001,1.35849,9210
2026-01-28 08:00:00,1.3584399999999999,1.35864,1.3560699999999999,1.35644,15013
2026-01-28 12:00:00,1.35643,1.35775,1.3551,1.35579,12907
2026-01-28 16:00:00,1.35578,1.35914,1.35354,1.35734,21942
2026-01-28 20:00:00,1.35735,1.36078,1.3546,1.35555,16983
2026-01-29 00:00:00,1.35557,1.35701,1.35308,1.35515,10810
2026-01-29 04:00:00,1.35516,1.35581,1.35161,1.3526099999999999,9740
2026-01-29 08:00:00,1.35262,1.35406,1.35093,1.35351,13971
2026-01-29 12:00:00,1.35351,1.3562400000000001,1.35068,1.3519999999999999,13714
2026-01-29 16:00:00,1.35192,1.35778,1.34918,1.35149,33657
2026-01-29 20:00:00,1.3515,1.35214,1.34845,1.34898,16412
2026-01-30 00:00:00,1.34894,1.3529,1.34814,1.35285,10660
2026-01-30 04:00:00,1.35286,1.35455,1.35096,1.35172,14128
2026-01-30 08:00:00,1.3517299999999999,1.35532,1.35072,1.3545099999999999,17704
2026-01-30 12:00:00,1.35454,1.35556,1.34931,1.35462,19038
2026-01-30 16:00:00,1.35456,1.35888,1.35115,1.3583,29327
2026-01-30 20:00:00,1.35831,1.36227,1.35713,1.36189,23006
2026-02-02 00:00:00,1.3603399999999999,1.36578,1.3603399999999999,1.36256,17689
2026-02-02 04:00:00,1.3625099999999999,1.3672,1.36196,1.3662,15414
2026-02-02 08:00:00,1.36621,1.36748,1.36269,1.36315,18833
2026-02-02 12:00:00,1.36316,1.36665,1.3624800000000001,1.36631,17425
2026-02-02 16:00:00,1.3663699999999999,1.36933,1.3637299999999999,1.3685,25599
2026-02-02 20:00:00,1.3685100000000001,1.37024,1.36672,1.3679999999999999,13908
2026-02-03 00:00:00,1.36743,1.36836,1.36588,1.3660999999999999,5923
2026-02-03 04:00:00,1.36611,1.36803,1.3654899999999999,1.36648,11060
2026-02-03 08:00:00,1.36646,1.36853,1.36513,1.36841,15679
2026-02-03 12:00:00,1.36837,1.36859,1.36465,1.3666,13247
2026-02-03 16:00:00,1.36658,1.36805,1.36362,1.36491,22402
2026-02-03 20:00:00,1.3649200000000001,1.36588,1.36323,1.36403,15131
2026-02-04 00:00:00,1.36343,1.36455,1.3633199999999999,1.36377,5731
2026-02-04 04:00:00,1.36376,1.36507,1.36324,1.36347,6992
2026-02-04 08:00:00,1.36346,1.3649200000000001,1.36285,1.3647,11442
2026-02-04 12:00:00,1.36471,1.36741,1.36442,1.36491,12494
2026-02-04 16:00:00,1.3648799999999999,1.36832,1.36483,1.36723,26026
2026-02-04 20:00:00,1.36723,1.36839,1.36573,1.36622,13897
2026-02-05 00:00:00,1.36624,1.36717,1.36574,1.36676,6329
2026-02-05 04:00:00,1.3667500000000001,1.36929,1.36663,1.36844,12894
2026-02-05 08:00:00,1.36843,1.36997,1.36767,1.36994,12617
2026-02-05 12:00:00,1.36995,1.36998,1.36622,1.3667799999999999,15788
2026-02-05 16:00:00,1.36679,1.36939,1.3652,1.36738,26384
2026-02-05 20:00:00,1.3673899999999999,1.37099,1.36695,1.37094,12675
2026-02-06 00:00:00,1.3695599999999999,1.37245,1.36952,1.3704100000000001,9075
2026-02-06 04:00:00,1.37042,1.37051,1.36884,1.36905,8434
2026-02-06 08:00:00,1.36904,1.36947,1.36779,1.3683,10768
2026-02-06 12:00:00,1.3683100000000001,1.36907,1.36466,1.36566,9829
2026-02-06 16:00:00,1.36567,1.36577,1.36243,1.36444,15886
2026-02-06 20:00:00,1.36444,1.366,1.36398,1.36584,8234
2026-02-09 00:00:00,1.36663,1.36735,1.36507,1.36602,8649
2026-02-09 04:00:00,1.36601,1.36674,1.36524,1.3655,6267
2026-02-09 08:00:00,1.3654899999999999,1.3657599999999999,1.36333,1.36441,11518
2026-02-09 12:00:00,1.36442,1.3655599999999999,1.36023,1.36033,12506
2026-02-09 16:00:00,1.36032,1.3608,1.35674,1.35704,14686
2026-02-09 20:00:00,1.35704,1.3575,1.35525,1.3556599999999999,8813
2026-02-10 00:00:00,1.35606,1.35681,1.35557,1.35585,5362
2026-02-10 04:00:00,1.35587,1.35589,1.35481,1.35567,5315
2026-02-10 08:00:00,1.35568,1.3568500000000001,1.3553899999999999,1.3564,7623
2026-02-10 12:00:00,1.35641,1.35764,1.3548499999999999,1.35489,8401
2026-02-10 16:00:00,1.35486,1.35541,1.3523100000000001,1.35426,16406
2026-02-10 20:00:00,1.35428,1.35579,1.3541400000000001,1.35498,7872
2026-02-11 00:00:00,1.3542399999999999,1.35552,1.35396,1.35398,5555
2026-02-11 04:00:00,1.35397,1.35398,1.35171,1.3521,5437
2026-02-11 08:00:00,1.3520699999999999,1.35315,1.35089,1.35114,8101
2026-02-11 12:00:00,1.35115,1.36072,1.35041,1.35835,14735
2026-02-11 16:00:00,1.35836,1.36188,1.35516,1.35552,23524
2026-02-11 20:00:00,1.35553,1.35839,1.35504,1.35744,9374
2026-02-12 00:00:00,1.35653,1.3584800000000001,1.3559999999999999,1.35689,5559
2026-02-12 04:00:00,1.3568799999999999,1.35859,1.35648,1.358,6341
2026-02-12 08:00:00,1.35801,1.35964,1.3563,1.35639,10058
2026-02-12 12:00:00,1.35639,1.35823,1.35553,1.3566799999999999,9259
2026-02-12 16:00:00,1.35667,1.36357,1.35592,1.36257,23701
2026-02-12 20:00:00,1.36255,1.36344,1.36057,1.36078,13402
2026-02-13 00:00:00,1.36127,1.3617,1.36057,1.36141,5620
2026-02-13 04:00:00,1.36142,1.3627099999999999,1.36105,1.36254,6046
2026-02-13 08:00:00,1.36255,1.36375,1.3597299999999999,1.36046,10088
2026-02-13 12:00:00,1.36045,1.36355,1.36002,1.36019,13305
2026-02-13 16:00:00,1.3602699999999999,1.36362,1.35933,1.36042,21761
2026-02-13 20:00:00,1.36035,1.36256,1.35986,1.36166,10073
2026-02-16 00:00:00,1.36026,1.36254,1.3601,1.36145,5987
2026-02-16 04:00:00,1.36147,1.36192,1.36102,1.36166,4135
2026-02-16 08:00:00,1.36168,1.36198,1.3603399999999999,1.36182,7211
2026-02-16 12:00:00,1.3618299999999999,1.36331,1.3609499999999999,1.36266,6174
2026-02-16 16:00:00,1.36265,1.36386,1.36188,1.36383,5603
2026-02-16 20:00:00,1.36384,1.36386,1.3633600000000001,1.36377,1695
2026-02-17 00:00:00,1.3632,1.3644,1.3628,1.3642400000000001,4227
2026-02-17 04:00:00,1.36428,1.36476,1.36367,1.36407,5293
2026-02-17 08:00:00,1.36407,1.36531,1.3638,1.36438,8689
2026-02-17 12:00:00,1.36439,1.36712,1.36367,1.36711,10233
2026-02-17 16:00:00,1.3671,1.36928,1.36459,1.36484,21710
2026-02-17 20:00:00,1.3648500000000001,1.36506,1.3632900000000001,1.36371,8729
2026-02-18 00:00:00,1.3633899999999999,1.36479,1.36319,1.36456,4263
2026-02-18 04:00:00,1.36455,1.3654600000000001,1.36441,1.36523,3749
2026-02-18 08:00:00,1.36524,1.36682,1.36493,1.36555,7023
2026-02-18 12:00:00,1.3655599999999999,1.36686,1.3637000000000001,1.36681,8710
2026-02-18 16:00:00,1.36682,1.36876,1.36593,1.3679700000000001,15635
2026-02-18 20:00:00,1.3679700000000001,1.37001,1.36776,1.36964,10627
2026-02-19 00:00:00,1.36928,1.37011,1.36891,1.36895,3486
2026-02-19 04:00:00,1.36895,1.3704399999999999,1.36867,1.3701699999999999,3397
2026-02-19 08:00:00,1.37018,1.37023,1.36713,1.3673600000000001,7628
2026-02-19 12:00:00,1.3673600000000001,1.37065,1.36676,1.36857,11339
2026-02-19 16:00:00,1.36857,1.37146,1.36756,1.3696,20654
2026-02-19 20:00:00,1.3696,1.37073,1.3679700000000001,1.36798,9299
2026-02-20 00:00:00,1.3679700000000001,1.37021,1.36777,1.36977,5263
2026-02-20 04:00:00,1.3697599999999999,1.37027,1.3684,1.3685800000000001,5953
2026-02-20 08:00:00,1.36859,1.37027,1.3681,1.36895,9685
2026-02-20 12:00:00,1.36894,1.36984,1.36808,1.3689,11501
2026-02-20 16:00:00,1.36891,1.3711,1.36696,1.3686099999999999,27434
2026-02-20 20:00:00,1.36862,1.36932,1.36691,1.3679299999999999,14250
2026-02-23 00:00:00,1.36642,1.3679000000000001,1.36483,1.36643,9518
2026-02-23 04:00:00,1.36646,1.36743,1.36602,1.36691,7283
2026-02-23 08:00:00,1.3669,1.3673600000000001,1.36619,1.36704,9252
2026-02-23 12:00:00,1.3670499999999999,1.37001,1.36704,1.36781,11354
2026-02-23 16:00:00,1.36779,1.36965,1.36674,1.36899,21333
2026-02-23 20:00:00,1.369,1.37038,1.36874,1.36985,8370
2026-02-24 00:00:00,1.36872,1.37175,1.36872,1.37062,5600
2026-02-24 04:00:00,1.37063,1.37096,1.36961,1.36987,5214
2026-02-24 08:00:00,1.36988,1.3708,1.3696,1.36979,9623
2026-02-24 12:00:00,1.3698000000000001,1.37174,1.3696,1.37143,9216
2026-02-24 16:00:00,1.37142,1.37249,1.37006,1.37051,15168
2026-02-24 20:00:00,1.37053,1.37067,1.36944,1.36995,7187
2026-02-25 00:00:00,1.36971,1.37057,1.36929,1.36992,4693
2026-02-25 04:00:00,1.36994,1.36995,1.3675899999999999,1.36771,7614
2026-02-25 08:00:00,1.36774,1.36971,1.3674,1.3692,9038
2026-02-25 12:00:00,1.3691900000000001,1.37065,1.36847,1.37005,8718
2026-02-25 16:00:00,1.37004,1.37046,1.36746,1.36836,14753
2026-02-25 20:00:00,1.36837,1.3685800000000001,1.36734,1.36744,6893
2026-02-26 00:00:00,1.36774,1.36774,1.3661400000000001,1.36621,4715
2026-02-26 04:00:00,1.36621,1.36754,1.36591,1.36653,5306
2026-02-26 08:00:00,1.36651,1.36788,1.36595,1.36776,9037
2026-02-26 12:00:00,1.36777,1.36913,1.36722,1.36871,8549
2026-02-26 16:00:00,1.36877,1.37123,1.3679299999999999,1.36991,19045
2026-02-26 20:00:00,1.36992,1.37026,1.36779,1.36814,8082
2026-02-27 00:00:00,1.36761,1.36825,1.3673199999999999,1.36798,5573
2026-02-27 04:00:00,1.36796,1.36796,1.36628,1.36638,5039
2026-02-27 08:00:00,1.3663699999999999,1.36775,1.3662,1.36691,8162
2026-02-27 12:00:00,1.36689,1.36847,1.36616,1.36745,11419
2026-02-27 16:00:00,1.36743,1.36751,1.36249,1.36301,20161
2026-02-27 20:00:00,1.3630200000000001,1.36516,1.36257,1.36478,9498
2026-03-02 00:00:00,1.3644,1.36735,1.36304,1.36463,15542
2026-03-02 04:00:00,1.36465,1.36593,1.36408,1.36591,10296
2026-03-02 08:00:00,1.36591,1.36867,1.36419,1.36526,18154
2026-03-02 12:00:00,1.36526,1.36852,1.36405,1.36839,15152
2026-03-02 16:00:00,1.3684,1.37186,1.36654,1.3702,23081
2026-03-02 20:00:00,1.37021,1.37115,1.36599,1.36785,13416
2026-03-03 00:00:00,1.36751,1.36774,1.36612,1.36689,7976
2026-03-03 04:00:00,1.3669,1.36799,1.36604,1.3676300000000001,12687
2026-03-03 08:00:00,1.36762,1.37106,1.3667099999999999,1.37002,20005
2026-03-03 12:00:00,1.37001,1.37222,1.36822,1.37081,22768
2026-03-03 16:00:00,1.37079,1.37528,1.36588,1.36764,35251
2026-03-03 20:00:00,1.3676300000000001,1.36852,1.36532,1.36813,17884
2026-03-04 00:00:00,1.36688,1.36998,1.36688,1.36893,12313
2026-03-04 04:00:00,1.36896,1.36948,1.36773,1.36891,15788
2026-03-04 08:00:00,1.36895,1.3695,1.36482,1.36753,17915
2026-03-04 12:00:00,1.36754,1.3679000000000001,1.3644,1.36712,19536
2026-03-04 16:00:00,1.36725,1.36904,1.36514,1.36636,20927
2026-03-04 20:00:00,1.36635,1.3672900000000001,1.36267,1.3642,10074
2026-03-05 00:00:00,1.36396,1.36466,1.36304,1.3645100000000001,7699
2026-03-05 04:00:00,1.36452,1.36639,1.36402,1.36635,11604
2026-03-05 08:00:00,1.36633,1.36706,1.36277,1.36464,20881
2026-03-05 12:00:00,1.36466,1.36507,1.36152,1.36481,14950
2026-03-05 16:00:00,1.3648799999999999,1.37161,1.36348,1.3701400000000001,26619
2026-03-05 20:00:00,1.37015,1.37052,1.36651,1.36743,19766
2026-03-06 00:00:00,1.36738,1.36764,1.36565,1.36574,7482
2026-03-06 04:00:00,1.36575,1.36645,1.36532,1.3664,8300
2026-03-06 08:00:00,1.3664100000000001,1.36726,1.36445,1.36693,13735
2026-03-06 12:00:00,1.36694,1.36718,1.36286,1.36487,18463
2026-03-06 16:00:00,1.3649,1.36744,1.3595,1.35987,31387
2026-03-06 20:00:00,1.35988,1.36011,1.35649,1.35672,17603
2026-03-09 00:00:00,1.3597299999999999,1.3606500000000001,1.35515,1.35989,14226
2026-03-09 04:00:00,1.35988,1.3606099999999999,1.3551199999999999,1.35528,17760
2026-03-09 08:00:00,1.35529,1.35811,1.35447,1.35743,23393
2026-03-09 12:00:00,1.35742,1.35782,1.35254,1.35682,22017
2026-03-09 16:00:00,1.35681,1.3590499999999999,1.35531,1.35703,26312
2026-03-09 20:00:00,1.35702,1.35981,1.35601,1.35893,18749
2026-03-10 00:00:00,1.35803,1.35949,1.3572600000000001,1.35913,9112
2026-03-10 04:00:00,1.35914,1.36015,1.35889,1.35894,10410
2026-03-10 08:00:00,1.35893,1.35925,1.35655,1.35838,12247
2026-03-10 12:00:00,1.35839,1.35854,1.3542,1.35494,15865
2026-03-10 16:00:00,1.35493,1.358,1.35462,1.35706,20093
2026-03-10 20:00:00,1.35706,1.35855,1.3565800000000001,1.3581699999999999,18957
2026-03-11 00:00:00,1.35779,1.3585099999999999,1.35705,1.35791,5281
2026-03-11 04:00:00,1.35792,1.35807,1.35553,1.3559,7400
2026-03-11 08:00:00,1.3559,1.35733,1.35547,1.3564,11768
2026-03-11 12:00:00,1.35641,1.35931,1.35598,1.3592,15589
2026-03-11 16:00:00,1.35922,1.36049,1.35734,1.35835,21672
2026-03-11 20:00:00,1.35834,1.35953,1.35745,1.35921,12359
2026-03-12 00:00:00,1.35885,1.36045,1.35824,1.35872,6949
2026-03-12 04:00:00,1.35873,1.35929,1.3578299999999999,1.3592,9819
2026-03-12 08:00:00,1.35919,1.3594300000000001,1.35765,1.3587500000000001,11340
2026-03-12 12:00:00,1.35877,1.36043,1.35838,1.36007,11366
2026-03-12 16:00:00,1.36006,1.36338,1.35944,1.3628,23930
2026-03-12 20:00:00,1.36281,1.36425,1.36189,1.36338,13831
2026-03-13 00:00:00,1.36355,1.3646,1.36227,1.36261,4654
2026-03-13 04:00:00,1.3626,1.36471,1.3620700000000001,1.36449,7919
2026-03-13 08:00:00,1.36447,1.36718,1.3643,1.36633,10912
2026-03-13 12:00:00,1.3663699999999999,1.37032,1.36548,1.3702,15526
2026-03-13 16:00:00,1.37023,1.37414,1.36806,1.37335,24295
2026-03-13 20:00:00,1.37334,1.37388,1.37184,1.37289,14188
2026-03-16 00:00:00,1.37144,1.37256,1.37063,1.3707,6885
2026-03-16 04:00:00,1.37069,1.37167,1.37046,1.3716599999999999,7135
2026-03-16 08:00:00,1.37167,1.37228,1.36978,1.36985,9627
2026-03-16 12:00:00,1.36984,1.3704399999999999,1.3673600000000001,1.36921,11046
2026-03-16 16:00:00,1.36914,1.36916,1.3653,1.36786,16228
2026-03-16 20:00:00,1.36782,1.36869,1.36688,1.36839,11891
2026-03-17 00:00:00,1.36849,1.36905,1.36775,1.36865,2935
2026-03-17 04:00:00,1.36864,1.36899,1.36801,1.36846,6250
2026-03-17 08:00:00,1.36847,1.37013,1.36832,1.36893,9997
2026-03-17 12:00:00,1.36893,1.37097,1.36864,1.37027,9687
2026-03-17 16:00:00,1.37026,1.37221,1.36803,1.37006,17609
2026-03-17 20:00:00,1.3700700000000001,1.3701400000000001,1.36886,1.36894,7615
2026-03-18 00:00:00,1.36904,1.36964,1.36877,1.36925,5190
2026-03-18 04:00:00,1.36926,1.37015,1.36871,1.37,4958
2026-03-18 08:00:00,1.36999,1.37127,1.36951,1.36965,7503
2026-03-18 12:00:00,1.36966,1.37084,1.3688,1.37082,13325
2026-03-18 16:00:00,1.37081,1.37239,1.36877,1.3698000000000001,19498
2026-03-18 20:00:00,1.3698000000000001,1.37372,1.36918,1.37332,15982
2026-03-19 00:00:00,1.37309,1.37377,1.37187,1.37198,5029
2026-03-19 04:00:00,1.3719700000000001,1.37298,1.3714,1.37276,7365
2026-03-19 08:00:00,1.37277,1.37474,1.37214,1.37445,11830
2026-03-19 12:00:00,1.3744,1.37481,1.3726,1.37263,16171
2026-03-19 16:00:00,1.37264,1.3740299999999999,1.37055,1.37283,28622
2026-03-19 20:00:00,1.3728,1.37446,1.37046,1.3744399999999999,16631
2026-03-20 00:00:00,1.37326,1.37426,1.37294,1.37374,4588
2026-03-20 04:00:00,1.37371,1.3739,1.37249,1.3732,7333
2026-03-20 08:00:00,1.3731900000000001,1.37408,1.3712900000000001,1.3716300000000001,10212
2026-03-20 12:00:00,1.3716300000000001,1.3729,1.36994,1.37142,14919
2026-03-20 16:00:00,1.37142,1.37477,1.3704100000000001,1.37141,23482
2026-03-20 20:00:00,1.3714,1.37286,1.37039,1.37215,18685
2026-03-23 00:00:00,1.37115,1.37324,1.37048,1.37202,9099
2026-03-23 04:00:00,1.3719999999999999,1.37204,1.3700700000000001,1.37161,13260
2026-03-23 08:00:00,1.37161,1.37394,1.37149,1.3734,15717
2026-03-23 12:00:00,1.37339,1.37546,1.36838,1.36974,28732
2026-03-23 16:00:00,1.36971,1.37291,1.367,1.37242,32225
2026-03-23 20:00:00,1.37242,1.37355,1.3713199999999999,1.37291,14320
2026-03-24 00:00:00,1.37214,1.37426,1.37162,1.37422,7257
2026-03-24 04:00:00,1.37423,1.3759299999999999,1.37397,1.37565,12731
2026-03-24 08:00:00,1.3756599999999999,1.37615,1.37255,1.3747500000000001,18948
2026-03-24 12:00:00,1.3747099999999999,1.3756599999999999,1.3728500000000001,1.37438,15992
2026-03-24 16:00:00,1.37439,1.37748,1.37297,1.37725,24700
2026-03-24 20:00:00,1.37727,1.37852,1.37414,1.37644,17877
2026-03-25 00:00:00,1.37609,1.37665,1.37499,1.37561,7334
2026-03-25 04:00:00,1.37565,1.37743,1.37545,1.3773,10527
2026-03-25 08:00:00,1.37729,1.37869,1.3771499999999999,1.37866,11270
2026-03-25 12:00:00,1.37865,1.37998,1.37847,1.37859,11572
2026-03-25 16:00:00,1.37852,1.38096,1.37727,1.38091,18984
2026-03-25 20:00:00,1.38091,1.38195,1.3799299999999999,1.38119,11083
2026-03-26 00:00:00,1.38043,1.38246,1.3802699999999999,1.38228,3542
2026-03-26 04:00:00,1.38227,1.38316,1.38166,1.3820299999999999,6662
2026-03-26 08:00:00,1.38201,1.3838300000000001,1.38174,1.38316,10053
2026-03-26 12:00:00,1.38317,1.38496,1.38245,1.38352,9879
2026-03-26 16:00:00,1.38351,1.3857599999999999,1.38211,1.38431,16733
2026-03-26 20:00:00,1.38433,1.38657,1.38361,1.3862999999999999,11648
2026-03-27 00:00:00,1.38585,1.38616,1.3845,1.38587,5418
2026-03-27 04:00:00,1.38588,1.3860700000000001,1.3845100000000001,1.38517,7249
2026-03-27 08:00:00,1.38518,1.38562,1.38458,1.3851200000000001,8861
2026-03-27 12:00:00,1.38511,1.38704,1.38469,1.38684,10748
2026-03-27 16:00:00,1.38684,1.38839,1.38506,1.38802,16691
2026-03-27 20:00:00,1.38803,1.38953,1.3875899999999999,1.38913,9628
2026-03-30 00:00:00,1.38753,1.39029,1.38753,1.38871,9299
2026-03-30 04:00:00,1.38871,1.38951,1.38859,1.38933,7691
2026-03-30 08:00:00,1.38932,1.39188,1.3886,1.3918300000000001,8638
2026-03-30 12:00:00,1.39182,1.39263,1.39072,1.39256,10185
2026-03-30 16:00:00,1.3925100000000001,1.3945400000000001,1.39148,1.3924,15120
2026-03-30 20:00:00,1.39239,1.3931,1.39169,1.39277,9532
2026-03-31 00:00:00,1.39209,1.39357,1.39165,1.39219,6370
2026-03-31 04:00:00,1.39221,1.39322,1.39164,1.3931,10591
2026-03-31 08:00:00,1.39309,1.39417,1.39257,1.39399,9923
2026-03-31 12:00:00,1.39398,1.39448,1.39309,1.3939599999999999,10350
2026-03-31 16:00:00,1.39397,1.39666,1.39241,1.3934199999999999,19270
2026-03-31 20:00:00,1.39337,1.3939599999999999,1.3905699999999999,1.39138,14412
2026-04-01 00:00:00,1.39092,1.3918300000000001,1.38968,1.38987,3737
2026-04-01 04:00:00,1.38983,1.39121,1.38981,1.39092,7637
2026-04-01 08:00:00,1.3909,1.39114,1.38866,1.38901,13154
2026-04-01 12:00:00,1.38899,1.38988,1.38834,1.38952,12456
2026-04-01 16:00:00,1.38949,1.39047,1.38737,1.38747,16181
2026-04-01 20:00:00,1.38746,1.38957,1.3872,1.38771,10082
2026-04-02 00:00:00,1.3872200000000001,1.38794,1.38706,1.38723,8019
2026-04-02 04:00:00,1.38724,1.3915,1.3869099999999999,1.39115,15174
2026-04-02 08:00:00,1.39113,1.39215,1.3906,1.39206,10842
2026-04-02 12:00:00,1.39205,1.3933200000000001,1.39066,1.3918599999999999,8997
2026-04-02 16:00:00,1.3918300000000001,1.39264,1.39085,1.39137,16283
2026-04-02 20:00:00,1.39139,1.39226,1.39097,1.39191,7220
2026-04-03 00:00:00,1.39176,1.39222,1.39111,1.39207,2070
2026-04-03 04:00:00,1.39208,1.39257,1.39203,1.3925100000000001,2029
2026-04-03 08:00:00,1.3925,1.39266,1.39184,1.39198,2814
2026-04-03 12:00:00,1.39199,1.39425,1.39177,1.39398,4204
2026-04-03 16:00:00,1.39399,1.39492,1.3935,1.39419,7157
2026-04-03 20:00:00,1.3942,1.39482,1.39306,1.39336,10808
2026-04-06 00:00:00,1.39316,1.39478,1.39309,1.39442,5021
2026-04-06 04:00:00,1.39443,1.39476,1.39353,1.3938,5922
2026-04-06 08:00:00,1.39381,1.39423,1.39161,1.39221,6530
2026-04-06 12:00:00,1.3921999999999999,1.39289,1.39093,1.39113,8124
2026-04-06 16:00:00,1.39114,1.39238,1.39022,1.3917,13808
2026-04-06 20:00:00,1.39169,1.39236,1.39097,1.39105,8868
2026-04-07 00:00:00,1.39089,1.39188,1.3902,1.39187,4715
2026-04-07 04:00:00,1.3918599999999999,1.39298,1.39153,1.39175,7816
2026-04-07 08:00:00,1.39175,1.39266,1.39092,1.39105,9645
2026-04-07 12:00:00,1.39106,1.39288,1.3906399999999999,1.39145,9862
2026-04-07 16:00:00,1.39143,1.39252,1.38907,1.39017,14277
2026-04-07 20:00:00,1.39018,1.3905699999999999,1.38867,1.38873,9767
2026-04-08 00:00:00,1.3887800000000001,1.39013,1.38343,1.38493,16547
2026-04-08 04:00:00,1.38492,1.38502,1.3832200000000001,1.38341,11053
2026-04-08 08:00:00,1.38342,1.3866100000000001,1.3823699999999999,1.38659,13179
2026-04-08 12:00:00,1.3866,1.38745,1.38351,1.38413,12049
2026-04-08 16:00:00,1.38413,1.3869099999999999,1.38394,1.38422,16825
2026-04-08 20:00:00,1.38422,1.38608,1.38352,1.38446,11647
2026-04-09 00:00:00,1.38413,1.38555,1.38377,1.38532,4359
2026-04-09 04:00:00,1.38533,1.38592,1.38449,1.38493,6681
2026-04-09 08:00:00,1.38494,1.38604,1.38453,1.38493,8184
2026-04-09 12:00:00,1.38494,1.38572,1.38305,1.38346,7947
2026-04-09 16:00:00,1.38349,1.38349,1.3804400000000001,1.38171,14418
2026-04-09 20:00:00,1.3817,1.38245,1.38092,1.38172,7400
2026-04-10 00:00:00,1.38137,1.38266,1.381,1.38243,3163
2026-04-10 04:00:00,1.38242,1.38274,1.38182,1.3825,4194
2026-04-10 08:00:00,1.38249,1.38439,1.38235,1.38371,5251
2026-04-10 12:00:00,1.3837,1.38414,1.38095,1.38201,8708
2026-04-10 16:00:00,1.38206,1.3838599999999999,1.3799000000000001,1.38338,12583
2026-04-10 20:00:00,1.3834,1.38426,1.38216,1.38401,7016
2026-04-13 00:00:00,1.38582,1.38776,1.38521,1.38626,6352
2026-04-13 04:00:00,1.38625,1.38673,1.38577,1.38593,6901
2026-04-13 08:00:00,1.38592,1.38636,1.3841999999999999,1.3842400000000001,8151
2026-04-13 12:00:00,1.38422,1.38519,1.38345,1.38421,8434
2026-04-13 16:00:00,1.38422,1.38426,1.37969,1.37975,14787
2026-04-13 20:00:00,1.37975,1.37994,1.37859,1.37904,7245
2026-04-14 00:00:00,1.3789,1.37913,1.37845,1.37857,3230
2026-04-14 04:00:00,1.37858,1.37899,1.37815,1.37829,4701
2026-04-14 08:00:00,1.3783,1.37885,1.37614,1.37631,8003
2026-04-14 12:00:00,1.37632,1.37666,1.37369,1.37371,9261
2026-04-14 16:00:00,1.37381,1.37632,1.37308,1.37615,12024
2026-04-14 20:00:00,1.37616,1.37781,1.37567,1.37662,6364
2026-04-15 00:00:00,1.37663,1.37704,1.37594,1.37674,4192
2026-04-15 04:00:00,1.37673,1.3782,1.37647,1.37751,5194
2026-04-15 08:00:00,1.37752,1.37763,1.3761,1.3766,7102
2026-04-15 12:00:00,1.37661,1.37884,1.3765,1.37743,10357
2026-04-15 16:00:00,1.37744,1.3776,1.37334,1.3734,13976
2026-04-15 20:00:00,1.37341,1.3742,1.37265,1.3740299999999999,7709
2026-04-16 00:00:00,1.3732199999999999,1.37394,1.37267,1.37282,3218
2026-04-16 04:00:00,1.37283,1.3734199999999999,1.3713,1.37185,7254
2026-04-16 08:00:00,1.37186,1.37344,1.37142,1.37284,10020
2026-04-16 12:00:00,1.37283,1.37381,1.37202,1.3723,10499
2026-04-16 16:00:00,1.37229,1.37249,1.3701699999999999,1.37028,15723
2026-04-16 20:00:00,1.37027,1.37087,1.36952,1.37031,8370
2026-04-17 00:00:00,1.37023,1.37062,1.36979,1.3700700000000001,2908
2026-04-17 04:00:00,1.37005,1.37036,1.36874,1.36877,4199
2026-04-17 08:00:00,1.36876,1.3688799999999999,1.36699,1.36725,7176
2026-04-17 12:00:00,1.36724,1.36836,1.36602,1.36609,10301
2026-04-17 16:00:00,1.36608,1.36761,1.36494,1.36677,21163
2026-04-17 20:00:00,1.3667799999999999,1.36947,1.36677,1.3686,12880
