time,open,high,low,close,volume
2022-01-25 12:00:00,114.056,114.155,113.874,113.899,9222
2022-01-25 16:00:00,113.898,113.992,113.78,113.842,11078
2022-01-25 20:00:00,113.843,113.943,113.803,113.851,4394
2022-01-26 00:00:00,113.859,113.926,113.777,113.866,3672
2022-01-26 04:00:00,113.866,113.93,113.829,113.895,2602
2022-01-26 08:00:00,113.895,114.18,113.87,114.125,4984
2022-01-26 12:00:00,114.125,114.314,114.099,114.304,6091
2022-01-26 16:00:00,114.304,114.384,114.218,114.349,8373
2022-01-26 20:00:00,114.35,114.693,114.209,114.668,15061
2022-01-27 00:00:00,114.62,114.784,114.546,114.605,7487
2022-01-27 04:00:00,114.605,114.688,114.474,114.667,8260
2022-01-27 08:00:00,114.666,115.06,114.626,115.006,10247
2022-01-27 12:00:00,115.006,115.437,114.998,115.377,10767
2022-01-27 16:00:00,115.375,115.489,115.236,115.38,10050
2022-01-27 20:00:00,115.379,115.379,115.16,115.366,5480
2022-01-28 00:00:00,115.347,115.475,115.263,115.444,4653
2022-01-28 04:00:00,115.45,115.517,115.315,115.431,4210
2022-01-28 08:00:00,115.431,115.684,115.337,115.614,7727
2022-01-28 12:00:00,115.614,115.668,115.252,115.329,9737
2022-01-28 16:00:00,115.326,115.459,115.121,115.238,9895
2022-01-28 20:00:00,115.239,115.331,115.188,115.24,3757
2022-01-31 00:00:00,115.277,115.486,115.221,115.438,5291
2022-01-31 04:00:00,115.438,115.591,115.403,115.424,4463
2022-01-31 08:00:00,115.425,115.528,115.344,115.426,7203
2022-01-31 12:00:00,115.427,115.528,115.241,115.266,7650
2022-01-31 16:00:00,115.269,115.44,115.111,115.127,9313
2022-01-31 20:00:00,115.126,115.144,114.923,115.124,6284
2022-02-01 00:00:00,115.082,115.192,115.018,115.051,3939
2022-02-01 04:00:00,115.05,115.137,114.887,114.996,4839
2022-02-01 08:00:00,114.993,115.069,114.642,114.687,8400
2022-02-01 12:00:00,114.691,114.764,114.566,114.695,7554
2022-02-01 16:00:00,114.696,114.89,114.645,114.68,8156
2022-02-01 20:00:00,114.68,114.777,114.635,114.695,3825
2022-02-02 00:00:00,114.639,114.784,114.625,114.7,2574
2022-02-02 04:00:00,114.7,114.802,114.692,114.755,1985
2022-02-02 08:00:00,114.753,114.763,114.399,114.414,5023
2022-02-02 12:00:00,114.414,114.44,114.157,114.414,6537
2022-02-02 16:00:00,114.414,114.442,114.195,114.325,7581
2022-02-02 20:00:00,114.324,114.464,114.306,114.431,3254
2022-02-03 00:00:00,114.391,114.47,114.336,114.378,4579
2022-02-03 04:00:00,114.377,114.532,114.326,114.523,3519
2022-02-03 08:00:00,114.52,114.779,114.49,114.745,5171
2022-02-03 12:00:00,114.746,114.973,114.738,114.859,9149
2022-02-03 16:00:00,114.854,114.947,114.734,114.848,7628
2022-02-03 20:00:00,114.849,114.985,114.842,114.983,3578
2022-02-04 00:00:00,114.936,115.05,114.816,114.846,4649
2022-02-04 04:00:00,114.847,114.967,114.814,114.927,3594
2022-02-04 08:00:00,114.929,115.15,114.905,114.944,7763
2022-02-04 12:00:00,114.944,115.39,114.773,115.365,7084
2022-02-04 16:00:00,115.357,115.427,115.138,115.252,8684
2022-02-04 20:00:00,115.251,115.262,115.175,115.187,3460
2022-02-07 00:00:00,115.266,115.337,115.137,115.293,6209
2022-02-07 04:00:00,115.293,115.377,115.253,115.346,4403
2022-02-07 08:00:00,115.341,115.353,114.969,115.023,8042
2022-02-07 12:00:00,115.023,115.123,114.913,115.087,7657
2022-02-07 16:00:00,115.087,115.179,114.976,115.163,8630
2022-02-07 20:00:00,115.163,115.164,115.054,115.093,3215
2022-02-08 00:00:00,115.07,115.346,115.053,115.299,4780
2022-02-08 04:00:00,115.298,115.48,115.291,115.46,4845
2022-02-08 08:00:00,115.461,115.545,115.312,115.376,8193
2022-02-08 12:00:00,115.377,115.475,115.233,115.422,7849
2022-02-08 16:00:00,115.423,115.626,115.383,115.589,7506
2022-02-08 20:00:00,115.586,115.602,115.472,115.546,3366
2022-02-09 00:00:00,115.527,115.682,115.4,115.431,5187
2022-02-09 04:00:00,115.428,115.488,115.322,115.475,4081
2022-02-09 08:00:00,115.474,115.54,115.335,115.36,6537
2022-02-09 12:00:00,115.359,115.515,115.357,115.459,6882
2022-02-09 16:00:00,115.458,115.509,115.374,115.443,7444
2022-02-09 20:00:00,115.444,115.562,115.382,115.545,3448
2022-02-10 00:00:00,115.506,115.634,115.482,115.502,4150
2022-02-10 04:00:00,115.502,115.651,115.487,115.615,3885
2022-02-10 08:00:00,115.612,115.876,115.541,115.791,7811
2022-02-10 12:00:00,115.791,116.193,115.744,116.181,7582
2022-02-10 16:00:00,116.178,116.336,115.731,116.025,11329
2022-02-10 20:00:00,116.025,116.119,115.825,115.997,6824
2022-02-11 00:00:00,115.996,116.174,115.957,115.985,3350
2022-02-11 04:00:00,115.986,116.168,115.973,116.085,3008
2022-02-11 08:00:00,116.092,116.109,115.881,116.053,7378
2022-02-11 12:00:00,116.055,116.066,115.823,115.926,7427
2022-02-11 16:00:00,115.925,115.989,115.771,115.885,10428
2022-02-11 20:00:00,115.886,115.924,115.014,115.437,14551
2022-02-14 00:00:00,115.371,115.594,115.284,115.335,6232
2022-02-14 04:00:00,115.34,115.55,115.34,115.433,4293
2022-02-14 08:00:00,115.432,115.45,115.033,115.057,9798
2022-02-14 12:00:00,115.057,115.527,115.01,115.523,9666
2022-02-14 16:00:00,115.521,115.746,115.461,115.626,9343
2022-02-14 20:00:00,115.625,115.664,115.368,115.54,7185
2022-02-15 00:00:00,115.529,115.558,115.306,115.381,3732
2022-02-15 04:00:00,115.38,115.451,115.28,115.328,4368
2022-02-15 08:00:00,115.329,115.645,115.258,115.62,8199
2022-02-15 12:00:00,115.621,115.717,115.479,115.65,7798
2022-02-15 16:00:00,115.648,115.872,115.577,115.645,7666
2022-02-15 20:00:00,115.645,115.668,115.586,115.605,2896
2022-02-16 00:00:00,115.607,115.742,115.571,115.67,2918
2022-02-16 04:00:00,115.67,115.726,115.656,115.701,2598
2022-02-16 08:00:00,115.701,115.788,115.604,115.649,6407
2022-02-16 12:00:00,115.648,115.78,115.454,115.503,6358
2022-02-16 16:00:00,115.504,115.55,115.381,115.45,7871
2022-02-16 20:00:00,115.451,115.558,115.356,115.447,6112
2022-02-17 00:00:00,115.448,115.536,115.33,115.47,3691
2022-02-17 04:00:00,115.469,115.527,115.118,115.227,7731
2022-02-17 08:00:00,115.223,115.401,114.949,115.071,12684
2022-02-17 12:00:00,115.072,115.186,114.847,114.882,9686
2022-02-17 16:00:00,114.886,115.15,114.869,115.066,13751
2022-02-17 20:00:00,115.061,115.081,114.878,114.93,5634
2022-02-18 00:00:00,114.899,115.276,114.789,115.128,9779
2022-02-18 04:00:00,115.129,115.229,115.123,115.208,6554
2022-02-18 08:00:00,115.208,115.296,115.055,115.149,7762
2022-02-18 12:00:00,115.15,115.24,115.011,115.068,8402
2022-02-18 16:00:00,115.068,115.176,114.969,115.072,11895
2022-02-18 20:00:00,115.071,115.121,114.999,115.039,4045
2022-02-21 00:00:00,115.033,115.123,114.872,115.011,7707
2022-02-21 04:00:00,115.01,115.052,114.886,114.976,3636
2022-02-21 08:00:00,114.976,115.014,114.807,114.848,5902
2022-02-21 12:00:00,114.847,114.948,114.801,114.847,6501
2022-02-21 16:00:00,114.848,114.899,114.783,114.788,5607
2022-02-21 20:00:00,114.813,114.844,114.721,114.754,2645
2022-02-22 00:00:00,114.733,114.795,114.498,114.702,9989
2022-02-22 04:00:00,114.7,114.741,114.57,114.712,7387
2022-02-22 08:00:00,114.713,114.904,114.622,114.791,13150
2022-02-22 12:00:00,114.791,115.161,114.791,115.106,12838
2022-02-22 16:00:00,115.107,115.242,114.914,114.915,9592
2022-02-22 20:00:00,114.914,115.11,114.875,115.071,6686
2022-02-23 00:00:00,115.046,115.125,114.988,115.039,3041
2022-02-23 04:00:00,115.04,115.096,114.997,115.045,2559
2022-02-23 08:00:00,115.046,115.168,114.992,115.078,7042
2022-02-23 12:00:00,115.078,115.132,114.962,115.018,6419
2022-02-23 16:00:00,115.018,115.2,114.998,115.08,8735
2022-02-23 20:00:00,115.078,115.089,114.926,115.026,4327
2022-02-24 00:00:00,114.973,115.117,114.829,115.083,8428
2022-02-24 04:00:00,115.084,115.102,114.495,114.564,20606
2022-02-24 08:00:00,114.567,114.783,114.408,114.73,20532
2022-02-24 12:00:00,114.733,114.998,114.572,114.917,19216
2022-02-24 16:00:00,114.915,115.652,114.903,115.361,14574
2022-02-24 20:00:00,115.362,115.694,115.316,115.527,10744
2022-02-25 00:00:00,115.517,115.623,115.383,115.415,10779
2022-02-25 04:00:00,115.416,115.422,115.148,115.194,8597
2022-02-25 08:00:00,115.195,115.376,115.187,115.314,12506
2022-02-25 12:00:00,115.313,115.608,115.296,115.542,13173
2022-02-25 16:00:00,115.54,115.76,115.466,115.742,10052
2022-02-25 20:00:00,115.74,115.741,115.52,115.531,4257
2022-02-28 00:00:00,115.463,115.774,115.379,115.51,12742
2022-02-28 04:00:00,115.511,115.691,115.443,115.534,8518
2022-02-28 08:00:00,115.535,115.622,115.456,115.557,11042
2022-02-28 12:00:00,115.557,115.641,115.318,115.332,9376
2022-02-28 16:00:00,115.334,115.426,114.985,115.118,13628
2022-02-28 20:00:00,115.119,115.119,114.861,114.961,6877
2022-03-01 00:00:00,114.971,115.288,114.97,115.184,5225
2022-03-01 04:00:00,115.185,115.22,115.016,115.066,3991
2022-03-01 08:00:00,115.066,115.122,114.746,114.788,7942
2022-03-01 12:00:00,114.788,114.949,114.716,114.91,13431
2022-03-01 16:00:00,114.909,114.945,114.752,114.832,12866
2022-03-01 20:00:00,114.833,114.91,114.7,114.894,6572
2022-03-02 00:00:00,114.893,115.079,114.792,115.008,5534
2022-03-02 04:00:00,115.009,115.108,114.967,115.059,4835
2022-03-02 08:00:00,115.059,115.263,115.025,115.204,11188
2022-03-02 12:00:00,115.21,115.43,115.208,115.386,11979
2022-03-02 16:00:00,115.387,115.686,115.247,115.598,12001
2022-03-02 20:00:00,115.598,115.615,115.496,115.511,4723
2022-03-03 00:00:00,115.517,115.667,115.443,115.577,5787
2022-03-03 04:00:00,115.576,115.717,115.576,115.655,4151
2022-03-03 08:00:00,115.658,115.805,115.647,115.779,7617
2022-03-03 12:00:00,115.776,115.781,115.641,115.675,8725
2022-03-03 16:00:00,115.674,115.699,115.511,115.54,11346
2022-03-03 20:00:00,115.54,115.562,115.383,115.454,4865
2022-03-04 00:00:00,115.459,115.555,115.257,115.443,12019
2022-03-04 04:00:00,115.442,115.495,115.319,115.442,8710
2022-03-04 08:00:00,115.443,115.534,115.321,115.411,9397
2022-03-04 12:00:00,115.411,115.465,115.305,115.406,10814
2022-03-04 16:00:00,115.406,115.42,114.65,114.789,9694
2022-03-04 20:00:00,114.79,114.886,114.701,114.858,4593
2022-03-07 00:00:00,114.916,115.063,114.826,114.895,7694
2022-03-07 04:00:00,114.896,114.965,114.862,114.927,5593
2022-03-07 08:00:00,114.92,115.122,114.91,115.065,8997
2022-03-07 12:00:00,115.067,115.326,115.021,115.299,9265
2022-03-07 16:00:00,115.298,115.471,115.205,115.403,9605
2022-03-07 20:00:00,115.405,115.421,115.242,115.316,6131
2022-03-08 00:00:00,115.26,115.515,115.258,115.472,4478
2022-03-08 04:00:00,115.468,115.505,115.354,115.493,5441
2022-03-08 08:00:00,115.493,115.633,115.364,115.599,9159
2022-03-08 12:00:00,115.599,115.789,115.55,115.69,7889
2022-03-08 16:00:00,115.689,115.719,115.419,115.599,9976
2022-03-08 20:00:00,115.603,115.748,115.591,115.664,5544
2022-03-09 00:00:00,115.633,115.921,115.61,115.888,4027
2022-03-09 04:00:00,115.889,115.9,115.756,115.793,3605
2022-03-09 08:00:00,115.793,115.888,115.708,115.838,6173
2022-03-09 12:00:00,115.838,115.941,115.725,115.751,6508
2022-03-09 16:00:00,115.75,115.886,115.559,115.776,9348
2022-03-09 20:00:00,115.775,115.897,115.769,115.859,4024
2022-03-10 00:00:00,115.823,116.112,115.812,116.047,3707
2022-03-10 04:00:00,116.046,116.194,116.04,116.094,3343
2022-03-10 08:00:00,116.095,116.098,115.813,115.933,6577
2022-03-10 12:00:00,115.932,116.087,115.851,116.075,8558
2022-03-10 16:00:00,116.072,116.192,115.928,116.133,7517
2022-03-10 20:00:00,116.13,116.148,116.047,116.135,3384
2022-03-11 00:00:00,116.09,116.377,116.09,116.29,3963
2022-03-11 04:00:00,116.29,116.744,116.23,116.688,5935
2022-03-11 08:00:00,116.691,117.059,116.579,116.949,6818
2022-03-11 12:00:00,116.949,116.996,116.797,116.912,7817
2022-03-11 16:00:00,116.912,117.213,116.858,117.197,6874
2022-03-11 20:00:00,117.196,117.355,117.152,117.297,3446
2022-03-14 00:00:00,117.365,117.611,117.309,117.526,3630
2022-03-14 04:00:00,117.527,117.878,117.469,117.653,4355
2022-03-14 08:00:00,117.656,117.834,117.656,117.78,5125
2022-03-14 12:00:00,117.779,118.061,117.738,117.898,7021
2022-03-14 16:00:00,117.899,118.03,117.85,117.972,6145
2022-03-14 20:00:00,117.973,118.216,117.904,118.196,3323
2022-03-15 00:00:00,118.143,118.299,118.111,118.206,3314
2022-03-15 04:00:00,118.207,118.449,118.191,118.365,5894
2022-03-15 08:00:00,118.366,118.393,117.704,117.807,7678
2022-03-15 12:00:00,117.806,118.099,117.792,117.976,6480
2022-03-15 16:00:00,117.979,118.341,117.855,118.308,7997
2022-03-15 20:00:00,118.306,118.397,118.236,118.286,3505
2022-03-16 00:00:00,118.296,118.428,118.273,118.412,2258
2022-03-16 04:00:00,118.412,118.414,118.174,118.229,3915
2022-03-16 08:00:00,118.228,118.379,118.195,118.327,5363
2022-03-16 12:00:00,118.326,118.355,118.191,118.31,5407
2022-03-16 16:00:00,118.309,118.588,118.217,118.575,7617
2022-03-16 20:00:00,118.576,119.12,118.541,118.761,9781
2022-03-17 00:00:00,118.713,119.025,118.694,118.876,4725
2022-03-17 04:00:00,118.876,118.915,118.596,118.748,6016
2022-03-17 08:00:00,118.747,118.853,118.632,118.707,5554
2022-03-17 12:00:00,118.707,118.813,118.492,118.792,6214
2022-03-17 16:00:00,118.791,118.842,118.396,118.414,6708
2022-03-17 20:00:00,118.415,118.667,118.367,118.603,3410
2022-03-18 00:00:00,118.606,118.713,118.471,118.696,3700
2022-03-18 04:00:00,118.697,118.797,118.656,118.769,3138
2022-03-18 08:00:00,118.771,119.005,118.714,118.869,4409
2022-03-18 12:00:00,118.869,119.248,118.855,119.184,5024
2022-03-18 16:00:00,119.188,119.398,119.12,119.144,7319
2022-03-18 20:00:00,119.144,119.201,119.084,119.154,2899
2022-03-21 00:00:00,119.099,119.305,119.06,119.184,2614
2022-03-21 04:00:00,119.183,119.246,119.135,119.245,1814
2022-03-21 08:00:00,119.246,119.295,119.166,119.22,3457
2022-03-21 12:00:00,119.221,119.279,119.104,119.221,4608
2022-03-21 16:00:00,119.222,119.291,119.113,119.265,5886
2022-03-21 20:00:00,119.265,119.499,119.264,119.485,4467
2022-03-22 00:00:00,119.46,120.072,119.432,119.943,3534
2022-03-22 04:00:00,119.944,120.463,119.825,120.376,5890
2022-03-22 08:00:00,120.377,120.49,120.278,120.459,6502
2022-03-22 12:00:00,120.459,121.03,120.381,120.548,8708
2022-03-22 16:00:00,120.547,120.813,120.495,120.677,9534
2022-03-22 20:00:00,120.676,120.834,120.645,120.819,4072
2022-03-23 00:00:00,120.753,121.412,120.753,121.118,8144
2022-03-23 04:00:00,121.117,121.189,120.791,121.072,7698
2022-03-23 08:00:00,121.071,121.163,120.85,120.9,6995
2022-03-23 12:00:00,120.9,121.051,120.591,120.717,9430
2022-03-23 16:00:00,120.716,121.143,120.635,121.068,10033
2022-03-23 20:00:00,121.068,121.158,121.013,121.142,4440
2022-03-24 00:00:00,121.123,121.199,120.964,120.98,4772
2022-03-24 04:00:00,120.979,121.302,120.952,121.223,5841
2022-03-24 08:00:00,121.223,121.747,121.221,121.624,9452
2022-03-24 12:00:00,121.624,121.732,121.54,121.656,8406
2022-03-24 16:00:00,121.655,122.406,121.655,122.378,11647
2022-03-24 20:00:00,122.377,122.408,122.224,122.35,5326
2022-03-25 00:00:00,122.324,122.435,121.965,122.055,6555
2022-03-25 04:00:00,122.055,122.094,121.178,121.467,12432
2022-03-25 08:00:00,121.468,121.951,121.42,121.509,10137
2022-03-25 12:00:00,121.509,121.794,121.454,121.751,7955
2022-03-25 16:00:00,121.752,122.238,121.73,122.028,15595
2022-03-25 20:00:00,122.028,122.209,121.954,122.09,5309
2022-03-28 00:00:00,122.045,122.361,122.007,122.23,5593
2022-03-28 04:00:00,122.229,123.163,122.172,123.049,12945
2022-03-28 08:00:00,123.049,125.095,123.027,124.686,16570
2022-03-28 12:00:00,124.685,124.708,123.378,123.652,21648
2022-03-28 16:00:00,123.65,123.872,123.147,123.4,17150
2022-03-28 20:00:00,123.4,123.93,123.255,123.924,5897
2022-03-29 00:00:00,123.73,124.303,123.311,124.143,10099
2022-03-29 04:00:00,124.144,124.181,123.105,123.366,13467
2022-03-29 08:00:00,123.365,123.781,123.298,123.724,13325
2022-03-29 12:00:00,123.724,123.808,122.497,122.855,16848
2022-03-29 16:00:00,122.856,123.024,121.98,122.658,19673
2022-03-29 20:00:00,122.657,122.952,122.652,122.884,5685
2022-03-30 00:00:00,122.867,123.205,122.421,122.49,9826
2022-03-30 04:00:00,122.489,122.534,121.312,121.898,18876
2022-03-30 08:00:00,121.898,122.08,121.525,121.611,14385
2022-03-30 12:00:00,121.611,122.042,121.57,121.85,11894
2022-03-30 16:00:00,121.853,122.242,121.642,121.895,13774
2022-03-30 20:00:00,121.897,121.926,121.739,121.821,4495
2022-03-31 00:00:00,121.86,122.451,121.827,122.287,9566
2022-03-31 04:00:00,122.286,122.453,121.967,122.224,11463
2022-03-31 08:00:00,122.226,122.279,121.341,122.178,17149
2022-03-31 12:00:00,122.179,122.179,121.545,121.618,12145
2022-03-31 16:00:00,121.621,121.823,121.28,121.557,16227
2022-03-31 20:00:00,121.561,121.775,121.525,121.707,6074
2022-04-01 00:00:00,121.634,122.196,121.634,122.117,7153
2022-04-01 04:00:00,122.115,122.733,122.075,122.601,10889
2022-04-01 08:00:00,122.6,122.763,122.243,122.571,12081
2022-04-01 12:00:00,122.57,122.82,122.333,122.798,11219
2022-04-01 16:00:00,122.798,123.035,122.515,122.57,12438
2022-04-01 20:00:00,122.569,122.654,122.459,122.556,4767
2022-04-04 00:00:00,122.63,122.737,122.263,122.406,6474
2022-04-04 04:00:00,122.406,122.776,122.381,122.593,6504
2022-04-04 08:00:00,122.594,122.8,122.5,122.625,9727
2022-04-04 12:00:00,122.625,122.833,122.56,122.634,7449
2022-04-04 16:00:00,122.634,122.958,122.623,122.745,10552
2022-04-04 20:00:00,122.745,122.834,122.678,122.756,4132
2022-04-05 00:00:00,122.767,122.86,122.377,122.564,5590
2022-04-05 04:00:00,122.56,122.633,122.47,122.547,5960
2022-04-05 08:00:00,122.547,122.997,122.431,122.823,9133
2022-04-05 12:00:00,122.825,122.999,122.693,122.833,8926
2022-04-05 16:00:00,122.833,123.596,122.75,123.586,13154
2022-04-05 20:00:00,123.587,123.668,123.55,123.597,4535
2022-04-06 00:00:00,123.522,123.89,123.5,123.831,6422
2022-04-06 04:00:00,123.833,124.05,123.653,123.883,9080
2022-04-06 08:00:00,123.883,124.025,123.73,123.789,11247
2022-04-06 12:00:00,123.789,123.997,123.612,123.815,10051
2022-04-06 16:00:00,123.815,123.944,123.685,123.745,11061
2022-04-06 20:00:00,123.746,123.931,123.475,123.784,9947
2022-04-07 00:00:00,123.745,123.934,123.469,123.601,6011
2022-04-07 04:00:00,123.6,123.748,123.586,123.686,6267
2022-04-07 08:00:00,123.685,123.844,123.59,123.738,8908
2022-04-07 12:00:00,123.74,123.997,123.666,123.985,9878
2022-04-07 16:00:00,123.985,123.999,123.754,123.918,11582
2022-04-07 20:00:00,123.917,124.001,123.868,123.968,4543
2022-04-08 00:00:00,123.946,124.229,123.721,123.8,6645
2022-04-08 04:00:00,123.801,123.991,123.668,123.977,6252
2022-04-08 08:00:00,123.978,124.147,123.924,124.102,7826
2022-04-08 12:00:00,124.102,124.403,124.039,124.397,7858
2022-04-08 16:00:00,124.397,124.676,124.269,124.39,12318
2022-04-08 20:00:00,124.387,124.432,124.28,124.286,4157
2022-04-11 00:00:00,124.043,124.638,124.037,124.593,5437
2022-04-11 04:00:00,124.589,124.994,124.519,124.923,9601
2022-04-11 08:00:00,124.923,125.437,124.892,125.331,12731
2022-04-11 12:00:00,125.328,125.769,125.244,125.556,10893
2022-04-11 16:00:00,125.557,125.61,125.408,125.512,10897
2022-04-11 20:00:00,125.512,125.607,125.349,125.387,4925
2022-04-12 00:00:00,125.387,125.562,125.111,125.473,7727
2022-04-12 04:00:00,125.47,125.563,125.201,125.353,7986
2022-04-12 08:00:00,125.351,125.755,125.339,125.633,11538
2022-04-12 12:00:00,125.631,125.713,124.773,124.932,10436
2022-04-12 16:00:00,124.95,125.338,124.903,125.236,15673
2022-04-12 20:00:00,125.237,125.404,125.154,125.4,6006
2022-04-13 00:00:00,125.329,125.639,125.329,125.592,4893
2022-04-13 04:00:00,125.594,125.65,125.466,125.606,5888
2022-04-13 08:00:00,125.604,126.316,125.561,126.045,13423
2022-04-13 12:00:00,126.045,126.211,125.617,125.9,11949
2022-04-13 16:00:00,125.902,125.962,125.373,125.594,13807
2022-04-13 20:00:00,125.593,125.71,125.488,125.659,5712
2022-04-14 00:00:00,125.575,125.695,125.21,125.508,8852
2022-04-14 04:00:00,125.509,125.542,125.101,125.273,8456
2022-04-14 08:00:00,125.275,125.466,125.085,125.387,9932
2022-04-14 12:00:00,125.389,125.591,125.198,125.532,10865
2022-04-14 16:00:00,125.536,126.014,125.472,125.933,17123
2022-04-14 20:00:00,125.934,125.991,125.871,125.886,3834
2022-04-15 00:00:00,125.886,126.357,125.868,126.305,8092
2022-04-15 04:00:00,126.308,126.554,126.241,126.383,10932
2022-04-15 08:00:00,126.383,126.679,126.333,126.484,10136
2022-04-15 12:00:00,126.485,126.536,126.419,126.474,7791
2022-04-15 16:00:00,126.475,126.529,126.31,126.384,8581
2022-04-15 20:00:00,126.384,126.476,126.325,126.357,7012
2022-04-18 00:00:00,126.373,126.788,126.347,126.566,7717
2022-04-18 04:00:00,126.565,126.694,126.24,126.642,7854
2022-04-18 08:00:00,126.643,126.691,126.448,126.629,5635
2022-04-18 12:00:00,126.63,126.666,126.436,126.524,5724
2022-04-18 16:00:00,126.523,126.968,126.465,126.966,8899
2022-04-18 20:00:00,126.965,126.996,126.863,126.992,5025
2022-04-19 00:00:00,126.976,127.357,126.976,127.311,7081
2022-04-19 04:00:00,127.311,128.234,127.261,128.145,12785
2022-04-19 08:00:00,128.144,128.461,127.779,128.309,15487
2022-04-19 12:00:00,128.31,128.497,128.07,128.462,12213
2022-04-19 16:00:00,128.459,128.912,128.451,128.753,16758
2022-04-19 20:00:00,128.755,128.973,128.704,128.892,7458
2022-04-20 00:00:00,128.884,129.404,128.874,129.292,10660
2022-04-20 04:00:00,129.288,129.375,128.059,128.555,20662
2022-04-20 08:00:00,128.557,128.744,128.351,128.402,13099
2022-04-20 12:00:00,128.405,128.459,127.603,128.103,16341
2022-04-20 16:00:00,128.101,128.153,127.458,127.886,15823
2022-04-20 20:00:00,127.892,127.918,127.657,127.84,7304
2022-04-21 00:00:00,127.871,128.476,127.828,128.155,8605
2022-04-21 04:00:00,128.156,128.637,128.111,128.364,11491
2022-04-21 08:00:00,128.365,128.383,127.866,128.064,14850
2022-04-21 12:00:00,128.062,128.38,127.804,128.127,11045
2022-04-21 16:00:00,128.132,128.705,128.081,128.6,15033
2022-04-21 20:00:00,128.598,128.598,128.066,128.361,13480
2022-04-22 00:00:00,128.347,128.662,128.262,128.623,7917
2022-04-22 04:00:00,128.62,128.691,128.073,128.191,11682
2022-04-22 08:00:00,128.191,128.329,127.736,128.264,15714
2022-04-22 12:00:00,128.263,128.529,128.207,128.441,11546
2022-04-22 16:00:00,128.444,129.107,128.138,128.889,19019
2022-04-22 20:00:00,128.89,128.89,128.435,128.542,7305
2022-04-25 00:00:00,128.542,128.852,128.41,128.755,7688
2022-04-25 04:00:00,128.757,128.863,128.239,128.523,12323
2022-04-25 08:00:00,128.522,128.595,127.881,128.122,16943
2022-04-25 12:00:00,128.121,128.494,127.992,128.161,13595
2022-04-25 16:00:00,128.158,128.28,127.521,127.695,18502
2022-04-25 20:00:00,127.696,128.13,127.696,128.13,8234
2022-04-26 00:00:00,128.12,128.221,127.349,127.598,10034
2022-04-26 04:00:00,127.598,128.18,127.386,128.106,13700
2022-04-26 08:00:00,128.104,128.2,127.716,127.868,14683
2022-04-26 12:00:00,127.868,127.928,127.181,127.214,12492
2022-04-26 16:00:00,127.213,127.544,127.026,127.525,16176
2022-04-26 20:00:00,127.525,127.683,127.232,127.239,7792
2022-04-27 00:00:00,127.22,127.623,126.943,127.549,8460
2022-04-27 04:00:00,127.543,127.823,127.361,127.652,10913
2022-04-27 08:00:00,127.653,128.102,127.488,127.963,15392
2022-04-27 12:00:00,127.963,128.195,127.796,128.069,12560
2022-04-27 16:00:00,128.069,128.587,127.91,128.274,16715
2022-04-27 20:00:00,128.273,128.446,128.2,128.414,7245
2022-04-28 00:00:00,128.414,128.844,128.34,128.816,7384
2022-04-28 04:00:00,128.818,129.902,128.621,129.845,15200
2022-04-28 08:00:00,129.845,130.955,129.78,130.926,21587
2022-04-28 12:00:00,130.925,131.01,130.176,130.811,19544
2022-04-28 16:00:00,130.808,131.253,130.579,130.962,18889
2022-04-28 20:00:00,130.963,131.131,130.783,130.862,7157
2022-04-29 00:00:00,130.857,130.956,130.54,130.575,5030
2022-04-29 04:00:00,130.574,130.797,130.368,130.536,8329
2022-04-29 08:00:00,130.537,130.566,129.768,130.104,15932
2022-04-29 12:00:00,130.104,130.495,129.839,130.087,17476
2022-04-29 16:00:00,130.088,130.38,129.375,129.675,18918
2022-04-29 20:00:00,129.675,129.917,129.315,129.868,9059
2022-05-02 00:00:00,129.747,130.298,129.612,130.062,9660
2022-05-02 04:00:00,130.063,130.4,129.953,130.384,9433
2022-05-02 08:00:00,130.385,130.478,129.92,130.046,10637
2022-05-02 12:00:00,130.044,130.157,129.698,130.118,10024
2022-05-02 16:00:00,130.124,130.35,129.957,130.173,14362
2022-05-02 20:00:00,130.175,130.255,130.079,130.15,6351
2022-05-03 00:00:00,130.103,130.215,129.855,129.912,3771
2022-05-03 04:00:00,129.91,130.166,129.899,130.132,5675
2022-05-03 08:00:00,130.132,130.289,130.044,130.115,9720
2022-05-03 12:00:00,130.115,130.187,129.74,129.883,11875
2022-05-03 16:00:00,129.884,130.195,129.699,130.169,10898
2022-05-03 20:00:00,130.167,130.202,130.058,130.137,4739
2022-05-04 00:00:00,130.106,130.206,130.038,130.146,2225
2022-05-04 04:00:00,130.143,130.171,130.074,130.15,2676
2022-05-04 08:00:00,130.149,130.185,129.98,130.049,7085
2022-05-04 12:00:00,130.049,130.094,129.788,129.874,8063
2022-05-04 16:00:00,129.876,130.128,129.802,130.006,11508
2022-05-04 20:00:00,130.006,130.383,128.634,129.121,23921
2022-05-05 00:00:00,129.092,129.551,129.059,129.097,7559
2022-05-05 04:00:00,129.098,129.285,128.754,129.256,9294
2022-05-05 08:00:00,129.257,129.824,129.239,129.697,14387
2022-05-05 12:00:00,129.697,130.003,129.537,129.903,15560
2022-05-05 16:00:00,129.901,130.558,129.86,130.417,20148
2022-05-05 20:00:00,130.415,130.546,129.984,130.168,11997
2022-05-06 00:00:00,130.176,130.535,130.094,130.482,7719
2022-05-06 04:00:00,130.481,130.806,130.365,130.565,11687
2022-05-06 08:00:00,130.562,130.696,130.328,130.442,14441
2022-05-06 12:00:00,130.438,130.707,130.154,130.661,14036
2022-05-06 16:00:00,130.662,130.663,130.2,130.428,19819
2022-05-06 20:00:00,130.427,130.633,130.412,130.558,8007
2022-05-09 00:00:00,130.514,130.956,130.469,130.848,7184
2022-05-09 04:00:00,130.847,131.069,130.677,130.996,10086
2022-05-09 08:00:00,130.997,131.346,130.996,131.195,12791
2022-05-09 12:00:00,131.194,131.244,130.485,130.722,13947
2022-05-09 16:00:00,130.724,130.892,130.111,130.294,18033
2022-05-09 20:00:00,130.295,130.436,130.18,130.325,7825
2022-05-10 00:00:00,130.231,130.575,129.947,130.037,9980
2022-05-10 04:00:00,130.037,130.5,129.796,130.464,13014
2022-05-10 08:00:00,130.464,130.551,129.972,130.076,13440
2022-05-10 12:00:00,130.072,130.285,129.865,129.975,13393
2022-05-10 16:00:00,129.977,130.456,129.941,130.247,15940
2022-05-10 20:00:00,130.248,130.458,130.208,130.45,7423
2022-05-11 00:00:00,130.424,130.468,130.228,130.342,6291
2022-05-11 04:00:00,130.343,130.492,130.314,130.342,8293
2022-05-11 08:00:00,130.341,130.387,129.807,129.86,11913
2022-05-11 12:00:00,129.862,130.802,129.586,130.748,15305
2022-05-11 16:00:00,130.749,130.811,129.891,129.933,22756
2022-05-11 20:00:00,129.932,130.066,129.446,130.0,12904
2022-05-12 00:00:00,129.878,130.056,129.506,129.739,9347
2022-05-12 04:00:00,129.74,129.906,129.671,129.782,10978
2022-05-12 08:00:00,129.782,129.797,128.404,128.549,22404
2022-05-12 12:00:00,128.55,128.846,127.969,128.114,19821
2022-05-12 16:00:00,128.111,128.408,127.517,128.402,22576
2022-05-12 20:00:00,128.397,128.456,128.076,128.3,10264
2022-05-13 00:00:00,128.275,128.922,128.275,128.821,9484
2022-05-13 04:00:00,128.82,129.357,128.786,128.946,13389
2022-05-13 08:00:00,128.948,128.98,128.49,128.806,14908
2022-05-13 12:00:00,128.805,129.112,128.738,129.013,11533
2022-05-13 16:00:00,129.016,129.452,128.927,129.37,14823
2022-05-13 20:00:00,129.371,129.429,129.204,129.26,6005
2022-05-16 00:00:00,129.245,129.639,129.193,129.484,7356
2022-05-16 04:00:00,129.481,129.547,128.703,129.015,12292
2022-05-16 08:00:00,129.014,129.469,128.798,129.377,11426
2022-05-16 12:00:00,129.378,129.616,129.168,129.299,9737
2022-05-16 16:00:00,129.297,129.331,128.983,129.047,10990
2022-05-16 20:00:00,129.048,129.404,129.012,129.105,5668
2022-05-17 00:00:00,129.111,129.287,128.83,129.202,6347
2022-05-17 04:00:00,129.203,129.449,129.102,129.394,9071
2022-05-17 08:00:00,129.39,129.559,129.202,129.372,9496
2022-05-17 12:00:00,129.369,129.595,129.191,129.578,11337
2022-05-17 16:00:00,129.578,129.78,129.071,129.358,11606
2022-05-17 20:00:00,129.357,129.469,129.184,129.363,7865
2022-05-18 00:00:00,129.392,129.536,129.226,129.237,5462
2022-05-18 04:00:00,129.248,129.342,128.942,129.095,9018
2022-05-18 08:00:00,129.103,129.348,129.022,129.221,9698
2022-05-18 12:00:00,129.219,129.244,128.867,128.899,9093
2022-05-18 16:00:00,128.901,128.923,128.12,128.337,16327
2022-05-18 20:00:00,128.336,128.338,128.008,128.25,8304
2022-05-19 00:00:00,128.187,128.478,127.896,128.37,10393
2022-05-19 04:00:00,128.378,128.944,128.375,128.835,11441
2022-05-19 08:00:00,128.834,128.889,127.81,127.857,17513
2022-05-19 12:00:00,127.856,127.971,127.089,127.187,17079
2022-05-19 16:00:00,127.187,127.735,127.026,127.6,21512
2022-05-19 20:00:00,127.6,127.837,127.556,127.824,7661
2022-05-20 00:00:00,127.803,128.002,127.667,127.77,7509
2022-05-20 04:00:00,127.768,128.214,127.529,127.766,11997
2022-05-20 08:00:00,127.764,128.107,127.644,128.088,14245
2022-05-20 12:00:00,128.089,128.298,127.729,127.786,12645
2022-05-20 16:00:00,127.785,128.245,127.612,127.702,16328
2022-05-20 20:00:00,127.704,127.934,127.59,127.929,8604
2022-05-23 00:00:00,127.852,128.059,127.636,127.71,6400
2022-05-23 04:00:00,127.709,127.792,127.155,127.428,10523
2022-05-23 08:00:00,127.428,127.929,127.414,127.558,14593
2022-05-23 12:00:00,127.559,127.884,127.36,127.824,10017
2022-05-23 16:00:00,127.826,127.941,127.478,127.847,13312
2022-05-23 20:00:00,127.85,127.942,127.739,127.898,4324
2022-05-24 00:00:00,127.898,127.898,127.628,127.806,6757
2022-05-24 04:00:00,127.807,128.086,127.561,127.656,8785
2022-05-24 08:00:00,127.657,127.744,127.194,127.431,13479
2022-05-24 12:00:00,127.425,127.525,127.087,127.233,11588
2022-05-24 16:00:00,127.232,127.276,126.362,126.567,20811
2022-05-24 20:00:00,126.566,126.896,126.521,126.858,8044
2022-05-25 00:00:00,126.812,126.983,126.653,126.9,7162
2022-05-25 04:00:00,126.898,127.218,126.792,126.948,10342
2022-05-25 08:00:00,126.949,127.295,126.839,127.06,12838
2022-05-25 12:00:00,127.061,127.183,126.799,127.057,12123
2022-05-25 16:00:00,127.058,127.473,127.042,127.465,14475
2022-05-25 20:00:00,127.466,127.496,127.231,127.273,9551
2022-05-26 00:00:00,127.247,127.513,127.121,127.454,5925
2022-05-26 04:00:00,127.452,127.582,127.254,127.359,9350
2022-05-26 08:00:00,127.358,127.443,126.552,126.685,14162
2022-05-26 12:00:00,126.683,127.282,126.566,127.178,14049
2022-05-26 16:00:00,127.178,127.423,127.007,127.36,12546
2022-05-26 20:00:00,127.356,127.372,127.033,127.065,5690
2022-05-27 00:00:00,127.05,127.191,126.905,127.003,7194
2022-05-27 04:00:00,127.001,127.166,126.677,126.816,10064
2022-05-27 08:00:00,126.817,127.198,126.726,127.041,9825
2022-05-27 12:00:00,127.041,127.141,126.829,127.034,11941
2022-05-27 16:00:00,127.034,127.25,126.813,127.138,12863
2022-05-27 20:00:00,127.143,127.168,127.022,127.121,3318
2022-05-30 00:00:00,127.014,127.345,126.967,127.055,5306
2022-05-30 04:00:00,127.056,127.133,126.861,127.001,8194
2022-05-30 08:00:00,127.001,127.389,126.959,127.292,9402
2022-05-30 12:00:00,127.291,127.825,127.249,127.735,8564
2022-05-30 16:00:00,127.731,127.768,127.434,127.545,7338
2022-05-30 20:00:00,127.545,127.609,127.514,127.603,2510
2022-05-31 00:00:00,127.507,128.27,127.507,128.197,7736
2022-05-31 04:00:00,128.196,128.34,127.946,128.007,10611
2022-05-31 08:00:00,128.002,128.072,127.635,127.923,15108
2022-05-31 12:00:00,127.92,128.674,127.841,128.662,14787
2022-05-31 16:00:00,128.661,128.89,128.467,128.549,18069
2022-05-31 20:00:00,128.55,128.776,128.465,128.703,7519
2022-06-01 00:00:00,128.684,128.955,128.648,128.918,6404
2022-06-01 04:00:00,128.918,129.252,128.87,129.228,10418
2022-06-01 08:00:00,129.231,129.544,129.157,129.481,13872
2022-06-01 12:00:00,129.479,129.615,129.287,129.327,11133
2022-06-01 16:00:00,129.329,130.133,129.207,130.133,18161
2022-06-01 20:00:00,130.132,130.183,130.058,130.158,4568
2022-06-02 00:00:00,130.138,130.24,129.885,130.04,6663
2022-06-02 04:00:00,130.04,130.144,129.894,130.056,8000
2022-06-02 08:00:00,130.061,130.09,129.771,129.893,8948
2022-06-02 12:00:00,129.895,129.908,129.512,129.644,11405
2022-06-02 16:00:00,129.643,130.041,129.634,129.78,15030
2022-06-02 20:00:00,129.781,129.882,129.772,129.855,5302
2022-06-03 00:00:00,129.839,130.042,129.698,129.755,5517
2022-06-03 04:00:00,129.754,129.893,129.685,129.849,7330
2022-06-03 08:00:00,129.85,130.052,129.802,129.971,7527
2022-06-03 12:00:00,129.971,130.649,129.971,130.496,11921
2022-06-03 16:00:00,130.495,130.98,130.394,130.809,13958
2022-06-03 20:00:00,130.809,130.92,130.8,130.817,4682
2022-06-06 00:00:00,130.829,130.995,130.663,130.831,6972
2022-06-06 04:00:00,130.832,130.832,130.431,130.661,9983
2022-06-06 08:00:00,130.662,130.829,130.468,130.752,11871
2022-06-06 12:00:00,130.752,130.864,130.616,130.791,8701
2022-06-06 16:00:00,130.792,131.684,130.782,131.672,13403
2022-06-06 20:00:00,131.677,132.01,131.676,131.899,7200
2022-06-07 00:00:00,131.857,132.336,131.856,132.224,8090
2022-06-07 04:00:00,132.23,132.948,132.228,132.947,13520
2022-06-07 08:00:00,132.946,133.002,132.545,132.746,16665
2022-06-07 12:00:00,132.747,132.896,132.557,132.796,12670
2022-06-07 16:00:00,132.797,132.853,132.32,132.589,15029
2022-06-07 20:00:00,132.589,132.671,132.472,132.637,6712
2022-06-08 00:00:00,132.588,133.115,132.583,133.07,6217
2022-06-08 04:00:00,133.07,133.297,132.885,133.255,11134
2022-06-08 08:00:00,133.252,133.861,132.942,133.839,15701
2022-06-08 12:00:00,133.837,134.474,133.676,134.292,16549
2022-06-08 16:00:00,134.293,134.347,133.606,134.056,19143
2022-06-08 20:00:00,134.057,134.299,133.953,134.248,7853
2022-06-09 00:00:00,134.157,134.557,134.148,134.274,8218
2022-06-09 04:00:00,134.274,134.462,133.827,134.175,11573
2022-06-09 08:00:00,134.173,134.173,133.385,133.644,16997
2022-06-09 12:00:00,133.644,134.019,133.186,133.787,18259
2022-06-09 16:00:00,133.784,134.311,133.603,134.155,21075
2022-06-09 20:00:00,134.157,134.445,134.032,134.371,7404
2022-06-10 00:00:00,134.326,134.476,133.964,134.007,7720
2022-06-10 04:00:00,134.016,134.282,133.917,134.207,9890
2022-06-10 08:00:00,134.207,134.214,133.366,133.859,16255
2022-06-10 12:00:00,133.858,134.387,133.525,133.958,15823
2022-06-10 16:00:00,133.957,134.333,133.761,134.312,20276
2022-06-10 20:00:00,134.312,134.481,134.219,134.364,7878
2022-06-13 00:00:00,134.32,134.996,134.32,134.961,9335
2022-06-13 04:00:00,134.961,135.196,134.684,135.02,13840
2022-06-13 08:00:00,135.022,135.132,134.136,134.334,21524
2022-06-13 12:00:00,134.335,134.7,133.873,134.044,18251
2022-06-13 16:00:00,134.045,134.274,133.593,134.189,21761
2022-06-13 20:00:00,134.187,134.666,133.942,134.44,13635
2022-06-14 00:00:00,134.433,134.52,133.872,134.152,8689
2022-06-14 04:00:00,134.155,134.815,134.08,134.601,18107
2022-06-14 08:00:00,134.596,134.783,134.015,134.184,20805
2022-06-14 12:00:00,134.184,134.606,134.101,134.579,19580
2022-06-14 16:00:00,134.581,135.002,134.248,134.981,21205
2022-06-14 20:00:00,134.982,135.455,134.746,135.44,11950
2022-06-15 00:00:00,135.441,135.585,134.875,135.019,10034
2022-06-15 04:00:00,135.023,135.298,134.989,135.072,12819
2022-06-15 08:00:00,135.073,135.108,134.492,134.529,23578
2022-06-15 12:00:00,134.528,134.811,134.296,134.702,21255
2022-06-15 16:00:00,134.703,134.832,134.398,134.478,17190
2022-06-15 20:00:00,134.477,134.951,133.505,133.854,23882
2022-06-16 00:00:00,133.743,134.293,133.675,134.248,9673
2022-06-16 04:00:00,134.246,134.678,134.224,134.41,11767
2022-06-16 08:00:00,134.409,134.645,133.121,133.222,20925
2022-06-16 12:00:00,133.22,133.387,132.32,132.792,28114
2022-06-16 16:00:00,132.791,132.9,131.492,131.812,25131
2022-06-16 20:00:00,131.811,132.28,131.748,132.184,14200
2022-06-17 00:00:00,132.163,133.294,132.149,133.222,13288
2022-06-17 04:00:00,133.218,134.635,132.381,133.841,22621
2022-06-17 08:00:00,133.832,134.602,133.791,134.519,24677
2022-06-17 12:00:00,134.519,134.916,134.268,134.58,20148
2022-06-17 16:00:00,134.584,135.425,134.435,135.14,22009
2022-06-17 20:00:00,135.137,135.137,134.855,134.948,9074
2022-06-20 00:00:00,134.929,135.443,134.929,135.177,11395
2022-06-20 04:00:00,135.177,135.273,134.667,134.954,17261
2022-06-20 08:00:00,134.955,135.102,134.535,134.764,16888
2022-06-20 12:00:00,134.758,134.986,134.664,134.939,11393
2022-06-20 16:00:00,134.943,135.147,134.871,135.06,10618
2022-06-20 20:00:00,135.06,135.142,135.02,135.096,1881
2022-06-21 00:00:00,134.97,135.214,134.923,135.099,10067
2022-06-21 04:00:00,135.101,135.185,134.969,135.123,12876
2022-06-21 08:00:00,135.122,135.503,135.014,135.31,14245
2022-06-21 12:00:00,135.307,136.335,135.251,136.233,17464
2022-06-21 16:00:00,136.233,136.395,136.022,136.387,16928
2022-06-21 20:00:00,136.389,136.704,136.354,136.666,7175
2022-06-22 00:00:00,136.628,136.712,136.243,136.416,9031
2022-06-22 04:00:00,136.421,136.421,136.05,136.221,14584
2022-06-22 08:00:00,136.219,136.626,136.119,136.254,16934
2022-06-22 12:00:00,136.253,136.303,135.749,135.799,18918
2022-06-22 16:00:00,135.801,136.239,135.69,136.235,21059
2022-06-22 20:00:00,136.236,136.301,136.105,136.207,8092
2022-06-23 00:00:00,136.21,136.217,135.871,136.074,10362
2022-06-23 04:00:00,136.076,136.076,135.128,135.435,18855
2022-06-23 08:00:00,135.436,135.876,135.305,135.436,21439
2022-06-23 12:00:00,135.436,135.645,134.877,134.953,20082
2022-06-23 16:00:00,134.959,134.994,134.263,134.769,28329
2022-06-23 20:00:00,134.767,134.993,134.685,134.974,10264
2022-06-24 00:00:00,134.927,135.227,134.655,135.115,8847
2022-06-24 04:00:00,135.114,135.138,134.551,134.795,12714
2022-06-24 08:00:00,134.798,134.988,134.351,134.916,18557
2022-06-24 12:00:00,134.915,135.3,134.816,135.135,17976
2022-06-24 16:00:00,135.127,135.274,134.717,135.164,21855
2022-06-24 20:00:00,135.163,135.398,135.122,135.193,7093
2022-06-27 00:00:00,135.06,135.219,134.594,134.631,8289
2022-06-27 04:00:00,134.63,134.929,134.521,134.7,14541
2022-06-27 08:00:00,134.701,135.172,134.664,134.976,15751
2022-06-27 12:00:00,134.974,135.551,134.953,135.417,15854
2022-06-27 16:00:00,135.421,135.455,135.011,135.355,19507
2022-06-27 20:00:00,135.356,135.49,135.318,135.48,8147
2022-06-28 00:00:00,135.415,135.591,135.295,135.444,6658
2022-06-28 04:00:00,135.444,135.498,135.111,135.342,11157
2022-06-28 08:00:00,135.341,135.834,135.292,135.682,16817
2022-06-28 12:00:00,135.682,136.32,135.677,136.272,17714
2022-06-28 16:00:00,136.268,136.312,136.048,136.198,18310
2022-06-28 20:00:00,136.197,136.382,136.11,136.161,9017
2022-06-29 00:00:00,136.065,136.219,135.945,136.001,7817
2022-06-29 04:00:00,136.002,136.276,135.894,136.043,13426
2022-06-29 08:00:00,136.043,136.224,135.788,136.179,18901
2022-06-29 12:00:00,136.179,136.615,136.122,136.574,18269
2022-06-29 16:00:00,136.569,137.002,136.342,136.593,22390
2022-06-29 20:00:00,136.588,136.672,136.479,136.596,8582
2022-06-30 00:00:00,136.54,136.809,136.442,136.588,8552
2022-06-30 04:00:00,136.587,136.687,136.491,136.512,10913
2022-06-30 08:00:00,136.509,136.538,135.964,136.234,18895
2022-06-30 12:00:00,136.232,136.443,135.983,136.143,16421
2022-06-30 16:00:00,136.142,136.204,135.565,135.668,20096
2022-06-30 20:00:00,135.667,135.767,135.551,135.748,9404
2022-07-01 00:00:00,135.674,135.985,135.674,135.958,6954
2022-07-01 04:00:00,135.959,135.959,134.981,135.083,18121
2022-07-01 08:00:00,135.089,135.676,134.747,135.506,19359
2022-07-01 12:00:00,135.51,135.666,135.039,135.274,18057
2022-07-01 16:00:00,135.277,135.554,134.791,135.278,23294
2022-07-01 20:00:00,135.279,135.396,135.17,135.262,6588
2022-07-04 00:00:00,135.245,135.315,134.873,134.918,8616
2022-07-04 04:00:00,134.918,135.179,134.784,135.119,12396
2022-07-04 08:00:00,135.124,135.521,135.112,135.333,13080
2022-07-04 12:00:00,135.332,135.544,135.262,135.405,10214
2022-07-04 16:00:00,135.404,135.774,135.394,135.701,7292
2022-07-04 20:00:00,135.701,135.726,135.665,135.703,2400
2022-07-05 00:00:00,135.629,136.147,135.538,136.048,7759
2022-07-05 04:00:00,136.047,136.362,135.981,136.25,10656
2022-07-05 08:00:00,136.254,136.326,135.555,135.845,17863
2022-07-05 12:00:00,135.844,136.203,135.555,135.847,18497
2022-07-05 16:00:00,135.85,136.11,135.526,135.743,22049
2022-07-05 20:00:00,135.74,135.92,135.627,135.874,8350
2022-07-06 00:00:00,135.839,135.88,135.422,135.657,8959
2022-07-06 04:00:00,135.656,135.664,135.127,135.336,13955
2022-07-06 08:00:00,135.336,135.693,135.024,135.211,19012
2022-07-06 12:00:00,135.216,135.5,134.953,135.151,19751
2022-07-06 16:00:00,135.152,136.005,134.966,135.749,24228
2022-07-06 20:00:00,135.75,136.002,135.558,135.917,12198
2022-07-07 00:00:00,135.921,136.128,135.752,135.766,7532
2022-07-07 04:00:00,135.766,135.824,135.549,135.681,12605
2022-07-07 08:00:00,135.682,136.222,135.673,136.134,17149
2022-07-07 12:00:00,136.13,136.211,135.564,135.91,17161
2022-07-07 16:00:00,135.907,136.043,135.674,136.036,14374
2022-07-07 20:00:00,136.037,136.108,135.978,135.995,4515
2022-07-08 00:00:00,135.996,136.15,135.892,135.957,5788
2022-07-08 04:00:00,135.956,136.079,135.331,135.481,19061
2022-07-08 08:00:00,135.474,135.901,135.442,135.732,17281
2022-07-08 12:00:00,135.733,136.565,135.68,136.423,16206
2022-07-08 16:00:00,136.421,136.514,135.869,136.17,18022
2022-07-08 20:00:00,136.172,136.198,136.04,136.113,5263
2022-07-11 00:00:00,136.029,136.482,135.987,136.458,7633
2022-07-11 04:00:00,136.451,137.277,136.438,136.989,14895
2022-07-11 08:00:00,136.992,137.156,136.709,136.972,15499
2022-07-11 12:00:00,136.971,137.686,136.944,137.589,13561
2022-07-11 16:00:00,137.588,137.751,137.274,137.4,16259
2022-07-11 20:00:00,137.399,137.456,137.255,137.407,5661
2022-07-12 00:00:00,137.436,137.447,137.141,137.228,7927
2022-07-12 04:00:00,137.224,137.342,137.032,137.291,12429
2022-07-12 08:00:00,137.292,137.531,137.132,137.212,16024
2022-07-12 12:00:00,137.211,137.234,136.623,136.664,18084
2022-07-12 16:00:00,136.667,136.753,136.473,136.683,16333
2022-07-12 20:00:00,136.68,136.864,136.667,136.851,6913
2022-07-13 00:00:00,136.713,137.045,136.693,136.93,3483
2022-07-13 04:00:00,136.927,137.256,136.927,137.047,9254
2022-07-13 08:00:00,137.049,137.249,136.932,137.159,13599
2022-07-13 12:00:00,137.16,137.718,136.98,137.583,13447
2022-07-13 16:00:00,137.583,137.865,137.097,137.221,23243
2022-07-13 20:00:00,137.22,137.43,137.12,137.43,11659
2022-07-14 00:00:00,137.343,137.969,137.33,137.918,9880
2022-07-14 04:00:00,137.916,138.281,137.771,138.237,13580
2022-07-14 08:00:00,138.237,139.39,138.234,139.075,17018
2022-07-14 12:00:00,139.077,139.226,138.6,139.135,19094
2022-07-14 16:00:00,139.134,139.373,138.707,138.946,23538
2022-07-14 20:00:00,138.944,138.992,138.719,138.928,11388
2022-07-15 00:00:00,138.92,139.123,138.808,138.858,7499
2022-07-15 04:00:00,138.857,139.088,138.766,139.03,10890
2022-07-15 08:00:00,139.029,139.055,138.561,138.811,13868
2022-07-15 12:00:00,138.81,138.929,138.51,138.585,14471
2022-07-15 16:00:00,138.577,138.849,138.392,138.553,18888
2022-07-15 20:00:00,138.551,138.583,138.476,138.538,5029
2022-07-18 00:00:00,138.538,138.57,138.158,138.176,4620
2022-07-18 04:00:00,138.178,138.456,138.028,138.33,8058
2022-07-18 08:00:00,138.33,138.339,137.891,138.109,12842
2022-07-18 12:00:00,138.108,138.415,138.105,138.3,11099
2022-07-18 16:00:00,138.3,138.438,137.969,138.071,13941
2022-07-18 20:00:00,138.071,138.152,137.992,138.129,6822
2022-07-19 00:00:00,138.129,138.392,138.048,138.237,9468
2022-07-19 04:00:00,138.237,138.306,137.937,138.089,8942
2022-07-19 08:00:00,138.088,138.108,137.624,137.721,13113
2022-07-19 12:00:00,137.721,137.761,137.381,137.644,12501
2022-07-19 16:00:00,137.645,138.048,137.444,138.042,15857
2022-07-19 20:00:00,138.041,138.247,138.027,138.183,7074
2022-07-20 00:00:00,138.162,138.373,138.088,138.151,7165
2022-07-20 04:00:00,138.152,138.222,137.916,137.994,8027
2022-07-20 08:00:00,137.993,138.332,137.902,138.254,10820
2022-07-20 12:00:00,138.254,138.254,138.04,138.064,12046
2022-07-20 16:00:00,138.067,138.278,137.963,138.254,12147
2022-07-20 20:00:00,138.257,138.303,138.177,138.273,5762
2022-07-21 00:00:00,138.197,138.553,138.195,138.464,7222
2022-07-21 04:00:00,138.465,138.519,137.995,138.171,12872
2022-07-21 08:00:00,138.174,138.687,138.112,138.658,14902
2022-07-21 12:00:00,138.658,138.876,138.313,138.399,17931
2022-07-21 16:00:00,138.4,138.533,137.711,137.942,22235
2022-07-21 20:00:00,137.943,137.943,137.331,137.332,7695
2022-07-22 00:00:00,137.345,137.558,137.022,137.339,8406
2022-07-22 04:00:00,137.362,137.899,137.299,137.873,9573
2022-07-22 08:00:00,137.874,137.954,137.51,137.637,14647
2022-07-22 12:00:00,137.636,137.636,136.612,136.854,16549
2022-07-22 16:00:00,136.853,136.882,135.569,136.018,20483
2022-07-22 20:00:00,136.019,136.28,135.886,136.163,5889
2022-07-25 00:00:00,136.134,136.607,136.039,136.527,8164
2022-07-25 04:00:00,136.524,136.554,135.889,136.212,11396
2022-07-25 08:00:00,136.211,136.479,136.211,136.411,12077
2022-07-25 12:00:00,136.409,136.745,136.22,136.545,12390
2022-07-25 16:00:00,136.543,136.788,136.415,136.7,12500
2022-07-25 20:00:00,136.703,136.729,136.586,136.652,4988
2022-07-26 00:00:00,136.668,136.672,136.276,136.422,5665
2022-07-26 04:00:00,136.421,136.578,136.304,136.55,7548
2022-07-26 08:00:00,136.548,136.737,136.467,136.545,9833
2022-07-26 12:00:00,136.546,136.84,136.401,136.514,12017
2022-07-26 16:00:00,136.514,136.689,136.284,136.622,14907
2022-07-26 20:00:00,136.621,136.963,136.56,136.96,5432
2022-07-27 00:00:00,136.904,137.12,136.802,137.068,5868
2022-07-27 04:00:00,137.073,137.142,136.882,137.006,7991
2022-07-27 08:00:00,137.005,137.049,136.755,136.805,9164
2022-07-27 12:00:00,136.804,136.986,136.53,136.936,11095
2022-07-27 16:00:00,136.939,137.428,136.789,137.358,12410
2022-07-27 20:00:00,137.358,137.461,136.319,136.617,17594
2022-07-28 00:00:00,136.515,136.578,136.044,136.159,7242
2022-07-28 04:00:00,136.156,136.156,135.102,135.461,15917
2022-07-28 08:00:00,135.461,135.798,135.247,135.308,14702
2022-07-28 12:00:00,135.309,135.745,134.556,134.712,16225
2022-07-28 16:00:00,134.711,134.894,134.339,134.502,20812
2022-07-28 20:00:00,134.505,134.564,134.199,134.219,6906
2022-07-29 00:00:00,134.255,134.676,134.237,134.5,9625
2022-07-29 04:00:00,134.501,134.576,132.973,133.384,16284
2022-07-29 08:00:00,133.385,133.388,132.504,132.986,20575
2022-07-29 12:00:00,132.987,134.243,132.98,134.067,17322
2022-07-29 16:00:00,134.064,134.594,133.215,133.311,20680
2022-07-29 20:00:00,133.311,133.435,133.207,133.227,6702
2022-08-01 00:00:00,133.257,133.558,132.769,132.882,8490
2022-08-01 04:00:00,132.882,132.97,132.066,132.599,14391
2022-08-01 08:00:00,132.6,132.663,132.098,132.345,14115
2022-08-01 12:00:00,132.344,132.504,131.874,132.054,17443
2022-08-01 16:00:00,132.054,132.388,131.601,131.761,19856
2022-08-01 20:00:00,131.761,131.99,131.604,131.612,6319
2022-08-02 00:00:00,131.608,131.729,130.593,130.939,10882
2022-08-02 04:00:00,130.939,130.973,130.401,130.72,14427
2022-08-02 08:00:00,130.719,131.177,130.427,130.872,18926
2022-08-02 12:00:00,130.877,131.078,130.642,130.758,15238
2022-08-02 16:00:00,130.748,132.394,130.7,132.256,24011
2022-08-02 20:00:00,132.261,133.16,132.213,133.118,13239
2022-08-03 00:00:00,133.172,133.9,132.873,133.794,11937
2022-08-03 04:00:00,133.795,133.848,132.283,132.718,16669
2022-08-03 08:00:00,132.717,133.415,132.702,133.203,18462
2022-08-03 12:00:00,133.204,133.7,132.958,133.578,16769
2022-08-03 16:00:00,133.582,134.547,133.46,134.123,22138
2022-08-03 20:00:00,134.124,134.182,133.857,133.88,7949
2022-08-04 00:00:00,133.851,134.137,133.564,133.621,7831
2022-08-04 04:00:00,133.622,133.921,133.423,133.702,10162
2022-08-04 08:00:00,133.702,134.422,133.69,134.301,14899
2022-08-04 12:00:00,134.301,134.386,133.158,133.52,17991
2022-08-04 16:00:00,133.527,133.796,132.942,133.086,20754
2022-08-04 20:00:00,133.093,133.2,132.763,132.963,8548
2022-08-05 00:00:00,132.914,133.14,132.522,132.974,10016
2022-08-05 04:00:00,132.971,133.379,132.95,133.331,10082
2022-08-05 08:00:00,133.331,133.474,133.053,133.083,12220
2022-08-05 12:00:00,133.08,134.849,132.841,134.679,15886
2022-08-05 16:00:00,134.677,135.497,134.624,135.139,23222
2022-08-05 20:00:00,135.139,135.167,134.861,134.986,8557
2022-08-08 00:00:00,135.022,135.576,134.905,135.345,8528
2022-08-08 04:00:00,135.341,135.416,135.06,135.252,12349
2022-08-08 08:00:00,135.253,135.465,134.909,135.127,14555
2022-08-08 12:00:00,135.126,135.204,134.603,134.847,13399
2022-08-08 16:00:00,134.848,134.907,134.359,134.623,15115
2022-08-08 20:00:00,134.623,135.11,134.621,135.005,6313
2022-08-09 00:00:00,135.005,135.036,134.76,134.877,7684
2022-08-09 04:00:00,134.878,135.043,134.668,134.909,9496
2022-08-09 08:00:00,134.908,135.158,134.799,134.899,11584
2022-08-09 12:00:00,134.902,135.19,134.717,134.925,12673
2022-08-09 16:00:00,134.924,135.067,134.855,135.034,11405
2022-08-09 20:00:00,135.035,135.201,134.989,135.152,5320
2022-08-10 00:00:00,135.04,135.303,135.04,135.215,6428
2022-08-10 04:00:00,135.215,135.242,134.891,134.99,9606
2022-08-10 08:00:00,134.988,135.096,134.906,134.97,9991
2022-08-10 12:00:00,134.972,135.084,132.688,133.145,14299
2022-08-10 16:00:00,133.142,133.317,132.03,132.541,24581
2022-08-10 20:00:00,132.539,133.068,132.349,132.879,10021
2022-08-11 00:00:00,132.893,132.958,132.607,132.772,5590
2022-08-11 04:00:00,132.772,133.311,132.769,133.128,9813
2022-08-11 08:00:00,133.126,133.19,132.43,132.514,14609
2022-08-11 12:00:00,132.513,132.71,131.738,131.934,15657
2022-08-11 16:00:00,131.934,132.889,131.879,132.779,20135
2022-08-11 20:00:00,132.776,133.135,132.753,132.984,8703
2022-08-12 00:00:00,133.012,133.442,132.88,133.273,7262
2022-08-12 04:00:00,133.272,133.493,133.096,133.247,11861
2022-08-12 08:00:00,133.248,133.439,133.072,133.234,12915
2022-08-12 12:00:00,133.236,133.893,133.231,133.688,15666
2022-08-12 16:00:00,133.687,133.869,133.437,133.59,17746
2022-08-12 20:00:00,133.586,133.586,133.434,133.489,4076
2022-08-15 00:00:00,133.391,133.594,132.916,133.035,8274
2022-08-15 04:00:00,133.035,133.364,132.994,133.2,11431
2022-08-15 08:00:00,133.202,133.541,133.13,133.37,13210
2022-08-15 12:00:00,133.367,133.493,132.556,132.689,14269
2022-08-15 16:00:00,132.69,133.274,132.558,133.136,13327
2022-08-15 20:00:00,133.136,133.352,133.136,133.3,5023
2022-08-16 00:00:00,133.313,133.317,132.954,133.194,7449
2022-08-16 04:00:00,133.194,133.493,133.167,133.447,11893
2022-08-16 08:00:00,133.446,133.953,133.265,133.939,14432
2022-08-16 12:00:00,133.939,134.684,133.871,134.595,15440
2022-08-16 16:00:00,134.596,134.672,134.204,134.401,13682
2022-08-16 20:00:00,134.4,134.405,134.165,134.237,5105
2022-08-17 00:00:00,134.237,134.432,134.113,134.134,5882
2022-08-17 04:00:00,134.132,134.215,133.907,134.153,10698
2022-08-17 08:00:00,134.154,134.908,134.086,134.811,15428
2022-08-17 12:00:00,134.812,135.391,134.646,135.106,13854
2022-08-17 16:00:00,135.106,135.498,134.94,135.405,14928
2022-08-17 20:00:00,135.401,135.478,134.793,135.083,11321
2022-08-18 00:00:00,135.056,135.181,134.731,134.811,6457
2022-08-18 04:00:00,134.813,135.147,134.763,135.07,9493
2022-08-18 08:00:00,135.07,135.431,134.988,135.206,14244
2022-08-18 12:00:00,135.208,135.346,134.647,134.93,14735
2022-08-18 16:00:00,134.935,135.695,134.848,135.64,15638
2022-08-18 20:00:00,135.637,135.9,135.637,135.88,7369
2022-08-19 00:00:00,135.863,136.374,135.715,136.277,7119
2022-08-19 04:00:00,136.276,136.343,136.073,136.268,9386
2022-08-19 08:00:00,136.271,136.762,136.122,136.477,13217
2022-08-19 12:00:00,136.484,137.138,136.391,136.825,13837
2022-08-19 16:00:00,136.831,137.23,136.722,136.874,11925
2022-08-19 20:00:00,136.874,136.902,136.741,136.88,3959
2022-08-22 00:00:00,136.847,137.279,136.827,137.26,7301
2022-08-22 04:00:00,137.277,137.434,137.109,137.242,8602
2022-08-22 08:00:00,137.24,137.304,136.7,136.936,13828
2022-08-22 12:00:00,136.931,137.247,136.745,137.182,11670
2022-08-22 16:00:00,137.183,137.65,137.022,137.454,13979
2022-08-22 20:00:00,137.453,137.534,137.352,137.523,5260
2022-08-23 00:00:00,137.438,137.709,137.203,137.244,6705
2022-08-23 04:00:00,137.247,137.367,137.081,137.285,8639
2022-08-23 08:00:00,137.281,137.418,137.037,137.212,14186
2022-08-23 12:00:00,137.213,137.644,137.213,137.519,10333
2022-08-23 16:00:00,137.518,137.617,135.808,136.435,19279
2022-08-23 20:00:00,136.436,136.883,136.417,136.741,5867
2022-08-24 00:00:00,136.745,136.946,136.608,136.897,8569
2022-08-24 04:00:00,136.896,137.039,136.357,136.487,11679
2022-08-24 08:00:00,136.486,136.845,136.381,136.46,12133
2022-08-24 12:00:00,136.459,137.016,136.171,136.863,14568
2022-08-24 16:00:00,136.86,137.244,136.697,137.071,16068
2022-08-24 20:00:00,137.072,137.208,137.002,137.115,5197
2022-08-25 00:00:00,137.004,137.199,136.73,136.936,7159
2022-08-25 04:00:00,136.938,136.983,136.585,136.659,12586
2022-08-25 08:00:00,136.658,136.789,136.396,136.473,12599
2022-08-25 12:00:00,136.471,136.838,136.318,136.678,13510
2022-08-25 16:00:00,136.677,136.952,136.609,136.642,13751
2022-08-25 20:00:00,136.642,136.655,136.397,136.492,6019
2022-08-26 00:00:00,136.518,136.745,136.419,136.688,6066
2022-08-26 04:00:00,136.688,136.837,136.613,136.834,8900
2022-08-26 08:00:00,136.835,137.127,136.747,136.913,11226
2022-08-26 12:00:00,136.913,137.043,136.496,136.679,12081
2022-08-26 16:00:00,136.68,137.453,136.187,137.33,23116
2022-08-26 20:00:00,137.329,137.531,137.286,137.504,6781
2022-08-29 00:00:00,137.594,138.392,137.533,138.377,8940
2022-08-29 04:00:00,138.38,138.89,138.25,138.862,12431
2022-08-29 08:00:00,138.862,139.0,138.638,138.699,13457
2022-08-29 12:00:00,138.698,138.743,138.267,138.497,12736
2022-08-29 16:00:00,138.498,138.849,138.326,138.736,13277
2022-08-29 20:00:00,138.73,138.875,138.639,138.717,4931
2022-08-30 00:00:00,138.581,138.771,138.435,138.493,6645
2022-08-30 04:00:00,138.494,138.675,138.343,138.485,12349
2022-08-30 08:00:00,138.487,138.656,138.134,138.278,15178
2022-08-30 12:00:00,138.28,138.497,138.051,138.49,12221
2022-08-30 16:00:00,138.497,139.072,138.169,138.688,17743
2022-08-30 20:00:00,138.687,138.811,138.607,138.8,6792
2022-08-31 00:00:00,138.764,138.842,138.441,138.625,7121
2022-08-31 04:00:00,138.625,138.649,138.329,138.467,9143
2022-08-31 08:00:00,138.468,138.777,138.269,138.58,13202
2022-08-31 12:00:00,138.576,138.89,138.451,138.592,14012
2022-08-31 16:00:00,138.59,138.849,138.448,138.709,16254
2022-08-31 20:00:00,138.71,139.002,138.631,138.954,7195
2022-09-01 00:00:00,138.906,139.583,138.906,139.475,8187
2022-09-01 04:00:00,139.47,139.677,139.356,139.503,11388
2022-09-01 08:00:00,139.502,139.511,139.08,139.215,13637
2022-09-01 12:00:00,139.209,139.7,139.056,139.554,12656
2022-09-01 16:00:00,139.555,140.221,139.384,140.042,16776
2022-09-01 20:00:00,140.042,140.226,139.931,140.201,6504
2022-09-02 00:00:00,140.176,140.255,139.865,140.081,6329
2022-09-02 04:00:00,140.081,140.395,139.933,140.337,9279
2022-09-02 08:00:00,140.338,140.429,140.142,140.33,10784
2022-09-02 12:00:00,140.331,140.798,139.932,140.575,13444
2022-09-02 16:00:00,140.578,140.687,139.909,140.228,18052
2022-09-02 20:00:00,140.228,140.32,140.058,140.223,6279
2022-09-05 00:00:00,140.144,140.55,140.097,140.309,8747
2022-09-05 04:00:00,140.308,140.419,140.114,140.348,14313
2022-09-05 08:00:00,140.352,140.594,140.296,140.539,15140
2022-09-05 12:00:00,140.539,140.648,140.376,140.584,12774
2022-09-05 16:00:00,140.584,140.66,140.481,140.526,6744
2022-09-05 20:00:00,140.525,140.589,140.511,140.571,1701
2022-09-06 00:00:00,140.574,140.586,140.246,140.28,7107
2022-09-06 04:00:00,140.278,140.963,140.278,140.924,11047
2022-09-06 08:00:00,140.926,141.857,140.85,141.687,15951
2022-09-06 12:00:00,141.69,142.396,141.566,142.375,14987
2022-09-06 16:00:00,142.371,143.074,142.3,142.933,18290
2022-09-06 20:00:00,142.934,142.967,142.756,142.792,7129
2022-09-07 00:00:00,142.759,143.59,142.654,143.096,12379
2022-09-07 04:00:00,143.097,144.384,143.044,143.989,22176
2022-09-07 08:00:00,143.977,144.252,143.76,144.05,19074
2022-09-07 12:00:00,144.049,144.988,144.024,144.817,18890
2022-09-07 16:00:00,144.822,144.948,144.147,144.297,17601
2022-09-07 20:00:00,144.297,144.315,143.839,144.092,6646
2022-09-08 00:00:00,143.741,144.555,143.687,144.333,8929
2022-09-08 04:00:00,144.333,144.333,143.693,144.002,13538
2022-09-08 08:00:00,143.995,144.147,143.427,144.039,16727
2022-09-08 12:00:00,144.039,144.164,143.314,144.129,15360
2022-09-08 16:00:00,144.133,144.443,143.727,144.123,19159
2022-09-08 20:00:00,144.122,144.175,143.878,144.078,7411
2022-09-09 00:00:00,144.096,144.12,143.623,143.791,9813
2022-09-09 04:00:00,143.792,143.831,142.447,142.821,19057
2022-09-09 08:00:00,142.811,143.146,141.888,141.958,18542
2022-09-09 12:00:00,141.957,142.822,141.5,142.348,18668
2022-09-09 16:00:00,142.348,142.738,142.152,142.551,20638
2022-09-09 20:00:00,142.552,142.768,142.528,142.632,8489
2022-09-12 00:00:00,142.128,142.954,142.127,142.804,8363
2022-09-12 04:00:00,142.806,143.242,142.328,143.173,13395
2022-09-12 08:00:00,143.174,143.495,142.602,142.687,18756
2022-09-12 12:00:00,142.685,142.869,142.239,142.523,17249
2022-09-12 16:00:00,142.521,142.873,142.157,142.211,16274
2022-09-12 20:00:00,142.206,142.85,142.205,142.828,9196
2022-09-13 00:00:00,142.828,142.833,142.424,142.45,9489
2022-09-13 04:00:00,142.456,142.722,142.318,142.574,14276
2022-09-13 08:00:00,142.574,142.577,142.043,142.251,16803
2022-09-13 12:00:00,142.252,144.447,141.596,144.409,18246
2022-09-13 16:00:00,144.415,144.685,143.788,144.305,25778
2022-09-13 20:00:00,144.305,144.59,144.113,144.538,12884
2022-09-14 00:00:00,144.548,144.953,144.077,144.416,12413
2022-09-14 04:00:00,144.418,144.845,143.654,143.864,16271
2022-09-14 08:00:00,143.862,143.912,142.899,143.338,21640
2022-09-14 12:00:00,143.343,143.724,142.818,143.022,21855
2022-09-14 16:00:00,143.024,143.091,142.549,142.932,18680
2022-09-14 20:00:00,142.931,143.221,142.92,143.17,8387
2022-09-15 00:00:00,143.11,143.27,142.795,143.135,9752
2022-09-15 04:00:00,143.14,143.574,142.914,143.49,16419
2022-09-15 08:00:00,143.49,143.8,143.327,143.43,17097
2022-09-15 12:00:00,143.427,143.72,143.15,143.321,18105
2022-09-15 16:00:00,143.321,143.606,143.165,143.499,20210
2022-09-15 20:00:00,143.496,143.497,143.333,143.445,5662
2022-09-16 00:00:00,143.433,143.524,142.83,143.0,8033
2022-09-16 04:00:00,143.0,143.496,142.858,143.28,12285
2022-09-16 08:00:00,143.279,143.692,143.224,143.357,16297
2022-09-16 12:00:00,143.35,143.383,142.954,143.295,14126
2022-09-16 16:00:00,143.295,143.353,142.863,143.032,17867
2022-09-16 20:00:00,143.03,143.054,142.854,142.958,7066
2022-09-19 00:00:00,142.919,143.121,142.642,142.929,8365
2022-09-19 04:00:00,142.929,143.229,142.904,143.224,10775
2022-09-19 08:00:00,143.223,143.537,143.219,143.466,11767
2022-09-19 12:00:00,143.467,143.642,143.38,143.474,13439
2022-09-19 16:00:00,143.476,143.582,143.169,143.229,14305
2022-09-19 20:00:00,143.228,143.387,143.151,143.201,7767
2022-09-20 00:00:00,143.202,143.339,142.932,143.181,8259
2022-09-20 04:00:00,143.181,143.376,142.946,143.3,10486
2022-09-20 08:00:00,143.301,143.749,143.208,143.656,13390
2022-09-20 12:00:00,143.657,143.815,143.473,143.677,13942
2022-09-20 16:00:00,143.678,143.924,143.596,143.598,14050
2022-09-20 20:00:00,143.598,143.702,143.522,143.67,4870
2022-09-21 00:00:00,143.698,143.755,143.476,143.717,10133
2022-09-21 04:00:00,143.716,144.055,143.628,144.018,14015
2022-09-21 08:00:00,144.018,144.073,143.34,143.745,19417
2022-09-21 12:00:00,143.743,144.203,143.743,143.978,16585
2022-09-21 16:00:00,143.976,144.394,143.875,144.394,14498
2022-09-21 20:00:00,144.391,144.697,143.393,144.044,20004
2022-09-22 00:00:00,143.993,144.551,143.948,144.417,10783
2022-09-22 04:00:00,144.417,145.376,143.477,144.803,20026
2022-09-22 08:00:00,144.805,145.898,140.669,142.076,25308
2022-09-22 12:00:00,142.077,143.394,140.35,140.718,25728
2022-09-22 16:00:00,140.724,142.434,140.724,142.355,22263
2022-09-22 20:00:00,142.355,142.497,142.092,142.39,10517
2022-09-23 00:00:00,142.326,142.589,142.059,142.112,11154
2022-09-23 04:00:00,142.106,142.323,141.759,142.293,15526
2022-09-23 08:00:00,142.292,142.894,142.087,142.866,19526
2022-09-23 12:00:00,142.869,143.263,142.267,142.948,26578
2022-09-23 16:00:00,142.946,143.329,142.73,143.186,21674
2022-09-23 20:00:00,143.187,143.458,143.123,143.334,10688
2022-09-26 00:00:00,143.627,144.082,143.185,143.789,12016
2022-09-26 04:00:00,143.792,144.2,143.663,144.162,19958
2022-09-26 08:00:00,144.16,144.261,143.528,143.836,24123
2022-09-26 12:00:00,143.835,144.375,143.73,143.884,19169
2022-09-26 16:00:00,143.886,144.64,143.864,144.542,20780
2022-09-26 20:00:00,144.543,144.786,144.506,144.717,11076
2022-09-27 00:00:00,144.621,144.73,144.269,144.439,10715
2022-09-27 04:00:00,144.44,144.632,144.317,144.527,17411
2022-09-27 08:00:00,144.526,144.553,144.056,144.384,20238
2022-09-27 12:00:00,144.384,144.719,144.239,144.7,17105
2022-09-27 16:00:00,144.702,144.859,144.518,144.81,20163
2022-09-27 20:00:00,144.811,144.903,144.729,144.841,9241
2022-09-28 00:00:00,144.767,144.869,144.602,144.738,8856
2022-09-28 04:00:00,144.738,144.845,144.389,144.667,15752
2022-09-28 08:00:00,144.663,144.814,144.498,144.709,17322
2022-09-28 12:00:00,144.708,144.822,144.481,144.594,21495
2022-09-28 16:00:00,144.597,144.662,144.037,144.216,21075
2022-09-28 20:00:00,144.214,144.24,143.906,144.127,11580
2022-09-29 00:00:00,144.052,144.466,144.014,144.268,8790
2022-09-29 04:00:00,144.268,144.529,144.203,144.492,13900
2022-09-29 08:00:00,144.49,144.801,144.441,144.762,20345
2022-09-29 12:00:00,144.763,144.795,144.599,144.713,18606
2022-09-29 16:00:00,144.714,144.752,144.26,144.513,18479
2022-09-29 20:00:00,144.515,144.635,144.32,144.447,9421
2022-09-30 00:00:00,144.425,144.742,144.306,144.668,9563
2022-09-30 04:00:00,144.667,144.769,144.492,144.596,13447
2022-09-30 08:00:00,144.594,144.617,144.205,144.272,17290
2022-09-30 12:00:00,144.255,144.714,144.243,144.531,14758
2022-09-30 16:00:00,144.532,144.791,144.44,144.713,16611
2022-09-30 20:00:00,144.712,144.807,144.66,144.796,8612
2022-10-03 00:00:00,144.665,144.886,144.499,144.778,10117
2022-10-03 04:00:00,144.773,145.291,144.643,144.939,14455
2022-10-03 08:00:00,144.94,145.13,144.736,145.041,17903
2022-10-03 12:00:00,145.041,145.208,144.773,144.925,14098
2022-10-03 16:00:00,144.93,144.97,144.155,144.515,17159
2022-10-03 20:00:00,144.517,144.791,144.495,144.564,7284
2022-10-04 00:00:00,144.516,144.753,144.408,144.685,9747
2022-10-04 04:00:00,144.681,144.914,144.665,144.797,14299
2022-10-04 08:00:00,144.798,144.868,144.524,144.745,16447
2022-10-04 12:00:00,144.746,144.932,144.61,144.707,14011
2022-10-04 16:00:00,144.701,144.852,143.949,144.227,16941
2022-10-04 20:00:00,144.227,144.289,143.897,144.156,8660
2022-10-05 00:00:00,144.048,144.243,143.527,143.848,10009
2022-10-05 04:00:00,143.846,144.333,143.783,144.132,17902
2022-10-05 08:00:00,144.126,144.561,143.998,144.366,18485
2022-10-05 12:00:00,144.367,144.548,144.315,144.47,14597
2022-10-05 16:00:00,144.471,144.845,144.428,144.74,17294
2022-10-05 20:00:00,144.742,144.788,144.458,144.459,5254
2022-10-06 00:00:00,144.56,144.643,144.38,144.589,9097
2022-10-06 04:00:00,144.591,144.698,144.493,144.514,11359
2022-10-06 08:00:00,144.512,144.735,144.479,144.65,14980
2022-10-06 12:00:00,144.642,144.772,144.57,144.737,12521
2022-10-06 16:00:00,144.734,145.076,144.699,144.94,16159
2022-10-06 20:00:00,144.938,145.135,144.886,145.126,7509
2022-10-07 00:00:00,145.127,145.131,144.846,144.942,8510
2022-10-07 04:00:00,144.944,145.064,144.901,145.021,12408
2022-10-07 08:00:00,145.019,145.079,144.714,144.825,11724
2022-10-07 12:00:00,144.825,145.346,144.583,145.07,13457
2022-10-07 16:00:00,145.064,145.313,144.944,145.263,16933
2022-10-07 20:00:00,145.264,145.439,145.231,145.385,5396
2022-10-10 00:00:00,145.318,145.666,145.301,145.493,7402
2022-10-10 04:00:00,145.492,145.513,145.335,145.445,10608
2022-10-10 08:00:00,145.442,145.569,145.234,145.507,15877
2022-10-10 12:00:00,145.506,145.599,145.421,145.508,14061
2022-10-10 16:00:00,145.509,145.804,145.442,145.771,15875
2022-10-10 20:00:00,145.771,145.789,145.607,145.72,8507
2022-10-11 00:00:00,145.729,145.747,145.546,145.664,13355
2022-10-11 04:00:00,145.663,145.836,145.604,145.78,20506
2022-10-11 08:00:00,145.782,145.862,145.497,145.686,22472
2022-10-11 12:00:00,145.685,145.763,145.498,145.653,17441
2022-10-11 16:00:00,145.656,145.79,145.426,145.565,20068
2022-10-11 20:00:00,145.561,145.897,145.551,145.844,11790
2022-10-12 00:00:00,145.785,146.231,145.656,146.126,18586
2022-10-12 04:00:00,146.127,146.386,145.993,146.209,25809
2022-10-12 08:00:00,146.21,146.312,146.056,146.287,22037
2022-10-12 12:00:00,146.288,146.822,146.267,146.736,21450
2022-10-12 16:00:00,146.728,146.972,146.685,146.949,21514
2022-10-12 20:00:00,146.95,146.968,146.654,146.915,15976
2022-10-13 00:00:00,146.857,146.887,146.672,146.782,13152
2022-10-13 04:00:00,146.78,146.881,146.751,146.833,16549
2022-10-13 08:00:00,146.833,146.903,146.752,146.826,15950
2022-10-13 12:00:00,146.827,147.505,146.631,147.286,25371
2022-10-13 16:00:00,147.287,147.672,146.45,147.209,44253
2022-10-13 20:00:00,147.207,147.299,146.826,147.216,19762
2022-10-14 00:00:00,146.968,147.454,146.968,147.339,12692
2022-10-14 04:00:00,147.34,147.465,147.087,147.43,21273
2022-10-14 08:00:00,147.433,147.74,147.354,147.685,25143
2022-10-14 12:00:00,147.681,147.88,147.496,147.703,25646
2022-10-14 16:00:00,147.702,148.86,147.679,148.844,36750
2022-10-14 20:00:00,148.841,148.855,148.557,148.749,15902
2022-10-17 00:00:00,148.59,148.721,148.411,148.549,15430
2022-10-17 04:00:00,148.55,148.802,148.538,148.794,17815
2022-10-17 08:00:00,148.795,148.796,148.579,148.711,25325
2022-10-17 12:00:00,148.71,148.893,148.595,148.689,19670
2022-10-17 16:00:00,148.689,148.839,148.572,148.825,25168
2022-10-17 20:00:00,148.825,149.087,148.741,149.02,12513
2022-10-18 00:00:00,148.978,149.032,148.737,148.763,12754
2022-10-18 04:00:00,148.765,148.946,148.669,148.784,20197
2022-10-18 08:00:00,148.784,149.285,148.764,149.273,23508
2022-10-18 12:00:00,149.275,149.287,148.134,148.986,24687
2022-10-18 16:00:00,148.985,149.386,148.94,149.182,23912
2022-10-18 20:00:00,149.18,149.282,149.148,149.237,13987
2022-10-19 00:00:00,149.227,149.26,149.096,149.177,12872
2022-10-19 04:00:00,149.181,149.3,149.119,149.292,16468
2022-10-19 08:00:00,149.291,149.479,149.227,149.416,21832
2022-10-19 12:00:00,149.416,149.774,149.365,149.737,20747
2022-10-19 16:00:00,149.736,149.841,149.621,149.835,18377
2022-10-19 20:00:00,149.836,149.902,149.81,149.894,11298
2022-10-20 00:00:00,149.887,149.937,149.657,149.922,11227
2022-10-20 04:00:00,149.924,149.957,149.849,149.907,15103
2022-10-20 08:00:00,149.908,150.087,149.639,149.944,21934
2022-10-20 12:00:00,149.943,149.944,149.679,149.906,24973
2022-10-20 16:00:00,149.908,149.947,149.548,149.914,23571
2022-10-20 20:00:00,149.914,150.284,149.905,150.144,14005
2022-10-21 00:00:00,150.009,150.218,149.991,150.155,9649
2022-10-21 04:00:00,150.155,150.429,150.149,150.385,15925
2022-10-21 08:00:00,150.384,150.947,150.29,150.933,21830
2022-10-21 12:00:00,150.933,151.94,150.781,151.475,27338
2022-10-21 16:00:00,151.471,151.684,146.153,147.239,68862
2022-10-21 20:00:00,147.238,148.449,146.627,147.637,30508
2022-10-24 00:00:00,147.61,149.705,145.5,148.715,30985
2022-10-24 04:00:00,148.719,149.038,148.518,148.902,27481
2022-10-24 08:00:00,148.903,149.408,148.786,149.325,32946
2022-10-24 12:00:00,149.324,149.462,148.274,149.064,32085
2022-10-24 16:00:00,149.064,149.223,148.656,148.956,38479
2022-10-24 20:00:00,148.953,149.093,148.786,149.018,16490
2022-10-25 00:00:00,148.873,149.099,148.496,148.979,15073
2022-10-25 04:00:00,148.977,149.06,148.782,148.893,17533
2022-10-25 08:00:00,148.894,149.008,148.844,148.87,21163
2022-10-25 12:00:00,148.87,148.989,148.674,148.775,17014
2022-10-25 16:00:00,148.778,148.799,147.516,148.032,43688
2022-10-25 20:00:00,148.036,148.125,147.826,147.935,18826
2022-10-26 00:00:00,147.913,148.36,147.882,148.133,19410
2022-10-26 04:00:00,148.134,148.41,148.083,148.255,19038
2022-10-26 08:00:00,148.254,148.276,146.757,146.99,34193
2022-10-26 12:00:00,146.991,147.356,146.709,147.28,28804
2022-10-26 16:00:00,147.28,147.332,146.227,146.423,40593
2022-10-26 20:00:00,146.426,146.497,146.223,146.371,20698
2022-10-27 00:00:00,146.318,146.458,145.993,146.058,17881
2022-10-27 04:00:00,146.058,146.397,145.77,145.817,21843
2022-10-27 08:00:00,145.817,146.008,145.102,145.95,32497
2022-10-27 12:00:00,145.951,146.933,145.917,146.533,34808
2022-10-27 16:00:00,146.528,146.665,145.662,146.122,46168
2022-10-27 20:00:00,146.123,146.314,145.949,146.256,16509
2022-10-28 00:00:00,146.28,146.633,146.024,146.604,15053
2022-10-28 04:00:00,146.606,146.857,145.974,146.274,29690
2022-10-28 08:00:00,146.274,147.588,146.204,147.436,36519
2022-10-28 12:00:00,147.436,147.859,147.131,147.715,27678
2022-10-28 16:00:00,147.713,147.756,147.244,147.713,31494
2022-10-28 20:00:00,147.714,147.739,147.347,147.477,13107
2022-10-31 00:00:00,147.545,148.28,147.533,148.222,15937
2022-10-31 04:00:00,148.217,148.26,147.807,147.966,17247
2022-10-31 08:00:00,147.964,148.332,147.734,148.257,21167
2022-10-31 12:00:00,148.257,148.787,148.196,148.74,22652
2022-10-31 16:00:00,148.739,148.849,148.428,148.597,24925
2022-10-31 20:00:00,148.596,148.754,148.518,148.74,13895
2022-11-01 00:00:00,148.585,148.822,148.567,148.729,11164
2022-11-01 04:00:00,148.73,148.738,148.124,148.403,25456
2022-11-01 08:00:00,148.401,148.427,147.499,147.543,27326
2022-11-01 12:00:00,147.544,147.776,146.984,147.055,30424
2022-11-01 16:00:00,147.052,148.261,147.021,148.172,38364
2022-11-01 20:00:00,148.171,148.346,148.15,148.239,16040
2022-11-02 00:00:00,148.239,148.368,147.184,147.222,17379
2022-11-02 04:00:00,147.228,147.706,147.159,147.621,23649
2022-11-02 08:00:00,147.619,147.622,147.024,147.156,21546
2022-11-02 12:00:00,147.156,147.399,146.83,147.092,25753
2022-11-02 16:00:00,147.088,147.167,146.856,147.059,21853
2022-11-02 20:00:00,147.06,147.968,145.669,147.925,41753
2022-11-03 00:00:00,147.828,147.997,147.313,147.346,10067
2022-11-03 04:00:00,147.343,147.536,147.108,147.26,17848
2022-11-03 08:00:00,147.257,148.19,147.24,148.122,25607
2022-11-03 12:00:00,148.125,148.445,148.06,148.433,31701
2022-11-03 16:00:00,148.436,148.448,147.607,148.229,36797
2022-11-03 20:00:00,148.235,148.31,148.167,148.266,12619
2022-11-04 00:00:00,148.266,148.402,147.975,148.201,10143
2022-11-04 04:00:00,148.202,148.233,147.849,147.867,17165
2022-11-04 08:00:00,147.865,148.042,147.535,147.713,22885
2022-11-04 12:00:00,147.712,148.203,147.114,147.19,27377
2022-11-04 16:00:00,147.2,147.389,146.56,147.154,42235
2022-11-04 20:00:00,147.151,147.174,146.553,146.65,18651
2022-11-07 00:00:00,146.985,147.215,146.701,147.102,17285
2022-11-07 04:00:00,147.101,147.341,147.041,147.155,11991
2022-11-07 08:00:00,147.154,147.566,146.578,146.707,27959
2022-11-07 12:00:00,146.706,146.788,146.144,146.322,26847
2022-11-07 16:00:00,146.322,146.733,146.082,146.516,32327
2022-11-07 20:00:00,146.517,146.683,146.436,146.642,13369
2022-11-08 00:00:00,146.61,146.781,146.311,146.69,14025
2022-11-08 04:00:00,146.69,146.81,146.51,146.75,12525
2022-11-08 08:00:00,146.754,146.935,146.191,146.213,24530
2022-11-08 12:00:00,146.211,146.55,146.146,146.363,22773
2022-11-08 16:00:00,146.364,146.376,145.309,145.529,32167
2022-11-08 20:00:00,145.531,145.723,145.369,145.684,21223
2022-11-09 00:00:00,145.595,145.855,145.194,145.586,17816
2022-11-09 04:00:00,145.588,145.781,145.169,145.777,19992
2022-11-09 08:00:00,145.779,145.904,145.209,145.768,28180
2022-11-09 12:00:00,145.766,146.462,145.587,146.416,28209
2022-11-09 16:00:00,146.415,146.574,145.816,146.188,35644
2022-11-09 20:00:00,146.185,146.794,146.139,146.394,20983
2022-11-10 00:00:00,146.404,146.469,146.107,146.24,15248
2022-11-10 04:00:00,146.239,146.317,146.047,146.134,16759
2022-11-10 08:00:00,146.135,146.443,146.096,146.421,22250
2022-11-10 12:00:00,146.419,146.589,143.169,143.708,26665
2022-11-10 16:00:00,143.71,143.871,141.464,142.11,52759
2022-11-10 20:00:00,142.096,142.198,140.2,140.974,30099
2022-11-11 00:00:00,140.971,142.481,140.868,142.352,25773
2022-11-11 04:00:00,142.356,142.466,141.328,141.66,21848
2022-11-11 08:00:00,141.658,141.709,139.977,140.029,39177
2022-11-11 12:00:00,140.031,140.092,138.758,139.258,41488
2022-11-11 16:00:00,139.261,139.793,138.68,138.771,38003
2022-11-11 20:00:00,138.771,138.793,138.465,138.77,20598
2022-11-14 00:00:00,139.128,139.917,138.796,139.095,26255
2022-11-14 04:00:00,139.095,139.681,138.898,139.582,23918
2022-11-14 08:00:00,139.582,140.418,139.102,140.384,37248
2022-11-14 12:00:00,140.387,140.801,140.068,140.484,34890
2022-11-14 16:00:00,140.482,140.712,140.208,140.252,37112
2022-11-14 20:00:00,140.251,140.261,139.648,139.902,16740
2022-11-15 00:00:00,139.873,140.509,139.869,140.277,19403
2022-11-15 04:00:00,140.275,140.625,140.188,140.376,19232
2022-11-15 08:00:00,140.381,140.445,139.174,139.369,32764
2022-11-15 12:00:00,139.359,139.467,137.672,138.611,31161
2022-11-15 16:00:00,138.612,139.686,138.332,139.277,39625
2022-11-15 20:00:00,139.277,139.518,138.976,139.338,31959
2022-11-16 00:00:00,139.308,139.914,138.727,139.724,26675
2022-11-16 04:00:00,139.722,140.29,139.597,139.714,30343
2022-11-16 08:00:00,139.712,140.0,139.267,139.391,34112
2022-11-16 12:00:00,139.391,140.042,139.182,139.775,30631
2022-11-16 16:00:00,139.775,139.799,139.043,139.411,30333
2022-11-16 20:00:00,139.413,139.707,139.243,139.565,16784
2022-11-17 00:00:00,139.457,139.6,139.22,139.524,13235
2022-11-17 04:00:00,139.525,139.798,139.359,139.434,17016
2022-11-17 08:00:00,139.433,139.71,138.876,139.625,24104
2022-11-17 12:00:00,139.625,140.596,139.567,140.511,30601
2022-11-17 16:00:00,140.509,140.741,140.178,140.295,28960
2022-11-17 20:00:00,140.295,140.355,140.06,140.187,13707
2022-11-18 00:00:00,140.188,140.498,140.022,140.073,18401
2022-11-18 04:00:00,140.073,140.078,139.648,139.78,18647
2022-11-18 08:00:00,139.781,140.288,139.63,139.947,24542
2022-11-18 12:00:00,139.947,140.077,139.708,139.929,20551
2022-11-18 16:00:00,139.928,140.251,139.687,140.241,24078
2022-11-18 20:00:00,140.24,140.423,140.175,140.376,10929
2022-11-21 00:00:00,140.311,140.494,140.157,140.293,15824
2022-11-21 04:00:00,140.293,140.57,140.289,140.542,15281
2022-11-21 08:00:00,140.544,141.871,140.483,141.836,26212
2022-11-21 12:00:00,141.835,142.056,141.544,141.593,24800
2022-11-21 16:00:00,141.59,142.251,141.313,142.108,25052
2022-11-21 20:00:00,142.109,142.205,142.002,142.101,12755
2022-11-22 00:00:00,142.047,142.237,141.757,141.822,16741
2022-11-22 04:00:00,141.823,141.967,141.634,141.837,15330
2022-11-22 08:00:00,141.838,142.031,141.168,141.279,25118
2022-11-22 12:00:00,141.278,141.465,141.08,141.46,20889
2022-11-22 16:00:00,141.452,141.544,141.145,141.232,20283
2022-11-22 20:00:00,141.23,141.297,141.144,141.22,7890
2022-11-23 00:00:00,141.2,141.437,140.904,141.336,11631
2022-11-23 04:00:00,141.341,141.509,141.198,141.347,11171
2022-11-23 08:00:00,141.349,141.506,141.065,141.342,20176
2022-11-23 12:00:00,141.341,141.608,140.984,141.053,21022
2022-11-23 16:00:00,141.055,141.123,139.557,139.842,35262
2022-11-23 20:00:00,139.838,139.974,139.166,139.612,22539
2022-11-24 00:00:00,139.571,139.598,138.757,138.79,16692
2022-11-24 04:00:00,138.788,138.966,138.608,138.92,17415
2022-11-24 08:00:00,138.919,139.223,138.545,138.57,22590
2022-11-24 12:00:00,138.57,138.592,138.043,138.305,23009
2022-11-24 16:00:00,138.306,138.496,138.091,138.407,17544
2022-11-24 20:00:00,138.407,138.651,138.395,138.623,3426
2022-11-25 00:00:00,138.511,139.049,138.463,138.763,15940
2022-11-25 04:00:00,138.763,138.803,138.371,138.664,17567
2022-11-25 08:00:00,138.673,139.524,138.412,139.389,25964
2022-11-25 12:00:00,139.385,139.593,139.175,139.349,25103
2022-11-25 16:00:00,139.349,139.568,139.019,139.14,24376
2022-11-25 20:00:00,139.141,139.22,138.99,139.133,9267
2022-11-28 00:00:00,139.293,139.421,138.653,138.69,16442
2022-11-28 04:00:00,138.69,138.773,138.333,138.367,18197
2022-11-28 08:00:00,138.367,138.398,137.496,137.77,34557
2022-11-28 12:00:00,137.76,138.749,137.531,138.518,30181
2022-11-28 16:00:00,138.523,138.919,138.315,138.797,33690
2022-11-28 20:00:00,138.797,139.01,138.773,138.906,13900
2022-11-29 00:00:00,138.909,139.351,138.54,138.758,17886
2022-11-29 04:00:00,138.76,138.884,138.417,138.524,22038
2022-11-29 08:00:00,138.519,138.699,137.923,138.123,37420
2022-11-29 12:00:00,138.118,138.628,137.863,138.593,31645
2022-11-29 16:00:00,138.593,138.853,138.212,138.464,33150
2022-11-29 20:00:00,138.465,138.796,138.378,138.684,15354
2022-11-30 00:00:00,138.567,138.948,138.44,138.521,17075
2022-11-30 04:00:00,138.517,138.848,138.373,138.474,17354
2022-11-30 08:00:00,138.474,138.867,138.326,138.763,27085
2022-11-30 12:00:00,138.763,139.431,138.471,139.389,33669
2022-11-30 16:00:00,139.382,139.895,139.043,139.372,42862
2022-11-30 20:00:00,139.374,139.598,137.65,138.093,46089
2022-12-01 00:00:00,137.962,138.11,136.494,136.776,26375
2022-12-01 04:00:00,136.777,136.994,136.202,136.403,25501
2022-12-01 08:00:00,136.401,136.666,135.832,136.337,37765
2022-12-01 12:00:00,136.336,136.494,135.751,136.191,32879
2022-12-01 16:00:00,136.198,136.328,135.308,135.432,46249
2022-12-01 20:00:00,135.432,135.535,135.209,135.344,20829
2022-12-02 00:00:00,135.303,135.597,135.007,135.119,22668
2022-12-02 04:00:00,135.119,135.332,135.033,135.15,17992
2022-12-02 08:00:00,135.15,135.201,133.62,133.988,35994
2022-12-02 12:00:00,133.988,135.983,133.87,135.404,37491
2022-12-02 16:00:00,135.402,135.743,134.438,134.655,43853
2022-12-02 20:00:00,134.654,134.791,134.236,134.316,20975
2022-12-05 00:00:00,134.514,134.768,134.131,134.263,20735
2022-12-05 04:00:00,134.263,134.654,134.195,134.548,17927
2022-12-05 08:00:00,134.549,135.482,134.533,135.234,29083
2022-12-05 12:00:00,135.233,135.742,135.014,135.648,28225
2022-12-05 16:00:00,135.644,136.669,135.602,136.625,40104
2022-12-05 20:00:00,136.626,136.858,136.52,136.781,17956
2022-12-06 00:00:00,136.671,136.839,136.287,136.494,18130
2022-12-06 04:00:00,136.498,137.173,136.477,136.971,23327
2022-12-06 08:00:00,136.97,137.425,136.533,136.77,32888
2022-12-06 12:00:00,136.772,136.774,135.959,136.406,31294
2022-12-06 16:00:00,136.407,136.875,136.31,136.832,31889
2022-12-06 20:00:00,136.833,137.072,136.81,137.049,13729
2022-12-07 00:00:00,136.95,137.359,136.792,136.938,16459
2022-12-07 04:00:00,136.938,137.491,136.833,137.39,20376
2022-12-07 08:00:00,137.39,137.855,137.301,137.619,33653
2022-12-07 12:00:00,137.624,137.733,136.53,136.616,33852
2022-12-07 16:00:00,136.613,136.867,136.266,136.342,42194
2022-12-07 20:00:00,136.343,136.613,136.215,136.598,16715
2022-12-08 00:00:00,136.539,137.036,136.243,136.871,17188
2022-12-08 04:00:00,136.871,137.243,136.716,137.09,18050
2022-12-08 08:00:00,137.09,137.148,136.57,136.978,26859
2022-12-08 12:00:00,136.979,136.988,136.307,136.614,25799
2022-12-08 16:00:00,136.616,136.779,136.316,136.562,31932
2022-12-08 20:00:00,136.56,136.746,136.522,136.679,13179
2022-12-09 00:00:00,136.617,136.875,136.03,136.1,19285
2022-12-09 04:00:00,136.089,136.354,135.762,136.157,21218
2022-12-09 08:00:00,136.156,136.458,135.94,136.204,24255
2022-12-09 12:00:00,136.199,136.684,135.601,136.055,28770
2022-12-09 16:00:00,136.053,136.908,136.004,136.467,34890
2022-12-09 20:00:00,136.467,136.713,136.336,136.573,11441
2022-12-12 00:00:00,136.533,137.096,136.437,136.858,15866
2022-12-12 04:00:00,136.858,137.135,136.785,137.003,12956
2022-12-12 08:00:00,137.002,137.101,136.641,136.651,23523
2022-12-12 12:00:00,136.65,137.258,136.617,137.011,20399
2022-12-12 16:00:00,137.01,137.684,136.907,137.56,27395
2022-12-12 20:00:00,137.559,137.85,137.521,137.625,16895
2022-12-13 00:00:00,137.663,137.893,137.441,137.658,15742
2022-12-13 04:00:00,137.661,137.972,137.527,137.561,14736
2022-12-13 08:00:00,137.553,137.771,137.317,137.675,23738
2022-12-13 12:00:00,137.674,137.833,134.943,135.155,32390
2022-12-13 16:00:00,135.155,135.372,134.653,135.324,49562
2022-12-13 20:00:00,135.323,135.645,135.28,135.578,23134
2022-12-14 00:00:00,135.578,135.734,135.287,135.585,17877
2022-12-14 04:00:00,135.587,135.657,135.365,135.43,11726
2022-12-14 08:00:00,135.429,135.601,135.076,135.209,27615
2022-12-14 12:00:00,135.209,135.217,134.505,134.961,30103
2022-12-14 16:00:00,134.964,135.133,134.746,135.088,28110
2022-12-14 20:00:00,135.09,135.989,134.522,135.477,49540
2022-12-15 00:00:00,135.42,135.538,135.238,135.441,17340
2022-12-15 04:00:00,135.436,135.883,135.429,135.594,15772
2022-12-15 08:00:00,135.594,136.789,135.55,136.565,28507
2022-12-15 12:00:00,136.564,136.924,136.38,136.407,32267
2022-12-15 16:00:00,136.411,138.128,136.176,138.098,45340
2022-12-15 20:00:00,138.086,138.176,137.626,137.797,13790
2022-12-16 00:00:00,137.774,137.797,137.297,137.345,14105
2022-12-16 04:00:00,137.344,137.409,136.949,137.348,18113
2022-12-16 08:00:00,137.349,137.387,136.821,137.184,27272
2022-12-16 12:00:00,137.181,137.236,136.943,137.039,21005
2022-12-16 16:00:00,137.038,137.356,136.396,136.427,31950
2022-12-16 20:00:00,136.427,136.756,136.293,136.724,11531
2022-12-19 00:00:00,136.02,136.603,135.813,135.867,20082
2022-12-19 04:00:00,135.867,136.348,135.768,136.189,19144
2022-12-19 08:00:00,136.188,136.194,135.75,136.121,26072
2022-12-19 12:00:00,136.119,136.709,135.981,136.666,26071
2022-12-19 16:00:00,136.666,137.159,136.512,136.762,23931
2022-12-19 20:00:00,136.761,137.048,136.73,136.915,12429
2022-12-20 00:00:00,136.887,137.475,136.694,137.276,15645
2022-12-20 04:00:00,137.277,137.417,132.926,132.926,50317
2022-12-20 08:00:00,132.917,133.698,131.993,132.056,55652
2022-12-20 12:00:00,132.056,132.903,132.056,132.191,34043
2022-12-20 16:00:00,132.195,132.535,130.567,131.156,45374
2022-12-20 20:00:00,131.159,131.83,131.126,131.7,18808
2022-12-21 00:00:00,131.672,132.314,131.489,132.165,23289
2022-12-21 04:00:00,132.17,132.373,131.913,132.183,20194
2022-12-21 08:00:00,132.181,132.245,131.545,131.664,28508
2022-12-21 12:00:00,131.665,132.346,131.56,132.285,24714
2022-12-21 16:00:00,132.284,132.528,131.797,132.338,29819
2022-12-21 20:00:00,132.341,132.417,132.081,132.398,13829
2022-12-22 00:00:00,132.4,132.462,131.791,131.893,18311
2022-12-22 04:00:00,131.893,131.978,131.64,131.924,16653
2022-12-22 08:00:00,131.925,132.105,131.749,131.983,19361
2022-12-22 12:00:00,131.983,132.496,131.905,132.367,21705
2022-12-22 16:00:00,132.368,132.721,132.165,132.403,26042
2022-12-22 20:00:00,132.404,132.504,132.257,132.34,13315
2022-12-23 00:00:00,132.358,132.814,132.149,132.652,22428
2022-12-23 04:00:00,132.65,132.755,132.575,132.704,16758
2022-12-23 08:00:00,132.704,132.75,132.435,132.59,18266
2022-12-23 12:00:00,132.591,133.01,132.517,132.807,19859
2022-12-23 16:00:00,132.809,133.143,132.729,132.877,26543
2022-12-23 20:00:00,132.878,132.938,132.727,132.798,8918
2022-12-27 00:00:00,132.854,133.179,132.631,132.864,13626
2022-12-27 04:00:00,132.865,132.988,132.782,132.799,11679
2022-12-27 08:00:00,132.799,133.219,132.737,133.174,15775
2022-12-27 12:00:00,133.174,133.5,133.135,133.459,14318
2022-12-27 16:00:00,133.459,133.599,133.176,133.488,18570
2022-12-27 20:00:00,133.488,133.567,133.33,133.483,8525
2022-12-28 00:00:00,133.394,133.941,133.36,133.7,12869
2022-12-28 04:00:00,133.698,134.402,133.698,134.068,16133
2022-12-28 08:00:00,134.068,134.206,133.803,134.033,18245
2022-12-28 12:00:00,134.03,134.066,133.399,133.816,17452
2022-12-28 16:00:00,133.817,134.303,133.627,134.172,22132
2022-12-28 20:00:00,134.172,134.5,134.064,134.46,9249
2022-12-29 00:00:00,134.39,134.401,133.668,133.725,16597
2022-12-29 04:00:00,133.745,133.893,133.491,133.671,13424
2022-12-29 08:00:00,133.671,133.897,133.468,133.613,17135
2022-12-29 12:00:00,133.612,133.825,133.096,133.166,16421
2022-12-29 16:00:00,133.166,133.371,132.904,133.033,23589
2022-12-29 20:00:00,133.028,133.06,132.88,133.021,12909
2022-12-30 00:00:00,133.0,133.091,132.381,132.448,18285
2022-12-30 04:00:00,132.45,132.771,132.444,132.624,11478
2022-12-30 08:00:00,132.623,132.651,131.55,132.111,22391
2022-12-30 12:00:00,132.12,132.12,131.602,131.902,20249
2022-12-30 16:00:00,131.908,132.332,131.002,131.006,34866
2022-12-30 20:00:00,130.999,131.293,130.773,131.111,17948
2023-01-02 00:00:00,130.846,131.041,130.682,130.905,1392
2023-01-02 04:00:00,130.898,130.995,130.886,130.932,1894
2023-01-02 08:00:00,130.928,130.971,130.857,130.873,2891
2023-01-02 12:00:00,130.872,130.894,130.612,130.633,5649
2023-01-02 16:00:00,130.645,130.827,130.614,130.771,21148
2023-01-02 20:00:00,130.775,130.782,130.609,130.616,3378
2023-01-03 00:00:00,130.736,131.403,129.809,130.152,21810
2023-01-03 04:00:00,130.154,130.31,129.512,129.816,23957
2023-01-03 08:00:00,129.812,130.961,129.613,130.416,37946
2023-01-03 12:00:00,130.413,131.201,130.361,130.655,30605
2023-01-03 16:00:00,130.654,131.108,130.049,130.792,34351
2023-01-03 20:00:00,130.793,131.037,130.574,131.014,10815
2023-01-04 00:00:00,131.018,131.468,130.581,130.646,21360
2023-01-04 04:00:00,130.647,130.995,130.617,130.852,16663
2023-01-04 08:00:00,130.851,130.878,129.922,130.421,35307
2023-01-04 12:00:00,130.421,130.979,130.276,130.708,26763
2023-01-04 16:00:00,130.706,132.716,130.698,132.547,40224
2023-01-04 20:00:00,132.549,132.716,132.385,132.671,22695
2023-01-05 00:00:00,132.537,132.583,131.68,131.972,19612
2023-01-05 04:00:00,131.974,132.624,131.923,132.478,21443
2023-01-05 08:00:00,132.481,132.902,132.242,132.533,27964
2023-01-05 12:00:00,132.525,133.723,132.326,133.686,30033
2023-01-05 16:00:00,133.685,134.055,133.07,133.247,38383
2023-01-05 20:00:00,133.246,133.446,132.947,133.443,19100
2023-01-06 00:00:00,133.391,133.808,133.269,133.802,15902
2023-01-06 04:00:00,133.809,134.374,133.58,134.159,17368
2023-01-06 08:00:00,134.169,134.596,133.7,134.412,27926
2023-01-06 12:00:00,134.413,134.774,133.234,133.372,32736
2023-01-06 16:00:00,133.367,134.101,132.079,132.109,48340
2023-01-06 20:00:00,132.106,132.209,131.99,132.138,12800
2023-01-09 00:00:00,131.912,132.281,131.591,131.743,20055
2023-01-09 04:00:00,131.741,131.911,131.302,131.842,17895
2023-01-09 08:00:00,131.843,132.573,131.614,132.442,29107
2023-01-09 12:00:00,132.442,132.654,131.725,131.779,28655
2023-01-09 16:00:00,131.78,132.07,131.55,131.758,31096
2023-01-09 20:00:00,131.756,131.889,131.53,131.874,15550
2023-01-10 00:00:00,131.749,132.221,131.378,131.519,20927
2023-01-10 04:00:00,131.516,132.032,131.489,131.77,19643
2023-01-10 08:00:00,131.769,132.289,131.693,131.819,29594
2023-01-10 12:00:00,131.82,132.479,131.814,132.288,24504
2023-01-10 16:00:00,132.288,132.342,131.725,132.205,38237
2023-01-10 20:00:00,132.205,132.302,132.148,132.227,12368
2023-01-11 00:00:00,132.139,132.526,132.062,132.392,19429
2023-01-11 04:00:00,132.393,132.579,132.13,132.259,14685
2023-01-11 08:00:00,132.259,132.745,132.158,132.48,23497
2023-01-11 12:00:00,132.48,132.87,132.311,132.695,21799
2023-01-11 16:00:00,132.695,132.748,132.381,132.482,23020
2023-01-11 20:00:00,132.483,132.699,132.277,132.503,16149
2023-01-12 00:00:00,132.406,132.475,131.535,131.666,24239
2023-01-12 04:00:00,131.666,131.809,131.362,131.634,17438
2023-01-12 08:00:00,131.631,131.901,130.853,130.956,28801
2023-01-12 12:00:00,130.956,131.214,129.501,129.649,37189
2023-01-12 16:00:00,129.647,130.782,129.175,129.192,56767
2023-01-12 20:00:00,129.192,129.443,128.859,129.342,26269
2023-01-13 00:00:00,129.2,129.419,128.636,128.932,30319
2023-01-13 04:00:00,128.931,129.301,128.922,129.163,25540
2023-01-13 08:00:00,129.165,129.168,128.106,128.523,42797
2023-01-13 12:00:00,128.521,128.827,128.17,128.239,33680
2023-01-13 16:00:00,128.238,128.325,127.457,127.705,39935
2023-01-13 20:00:00,127.706,127.943,127.671,127.858,14077
2023-01-16 00:00:00,127.744,128.198,127.533,127.68,25989
2023-01-16 04:00:00,127.678,127.782,127.216,127.606,25700
2023-01-16 08:00:00,127.605,128.865,127.577,128.372,36285
2023-01-16 12:00:00,128.37,128.566,128.114,128.425,23440
2023-01-16 16:00:00,128.427,128.764,128.366,128.709,18250
2023-01-16 20:00:00,128.711,128.719,128.433,128.507,8059
2023-01-17 00:00:00,128.49,128.956,128.21,128.807,22684
2023-01-17 04:00:00,128.811,129.158,128.572,128.648,23085
2023-01-17 08:00:00,128.648,129.024,128.385,128.784,33208
2023-01-17 12:00:00,128.785,129.122,128.323,128.71,33444
2023-01-17 16:00:00,128.709,128.719,127.992,128.242,39431
2023-01-17 20:00:00,128.242,128.445,128.107,128.166,13845
2023-01-18 00:00:00,128.086,129.044,128.077,128.564,20545
2023-01-18 04:00:00,128.563,131.576,128.374,130.814,46905
2023-01-18 08:00:00,130.812,131.233,129.197,129.392,55572
2023-01-18 12:00:00,129.391,129.588,127.997,128.124,46324
2023-01-18 16:00:00,128.126,128.953,127.563,128.814,46946
2023-01-18 20:00:00,128.812,128.901,128.607,128.889,17724
2023-01-19 00:00:00,128.828,128.862,128.281,128.575,20970
2023-01-19 04:00:00,128.572,128.634,127.758,127.975,18824
2023-01-19 08:00:00,127.98,128.402,127.762,128.323,27655
2023-01-19 12:00:00,128.323,128.821,128.304,128.385,29752
2023-01-19 16:00:00,128.389,128.624,128.231,128.565,27418
2023-01-19 20:00:00,128.562,128.63,128.299,128.434,14304
2023-01-20 00:00:00,128.405,128.89,128.345,128.837,15965
2023-01-20 04:00:00,128.838,129.298,128.702,129.169,15984
2023-01-20 08:00:00,129.166,129.493,128.727,129.469,25011
2023-01-20 12:00:00,129.469,130.612,129.169,130.602,31142
2023-01-20 16:00:00,130.6,130.612,129.625,129.734,28792
2023-01-20 20:00:00,129.736,129.786,129.446,129.588,11844
2023-01-23 00:00:00,129.479,129.655,129.064,129.203,15678
2023-01-23 04:00:00,129.203,129.89,129.038,129.854,14741
2023-01-23 08:00:00,129.85,130.315,129.614,129.831,28858
2023-01-23 12:00:00,129.83,130.636,129.711,130.498,25626
2023-01-23 16:00:00,130.498,130.887,130.431,130.642,30368
2023-01-23 20:00:00,130.642,130.713,130.554,130.679,12512
2023-01-24 00:00:00,130.623,130.727,130.245,130.256,12450
2023-01-24 04:00:00,130.256,130.444,130.063,130.14,11926
2023-01-24 08:00:00,130.144,130.386,129.724,130.111,23907
2023-01-24 12:00:00,130.118,130.486,130.047,130.427,19383
2023-01-24 16:00:00,130.428,131.115,129.865,130.017,33113
2023-01-24 20:00:00,130.016,130.19,129.972,130.173,11156
2023-01-25 00:00:00,130.171,130.46,130.032,130.267,13272
2023-01-25 04:00:00,130.265,130.584,130.106,130.438,13386
2023-01-25 08:00:00,130.439,130.49,129.803,129.849,21200
2023-01-25 12:00:00,129.851,130.099,129.554,129.955,23477
2023-01-25 16:00:00,129.956,130.001,129.262,129.611,31075
2023-01-25 20:00:00,129.611,129.674,129.415,129.571,12941
2023-01-26 00:00:00,129.605,129.605,129.095,129.211,17173
2023-01-26 04:00:00,129.217,129.586,129.022,129.326,13022
2023-01-26 08:00:00,129.325,129.994,129.196,129.954,23898
2023-01-26 12:00:00,129.955,130.297,129.622,129.869,24978
2023-01-26 16:00:00,129.867,130.616,129.7,130.335,33552
2023-01-26 20:00:00,130.332,130.332,130.05,130.228,11634
2023-01-27 00:00:00,130.218,130.226,129.496,129.687,25337
2023-01-27 04:00:00,129.689,130.154,129.608,129.979,13152
2023-01-27 08:00:00,129.977,130.267,129.714,129.849,19398
2023-01-27 12:00:00,129.85,129.997,129.558,129.735,20703
2023-01-27 16:00:00,129.725,130.066,129.638,129.911,27366
2023-01-27 20:00:00,129.912,129.951,129.81,129.831,9046
2023-01-30 00:00:00,129.636,130.292,129.636,130.223,17617
2023-01-30 04:00:00,130.232,130.267,129.203,129.637,22607
2023-01-30 08:00:00,129.636,130.181,129.413,129.969,26608
2023-01-30 12:00:00,129.966,130.255,129.85,130.135,20919
2023-01-30 16:00:00,130.135,130.469,130.095,130.412,23743
2023-01-30 20:00:00,130.414,130.57,130.345,130.432,9914
2023-01-31 00:00:00,130.436,130.531,130.112,130.131,15171
2023-01-31 04:00:00,130.127,130.402,130.061,130.185,12405
2023-01-31 08:00:00,130.184,130.428,130.04,130.392,21189
2023-01-31 12:00:00,130.391,130.495,129.806,129.895,23556
2023-01-31 16:00:00,129.893,130.356,129.741,130.195,29870
2023-01-31 20:00:00,130.194,130.23,130.063,130.09,11622
2023-02-01 00:00:00,130.028,130.204,129.86,130.02,8643
2023-02-01 04:00:00,130.019,130.321,129.979,130.291,10070
2023-02-01 08:00:00,130.291,130.41,129.801,129.879,20021
2023-02-01 12:00:00,129.88,129.964,129.311,129.377,22357
2023-02-01 16:00:00,129.379,129.683,129.186,129.233,28475
2023-02-01 20:00:00,129.234,129.875,128.56,128.924,43537
2023-02-02 00:00:00,128.906,128.948,128.175,128.601,19618
2023-02-02 04:00:00,128.602,128.64,128.397,128.602,12655
2023-02-02 08:00:00,128.597,129.138,128.539,128.922,23150
2023-02-02 12:00:00,128.921,129.011,128.082,128.423,33724
2023-02-02 16:00:00,128.42,128.912,128.083,128.489,38486
2023-02-02 20:00:00,128.489,128.764,128.417,128.719,14712
2023-02-03 00:00:00,128.656,128.827,128.534,128.705,13416
2023-02-03 04:00:00,128.706,128.709,128.445,128.608,13345
2023-02-03 08:00:00,128.608,128.722,128.473,128.558,19893
2023-02-03 12:00:00,128.559,130.204,128.329,129.946,25331
2023-02-03 16:00:00,129.947,131.195,129.849,131.05,45124
2023-02-03 20:00:00,131.049,131.203,130.965,131.182,11877
2023-02-06 00:00:00,132.2,132.385,131.508,132.275,18088
2023-02-06 04:00:00,132.279,132.373,131.579,131.728,19294
2023-02-06 08:00:00,131.726,132.096,131.583,131.941,25176
2023-02-06 12:00:00,131.942,132.607,131.913,132.55,25737
2023-02-06 16:00:00,132.55,132.907,132.382,132.774,29890
2023-02-06 20:00:00,132.773,132.79,132.444,132.654,12179
2023-02-07 00:00:00,132.635,132.708,132.23,132.295,14292
2023-02-07 04:00:00,132.294,132.406,132.14,132.255,12464
2023-02-07 08:00:00,132.254,132.322,131.692,131.806,28787
2023-02-07 12:00:00,131.807,132.243,131.766,131.888,24082
2023-02-07 16:00:00,131.892,132.07,130.474,130.566,38222
2023-02-07 20:00:00,130.565,131.481,130.49,131.106,35532
2023-02-08 00:00:00,131.055,131.236,130.722,131.202,16841
2023-02-08 04:00:00,131.201,131.382,131.031,131.096,13355
2023-02-08 08:00:00,131.095,131.374,130.595,130.671,29031
2023-02-08 12:00:00,130.67,131.325,130.648,131.251,21499
2023-02-08 16:00:00,131.254,131.539,131.082,131.261,28937
2023-02-08 20:00:00,131.261,131.461,131.086,131.45,14688
2023-02-09 00:00:00,131.408,131.828,131.232,131.525,14419
2023-02-09 04:00:00,131.524,131.733,130.761,131.376,11669
2023-02-09 08:00:00,131.375,131.433,130.808,130.84,25812
2023-02-09 12:00:00,130.837,131.115,130.34,130.402,23913
2023-02-09 16:00:00,130.398,131.316,130.398,131.149,32414
2023-02-09 20:00:00,131.147,131.65,131.136,131.522,20045
2023-02-10 00:00:00,131.559,131.887,131.353,131.623,21381
2023-02-10 04:00:00,131.627,131.808,131.468,131.55,19030
2023-02-10 08:00:00,131.549,131.634,129.804,130.936,45969
2023-02-10 12:00:00,130.938,131.182,130.578,130.716,27001
2023-02-10 16:00:00,130.712,131.575,130.63,131.495,33380
2023-02-10 20:00:00,131.498,131.6,131.361,131.376,13300
2023-02-13 00:00:00,131.346,131.936,131.346,131.681,12416
2023-02-13 04:00:00,131.68,132.214,131.652,132.185,14185
2023-02-13 08:00:00,132.184,132.771,132.01,132.682,24610
2023-02-13 12:00:00,132.682,132.822,132.351,132.71,21920
2023-02-13 16:00:00,132.709,132.912,132.479,132.574,26318
2023-02-13 20:00:00,132.574,132.596,132.257,132.401,11037
2023-02-14 00:00:00,132.395,132.455,131.996,132.049,14835
2023-02-14 04:00:00,132.048,132.2,131.784,131.869,14211
2023-02-14 08:00:00,131.876,132.143,131.831,132.018,25728
2023-02-14 12:00:00,132.017,132.89,131.504,132.264,37113
2023-02-14 16:00:00,132.271,133.314,132.106,133.08,51165
2023-02-14 20:00:00,133.08,133.225,132.842,133.085,18315
2023-02-15 00:00:00,133.114,133.121,132.543,132.622,13318
2023-02-15 04:00:00,132.629,133.175,132.618,133.092,13169
2023-02-15 08:00:00,133.097,133.485,132.961,133.362,24248
2023-02-15 12:00:00,133.362,134.134,133.205,133.9,26770
2023-02-15 16:00:00,133.898,134.355,133.859,134.289,32441
2023-02-15 20:00:00,134.289,134.354,134.086,134.154,13671
2023-02-16 00:00:00,134.133,134.164,133.775,133.859,17433
2023-02-16 04:00:00,133.856,133.984,133.634,133.891,15060
2023-02-16 08:00:00,133.888,134.01,133.6,133.869,24209
2023-02-16 12:00:00,133.869,134.346,133.768,134.258,24166
2023-02-16 16:00:00,134.262,134.464,133.796,133.913,32747
2023-02-16 20:00:00,133.914,134.033,133.682,133.941,20048
2023-02-17 00:00:00,133.974,134.67,133.928,134.634,11784
2023-02-17 04:00:00,134.634,134.808,134.511,134.741,12247
2023-02-17 08:00:00,134.742,135.029,134.637,134.827,21453
2023-02-17 12:00:00,134.83,135.118,134.534,134.638,24323
2023-02-17 16:00:00,134.637,134.683,134.068,134.264,32167
2023-02-17 20:00:00,134.263,134.293,134.052,134.148,11073
2023-02-20 00:00:00,134.206,134.537,134.19,134.472,14419
2023-02-20 04:00:00,134.476,134.534,133.952,134.092,14651
2023-02-20 08:00:00,134.094,134.368,133.991,134.189,21514
2023-02-20 12:00:00,134.185,134.262,133.921,134.06,17953
2023-02-20 16:00:00,134.059,134.24,133.93,134.233,11435
2023-02-20 20:00:00,134.234,134.295,134.192,134.281,2371
2023-02-21 00:00:00,134.231,134.477,134.146,134.307,12566
2023-02-21 04:00:00,134.295,134.494,134.156,134.314,11230
2023-02-21 08:00:00,134.313,134.848,134.312,134.584,24452
2023-02-21 12:00:00,134.582,134.894,134.513,134.864,21438
2023-02-21 16:00:00,134.86,135.228,134.675,134.831,32195
2023-02-21 20:00:00,134.83,135.04,134.792,135.018,10513
2023-02-22 00:00:00,134.967,135.06,134.55,134.705,15061
2023-02-22 04:00:00,134.703,134.97,134.668,134.769,11703
2023-02-22 08:00:00,134.768,134.993,134.592,134.884,22727
2023-02-22 12:00:00,134.883,134.961,134.364,134.547,25055
2023-02-22 16:00:00,134.555,134.801,134.393,134.737,26459
2023-02-22 20:00:00,134.736,134.985,134.611,134.912,21972
2023-02-23 00:00:00,134.858,134.961,134.744,134.797,9070
2023-02-23 04:00:00,134.797,134.888,134.705,134.836,6603
2023-02-23 08:00:00,134.832,134.926,134.714,134.867,16790
2023-02-23 12:00:00,134.867,135.368,134.829,135.27,21563
2023-02-23 16:00:00,135.271,135.304,134.625,134.807,30780
2023-02-23 20:00:00,134.807,134.874,134.486,134.696,11690
2023-02-24 00:00:00,134.691,134.921,134.059,134.777,24764
2023-02-24 04:00:00,134.779,134.821,134.572,134.598,16966
2023-02-24 08:00:00,134.598,135.257,134.51,135.145,23773
2023-02-24 12:00:00,135.145,135.985,135.072,135.877,27728
2023-02-24 16:00:00,135.878,136.478,135.878,136.452,36314
2023-02-24 20:00:00,136.451,136.517,136.346,136.484,13582
2023-02-27 00:00:00,136.488,136.555,136.083,136.131,13799
2023-02-27 04:00:00,136.132,136.448,136.002,136.35,12121
2023-02-27 08:00:00,136.344,136.438,135.998,136.385,23415
2023-02-27 12:00:00,136.387,136.442,135.93,136.066,20690
2023-02-27 16:00:00,136.063,136.299,135.912,136.181,23101
2023-02-27 20:00:00,136.18,136.27,136.076,136.231,8963
2023-02-28 00:00:00,136.155,136.354,136.111,136.204,12171
2023-02-28 04:00:00,136.205,136.371,136.152,136.309,11956
2023-02-28 08:00:00,136.309,136.845,136.214,136.735,22871
2023-02-28 12:00:00,136.73,136.909,136.599,136.706,19800
2023-02-28 16:00:00,136.705,136.917,135.736,135.806,29764
2023-02-28 20:00:00,135.805,136.227,135.782,136.222,11466
2023-03-01 00:00:00,136.11,136.467,136.084,136.291,14652
2023-03-01 04:00:00,136.292,136.434,136.276,136.421,9705
2023-03-01 08:00:00,136.421,136.442,135.61,135.84,27186
2023-03-01 12:00:00,135.839,135.922,135.256,135.743,25441
2023-03-01 16:00:00,135.744,136.321,135.693,135.942,29062
2023-03-01 20:00:00,135.94,136.261,135.94,136.221,9689
2023-03-02 00:00:00,136.157,136.446,136.019,136.321,14525
2023-03-02 04:00:00,136.319,136.678,136.192,136.631,13055
2023-03-02 08:00:00,136.629,136.873,136.234,136.466,26962
2023-03-02 12:00:00,136.479,137.097,136.433,137.05,26509
2023-03-02 16:00:00,137.049,137.06,136.549,136.941,25860
2023-03-02 20:00:00,136.94,136.978,136.591,136.755,15271
2023-03-03 00:00:00,136.752,136.768,136.496,136.622,13307
2023-03-03 04:00:00,136.621,136.716,136.499,136.657,10193
2023-03-03 08:00:00,136.655,136.655,136.115,136.154,22669
2023-03-03 12:00:00,136.152,136.337,135.822,135.911,21156
2023-03-03 16:00:00,135.913,136.418,135.804,136.107,27739
2023-03-03 20:00:00,136.107,136.136,135.744,135.828,10579
2023-03-06 00:00:00,135.94,136.05,135.621,135.772,22922
2023-03-06 04:00:00,135.772,135.888,135.365,135.783,11590
2023-03-06 08:00:00,135.783,136.126,135.528,136.091,21082
2023-03-06 12:00:00,136.092,136.189,135.726,135.872,21480
2023-03-06 16:00:00,135.873,135.997,135.634,135.923,19784
2023-03-06 20:00:00,135.924,136.093,135.877,135.933,8659
2023-03-07 00:00:00,135.909,136.177,135.879,136.017,7791
2023-03-07 04:00:00,136.018,136.066,135.831,135.99,10581
2023-03-07 08:00:00,135.99,135.994,135.54,135.859,20997
2023-03-07 12:00:00,135.859,136.259,135.839,136.143,18710
2023-03-07 16:00:00,136.142,136.952,136.114,136.855,40585
2023-03-07 20:00:00,136.854,137.196,136.764,137.158,12493
2023-03-08 00:00:00,137.158,137.498,137.038,137.317,13797
2023-03-08 04:00:00,137.318,137.913,137.308,137.712,13114
2023-03-08 08:00:00,137.712,137.737,137.438,137.556,19834
2023-03-08 12:00:00,137.557,137.68,137.034,137.063,20848
2023-03-08 16:00:00,137.063,137.221,136.477,137.199,30047
2023-03-08 20:00:00,137.199,137.436,137.139,137.38,8837
2023-03-09 00:00:00,137.334,137.348,136.796,137.122,10051
2023-03-09 04:00:00,137.122,137.135,136.731,136.825,7976
2023-03-09 08:00:00,136.824,136.892,136.106,136.194,17217
2023-03-09 12:00:00,136.193,136.399,135.941,136.088,22477
2023-03-09 16:00:00,136.088,136.482,135.996,136.227,22985
2023-03-09 20:00:00,136.226,136.246,135.988,136.12,15869
2023-03-10 00:00:00,136.128,136.424,135.812,135.954,17924
2023-03-10 04:00:00,135.954,136.974,135.868,136.639,25852
2023-03-10 08:00:00,136.64,136.856,136.088,136.78,30659
2023-03-10 12:00:00,136.78,136.994,135.847,136.26,31925
2023-03-10 16:00:00,136.262,136.365,134.111,134.738,54329
2023-03-10 20:00:00,134.737,135.136,134.672,135.066,20751
2023-03-13 00:00:00,134.412,135.052,133.542,134.378,25134
2023-03-13 04:00:00,134.378,134.83,133.68,134.149,30582
2023-03-13 08:00:00,134.148,134.693,133.76,133.806,34540
2023-03-13 12:00:00,133.806,133.955,132.282,132.54,63457
2023-03-13 16:00:00,132.54,133.41,132.415,133.055,52253
2023-03-13 20:00:00,133.057,133.617,132.949,133.22,28086
2023-03-14 00:00:00,133.211,133.356,133.027,133.237,17108
2023-03-14 04:00:00,133.242,134.029,133.226,133.86,21442
2023-03-14 08:00:00,133.862,134.331,133.185,134.088,36350
2023-03-14 12:00:00,134.088,134.647,133.839,134.053,42172
2023-03-14 16:00:00,134.053,134.902,133.979,134.409,40481
2023-03-14 20:00:00,134.405,134.413,133.981,134.242,25888
2023-03-15 00:00:00,134.207,134.596,134.173,134.431,14434
2023-03-15 04:00:00,134.431,134.542,134.029,134.519,17675
2023-03-15 08:00:00,134.519,135.11,134.464,134.665,28872
2023-03-15 12:00:00,134.665,134.719,132.522,132.66,62454
2023-03-15 16:00:00,132.667,133.309,132.213,132.709,57115
2023-03-15 20:00:00,132.708,133.774,132.602,133.439,41952
2023-03-16 00:00:00,133.366,133.43,132.499,133.335,19991
2023-03-16 04:00:00,133.334,133.493,132.561,132.773,27080
2023-03-16 08:00:00,132.775,133.222,132.559,132.9,35454
2023-03-16 12:00:00,132.897,133.087,132.16,132.314,36365
2023-03-16 16:00:00,132.313,133.471,131.715,133.442,60868
2023-03-16 20:00:00,133.44,133.825,133.381,133.747,27339
2023-03-17 00:00:00,133.738,133.738,133.329,133.386,13446
2023-03-17 04:00:00,133.386,133.467,133.024,133.054,18608
2023-03-17 08:00:00,133.056,133.352,132.745,133.236,29316
2023-03-17 12:00:00,133.237,133.277,132.017,132.272,35085
2023-03-17 16:00:00,132.273,132.485,131.812,132.205,45074
2023-03-17 20:00:00,132.204,132.312,131.555,131.816,24902
2023-03-20 00:00:00,131.849,132.635,131.662,132.612,21572
2023-03-20 04:00:00,132.615,132.651,131.749,131.814,24560
2023-03-20 08:00:00,131.814,131.985,130.538,130.889,43914
2023-03-20 12:00:00,130.89,131.62,130.814,131.529,43816
2023-03-20 16:00:00,131.525,131.844,131.253,131.619,41881
2023-03-20 20:00:00,131.618,131.74,131.269,131.335,17386
2023-03-21 00:00:00,131.29,131.604,131.093,131.169,11746
2023-03-21 04:00:00,131.165,131.412,131.032,131.256,14008
2023-03-21 08:00:00,131.255,132.26,131.177,132.181,26598
2023-03-21 12:00:00,132.182,132.454,132.012,132.23,25696
2023-03-21 16:00:00,132.239,132.471,131.788,132.415,28107
2023-03-21 20:00:00,132.412,132.629,132.37,132.474,14646
2023-03-22 00:00:00,132.44,132.702,132.255,132.527,18227
2023-03-22 04:00:00,132.528,132.779,132.252,132.477,16413
2023-03-22 08:00:00,132.477,132.64,132.291,132.491,18592
2023-03-22 12:00:00,132.489,133.001,132.342,132.785,18805
2023-03-22 16:00:00,132.785,132.839,132.422,132.582,18404
2023-03-22 20:00:00,132.583,132.669,131.004,131.461,40766
2023-03-23 00:00:00,131.391,131.489,130.837,130.899,16672
2023-03-23 04:00:00,130.898,130.974,130.417,130.728,19598
2023-03-23 08:00:00,130.73,131.248,130.551,131.195,27381
2023-03-23 12:00:00,131.198,131.661,131.073,131.481,25358
2023-03-23 16:00:00,131.482,131.485,130.655,130.764,26044
2023-03-23 20:00:00,130.764,131.038,130.321,130.896,27564
2023-03-24 00:00:00,130.763,130.94,130.52,130.52,12210
2023-03-24 04:00:00,130.522,130.682,130.07,130.1,22071
2023-03-24 08:00:00,130.099,130.477,129.924,130.075,27766
2023-03-24 12:00:00,130.076,130.252,129.638,130.162,38016
2023-03-24 16:00:00,130.163,130.896,130.048,130.769,37176
2023-03-24 20:00:00,130.768,130.859,130.645,130.723,13060
2023-03-27 00:00:00,130.514,130.962,130.494,130.778,13384
2023-03-27 04:00:00,130.779,131.049,130.496,130.707,15157
2023-03-27 08:00:00,130.706,131.362,130.699,131.075,26380
2023-03-27 12:00:00,131.074,131.745,131.057,131.705,22459
2023-03-27 16:00:00,131.705,131.723,131.325,131.599,18912
2023-03-27 20:00:00,131.598,131.759,131.514,131.567,9114
2023-03-28 00:00:00,131.544,131.558,130.624,130.791,12856
2023-03-28 04:00:00,130.79,130.89,130.53,130.617,17362
2023-03-28 08:00:00,130.615,131.296,130.503,131.047,24541
2023-03-28 12:00:00,131.046,131.184,130.404,130.653,19632
2023-03-28 16:00:00,130.653,131.183,130.652,130.96,20318
2023-03-28 20:00:00,130.961,130.962,130.567,130.922,9562
2023-03-29 00:00:00,130.864,131.356,130.756,131.305,12424
2023-03-29 04:00:00,131.307,131.795,131.28,131.707,17429
2023-03-29 08:00:00,131.707,132.094,131.658,131.988,20785
2023-03-29 12:00:00,131.988,132.586,131.596,132.518,21308
2023-03-29 16:00:00,132.518,132.719,132.187,132.646,23697
2023-03-29 20:00:00,132.644,132.889,132.548,132.834,9579
2023-03-30 00:00:00,132.759,132.787,132.456,132.643,12479
2023-03-30 04:00:00,132.643,132.809,132.535,132.57,12078
2023-03-30 08:00:00,132.57,132.635,132.205,132.534,24042
2023-03-30 12:00:00,132.535,132.892,132.403,132.768,21364
2023-03-30 16:00:00,132.765,132.965,132.36,132.384,19144
2023-03-30 20:00:00,132.385,132.709,132.315,132.7,7554
2023-03-31 00:00:00,132.678,133.509,132.573,133.238,15941
2023-03-31 04:00:00,133.24,133.289,132.686,132.748,14360
2023-03-31 08:00:00,132.749,133.593,132.747,133.485,22913
2023-03-31 12:00:00,133.469,133.482,132.749,133.08,21995
2023-03-31 16:00:00,133.079,133.313,132.71,132.761,24704
2023-03-31 20:00:00,132.761,132.961,132.618,132.816,9082
2023-04-03 00:00:00,133.253,133.382,132.921,133.034,19135
2023-04-03 04:00:00,133.03,133.492,132.816,133.469,16281
2023-04-03 08:00:00,133.468,133.754,133.335,133.44,20220
2023-04-03 12:00:00,133.437,133.531,132.842,133.097,19685
2023-04-03 16:00:00,133.102,133.14,132.2,132.452,24882
2023-04-03 20:00:00,132.451,132.572,132.276,132.405,8934
2023-04-04 00:00:00,132.411,132.601,132.168,132.554,11604
2023-04-04 04:00:00,132.553,132.942,132.544,132.743,13781
2023-04-04 08:00:00,132.745,132.979,132.504,132.9,19300
2023-04-04 12:00:00,132.9,133.166,132.782,132.902,18904
2023-04-04 16:00:00,132.902,132.953,131.52,131.62,29714
2023-04-04 20:00:00,131.62,131.771,131.582,131.71,6450
2023-04-05 00:00:00,131.689,131.73,131.3,131.549,10039
2023-04-05 04:00:00,131.546,131.841,131.382,131.696,13829
2023-04-05 08:00:00,131.694,131.737,131.231,131.464,20684
2023-04-05 12:00:00,131.464,131.78,130.914,131.015,21532
2023-04-05 16:00:00,131.02,131.241,130.625,131.184,26764
2023-04-05 20:00:00,131.182,131.411,131.083,131.337,8364
2023-04-06 00:00:00,131.298,131.33,130.775,131.16,10859
2023-04-06 04:00:00,131.158,131.292,131.001,131.161,9984
2023-04-06 08:00:00,131.158,131.494,131.148,131.41,15954
2023-04-06 12:00:00,131.41,131.663,130.946,131.595,18182
2023-04-06 16:00:00,131.604,131.905,131.537,131.607,17452
2023-04-06 20:00:00,131.608,131.848,131.57,131.788,4659
2023-04-07 00:00:00,131.704,131.926,131.598,131.74,7785
2023-04-07 04:00:00,131.741,131.828,131.564,131.701,8808
2023-04-07 08:00:00,131.701,131.946,131.641,131.802,8274
2023-04-07 12:00:00,131.801,132.376,131.524,132.118,12813
2023-04-07 16:00:00,132.119,132.282,131.995,132.139,14987
2023-04-07 20:00:00,132.14,132.257,132.114,132.168,11954
2023-04-10 00:00:00,132.127,132.677,131.829,132.599,10728
2023-04-10 04:00:00,132.6,132.797,132.471,132.657,13068
2023-04-10 08:00:00,132.66,132.74,131.993,132.078,13831
2023-04-10 12:00:00,132.077,133.341,132.034,133.326,20443
2023-04-10 16:00:00,133.32,133.869,133.269,133.696,18733
2023-04-10 20:00:00,133.697,133.697,133.551,133.603,7982
2023-04-11 00:00:00,133.58,133.623,133.243,133.402,7767
2023-04-11 04:00:00,133.401,133.691,133.296,133.4,12719
2023-04-11 08:00:00,133.395,133.557,133.0,133.1,17411
2023-04-11 12:00:00,133.105,133.341,132.969,133.105,17290
2023-04-11 16:00:00,133.104,133.735,133.083,133.724,15920
2023-04-11 20:00:00,133.724,133.805,133.613,133.699,5875
2023-04-12 00:00:00,133.653,133.771,133.554,133.679,13797
2023-04-12 04:00:00,133.678,134.046,133.588,133.759,12313
2023-04-12 08:00:00,133.76,133.969,133.556,133.82,15148
2023-04-12 12:00:00,133.826,133.905,132.733,133.038,19642
2023-04-12 16:00:00,133.037,133.342,132.798,133.187,25725
2023-04-12 20:00:00,133.195,133.399,133.046,133.142,11938
2023-04-13 00:00:00,133.096,133.283,132.94,133.165,9760
2023-04-13 04:00:00,133.164,133.308,133.041,133.274,11803
2023-04-13 08:00:00,133.272,133.375,132.898,133.162,14411
2023-04-13 12:00:00,133.165,133.394,132.499,132.512,18162
2023-04-13 16:00:00,132.509,132.536,132.019,132.377,22815
2023-04-13 20:00:00,132.377,132.798,132.369,132.573,8264
2023-04-14 00:00:00,132.531,132.64,132.437,132.586,8715
2023-04-14 04:00:00,132.587,132.617,132.269,132.475,12480
2023-04-14 08:00:00,132.474,132.593,132.168,132.495,14480
2023-04-14 12:00:00,132.493,133.192,132.191,133.007,21498
2023-04-14 16:00:00,133.015,133.836,132.947,133.781,25416
2023-04-14 20:00:00,133.782,133.815,133.628,133.744,7072
2023-04-17 00:00:00,133.797,133.999,133.71,133.843,8062
2023-04-17 04:00:00,133.842,134.127,133.797,134.061,13014
2023-04-17 08:00:00,134.059,134.214,133.835,133.969,18914
2023-04-17 12:00:00,133.97,134.177,133.743,134.065,17128
2023-04-17 16:00:00,134.067,134.571,134.023,134.455,17080
2023-04-17 20:00:00,134.455,134.499,134.383,134.481,4733
2023-04-18 00:00:00,134.44,134.494,134.27,134.385,13208
2023-04-18 04:00:00,134.385,134.704,134.359,134.439,14190
2023-04-18 08:00:00,134.439,134.473,134.134,134.146,18457
2023-04-18 12:00:00,134.145,134.214,133.86,134.184,15704
2023-04-18 16:00:00,134.182,134.324,133.913,134.087,15210
2023-04-18 20:00:00,134.086,134.118,134.013,134.091,5693
2023-04-19 00:00:00,134.091,134.128,133.952,134.008,11070
2023-04-19 04:00:00,134.006,134.386,133.951,134.321,12367
2023-04-19 08:00:00,134.319,134.921,134.31,134.888,20014
2023-04-19 12:00:00,134.887,135.131,134.369,134.381,18523
2023-04-19 16:00:00,134.377,134.851,134.29,134.657,15389
2023-04-19 20:00:00,134.659,134.824,134.646,134.692,6785
2023-04-20 00:00:00,134.685,134.847,134.596,134.837,13135
2023-04-20 04:00:00,134.837,134.972,134.674,134.779,13897
2023-04-20 08:00:00,134.782,134.832,134.385,134.67,17850
2023-04-20 12:00:00,134.667,134.86,134.173,134.273,20517
2023-04-20 16:00:00,134.278,134.355,134.011,134.154,15679
2023-04-20 20:00:00,134.151,134.353,134.15,134.238,6052
2023-04-21 00:00:00,134.229,134.288,133.95,134.141,10433
2023-04-21 04:00:00,134.14,134.158,133.754,133.878,10305
2023-04-21 08:00:00,133.877,134.108,133.693,133.768,16965
2023-04-21 12:00:00,133.768,133.935,133.598,133.638,13970
2023-04-21 16:00:00,133.637,134.491,133.547,134.129,21211
2023-04-21 20:00:00,134.13,134.218,134.063,134.127,5716
2023-04-24 00:00:00,134.011,134.119,133.892,133.975,6569
2023-04-24 04:00:00,133.973,134.472,133.932,134.359,13787
2023-04-24 08:00:00,134.358,134.477,134.123,134.289,15848
2023-04-24 12:00:00,134.29,134.729,134.248,134.502,15495
2023-04-24 16:00:00,134.503,134.67,134.335,134.382,12615
2023-04-24 20:00:00,134.381,134.394,134.225,134.26,5537
2023-04-25 00:00:00,134.194,134.315,133.968,134.295,9851
2023-04-25 04:00:00,134.296,134.416,134.162,134.29,10933
2023-04-25 08:00:00,134.291,134.479,134.024,134.112,16909
2023-04-25 12:00:00,134.115,134.25,133.816,133.915,14821
2023-04-25 16:00:00,133.916,134.036,133.729,133.836,17320
2023-04-25 20:00:00,133.836,133.868,133.367,133.713,11035
2023-04-26 00:00:00,133.817,133.9,133.488,133.697,9683
2023-04-26 04:00:00,133.697,133.745,133.438,133.58,12594
2023-04-26 08:00:00,133.582,133.789,133.392,133.535,18608
2023-04-26 12:00:00,133.537,133.94,133.263,133.617,22687
2023-04-26 16:00:00,133.622,133.881,133.014,133.812,24057
2023-04-26 20:00:00,133.813,133.859,133.474,133.675,9727
2023-04-27 00:00:00,133.64,133.693,133.393,133.544,8213
2023-04-27 04:00:00,133.543,133.752,133.458,133.725,12354
2023-04-27 08:00:00,133.726,133.941,133.618,133.873,16480
2023-04-27 12:00:00,133.873,134.057,133.199,133.902,18657
2023-04-27 16:00:00,133.906,134.196,133.834,133.995,20594
2023-04-27 20:00:00,133.995,134.062,133.821,133.987,8533
2023-04-28 00:00:00,133.922,134.074,133.731,134.037,15096
2023-04-28 04:00:00,134.036,134.935,133.332,134.772,28430
2023-04-28 08:00:00,134.769,135.856,134.711,135.634,31836
2023-04-28 12:00:00,135.629,136.417,135.629,136.065,20703
2023-04-28 16:00:00,136.066,136.56,135.838,136.075,24898
2023-04-28 20:00:00,136.074,136.35,136.044,136.28,9927
2023-05-01 00:00:00,136.187,136.78,136.159,136.659,10407
2023-05-01 04:00:00,136.659,136.945,136.562,136.85,11935
2023-05-01 08:00:00,136.85,136.982,136.681,136.781,11098
2023-05-01 12:00:00,136.782,136.888,136.572,136.752,13893
2023-05-01 16:00:00,136.752,137.483,136.704,137.472,18940
2023-05-01 20:00:00,137.471,137.538,137.367,137.456,8813
2023-05-02 00:00:00,137.485,137.575,137.291,137.422,8200
2023-05-02 04:00:00,137.424,137.701,137.301,137.677,13697
2023-05-02 08:00:00,137.676,137.771,137.352,137.51,21233
2023-05-02 12:00:00,137.513,137.577,137.243,137.565,15667
2023-05-02 16:00:00,137.567,137.575,136.315,136.451,28247
2023-05-02 20:00:00,136.449,136.7,136.418,136.575,10629
2023-05-03 00:00:00,136.517,136.606,136.386,136.405,6431
2023-05-03 04:00:00,136.405,136.453,135.916,136.058,9790
2023-05-03 08:00:00,136.058,136.099,135.523,135.669,16167
2023-05-03 12:00:00,135.667,135.934,135.329,135.395,17393
2023-05-03 16:00:00,135.395,135.531,135.066,135.383,19762
2023-05-03 20:00:00,135.384,135.708,134.827,134.836,31952
2023-05-04 00:00:00,134.723,134.754,134.343,134.525,13714
2023-05-04 04:00:00,134.527,134.625,134.399,134.565,15562
2023-05-04 08:00:00,134.564,134.814,134.147,134.598,22986
2023-05-04 12:00:00,134.599,134.868,134.317,134.824,25084
2023-05-04 16:00:00,134.825,134.877,133.497,133.752,42231
2023-05-04 20:00:00,133.755,134.35,133.74,134.262,17186
2023-05-05 00:00:00,134.206,134.311,134.075,134.132,6082
2023-05-05 04:00:00,134.132,134.145,133.912,133.967,8108
2023-05-05 08:00:00,133.97,134.213,133.883,134.149,17454
2023-05-05 12:00:00,134.148,135.123,134.095,134.971,19541
2023-05-05 16:00:00,134.971,135.067,134.621,134.661,22144
2023-05-05 20:00:00,134.664,134.878,134.64,134.83,7160
2023-05-08 00:00:00,134.863,135.299,134.823,134.897,8806
2023-05-08 04:00:00,134.893,135.013,134.715,134.744,11882
2023-05-08 08:00:00,134.743,135.093,134.639,134.965,16804
2023-05-08 12:00:00,134.964,135.225,134.933,135.056,15794
2023-05-08 16:00:00,135.051,135.061,134.654,134.709,15354
2023-05-08 20:00:00,134.71,135.174,134.68,135.108,9818
2023-05-09 00:00:00,135.066,135.325,134.965,135.211,13728
2023-05-09 04:00:00,135.209,135.222,134.873,135.003,10298
2023-05-09 08:00:00,135.004,135.055,134.722,135.041,18009
2023-05-09 12:00:00,135.041,135.191,134.763,135.191,17293
2023-05-09 16:00:00,135.192,135.357,134.955,135.258,16967
2023-05-09 20:00:00,135.258,135.261,135.107,135.228,9271
2023-05-10 00:00:00,135.201,135.336,135.097,135.151,11957
2023-05-10 04:00:00,135.151,135.287,135.064,135.233,11147
2023-05-10 08:00:00,135.236,135.469,135.118,135.261,17237
2023-05-10 12:00:00,135.26,135.412,134.339,134.403,19518
2023-05-10 16:00:00,134.396,134.719,134.276,134.337,24712
2023-05-10 20:00:00,134.335,134.393,134.112,134.378,12408
2023-05-11 00:00:00,134.283,134.369,133.894,134.064,9892
2023-05-11 04:00:00,134.063,134.306,134.009,134.243,10577
2023-05-11 08:00:00,134.249,134.843,134.157,134.799,20854
2023-05-11 12:00:00,134.799,134.841,133.743,133.836,25949
2023-05-11 16:00:00,133.837,134.543,133.785,134.415,24517
2023-05-11 20:00:00,134.414,134.587,134.335,134.563,11028
2023-05-12 00:00:00,134.476,134.578,134.401,134.524,8193
2023-05-12 04:00:00,134.523,134.691,134.482,134.57,10362
2023-05-12 08:00:00,134.571,134.905,134.571,134.767,17297
2023-05-12 12:00:00,134.768,135.047,134.631,134.978,12620
2023-05-12 16:00:00,134.977,135.751,134.719,135.657,22958
2023-05-12 20:00:00,135.658,135.746,135.622,135.722,8198
2023-05-15 00:00:00,135.638,136.023,135.636,135.872,11899
2023-05-15 04:00:00,135.873,136.239,135.725,136.082,14843
2023-05-15 08:00:00,136.085,136.262,135.82,136.106,17903
2023-05-15 12:00:00,136.106,136.323,135.708,135.89,15678
2023-05-15 16:00:00,135.889,136.196,135.886,136.081,15218
2023-05-15 20:00:00,136.085,136.139,136.009,136.106,7150
2023-05-16 00:00:00,136.103,136.103,135.907,135.923,10273
2023-05-16 04:00:00,135.924,136.097,135.905,135.974,8128
2023-05-16 08:00:00,135.974,136.032,135.717,135.846,14857
2023-05-16 12:00:00,135.845,136.206,135.661,136.1,15946
2023-05-16 16:00:00,136.099,136.681,136.065,136.589,19928
2023-05-16 20:00:00,136.59,136.605,136.267,136.397,8666
2023-05-17 00:00:00,136.375,136.475,136.303,136.434,7403
2023-05-17 04:00:00,136.434,136.581,136.357,136.575,7838
2023-05-17 08:00:00,136.577,137.092,136.567,137.047,16897
2023-05-17 12:00:00,137.047,137.238,136.834,137.142,15561
2023-05-17 16:00:00,137.145,137.571,136.958,137.465,18375
2023-05-17 20:00:00,137.461,137.706,137.39,137.611,8834
2023-05-18 00:00:00,137.628,137.717,137.437,137.441,10634
2023-05-18 04:00:00,137.442,137.628,137.284,137.6,10771
2023-05-18 08:00:00,137.6,137.935,137.385,137.77,16154
2023-05-18 12:00:00,137.769,138.391,137.693,138.298,15323
2023-05-18 16:00:00,138.298,138.674,138.129,138.577,20441
2023-05-18 20:00:00,138.579,138.745,138.484,138.703,8706
2023-05-19 00:00:00,138.715,138.721,138.278,138.406,13221
2023-05-19 04:00:00,138.407,138.594,138.33,138.456,9858
2023-05-19 08:00:00,138.454,138.463,137.965,138.176,16723
2023-05-19 12:00:00,138.176,138.576,137.991,138.55,16358
2023-05-19 16:00:00,138.55,138.656,137.424,137.792,28012
2023-05-19 20:00:00,137.791,138.137,137.764,137.963,8171
2023-05-22 00:00:00,137.971,138.004,137.575,137.675,8246
2023-05-22 04:00:00,137.676,137.806,137.492,137.789,11622
2023-05-22 08:00:00,137.789,138.043,137.762,137.833,17313
2023-05-22 12:00:00,137.836,138.494,137.798,138.419,15701
2023-05-22 16:00:00,138.42,138.685,137.995,138.549,21628
2023-05-22 20:00:00,138.546,138.63,138.265,138.589,10233
2023-05-23 00:00:00,138.59,138.8,138.423,138.54,10276
2023-05-23 04:00:00,138.538,138.876,138.355,138.411,12512
2023-05-23 08:00:00,138.411,138.682,138.241,138.329,17570
2023-05-23 12:00:00,138.33,138.91,138.259,138.858,15093
2023-05-23 16:00:00,138.856,138.857,138.287,138.641,24250
2023-05-23 20:00:00,138.642,138.71,138.395,138.586,12217
2023-05-24 00:00:00,138.567,138.636,138.485,138.518,12995
2023-05-24 04:00:00,138.516,138.516,138.352,138.419,9730
2023-05-24 08:00:00,138.419,138.732,138.23,138.573,20245
2023-05-24 12:00:00,138.574,138.774,138.339,138.69,17776
2023-05-24 16:00:00,138.692,139.385,138.613,139.307,23407
2023-05-24 20:00:00,139.306,139.476,138.971,139.45,13789
2023-05-25 00:00:00,139.383,139.472,138.814,139.395,13985
2023-05-25 04:00:00,139.399,139.702,139.37,139.573,13386
2023-05-25 08:00:00,139.573,139.693,139.28,139.49,20925
2023-05-25 12:00:00,139.488,139.758,139.183,139.725,19330
2023-05-25 16:00:00,139.724,139.96,139.412,139.928,26776
2023-05-25 20:00:00,139.927,140.227,139.853,140.047,10696
2023-05-26 00:00:00,140.037,140.105,139.792,139.887,12733
2023-05-26 04:00:00,139.887,139.957,139.705,139.719,10048
2023-05-26 08:00:00,139.718,139.844,139.493,139.695,18985
2023-05-26 12:00:00,139.695,140.313,139.619,140.076,17436
2023-05-26 16:00:00,140.08,140.709,140.02,140.593,23101
2023-05-26 20:00:00,140.596,140.724,140.519,140.588,7503
2023-05-29 00:00:00,140.57,140.919,140.501,140.751,10815
2023-05-29 04:00:00,140.754,140.773,140.382,140.407,11029
2023-05-29 08:00:00,140.407,140.536,140.222,140.318,10072
2023-05-29 12:00:00,140.319,140.386,140.168,140.205,7692
2023-05-29 16:00:00,140.201,140.369,140.112,140.343,4911
2023-05-29 20:00:00,140.342,140.462,140.302,140.442,2244
2023-05-30 00:00:00,140.418,140.531,140.19,140.216,7907
2023-05-30 04:00:00,140.215,140.357,139.96,140.319,11164
2023-05-30 08:00:00,140.319,140.93,140.117,140.162,22458
2023-05-30 12:00:00,140.162,140.648,139.58,139.823,22943
2023-05-30 16:00:00,139.822,140.11,139.569,139.92,19342
2023-05-30 20:00:00,139.918,139.947,139.712,139.777,8805
2023-05-31 00:00:00,139.782,139.919,139.614,139.669,7679
2023-05-31 04:00:00,139.669,139.897,139.612,139.8,9077
2023-05-31 08:00:00,139.799,139.965,139.312,139.949,20538
2023-05-31 12:00:00,139.954,140.059,139.513,139.801,14176
2023-05-31 16:00:00,139.802,140.398,139.554,139.723,27565
2023-05-31 20:00:00,139.724,139.776,139.233,139.307,12661
2023-06-01 00:00:00,139.303,139.357,138.957,139.19,8898
2023-06-01 04:00:00,139.191,139.55,139.117,139.412,11376
2023-06-01 08:00:00,139.412,139.947,139.411,139.791,15723
2023-06-01 12:00:00,139.79,139.888,139.106,139.115,19395
2023-06-01 16:00:00,139.115,139.176,138.428,138.788,23854
2023-06-01 20:00:00,138.793,138.866,138.71,138.805,6343
2023-06-02 00:00:00,138.805,138.975,138.66,138.951,6132
2023-06-02 04:00:00,138.95,139.052,138.602,138.91,9192
2023-06-02 08:00:00,138.909,139.104,138.788,138.824,14004
2023-06-02 12:00:00,138.825,139.456,138.732,139.248,18941
2023-06-02 16:00:00,139.244,139.904,138.968,139.89,22475
2023-06-02 20:00:00,139.889,140.068,139.863,139.964,7647
2023-06-05 00:00:00,139.956,140.263,139.946,140.111,6753
2023-06-05 04:00:00,140.11,140.237,139.991,140.082,9771
2023-06-05 08:00:00,140.083,140.452,139.984,140.261,14209
2023-06-05 12:00:00,140.262,140.387,140.12,140.164,11699
2023-06-05 16:00:00,140.167,140.207,139.248,139.711,21035
2023-06-05 20:00:00,139.71,139.813,139.478,139.564,7251
2023-06-06 00:00:00,139.596,139.596,139.321,139.566,6402
2023-06-06 04:00:00,139.565,139.657,139.428,139.451,8670
2023-06-06 08:00:00,139.45,139.519,139.094,139.209,19076
2023-06-06 12:00:00,139.209,139.897,139.149,139.779,14232
2023-06-06 16:00:00,139.775,139.992,139.572,139.662,16053
2023-06-06 20:00:00,139.663,139.755,139.622,139.663,5982
2023-06-07 00:00:00,139.635,139.652,139.374,139.376,5312
2023-06-07 04:00:00,139.374,139.383,139.151,139.253,10440
2023-06-07 08:00:00,139.254,139.494,139.125,139.363,13390
2023-06-07 12:00:00,139.361,139.625,139.245,139.55,13728
2023-06-07 16:00:00,139.552,140.202,139.024,140.188,22623
2023-06-07 20:00:00,140.184,140.245,140.058,140.182,9023
2023-06-08 00:00:00,140.069,140.225,139.844,139.928,7008
2023-06-08 04:00:00,139.929,140.094,139.705,139.728,8926
2023-06-08 08:00:00,139.729,139.963,139.622,139.732,14452
2023-06-08 12:00:00,139.735,139.845,139.219,139.42,15224
2023-06-08 16:00:00,139.422,139.472,138.807,138.912,22378
2023-06-08 20:00:00,138.916,139.003,138.878,138.92,6723
2023-06-09 00:00:00,138.891,139.078,138.756,139.028,6054
2023-06-09 04:00:00,139.027,139.321,138.998,139.268,10121
2023-06-09 08:00:00,139.267,139.722,139.233,139.656,14595
2023-06-09 12:00:00,139.656,139.658,139.028,139.293,15127
2023-06-09 16:00:00,139.293,139.597,139.162,139.359,17791
2023-06-09 20:00:00,139.36,139.477,139.286,139.371,5437
2023-06-12 00:00:00,139.298,139.498,139.265,139.405,6064
2023-06-12 04:00:00,139.405,139.646,139.351,139.462,9569
2023-06-12 08:00:00,139.462,139.628,139.16,139.205,14168
2023-06-12 12:00:00,139.201,139.41,139.063,139.202,14499
2023-06-12 16:00:00,139.202,139.761,139.184,139.717,18646
2023-06-12 20:00:00,139.717,139.768,139.533,139.602,6431
2023-06-13 00:00:00,139.595,139.663,139.399,139.644,4978
2023-06-13 04:00:00,139.643,139.661,139.326,139.491,8777
2023-06-13 08:00:00,139.491,139.643,139.381,139.514,15192
2023-06-13 12:00:00,139.516,139.966,139.041,139.152,19773
2023-06-13 16:00:00,139.153,140.112,139.01,139.895,24833
2023-06-13 20:00:00,139.895,140.307,139.838,140.229,9504
2023-06-14 00:00:00,140.191,140.28,140.006,140.033,5586
2023-06-14 04:00:00,140.032,140.11,139.94,140.105,7792
2023-06-14 08:00:00,140.105,140.201,139.878,139.975,13191
2023-06-14 12:00:00,139.973,140.056,139.624,139.693,15970
2023-06-14 16:00:00,139.694,139.754,139.282,139.358,16618
2023-06-14 20:00:00,139.356,140.172,139.333,140.115,27255
2023-06-15 00:00:00,140.027,140.384,139.938,140.362,7659
2023-06-15 04:00:00,140.362,141.326,140.357,141.269,18929
2023-06-15 08:00:00,141.269,141.502,141.121,141.268,20722
2023-06-15 12:00:00,141.268,141.302,140.656,140.704,22354
2023-06-15 16:00:00,140.705,140.749,140.151,140.317,23585
2023-06-15 20:00:00,140.323,140.376,140.227,140.282,7938
2023-06-16 00:00:00,140.267,140.29,139.998,140.153,6863
2023-06-16 04:00:00,140.153,140.775,139.852,140.627,17093
2023-06-16 08:00:00,140.627,141.403,140.616,141.034,24786
2023-06-16 12:00:00,141.033,141.314,140.788,141.29,19207
2023-06-16 16:00:00,141.29,141.875,140.904,141.85,27616
2023-06-16 20:00:00,141.852,141.911,141.665,141.887,9508
2023-06-19 00:00:00,141.715,141.971,141.674,141.95,7907
2023-06-19 04:00:00,141.953,141.953,141.439,141.495,13331
2023-06-19 08:00:00,141.494,141.95,141.458,141.866,14033
2023-06-19 12:00:00,141.866,142.002,141.773,141.868,12116
2023-06-19 16:00:00,141.869,141.958,141.659,141.93,9284
2023-06-19 20:00:00,141.93,141.991,141.905,141.988,1918
2023-06-20 00:00:00,141.894,142.199,141.842,142.097,8946
2023-06-20 04:00:00,142.098,142.251,141.578,142.059,17540
2023-06-20 08:00:00,142.059,142.138,141.455,141.539,20310
2023-06-20 12:00:00,141.539,141.662,141.282,141.468,16858
2023-06-20 16:00:00,141.477,141.747,141.241,141.271,20182
2023-06-20 20:00:00,141.271,141.473,141.211,141.446,7176
2023-06-21 00:00:00,141.412,141.696,141.279,141.694,7790
2023-06-21 04:00:00,141.696,141.784,141.512,141.783,11888
2023-06-21 08:00:00,141.778,142.169,141.701,141.988,20535
2023-06-21 12:00:00,141.988,142.037,141.702,141.875,16532
2023-06-21 16:00:00,141.883,142.367,141.874,141.932,22891
2023-06-21 20:00:00,141.933,141.964,141.68,141.871,9869
2023-06-22 00:00:00,141.803,141.894,141.654,141.884,6349
2023-06-22 04:00:00,141.882,141.885,141.608,141.773,9337
2023-06-22 08:00:00,141.774,141.999,141.697,141.975,15223
2023-06-22 12:00:00,141.974,142.239,141.763,142.238,18736
2023-06-22 16:00:00,142.24,142.99,142.142,142.986,21965
2023-06-22 20:00:00,142.987,143.225,142.925,143.127,8808
2023-06-23 00:00:00,143.055,143.179,142.948,143.083,8611
2023-06-23 04:00:00,143.083,143.143,142.808,143.081,14710
2023-06-23 08:00:00,143.08,143.449,142.768,143.058,22320
2023-06-23 12:00:00,143.059,143.318,142.795,142.868,17560
2023-06-23 16:00:00,142.865,143.871,142.647,143.866,23259
2023-06-23 20:00:00,143.864,143.864,143.684,143.721,7953
2023-06-26 00:00:00,143.558,143.717,143.231,143.44,10688
2023-06-26 04:00:00,143.449,143.658,143.331,143.386,13587
2023-06-26 08:00:00,143.386,143.564,142.936,143.148,18436
2023-06-26 12:00:00,143.15,143.301,142.987,143.106,13144
2023-06-26 16:00:00,143.105,143.71,143.105,143.575,19630
2023-06-26 20:00:00,143.575,143.596,143.434,143.519,7156
2023-06-27 00:00:00,143.502,143.569,143.359,143.498,5891
2023-06-27 04:00:00,143.492,143.523,143.282,143.496,13339
2023-06-27 08:00:00,143.496,143.772,143.397,143.708,15411
2023-06-27 12:00:00,143.708,143.945,143.37,143.548,17062
2023-06-27 16:00:00,143.541,144.173,143.298,143.973,22260
2023-06-27 20:00:00,143.975,144.086,143.953,144.078,7009
2023-06-28 00:00:00,144.057,144.084,143.728,143.8,8627
2023-06-28 04:00:00,143.799,144.047,143.773,143.988,13520
2023-06-28 08:00:00,143.988,144.254,143.862,144.071,16598
2023-06-28 12:00:00,144.068,144.445,143.821,144.398,16427
2023-06-28 16:00:00,144.398,144.615,144.088,144.183,24316
2023-06-28 20:00:00,144.183,144.533,144.125,144.502,8370
2023-06-29 00:00:00,144.434,144.472,144.24,144.253,8603
2023-06-29 04:00:00,144.251,144.598,144.132,144.582,13039
2023-06-29 08:00:00,144.583,144.7,144.153,144.25,17902
2023-06-29 12:00:00,144.252,144.808,144.15,144.785,17102
2023-06-29 16:00:00,144.784,144.899,144.523,144.844,22814
2023-06-29 20:00:00,144.845,144.893,144.764,144.794,6964
2023-06-30 00:00:00,144.756,144.921,144.676,144.88,7573
2023-06-30 04:00:00,144.875,145.07,144.652,144.722,14508
2023-06-30 08:00:00,144.723,144.902,144.437,144.636,16488
2023-06-30 12:00:00,144.601,144.753,144.341,144.46,17279
2023-06-30 16:00:00,144.466,144.625,144.204,144.326,23139
2023-06-30 20:00:00,144.326,144.362,144.232,144.298,8474
2023-07-03 00:00:00,144.261,144.477,144.221,144.442,8261
2023-07-03 04:00:00,144.443,144.689,144.406,144.44,12813
2023-07-03 08:00:00,144.441,144.881,144.365,144.713,17227
2023-07-03 12:00:00,144.714,144.911,144.532,144.589,15999
2023-07-03 16:00:00,144.587,144.7,143.982,144.681,20566
2023-07-03 20:00:00,144.68,144.75,144.621,144.684,4451
2023-07-04 00:00:00,144.658,144.697,144.423,144.46,5108
2023-07-04 04:00:00,144.464,144.673,144.43,144.65,8442
2023-07-04 08:00:00,144.651,144.666,144.333,144.383,9870
2023-07-04 12:00:00,144.384,144.463,144.301,144.327,8155
2023-07-04 16:00:00,144.328,144.543,144.203,144.513,8053
2023-07-04 20:00:00,144.511,144.539,144.409,144.465,2752
2023-07-05 00:00:00,144.461,144.556,144.377,144.458,5427
2023-07-05 04:00:00,144.453,144.638,144.437,144.524,7884
2023-07-05 08:00:00,144.525,144.733,144.249,144.357,14585
2023-07-05 12:00:00,144.357,144.594,144.203,144.401,14471
2023-07-05 16:00:00,144.402,144.649,144.077,144.634,17708
2023-07-05 20:00:00,144.634,144.696,144.499,144.663,7630
2023-07-06 00:00:00,144.578,144.624,144.19,144.229,6804
2023-07-06 04:00:00,144.228,144.444,143.921,143.967,12204
2023-07-06 08:00:00,143.967,144.062,143.553,143.998,20885
2023-07-06 12:00:00,144.004,144.341,143.632,144.195,20838
2023-07-06 16:00:00,144.196,144.649,143.958,144.103,26274
2023-07-06 20:00:00,144.101,144.229,144.057,144.061,7568
2023-07-07 00:00:00,144.044,144.199,143.796,144.073,6588
2023-07-07 04:00:00,144.072,144.104,143.812,143.836,9852
2023-07-07 08:00:00,143.836,143.858,142.94,142.96,18722
2023-07-07 12:00:00,142.96,143.377,142.577,143.234,20575
2023-07-07 16:00:00,143.237,143.415,142.079,142.106,27932
2023-07-07 20:00:00,142.106,142.192,142.069,142.1,7352
2023-07-10 00:00:00,142.134,142.54,142.092,142.492,9381
2023-07-10 04:00:00,142.491,143.004,142.427,142.986,15125
2023-07-10 08:00:00,142.988,142.988,142.241,142.316,16590
2023-07-10 12:00:00,142.316,142.599,142.072,142.416,13594
2023-07-10 16:00:00,142.417,142.417,141.415,141.48,20236
2023-07-10 20:00:00,141.48,141.491,141.276,141.31,6549
2023-07-11 00:00:00,141.332,141.459,141.154,141.348,8389
2023-07-11 04:00:00,141.348,141.349,140.601,140.758,15451
2023-07-11 08:00:00,140.756,140.948,140.421,140.552,19422
2023-07-11 12:00:00,140.548,140.64,140.159,140.48,16667
2023-07-11 16:00:00,140.479,140.955,140.32,140.334,17023
2023-07-11 20:00:00,140.334,140.478,140.297,140.363,6263
2023-07-12 00:00:00,140.328,140.372,139.606,139.737,10154
2023-07-12 04:00:00,139.736,139.747,139.366,139.498,15696
2023-07-12 08:00:00,139.498,139.753,139.31,139.603,15737
2023-07-12 12:00:00,139.602,139.723,138.773,139.272,19426
2023-07-12 16:00:00,139.27,139.361,138.152,138.402,26981
2023-07-12 20:00:00,138.401,138.553,138.262,138.534,7510
2023-07-13 00:00:00,138.391,138.577,138.067,138.546,9923
2023-07-13 04:00:00,138.545,138.674,138.386,138.521,13900
2023-07-13 08:00:00,138.521,138.832,138.229,138.38,18072
2023-07-13 12:00:00,138.381,138.955,138.238,138.637,18001
2023-07-13 16:00:00,138.631,138.668,138.025,138.068,20681
2023-07-13 20:00:00,138.078,138.186,137.922,138.061,7390
2023-07-14 00:00:00,138.022,138.115,137.642,137.681,9548
2023-07-14 04:00:00,137.679,137.74,137.241,137.697,15934
2023-07-14 08:00:00,137.696,138.464,137.587,138.316,16914
2023-07-14 12:00:00,138.315,138.914,138.202,138.796,18505
2023-07-14 16:00:00,138.797,139.154,138.398,138.666,25335
2023-07-14 20:00:00,138.665,138.899,138.621,138.793,6439
2023-07-17 00:00:00,138.698,138.824,138.364,138.38,6575
2023-07-17 04:00:00,138.379,138.695,138.372,138.621,9288
2023-07-17 08:00:00,138.623,138.755,138.309,138.401,13519
2023-07-17 12:00:00,138.404,139.093,137.994,138.921,17280
2023-07-17 16:00:00,138.917,139.403,138.787,138.809,18369
2023-07-17 20:00:00,138.814,138.891,138.602,138.705,6370
2023-07-18 00:00:00,138.7,138.923,138.599,138.827,6695
2023-07-18 04:00:00,138.825,138.891,138.383,138.459,10967
2023-07-18 08:00:00,138.457,138.545,138.087,138.262,16964
2023-07-18 12:00:00,138.262,138.624,137.679,138.103,19196
2023-07-18 16:00:00,138.102,139.127,137.811,139.104,27984
2023-07-18 20:00:00,139.104,139.132,138.761,138.844,6994
2023-07-19 00:00:00,138.835,139.187,138.76,138.908,7739
2023-07-19 04:00:00,138.905,139.42,138.849,139.369,12486
2023-07-19 08:00:00,139.37,139.745,139.196,139.728,20551
2023-07-19 12:00:00,139.731,139.993,139.381,139.641,17396
2023-07-19 16:00:00,139.642,139.985,139.454,139.627,20913
2023-07-19 20:00:00,139.62,139.758,139.513,139.707,6990
2023-07-20 00:00:00,139.613,139.699,139.396,139.438,8623
2023-07-20 04:00:00,139.438,139.461,139.106,139.372,12379
2023-07-20 08:00:00,139.371,139.685,139.242,139.453,18172
2023-07-20 12:00:00,139.45,139.915,139.338,139.832,18855
2023-07-20 16:00:00,139.836,140.497,139.74,140.46,20022
2023-07-20 20:00:00,140.46,140.46,140.046,140.076,7913
2023-07-21 00:00:00,140.071,140.083,139.745,139.981,8739
2023-07-21 04:00:00,139.98,140.303,139.898,140.127,10940
2023-07-21 08:00:00,140.128,141.952,140.085,141.911,23104
2023-07-21 12:00:00,141.912,141.914,141.214,141.372,21567
2023-07-21 16:00:00,141.372,141.87,141.268,141.67,18145
2023-07-21 20:00:00,141.672,141.835,141.633,141.835,6196
2023-07-24 00:00:00,141.647,141.811,141.6,141.694,7591
2023-07-24 04:00:00,141.695,141.742,141.342,141.458,12604
2023-07-24 08:00:00,141.459,141.631,141.229,141.444,17295
2023-07-24 12:00:00,141.446,141.458,140.841,140.986,17080
2023-07-24 16:00:00,140.986,141.421,140.737,141.294,20700
2023-07-24 20:00:00,141.296,141.548,141.253,141.502,6406
2023-07-25 00:00:00,141.46,141.62,141.368,141.485,7302
2023-07-25 04:00:00,141.48,141.481,141.205,141.447,11005
2023-07-25 08:00:00,141.449,141.575,141.21,141.343,15748
2023-07-25 12:00:00,141.338,141.74,141.191,141.229,14092
2023-07-25 16:00:00,141.231,141.599,140.855,141.051,16149
2023-07-25 20:00:00,141.054,141.195,140.851,140.929,7673
2023-07-26 00:00:00,140.882,141.1,140.835,141.088,6744
2023-07-26 04:00:00,141.091,141.183,140.969,141.041,9657
2023-07-26 08:00:00,141.04,141.084,140.275,140.336,18695
2023-07-26 12:00:00,140.334,140.454,140.156,140.247,15402
2023-07-26 16:00:00,140.25,140.65,140.234,140.617,16446
2023-07-26 20:00:00,140.618,140.696,139.923,140.235,23289
2023-07-27 00:00:00,140.208,140.485,140.171,140.345,9312
2023-07-27 04:00:00,140.346,140.364,139.377,139.997,16237
2023-07-27 08:00:00,139.999,140.257,139.81,139.964,20852
2023-07-27 12:00:00,139.961,140.777,139.888,140.718,23693
2023-07-27 16:00:00,140.718,141.319,140.584,141.085,27667
2023-07-27 20:00:00,141.077,141.096,138.763,139.547,25512
2023-07-28 00:00:00,139.378,139.511,138.7,139.471,16115
2023-07-28 04:00:00,139.472,141.079,138.067,138.762,37176
2023-07-28 08:00:00,138.761,140.07,138.55,139.691,40250
2023-07-28 12:00:00,139.692,140.088,138.849,139.946,23782
2023-07-28 16:00:00,139.947,140.904,139.947,140.861,26326
2023-07-28 20:00:00,140.86,141.179,140.75,141.166,11766
2023-07-31 00:00:00,140.977,141.146,140.688,140.898,11982
2023-07-31 04:00:00,140.899,141.954,140.825,141.882,22935
2023-07-31 08:00:00,141.88,142.493,141.573,142.416,22302
2023-07-31 12:00:00,142.414,142.463,142.073,142.261,16231
2023-07-31 16:00:00,142.262,142.687,142.001,142.115,20996
2023-07-31 20:00:00,142.11,142.305,142.046,142.276,7186
2023-08-01 00:00:00,142.276,142.501,142.207,142.495,7545
2023-08-01 04:00:00,142.496,142.841,142.435,142.721,16053
2023-08-01 08:00:00,142.722,142.818,142.524,142.687,16953
2023-08-01 12:00:00,142.69,143.29,142.614,143.266,14552
2023-08-01 16:00:00,143.267,143.471,142.873,143.391,21389
2023-08-01 20:00:00,143.391,143.542,143.308,143.337,7575
2023-08-02 00:00:00,143.292,143.312,142.689,143.082,11938
2023-08-02 04:00:00,143.084,143.347,142.934,142.992,14333
2023-08-02 08:00:00,142.992,142.992,142.228,142.337,22991
2023-08-02 12:00:00,142.339,143.21,142.309,143.178,18362
2023-08-02 16:00:00,143.179,143.474,143.026,143.159,22087
2023-08-02 20:00:00,143.158,143.419,143.056,143.348,7772
2023-08-03 00:00:00,143.31,143.411,143.192,143.349,8182
2023-08-03 04:00:00,143.349,143.733,143.159,143.692,18097
2023-08-03 08:00:00,143.688,143.888,142.795,142.841,29924
2023-08-03 12:00:00,142.844,143.055,142.503,142.705,25579
2023-08-03 16:00:00,142.71,142.852,142.062,142.514,27957
2023-08-03 20:00:00,142.514,142.748,142.486,142.524,7900
2023-08-04 00:00:00,142.524,142.879,142.449,142.732,7725
2023-08-04 04:00:00,142.732,142.742,142.314,142.486,16251
2023-08-04 08:00:00,142.495,142.722,142.348,142.659,17370
2023-08-04 12:00:00,142.658,142.895,142.138,142.239,21221
2023-08-04 16:00:00,142.244,142.258,141.549,141.839,26011
2023-08-04 20:00:00,141.837,141.886,141.742,141.765,8818
2023-08-07 00:00:00,141.661,141.941,141.513,141.593,8702
2023-08-07 04:00:00,141.593,142.296,141.572,142.122,13466
2023-08-07 08:00:00,142.121,142.404,142.052,142.3,15683
2023-08-07 12:00:00,142.3,142.447,142.003,142.011,11721
2023-08-07 16:00:00,142.009,142.585,141.797,142.513,16552
2023-08-07 20:00:00,142.513,142.55,142.413,142.485,6528
2023-08-08 00:00:00,142.486,143.044,142.401,143.013,7534
2023-08-08 04:00:00,143.014,143.435,142.936,143.226,12888
2023-08-08 08:00:00,143.226,143.397,142.836,143.09,17921
2023-08-08 12:00:00,143.092,143.276,142.859,143.145,18757
2023-08-08 16:00:00,143.158,143.342,142.96,143.31,18498
2023-08-08 20:00:00,143.31,143.491,143.217,143.369,9098
2023-08-09 00:00:00,143.302,143.384,143.088,143.343,8208
2023-08-09 04:00:00,143.339,143.397,143.145,143.204,9630
2023-08-09 08:00:00,143.205,143.341,142.995,143.283,12598
2023-08-09 12:00:00,143.285,143.534,143.233,143.394,13723
2023-08-09 16:00:00,143.396,143.727,143.24,143.637,18963
2023-08-09 20:00:00,143.638,143.749,143.506,143.717,7545
2023-08-10 00:00:00,143.681,143.886,143.626,143.807,6472
2023-08-10 04:00:00,143.809,144.084,143.735,144.032,10518
2023-08-10 08:00:00,144.031,144.104,143.712,143.807,14476
2023-08-10 12:00:00,143.806,144.032,143.28,143.816,18246
2023-08-10 16:00:00,143.822,144.487,143.759,144.448,24286
2023-08-10 20:00:00,144.449,144.817,144.423,144.763,11795
2023-08-11 00:00:00,144.715,144.896,144.677,144.817,4963
2023-08-11 04:00:00,144.822,144.828,144.629,144.686,8052
2023-08-11 08:00:00,144.686,144.791,144.551,144.586,12747
2023-08-11 12:00:00,144.588,144.846,144.417,144.796,14227
2023-08-11 16:00:00,144.796,144.966,144.381,144.929,21289
2023-08-11 20:00:00,144.93,145.001,144.883,144.942,7832
2023-08-14 00:00:00,144.901,145.222,144.786,144.994,8428
2023-08-14 04:00:00,144.993,144.999,144.65,144.908,12109
2023-08-14 08:00:00,144.908,144.976,144.742,144.944,13196
2023-08-14 12:00:00,144.945,145.4,144.857,145.349,13498
2023-08-14 16:00:00,145.346,145.577,145.181,145.28,18279
2023-08-14 20:00:00,145.279,145.549,145.248,145.543,6924
2023-08-15 00:00:00,145.553,145.591,145.368,145.44,5061
2023-08-15 04:00:00,145.441,145.552,145.323,145.519,10684
2023-08-15 08:00:00,145.519,145.864,145.324,145.647,16947
2023-08-15 12:00:00,145.647,145.817,145.458,145.593,19004
2023-08-15 16:00:00,145.593,145.61,145.102,145.56,23691
2023-08-15 20:00:00,145.56,145.67,145.481,145.589,8013
2023-08-16 00:00:00,145.566,145.68,145.506,145.59,6615
2023-08-16 04:00:00,145.59,145.691,145.44,145.453,9821
2023-08-16 08:00:00,145.452,145.556,145.305,145.521,15032
2023-08-16 12:00:00,145.521,145.884,145.478,145.864,13449
2023-08-16 16:00:00,145.867,145.938,145.652,145.915,24271
2023-08-16 20:00:00,145.915,146.406,145.915,146.347,17818
2023-08-17 00:00:00,146.316,146.56,146.156,146.392,9232
2023-08-17 04:00:00,146.392,146.497,146.348,146.41,14984
2023-08-17 08:00:00,146.411,146.43,146.095,146.238,16742
2023-08-17 12:00:00,146.238,146.298,145.655,145.787,19575
2023-08-17 16:00:00,145.788,146.199,145.617,146.131,19497
2023-08-17 20:00:00,146.13,146.301,145.637,145.852,10655
2023-08-18 00:00:00,145.822,145.863,145.526,145.545,6872
2023-08-18 04:00:00,145.548,145.571,145.32,145.473,11104
2023-08-18 08:00:00,145.472,145.634,145.152,145.576,14948
2023-08-18 12:00:00,145.576,145.764,145.296,145.642,15230
2023-08-18 16:00:00,145.641,145.738,145.059,145.066,18664
2023-08-18 20:00:00,145.066,145.402,144.925,145.378,8944
2023-08-21 00:00:00,145.378,145.448,145.145,145.181,6276
2023-08-21 04:00:00,145.181,145.625,145.14,145.372,13002
2023-08-21 08:00:00,145.371,145.696,145.336,145.674,15096
2023-08-21 12:00:00,145.673,146.166,145.623,146.088,14214
2023-08-21 16:00:00,146.088,146.399,146.008,146.182,15985
2023-08-21 20:00:00,146.182,146.28,146.065,146.24,7309
2023-08-22 00:00:00,146.186,146.402,146.136,146.212,5619
2023-08-22 04:00:00,146.213,146.228,145.84,146.006,9989
2023-08-22 08:00:00,146.006,146.103,145.588,145.619,13866
2023-08-22 12:00:00,145.617,146.014,145.494,145.955,14081
2023-08-22 16:00:00,145.953,146.131,145.71,145.839,16842
2023-08-22 20:00:00,145.84,145.928,145.708,145.879,5191
2023-08-23 00:00:00,145.822,145.878,145.642,145.656,4562
2023-08-23 04:00:00,145.656,145.736,145.573,145.639,8723
2023-08-23 08:00:00,145.639,145.756,145.258,145.363,16302
2023-08-23 12:00:00,145.363,145.592,145.244,145.478,14109
2023-08-23 16:00:00,145.477,145.498,144.576,144.622,23487
2023-08-23 20:00:00,144.624,144.918,144.537,144.852,7609
2023-08-24 00:00:00,144.779,144.827,144.599,144.791,5679
2023-08-24 04:00:00,144.792,145.198,144.782,145.167,11644
2023-08-24 08:00:00,145.165,145.357,144.936,145.304,13176
2023-08-24 12:00:00,145.304,145.956,145.274,145.897,13987
2023-08-24 16:00:00,145.894,145.955,145.429,145.903,19055
2023-08-24 20:00:00,145.902,145.933,145.751,145.846,7401
2023-08-25 00:00:00,145.831,146.109,145.773,146.038,6653
2023-08-25 04:00:00,146.037,146.21,145.908,146.045,8798
2023-08-25 08:00:00,146.044,146.253,145.903,146.024,13128
2023-08-25 12:00:00,146.025,146.15,145.868,145.943,10940
2023-08-25 16:00:00,145.944,146.635,145.717,146.35,26905
2023-08-25 20:00:00,146.35,146.452,146.201,146.441,8826
2023-08-28 00:00:00,146.406,146.614,146.374,146.511,4929
2023-08-28 04:00:00,146.517,146.553,146.398,146.467,8027
2023-08-28 08:00:00,146.469,146.599,146.272,146.538,11226
2023-08-28 12:00:00,146.538,146.6,146.407,146.43,10202
2023-08-28 16:00:00,146.429,146.744,146.361,146.493,13287
2023-08-28 20:00:00,146.493,146.577,146.428,146.527,6360
2023-08-29 00:00:00,146.527,146.552,146.306,146.455,4990
2023-08-29 04:00:00,146.454,146.493,146.31,146.485,7226
2023-08-29 08:00:00,146.485,146.56,146.337,146.511,10685
2023-08-29 12:00:00,146.511,147.374,146.491,147.237,13728
2023-08-29 16:00:00,147.237,147.262,145.851,145.915,27431
2023-08-29 20:00:00,145.916,145.994,145.667,145.873,10667
2023-08-30 00:00:00,145.882,146.103,145.778,145.908,6714
2023-08-30 04:00:00,145.908,146.255,145.864,146.222,9479
2023-08-30 08:00:00,146.221,146.536,146.144,146.44,15159
2023-08-30 12:00:00,146.444,146.479,145.818,145.87,19127
2023-08-30 16:00:00,145.871,146.143,145.555,146.093,22124
2023-08-30 20:00:00,146.093,146.292,145.977,146.242,7487
2023-08-31 00:00:00,146.195,146.195,145.948,146.068,6037
2023-08-31 04:00:00,146.069,146.072,145.753,145.881,9270
2023-08-31 08:00:00,145.883,146.052,145.717,145.947,15385
2023-08-31 12:00:00,145.949,146.065,145.622,145.865,18093
2023-08-31 16:00:00,145.865,146.225,145.431,145.504,22848
2023-08-31 20:00:00,145.502,145.54,145.347,145.536,7087
2023-09-01 00:00:00,145.533,145.699,145.452,145.566,5522
2023-09-01 04:00:00,145.56,145.567,145.236,145.489,9729
2023-09-01 08:00:00,145.489,145.628,145.364,145.464,11815
2023-09-01 12:00:00,145.469,145.496,144.439,144.733,15270
2023-09-01 16:00:00,144.732,146.294,144.691,146.149,27656
2023-09-01 20:00:00,146.149,146.281,146.07,146.261,7001
2023-09-04 00:00:00,146.18,146.242,146.02,146.165,4601
2023-09-04 04:00:00,146.165,146.248,146.075,146.16,7917
2023-09-04 08:00:00,146.161,146.455,146.131,146.431,11178
2023-09-04 12:00:00,146.431,146.464,146.312,146.446,7657
2023-09-04 16:00:00,146.448,146.497,146.389,146.485,5930
2023-09-04 20:00:00,146.483,146.497,146.469,146.484,981
2023-09-05 00:00:00,146.406,146.622,146.378,146.517,3941
2023-09-05 04:00:00,146.516,146.775,146.486,146.667,6312
2023-09-05 08:00:00,146.667,147.082,146.656,147.006,14032
2023-09-05 12:00:00,147.008,147.501,146.953,147.194,15300
2023-09-05 16:00:00,147.192,147.732,147.133,147.634,19746
2023-09-05 20:00:00,147.634,147.799,147.58,147.716,6114
2023-09-06 00:00:00,147.637,147.815,147.357,147.774,5666
2023-09-06 04:00:00,147.773,147.776,147.393,147.397,7509
2023-09-06 08:00:00,147.389,147.493,147.015,147.39,14344
2023-09-06 12:00:00,147.39,147.592,147.207,147.274,11831
2023-09-06 16:00:00,147.275,147.706,147.129,147.589,20605
2023-09-06 20:00:00,147.589,147.745,147.487,147.666,6346
2023-09-07 00:00:00,147.648,147.873,147.514,147.76,4903
2023-09-07 04:00:00,147.76,147.804,147.493,147.564,7306
2023-09-07 08:00:00,147.564,147.681,147.359,147.454,12877
2023-09-07 12:00:00,147.453,147.613,147.218,147.282,14679
2023-09-07 16:00:00,147.283,147.437,147.042,147.089,19202
2023-09-07 20:00:00,147.095,147.287,147.095,147.287,6278
2023-09-08 00:00:00,147.285,147.384,146.583,146.915,7928
2023-09-08 04:00:00,146.916,147.339,146.907,147.227,12164
2023-09-08 08:00:00,147.227,147.456,147.051,147.408,13176
2023-09-08 12:00:00,147.409,147.572,147.242,147.548,12596
2023-09-08 16:00:00,147.555,147.777,147.325,147.765,17306
2023-09-08 20:00:00,147.765,147.869,147.704,147.798,5735
2023-09-11 00:00:00,146.988,147.266,146.636,146.952,12407
2023-09-11 04:00:00,146.954,147.094,146.152,146.198,19493
2023-09-11 08:00:00,146.197,146.489,145.898,146.338,20104
2023-09-11 12:00:00,146.347,146.982,146.266,146.493,16737
2023-09-11 16:00:00,146.495,146.59,146.197,146.469,17143
2023-09-11 20:00:00,146.474,146.597,146.428,146.591,7555
2023-09-12 00:00:00,146.57,146.802,146.458,146.691,6010
2023-09-12 04:00:00,146.691,146.74,146.435,146.73,9837
2023-09-12 08:00:00,146.731,146.941,146.657,146.787,12970
2023-09-12 12:00:00,146.786,147.16,146.755,147.118,12072
2023-09-12 16:00:00,147.122,147.232,147.055,147.173,14851
2023-09-12 20:00:00,147.176,147.224,146.982,147.036,6469
2023-09-13 00:00:00,147.077,147.309,147.016,147.3,5341
2023-09-13 04:00:00,147.304,147.445,147.265,147.393,10452
2023-09-13 08:00:00,147.393,147.397,147.205,147.249,14632
2023-09-13 12:00:00,147.248,147.747,147.163,147.43,17707
2023-09-13 16:00:00,147.432,147.6,147.247,147.345,21464
2023-09-13 20:00:00,147.344,147.508,147.164,147.473,8063
2023-09-14 00:00:00,147.394,147.407,147.049,147.085,5257
2023-09-14 04:00:00,147.084,147.192,147.018,147.136,9738
2023-09-14 08:00:00,147.134,147.357,147.071,147.286,11528
2023-09-14 12:00:00,147.286,147.564,147.202,147.402,19167
2023-09-14 16:00:00,147.406,147.445,147.014,147.232,24863
2023-09-14 20:00:00,147.231,147.487,147.174,147.444,7601
2023-09-15 00:00:00,147.459,147.517,147.336,147.453,6850
2023-09-15 04:00:00,147.456,147.498,147.344,147.404,9673
2023-09-15 08:00:00,147.405,147.816,147.366,147.774,16232
2023-09-15 12:00:00,147.78,147.951,147.72,147.94,13582
2023-09-15 16:00:00,147.938,147.944,147.595,147.863,20833
2023-09-15 20:00:00,147.863,147.892,147.718,147.831,6653
2023-09-18 00:00:00,147.7,147.875,147.671,147.713,4170
2023-09-18 04:00:00,147.713,147.803,147.675,147.675,6499
2023-09-18 08:00:00,147.674,147.752,147.555,147.635,10485
2023-09-18 12:00:00,147.634,147.746,147.578,147.73,10273
2023-09-18 16:00:00,147.729,147.768,147.594,147.626,12656
2023-09-18 20:00:00,147.629,147.757,147.575,147.616,5854
2023-09-19 00:00:00,147.61,147.728,147.506,147.643,5480
2023-09-19 04:00:00,147.641,147.788,147.635,147.748,6756
2023-09-19 08:00:00,147.748,147.893,147.613,147.71,10738
2023-09-19 12:00:00,147.713,147.805,147.567,147.781,11754
2023-09-19 16:00:00,147.777,147.856,147.626,147.824,11794
2023-09-19 20:00:00,147.825,147.92,147.791,147.863,5504
2023-09-20 00:00:00,147.84,147.858,147.689,147.74,5719
2023-09-20 04:00:00,147.741,147.844,147.707,147.83,6487
2023-09-20 08:00:00,147.831,148.166,147.817,148.089,13383
2023-09-20 12:00:00,148.088,148.093,147.801,147.862,12126
2023-09-20 16:00:00,147.863,147.869,147.494,147.54,13061
2023-09-20 20:00:00,147.541,148.345,147.472,148.336,21780
2023-09-21 00:00:00,148.274,148.457,148.165,148.406,7564
2023-09-21 04:00:00,148.407,148.451,148.189,148.343,9035
2023-09-21 08:00:00,148.342,148.395,148.153,148.188,12146
2023-09-21 12:00:00,148.187,148.255,147.694,147.953,16596
2023-09-21 16:00:00,147.958,147.981,147.32,147.509,18412
2023-09-21 20:00:00,147.512,147.602,147.422,147.565,6163
2023-09-22 00:00:00,147.541,147.7,147.505,147.611,6021
2023-09-22 04:00:00,147.612,148.254,147.604,148.023,13776
2023-09-22 08:00:00,148.022,148.413,147.922,148.29,17845
2023-09-22 12:00:00,148.289,148.339,148.132,148.252,12362
2023-09-22 16:00:00,148.251,148.354,147.959,148.289,14613
2023-09-22 20:00:00,148.296,148.411,148.251,148.365,6050
2023-09-25 00:00:00,148.256,148.483,148.204,148.333,7155
2023-09-25 04:00:00,148.332,148.438,148.285,148.351,6757
2023-09-25 08:00:00,148.352,148.575,148.321,148.561,11078
2023-09-25 12:00:00,148.561,148.754,148.513,148.736,9651
2023-09-25 16:00:00,148.735,148.959,148.723,148.846,13759
2023-09-25 20:00:00,148.846,148.892,148.749,148.886,4519
2023-09-26 00:00:00,148.861,148.904,148.701,148.882,5004
2023-09-26 04:00:00,148.884,148.953,148.812,148.88,7073
2023-09-26 08:00:00,148.882,149.183,148.756,148.907,13805
2023-09-26 12:00:00,148.907,148.989,148.793,148.793,10847
2023-09-26 16:00:00,148.794,148.988,148.794,148.924,15908
2023-09-26 20:00:00,148.925,149.099,148.861,149.085,5980
2023-09-27 00:00:00,148.981,149.08,148.965,149.036,5249
2023-09-27 04:00:00,149.036,149.073,148.861,149.018,7512
2023-09-27 08:00:00,149.021,149.151,148.972,149.061,9372
2023-09-27 12:00:00,149.062,149.247,149.06,149.183,10271
2023-09-27 16:00:00,149.185,149.64,149.164,149.618,14124
2023-09-27 20:00:00,149.617,149.706,149.458,149.633,10347
2023-09-28 00:00:00,149.595,149.596,149.371,149.455,5618
2023-09-28 04:00:00,149.452,149.558,149.327,149.328,7757
2023-09-28 08:00:00,149.329,149.445,149.204,149.376,12230
2023-09-28 12:00:00,149.377,149.5,149.161,149.451,14142
2023-09-28 16:00:00,149.452,149.464,149.144,149.287,19197
2023-09-28 20:00:00,149.288,149.383,149.214,149.281,7574
2023-09-29 00:00:00,149.281,149.449,149.201,149.38,4404
2023-09-29 04:00:00,149.381,149.498,149.279,149.363,7719
2023-09-29 08:00:00,149.364,149.39,148.525,149.07,15690
2023-09-29 12:00:00,149.069,149.278,148.943,149.187,15269
2023-09-29 16:00:00,149.189,149.449,149.081,149.408,19600
2023-09-29 20:00:00,149.407,149.487,149.346,149.359,9240
2023-10-02 00:00:00,149.555,149.725,149.391,149.681,7048
2023-10-02 04:00:00,149.681,149.823,149.621,149.729,7109
2023-10-02 08:00:00,149.73,149.789,149.555,149.724,11200
2023-10-02 12:00:00,149.725,149.816,149.633,149.804,11413
2023-10-02 16:00:00,149.804,149.874,149.67,149.82,16647
2023-10-02 20:00:00,149.82,149.874,149.708,149.856,6933
2023-10-03 00:00:00,149.743,149.882,149.74,149.879,5402
2023-10-03 04:00:00,149.878,149.893,149.819,149.879,7491
2023-10-03 08:00:00,149.878,149.935,149.652,149.818,12185
2023-10-03 12:00:00,149.817,149.98,149.817,149.917,11447
2023-10-03 16:00:00,149.915,150.158,147.282,149.096,29425
2023-10-03 20:00:00,149.097,149.099,148.706,149.061,9667
2023-10-04 00:00:00,148.99,149.235,148.966,149.188,6980
2023-10-04 04:00:00,149.187,149.316,149.145,149.166,8055
2023-10-04 08:00:00,149.166,149.269,148.732,148.984,12782
2023-10-04 12:00:00,148.985,149.21,148.783,148.873,16888
2023-10-04 16:00:00,148.872,149.133,148.763,148.884,19570
2023-10-04 20:00:00,148.885,149.133,148.879,149.121,9317
2023-10-05 00:00:00,149.121,149.121,148.488,148.544,6141
2023-10-05 04:00:00,148.545,148.602,148.258,148.548,11382
2023-10-05 08:00:00,148.552,149.093,148.504,149.007,12128
2023-10-05 12:00:00,149.01,149.115,148.804,148.929,15870
2023-10-05 16:00:00,148.928,148.969,148.376,148.407,21901
2023-10-05 20:00:00,148.408,148.52,148.302,148.513,8023
2023-10-06 00:00:00,148.465,148.658,148.36,148.637,5021
2023-10-06 04:00:00,148.638,148.768,148.463,148.757,8093
2023-10-06 08:00:00,148.756,148.988,148.746,148.908,10573
2023-10-06 12:00:00,148.908,149.535,148.856,149.416,18399
2023-10-06 16:00:00,149.416,149.458,149.038,149.291,28189
2023-10-06 20:00:00,149.29,149.359,149.225,149.286,8430
2023-10-09 00:00:00,149.078,149.237,148.985,149.101,12527
2023-10-09 04:00:00,149.101,149.206,149.077,149.199,8128
2023-10-09 08:00:00,149.199,149.224,149.104,149.138,13060
2023-10-09 12:00:00,149.138,149.181,149.05,149.064,10174
2023-10-09 16:00:00,149.064,149.07,148.516,148.722,18777
2023-10-09 20:00:00,148.722,148.744,148.434,148.511,8902
2023-10-10 00:00:00,148.504,148.663,148.159,148.517,9607
2023-10-10 04:00:00,148.518,148.757,148.305,148.741,12269
2023-10-10 08:00:00,148.74,149.068,148.514,148.83,19976
2023-10-10 12:00:00,148.829,149.095,148.819,148.925,16215
2023-10-10 16:00:00,148.926,149.083,148.542,148.554,21814
2023-10-10 20:00:00,148.557,148.774,148.552,148.713,9698
2023-10-11 00:00:00,148.681,148.699,148.422,148.572,6422
2023-10-11 04:00:00,148.574,148.892,148.541,148.873,8703
2023-10-11 08:00:00,148.871,148.966,148.578,148.663,16932
2023-10-11 12:00:00,148.662,149.073,148.603,148.875,19824
2023-10-11 16:00:00,148.874,149.184,148.82,149.149,24552
2023-10-11 20:00:00,149.153,149.321,149.05,149.188,11270
2023-10-12 00:00:00,149.099,149.162,148.978,149.136,6679
2023-10-12 04:00:00,149.136,149.271,149.021,149.127,9928
2023-10-12 08:00:00,149.128,149.196,148.951,149.082,13071
2023-10-12 12:00:00,149.082,149.481,149.01,149.446,20373
2023-10-12 16:00:00,149.444,149.793,149.388,149.735,25650
2023-10-12 20:00:00,149.733,149.828,149.71,149.797,10601
2023-10-13 00:00:00,149.786,149.825,149.729,149.754,6159
2023-10-13 04:00:00,149.756,149.824,149.598,149.644,7615
2023-10-13 08:00:00,149.643,149.759,149.571,149.7,14354
2023-10-13 12:00:00,149.702,149.776,149.453,149.532,20085
2023-10-13 16:00:00,149.534,149.737,149.45,149.571,16871
2023-10-13 20:00:00,149.57,149.597,149.468,149.586,7764
2023-10-16 00:00:00,149.436,149.63,149.342,149.496,7816
2023-10-16 04:00:00,149.497,149.525,149.406,149.435,5498
2023-10-16 08:00:00,149.433,149.613,149.372,149.495,11605
2023-10-16 12:00:00,149.494,149.586,149.406,149.449,10087
2023-10-16 16:00:00,149.449,149.758,149.438,149.583,12489
2023-10-16 20:00:00,149.583,149.613,149.498,149.536,4620
2023-10-17 00:00:00,149.513,149.632,149.477,149.508,4494
2023-10-17 04:00:00,149.506,149.574,149.484,149.546,5403
2023-10-17 08:00:00,149.547,149.689,149.529,149.668,8878
2023-10-17 12:00:00,149.667,149.793,148.776,149.772,14851
2023-10-17 16:00:00,149.772,149.793,149.597,149.761,17598
2023-10-17 20:00:00,149.759,149.85,149.715,149.794,7586
2023-10-18 00:00:00,149.805,149.816,149.719,149.772,3924
2023-10-18 04:00:00,149.771,149.793,149.481,149.671,7660
2023-10-18 08:00:00,149.668,149.78,149.601,149.774,11991
2023-10-18 12:00:00,149.773,149.785,149.61,149.737,11687
2023-10-18 16:00:00,149.733,149.886,149.676,149.818,17368
2023-10-18 20:00:00,149.818,149.936,149.731,149.932,8478
2023-10-19 00:00:00,149.859,149.886,149.663,149.756,7229
2023-10-19 04:00:00,149.758,149.84,149.729,149.807,7479
2023-10-19 08:00:00,149.807,149.853,149.722,149.833,11580
2023-10-19 12:00:00,149.834,149.896,149.779,149.82,12417
2023-10-19 16:00:00,149.821,149.962,149.674,149.736,22094
2023-10-19 20:00:00,149.736,149.859,149.692,149.805,12971
2023-10-20 00:00:00,149.766,149.86,149.723,149.848,5705
2023-10-20 04:00:00,149.848,149.938,149.814,149.859,7135
2023-10-20 08:00:00,149.86,149.993,149.636,149.946,14047
2023-10-20 12:00:00,149.946,149.988,149.884,149.964,12407
2023-10-20 16:00:00,149.966,149.977,149.796,149.85,14336
2023-10-20 20:00:00,149.851,149.889,149.775,149.856,8724
2023-10-23 00:00:00,149.862,149.89,149.721,149.859,4723
2023-10-23 04:00:00,149.858,149.94,149.846,149.935,5205
2023-10-23 08:00:00,149.938,149.962,149.864,149.938,8286
2023-10-23 12:00:00,149.938,149.989,149.868,149.94,9073
2023-10-23 16:00:00,149.938,149.95,149.672,149.672,14513
2023-10-23 20:00:00,149.674,149.729,149.555,149.713,8073
2023-10-24 00:00:00,149.658,149.788,149.641,149.676,4465
2023-10-24 04:00:00,149.677,149.699,149.495,149.653,7160
2023-10-24 08:00:00,149.652,149.749,149.32,149.515,13272
2023-10-24 12:00:00,149.516,149.841,149.515,149.801,11211
2023-10-24 16:00:00,149.802,149.928,149.745,149.795,15702
2023-10-24 20:00:00,149.795,149.917,149.751,149.889,7099
2023-10-25 00:00:00,149.86,149.923,149.814,149.884,4858
2023-10-25 04:00:00,149.883,149.89,149.791,149.842,4934
2023-10-25 08:00:00,149.842,149.924,149.819,149.907,7432
2023-10-25 12:00:00,149.907,149.944,149.893,149.92,8765
2023-10-25 16:00:00,149.919,149.978,149.877,149.967,13641
2023-10-25 20:00:00,149.966,150.31,149.864,150.266,9080
2023-10-26 00:00:00,150.158,150.225,150.04,150.202,6689
2023-10-26 04:00:00,150.202,150.476,150.172,150.43,8317
2023-10-26 08:00:00,150.43,150.776,149.862,150.401,16148
2023-10-26 12:00:00,150.401,150.506,150.164,150.192,14643
2023-10-26 16:00:00,150.19,150.499,150.08,150.416,19426
2023-10-26 20:00:00,150.418,150.437,150.232,150.387,8862
2023-10-27 00:00:00,150.386,150.411,150.28,150.374,4631
2023-10-27 04:00:00,150.373,150.391,150.141,150.169,5838
2023-10-27 08:00:00,150.168,150.279,150.065,150.076,11180
2023-10-27 12:00:00,150.077,150.142,149.722,149.869,12581
2023-10-27 16:00:00,149.869,149.901,149.547,149.631,16517
2023-10-27 20:00:00,149.63,149.733,149.458,149.642,8934
2023-10-30 00:00:00,149.491,149.813,149.462,149.8,5461
2023-10-30 04:00:00,149.801,149.804,149.531,149.558,5239
2023-10-30 08:00:00,149.559,149.666,149.281,149.582,10229
2023-10-30 12:00:00,149.581,149.855,149.557,149.759,10555
2023-10-30 16:00:00,149.753,149.801,148.802,149.017,17939
2023-10-30 20:00:00,149.018,149.113,148.954,149.06,6055
2023-10-31 00:00:00,149.039,149.448,149.018,149.415,4963
2023-10-31 04:00:00,149.416,150.181,149.324,150.145,16075
2023-10-31 08:00:00,150.145,150.444,150.069,150.407,14190
2023-10-31 12:00:00,150.406,150.948,150.078,150.931,16508
2023-10-31 16:00:00,150.934,151.703,150.817,151.7,20636
2023-10-31 20:00:00,151.7,151.707,151.048,151.705,12247
2023-11-01 00:00:00,151.611,151.675,151.15,151.366,8138
2023-11-01 04:00:00,151.367,151.43,151.138,151.323,7167
2023-11-01 08:00:00,151.324,151.396,151.203,151.219,8815
2023-11-01 12:00:00,151.218,151.292,151.082,151.183,12044
2023-11-01 16:00:00,151.182,151.378,150.815,151.071,17544
2023-11-01 20:00:00,151.068,151.237,150.66,150.932,20130
2023-11-02 00:00:00,150.84,150.937,150.331,150.343,7711
2023-11-02 04:00:00,150.343,150.465,150.148,150.436,10620
2023-11-02 08:00:00,150.436,150.582,150.166,150.402,11054
2023-11-02 12:00:00,150.402,150.431,149.951,149.984,15751
2023-11-02 16:00:00,149.985,150.545,149.841,150.535,19759
2023-11-02 20:00:00,150.529,150.539,150.374,150.478,8491
2023-11-03 00:00:00,150.448,150.519,150.314,150.393,3983
2023-11-03 04:00:00,150.393,150.468,150.271,150.281,5835
2023-11-03 08:00:00,150.281,150.415,150.233,150.4,7366
2023-11-03 12:00:00,150.399,150.425,149.283,149.4,14377
2023-11-03 16:00:00,149.401,149.758,149.186,149.331,28164
2023-11-03 20:00:00,149.332,149.478,149.245,149.388,9213
2023-11-06 00:00:00,149.363,149.65,149.316,149.537,7544
2023-11-06 04:00:00,149.536,149.675,149.478,149.541,8201
2023-11-06 08:00:00,149.545,149.732,149.376,149.676,12206
2023-11-06 12:00:00,149.675,149.836,149.559,149.807,10863
2023-11-06 16:00:00,149.808,149.862,149.678,149.854,12077
2023-11-06 20:00:00,149.854,150.062,149.822,150.056,7106
2023-11-07 00:00:00,150.043,150.155,149.929,150.089,7155
2023-11-07 04:00:00,150.09,150.317,150.07,150.285,6579
2023-11-07 08:00:00,150.287,150.493,150.243,150.429,11371
2023-11-07 12:00:00,150.43,150.643,150.292,150.576,13255
2023-11-07 16:00:00,150.574,150.693,150.448,150.547,14030
2023-11-07 20:00:00,150.545,150.56,150.316,150.413,7675
2023-11-08 00:00:00,150.379,150.613,150.298,150.551,7043
2023-11-08 04:00:00,150.546,150.642,150.43,150.64,7352
2023-11-08 08:00:00,150.641,150.779,150.592,150.752,10923
2023-11-08 12:00:00,150.753,150.985,150.696,150.903,10802
2023-11-08 16:00:00,150.902,150.951,150.727,150.907,14627
2023-11-08 20:00:00,150.907,151.058,150.83,150.983,8497
2023-11-09 00:00:00,150.929,150.998,150.821,150.883,6977
2023-11-09 04:00:00,150.882,151.036,150.841,151.034,5811
2023-11-09 08:00:00,151.033,151.091,150.768,151.036,11509
2023-11-09 12:00:00,151.035,151.185,150.928,150.968,12352
2023-11-09 16:00:00,150.969,151.096,150.83,151.077,14380
2023-11-09 20:00:00,151.072,151.386,151.055,151.347,14624
2023-11-10 00:00:00,151.321,151.372,151.235,151.239,7581
2023-11-10 04:00:00,151.248,151.404,151.221,151.388,5913
2023-11-10 08:00:00,151.389,151.453,151.324,151.446,10596
2023-11-10 12:00:00,151.446,151.49,151.32,151.358,10447
2023-11-10 16:00:00,151.358,151.589,151.353,151.557,13471
2023-11-10 20:00:00,151.559,151.602,151.505,151.519,5865
2023-11-13 00:00:00,151.433,151.661,151.405,151.564,5998
2023-11-13 04:00:00,151.564,151.793,151.553,151.769,6149
2023-11-13 08:00:00,151.77,151.854,151.669,151.77,8788
2023-11-13 12:00:00,151.77,151.838,151.691,151.804,7476
2023-11-13 16:00:00,151.805,151.907,151.205,151.635,13182
2023-11-13 20:00:00,151.634,151.725,151.589,151.723,4498
2023-11-14 00:00:00,151.663,151.785,151.611,151.731,4552
2023-11-14 04:00:00,151.731,151.756,151.648,151.706,3665
2023-11-14 08:00:00,151.705,151.732,151.571,151.701,6664
2023-11-14 12:00:00,151.702,151.745,150.796,150.998,12283
2023-11-14 16:00:00,150.999,151.0,150.585,150.6,21493
2023-11-14 20:00:00,150.6,150.61,150.151,150.391,7611
2023-11-15 00:00:00,150.279,150.79,150.274,150.574,8396
2023-11-15 04:00:00,150.575,150.695,150.509,150.659,5719
2023-11-15 08:00:00,150.656,150.754,150.33,150.397,11959
2023-11-15 12:00:00,150.396,150.882,150.044,150.776,13352
2023-11-15 16:00:00,150.773,151.241,150.748,151.158,17728
2023-11-15 20:00:00,151.158,151.419,151.145,151.37,6212
2023-11-16 00:00:00,151.323,151.339,151.116,151.198,5092
2023-11-16 04:00:00,151.197,151.353,151.166,151.303,5373
2023-11-16 08:00:00,151.307,151.43,151.14,151.275,9585
2023-11-16 12:00:00,151.275,151.312,150.649,150.652,12664
2023-11-16 16:00:00,150.649,150.917,150.284,150.509,18465
2023-11-16 20:00:00,150.51,150.771,150.423,150.726,5760
2023-11-17 00:00:00,150.622,150.773,150.498,150.624,5981
2023-11-17 04:00:00,150.624,150.661,150.42,150.634,6287
2023-11-17 08:00:00,150.635,150.692,149.513,149.613,14707
2023-11-17 12:00:00,149.611,149.73,149.196,149.632,17982
2023-11-17 16:00:00,149.631,149.871,149.481,149.699,16823
2023-11-17 20:00:00,149.699,149.746,149.582,149.637,6273
2023-11-20 00:00:00,149.594,149.99,149.381,149.513,10612
2023-11-20 04:00:00,149.514,149.568,148.691,149.083,16304
2023-11-20 08:00:00,149.082,149.208,148.195,148.204,18370
2023-11-20 12:00:00,148.202,148.553,148.1,148.51,14259
2023-11-20 16:00:00,148.51,148.687,148.185,148.352,14875
2023-11-20 20:00:00,148.354,148.449,148.138,148.408,8366
2023-11-21 00:00:00,148.353,148.416,147.866,148.018,11252
2023-11-21 04:00:00,148.019,148.092,147.245,147.784,15928
2023-11-21 08:00:00,147.782,147.831,147.149,147.773,17896
2023-11-21 12:00:00,147.773,147.801,147.35,147.621,14659
2023-11-21 16:00:00,147.621,147.99,147.437,147.96,19148
2023-11-21 20:00:00,147.961,148.595,147.958,148.389,11013
2023-11-22 00:00:00,148.344,148.369,148.016,148.298,10219
2023-11-22 04:00:00,148.299,148.804,148.094,148.755,9940
2023-11-22 08:00:00,148.757,149.35,148.734,149.105,15902
2023-11-22 12:00:00,149.106,149.235,148.585,149.233,18750
2023-11-22 16:00:00,149.232,149.75,149.196,149.615,20487
2023-11-22 20:00:00,149.616,149.7,149.512,149.529,6904
2023-11-23 00:00:00,149.524,149.534,149.163,149.179,5736
2023-11-23 04:00:00,149.18,149.253,148.951,148.988,7250
2023-11-23 08:00:00,148.989,149.339,148.885,149.236,13288
2023-11-23 12:00:00,149.239,149.573,149.166,149.472,8707
2023-11-23 16:00:00,149.473,149.691,149.45,149.623,6646
2023-11-23 20:00:00,149.621,149.621,149.526,149.558,3071
2023-11-24 00:00:00,149.546,149.712,149.404,149.518,7752
2023-11-24 04:00:00,149.511,149.592,149.195,149.254,7206
2023-11-24 08:00:00,149.255,149.659,149.203,149.634,10891
2023-11-24 12:00:00,149.634,149.671,149.445,149.591,9148
2023-11-24 16:00:00,149.59,149.628,149.439,149.522,10912
2023-11-24 20:00:00,149.525,149.534,149.409,149.413,6864
2023-11-27 00:00:00,149.446,149.673,149.05,149.109,8967
2023-11-27 04:00:00,149.11,149.284,148.886,149.133,12429
2023-11-27 08:00:00,149.133,149.323,148.772,149.29,12996
2023-11-27 12:00:00,149.29,149.327,148.651,148.813,15318
2023-11-27 16:00:00,148.812,149.076,148.657,148.956,18983
2023-11-27 20:00:00,148.956,148.971,148.545,148.665,8499
2023-11-28 00:00:00,148.634,148.66,148.021,148.198,11216
2023-11-28 04:00:00,148.199,148.385,147.972,148.284,10078
2023-11-28 08:00:00,148.284,148.826,148.152,148.538,14317
2023-11-28 12:00:00,148.536,148.698,148.292,148.363,14481
2023-11-28 16:00:00,148.361,148.499,147.32,147.552,28094
2023-11-28 20:00:00,147.548,147.713,147.387,147.454,11404
2023-11-29 00:00:00,147.457,147.484,146.667,146.905,15295
2023-11-29 04:00:00,146.894,147.321,146.798,147.144,13998
2023-11-29 08:00:00,147.145,147.654,147.019,147.563,20704
2023-11-29 12:00:00,147.564,147.813,147.302,147.726,20387
2023-11-29 16:00:00,147.725,147.904,147.119,147.264,26405
2023-11-29 20:00:00,147.264,147.363,147.076,147.216,9757
2023-11-30 00:00:00,147.175,147.187,146.839,147.034,10115
2023-11-30 04:00:00,147.034,147.176,146.929,147.029,10279
2023-11-30 08:00:00,147.03,147.459,146.863,147.415,17961
2023-11-30 12:00:00,147.415,147.895,147.205,147.885,19307
2023-11-30 16:00:00,147.883,148.508,147.717,148.208,28676
2023-11-30 20:00:00,148.209,148.3,148.041,148.19,10019
2023-12-01 00:00:00,148.179,148.18,147.6,147.71,12113
2023-12-01 04:00:00,147.711,148.181,147.663,148.061,10880
2023-12-01 08:00:00,148.061,148.312,147.687,147.856,16882
2023-12-01 12:00:00,147.857,148.345,147.797,148.187,15361
2023-12-01 16:00:00,148.188,148.252,146.827,146.85,31803
2023-12-01 20:00:00,146.851,146.924,146.659,146.83,11753
2023-12-04 00:00:00,146.745,146.765,146.224,146.641,20379
2023-12-04 04:00:00,146.643,146.892,146.471,146.81,12446
2023-12-04 08:00:00,146.81,147.112,146.568,146.615,19600
2023-12-04 12:00:00,146.615,146.766,146.457,146.656,18370
2023-12-04 16:00:00,146.654,147.258,146.469,147.251,27244
2023-12-04 20:00:00,147.253,147.449,147.174,147.213,8936
2023-12-05 00:00:00,147.136,147.379,146.971,147.159,12675
2023-12-05 04:00:00,147.156,147.274,147.017,147.026,9537
2023-12-05 08:00:00,147.025,147.148,146.679,147.06,20117
2023-12-05 12:00:00,147.061,147.196,146.776,146.794,17501
2023-12-05 16:00:00,146.795,147.334,146.558,147.127,28967
2023-12-05 20:00:00,147.124,147.384,147.112,147.163,9402
2023-12-06 00:00:00,147.098,147.302,146.985,147.263,9056
2023-12-06 04:00:00,147.264,147.396,147.14,147.176,8254
2023-12-06 08:00:00,147.177,147.37,146.896,147.32,16896
2023-12-06 12:00:00,147.319,147.501,146.999,147.079,17632
2023-12-06 16:00:00,147.08,147.37,147.074,147.218,20486
2023-12-06 20:00:00,147.22,147.412,147.201,147.33,7094
2023-12-07 00:00:00,147.17,147.297,146.803,146.887,10890
2023-12-07 04:00:00,146.887,146.983,146.515,146.543,14332
2023-12-07 08:00:00,146.543,146.67,144.815,144.859,32008
2023-12-07 12:00:00,144.859,145.301,144.543,144.835,29356
2023-12-07 16:00:00,144.834,144.956,141.615,143.272,33864
2023-12-07 20:00:00,143.273,144.178,143.038,144.138,18731
2023-12-08 00:00:00,144.106,144.32,142.492,143.374,25180
2023-12-08 04:00:00,143.372,144.176,143.06,143.934,22785
2023-12-08 08:00:00,143.933,144.406,143.717,144.285,28840
2023-12-08 12:00:00,144.283,145.212,143.756,144.197,23470
2023-12-08 16:00:00,144.197,144.977,143.859,144.808,20412
2023-12-08 20:00:00,144.806,145.0,144.762,144.991,6129
2023-12-11 00:00:00,144.915,145.574,144.812,145.445,11261
2023-12-11 04:00:00,145.445,145.67,145.3,145.562,7305
2023-12-11 08:00:00,145.563,146.456,145.328,146.188,14638
2023-12-11 12:00:00,146.187,146.499,146.101,146.292,10168
2023-12-11 16:00:00,146.291,146.588,146.053,146.465,13962
2023-12-11 20:00:00,146.466,146.478,146.072,146.185,7128
2023-12-12 00:00:00,146.143,146.182,145.539,145.738,7967
2023-12-12 04:00:00,145.737,145.831,145.337,145.377,7338
2023-12-12 08:00:00,145.378,145.627,145.222,145.41,11049
2023-12-12 12:00:00,145.409,145.731,144.732,145.649,12102
2023-12-12 16:00:00,145.65,145.853,145.305,145.664,14429
2023-12-12 20:00:00,145.663,145.678,145.466,145.478,5346
2023-12-13 00:00:00,145.483,145.607,145.185,145.382,6909
2023-12-13 04:00:00,145.381,145.702,145.318,145.566,7271
2023-12-13 08:00:00,145.563,145.993,145.537,145.836,11190
2023-12-13 12:00:00,145.836,145.882,145.213,145.232,11178
2023-12-13 16:00:00,145.231,145.445,145.031,145.174,12407
2023-12-13 20:00:00,145.173,145.274,142.643,142.929,21075
2023-12-14 00:00:00,142.831,142.906,142.05,142.32,15184
2023-12-14 04:00:00,142.326,142.412,140.966,141.418,16477
2023-12-14 08:00:00,141.412,142.174,141.352,141.483,19191
2023-12-14 12:00:00,141.486,142.286,141.232,141.862,19510
2023-12-14 16:00:00,141.863,142.152,141.399,141.6,20835
2023-12-14 20:00:00,141.605,142.013,141.601,141.909,9419
2023-12-15 00:00:00,141.842,142.465,141.825,142.35,9502
2023-12-15 04:00:00,142.351,142.385,141.571,141.886,9970
2023-12-15 08:00:00,141.877,142.133,141.593,141.775,14838
2023-12-15 12:00:00,141.78,142.452,141.471,142.313,15040
2023-12-15 16:00:00,142.316,142.329,141.429,142.037,18206
2023-12-15 20:00:00,142.04,142.313,142.007,142.167,9024
2023-12-18 00:00:00,142.034,142.457,142.034,142.252,7860
2023-12-18 04:00:00,142.253,142.377,142.083,142.206,6570
2023-12-18 08:00:00,142.202,142.543,142.154,142.493,11927
2023-12-18 12:00:00,142.494,142.893,142.446,142.816,15646
2023-12-18 16:00:00,142.817,143.158,142.799,142.922,19818
2023-12-18 20:00:00,142.924,143.013,142.796,142.808,9100
2023-12-19 00:00:00,142.745,142.841,142.245,142.549,13538
2023-12-19 04:00:00,142.55,143.783,142.456,143.494,19909
2023-12-19 08:00:00,143.499,144.693,142.486,144.535,28596
2023-12-19 12:00:00,144.535,144.954,144.156,144.289,21805
2023-12-19 16:00:00,144.289,144.434,143.529,143.832,24058
2023-12-19 20:00:00,143.833,143.967,143.76,143.84,9524
2023-12-20 00:00:00,143.74,144.096,143.717,143.84,12069
2023-12-20 04:00:00,143.84,144.006,143.364,143.587,14329
2023-12-20 08:00:00,143.591,143.769,143.305,143.411,21725
2023-12-20 12:00:00,143.412,143.639,143.261,143.35,16476
2023-12-20 16:00:00,143.349,143.94,143.306,143.89,20156
2023-12-20 20:00:00,143.893,143.916,143.535,143.575,12934
2023-12-21 00:00:00,143.482,143.567,142.922,143.028,12066
2023-12-21 04:00:00,143.029,143.118,142.805,142.958,12876
2023-12-21 08:00:00,142.96,143.398,142.915,143.076,15540
2023-12-21 12:00:00,143.076,143.135,142.072,142.218,19318
2023-12-21 16:00:00,142.218,142.6,142.042,142.267,26219
2023-12-21 20:00:00,142.266,142.433,142.087,142.1,10109
2023-12-22 00:00:00,142.15,142.406,141.863,142.354,12891
2023-12-22 04:00:00,142.354,142.556,142.28,142.4,11583
2023-12-22 08:00:00,142.402,142.435,142.05,142.156,17230
2023-12-22 12:00:00,142.155,142.47,141.924,142.043,18104
2023-12-22 16:00:00,142.041,142.66,141.888,142.502,20708
2023-12-22 20:00:00,142.503,142.582,142.389,142.414,7663
2023-12-26 00:00:00,142.269,142.356,142.089,142.259,6603
2023-12-26 04:00:00,142.257,142.342,142.158,142.265,6070
2023-12-26 08:00:00,142.264,142.524,142.213,142.502,7006
2023-12-26 12:00:00,142.504,142.522,142.236,142.368,8919
2023-12-26 16:00:00,142.369,142.63,142.326,142.47,8602
2023-12-26 20:00:00,142.471,142.519,142.36,142.365,6073
2023-12-27 00:00:00,142.343,142.844,142.275,142.613,9415
2023-12-27 04:00:00,142.611,142.727,142.433,142.564,9354
2023-12-27 08:00:00,142.562,142.836,142.447,142.581,13331
2023-12-27 12:00:00,142.581,142.656,142.508,142.574,10577
2023-12-27 16:00:00,142.564,142.646,141.825,142.098,17585
2023-12-27 20:00:00,142.1,142.169,141.547,141.814,12203
2023-12-28 00:00:00,141.657,141.683,141.168,141.395,11323
2023-12-28 04:00:00,141.39,141.464,141.101,141.154,10648
2023-12-28 08:00:00,141.153,141.245,140.672,140.73,17578
2023-12-28 12:00:00,140.73,141.14,140.647,141.12,15328
2023-12-28 16:00:00,141.12,141.421,140.248,141.218,22656
2023-12-28 20:00:00,141.218,141.582,141.191,141.405,9899
2023-12-29 00:00:00,141.352,141.669,141.249,141.483,10516
2023-12-29 04:00:00,141.484,141.529,141.268,141.311,8116
2023-12-29 08:00:00,141.312,141.909,141.134,141.894,13170
2023-12-29 12:00:00,141.898,141.912,141.382,141.833,16106
2023-12-29 16:00:00,141.833,141.833,140.792,140.839,23500
2023-12-29 20:00:00,140.839,141.084,140.839,141.022,9865
2024-01-02 00:00:00,140.864,141.459,140.809,141.44,8089
2024-01-02 04:00:00,141.44,141.67,141.344,141.35,9179
2024-01-02 08:00:00,141.347,141.672,141.292,141.554,18775
2024-01-02 12:00:00,141.556,142.212,141.507,142.15,22108
2024-01-02 16:00:00,142.147,142.173,141.497,141.973,27417
2024-01-02 20:00:00,141.972,142.017,141.804,141.992,8306
2024-01-03 00:00:00,141.935,142.181,141.858,142.016,8361
2024-01-03 04:00:00,142.015,142.134,141.856,142.12,8651
2024-01-03 08:00:00,142.121,142.711,142.014,142.638,19755
2024-01-03 12:00:00,142.636,143.087,142.591,143.017,20432
2024-01-03 16:00:00,143.016,143.728,142.811,143.606,29302
2024-01-03 20:00:00,143.601,143.73,143.12,143.297,19750
2024-01-04 00:00:00,143.209,143.45,142.852,143.43,10788
2024-01-04 04:00:00,143.43,143.892,143.224,143.776,12713
2024-01-04 08:00:00,143.775,143.891,143.178,143.865,23225
2024-01-04 12:00:00,143.865,144.55,143.863,144.537,21670
2024-01-04 16:00:00,144.537,144.849,144.461,144.599,24211
2024-01-04 20:00:00,144.594,144.711,144.512,144.616,8062
2024-01-05 00:00:00,144.534,144.901,144.53,144.742,9957
2024-01-05 04:00:00,144.744,144.956,144.658,144.727,10973
2024-01-05 08:00:00,144.726,145.366,144.695,145.184,20546
2024-01-05 12:00:00,145.186,145.975,145.053,145.464,20923
2024-01-05 16:00:00,145.464,145.483,143.804,144.744,35719
2024-01-05 20:00:00,144.744,144.894,144.497,144.624,11510
2024-01-08 00:00:00,144.522,144.924,144.319,144.374,7793
2024-01-08 04:00:00,144.376,144.563,144.313,144.369,11673
2024-01-08 08:00:00,144.366,144.61,144.088,144.233,19510
2024-01-08 12:00:00,144.232,144.684,144.199,144.454,18530
2024-01-08 16:00:00,144.455,144.469,143.66,143.965,24234
2024-01-08 20:00:00,143.964,144.269,143.956,144.211,10113
2024-01-09 00:00:00,144.223,144.283,143.448,143.484,11935
2024-01-09 04:00:00,143.483,143.884,143.419,143.79,12504
2024-01-09 08:00:00,143.789,144.314,143.739,143.946,19740
2024-01-09 12:00:00,143.946,144.191,143.744,143.772,19798
2024-01-09 16:00:00,143.77,144.484,143.651,144.407,23985
2024-01-09 20:00:00,144.405,144.625,144.256,144.48,10803
2024-01-10 00:00:00,144.444,144.822,144.315,144.739,9456
2024-01-10 04:00:00,144.738,144.934,144.668,144.774,9449
2024-01-10 08:00:00,144.779,145.156,144.73,144.92,19782
2024-01-10 12:00:00,144.921,145.336,144.762,145.297,16221
2024-01-10 16:00:00,145.297,145.825,145.235,145.615,20558
2024-01-10 20:00:00,145.614,145.832,145.562,145.762,11654
2024-01-11 00:00:00,145.638,145.809,145.327,145.366,10239
2024-01-11 04:00:00,145.364,145.589,145.277,145.486,11112
2024-01-11 08:00:00,145.487,145.576,145.331,145.544,16414
2024-01-11 12:00:00,145.543,146.263,144.94,146.256,22512
2024-01-11 16:00:00,146.247,146.413,145.644,145.952,40132
2024-01-11 20:00:00,145.957,146.016,145.263,145.294,17275
2024-01-12 00:00:00,145.267,145.405,144.937,145.111,15315
2024-01-12 04:00:00,145.112,145.257,144.84,145.25,14037
2024-01-12 08:00:00,145.25,145.286,144.868,145.135,18311
2024-01-12 12:00:00,145.134,145.565,144.751,144.79,22189
2024-01-12 16:00:00,144.788,145.007,144.352,144.952,31486
2024-01-12 20:00:00,144.954,145.018,144.794,144.897,9183
2024-01-15 00:00:00,144.905,145.231,144.839,145.073,11092
2024-01-15 04:00:00,145.072,145.288,144.933,145.268,11815
2024-01-15 08:00:00,145.269,145.761,145.194,145.663,16637
2024-01-15 12:00:00,145.662,145.912,145.544,145.781,15474
2024-01-15 16:00:00,145.778,145.94,145.675,145.782,12078
2024-01-15 20:00:00,145.778,145.809,145.754,145.776,1398
2024-01-16 00:00:00,145.707,146.112,145.582,145.897,15350
2024-01-16 04:00:00,145.898,146.272,145.891,146.164,15503
2024-01-16 08:00:00,146.163,146.633,145.991,146.535,23922
2024-01-16 12:00:00,146.536,146.787,146.28,146.628,24233
2024-01-16 16:00:00,146.625,147.27,146.395,147.252,31902
2024-01-16 20:00:00,147.254,147.312,147.135,147.178,11036
2024-01-17 00:00:00,147.197,147.481,147.034,147.19,12562
2024-01-17 04:00:00,147.19,147.67,147.096,147.576,15413
2024-01-17 08:00:00,147.577,147.969,147.566,147.721,27978
2024-01-17 12:00:00,147.722,147.982,147.561,147.935,21071
2024-01-17 16:00:00,147.936,148.526,147.881,148.224,29895
2024-01-17 20:00:00,148.224,148.391,148.121,148.18,13214
2024-01-18 00:00:00,148.096,148.249,147.866,148.046,12569
2024-01-18 04:00:00,148.035,148.159,147.857,147.872,13778
2024-01-18 08:00:00,147.87,147.956,147.652,147.847,23432
2024-01-18 12:00:00,147.844,148.3,147.752,148.228,21962
2024-01-18 16:00:00,148.23,148.26,147.85,148.22,26655
2024-01-18 20:00:00,148.22,148.277,148.071,148.119,12897
2024-01-19 00:00:00,148.11,148.392,147.937,148.353,12144
2024-01-19 04:00:00,148.359,148.671,148.147,148.636,12706
2024-01-19 08:00:00,148.645,148.805,147.922,147.979,23055
2024-01-19 12:00:00,147.979,148.213,147.834,148.137,18824
2024-01-19 16:00:00,148.137,148.532,148.019,148.118,26975
2024-01-19 20:00:00,148.122,148.306,148.081,148.148,10173
2024-01-22 00:00:00,148.192,148.258,147.777,147.862,13660
2024-01-22 04:00:00,147.861,148.122,147.73,148.055,15047
2024-01-22 08:00:00,148.054,148.301,147.916,148.112,20640
2024-01-22 12:00:00,148.113,148.144,147.624,147.687,19668
2024-01-22 16:00:00,147.688,148.04,147.687,147.985,19845
2024-01-22 20:00:00,147.986,148.145,147.985,148.137,9526
2024-01-23 00:00:00,148.065,148.226,147.923,148.103,9391
2024-01-23 04:00:00,148.103,148.519,147.851,147.923,20290
2024-01-23 08:00:00,147.922,148.172,146.975,147.71,31186
2024-01-23 12:00:00,147.71,148.156,147.71,148.051,18606
2024-01-23 16:00:00,148.051,148.696,148.049,148.597,22797
2024-01-23 20:00:00,148.598,148.619,148.295,148.367,10798
2024-01-24 00:00:00,148.321,148.386,147.976,148.021,12795
2024-01-24 04:00:00,148.02,148.254,147.751,147.876,14652
2024-01-24 08:00:00,147.878,147.955,147.375,147.53,22533
2024-01-24 12:00:00,147.531,147.624,146.721,146.767,21242
2024-01-24 16:00:00,146.767,147.43,146.647,147.188,29424
2024-01-24 20:00:00,147.19,147.638,147.158,147.504,11591
2024-01-25 00:00:00,147.446,147.854,147.381,147.667,11892
2024-01-25 04:00:00,147.663,147.855,147.565,147.798,11933
2024-01-25 08:00:00,147.799,147.879,147.533,147.639,17433
2024-01-25 12:00:00,147.639,147.945,147.282,147.372,21172
2024-01-25 16:00:00,147.373,147.902,147.079,147.827,30107
2024-01-25 20:00:00,147.825,147.876,147.658,147.66,10466
2024-01-26 00:00:00,147.561,147.851,147.477,147.534,11162
2024-01-26 04:00:00,147.543,147.826,147.507,147.729,11153
2024-01-26 08:00:00,147.73,148.087,147.73,147.834,18588
2024-01-26 12:00:00,147.831,147.912,147.398,147.637,19769
2024-01-26 16:00:00,147.678,148.165,147.636,147.99,22881
2024-01-26 20:00:00,147.991,148.205,147.962,148.126,8724
2024-01-29 00:00:00,148.08,148.332,148.022,148.13,10336
2024-01-29 04:00:00,148.13,148.248,147.991,148.027,9113
2024-01-29 08:00:00,148.028,148.072,147.708,147.74,19533
2024-01-29 12:00:00,147.74,148.088,147.73,147.971,15286
2024-01-29 16:00:00,147.971,148.049,147.583,147.657,20358
2024-01-29 20:00:00,147.657,147.713,147.25,147.501,12902
2024-01-30 00:00:00,147.45,147.526,147.191,147.313,10207
2024-01-30 04:00:00,147.318,147.485,147.297,147.384,9712
2024-01-30 08:00:00,147.382,147.548,147.156,147.388,18490
2024-01-30 12:00:00,147.386,147.575,147.206,147.518,18440
2024-01-30 16:00:00,147.518,147.926,147.094,147.809,26355
2024-01-30 20:00:00,147.807,147.865,147.565,147.604,10154
2024-01-31 00:00:00,147.563,147.614,147.189,147.544,13173
2024-01-31 04:00:00,147.549,147.812,147.549,147.715,14071
2024-01-31 08:00:00,147.714,147.898,147.401,147.764,21333
2024-01-31 12:00:00,147.766,147.882,147.456,147.499,24441
2024-01-31 16:00:00,147.503,147.563,146.065,146.355,39043
2024-01-31 20:00:00,146.356,147.447,146.004,146.951,37303
2024-02-01 00:00:00,146.897,147.08,146.61,146.773,16445
2024-02-01 04:00:00,146.774,146.885,146.474,146.862,16033
2024-02-01 08:00:00,146.863,147.047,146.587,146.789,28502
2024-02-01 12:00:00,146.791,147.114,146.454,146.662,28709
2024-02-01 16:00:00,146.663,146.821,145.892,146.355,42467
2024-02-01 20:00:00,146.357,146.481,146.189,146.424,19333
2024-02-02 00:00:00,146.424,146.513,146.242,146.356,11288
2024-02-02 04:00:00,146.356,146.514,146.304,146.427,10424
2024-02-02 08:00:00,146.424,146.798,146.353,146.693,21066
2024-02-02 12:00:00,146.692,147.986,146.458,147.964,23463
2024-02-02 16:00:00,147.964,148.583,147.679,148.525,35161
2024-02-02 20:00:00,148.528,148.565,148.231,148.382,14415
2024-02-05 00:00:00,148.347,148.823,148.346,148.375,18398
2024-02-05 04:00:00,148.376,148.553,148.312,148.334,16015
2024-02-05 08:00:00,148.333,148.605,148.264,148.501,22077
2024-02-05 12:00:00,148.5,148.679,148.305,148.569,19384
2024-02-05 16:00:00,148.57,148.892,148.388,148.618,28406
2024-02-05 20:00:00,148.604,148.766,148.502,148.691,11380
2024-02-06 00:00:00,148.66,148.733,148.464,148.522,10183
2024-02-06 04:00:00,148.523,148.668,148.376,148.435,13983
2024-02-06 08:00:00,148.437,148.703,148.36,148.679,21891
2024-02-06 12:00:00,148.679,148.786,148.458,148.619,23125
2024-02-06 16:00:00,148.619,148.625,147.846,147.917,29588
2024-02-06 20:00:00,147.917,148.036,147.817,147.934,14830
2024-02-07 00:00:00,147.936,147.945,147.708,147.804,12721
2024-02-07 04:00:00,147.804,147.997,147.804,147.948,14282
2024-02-07 08:00:00,147.949,148.094,147.749,147.918,21359
2024-02-07 12:00:00,147.919,148.257,147.901,148.182,22557
2024-02-07 16:00:00,148.183,148.223,147.629,148.133,31262
2024-02-07 20:00:00,148.133,148.197,147.986,148.182,12625
2024-02-08 00:00:00,148.118,148.362,147.928,148.286,13351
2024-02-08 04:00:00,148.287,148.659,148.263,148.58,16275
2024-02-08 08:00:00,148.579,148.849,148.572,148.755,22618
2024-02-08 12:00:00,148.756,149.461,148.738,149.389,25637
2024-02-08 16:00:00,149.389,149.477,149.188,149.372,25625
2024-02-08 20:00:00,149.373,149.407,149.122,149.327,15775
2024-02-09 00:00:00,149.276,149.407,149.232,149.284,11746
2024-02-09 04:00:00,149.285,149.488,149.247,149.396,12294
2024-02-09 08:00:00,149.397,149.573,149.214,149.422,21784
2024-02-09 12:00:00,149.422,149.534,149.004,149.385,26477
2024-02-09 16:00:00,149.386,149.447,149.17,149.347,28743
2024-02-09 20:00:00,149.346,149.373,149.238,149.262,12116
2024-02-12 00:00:00,149.224,149.286,149.076,149.181,11255
2024-02-12 04:00:00,149.181,149.255,149.126,149.211,12022
2024-02-12 08:00:00,149.208,149.232,148.988,149.128,22331
2024-02-12 12:00:00,149.13,149.213,148.926,149.204,21612
2024-02-12 16:00:00,149.206,149.476,149.158,149.256,22761
2024-02-12 20:00:00,149.257,149.436,149.24,149.348,12106
2024-02-13 00:00:00,149.334,149.427,149.262,149.365,10695
2024-02-13 04:00:00,149.366,149.579,149.357,149.55,11898
2024-02-13 08:00:00,149.55,149.694,149.445,149.576,20275
2024-02-13 12:00:00,149.575,150.483,149.277,150.435,23511
2024-02-13 16:00:00,150.433,150.806,150.302,150.78,31451
2024-02-13 20:00:00,150.779,150.883,150.719,150.798,14790
2024-02-14 00:00:00,150.725,150.779,150.525,150.541,13264
2024-02-14 04:00:00,150.542,150.644,150.416,150.519,13962
2024-02-14 08:00:00,150.518,150.647,150.344,150.645,22665
2024-02-14 12:00:00,150.644,150.739,150.498,150.714,24900
2024-02-14 16:00:00,150.714,150.75,150.37,150.433,26501
2024-02-14 20:00:00,150.434,150.628,150.35,150.601,12628
2024-02-15 00:00:00,150.515,150.567,150.139,150.2,14093
2024-02-15 04:00:00,150.2,150.292,150.078,150.18,15116
2024-02-15 08:00:00,150.181,150.221,149.922,150.026,21223
2024-02-15 12:00:00,150.026,150.098,149.522,149.827,24150
2024-02-15 16:00:00,149.828,150.246,149.809,150.092,32206
2024-02-15 20:00:00,150.092,150.092,149.852,149.938,15222
2024-02-16 00:00:00,149.883,150.24,149.823,150.06,12593
2024-02-16 04:00:00,150.06,150.366,150.06,150.176,15505
2024-02-16 08:00:00,150.176,150.301,150.138,150.287,19669
2024-02-16 12:00:00,150.285,150.646,150.142,150.519,22363
2024-02-16 16:00:00,150.519,150.635,150.113,150.225,31356
2024-02-16 20:00:00,150.224,150.286,150.085,150.175,12862
2024-02-19 00:00:00,150.137,150.182,149.872,149.976,12406
2024-02-19 04:00:00,149.974,150.037,149.91,150.005,12705
2024-02-19 08:00:00,150.006,150.033,149.892,149.938,15813
2024-02-19 12:00:00,149.937,150.029,149.928,149.966,14759
2024-02-19 16:00:00,149.966,150.192,149.95,150.19,12541
2024-02-19 20:00:00,150.188,150.19,150.12,150.138,2012
2024-02-20 00:00:00,150.116,150.347,150.077,150.273,14776
2024-02-20 04:00:00,150.272,150.438,150.268,150.421,16882
2024-02-20 08:00:00,150.423,150.443,150.25,150.275,20133
2024-02-20 12:00:00,150.274,150.294,149.93,149.985,24604
2024-02-20 16:00:00,149.983,150.039,149.682,149.897,24889
2024-02-20 20:00:00,149.896,150.069,149.881,149.996,13814
2024-02-21 00:00:00,149.952,150.089,149.881,149.993,11452
2024-02-21 04:00:00,149.994,150.037,149.849,149.983,14344
2024-02-21 08:00:00,149.982,150.188,149.947,150.087,22108
2024-02-21 12:00:00,150.088,150.101,149.931,150.075,19923
2024-02-21 16:00:00,150.076,150.387,149.988,150.306,24683
2024-02-21 20:00:00,150.307,150.39,150.127,150.293,17937
2024-02-22 00:00:00,150.289,150.463,150.257,150.312,14252
2024-02-22 04:00:00,150.312,150.45,150.22,150.28,17187
2024-02-22 08:00:00,150.281,150.294,150.014,150.173,23076
2024-02-22 12:00:00,150.173,150.596,150.12,150.563,21639
2024-02-22 16:00:00,150.565,150.688,150.402,150.604,32421
2024-02-22 20:00:00,150.603,150.649,150.478,150.528,22414
2024-02-23 00:00:00,150.486,150.557,150.371,150.458,9964
2024-02-23 04:00:00,150.456,150.604,150.418,150.603,8923
2024-02-23 08:00:00,150.603,150.76,150.523,150.745,18197
2024-02-23 12:00:00,150.745,150.769,150.332,150.475,24321
2024-02-23 16:00:00,150.476,150.555,150.292,150.408,25927
2024-02-23 20:00:00,150.409,150.539,150.344,150.532,12785
2024-02-26 00:00:00,150.429,150.562,150.292,150.426,13727
2024-02-26 04:00:00,150.426,150.519,150.364,150.431,18098
2024-02-26 08:00:00,150.431,150.67,150.363,150.636,20661
2024-02-26 12:00:00,150.637,150.696,150.524,150.646,17780
2024-02-26 16:00:00,150.647,150.839,150.622,150.771,27024
2024-02-26 20:00:00,150.77,150.815,150.671,150.716,17867
2024-02-27 00:00:00,150.672,150.704,150.49,150.51,10159
2024-02-27 04:00:00,150.509,150.526,150.404,150.515,10073
2024-02-27 08:00:00,150.515,150.535,150.114,150.265,17718
2024-02-27 12:00:00,150.265,150.377,150.071,150.274,25211
2024-02-27 16:00:00,150.274,150.549,150.251,150.423,25189
2024-02-27 20:00:00,150.423,150.583,150.298,150.506,15278
2024-02-28 00:00:00,150.486,150.536,150.372,150.397,10722
2024-02-28 04:00:00,150.4,150.641,150.37,150.598,19250
2024-02-28 08:00:00,150.6,150.798,150.579,150.746,21875
2024-02-28 12:00:00,150.745,150.748,150.526,150.71,20464
2024-02-28 16:00:00,150.712,150.844,150.652,150.701,26775
2024-02-28 20:00:00,150.7,150.741,150.641,150.703,15872
2024-02-29 00:00:00,150.629,150.66,150.192,150.212,11156
2024-02-29 04:00:00,150.212,150.224,149.692,149.904,17618
2024-02-29 08:00:00,149.907,149.933,149.609,149.804,24986
2024-02-29 12:00:00,149.805,150.15,149.731,149.78,24047
2024-02-29 16:00:00,149.78,150.047,149.205,149.993,28904
2024-02-29 20:00:00,149.994,150.018,149.838,149.974,13800
2024-03-01 00:00:00,149.995,150.37,149.926,150.355,14907
2024-03-01 04:00:00,150.354,150.479,150.299,150.446,18322
2024-03-01 08:00:00,150.445,150.687,150.325,150.624,19918
2024-03-01 12:00:00,150.623,150.656,150.305,150.642,23881
2024-03-01 16:00:00,150.643,150.72,150.073,150.15,32974
2024-03-01 20:00:00,150.152,150.242,150.052,150.118,15432
2024-03-04 00:00:00,150.04,150.207,149.838,150.128,11487
2024-03-04 04:00:00,150.127,150.321,150.098,150.3,10158
2024-03-04 08:00:00,150.3,150.4,150.171,150.246,19267
2024-03-04 12:00:00,150.246,150.567,150.246,150.459,22089
2024-03-04 16:00:00,150.458,150.551,150.312,150.524,22676
2024-03-04 20:00:00,150.524,150.564,150.482,150.516,9843
2024-03-05 00:00:00,150.505,150.542,150.35,150.465,11625
2024-03-05 04:00:00,150.464,150.546,150.44,150.496,14843
2024-03-05 08:00:00,150.496,150.545,150.343,150.413,17850
2024-03-05 12:00:00,150.411,150.439,150.061,150.087,17625
2024-03-05 16:00:00,150.087,150.225,149.702,150.093,32025
2024-03-05 20:00:00,150.094,150.112,149.838,150.057,16532
2024-03-06 00:00:00,150.019,150.084,149.813,150.031,10296
2024-03-06 04:00:00,150.03,150.031,149.805,149.911,9865
2024-03-06 08:00:00,149.913,149.936,149.324,149.645,21721
2024-03-06 12:00:00,149.646,149.809,149.332,149.367,22333
2024-03-06 16:00:00,149.367,149.644,149.091,149.323,29713
2024-03-06 20:00:00,149.322,149.47,149.199,149.414,14368
2024-03-07 00:00:00,149.342,149.365,148.558,148.615,19312
2024-03-07 04:00:00,148.607,148.793,148.4,148.635,24369
2024-03-07 08:00:00,148.637,148.677,147.81,147.985,25112
2024-03-07 12:00:00,147.985,147.993,147.584,147.768,24585
2024-03-07 16:00:00,147.766,148.299,147.73,148.106,34443
2024-03-07 20:00:00,148.108,148.132,147.995,148.027,16466
2024-03-08 00:00:00,147.989,148.116,147.519,147.974,12504
2024-03-08 04:00:00,147.975,148.087,147.772,147.8,13422
2024-03-08 08:00:00,147.799,148.045,146.873,147.132,19920
2024-03-08 12:00:00,147.133,147.495,146.481,146.961,21098
2024-03-08 16:00:00,146.963,147.256,146.689,147.025,32795
2024-03-08 20:00:00,147.025,147.16,146.987,147.082,16018
2024-03-11 00:00:00,147.012,147.125,146.668,146.759,9296
2024-03-11 04:00:00,146.759,147.087,146.532,146.9,12811
2024-03-11 08:00:00,146.899,147.079,146.63,146.715,14931
2024-03-11 12:00:00,146.715,146.896,146.482,146.823,16516
2024-03-11 16:00:00,146.826,147.145,146.758,146.868,18423
2024-03-11 20:00:00,146.868,147.053,146.74,146.942,12447
2024-03-12 00:00:00,146.87,146.973,146.616,146.866,8712
2024-03-12 04:00:00,146.867,147.437,146.851,147.383,15301
2024-03-12 08:00:00,147.384,147.593,147.199,147.326,17421
2024-03-12 12:00:00,147.325,148.153,147.064,147.646,22825
2024-03-12 16:00:00,147.646,147.981,147.639,147.7,31346
2024-03-12 20:00:00,147.698,147.795,147.642,147.67,19054
2024-03-13 00:00:00,147.636,147.658,147.363,147.37,12041
2024-03-13 04:00:00,147.365,147.583,147.23,147.571,18683
2024-03-13 08:00:00,147.57,147.887,147.496,147.873,22685
2024-03-13 12:00:00,147.873,148.043,147.707,147.941,21063
2024-03-13 16:00:00,147.939,147.967,147.671,147.708,21201
2024-03-13 20:00:00,147.709,147.853,147.455,147.768,13850
2024-03-14 00:00:00,147.689,147.722,147.538,147.592,8455
2024-03-14 04:00:00,147.591,147.97,147.524,147.915,11936
2024-03-14 08:00:00,147.914,147.971,147.766,147.86,15685
2024-03-14 12:00:00,147.86,147.986,147.565,147.847,18368
2024-03-14 16:00:00,147.849,148.316,147.431,148.188,34746
2024-03-14 20:00:00,148.187,148.356,148.129,148.321,13295
2024-03-15 00:00:00,148.263,148.535,148.218,148.443,8435
2024-03-15 04:00:00,148.444,148.655,148.248,148.308,11439
2024-03-15 08:00:00,148.31,148.83,148.03,148.71,20415
2024-03-15 12:00:00,148.709,148.867,148.582,148.8,16652
2024-03-15 16:00:00,148.799,149.163,148.73,149.093,21643
2024-03-15 20:00:00,149.095,149.12,148.993,149.058,10634
2024-03-18 00:00:00,148.997,149.288,148.931,149.275,8119
2024-03-18 04:00:00,149.277,149.328,148.907,149.112,13789
2024-03-18 08:00:00,149.112,149.306,149.053,149.122,15478
2024-03-18 12:00:00,149.123,149.244,149.008,149.176,14539
2024-03-18 16:00:00,149.176,149.3,149.095,149.141,18189
2024-03-18 20:00:00,149.139,149.191,148.917,149.169,10116
2024-03-19 00:00:00,149.152,149.218,149.028,149.206,6291
2024-03-19 04:00:00,149.209,150.073,148.992,149.964,22027
2024-03-19 08:00:00,149.964,150.509,149.94,150.333,26657
2024-03-19 12:00:00,150.334,150.699,150.305,150.492,19987
2024-03-19 16:00:00,150.491,150.945,150.401,150.939,20406
2024-03-19 20:00:00,150.939,150.961,150.843,150.863,8817
2024-03-20 00:00:00,150.837,151.34,150.759,151.156,9127
2024-03-20 04:00:00,151.156,151.538,151.133,151.485,11293
2024-03-20 08:00:00,151.484,151.583,151.336,151.449,15701
2024-03-20 12:00:00,151.449,151.782,151.449,151.758,15686
2024-03-20 16:00:00,151.759,151.817,151.53,151.612,15959
2024-03-20 20:00:00,151.611,151.706,150.716,151.246,30009
2024-03-21 00:00:00,151.243,151.26,150.542,150.62,16614
2024-03-21 04:00:00,150.621,150.791,150.262,150.767,17044
2024-03-21 08:00:00,150.768,151.457,150.749,151.167,21834
2024-03-21 12:00:00,151.167,151.32,150.87,151.165,22856
2024-03-21 16:00:00,151.162,151.752,151.159,151.693,25285
2024-03-21 20:00:00,151.694,151.74,151.605,151.613,8266
2024-03-22 00:00:00,151.601,151.696,151.444,151.531,7759
2024-03-22 04:00:00,151.531,151.861,151.418,151.585,17973
2024-03-22 08:00:00,151.584,151.592,151.255,151.478,19234
2024-03-22 12:00:00,151.478,151.649,151.002,151.212,18346
2024-03-22 16:00:00,151.213,151.434,151.058,151.388,22819
2024-03-22 20:00:00,151.389,151.484,151.342,151.406,10286
2024-03-25 00:00:00,151.321,151.437,151.079,151.302,9142
2024-03-25 04:00:00,151.299,151.375,151.05,151.366,16947
2024-03-25 08:00:00,151.363,151.399,151.166,151.352,13808
2024-03-25 12:00:00,151.352,151.439,151.139,151.229,13860
2024-03-25 16:00:00,151.228,151.542,151.125,151.484,13559
2024-03-25 20:00:00,151.484,151.537,151.406,151.423,7445
2024-03-26 00:00:00,151.416,151.441,151.258,151.285,5745
2024-03-26 04:00:00,151.284,151.427,151.218,151.358,9790
2024-03-26 08:00:00,151.359,151.396,151.252,151.255,12311
2024-03-26 12:00:00,151.256,151.471,151.205,151.452,13563
2024-03-26 16:00:00,151.453,151.598,151.298,151.519,15879
2024-03-26 20:00:00,151.518,151.583,151.44,151.549,9520
2024-03-27 00:00:00,151.556,151.574,151.445,151.516,6564
2024-03-27 04:00:00,151.517,151.971,151.495,151.687,14298
2024-03-27 08:00:00,151.686,151.84,151.614,151.781,14028
2024-03-27 12:00:00,151.781,151.802,151.022,151.249,24031
2024-03-27 16:00:00,151.249,151.424,151.164,151.32,15654
2024-03-27 20:00:00,151.318,151.414,151.277,151.307,7957
2024-03-28 00:00:00,151.264,151.434,151.23,151.416,10175
2024-03-28 04:00:00,151.417,151.544,151.258,151.352,10883
2024-03-28 08:00:00,151.354,151.45,151.247,151.426,12574
2024-03-28 12:00:00,151.427,151.502,151.182,151.213,14785
2024-03-28 16:00:00,151.213,151.369,151.147,151.334,20709
2024-03-28 20:00:00,151.334,151.425,151.306,151.375,6921
2024-03-29 00:00:00,151.361,151.496,151.18,151.313,3780
2024-03-29 04:00:00,151.313,151.441,151.247,151.282,11408
2024-03-29 08:00:00,151.283,151.473,151.277,151.344,9158
2024-03-29 12:00:00,151.343,151.364,151.188,151.218,6988
2024-03-29 16:00:00,151.219,151.282,151.166,151.275,7015
2024-03-29 20:00:00,151.276,151.39,151.231,151.323,3847
2024-04-01 00:00:00,151.259,151.428,151.214,151.375,9117
2024-04-01 04:00:00,151.376,151.404,151.25,151.372,8719
2024-04-01 08:00:00,151.372,151.408,151.302,151.341,8925
2024-04-01 12:00:00,151.341,151.481,151.328,151.454,9042
2024-04-01 16:00:00,151.452,151.771,151.442,151.701,16820
2024-04-01 20:00:00,151.7,151.7,151.576,151.647,6852
2024-04-02 00:00:00,151.64,151.697,151.501,151.684,6973
2024-04-02 04:00:00,151.685,151.785,151.63,151.763,11693
2024-04-02 08:00:00,151.762,151.798,151.554,151.64,13382
2024-04-02 12:00:00,151.641,151.716,151.603,151.687,12237
2024-04-02 16:00:00,151.688,151.696,151.462,151.594,19916
2024-04-02 20:00:00,151.59,151.616,151.538,151.564,8568
2024-04-03 00:00:00,151.561,151.581,151.438,151.554,5657
2024-04-03 04:00:00,151.552,151.638,151.533,151.591,7661
2024-04-03 08:00:00,151.589,151.734,151.535,151.731,9940
2024-04-03 12:00:00,151.732,151.912,151.682,151.848,12717
2024-04-03 16:00:00,151.849,151.953,151.577,151.646,21020
2024-04-03 20:00:00,151.646,151.706,151.631,151.681,7135
2024-04-04 00:00:00,151.633,151.68,151.538,151.567,7070
2024-04-04 04:00:00,151.568,151.725,151.559,151.695,7466
2024-04-04 08:00:00,151.695,151.756,151.595,151.711,10798
2024-04-04 12:00:00,151.714,151.771,151.611,151.623,10439
2024-04-04 16:00:00,151.623,151.702,151.504,151.645,14199
2024-04-04 20:00:00,151.646,151.687,151.118,151.32,17243
2024-04-05 00:00:00,151.325,151.341,150.811,150.909,12100
2024-04-05 04:00:00,150.908,151.292,150.807,151.214,12909
2024-04-05 08:00:00,151.214,151.45,151.091,151.412,13721
2024-04-05 12:00:00,151.412,151.747,151.268,151.656,15778
2024-04-05 16:00:00,151.655,151.751,151.437,151.581,23135
2024-04-05 20:00:00,151.58,151.65,151.536,151.624,9698
2024-04-08 00:00:00,151.547,151.78,151.532,151.709,7672
2024-04-08 04:00:00,151.71,151.811,151.676,151.795,12293
2024-04-08 08:00:00,151.794,151.911,151.75,151.905,12549
2024-04-08 12:00:00,151.906,151.944,151.826,151.877,9406
2024-04-08 16:00:00,151.878,151.878,151.719,151.834,13879
2024-04-08 20:00:00,151.834,151.858,151.718,151.852,6455
2024-04-09 00:00:00,151.788,151.919,151.774,151.908,6315
2024-04-09 04:00:00,151.908,151.915,151.81,151.89,7321
2024-04-09 08:00:00,151.89,151.935,151.862,151.887,9598
2024-04-09 12:00:00,151.887,151.897,151.727,151.769,11334
2024-04-09 16:00:00,151.768,151.789,151.57,151.668,15287
2024-04-09 20:00:00,151.668,151.785,151.655,151.762,8375
2024-04-10 00:00:00,151.732,151.789,151.679,151.722,5928
2024-04-10 04:00:00,151.724,151.787,151.695,151.781,9123
2024-04-10 08:00:00,151.782,151.884,151.772,151.853,9021
2024-04-10 12:00:00,151.853,152.51,151.777,152.381,15099
2024-04-10 16:00:00,152.382,152.967,152.367,152.938,26301
2024-04-10 20:00:00,152.932,153.236,152.639,153.154,17803
2024-04-11 00:00:00,153.142,153.142,152.799,152.834,11117
2024-04-11 04:00:00,152.833,152.97,152.756,152.891,10881
2024-04-11 08:00:00,152.892,153.289,152.884,153.24,14659
2024-04-11 12:00:00,153.241,153.278,152.793,152.844,20097
2024-04-11 16:00:00,152.843,153.316,152.833,153.232,22470
2024-04-11 20:00:00,153.233,153.265,153.088,153.256,10904
2024-04-12 00:00:00,153.233,153.298,152.962,152.968,7235
2024-04-12 04:00:00,152.969,153.271,152.966,153.237,10097
2024-04-12 08:00:00,153.236,153.385,153.13,153.306,14153
2024-04-12 12:00:00,153.307,153.354,152.792,152.851,16515
2024-04-12 16:00:00,152.852,153.157,152.588,153.102,25777
2024-04-12 20:00:00,153.101,153.295,153.048,153.285,11487
2024-04-15 00:00:00,153.058,153.462,152.955,153.462,10749
2024-04-15 04:00:00,153.462,153.85,153.449,153.78,10488
2024-04-15 08:00:00,153.779,153.967,153.693,153.866,18112
2024-04-15 12:00:00,153.865,154.414,153.757,154.188,16916
2024-04-15 16:00:00,154.183,154.443,153.854,154.298,22962
2024-04-15 20:00:00,154.298,154.299,154.11,154.268,11635
2024-04-16 00:00:00,154.247,154.361,154.129,154.287,7797
2024-04-16 04:00:00,154.288,154.419,154.231,154.27,10455
2024-04-16 08:00:00,154.27,154.604,154.26,154.506,16099
2024-04-16 12:00:00,154.504,154.703,154.472,154.642,14089
2024-04-16 16:00:00,154.643,154.765,153.896,154.579,23008
2024-04-16 20:00:00,154.58,154.786,154.573,154.713,13647
2024-04-17 00:00:00,154.686,154.733,154.608,154.692,7032
2024-04-17 04:00:00,154.692,154.715,154.597,154.645,7071
2024-04-17 08:00:00,154.646,154.678,154.452,154.562,15814
2024-04-17 12:00:00,154.562,154.698,154.495,154.624,11497
2024-04-17 16:00:00,154.625,154.709,154.243,154.271,19310
2024-04-17 20:00:00,154.271,154.444,154.156,154.376,13259
2024-04-18 00:00:00,154.333,154.409,154.176,154.285,6468
2024-04-18 04:00:00,154.284,154.316,153.953,154.292,12510
2024-04-18 08:00:00,154.291,154.366,154.063,154.351,13255
2024-04-18 12:00:00,154.35,154.509,154.312,154.369,13606
2024-04-18 16:00:00,154.369,154.648,154.337,154.622,17624
2024-04-18 20:00:00,154.622,154.678,154.546,154.641,6874
2024-04-19 00:00:00,154.63,154.671,154.533,154.627,6736
2024-04-19 04:00:00,154.627,154.628,153.586,154.32,31279
2024-04-19 08:00:00,154.32,154.528,154.206,154.411,19129
2024-04-19 12:00:00,154.41,154.607,154.395,154.532,14277
2024-04-19 16:00:00,154.532,154.627,154.454,154.58,15877
2024-04-19 20:00:00,154.581,154.654,154.547,154.64,7444
2024-04-22 00:00:00,154.57,154.734,154.42,154.673,10109
2024-04-22 04:00:00,154.673,154.726,154.585,154.715,8883
2024-04-22 08:00:00,154.715,154.763,154.594,154.721,11938
2024-04-22 12:00:00,154.722,154.78,154.683,154.746,10013
2024-04-22 16:00:00,154.747,154.849,154.704,154.797,10794
2024-04-22 20:00:00,154.797,154.846,154.763,154.841,6326
2024-04-23 00:00:00,154.834,154.84,154.698,154.788,4939
2024-04-23 04:00:00,154.787,154.794,154.656,154.74,7590
2024-04-23 08:00:00,154.739,154.862,154.716,154.842,11788
2024-04-23 12:00:00,154.845,154.853,154.76,154.811,9781
2024-04-23 16:00:00,154.811,154.875,154.556,154.824,17994
2024-04-23 20:00:00,154.823,154.837,154.548,154.826,8801
2024-04-24 00:00:00,154.782,154.82,154.731,154.796,4479
2024-04-24 04:00:00,154.797,154.877,154.769,154.838,6589
2024-04-24 08:00:00,154.838,154.968,154.764,154.898,9665
2024-04-24 12:00:00,154.898,155.168,154.765,154.95,11268
2024-04-24 16:00:00,154.95,155.136,154.84,155.113,16000
2024-04-24 20:00:00,155.113,155.374,155.083,155.357,9103
2024-04-25 00:00:00,155.242,155.413,155.195,155.373,5516
2024-04-25 04:00:00,155.375,155.623,155.352,155.586,7820
2024-04-25 08:00:00,155.587,155.739,155.56,155.67,12036
2024-04-25 12:00:00,155.671,155.747,155.304,155.675,13949
2024-04-25 16:00:00,155.675,155.683,155.351,155.51,21139
2024-04-25 20:00:00,155.51,155.653,155.472,155.64,10893
2024-04-26 00:00:00,155.614,155.647,155.517,155.634,5649
2024-04-26 04:00:00,155.633,156.213,155.409,156.198,10783
2024-04-26 08:00:00,156.198,156.819,154.962,156.544,21956
2024-04-26 12:00:00,156.557,156.95,156.268,156.831,17741
2024-04-26 16:00:00,156.83,157.792,156.771,157.647,24474
2024-04-26 20:00:00,157.648,158.441,157.576,158.293,11179
2024-04-29 00:00:00,157.848,158.431,157.788,158.192,10806
2024-04-29 04:00:00,158.193,160.213,155.198,156.306,30698
2024-04-29 08:00:00,156.305,157.232,154.521,155.869,39966
2024-04-29 12:00:00,155.871,156.504,155.448,156.413,21786
2024-04-29 16:00:00,156.413,156.89,155.094,155.855,21731
2024-04-29 20:00:00,155.85,156.362,155.572,156.344,15965
2024-04-30 00:00:00,156.262,156.836,156.055,156.811,10220
2024-04-30 04:00:00,156.81,156.997,156.566,156.756,12274
2024-04-30 08:00:00,156.755,156.973,156.474,156.931,16678
2024-04-30 12:00:00,156.931,157.49,156.821,157.452,16102
2024-04-30 16:00:00,157.451,157.574,157.245,157.46,19737
2024-04-30 20:00:00,157.46,157.844,157.442,157.809,7176
2024-05-01 00:00:00,157.654,157.858,157.617,157.746,10215
2024-05-01 04:00:00,157.742,157.929,157.729,157.856,7580
2024-05-01 08:00:00,157.855,157.985,157.821,157.95,7784
2024-05-01 12:00:00,157.95,157.968,157.762,157.779,8296
2024-05-01 16:00:00,157.78,157.813,157.381,157.615,14901
2024-05-01 20:00:00,157.616,157.745,152.997,154.398,32504
2024-05-02 00:00:00,154.707,156.081,154.174,156.014,20128
2024-05-02 04:00:00,156.014,156.285,155.7,155.826,16651
2024-05-02 08:00:00,155.826,155.889,155.098,155.143,23063
2024-05-02 12:00:00,155.142,155.351,154.399,154.517,20745
2024-05-02 16:00:00,154.507,154.783,153.469,153.764,29703
2024-05-02 20:00:00,153.766,153.819,153.055,153.69,15255
2024-05-03 00:00:00,153.622,153.761,152.871,153.145,13104
2024-05-03 04:00:00,153.145,153.229,152.75,152.912,12694
2024-05-03 08:00:00,152.91,153.334,152.845,153.198,17492
2024-05-03 12:00:00,153.194,153.303,151.858,152.198,20297
2024-05-03 16:00:00,152.198,153.071,152.154,152.872,28508
2024-05-03 20:00:00,152.872,152.981,152.839,152.864,7829
2024-05-06 00:00:00,152.938,153.752,152.77,153.419,8750
2024-05-06 04:00:00,153.412,154.005,153.338,153.93,12574
2024-05-06 08:00:00,153.93,153.976,153.655,153.73,13649
2024-05-06 12:00:00,153.728,153.844,153.408,153.517,10956
2024-05-06 16:00:00,153.517,154.002,153.496,153.904,15231
2024-05-06 20:00:00,153.904,153.964,153.815,153.883,9106
2024-05-07 00:00:00,153.869,154.287,153.851,153.938,8505
2024-05-07 04:00:00,153.943,154.648,153.869,154.474,11987
2024-05-07 08:00:00,154.474,154.575,153.974,154.399,15086
2024-05-07 12:00:00,154.399,154.628,154.381,154.41,12368
2024-05-07 16:00:00,154.409,154.594,154.236,154.501,14758
2024-05-07 20:00:00,154.501,154.746,154.457,154.683,9112
2024-05-08 00:00:00,154.644,154.926,154.532,154.893,7488
2024-05-08 04:00:00,154.893,155.265,154.882,155.175,11876
2024-05-08 08:00:00,155.174,155.454,155.115,155.431,14315
2024-05-08 12:00:00,155.432,155.681,155.28,155.609,13796
2024-05-08 16:00:00,155.609,155.654,155.356,155.548,15212
2024-05-08 20:00:00,155.548,155.66,155.512,155.605,7374
2024-05-09 00:00:00,155.466,155.699,155.157,155.627,9990
2024-05-09 04:00:00,155.628,155.669,155.432,155.573,9784
2024-05-09 08:00:00,155.571,155.876,155.54,155.846,11256
2024-05-09 12:00:00,155.847,155.953,155.517,155.703,14248
2024-05-09 16:00:00,155.702,155.797,155.431,155.63,16825
2024-05-09 20:00:00,155.631,155.635,155.401,155.468,7285
2024-05-10 00:00:00,155.481,155.604,155.265,155.533,8194
2024-05-10 04:00:00,155.532,155.774,155.459,155.673,10867
2024-05-10 08:00:00,155.672,155.782,155.499,155.718,14988
2024-05-10 12:00:00,155.717,155.873,155.664,155.826,12354
2024-05-10 16:00:00,155.825,155.902,155.602,155.829,19697
2024-05-10 20:00:00,155.828,155.887,155.738,155.794,6746
2024-05-13 00:00:00,155.696,155.958,155.653,155.928,4667
2024-05-13 04:00:00,155.929,155.953,155.506,155.802,9663
2024-05-13 08:00:00,155.803,155.926,155.766,155.872,12623
2024-05-13 12:00:00,155.873,155.896,155.714,155.756,11520
2024-05-13 16:00:00,155.756,156.224,155.683,156.219,16416
2024-05-13 20:00:00,156.217,156.25,156.167,156.204,7125
2024-05-14 00:00:00,156.15,156.396,156.127,156.294,7522
2024-05-14 04:00:00,156.295,156.497,156.294,156.408,8250
2024-05-14 08:00:00,156.408,156.543,156.393,156.455,11299
2024-05-14 12:00:00,156.456,156.779,156.285,156.581,12021
2024-05-14 16:00:00,156.581,156.654,156.229,156.482,16893
2024-05-14 20:00:00,156.483,156.516,156.381,156.442,5587
2024-05-15 00:00:00,156.396,156.559,156.383,156.388,5062
2024-05-15 04:00:00,156.384,156.476,156.307,156.359,7135
2024-05-15 08:00:00,156.359,156.39,155.57,155.649,14933
2024-05-15 12:00:00,155.648,155.88,154.75,155.119,19144
2024-05-15 16:00:00,155.12,155.804,154.74,154.979,27390
2024-05-15 20:00:00,154.98,155.022,154.691,154.881,11523
2024-05-16 00:00:00,154.839,154.844,153.596,153.66,14718
2024-05-16 04:00:00,153.66,154.312,153.629,153.933,19137
2024-05-16 08:00:00,153.933,154.81,153.849,154.711,19833
2024-05-16 12:00:00,154.711,155.335,154.608,155.31,17461
2024-05-16 16:00:00,155.31,155.532,155.161,155.265,19315
2024-05-16 20:00:00,155.266,155.43,155.212,155.394,7465
2024-05-17 00:00:00,155.37,155.587,155.322,155.446,8102
2024-05-17 04:00:00,155.447,155.926,155.419,155.808,11762
2024-05-17 08:00:00,155.805,155.979,155.593,155.865,11985
2024-05-17 12:00:00,155.867,155.918,155.708,155.787,9452
2024-05-17 16:00:00,155.788,155.798,155.245,155.623,16479
2024-05-17 20:00:00,155.623,155.717,155.585,155.705,7655
2024-05-20 00:00:00,155.615,155.88,155.523,155.873,6269
2024-05-20 04:00:00,155.874,155.937,155.664,155.763,8762
2024-05-20 08:00:00,155.766,155.8,155.494,155.683,12590
2024-05-20 12:00:00,155.682,156.228,155.636,156.153,12157
2024-05-20 16:00:00,156.155,156.187,155.994,156.106,14029
2024-05-20 20:00:00,156.105,156.3,156.047,156.265,6569
2024-05-21 00:00:00,156.19,156.465,156.132,156.427,6182
2024-05-21 04:00:00,156.428,156.549,156.395,156.45,9387
2024-05-21 08:00:00,156.449,156.469,156.031,156.258,15310
2024-05-21 12:00:00,156.258,156.393,156.082,156.243,13185
2024-05-21 16:00:00,156.243,156.432,155.843,156.12,19589
2024-05-21 20:00:00,156.12,156.252,156.105,156.194,7366
2024-05-22 00:00:00,156.126,156.288,156.099,156.269,6015
2024-05-22 04:00:00,156.271,156.387,156.208,156.353,8349
2024-05-22 08:00:00,156.352,156.508,156.282,156.477,11197
2024-05-22 12:00:00,156.477,156.613,156.393,156.547,12633
2024-05-22 16:00:00,156.546,156.558,156.346,156.489,16726
2024-05-22 20:00:00,156.488,156.806,156.446,156.805,10275
2024-05-23 00:00:00,156.755,156.831,156.658,156.799,7469
2024-05-23 04:00:00,156.8,156.9,156.645,156.719,8694
2024-05-23 08:00:00,156.72,156.793,156.56,156.758,13437
2024-05-23 12:00:00,156.758,156.784,156.529,156.751,12714
2024-05-23 16:00:00,156.752,157.195,156.541,157.047,23686
2024-05-23 20:00:00,157.048,157.065,156.827,156.947,10576
2024-05-24 00:00:00,156.903,157.137,156.889,157.035,8987
2024-05-24 04:00:00,157.034,157.145,156.994,157.081,8230
2024-05-24 08:00:00,157.08,157.116,156.997,157.024,9945
2024-05-24 12:00:00,157.025,157.128,156.934,157.074,10636
2024-05-24 16:00:00,157.075,157.129,156.822,156.914,15042
2024-05-24 20:00:00,156.915,156.993,156.879,156.968,6131
2024-05-27 00:00:00,156.912,156.976,156.75,156.83,6453
2024-05-27 04:00:00,156.831,156.847,156.662,156.77,8741
2024-05-27 08:00:00,156.77,156.959,156.724,156.946,7744
2024-05-27 12:00:00,156.946,156.949,156.818,156.822,7515
2024-05-27 16:00:00,156.821,156.912,156.704,156.899,6368
2024-05-27 20:00:00,156.898,156.921,156.844,156.919,3396
2024-05-28 00:00:00,156.854,156.951,156.777,156.895,5575
2024-05-28 04:00:00,156.894,156.925,156.619,156.686,8880
2024-05-28 08:00:00,156.685,156.954,156.655,156.869,11551
2024-05-28 12:00:00,156.869,156.992,156.653,156.677,12215
2024-05-28 16:00:00,156.677,156.998,156.578,156.967,15651
2024-05-28 20:00:00,156.966,157.197,156.965,157.188,9284
2024-05-29 00:00:00,157.119,157.407,157.114,157.374,6646
2024-05-29 04:00:00,157.374,157.386,157.204,157.253,8797
2024-05-29 08:00:00,157.253,157.269,156.894,157.097,14859
2024-05-29 12:00:00,157.097,157.292,157.093,157.195,12816
2024-05-29 16:00:00,157.194,157.705,157.163,157.681,17014
2024-05-29 20:00:00,157.682,157.706,157.622,157.682,7787
2024-05-30 00:00:00,157.595,157.671,157.302,157.363,7731
2024-05-30 04:00:00,157.366,157.454,157.122,157.183,12024
2024-05-30 08:00:00,157.19,157.226,156.534,156.944,22507
2024-05-30 12:00:00,156.944,157.086,156.565,156.646,18103
2024-05-30 16:00:00,156.647,156.842,156.37,156.695,21631
2024-05-30 20:00:00,156.695,156.878,156.663,156.808,7741
2024-05-31 00:00:00,156.78,157.023,156.601,156.738,9389
2024-05-31 04:00:00,156.738,156.922,156.57,156.701,15553
2024-05-31 08:00:00,156.702,157.331,156.691,157.298,17117
2024-05-31 12:00:00,157.299,157.362,156.748,156.856,17609
2024-05-31 16:00:00,156.858,157.277,156.558,157.178,24856
2024-05-31 20:00:00,157.179,157.346,157.171,157.261,10375
2024-06-03 00:00:00,157.158,157.335,157.047,157.086,9399
2024-06-03 04:00:00,157.087,157.469,156.991,157.411,11858
2024-06-03 08:00:00,157.412,157.457,157.002,157.056,15552
2024-06-03 12:00:00,157.055,157.146,156.635,156.779,18108
2024-06-03 16:00:00,156.779,156.836,155.947,156.067,26043
2024-06-03 20:00:00,156.066,156.285,156.036,156.065,11226
2024-06-04 00:00:00,156.038,156.404,155.981,156.386,9393
2024-06-04 04:00:00,156.386,156.484,156.248,156.296,11344
2024-06-04 08:00:00,156.296,156.303,155.21,155.301,24382
2024-06-04 12:00:00,155.301,155.372,154.704,155.121,29656
2024-06-04 16:00:00,155.12,155.248,154.549,154.78,31353
2024-06-04 20:00:00,154.781,154.903,154.548,154.878,11746
2024-06-05 00:00:00,154.826,155.424,154.77,155.221,10680
2024-06-05 04:00:00,155.222,155.613,155.216,155.582,14682
2024-06-05 08:00:00,155.581,156.298,155.536,156.246,20889
2024-06-05 12:00:00,156.246,156.302,155.938,156.094,19625
2024-06-05 16:00:00,156.093,156.481,155.72,156.121,30198
2024-06-05 20:00:00,156.12,156.158,156.067,156.129,10098
2024-06-06 00:00:00,156.046,156.111,155.592,155.65,9776
2024-06-06 04:00:00,155.65,155.944,155.351,155.729,17676
2024-06-06 08:00:00,155.73,156.376,155.707,156.159,19409
2024-06-06 12:00:00,156.16,156.342,155.89,156.281,18598
2024-06-06 16:00:00,156.279,156.441,155.77,155.797,25340
2024-06-06 20:00:00,155.797,155.869,155.472,155.652,12938
2024-06-07 00:00:00,155.572,155.848,155.528,155.771,8636
2024-06-07 04:00:00,155.771,155.934,155.493,155.577,13992
2024-06-07 08:00:00,155.576,155.698,155.118,155.357,22037
2024-06-07 12:00:00,155.358,156.877,155.33,156.775,22683
2024-06-07 16:00:00,156.775,157.072,156.424,156.663,30366
2024-06-07 20:00:00,156.664,156.763,156.564,156.755,12261
2024-06-10 00:00:00,156.696,156.966,156.61,156.838,11681
2024-06-10 04:00:00,156.838,157.193,156.77,157.124,15846
2024-06-10 08:00:00,157.123,157.183,156.876,156.959,20098
2024-06-10 12:00:00,156.959,157.007,156.742,156.976,19410
2024-06-10 16:00:00,156.976,157.0,156.814,156.994,15529
2024-06-10 20:00:00,156.993,157.095,156.953,157.031,10117
2024-06-11 00:00:00,156.996,157.263,156.917,157.214,9341
2024-06-11 04:00:00,157.213,157.332,157.127,157.265,13678
2024-06-11 08:00:00,157.265,157.393,157.157,157.217,15114
2024-06-11 12:00:00,157.218,157.29,156.804,156.89,22476
2024-06-11 16:00:00,156.89,157.402,156.89,157.381,23200
2024-06-11 20:00:00,157.38,157.381,156.933,157.123,13780
2024-06-12 00:00:00,157.048,157.217,157.048,157.18,7219
2024-06-12 04:00:00,157.179,157.253,157.045,157.241,10871
2024-06-12 08:00:00,157.241,157.356,157.188,157.302,15037
2024-06-12 12:00:00,157.303,157.368,156.069,156.16,11682
2024-06-12 16:00:00,156.166,156.174,155.718,155.795,17914
2024-06-12 20:00:00,155.796,156.901,155.758,156.732,16522
2024-06-13 00:00:00,156.667,156.903,156.577,156.792,6389
2024-06-13 04:00:00,156.791,157.053,156.692,157.044,9098
2024-06-13 08:00:00,157.043,157.31,157.043,157.256,10770
2024-06-13 12:00:00,157.256,157.285,156.581,157.026,10922
2024-06-13 16:00:00,157.026,157.268,156.691,156.846,17110
2024-06-13 20:00:00,156.846,157.098,156.721,157.033,8237
2024-06-14 00:00:00,156.999,157.236,156.955,157.202,5040
2024-06-14 04:00:00,157.205,157.979,156.831,157.945,11347
2024-06-14 08:00:00,157.944,158.256,157.267,157.491,18386
2024-06-14 12:00:00,157.491,157.529,156.882,157.25,21025
2024-06-14 16:00:00,157.25,157.492,157.031,157.313,16259
2024-06-14 20:00:00,157.316,157.441,157.224,157.387,6184
2024-06-17 00:00:00,157.312,157.659,157.258,157.453,6978
2024-06-17 04:00:00,157.452,157.528,157.328,157.382,7019
2024-06-17 08:00:00,157.383,157.687,157.155,157.648,12377
2024-06-17 12:00:00,157.648,157.938,157.544,157.893,10863
2024-06-17 16:00:00,157.893,157.959,157.726,157.785,10843
2024-06-17 20:00:00,157.784,157.791,157.679,157.713,5503
2024-06-18 00:00:00,157.643,157.738,157.603,157.68,4338
2024-06-18 04:00:00,157.68,157.732,157.516,157.716,7145
2024-06-18 08:00:00,157.718,158.227,157.668,158.149,10738
2024-06-18 12:00:00,158.151,158.155,157.624,157.831,10715
2024-06-18 16:00:00,157.831,158.005,157.663,157.708,13070
2024-06-18 20:00:00,157.708,157.894,157.639,157.831,6361
2024-06-19 00:00:00,157.846,157.922,157.799,157.879,3240
2024-06-19 04:00:00,157.879,157.89,157.721,157.852,5676
2024-06-19 08:00:00,157.853,157.86,157.601,157.797,7961
2024-06-19 12:00:00,157.796,157.95,157.792,157.881,6379
2024-06-19 16:00:00,157.884,157.943,157.865,157.931,4319
2024-06-19 20:00:00,157.93,158.124,157.918,158.076,2023
2024-06-20 00:00:00,157.998,158.088,157.919,158.03,4092
2024-06-20 04:00:00,158.029,158.155,157.976,158.145,5375
2024-06-20 08:00:00,158.146,158.465,158.052,158.435,9528
2024-06-20 12:00:00,158.437,158.547,158.246,158.545,9296
2024-06-20 16:00:00,158.538,158.912,158.495,158.858,9998
2024-06-20 20:00:00,158.856,158.934,158.694,158.924,5639
2024-06-21 00:00:00,158.913,159.123,158.816,159.104,4733
2024-06-21 04:00:00,159.103,159.112,158.822,158.886,6618
2024-06-21 08:00:00,158.884,159.0,158.666,158.827,9602
2024-06-21 12:00:00,158.827,159.016,158.779,158.926,8278
2024-06-21 16:00:00,158.926,159.623,158.907,159.478,12734
2024-06-21 20:00:00,159.477,159.819,159.449,159.814,5607
2024-06-24 00:00:00,159.739,159.921,159.581,159.798,6217
2024-06-24 04:00:00,159.798,159.825,159.62,159.754,7575
2024-06-24 08:00:00,159.762,159.818,159.645,159.788,8723
2024-06-24 12:00:00,159.787,159.808,158.748,159.391,13973
2024-06-24 16:00:00,159.392,159.757,159.325,159.727,15141
2024-06-24 20:00:00,159.726,159.731,159.537,159.581,9188
2024-06-25 00:00:00,159.544,159.704,159.337,159.392,7778
2024-06-25 04:00:00,159.397,159.508,159.183,159.427,11568
2024-06-25 08:00:00,159.43,159.551,159.273,159.478,12871
2024-06-25 12:00:00,159.478,159.669,159.291,159.666,11636
2024-06-25 16:00:00,159.665,159.757,159.562,159.744,14583
2024-06-25 20:00:00,159.746,159.746,159.603,159.665,8409
2024-06-26 00:00:00,159.659,159.761,159.609,159.718,6611
2024-06-26 04:00:00,159.719,159.901,159.693,159.753,8579
2024-06-26 08:00:00,159.752,159.97,159.748,159.957,10169
2024-06-26 12:00:00,159.957,160.393,159.861,160.352,18566
2024-06-26 16:00:00,160.35,160.822,160.011,160.635,19991
2024-06-26 20:00:00,160.633,160.866,160.592,160.851,8659
2024-06-27 00:00:00,160.74,160.76,160.493,160.69,6822
2024-06-27 04:00:00,160.693,160.716,160.303,160.336,11067
2024-06-27 08:00:00,160.335,160.606,160.308,160.553,13897
2024-06-27 12:00:00,160.553,160.568,160.281,160.399,15814
2024-06-27 16:00:00,160.399,160.735,160.359,160.708,19645
2024-06-27 20:00:00,160.709,160.823,160.664,160.763,8551
2024-06-28 00:00:00,160.737,161.136,160.633,161.119,8682
2024-06-28 04:00:00,161.118,161.282,160.838,161.04,20788
2024-06-28 08:00:00,161.039,161.058,160.834,160.915,19129
2024-06-28 12:00:00,160.914,160.922,160.361,160.511,21384
2024-06-28 16:00:00,160.512,160.965,160.26,160.851,27972
2024-06-28 20:00:00,160.85,160.944,160.705,160.883,12124
2024-07-01 00:00:00,160.73,161.186,160.712,160.992,11864
2024-07-01 04:00:00,160.993,161.082,160.837,161.072,14836
2024-07-01 08:00:00,161.071,161.12,160.868,161.008,17125
2024-07-01 12:00:00,161.008,161.389,160.968,161.354,13928
2024-07-01 16:00:00,161.35,161.727,160.949,161.519,23300
2024-07-01 20:00:00,161.518,161.566,161.403,161.472,11397
2024-07-02 00:00:00,161.468,161.636,161.404,161.52,6297
2024-07-02 04:00:00,161.521,161.743,161.457,161.677,12423
2024-07-02 08:00:00,161.677,161.724,161.556,161.588,15747
2024-07-02 12:00:00,161.587,161.683,161.481,161.513,12243
2024-07-02 16:00:00,161.514,161.619,161.268,161.576,20100
2024-07-02 20:00:00,161.577,161.586,161.413,161.415,7657
2024-07-03 00:00:00,161.408,161.579,161.386,161.56,7804
2024-07-03 04:00:00,161.561,161.74,161.519,161.714,9080
2024-07-03 08:00:00,161.713,161.938,161.683,161.844,16013
2024-07-03 12:00:00,161.844,161.949,161.791,161.823,15052
2024-07-03 16:00:00,161.823,161.83,160.769,161.532,29530
2024-07-03 20:00:00,161.533,161.747,161.466,161.702,8427
2024-07-04 00:00:00,161.597,161.67,161.369,161.438,6663
2024-07-04 04:00:00,161.438,161.571,161.135,161.495,13195
2024-07-04 08:00:00,161.495,161.553,161.19,161.243,14243
2024-07-04 12:00:00,161.243,161.309,160.944,161.134,14044
2024-07-04 16:00:00,161.133,161.193,160.958,161.128,9492
2024-07-04 20:00:00,161.127,161.28,161.108,161.266,7595
2024-07-05 00:00:00,161.24,161.394,160.816,161.072,10297
2024-07-05 04:00:00,161.071,161.143,160.526,160.64,17328
2024-07-05 08:00:00,160.641,160.852,160.568,160.736,14743
2024-07-05 12:00:00,160.736,161.156,160.329,160.94,19743
2024-07-05 16:00:00,160.94,161.327,160.627,160.882,30557
2024-07-05 20:00:00,160.882,160.912,160.707,160.799,9746
2024-07-08 00:00:00,160.729,160.812,160.561,160.611,10843
2024-07-08 04:00:00,160.613,160.717,160.261,160.539,17968
2024-07-08 08:00:00,160.538,161.115,160.528,161.091,18326
2024-07-08 12:00:00,161.09,161.101,160.664,160.691,14872
2024-07-08 16:00:00,160.692,160.813,160.474,160.73,20840
2024-07-08 20:00:00,160.729,160.835,160.688,160.819,8039
2024-07-09 00:00:00,160.775,160.917,160.732,160.891,7095
2024-07-09 04:00:00,160.891,161.13,160.855,160.962,12954
2024-07-09 08:00:00,160.964,161.076,160.738,161.051,14344
2024-07-09 12:00:00,161.052,161.178,160.957,161.128,14661
2024-07-09 16:00:00,161.128,161.517,160.885,161.317,24704
2024-07-09 20:00:00,161.318,161.34,161.229,161.283,8561
2024-07-10 00:00:00,161.277,161.506,161.256,161.462,6558
2024-07-10 04:00:00,161.462,161.588,161.403,161.441,10526
2024-07-10 08:00:00,161.441,161.56,161.342,161.512,14285
2024-07-10 12:00:00,161.512,161.612,161.431,161.448,14332
2024-07-10 16:00:00,161.448,161.754,161.425,161.686,18132
2024-07-10 20:00:00,161.687,161.804,161.643,161.704,10543
2024-07-11 00:00:00,161.607,161.637,161.472,161.565,6584
2024-07-11 04:00:00,161.564,161.692,161.534,161.687,10000
2024-07-11 08:00:00,161.686,161.757,161.499,161.528,12989
2024-07-11 12:00:00,161.529,161.623,158.363,158.646,19715
2024-07-11 16:00:00,158.65,158.97,157.43,158.566,35502
2024-07-11 20:00:00,158.566,158.914,158.554,158.885,16272
2024-07-12 00:00:00,158.825,159.447,157.744,159.079,24956
2024-07-12 04:00:00,159.08,159.389,158.753,159.11,22881
2024-07-12 08:00:00,159.111,159.319,158.867,159.101,22726
2024-07-12 12:00:00,159.102,159.254,158.507,158.808,22571
2024-07-12 16:00:00,158.809,158.842,157.369,157.876,30795
2024-07-12 20:00:00,157.876,158.015,157.793,157.88,9245
2024-07-15 00:00:00,158.089,158.42,157.976,158.112,14485
2024-07-15 04:00:00,158.111,158.235,157.909,157.992,17686
2024-07-15 08:00:00,157.993,158.236,157.778,157.817,22652
2024-07-15 12:00:00,157.818,158.171,157.748,157.962,21576
2024-07-15 16:00:00,157.962,158.068,157.15,157.711,28627
2024-07-15 20:00:00,157.711,158.154,157.709,158.112,15237
2024-07-16 00:00:00,158.027,158.394,157.968,158.364,10274
2024-07-16 04:00:00,158.358,158.727,158.353,158.639,18409
2024-07-16 08:00:00,158.639,158.786,158.355,158.467,22224
2024-07-16 12:00:00,158.467,158.855,158.251,158.752,21497
2024-07-16 16:00:00,158.753,158.804,158.513,158.541,26792
2024-07-16 20:00:00,158.54,158.553,158.317,158.376,15463
2024-07-17 00:00:00,158.305,158.536,158.299,158.483,11612
2024-07-17 04:00:00,158.483,158.619,158.215,158.216,18248
2024-07-17 08:00:00,158.215,158.234,156.098,156.24,42804
2024-07-17 12:00:00,156.241,156.795,156.103,156.562,44275
2024-07-17 16:00:00,156.561,156.637,156.146,156.303,44863
2024-07-17 20:00:00,156.302,156.487,156.055,156.267,20301
2024-07-18 00:00:00,156.152,156.272,155.364,155.738,28707
2024-07-18 04:00:00,155.739,156.572,155.722,156.342,24938
2024-07-18 08:00:00,156.341,156.586,155.798,156.461,38146
2024-07-18 12:00:00,156.461,156.58,156.185,156.431,32425
2024-07-18 16:00:00,156.431,157.158,156.318,157.145,40464
2024-07-18 20:00:00,157.145,157.399,157.09,157.373,17596
2024-07-19 00:00:00,157.345,157.417,157.062,157.21,18010
2024-07-19 04:00:00,157.211,157.533,157.199,157.477,23961
2024-07-19 08:00:00,157.476,157.861,156.955,157.26,39385
2024-07-19 12:00:00,157.261,157.694,157.145,157.673,26606
2024-07-19 16:00:00,157.672,157.697,157.264,157.411,37268
2024-07-19 20:00:00,157.412,157.525,157.352,157.515,11588
2024-07-22 00:00:00,157.38,157.503,157.153,157.424,15710
2024-07-22 04:00:00,157.424,157.612,157.351,157.441,22212
2024-07-22 08:00:00,157.441,157.441,156.282,156.794,46178
2024-07-22 12:00:00,156.795,157.09,156.559,156.792,33981
2024-07-22 16:00:00,156.793,157.148,156.694,157.074,34543
2024-07-22 20:00:00,157.073,157.172,157.033,157.067,12575
2024-07-23 00:00:00,156.958,157.1,156.646,156.655,15449
2024-07-23 04:00:00,156.657,156.851,156.197,156.308,35809
2024-07-23 08:00:00,156.308,156.635,155.823,156.012,41468
2024-07-23 12:00:00,156.011,156.264,155.82,156.029,32355
2024-07-23 16:00:00,156.032,156.209,155.694,155.784,31051
2024-07-23 20:00:00,155.784,155.808,155.562,155.624,17689
2024-07-24 00:00:00,155.552,155.991,155.519,155.825,12609
2024-07-24 04:00:00,155.825,155.875,154.542,154.611,43063
2024-07-24 08:00:00,154.61,154.945,154.358,154.859,39576
2024-07-24 12:00:00,154.859,154.934,153.758,153.81,33293
2024-07-24 16:00:00,153.81,153.998,153.104,153.471,50536
2024-07-24 20:00:00,153.471,154.096,153.447,153.944,19001
2024-07-25 00:00:00,153.851,153.967,152.832,153.247,28124
2024-07-25 04:00:00,153.247,153.348,152.23,152.621,38213
2024-07-25 08:00:00,152.621,152.973,151.937,152.706,49862
2024-07-25 12:00:00,152.707,153.739,152.089,153.519,43128
2024-07-25 16:00:00,153.519,154.32,153.23,154.026,57628
2024-07-25 20:00:00,154.025,154.052,153.747,154.025,32883
2024-07-26 00:00:00,153.907,154.102,153.366,153.925,22650
2024-07-26 04:00:00,153.926,154.062,153.428,153.68,26655
2024-07-26 08:00:00,153.681,154.433,153.499,154.301,38129
2024-07-26 12:00:00,154.301,154.739,154.022,154.217,39814
2024-07-26 16:00:00,154.218,154.22,153.088,153.785,47340
2024-07-26 20:00:00,153.784,153.874,153.674,153.76,15462
2024-07-29 00:00:00,153.684,154.35,153.522,153.659,26334
2024-07-29 04:00:00,153.654,153.834,153.012,153.413,40624
2024-07-29 08:00:00,153.411,153.914,153.178,153.687,37858
2024-07-29 12:00:00,153.685,154.033,153.586,153.885,34840
2024-07-29 16:00:00,153.886,154.207,153.726,153.942,41257
2024-07-29 20:00:00,153.942,154.055,153.886,154.03,19364
2024-07-30 00:00:00,153.927,154.065,153.651,153.96,16660
2024-07-30 04:00:00,153.959,154.444,153.847,154.439,27200
2024-07-30 08:00:00,154.439,155.214,154.419,154.665,38044
2024-07-30 12:00:00,154.664,155.004,154.663,154.939,22736
2024-07-30 16:00:00,154.939,154.939,153.135,153.236,54462
2024-07-30 20:00:00,153.237,153.44,152.673,152.684,33143
2024-07-31 00:00:00,152.734,153.141,152.108,152.374,32422
2024-07-31 04:00:00,152.371,153.903,151.574,152.552,45187
2024-07-31 08:00:00,152.55,153.167,150.045,150.924,55497
2024-07-31 12:00:00,150.923,150.944,149.78,150.333,48184
2024-07-31 16:00:00,150.329,150.676,149.629,150.558,55380
2024-07-31 20:00:00,150.559,151.262,149.605,150.031,55419
2024-08-01 00:00:00,149.944,150.321,149.344,149.437,29711
2024-08-01 04:00:00,149.436,149.791,148.507,149.685,55152
2024-08-01 08:00:00,149.683,150.337,149.428,149.695,59650
2024-08-01 12:00:00,149.695,150.86,149.605,150.859,42911
2024-08-01 16:00:00,150.859,150.889,149.679,149.892,46945
2024-08-01 20:00:00,149.892,149.94,149.352,149.355,33921
2024-08-02 00:00:00,149.304,149.443,148.869,149.382,33961
2024-08-02 04:00:00,149.381,149.777,149.228,149.259,39480
2024-08-02 08:00:00,149.258,149.375,148.622,149.071,52781
2024-08-02 12:00:00,149.071,149.12,147.014,147.443,42316
2024-08-02 16:00:00,147.439,148.16,146.412,146.847,83517
2024-08-02 20:00:00,146.848,146.955,146.438,146.57,33184
2024-08-05 00:00:00,146.448,146.591,145.178,145.517,44344
2024-08-05 04:00:00,145.515,145.592,142.164,143.167,69692
2024-08-05 08:00:00,143.163,143.992,141.686,142.4,81620
2024-08-05 12:00:00,142.399,142.965,141.744,142.248,55864
2024-08-05 16:00:00,142.249,144.893,142.1,144.183,76291
2024-08-05 20:00:00,144.182,144.611,143.396,144.175,42965
2024-08-06 00:00:00,144.148,146.37,143.624,145.04,36405
2024-08-06 04:00:00,145.042,145.919,144.306,145.512,38917
2024-08-06 08:00:00,145.513,146.292,144.472,144.919,69215
2024-08-06 12:00:00,144.919,145.458,144.352,144.6,62910
2024-08-06 16:00:00,144.586,145.42,144.049,145.369,66600
2024-08-06 20:00:00,145.37,145.387,144.358,144.401,40002
2024-08-07 00:00:00,144.278,145.257,144.258,144.729,30338
2024-08-07 04:00:00,144.729,147.905,144.561,147.621,49661
2024-08-07 08:00:00,147.62,147.812,146.086,147.199,66128
2024-08-07 12:00:00,147.2,147.636,146.865,146.993,52043
2024-08-07 16:00:00,146.992,147.686,146.649,147.178,55243
2024-08-07 20:00:00,147.179,147.396,146.679,146.764,46103
2024-08-08 00:00:00,146.642,146.784,145.428,146.005,38351
2024-08-08 04:00:00,146.008,146.874,145.906,146.136,58540
2024-08-08 08:00:00,146.135,146.401,145.625,146.195,73984
2024-08-08 12:00:00,146.195,147.296,145.94,147.063,62037
2024-08-08 16:00:00,147.059,147.544,146.916,147.246,56182
2024-08-08 20:00:00,147.246,147.433,147.091,147.266,31584
2024-08-09 00:00:00,147.196,147.815,147.154,147.483,37186
2024-08-09 04:00:00,147.486,147.619,146.815,146.885,43093
2024-08-09 08:00:00,146.883,147.32,146.715,147.205,58178
2024-08-09 12:00:00,147.205,147.286,146.507,146.777,48745
2024-08-09 16:00:00,146.776,146.792,146.265,146.61,52463
2024-08-09 20:00:00,146.61,146.76,146.554,146.651,26040
2024-08-12 00:00:00,146.648,147.128,146.614,146.859,22890
2024-08-12 04:00:00,146.859,147.225,146.701,147.125,28147
2024-08-12 08:00:00,147.125,147.445,147.087,147.36,40890
2024-08-12 12:00:00,147.361,147.737,147.207,147.716,31309
2024-08-12 16:00:00,147.716,148.224,147.245,147.352,55661
2024-08-12 20:00:00,147.354,147.354,147.039,147.21,32649
2024-08-13 00:00:00,147.15,147.306,146.916,147.266,24868
2024-08-13 04:00:00,147.264,147.793,147.231,147.714,30659
2024-08-13 08:00:00,147.714,147.947,147.551,147.845,37701
2024-08-13 12:00:00,147.845,147.919,147.053,147.403,41237
2024-08-13 16:00:00,147.403,147.47,146.703,146.734,52122
2024-08-13 20:00:00,146.734,146.911,146.595,146.83,33619
2024-08-14 00:00:00,146.735,147.146,146.72,147.096,22490
2024-08-14 04:00:00,147.095,147.185,146.069,146.867,43127
2024-08-14 08:00:00,146.867,147.502,146.775,147.113,40397
2024-08-14 12:00:00,147.11,147.58,146.509,147.314,39204
2024-08-14 16:00:00,147.313,147.443,146.574,146.945,55554
2024-08-14 20:00:00,146.944,147.441,146.932,147.326,22672
2024-08-15 00:00:00,147.257,147.403,147.149,147.23,16752
2024-08-15 04:00:00,147.23,147.617,147.201,147.269,31400
2024-08-15 08:00:00,147.268,147.394,147.052,147.337,29666
2024-08-15 12:00:00,147.337,149.16,147.179,148.956,35217
2024-08-15 16:00:00,148.956,149.324,148.781,149.042,48943
2024-08-15 20:00:00,149.043,149.366,148.957,149.359,17967
2024-08-16 00:00:00,149.28,149.335,148.906,149.152,19698
2024-08-16 04:00:00,149.153,149.23,148.741,148.863,31554
2024-08-16 08:00:00,148.862,149.096,148.656,148.711,31487
2024-08-16 12:00:00,148.71,148.766,147.615,147.684,40498
2024-08-16 16:00:00,147.683,148.267,147.622,148.002,45721
2024-08-16 20:00:00,148.002,148.01,147.569,147.598,18084
2024-08-19 00:00:00,147.563,148.052,147.555,147.816,20889
2024-08-19 04:00:00,147.816,147.879,145.857,146.189,43435
2024-08-19 08:00:00,146.19,146.297,145.185,146.078,59628
2024-08-19 12:00:00,146.079,146.523,145.928,146.215,48787
2024-08-19 16:00:00,146.215,146.711,146.19,146.499,47228
2024-08-19 20:00:00,146.499,146.693,146.457,146.634,20517
2024-08-20 00:00:00,146.557,146.867,146.176,146.346,22491
2024-08-20 04:00:00,146.345,147.162,145.845,146.93,44158
2024-08-20 08:00:00,146.929,147.343,146.234,146.52,46884
2024-08-20 12:00:00,146.52,146.557,146.123,146.166,39588
2024-08-20 16:00:00,146.166,146.293,145.369,145.392,56689
2024-08-20 20:00:00,145.392,145.537,145.195,145.279,23071
2024-08-21 00:00:00,145.221,145.553,144.93,145.45,33790
2024-08-21 04:00:00,145.45,145.758,145.253,145.673,45004
2024-08-21 08:00:00,145.672,146.225,145.512,146.032,43312
2024-08-21 12:00:00,146.031,146.223,145.731,145.774,38022
2024-08-21 16:00:00,145.775,146.899,145.028,145.191,66272
2024-08-21 20:00:00,145.191,145.286,144.454,145.262,31519
2024-08-22 00:00:00,145.066,145.437,144.843,145.331,20129
2024-08-22 04:00:00,145.331,145.64,144.983,145.135,28066
2024-08-22 08:00:00,145.134,145.673,145.008,145.634,32199
2024-08-22 12:00:00,145.635,146.345,145.557,146.048,32621
2024-08-22 16:00:00,146.048,146.525,145.82,146.328,44564
2024-08-22 20:00:00,146.328,146.491,146.175,146.288,19767
2024-08-23 00:00:00,146.268,146.336,145.886,146.073,18121
2024-08-23 04:00:00,146.074,146.131,145.292,145.772,34724
2024-08-23 08:00:00,145.771,146.025,145.287,145.931,31094
2024-08-23 12:00:00,145.931,146.179,145.925,145.985,26221
2024-08-23 16:00:00,145.989,146.481,144.598,144.847,61452
2024-08-23 20:00:00,144.847,144.854,144.045,144.366,26526
2024-08-26 00:00:00,144.18,144.341,143.445,143.717,31924
2024-08-26 04:00:00,143.715,144.092,143.444,144.043,33077
2024-08-26 08:00:00,144.042,144.217,143.601,143.86,33683
2024-08-26 12:00:00,143.859,144.367,143.822,143.937,28356
2024-08-26 16:00:00,143.935,144.607,143.855,144.457,37121
2024-08-26 20:00:00,144.458,144.652,144.317,144.515,14869
2024-08-27 00:00:00,144.517,144.862,144.232,144.844,14238
2024-08-27 04:00:00,144.844,144.971,144.604,144.635,20405
2024-08-27 08:00:00,144.635,145.176,144.571,145.061,31922
2024-08-27 12:00:00,145.059,145.073,144.335,144.391,32082
2024-08-27 16:00:00,144.39,144.506,144.101,144.138,37044
2024-08-27 20:00:00,144.138,144.164,143.916,143.947,15426
2024-08-28 00:00:00,143.904,144.245,143.682,144.11,16451
2024-08-28 04:00:00,144.111,144.539,144.09,144.353,25455
2024-08-28 08:00:00,144.353,144.606,144.289,144.346,31396
2024-08-28 12:00:00,144.347,144.775,144.06,144.707,27617
2024-08-28 16:00:00,144.706,145.039,144.349,144.737,39366
2024-08-28 20:00:00,144.738,144.809,144.412,144.603,22296
2024-08-29 00:00:00,144.497,144.598,144.218,144.429,18628
2024-08-29 04:00:00,144.43,144.719,144.341,144.669,21401
2024-08-29 08:00:00,144.669,144.862,144.459,144.69,36075
2024-08-29 12:00:00,144.689,145.423,144.439,145.4,37261
2024-08-29 16:00:00,145.394,145.554,144.901,145.005,42943
2024-08-29 20:00:00,145.005,145.02,144.722,144.991,30423
2024-08-30 00:00:00,144.926,145.074,144.651,144.726,12369
2024-08-30 04:00:00,144.726,144.885,144.686,144.846,17666
2024-08-30 08:00:00,144.846,145.13,144.789,145.115,21969
2024-08-30 12:00:00,145.116,145.748,145.018,145.635,28228
2024-08-30 16:00:00,145.635,146.246,145.316,146.226,48024
2024-08-30 20:00:00,146.226,146.245,146.049,146.202,19145
2024-09-02 00:00:00,146.046,146.599,146.042,146.193,17680
2024-09-02 04:00:00,146.193,146.283,145.772,145.937,25948
2024-09-02 08:00:00,145.936,146.846,145.93,146.702,30259
2024-09-02 12:00:00,146.703,146.994,146.6,146.983,21612
2024-09-02 16:00:00,146.982,147.178,146.804,146.813,19494
2024-09-02 20:00:00,146.814,146.913,146.814,146.874,2380
2024-09-03 00:00:00,146.825,147.209,146.666,147.127,14534
2024-09-03 04:00:00,147.128,147.147,146.39,146.537,34635
2024-09-03 08:00:00,146.536,146.593,145.613,145.811,43330
2024-09-03 12:00:00,145.803,146.286,145.793,145.884,30058
2024-09-03 16:00:00,145.88,145.923,145.102,145.766,52130
2024-09-03 20:00:00,145.766,145.908,145.465,145.474,21302
2024-09-04 00:00:00,145.454,145.557,144.888,145.175,26098
2024-09-04 04:00:00,145.176,145.55,145.145,145.248,30738
2024-09-04 08:00:00,145.247,145.319,144.751,145.208,39494
2024-09-04 12:00:00,145.208,145.269,144.862,145.077,29330
2024-09-04 16:00:00,145.077,145.147,143.996,144.051,55167
2024-09-04 20:00:00,144.05,144.128,143.708,143.71,31725
2024-09-05 00:00:00,143.653,143.801,143.184,143.72,23006
2024-09-05 04:00:00,143.721,143.905,143.428,143.579,32282
2024-09-05 08:00:00,143.579,143.751,143.046,143.574,40654
2024-09-05 12:00:00,143.574,143.647,142.846,143.099,35401
2024-09-05 16:00:00,143.099,144.229,143.039,143.433,56038
2024-09-05 20:00:00,143.434,143.507,143.194,143.437,27258
2024-09-06 00:00:00,143.393,143.483,143.153,143.179,14269
2024-09-06 04:00:00,143.18,143.365,142.887,142.994,20286
2024-09-06 08:00:00,142.994,143.006,142.057,142.613,46009
2024-09-06 12:00:00,142.613,144.041,141.978,142.988,40957
2024-09-06 16:00:00,142.988,143.895,141.769,142.447,91534
2024-09-06 20:00:00,142.446,142.692,142.233,142.316,37886
2024-09-09 00:00:00,142.272,142.745,141.944,142.696,28754
2024-09-09 04:00:00,142.695,143.093,142.614,142.974,37153
2024-09-09 08:00:00,142.974,143.434,142.772,143.379,41385
2024-09-09 12:00:00,143.378,143.792,143.09,143.23,31400
2024-09-09 16:00:00,143.23,143.232,142.653,142.878,43573
2024-09-09 20:00:00,142.877,143.158,142.709,143.143,20667
2024-09-10 00:00:00,143.138,143.482,142.849,143.47,18830
2024-09-10 04:00:00,143.471,143.543,143.048,143.08,25481
2024-09-10 08:00:00,143.079,143.71,143.029,143.51,31252
2024-09-10 12:00:00,143.511,143.519,142.752,142.866,32243
2024-09-10 16:00:00,142.869,143.112,142.19,142.461,47289
2024-09-10 20:00:00,142.458,142.567,142.218,142.475,26845
2024-09-11 00:00:00,142.383,142.472,142.021,142.291,19735
2024-09-11 04:00:00,142.292,142.425,140.888,141.093,48694
2024-09-11 08:00:00,141.092,141.696,140.705,141.531,47075
2024-09-11 12:00:00,141.531,142.547,141.288,142.292,42474
2024-09-11 16:00:00,142.294,142.494,141.246,141.949,67386
2024-09-11 20:00:00,141.949,142.462,141.892,142.366,33038
2024-09-12 00:00:00,142.285,142.952,142.225,142.682,18968
2024-09-12 04:00:00,142.681,142.842,142.257,142.783,36955
2024-09-12 08:00:00,142.783,143.042,142.465,142.581,42721
2024-09-12 12:00:00,142.582,142.776,141.961,142.099,41750
2024-09-12 16:00:00,142.099,142.664,141.908,142.514,59829
2024-09-12 20:00:00,142.512,142.564,141.726,141.8,45659
2024-09-13 00:00:00,141.764,141.878,141.159,141.196,23096
2024-09-13 04:00:00,141.195,141.294,140.642,140.956,35220
2024-09-13 08:00:00,140.956,141.411,140.407,140.7,44714
2024-09-13 12:00:00,140.699,141.015,140.359,140.73,40127
2024-09-13 16:00:00,140.73,140.943,140.279,140.813,48304
2024-09-13 20:00:00,140.812,141.008,140.769,140.877,22904
2024-09-16 00:00:00,140.754,140.9,140.421,140.527,17964
2024-09-16 04:00:00,140.526,140.587,139.949,140.215,27464
2024-09-16 08:00:00,140.216,140.288,139.576,139.852,40767
2024-09-16 12:00:00,139.851,140.445,139.752,140.239,36875
2024-09-16 16:00:00,140.238,140.915,140.212,140.641,42796
2024-09-16 20:00:00,140.642,140.885,140.572,140.576,20429
2024-09-17 00:00:00,140.59,141.247,140.471,140.666,18508
2024-09-17 04:00:00,140.666,140.755,140.32,140.681,30505
2024-09-17 08:00:00,140.681,140.805,140.347,140.572,33859
2024-09-17 12:00:00,140.571,141.132,140.476,140.971,31861
2024-09-17 16:00:00,140.971,141.996,140.87,141.734,54907
2024-09-17 20:00:00,141.733,142.464,141.719,142.404,33596
2024-09-18 00:00:00,142.35,142.376,141.557,141.651,17524
2024-09-18 04:00:00,141.65,141.762,141.22,141.317,25906
2024-09-18 08:00:00,141.318,141.998,141.279,141.713,33241
2024-09-18 12:00:00,141.715,142.061,141.552,141.926,30585
2024-09-18 16:00:00,141.926,142.065,141.675,141.882,37378
2024-09-18 20:00:00,141.883,142.711,140.438,142.291,65693
2024-09-19 00:00:00,142.236,143.595,141.88,143.487,28191
2024-09-19 04:00:00,143.487,143.945,142.95,143.175,46871
2024-09-19 08:00:00,143.177,143.2,142.041,142.791,46027
2024-09-19 12:00:00,142.79,143.763,142.683,143.76,46712
2024-09-19 16:00:00,143.759,143.771,142.732,143.035,59266
2024-09-19 20:00:00,143.035,143.116,142.526,142.597,33182
2024-09-20 00:00:00,142.559,142.929,142.409,142.41,19045
2024-09-20 04:00:00,142.408,142.787,141.951,142.187,35747
2024-09-20 08:00:00,142.187,143.883,141.737,143.808,51209
2024-09-20 12:00:00,143.807,144.427,143.576,143.668,40652
2024-09-20 16:00:00,143.667,144.496,143.464,143.753,60411
2024-09-20 20:00:00,143.755,144.156,143.719,143.901,37271
2024-09-23 00:00:00,143.868,144.257,143.688,144.125,20373
2024-09-23 04:00:00,144.13,144.461,144.13,144.254,24099
2024-09-23 08:00:00,144.254,144.316,143.435,143.585,44317
2024-09-23 12:00:00,143.585,143.877,143.161,143.77,40489
2024-09-23 16:00:00,143.77,144.348,143.31,143.344,54655
2024-09-23 20:00:00,143.343,143.647,143.249,143.613,26924
2024-09-24 00:00:00,143.484,143.777,143.406,143.548,16902
2024-09-24 04:00:00,143.548,143.94,143.376,143.841,34113
2024-09-24 08:00:00,143.84,144.68,143.835,144.29,43262
2024-09-24 12:00:00,144.289,144.477,143.782,143.967,35133
2024-09-24 16:00:00,143.967,144.206,143.401,143.466,47307
2024-09-24 20:00:00,143.466,143.707,143.11,143.16,20578
2024-09-25 00:00:00,143.15,143.311,142.888,143.172,17906
2024-09-25 04:00:00,143.169,143.492,143.096,143.254,28296
2024-09-25 08:00:00,143.255,144.064,143.177,143.934,35639
2024-09-25 12:00:00,143.934,144.441,143.904,144.2,34366
2024-09-25 16:00:00,144.2,144.605,143.857,144.532,45270
2024-09-25 20:00:00,144.532,144.844,144.485,144.753,27503
2024-09-26 00:00:00,144.672,144.765,144.44,144.496,17339
2024-09-26 04:00:00,144.497,145.039,144.475,144.69,21967
2024-09-26 08:00:00,144.691,145.196,144.615,144.826,37604
2024-09-26 12:00:00,144.825,144.962,144.109,144.563,36789
2024-09-26 16:00:00,144.566,145.213,144.306,144.857,51138
2024-09-26 20:00:00,144.856,144.895,144.51,144.856,25617
2024-09-27 00:00:00,144.764,145.476,144.741,145.461,19020
2024-09-27 04:00:00,145.462,145.802,144.962,145.792,32749
2024-09-27 08:00:00,145.792,146.488,142.772,143.144,68807
2024-09-27 12:00:00,143.141,143.491,142.498,142.52,48821
2024-09-27 16:00:00,142.52,143.089,142.386,142.508,56142
2024-09-27 20:00:00,142.509,142.606,142.067,142.264,31729
2024-09-30 00:00:00,142.214,142.954,142.148,142.685,23237
2024-09-30 04:00:00,142.686,142.846,142.08,142.128,30011
2024-09-30 08:00:00,142.127,142.578,141.641,142.533,41027
2024-09-30 12:00:00,142.537,143.003,142.404,142.945,31146
2024-09-30 16:00:00,142.949,143.371,142.744,143.112,50336
2024-09-30 20:00:00,143.112,143.915,142.932,143.657,37500
2024-10-01 00:00:00,143.616,144.123,143.369,143.968,16657
2024-10-01 04:00:00,143.967,144.398,143.659,144.278,23883
2024-10-01 08:00:00,144.278,144.528,143.698,143.808,44206
2024-10-01 12:00:00,143.807,144.07,143.556,144.039,37854
2024-10-01 16:00:00,144.037,144.069,142.966,143.635,62465
2024-10-01 20:00:00,143.634,143.923,143.323,143.54,42851
2024-10-02 00:00:00,143.533,143.882,143.424,143.815,14939
2024-10-02 04:00:00,143.815,144.186,143.559,143.732,26090
2024-10-02 08:00:00,143.731,144.328,143.53,144.327,39929
2024-10-02 12:00:00,144.328,145.446,144.074,145.372,38389
2024-10-02 16:00:00,145.371,146.261,145.296,146.03,42576
2024-10-02 20:00:00,146.029,146.504,145.966,146.473,18915
2024-10-03 00:00:00,146.372,147.056,146.272,146.991,20097
2024-10-03 04:00:00,146.993,147.241,146.675,146.722,27570
2024-10-03 08:00:00,146.722,146.862,146.298,146.75,40460
2024-10-03 12:00:00,146.75,146.992,146.498,146.773,35014
2024-10-03 16:00:00,146.777,147.18,146.47,146.716,50069
2024-10-03 20:00:00,146.716,146.966,146.575,146.954,19411
2024-10-04 00:00:00,146.84,146.931,146.615,146.644,12966
2024-10-04 04:00:00,146.643,146.679,146.15,146.229,24155
2024-10-04 08:00:00,146.228,146.41,145.914,146.341,35565
2024-10-04 12:00:00,146.341,148.693,146.338,148.644,38129
2024-10-04 16:00:00,148.645,149.007,148.31,148.936,51437
2024-10-04 20:00:00,148.936,148.957,148.636,148.643,26629
2024-10-07 00:00:00,148.657,149.132,148.355,148.424,21773
2024-10-07 04:00:00,148.423,148.644,148.22,148.538,27775
2024-10-07 08:00:00,148.538,148.613,148.059,148.317,38806
2024-10-07 12:00:00,148.316,148.684,148.025,148.168,36288
2024-10-07 16:00:00,148.169,148.276,147.844,148.0,41727
2024-10-07 20:00:00,148.0,148.209,147.883,148.186,23757
2024-10-08 00:00:00,148.121,148.188,147.565,147.819,19379
2024-10-08 04:00:00,147.82,148.104,147.509,148.078,29922
2024-10-08 08:00:00,148.079,148.161,147.342,147.837,37444
2024-10-08 12:00:00,147.838,148.178,147.717,148.035,30330
2024-10-08 16:00:00,148.035,148.357,147.949,148.149,36458
2024-10-08 20:00:00,148.15,148.375,148.15,148.204,31392
2024-10-09 00:00:00,148.169,148.313,148.008,148.228,10571
2024-10-09 04:00:00,148.23,148.43,148.072,148.335,20810
2024-10-09 08:00:00,148.335,148.73,148.264,148.716,29502
2024-10-09 12:00:00,148.717,148.913,148.507,148.906,22776
2024-10-09 16:00:00,148.906,149.298,148.811,149.238,25349
2024-10-09 20:00:00,149.237,149.361,149.155,149.3,18088
2024-10-10 00:00:00,149.23,149.3,149.0,149.213,11168
2024-10-10 04:00:00,149.213,149.544,149.063,149.397,16449
2024-10-10 08:00:00,149.396,149.471,148.901,149.067,26674
2024-10-10 12:00:00,149.067,149.575,148.225,148.611,34613
2024-10-10 16:00:00,148.611,148.958,148.347,148.917,51482
2024-10-10 20:00:00,148.917,149.082,148.492,148.567,25053
2024-10-11 00:00:00,148.536,148.76,148.415,148.458,11513
2024-10-11 04:00:00,148.459,148.797,148.4,148.712,16975
2024-10-11 08:00:00,148.711,148.854,148.601,148.735,20609
2024-10-11 12:00:00,148.736,149.261,148.722,149.058,23019
2024-10-11 16:00:00,149.056,149.283,148.97,149.003,28698
2024-10-11 20:00:00,149.003,149.177,148.953,149.132,10834
2024-10-14 00:00:00,149.013,149.389,149.012,149.219,12441
2024-10-14 04:00:00,149.219,149.352,149.147,149.287,13545
2024-10-14 08:00:00,149.288,149.467,149.167,149.423,17892
2024-10-14 12:00:00,149.423,149.799,149.345,149.741,19079
2024-10-14 16:00:00,149.741,149.959,149.69,149.932,20341
2024-10-14 20:00:00,149.931,149.98,149.708,149.731,11231
2024-10-15 00:00:00,149.728,149.837,149.524,149.579,10887
2024-10-15 04:00:00,149.58,149.757,149.445,149.675,14085
2024-10-15 08:00:00,149.676,149.7,149.035,149.15,29179
2024-10-15 12:00:00,149.151,149.415,148.844,149.083,27495
2024-10-15 16:00:00,149.083,149.48,148.937,149.447,37327
2024-10-15 20:00:00,149.449,149.541,149.164,149.191,19495
2024-10-16 00:00:00,149.226,149.335,149.03,149.269,12089
2024-10-16 04:00:00,149.268,149.297,148.867,149.264,18473
2024-10-16 08:00:00,149.264,149.49,149.166,149.465,27468
2024-10-16 12:00:00,149.467,149.48,149.144,149.45,23831
2024-10-16 16:00:00,149.449,149.775,149.205,149.742,27786
2024-10-16 20:00:00,149.743,149.808,149.6,149.631,12334
2024-10-17 00:00:00,149.573,149.664,149.437,149.545,10099
2024-10-17 04:00:00,149.545,149.577,149.241,149.543,19602
2024-10-17 08:00:00,149.542,149.871,149.438,149.834,21814
2024-10-17 12:00:00,149.834,150.077,149.464,149.833,23984
2024-10-17 16:00:00,149.832,150.3,149.635,150.212,39257
2024-10-17 20:00:00,150.211,150.321,150.141,150.209,12952
2024-10-18 00:00:00,150.152,150.284,149.899,150.047,9765
2024-10-18 04:00:00,150.046,150.093,149.855,149.898,16907
2024-10-18 08:00:00,149.898,150.156,149.767,149.918,24911
2024-10-18 12:00:00,149.919,150.098,149.576,149.863,23491
2024-10-18 16:00:00,149.862,149.923,149.364,149.417,23551
2024-10-18 20:00:00,149.417,149.654,149.412,149.518,14290
2024-10-21 00:00:00,149.455,149.646,149.252,149.384,13191
2024-10-21 04:00:00,149.39,149.407,149.083,149.32,19885
2024-10-21 08:00:00,149.319,149.952,149.197,149.947,23637
2024-10-21 12:00:00,149.948,150.092,149.744,149.92,20878
2024-10-21 16:00:00,149.92,150.556,149.92,150.515,23763
2024-10-21 20:00:00,150.513,150.883,150.5,150.84,14209
2024-10-22 00:00:00,150.767,150.801,150.581,150.63,12638
2024-10-22 04:00:00,150.629,151.104,150.491,150.873,17851
2024-10-22 08:00:00,150.873,151.06,150.662,150.986,29624
2024-10-22 12:00:00,150.986,151.021,150.746,150.914,25503
2024-10-22 16:00:00,150.914,151.196,150.602,151.059,30330
2024-10-22 20:00:00,151.058,151.154,150.896,151.095,19249
2024-10-23 00:00:00,151.034,151.475,150.987,151.468,8488
2024-10-23 04:00:00,151.467,152.135,151.424,152.068,22063
2024-10-23 08:00:00,152.068,152.553,152.019,152.415,30662
2024-10-23 12:00:00,152.414,153.186,152.407,153.065,28979
2024-10-23 16:00:00,153.066,153.105,152.758,152.857,31979
2024-10-23 20:00:00,152.855,152.908,152.469,152.752,23191
2024-10-24 00:00:00,152.67,152.829,152.518,152.639,13028
2024-10-24 04:00:00,152.638,152.791,152.106,152.214,21503
2024-10-24 08:00:00,152.214,152.389,151.918,152.008,35993
2024-10-24 12:00:00,152.008,152.303,151.763,152.049,31931
2024-10-24 16:00:00,152.051,152.34,151.656,151.689,37601
2024-10-24 20:00:00,151.689,151.899,151.549,151.825,23167
2024-10-25 00:00:00,151.796,152.104,151.578,152.003,11585
2024-10-25 04:00:00,152.003,152.063,151.607,151.703,17467
2024-10-25 08:00:00,151.703,152.058,151.453,151.96,28271
2024-10-25 12:00:00,151.959,152.093,151.694,151.917,22429
2024-10-25 16:00:00,151.917,152.228,151.835,152.193,30799
2024-10-25 20:00:00,152.192,152.376,152.092,152.323,23415
2024-10-28 00:00:00,153.154,153.479,152.672,153.465,28067
2024-10-28 04:00:00,153.466,153.879,153.375,153.646,26377
2024-10-28 08:00:00,153.645,153.744,153.158,153.177,26369
2024-10-28 12:00:00,153.179,153.188,152.404,152.622,27882
2024-10-28 16:00:00,152.622,153.28,152.576,153.26,27980
2024-10-28 20:00:00,153.256,153.375,153.198,153.28,13896
2024-10-29 00:00:00,153.243,153.359,152.893,153.014,9234
2024-10-29 04:00:00,153.013,153.161,152.848,152.927,21243
2024-10-29 08:00:00,152.926,153.447,152.754,153.393,26500
2024-10-29 12:00:00,153.394,153.865,153.313,153.763,23819
2024-10-29 16:00:00,153.763,153.808,152.916,153.546,36793
2024-10-29 20:00:00,153.547,153.597,153.308,153.362,18440
2024-10-30 00:00:00,153.308,153.414,153.071,153.249,11168
2024-10-30 04:00:00,153.25,153.44,153.106,153.359,16681
2024-10-30 08:00:00,153.358,153.465,152.799,152.852,23961
2024-10-30 12:00:00,152.851,153.493,152.779,153.357,33003
2024-10-30 16:00:00,153.358,153.431,152.865,153.081,39099
2024-10-30 20:00:00,153.08,153.43,153.08,153.389,17905
2024-10-31 00:00:00,153.318,153.58,153.157,153.525,9875
2024-10-31 04:00:00,153.526,153.624,152.823,152.915,19330
2024-10-31 08:00:00,152.916,153.083,151.919,152.398,36104
2024-10-31 12:00:00,152.399,152.979,152.249,152.692,33066
2024-10-31 16:00:00,152.693,153.048,152.077,152.443,47796
2024-10-31 20:00:00,152.441,152.485,151.831,151.995,25176
2024-11-01 00:00:00,151.99,152.167,151.786,152.032,14296
2024-11-01 04:00:00,152.032,152.538,151.916,152.483,18526
2024-11-01 08:00:00,152.482,152.692,152.199,152.639,27531
2024-11-01 12:00:00,152.636,152.846,151.79,152.037,31216
2024-11-01 16:00:00,152.035,153.067,151.97,152.891,49183
2024-11-01 20:00:00,152.892,153.09,152.848,152.98,16767
2024-11-04 00:00:00,152.311,152.523,151.702,151.789,25907
2024-11-04 04:00:00,151.788,151.967,151.594,151.848,25603
2024-11-04 08:00:00,151.849,152.276,151.798,151.883,34629
2024-11-04 12:00:00,151.882,152.063,151.53,151.829,26039
2024-11-04 16:00:00,151.829,152.158,151.623,152.006,32631
2024-11-04 20:00:00,152.007,152.199,151.98,152.148,16182
2024-11-05 00:00:00,152.075,152.445,152.054,152.273,14598
2024-11-05 04:00:00,152.272,152.546,152.162,152.422,15205
2024-11-05 08:00:00,152.422,152.444,152.083,152.184,22312
2024-11-05 12:00:00,152.183,152.33,151.956,152.052,17902
2024-11-05 16:00:00,152.052,152.237,151.589,151.68,31939
2024-11-05 20:00:00,151.681,151.695,151.335,151.604,17625
2024-11-06 00:00:00,151.546,153.117,151.28,152.927,54404
2024-11-06 04:00:00,152.927,154.333,152.868,153.745,110219
2024-11-06 08:00:00,153.743,154.379,153.659,153.991,83510
2024-11-06 12:00:00,153.991,154.458,153.87,154.3,60689
2024-11-06 16:00:00,154.299,154.679,153.977,154.662,52544
2024-11-06 20:00:00,154.663,154.694,154.349,154.626,20283
2024-11-07 00:00:00,154.55,154.708,154.213,154.511,26702
2024-11-07 04:00:00,154.51,154.524,153.93,154.008,26904
2024-11-07 08:00:00,154.007,154.197,153.646,153.948,40015
2024-11-07 12:00:00,153.947,154.107,153.449,153.499,33163
2024-11-07 16:00:00,153.499,153.559,152.852,153.011,40924
2024-11-07 20:00:00,153.012,153.467,152.687,152.935,34645
2024-11-08 00:00:00,152.893,153.369,152.812,153.097,20240
2024-11-08 04:00:00,153.097,153.185,152.549,152.804,23798
2024-11-08 08:00:00,152.804,152.954,152.251,152.28,34219
2024-11-08 12:00:00,152.277,152.819,152.138,152.743,30053
2024-11-08 16:00:00,152.742,152.859,152.38,152.652,37585
2024-11-08 20:00:00,152.651,152.813,152.432,152.608,16596
2024-11-11 00:00:00,152.615,153.222,152.615,153.219,17535
2024-11-11 04:00:00,153.219,153.667,153.13,153.526,18981
2024-11-11 08:00:00,153.527,153.854,153.312,153.621,25481
2024-11-11 12:00:00,153.621,153.951,153.55,153.768,19663
2024-11-11 16:00:00,153.768,153.947,153.642,153.873,20127
2024-11-11 20:00:00,153.874,153.877,153.625,153.713,9407
2024-11-12 00:00:00,153.68,153.965,153.469,153.961,17307
2024-11-12 04:00:00,153.956,154.06,153.404,153.612,22772
2024-11-12 08:00:00,153.612,154.166,153.608,154.106,29375
2024-11-12 12:00:00,154.108,154.397,153.928,154.381,24625
2024-11-12 16:00:00,154.382,154.922,154.29,154.78,28557
2024-11-12 20:00:00,154.78,154.853,154.51,154.634,16116
2024-11-13 00:00:00,154.568,154.939,154.505,154.603,18367
2024-11-13 04:00:00,154.602,154.932,154.538,154.91,18760
2024-11-13 08:00:00,154.909,155.237,154.791,154.895,28717
2024-11-13 12:00:00,154.896,155.066,154.411,154.511,30160
2024-11-13 16:00:00,154.512,155.429,154.335,155.409,46539
2024-11-13 20:00:00,155.409,155.624,155.399,155.456,16559
2024-11-14 00:00:00,155.406,155.92,155.312,155.864,19715
2024-11-14 04:00:00,155.865,156.138,155.807,156.019,17766
2024-11-14 08:00:00,156.018,156.145,155.7,156.106,25071
2024-11-14 12:00:00,156.105,156.241,155.768,156.018,29610
2024-11-14 16:00:00,156.018,156.076,155.515,155.741,36625
2024-11-14 20:00:00,155.741,156.416,155.694,156.305,26933
2024-11-15 00:00:00,156.258,156.748,156.211,156.548,22070
2024-11-15 04:00:00,156.546,156.553,156.271,156.452,22589
2024-11-15 08:00:00,156.453,156.504,155.262,155.365,34507
2024-11-15 12:00:00,155.364,155.717,155.162,155.328,34318
2024-11-15 16:00:00,155.328,155.774,154.181,154.282,53056
2024-11-15 20:00:00,154.283,154.473,153.86,154.435,26260
2024-11-18 00:00:00,154.352,155.143,153.836,154.598,36663
2024-11-18 04:00:00,154.599,154.924,154.413,154.595,29547
2024-11-18 08:00:00,154.596,154.97,154.296,154.774,41360
2024-11-18 12:00:00,154.775,155.356,154.773,154.904,31188
2024-11-18 16:00:00,154.903,155.069,154.577,154.7,36561
2024-11-18 20:00:00,154.7,154.788,154.563,154.629,18468
2024-11-19 00:00:00,154.622,154.654,154.039,154.114,17312
2024-11-19 04:00:00,154.114,154.518,153.948,154.424,20457
2024-11-19 08:00:00,154.421,154.655,153.277,153.761,55398
2024-11-19 12:00:00,153.762,154.208,153.407,153.469,45162
2024-11-19 16:00:00,153.47,154.754,153.44,154.72,45357
2024-11-19 20:00:00,154.721,154.797,154.562,154.676,14478
2024-11-20 00:00:00,154.644,154.988,154.524,154.771,16453
2024-11-20 04:00:00,154.771,155.191,154.724,155.191,16730
2024-11-20 08:00:00,155.193,155.851,155.16,155.753,27609
2024-11-20 12:00:00,155.753,155.886,155.627,155.73,21461
2024-11-20 16:00:00,155.729,155.838,155.054,155.218,34595
2024-11-20 20:00:00,155.218,155.538,155.198,155.426,19128
2024-11-21 00:00:00,155.358,155.392,154.879,155.042,17844
2024-11-21 04:00:00,155.041,155.264,154.86,155.187,19162
2024-11-21 08:00:00,155.185,155.185,154.081,154.397,50330
2024-11-21 12:00:00,154.396,154.714,154.104,154.252,33512
2024-11-21 16:00:00,154.253,154.693,153.903,154.441,45790
2024-11-21 20:00:00,154.443,154.699,154.431,154.525,21954
2024-11-22 00:00:00,154.454,154.515,153.966,154.415,23409
2024-11-22 04:00:00,154.416,154.732,154.185,154.702,20830
2024-11-22 08:00:00,154.703,154.955,154.248,154.502,42283
2024-11-22 12:00:00,154.498,154.565,154.19,154.274,34795
2024-11-22 16:00:00,154.274,155.022,154.271,154.754,40836
2024-11-22 20:00:00,154.755,154.883,154.659,154.782,14748
2024-11-25 00:00:00,154.226,154.395,153.643,153.767,30854
2024-11-25 04:00:00,153.767,154.397,153.546,154.263,26459
2024-11-25 08:00:00,154.262,154.721,154.151,154.42,37433
2024-11-25 12:00:00,154.42,154.562,153.754,153.924,31974
2024-11-25 16:00:00,153.923,154.517,153.622,154.319,46984
2024-11-25 20:00:00,154.321,154.339,153.992,154.22,21184
2024-11-26 00:00:00,154.188,154.487,153.836,154.05,35934
2024-11-26 04:00:00,154.051,154.218,153.542,153.712,21054
2024-11-26 08:00:00,153.712,154.219,153.6,153.923,32628
2024-11-26 12:00:00,153.922,153.979,152.982,153.428,33936
2024-11-26 16:00:00,153.427,153.719,153.25,153.325,41672
2024-11-26 20:00:00,153.324,153.487,153.005,153.105,24695
2024-11-27 00:00:00,153.026,153.231,152.502,152.547,22884
2024-11-27 04:00:00,152.547,152.749,152.232,152.436,21347
2024-11-27 08:00:00,152.438,152.463,151.35,151.472,43197
2024-11-27 12:00:00,151.472,151.626,151.217,151.33,38284
2024-11-27 16:00:00,151.329,151.803,150.451,150.759,51417
2024-11-27 20:00:00,150.758,151.189,150.675,151.128,18119
2024-11-28 00:00:00,151.044,151.747,150.872,151.428,19215
2024-11-28 04:00:00,151.428,151.716,151.34,151.54,18228
2024-11-28 08:00:00,151.538,151.945,151.356,151.89,29622
2024-11-28 12:00:00,151.889,151.949,151.553,151.565,19230
2024-11-28 16:00:00,151.567,151.605,151.4,151.488,15005
2024-11-28 20:00:00,151.489,151.553,151.431,151.517,3491
2024-11-29 00:00:00,151.525,151.532,149.846,149.939,33014
2024-11-29 04:00:00,149.938,150.393,149.757,150.1,31750
2024-11-29 08:00:00,150.102,150.302,149.53,150.155,34190
2024-11-29 12:00:00,150.155,150.365,149.826,149.965,27088
2024-11-29 16:00:00,149.964,150.528,149.575,149.595,36562
2024-11-29 20:00:00,149.592,149.742,149.457,149.644,46604
2024-12-02 00:00:00,149.62,150.555,149.471,150.534,34701
2024-12-02 04:00:00,150.533,150.75,150.433,150.722,28232
2024-12-02 08:00:00,150.721,150.726,149.987,150.344,37738
2024-12-02 12:00:00,150.344,150.387,149.917,150.079,29533
2024-12-02 16:00:00,150.08,150.238,149.077,149.597,53879
2024-12-02 20:00:00,149.597,149.787,149.223,149.535,22742
2024-12-03 00:00:00,149.563,149.97,149.492,149.869,23361
2024-12-03 04:00:00,149.869,150.234,149.788,150.023,21967
2024-12-03 08:00:00,150.023,150.183,149.771,149.815,29511
2024-12-03 12:00:00,149.815,150.108,148.798,148.854,28992
2024-12-03 16:00:00,148.854,149.519,148.643,149.21,56033
2024-12-03 20:00:00,149.21,149.561,148.962,149.545,18110
2024-12-04 00:00:00,149.569,150.079,149.519,149.928,20939
2024-12-04 04:00:00,149.928,150.166,149.622,150.097,30698
2024-12-04 08:00:00,150.097,150.78,149.86,150.624,34337
2024-12-04 12:00:00,150.622,151.228,150.615,151.075,34803
2024-12-04 16:00:00,151.075,151.131,149.99,150.166,45445
2024-12-04 20:00:00,150.166,150.669,150.035,150.593,21313
2024-12-05 00:00:00,150.521,150.776,150.183,150.539,21919
2024-12-05 04:00:00,150.539,150.562,149.783,149.933,24347
2024-12-05 08:00:00,149.932,150.313,149.652,150.309,31172
2024-12-05 12:00:00,150.309,150.693,150.039,150.605,33077
2024-12-05 16:00:00,150.6,150.614,150.07,150.132,38704
2024-12-05 20:00:00,150.132,150.344,149.918,150.053,15237
2024-12-06 00:00:00,150.032,150.273,149.861,150.045,18903
2024-12-06 04:00:00,150.045,150.068,149.764,149.936,19161
2024-12-06 08:00:00,149.936,150.602,149.77,150.572,24272
2024-12-06 12:00:00,150.572,150.697,149.648,149.657,37555
2024-12-06 16:00:00,149.657,150.115,149.361,149.96,50724
2024-12-06 20:00:00,149.96,150.132,149.879,150.022,13812
2024-12-09 00:00:00,149.924,150.051,149.69,149.912,19483
2024-12-09 04:00:00,149.912,150.033,149.837,149.96,20501
2024-12-09 08:00:00,149.96,150.52,149.939,150.415,25811
2024-12-09 12:00:00,150.407,150.949,150.351,150.873,20356
2024-12-09 16:00:00,150.873,151.345,150.696,151.325,25585
2024-12-09 20:00:00,151.327,151.335,151.13,151.159,11354
2024-12-10 00:00:00,151.155,151.547,151.123,151.311,18037
2024-12-10 04:00:00,151.311,151.311,150.894,150.937,24179
2024-12-10 08:00:00,150.937,151.782,150.899,151.593,27466
2024-12-10 12:00:00,151.593,151.837,151.467,151.679,23281
2024-12-10 16:00:00,151.674,152.181,151.586,152.109,30643
2024-12-10 20:00:00,152.107,152.118,151.829,151.95,13787
2024-12-11 00:00:00,151.931,151.947,151.692,151.703,13052
2024-12-11 04:00:00,151.705,151.761,151.414,151.749,15117
2024-12-11 08:00:00,151.749,152.724,151.001,152.678,44546
2024-12-11 12:00:00,152.675,152.858,152.049,152.294,41277
2024-12-11 16:00:00,152.293,152.556,151.917,152.492,40900
2024-12-11 20:00:00,152.493,152.717,152.313,152.465,17750
2024-12-12 00:00:00,152.368,152.453,151.948,151.977,15874
2024-12-12 04:00:00,151.977,152.606,151.951,152.491,18780
2024-12-12 08:00:00,152.49,152.772,152.266,152.523,34735
2024-12-12 12:00:00,152.524,152.539,151.797,152.03,34940
2024-12-12 16:00:00,152.03,152.398,151.875,152.263,45916
2024-12-12 20:00:00,152.263,152.686,152.236,152.645,16957
2024-12-13 00:00:00,152.609,152.953,152.449,152.767,17006
2024-12-13 04:00:00,152.767,153.087,152.64,152.89,16852
2024-12-13 08:00:00,152.89,153.479,152.669,153.406,24653
2024-12-13 12:00:00,153.406,153.663,153.257,153.299,24659
2024-12-13 16:00:00,153.299,153.8,153.299,153.686,25473
2024-12-13 20:00:00,153.686,153.742,153.595,153.662,10730
2024-12-16 00:00:00,153.591,153.936,153.321,153.905,16564
2024-12-16 04:00:00,153.904,153.971,153.603,153.66,14419
2024-12-16 08:00:00,153.661,153.828,153.439,153.801,22542
2024-12-16 12:00:00,153.801,154.099,153.648,154.024,17592
2024-12-16 16:00:00,154.025,154.478,154.01,154.149,25462
2024-12-16 20:00:00,154.148,154.214,154.007,154.14,9153
2024-12-17 00:00:00,154.09,154.345,153.971,154.096,13166
2024-12-17 04:00:00,154.095,154.259,153.798,154.13,17995
2024-12-17 08:00:00,154.13,154.171,153.708,153.791,23042
2024-12-17 12:00:00,153.791,153.998,153.652,153.774,24045
2024-12-17 16:00:00,153.773,153.775,153.242,153.27,31818
2024-12-17 20:00:00,153.271,153.592,153.158,153.531,14961
2024-12-18 00:00:00,153.373,153.785,153.368,153.591,12477
2024-12-18 04:00:00,153.59,153.746,153.335,153.355,14358
2024-12-18 08:00:00,153.354,153.74,153.332,153.632,18206
2024-12-18 12:00:00,153.633,153.949,153.549,153.847,17730
2024-12-18 16:00:00,153.848,154.089,153.678,153.823,24549
2024-12-18 20:00:00,153.822,154.841,153.701,154.841,46727
2024-12-19 00:00:00,154.763,154.888,154.433,154.645,24440
2024-12-19 04:00:00,154.644,155.477,154.464,155.227,27682
2024-12-19 08:00:00,155.226,157.145,154.914,157.039,58023
2024-12-19 12:00:00,157.039,157.063,156.39,156.907,38898
2024-12-19 16:00:00,156.908,157.806,156.872,157.693,44003
2024-12-19 20:00:00,157.694,157.729,157.306,157.426,21229
2024-12-20 00:00:00,157.359,157.927,157.143,157.277,27724
2024-12-20 04:00:00,157.277,157.377,156.832,157.035,31881
2024-12-20 08:00:00,157.041,157.131,156.621,156.721,41209
2024-12-20 12:00:00,156.721,156.841,156.346,156.518,31636
2024-12-20 16:00:00,156.515,156.777,155.952,156.073,45120
2024-12-20 20:00:00,156.073,156.463,155.974,156.453,20280
2024-12-23 00:00:00,156.32,156.691,156.314,156.456,19230
2024-12-23 04:00:00,156.457,156.657,156.336,156.643,15705
2024-12-23 08:00:00,156.644,156.81,156.46,156.693,22025
2024-12-23 12:00:00,156.692,157.253,156.653,157.209,21111
2024-12-23 16:00:00,157.202,157.268,156.978,157.157,25297
2024-12-23 20:00:00,157.158,157.205,157.045,157.148,12571
2024-12-24 00:00:00,157.072,157.388,157.053,157.128,13728
2024-12-24 04:00:00,157.13,157.177,156.885,157.0,13373
2024-12-24 08:00:00,156.998,157.177,156.903,157.087,15184
2024-12-24 12:00:00,157.087,157.193,157.021,157.19,11802
2024-12-24 16:00:00,157.189,157.378,157.174,157.303,16004
2024-12-24 20:00:00,157.303,157.379,157.09,157.158,6220
2024-12-26 00:00:00,157.212,157.476,157.067,157.417,13410
2024-12-26 04:00:00,157.417,157.473,157.305,157.344,10499
2024-12-26 08:00:00,157.345,157.463,157.306,157.427,15542
2024-12-26 12:00:00,157.428,157.841,157.398,157.835,11290
2024-12-26 16:00:00,157.836,158.08,157.828,158.039,17874
2024-12-26 20:00:00,158.039,158.06,157.863,158.008,13273
2024-12-27 00:00:00,157.882,157.946,157.652,157.741,14595
2024-12-27 04:00:00,157.744,157.767,157.504,157.756,13271
2024-12-27 08:00:00,157.756,157.912,157.657,157.878,18151
2024-12-27 12:00:00,157.879,157.881,157.577,157.789,16418
2024-12-27 16:00:00,157.79,157.889,157.347,157.822,25968
2024-12-27 20:00:00,157.823,157.941,157.766,157.857,11719
2024-12-30 00:00:00,157.703,157.986,157.661,157.795,9174
2024-12-30 04:00:00,157.795,157.954,157.697,157.854,9092
2024-12-30 08:00:00,157.857,158.067,157.806,157.873,17984
2024-12-30 12:00:00,157.874,157.878,157.448,157.458,20040
2024-12-30 16:00:00,157.457,157.549,156.666,157.145,36510
2024-12-30 20:00:00,157.146,157.148,156.759,156.853,12937
2024-12-31 00:00:00,156.822,157.067,156.363,156.442,13129
2024-12-31 04:00:00,156.442,156.507,156.133,156.236,14326
2024-12-31 08:00:00,156.236,156.67,156.018,156.638,19132
2024-12-31 12:00:00,156.639,157.085,156.55,157.007,23633
2024-12-31 16:00:00,157.006,157.55,156.681,157.368,37013
2024-12-31 20:00:00,157.368,157.392,157.204,157.218,11324
2025-01-02 00:00:00,157.161,157.775,157.124,157.51,15851
2025-01-02 04:00:00,157.509,157.509,156.972,157.206,10784
2025-01-02 08:00:00,157.206,157.21,156.433,156.789,26404
2025-01-02 12:00:00,156.79,157.285,156.717,156.826,28263
2025-01-02 16:00:00,156.822,157.848,156.633,157.567,44301
2025-01-02 20:00:00,157.566,157.673,157.462,157.531,14401
2025-01-03 00:00:00,157.468,157.565,157.172,157.277,10233
2025-01-03 04:00:00,157.278,157.461,157.183,157.298,15016
2025-01-03 08:00:00,157.298,157.425,157.039,157.251,20476
2025-01-03 12:00:00,157.25,157.388,157.02,157.18,18882
2025-01-03 16:00:00,157.181,157.494,156.873,157.167,27167
2025-01-03 20:00:00,157.167,157.371,157.102,157.309,8984
2025-01-06 00:00:00,157.207,157.826,157.169,157.617,17422
2025-01-06 04:00:00,157.617,157.804,157.565,157.777,15672
2025-01-06 08:00:00,157.778,157.791,157.531,157.735,20041
2025-01-06 12:00:00,157.734,157.96,156.236,156.613,41471
2025-01-06 16:00:00,156.613,157.657,156.464,157.507,37875
2025-01-06 20:00:00,157.508,157.667,157.432,157.634,13689
2025-01-07 00:00:00,157.535,158.414,157.529,158.311,18485
2025-01-07 04:00:00,158.31,158.316,157.784,157.863,16646
2025-01-07 08:00:00,157.863,157.863,157.367,157.605,30147
2025-01-07 12:00:00,157.607,157.848,157.56,157.671,21844
2025-01-07 16:00:00,157.668,158.423,157.533,157.697,28221
2025-01-07 20:00:00,157.698,158.044,157.585,158.042,10108
2025-01-08 00:00:00,157.997,158.239,157.899,157.97,12416
2025-01-08 04:00:00,157.97,158.267,157.931,158.176,10210
2025-01-08 08:00:00,158.175,158.28,157.925,158.158,14965
2025-01-08 12:00:00,158.158,158.549,158.143,158.218,19110
2025-01-08 16:00:00,158.218,158.495,158.14,158.387,19203
2025-01-08 20:00:00,158.386,158.515,158.269,158.331,11084
2025-01-09 00:00:00,158.287,158.397,158.067,158.108,8439
2025-01-09 04:00:00,158.097,158.141,157.759,158.056,10571
2025-01-09 08:00:00,158.056,158.283,158.008,158.081,14850
2025-01-09 12:00:00,158.081,158.099,157.572,157.657,13230
2025-01-09 16:00:00,157.656,158.133,157.654,158.105,12556
2025-01-09 20:00:00,158.106,158.161,158.055,158.108,4495
2025-01-10 00:00:00,158.083,158.226,157.931,158.126,9756
2025-01-10 04:00:00,158.127,158.42,158.1,158.41,9066
2025-01-10 08:00:00,158.41,158.442,157.62,157.929,16160
2025-01-10 12:00:00,157.929,158.876,157.86,158.547,17185
2025-01-10 16:00:00,158.554,158.652,157.227,157.668,29777
2025-01-10 20:00:00,157.668,157.98,157.663,157.716,9940
2025-01-13 00:00:00,157.699,157.964,157.265,157.445,10693
2025-01-13 04:00:00,157.445,157.647,157.277,157.405,13129
2025-01-13 08:00:00,157.405,157.664,157.034,157.107,19493
2025-01-13 12:00:00,157.108,157.466,156.907,157.198,16315
2025-01-13 16:00:00,157.194,157.786,157.099,157.327,18476
2025-01-13 20:00:00,157.327,157.814,157.292,157.502,8667
2025-01-14 00:00:00,157.429,158.029,157.044,157.434,14453
2025-01-14 04:00:00,157.434,157.747,157.359,157.581,10691
2025-01-14 08:00:00,157.581,158.024,157.295,157.939,17258
2025-01-14 12:00:00,157.936,158.128,157.392,157.773,16338
2025-01-14 16:00:00,157.775,158.192,157.62,158.129,22596
2025-01-14 20:00:00,158.129,158.137,157.864,157.936,8251
2025-01-15 00:00:00,157.963,158.079,157.824,157.9,8697
2025-01-15 04:00:00,157.899,157.972,157.194,157.32,11705
2025-01-15 08:00:00,157.321,157.443,156.706,156.863,17584
2025-01-15 12:00:00,156.863,157.087,156.246,156.394,16976
2025-01-15 16:00:00,156.381,156.731,155.934,156.544,24750
2025-01-15 20:00:00,156.544,156.57,156.4,156.44,9132
2025-01-16 00:00:00,156.411,156.523,155.476,155.552,12556
2025-01-16 04:00:00,155.55,156.117,155.201,156.112,15377
2025-01-16 08:00:00,156.112,156.31,155.607,155.68,16032
2025-01-16 12:00:00,155.679,156.354,155.628,155.902,16322
2025-01-16 16:00:00,155.91,156.195,155.101,155.267,27065
2025-01-16 20:00:00,155.268,155.383,155.068,155.097,9678
2025-01-17 00:00:00,155.097,155.482,154.972,155.211,10051
2025-01-17 04:00:00,155.21,155.686,155.158,155.56,10383
2025-01-17 08:00:00,155.56,155.842,155.404,155.731,14549
2025-01-17 12:00:00,155.732,155.801,155.552,155.684,13539
2025-01-17 16:00:00,155.684,156.372,155.652,156.257,21842
2025-01-17 20:00:00,156.257,156.284,156.103,156.248,8145
2025-01-20 00:00:00,156.168,156.582,155.861,155.924,10548
2025-01-20 04:00:00,155.924,156.062,155.705,156.058,11241
2025-01-20 08:00:00,156.057,156.357,155.943,156.279,13413
2025-01-20 12:00:00,156.279,156.464,155.717,155.719,14898
2025-01-20 16:00:00,155.719,156.059,155.405,155.821,24312
2025-01-20 20:00:00,155.822,155.896,155.486,155.565,10408
2025-01-21 00:00:00,155.539,156.23,154.898,155.542,20223
2025-01-21 04:00:00,155.542,155.58,154.771,155.311,17799
2025-01-21 08:00:00,155.32,155.955,155.32,155.894,16987
2025-01-21 12:00:00,155.892,156.05,155.456,155.486,15674
2025-01-21 16:00:00,155.482,155.727,155.249,155.572,21789
2025-01-21 20:00:00,155.572,155.594,155.423,155.472,8279
2025-01-22 00:00:00,155.445,155.834,155.35,155.681,13487
2025-01-22 04:00:00,155.682,155.956,155.628,155.827,10170
2025-01-22 08:00:00,155.827,156.11,155.549,155.669,16731
2025-01-22 12:00:00,155.668,156.049,155.628,155.888,13654
2025-01-22 16:00:00,155.889,156.707,155.809,156.611,18537
2025-01-22 20:00:00,156.611,156.625,156.441,156.501,8255
2025-01-23 00:00:00,156.452,156.561,156.28,156.548,9262
2025-01-23 04:00:00,156.546,156.751,156.447,156.698,9151
2025-01-23 08:00:00,156.701,156.719,156.349,156.377,14814
2025-01-23 12:00:00,156.378,156.594,156.1,156.204,14303
2025-01-23 16:00:00,156.203,156.471,155.859,155.914,21568
2025-01-23 20:00:00,155.912,156.042,155.739,156.022,8778
2025-01-24 00:00:00,156.028,156.353,155.958,156.307,8791
2025-01-24 04:00:00,156.307,156.41,155.003,155.353,21086
2025-01-24 08:00:00,155.353,155.709,154.837,155.584,26330
2025-01-24 12:00:00,155.582,156.573,155.546,156.322,18671
2025-01-24 16:00:00,156.322,156.483,155.513,155.743,21593
2025-01-24 20:00:00,155.743,156.022,155.724,155.931,7876
2025-01-27 00:00:00,155.672,155.844,155.288,155.484,14249
2025-01-27 04:00:00,155.484,156.092,155.419,156.058,12392
2025-01-27 08:00:00,156.057,156.244,154.463,154.599,23141
2025-01-27 12:00:00,154.592,154.592,153.709,154.2,30611
2025-01-27 16:00:00,154.203,154.679,153.952,154.292,28007
2025-01-27 20:00:00,154.293,154.714,154.219,154.515,13031
2025-01-28 00:00:00,154.457,155.639,154.457,155.483,17295
2025-01-28 04:00:00,155.483,155.945,155.395,155.697,14816
2025-01-28 08:00:00,155.697,155.975,155.249,155.443,18909
2025-01-28 12:00:00,155.444,155.561,155.202,155.487,15147
2025-01-28 16:00:00,155.487,155.757,155.042,155.6,20178
2025-01-28 20:00:00,155.598,155.723,155.485,155.518,9887
2025-01-29 00:00:00,155.497,155.786,155.427,155.711,8039
2025-01-29 04:00:00,155.711,155.777,154.998,155.01,10689
2025-01-29 08:00:00,155.015,155.404,154.997,155.339,17950
2025-01-29 12:00:00,155.337,155.52,155.248,155.429,16617
2025-01-29 16:00:00,155.42,155.439,154.936,155.055,20291
2025-01-29 20:00:00,155.055,155.604,155.0,155.246,19948
2025-01-30 00:00:00,155.132,155.242,154.458,154.638,13891
2025-01-30 04:00:00,154.64,154.678,154.279,154.481,13996
2025-01-30 08:00:00,154.482,154.733,154.313,154.444,17639
2025-01-30 12:00:00,154.446,154.596,153.831,153.906,18746
2025-01-30 16:00:00,153.906,154.474,153.788,154.295,23949
2025-01-30 20:00:00,154.295,154.494,153.991,154.286,14130
2025-01-31 00:00:00,154.149,154.501,153.911,154.091,13215
2025-01-31 04:00:00,154.091,154.873,153.928,154.714,14193
2025-01-31 08:00:00,154.714,154.932,154.48,154.713,18792
2025-01-31 12:00:00,154.713,155.019,154.601,154.798,15270
2025-01-31 16:00:00,154.791,155.004,154.525,154.762,24949
2025-01-31 20:00:00,154.761,155.217,154.755,155.178,16476
2025-02-03 00:00:00,154.819,155.882,154.809,155.704,24762
2025-02-03 04:00:00,155.703,155.872,155.463,155.572,18721
2025-02-03 08:00:00,155.572,155.713,154.998,154.999,22476
2025-02-03 12:00:00,155.003,155.127,154.286,154.647,20712
2025-02-03 16:00:00,154.647,154.863,154.007,154.651,32293
2025-02-03 20:00:00,154.65,155.011,154.534,154.855,14400
2025-02-04 00:00:00,154.694,155.407,154.694,155.107,14289
2025-02-04 04:00:00,155.107,155.33,154.824,155.248,15445
2025-02-04 08:00:00,155.248,155.52,155.066,155.34,18318
2025-02-04 12:00:00,155.337,155.394,155.144,155.259,14349
2025-02-04 16:00:00,155.259,155.26,154.248,154.267,23442
2025-02-04 20:00:00,154.266,154.342,154.172,154.312,10155
2025-02-05 00:00:00,154.307,154.461,153.463,153.608,15400
2025-02-05 04:00:00,153.598,153.641,153.081,153.421,16193
2025-02-05 08:00:00,153.426,153.448,152.639,152.841,19578
2025-02-05 12:00:00,152.841,153.108,152.55,153.044,17442
2025-02-05 16:00:00,153.041,153.206,152.112,152.292,22867
2025-02-05 20:00:00,152.292,152.767,152.247,152.61,9679
2025-02-06 00:00:00,152.548,152.75,151.811,152.023,10643
2025-02-06 04:00:00,152.018,152.516,151.93,152.421,11127
2025-02-06 08:00:00,152.419,152.894,152.401,152.661,15005
2025-02-06 12:00:00,152.661,152.683,152.054,152.081,17222
2025-02-06 16:00:00,152.074,152.215,151.659,151.872,18787
2025-02-06 20:00:00,151.873,151.884,151.237,151.457,10287
2025-02-07 00:00:00,151.409,151.66,150.956,151.573,11230
2025-02-07 04:00:00,151.578,151.79,151.446,151.718,11097
2025-02-07 08:00:00,151.719,151.893,151.59,151.823,13751
2025-02-07 12:00:00,151.822,152.43,151.306,151.952,15781
2025-02-07 16:00:00,151.952,152.003,150.929,151.662,27359
2025-02-07 20:00:00,151.662,151.738,151.194,151.439,11492
2025-02-10 00:00:00,151.32,152.138,151.191,152.009,13188
2025-02-10 04:00:00,152.009,152.21,151.822,151.952,10393
2025-02-10 08:00:00,151.953,152.536,151.769,152.195,15340
2025-02-10 12:00:00,152.192,152.305,151.806,151.863,13234
2025-02-10 16:00:00,151.863,151.92,151.571,151.864,13931
2025-02-10 20:00:00,151.864,152.071,151.861,151.993,7412
2025-02-11 00:00:00,151.926,152.054,151.685,152.017,7238
2025-02-11 04:00:00,152.017,152.048,151.916,151.952,6374
2025-02-11 08:00:00,151.958,152.096,151.646,151.943,13019
2025-02-11 12:00:00,151.943,152.509,151.941,152.304,13243
2025-02-11 16:00:00,152.303,152.594,152.232,152.368,16369
2025-02-11 20:00:00,152.368,152.605,152.288,152.488,9180
2025-02-12 00:00:00,152.399,153.488,152.359,153.475,10605
2025-02-12 04:00:00,153.475,153.735,153.361,153.537,12499
2025-02-12 08:00:00,153.536,153.883,153.413,153.517,14589
2025-02-12 12:00:00,153.514,154.455,153.249,154.416,15146
2025-02-12 16:00:00,154.433,154.797,154.14,154.353,20830
2025-02-12 20:00:00,154.35,154.495,154.283,154.419,9656
2025-02-13 00:00:00,154.318,154.667,154.12,154.256,10220
2025-02-13 04:00:00,154.256,154.49,154.132,154.167,12695
2025-02-13 08:00:00,154.167,154.34,153.897,153.979,16933
2025-02-13 12:00:00,153.978,154.016,153.423,153.522,16638
2025-02-13 16:00:00,153.522,153.719,152.922,153.168,18177
2025-02-13 20:00:00,153.162,153.348,152.7,152.773,12443
2025-02-14 00:00:00,152.786,153.152,152.447,152.569,11547
2025-02-14 04:00:00,152.572,153.007,152.523,152.614,9173
2025-02-14 08:00:00,152.606,152.84,152.382,152.513,16373
2025-02-14 12:00:00,152.512,152.823,152.097,152.179,15200
2025-02-14 16:00:00,152.177,152.376,152.022,152.295,17260
2025-02-14 20:00:00,152.292,152.391,152.176,152.346,7411
2025-02-17 00:00:00,152.195,152.388,151.74,151.898,11053
2025-02-17 04:00:00,151.9,151.937,151.473,151.524,13009
2025-02-17 08:00:00,151.524,151.945,151.491,151.804,15683
2025-02-17 12:00:00,151.803,151.84,151.397,151.476,11183
2025-02-17 16:00:00,151.474,151.496,151.339,151.382,8141
2025-02-17 20:00:00,151.382,151.517,151.365,151.508,5059
2025-02-18 00:00:00,151.43,151.798,151.234,151.73,10679
2025-02-18 04:00:00,151.731,152.219,151.692,152.005,12409
2025-02-18 08:00:00,152.005,152.103,151.793,151.84,14029
2025-02-18 12:00:00,151.848,151.884,151.628,151.695,12252
2025-02-18 16:00:00,151.694,151.964,151.526,151.932,13776
2025-02-18 20:00:00,151.932,152.127,151.872,152.075,8782
2025-02-19 00:00:00,151.973,152.161,151.745,152.135,10474
2025-02-19 04:00:00,152.133,152.313,151.706,151.755,11831
2025-02-19 08:00:00,151.754,151.857,151.549,151.655,15082
2025-02-19 12:00:00,151.655,151.954,151.655,151.695,14249
2025-02-19 16:00:00,151.694,151.758,151.244,151.711,15790
2025-02-19 20:00:00,151.71,151.829,151.391,151.48,10161
2025-02-20 00:00:00,151.389,151.429,150.577,150.639,14349
2025-02-20 04:00:00,150.637,150.762,150.182,150.405,15260
2025-02-20 08:00:00,150.406,150.434,149.949,150.308,15338
2025-02-20 12:00:00,150.308,150.316,149.703,150.084,15544
2025-02-20 16:00:00,150.083,150.219,149.396,149.469,20174
2025-02-20 20:00:00,149.471,149.822,149.459,149.605,8918
2025-02-21 00:00:00,149.532,150.446,149.278,150.342,14233
2025-02-21 04:00:00,150.342,150.736,150.12,150.361,11376
2025-02-21 08:00:00,150.36,150.654,150.258,150.471,17010
2025-02-21 12:00:00,150.47,150.535,150.186,150.431,12149
2025-02-21 16:00:00,150.43,150.441,149.2,149.213,20241
2025-02-21 20:00:00,149.214,149.337,148.924,149.312,15520
2025-02-24 00:00:00,149.216,149.402,148.842,149.239,15345
2025-02-24 04:00:00,149.248,149.495,149.114,149.402,15788
2025-02-24 08:00:00,149.402,149.599,149.23,149.564,19681
2025-02-24 12:00:00,149.557,149.873,149.549,149.765,14360
2025-02-24 16:00:00,149.765,149.822,149.189,149.578,23484
2025-02-24 20:00:00,149.578,149.798,149.386,149.723,12469
2025-02-25 00:00:00,149.62,150.299,149.612,150.052,12673
2025-02-25 04:00:00,150.052,150.092,149.46,149.713,12935
2025-02-25 08:00:00,149.712,149.867,149.197,149.596,20512
2025-02-25 12:00:00,149.595,149.954,149.34,149.436,18090
2025-02-25 16:00:00,149.434,149.539,148.565,149.075,25969
2025-02-25 20:00:00,149.076,149.247,148.905,149.012,16294
2025-02-26 00:00:00,148.954,149.236,148.626,149.226,12718
2025-02-26 04:00:00,149.226,149.632,149.173,149.432,13617
2025-02-26 08:00:00,149.433,149.631,149.248,149.359,18649
2025-02-26 12:00:00,149.359,149.683,149.225,149.533,16180
2025-02-26 16:00:00,149.533,149.885,149.012,149.149,23957
2025-02-26 20:00:00,149.147,149.233,148.809,149.113,15807
2025-02-27 00:00:00,149.038,149.404,148.742,149.356,12313
2025-02-27 04:00:00,149.367,149.381,149.075,149.34,11782
2025-02-27 08:00:00,149.341,149.967,149.156,149.839,16779
2025-02-27 12:00:00,149.843,149.97,149.354,149.722,17474
2025-02-27 16:00:00,149.707,150.162,149.54,149.966,29197
2025-02-27 20:00:00,149.965,150.154,149.63,149.8,16655
2025-02-28 00:00:00,149.752,150.143,149.271,149.296,14567
2025-02-28 04:00:00,149.296,149.878,149.094,149.827,13329
2025-02-28 08:00:00,149.831,150.685,149.789,150.252,18888
2025-02-28 12:00:00,150.252,150.984,150.24,150.648,16237
2025-02-28 16:00:00,150.648,150.861,150.23,150.361,29322
2025-02-28 20:00:00,150.353,150.619,150.239,150.57,18934
2025-03-03 00:00:00,150.637,151.019,150.312,150.405,15911
2025-03-03 04:00:00,150.405,150.526,150.244,150.408,14397
2025-03-03 08:00:00,150.408,150.522,149.942,150.344,19122
2025-03-03 12:00:00,150.343,151.301,150.343,150.965,20050
2025-03-03 16:00:00,150.965,150.971,150.047,150.179,27008
2025-03-03 20:00:00,150.179,150.301,149.098,149.484,22991
2025-03-04 00:00:00,149.489,149.626,148.595,148.935,17561
2025-03-04 04:00:00,148.934,149.458,148.84,149.375,19060
2025-03-04 08:00:00,149.378,149.573,148.795,149.049,25790
2025-03-04 12:00:00,149.048,149.048,148.091,148.207,24297
2025-03-04 16:00:00,148.207,148.911,148.192,148.742,33466
2025-03-04 20:00:00,148.744,149.875,148.701,149.817,25552
2025-03-05 00:00:00,149.695,150.181,149.575,149.972,15200
2025-03-05 04:00:00,149.965,150.092,149.695,149.714,16584
2025-03-05 08:00:00,149.714,149.811,149.093,149.37,23597
2025-03-05 12:00:00,149.37,149.736,148.935,149.018,25555
2025-03-05 16:00:00,149.024,149.105,148.383,148.86,34584
2025-03-05 20:00:00,148.861,149.138,148.734,148.824,19121
2025-03-06 00:00:00,148.811,149.329,148.722,148.991,10937
2025-03-06 04:00:00,148.991,149.306,148.927,148.931,13693
2025-03-06 08:00:00,148.93,148.962,147.785,147.883,26073
2025-03-06 12:00:00,147.883,148.071,147.35,147.414,24257
2025-03-06 16:00:00,147.417,148.388,147.308,147.913,34740
2025-03-06 20:00:00,147.917,148.055,147.567,147.974,21139
2025-03-07 00:00:00,147.998,148.16,147.656,147.899,12693
2025-03-07 04:00:00,147.9,148.032,147.443,147.45,14130
2025-03-07 08:00:00,147.451,147.75,147.201,147.438,22331
2025-03-07 12:00:00,147.438,147.962,147.113,147.228,22889
2025-03-07 16:00:00,147.23,147.726,146.947,147.484,35038
2025-03-07 20:00:00,147.484,148.197,147.478,148.005,21567
2025-03-10 00:00:00,147.882,147.909,147.228,147.293,12096
2025-03-10 04:00:00,147.293,147.755,147.089,147.635,14351
2025-03-10 08:00:00,147.635,147.79,147.138,147.185,18999
2025-03-10 12:00:00,147.184,147.357,146.721,147.017,23507
2025-03-10 16:00:00,147.015,147.307,146.632,147.259,31006
2025-03-10 20:00:00,147.258,147.466,147.038,147.286,21406
2025-03-11 00:00:00,147.236,147.267,146.541,146.748,13006
2025-03-11 04:00:00,146.747,147.218,146.597,146.971,19394
2025-03-11 08:00:00,146.971,147.4,146.76,147.288,21023
2025-03-11 12:00:00,147.288,147.934,147.218,147.77,21500
2025-03-11 16:00:00,147.782,148.112,147.245,147.29,36156
2025-03-11 20:00:00,147.292,147.914,147.019,147.754,24753
2025-03-12 00:00:00,147.747,148.148,147.605,148.128,9268
2025-03-12 04:00:00,148.129,148.266,147.842,148.148,13106
2025-03-12 08:00:00,148.146,148.647,147.956,148.338,17644
2025-03-12 12:00:00,148.34,149.189,148.153,149.126,19270
2025-03-12 16:00:00,149.126,149.147,148.193,148.283,28377
2025-03-12 20:00:00,148.283,148.412,148.106,148.301,17360
2025-03-13 00:00:00,148.198,148.37,148.092,148.11,8063
2025-03-13 04:00:00,148.107,148.322,147.82,147.845,13283
2025-03-13 08:00:00,147.845,147.937,147.574,147.919,19651
2025-03-13 12:00:00,147.917,148.254,147.724,148.206,19277
2025-03-13 16:00:00,148.205,148.35,147.527,147.585,27585
2025-03-13 20:00:00,147.585,147.817,147.411,147.794,16317
2025-03-14 00:00:00,147.762,148.325,147.709,148.294,8002
2025-03-14 04:00:00,148.295,148.551,148.149,148.492,11486
2025-03-14 08:00:00,148.492,149.018,148.425,148.877,16910
2025-03-14 12:00:00,148.881,148.994,148.584,148.656,16614
2025-03-14 16:00:00,148.653,148.888,148.259,148.354,23192
2025-03-14 20:00:00,148.343,148.657,148.316,148.594,9903
2025-03-17 00:00:00,148.731,148.882,148.454,148.792,8967
2025-03-17 04:00:00,148.792,149.037,148.535,149.033,11785
2025-03-17 08:00:00,149.033,149.092,148.679,148.933,15479
2025-03-17 12:00:00,148.922,148.95,148.288,148.816,17116
2025-03-17 16:00:00,148.815,149.094,148.441,148.726,22929
2025-03-17 20:00:00,148.73,149.28,148.7,149.168,11810
2025-03-18 00:00:00,149.165,149.484,149.088,149.461,7141
2025-03-18 04:00:00,149.461,149.728,149.359,149.556,9974
2025-03-18 08:00:00,149.555,149.897,149.51,149.747,12323
2025-03-18 12:00:00,149.749,149.932,149.561,149.838,14098
2025-03-18 16:00:00,149.839,149.892,149.279,149.419,22859
2025-03-18 20:00:00,149.419,149.419,149.097,149.285,13216
2025-03-19 00:00:00,149.226,149.642,149.189,149.601,6139
2025-03-19 04:00:00,149.605,149.64,149.198,149.531,9441
2025-03-19 08:00:00,149.531,150.019,149.137,149.624,16114
2025-03-19 12:00:00,149.624,149.883,149.568,149.792,10649
2025-03-19 16:00:00,149.789,150.144,149.738,149.937,15488
2025-03-19 20:00:00,149.937,149.995,148.6,148.61,19572
2025-03-20 00:00:00,148.669,148.868,148.277,148.299,7821
2025-03-20 04:00:00,148.299,148.445,148.178,148.394,9137
2025-03-20 08:00:00,148.395,148.684,148.172,148.542,11883
2025-03-20 12:00:00,148.542,148.778,148.398,148.555,16584
2025-03-20 16:00:00,148.555,148.959,148.448,148.751,21580
2025-03-20 20:00:00,148.748,148.921,148.71,148.765,11817
2025-03-21 00:00:00,148.759,149.027,148.58,148.991,6948
2025-03-21 04:00:00,148.991,149.478,148.929,149.412,10199
2025-03-21 08:00:00,149.412,149.659,149.243,149.477,13008
2025-03-21 12:00:00,149.481,149.481,148.633,148.668,13762
2025-03-21 16:00:00,148.67,149.254,148.601,149.234,21827
2025-03-21 20:00:00,149.234,149.361,149.155,149.314,10451
2025-03-24 00:00:00,149.326,149.776,149.322,149.738,8015
2025-03-24 04:00:00,149.737,149.953,149.678,149.767,9411
2025-03-24 08:00:00,149.767,149.865,149.525,149.62,13673
2025-03-24 12:00:00,149.611,149.864,149.493,149.823,12737
2025-03-24 16:00:00,149.82,150.753,149.724,150.57,17426
2025-03-24 20:00:00,150.573,150.71,150.481,150.677,10095
2025-03-25 00:00:00,150.599,150.939,150.599,150.933,6860
2025-03-25 04:00:00,150.933,150.935,150.506,150.556,9927
2025-03-25 08:00:00,150.556,150.762,150.415,150.62,10664
2025-03-25 12:00:00,150.62,150.666,149.859,149.965,12449
2025-03-25 16:00:00,149.966,149.976,149.547,149.774,17543
2025-03-25 20:00:00,149.773,149.936,149.709,149.9,7835
2025-03-26 00:00:00,149.873,150.191,149.838,150.172,6725
2025-03-26 04:00:00,150.173,150.545,150.048,150.538,10595
2025-03-26 08:00:00,150.538,150.619,150.092,150.118,13398
2025-03-26 12:00:00,150.121,150.436,150.017,150.392,11539
2025-03-26 16:00:00,150.389,150.743,150.303,150.568,18496
2025-03-26 20:00:00,150.566,150.715,150.311,150.567,12501
2025-03-27 00:00:00,150.512,150.618,150.284,150.48,8473
2025-03-27 04:00:00,150.48,150.48,150.056,150.194,10524
2025-03-27 08:00:00,150.194,150.629,150.135,150.626,15070
2025-03-27 12:00:00,150.625,151.087,150.594,150.727,13603
2025-03-27 16:00:00,150.724,151.153,150.579,151.007,20859
2025-03-27 20:00:00,151.004,151.143,150.961,151.047,10168
2025-03-28 00:00:00,151.015,151.204,150.762,150.961,7614
2025-03-28 04:00:00,150.96,150.973,150.698,150.868,10264
2025-03-28 08:00:00,150.869,150.934,150.356,150.531,12786
2025-03-28 12:00:00,150.531,150.902,150.497,150.637,12939
2025-03-28 16:00:00,150.638,150.781,149.906,150.089,23707
2025-03-28 20:00:00,150.089,150.135,149.683,149.85,10248
2025-03-31 00:00:00,149.758,149.776,149.064,149.292,13067
2025-03-31 04:00:00,149.294,149.376,148.72,149.077,16515
2025-03-31 08:00:00,149.077,149.288,148.699,149.054,20458
2025-03-31 12:00:00,149.043,149.638,148.964,149.599,15986
2025-03-31 16:00:00,149.597,149.982,149.403,149.892,23603
2025-03-31 20:00:00,149.892,150.266,149.868,149.958,12868
2025-04-01 00:00:00,149.917,150.137,149.674,149.734,9027
2025-04-01 04:00:00,149.734,149.914,149.529,149.557,11280
2025-04-01 08:00:00,149.557,149.986,149.499,149.663,15326
2025-04-01 12:00:00,149.664,149.716,149.119,149.385,16783
2025-04-01 16:00:00,149.396,149.737,148.972,149.514,25655
2025-04-01 20:00:00,149.512,149.645,149.233,149.612,13531
2025-04-02 00:00:00,149.532,149.916,149.508,149.792,9263
2025-04-02 04:00:00,149.791,149.948,149.71,149.897,9798
2025-04-02 08:00:00,149.898,149.998,149.518,149.657,13377
2025-04-02 12:00:00,149.656,149.715,149.098,149.176,15501
2025-04-02 16:00:00,149.175,150.252,149.152,150.189,23250
2025-04-02 20:00:00,150.189,150.486,149.236,149.361,20712
2025-04-03 00:00:00,149.188,149.2,147.682,147.885,22893
2025-04-03 04:00:00,147.885,148.104,147.115,147.552,19299
2025-04-03 08:00:00,147.552,147.634,146.684,146.812,24449
2025-04-03 12:00:00,146.805,146.85,145.744,145.89,25635
2025-04-03 16:00:00,145.886,146.427,145.182,146.151,35442
2025-04-03 20:00:00,146.152,146.515,145.964,146.065,22560
2025-04-04 00:00:00,145.993,146.403,145.539,145.96,15283
2025-04-04 04:00:00,145.96,146.404,145.359,145.425,20614
2025-04-04 08:00:00,145.424,146.486,145.297,146.406,27818
2025-04-04 12:00:00,146.419,146.544,144.549,145.602,39043
2025-04-04 16:00:00,145.6,146.776,145.042,146.712,42243
2025-04-04 20:00:00,146.711,147.431,146.528,146.868,31561
2025-04-07 00:00:00,145.373,145.843,144.816,145.813,27603
2025-04-07 04:00:00,145.813,146.842,145.777,145.878,29547
2025-04-07 08:00:00,145.877,146.367,145.068,146.216,33999
2025-04-07 12:00:00,146.216,147.044,145.821,146.98,33108
2025-04-07 16:00:00,146.974,148.104,146.511,147.938,38937
2025-04-07 20:00:00,147.936,148.145,147.531,147.827,28024
2025-04-08 00:00:00,147.756,148.118,147.503,147.605,16056
2025-04-08 04:00:00,147.596,147.763,147.249,147.755,21656
2025-04-08 08:00:00,147.755,147.796,146.966,147.425,24699
2025-04-08 12:00:00,147.425,147.513,146.67,146.825,25941
2025-04-08 16:00:00,146.82,147.665,146.499,146.529,32123
2025-04-08 20:00:00,146.549,146.737,145.96,146.28,30336
2025-04-09 00:00:00,146.176,146.343,145.129,145.406,17857
2025-04-09 04:00:00,145.403,145.941,144.575,144.942,29335
2025-04-09 08:00:00,144.94,145.778,144.702,145.294,32089
2025-04-09 12:00:00,145.295,145.482,143.995,144.319,28156
2025-04-09 16:00:00,144.317,145.203,144.217,144.93,30195
2025-04-09 20:00:00,144.931,148.275,144.584,147.733,30875
2025-04-10 00:00:00,147.676,147.742,146.678,146.722,18021
2025-04-10 04:00:00,146.723,147.033,146.499,146.619,20951
2025-04-10 08:00:00,146.617,147.139,146.151,146.305,24831
2025-04-10 12:00:00,146.302,146.333,144.873,145.452,25077
2025-04-10 16:00:00,145.446,145.538,144.011,144.531,33076
2025-04-10 20:00:00,144.532,145.132,144.443,144.595,27043
2025-04-11 00:00:00,144.47,144.588,142.877,143.357,19661
2025-04-11 04:00:00,143.356,143.78,142.872,142.921,22221
2025-04-11 08:00:00,142.921,144.14,142.066,142.412,29513
2025-04-11 12:00:00,142.413,143.224,142.062,142.521,29403
2025-04-11 16:00:00,142.522,143.982,142.216,143.776,30895
2025-04-11 20:00:00,143.781,144.2,143.481,143.547,18917
2025-04-14 00:00:00,143.874,144.062,142.893,142.905,16277
2025-04-14 04:00:00,142.905,143.2,142.245,143.037,19426
2025-04-14 08:00:00,143.037,143.274,142.225,142.911,21911
2025-04-14 12:00:00,142.911,143.696,142.761,143.663,19035
2025-04-14 16:00:00,143.657,144.078,142.777,143.216,27542
2025-04-14 20:00:00,143.216,143.339,142.855,143.055,16314
2025-04-15 00:00:00,142.976,143.587,142.945,143.504,10001
2025-04-15 04:00:00,143.503,143.586,142.903,143.037,12662
2025-04-15 08:00:00,143.037,143.507,142.841,142.908,18178
2025-04-15 12:00:00,142.906,143.18,142.596,142.877,17801
2025-04-15 16:00:00,142.881,143.264,142.667,143.09,22764
2025-04-15 20:00:00,143.09,143.251,143.039,143.236,11067
2025-04-16 00:00:00,143.154,143.278,142.762,142.887,10891
2025-04-16 04:00:00,142.887,142.99,142.466,142.627,11931
2025-04-16 08:00:00,142.625,142.955,142.037,142.62,20961
2025-04-16 12:00:00,142.625,142.917,142.434,142.645,18576
2025-04-16 16:00:00,142.643,142.859,142.319,142.548,21056
2025-04-16 20:00:00,142.556,142.694,141.637,141.89,18193
2025-04-17 00:00:00,141.757,142.602,141.611,142.581,11834
2025-04-17 04:00:00,142.58,142.864,142.38,142.667,13493
2025-04-17 08:00:00,142.667,143.082,142.487,142.681,16078
2025-04-17 12:00:00,142.683,142.845,142.285,142.317,16405
2025-04-17 16:00:00,142.318,142.631,141.894,142.458,23652
2025-04-17 20:00:00,142.458,142.712,142.347,142.481,13332
2025-04-18 00:00:00,142.335,142.449,142.177,142.391,10183
2025-04-18 04:00:00,142.393,142.433,142.285,142.339,29793
2025-04-18 08:00:00,142.34,142.409,142.311,142.381,15327
2025-04-18 12:00:00,142.38,142.399,142.28,142.325,14409
2025-04-18 16:00:00,142.329,142.36,142.109,142.205,11431
2025-04-18 20:00:00,142.211,142.29,142.099,142.136,14087
2025-04-21 00:00:00,142.021,142.11,141.135,141.184,12820
2025-04-21 04:00:00,141.185,141.2,140.615,140.766,14404
2025-04-21 08:00:00,140.766,140.904,140.543,140.571,13687
2025-04-21 12:00:00,140.571,141.069,140.467,140.779,13411
2025-04-21 16:00:00,140.779,141.038,140.566,140.834,17336
2025-04-21 20:00:00,140.834,140.974,140.551,140.88,9906
2025-04-22 00:00:00,140.788,141.17,140.648,140.847,8784
2025-04-22 04:00:00,140.847,140.988,140.092,140.195,13145
2025-04-22 08:00:00,140.196,140.627,139.883,140.514,18214
2025-04-22 12:00:00,140.513,140.575,140.169,140.53,13949
2025-04-22 16:00:00,140.529,141.359,140.508,141.3,18942
2025-04-22 20:00:00,141.3,141.666,141.039,141.608,14152
2025-04-23 00:00:00,141.514,143.216,141.443,142.083,16475
2025-04-23 04:00:00,142.083,142.253,141.664,141.956,14799
2025-04-23 08:00:00,141.956,142.144,141.524,141.738,17766
2025-04-23 12:00:00,141.739,142.184,141.571,141.843,15270
2025-04-23 16:00:00,141.843,143.071,141.75,143.019,26526
2025-04-23 20:00:00,143.02,143.57,142.929,143.468,13281
2025-04-24 00:00:00,143.332,143.374,142.855,142.943,10661
2025-04-24 04:00:00,142.957,143.076,142.598,142.752,12551
2025-04-24 08:00:00,142.75,142.955,142.497,142.644,14911
2025-04-24 12:00:00,142.633,142.696,142.286,142.401,14029
2025-04-24 16:00:00,142.396,142.791,142.275,142.645,19246
2025-04-24 20:00:00,142.645,142.831,142.486,142.555,9164
2025-04-25 00:00:00,142.566,143.11,142.552,143.061,8501
2025-04-25 04:00:00,143.061,143.795,142.824,143.614,14231
2025-04-25 08:00:00,143.614,143.847,143.223,143.415,15565
2025-04-25 12:00:00,143.415,143.732,143.225,143.412,14294
2025-04-25 16:00:00,143.412,144.028,143.407,143.81,17416
2025-04-25 20:00:00,143.81,143.849,143.438,143.722,9671
2025-04-28 00:00:00,143.531,143.873,143.465,143.483,9355
2025-04-28 04:00:00,143.485,143.859,143.313,143.318,12729
2025-04-28 08:00:00,143.318,143.893,143.29,143.55,14533
2025-04-28 12:00:00,143.536,143.573,143.146,143.344,12513
2025-04-28 16:00:00,143.344,143.436,142.269,142.333,18408
2025-04-28 20:00:00,142.333,142.386,141.982,141.996,9836
2025-04-29 00:00:00,141.984,142.313,141.983,142.241,7017
2025-04-29 04:00:00,142.241,142.576,142.121,142.524,10401
2025-04-29 08:00:00,142.524,142.611,142.3,142.59,13374
2025-04-29 12:00:00,142.591,142.754,142.251,142.306,11948
2025-04-29 16:00:00,142.306,142.392,141.967,142.047,20050
2025-04-29 20:00:00,142.047,142.442,142.009,142.359,9583
2025-04-30 00:00:00,142.227,142.506,142.153,142.428,7349
2025-04-30 04:00:00,142.426,142.555,142.227,142.513,9378
2025-04-30 08:00:00,142.514,142.946,142.449,142.906,10746
2025-04-30 12:00:00,142.907,143.148,142.682,142.815,14005
2025-04-30 16:00:00,142.817,143.041,142.504,142.676,21633
2025-04-30 20:00:00,142.676,143.186,142.599,143.063,11726
2025-05-01 00:00:00,142.964,143.076,142.875,143.002,6174
2025-05-01 04:00:00,143.001,143.897,142.958,143.876,9230
2025-05-01 08:00:00,143.876,144.74,143.868,144.213,13287
2025-05-01 12:00:00,144.215,144.763,144.123,144.707,11682
2025-05-01 16:00:00,144.709,145.651,144.507,145.39,18790
2025-05-01 20:00:00,145.39,145.732,145.326,145.341,10433
2025-05-02 00:00:00,145.406,145.922,145.237,145.868,8526
2025-05-02 04:00:00,145.868,145.869,145.14,145.387,12690
2025-05-02 08:00:00,145.388,145.409,144.821,144.83,14038
2025-05-02 12:00:00,144.831,144.952,144.328,144.638,16429
2025-05-02 16:00:00,144.641,144.791,143.728,144.671,22798
2025-05-02 20:00:00,144.674,145.08,144.576,144.845,10208
2025-05-05 00:00:00,144.676,144.993,144.507,144.638,8102
2025-05-05 04:00:00,144.624,144.627,144.062,144.146,10725
2025-05-05 08:00:00,144.146,144.421,143.891,144.053,12853
2025-05-05 12:00:00,144.048,144.069,143.571,143.634,12104
2025-05-05 16:00:00,143.634,144.232,143.537,144.168,16264
2025-05-05 20:00:00,144.167,144.17,143.653,143.705,8320
2025-05-06 00:00:00,143.666,144.016,143.554,143.999,5611
2025-05-06 04:00:00,143.999,144.273,143.62,143.709,9835
2025-05-06 08:00:00,143.709,143.924,142.903,143.13,14071
2025-05-06 12:00:00,143.13,143.349,142.486,142.513,12957
2025-05-06 16:00:00,142.512,143.031,142.353,142.727,16500
2025-05-06 20:00:00,142.727,142.732,142.354,142.385,9543
2025-05-07 00:00:00,142.411,143.307,142.374,142.945,10687
2025-05-07 04:00:00,142.945,143.324,142.743,143.278,12293
2025-05-07 08:00:00,143.278,143.437,142.827,143.315,12698
2025-05-07 12:00:00,143.316,143.452,143.154,143.354,11558
2025-05-07 16:00:00,143.354,143.583,143.118,143.41,15114
2025-05-07 20:00:00,143.411,143.994,142.902,143.825,17035
2025-05-08 00:00:00,143.722,143.951,143.564,143.849,6476
2025-05-08 04:00:00,143.849,143.891,143.443,143.773,11668
2025-05-08 08:00:00,143.773,144.847,143.773,144.808,15020
2025-05-08 12:00:00,144.808,145.005,144.508,144.681,14268
2025-05-08 16:00:00,144.681,145.783,144.43,145.722,20723
2025-05-08 20:00:00,145.72,146.172,145.616,145.89,11145
2025-05-09 00:00:00,145.786,146.184,145.67,145.693,7827
2025-05-09 04:00:00,145.693,145.968,145.449,145.495,11416
2025-05-09 08:00:00,145.495,145.628,145.071,145.183,13081
2025-05-09 12:00:00,145.185,145.404,144.933,145.247,11892
2025-05-09 16:00:00,145.247,145.295,144.822,145.277,17262
2025-05-09 20:00:00,145.276,145.367,145.144,145.362,7431
2025-05-12 00:00:00,146.086,146.179,145.7,145.905,10772
2025-05-12 04:00:00,145.905,146.282,145.711,145.922,13421
2025-05-12 08:00:00,145.921,148.224,145.869,147.754,24157
2025-05-12 12:00:00,147.763,148.589,147.664,148.048,21660
2025-05-12 16:00:00,148.048,148.552,147.812,148.511,23470
2025-05-12 20:00:00,148.51,148.646,148.268,148.464,10422
2025-05-13 00:00:00,148.412,148.452,147.79,147.811,7853
2025-05-13 04:00:00,147.809,148.032,147.696,147.698,10661
2025-05-13 08:00:00,147.697,148.059,147.641,147.918,15812
2025-05-13 12:00:00,147.918,148.273,147.824,147.987,14133
2025-05-13 16:00:00,147.988,148.058,147.451,147.607,22326
2025-05-13 20:00:00,147.607,147.77,147.372,147.45,9285
2025-05-14 00:00:00,147.419,147.667,147.275,147.362,6278
2025-05-14 04:00:00,147.361,147.408,146.875,146.944,12026
2025-05-14 08:00:00,146.944,147.213,146.125,146.248,17491
2025-05-14 12:00:00,146.23,146.394,145.601,146.19,18072
2025-05-14 16:00:00,146.19,147.118,145.759,146.693,23069
2025-05-14 20:00:00,146.696,146.895,146.437,146.757,11471
2025-05-15 00:00:00,146.675,146.748,146.163,146.209,7292
2025-05-15 04:00:00,146.211,146.379,145.947,146.089,11876
2025-05-15 08:00:00,146.089,146.141,145.48,145.748,16373
2025-05-15 12:00:00,145.748,146.251,145.611,145.796,16162
2025-05-15 16:00:00,145.796,146.04,145.412,145.615,23864
2025-05-15 20:00:00,145.62,145.766,145.544,145.645,9293
2025-05-16 00:00:00,145.589,145.676,144.994,145.087,8637
2025-05-16 04:00:00,145.087,145.461,144.961,145.303,11854
2025-05-16 08:00:00,145.304,145.42,144.917,145.298,14299
2025-05-16 12:00:00,145.299,145.692,145.26,145.509,14139
2025-05-16 16:00:00,145.507,146.099,145.393,145.938,17178
2025-05-16 20:00:00,145.938,146.032,145.604,145.615,8325
2025-05-19 00:00:00,145.308,145.45,144.837,144.903,12586
2025-05-19 04:00:00,144.903,145.34,144.798,145.308,15038
2025-05-19 08:00:00,145.308,145.312,144.658,144.881,18249
2025-05-19 12:00:00,144.879,145.039,144.701,145.019,16446
2025-05-19 16:00:00,145.018,145.214,144.781,144.981,20558
2025-05-19 20:00:00,144.981,145.108,144.771,144.871,8006
2025-05-20 00:00:00,144.823,145.509,144.811,145.269,6839
2025-05-20 04:00:00,145.269,145.295,144.708,144.763,13367
2025-05-20 08:00:00,144.765,144.765,144.092,144.483,18852
2025-05-20 12:00:00,144.484,144.833,144.368,144.809,14553
2025-05-20 16:00:00,144.809,144.973,144.514,144.807,18929
2025-05-20 20:00:00,144.81,144.882,144.429,144.512,9457
2025-05-21 00:00:00,144.464,144.549,144.123,144.17,8339
2025-05-21 04:00:00,144.17,144.347,143.64,143.741,12466
2025-05-21 08:00:00,143.743,144.191,143.454,144.116,17186
2025-05-21 12:00:00,144.116,144.181,143.465,143.686,17821
2025-05-21 16:00:00,143.685,143.892,143.555,143.647,19683
2025-05-21 20:00:00,143.647,143.76,143.279,143.671,16245
2025-05-22 00:00:00,143.585,144.403,143.285,143.465,11059
2025-05-22 04:00:00,143.475,143.63,143.141,143.298,12257
2025-05-22 08:00:00,143.297,143.434,142.798,143.276,17348
2025-05-22 12:00:00,143.276,143.776,143.256,143.553,17467
2025-05-22 16:00:00,143.552,144.111,143.43,144.017,22768
2025-05-22 20:00:00,144.015,144.326,143.898,143.987,9262
2025-05-23 00:00:00,143.948,144.057,143.747,143.858,7757
2025-05-23 04:00:00,143.852,143.966,143.356,143.463,10208
2025-05-23 08:00:00,143.463,143.58,143.228,143.311,13248
2025-05-23 12:00:00,143.312,143.427,142.45,142.604,22382
2025-05-23 16:00:00,142.604,142.894,142.521,142.641,23033
2025-05-23 20:00:00,142.641,142.73,142.419,142.555,8486
2025-05-26 00:00:00,142.434,143.082,142.412,142.556,10284
2025-05-26 04:00:00,142.562,142.679,142.225,142.563,12600
2025-05-26 08:00:00,142.563,142.92,142.472,142.891,12943
2025-05-26 12:00:00,142.889,143.03,142.819,142.976,7867
2025-05-26 16:00:00,142.976,142.988,142.724,142.726,6428
2025-05-26 20:00:00,142.725,142.833,142.708,142.826,1674
2025-05-27 00:00:00,142.78,142.935,142.245,142.276,6349
2025-05-27 04:00:00,142.276,142.855,142.111,142.851,9783
2025-05-27 08:00:00,142.85,143.882,142.85,143.867,18393
2025-05-27 12:00:00,143.867,144.184,143.802,144.024,14636
2025-05-27 16:00:00,144.023,144.459,143.873,144.372,17530
2025-05-27 20:00:00,144.37,144.41,144.237,144.331,6893
2025-05-28 00:00:00,144.24,144.343,143.848,144.122,6090
2025-05-28 04:00:00,144.123,144.764,144.085,144.423,15406
2025-05-28 08:00:00,144.423,144.765,144.0,144.038,15684
2025-05-28 12:00:00,144.038,144.533,143.998,144.511,12042
2025-05-28 16:00:00,144.51,145.075,144.51,144.914,18714
2025-05-28 20:00:00,144.914,145.009,144.752,144.869,9914
2025-05-29 00:00:00,144.758,146.102,144.712,146.096,14574
2025-05-29 04:00:00,146.097,146.278,145.597,145.743,13745
2025-05-29 08:00:00,145.743,146.087,145.138,145.264,16862
2025-05-29 12:00:00,145.265,145.287,144.408,144.43,17701
2025-05-29 16:00:00,144.43,144.538,144.043,144.143,21670
2025-05-29 20:00:00,144.143,144.254,143.958,144.157,10272
2025-05-30 00:00:00,144.124,144.193,143.584,143.771,7816
2025-05-30 04:00:00,143.77,143.992,143.439,143.776,12541
2025-05-30 08:00:00,143.775,144.157,143.708,144.05,15954
2025-05-30 12:00:00,144.051,144.221,143.467,143.722,17297
2025-05-30 16:00:00,143.722,144.44,143.708,143.896,22130
2025-05-30 20:00:00,143.896,144.082,143.789,144.047,9868
2025-06-02 00:00:00,143.791,143.985,143.524,143.534,8801
2025-06-02 04:00:00,143.528,143.641,143.322,143.537,13070
2025-06-02 08:00:00,143.538,143.56,142.791,142.928,16791
2025-06-02 12:00:00,142.928,142.973,142.619,142.827,15200
2025-06-02 16:00:00,142.827,143.069,142.535,142.929,20862
2025-06-02 20:00:00,142.932,142.998,142.666,142.673,9420
2025-06-03 00:00:00,142.665,142.783,142.373,142.702,6370
2025-06-03 04:00:00,142.702,143.265,142.702,142.944,11864
2025-06-03 08:00:00,142.945,143.121,142.605,142.797,14683
2025-06-03 12:00:00,142.801,143.441,142.766,143.418,12889
2025-06-03 16:00:00,143.416,144.102,143.327,143.979,18473
2025-06-03 20:00:00,143.979,144.104,143.837,143.997,7992
2025-06-04 00:00:00,143.862,144.044,143.772,143.989,7221
2025-06-04 04:00:00,143.989,144.284,143.672,144.252,11902
2025-06-04 08:00:00,144.252,144.382,143.794,143.888,14012
2025-06-04 12:00:00,143.887,144.311,143.504,143.554,14330
2025-06-04 16:00:00,143.554,143.829,142.601,142.637,19513
2025-06-04 20:00:00,142.637,142.925,142.629,142.76,7458
2025-06-05 00:00:00,142.692,142.848,142.527,142.659,7244
2025-06-05 04:00:00,142.661,143.073,142.568,143.028,12097
2025-06-05 08:00:00,143.027,143.397,143.003,143.276,12664
2025-06-05 12:00:00,143.279,143.686,142.772,143.364,16148
2025-06-05 16:00:00,143.363,143.971,142.895,143.527,25278
2025-06-05 20:00:00,143.522,143.851,143.471,143.607,12275
2025-06-06 00:00:00,143.45,143.743,143.414,143.717,6359
2025-06-06 04:00:00,143.717,143.9,143.621,143.834,9493
2025-06-06 08:00:00,143.837,144.133,143.799,144.057,12318
2025-06-06 12:00:00,144.053,144.738,143.999,144.618,15599
2025-06-06 16:00:00,144.624,145.086,144.554,144.964,23966
2025-06-06 20:00:00,144.962,144.965,144.773,144.86,9424
2025-06-09 00:00:00,144.825,144.947,144.577,144.933,5350
2025-06-09 04:00:00,144.933,144.937,144.346,144.377,9242
2025-06-09 08:00:00,144.377,144.494,144.034,144.152,11584
2025-06-09 12:00:00,144.158,144.691,143.971,144.632,11483
2025-06-09 16:00:00,144.637,144.769,144.344,144.391,14181
2025-06-09 20:00:00,144.397,144.633,144.385,144.614,6912
2025-06-10 00:00:00,144.499,144.652,144.397,144.517,5712
2025-06-10 04:00:00,144.517,145.287,144.423,144.933,11190
2025-06-10 08:00:00,144.933,144.939,144.422,144.644,16374
2025-06-10 12:00:00,144.644,144.769,144.454,144.639,10764
2025-06-10 16:00:00,144.638,145.042,144.439,144.97,14240
2025-06-10 20:00:00,144.963,145.03,144.781,144.899,7436
2025-06-11 00:00:00,144.808,145.157,144.649,144.92,8698
2025-06-11 04:00:00,144.92,145.147,144.838,145.034,9366
2025-06-11 08:00:00,145.034,145.243,144.963,145.063,11026
2025-06-11 12:00:00,145.065,145.463,144.318,144.729,15010
2025-06-11 16:00:00,144.729,145.18,144.435,144.617,17454
2025-06-11 20:00:00,144.615,144.692,144.324,144.58,9288
2025-06-12 00:00:00,144.455,144.534,143.954,144.037,8761
2025-06-12 04:00:00,144.037,144.115,143.721,143.942,11510
2025-06-12 08:00:00,143.951,144.135,143.632,143.794,15225
2025-06-12 12:00:00,143.794,143.872,143.182,143.286,17677
2025-06-12 16:00:00,143.286,143.9,143.196,143.607,20539
2025-06-12 20:00:00,143.607,143.731,143.471,143.506,8005
2025-06-13 00:00:00,143.429,143.582,142.791,143.035,12907
2025-06-13 04:00:00,143.038,143.759,142.918,143.649,18913
2025-06-13 08:00:00,143.65,143.89,143.378,143.792,18198
2025-06-13 12:00:00,143.792,144.439,143.746,144.292,17473
2025-06-13 16:00:00,144.293,144.479,143.952,144.031,18463
2025-06-13 20:00:00,144.028,144.192,143.849,144.117,12272
2025-06-16 00:00:00,143.962,144.744,143.896,144.363,15756
2025-06-16 04:00:00,144.373,144.487,144.157,144.3,13105
2025-06-16 08:00:00,144.299,144.388,143.97,144.261,15626
2025-06-16 12:00:00,144.268,144.337,143.972,144.097,11863
2025-06-16 16:00:00,144.097,144.223,143.648,144.17,17566
2025-06-16 20:00:00,144.17,144.872,144.158,144.737,7242
2025-06-17 00:00:00,144.696,145.107,144.574,145.059,8742
2025-06-17 04:00:00,145.059,145.059,144.399,144.587,12501
2025-06-17 08:00:00,144.588,145.02,144.403,144.9,15134
2025-06-17 12:00:00,144.905,144.938,144.283,144.857,14991
2025-06-17 16:00:00,144.857,145.287,144.688,145.219,17287
2025-06-17 20:00:00,145.215,145.375,145.127,145.249,12705
2025-06-18 00:00:00,145.217,145.436,145.176,145.313,7644
2025-06-18 04:00:00,145.315,145.338,144.92,145.013,9483
2025-06-18 08:00:00,145.015,145.126,144.854,144.964,12996
2025-06-18 12:00:00,144.964,145.024,144.736,144.888,11148
2025-06-18 16:00:00,144.892,144.96,144.526,144.679,16179
2025-06-18 20:00:00,144.677,145.224,144.322,145.133,18058
2025-06-19 00:00:00,145.077,145.149,144.839,144.884,7487
2025-06-19 04:00:00,144.884,145.216,144.73,145.035,11442
2025-06-19 08:00:00,145.035,145.404,145.026,145.282,14474
2025-06-19 12:00:00,145.282,145.766,145.248,145.541,11939
2025-06-19 16:00:00,145.541,145.754,145.347,145.714,10699
2025-06-19 20:00:00,145.714,145.727,145.341,145.425,6003
2025-06-20 00:00:00,145.384,145.558,145.117,145.245,8364
2025-06-20 04:00:00,145.25,145.393,145.191,145.344,9928
2025-06-20 08:00:00,145.344,145.48,145.263,145.325,11562
2025-06-20 12:00:00,145.327,145.712,145.252,145.59,11216
2025-06-20 16:00:00,145.59,145.953,145.56,145.834,14821
2025-06-20 20:00:00,145.834,146.209,145.775,146.08,7437
2025-06-23 00:00:00,146.654,146.682,146.14,146.45,10615
2025-06-23 04:00:00,146.45,147.031,146.366,146.984,13027
2025-06-23 08:00:00,146.986,147.627,146.948,147.605,16489
2025-06-23 12:00:00,147.605,148.025,147.349,147.416,15703
2025-06-23 16:00:00,147.416,147.5,146.227,146.36,21510
2025-06-23 20:00:00,146.363,146.522,146.009,146.118,12881
2025-06-24 00:00:00,146.075,146.172,145.563,145.599,10998
2025-06-24 04:00:00,145.596,145.734,145.289,145.413,11059
2025-06-24 08:00:00,145.413,145.51,144.942,145.093,16310
2025-06-24 12:00:00,145.093,145.178,144.85,144.989,13250
2025-06-24 16:00:00,144.989,145.185,144.509,144.698,18306
2025-06-24 20:00:00,144.699,144.911,144.558,144.871,8473
2025-06-25 00:00:00,144.867,145.044,144.767,144.882,6764
2025-06-25 04:00:00,144.88,144.986,144.606,144.938,10202
2025-06-25 08:00:00,144.938,145.494,144.937,145.475,11937
2025-06-25 12:00:00,145.477,145.917,145.454,145.856,10731
2025-06-25 16:00:00,145.856,145.946,145.391,145.447,14359
2025-06-25 20:00:00,145.448,145.505,145.102,145.263,7779
2025-06-26 00:00:00,145.158,145.258,144.68,144.69,7170
2025-06-26 04:00:00,144.69,144.958,144.563,144.782,10061
2025-06-26 08:00:00,144.782,144.914,143.748,143.925,16131
2025-06-26 12:00:00,143.925,144.492,143.898,144.305,14858
2025-06-26 16:00:00,144.311,144.533,144.051,144.244,20911
2025-06-26 20:00:00,144.245,144.461,144.126,144.406,10866
2025-06-27 00:00:00,144.36,144.803,144.252,144.65,8540
2025-06-27 04:00:00,144.652,144.741,144.194,144.544,13852
2025-06-27 08:00:00,144.542,144.589,144.172,144.418,14776
2025-06-27 12:00:00,144.419,144.679,144.344,144.443,14804
2025-06-27 16:00:00,144.443,144.946,144.379,144.644,18851
2025-06-27 20:00:00,144.644,144.896,144.58,144.654,12695
2025-06-30 00:00:00,144.307,144.755,144.307,144.617,10709
2025-06-30 04:00:00,144.614,144.653,143.909,143.945,14300
2025-06-30 08:00:00,143.945,144.21,143.777,144.11,17805
2025-06-30 12:00:00,144.108,144.492,144.051,144.458,12364
2025-06-30 16:00:00,144.457,144.507,144.14,144.222,21130
2025-06-30 20:00:00,144.222,144.322,143.95,143.993,12396
2025-07-01 00:00:00,143.99,144.042,143.554,143.566,7263
2025-07-01 04:00:00,143.564,143.928,143.433,143.744,11509
2025-07-01 08:00:00,143.744,143.759,142.884,143.036,17089
2025-07-01 12:00:00,143.035,143.166,142.676,143.064,17277
2025-07-01 16:00:00,143.068,143.776,142.931,143.692,22373
2025-07-01 20:00:00,143.689,143.8,143.388,143.408,9110
2025-07-02 00:00:00,143.371,143.659,143.315,143.474,6899
2025-07-02 04:00:00,143.473,143.746,143.441,143.55,11773
2025-07-02 08:00:00,143.551,144.045,143.541,143.97,14153
2025-07-02 12:00:00,143.97,144.242,143.484,143.868,16841
2025-07-02 16:00:00,143.869,144.147,143.631,143.73,20364
2025-07-02 20:00:00,143.733,143.747,143.565,143.667,8159
2025-07-03 00:00:00,143.64,143.682,143.443,143.586,6925
2025-07-03 04:00:00,143.586,143.877,143.486,143.835,8698
2025-07-03 08:00:00,143.834,143.928,143.67,143.868,11943
2025-07-03 12:00:00,143.872,145.234,143.695,145.008,15009
2025-07-03 16:00:00,145.008,145.212,144.608,145.046,21492
2025-07-03 20:00:00,145.048,145.111,144.9,144.922,4611
2025-07-04 00:00:00,144.891,144.961,144.57,144.601,6184
2025-07-04 04:00:00,144.601,144.789,144.322,144.378,9824
2025-07-04 08:00:00,144.376,144.431,144.178,144.339,13567
2025-07-04 12:00:00,144.34,144.443,144.274,144.42,11736
2025-07-04 16:00:00,144.42,144.564,144.387,144.496,9690
2025-07-04 20:00:00,144.495,144.577,144.355,144.52,11191
2025-07-07 00:00:00,144.377,144.635,144.29,144.353,8416
2025-07-07 04:00:00,144.356,144.998,144.222,144.981,12794
2025-07-07 08:00:00,144.981,145.342,144.935,145.333,16122
2025-07-07 12:00:00,145.332,145.641,145.271,145.587,13701
2025-07-07 16:00:00,145.588,146.146,145.567,146.119,15330
2025-07-07 20:00:00,146.118,146.238,146.009,146.041,10632
2025-07-08 00:00:00,146.015,146.205,145.827,146.154,8657
2025-07-08 04:00:00,146.156,146.439,145.88,145.997,13080
2025-07-08 08:00:00,145.996,146.283,145.941,146.187,15075
2025-07-08 12:00:00,146.192,146.686,146.052,146.648,13164
2025-07-08 16:00:00,146.648,146.974,146.63,146.745,17773
2025-07-08 20:00:00,146.742,146.804,146.515,146.571,10506
2025-07-09 00:00:00,146.548,146.907,146.483,146.792,6424
2025-07-09 04:00:00,146.791,147.176,146.731,147.036,11557
2025-07-09 08:00:00,147.037,147.063,146.588,146.677,13872
2025-07-09 12:00:00,146.676,146.774,146.464,146.483,12679
2025-07-09 16:00:00,146.483,146.561,146.269,146.414,15246
2025-07-09 20:00:00,146.42,146.484,146.247,146.354,8576
2025-07-10 00:00:00,146.324,146.324,145.75,145.814,7545
2025-07-10 04:00:00,145.82,146.405,145.755,146.214,8859
2025-07-10 08:00:00,146.21,146.462,146.066,146.352,12644
2025-07-10 12:00:00,146.352,146.543,146.082,146.436,12293
2025-07-10 16:00:00,146.433,146.784,146.348,146.461,16674
2025-07-10 20:00:00,146.459,146.477,146.164,146.245,7910
2025-07-11 00:00:00,146.21,146.635,146.132,146.553,7827
2025-07-11 04:00:00,146.553,147.181,146.518,147.079,11549
2025-07-11 08:00:00,147.08,147.105,146.716,146.981,14486
2025-07-11 12:00:00,146.981,147.087,146.763,146.968,13081
2025-07-11 16:00:00,146.966,147.518,146.901,147.364,16168
2025-07-11 20:00:00,147.364,147.479,147.315,147.406,7023
2025-07-14 00:00:00,147.131,147.571,146.913,146.948,10317
2025-07-14 04:00:00,146.948,147.442,146.845,147.371,12543
2025-07-14 08:00:00,147.371,147.483,147.169,147.312,13500
2025-07-14 12:00:00,147.316,147.462,147.151,147.387,11064
2025-07-14 16:00:00,147.387,147.752,147.306,147.71,15140
2025-07-14 20:00:00,147.715,147.774,147.668,147.768,5959
2025-07-15 00:00:00,147.682,147.888,147.56,147.582,5161
2025-07-15 04:00:00,147.582,147.815,147.551,147.663,7719
2025-07-15 08:00:00,147.663,147.786,147.546,147.673,9971
2025-07-15 12:00:00,147.673,148.146,147.61,147.892,12539
2025-07-15 16:00:00,147.892,149.016,147.887,148.889,19974
2025-07-15 20:00:00,148.888,148.988,148.805,148.863,7400
2025-07-16 00:00:00,148.844,149.033,148.703,148.972,6525
2025-07-16 04:00:00,148.976,149.181,148.735,148.927,9334
2025-07-16 08:00:00,148.93,148.947,148.614,148.833,12437
2025-07-16 12:00:00,148.833,148.883,148.46,148.699,12612
2025-07-16 16:00:00,148.699,148.928,146.906,148.039,32516
2025-07-16 20:00:00,148.039,148.054,147.484,147.875,12531
2025-07-17 00:00:00,147.804,148.418,147.725,148.377,7062
2025-07-17 04:00:00,148.375,148.659,148.276,148.417,9500
2025-07-17 08:00:00,148.417,148.8,148.363,148.579,14090
2025-07-17 12:00:00,148.576,149.083,148.515,148.717,14518
2025-07-17 16:00:00,148.716,148.753,148.38,148.619,17984
2025-07-17 20:00:00,148.619,148.75,148.547,148.592,7604
2025-07-18 00:00:00,148.572,148.618,148.289,148.578,6386
2025-07-18 04:00:00,148.578,148.723,148.381,148.664,9441
2025-07-18 08:00:00,148.664,148.881,148.5,148.586,10863
2025-07-18 12:00:00,148.587,148.721,148.317,148.354,11189
2025-07-18 16:00:00,148.354,148.725,148.18,148.682,16811
2025-07-18 20:00:00,148.682,148.827,148.651,148.827,8305
2025-07-21 00:00:00,147.953,148.664,147.867,148.384,10310
2025-07-21 04:00:00,148.402,148.556,148.331,148.446,9560
2025-07-21 08:00:00,148.446,148.448,147.687,147.891,16315
2025-07-21 12:00:00,147.891,147.976,147.336,147.493,13889
2025-07-21 16:00:00,147.494,147.721,147.076,147.159,16228
2025-07-21 20:00:00,147.152,147.437,147.106,147.37,8540
2025-07-22 00:00:00,147.329,147.708,147.212,147.481,6143
2025-07-22 04:00:00,147.481,147.664,147.409,147.635,8137
2025-07-22 08:00:00,147.635,147.944,147.598,147.609,11746
2025-07-22 12:00:00,147.605,147.605,146.739,146.799,13181
2025-07-22 16:00:00,146.799,146.891,146.301,146.426,19660
2025-07-22 20:00:00,146.426,146.676,146.426,146.665,8688
2025-07-23 00:00:00,146.59,146.937,146.196,146.44,11470
2025-07-23 04:00:00,146.44,147.201,146.385,146.937,14504
2025-07-23 08:00:00,146.937,147.212,146.595,146.79,15193
2025-07-23 12:00:00,146.79,146.798,146.105,146.409,12380
2025-07-23 16:00:00,146.408,146.727,146.237,146.577,18555
2025-07-23 20:00:00,146.577,146.62,146.365,146.5,9465
2025-07-24 00:00:00,146.483,146.517,146.236,146.43,7511
2025-07-24 04:00:00,146.429,146.435,145.853,146.016,12669
2025-07-24 08:00:00,146.015,146.561,145.95,146.538,14887
2025-07-24 12:00:00,146.539,146.828,146.443,146.791,14581
2025-07-24 16:00:00,146.791,146.95,146.355,146.895,21088
2025-07-24 20:00:00,146.894,147.014,146.747,147.007,9429
2025-07-25 00:00:00,146.958,147.332,146.958,147.206,7474
2025-07-25 04:00:00,147.206,147.493,147.094,147.136,10749
2025-07-25 08:00:00,147.136,147.826,146.809,147.749,15855
2025-07-25 12:00:00,147.751,147.938,147.603,147.85,13026
2025-07-25 16:00:00,147.85,147.917,147.526,147.755,19632
2025-07-25 20:00:00,147.753,147.777,147.526,147.647,8061
2025-07-28 00:00:00,147.695,147.874,147.595,147.614,9785
2025-07-28 04:00:00,147.614,148.017,147.514,147.743,12950
2025-07-28 08:00:00,147.743,148.368,147.724,148.269,17523
2025-07-28 12:00:00,148.268,148.44,148.028,148.052,16343
2025-07-28 16:00:00,148.048,148.519,147.934,148.486,16881
2025-07-28 20:00:00,148.486,148.573,148.391,148.543,6800
2025-07-29 00:00:00,148.459,148.706,148.433,148.678,5671
2025-07-29 04:00:00,148.679,148.703,148.284,148.348,10620
2025-07-29 08:00:00,148.348,148.747,148.154,148.552,15462
2025-07-29 12:00:00,148.552,148.768,148.383,148.703,13640
2025-07-29 16:00:00,148.702,148.807,148.347,148.56,18426
2025-07-29 20:00:00,148.56,148.582,148.332,148.463,8389
2025-07-30 00:00:00,148.449,148.522,148.033,148.052,5376
2025-07-30 04:00:00,148.052,148.168,147.842,148.153,10405
2025-07-30 08:00:00,148.155,148.168,147.797,147.96,14570
2025-07-30 12:00:00,147.957,148.885,147.848,148.849,15736
2025-07-30 16:00:00,148.848,149.128,148.827,148.931,16927
2025-07-30 20:00:00,148.931,149.516,148.52,149.504,19420
2025-07-31 00:00:00,149.448,149.45,149.174,149.302,7228
2025-07-31 04:00:00,149.302,149.335,148.585,148.884,13507
2025-07-31 08:00:00,148.885,149.717,148.678,149.63,19049
2025-07-31 12:00:00,149.63,150.254,149.62,150.186,17028
2025-07-31 16:00:00,150.185,150.786,150.175,150.684,20993
2025-07-31 20:00:00,150.682,150.836,150.552,150.787,11314
2025-08-01 00:00:00,150.708,150.887,150.59,150.733,8737
2025-08-01 04:00:00,150.734,150.918,150.55,150.604,11573
2025-08-01 08:00:00,150.604,150.651,150.406,150.606,13632
2025-08-01 12:00:00,150.606,150.623,148.562,148.632,19012
2025-08-01 16:00:00,148.617,148.661,147.487,147.821,34827
2025-08-01 20:00:00,147.82,147.947,147.291,147.373,16085
2025-08-04 00:00:00,147.225,147.691,147.052,147.647,11065
2025-08-04 04:00:00,147.649,147.907,147.552,147.683,14057
2025-08-04 08:00:00,147.683,148.085,147.53,147.892,18515
2025-08-04 12:00:00,147.892,147.943,147.005,147.19,17109
2025-08-04 16:00:00,147.19,147.351,146.86,147.037,21422
2025-08-04 20:00:00,147.037,147.105,146.907,147.05,10901
2025-08-05 00:00:00,147.073,147.093,146.614,146.921,7677
2025-08-05 04:00:00,146.921,147.259,146.877,147.078,10165
2025-08-05 08:00:00,147.082,147.632,147.028,147.577,14881
2025-08-05 12:00:00,147.577,147.775,147.447,147.663,14283
2025-08-05 16:00:00,147.663,147.832,147.3,147.545,22296
2025-08-05 20:00:00,147.543,147.699,147.482,147.556,9970
2025-08-06 00:00:00,147.565,147.642,147.443,147.579,6230
2025-08-06 04:00:00,147.579,147.748,147.299,147.342,9795
2025-08-06 08:00:00,147.344,147.843,147.333,147.804,12770
2025-08-06 12:00:00,147.805,147.882,147.404,147.437,14050
2025-08-06 16:00:00,147.437,147.653,147.209,147.347,19338
2025-08-06 20:00:00,147.346,147.636,146.974,147.36,11946
2025-08-07 00:00:00,147.318,147.596,147.149,147.581,7137
2025-08-07 04:00:00,147.581,147.707,147.268,147.304,11039
2025-08-07 08:00:00,147.307,147.345,146.687,147.13,17458
2025-08-07 12:00:00,147.129,147.491,147.017,147.284,16799
2025-08-07 16:00:00,147.288,147.585,147.108,147.361,20623
2025-08-07 20:00:00,147.363,147.565,146.941,147.123,13171
2025-08-08 00:00:00,147.075,147.189,146.713,147.142,8784
2025-08-08 04:00:00,147.142,147.367,147.114,147.156,9226
2025-08-08 08:00:00,147.163,147.69,147.133,147.645,15506
2025-08-08 12:00:00,147.645,147.89,147.538,147.841,15253
2025-08-08 16:00:00,147.844,147.9,147.631,147.736,16412
2025-08-08 20:00:00,147.735,147.817,147.627,147.735,11790
2025-08-11 00:00:00,147.479,147.786,147.479,147.659,6492
2025-08-11 04:00:00,147.659,147.713,147.421,147.481,9483
2025-08-11 08:00:00,147.481,147.661,147.346,147.503,12845
2025-08-11 12:00:00,147.504,147.948,147.483,147.807,11948
2025-08-11 16:00:00,147.807,148.109,147.785,147.988,14231
2025-08-11 20:00:00,147.985,148.247,147.965,148.133,8676
2025-08-12 00:00:00,148.084,148.427,147.98,148.403,6596
2025-08-12 04:00:00,148.403,148.445,148.206,148.348,10163
2025-08-12 08:00:00,148.348,148.466,148.145,148.422,17103
2025-08-12 12:00:00,148.422,148.516,147.813,148.029,19406
2025-08-12 16:00:00,148.032,148.445,147.575,147.708,34048
2025-08-12 20:00:00,147.708,147.868,147.686,147.847,11748
2025-08-13 00:00:00,147.778,147.889,147.696,147.799,7075
2025-08-13 04:00:00,147.799,148.162,147.727,147.93,11006
2025-08-13 08:00:00,147.93,148.007,147.193,147.268,17167
2025-08-13 12:00:00,147.268,147.563,147.152,147.405,16653
2025-08-13 16:00:00,147.405,147.429,147.083,147.342,18947
2025-08-13 20:00:00,147.342,147.511,147.314,147.375,9356
2025-08-14 00:00:00,147.353,147.353,146.614,146.69,7767
2025-08-14 04:00:00,146.69,146.745,146.334,146.384,15551
2025-08-14 08:00:00,146.384,146.63,146.21,146.551,22092
2025-08-14 12:00:00,146.551,147.096,146.422,146.951,22061
2025-08-14 16:00:00,146.95,147.889,146.944,147.847,27710
2025-08-14 20:00:00,147.847,147.958,147.716,147.737,10258
2025-08-15 00:00:00,147.735,147.867,147.46,147.479,6784
2025-08-15 04:00:00,147.479,147.514,147.107,147.133,10609
2025-08-15 08:00:00,147.133,147.219,146.851,146.855,14409
2025-08-15 12:00:00,146.855,147.273,146.733,146.886,15225
2025-08-15 16:00:00,146.886,147.258,146.768,147.198,23039
2025-08-15 20:00:00,147.198,147.33,147.16,147.168,8809
2025-08-18 00:00:00,147.147,147.455,147.081,147.425,8150
2025-08-18 04:00:00,147.426,147.579,147.298,147.374,12685
2025-08-18 08:00:00,147.375,147.517,147.116,147.341,16492
2025-08-18 12:00:00,147.341,147.79,147.273,147.723,13682
2025-08-18 16:00:00,147.723,147.984,147.676,147.79,16517
2025-08-18 20:00:00,147.79,147.92,147.653,147.871,9053
2025-08-19 00:00:00,147.777,147.979,147.683,147.772,6383
2025-08-19 04:00:00,147.772,148.105,147.616,147.759,13514
2025-08-19 08:00:00,147.759,147.776,147.528,147.662,14662
2025-08-19 12:00:00,147.662,147.846,147.599,147.781,13520
2025-08-19 16:00:00,147.781,147.902,147.55,147.624,18184
2025-08-19 20:00:00,147.624,147.685,147.439,147.669,10463
2025-08-20 00:00:00,147.596,147.814,147.497,147.566,6200
2025-08-20 04:00:00,147.565,147.663,147.418,147.575,13028
2025-08-20 08:00:00,147.575,147.694,147.141,147.584,17029
2025-08-20 12:00:00,147.584,147.588,147.238,147.273,12876
2025-08-20 16:00:00,147.273,147.435,146.866,147.114,20976
2025-08-20 20:00:00,147.114,147.487,146.994,147.33,10020
2025-08-21 00:00:00,147.296,147.46,147.239,147.386,7593
2025-08-21 04:00:00,147.386,147.503,147.251,147.383,10663
2025-08-21 08:00:00,147.382,147.638,147.34,147.582,14462
2025-08-21 12:00:00,147.583,147.932,147.474,147.752,15516
2025-08-21 16:00:00,147.751,148.397,147.583,148.284,24390
2025-08-21 20:00:00,148.284,148.404,148.164,148.37,8259
2025-08-22 00:00:00,148.301,148.499,148.235,148.47,7440
2025-08-22 04:00:00,148.47,148.76,148.408,148.743,10163
2025-08-22 08:00:00,148.742,148.775,148.409,148.636,14144
2025-08-22 12:00:00,148.636,148.734,148.594,148.702,11780
2025-08-22 16:00:00,148.702,148.716,146.57,146.705,33941
2025-08-22 20:00:00,146.704,146.996,146.573,146.934,11599
2025-08-25 00:00:00,146.826,147.525,146.752,147.385,9761
2025-08-25 04:00:00,147.385,147.517,147.201,147.232,11684
2025-08-25 08:00:00,147.232,147.37,147.093,147.284,12134
2025-08-25 12:00:00,147.284,147.445,147.22,147.379,10383
2025-08-25 16:00:00,147.379,147.669,147.287,147.534,17041
2025-08-25 20:00:00,147.534,147.937,147.498,147.711,13151
2025-08-26 00:00:00,147.709,147.871,146.985,147.107,13856
2025-08-26 04:00:00,147.107,147.809,147.107,147.768,14627
2025-08-26 08:00:00,147.767,147.906,147.491,147.57,19309
2025-08-26 12:00:00,147.57,147.663,147.322,147.538,14967
2025-08-26 16:00:00,147.542,147.721,147.097,147.307,19752
2025-08-26 20:00:00,147.307,147.542,147.266,147.416,10833
2025-08-27 00:00:00,147.366,147.577,147.237,147.577,6775
2025-08-27 04:00:00,147.577,147.957,147.511,147.943,10891
2025-08-27 08:00:00,147.943,147.999,147.652,147.912,13957
2025-08-27 12:00:00,147.912,148.182,147.858,148.066,14082
2025-08-27 16:00:00,148.066,148.126,147.336,147.355,19749
2025-08-27 20:00:00,147.355,147.518,147.289,147.429,12174
2025-08-28 00:00:00,147.371,147.482,147.198,147.29,8539
2025-08-28 04:00:00,147.29,147.442,147.075,147.16,11132
2025-08-28 08:00:00,147.16,147.4,146.997,147.185,15433
2025-08-28 12:00:00,147.185,147.185,146.803,147.101,17825
2025-08-28 16:00:00,147.101,147.23,146.827,146.846,20559
2025-08-28 20:00:00,146.845,146.99,146.66,146.962,10170
2025-08-29 00:00:00,146.869,147.078,146.756,146.822,8684
2025-08-29 04:00:00,146.822,147.107,146.786,146.902,11992
2025-08-29 08:00:00,146.902,147.197,146.864,146.951,12768
2025-08-29 12:00:00,146.951,147.403,146.937,147.317,14166
2025-08-29 16:00:00,147.317,147.389,146.765,146.909,22581
2025-08-29 20:00:00,146.909,147.109,146.879,147.028,9163
2025-09-01 00:00:00,146.94,147.253,146.93,147.23,6647
2025-09-01 04:00:00,147.229,147.377,146.835,147.042,13660
2025-09-01 08:00:00,147.041,147.202,146.782,146.987,14752
2025-09-01 12:00:00,146.987,147.227,146.935,147.199,11380
2025-09-01 16:00:00,147.196,147.306,147.165,147.235,11763
2025-09-01 20:00:00,147.235,147.239,147.139,147.16,4449
2025-09-02 00:00:00,147.145,147.352,147.042,147.301,7344
2025-09-02 04:00:00,147.301,147.856,147.186,147.723,13752
2025-09-02 08:00:00,147.723,148.789,147.696,148.436,23454
2025-09-02 12:00:00,148.436,148.942,148.369,148.819,23963
2025-09-02 16:00:00,148.819,148.843,147.935,148.297,26614
2025-09-02 20:00:00,148.297,148.53,148.242,148.339,10199
2025-09-03 00:00:00,148.297,148.764,148.271,148.755,7319
2025-09-03 04:00:00,148.753,148.922,148.552,148.589,11010
2025-09-03 08:00:00,148.589,149.131,148.481,148.583,17673
2025-09-03 12:00:00,148.583,148.794,148.431,148.725,16503
2025-09-03 16:00:00,148.725,148.793,147.902,147.934,25173
2025-09-03 20:00:00,147.934,148.158,147.875,148.087,10707
2025-09-04 00:00:00,148.03,148.169,147.9,148.023,8374
2025-09-04 04:00:00,148.023,148.283,147.784,148.237,13192
2025-09-04 08:00:00,148.237,148.413,148.107,148.214,14698
2025-09-04 12:00:00,148.214,148.528,147.993,148.425,17081
2025-09-04 16:00:00,148.425,148.776,148.347,148.617,21348
2025-09-04 20:00:00,148.617,148.671,148.437,148.448,7286
2025-09-05 00:00:00,148.47,148.509,148.123,148.168,8084
2025-09-05 04:00:00,148.168,148.264,148.077,148.216,8504
2025-09-05 08:00:00,148.216,148.273,148.11,148.159,11043
2025-09-05 12:00:00,148.159,148.25,147.166,147.297,20772
2025-09-05 16:00:00,147.297,147.464,146.815,147.135,31622
2025-09-05 20:00:00,147.135,147.505,147.127,147.379,12152
2025-09-08 00:00:00,148.122,148.575,147.863,148.336,13048
2025-09-08 04:00:00,148.33,148.385,147.998,148.167,12820
2025-09-08 08:00:00,148.16,148.178,147.46,147.683,14493
2025-09-08 12:00:00,147.682,147.875,147.65,147.693,11356
2025-09-08 16:00:00,147.691,147.868,147.538,147.684,14184
2025-09-08 20:00:00,147.686,147.764,147.338,147.506,7131
2025-09-09 00:00:00,147.445,147.515,147.148,147.34,6892
2025-09-09 04:00:00,147.344,147.401,147.089,147.124,9530
2025-09-09 08:00:00,147.123,147.331,146.559,146.618,16264
2025-09-09 12:00:00,146.614,147.005,146.303,146.92,14111
2025-09-09 16:00:00,146.921,147.348,146.52,147.27,19503
2025-09-09 20:00:00,147.271,147.466,147.232,147.423,8013
2025-09-10 00:00:00,147.325,147.473,147.294,147.426,6328
2025-09-10 04:00:00,147.425,147.571,147.262,147.324,9837
2025-09-10 08:00:00,147.326,147.582,147.276,147.516,12866
2025-09-10 12:00:00,147.512,147.64,147.053,147.53,13679
2025-09-10 16:00:00,147.534,147.603,147.262,147.37,15462
2025-09-10 20:00:00,147.369,147.465,147.242,147.442,6453
2025-09-11 00:00:00,147.387,147.462,147.28,147.457,5870
2025-09-11 04:00:00,147.458,147.478,147.317,147.432,8024
2025-09-11 08:00:00,147.433,147.861,147.422,147.847,12603
2025-09-11 12:00:00,147.848,148.156,147.357,147.527,14488
2025-09-11 16:00:00,147.526,147.618,146.984,147.054,19399
2025-09-11 20:00:00,147.048,147.304,147.048,147.199,8639
2025-09-12 00:00:00,147.186,147.331,147.112,147.228,5486
2025-09-12 04:00:00,147.226,147.542,147.21,147.494,6419
2025-09-12 08:00:00,147.498,147.925,147.237,147.894,12819
2025-09-12 12:00:00,147.901,148.069,147.682,147.847,11723
2025-09-12 16:00:00,147.849,147.888,147.587,147.683,13105
2025-09-12 20:00:00,147.682,147.72,147.459,147.661,6053
2025-09-15 00:00:00,147.529,147.758,147.518,147.545,3539
2025-09-15 04:00:00,147.546,147.611,147.335,147.403,6294
2025-09-15 08:00:00,147.396,147.606,147.371,147.407,10244
2025-09-15 12:00:00,147.406,147.474,147.245,147.268,9387
2025-09-15 16:00:00,147.266,147.469,147.231,147.335,10244
2025-09-15 20:00:00,147.336,147.427,147.238,147.4,6028
2025-09-16 00:00:00,147.345,147.5,147.255,147.437,5588
2025-09-16 04:00:00,147.435,147.539,146.966,147.012,10139
2025-09-16 08:00:00,147.013,147.089,146.691,146.995,12947
2025-09-16 12:00:00,146.993,147.25,146.865,147.098,13458
2025-09-16 16:00:00,147.099,147.136,146.349,146.355,14300
2025-09-16 20:00:00,146.354,146.505,146.275,146.452,8041
2025-09-17 00:00:00,146.445,146.567,146.209,146.533,6664
2025-09-17 04:00:00,146.535,146.604,146.428,146.455,8225
2025-09-17 08:00:00,146.454,146.68,146.367,146.451,10199
2025-09-17 12:00:00,146.452,146.474,146.203,146.378,9795
2025-09-17 16:00:00,146.374,146.398,146.212,146.284,9269
2025-09-17 20:00:00,146.285,147.047,145.482,147.011,20505
2025-09-18 00:00:00,146.9,147.03,146.767,146.915,8786
2025-09-18 04:00:00,146.914,147.217,146.843,147.206,10424
2025-09-18 08:00:00,147.207,147.531,147.025,147.433,14625
2025-09-18 12:00:00,147.432,147.802,147.159,147.789,13868
2025-09-18 16:00:00,147.794,148.262,147.794,147.864,16949
2025-09-18 20:00:00,147.865,148.006,147.803,148.001,6595
2025-09-19 00:00:00,147.914,148.112,147.842,148.007,5810
2025-09-19 04:00:00,148.008,148.1,147.193,147.523,14790
2025-09-19 08:00:00,147.522,148.032,147.415,147.852,16480
2025-09-19 12:00:00,147.848,148.283,147.751,148.158,10480
2025-09-19 16:00:00,148.157,148.157,147.79,147.847,13540
2025-09-19 20:00:00,147.848,147.994,147.842,147.957,5515
2025-09-22 00:00:00,147.845,148.258,147.845,148.16,5826
2025-09-22 04:00:00,148.154,148.374,148.088,148.286,8973
2025-09-22 08:00:00,148.285,148.304,147.815,147.85,11428
2025-09-22 12:00:00,147.849,147.945,147.741,147.838,10563
2025-09-22 16:00:00,147.837,147.983,147.732,147.742,10506
2025-09-22 20:00:00,147.741,147.778,147.655,147.699,4985
2025-09-23 00:00:00,147.706,147.766,147.647,147.667,4450
2025-09-23 04:00:00,147.666,147.863,147.6,147.797,8062
2025-09-23 08:00:00,147.798,147.839,147.533,147.563,11160
2025-09-23 12:00:00,147.556,147.884,147.506,147.773,9795
2025-09-23 16:00:00,147.771,147.924,147.615,147.771,13948
2025-09-23 20:00:00,147.77,147.774,147.457,147.657,9851
2025-09-24 00:00:00,147.591,147.826,147.513,147.775,6211
2025-09-24 04:00:00,147.772,147.961,147.71,147.902,8658
2025-09-24 08:00:00,147.901,148.291,147.815,148.263,10129
2025-09-24 12:00:00,148.264,148.713,148.21,148.666,9658
2025-09-24 16:00:00,148.667,148.791,148.593,148.763,11078
2025-09-24 20:00:00,148.764,148.908,148.705,148.899,5229
2025-09-25 00:00:00,148.787,148.85,148.556,148.567,6145
2025-09-25 04:00:00,148.569,148.858,148.554,148.601,7608
2025-09-25 08:00:00,148.6,148.858,148.597,148.74,10541
2025-09-25 12:00:00,148.741,149.353,148.679,149.243,11580
2025-09-25 16:00:00,149.239,149.867,149.143,149.806,15461
2025-09-25 20:00:00,149.816,149.924,149.726,149.764,7930
2025-09-26 00:00:00,149.723,149.953,149.636,149.683,7432
2025-09-26 04:00:00,149.684,149.848,149.628,149.639,7855
2025-09-26 08:00:00,149.642,149.883,149.614,149.751,10008
2025-09-26 12:00:00,149.752,149.948,149.587,149.621,10692
2025-09-26 16:00:00,149.623,149.78,149.422,149.55,13489
2025-09-26 20:00:00,149.547,149.557,149.401,149.509,5858
2025-09-29 00:00:00,149.421,149.513,149.111,149.173,6136
2025-09-29 04:00:00,149.174,149.276,148.881,148.948,8795
2025-09-29 08:00:00,148.95,148.977,148.471,148.528,11615
2025-09-29 12:00:00,148.527,148.812,148.47,148.602,10119
2025-09-29 16:00:00,148.601,148.737,148.478,148.579,11513
2025-09-29 20:00:00,148.582,148.688,148.545,148.609,5266
2025-09-30 00:00:00,148.589,148.844,148.501,148.793,6682
2025-09-30 04:00:00,148.788,148.8,148.384,148.402,9751
2025-09-30 08:00:00,148.401,148.443,147.837,147.854,11788
2025-09-30 12:00:00,147.853,148.087,147.829,147.955,8806
2025-09-30 16:00:00,147.956,148.061,147.652,147.741,15003
2025-09-30 20:00:00,147.74,147.969,147.649,147.935,7442
2025-10-01 00:00:00,147.834,148.224,147.769,148.106,6438
2025-10-01 04:00:00,148.106,148.164,147.549,147.553,8187
2025-10-01 08:00:00,147.543,147.638,146.898,147.148,14066
2025-10-01 12:00:00,147.149,147.262,146.582,146.797,13995
2025-10-01 16:00:00,146.792,147.253,146.618,147.161,17726
2025-10-01 20:00:00,147.16,147.224,147.019,147.081,7127
2025-10-02 00:00:00,147.003,147.32,146.992,147.191,5407
2025-10-02 04:00:00,147.205,147.225,146.936,147.173,7309
2025-10-02 08:00:00,147.165,147.375,146.724,146.795,11818
2025-10-02 12:00:00,146.803,147.196,146.599,147.161,10260
2025-10-02 16:00:00,147.156,147.512,147.057,147.164,13447
2025-10-02 20:00:00,147.166,147.284,147.125,147.244,4017
2025-10-03 00:00:00,147.179,147.378,147.093,147.351,3880
2025-10-03 04:00:00,147.354,147.762,147.179,147.724,6627
2025-10-03 08:00:00,147.723,147.812,147.281,147.327,9597
2025-10-03 12:00:00,147.328,147.433,147.219,147.263,7940
2025-10-03 16:00:00,147.26,147.533,147.046,147.503,12811
2025-10-03 20:00:00,147.504,147.542,147.38,147.467,5439
2025-10-06 00:00:00,149.366,149.86,149.025,149.703,13348
2025-10-06 04:00:00,149.705,150.343,149.586,150.312,11268
2025-10-06 08:00:00,150.32,150.434,149.947,150.366,14873
2025-10-06 12:00:00,150.372,150.473,149.752,149.784,13185
2025-10-06 16:00:00,149.783,150.17,149.754,150.158,12525
2025-10-06 20:00:00,150.157,150.388,150.078,150.362,4550
2025-10-07 00:00:00,150.229,150.616,150.175,150.488,6210
2025-10-07 04:00:00,150.493,150.611,150.248,150.413,6138
2025-10-07 08:00:00,150.415,150.829,150.398,150.788,10075
2025-10-07 12:00:00,150.789,151.025,150.704,150.831,8380
2025-10-07 16:00:00,150.832,151.402,150.731,151.325,13392
2025-10-07 20:00:00,151.323,152.038,151.247,151.882,8008
2025-10-08 00:00:00,151.896,152.371,151.733,152.306,7332
2025-10-08 04:00:00,152.311,152.643,152.271,152.364,9081
2025-10-08 08:00:00,152.371,152.78,152.252,152.741,12455
2025-10-08 12:00:00,152.74,152.997,152.434,152.503,10488
2025-10-08 16:00:00,152.504,152.798,152.373,152.757,12672
2025-10-08 20:00:00,152.756,152.939,152.636,152.692,7406
2025-10-09 00:00:00,152.684,152.732,152.456,152.703,6775
2025-10-09 04:00:00,152.717,152.763,152.404,152.467,8117
2025-10-09 08:00:00,152.47,153.216,152.466,152.795,12797
2025-10-09 12:00:00,152.798,152.854,152.468,152.745,11784
2025-10-09 16:00:00,152.74,153.23,152.094,153.001,17952
2025-10-09 20:00:00,153.001,153.207,152.906,153.067,9461
2025-10-10 00:00:00,152.941,153.269,152.939,152.955,6795
2025-10-10 04:00:00,152.954,153.046,152.635,152.75,8100
2025-10-10 08:00:00,152.751,152.948,152.374,152.646,14305
2025-10-10 12:00:00,152.645,152.844,152.515,152.556,10734
2025-10-10 16:00:00,152.554,152.703,151.503,151.884,23189
2025-10-10 20:00:00,151.88,151.943,151.153,151.163,12832
2025-10-13 00:00:00,151.798,152.272,151.739,151.842,11821
2025-10-13 04:00:00,151.845,152.01,151.802,151.911,8656
2025-10-13 08:00:00,151.905,152.444,151.721,152.339,13290
2025-10-13 12:00:00,152.338,152.367,151.975,152.214,11403
2025-10-13 16:00:00,152.215,152.446,152.101,152.278,12071
2025-10-13 20:00:00,152.278,152.346,152.213,152.301,5996
2025-10-14 00:00:00,152.216,152.609,152.133,152.466,7464
2025-10-14 04:00:00,152.463,152.497,151.778,151.857,13210
2025-10-14 08:00:00,151.858,152.124,151.62,151.975,19685
2025-10-14 12:00:00,151.976,152.151,151.858,152.046,15483
2025-10-14 16:00:00,152.045,152.163,151.668,151.736,21329
2025-10-14 20:00:00,151.741,151.867,151.599,151.792,10035
2025-10-15 00:00:00,151.749,151.871,151.501,151.562,7735
2025-10-15 04:00:00,151.553,151.604,151.004,151.246,10400
2025-10-15 08:00:00,151.262,151.394,150.897,151.215,13992
2025-10-15 12:00:00,151.216,151.683,151.215,151.637,14204
2025-10-15 16:00:00,151.641,151.737,151.035,151.193,17611
2025-10-15 20:00:00,151.194,151.384,151.061,151.082,10052
2025-10-16 00:00:00,151.046,151.123,150.516,150.705,8269
2025-10-16 04:00:00,150.704,151.111,150.513,151.039,10792
2025-10-16 08:00:00,151.044,151.376,150.939,151.241,15682
2025-10-16 12:00:00,151.242,151.396,151.032,151.099,13587
2025-10-16 16:00:00,151.1,151.281,150.23,150.397,22598
2025-10-16 20:00:00,150.402,150.473,150.206,150.42,16899
2025-10-17 00:00:00,150.382,150.435,150.042,150.227,9318
2025-10-17 04:00:00,150.228,150.385,149.892,149.963,12727
2025-10-17 08:00:00,149.962,149.972,149.376,149.78,22707
2025-10-17 12:00:00,149.779,150.539,149.602,150.385,21583
2025-10-17 16:00:00,150.386,150.589,150.161,150.408,23074
2025-10-17 20:00:00,150.403,150.626,150.363,150.572,10273
2025-10-20 00:00:00,150.378,150.971,150.31,150.908,9824
2025-10-20 04:00:00,150.904,151.201,150.507,150.596,11251
2025-10-20 08:00:00,150.597,150.83,150.495,150.583,16078
2025-10-20 12:00:00,150.579,150.853,150.269,150.669,14846
2025-10-20 16:00:00,150.674,150.848,150.406,150.683,15146
2025-10-20 20:00:00,150.68,150.827,150.623,150.732,6081
2025-10-21 00:00:00,150.682,150.846,150.462,150.655,6640
2025-10-21 04:00:00,150.658,151.234,150.524,151.078,12188
2025-10-21 08:00:00,151.077,151.675,150.888,151.608,20404
2025-10-21 12:00:00,151.607,152.173,151.591,152.027,17166
2025-10-21 16:00:00,152.029,152.088,151.455,151.85,20098
2025-10-21 20:00:00,151.847,151.971,151.811,151.911,6744
2025-10-22 00:00:00,151.841,151.955,151.601,151.627,6907
2025-10-22 04:00:00,151.618,151.873,151.483,151.757,10113
2025-10-22 08:00:00,151.758,151.949,151.619,151.687,16849
2025-10-22 12:00:00,151.689,151.968,151.644,151.927,17057
2025-10-22 16:00:00,151.926,152.045,151.501,151.761,19318
2025-10-22 20:00:00,151.766,152.008,151.603,151.936,10536
2025-10-23 00:00:00,151.91,152.259,151.819,152.149,7393
2025-10-23 04:00:00,152.151,152.566,152.117,152.407,7945
2025-10-23 08:00:00,152.409,152.649,152.318,152.607,12854
2025-10-23 12:00:00,152.608,152.792,152.452,152.535,12805
2025-10-23 16:00:00,152.536,152.795,152.474,152.718,15184
2025-10-23 20:00:00,152.72,152.761,152.491,152.583,6443
2025-10-24 00:00:00,152.525,152.668,152.471,152.647,5510
2025-10-24 04:00:00,152.646,152.914,152.638,152.889,9135
2025-10-24 08:00:00,152.888,153.062,152.752,152.947,14072
2025-10-24 12:00:00,152.948,152.993,152.207,152.674,13340
2025-10-24 16:00:00,152.673,153.018,152.597,152.84,17018
2025-10-24 20:00:00,152.838,152.894,152.747,152.867,5320
2025-10-27 00:00:00,152.758,153.176,152.758,152.889,8780
2025-10-27 04:00:00,152.89,153.159,152.653,153.137,9719
2025-10-27 08:00:00,153.138,153.252,152.744,152.817,14220
2025-10-27 12:00:00,152.818,152.893,152.562,152.838,13259
2025-10-27 16:00:00,152.839,153.196,152.806,152.993,14228
2025-10-27 20:00:00,152.994,153.094,152.756,152.885,6514
2025-10-28 00:00:00,152.837,152.847,152.394,152.493,5943
2025-10-28 04:00:00,152.495,152.509,151.85,151.876,12778
2025-10-28 08:00:00,151.877,152.35,151.755,151.951,18225
2025-10-28 12:00:00,151.952,152.216,151.819,152.13,14787
2025-10-28 16:00:00,152.133,152.371,151.849,152.11,17993
2025-10-28 20:00:00,152.108,152.244,151.945,152.093,7656
2025-10-29 00:00:00,152.085,152.193,151.538,151.633,8404
2025-10-29 04:00:00,151.635,152.139,151.551,152.07,10297
2025-10-29 08:00:00,152.072,152.537,151.998,152.331,14000
2025-10-29 12:00:00,152.344,152.468,152.135,152.241,12356
2025-10-29 16:00:00,152.241,152.242,151.858,152.15,14881
2025-10-29 20:00:00,152.149,153.059,152.087,152.725,19571
2025-10-30 00:00:00,152.651,152.943,152.502,152.632,7429
2025-10-30 04:00:00,152.636,153.133,152.156,152.768,18132
2025-10-30 08:00:00,152.769,153.886,152.674,153.745,19755
2025-10-30 12:00:00,153.747,154.289,153.62,154.289,15285
2025-10-30 16:00:00,154.305,154.445,154.04,154.095,18882
2025-10-30 20:00:00,154.094,154.167,154.018,154.096,8329
2025-10-31 00:00:00,154.098,154.164,153.816,153.895,6578
2025-10-31 04:00:00,153.894,154.065,153.65,153.936,9056
2025-10-31 08:00:00,153.934,154.41,153.83,154.245,14054
2025-10-31 12:00:00,154.246,154.289,153.889,154.133,12211
2025-10-31 16:00:00,154.139,154.228,153.889,154.115,17776
2025-10-31 20:00:00,154.113,154.175,154.025,154.047,7274
2025-11-03 00:00:00,153.979,154.244,153.961,154.115,7275
2025-11-03 04:00:00,154.114,154.132,153.987,154.117,6375
2025-11-03 08:00:00,154.118,154.279,154.047,154.166,11203
2025-11-03 12:00:00,154.167,154.294,154.093,154.248,8657
2025-11-03 16:00:00,154.247,154.268,153.907,154.151,12258
2025-11-03 20:00:00,154.15,154.249,154.114,154.203,5719
2025-11-04 00:00:00,154.196,154.483,154.165,154.327,7559
2025-11-04 04:00:00,154.328,154.355,153.685,153.733,10231
2025-11-04 08:00:00,153.73,153.79,153.326,153.482,15725
2025-11-04 12:00:00,153.48,153.622,153.312,153.387,11630
2025-11-04 16:00:00,153.388,153.639,153.337,153.59,13319
2025-11-04 20:00:00,153.591,153.692,153.544,153.669,6517
2025-11-05 00:00:00,153.634,153.745,152.956,153.157,11709
2025-11-05 04:00:00,153.156,153.564,153.061,153.519,11395
2025-11-05 08:00:00,153.521,153.738,153.418,153.688,11701
2025-11-05 12:00:00,153.693,153.986,153.562,153.978,11467
2025-11-05 16:00:00,153.98,154.353,153.893,154.073,14429
2025-11-05 20:00:00,154.072,154.142,154.002,154.101,5368
2025-11-06 00:00:00,154.07,154.14,153.801,153.869,7243
2025-11-06 04:00:00,153.863,154.025,153.793,153.883,6725
2025-11-06 08:00:00,153.884,154.004,153.526,153.721,10138
2025-11-06 12:00:00,153.724,153.775,153.4,153.502,10897
2025-11-06 16:00:00,153.503,153.587,152.83,153.015,16435
2025-11-06 20:00:00,153.013,153.153,152.919,153.068,8694
2025-11-07 00:00:00,153.044,153.304,152.813,153.129,9561
2025-11-07 04:00:00,153.128,153.364,152.959,153.347,7985
2025-11-07 08:00:00,153.353,153.532,153.348,153.492,10682
2025-11-07 12:00:00,153.49,153.495,153.008,153.356,12583
2025-11-07 16:00:00,153.358,153.473,153.014,153.096,17271
2025-11-07 20:00:00,153.095,153.588,153.033,153.412,9299
2025-11-10 00:00:00,153.678,153.948,153.435,153.832,13235
2025-11-10 04:00:00,153.831,154.063,153.781,153.94,11741
2025-11-10 08:00:00,153.938,154.23,153.903,154.158,16453
2025-11-10 12:00:00,154.159,154.246,153.982,154.056,11091
2025-11-10 16:00:00,154.058,154.162,153.889,153.953,14428
2025-11-10 20:00:00,153.952,154.162,153.921,154.153,6437
2025-11-11 00:00:00,153.956,154.493,153.956,154.325,9736
2025-11-11 04:00:00,154.324,154.39,154.082,154.126,8574
2025-11-11 08:00:00,154.127,154.443,154.083,154.328,11125
2025-11-11 12:00:00,154.329,154.359,153.661,153.772,11874
2025-11-11 16:00:00,153.769,154.135,153.703,154.071,14122
2025-11-11 20:00:00,154.072,154.169,154.05,154.14,5067
2025-11-12 00:00:00,154.113,154.35,154.026,154.321,9315
2025-11-12 04:00:00,154.328,154.788,154.235,154.641,10073
2025-11-12 08:00:00,154.642,154.905,154.49,154.843,13182
2025-11-12 12:00:00,154.841,154.989,154.702,154.941,11684
2025-11-12 16:00:00,154.942,155.042,154.491,154.592,14056
2025-11-12 20:00:00,154.595,154.865,154.577,154.804,6962
2025-11-13 00:00:00,154.756,155.017,154.684,154.732,9802
2025-11-13 04:00:00,154.731,154.999,154.62,154.95,10161
2025-11-13 08:00:00,154.951,155.004,154.324,154.525,16493
2025-11-13 12:00:00,154.524,154.765,154.481,154.646,14317
2025-11-13 16:00:00,154.643,154.676,154.123,154.316,21855
2025-11-13 20:00:00,154.317,154.586,154.274,154.482,10955
2025-11-14 00:00:00,154.499,154.746,154.436,154.5,11966
2025-11-14 04:00:00,154.499,154.575,154.308,154.481,11747
2025-11-14 08:00:00,154.482,154.732,154.431,154.688,18822
2025-11-14 12:00:00,154.69,154.762,153.614,154.086,20092
2025-11-14 16:00:00,154.088,154.741,153.98,154.641,22604
2025-11-14 20:00:00,154.64,154.657,154.494,154.504,11000
2025-11-17 00:00:00,154.493,154.655,154.413,154.569,12075
2025-11-17 04:00:00,154.571,154.782,154.566,154.69,8760
2025-11-17 08:00:00,154.688,154.831,154.623,154.753,14372
2025-11-17 12:00:00,154.754,154.912,154.692,154.89,12084
2025-11-17 16:00:00,154.889,155.301,154.864,155.154,13862
2025-11-17 20:00:00,155.153,155.254,155.065,155.224,8378
2025-11-18 00:00:00,155.188,155.373,155.142,155.199,9020
2025-11-18 04:00:00,155.198,155.285,154.813,155.082,14044
2025-11-18 08:00:00,155.083,155.264,154.866,155.229,21633
2025-11-18 12:00:00,155.231,155.441,155.054,155.17,15085
2025-11-18 16:00:00,155.171,155.694,155.047,155.69,21526
2025-11-18 20:00:00,155.692,155.729,155.477,155.531,10937
2025-11-19 00:00:00,155.464,155.587,155.367,155.494,11633
2025-11-19 04:00:00,155.495,155.547,155.213,155.365,13239
2025-11-19 08:00:00,155.364,155.96,155.324,155.953,14691
2025-11-19 12:00:00,155.954,156.295,155.933,156.281,15492
2025-11-19 16:00:00,156.283,156.866,156.262,156.755,19999
2025-11-19 20:00:00,156.753,157.176,156.685,157.171,11846
2025-11-20 00:00:00,157.106,157.435,156.879,157.42,11421
2025-11-20 04:00:00,157.424,157.572,157.26,157.554,11653
2025-11-20 08:00:00,157.56,157.775,157.109,157.178,15833
2025-11-20 12:00:00,157.18,157.838,157.15,157.571,16077
2025-11-20 16:00:00,157.57,157.892,157.261,157.518,28135
2025-11-20 20:00:00,157.516,157.693,157.429,157.448,15516
2025-11-21 00:00:00,157.491,157.54,157.189,157.485,11727
2025-11-21 04:00:00,157.445,157.484,157.081,157.225,12482
2025-11-21 08:00:00,157.226,157.257,156.562,156.758,18280
2025-11-21 12:00:00,156.759,156.894,156.553,156.81,20963
2025-11-21 16:00:00,156.811,156.963,156.198,156.54,25557
2025-11-21 20:00:00,156.543,156.638,156.261,156.331,10784
2025-11-24 00:00:00,156.323,156.799,156.309,156.719,10057
2025-11-24 04:00:00,156.714,156.734,156.491,156.576,8328
2025-11-24 08:00:00,156.582,156.934,156.539,156.746,14920
2025-11-24 12:00:00,156.746,156.984,156.698,156.912,12639
2025-11-24 16:00:00,156.913,157.187,156.736,156.886,15198
2025-11-24 20:00:00,156.885,156.906,156.704,156.899,6221
2025-11-25 00:00:00,156.851,156.982,156.554,156.651,7988
2025-11-25 04:00:00,156.65,156.848,156.606,156.731,6751
2025-11-25 08:00:00,156.737,156.793,156.14,156.297,12812
2025-11-25 12:00:00,156.305,156.52,156.017,156.145,14950
2025-11-25 16:00:00,156.14,156.334,155.8,155.899,20637
2025-11-25 20:00:00,155.898,156.186,155.803,156.067,8839
2025-11-26 00:00:00,155.979,156.369,155.813,155.946,11930
2025-11-26 04:00:00,155.946,156.183,155.652,156.114,13831
2025-11-26 08:00:00,156.115,156.503,156.043,156.453,16779
2025-11-26 12:00:00,156.452,156.684,156.325,156.662,18235
2025-11-26 16:00:00,156.663,156.735,156.287,156.404,15937
2025-11-26 20:00:00,156.405,156.509,156.343,156.437,7304
2025-11-27 00:00:00,156.427,156.431,155.719,156.051,10724
2025-11-27 04:00:00,156.045,156.182,155.811,155.983,8513
2025-11-27 08:00:00,155.986,156.401,155.912,156.353,11357
2025-11-27 12:00:00,156.352,156.385,156.243,156.265,9104
2025-11-27 16:00:00,156.264,156.364,156.235,156.33,6618
2025-11-27 20:00:00,156.329,156.367,156.259,156.29,3353
2025-11-28 00:00:00,156.279,156.578,156.173,156.375,8449
2025-11-28 04:00:00,156.376,156.406,156.093,156.346,32051
2025-11-28 08:00:00,156.34,156.439,156.211,156.317,34185
2025-11-28 12:00:00,156.318,156.376,156.0,156.016,25349
2025-11-28 16:00:00,156.014,156.388,155.98,156.21,15447
2025-11-28 20:00:00,156.209,156.237,156.058,156.137,10028
2025-12-01 00:00:00,156.066,156.15,155.479,155.64,11069
2025-12-01 04:00:00,155.641,155.653,155.392,155.592,7404
2025-12-01 08:00:00,155.591,155.691,155.257,155.282,13873
2025-12-01 12:00:00,155.285,155.339,154.665,154.84,14009
2025-12-01 16:00:00,154.841,155.383,154.835,155.35,14707
2025-12-01 20:00:00,155.349,155.522,155.34,155.473,6457
2025-12-02 00:00:00,155.429,155.773,155.399,155.63,6060
2025-12-02 04:00:00,155.631,155.731,155.551,155.65,5380
2025-12-02 08:00:00,155.651,156.077,155.633,155.959,8190
2025-12-02 12:00:00,156.042,156.071,155.892,155.983,7692
2025-12-02 16:00:00,155.96,156.173,155.753,155.942,12185
2025-12-02 20:00:00,155.941,156.019,155.798,155.868,8575
2025-12-03 00:00:00,155.789,155.901,155.605,155.655,5423
2025-12-03 04:00:00,155.656,155.8,155.623,155.693,4552
2025-12-03 08:00:00,155.692,155.754,155.508,155.62,10068
2025-12-03 12:00:00,155.619,155.64,155.229,155.488,10450
2025-12-03 16:00:00,155.491,155.595,155.011,155.121,17081
2025-12-03 20:00:00,155.122,155.314,155.071,155.224,7027
2025-12-04 00:00:00,155.183,155.406,155.017,155.26,6617
2025-12-04 04:00:00,155.254,155.539,155.184,155.223,7401
2025-12-04 08:00:00,155.222,155.449,154.772,154.814,12673
2025-12-04 12:00:00,154.815,154.918,154.507,154.802,12946
2025-12-04 16:00:00,154.8,154.962,154.555,154.936,14846
2025-12-04 20:00:00,154.947,155.133,154.894,155.117,9795
2025-12-05 00:00:00,155.031,155.227,154.916,155.016,6523
2025-12-05 04:00:00,155.014,155.152,154.543,154.6,8220
2025-12-05 08:00:00,154.597,154.964,154.338,154.915,13662
2025-12-05 12:00:00,154.917,155.259,154.888,155.194,11745
2025-12-05 16:00:00,155.195,155.492,155.114,155.28,18223
2025-12-05 20:00:00,155.281,155.364,155.238,155.359,8793
2025-12-08 00:00:00,155.134,155.381,154.911,154.929,8287
2025-12-08 04:00:00,154.93,155.266,154.9,155.194,9056
2025-12-08 08:00:00,155.191,155.542,155.098,155.471,15652
2025-12-08 12:00:00,155.472,155.658,155.405,155.625,14325
2025-12-08 16:00:00,155.624,155.983,155.389,155.749,19032
2025-12-08 20:00:00,155.745,155.958,155.7,155.907,8848
2025-12-09 00:00:00,155.862,156.035,155.766,155.796,8205
2025-12-09 04:00:00,155.798,156.106,155.736,156.008,9323
2025-12-09 08:00:00,156.007,156.432,155.954,156.084,16845
2025-12-09 12:00:00,156.085,156.511,156.043,156.344,15755
2025-12-09 16:00:00,156.343,156.921,156.312,156.914,18843
2025-12-09 20:00:00,156.915,156.953,156.804,156.895,7993
2025-12-10 00:00:00,156.757,156.937,156.666,156.707,8319
2025-12-10 04:00:00,156.708,156.72,156.556,156.706,6410
2025-12-10 08:00:00,156.707,156.887,156.575,156.818,11632
2025-12-10 12:00:00,156.819,156.856,156.551,156.551,12751
2025-12-10 16:00:00,156.552,156.628,156.24,156.304,14032
2025-12-10 20:00:00,156.305,156.674,155.791,156.065,19529
2025-12-11 00:00:00,155.936,156.023,155.566,155.716,10493
2025-12-11 04:00:00,155.717,156.068,155.479,156.064,12010
2025-12-11 08:00:00,156.061,156.163,155.784,155.861,16302
2025-12-11 12:00:00,155.86,155.947,155.229,155.284,17750
2025-12-11 16:00:00,155.283,155.296,154.941,155.239,19229
2025-12-11 20:00:00,155.24,155.67,155.211,155.545,10319
2025-12-12 00:00:00,155.56,155.766,155.443,155.664,11229
2025-12-12 04:00:00,155.666,155.771,155.63,155.74,8284
2025-12-12 08:00:00,155.741,155.909,155.537,155.885,14851
2025-12-12 12:00:00,155.886,156.127,155.773,156.044,11973
2025-12-12 16:00:00,156.046,156.096,155.678,155.779,19175
2025-12-12 20:00:00,155.774,155.936,155.717,155.838,8573
2025-12-15 00:00:00,155.786,155.981,155.601,155.608,9245
2025-12-15 04:00:00,155.619,155.647,155.031,155.033,12516
2025-12-15 08:00:00,155.038,155.294,154.934,154.964,15313
2025-12-15 12:00:00,154.966,155.157,154.849,155.157,11455
2025-12-15 16:00:00,155.169,155.366,154.832,155.307,17395
2025-12-15 20:00:00,155.306,155.397,155.186,155.227,6482
2025-12-16 00:00:00,155.257,155.263,154.731,154.86,11937
2025-12-16 04:00:00,154.861,154.922,154.683,154.84,11756
2025-12-16 08:00:00,154.841,154.978,154.767,154.836,15582
2025-12-16 12:00:00,154.835,154.903,154.393,154.714,16407
2025-12-16 16:00:00,154.713,154.996,154.462,154.677,24321
2025-12-16 20:00:00,154.676,154.911,154.567,154.723,10932
2025-12-17 00:00:00,154.677,154.872,154.514,154.675,10129
2025-12-17 04:00:00,154.674,155.169,154.674,155.149,11831
2025-12-17 08:00:00,155.148,155.598,155.126,155.531,18204
2025-12-17 12:00:00,155.533,155.636,155.382,155.434,15294
2025-12-17 16:00:00,155.435,155.631,155.348,155.533,19203
2025-12-17 20:00:00,155.534,155.745,155.495,155.682,8176
2025-12-18 00:00:00,155.627,155.772,155.423,155.771,9868
2025-12-18 04:00:00,155.772,155.88,155.659,155.803,10670
2025-12-18 08:00:00,155.804,155.952,155.76,155.933,15033
2025-12-18 12:00:00,155.932,155.973,155.335,155.591,16913
2025-12-18 16:00:00,155.593,155.693,155.279,155.641,20600
2025-12-18 20:00:00,155.638,155.707,155.492,155.55,7884
2025-12-19 00:00:00,155.456,155.79,155.441,155.74,8560
2025-12-19 04:00:00,155.737,156.167,155.584,155.986,16845
2025-12-19 08:00:00,155.99,157.211,155.846,157.197,23358
2025-12-19 12:00:00,157.204,157.398,157.127,157.323,15682
2025-12-19 16:00:00,157.322,157.665,156.931,157.436,18844
2025-12-19 20:00:00,157.437,157.755,157.398,157.751,8912
2025-12-22 00:00:00,157.447,157.702,157.253,157.292,13962
2025-12-22 04:00:00,157.291,157.466,157.226,157.358,11411
2025-12-22 08:00:00,157.359,157.57,157.265,157.457,14022
2025-12-22 12:00:00,157.456,157.46,156.868,157.187,14325
2025-12-22 16:00:00,157.182,157.22,156.701,156.841,17931
2025-12-22 20:00:00,156.84,157.039,156.84,157.024,7546
2025-12-23 00:00:00,157.005,157.03,156.421,156.458,10527
2025-12-23 04:00:00,156.46,156.482,155.908,156.01,13466
2025-12-23 08:00:00,156.009,156.182,155.65,155.963,18103
2025-12-23 12:00:00,155.962,156.364,155.863,156.336,16308
2025-12-23 16:00:00,156.335,156.537,156.205,156.292,18904
2025-12-23 20:00:00,156.293,156.34,156.173,156.191,8091
2025-12-24 00:00:00,156.206,156.281,155.602,155.656,12466
2025-12-24 04:00:00,155.634,156.058,155.553,155.795,12382
2025-12-24 08:00:00,155.794,155.968,155.66,155.832,16152
2025-12-24 12:00:00,155.834,156.067,155.817,156.01,14642
2025-12-24 16:00:00,156.019,156.034,155.675,155.966,14986
2025-12-24 20:00:00,155.967,156.019,155.806,155.959,6323
2025-12-26 00:00:00,155.91,156.486,155.752,156.281,12418
2025-12-26 04:00:00,156.283,156.307,155.987,156.203,11745
2025-12-26 08:00:00,156.201,156.468,156.085,156.46,11694
2025-12-26 12:00:00,156.464,156.482,156.224,156.326,11464
2025-12-26 16:00:00,156.318,156.727,156.274,156.568,15439
2025-12-26 20:00:00,156.567,156.595,156.435,156.576,7024
2025-12-29 00:00:00,156.434,156.529,156.054,156.31,15439
2025-12-29 04:00:00,156.313,156.509,156.241,156.305,11804
2025-12-29 08:00:00,156.309,156.397,156.047,156.326,14624
2025-12-29 12:00:00,156.327,156.422,156.187,156.23,14254
2025-12-29 16:00:00,156.229,156.287,155.913,156.184,17445
2025-12-29 20:00:00,156.185,156.248,155.987,156.038,6873
2025-12-30 00:00:00,155.98,156.328,155.918,156.221,10352
2025-12-30 04:00:00,156.22,156.337,156.007,156.037,11869
2025-12-30 08:00:00,156.038,156.105,155.849,155.921,14298
2025-12-30 12:00:00,155.928,156.208,155.743,156.194,13441
2025-12-30 16:00:00,156.193,156.567,156.121,156.328,14699
2025-12-30 20:00:00,156.333,156.522,156.306,156.423,6981
2025-12-31 00:00:00,156.319,156.465,156.319,156.428,6867
2025-12-31 04:00:00,156.435,156.632,156.42,156.585,7057
2025-12-31 08:00:00,156.584,156.652,156.506,156.631,10331
2025-12-31 12:00:00,156.622,156.832,156.552,156.808,12860
2025-12-31 16:00:00,156.81,156.993,156.644,156.818,18413
2025-12-31 20:00:00,156.819,156.921,156.61,156.671,7964
2026-01-02 00:00:00,156.63,156.885,156.515,156.632,5582
2026-01-02 04:00:00,156.633,156.938,156.592,156.905,5909
2026-01-02 08:00:00,156.906,156.995,156.768,156.913,12279
2026-01-02 12:00:00,156.912,156.999,156.797,156.903,10689
2026-01-02 16:00:00,156.902,156.917,156.559,156.767,15167
2026-01-02 20:00:00,156.766,156.953,156.759,156.827,7547
2026-01-05 00:00:00,156.69,157.248,156.68,157.013,14207
2026-01-05 04:00:00,157.011,157.296,156.948,157.178,13272
2026-01-05 08:00:00,157.181,157.23,156.685,156.925,16669
2026-01-05 12:00:00,156.924,156.976,156.46,156.824,17085
2026-01-05 16:00:00,156.821,156.852,156.263,156.328,19223
2026-01-05 20:00:00,156.33,156.412,156.11,156.387,7982
2026-01-06 00:00:00,156.302,156.792,156.302,156.45,10524
2026-01-06 04:00:00,156.449,156.501,156.238,156.427,10780
2026-01-06 08:00:00,156.426,156.482,156.16,156.377,16283
2026-01-06 12:00:00,156.376,156.579,156.278,156.371,16051
2026-01-06 16:00:00,156.372,156.739,156.301,156.689,18408
2026-01-06 20:00:00,156.688,156.745,156.567,156.66,6253
2026-01-07 00:00:00,156.6,156.804,156.538,156.717,8861
2026-01-07 04:00:00,156.716,156.728,156.36,156.38,8484
2026-01-07 08:00:00,156.382,156.585,156.294,156.463,12619
2026-01-07 12:00:00,156.462,156.58,156.357,156.415,12471
2026-01-07 16:00:00,156.421,156.799,156.39,156.617,17965
2026-01-07 20:00:00,156.616,156.797,156.591,156.748,6913
2026-01-08 00:00:00,156.729,156.942,156.62,156.911,7063
2026-01-08 04:00:00,156.909,156.953,156.626,156.667,8180
2026-01-08 08:00:00,156.669,156.78,156.453,156.744,13939
2026-01-08 12:00:00,156.745,156.958,156.662,156.957,10646
2026-01-08 16:00:00,156.959,157.07,156.768,156.808,15268
2026-01-08 20:00:00,156.807,156.991,156.79,156.845,6319
2026-01-09 00:00:00,156.727,157.166,156.722,157.161,7879
2026-01-09 04:00:00,157.159,157.386,157.116,157.375,8830
2026-01-09 08:00:00,157.376,157.735,157.337,157.707,12607
2026-01-09 12:00:00,157.708,157.798,157.372,157.486,15344
2026-01-09 16:00:00,157.493,158.186,157.368,158.049,23403
2026-01-09 20:00:00,158.051,158.065,157.832,157.938,8057
2026-01-12 00:00:00,158.024,158.205,157.515,157.746,12730
2026-01-12 04:00:00,157.747,158.18,157.666,158.004,10577
2026-01-12 08:00:00,158.003,158.064,157.67,157.891,15472
2026-01-12 12:00:00,157.889,157.959,157.705,157.84,13402
2026-01-12 16:00:00,157.841,158.167,157.828,158.087,15475
2026-01-12 20:00:00,158.09,158.198,158.048,158.135,5607
2026-01-13 00:00:00,158.099,158.498,157.888,158.482,11116
2026-01-13 04:00:00,158.496,158.91,158.332,158.784,12353
2026-01-13 08:00:00,158.783,159.047,158.729,158.89,15314
2026-01-13 12:00:00,158.889,158.955,158.566,158.881,15573
2026-01-13 16:00:00,158.886,159.188,158.802,159.025,19391
2026-01-13 20:00:00,159.023,159.163,158.999,159.163,6560
2026-01-14 00:00:00,159.084,159.453,159.05,159.337,9053
2026-01-14 04:00:00,159.336,159.389,159.079,159.332,9463
2026-01-14 08:00:00,159.333,159.346,158.67,158.757,17902
2026-01-14 12:00:00,158.759,158.821,158.152,158.594,16724
2026-01-14 16:00:00,158.597,158.669,158.101,158.299,20316
2026-01-14 20:00:00,158.299,158.593,158.299,158.489,8639
2026-01-15 00:00:00,158.371,158.575,158.192,158.352,10006
2026-01-15 04:00:00,158.353,158.645,158.305,158.431,9241
2026-01-15 08:00:00,158.428,158.73,158.302,158.397,15301
2026-01-15 12:00:00,158.39,158.853,158.342,158.827,13211
2026-01-15 16:00:00,158.828,158.877,158.408,158.507,16638
2026-01-15 20:00:00,158.503,158.669,158.46,158.64,7544
2026-01-16 00:00:00,158.595,158.697,158.468,158.595,6529
2026-01-16 04:00:00,158.596,158.626,157.965,158.377,10131
2026-01-16 08:00:00,158.376,158.445,158.009,158.194,12329
2026-01-16 12:00:00,158.193,158.219,157.941,158.019,12472
2026-01-16 16:00:00,158.018,158.263,157.821,158.139,18184
2026-01-16 20:00:00,158.139,158.24,158.034,158.081,7846
2026-01-19 00:00:00,157.883,157.932,157.423,157.684,15565
2026-01-19 04:00:00,157.683,157.943,157.683,157.898,9782
2026-01-19 08:00:00,157.902,158.164,157.742,157.925,13402
2026-01-19 12:00:00,157.927,158.106,157.825,157.915,9849
2026-01-19 16:00:00,157.916,158.137,157.859,158.03,9195
2026-01-19 20:00:00,158.031,158.153,158.001,158.114,3340
2026-01-20 00:00:00,158.023,158.279,157.844,157.948,9489
2026-01-20 04:00:00,157.947,158.122,157.892,158.101,9748
2026-01-20 08:00:00,158.098,158.601,157.555,157.729,21648
2026-01-20 12:00:00,157.725,157.967,157.466,157.842,19101
2026-01-20 16:00:00,157.841,158.11,157.743,157.953,20280
2026-01-20 20:00:00,157.955,158.296,157.946,158.149,10238
2026-01-21 00:00:00,158.132,158.28,157.855,157.959,9685
2026-01-21 04:00:00,157.96,158.235,157.887,158.204,8776
2026-01-21 08:00:00,158.201,158.255,157.816,158.003,11700
2026-01-21 12:00:00,158.004,158.086,157.746,157.885,12107
2026-01-21 16:00:00,157.884,158.308,157.873,158.14,22965
2026-01-21 20:00:00,158.141,158.532,158.112,158.303,12043
2026-01-22 00:00:00,158.279,158.486,158.173,158.349,8980
2026-01-22 04:00:00,158.348,158.732,158.339,158.714,9070
2026-01-22 08:00:00,158.715,158.892,158.606,158.694,13002
2026-01-22 12:00:00,158.692,158.855,158.534,158.699,14263
2026-01-22 16:00:00,158.7,158.759,158.236,158.306,17460
2026-01-22 20:00:00,158.308,158.468,158.276,158.418,8418
2026-01-23 00:00:00,158.325,158.659,158.325,158.639,7643
2026-01-23 04:00:00,158.638,158.737,158.469,158.623,8423
2026-01-23 08:00:00,158.625,159.223,157.329,158.005,22381
2026-01-23 12:00:00,158.003,158.314,157.992,158.265,12846
2026-01-23 16:00:00,158.266,158.337,156.125,156.358,24178
2026-01-23 20:00:00,156.357,156.632,155.617,155.702,19585
2026-01-26 00:00:00,154.827,155.343,154.199,154.422,21437
2026-01-26 04:00:00,154.423,154.481,153.808,154.106,19523
2026-01-26 08:00:00,154.107,154.414,153.396,153.669,24916
2026-01-26 12:00:00,153.668,154.332,153.301,154.059,20796
2026-01-26 16:00:00,154.058,154.131,153.614,153.971,19718
2026-01-26 20:00:00,153.97,154.271,153.857,154.215,14417
2026-01-27 00:00:00,154.132,154.447,154.077,154.346,10368
2026-01-27 04:00:00,154.347,154.64,154.085,154.497,11937
2026-01-27 08:00:00,154.497,154.876,153.188,153.74,17115
2026-01-27 12:00:00,153.751,154.191,152.997,153.251,26680
2026-01-27 16:00:00,153.243,153.373,152.605,152.763,25376
2026-01-27 20:00:00,152.762,152.878,152.092,152.182,18265
2026-01-28 00:00:00,152.258,152.993,152.164,152.987,17038
2026-01-28 04:00:00,152.988,153.065,152.473,152.628,14540
2026-01-28 08:00:00,152.642,152.803,152.278,152.708,21712
2026-01-28 12:00:00,152.709,152.911,152.349,152.849,18303
2026-01-28 16:00:00,152.849,153.785,152.648,153.526,27275
2026-01-28 20:00:00,153.527,154.043,153.297,153.401,21252
2026-01-29 00:00:00,153.387,153.419,152.763,153.26,15936
2026-01-29 04:00:00,153.265,153.392,152.901,153.013,14394
2026-01-29 08:00:00,153.014,153.456,152.92,153.313,17865
2026-01-29 12:00:00,153.311,153.535,153.172,153.332,17799
2026-01-29 16:00:00,153.331,153.51,152.676,152.9,31389
2026-01-29 20:00:00,152.903,153.211,152.902,153.099,14539
2026-01-30 00:00:00,152.923,153.787,152.862,153.754,15925
2026-01-30 04:00:00,153.753,154.132,153.649,153.919,18679
2026-01-30 08:00:00,153.918,154.283,153.706,154.274,23144
2026-01-30 12:00:00,154.275,154.38,153.795,154.365,22292
2026-01-30 16:00:00,154.365,154.758,154.163,154.441,27273
2026-01-30 20:00:00,154.446,154.79,154.286,154.766,22560
2026-02-02 00:00:00,154.824,155.508,154.816,155.035,19859
2026-02-02 04:00:00,155.036,155.143,154.752,154.89,20297
2026-02-02 08:00:00,154.892,155.064,154.548,154.771,23088
2026-02-02 12:00:00,154.772,155.296,154.708,155.221,18863
2026-02-02 16:00:00,155.228,155.702,155.141,155.507,25161
2026-02-02 20:00:00,155.507,155.785,155.502,155.606,13348
2026-02-03 00:00:00,155.618,155.623,155.408,155.469,12243
2026-02-03 04:00:00,155.47,155.554,155.299,155.428,13171
2026-02-03 08:00:00,155.426,155.875,155.302,155.872,17081
2026-02-03 12:00:00,155.873,155.981,155.77,155.883,13929
2026-02-03 16:00:00,155.88,156.079,155.524,155.72,20620
2026-02-03 20:00:00,155.722,155.808,155.601,155.746,14213
2026-02-04 00:00:00,155.716,156.185,155.69,156.135,10145
2026-02-04 04:00:00,156.139,156.39,156.121,156.296,9535
2026-02-04 08:00:00,156.295,156.666,156.231,156.642,12751
2026-02-04 12:00:00,156.645,156.852,156.457,156.475,15122
2026-02-04 16:00:00,156.473,156.736,156.347,156.671,23846
2026-02-04 20:00:00,156.671,156.942,156.629,156.903,13859
2026-02-05 00:00:00,156.766,156.979,156.702,156.861,9092
2026-02-05 04:00:00,156.859,156.986,156.68,156.977,12266
2026-02-05 08:00:00,156.979,157.335,156.852,157.329,17466
2026-02-05 12:00:00,157.316,157.334,156.53,156.591,20816
2026-02-05 16:00:00,156.592,157.015,156.547,156.804,25096
2026-02-05 20:00:00,156.805,157.092,156.769,157.037,10643
2026-02-06 00:00:00,156.897,157.05,156.507,156.659,15135
2026-02-06 04:00:00,156.658,156.827,156.594,156.757,10757
2026-02-06 08:00:00,156.759,157.072,156.672,157.05,14571
2026-02-06 12:00:00,157.051,157.154,156.899,156.93,12812
2026-02-06 16:00:00,156.929,157.13,156.777,157.049,17958
2026-02-06 20:00:00,157.05,157.25,156.997,157.222,8609
2026-02-09 00:00:00,157.484,157.656,156.213,156.629,19893
2026-02-09 04:00:00,156.628,156.932,156.521,156.61,11914
2026-02-09 08:00:00,156.611,156.776,156.29,156.642,20342
2026-02-09 12:00:00,156.643,156.747,155.911,155.929,22471
2026-02-09 16:00:00,155.929,156.143,155.518,155.962,19844
2026-02-09 20:00:00,155.963,156.029,155.636,155.873,10783
2026-02-10 00:00:00,155.774,156.29,155.669,155.73,10936
2026-02-10 04:00:00,155.732,155.832,155.086,155.305,12201
2026-02-10 08:00:00,155.303,155.632,155.247,155.281,15371
2026-02-10 12:00:00,155.281,155.304,154.729,154.758,16742
2026-02-10 16:00:00,154.75,154.793,154.052,154.378,24281
2026-02-10 20:00:00,154.379,154.585,154.241,154.406,10748
2026-02-11 00:00:00,154.34,154.513,153.833,153.979,8886
2026-02-11 04:00:00,153.977,153.977,152.996,153.038,11647
2026-02-11 08:00:00,153.037,153.404,152.799,153.203,18042
2026-02-11 12:00:00,153.204,154.65,152.821,153.827,22030
2026-02-11 16:00:00,153.829,153.961,152.551,152.825,29823
2026-02-11 20:00:00,152.824,153.304,152.561,153.29,13472
2026-02-12 00:00:00,153.036,153.444,152.79,152.853,12649
2026-02-12 04:00:00,152.858,153.189,152.267,153.101,15986
2026-02-12 08:00:00,153.102,153.549,152.797,152.912,20562
2026-02-12 12:00:00,152.909,153.757,152.901,153.264,17573
2026-02-12 16:00:00,153.265,153.395,152.363,152.851,30539
2026-02-12 20:00:00,152.852,152.988,152.665,152.744,15582
2026-02-13 00:00:00,152.712,153.346,152.638,153.268,13111
2026-02-13 04:00:00,153.267,153.392,152.846,153.291,11574
2026-02-13 08:00:00,153.294,153.665,153.114,153.507,16631
2026-02-13 12:00:00,153.506,153.588,152.907,153.066,19601
2026-02-13 16:00:00,153.065,153.225,152.591,152.804,24739
2026-02-13 20:00:00,152.802,152.886,152.622,152.694,9232
2026-02-16 00:00:00,152.639,153.161,152.554,153.02,9950
2026-02-16 04:00:00,153.019,153.247,152.97,153.193,8625
2026-02-16 08:00:00,153.195,153.611,153.074,153.567,12309
2026-02-16 12:00:00,153.571,153.635,153.296,153.333,10078
2026-02-16 16:00:00,153.332,153.569,153.254,153.468,8676
2026-02-16 20:00:00,153.469,153.533,153.448,153.515,2344
2026-02-17 00:00:00,153.411,153.749,153.129,153.144,12166
2026-02-17 04:00:00,153.138,153.257,152.897,152.954,13924
2026-02-17 08:00:00,152.952,153.179,152.698,152.896,15914
2026-02-17 12:00:00,152.899,153.389,152.848,153.277,17486
2026-02-17 16:00:00,153.271,153.922,153.27,153.469,23910
2026-02-17 20:00:00,153.469,153.476,153.184,153.281,8353
2026-02-18 00:00:00,153.181,153.462,153.064,153.438,9232
2026-02-18 04:00:00,153.44,153.7,153.439,153.457,8512
2026-02-18 08:00:00,153.456,153.796,153.391,153.727,12262
2026-02-18 12:00:00,153.726,153.945,153.548,153.942,12650
2026-02-18 16:00:00,153.943,154.602,153.914,154.527,16301
2026-02-18 20:00:00,154.531,154.869,154.342,154.817,11292
2026-02-19 00:00:00,154.754,154.98,154.617,154.95,9132
2026-02-19 04:00:00,154.951,155.321,154.753,155.301,13199
2026-02-19 08:00:00,155.303,155.341,154.705,154.807,15376
2026-02-19 12:00:00,154.808,155.041,154.541,154.913,14594
2026-02-19 16:00:00,154.914,155.281,154.858,155.019,20953
2026-02-19 20:00:00,155.018,155.125,154.827,154.959,8954
2026-02-20 00:00:00,154.941,155.312,154.87,155.142,11131
2026-02-20 04:00:00,155.14,155.365,155.052,155.29,11357
2026-02-20 08:00:00,155.289,155.64,154.946,155.394,15967
2026-02-20 12:00:00,155.396,155.446,155.012,155.417,14097
2026-02-20 16:00:00,155.418,155.536,154.713,154.99,26548
2026-02-20 20:00:00,154.991,155.184,154.807,155.022,13081
2026-02-23 00:00:00,154.846,154.946,153.997,154.213,15382
2026-02-23 04:00:00,154.21,154.487,154.072,154.436,12137
2026-02-23 08:00:00,154.431,154.862,154.224,154.809,15557
2026-02-23 12:00:00,154.807,155.041,154.562,154.618,14843
2026-02-23 16:00:00,154.619,154.821,154.217,154.389,18999
2026-02-23 20:00:00,154.389,154.763,154.387,154.708,9675
2026-02-24 00:00:00,154.541,155.135,154.521,154.968,11307
2026-02-24 04:00:00,154.969,155.31,154.86,155.165,12774
2026-02-24 08:00:00,155.164,156.276,154.942,155.854,20694
2026-02-24 12:00:00,155.855,156.091,155.677,156.057,13564
2026-02-24 16:00:00,156.057,156.172,155.581,155.756,16996
2026-02-24 20:00:00,155.755,155.922,155.686,155.893,7418
2026-02-25 00:00:00,155.766,155.991,155.62,155.776,10021
2026-02-25 04:00:00,155.772,156.041,155.343,155.592,16612
2026-02-25 08:00:00,155.591,156.66,155.525,156.556,16507
2026-02-25 12:00:00,156.557,156.82,156.54,156.691,12783
2026-02-25 16:00:00,156.692,156.758,156.24,156.325,16120
2026-02-25 20:00:00,156.321,156.537,156.279,156.379,6714
2026-02-26 00:00:00,156.309,156.421,155.807,155.823,12335
2026-02-26 04:00:00,155.824,156.094,155.701,155.94,13157
2026-02-26 08:00:00,155.932,156.172,155.892,156.068,15082
2026-02-26 12:00:00,156.069,156.173,155.916,156.157,12489
2026-02-26 16:00:00,156.159,156.398,155.828,156.388,21608
2026-02-26 20:00:00,156.388,156.43,156.051,156.09,10687
2026-02-27 00:00:00,156.149,156.149,155.667,155.98,13341
2026-02-27 04:00:00,155.979,155.979,155.535,155.829,11588
2026-02-27 08:00:00,155.831,156.232,155.772,156.07,15016
2026-02-27 12:00:00,156.069,156.181,155.833,156.17,14524
2026-02-27 16:00:00,156.169,156.221,155.915,156.05,20433
2026-02-27 20:00:00,156.046,156.19,155.881,156.11,9974
2026-03-02 00:00:00,156.087,156.806,156.082,156.214,20465
2026-03-02 04:00:00,156.214,156.852,156.155,156.829,16732
2026-03-02 08:00:00,156.83,157.248,156.798,157.008,22527
2026-03-02 12:00:00,157.007,157.604,156.789,157.518,17593
2026-03-02 16:00:00,157.52,157.75,157.326,157.357,23186
2026-03-02 20:00:00,157.357,157.492,157.113,157.326,15337
2026-03-03 00:00:00,157.374,157.595,157.178,157.288,12519
2026-03-03 04:00:00,157.29,157.431,157.172,157.394,14417
2026-03-03 08:00:00,157.393,157.819,157.149,157.667,21914
2026-03-03 12:00:00,157.668,157.966,157.499,157.802,23093
2026-03-03 16:00:00,157.803,157.952,157.595,157.834,28638
2026-03-03 20:00:00,157.835,157.845,157.469,157.734,17614
2026-03-04 00:00:00,157.489,157.858,157.465,157.589,13229
2026-03-04 04:00:00,157.588,157.641,157.173,157.566,13465
2026-03-04 08:00:00,157.579,157.654,157.085,157.199,18203
2026-03-04 12:00:00,157.198,157.345,156.853,157.293,20570
2026-03-04 16:00:00,157.293,157.406,156.881,156.974,21575
2026-03-04 20:00:00,156.975,157.167,156.966,157.033,9772
2026-03-05 00:00:00,157.029,157.096,156.45,156.762,11887
2026-03-05 04:00:00,156.767,157.214,156.717,157.189,14789
2026-03-05 08:00:00,157.191,157.373,156.899,157.152,21183
2026-03-05 12:00:00,157.156,157.777,157.105,157.762,16468
2026-03-05 16:00:00,157.767,157.844,157.389,157.689,24804
2026-03-05 20:00:00,157.693,157.848,157.413,157.546,16565
2026-03-06 00:00:00,157.547,157.599,157.376,157.479,12021
2026-03-06 04:00:00,157.485,157.875,157.443,157.843,10765
2026-03-06 08:00:00,157.844,157.9,157.5,157.859,14628
2026-03-06 12:00:00,157.858,158.08,157.375,157.873,19829
2026-03-06 16:00:00,157.872,158.089,157.512,157.801,29884
2026-03-06 20:00:00,157.802,157.962,157.614,157.801,15356
2026-03-09 00:00:00,158.053,158.692,158.029,158.648,16286
2026-03-09 04:00:00,158.658,158.899,158.568,158.721,17392
2026-03-09 08:00:00,158.72,158.772,158.322,158.633,24420
2026-03-09 12:00:00,158.634,158.647,158.189,158.574,25023
2026-03-09 16:00:00,158.572,158.582,157.971,158.138,27948
2026-03-09 20:00:00,158.138,158.413,157.644,157.659,19195
2026-03-10 00:00:00,157.652,157.953,157.564,157.592,13745
2026-03-10 04:00:00,157.599,157.932,157.532,157.772,15525
2026-03-10 08:00:00,157.778,157.782,157.272,157.697,16795
2026-03-10 12:00:00,157.699,157.977,157.546,157.806,20477
2026-03-10 16:00:00,157.805,157.911,157.528,157.571,21561
2026-03-10 20:00:00,157.571,158.127,157.397,158.055,20733
2026-03-11 00:00:00,158.024,158.222,157.917,158.192,7381
2026-03-11 04:00:00,158.193,158.391,158.097,158.098,11714
2026-03-11 08:00:00,158.103,158.443,157.861,158.396,14378
2026-03-11 12:00:00,158.398,158.627,158.249,158.609,17727
2026-03-11 16:00:00,158.61,158.862,158.304,158.834,23010
2026-03-11 20:00:00,158.833,158.971,158.815,158.951,11540
2026-03-12 00:00:00,158.897,159.235,158.758,158.974,8964
2026-03-12 04:00:00,158.977,159.154,158.782,159.124,10514
2026-03-12 08:00:00,159.123,159.124,158.672,158.884,13041
2026-03-12 12:00:00,158.885,158.934,158.565,158.891,14557
2026-03-12 16:00:00,158.89,159.288,158.802,159.209,23599
2026-03-12 20:00:00,159.208,159.429,159.11,159.321,13534
2026-03-13 00:00:00,159.32,159.422,159.009,159.093,9363
2026-03-13 04:00:00,159.094,159.68,159.033,159.505,13389
2026-03-13 08:00:00,159.506,159.541,159.317,159.331,17084
2026-03-13 12:00:00,159.329,159.5,159.205,159.332,17005
2026-03-13 16:00:00,159.331,159.634,159.003,159.612,21760
2026-03-13 20:00:00,159.609,159.74,159.545,159.729,11177
2026-03-16 00:00:00,159.463,159.743,159.237,159.298,9772
2026-03-16 04:00:00,159.297,159.636,159.283,159.56,9957
2026-03-16 08:00:00,159.559,159.581,159.169,159.348,13628
2026-03-16 12:00:00,159.349,159.383,158.958,159.132,13113
2026-03-16 16:00:00,159.121,159.354,158.848,159.264,16608
2026-03-16 20:00:00,159.261,159.301,158.912,159.036,12922
2026-03-17 00:00:00,159.073,159.339,158.974,159.313,6733
2026-03-17 04:00:00,159.323,159.453,159.213,159.231,8198
2026-03-17 08:00:00,159.232,159.493,159.057,159.105,12219
2026-03-17 12:00:00,159.103,159.214,158.961,159.031,12356
2026-03-17 16:00:00,159.03,159.112,158.718,158.942,18507
2026-03-17 20:00:00,158.942,159.06,158.893,158.998,8434
2026-03-18 00:00:00,158.997,159.134,158.803,159.065,8911
2026-03-18 04:00:00,159.064,159.086,158.751,158.813,8300
2026-03-18 08:00:00,158.811,158.986,158.565,158.948,11914
2026-03-18 12:00:00,158.949,159.476,158.893,159.442,14864
2026-03-18 16:00:00,159.443,159.584,159.368,159.467,19513
2026-03-18 20:00:00,159.468,159.896,159.251,159.879,16398
2026-03-19 00:00:00,159.807,159.847,159.683,159.776,8705
2026-03-19 04:00:00,159.783,159.814,159.539,159.653,9937
2026-03-19 08:00:00,159.654,159.804,159.036,159.181,18498
2026-03-19 12:00:00,159.179,159.289,158.85,158.905,20363
2026-03-19 16:00:00,158.904,158.936,158.043,158.044,30544
2026-03-19 20:00:00,158.044,158.093,157.505,157.7,17287
2026-03-20 00:00:00,157.665,157.99,157.597,157.86,7038
2026-03-20 04:00:00,157.859,158.412,157.745,158.379,9460
2026-03-20 08:00:00,158.378,158.489,158.257,158.488,10539
2026-03-20 12:00:00,158.487,158.898,158.45,158.699,16610
2026-03-20 16:00:00,158.695,159.286,158.671,159.267,22972
2026-03-20 20:00:00,159.265,159.385,159.143,159.231,15047
2026-03-23 00:00:00,159.224,159.521,159.014,159.501,11595
2026-03-23 04:00:00,159.503,159.619,159.324,159.397,12397
2026-03-23 08:00:00,159.396,159.654,159.305,159.436,17800
2026-03-23 12:00:00,159.44,159.629,158.254,158.511,33021
2026-03-23 16:00:00,158.51,158.844,158.201,158.687,35107
2026-03-23 20:00:00,158.684,158.73,158.015,158.419,15733
2026-03-24 00:00:00,158.405,158.705,158.218,158.572,10386
2026-03-24 04:00:00,158.566,158.791,158.446,158.752,13765
2026-03-24 08:00:00,158.752,158.78,158.4,158.651,17623
2026-03-24 12:00:00,158.642,158.859,158.611,158.817,16846
2026-03-24 16:00:00,158.818,158.951,158.555,158.912,22947
2026-03-24 20:00:00,158.917,159.187,158.365,158.731,21010
2026-03-25 00:00:00,158.676,158.836,158.561,158.646,10304
2026-03-25 04:00:00,158.653,158.941,158.611,158.879,10013
2026-03-25 08:00:00,158.88,159.195,158.723,158.772,13739
2026-03-25 12:00:00,158.771,159.086,158.725,159.022,16876
2026-03-25 16:00:00,159.014,159.296,158.936,159.242,21203
2026-03-25 20:00:00,159.243,159.497,159.148,159.473,12057
2026-03-26 00:00:00,159.441,159.497,159.331,159.471,6596
2026-03-26 04:00:00,159.472,159.533,159.371,159.43,8460
2026-03-26 08:00:00,159.429,159.539,159.282,159.466,11108
2026-03-26 12:00:00,159.455,159.696,159.42,159.634,11754
2026-03-26 16:00:00,159.639,159.7,159.426,159.661,18701
2026-03-26 20:00:00,159.659,159.845,159.35,159.76,11013
2026-03-27 00:00:00,159.657,159.761,159.483,159.56,7398
2026-03-27 04:00:00,159.558,159.639,159.451,159.62,7161
2026-03-27 08:00:00,159.621,159.975,159.57,159.833,11575
2026-03-27 12:00:00,159.827,159.945,159.761,159.874,12352
2026-03-27 16:00:00,159.873,160.294,159.701,160.144,18773
2026-03-27 20:00:00,160.148,160.41,160.068,160.247,11422
2026-03-30 00:00:00,160.139,160.46,159.878,159.879,10663
2026-03-30 04:00:00,159.889,159.995,159.652,159.787,9471
2026-03-30 08:00:00,159.788,159.855,159.567,159.684,12273
2026-03-30 12:00:00,159.683,159.724,159.336,159.369,13364
2026-03-30 16:00:00,159.366,159.635,159.324,159.438,15205
2026-03-30 20:00:00,159.439,159.734,159.412,159.709,8119
2026-03-31 00:00:00,159.667,159.94,159.637,159.881,8404
2026-03-31 04:00:00,159.884,159.971,159.587,159.619,10040
2026-03-31 08:00:00,159.614,159.786,159.48,159.577,10204
2026-03-31 12:00:00,159.571,159.769,159.344,159.366,14078
2026-03-31 16:00:00,159.36,159.44,158.819,158.952,22846
2026-03-31 20:00:00,158.952,158.998,158.659,158.718,14667
2026-04-01 00:00:00,158.757,158.837,158.446,158.783,8166
2026-04-01 04:00:00,158.784,159.009,158.583,158.783,10753
2026-04-01 08:00:00,158.781,158.919,158.27,158.579,17191
2026-04-01 12:00:00,158.58,158.768,158.311,158.527,15962
2026-04-01 16:00:00,158.521,158.754,158.406,158.553,19568
2026-04-01 20:00:00,158.55,158.945,158.444,158.778,10287
2026-04-02 00:00:00,158.79,158.808,158.541,158.668,9047
2026-04-02 04:00:00,158.67,159.476,158.611,159.342,18440
2026-04-02 08:00:00,159.343,159.714,159.303,159.675,14145
2026-04-02 12:00:00,159.675,159.743,159.546,159.629,11749
2026-04-02 16:00:00,159.623,159.688,159.231,159.51,20128
2026-04-02 20:00:00,159.512,159.722,159.495,159.557,8191
2026-04-03 00:00:00,159.577,159.623,159.425,159.595,4924
2026-04-03 04:00:00,159.595,159.713,159.536,159.622,6249
2026-04-03 08:00:00,159.621,159.689,159.544,159.607,6590
2026-04-03 12:00:00,159.608,159.793,159.517,159.617,8780
2026-04-03 16:00:00,159.618,159.643,159.482,159.635,7204
2026-04-03 20:00:00,159.634,159.661,159.437,159.569,4002
2026-04-06 00:00:00,159.566,159.828,159.415,159.744,10420
2026-04-06 04:00:00,159.745,159.745,159.525,159.57,10479
2026-04-06 08:00:00,159.571,159.708,159.304,159.385,11155
2026-04-06 12:00:00,159.384,159.586,159.345,159.403,10371
2026-04-06 16:00:00,159.402,159.8,159.391,159.675,15078
2026-04-06 20:00:00,159.676,159.794,159.591,159.683,9802
2026-04-07 00:00:00,159.665,159.837,159.57,159.829,7051
2026-04-07 04:00:00,159.835,159.927,159.729,159.734,7212
2026-04-07 08:00:00,159.736,159.876,159.477,159.49,11628
2026-04-07 12:00:00,159.487,159.873,159.467,159.778,14664
2026-04-07 16:00:00,159.778,160.029,159.723,159.907,17015
2026-04-07 20:00:00,159.906,159.956,159.506,159.666,13899
2026-04-08 00:00:00,159.617,159.729,158.539,158.685,19730
2026-04-08 04:00:00,158.687,158.709,158.294,158.354,15580
2026-04-08 08:00:00,158.349,158.484,158.048,158.371,17432
2026-04-08 12:00:00,158.37,158.535,157.945,158.014,15916
2026-04-08 16:00:00,158.012,158.495,157.885,158.418,21203
2026-04-08 20:00:00,158.419,158.792,158.378,158.565,12605
2026-04-09 00:00:00,158.54,158.867,158.448,158.854,6287
2026-04-09 04:00:00,158.852,158.951,158.643,158.736,7428
2026-04-09 08:00:00,158.737,159.107,158.713,159.001,11209
2026-04-09 12:00:00,159.004,159.114,158.838,158.998,12518
2026-04-09 16:00:00,158.989,159.295,158.629,158.762,18317
2026-04-09 20:00:00,158.762,159.126,158.678,159.007,9994
2026-04-10 00:00:00,158.945,159.237,158.94,159.182,5047
2026-04-10 04:00:00,159.184,159.228,159.019,159.185,6377
2026-04-10 08:00:00,159.185,159.372,159.183,159.317,8441
2026-04-10 12:00:00,159.316,159.327,158.854,159.154,12118
2026-04-10 16:00:00,159.159,159.346,159.031,159.267,16567
2026-04-10 20:00:00,159.267,159.338,159.24,159.28,8810
2026-04-13 00:00:00,159.508,159.849,159.491,159.7,7929
2026-04-13 04:00:00,159.701,159.782,159.654,159.724,7628
2026-04-13 08:00:00,159.725,159.748,159.56,159.708,9305
2026-04-13 12:00:00,159.709,159.857,159.644,159.742,10372
2026-04-13 16:00:00,159.738,159.801,159.454,159.525,18231
2026-04-13 20:00:00,159.526,159.534,159.288,159.438,12689
2026-04-14 00:00:00,159.373,159.423,159.142,159.164,5546
2026-04-14 04:00:00,159.162,159.261,159.008,159.024,8761
2026-04-14 08:00:00,159.026,159.282,158.946,159.065,11751
2026-04-14 12:00:00,159.064,159.092,158.691,158.713,12973
2026-04-14 16:00:00,158.713,158.934,158.601,158.831,15660
2026-04-14 20:00:00,158.832,158.904,158.683,158.805,9387
2026-04-15 00:00:00,158.751,158.883,158.737,158.813,7648
2026-04-15 04:00:00,158.813,159.062,158.812,158.984,8610
2026-04-15 08:00:00,158.983,159.026,158.644,158.775,10375
2026-04-15 12:00:00,158.774,159.152,158.715,159.106,14487
2026-04-15 16:00:00,159.107,159.121,158.752,158.881,17632
2026-04-15 20:00:00,158.878,159.121,158.876,158.956,12181
2026-04-16 00:00:00,158.98,158.982,158.714,158.728,5240
2026-04-16 04:00:00,158.727,158.824,158.26,158.711,11519
2026-04-16 08:00:00,158.712,159.048,158.698,159.03,10710
