time,open,high,low,close,volume
2022-01-18 20:00:00,1812.09,1815.88,1810.63,1813.67,9229
2022-01-19 00:00:00,1814.15,1815.1,1812.26,1812.31,5040
2022-01-19 04:00:00,1812.26,1814.22,1810.23,1813.45,6850
2022-01-19 08:00:00,1813.45,1817.27,1811.27,1816.95,12166
2022-01-19 12:00:00,1816.89,1825.52,1816.26,1823.98,13517
2022-01-19 16:00:00,1824.0,1842.65,1822.52,1840.36,19649
2022-01-19 20:00:00,1840.47,1843.31,1839.61,1840.26,9718
2022-01-20 00:00:00,1840.29,1844.13,1837.96,1841.34,7853
2022-01-20 04:00:00,1841.34,1842.75,1838.46,1839.29,10240
2022-01-20 08:00:00,1839.3,1842.15,1837.03,1838.54,14422
2022-01-20 12:00:00,1838.54,1846.92,1835.92,1846.44,14832
2022-01-20 16:00:00,1846.48,1847.89,1838.57,1842.4,22706
2022-01-20 20:00:00,1842.42,1842.56,1837.38,1838.7,10989
2022-01-21 00:00:00,1839.39,1839.88,1836.32,1838.45,7884
2022-01-21 04:00:00,1838.45,1842.1,1837.76,1841.39,10353
2022-01-21 08:00:00,1841.37,1842.8,1828.53,1834.06,15574
2022-01-21 12:00:00,1834.05,1842.01,1831.15,1841.34,16029
2022-01-21 16:00:00,1841.41,1843.21,1831.2,1832.82,24657
2022-01-21 20:00:00,1832.75,1833.76,1828.55,1833.66,9455
2022-01-24 00:00:00,1832.94,1837.1,1832.56,1836.2,6292
2022-01-24 04:00:00,1836.2,1839.6,1835.32,1838.8,6730
2022-01-24 08:00:00,1838.76,1844.31,1836.43,1841.15,12968
2022-01-24 12:00:00,1841.16,1843.03,1834.66,1835.3,17047
2022-01-24 16:00:00,1835.3,1841.14,1829.68,1838.47,21431
2022-01-24 20:00:00,1838.58,1844.03,1837.76,1843.3,11248
2022-01-25 00:00:00,1843.0,1843.67,1840.07,1840.16,5363
2022-01-25 04:00:00,1840.14,1843.04,1839.45,1841.7,6490
2022-01-25 08:00:00,1841.73,1843.33,1836.95,1838.06,12003
2022-01-25 12:00:00,1838.06,1843.06,1834.95,1842.76,14605
2022-01-25 16:00:00,1842.71,1852.83,1839.36,1849.76,19306
2022-01-25 20:00:00,1849.79,1853.86,1847.0,1847.93,8680
2022-01-26 00:00:00,1847.68,1850.07,1846.52,1847.93,3591
2022-01-26 04:00:00,1847.98,1848.95,1846.63,1847.58,5076
2022-01-26 08:00:00,1847.61,1848.68,1843.79,1846.93,9821
2022-01-26 12:00:00,1846.91,1848.06,1842.68,1844.07,13899
2022-01-26 16:00:00,1844.01,1844.21,1828.97,1830.32,21408
2022-01-26 20:00:00,1830.32,1833.3,1814.97,1818.43,23303
2022-01-27 00:00:00,1819.9,1822.14,1815.17,1815.68,8294
2022-01-27 04:00:00,1815.68,1818.02,1812.27,1812.67,12589
2022-01-27 08:00:00,1812.67,1816.68,1809.56,1816.02,17087
2022-01-27 12:00:00,1816.04,1816.86,1798.03,1799.91,19900
2022-01-27 16:00:00,1799.98,1810.46,1791.88,1792.52,19927
2022-01-27 20:00:00,1792.5,1796.98,1791.81,1796.78,9747
2022-01-28 00:00:00,1797.65,1799.29,1795.08,1798.67,5438
2022-01-28 04:00:00,1798.62,1799.42,1797.11,1797.52,6417
2022-01-28 08:00:00,1797.41,1798.7,1789.97,1791.4,11457
2022-01-28 12:00:00,1791.36,1792.66,1780.29,1786.37,16987
2022-01-28 16:00:00,1786.45,1793.06,1780.75,1784.02,16828
2022-01-28 20:00:00,1784.05,1791.3,1784.04,1791.3,10400
2022-01-31 00:00:00,1789.18,1790.63,1786.34,1790.22,4915
2022-01-31 04:00:00,1790.21,1790.21,1785.58,1789.21,6541
2022-01-31 08:00:00,1789.22,1792.49,1786.04,1789.54,9377
2022-01-31 12:00:00,1789.51,1798.24,1788.43,1797.77,12012
2022-01-31 16:00:00,1797.83,1799.63,1793.18,1796.76,13251
2022-01-31 20:00:00,1796.81,1799.86,1794.97,1796.91,9267
2022-02-01 00:00:00,1797.49,1799.4,1796.57,1797.51,3058
2022-02-01 04:00:00,1797.55,1803.5,1795.74,1802.82,7231
2022-02-01 08:00:00,1802.84,1806.81,1801.15,1805.57,11291
2022-02-01 12:00:00,1805.56,1808.77,1802.24,1804.12,12083
2022-02-01 16:00:00,1803.92,1807.89,1797.93,1802.76,14503
2022-02-01 20:00:00,1802.85,1803.06,1798.61,1800.97,6970
2022-02-02 00:00:00,1801.19,1801.65,1799.51,1800.39,2316
2022-02-02 04:00:00,1800.42,1800.72,1797.16,1798.47,3579
2022-02-02 08:00:00,1798.31,1802.32,1794.42,1801.75,7382
2022-02-02 12:00:00,1801.72,1808.02,1801.17,1801.45,9216
2022-02-02 16:00:00,1801.55,1810.77,1800.59,1809.9,12476
2022-02-02 20:00:00,1809.91,1810.61,1805.21,1807.0,6338
2022-02-03 00:00:00,1806.87,1808.66,1805.95,1808.64,2625
2022-02-03 04:00:00,1808.64,1808.95,1805.53,1806.73,4163
2022-02-03 08:00:00,1806.76,1806.87,1802.74,1803.1,8129
2022-02-03 12:00:00,1803.25,1805.14,1800.0,1802.43,13333
2022-02-03 16:00:00,1802.39,1807.6,1788.7,1804.03,10189
2022-02-03 20:00:00,1804.06,1806.7,1803.24,1804.66,6238
2022-02-04 00:00:00,1804.85,1807.37,1804.85,1807.37,3678
2022-02-04 04:00:00,1807.28,1807.96,1805.83,1806.57,4336
2022-02-04 08:00:00,1806.58,1811.9,1805.85,1811.18,10228
2022-02-04 12:00:00,1811.21,1814.89,1794.94,1795.73,9502
2022-02-04 16:00:00,1795.78,1810.36,1792.23,1806.44,13157
2022-02-04 20:00:00,1806.45,1808.6,1805.88,1807.78,6450
2022-02-07 00:00:00,1808.58,1815.28,1807.9,1810.22,7615
2022-02-07 04:00:00,1810.22,1811.11,1809.27,1810.42,6442
2022-02-07 08:00:00,1810.43,1814.18,1808.74,1812.46,10466
2022-02-07 12:00:00,1812.47,1817.13,1810.3,1813.92,12380
2022-02-07 16:00:00,1813.99,1820.17,1811.87,1820.05,15942
2022-02-07 20:00:00,1820.05,1823.56,1819.61,1820.7,6701
2022-02-08 00:00:00,1821.32,1822.34,1820.26,1822.17,4386
2022-02-08 04:00:00,1822.16,1823.28,1818.95,1820.39,6588
2022-02-08 08:00:00,1820.4,1820.95,1815.43,1819.93,9728
2022-02-08 12:00:00,1819.85,1824.72,1817.26,1824.17,10482
2022-02-08 16:00:00,1824.16,1828.34,1820.18,1827.54,14288
2022-02-08 20:00:00,1827.61,1828.77,1825.69,1826.0,6729
2022-02-09 00:00:00,1825.81,1826.85,1825.08,1826.77,3703
2022-02-09 04:00:00,1826.77,1829.17,1826.4,1827.54,7335
2022-02-09 08:00:00,1827.6,1828.26,1825.75,1827.8,9920
2022-02-09 12:00:00,1827.79,1832.56,1825.71,1826.11,13060
2022-02-09 16:00:00,1826.08,1835.8,1824.66,1834.11,17134
2022-02-09 20:00:00,1834.03,1835.8,1831.17,1832.82,6773
2022-02-10 00:00:00,1832.85,1834.43,1831.54,1833.97,4061
2022-02-10 04:00:00,1833.96,1834.75,1833.44,1834.41,5579
2022-02-10 08:00:00,1834.42,1836.13,1830.4,1832.32,10695
2022-02-10 12:00:00,1832.33,1837.15,1821.59,1829.24,10724
2022-02-10 16:00:00,1829.13,1841.92,1825.31,1835.0,14814
2022-02-10 20:00:00,1834.89,1837.67,1825.71,1827.19,11934
2022-02-11 00:00:00,1827.11,1827.96,1823.83,1825.52,5435
2022-02-11 04:00:00,1825.43,1827.04,1823.11,1824.52,7680
2022-02-11 08:00:00,1824.48,1827.58,1820.97,1825.97,11564
2022-02-11 12:00:00,1826.0,1833.35,1824.98,1827.52,14218
2022-02-11 16:00:00,1827.54,1840.93,1827.41,1840.75,21023
2022-02-11 20:00:00,1840.7,1865.48,1839.42,1860.51,20503
2022-02-14 00:00:00,1856.81,1861.58,1856.32,1859.6,7205
2022-02-14 04:00:00,1859.63,1859.63,1851.48,1854.55,9201
2022-02-14 08:00:00,1854.64,1858.44,1850.81,1857.45,12780
2022-02-14 12:00:00,1857.46,1862.81,1851.37,1861.43,13480
2022-02-14 16:00:00,1861.46,1871.01,1860.05,1864.73,15224
2022-02-14 20:00:00,1864.71,1874.09,1863.96,1870.62,10195
2022-02-15 00:00:00,1870.65,1872.25,1870.13,1871.16,3953
2022-02-15 04:00:00,1871.16,1879.39,1870.54,1878.48,6465
2022-02-15 08:00:00,1878.55,1879.46,1852.44,1857.73,10887
2022-02-15 12:00:00,1857.73,1857.75,1844.55,1850.24,11369
2022-02-15 16:00:00,1850.25,1857.15,1846.51,1852.98,11907
2022-02-15 20:00:00,1852.98,1856.53,1851.52,1853.36,5378
2022-02-16 00:00:00,1853.91,1854.62,1850.31,1852.38,3796
2022-02-16 04:00:00,1852.43,1854.77,1851.38,1854.27,5952
2022-02-16 08:00:00,1854.26,1858.97,1853.31,1858.51,7786
2022-02-16 12:00:00,1858.55,1859.61,1851.5,1858.44,9687
2022-02-16 16:00:00,1858.5,1870.06,1857.66,1869.28,12417
2022-02-16 20:00:00,1869.23,1872.54,1865.21,1868.58,9986
2022-02-17 00:00:00,1869.7,1871.76,1868.34,1870.21,4315
2022-02-17 04:00:00,1870.23,1876.29,1867.84,1874.65,10498
2022-02-17 08:00:00,1874.67,1893.22,1872.98,1889.4,16873
2022-02-17 12:00:00,1889.36,1897.74,1882.8,1896.18,17259
2022-02-17 16:00:00,1896.18,1900.21,1885.96,1897.63,24659
2022-02-17 20:00:00,1897.68,1901.13,1896.68,1897.87,9634
2022-02-18 00:00:00,1899.0,1902.46,1888.31,1890.44,7189
2022-02-18 04:00:00,1890.41,1893.44,1888.55,1891.89,8317
2022-02-18 08:00:00,1891.87,1895.84,1889.92,1894.67,10595
2022-02-18 12:00:00,1894.68,1899.96,1886.57,1897.4,13410
2022-02-18 16:00:00,1897.4,1898.52,1890.4,1896.58,17589
2022-02-18 20:00:00,1896.67,1899.43,1893.61,1898.29,8538
2022-02-21 00:00:00,1901.87,1908.26,1891.63,1895.9,10170
2022-02-21 04:00:00,1895.9,1899.0,1889.24,1891.51,10896
2022-02-21 08:00:00,1891.51,1898.34,1887.63,1896.13,13748
2022-02-21 12:00:00,1896.12,1898.67,1892.45,1895.72,13771
2022-02-21 16:00:00,1895.73,1899.5,1892.47,1898.9,10565
2022-02-21 20:00:00,1898.85,1905.73,1896.55,1904.01,2715
2022-02-22 00:00:00,1910.66,1914.02,1905.29,1909.53,10143
2022-02-22 04:00:00,1909.5,1910.37,1906.42,1910.2,9065
2022-02-22 08:00:00,1910.2,1913.31,1895.79,1900.51,17200
2022-02-22 12:00:00,1900.48,1905.93,1891.47,1902.7,18906
2022-02-22 16:00:00,1902.65,1907.19,1893.93,1903.02,19807
2022-02-22 20:00:00,1903.02,1905.69,1897.64,1898.52,10673
2022-02-23 00:00:00,1899.0,1901.3,1897.78,1898.54,3914
2022-02-23 04:00:00,1898.53,1900.33,1894.64,1896.32,6023
2022-02-23 08:00:00,1896.33,1898.36,1889.67,1893.36,11864
2022-02-23 12:00:00,1893.37,1904.46,1892.76,1901.1,11607
2022-02-23 16:00:00,1901.12,1910.45,1899.69,1908.2,17240
2022-02-23 20:00:00,1908.17,1910.32,1904.62,1907.86,10115
2022-02-24 00:00:00,1910.0,1914.12,1909.63,1913.46,8466
2022-02-24 04:00:00,1913.46,1948.99,1912.6,1940.16,25209
2022-02-24 08:00:00,1940.18,1954.26,1935.76,1953.02,26766
2022-02-24 12:00:00,1953.03,1974.37,1950.48,1959.37,27743
2022-02-24 16:00:00,1959.28,1963.12,1913.48,1922.06,20543
2022-02-24 20:00:00,1922.03,1926.93,1878.11,1903.55,18596
2022-02-25 00:00:00,1907.21,1921.31,1904.13,1908.88,10067
2022-02-25 04:00:00,1908.88,1917.12,1907.94,1916.48,10815
2022-02-25 08:00:00,1916.5,1921.29,1908.49,1910.74,16140
2022-02-25 12:00:00,1910.74,1913.91,1886.21,1887.39,19330
2022-02-25 16:00:00,1887.3,1893.58,1883.1,1887.31,22396
2022-02-25 20:00:00,1887.41,1892.87,1885.74,1887.83,10657
2022-02-28 00:00:00,1922.88,1926.69,1904.16,1913.26,11440
2022-02-28 04:00:00,1913.26,1913.26,1904.54,1908.09,10787
2022-02-28 08:00:00,1908.28,1910.05,1893.19,1899.35,14684
2022-02-28 12:00:00,1899.35,1918.26,1898.86,1916.08,14597
2022-02-28 16:00:00,1916.11,1917.26,1890.98,1898.25,22679
2022-02-28 20:00:00,1898.19,1910.92,1897.1,1908.17,12201
2022-03-01 00:00:00,1907.87,1908.73,1902.7,1903.3,4452
2022-03-01 04:00:00,1903.32,1907.69,1901.42,1906.98,5502
2022-03-01 08:00:00,1907.04,1918.6,1904.67,1916.01,11148
2022-03-01 12:00:00,1915.84,1926.3,1911.08,1916.42,20213
2022-03-01 16:00:00,1916.51,1935.44,1916.24,1934.9,25073
2022-03-01 20:00:00,1934.9,1950.17,1934.41,1943.74,16453
2022-03-02 00:00:00,1943.05,1944.36,1931.05,1934.91,7509
2022-03-02 04:00:00,1934.91,1940.59,1933.32,1934.67,10757
2022-03-02 08:00:00,1934.65,1947.9,1931.37,1932.75,17382
2022-03-02 12:00:00,1932.75,1935.54,1913.8,1932.69,16050
2022-03-02 16:00:00,1932.57,1935.55,1914.91,1918.16,18362
2022-03-02 20:00:00,1918.2,1933.3,1917.32,1926.54,8581
2022-03-03 00:00:00,1928.55,1930.71,1926.19,1930.65,5489
2022-03-03 04:00:00,1930.62,1930.82,1922.05,1925.24,7741
2022-03-03 08:00:00,1925.23,1935.05,1923.65,1929.39,13528
2022-03-03 12:00:00,1929.4,1938.6,1924.41,1926.19,15668
2022-03-03 16:00:00,1926.3,1932.57,1923.34,1932.14,22698
2022-03-03 20:00:00,1932.15,1941.2,1931.25,1935.51,10890
2022-03-04 00:00:00,1936.81,1950.86,1929.64,1933.83,11449
2022-03-04 04:00:00,1933.93,1941.32,1933.6,1935.85,10335
2022-03-04 08:00:00,1935.86,1946.5,1934.0,1946.35,14059
2022-03-04 12:00:00,1946.35,1949.97,1939.91,1946.75,16937
2022-03-04 16:00:00,1946.75,1965.7,1942.6,1962.08,16537
2022-03-04 20:00:00,1962.07,1970.21,1960.76,1968.68,10465
2022-03-07 00:00:00,1982.95,2000.94,1982.74,1997.57,10170
2022-03-07 04:00:00,1997.58,1997.83,1983.17,1984.59,11372
2022-03-07 08:00:00,1984.6,2001.44,1976.1,1998.25,14436
2022-03-07 12:00:00,1998.27,2002.6,1961.04,1978.38,16099
2022-03-07 16:00:00,1978.44,1991.39,1967.77,1984.08,16580
2022-03-07 20:00:00,1984.08,1999.81,1983.98,1998.22,11248
2022-03-08 00:00:00,1997.1,2000.0,1981.09,1985.44,6381
2022-03-08 04:00:00,1985.49,1994.31,1984.8,1994.07,8157
2022-03-08 08:00:00,1994.26,2020.89,1993.3,2006.49,15842
2022-03-08 12:00:00,2006.51,2020.08,2002.87,2014.99,13541
2022-03-08 16:00:00,2015.06,2070.34,2013.92,2031.36,21366
2022-03-08 20:00:00,2031.03,2054.02,2022.21,2052.44,14585
2022-03-09 00:00:00,2050.47,2050.87,2035.11,2041.45,7287
2022-03-09 04:00:00,2041.45,2059.15,2040.41,2048.23,11238
2022-03-09 08:00:00,2048.23,2052.32,2014.64,2017.41,13793
2022-03-09 12:00:00,2017.12,2021.38,1985.13,1988.46,15778
2022-03-09 16:00:00,1988.63,2005.58,1975.99,1986.08,18171
2022-03-09 20:00:00,1986.13,1998.98,1979.69,1991.74,11078
2022-03-10 00:00:00,1990.83,1993.12,1970.83,1975.52,6603
2022-03-10 04:00:00,1975.52,1984.12,1970.93,1980.88,7945
2022-03-10 08:00:00,1980.88,1988.87,1974.34,1985.45,12115
2022-03-10 12:00:00,1985.53,2009.14,1983.74,1997.55,14609
2022-03-10 16:00:00,1997.6,2006.85,1981.82,2003.67,15709
2022-03-10 20:00:00,2003.78,2005.95,1993.27,1996.02,8480
2022-03-11 00:00:00,1997.33,1998.95,1988.28,1992.24,4510
2022-03-11 04:00:00,1992.27,1996.42,1981.05,1983.49,6349
2022-03-11 08:00:00,1983.49,1994.82,1981.52,1989.59,8256
2022-03-11 12:00:00,1989.6,1994.0,1958.66,1961.91,12150
2022-03-11 16:00:00,1961.9,1990.0,1959.58,1986.75,13416
2022-03-11 20:00:00,1986.65,1987.97,1980.42,1985.57,6899
2022-03-14 00:00:00,1980.21,1983.7,1970.1,1976.56,4036
2022-03-14 04:00:00,1976.56,1977.65,1971.44,1977.6,6030
2022-03-14 08:00:00,1977.57,1978.55,1966.5,1966.5,8049
2022-03-14 12:00:00,1966.68,1967.88,1954.56,1964.31,11261
2022-03-14 16:00:00,1964.44,1965.24,1949.65,1961.06,12945
2022-03-14 20:00:00,1960.96,1961.91,1950.65,1951.31,7936
2022-03-15 00:00:00,1953.12,1954.56,1945.42,1949.39,2924
2022-03-15 04:00:00,1949.33,1950.54,1935.12,1935.26,7363
2022-03-15 08:00:00,1935.5,1936.41,1925.0,1934.33,9638
2022-03-15 12:00:00,1934.33,1934.88,1919.5,1920.59,10567
2022-03-15 16:00:00,1920.61,1930.92,1907.07,1929.46,15082
2022-03-15 20:00:00,1929.41,1929.82,1913.82,1917.18,7794
2022-03-16 00:00:00,1919.99,1922.55,1915.13,1920.93,2248
2022-03-16 04:00:00,1920.81,1924.75,1915.19,1916.62,5460
2022-03-16 08:00:00,1916.62,1920.83,1911.63,1918.76,7397
2022-03-16 12:00:00,1918.79,1927.09,1915.61,1919.81,8796
2022-03-16 16:00:00,1919.89,1921.94,1904.17,1910.13,13160
2022-03-16 20:00:00,1910.28,1929.51,1895.27,1925.19,12514
2022-03-17 00:00:00,1925.46,1927.56,1923.15,1926.96,2758
2022-03-17 04:00:00,1926.88,1937.99,1926.33,1935.86,6191
2022-03-17 08:00:00,1935.84,1942.69,1930.06,1939.6,7266
2022-03-17 12:00:00,1939.61,1946.86,1934.66,1938.22,9823
2022-03-17 16:00:00,1938.15,1949.77,1936.81,1944.1,13000
2022-03-17 20:00:00,1944.1,1945.89,1935.45,1941.49,6995
2022-03-18 00:00:00,1942.4,1945.27,1940.17,1940.93,2096
2022-03-18 04:00:00,1940.93,1942.33,1926.58,1934.11,5472
2022-03-18 08:00:00,1934.17,1937.11,1930.04,1932.06,6051
2022-03-18 12:00:00,1932.07,1940.8,1929.04,1935.1,8457
2022-03-18 16:00:00,1934.99,1938.2,1921.64,1928.69,12410
2022-03-18 20:00:00,1928.73,1931.2,1918.01,1920.09,6742
2022-03-21 00:00:00,1924.69,1926.18,1918.21,1922.04,2845
2022-03-21 04:00:00,1922.18,1928.96,1921.57,1928.15,5042
2022-03-21 08:00:00,1927.91,1928.38,1922.01,1926.17,5890
2022-03-21 12:00:00,1926.31,1928.83,1921.73,1924.67,8344
2022-03-21 16:00:00,1924.6,1937.47,1917.95,1930.53,12739
2022-03-21 20:00:00,1930.52,1941.06,1927.12,1934.66,7915
2022-03-22 00:00:00,1936.28,1937.04,1929.36,1931.25,2534
2022-03-22 04:00:00,1931.16,1937.78,1930.21,1934.69,5917
2022-03-22 08:00:00,1934.7,1938.37,1923.47,1924.69,7482
2022-03-22 12:00:00,1924.29,1930.78,1922.79,1927.96,9509
2022-03-22 16:00:00,1927.95,1928.11,1910.71,1920.01,15370
2022-03-22 20:00:00,1920.01,1924.8,1918.34,1921.07,8253
2022-03-23 00:00:00,1921.41,1922.08,1915.55,1917.97,2951
2022-03-23 04:00:00,1917.93,1924.39,1917.06,1922.34,5629
2022-03-23 08:00:00,1922.21,1926.32,1916.95,1925.83,6703
2022-03-23 12:00:00,1925.89,1934.99,1925.06,1928.94,12324
2022-03-23 16:00:00,1928.91,1936.64,1925.87,1935.41,15461
2022-03-23 20:00:00,1935.41,1948.31,1934.82,1945.56,9841
2022-03-24 00:00:00,1944.49,1948.5,1943.81,1946.52,3097
2022-03-24 04:00:00,1946.51,1948.29,1937.78,1940.23,7036
2022-03-24 08:00:00,1940.28,1945.9,1937.38,1940.83,8208
2022-03-24 12:00:00,1940.83,1957.88,1937.98,1949.28,13660
2022-03-24 16:00:00,1949.2,1966.17,1946.48,1962.83,19266
2022-03-24 20:00:00,1962.69,1965.69,1956.2,1956.34,8273
2022-03-25 00:00:00,1959.13,1962.99,1957.69,1962.71,3515
2022-03-25 04:00:00,1962.85,1964.25,1959.44,1960.11,9405
2022-03-25 08:00:00,1960.11,1960.62,1953.21,1955.73,8580
2022-03-25 12:00:00,1955.72,1958.98,1949.9,1956.29,11564
2022-03-25 16:00:00,1956.29,1961.78,1943.11,1956.06,22372
2022-03-25 20:00:00,1956.04,1957.03,1951.65,1955.02,8670
2022-03-28 00:00:00,1955.5,1958.31,1954.69,1957.56,4184
2022-03-28 04:00:00,1957.54,1957.54,1941.71,1943.23,12658
2022-03-28 08:00:00,1943.02,1943.07,1927.15,1927.42,16565
2022-03-28 12:00:00,1927.41,1945.56,1925.33,1938.38,16326
2022-03-28 16:00:00,1938.39,1942.54,1930.14,1938.38,18012
2022-03-28 20:00:00,1938.38,1940.04,1916.96,1921.88,10486
2022-03-29 00:00:00,1922.43,1925.02,1921.42,1922.44,5853
2022-03-29 04:00:00,1922.47,1929.24,1921.27,1922.43,10492
2022-03-29 08:00:00,1922.54,1925.09,1910.09,1913.73,13225
2022-03-29 12:00:00,1913.58,1916.22,1890.1,1897.14,20232
2022-03-29 16:00:00,1897.12,1917.77,1892.71,1915.36,20656
2022-03-29 20:00:00,1915.35,1921.38,1912.76,1918.98,8097
2022-03-30 00:00:00,1920.3,1921.06,1915.93,1919.23,4075
2022-03-30 04:00:00,1919.2,1927.34,1918.64,1925.87,12884
2022-03-30 08:00:00,1925.81,1928.27,1919.25,1919.34,15501
2022-03-30 12:00:00,1919.37,1932.04,1917.2,1927.17,14561
2022-03-30 16:00:00,1927.18,1938.5,1922.44,1932.19,18600
2022-03-30 20:00:00,1932.2,1935.89,1930.5,1933.02,8058
2022-03-31 00:00:00,1933.27,1934.14,1928.18,1931.65,3782
2022-03-31 04:00:00,1931.61,1932.13,1920.24,1921.19,8328
2022-03-31 08:00:00,1921.14,1933.82,1919.13,1925.26,13252
2022-03-31 12:00:00,1925.1,1935.79,1922.48,1934.07,11453
2022-03-31 16:00:00,1934.12,1944.99,1932.26,1944.37,17249
2022-03-31 20:00:00,1944.36,1949.82,1934.94,1936.7,10750
2022-04-01 00:00:00,1937.31,1937.57,1932.49,1934.25,4093
2022-04-01 04:00:00,1934.01,1939.49,1933.45,1937.59,9763
2022-04-01 08:00:00,1937.59,1939.16,1929.42,1932.15,12254
2022-04-01 12:00:00,1932.2,1936.38,1924.32,1927.4,16336
2022-04-01 16:00:00,1927.38,1933.63,1918.66,1923.02,23267
2022-04-01 20:00:00,1923.09,1926.02,1918.04,1922.93,10547
2022-04-04 00:00:00,1924.28,1926.83,1921.41,1925.64,2671
2022-04-04 04:00:00,1925.55,1925.55,1915.36,1917.66,5415
2022-04-04 08:00:00,1917.59,1933.07,1917.12,1931.16,10948
2022-04-04 12:00:00,1931.24,1936.06,1925.61,1931.66,13285
2022-04-04 16:00:00,1931.65,1936.85,1924.41,1931.57,20492
2022-04-04 20:00:00,1931.45,1933.36,1928.78,1932.9,9171
2022-04-05 00:00:00,1932.84,1933.91,1930.75,1931.97,4309
2022-04-05 04:00:00,1931.99,1932.55,1926.51,1928.56,6398
2022-04-05 08:00:00,1928.54,1933.59,1925.4,1931.68,9839
2022-04-05 12:00:00,1931.71,1935.27,1924.1,1935.1,13512
2022-04-05 16:00:00,1935.08,1944.54,1917.99,1923.44,22244
2022-04-05 20:00:00,1923.43,1925.56,1919.38,1922.48,9996
2022-04-06 00:00:00,1923.11,1924.02,1917.76,1919.68,4132
2022-04-06 04:00:00,1919.66,1925.24,1916.63,1921.66,11414
2022-04-06 08:00:00,1921.66,1926.41,1915.01,1926.18,15663
2022-04-06 12:00:00,1926.22,1933.42,1918.25,1926.61,19320
2022-04-06 16:00:00,1926.57,1931.87,1923.38,1924.94,22240
2022-04-06 20:00:00,1924.91,1929.52,1915.53,1925.11,17958
2022-04-07 00:00:00,1924.0,1927.3,1922.25,1925.44,3828
2022-04-07 04:00:00,1925.41,1926.09,1920.53,1921.69,6358
2022-04-07 08:00:00,1921.65,1928.37,1920.83,1926.06,10672
2022-04-07 12:00:00,1926.14,1933.99,1923.55,1927.62,13564
2022-04-07 16:00:00,1927.59,1937.81,1926.66,1934.18,18306
2022-04-07 20:00:00,1934.18,1936.85,1929.52,1931.32,8243
2022-04-08 00:00:00,1931.76,1935.09,1930.52,1933.0,3804
2022-04-08 04:00:00,1933.0,1935.47,1927.91,1928.28,5962
2022-04-08 08:00:00,1928.28,1933.26,1927.6,1931.51,10209
2022-04-08 12:00:00,1931.51,1938.86,1929.1,1931.28,12773
2022-04-08 16:00:00,1931.2,1948.11,1930.79,1941.38,18634
2022-04-08 20:00:00,1941.27,1945.89,1938.98,1945.39,6461
2022-04-11 00:00:00,1947.92,1949.67,1943.24,1945.29,4106
2022-04-11 04:00:00,1945.31,1947.76,1940.31,1942.12,11054
2022-04-11 08:00:00,1942.17,1958.01,1939.96,1957.07,16237
2022-04-11 12:00:00,1957.07,1969.61,1952.95,1963.34,17994
2022-04-11 16:00:00,1963.52,1964.37,1940.81,1941.37,21467
2022-04-11 20:00:00,1941.42,1955.79,1940.82,1954.4,9253
2022-04-12 00:00:00,1952.34,1954.28,1949.78,1952.39,3397
2022-04-12 04:00:00,1952.38,1960.35,1950.21,1957.86,7563
2022-04-12 08:00:00,1957.92,1960.0,1950.87,1951.54,10169
2022-04-12 12:00:00,1951.57,1972.04,1949.75,1970.39,12999
2022-04-12 16:00:00,1970.43,1978.58,1960.62,1973.99,20204
2022-04-12 20:00:00,1973.96,1975.07,1964.6,1965.6,10436
2022-04-13 00:00:00,1966.97,1967.89,1962.85,1964.11,3167
2022-04-13 04:00:00,1964.2,1972.22,1963.46,1968.26,8645
2022-04-13 08:00:00,1968.29,1975.66,1965.62,1973.74,12844
2022-04-13 12:00:00,1973.78,1980.63,1971.76,1977.47,16334
2022-04-13 16:00:00,1977.55,1981.5,1973.19,1978.99,17950
2022-04-13 20:00:00,1979.0,1981.49,1974.81,1977.26,7592
2022-04-14 00:00:00,1977.16,1979.15,1973.51,1974.98,3124
2022-04-14 04:00:00,1974.94,1980.32,1972.56,1975.6,7905
2022-04-14 08:00:00,1975.6,1978.34,1970.66,1971.38,11172
2022-04-14 12:00:00,1971.33,1979.83,1967.25,1972.45,15613
2022-04-14 16:00:00,1972.43,1977.8,1960.37,1971.09,20473
2022-04-14 20:00:00,1971.11,1975.0,1970.06,1972.17,6675
2022-04-18 00:00:00,1972.59,1988.52,1971.88,1987.42,5754
2022-04-18 04:00:00,1987.49,1988.49,1982.57,1984.87,8648
2022-04-18 08:00:00,1984.86,1993.08,1983.64,1992.9,9617
2022-04-18 12:00:00,1992.94,1998.36,1987.75,1995.04,10484
2022-04-18 16:00:00,1994.98,1996.31,1982.8,1986.46,17816
2022-04-18 20:00:00,1986.49,1987.56,1976.2,1978.14,11191
2022-04-19 00:00:00,1977.6,1978.8,1974.89,1975.82,4288
2022-04-19 04:00:00,1975.84,1978.7,1973.49,1974.75,9324
2022-04-19 08:00:00,1974.71,1981.19,1972.72,1978.02,12327
2022-04-19 12:00:00,1978.02,1981.93,1964.63,1967.09,14699
2022-04-19 16:00:00,1967.13,1968.2,1950.32,1957.43,21818
2022-04-19 20:00:00,1957.35,1957.75,1943.58,1949.63,10616
2022-04-20 00:00:00,1950.01,1951.52,1946.03,1946.84,4737
2022-04-20 04:00:00,1946.8,1949.31,1940.66,1943.26,13632
2022-04-20 08:00:00,1943.26,1947.16,1939.27,1946.66,13694
2022-04-20 12:00:00,1946.68,1955.08,1944.65,1949.88,16015
2022-04-20 16:00:00,1949.91,1954.55,1943.87,1953.36,17522
2022-04-20 20:00:00,1953.25,1958.0,1950.97,1957.88,9772
2022-04-21 00:00:00,1956.08,1957.3,1953.37,1955.92,4363
2022-04-21 04:00:00,1955.91,1956.68,1950.28,1951.11,7984
2022-04-21 08:00:00,1951.11,1954.0,1943.49,1947.23,13429
2022-04-21 12:00:00,1947.16,1948.94,1936.72,1947.72,15479
2022-04-21 16:00:00,1947.7,1949.58,1937.82,1940.51,19387
2022-04-21 20:00:00,1940.45,1953.93,1940.14,1952.11,10845
2022-04-22 00:00:00,1950.33,1952.81,1948.5,1950.16,4320
2022-04-22 04:00:00,1950.16,1953.6,1945.92,1952.2,11619
2022-04-22 08:00:00,1952.23,1955.54,1943.45,1943.72,15110
2022-04-22 12:00:00,1943.79,1944.09,1929.58,1936.98,17475
2022-04-22 16:00:00,1936.96,1946.37,1926.54,1936.42,23187
2022-04-22 20:00:00,1936.44,1936.72,1931.1,1931.31,10934
2022-04-25 00:00:00,1932.44,1934.39,1926.31,1927.83,4928
2022-04-25 04:00:00,1927.81,1927.9,1915.99,1916.29,12825
2022-04-25 08:00:00,1916.38,1921.16,1912.26,1916.51,17475
2022-04-25 12:00:00,1916.48,1919.2,1891.48,1894.74,18803
2022-04-25 16:00:00,1894.74,1904.1,1891.87,1897.68,24307
2022-04-25 20:00:00,1897.68,1902.5,1894.66,1897.69,12466
2022-04-26 00:00:00,1899.05,1903.7,1898.5,1900.88,5182
2022-04-26 04:00:00,1900.75,1905.16,1897.34,1903.89,11757
2022-04-26 08:00:00,1903.89,1907.44,1895.68,1902.44,15756
2022-04-26 12:00:00,1902.42,1909.6,1900.35,1901.67,14625
2022-04-26 16:00:00,1901.64,1911.25,1900.37,1903.18,22034
2022-04-26 20:00:00,1903.18,1906.49,1896.45,1906.06,11302
2022-04-27 00:00:00,1906.08,1906.99,1903.0,1903.82,4549
2022-04-27 04:00:00,1903.82,1904.6,1895.88,1898.1,11147
2022-04-27 08:00:00,1898.04,1903.51,1886.2,1893.48,15514
2022-04-27 12:00:00,1893.55,1906.9,1893.33,1896.48,14861
2022-04-27 16:00:00,1896.55,1897.36,1881.34,1887.57,21414
2022-04-27 20:00:00,1887.59,1891.5,1884.9,1885.31,9918
2022-04-28 00:00:00,1885.57,1886.82,1883.13,1883.89,2734
2022-04-28 04:00:00,1883.79,1884.47,1875.97,1878.27,9627
2022-04-28 08:00:00,1878.25,1889.9,1872.07,1886.23,13839
2022-04-28 12:00:00,1886.31,1895.16,1881.85,1885.64,16562
2022-04-28 16:00:00,1885.44,1892.94,1883.22,1888.6,20008
2022-04-28 20:00:00,1888.6,1896.73,1887.67,1893.98,9624
2022-04-29 00:00:00,1895.12,1897.98,1892.57,1897.37,3069
2022-04-29 04:00:00,1897.27,1905.93,1896.69,1905.87,10712
2022-04-29 08:00:00,1905.75,1917.88,1905.47,1913.92,15136
2022-04-29 12:00:00,1914.0,1919.97,1907.51,1910.83,15279
2022-04-29 16:00:00,1910.81,1914.63,1902.52,1908.24,17958
2022-04-29 20:00:00,1908.24,1911.59,1894.47,1896.53,10518
2022-05-02 00:00:00,1899.31,1899.85,1889.01,1890.55,5957
2022-05-02 04:00:00,1890.62,1892.58,1883.85,1885.59,8544
2022-05-02 08:00:00,1885.27,1887.67,1879.46,1879.74,10945
2022-05-02 12:00:00,1879.78,1882.3,1860.57,1861.53,13948
2022-05-02 16:00:00,1861.46,1872.05,1854.46,1866.07,19825
2022-05-02 20:00:00,1865.97,1866.89,1859.92,1862.72,9275
2022-05-03 00:00:00,1863.55,1867.1,1862.26,1866.8,3614
2022-05-03 04:00:00,1866.75,1866.75,1857.82,1858.53,8182
2022-05-03 08:00:00,1858.56,1862.05,1850.38,1853.7,13323
2022-05-03 12:00:00,1853.66,1865.62,1853.58,1863.32,13479
2022-05-03 16:00:00,1863.1,1878.11,1862.06,1869.81,16255
2022-05-03 20:00:00,1869.9,1871.84,1865.28,1867.89,7238
2022-05-04 00:00:00,1867.98,1869.43,1864.94,1865.92,2778
2022-05-04 04:00:00,1865.88,1866.22,1861.61,1865.66,5234
2022-05-04 08:00:00,1865.66,1872.04,1861.38,1868.47,7965
2022-05-04 12:00:00,1868.5,1871.62,1863.69,1867.5,9801
2022-05-04 16:00:00,1867.54,1870.85,1861.59,1868.52,15249
2022-05-04 20:00:00,1868.72,1889.68,1861.66,1882.74,17990
2022-05-05 00:00:00,1882.11,1896.06,1881.85,1895.86,5072
2022-05-05 04:00:00,1895.87,1903.34,1895.87,1901.49,9667
2022-05-05 08:00:00,1901.39,1902.16,1889.47,1894.25,14116
2022-05-05 12:00:00,1894.2,1909.76,1893.19,1906.89,15783
2022-05-05 16:00:00,1906.93,1908.45,1872.45,1876.47,24666
2022-05-05 20:00:00,1876.33,1881.01,1873.37,1877.6,12908
2022-05-06 00:00:00,1876.48,1878.23,1871.76,1872.39,4545
2022-05-06 04:00:00,1872.39,1877.44,1866.18,1875.84,12229
2022-05-06 08:00:00,1875.83,1881.78,1873.06,1881.78,14292
2022-05-06 12:00:00,1881.78,1890.05,1876.02,1876.48,15332
2022-05-06 16:00:00,1876.49,1892.49,1874.47,1888.69,21622
2022-05-06 20:00:00,1888.56,1888.9,1880.44,1881.93,9840
2022-05-09 00:00:00,1883.49,1885.61,1877.78,1881.2,4943
2022-05-09 04:00:00,1881.2,1881.21,1872.89,1873.77,10051
2022-05-09 08:00:00,1873.75,1873.82,1864.24,1865.57,14315
2022-05-09 12:00:00,1865.59,1868.95,1856.16,1864.46,16967
2022-05-09 16:00:00,1864.41,1871.55,1857.75,1860.97,20929
2022-05-09 20:00:00,1860.96,1862.05,1851.75,1853.96,13191
2022-05-10 00:00:00,1853.44,1855.83,1852.37,1854.23,5447
2022-05-10 04:00:00,1854.23,1865.3,1853.0,1863.24,12396
2022-05-10 08:00:00,1863.24,1865.42,1858.79,1862.75,14900
2022-05-10 12:00:00,1862.73,1864.49,1856.23,1862.18,14735
2022-05-10 16:00:00,1862.2,1864.4,1841.43,1844.94,22235
2022-05-10 20:00:00,1844.85,1846.88,1835.48,1838.72,13971
2022-05-11 00:00:00,1839.02,1840.24,1832.03,1832.43,4686
2022-05-11 04:00:00,1832.4,1839.97,1832.3,1839.02,9730
2022-05-11 08:00:00,1839.08,1852.49,1837.12,1851.65,12438
2022-05-11 12:00:00,1851.75,1854.35,1834.88,1839.48,14010
2022-05-11 16:00:00,1839.13,1858.02,1837.75,1852.17,24755
2022-05-11 20:00:00,1852.17,1856.43,1850.63,1852.38,11694
2022-05-12 00:00:00,1851.42,1857.64,1850.95,1857.28,4913
2022-05-12 04:00:00,1857.26,1858.76,1850.16,1851.06,10268
2022-05-12 08:00:00,1851.06,1854.13,1843.9,1847.17,17068
2022-05-12 12:00:00,1847.21,1852.08,1839.98,1845.14,17635
2022-05-12 16:00:00,1845.08,1849.02,1824.11,1825.46,23925
2022-05-12 20:00:00,1825.6,1826.68,1821.51,1822.51,12338
2022-05-13 00:00:00,1822.93,1823.86,1810.75,1822.45,5672
2022-05-13 04:00:00,1822.46,1827.47,1822.45,1826.59,10530
2022-05-13 08:00:00,1826.64,1828.78,1820.29,1822.17,13353
2022-05-13 12:00:00,1822.16,1824.66,1808.31,1810.29,13786
2022-05-13 16:00:00,1810.28,1818.38,1799.08,1811.28,19759
2022-05-13 20:00:00,1811.23,1811.97,1806.95,1810.87,8280
2022-05-16 00:00:00,1814.08,1816.2,1809.78,1815.65,4769
2022-05-16 04:00:00,1815.7,1817.54,1807.32,1807.71,9506
2022-05-16 08:00:00,1807.62,1810.07,1786.72,1799.0,12821
2022-05-16 12:00:00,1798.97,1810.46,1798.1,1808.11,12874
2022-05-16 16:00:00,1808.14,1816.46,1804.84,1815.57,14092
2022-05-16 20:00:00,1815.56,1826.89,1813.72,1824.46,8003
2022-05-17 00:00:00,1824.94,1829.34,1822.9,1825.46,4062
2022-05-17 04:00:00,1825.5,1828.31,1821.8,1823.8,8653
2022-05-17 08:00:00,1823.78,1830.24,1823.33,1827.97,10680
2022-05-17 12:00:00,1827.97,1836.09,1826.04,1832.37,14023
2022-05-17 16:00:00,1832.35,1832.87,1817.96,1821.31,18745
2022-05-17 20:00:00,1821.31,1821.92,1812.88,1814.91,11057
2022-05-18 00:00:00,1814.56,1817.14,1812.98,1816.24,3783
2022-05-18 04:00:00,1816.26,1817.24,1807.68,1809.05,9243
2022-05-18 08:00:00,1808.95,1817.13,1808.82,1815.53,12186
2022-05-18 12:00:00,1815.55,1820.38,1807.23,1811.36,14578
2022-05-18 16:00:00,1811.2,1824.66,1809.73,1820.84,19648
2022-05-18 20:00:00,1820.82,1822.06,1815.38,1816.36,12405
2022-05-19 00:00:00,1816.56,1817.42,1814.33,1815.1,4954
2022-05-19 04:00:00,1815.03,1817.65,1813.87,1815.38,10318
2022-05-19 08:00:00,1815.47,1823.21,1810.9,1822.61,15793
2022-05-19 12:00:00,1822.57,1841.45,1821.35,1838.29,16758
2022-05-19 16:00:00,1838.34,1849.12,1832.38,1842.96,22771
2022-05-19 20:00:00,1842.97,1844.02,1839.89,1841.44,11300
2022-05-20 00:00:00,1842.09,1844.56,1840.09,1841.33,4233
2022-05-20 04:00:00,1841.34,1843.55,1836.51,1842.71,8892
2022-05-20 08:00:00,1842.65,1849.37,1841.31,1845.68,14055
2022-05-20 12:00:00,1845.69,1847.76,1841.09,1842.1,12247
2022-05-20 16:00:00,1842.12,1846.61,1832.37,1841.56,19124
2022-05-20 20:00:00,1841.49,1846.04,1840.4,1845.84,8495
2022-05-23 00:00:00,1848.71,1853.63,1843.1,1852.46,4152
2022-05-23 04:00:00,1852.46,1855.83,1848.58,1854.28,8284
2022-05-23 08:00:00,1854.33,1863.14,1852.02,1861.55,12450
2022-05-23 12:00:00,1861.55,1865.27,1855.02,1855.71,13003
2022-05-23 16:00:00,1855.77,1858.09,1848.66,1850.08,17537
2022-05-23 20:00:00,1850.03,1858.78,1847.04,1853.22,7134
2022-05-24 00:00:00,1853.49,1855.07,1851.88,1851.95,2854
2022-05-24 04:00:00,1851.96,1857.11,1849.34,1855.85,6771
2022-05-24 08:00:00,1855.85,1860.65,1850.43,1856.1,11443
2022-05-24 12:00:00,1856.11,1860.74,1854.04,1860.1,10240
2022-05-24 16:00:00,1860.07,1869.65,1858.71,1867.08,17616
2022-05-24 20:00:00,1867.11,1867.12,1862.74,1866.07,7051
2022-05-25 00:00:00,1865.24,1868.05,1864.82,1865.22,3401
2022-05-25 04:00:00,1865.21,1865.59,1859.66,1863.19,8386
2022-05-25 08:00:00,1863.21,1863.31,1855.13,1856.03,10185
2022-05-25 12:00:00,1856.03,1859.39,1850.88,1852.59,10981
2022-05-25 16:00:00,1852.52,1854.34,1841.9,1845.15,16044
2022-05-25 20:00:00,1845.07,1856.29,1843.5,1853.27,8369
2022-05-26 00:00:00,1852.65,1854.31,1852.18,1852.41,3522
2022-05-26 04:00:00,1852.4,1853.28,1844.34,1845.09,8280
2022-05-26 08:00:00,1845.09,1850.66,1842.93,1845.89,12386
2022-05-26 12:00:00,1845.95,1847.87,1840.95,1843.33,11215
2022-05-26 16:00:00,1843.37,1853.36,1841.46,1847.69,14979
2022-05-26 20:00:00,1847.79,1853.71,1847.69,1851.56,6527
2022-05-27 00:00:00,1851.28,1853.89,1848.42,1849.39,3044
2022-05-27 04:00:00,1849.4,1856.44,1847.98,1853.2,8183
2022-05-27 08:00:00,1853.22,1860.45,1851.98,1856.78,9608
2022-05-27 12:00:00,1856.8,1861.95,1850.73,1855.76,12404
2022-05-27 16:00:00,1855.71,1861.39,1851.06,1853.21,15224
2022-05-27 20:00:00,1853.17,1854.89,1851.99,1853.28,5728
2022-05-30 00:00:00,1852.56,1853.91,1848.18,1850.44,2891
2022-05-30 04:00:00,1850.42,1861.93,1848.75,1861.02,8123
2022-05-30 08:00:00,1861.04,1864.02,1856.25,1858.91,8673
2022-05-30 12:00:00,1858.9,1859.4,1854.09,1855.32,6588
2022-05-30 16:00:00,1855.32,1861.02,1854.21,1856.31,7967
2022-05-30 20:00:00,1856.31,1856.4,1853.07,1854.75,1231
2022-05-31 00:00:00,1856.03,1856.89,1846.11,1846.45,4693
2022-05-31 04:00:00,1846.37,1853.58,1846.03,1851.53,9544
2022-05-31 08:00:00,1851.59,1857.07,1851.54,1852.6,10734
2022-05-31 12:00:00,1852.6,1854.08,1844.6,1848.93,13554
2022-05-31 16:00:00,1848.93,1855.34,1839.78,1845.98,18646
2022-05-31 20:00:00,1845.89,1846.23,1835.13,1837.66,9500
2022-06-01 00:00:00,1837.12,1838.51,1834.2,1834.42,3902
2022-06-01 04:00:00,1834.36,1837.99,1831.81,1833.48,9585
2022-06-01 08:00:00,1833.46,1837.15,1829.38,1830.06,11612
2022-06-01 12:00:00,1830.08,1844.74,1828.47,1844.15,13096
2022-06-01 16:00:00,1844.25,1849.9,1837.92,1847.59,18396
2022-06-01 20:00:00,1847.59,1849.99,1845.07,1848.58,4509
2022-06-02 00:00:00,1847.13,1848.96,1845.44,1847.26,2975
2022-06-02 04:00:00,1847.26,1847.53,1844.09,1844.99,7183
2022-06-02 08:00:00,1844.99,1853.28,1844.11,1852.1,9093
2022-06-02 12:00:00,1852.12,1858.73,1850.85,1856.53,11714
2022-06-02 16:00:00,1856.83,1870.41,1856.66,1867.79,16697
2022-06-02 20:00:00,1867.78,1870.33,1866.47,1868.08,6497
2022-06-03 00:00:00,1868.95,1874.05,1868.2,1873.25,3336
2022-06-03 04:00:00,1873.33,1873.74,1866.75,1867.86,6493
2022-06-03 08:00:00,1867.89,1869.17,1864.34,1864.83,7668
2022-06-03 12:00:00,1864.81,1867.82,1856.63,1858.33,11277
2022-06-03 16:00:00,1858.44,1865.15,1848.09,1850.92,16439
2022-06-03 20:00:00,1851.03,1851.61,1847.37,1850.52,6287
2022-06-06 00:00:00,1850.66,1853.44,1850.04,1850.8,3384
2022-06-06 04:00:00,1850.82,1856.64,1850.54,1855.36,8054
2022-06-06 08:00:00,1855.36,1856.37,1850.92,1851.67,10213
2022-06-06 12:00:00,1851.67,1857.79,1850.86,1853.57,10059
2022-06-06 16:00:00,1853.58,1854.23,1841.55,1842.29,17178
2022-06-06 20:00:00,1842.24,1843.81,1840.64,1841.99,6796
2022-06-07 00:00:00,1841.13,1842.02,1837.71,1839.04,4026
2022-06-07 04:00:00,1839.03,1844.53,1837.04,1842.38,9398
2022-06-07 08:00:00,1842.39,1848.44,1838.46,1846.59,11193
2022-06-07 12:00:00,1846.65,1851.94,1842.69,1845.05,10710
2022-06-07 16:00:00,1845.03,1853.52,1842.31,1851.1,15875
2022-06-07 20:00:00,1851.07,1855.55,1848.73,1852.13,6977
2022-06-08 00:00:00,1852.67,1853.71,1849.54,1850.24,3968
2022-06-08 04:00:00,1850.24,1850.74,1845.77,1847.44,8286
2022-06-08 08:00:00,1847.47,1851.29,1846.45,1847.42,9727
2022-06-08 12:00:00,1847.41,1853.3,1844.53,1852.04,9214
2022-06-08 16:00:00,1852.14,1859.59,1851.19,1855.4,11795
2022-06-08 20:00:00,1855.42,1855.88,1848.84,1852.48,5969
2022-06-09 00:00:00,1852.94,1854.4,1851.49,1851.9,2533
2022-06-09 04:00:00,1851.93,1855.32,1850.89,1854.08,6192
2022-06-09 08:00:00,1854.02,1854.99,1847.56,1849.65,9521
2022-06-09 12:00:00,1849.65,1852.46,1843.79,1850.36,11784
2022-06-09 16:00:00,1850.37,1851.24,1840.01,1848.64,14998
2022-06-09 20:00:00,1848.58,1850.47,1846.64,1848.02,5814
2022-06-10 00:00:00,1847.73,1847.91,1845.67,1847.63,2737
2022-06-10 04:00:00,1847.53,1848.25,1843.22,1843.23,6222
2022-06-10 08:00:00,1843.27,1847.53,1843.22,1844.66,8272
2022-06-10 12:00:00,1844.7,1845.75,1825.02,1838.22,14601
2022-06-10 16:00:00,1838.23,1875.88,1828.4,1871.69,24026
2022-06-10 20:00:00,1871.61,1875.22,1868.6,1870.86,9484
2022-06-13 00:00:00,1877.96,1879.0,1872.29,1872.65,5476
2022-06-13 04:00:00,1872.67,1872.67,1860.21,1863.41,10105
2022-06-13 08:00:00,1863.43,1867.12,1853.29,1853.3,15166
2022-06-13 12:00:00,1853.15,1858.95,1842.22,1842.92,16170
2022-06-13 16:00:00,1842.9,1845.82,1823.41,1828.82,24385
2022-06-13 20:00:00,1828.72,1830.92,1819.13,1819.57,13935
2022-06-14 00:00:00,1815.4,1824.31,1814.21,1824.09,5803
2022-06-14 04:00:00,1823.96,1828.04,1823.09,1824.8,10946
2022-06-14 08:00:00,1824.86,1831.6,1824.02,1825.84,14566
2022-06-14 12:00:00,1825.8,1825.8,1816.07,1819.93,17083
2022-06-14 16:00:00,1820.08,1822.01,1809.4,1812.43,19299
2022-06-14 20:00:00,1812.42,1813.48,1805.09,1809.0,11823
2022-06-15 00:00:00,1807.58,1811.82,1807.48,1811.46,5029
2022-06-15 04:00:00,1811.44,1819.1,1810.61,1814.46,10389
2022-06-15 08:00:00,1814.55,1824.05,1813.2,1822.17,16135
2022-06-15 12:00:00,1822.16,1836.5,1820.47,1831.58,16509
2022-06-15 16:00:00,1831.6,1832.95,1818.77,1819.83,19293
2022-06-15 20:00:00,1819.78,1841.78,1813.54,1834.59,20492
2022-06-16 00:00:00,1833.12,1836.36,1831.68,1834.14,4878
2022-06-16 04:00:00,1834.14,1834.98,1829.74,1831.02,8681
2022-06-16 08:00:00,1831.05,1833.63,1826.48,1833.52,15554
2022-06-16 12:00:00,1833.56,1836.02,1815.38,1829.39,20500
2022-06-16 16:00:00,1829.4,1852.75,1825.29,1850.21,21706
2022-06-16 20:00:00,1850.4,1857.24,1845.5,1857.02,10101
2022-06-17 00:00:00,1853.51,1853.54,1845.95,1846.62,3879
2022-06-17 04:00:00,1846.67,1847.6,1841.64,1845.56,10488
2022-06-17 08:00:00,1845.56,1851.12,1841.92,1850.01,12502
2022-06-17 12:00:00,1849.99,1853.09,1844.51,1851.23,14606
2022-06-17 16:00:00,1851.29,1851.6,1836.66,1839.41,21100
2022-06-17 20:00:00,1839.38,1841.88,1833.88,1841.1,8874
2022-06-20 00:00:00,1836.06,1840.46,1834.65,1839.81,4765
2022-06-20 04:00:00,1839.8,1845.98,1835.08,1843.38,10694
2022-06-20 08:00:00,1843.37,1844.79,1838.96,1839.75,9804
2022-06-20 12:00:00,1839.79,1843.67,1836.38,1839.08,8462
2022-06-20 16:00:00,1838.99,1843.23,1835.75,1835.84,8727
2022-06-20 20:00:00,1835.84,1838.97,1835.44,1838.34,1233
2022-06-21 00:00:00,1837.73,1841.58,1837.2,1841.01,4494
2022-06-21 04:00:00,1841.05,1842.37,1837.99,1838.62,7131
2022-06-21 08:00:00,1838.62,1839.61,1832.6,1834.62,11734
2022-06-21 12:00:00,1834.62,1839.53,1830.74,1836.12,13600
2022-06-21 16:00:00,1836.16,1843.61,1832.75,1836.31,16203
2022-06-21 20:00:00,1836.32,1836.96,1828.58,1833.0,7415
2022-06-22 00:00:00,1832.42,1832.77,1826.65,1828.46,4583
2022-06-22 04:00:00,1828.45,1830.42,1825.29,1825.66,8590
2022-06-22 08:00:00,1825.63,1830.31,1823.34,1823.96,12340
2022-06-22 12:00:00,1823.97,1846.77,1823.41,1844.61,14812
2022-06-22 16:00:00,1844.67,1847.77,1835.4,1838.29,19319
2022-06-22 20:00:00,1838.33,1841.68,1835.95,1837.87,6893
2022-06-23 00:00:00,1837.46,1838.39,1834.98,1835.71,3062
2022-06-23 04:00:00,1835.51,1838.67,1832.1,1833.27,8402
2022-06-23 08:00:00,1833.27,1838.07,1831.1,1833.02,12065
2022-06-23 12:00:00,1833.06,1834.15,1823.9,1833.99,13090
2022-06-23 16:00:00,1833.91,1846.02,1829.21,1830.36,19133
2022-06-23 20:00:00,1830.4,1830.44,1822.49,1823.57,9859
2022-06-24 00:00:00,1823.99,1825.38,1822.5,1823.91,4491
2022-06-24 04:00:00,1823.93,1826.57,1821.56,1826.06,10123
2022-06-24 08:00:00,1826.04,1831.71,1821.19,1826.2,13397
2022-06-24 12:00:00,1826.19,1829.15,1821.76,1822.09,12770
2022-06-24 16:00:00,1822.14,1831.32,1816.9,1826.39,18847
2022-06-24 20:00:00,1826.42,1830.85,1823.68,1826.26,7313
2022-06-27 00:00:00,1836.07,1836.3,1828.17,1828.94,5200
2022-06-27 04:00:00,1828.97,1836.91,1828.43,1835.47,8714
2022-06-27 08:00:00,1835.5,1841.0,1833.82,1839.58,11434
2022-06-27 12:00:00,1839.59,1840.49,1828.32,1831.87,12078
2022-06-27 16:00:00,1831.93,1834.51,1820.75,1825.33,18419
2022-06-27 20:00:00,1825.21,1826.98,1822.17,1823.11,5284
2022-06-28 00:00:00,1822.59,1824.9,1821.6,1824.79,3654
2022-06-28 04:00:00,1824.8,1826.95,1822.41,1825.41,7267
2022-06-28 08:00:00,1825.41,1829.49,1824.78,1826.54,10953
2022-06-28 12:00:00,1826.79,1827.81,1820.46,1822.47,12495
2022-06-28 16:00:00,1822.56,1826.15,1818.58,1821.62,16230
2022-06-28 20:00:00,1821.82,1822.54,1818.46,1819.88,7604
2022-06-29 00:00:00,1819.35,1820.23,1818.27,1819.82,3215
2022-06-29 04:00:00,1819.82,1822.94,1818.5,1820.76,7079
2022-06-29 08:00:00,1820.75,1822.13,1815.62,1816.39,12079
2022-06-29 12:00:00,1816.41,1832.89,1811.99,1831.33,14179
2022-06-29 16:00:00,1831.38,1832.64,1814.92,1816.93,18001
2022-06-29 20:00:00,1816.77,1819.33,1815.66,1817.92,6137
2022-06-30 00:00:00,1818.11,1820.73,1817.18,1819.72,3381
2022-06-30 04:00:00,1819.71,1821.96,1815.04,1816.14,7022
2022-06-30 08:00:00,1816.07,1817.8,1812.28,1815.91,11473
2022-06-30 12:00:00,1815.91,1824.33,1802.72,1822.51,15112
2022-06-30 16:00:00,1822.59,1824.99,1804.82,1809.92,18291
2022-06-30 20:00:00,1809.92,1810.21,1805.61,1806.77,8562
2022-07-01 00:00:00,1806.88,1807.23,1803.39,1806.4,3507
2022-07-01 04:00:00,1806.36,1806.98,1800.81,1802.89,11028
2022-07-01 08:00:00,1802.85,1802.92,1792.44,1794.79,13763
2022-07-01 12:00:00,1794.58,1797.03,1784.49,1789.82,17228
2022-07-01 16:00:00,1789.87,1808.76,1788.35,1799.41,22144
2022-07-01 20:00:00,1799.36,1809.29,1797.9,1807.42,7628
2022-07-04 00:00:00,1809.78,1811.49,1807.62,1808.21,3802
2022-07-04 04:00:00,1808.21,1814.2,1805.51,1812.32,7745
2022-07-04 08:00:00,1812.32,1813.36,1806.45,1807.37,8640
2022-07-04 12:00:00,1807.37,1809.59,1803.95,1807.65,8189
2022-07-04 16:00:00,1807.66,1810.97,1805.47,1806.7,7552
2022-07-04 20:00:00,1806.74,1808.03,1806.29,1807.55,954
2022-07-05 00:00:00,1807.73,1809.74,1806.45,1807.52,3563
2022-07-05 04:00:00,1807.76,1812.08,1807.48,1811.43,7649
2022-07-05 08:00:00,1811.33,1811.92,1800.59,1800.91,11657
2022-07-05 12:00:00,1800.92,1805.23,1796.29,1800.39,13708
2022-07-05 16:00:00,1800.36,1800.36,1765.01,1767.35,20665
2022-07-05 20:00:00,1767.34,1769.04,1763.91,1765.91,9651
2022-07-06 00:00:00,1766.97,1771.18,1766.68,1771.13,4228
2022-07-06 04:00:00,1771.12,1772.88,1765.86,1766.52,10912
2022-07-06 08:00:00,1766.5,1771.75,1763.05,1766.15,14279
2022-07-06 12:00:00,1766.11,1767.91,1759.62,1765.37,14646
2022-07-06 16:00:00,1765.14,1767.83,1732.26,1735.11,21581
2022-07-06 20:00:00,1735.17,1743.94,1733.52,1738.63,11709
2022-07-07 00:00:00,1740.16,1742.57,1738.43,1741.85,4048
2022-07-07 04:00:00,1741.85,1747.06,1736.45,1744.36,10258
2022-07-07 08:00:00,1744.35,1747.65,1740.04,1742.12,12020
2022-07-07 12:00:00,1742.1,1745.86,1738.34,1739.54,14234
2022-07-07 16:00:00,1739.57,1749.1,1737.95,1742.63,17049
2022-07-07 20:00:00,1742.57,1742.97,1739.17,1740.42,4819
2022-07-08 00:00:00,1740.7,1744.83,1738.88,1744.56,3457
2022-07-08 04:00:00,1744.54,1746.61,1739.55,1741.91,10175
2022-07-08 08:00:00,1741.94,1743.83,1733.2,1737.79,11751
2022-07-08 12:00:00,1737.85,1745.54,1732.97,1738.5,13342
2022-07-08 16:00:00,1738.67,1752.19,1736.38,1742.29,18649
2022-07-08 20:00:00,1742.36,1744.23,1741.07,1741.76,5593
2022-07-11 00:00:00,1741.03,1744.49,1739.77,1741.57,3806
2022-07-11 04:00:00,1741.6,1743.43,1738.47,1742.22,9000
2022-07-11 08:00:00,1742.13,1742.33,1735.94,1737.89,11658
2022-07-11 12:00:00,1737.9,1739.87,1733.6,1736.82,12615
2022-07-11 16:00:00,1736.84,1742.61,1734.07,1734.93,18244
2022-07-11 20:00:00,1734.89,1736.73,1731.24,1733.28,7439
2022-07-12 00:00:00,1733.43,1735.63,1731.9,1732.48,3362
2022-07-12 04:00:00,1732.66,1744.13,1723.13,1728.79,11726
2022-07-12 08:00:00,1728.81,1739.13,1725.51,1734.63,14342
2022-07-12 12:00:00,1734.63,1739.3,1730.79,1732.09,14880
2022-07-12 16:00:00,1732.03,1733.91,1726.06,1729.5,19369
2022-07-12 20:00:00,1729.47,1729.8,1724.47,1725.93,9199
2022-07-13 00:00:00,1725.53,1725.56,1722.7,1724.81,2110
2022-07-13 04:00:00,1724.79,1728.72,1723.99,1725.72,10465
2022-07-13 08:00:00,1725.73,1728.45,1722.41,1727.85,13947
2022-07-13 12:00:00,1727.79,1731.8,1707.3,1712.65,14613
2022-07-13 16:00:00,1712.59,1745.3,1710.53,1737.9,27354
2022-07-13 20:00:00,1737.88,1740.01,1731.95,1734.84,12739
2022-07-14 00:00:00,1735.79,1736.07,1727.24,1728.19,4480
2022-07-14 04:00:00,1728.23,1733.52,1725.42,1727.96,11356
2022-07-14 08:00:00,1727.98,1728.83,1715.09,1716.69,17295
2022-07-14 12:00:00,1716.65,1717.3,1707.85,1709.27,18669
2022-07-14 16:00:00,1709.26,1714.46,1697.41,1705.8,28858
2022-07-14 20:00:00,1705.84,1712.31,1705.7,1710.57,12108
2022-07-15 00:00:00,1710.97,1712.13,1709.84,1710.54,3696
2022-07-15 04:00:00,1710.45,1716.53,1707.46,1709.3,11111
2022-07-15 08:00:00,1709.34,1710.8,1700.62,1704.5,14883
2022-07-15 12:00:00,1704.43,1710.81,1700.03,1707.45,16231
2022-07-15 16:00:00,1707.5,1713.98,1699.11,1704.67,22499
2022-07-15 20:00:00,1704.67,1706.62,1703.63,1706.51,6920
2022-07-18 00:00:00,1706.89,1711.14,1706.53,1708.48,3512
2022-07-18 04:00:00,1708.53,1717.7,1708.1,1714.21,9312
2022-07-18 08:00:00,1714.2,1720.74,1711.87,1719.22,12527
2022-07-18 12:00:00,1719.2,1723.89,1711.48,1717.18,13620
2022-07-18 16:00:00,1717.16,1721.23,1708.89,1711.97,18906
2022-07-18 20:00:00,1711.96,1712.79,1706.69,1708.99,9293
2022-07-19 00:00:00,1709.88,1710.06,1705.32,1707.64,2424
2022-07-19 04:00:00,1707.61,1709.85,1705.36,1708.48,7299
2022-07-19 08:00:00,1708.49,1713.3,1707.45,1713.24,12363
2022-07-19 12:00:00,1713.24,1718.44,1708.57,1708.91,14081
2022-07-19 16:00:00,1708.82,1715.24,1708.56,1711.52,17557
2022-07-19 20:00:00,1711.52,1713.11,1709.75,1711.59,7225
2022-07-20 00:00:00,1711.15,1712.54,1709.64,1712.11,2804
2022-07-20 04:00:00,1712.06,1713.43,1709.49,1711.73,6142
2022-07-20 08:00:00,1711.72,1712.11,1705.97,1707.95,11241
2022-07-20 12:00:00,1707.92,1713.92,1706.34,1708.82,13518
2022-07-20 16:00:00,1708.85,1714.4,1701.32,1702.93,17405
2022-07-20 20:00:00,1702.95,1704.21,1692.47,1696.21,10642
2022-07-21 00:00:00,1696.57,1697.27,1691.86,1694.69,2769
2022-07-21 04:00:00,1694.57,1694.69,1689.95,1692.53,7591
2022-07-21 08:00:00,1692.42,1693.78,1684.95,1685.06,11391
2022-07-21 12:00:00,1685.08,1707.2,1680.85,1706.65,15565
2022-07-21 16:00:00,1706.58,1718.34,1693.18,1711.72,19970
2022-07-21 20:00:00,1711.72,1720.07,1710.93,1719.16,8941
2022-07-22 00:00:00,1718.13,1719.29,1716.84,1717.09,3784
2022-07-22 04:00:00,1717.08,1718.12,1712.86,1713.46,7231
2022-07-22 08:00:00,1713.49,1720.38,1713.21,1718.26,12253
2022-07-22 12:00:00,1718.26,1730.16,1717.72,1724.04,14838
2022-07-22 16:00:00,1724.08,1739.22,1722.1,1728.9,20739
2022-07-22 20:00:00,1728.86,1729.61,1720.37,1722.84,8036
2022-07-25 00:00:00,1725.98,1727.04,1720.49,1720.51,4006
2022-07-25 04:00:00,1720.54,1728.87,1719.81,1726.66,8236
2022-07-25 08:00:00,1726.52,1730.31,1723.78,1728.46,11579
2022-07-25 12:00:00,1728.45,1736.23,1724.17,1724.72,13876
2022-07-25 16:00:00,1724.8,1725.45,1714.72,1718.0,18076
2022-07-25 20:00:00,1718.01,1721.4,1716.2,1719.19,8338
2022-07-26 00:00:00,1718.98,1722.04,1718.0,1721.38,2997
2022-07-26 04:00:00,1721.37,1728.17,1720.82,1721.66,8188
2022-07-26 08:00:00,1721.63,1727.9,1721.08,1722.73,10820
2022-07-26 12:00:00,1722.7,1724.45,1713.64,1719.19,13735
2022-07-26 16:00:00,1719.21,1721.93,1714.38,1719.13,17850
2022-07-26 20:00:00,1719.12,1720.12,1716.34,1716.94,8099
2022-07-27 00:00:00,1717.35,1720.11,1717.28,1718.96,2971
2022-07-27 04:00:00,1719.02,1719.74,1713.59,1714.94,7364
2022-07-27 08:00:00,1714.94,1725.17,1714.5,1723.55,10837
2022-07-27 12:00:00,1723.51,1724.4,1717.85,1718.13,11955
2022-07-27 16:00:00,1718.12,1721.26,1711.46,1720.75,15406
2022-07-27 20:00:00,1720.77,1740.18,1719.25,1734.16,16058
2022-07-28 00:00:00,1734.24,1739.94,1734.04,1736.51,4393
2022-07-28 04:00:00,1736.57,1741.64,1733.96,1736.3,10032
2022-07-28 08:00:00,1736.3,1748.48,1735.35,1745.72,12990
2022-07-28 12:00:00,1745.67,1749.8,1736.13,1744.65,16625
2022-07-28 16:00:00,1744.54,1756.79,1741.03,1753.97,24213
2022-07-28 20:00:00,1753.88,1757.05,1750.38,1756.44,10141
2022-07-29 00:00:00,1755.28,1756.22,1753.86,1755.82,4528
2022-07-29 04:00:00,1755.83,1763.97,1752.68,1761.44,9902
2022-07-29 08:00:00,1761.45,1767.87,1761.01,1763.8,14018
2022-07-29 12:00:00,1763.79,1764.44,1755.69,1757.31,16228
2022-07-29 16:00:00,1757.31,1767.1,1752.09,1763.52,21823
2022-07-29 20:00:00,1763.53,1766.57,1760.9,1765.4,10184
2022-08-01 00:00:00,1765.09,1765.19,1760.41,1762.73,3763
2022-08-01 04:00:00,1762.73,1765.81,1759.69,1760.29,9117
2022-08-01 08:00:00,1760.25,1767.42,1758.31,1765.48,12407
2022-08-01 12:00:00,1765.52,1775.06,1764.75,1769.38,14973
2022-08-01 16:00:00,1769.3,1774.71,1764.27,1772.99,21858
2022-08-01 20:00:00,1772.94,1772.95,1766.52,1772.44,9921
2022-08-02 00:00:00,1771.72,1780.47,1770.82,1780.28,4453
2022-08-02 04:00:00,1780.33,1780.33,1772.72,1772.89,9669
2022-08-02 08:00:00,1772.87,1776.08,1768.84,1773.3,13920
2022-08-02 12:00:00,1773.17,1788.0,1772.56,1784.89,14689
2022-08-02 16:00:00,1785.07,1786.11,1773.24,1776.17,24584
2022-08-02 20:00:00,1776.15,1777.13,1760.45,1761.5,13342
2022-08-03 00:00:00,1761.9,1761.96,1754.88,1756.7,4872
2022-08-03 04:00:00,1756.62,1769.88,1755.52,1768.85,11556
2022-08-03 08:00:00,1768.86,1770.6,1764.04,1765.1,12395
2022-08-03 12:00:00,1765.11,1772.42,1760.17,1771.92,13344
2022-08-03 16:00:00,1771.87,1772.8,1754.27,1759.38,21135
2022-08-03 20:00:00,1759.42,1766.24,1758.85,1765.23,8345
2022-08-04 00:00:00,1765.43,1767.49,1763.15,1767.42,2653
2022-08-04 04:00:00,1767.41,1771.93,1765.97,1770.91,8309
2022-08-04 08:00:00,1770.93,1776.92,1769.03,1776.35,11372
2022-08-04 12:00:00,1776.36,1788.22,1776.07,1780.79,14986
2022-08-04 16:00:00,1780.75,1791.57,1774.28,1790.49,20112
2022-08-04 20:00:00,1790.43,1794.9,1789.42,1790.76,8712
2022-08-05 00:00:00,1790.7,1794.83,1789.62,1794.0,3382
2022-08-05 04:00:00,1794.02,1794.85,1788.69,1791.77,8521
2022-08-05 08:00:00,1791.75,1792.71,1785.47,1787.33,11645
2022-08-05 12:00:00,1787.41,1789.23,1767.44,1768.91,14993
2022-08-05 16:00:00,1768.99,1779.09,1764.97,1774.27,23147
2022-08-05 20:00:00,1774.26,1776.05,1771.89,1774.01,8415
2022-08-08 00:00:00,1773.11,1775.13,1771.18,1774.2,3404
2022-08-08 04:00:00,1774.21,1775.4,1771.6,1771.95,6737
2022-08-08 08:00:00,1771.94,1779.15,1771.32,1773.95,11100
2022-08-08 12:00:00,1773.98,1786.51,1772.94,1781.9,11945
2022-08-08 16:00:00,1781.81,1790.03,1780.65,1787.61,15815
2022-08-08 20:00:00,1787.65,1789.54,1786.43,1788.47,7648
2022-08-09 00:00:00,1788.56,1790.67,1787.86,1789.01,2856
2022-08-09 04:00:00,1789.12,1790.01,1783.2,1786.18,6951
2022-08-09 08:00:00,1786.18,1793.36,1783.57,1790.37,10436
2022-08-09 12:00:00,1790.34,1794.71,1788.02,1793.86,12354
2022-08-09 16:00:00,1793.87,1800.36,1790.1,1795.2,16146
2022-08-09 20:00:00,1795.2,1796.55,1793.29,1793.72,6411
2022-08-10 00:00:00,1794.09,1794.49,1791.61,1792.75,2245
2022-08-10 04:00:00,1792.68,1794.6,1789.86,1790.4,5758
2022-08-10 08:00:00,1790.38,1793.06,1787.57,1792.4,9952
2022-08-10 12:00:00,1792.4,1807.95,1786.96,1797.37,13311
2022-08-10 16:00:00,1797.22,1802.45,1791.59,1798.12,20789
2022-08-10 20:00:00,1798.2,1798.45,1788.11,1791.88,9803
2022-08-11 00:00:00,1792.63,1792.68,1789.56,1790.46,2214
2022-08-11 04:00:00,1790.51,1790.51,1784.09,1785.25,7065
2022-08-11 08:00:00,1785.26,1789.79,1783.46,1789.57,11179
2022-08-11 12:00:00,1789.6,1799.16,1787.79,1796.77,13846
2022-08-11 16:00:00,1796.71,1799.26,1786.37,1788.88,20117
2022-08-11 20:00:00,1788.9,1791.93,1785.03,1789.17,9396
2022-08-12 00:00:00,1789.79,1789.84,1786.71,1788.33,2734
2022-08-12 04:00:00,1788.39,1792.5,1786.19,1790.65,6202
2022-08-12 08:00:00,1790.65,1794.1,1786.03,1787.35,10004
2022-08-12 12:00:00,1787.35,1794.23,1784.91,1793.37,13561
2022-08-12 16:00:00,1793.38,1798.68,1790.47,1797.17,19410
2022-08-12 20:00:00,1797.23,1802.12,1797.05,1801.0,8071
2022-08-15 00:00:00,1801.53,1801.62,1798.7,1801.19,2730
2022-08-15 04:00:00,1801.18,1801.74,1793.57,1794.48,6561
2022-08-15 08:00:00,1794.43,1794.7,1781.82,1783.57,10922
2022-08-15 12:00:00,1783.53,1786.27,1772.95,1779.78,16777
2022-08-15 16:00:00,1779.9,1782.95,1775.76,1782.7,16184
2022-08-15 20:00:00,1782.7,1784.13,1777.55,1778.9,6725
2022-08-16 00:00:00,1779.41,1779.67,1777.53,1777.7,2924
2022-08-16 04:00:00,1777.67,1783.13,1776.82,1781.99,5872
2022-08-16 08:00:00,1782.01,1782.14,1773.99,1775.46,9971
2022-08-16 12:00:00,1775.47,1778.53,1771.44,1771.74,12669
2022-08-16 16:00:00,1771.92,1778.64,1771.92,1776.23,16840
2022-08-16 20:00:00,1776.24,1777.57,1773.99,1775.08,6986
2022-08-17 00:00:00,1775.78,1776.07,1773.83,1774.72,2489
2022-08-17 04:00:00,1774.7,1779.16,1773.97,1778.61,6044
2022-08-17 08:00:00,1778.61,1782.27,1771.97,1775.12,12337
2022-08-17 12:00:00,1775.22,1775.22,1764.71,1771.51,15020
2022-08-17 16:00:00,1771.65,1773.44,1759.83,1762.5,19413
2022-08-17 20:00:00,1762.52,1770.18,1761.14,1762.4,11930
2022-08-18 00:00:00,1762.49,1766.31,1762.22,1765.38,2738
2022-08-18 04:00:00,1765.43,1767.52,1761.64,1763.26,6260
2022-08-18 08:00:00,1763.27,1766.24,1760.89,1766.18,11486
2022-08-18 12:00:00,1766.17,1772.39,1765.33,1767.29,14282
2022-08-18 16:00:00,1767.24,1769.93,1756.48,1757.23,17829
2022-08-18 20:00:00,1757.26,1761.22,1755.34,1758.65,7044
2022-08-19 00:00:00,1758.85,1759.18,1754.75,1755.4,3572
2022-08-19 04:00:00,1755.52,1757.71,1751.88,1753.14,8072
2022-08-19 08:00:00,1753.11,1757.39,1751.91,1754.17,11663
2022-08-19 12:00:00,1754.18,1757.71,1749.81,1756.37,14648
2022-08-19 16:00:00,1756.49,1758.1,1745.75,1749.75,16410
2022-08-19 20:00:00,1749.79,1750.25,1745.57,1746.58,7226
2022-08-22 00:00:00,1745.58,1748.02,1744.9,1745.31,3062
2022-08-22 04:00:00,1745.37,1749.01,1743.88,1744.75,7120
2022-08-22 08:00:00,1744.75,1744.99,1732.43,1734.95,12248
2022-08-22 12:00:00,1734.97,1738.52,1727.72,1730.52,14622
2022-08-22 16:00:00,1730.55,1739.99,1730.33,1735.13,17581
2022-08-22 20:00:00,1735.23,1737.79,1733.77,1734.89,6527
2022-08-23 00:00:00,1735.83,1738.77,1734.14,1738.15,2693
2022-08-23 04:00:00,1738.11,1740.52,1736.81,1736.84,6822
2022-08-23 08:00:00,1736.81,1743.87,1734.72,1740.69,12531
2022-08-23 12:00:00,1740.68,1741.51,1730.8,1735.96,12919
2022-08-23 16:00:00,1736.05,1754.02,1735.52,1749.75,19859
2022-08-23 20:00:00,1749.75,1750.19,1745.89,1747.93,6802
2022-08-24 00:00:00,1747.41,1747.7,1745.38,1746.13,2860
2022-08-24 04:00:00,1746.16,1747.38,1743.99,1746.8,6199
2022-08-24 08:00:00,1746.78,1752.47,1744.15,1751.93,11321
2022-08-24 12:00:00,1751.91,1753.62,1742.47,1745.78,14385
2022-08-24 16:00:00,1745.77,1755.82,1742.96,1749.62,17858
2022-08-24 20:00:00,1749.6,1752.69,1747.71,1751.59,7071
2022-08-25 00:00:00,1751.35,1753.68,1749.88,1752.86,2710
2022-08-25 04:00:00,1752.73,1757.75,1752.29,1757.21,6939
2022-08-25 08:00:00,1757.21,1765.2,1755.93,1762.51,12108
2022-08-25 12:00:00,1762.49,1765.41,1756.94,1760.3,13479
2022-08-25 16:00:00,1760.34,1761.71,1752.26,1758.22,16430
2022-08-25 20:00:00,1758.22,1759.83,1754.93,1758.14,6686
2022-08-26 00:00:00,1758.12,1758.16,1754.92,1755.39,2062
2022-08-26 04:00:00,1755.49,1757.43,1752.28,1755.73,5981
2022-08-26 08:00:00,1755.69,1758.76,1750.12,1752.16,11566
2022-08-26 12:00:00,1752.17,1752.5,1743.69,1745.9,13999
2022-08-26 16:00:00,1745.9,1756.09,1734.15,1735.98,24640
2022-08-26 20:00:00,1735.9,1739.46,1735.13,1738.58,8113
2022-08-29 00:00:00,1734.82,1738.38,1733.27,1734.47,4980
2022-08-29 04:00:00,1734.47,1734.51,1721.13,1722.82,9555
2022-08-29 08:00:00,1722.89,1725.85,1720.32,1722.22,11619
2022-08-29 12:00:00,1722.28,1736.79,1721.57,1736.2,13278
2022-08-29 16:00:00,1736.24,1745.41,1735.36,1738.1,17185
2022-08-29 20:00:00,1738.1,1739.64,1735.9,1737.32,6131
2022-08-30 00:00:00,1737.87,1740.49,1736.35,1739.55,2765
2022-08-30 04:00:00,1739.45,1740.19,1733.85,1735.74,7676
2022-08-30 08:00:00,1735.72,1737.79,1729.03,1734.48,12517
2022-08-30 12:00:00,1734.5,1735.3,1728.09,1730.53,12540
2022-08-30 16:00:00,1730.55,1732.83,1721.19,1724.22,17907
2022-08-30 20:00:00,1724.21,1726.23,1723.01,1724.08,7839
2022-08-31 00:00:00,1723.04,1724.43,1722.18,1722.95,2375
2022-08-31 04:00:00,1723.09,1725.82,1720.59,1724.72,6361
2022-08-31 08:00:00,1724.77,1726.52,1713.41,1714.07,11976
2022-08-31 12:00:00,1714.1,1716.37,1709.64,1711.57,16303
2022-08-31 16:00:00,1711.6,1723.46,1710.29,1716.19,19160
2022-08-31 20:00:00,1716.09,1716.33,1709.54,1710.49,8824
2022-09-01 00:00:00,1711.01,1711.37,1705.5,1705.99,4576
2022-09-01 04:00:00,1705.88,1707.24,1702.2,1702.91,7973
2022-09-01 08:00:00,1702.91,1708.48,1700.55,1702.13,12127
2022-09-01 12:00:00,1702.12,1708.7,1694.88,1701.05,15119
2022-09-01 16:00:00,1701.07,1702.1,1688.76,1695.0,20350
2022-09-01 20:00:00,1694.91,1699.16,1694.27,1696.35,7038
2022-09-02 00:00:00,1697.24,1699.28,1694.99,1697.95,2263
2022-09-02 04:00:00,1697.95,1700.25,1696.3,1699.29,6797
2022-09-02 08:00:00,1699.25,1704.61,1698.89,1704.51,10094
2022-09-02 12:00:00,1704.54,1714.91,1704.14,1708.77,13309
2022-09-02 16:00:00,1708.78,1717.96,1706.13,1714.05,19285
2022-09-02 20:00:00,1714.06,1715.57,1708.82,1711.61,8972
2022-09-05 00:00:00,1711.13,1711.59,1707.69,1708.9,3462
2022-09-05 04:00:00,1708.86,1714.0,1708.44,1712.82,7241
2022-09-05 08:00:00,1712.74,1714.08,1708.2,1711.85,10606
2022-09-05 12:00:00,1711.84,1715.78,1710.43,1712.67,8645
2022-09-05 16:00:00,1712.67,1713.61,1710.02,1712.05,6093
2022-09-05 20:00:00,1712.11,1712.24,1711.84,1711.84,72
2022-09-06 00:00:00,1710.59,1726.72,1710.59,1723.84,3954
2022-09-06 04:00:00,1723.87,1723.88,1715.34,1715.63,7220
2022-09-06 08:00:00,1715.63,1720.78,1712.77,1713.36,12253
2022-09-06 12:00:00,1713.31,1714.96,1706.92,1707.71,13542
2022-09-06 16:00:00,1707.85,1711.75,1701.08,1701.42,20444
2022-09-06 20:00:00,1701.41,1703.81,1699.8,1701.37,9198
2022-09-07 00:00:00,1702.12,1703.9,1692.46,1696.21,4523
2022-09-07 04:00:00,1696.18,1698.69,1691.38,1693.65,9636
2022-09-07 08:00:00,1693.85,1705.37,1693.52,1704.04,13090
2022-09-07 12:00:00,1704.08,1707.14,1698.95,1700.28,14651
2022-09-07 16:00:00,1700.24,1715.01,1697.03,1714.79,17140
2022-09-07 20:00:00,1714.96,1719.24,1714.1,1715.16,6110
2022-09-08 00:00:00,1718.4,1718.52,1715.47,1715.58,3054
2022-09-08 04:00:00,1715.59,1719.32,1713.53,1714.62,8838
2022-09-08 08:00:00,1714.66,1722.88,1714.46,1718.02,13094
2022-09-08 12:00:00,1718.02,1728.14,1713.83,1715.77,15715
2022-09-08 16:00:00,1715.69,1716.75,1703.91,1706.12,20202
2022-09-08 20:00:00,1706.17,1711.63,1705.83,1708.73,8204
2022-09-09 00:00:00,1708.58,1715.2,1708.42,1713.54,3222
2022-09-09 04:00:00,1713.52,1721.75,1713.21,1721.36,8968
2022-09-09 08:00:00,1721.35,1729.47,1718.16,1728.52,13305
2022-09-09 12:00:00,1728.49,1729.4,1718.42,1718.74,15270
2022-09-09 16:00:00,1718.86,1720.31,1711.33,1720.02,16781
2022-09-09 20:00:00,1720.14,1720.19,1714.58,1716.3,5677
2022-09-12 00:00:00,1718.22,1720.15,1716.25,1716.92,2898
2022-09-12 04:00:00,1716.86,1718.72,1711.91,1712.83,5519
2022-09-12 08:00:00,1712.81,1726.46,1712.08,1725.75,12974
2022-09-12 12:00:00,1725.76,1733.79,1723.39,1729.66,15525
2022-09-12 16:00:00,1729.67,1735.07,1723.67,1731.79,17595
2022-09-12 20:00:00,1731.79,1731.87,1723.74,1724.9,8199
2022-09-13 00:00:00,1724.71,1727.59,1723.97,1724.74,3244
2022-09-13 04:00:00,1724.75,1725.09,1720.34,1721.96,7533
2022-09-13 08:00:00,1721.95,1726.05,1719.96,1725.32,11627
2022-09-13 12:00:00,1725.33,1731.82,1703.1,1703.85,16511
2022-09-13 16:00:00,1703.82,1709.55,1697.07,1705.49,20519
2022-09-13 20:00:00,1705.51,1707.26,1701.12,1702.51,9385
2022-09-14 00:00:00,1701.11,1703.16,1698.48,1700.24,4778
2022-09-14 04:00:00,1700.13,1705.08,1697.25,1703.89,9197
2022-09-14 08:00:00,1703.98,1706.13,1698.85,1704.38,15298
2022-09-14 12:00:00,1704.35,1707.05,1699.15,1705.81,16190
2022-09-14 16:00:00,1705.77,1706.99,1701.03,1701.25,17143
2022-09-14 20:00:00,1701.26,1701.36,1693.61,1696.52,9953
2022-09-15 00:00:00,1697.42,1698.19,1695.25,1695.58,2518
2022-09-15 04:00:00,1695.44,1696.53,1686.92,1687.42,6809
2022-09-15 08:00:00,1687.44,1689.94,1685.58,1687.3,11795
2022-09-15 12:00:00,1687.31,1692.26,1682.28,1687.54,15613
2022-09-15 16:00:00,1687.46,1690.91,1660.28,1664.9,21359
2022-09-15 20:00:00,1664.88,1669.27,1662.77,1664.38,6001
2022-09-16 00:00:00,1664.77,1666.37,1661.31,1665.49,3766
2022-09-16 04:00:00,1665.49,1667.62,1661.21,1664.07,7835
2022-09-16 08:00:00,1664.08,1664.52,1654.06,1659.12,12778
2022-09-16 12:00:00,1659.11,1667.79,1658.08,1660.26,14093
2022-09-16 16:00:00,1660.28,1680.24,1657.14,1673.11,20350
2022-09-16 20:00:00,1673.06,1677.72,1671.06,1675.08,8058
2022-09-19 00:00:00,1674.33,1679.91,1673.83,1675.9,3365
2022-09-19 04:00:00,1675.93,1676.86,1666.75,1668.5,6508
2022-09-19 08:00:00,1668.52,1669.7,1659.63,1662.56,10236
2022-09-19 12:00:00,1662.56,1667.57,1660.65,1664.82,12060
2022-09-19 16:00:00,1664.87,1675.23,1662.27,1670.72,16641
2022-09-19 20:00:00,1670.72,1675.89,1668.85,1675.85,5960
2022-09-20 00:00:00,1675.55,1679.4,1674.84,1676.06,3338
2022-09-20 04:00:00,1676.17,1677.87,1673.21,1673.45,6880
2022-09-20 08:00:00,1673.46,1675.9,1668.02,1668.94,12712
2022-09-20 12:00:00,1668.92,1670.27,1665.2,1667.84,14110
2022-09-20 16:00:00,1667.84,1668.81,1659.93,1664.04,17824
2022-09-20 20:00:00,1664.02,1666.15,1661.58,1663.67,5760
2022-09-21 00:00:00,1664.88,1667.43,1663.65,1663.95,2958
2022-09-21 04:00:00,1664.06,1666.44,1661.73,1661.99,6418
2022-09-21 08:00:00,1662.0,1676.19,1661.91,1671.1,13941
2022-09-21 12:00:00,1671.1,1677.59,1670.88,1674.21,12104
2022-09-21 16:00:00,1674.18,1675.07,1664.98,1665.26,14533
2022-09-21 20:00:00,1665.27,1687.95,1654.02,1674.02,17879
2022-09-22 00:00:00,1671.54,1672.28,1660.41,1660.5,4264
2022-09-22 04:00:00,1660.47,1664.76,1656.74,1660.44,9975
2022-09-22 08:00:00,1660.43,1678.04,1655.66,1670.81,17214
2022-09-22 12:00:00,1670.78,1684.88,1664.77,1681.89,19339
2022-09-22 16:00:00,1681.82,1681.82,1667.93,1673.98,22073
2022-09-22 20:00:00,1674.01,1674.72,1669.35,1671.53,10575
2022-09-23 00:00:00,1671.37,1674.71,1670.43,1674.18,2509
2022-09-23 04:00:00,1674.17,1675.82,1668.2,1668.68,6794
2022-09-23 08:00:00,1668.66,1674.11,1660.73,1661.59,13928
2022-09-23 12:00:00,1661.45,1663.04,1641.16,1646.14,21318
2022-09-23 16:00:00,1646.14,1657.89,1641.57,1646.23,21393
2022-09-23 20:00:00,1646.19,1648.44,1639.74,1643.97,10479
2022-09-26 00:00:00,1643.02,1645.7,1626.87,1627.82,5587
2022-09-26 04:00:00,1627.75,1645.39,1627.47,1635.39,13890
2022-09-26 08:00:00,1635.36,1649.77,1634.57,1646.48,17902
2022-09-26 12:00:00,1646.5,1647.72,1636.21,1645.97,18537
2022-09-26 16:00:00,1645.95,1648.3,1627.79,1631.19,21840
2022-09-26 20:00:00,1631.2,1631.34,1621.08,1624.08,15101
2022-09-27 00:00:00,1623.66,1630.99,1623.6,1630.82,4637
2022-09-27 04:00:00,1630.75,1632.87,1628.57,1631.63,8429
2022-09-27 08:00:00,1631.55,1640.57,1631.09,1635.72,14867
2022-09-27 12:00:00,1635.75,1642.37,1632.42,1635.39,16397
2022-09-27 16:00:00,1635.39,1639.93,1628.27,1629.4,21560
2022-09-27 20:00:00,1629.38,1632.58,1626.69,1629.11,11858
2022-09-28 00:00:00,1629.82,1630.53,1625.11,1626.92,3785
2022-09-28 04:00:00,1626.73,1627.28,1622.82,1623.48,10543
2022-09-28 08:00:00,1623.45,1625.57,1614.75,1620.11,17334
2022-09-28 12:00:00,1620.11,1638.23,1615.87,1635.07,22126
2022-09-28 16:00:00,1634.77,1660.85,1633.85,1659.15,23220
2022-09-28 20:00:00,1659.25,1662.67,1658.62,1659.69,12792
2022-09-29 00:00:00,1658.71,1659.47,1652.84,1653.93,3586
2022-09-29 04:00:00,1653.93,1659.3,1651.89,1652.32,10937
2022-09-29 08:00:00,1652.36,1652.58,1641.46,1644.2,17141
2022-09-29 12:00:00,1644.12,1656.21,1644.12,1649.37,19019
2022-09-29 16:00:00,1649.44,1664.88,1644.48,1658.84,22927
2022-09-29 20:00:00,1658.84,1662.18,1657.2,1660.44,11620
2022-09-30 00:00:00,1661.25,1665.28,1661.25,1664.76,4351
2022-09-30 04:00:00,1664.76,1664.83,1659.2,1663.02,9682
2022-09-30 08:00:00,1663.0,1674.3,1662.79,1671.9,16797
2022-09-30 12:00:00,1672.15,1672.39,1662.2,1664.49,18211
2022-09-30 16:00:00,1664.53,1675.39,1662.03,1664.01,20106
2022-09-30 20:00:00,1664.03,1665.98,1660.1,1661.06,11234
2022-10-03 00:00:00,1664.2,1665.28,1663.15,1664.2,4833
2022-10-03 04:00:00,1664.3,1669.44,1662.11,1662.25,8755
2022-10-03 08:00:00,1662.19,1668.26,1661.05,1663.03,15009
2022-10-03 12:00:00,1663.04,1670.08,1659.68,1665.56,16092
2022-10-03 16:00:00,1665.45,1694.09,1665.29,1691.1,22522
2022-10-03 20:00:00,1691.17,1701.44,1689.87,1698.49,11481
2022-10-04 00:00:00,1699.03,1702.53,1697.49,1698.65,4172
2022-10-04 04:00:00,1698.75,1701.33,1695.12,1699.66,10194
2022-10-04 08:00:00,1699.67,1710.72,1697.57,1708.89,15935
2022-10-04 12:00:00,1708.84,1713.18,1700.52,1711.95,18288
2022-10-04 16:00:00,1711.93,1729.38,1706.31,1723.22,21544
2022-10-04 20:00:00,1723.25,1726.6,1719.99,1725.69,10447
2022-10-05 00:00:00,1724.81,1726.12,1721.46,1723.01,3647
2022-10-05 04:00:00,1722.96,1723.7,1717.53,1718.36,10238
2022-10-05 08:00:00,1718.36,1727.79,1709.85,1714.76,14883
2022-10-05 12:00:00,1714.73,1715.17,1703.1,1713.16,17444
2022-10-05 16:00:00,1713.23,1713.7,1700.51,1708.47,21410
2022-10-05 20:00:00,1708.48,1718.38,1707.64,1717.22,7604
2022-10-06 00:00:00,1715.94,1723.54,1714.8,1720.22,4253
2022-10-06 04:00:00,1720.22,1724.24,1719.31,1723.8,8931
2022-10-06 08:00:00,1723.82,1725.54,1713.94,1714.15,14991
2022-10-06 12:00:00,1714.13,1719.66,1710.87,1715.43,15772
2022-10-06 16:00:00,1715.36,1717.08,1706.91,1711.8,21658
2022-10-06 20:00:00,1711.85,1715.13,1710.55,1713.06,9059
2022-10-07 00:00:00,1711.67,1713.42,1710.87,1711.02,3161
2022-10-07 04:00:00,1711.04,1713.33,1709.13,1709.52,6936
2022-10-07 08:00:00,1709.58,1714.04,1708.41,1712.24,13223
2022-10-07 12:00:00,1712.25,1714.79,1690.53,1697.94,15601
2022-10-07 16:00:00,1697.82,1707.21,1693.88,1699.77,22875
2022-10-07 20:00:00,1699.72,1702.37,1693.22,1694.36,9160
2022-10-10 00:00:00,1696.18,1699.77,1692.83,1694.58,4061
2022-10-10 04:00:00,1694.6,1696.19,1685.18,1686.67,9266
2022-10-10 08:00:00,1686.63,1689.4,1679.98,1680.17,15820
2022-10-10 12:00:00,1680.17,1684.49,1673.93,1677.15,17952
2022-10-10 16:00:00,1677.13,1678.64,1665.63,1667.84,24288
2022-10-10 20:00:00,1667.88,1671.61,1667.01,1667.94,10711
2022-10-11 00:00:00,1668.47,1672.93,1667.8,1672.36,4280
2022-10-11 04:00:00,1672.36,1673.54,1661.31,1663.22,13671
2022-10-11 08:00:00,1663.21,1669.78,1662.73,1665.66,20062
2022-10-11 12:00:00,1665.73,1672.94,1660.99,1669.5,21386
2022-10-11 16:00:00,1669.54,1683.94,1663.47,1680.64,27899
2022-10-11 20:00:00,1680.7,1681.09,1663.76,1666.29,17933
2022-10-12 00:00:00,1666.39,1666.64,1661.68,1665.01,5047
2022-10-12 04:00:00,1664.98,1672.11,1661.33,1668.62,13566
2022-10-12 08:00:00,1668.56,1675.37,1666.03,1670.04,21353
2022-10-12 12:00:00,1670.04,1673.01,1664.61,1671.65,20403
2022-10-12 16:00:00,1671.62,1673.22,1667.16,1669.79,26128
2022-10-12 20:00:00,1669.81,1678.24,1668.98,1672.83,15102
2022-10-13 00:00:00,1673.68,1675.36,1672.87,1674.15,3226
2022-10-13 04:00:00,1674.23,1674.64,1669.0,1670.18,7467
2022-10-13 08:00:00,1670.17,1675.27,1667.01,1674.94,14015
2022-10-13 12:00:00,1674.9,1682.45,1644.62,1654.64,26652
2022-10-13 16:00:00,1654.5,1668.64,1642.33,1665.75,44900
2022-10-13 20:00:00,1665.73,1672.55,1663.39,1666.11,16901
2022-10-14 00:00:00,1665.68,1666.06,1661.61,1661.74,4480
2022-10-14 04:00:00,1661.73,1670.24,1658.89,1667.59,13195
2022-10-14 08:00:00,1667.57,1671.68,1660.44,1660.66,20039
2022-10-14 12:00:00,1660.66,1663.26,1650.17,1663.26,26217
2022-10-14 16:00:00,1663.28,1663.91,1641.35,1643.8,38225
2022-10-14 20:00:00,1643.9,1645.32,1640.15,1644.09,14078
2022-10-17 00:00:00,1646.05,1648.97,1644.07,1648.23,5866
2022-10-17 04:00:00,1648.32,1652.64,1646.68,1649.49,9732
2022-10-17 08:00:00,1649.45,1657.46,1648.51,1655.34,19787
2022-10-17 12:00:00,1655.37,1668.2,1654.6,1666.57,21053
2022-10-17 16:00:00,1666.6,1668.42,1657.26,1657.36,23744
2022-10-17 20:00:00,1657.36,1659.98,1646.7,1650.54,11223
2022-10-18 00:00:00,1650.44,1652.32,1649.66,1652.11,3865
2022-10-18 04:00:00,1652.13,1660.79,1648.86,1659.31,11592
2022-10-18 08:00:00,1659.38,1660.83,1649.78,1649.91,19254
2022-10-18 12:00:00,1649.91,1657.31,1648.62,1656.41,20902
2022-10-18 16:00:00,1656.41,1656.68,1645.8,1650.26,26438
2022-10-18 20:00:00,1650.25,1652.77,1648.21,1651.9,12810
2022-10-19 00:00:00,1651.93,1654.41,1650.91,1653.07,3842
2022-10-19 04:00:00,1653.07,1653.38,1645.62,1646.32,8621
2022-10-19 08:00:00,1646.3,1647.85,1637.67,1640.78,19837
2022-10-19 12:00:00,1640.73,1642.14,1630.37,1634.9,22942
2022-10-19 16:00:00,1634.92,1637.73,1628.33,1629.63,25976
2022-10-19 20:00:00,1629.65,1630.31,1627.66,1628.92,13480
2022-10-20 00:00:00,1629.36,1630.28,1625.94,1628.44,4158
2022-10-20 04:00:00,1628.43,1632.89,1622.45,1632.84,12310
2022-10-20 08:00:00,1632.82,1635.0,1627.04,1629.27,19342
2022-10-20 12:00:00,1629.29,1639.98,1629.29,1632.61,24483
2022-10-20 16:00:00,1632.56,1645.63,1630.38,1636.23,27475
2022-10-20 20:00:00,1636.2,1636.26,1624.73,1627.87,13424
2022-10-21 00:00:00,1628.1,1628.4,1625.16,1626.82,3921
2022-10-21 04:00:00,1626.92,1628.24,1620.23,1621.82,10352
2022-10-21 08:00:00,1621.84,1627.27,1617.22,1620.6,18521
2022-10-21 12:00:00,1620.59,1633.58,1619.17,1631.25,23011
2022-10-21 16:00:00,1631.25,1653.99,1629.3,1651.45,49925
2022-10-21 20:00:00,1651.46,1657.09,1650.77,1656.51,17094
2022-10-24 00:00:00,1659.82,1670.62,1656.38,1656.89,16513
2022-10-24 04:00:00,1656.98,1658.53,1651.84,1658.11,11643
2022-10-24 08:00:00,1658.07,1658.64,1644.39,1647.78,23139
2022-10-24 12:00:00,1647.8,1652.34,1645.44,1649.14,23560
2022-10-24 16:00:00,1649.19,1654.44,1643.88,1650.53,32177
2022-10-24 20:00:00,1650.54,1652.04,1647.74,1649.7,8165
2022-10-25 00:00:00,1649.9,1654.03,1649.81,1653.65,5379
2022-10-25 04:00:00,1653.64,1654.84,1647.15,1650.17,12477
2022-10-25 08:00:00,1650.08,1651.72,1642.86,1643.91,17069
2022-10-25 12:00:00,1643.92,1645.94,1638.26,1642.26,18880
2022-10-25 16:00:00,1642.2,1662.3,1642.12,1653.18,29248
2022-10-25 20:00:00,1653.15,1656.98,1652.35,1652.95,11842
2022-10-26 00:00:00,1652.25,1653.96,1649.78,1650.33,5183
2022-10-26 04:00:00,1650.43,1657.62,1649.71,1655.76,10366
2022-10-26 08:00:00,1655.75,1673.5,1655.15,1672.97,21499
2022-10-26 12:00:00,1672.96,1674.86,1660.56,1662.04,21162
2022-10-26 16:00:00,1662.04,1672.56,1661.49,1666.58,27896
2022-10-26 20:00:00,1666.54,1667.21,1663.22,1664.41,11994
2022-10-27 00:00:00,1664.17,1669.44,1663.97,1667.17,5262
2022-10-27 04:00:00,1667.22,1670.72,1662.3,1665.35,12476
2022-10-27 08:00:00,1665.45,1669.67,1659.02,1663.46,19747
2022-10-27 12:00:00,1663.44,1664.51,1654.79,1660.14,22672
2022-10-27 16:00:00,1660.14,1665.65,1656.28,1657.94,31226
2022-10-27 20:00:00,1658.16,1663.41,1657.05,1661.37,12980
2022-10-28 00:00:00,1662.01,1663.06,1660.52,1661.89,4057
2022-10-28 04:00:00,1662.0,1666.98,1661.09,1664.5,13239
2022-10-28 08:00:00,1664.47,1665.13,1647.81,1650.57,22124
2022-10-28 12:00:00,1650.84,1653.01,1639.98,1643.25,24895
2022-10-28 16:00:00,1643.36,1649.2,1637.97,1642.69,28665
2022-10-28 20:00:00,1642.73,1645.14,1640.69,1644.88,7663
2022-10-31 00:00:00,1643.64,1645.33,1642.08,1642.21,5059
2022-10-31 04:00:00,1642.17,1645.52,1640.57,1644.33,8202
2022-10-31 08:00:00,1644.36,1645.63,1635.6,1637.06,13315
2022-10-31 12:00:00,1637.1,1642.03,1635.58,1637.06,17216
2022-10-31 16:00:00,1637.04,1642.06,1633.41,1636.53,20996
2022-10-31 20:00:00,1636.53,1637.75,1631.68,1633.18,10277
2022-11-01 00:00:00,1632.55,1634.27,1630.54,1633.88,3226
2022-11-01 04:00:00,1633.88,1640.09,1633.28,1637.87,10786
2022-11-01 08:00:00,1637.81,1649.82,1637.65,1647.47,17998
2022-11-01 12:00:00,1647.59,1656.93,1645.56,1653.97,19984
2022-11-01 16:00:00,1653.97,1655.62,1642.04,1644.94,35799
2022-11-01 20:00:00,1645.03,1651.09,1644.87,1646.83,11974
2022-11-02 00:00:00,1646.32,1650.49,1645.95,1650.3,3583
2022-11-02 04:00:00,1650.36,1653.23,1647.28,1650.16,9220
2022-11-02 08:00:00,1650.18,1655.41,1649.59,1652.25,12699
2022-11-02 12:00:00,1652.26,1658.83,1651.9,1656.91,17352
2022-11-02 16:00:00,1656.93,1657.47,1645.62,1647.68,18643
2022-11-02 20:00:00,1647.68,1669.55,1634.98,1635.1,33393
2022-11-03 00:00:00,1634.3,1637.92,1631.76,1637.82,4171
2022-11-03 04:00:00,1637.81,1640.92,1635.96,1637.7,9026
2022-11-03 08:00:00,1637.7,1638.43,1624.58,1627.23,16246
2022-11-03 12:00:00,1627.21,1628.24,1616.6,1618.27,25669
2022-11-03 16:00:00,1618.27,1631.44,1617.16,1627.13,33937
2022-11-03 20:00:00,1627.12,1632.36,1626.98,1629.33,10722
2022-11-04 00:00:00,1629.05,1632.08,1628.8,1630.67,3501
2022-11-04 04:00:00,1630.68,1647.01,1629.26,1646.82,10617
2022-11-04 08:00:00,1646.82,1649.74,1643.96,1647.97,18626
2022-11-04 12:00:00,1647.97,1660.51,1641.16,1659.61,27540
2022-11-04 16:00:00,1659.61,1675.44,1658.82,1673.2,38315
2022-11-04 20:00:00,1673.23,1681.73,1672.12,1680.54,16612
2022-11-07 00:00:00,1675.31,1680.19,1670.55,1672.35,10818
2022-11-07 04:00:00,1672.35,1674.9,1670.27,1672.19,10509
2022-11-07 08:00:00,1672.19,1680.4,1666.87,1678.6,20164
2022-11-07 12:00:00,1678.55,1680.1,1673.53,1677.94,19055
2022-11-07 16:00:00,1677.99,1681.83,1673.88,1677.08,24656
2022-11-07 20:00:00,1677.05,1677.95,1674.23,1674.68,8074
2022-11-08 00:00:00,1674.42,1676.65,1672.45,1673.58,5442
2022-11-08 04:00:00,1673.63,1674.39,1668.22,1668.33,8320
2022-11-08 08:00:00,1668.25,1671.62,1664.71,1671.49,16719
2022-11-08 12:00:00,1671.49,1675.21,1669.82,1672.92,16994
2022-11-08 16:00:00,1672.91,1716.84,1672.82,1714.98,29470
2022-11-08 20:00:00,1715.03,1716.86,1708.23,1712.48,19671
2022-11-09 00:00:00,1711.59,1713.36,1706.93,1706.97,7661
2022-11-09 04:00:00,1706.96,1712.52,1706.96,1709.34,11520
2022-11-09 08:00:00,1709.35,1715.82,1707.01,1707.95,19916
2022-11-09 12:00:00,1708.0,1710.07,1703.11,1710.01,22492
2022-11-09 16:00:00,1710.03,1722.31,1707.4,1712.5,28835
2022-11-09 20:00:00,1712.62,1712.94,1702.15,1706.27,16852
2022-11-10 00:00:00,1705.87,1708.85,1703.79,1706.76,6353
2022-11-10 04:00:00,1706.75,1712.25,1705.77,1712.21,9981
2022-11-10 08:00:00,1712.27,1712.53,1704.64,1707.06,18729
2022-11-10 12:00:00,1707.07,1737.1,1704.02,1733.1,24689
2022-11-10 16:00:00,1733.08,1753.28,1732.48,1748.34,35311
2022-11-10 20:00:00,1748.73,1757.26,1748.41,1754.75,16628
2022-11-11 00:00:00,1753.06,1754.51,1747.22,1747.42,8663
2022-11-11 04:00:00,1747.45,1763.05,1747.45,1760.71,12579
2022-11-11 08:00:00,1760.67,1766.14,1755.5,1763.92,25881
2022-11-11 12:00:00,1763.88,1766.6,1755.01,1765.59,27086
2022-11-11 16:00:00,1765.59,1765.68,1755.51,1764.53,27442
2022-11-11 20:00:00,1764.53,1772.76,1763.16,1771.01,12212
2022-11-14 00:00:00,1763.69,1766.2,1761.41,1762.7,10507
2022-11-14 04:00:00,1762.71,1766.25,1757.92,1758.42,12757
2022-11-14 08:00:00,1758.49,1766.14,1756.99,1757.08,20607
2022-11-14 12:00:00,1757.09,1764.15,1753.23,1763.71,20653
2022-11-14 16:00:00,1763.77,1775.05,1762.39,1770.76,25508
2022-11-14 20:00:00,1770.78,1774.45,1770.24,1771.76,11395
2022-11-15 00:00:00,1770.28,1772.39,1767.0,1769.11,7221
2022-11-15 04:00:00,1769.06,1773.74,1768.16,1770.81,10747
2022-11-15 08:00:00,1770.82,1784.41,1768.65,1776.26,21698
2022-11-15 12:00:00,1776.43,1786.52,1773.18,1777.13,24780
2022-11-15 16:00:00,1777.18,1779.34,1768.04,1772.3,33819
2022-11-15 20:00:00,1772.38,1785.81,1768.28,1778.11,27702
2022-11-16 00:00:00,1777.79,1781.37,1773.63,1774.44,9157
2022-11-16 04:00:00,1774.42,1777.04,1770.32,1774.12,14365
2022-11-16 08:00:00,1774.05,1783.5,1771.29,1782.85,20931
2022-11-16 12:00:00,1782.84,1785.04,1774.54,1779.13,23861
2022-11-16 16:00:00,1779.12,1780.32,1772.9,1774.62,26735
2022-11-16 20:00:00,1774.66,1776.19,1770.91,1773.65,13944
2022-11-17 00:00:00,1773.24,1774.72,1769.22,1769.77,5316
2022-11-17 04:00:00,1769.88,1769.9,1761.4,1763.01,11569
2022-11-17 08:00:00,1763.01,1771.04,1762.83,1765.46,20380
2022-11-17 12:00:00,1765.45,1767.61,1756.3,1756.58,26552
2022-11-17 16:00:00,1756.54,1762.88,1754.44,1760.2,27258
2022-11-17 20:00:00,1760.19,1762.32,1759.46,1760.59,11490
2022-11-18 00:00:00,1760.3,1764.56,1759.31,1762.93,5910
2022-11-18 04:00:00,1763.03,1765.65,1761.14,1764.03,9590
2022-11-18 08:00:00,1764.02,1767.64,1760.69,1764.19,18848
2022-11-18 12:00:00,1764.18,1765.68,1758.13,1760.19,20282
2022-11-18 16:00:00,1760.23,1761.16,1749.89,1751.33,24910
2022-11-18 20:00:00,1751.34,1752.82,1747.51,1749.86,9054
2022-11-21 00:00:00,1751.23,1752.99,1744.39,1746.25,7463
2022-11-21 04:00:00,1746.28,1747.41,1743.91,1746.68,10768
2022-11-21 08:00:00,1746.7,1747.06,1736.98,1738.51,20045
2022-11-21 12:00:00,1738.51,1746.95,1738.04,1743.53,18476
2022-11-21 16:00:00,1743.55,1746.37,1732.5,1736.63,26161
2022-11-21 20:00:00,1736.63,1739.63,1735.39,1738.27,10357
2022-11-22 00:00:00,1738.97,1744.94,1737.28,1743.6,5940
2022-11-22 04:00:00,1743.6,1745.68,1740.89,1741.6,9384
2022-11-22 08:00:00,1741.59,1748.41,1740.35,1746.99,20782
2022-11-22 12:00:00,1746.99,1749.69,1743.03,1743.65,19103
2022-11-22 16:00:00,1743.69,1746.65,1738.58,1739.59,21384
2022-11-22 20:00:00,1739.6,1740.75,1737.05,1740.15,8923
2022-11-23 00:00:00,1739.87,1742.88,1739.04,1740.28,5123
2022-11-23 04:00:00,1740.27,1741.75,1732.96,1736.54,7989
2022-11-23 08:00:00,1736.53,1745.75,1735.56,1739.55,15999
2022-11-23 12:00:00,1739.59,1740.07,1723.8,1736.72,20820
2022-11-23 16:00:00,1736.75,1747.68,1735.63,1743.31,31430
2022-11-23 20:00:00,1743.25,1753.33,1742.59,1749.56,16453
2022-11-24 00:00:00,1749.55,1756.15,1749.01,1755.54,7443
2022-11-24 04:00:00,1755.54,1756.85,1753.14,1753.18,8844
2022-11-24 08:00:00,1753.2,1758.18,1752.42,1756.29,14886
2022-11-24 12:00:00,1756.29,1758.63,1754.55,1757.02,15467
2022-11-24 16:00:00,1756.95,1758.51,1754.91,1755.4,10262
2022-11-24 20:00:00,1755.37,1755.67,1753.95,1755.27,729
2022-11-25 00:00:00,1754.83,1757.57,1752.35,1756.61,7558
2022-11-25 04:00:00,1756.56,1761.15,1755.76,1756.66,9403
2022-11-25 08:00:00,1756.63,1757.08,1749.27,1750.92,16632
2022-11-25 12:00:00,1750.93,1754.43,1745.92,1748.35,18940
2022-11-25 16:00:00,1748.47,1755.53,1747.08,1753.19,17699
2022-11-25 20:00:00,1753.19,1756.33,1752.82,1756.1,933
2022-11-28 00:00:00,1753.19,1754.17,1746.01,1746.85,8606
2022-11-28 04:00:00,1746.85,1752.22,1746.21,1749.47,10369
2022-11-28 08:00:00,1749.55,1762.81,1749.13,1760.97,18103
2022-11-28 12:00:00,1760.95,1763.73,1750.26,1753.53,19804
2022-11-28 16:00:00,1753.49,1753.49,1741.94,1742.63,28304
2022-11-28 20:00:00,1742.61,1743.0,1739.61,1740.75,9251
2022-11-29 00:00:00,1740.88,1746.45,1740.31,1746.33,7087
2022-11-29 04:00:00,1746.35,1755.05,1744.6,1754.17,12622
2022-11-29 08:00:00,1754.17,1759.02,1751.46,1754.08,19221
2022-11-29 12:00:00,1754.04,1757.49,1750.04,1751.59,20821
2022-11-29 16:00:00,1751.58,1758.02,1746.91,1750.98,25615
2022-11-29 20:00:00,1750.97,1752.44,1747.87,1749.7,9427
2022-11-30 00:00:00,1749.0,1754.13,1747.8,1752.84,6098
2022-11-30 04:00:00,1752.83,1755.71,1751.28,1753.81,8952
2022-11-30 08:00:00,1753.79,1762.09,1752.88,1761.96,16570
2022-11-30 12:00:00,1762.03,1764.62,1754.07,1755.09,23417
2022-11-30 16:00:00,1755.08,1763.32,1749.09,1752.81,27284
2022-11-30 20:00:00,1752.81,1769.9,1744.84,1768.27,23826
2022-12-01 00:00:00,1769.78,1780.0,1769.39,1775.85,10055
2022-12-01 04:00:00,1775.81,1782.61,1771.78,1780.08,14072
2022-12-01 08:00:00,1780.07,1783.66,1774.62,1778.24,20080
2022-12-01 12:00:00,1778.25,1792.17,1776.44,1789.42,21531
2022-12-01 16:00:00,1789.42,1804.0,1789.15,1801.59,34403
2022-12-01 20:00:00,1801.55,1803.51,1799.23,1803.03,12127
2022-12-02 00:00:00,1802.29,1804.42,1797.15,1797.95,6083
2022-12-02 04:00:00,1797.98,1799.06,1795.47,1797.21,10397
2022-12-02 08:00:00,1797.19,1802.91,1797.09,1801.8,19944
2022-12-02 12:00:00,1801.81,1801.84,1778.47,1785.62,23464
2022-12-02 16:00:00,1785.59,1798.48,1780.97,1795.16,32832
2022-12-02 20:00:00,1795.26,1799.51,1793.57,1797.82,11946
2022-12-05 00:00:00,1794.67,1808.29,1794.36,1806.49,9902
2022-12-05 04:00:00,1806.5,1809.95,1805.77,1807.44,11736
2022-12-05 08:00:00,1807.46,1807.83,1795.07,1796.82,18288
2022-12-05 12:00:00,1796.79,1798.39,1790.97,1792.59,20734
2022-12-05 16:00:00,1792.57,1793.38,1768.97,1769.84,32755
2022-12-05 20:00:00,1769.85,1770.36,1765.81,1768.54,10843
2022-12-06 00:00:00,1767.86,1776.14,1767.86,1774.62,7350
2022-12-06 04:00:00,1774.62,1776.31,1768.72,1770.86,13002
2022-12-06 08:00:00,1770.88,1773.9,1767.32,1771.17,17609
2022-12-06 12:00:00,1771.19,1780.88,1771.05,1778.31,18198
2022-12-06 16:00:00,1778.35,1778.79,1770.28,1771.48,25194
2022-12-06 20:00:00,1771.49,1772.71,1767.31,1771.01,10192
2022-12-07 00:00:00,1770.76,1773.77,1768.72,1773.47,6000
2022-12-07 04:00:00,1773.55,1775.17,1770.37,1773.05,10928
2022-12-07 08:00:00,1773.11,1775.88,1769.62,1772.48,17282
2022-12-07 12:00:00,1772.48,1779.23,1770.76,1778.26,19685
2022-12-07 16:00:00,1778.27,1787.74,1776.03,1783.15,35428
2022-12-07 20:00:00,1783.15,1790.47,1782.77,1786.08,12457
2022-12-08 00:00:00,1786.1,1788.09,1781.53,1782.27,7013
2022-12-08 04:00:00,1782.27,1784.68,1781.45,1784.47,10463
2022-12-08 08:00:00,1784.4,1787.09,1781.66,1783.34,15855
2022-12-08 12:00:00,1783.35,1791.86,1781.83,1789.51,18159
2022-12-08 16:00:00,1789.51,1794.85,1784.45,1787.18,28203
2022-12-08 20:00:00,1787.2,1792.08,1786.6,1789.19,10026
2022-12-09 00:00:00,1789.69,1795.74,1788.45,1794.17,6304
2022-12-09 04:00:00,1794.25,1797.76,1792.04,1795.08,11025
2022-12-09 08:00:00,1795.09,1796.96,1788.87,1792.69,14280
2022-12-09 12:00:00,1792.74,1804.16,1789.95,1797.99,22960
2022-12-09 16:00:00,1798.06,1806.1,1790.14,1798.83,30652
2022-12-09 20:00:00,1798.86,1800.11,1794.79,1796.64,7530
2022-12-12 00:00:00,1795.93,1796.65,1789.81,1790.63,8094
2022-12-12 04:00:00,1790.53,1790.84,1785.49,1786.82,9704
2022-12-12 08:00:00,1786.84,1792.43,1785.98,1792.22,14543
2022-12-12 12:00:00,1792.24,1795.44,1787.26,1787.6,15347
2022-12-12 16:00:00,1787.57,1790.18,1781.05,1783.02,21562
2022-12-12 20:00:00,1783.04,1783.29,1777.47,1781.05,10175
2022-12-13 00:00:00,1780.97,1784.71,1780.83,1784.17,4826
2022-12-13 04:00:00,1784.12,1786.05,1781.11,1785.37,8235
2022-12-13 08:00:00,1785.42,1788.67,1782.95,1784.52,15399
2022-12-13 12:00:00,1784.58,1813.39,1782.51,1811.0,26297
2022-12-13 16:00:00,1810.98,1824.45,1805.3,1808.38,43968
2022-12-13 20:00:00,1808.32,1814.42,1807.73,1810.45,14927
2022-12-14 00:00:00,1810.55,1812.63,1808.75,1810.65,6846
2022-12-14 04:00:00,1810.65,1812.11,1808.14,1809.63,8111
2022-12-14 08:00:00,1809.63,1813.2,1806.5,1807.62,15846
2022-12-14 12:00:00,1807.62,1810.25,1804.3,1808.56,18121
2022-12-14 16:00:00,1808.57,1813.03,1807.8,1808.36,19905
2022-12-14 20:00:00,1808.34,1814.09,1795.26,1807.21,36380
2022-12-15 00:00:00,1807.06,1808.62,1797.13,1798.42,7554
2022-12-15 04:00:00,1798.45,1798.63,1789.57,1792.9,12754
2022-12-15 08:00:00,1792.92,1796.39,1773.69,1777.63,22619
2022-12-15 12:00:00,1777.62,1781.4,1773.75,1776.4,26188
2022-12-15 16:00:00,1776.34,1786.0,1774.02,1776.79,34670
2022-12-15 20:00:00,1776.89,1779.28,1775.96,1776.61,10088
2022-12-16 00:00:00,1776.2,1778.72,1775.56,1777.38,7130
2022-12-16 04:00:00,1777.4,1784.13,1777.08,1779.14,10390
2022-12-16 08:00:00,1779.13,1784.95,1774.28,1778.16,18436
2022-12-16 12:00:00,1778.11,1786.59,1777.62,1785.43,18574
2022-12-16 16:00:00,1785.47,1793.87,1782.13,1787.6,29845
2022-12-16 20:00:00,1787.62,1794.29,1787.42,1792.26,10528
2022-12-19 00:00:00,1792.18,1795.16,1790.92,1794.06,8561
2022-12-19 04:00:00,1794.06,1796.88,1790.32,1790.77,10725
2022-12-19 08:00:00,1790.78,1798.67,1790.57,1795.41,13774
2022-12-19 12:00:00,1795.41,1797.11,1790.95,1791.43,16339
2022-12-19 16:00:00,1791.44,1795.96,1783.87,1790.03,22103
2022-12-19 20:00:00,1790.03,1790.06,1786.26,1787.31,9102
2022-12-20 00:00:00,1787.23,1788.03,1784.56,1786.58,6305
2022-12-20 04:00:00,1786.61,1796.13,1785.23,1788.76,25994
2022-12-20 08:00:00,1788.74,1807.79,1788.3,1807.26,27274
2022-12-20 12:00:00,1807.2,1809.41,1798.32,1805.57,23596
2022-12-20 16:00:00,1805.61,1821.11,1802.7,1817.88,31604
2022-12-20 20:00:00,1817.9,1819.01,1814.2,1817.88,8147
2022-12-21 00:00:00,1817.78,1819.73,1815.63,1816.59,8217
2022-12-21 04:00:00,1816.51,1818.64,1812.97,1814.15,9440
2022-12-21 08:00:00,1814.13,1817.31,1811.88,1813.26,15912
2022-12-21 12:00:00,1813.22,1819.8,1811.83,1817.54,18265
2022-12-21 16:00:00,1817.52,1823.79,1814.71,1816.79,22560
2022-12-21 20:00:00,1816.73,1818.27,1812.81,1814.13,7412
2022-12-22 00:00:00,1813.86,1819.78,1813.36,1819.44,6556
2022-12-22 04:00:00,1819.41,1820.45,1817.42,1818.52,9511
2022-12-22 08:00:00,1818.53,1819.65,1813.68,1816.96,14098
2022-12-22 12:00:00,1816.95,1819.93,1807.09,1807.75,20094
2022-12-22 16:00:00,1807.81,1809.98,1792.61,1793.04,29471
2022-12-22 20:00:00,1793.06,1795.08,1784.81,1792.51,14702
2022-12-23 00:00:00,1792.84,1795.28,1791.2,1795.0,6140
2022-12-23 04:00:00,1795.02,1796.22,1792.47,1794.76,8991
2022-12-23 08:00:00,1794.75,1799.2,1794.45,1798.62,12939
2022-12-23 12:00:00,1798.66,1800.23,1793.19,1794.25,18922
2022-12-23 16:00:00,1794.23,1803.2,1791.15,1797.19,26392
2022-12-23 20:00:00,1797.19,1798.25,1793.62,1798.0,7962
2022-12-27 00:00:00,1800.59,1804.59,1800.17,1804.5,6585
2022-12-27 04:00:00,1804.44,1808.36,1803.24,1805.81,7651
2022-12-27 08:00:00,1805.82,1809.81,1804.96,1808.59,11155
2022-12-27 12:00:00,1808.58,1811.55,1805.95,1806.48,14671
2022-12-27 16:00:00,1806.48,1833.29,1802.26,1813.73,28361
2022-12-27 20:00:00,1813.71,1817.48,1812.21,1813.86,9353
2022-12-28 00:00:00,1813.48,1814.5,1809.58,1812.99,5970
2022-12-28 04:00:00,1813.07,1813.07,1810.04,1810.46,7162
2022-12-28 08:00:00,1810.44,1811.51,1799.8,1800.1,15260
2022-12-28 12:00:00,1800.1,1807.52,1799.23,1803.77,15107
2022-12-28 16:00:00,1803.73,1809.43,1796.99,1805.59,25077
2022-12-28 20:00:00,1805.61,1809.19,1802.73,1804.0,9043
2022-12-29 00:00:00,1804.85,1808.65,1804.68,1806.51,5043
2022-12-29 04:00:00,1806.47,1810.04,1805.83,1809.61,7172
2022-12-29 08:00:00,1809.64,1811.97,1804.76,1808.67,12199
2022-12-29 12:00:00,1808.69,1812.08,1804.35,1810.34,16319
2022-12-29 16:00:00,1810.38,1819.77,1808.72,1818.89,24311
2022-12-29 20:00:00,1818.88,1820.16,1814.18,1815.01,8356
2022-12-30 00:00:00,1814.53,1818.1,1813.7,1817.5,4911
2022-12-30 04:00:00,1817.49,1819.19,1815.59,1818.8,8189
2022-12-30 08:00:00,1818.79,1822.28,1814.81,1815.05,13595
2022-12-30 12:00:00,1815.03,1821.93,1813.34,1821.7,14588
2022-12-30 16:00:00,1821.75,1825.19,1814.25,1823.83,24056
2022-12-30 20:00:00,1824.08,1825.94,1818.49,1824.51,12281
2023-01-03 00:00:00,1827.97,1832.37,1823.71,1828.5,10605
2023-01-03 04:00:00,1828.52,1843.13,1828.29,1840.37,14256
2023-01-03 08:00:00,1840.36,1849.94,1834.51,1838.85,25726
2023-01-03 12:00:00,1838.77,1841.04,1830.83,1838.87,22438
2023-01-03 16:00:00,1838.9,1849.81,1827.6,1839.21,34310
2023-01-03 20:00:00,1839.19,1840.22,1836.52,1839.48,11924
2023-01-04 00:00:00,1838.37,1844.52,1836.1,1844.26,7455
2023-01-04 04:00:00,1844.3,1847.14,1843.43,1846.36,11047
2023-01-04 08:00:00,1846.36,1865.11,1845.74,1860.59,22101
2023-01-04 12:00:00,1860.65,1862.85,1852.76,1860.07,22328
2023-01-04 16:00:00,1859.99,1860.9,1848.9,1850.49,35929
2023-01-04 20:00:00,1850.49,1857.1,1847.04,1854.12,21162
2023-01-05 00:00:00,1854.68,1859.01,1853.93,1858.87,6877
2023-01-05 04:00:00,1858.87,1858.87,1850.23,1852.64,11369
2023-01-05 08:00:00,1852.64,1855.67,1843.79,1848.51,20214
2023-01-05 12:00:00,1848.68,1851.2,1833.04,1834.77,24541
2023-01-05 16:00:00,1834.7,1837.85,1825.06,1833.87,34329
2023-01-05 20:00:00,1833.88,1837.4,1831.89,1833.22,12021
2023-01-06 00:00:00,1831.69,1836.17,1831.3,1835.46,5237
2023-01-06 04:00:00,1835.5,1840.83,1835.48,1837.12,10676
2023-01-06 08:00:00,1837.09,1840.57,1833.24,1835.49,15587
2023-01-06 12:00:00,1835.53,1852.55,1834.06,1851.88,23684
2023-01-06 16:00:00,1851.8,1864.95,1840.64,1862.31,33245
2023-01-06 20:00:00,1862.21,1869.84,1861.75,1865.97,10514
2023-01-09 00:00:00,1866.26,1875.27,1866.26,1874.42,9650
2023-01-09 04:00:00,1874.43,1879.45,1874.24,1877.97,10872
2023-01-09 08:00:00,1877.94,1880.96,1871.26,1873.63,18979
2023-01-09 12:00:00,1873.66,1878.42,1870.52,1878.21,19345
2023-01-09 16:00:00,1878.25,1881.59,1869.02,1871.86,27975
2023-01-09 20:00:00,1871.91,1875.68,1869.19,1871.51,11949
2023-01-10 00:00:00,1870.45,1876.0,1867.83,1874.44,7603
2023-01-10 04:00:00,1874.47,1875.65,1870.7,1874.06,10652
2023-01-10 08:00:00,1874.08,1877.3,1870.62,1876.82,16889
2023-01-10 12:00:00,1876.82,1877.12,1870.36,1873.37,16820
2023-01-10 16:00:00,1873.42,1880.72,1871.2,1874.27,29993
2023-01-10 20:00:00,1874.24,1878.69,1871.95,1877.26,9506
2023-01-11 00:00:00,1877.1,1878.4,1872.02,1873.02,5530
2023-01-11 04:00:00,1873.0,1884.59,1872.23,1882.2,10047
2023-01-11 08:00:00,1882.18,1886.62,1880.32,1884.62,17434
2023-01-11 12:00:00,1884.62,1886.0,1875.73,1877.58,17726
2023-01-11 16:00:00,1877.65,1879.13,1867.1,1873.91,25009
2023-01-11 20:00:00,1873.82,1878.54,1873.13,1876.31,8674
2023-01-12 00:00:00,1877.0,1881.12,1875.85,1880.52,6994
2023-01-12 04:00:00,1880.54,1884.98,1880.28,1883.58,9461
2023-01-12 08:00:00,1883.56,1885.4,1879.92,1884.3,13456
2023-01-12 12:00:00,1884.35,1901.54,1871.02,1899.67,24190
2023-01-12 16:00:00,1899.67,1901.38,1879.85,1897.7,40615
2023-01-12 20:00:00,1897.7,1899.54,1894.07,1897.1,14377
2023-01-13 00:00:00,1895.89,1900.93,1895.61,1898.75,8933
2023-01-13 04:00:00,1898.77,1899.88,1892.23,1893.65,11079
2023-01-13 08:00:00,1893.66,1909.63,1893.53,1904.26,21056
2023-01-13 12:00:00,1904.26,1906.94,1893.69,1900.02,22482
2023-01-13 16:00:00,1900.02,1917.8,1899.16,1916.96,28140
2023-01-13 20:00:00,1916.9,1921.86,1916.75,1920.39,11466
2023-01-16 00:00:00,1918.21,1924.59,1916.78,1924.18,10282
2023-01-16 04:00:00,1924.16,1928.95,1916.92,1919.48,11764
2023-01-16 08:00:00,1919.5,1920.81,1910.83,1917.56,16934
2023-01-16 12:00:00,1917.58,1919.27,1911.38,1913.34,14837
2023-01-16 16:00:00,1913.4,1917.07,1912.53,1913.87,11471
2023-01-16 20:00:00,1913.86,1914.6,1913.84,1914.42,673
2023-01-17 00:00:00,1916.27,1918.99,1912.87,1913.04,7153
2023-01-17 04:00:00,1913.06,1916.31,1908.1,1911.04,11851
2023-01-17 08:00:00,1911.04,1911.95,1905.86,1906.57,17016
2023-01-17 12:00:00,1906.54,1914.38,1904.24,1912.98,19999
2023-01-17 16:00:00,1912.94,1916.66,1905.18,1907.15,29210
2023-01-17 20:00:00,1907.19,1910.82,1903.78,1908.33,11231
2023-01-18 00:00:00,1908.19,1909.15,1906.31,1908.68,5701
2023-01-18 04:00:00,1908.71,1910.3,1896.58,1897.91,19374
2023-01-18 08:00:00,1897.87,1915.89,1897.83,1914.75,23036
2023-01-18 12:00:00,1914.76,1924.25,1911.24,1921.34,21198
2023-01-18 16:00:00,1921.32,1925.84,1901.58,1905.22,37321
2023-01-18 20:00:00,1905.37,1906.44,1902.3,1903.74,11510
2023-01-19 00:00:00,1903.24,1909.53,1901.34,1901.9,8886
2023-01-19 04:00:00,1901.92,1910.95,1900.94,1910.07,12481
2023-01-19 08:00:00,1909.93,1916.75,1906.39,1910.35,16934
2023-01-19 12:00:00,1910.37,1913.42,1906.66,1913.15,22452
2023-01-19 16:00:00,1913.2,1923.31,1912.81,1920.07,29366
2023-01-19 20:00:00,1920.09,1935.15,1919.82,1931.53,16376
2023-01-20 00:00:00,1932.07,1934.76,1929.38,1931.72,5863
2023-01-20 04:00:00,1931.61,1932.49,1923.08,1927.91,10268
2023-01-20 08:00:00,1927.92,1937.51,1926.15,1929.39,17611
2023-01-20 12:00:00,1929.39,1931.33,1923.89,1924.13,19633
2023-01-20 16:00:00,1924.15,1930.96,1920.69,1925.17,25460
2023-01-20 20:00:00,1925.18,1930.96,1924.73,1926.83,11275
2023-01-23 00:00:00,1924.23,1933.77,1924.07,1932.44,6238
2023-01-23 04:00:00,1932.44,1935.52,1926.05,1926.22,7587
2023-01-23 08:00:00,1926.21,1927.43,1918.87,1925.89,16546
2023-01-23 12:00:00,1925.92,1929.33,1918.74,1921.94,17651
2023-01-23 16:00:00,1921.9,1926.39,1911.37,1923.92,29291
2023-01-23 20:00:00,1924.11,1931.79,1923.82,1931.31,9950
2023-01-24 00:00:00,1930.97,1935.74,1930.72,1935.69,3856
2023-01-24 04:00:00,1935.65,1937.06,1931.86,1934.04,7004
2023-01-24 08:00:00,1934.04,1942.43,1933.85,1936.15,15592
2023-01-24 12:00:00,1936.15,1939.36,1930.34,1932.49,18106
2023-01-24 16:00:00,1932.46,1936.64,1917.15,1933.9,34867
2023-01-24 20:00:00,1933.88,1938.25,1933.07,1937.34,11393
2023-01-25 00:00:00,1937.32,1938.83,1934.89,1937.34,4478
2023-01-25 04:00:00,1937.45,1939.62,1925.79,1927.57,8379
2023-01-25 08:00:00,1927.66,1933.71,1926.34,1927.94,14997
2023-01-25 12:00:00,1927.97,1928.47,1919.86,1922.29,18016
2023-01-25 16:00:00,1922.29,1940.44,1921.73,1937.38,28582
2023-01-25 20:00:00,1937.54,1948.07,1937.45,1946.07,12035
2023-01-26 00:00:00,1946.43,1949.15,1942.44,1945.57,5203
2023-01-26 04:00:00,1945.55,1948.76,1943.64,1947.46,7306
2023-01-26 08:00:00,1947.38,1948.95,1933.87,1936.8,17554
2023-01-26 12:00:00,1936.82,1939.5,1931.19,1937.51,18862
2023-01-26 16:00:00,1937.62,1942.38,1918.62,1926.63,36156
2023-01-26 20:00:00,1926.58,1933.17,1926.43,1929.41,12197
2023-01-27 00:00:00,1929.16,1934.81,1928.89,1930.1,5215
2023-01-27 04:00:00,1930.12,1931.1,1919.79,1925.01,8559
2023-01-27 08:00:00,1925.08,1928.17,1922.13,1925.71,13140
2023-01-27 12:00:00,1925.65,1935.02,1925.17,1928.78,17245
2023-01-27 16:00:00,1928.77,1932.19,1916.69,1928.57,28918
2023-01-27 20:00:00,1928.55,1932.03,1926.11,1927.94,8529
2023-01-30 00:00:00,1926.75,1931.01,1924.71,1927.68,7533
2023-01-30 04:00:00,1927.69,1934.49,1924.34,1931.37,15200
2023-01-30 08:00:00,1931.36,1932.18,1920.66,1924.66,19891
2023-01-30 12:00:00,1924.67,1930.75,1922.07,1929.07,20622
2023-01-30 16:00:00,1929.12,1929.69,1921.97,1924.33,26461
2023-01-30 20:00:00,1924.22,1924.65,1920.82,1922.76,11679
2023-01-31 00:00:00,1922.54,1927.36,1921.01,1925.22,5971
2023-01-31 04:00:00,1925.23,1926.36,1917.01,1917.31,11469
2023-01-31 08:00:00,1917.31,1917.31,1902.6,1903.76,19921
2023-01-31 12:00:00,1903.76,1920.33,1900.76,1919.67,24079
2023-01-31 16:00:00,1919.7,1930.53,1918.51,1929.62,34366
2023-01-31 20:00:00,1929.66,1931.12,1927.2,1927.82,12564
2023-02-01 00:00:00,1927.45,1928.74,1925.55,1927.07,4768
2023-02-01 04:00:00,1927.04,1928.42,1924.48,1926.04,8232
2023-02-01 08:00:00,1926.0,1929.19,1923.23,1925.06,15053
2023-02-01 12:00:00,1925.21,1933.21,1923.73,1929.3,18384
2023-02-01 16:00:00,1929.3,1932.88,1920.52,1925.64,32916
2023-02-01 20:00:00,1925.68,1954.51,1921.07,1950.39,34972
2023-02-02 00:00:00,1953.05,1957.21,1950.78,1952.85,11686
2023-02-02 04:00:00,1952.79,1954.42,1951.47,1952.57,10858
2023-02-02 08:00:00,1952.57,1959.72,1951.22,1956.45,18667
2023-02-02 12:00:00,1956.45,1957.23,1943.32,1944.29,26710
2023-02-02 16:00:00,1944.21,1947.2,1911.88,1912.17,48492
2023-02-02 20:00:00,1912.2,1918.57,1911.29,1912.49,21159
2023-02-03 00:00:00,1912.98,1918.17,1911.73,1917.77,7933
2023-02-03 04:00:00,1917.79,1918.54,1913.8,1914.94,10334
2023-02-03 08:00:00,1914.98,1918.2,1910.13,1913.27,18601
2023-02-03 12:00:00,1913.3,1917.07,1882.8,1886.76,26820
2023-02-03 16:00:00,1886.71,1886.71,1862.67,1863.48,52728
2023-02-03 20:00:00,1863.49,1866.98,1861.42,1865.71,18227
2023-02-06 00:00:00,1864.22,1873.46,1863.64,1872.73,11625
2023-02-06 04:00:00,1872.65,1878.63,1871.59,1877.96,11574
2023-02-06 08:00:00,1877.98,1881.25,1870.09,1873.19,17138
2023-02-06 12:00:00,1873.19,1874.07,1868.2,1871.6,20879
2023-02-06 16:00:00,1871.62,1875.76,1863.05,1865.96,34387
2023-02-06 20:00:00,1865.98,1871.27,1864.31,1867.32,14061
2023-02-07 00:00:00,1867.56,1873.53,1867.04,1873.53,6232
2023-02-07 04:00:00,1873.54,1875.58,1871.64,1874.94,10942
2023-02-07 08:00:00,1874.97,1878.0,1871.15,1873.4,18432
2023-02-07 12:00:00,1873.39,1875.43,1865.66,1869.86,19846
2023-02-07 16:00:00,1869.84,1884.37,1866.62,1880.57,37288
2023-02-07 20:00:00,1880.48,1882.73,1864.92,1873.91,31579
2023-02-08 00:00:00,1872.82,1878.37,1871.36,1876.01,6414
2023-02-08 04:00:00,1876.02,1878.31,1874.27,1876.93,8252
2023-02-08 08:00:00,1876.77,1886.3,1873.22,1885.97,19747
2023-02-08 12:00:00,1885.97,1886.01,1872.64,1877.75,16620
2023-02-08 16:00:00,1877.72,1883.11,1869.05,1875.71,33435
2023-02-08 20:00:00,1875.73,1879.88,1873.85,1875.58,13525
2023-02-09 00:00:00,1874.83,1876.92,1871.98,1876.92,6523
2023-02-09 04:00:00,1876.89,1881.39,1876.73,1879.08,9713
2023-02-09 08:00:00,1879.07,1885.45,1876.78,1883.1,15902
2023-02-09 12:00:00,1883.09,1889.78,1879.71,1889.56,19603
2023-02-09 16:00:00,1889.57,1890.24,1862.96,1868.42,35363
2023-02-09 20:00:00,1868.45,1869.62,1858.93,1861.6,18510
2023-02-10 00:00:00,1862.16,1865.48,1859.06,1862.12,6621
2023-02-10 04:00:00,1862.1,1863.36,1852.71,1860.06,11711
2023-02-10 08:00:00,1860.07,1872.22,1857.6,1864.17,27209
2023-02-10 12:00:00,1864.09,1868.63,1860.46,1866.97,22619
2023-02-10 16:00:00,1866.99,1868.52,1856.43,1861.73,31294
2023-02-10 20:00:00,1861.7,1865.63,1861.19,1864.81,11198
2023-02-13 00:00:00,1864.07,1865.31,1858.12,1861.41,7795
2023-02-13 04:00:00,1861.36,1862.43,1856.96,1859.66,9006
2023-02-13 08:00:00,1859.65,1866.55,1854.65,1857.19,16420
2023-02-13 12:00:00,1857.19,1863.03,1853.92,1856.93,16371
2023-02-13 16:00:00,1856.91,1859.34,1850.63,1851.53,24905
2023-02-13 20:00:00,1851.56,1855.77,1850.47,1853.54,11517
2023-02-14 00:00:00,1853.55,1856.72,1853.24,1856.57,5436
2023-02-14 04:00:00,1856.55,1859.35,1855.62,1859.34,7238
2023-02-14 08:00:00,1859.34,1864.93,1857.81,1862.61,15443
2023-02-14 12:00:00,1862.61,1870.56,1849.95,1862.38,25528
2023-02-14 16:00:00,1862.49,1866.31,1843.27,1849.76,49862
2023-02-14 20:00:00,1849.76,1858.82,1849.56,1854.48,13719
2023-02-15 00:00:00,1853.53,1859.3,1853.47,1858.99,5796
2023-02-15 04:00:00,1858.98,1860.07,1845.17,1846.36,10882
2023-02-15 08:00:00,1846.32,1846.59,1831.8,1835.75,21650
2023-02-15 12:00:00,1835.69,1838.91,1831.76,1834.7,21233
2023-02-15 16:00:00,1834.7,1838.73,1829.95,1834.94,31057
2023-02-15 20:00:00,1834.95,1838.57,1833.73,1836.45,12864
2023-02-16 00:00:00,1836.5,1842.24,1834.5,1841.4,7963
2023-02-16 04:00:00,1841.32,1842.59,1835.34,1837.04,9903
2023-02-16 08:00:00,1837.06,1844.78,1834.3,1835.53,16290
2023-02-16 12:00:00,1835.53,1840.42,1827.65,1830.81,20597
2023-02-16 16:00:00,1830.81,1843.9,1827.63,1842.48,34927
2023-02-16 20:00:00,1842.48,1845.3,1835.89,1837.42,15747
2023-02-17 00:00:00,1835.34,1835.94,1828.87,1828.94,6950
2023-02-17 04:00:00,1828.92,1830.61,1823.75,1827.49,9720
2023-02-17 08:00:00,1827.49,1828.15,1818.91,1825.84,17625
2023-02-17 12:00:00,1825.83,1830.35,1821.84,1827.59,18147
2023-02-17 16:00:00,1827.59,1842.79,1822.65,1840.85,35570
2023-02-17 20:00:00,1840.89,1843.59,1840.23,1841.89,13053
2023-02-20 00:00:00,1841.21,1841.79,1837.22,1840.4,5856
2023-02-20 04:00:00,1840.31,1844.83,1839.43,1844.42,9131
2023-02-20 08:00:00,1844.47,1847.45,1841.11,1843.82,12812
2023-02-20 12:00:00,1843.79,1846.87,1842.6,1846.38,11844
2023-02-20 16:00:00,1846.38,1847.01,1840.74,1840.82,9847
2023-02-20 20:00:00,1840.74,1841.56,1840.52,1841.33,840
2023-02-21 00:00:00,1842.13,1843.79,1840.01,1842.28,5842
2023-02-21 04:00:00,1842.28,1843.48,1837.07,1839.73,9285
2023-02-21 08:00:00,1839.74,1839.75,1831.1,1835.44,18582
2023-02-21 12:00:00,1835.48,1837.09,1830.23,1836.77,18500
2023-02-21 16:00:00,1836.85,1843.83,1832.14,1836.88,34860
2023-02-21 20:00:00,1836.75,1837.46,1831.72,1834.6,13229
2023-02-22 00:00:00,1834.92,1838.46,1834.78,1836.29,7078
2023-02-22 04:00:00,1836.25,1837.53,1834.58,1836.98,7825
2023-02-22 08:00:00,1837.03,1841.12,1832.88,1833.95,14090
2023-02-22 12:00:00,1833.98,1846.04,1832.09,1838.6,19412
2023-02-22 16:00:00,1838.51,1839.07,1830.68,1833.13,29220
2023-02-22 20:00:00,1833.17,1834.27,1823.55,1824.99,20500
2023-02-23 00:00:00,1825.46,1828.79,1823.15,1827.77,5412
2023-02-23 04:00:00,1827.77,1830.43,1826.32,1828.89,7469
2023-02-23 08:00:00,1828.93,1833.74,1825.65,1826.24,13325
2023-02-23 12:00:00,1826.23,1828.55,1817.39,1825.52,18658
2023-02-23 16:00:00,1825.55,1830.13,1818.45,1821.23,34862
2023-02-23 20:00:00,1821.22,1824.13,1819.15,1822.61,12895
2023-02-24 00:00:00,1822.65,1827.08,1822.07,1826.04,8305
2023-02-24 04:00:00,1826.02,1827.79,1824.06,1824.6,9406
2023-02-24 08:00:00,1824.61,1826.31,1819.75,1821.59,14556
2023-02-24 12:00:00,1821.56,1824.09,1811.36,1815.59,22260
2023-02-24 16:00:00,1815.79,1815.89,1808.93,1809.91,34625
2023-02-24 20:00:00,1809.99,1813.43,1808.93,1810.72,13355
2023-02-27 00:00:00,1811.8,1814.13,1810.3,1813.89,7385
2023-02-27 04:00:00,1813.89,1813.96,1806.65,1808.74,9874
2023-02-27 08:00:00,1808.64,1813.74,1807.13,1808.44,15821
2023-02-27 12:00:00,1808.48,1816.32,1808.28,1815.2,18276
2023-02-27 16:00:00,1815.19,1820.11,1812.6,1818.68,29212
2023-02-27 20:00:00,1818.68,1820.14,1815.99,1817.16,13109
2023-02-28 00:00:00,1817.29,1818.15,1815.31,1817.25,4527
2023-02-28 04:00:00,1817.26,1819.4,1812.18,1813.39,8386
2023-02-28 08:00:00,1813.38,1816.95,1804.63,1810.32,16906
2023-02-28 12:00:00,1810.35,1814.22,1807.26,1813.94,16999
2023-02-28 16:00:00,1814.02,1831.13,1813.05,1829.31,33232
2023-02-28 20:00:00,1829.32,1830.83,1826.25,1827.13,14234
2023-03-01 00:00:00,1826.82,1829.49,1823.02,1829.08,6391
2023-03-01 04:00:00,1829.09,1832.66,1827.39,1831.12,9741
2023-03-01 08:00:00,1831.14,1838.02,1830.43,1831.71,17762
2023-03-01 12:00:00,1831.75,1841.66,1830.79,1837.23,20614
2023-03-01 16:00:00,1837.2,1844.6,1833.45,1837.19,36705
2023-03-01 20:00:00,1837.24,1839.12,1836.46,1837.09,11658
2023-03-02 00:00:00,1837.5,1838.41,1831.0,1833.1,7007
2023-03-02 04:00:00,1833.12,1835.99,1832.17,1833.5,8823
2023-03-02 08:00:00,1833.6,1835.25,1829.96,1831.94,16585
2023-03-02 12:00:00,1831.91,1837.59,1830.06,1832.27,22128
2023-03-02 16:00:00,1832.2,1839.01,1831.99,1833.75,30575
2023-03-02 20:00:00,1833.75,1838.08,1832.84,1835.98,14375
2023-03-03 00:00:00,1836.2,1841.5,1836.2,1838.75,6499
2023-03-03 04:00:00,1838.71,1841.1,1837.82,1838.97,7532
2023-03-03 08:00:00,1839.01,1847.4,1838.87,1845.8,13404
2023-03-03 12:00:00,1845.91,1849.22,1844.52,1846.93,15188
2023-03-03 16:00:00,1846.93,1848.28,1839.03,1847.34,29228
2023-03-03 20:00:00,1847.39,1856.36,1846.58,1855.03,12889
2023-03-06 00:00:00,1853.71,1854.17,1850.71,1852.6,6284
2023-03-06 04:00:00,1852.58,1856.41,1850.97,1854.29,8048
2023-03-06 08:00:00,1854.29,1858.24,1850.57,1851.4,13970
2023-03-06 12:00:00,1851.41,1853.26,1847.22,1851.51,16073
2023-03-06 16:00:00,1851.52,1853.99,1848.38,1850.36,24031
2023-03-06 20:00:00,1850.35,1850.4,1845.1,1846.86,11059
2023-03-07 00:00:00,1846.0,1848.5,1844.1,1847.81,5361
2023-03-07 04:00:00,1847.81,1850.46,1846.55,1847.45,7760
2023-03-07 08:00:00,1847.41,1851.61,1843.37,1843.77,12117
2023-03-07 12:00:00,1843.79,1844.27,1833.36,1835.45,16030
2023-03-07 16:00:00,1835.45,1835.53,1815.62,1817.05,45340
2023-03-07 20:00:00,1817.03,1818.09,1812.71,1813.47,16884
2023-03-08 00:00:00,1813.95,1814.37,1811.31,1812.29,6159
2023-03-08 04:00:00,1812.27,1812.99,1809.33,1812.07,7493
2023-03-08 08:00:00,1812.07,1815.22,1811.46,1813.72,11933
2023-03-08 12:00:00,1813.71,1816.62,1812.2,1813.62,16449
2023-03-08 16:00:00,1813.64,1824.25,1812.96,1815.61,36091
2023-03-08 20:00:00,1815.61,1816.37,1812.82,1813.55,11004
2023-03-09 00:00:00,1814.48,1816.44,1812.15,1812.24,4978
2023-03-09 04:00:00,1812.26,1816.06,1811.91,1815.02,5651
2023-03-09 08:00:00,1815.04,1819.1,1812.71,1817.01,11144
2023-03-09 12:00:00,1817.18,1825.26,1815.44,1825.13,14723
2023-03-09 16:00:00,1825.12,1835.59,1823.91,1829.29,32104
2023-03-09 20:00:00,1829.25,1835.03,1828.19,1830.82,18645
2023-03-10 00:00:00,1830.86,1834.85,1830.09,1831.01,8071
2023-03-10 04:00:00,1831.02,1833.22,1827.73,1831.01,10617
2023-03-10 08:00:00,1831.0,1837.29,1830.2,1831.64,16873
2023-03-10 12:00:00,1831.64,1844.99,1830.76,1842.48,24524
2023-03-10 16:00:00,1842.44,1867.4,1839.99,1864.18,56106
2023-03-10 20:00:00,1864.19,1870.13,1860.87,1868.04,22045
2023-03-13 00:00:00,1882.66,1893.96,1875.17,1876.95,19475
2023-03-13 04:00:00,1876.92,1888.83,1872.14,1881.48,21179
2023-03-13 08:00:00,1881.47,1886.11,1871.5,1885.48,22618
2023-03-13 12:00:00,1885.54,1902.88,1880.89,1899.35,50320
2023-03-13 16:00:00,1899.38,1913.06,1893.53,1909.11,59860
2023-03-13 20:00:00,1909.18,1914.56,1907.94,1913.69,25187
2023-03-14 00:00:00,1911.97,1914.11,1909.95,1912.4,6274
2023-03-14 04:00:00,1912.39,1912.79,1901.59,1904.21,12898
2023-03-14 08:00:00,1904.14,1913.5,1900.74,1904.3,25878
2023-03-14 12:00:00,1904.36,1911.96,1898.62,1910.01,32805
2023-03-14 16:00:00,1910.05,1910.81,1895.39,1908.67,44701
2023-03-14 20:00:00,1908.72,1910.35,1902.24,1903.5,26944
2023-03-15 00:00:00,1904.28,1904.88,1899.91,1901.73,5461
2023-03-15 04:00:00,1901.73,1905.6,1900.92,1901.78,10657
2023-03-15 08:00:00,1901.83,1902.37,1885.67,1887.5,19024
2023-03-15 12:00:00,1887.5,1930.21,1886.64,1927.81,50480
2023-03-15 16:00:00,1927.77,1937.35,1917.34,1933.56,56327
2023-03-15 20:00:00,1933.6,1937.09,1909.08,1917.98,33415
2023-03-16 00:00:00,1919.02,1924.35,1913.17,1913.52,9575
2023-03-16 04:00:00,1913.4,1915.29,1907.49,1913.27,17372
2023-03-16 08:00:00,1913.19,1922.49,1912.19,1919.03,24277
2023-03-16 12:00:00,1919.05,1931.85,1917.64,1930.36,28273
2023-03-16 16:00:00,1930.36,1933.48,1913.37,1914.97,59810
2023-03-16 20:00:00,1914.89,1921.13,1914.64,1919.71,16642
2023-03-17 00:00:00,1919.77,1922.4,1918.38,1919.53,4879
2023-03-17 04:00:00,1919.52,1931.02,1918.25,1930.94,15133
2023-03-17 08:00:00,1930.98,1934.33,1927.3,1928.68,20797
2023-03-17 12:00:00,1928.73,1946.02,1928.12,1944.98,27120
2023-03-17 16:00:00,1944.98,1964.91,1944.36,1961.82,51542
2023-03-17 20:00:00,1961.82,1987.76,1961.51,1984.73,34154
2023-03-20 00:00:00,1985.24,1988.06,1971.8,1972.09,10991
2023-03-20 04:00:00,1972.08,1975.52,1968.03,1974.84,18379
2023-03-20 08:00:00,1974.86,2009.75,1974.38,1996.32,39267
2023-03-20 12:00:00,1996.31,1999.42,1972.47,1974.48,39526
2023-03-20 16:00:00,1974.53,1984.83,1965.82,1974.78,48339
2023-03-20 20:00:00,1974.8,1984.35,1974.17,1978.61,17904
2023-03-21 00:00:00,1978.75,1982.6,1975.36,1980.38,5283
2023-03-21 04:00:00,1980.34,1985.16,1979.15,1981.33,11332
2023-03-21 08:00:00,1981.32,1983.21,1962.9,1966.34,21892
2023-03-21 12:00:00,1966.32,1969.8,1960.41,1963.57,22018
2023-03-21 16:00:00,1963.54,1965.79,1940.1,1944.27,41392
2023-03-21 20:00:00,1944.34,1944.81,1935.37,1939.84,15427
2023-03-22 00:00:00,1939.62,1944.69,1939.56,1943.47,4433
2023-03-22 04:00:00,1943.47,1946.21,1937.88,1939.27,11698
2023-03-22 08:00:00,1939.32,1945.26,1934.23,1941.89,17485
2023-03-22 12:00:00,1941.89,1945.68,1937.07,1937.51,19554
2023-03-22 16:00:00,1937.45,1951.91,1937.33,1949.07,29514
2023-03-22 20:00:00,1948.99,1978.81,1944.87,1967.18,41767
2023-03-23 00:00:00,1967.69,1973.74,1964.42,1972.83,7281
2023-03-23 04:00:00,1972.74,1978.16,1966.3,1977.72,16979
2023-03-23 08:00:00,1977.73,1983.55,1974.22,1976.48,22715
2023-03-23 12:00:00,1976.45,1980.67,1966.58,1971.92,20953
2023-03-23 16:00:00,1971.93,1995.2,1971.35,1994.22,38807
2023-03-23 20:00:00,1994.1,2003.31,1987.99,1993.51,29405
2023-03-24 00:00:00,1992.59,1994.5,1989.74,1993.71,5655
2023-03-24 04:00:00,1993.51,1994.88,1989.71,1993.19,13637
2023-03-24 08:00:00,1993.2,1993.27,1981.27,1985.44,18240
2023-03-24 12:00:00,1985.44,2002.96,1985.43,1998.88,30549
2023-03-24 16:00:00,1998.93,2001.84,1983.8,1986.81,46363
2023-03-24 20:00:00,1986.77,1987.17,1975.17,1976.78,17722
2023-03-27 00:00:00,1976.58,1976.76,1969.14,1973.67,7265
2023-03-27 04:00:00,1973.73,1978.69,1972.08,1973.69,13806
2023-03-27 08:00:00,1973.72,1973.93,1965.91,1968.32,19228
2023-03-27 12:00:00,1968.3,1968.66,1944.38,1945.67,23273
2023-03-27 16:00:00,1945.84,1959.4,1944.0,1955.85,29391
2023-03-27 20:00:00,1955.84,1958.22,1950.72,1955.78,12526
2023-03-28 00:00:00,1957.52,1960.78,1956.45,1959.33,4816
2023-03-28 04:00:00,1959.4,1964.0,1957.39,1957.76,10390
2023-03-28 08:00:00,1957.76,1960.85,1949.79,1950.26,18554
2023-03-28 12:00:00,1950.28,1967.33,1949.14,1965.25,20316
2023-03-28 16:00:00,1965.22,1970.04,1958.93,1969.02,27506
2023-03-28 20:00:00,1969.04,1975.29,1968.83,1973.51,12590
2023-03-29 00:00:00,1973.97,1974.3,1969.88,1970.41,4183
2023-03-29 04:00:00,1970.41,1971.84,1965.82,1966.21,11140
2023-03-29 08:00:00,1966.23,1967.65,1958.68,1964.3,16621
2023-03-29 12:00:00,1964.3,1969.14,1962.43,1964.87,18955
2023-03-29 16:00:00,1964.93,1971.72,1960.66,1965.05,27242
2023-03-29 20:00:00,1965.06,1969.21,1961.1,1963.39,11061
2023-03-30 00:00:00,1963.88,1964.9,1960.8,1961.45,4283
2023-03-30 04:00:00,1961.45,1961.99,1955.35,1960.84,13349
2023-03-30 08:00:00,1960.86,1971.52,1960.27,1967.91,19921
2023-03-30 12:00:00,1967.87,1975.43,1966.91,1970.28,19100
2023-03-30 16:00:00,1970.26,1984.28,1963.96,1983.13,30849
2023-03-30 20:00:00,1983.37,1983.48,1978.15,1980.48,11560
2023-03-31 00:00:00,1980.03,1980.49,1977.65,1979.6,5108
2023-03-31 04:00:00,1979.59,1983.62,1979.07,1980.74,13068
2023-03-31 08:00:00,1980.72,1985.01,1973.21,1975.11,18729
2023-03-31 12:00:00,1975.42,1987.52,1975.42,1979.61,21881
2023-03-31 16:00:00,1979.61,1984.14,1974.91,1977.13,31193
2023-03-31 20:00:00,1977.13,1977.24,1966.87,1968.81,16412
2023-04-03 00:00:00,1966.24,1967.39,1956.76,1962.33,8242
2023-04-03 04:00:00,1962.23,1964.59,1949.73,1952.55,14097
2023-04-03 08:00:00,1952.58,1966.44,1950.74,1965.73,16175
2023-04-03 12:00:00,1965.72,1979.95,1963.01,1979.08,21264
2023-04-03 16:00:00,1979.11,1990.51,1972.4,1986.97,36275
2023-04-03 20:00:00,1987.02,1987.02,1981.83,1983.94,13640
2023-04-04 00:00:00,1985.32,1985.48,1982.17,1982.86,4287
2023-04-04 04:00:00,1982.86,1983.62,1977.76,1979.74,12585
2023-04-04 08:00:00,1979.74,1984.21,1976.93,1980.66,18579
2023-04-04 12:00:00,1980.66,1985.62,1978.48,1983.65,19847
2023-04-04 16:00:00,1983.63,2024.96,1983.41,2020.75,43888
2023-04-04 20:00:00,2020.77,2022.45,2017.82,2020.82,14670
2023-04-05 00:00:00,2021.08,2023.62,2019.42,2019.52,5033
2023-04-05 04:00:00,2019.54,2025.29,2019.52,2023.36,12083
2023-04-05 08:00:00,2023.37,2028.37,2022.73,2024.02,15939
2023-04-05 12:00:00,2024.03,2032.03,2021.52,2031.53,20853
2023-04-05 16:00:00,2031.52,2032.07,2009.97,2021.38,40376
2023-04-05 20:00:00,2021.35,2023.36,2019.1,2020.4,11925
2023-04-06 00:00:00,2021.07,2021.32,2016.93,2016.97,3543
2023-04-06 04:00:00,2017.09,2017.1,2007.95,2013.62,14365
2023-04-06 08:00:00,2013.62,2019.64,2011.77,2017.39,17237
2023-04-06 12:00:00,2017.41,2020.96,2011.22,2012.93,20525
2023-04-06 16:00:00,2012.92,2014.96,2000.83,2011.68,31669
2023-04-06 20:00:00,2011.65,2012.53,2005.73,2007.15,12420
2023-04-10 00:00:00,1997.06,2006.4,1996.21,1998.23,5871
2023-04-10 04:00:00,1998.28,2000.67,1988.81,1992.19,11679
2023-04-10 08:00:00,1992.11,1999.36,1991.32,1997.33,8972
2023-04-10 12:00:00,1997.3,2002.95,1989.07,1989.47,16118
2023-04-10 16:00:00,1989.47,1994.32,1981.61,1989.7,27748
2023-04-10 20:00:00,1989.74,1992.81,1987.59,1991.46,9703
2023-04-11 00:00:00,1991.12,1995.35,1990.38,1993.19,3973
2023-04-11 04:00:00,1993.19,2000.02,1988.77,1999.81,12631
2023-04-11 08:00:00,1999.82,2007.45,1997.77,2004.58,17027
2023-04-11 12:00:00,2004.57,2005.38,1998.36,1998.56,17257
2023-04-11 16:00:00,1998.57,2006.54,1995.56,2006.21,26727
2023-04-11 20:00:00,2006.21,2006.76,2000.99,2003.1,11062
2023-04-12 00:00:00,2003.09,2005.53,2003.09,2005.48,2661
2023-04-12 04:00:00,2005.4,2021.09,2003.92,2020.34,13902
2023-04-12 08:00:00,2020.38,2020.82,2008.91,2009.04,14642
2023-04-12 12:00:00,2009.0,2028.33,2006.23,2022.23,20344
2023-04-12 16:00:00,2022.22,2023.83,2001.3,2007.84,37664
2023-04-12 20:00:00,2007.82,2018.08,2006.53,2014.67,16169
2023-04-13 00:00:00,2014.39,2019.82,2013.94,2017.85,5125
2023-04-13 04:00:00,2017.85,2019.46,2015.69,2018.42,13009
2023-04-13 08:00:00,2018.44,2029.19,2015.17,2026.57,16630
2023-04-13 12:00:00,2026.55,2045.83,2025.03,2044.99,20664
2023-04-13 16:00:00,2044.97,2048.68,2033.59,2040.12,33107
2023-04-13 20:00:00,2040.18,2044.11,2036.62,2040.6,13340
2023-04-14 00:00:00,2040.11,2043.55,2038.6,2041.88,3784
2023-04-14 04:00:00,2041.86,2047.38,2041.06,2043.17,10459
2023-04-14 08:00:00,2043.21,2044.28,2031.78,2035.67,14387
2023-04-14 12:00:00,2035.66,2042.19,2017.23,2024.64,23831
2023-04-14 16:00:00,2024.63,2028.04,1992.33,1999.53,41186
2023-04-14 20:00:00,1999.54,2007.96,1998.57,2004.18,11148
2023-04-17 00:00:00,2000.95,2004.94,1999.7,2002.18,5444
2023-04-17 04:00:00,2002.19,2006.24,1995.44,2004.4,12958
2023-04-17 08:00:00,2004.4,2015.03,2003.79,2009.88,17898
2023-04-17 12:00:00,2009.78,2012.1,1999.04,2000.58,18586
2023-04-17 16:00:00,2000.53,2002.2,1981.18,1991.54,33893
2023-04-17 20:00:00,1991.51,1997.09,1991.3,1994.77,8835
2023-04-18 00:00:00,1994.52,1996.14,1993.3,1995.12,3030
2023-04-18 04:00:00,1995.1,2001.76,1994.42,1998.3,10625
2023-04-18 08:00:00,1998.28,2005.13,1996.46,2003.21,13233
2023-04-18 12:00:00,2003.24,2005.75,1999.06,2001.22,15842
2023-04-18 16:00:00,2001.34,2011.82,1991.26,2007.13,31428
2023-04-18 20:00:00,2007.18,2008.26,2003.38,2004.74,9716
2023-04-19 00:00:00,2005.12,2007.54,2004.49,2007.34,4011
2023-04-19 04:00:00,2007.33,2008.19,2001.91,2003.84,13583
2023-04-19 08:00:00,2003.85,2004.3,1976.56,1979.99,25145
2023-04-19 12:00:00,1979.83,1980.51,1969.22,1980.28,26048
2023-04-19 16:00:00,1980.33,1996.47,1979.31,1996.0,31819
2023-04-19 20:00:00,1996.0,1996.83,1993.6,1994.93,13311
2023-04-20 00:00:00,1994.07,1996.69,1993.07,1995.55,5063
2023-04-20 04:00:00,1995.59,1998.65,1990.4,1992.71,12895
2023-04-20 08:00:00,1992.68,2001.15,1991.33,1996.66,17773
2023-04-20 12:00:00,1996.63,2011.24,1992.35,2006.78,19967
2023-04-20 16:00:00,2006.78,2012.28,1999.05,2005.77,26246
2023-04-20 20:00:00,2005.79,2008.3,2002.2,2004.3,9828
2023-04-21 00:00:00,2003.99,2005.56,2001.28,2004.49,4705
2023-04-21 04:00:00,2004.51,2005.14,2000.29,2000.56,8900
2023-04-21 08:00:00,2000.57,2001.01,1981.86,1988.33,20646
2023-04-21 12:00:00,1988.33,1992.4,1982.17,1988.92,17306
2023-04-21 16:00:00,1988.92,1997.88,1971.59,1977.42,32908
2023-04-21 20:00:00,1977.43,1983.55,1977.37,1983.18,8050
2023-04-24 00:00:00,1982.18,1985.37,1981.29,1983.78,4693
2023-04-24 04:00:00,1983.74,1984.54,1978.2,1979.5,13826
2023-04-24 08:00:00,1979.53,1985.17,1976.45,1985.03,17972
2023-04-24 12:00:00,1985.05,1986.93,1980.98,1983.85,16791
2023-04-24 16:00:00,1983.94,1987.64,1974.05,1986.6,27991
2023-04-24 20:00:00,1986.6,1990.83,1986.54,1989.35,10058
2023-04-25 00:00:00,1991.34,2000.9,1991.34,1996.85,4828
2023-04-25 04:00:00,1996.97,2000.61,1990.94,1991.07,15202
2023-04-25 08:00:00,1991.06,1997.26,1986.85,1988.47,20812
2023-04-25 12:00:00,1988.51,1994.54,1976.08,1993.03,25630
2023-04-25 16:00:00,1993.01,1993.68,1983.33,1990.56,32886
2023-04-25 20:00:00,1990.58,2003.85,1989.92,1996.35,19408
2023-04-26 00:00:00,1996.91,2002.41,1996.91,1997.77,7343
2023-04-26 04:00:00,1997.77,2000.73,1993.09,1995.53,14536
2023-04-26 08:00:00,1995.51,1999.32,1994.4,1997.6,17082
2023-04-26 12:00:00,1997.73,2001.71,1991.4,1997.95,24568
2023-04-26 16:00:00,1997.98,2009.3,1985.41,1986.55,42197
2023-04-26 20:00:00,1986.58,1991.61,1983.33,1988.95,18277
2023-04-27 00:00:00,1989.63,1992.16,1989.05,1991.44,5460
2023-04-27 04:00:00,1991.52,2000.8,1989.47,1999.65,14215
2023-04-27 08:00:00,1999.59,2003.22,1997.26,1998.15,16817
2023-04-27 12:00:00,1998.2,2003.19,1981.79,1985.83,21380
2023-04-27 16:00:00,1985.85,1988.77,1973.98,1984.22,33585
2023-04-27 20:00:00,1984.31,1991.05,1983.62,1987.5,11377
2023-04-28 00:00:00,1987.42,1987.92,1985.57,1985.81,4001
2023-04-28 04:00:00,1985.81,1991.43,1984.96,1987.34,16812
2023-04-28 08:00:00,1987.34,1989.55,1979.77,1983.39,22070
2023-04-28 12:00:00,1983.39,1987.53,1976.15,1984.19,19849
2023-04-28 16:00:00,1984.2,1994.95,1982.07,1991.45,34066
2023-04-28 20:00:00,1991.49,1992.78,1987.43,1989.27,11371
2023-05-01 00:00:00,1989.79,1991.77,1983.63,1983.92,5678
2023-05-01 04:00:00,1983.88,1986.31,1980.56,1984.16,8927
2023-05-01 08:00:00,1984.1,1984.16,1977.09,1977.28,10693
2023-05-01 12:00:00,1977.25,2005.27,1977.06,2003.93,18980
2023-05-01 16:00:00,2004.11,2006.0,1979.91,1981.6,33856
2023-05-01 20:00:00,1981.62,1983.98,1979.42,1981.67,11107
2023-05-02 00:00:00,1981.55,1983.64,1980.69,1982.1,4325
2023-05-02 04:00:00,1982.1,1985.23,1981.22,1982.18,9678
2023-05-02 08:00:00,1982.2,1985.73,1978.37,1981.32,13852
2023-05-02 12:00:00,1981.28,1990.11,1980.52,1985.59,14907
2023-05-02 16:00:00,1985.59,2019.34,1984.46,2015.08,45250
2023-05-02 20:00:00,2015.08,2018.29,2011.19,2016.23,12261
2023-05-03 00:00:00,2016.15,2016.96,2014.22,2016.28,3210
2023-05-03 04:00:00,2016.23,2019.49,2015.75,2015.89,7334
2023-05-03 08:00:00,2015.88,2018.76,2012.65,2015.6,13607
2023-05-03 12:00:00,2015.59,2017.46,2007.06,2013.71,18503
2023-05-03 16:00:00,2013.73,2026.82,2011.84,2024.04,31705
2023-05-03 20:00:00,2024.16,2038.0,2017.0,2037.75,36432
2023-05-04 00:00:00,2062.4,2062.82,2044.63,2054.36,12897
2023-05-04 04:00:00,2054.4,2054.82,2038.41,2044.28,14094
2023-05-04 08:00:00,2044.28,2045.34,2030.27,2034.42,19670
2023-05-04 12:00:00,2034.42,2044.88,2033.69,2036.92,24412
2023-05-04 16:00:00,2036.92,2059.58,2032.04,2050.73,54076
2023-05-04 20:00:00,2050.75,2051.0,2044.45,2050.37,20521
2023-05-05 00:00:00,2048.92,2050.06,2047.49,2048.9,3195
2023-05-05 04:00:00,2048.83,2052.97,2045.46,2048.51,9792
2023-05-05 08:00:00,2048.47,2049.58,2038.78,2039.86,16247
2023-05-05 12:00:00,2039.93,2040.24,2007.68,2010.34,23138
2023-05-05 16:00:00,2010.48,2018.69,1999.49,2017.11,40145
2023-05-05 20:00:00,2017.12,2018.88,2013.45,2016.47,11044
2023-05-08 00:00:00,2016.37,2018.61,2014.12,2018.02,4727
2023-05-08 04:00:00,2017.82,2024.56,2015.06,2023.63,10821
2023-05-08 08:00:00,2023.63,2024.72,2019.89,2022.53,11379
2023-05-08 12:00:00,2022.53,2026.92,2021.48,2026.04,13475
2023-05-08 16:00:00,2026.09,2029.35,2017.84,2027.07,24989
2023-05-08 20:00:00,2026.99,2027.88,2020.16,2021.12,11336
2023-05-09 00:00:00,2020.78,2022.4,2019.46,2020.09,4385
2023-05-09 04:00:00,2020.07,2026.8,2019.78,2025.63,11017
2023-05-09 08:00:00,2025.62,2028.72,2021.41,2025.25,17257
2023-05-09 12:00:00,2025.47,2032.83,2024.8,2026.87,21698
2023-05-09 16:00:00,2027.07,2032.61,2022.89,2030.93,38198
2023-05-09 20:00:00,2030.94,2037.6,2030.66,2034.52,16612
2023-05-10 00:00:00,2034.2,2038.17,2034.16,2036.47,3820
2023-05-10 04:00:00,2036.55,2037.06,2029.71,2030.67,8609
2023-05-10 08:00:00,2030.64,2032.92,2026.21,2028.44,13391
2023-05-10 12:00:00,2028.42,2048.16,2025.01,2045.59,20964
2023-05-10 16:00:00,2045.66,2046.65,2021.44,2027.75,41607
2023-05-10 20:00:00,2027.79,2034.19,2027.31,2031.0,14981
2023-05-11 00:00:00,2029.8,2035.39,2029.7,2035.22,4161
2023-05-11 04:00:00,2035.28,2036.39,2030.02,2030.99,10790
2023-05-11 08:00:00,2031.0,2033.13,2021.74,2022.49,18963
2023-05-11 12:00:00,2022.52,2041.21,2021.61,2037.44,28433
2023-05-11 16:00:00,2037.43,2038.1,2011.1,2015.67,49692
2023-05-11 20:00:00,2015.66,2017.65,2013.41,2014.55,17324
2023-05-12 00:00:00,2015.14,2017.54,2014.72,2015.81,4528
2023-05-12 04:00:00,2015.81,2016.31,2008.58,2011.82,14081
2023-05-12 08:00:00,2011.82,2012.61,2005.5,2006.61,18298
2023-05-12 12:00:00,2006.56,2015.79,2000.87,2014.12,20730
2023-05-12 16:00:00,2014.12,2022.52,2008.33,2013.63,39422
2023-05-12 20:00:00,2013.63,2016.39,2010.39,2010.81,13167
2023-05-15 00:00:00,2008.56,2012.04,2008.56,2011.98,4170
2023-05-15 04:00:00,2012.04,2018.79,2012.04,2014.16,12169
2023-05-15 08:00:00,2014.16,2020.86,2013.2,2017.39,16273
2023-05-15 12:00:00,2017.39,2019.24,2011.46,2017.07,16576
2023-05-15 16:00:00,2017.07,2022.18,2013.32,2020.21,23934
2023-05-15 20:00:00,2020.22,2021.42,2014.4,2015.87,8887
2023-05-16 00:00:00,2016.36,2016.61,2013.73,2015.67,3674
2023-05-16 04:00:00,2015.66,2018.37,2014.73,2016.2,8486
2023-05-16 08:00:00,2016.13,2017.66,2002.53,2010.11,18462
2023-05-16 12:00:00,2010.12,2014.87,2001.11,2011.93,18383
2023-05-16 16:00:00,2011.96,2012.39,1987.5,1987.6,36404
2023-05-16 20:00:00,1987.59,1991.18,1985.47,1989.25,13067
2023-05-17 00:00:00,1988.23,1993.03,1988.0,1992.03,4244
2023-05-17 04:00:00,1992.02,1993.05,1989.8,1991.41,12721
2023-05-17 08:00:00,1991.43,1991.79,1985.89,1986.16,16952
2023-05-17 12:00:00,1986.13,1988.89,1981.8,1984.88,19531
2023-05-17 16:00:00,1984.85,1987.99,1975.05,1983.84,41852
2023-05-17 20:00:00,1983.84,1984.53,1980.4,1981.96,17492
2023-05-18 00:00:00,1982.24,1983.69,1981.95,1983.5,3057
2023-05-18 04:00:00,1983.4,1985.95,1979.49,1979.88,11039
2023-05-18 08:00:00,1979.91,1981.48,1972.13,1975.34,16999
2023-05-18 12:00:00,1975.33,1978.89,1966.25,1967.0,18581
2023-05-18 16:00:00,1967.05,1968.24,1951.94,1955.61,39504
2023-05-18 20:00:00,1955.62,1958.94,1953.93,1957.36,12104
2023-05-19 00:00:00,1958.2,1959.76,1957.12,1957.67,3590
2023-05-19 04:00:00,1957.68,1964.08,1953.97,1962.51,14593
2023-05-19 08:00:00,1962.41,1968.7,1960.6,1964.64,17798
2023-05-19 12:00:00,1964.67,1968.22,1960.31,1960.83,22288
2023-05-19 16:00:00,1960.82,1984.15,1957.16,1978.35,50203
2023-05-19 20:00:00,1978.36,1983.21,1974.18,1977.06,13088
2023-05-22 00:00:00,1978.02,1981.43,1977.89,1980.97,5054
2023-05-22 04:00:00,1981.07,1982.28,1975.94,1976.27,12736
2023-05-22 08:00:00,1976.27,1980.77,1971.19,1980.64,15147
2023-05-22 12:00:00,1980.65,1982.57,1969.78,1975.49,18276
2023-05-22 16:00:00,1975.51,1978.67,1968.83,1974.5,30876
2023-05-22 20:00:00,1974.43,1978.89,1971.63,1971.81,10849
2023-05-23 00:00:00,1971.67,1972.54,1966.77,1967.29,4190
2023-05-23 04:00:00,1967.24,1968.52,1960.23,1963.26,13697
2023-05-23 08:00:00,1963.28,1964.56,1954.21,1959.85,19047
2023-05-23 12:00:00,1959.84,1962.65,1954.51,1958.78,18921
2023-05-23 16:00:00,1958.8,1974.62,1958.8,1973.07,39442
2023-05-23 20:00:00,1973.21,1977.69,1971.45,1974.64,15561
2023-05-24 00:00:00,1976.42,1977.26,1974.53,1975.01,2832
2023-05-24 04:00:00,1975.01,1978.64,1972.72,1977.56,10265
2023-05-24 08:00:00,1977.62,1980.52,1970.64,1976.2,17081
2023-05-24 12:00:00,1976.2,1985.2,1973.85,1979.86,17844
2023-05-24 16:00:00,1979.88,1980.82,1956.72,1959.05,40780
2023-05-24 20:00:00,1959.07,1965.2,1957.46,1957.81,15602
2023-05-25 00:00:00,1958.38,1961.78,1957.34,1959.34,5108
2023-05-25 04:00:00,1959.3,1960.1,1954.93,1957.84,12995
2023-05-25 08:00:00,1957.79,1964.7,1954.86,1962.0,16424
2023-05-25 12:00:00,1961.99,1963.96,1939.22,1943.62,22412
2023-05-25 16:00:00,1943.61,1954.0,1942.92,1943.57,35831
2023-05-25 20:00:00,1943.57,1945.02,1938.79,1940.21,10211
2023-05-26 00:00:00,1941.03,1943.01,1936.68,1940.86,5154
2023-05-26 04:00:00,1940.93,1948.92,1940.28,1947.91,13364
2023-05-26 08:00:00,1947.92,1957.26,1946.9,1952.53,17811
2023-05-26 12:00:00,1952.54,1954.15,1944.22,1947.3,16497
2023-05-26 16:00:00,1947.33,1951.79,1938.76,1944.09,33009
2023-05-26 20:00:00,1944.05,1947.56,1943.02,1946.73,8632
2023-05-29 00:00:00,1942.98,1946.3,1940.99,1941.55,4792
2023-05-29 04:00:00,1941.55,1946.17,1940.25,1945.77,10199
2023-05-29 08:00:00,1945.82,1948.9,1940.8,1945.27,11445
2023-05-29 12:00:00,1945.23,1949.68,1944.18,1948.81,9943
2023-05-29 16:00:00,1948.83,1949.62,1943.14,1943.51,9649
2023-05-29 20:00:00,1943.49,1943.76,1942.75,1943.69,241
2023-05-30 00:00:00,1942.94,1944.3,1941.01,1942.67,5297
2023-05-30 04:00:00,1942.69,1946.65,1937.9,1938.93,15722
2023-05-30 08:00:00,1938.93,1946.95,1932.01,1944.97,23727
2023-05-30 12:00:00,1944.94,1962.26,1942.37,1956.41,22712
2023-05-30 16:00:00,1956.41,1963.53,1950.57,1959.83,27076
2023-05-30 20:00:00,1959.77,1960.79,1957.73,1959.8,7525
2023-05-31 00:00:00,1958.74,1960.02,1957.38,1959.64,2460
2023-05-31 04:00:00,1959.64,1960.51,1953.67,1960.08,12175
2023-05-31 08:00:00,1960.08,1965.34,1955.23,1955.32,20791
2023-05-31 12:00:00,1955.17,1963.52,1954.87,1962.69,20766
2023-05-31 16:00:00,1962.69,1974.72,1960.49,1965.15,33658
2023-05-31 20:00:00,1965.14,1968.7,1962.4,1963.06,12695
2023-06-01 00:00:00,1963.38,1967.42,1962.93,1965.86,4484
2023-06-01 04:00:00,1965.86,1967.46,1962.06,1963.95,11078
2023-06-01 08:00:00,1963.95,1965.81,1953.32,1955.93,14654
2023-06-01 12:00:00,1955.96,1968.42,1955.28,1968.38,20511
2023-06-01 16:00:00,1968.43,1983.09,1966.03,1978.43,35063
2023-06-01 20:00:00,1978.41,1978.81,1975.63,1977.76,9958
2023-06-02 00:00:00,1977.0,1977.49,1975.5,1975.75,3541
2023-06-02 04:00:00,1975.84,1983.39,1974.0,1979.73,11104
2023-06-02 08:00:00,1979.69,1981.95,1974.98,1979.1,14456
2023-06-02 12:00:00,1979.05,1981.11,1968.63,1970.95,19657
2023-06-02 16:00:00,1970.92,1976.61,1952.22,1952.26,35031
2023-06-02 20:00:00,1952.24,1953.79,1947.93,1947.98,11440
2023-06-05 00:00:00,1947.35,1950.12,1945.62,1946.46,5813
2023-06-05 04:00:00,1946.51,1948.34,1943.99,1946.02,15527
2023-06-05 08:00:00,1946.02,1946.6,1938.5,1942.31,17302
2023-06-05 12:00:00,1942.32,1945.93,1938.09,1942.94,18331
2023-06-05 16:00:00,1942.82,1961.98,1942.68,1958.24,41267
2023-06-05 20:00:00,1958.27,1964.04,1957.32,1961.27,15370
2023-06-06 00:00:00,1961.24,1963.11,1960.5,1961.1,4835
2023-06-06 04:00:00,1961.11,1964.52,1959.01,1961.18,18395
2023-06-06 08:00:00,1961.21,1962.71,1956.8,1960.18,24604
2023-06-06 12:00:00,1960.2,1966.38,1959.88,1961.82,23791
2023-06-06 16:00:00,1961.8,1966.35,1954.36,1963.61,38318
2023-06-06 20:00:00,1963.6,1966.11,1962.3,1963.03,14318
2023-06-07 00:00:00,1963.13,1965.05,1962.74,1964.84,3066
2023-06-07 04:00:00,1964.87,1966.63,1962.83,1964.47,9875
2023-06-07 08:00:00,1964.49,1964.98,1954.95,1961.58,12928
2023-06-07 12:00:00,1961.58,1966.34,1957.15,1958.62,16002
2023-06-07 16:00:00,1958.57,1970.17,1940.88,1942.17,35602
2023-06-07 20:00:00,1942.19,1946.58,1939.86,1940.51,11021
2023-06-08 00:00:00,1940.08,1946.29,1940.08,1946.15,5113
2023-06-08 04:00:00,1946.16,1947.31,1944.41,1946.57,10630
2023-06-08 08:00:00,1946.57,1949.12,1942.77,1948.3,15186
2023-06-08 12:00:00,1948.31,1959.97,1944.89,1959.29,17694
2023-06-08 16:00:00,1959.31,1970.47,1957.11,1966.32,29498
2023-06-08 20:00:00,1966.23,1966.64,1961.76,1965.55,10035
2023-06-09 00:00:00,1966.02,1966.32,1963.36,1963.38,2934
2023-06-09 04:00:00,1963.38,1965.67,1962.41,1963.15,6729
2023-06-09 08:00:00,1963.12,1966.11,1960.63,1962.14,12073
2023-06-09 12:00:00,1962.14,1972.94,1961.63,1962.88,14513
2023-06-09 16:00:00,1962.88,1968.09,1956.64,1961.23,27937
2023-06-09 20:00:00,1961.19,1962.84,1959.67,1960.82,8785
2023-06-12 00:00:00,1959.48,1960.56,1957.99,1958.32,4111
2023-06-12 04:00:00,1958.25,1959.54,1954.24,1956.97,10522
2023-06-12 08:00:00,1956.95,1965.37,1956.56,1964.81,15080
2023-06-12 12:00:00,1964.82,1966.93,1961.01,1962.79,13768
2023-06-12 16:00:00,1962.82,1964.02,1949.17,1954.14,28200
2023-06-12 20:00:00,1954.1,1958.74,1953.16,1956.79,9574
2023-06-13 00:00:00,1957.04,1960.91,1956.73,1957.88,2959
2023-06-13 04:00:00,1957.8,1962.18,1955.94,1960.87,10057
2023-06-13 08:00:00,1960.86,1965.28,1958.23,1964.17,14220
2023-06-13 12:00:00,1964.22,1971.09,1950.06,1961.37,20430
2023-06-13 16:00:00,1961.34,1965.93,1942.04,1944.96,35592
2023-06-13 20:00:00,1944.96,1946.66,1940.03,1943.18,13304
2023-06-14 00:00:00,1943.51,1945.59,1942.11,1944.44,3819
2023-06-14 04:00:00,1944.44,1949.46,1944.07,1948.74,9027
2023-06-14 08:00:00,1948.74,1951.53,1945.23,1949.83,13393
2023-06-14 12:00:00,1949.84,1960.12,1945.76,1957.17,18378
2023-06-14 16:00:00,1957.09,1959.28,1954.91,1955.09,24902
2023-06-14 20:00:00,1955.1,1955.82,1939.96,1940.4,33301
2023-06-15 00:00:00,1943.55,1945.33,1936.0,1939.25,5467
2023-06-15 04:00:00,1939.19,1939.29,1932.35,1934.46,15005
2023-06-15 08:00:00,1934.46,1939.74,1928.84,1931.65,20612
2023-06-15 12:00:00,1931.72,1936.71,1924.59,1933.41,24034
2023-06-15 16:00:00,1933.42,1960.17,1933.3,1959.55,37568
2023-06-15 20:00:00,1959.54,1960.27,1956.87,1957.88,14629
2023-06-16 00:00:00,1957.43,1959.44,1956.53,1956.81,3551
2023-06-16 04:00:00,1956.89,1962.03,1954.93,1955.38,11274
2023-06-16 08:00:00,1955.42,1964.0,1954.65,1963.15,18289
2023-06-16 12:00:00,1963.15,1967.88,1962.4,1962.6,22267
2023-06-16 16:00:00,1962.64,1966.04,1953.19,1955.27,43532
2023-06-16 20:00:00,1955.26,1959.79,1955.19,1957.76,12420
2023-06-19 00:00:00,1958.44,1958.6,1956.21,1956.68,3721
2023-06-19 04:00:00,1956.74,1958.3,1953.9,1956.94,8822
2023-06-19 08:00:00,1957.0,1958.73,1952.68,1956.48,12292
2023-06-19 12:00:00,1956.48,1956.64,1947.79,1952.2,12566
2023-06-19 16:00:00,1952.25,1953.5,1950.02,1950.21,13151
2023-06-19 20:00:00,1950.2,1950.61,1949.48,1950.34,905
2023-06-20 00:00:00,1951.33,1954.09,1950.59,1951.07,4101
2023-06-20 04:00:00,1951.07,1951.79,1945.06,1949.9,11686
2023-06-20 08:00:00,1949.88,1956.77,1946.76,1953.31,17159
2023-06-20 12:00:00,1953.39,1954.57,1944.16,1944.76,22337
2023-06-20 16:00:00,1944.61,1945.3,1929.8,1937.56,35847
2023-06-20 20:00:00,1937.57,1938.73,1935.42,1935.65,12589
2023-06-21 00:00:00,1936.4,1938.88,1936.25,1936.8,4940
2023-06-21 04:00:00,1936.78,1939.48,1935.41,1935.84,11060
2023-06-21 08:00:00,1935.85,1937.42,1931.22,1934.53,17849
2023-06-21 12:00:00,1934.58,1935.84,1925.95,1929.84,21684
2023-06-21 16:00:00,1929.85,1934.59,1919.12,1933.28,34117
2023-06-21 20:00:00,1933.24,1937.62,1931.86,1932.1,12535
2023-06-22 00:00:00,1933.33,1934.93,1932.21,1932.21,4113
2023-06-22 04:00:00,1932.17,1934.27,1929.71,1929.71,6980
2023-06-22 08:00:00,1929.79,1931.52,1924.87,1927.41,16847
2023-06-22 12:00:00,1927.41,1930.94,1923.48,1923.49,21323
2023-06-22 16:00:00,1923.49,1927.44,1912.78,1915.58,31280
2023-06-22 20:00:00,1915.57,1916.8,1912.4,1912.93,12462
2023-06-23 00:00:00,1914.16,1916.09,1913.33,1915.62,3597
2023-06-23 04:00:00,1915.6,1917.2,1910.16,1916.45,10686
2023-06-23 08:00:00,1916.49,1920.04,1912.89,1917.64,19339
2023-06-23 12:00:00,1917.66,1929.73,1916.6,1928.89,18436
2023-06-23 16:00:00,1928.97,1937.32,1917.91,1918.71,32974
2023-06-23 20:00:00,1918.71,1921.26,1918.45,1919.73,10347
2023-06-26 00:00:00,1923.24,1927.01,1922.64,1926.43,5584
2023-06-26 04:00:00,1926.37,1928.55,1924.06,1925.06,12247
2023-06-26 08:00:00,1925.06,1933.33,1922.22,1931.72,17676
2023-06-26 12:00:00,1931.67,1933.33,1929.25,1931.48,15602
2023-06-26 16:00:00,1931.48,1931.69,1921.48,1923.79,28760
2023-06-26 20:00:00,1923.78,1925.28,1922.36,1923.35,11295
2023-06-27 00:00:00,1923.74,1924.73,1921.03,1922.74,3848
2023-06-27 04:00:00,1922.77,1930.37,1922.66,1928.47,13133
2023-06-27 08:00:00,1928.48,1929.67,1924.16,1925.59,16144
2023-06-27 12:00:00,1925.57,1930.42,1919.63,1926.24,16480
2023-06-27 16:00:00,1926.3,1930.68,1911.48,1914.58,33453
2023-06-27 20:00:00,1914.59,1915.88,1910.97,1913.29,12708
2023-06-28 00:00:00,1914.55,1917.19,1914.26,1916.2,3922
2023-06-28 04:00:00,1916.21,1916.8,1913.36,1915.21,10790
2023-06-28 08:00:00,1915.19,1916.8,1908.17,1909.98,15296
2023-06-28 12:00:00,1909.97,1911.89,1905.58,1906.95,17451
2023-06-28 16:00:00,1906.96,1913.23,1902.83,1912.28,32766
2023-06-28 20:00:00,1912.29,1913.39,1906.84,1906.88,11265
2023-06-29 00:00:00,1907.78,1910.7,1907.78,1909.9,4312
2023-06-29 04:00:00,1910.03,1912.77,1902.72,1905.35,12646
2023-06-29 08:00:00,1905.36,1908.07,1902.48,1906.18,17123
2023-06-29 12:00:00,1906.23,1912.16,1895.48,1896.12,20095
2023-06-29 16:00:00,1896.15,1913.07,1892.95,1910.24,38136
2023-06-29 20:00:00,1910.2,1910.76,1906.21,1908.3,11066
2023-06-30 00:00:00,1908.71,1909.27,1907.04,1908.68,4572
2023-06-30 04:00:00,1908.72,1909.73,1906.85,1908.24,10126
2023-06-30 08:00:00,1908.26,1909.91,1900.47,1901.87,15634
2023-06-30 12:00:00,1902.16,1913.73,1901.47,1911.03,19762
2023-06-30 16:00:00,1911.0,1920.56,1909.72,1920.03,34261
2023-06-30 20:00:00,1920.06,1922.75,1917.81,1918.83,13457
2023-07-03 00:00:00,1918.39,1919.61,1916.75,1917.12,3820
2023-07-03 04:00:00,1917.11,1920.2,1914.6,1920.1,11519
2023-07-03 08:00:00,1920.1,1920.66,1910.04,1912.0,16492
2023-07-03 12:00:00,1911.99,1922.07,1911.59,1921.93,15005
2023-07-03 16:00:00,1921.93,1931.03,1919.46,1921.87,30107
2023-07-03 20:00:00,1922.02,1922.13,1920.64,1921.62,4089
2023-07-04 00:00:00,1921.12,1922.1,1919.87,1921.18,3132
2023-07-04 04:00:00,1921.22,1924.49,1920.05,1924.26,10257
2023-07-04 08:00:00,1924.26,1928.82,1923.3,1928.58,12562
2023-07-04 12:00:00,1928.59,1930.74,1926.24,1926.79,11666
2023-07-04 16:00:00,1926.71,1929.54,1924.13,1924.2,10005
2023-07-04 20:00:00,1924.21,1925.93,1924.01,1925.72,1361
2023-07-05 00:00:00,1926.16,1927.19,1924.86,1926.72,4194
2023-07-05 04:00:00,1926.72,1926.81,1923.21,1925.57,9351
2023-07-05 08:00:00,1925.57,1928.07,1920.85,1926.99,16230
2023-07-05 12:00:00,1926.97,1930.1,1925.14,1929.31,15937
2023-07-05 16:00:00,1929.33,1935.07,1919.09,1921.56,34110
2023-07-05 20:00:00,1921.57,1921.6,1915.2,1915.28,15399
2023-07-06 00:00:00,1916.22,1917.92,1915.54,1917.34,4033
2023-07-06 04:00:00,1917.34,1919.74,1916.43,1917.93,11327
2023-07-06 08:00:00,1917.94,1921.5,1916.26,1918.09,14604
2023-07-06 12:00:00,1918.06,1927.69,1902.66,1906.25,24683
2023-07-06 16:00:00,1906.31,1914.96,1902.77,1909.87,37676
2023-07-06 20:00:00,1909.87,1911.93,1908.95,1910.81,9179
2023-07-07 00:00:00,1911.0,1912.41,1909.53,1910.54,4389
2023-07-07 04:00:00,1910.49,1912.34,1909.89,1912.14,9338
2023-07-07 08:00:00,1912.14,1916.47,1911.93,1915.58,14630
2023-07-07 12:00:00,1915.58,1928.27,1914.27,1918.78,22661
2023-07-07 16:00:00,1918.77,1934.85,1915.41,1926.94,38918
2023-07-07 20:00:00,1926.94,1928.07,1924.26,1925.35,10866
2023-07-10 00:00:00,1925.15,1928.17,1922.78,1924.22,5754
2023-07-10 04:00:00,1924.26,1926.85,1920.9,1921.28,12038
2023-07-10 08:00:00,1921.28,1925.71,1919.37,1925.19,14097
2023-07-10 12:00:00,1925.19,1926.16,1912.65,1913.97,16158
2023-07-10 16:00:00,1913.9,1926.0,1913.9,1925.56,29031
2023-07-10 20:00:00,1925.68,1926.82,1924.82,1925.32,10867
2023-07-11 00:00:00,1925.28,1927.16,1924.27,1926.38,3889
2023-07-11 04:00:00,1926.39,1929.4,1924.75,1929.31,12771
2023-07-11 08:00:00,1929.35,1938.27,1928.06,1936.66,19458
2023-07-11 12:00:00,1936.68,1938.42,1929.47,1931.96,17001
2023-07-11 16:00:00,1931.99,1935.4,1929.36,1932.38,23692
2023-07-11 20:00:00,1932.4,1932.6,1930.49,1932.01,8065
2023-07-12 00:00:00,1932.29,1936.24,1932.22,1935.71,4713
2023-07-12 04:00:00,1935.71,1940.98,1935.64,1938.93,13257
2023-07-12 08:00:00,1938.94,1940.23,1933.8,1934.79,13428
2023-07-12 12:00:00,1934.8,1950.05,1933.47,1943.2,20508
2023-07-12 16:00:00,1943.17,1959.46,1940.94,1959.16,37858
2023-07-12 20:00:00,1959.18,1959.66,1955.71,1957.82,12121
2023-07-13 00:00:00,1957.77,1958.92,1956.48,1957.01,4347
2023-07-13 04:00:00,1957.01,1962.24,1956.35,1957.21,14091
2023-07-13 08:00:00,1957.22,1963.36,1955.23,1960.9,18230
2023-07-13 12:00:00,1960.91,1963.56,1952.29,1957.55,20315
2023-07-13 16:00:00,1957.53,1961.92,1954.67,1958.76,32065
2023-07-13 20:00:00,1958.76,1960.79,1957.57,1960.36,11429
2023-07-14 00:00:00,1960.6,1961.8,1958.33,1959.39,4817
2023-07-14 04:00:00,1959.39,1963.75,1958.43,1960.32,13406
2023-07-14 08:00:00,1960.37,1961.29,1954.35,1956.19,15694
2023-07-14 12:00:00,1956.21,1962.68,1955.11,1957.51,16706
2023-07-14 16:00:00,1957.46,1962.0,1950.89,1958.98,34689
2023-07-14 20:00:00,1959.02,1961.04,1954.23,1955.1,11479
2023-07-17 00:00:00,1954.96,1954.99,1951.39,1954.65,4658
2023-07-17 04:00:00,1954.67,1955.93,1950.78,1953.64,9707
2023-07-17 08:00:00,1953.64,1957.42,1950.56,1955.84,15035
2023-07-17 12:00:00,1955.91,1959.86,1948.11,1948.62,17764
2023-07-17 16:00:00,1948.68,1955.67,1945.71,1954.59,24690
2023-07-17 20:00:00,1954.64,1956.42,1952.41,1954.95,8644
2023-07-18 00:00:00,1954.65,1956.78,1954.65,1955.41,3861
2023-07-18 04:00:00,1955.43,1961.11,1955.08,1960.01,13397
2023-07-18 08:00:00,1960.02,1964.07,1957.75,1961.65,16592
2023-07-18 12:00:00,1961.64,1972.13,1960.68,1968.73,21955
2023-07-18 16:00:00,1968.73,1984.37,1963.7,1977.94,36946
2023-07-18 20:00:00,1977.95,1978.78,1975.01,1978.52,10473
2023-07-19 00:00:00,1978.84,1979.18,1976.61,1978.47,4705
2023-07-19 04:00:00,1978.47,1978.54,1974.03,1974.78,13047
2023-07-19 08:00:00,1974.82,1980.91,1972.92,1977.51,17926
2023-07-19 12:00:00,1977.51,1979.55,1971.57,1977.57,17776
2023-07-19 16:00:00,1977.56,1979.83,1969.79,1977.54,30650
2023-07-19 20:00:00,1977.53,1978.93,1976.23,1977.04,10584
2023-07-20 00:00:00,1978.1,1979.31,1976.87,1979.08,4225
2023-07-20 04:00:00,1978.99,1987.46,1978.99,1984.62,14849
2023-07-20 08:00:00,1984.62,1984.78,1977.88,1981.53,16788
2023-07-20 12:00:00,1981.53,1983.22,1972.38,1973.99,16932
2023-07-20 16:00:00,1973.99,1980.16,1965.3,1968.01,30795
2023-07-20 20:00:00,1968.02,1971.53,1968.0,1969.6,8916
2023-07-21 00:00:00,1970.39,1973.34,1970.13,1972.96,4642
2023-07-21 04:00:00,1972.97,1973.78,1968.98,1969.97,11646
2023-07-21 08:00:00,1969.97,1972.26,1961.15,1961.44,16925
2023-07-21 12:00:00,1961.48,1968.12,1961.02,1963.12,17313
2023-07-21 16:00:00,1963.15,1965.27,1956.76,1963.53,27379
2023-07-21 20:00:00,1963.57,1964.84,1961.5,1961.72,8306
2023-07-24 00:00:00,1962.36,1962.89,1959.86,1961.82,4233
2023-07-24 04:00:00,1961.8,1962.57,1959.02,1960.5,10816
2023-07-24 08:00:00,1960.49,1965.56,1957.8,1959.59,15754
2023-07-24 12:00:00,1959.65,1967.84,1959.4,1967.39,15253
2023-07-24 16:00:00,1967.45,1967.55,1957.0,1959.89,27289
2023-07-24 20:00:00,1959.86,1960.71,1953.44,1954.74,8873
2023-07-25 00:00:00,1955.11,1955.68,1953.19,1955.26,3630
2023-07-25 04:00:00,1955.35,1963.55,1955.35,1960.59,13257
2023-07-25 08:00:00,1960.6,1964.15,1959.34,1962.91,15059
2023-07-25 12:00:00,1962.91,1963.65,1953.12,1959.22,16053
2023-07-25 16:00:00,1959.34,1965.65,1951.38,1962.38,23269
2023-07-25 20:00:00,1962.39,1965.22,1961.27,1964.98,7867
2023-07-26 00:00:00,1964.73,1966.25,1964.04,1964.91,4201
2023-07-26 04:00:00,1964.9,1965.59,1961.99,1963.13,9635
2023-07-26 08:00:00,1963.15,1972.51,1962.4,1972.08,15146
2023-07-26 12:00:00,1972.21,1974.16,1969.56,1972.29,13396
2023-07-26 16:00:00,1972.19,1975.01,1963.9,1970.3,25948
2023-07-26 20:00:00,1970.31,1978.3,1965.45,1972.14,23737
2023-07-27 00:00:00,1971.11,1974.77,1970.8,1972.46,3991
2023-07-27 04:00:00,1972.27,1982.0,1972.26,1976.69,12275
2023-07-27 08:00:00,1976.5,1982.2,1973.96,1975.83,16536
2023-07-27 12:00:00,1975.83,1979.16,1957.91,1960.17,20050
2023-07-27 16:00:00,1960.17,1960.31,1942.56,1944.27,31675
2023-07-27 20:00:00,1944.29,1949.63,1943.29,1944.9,15619
2023-07-28 00:00:00,1946.58,1948.03,1945.37,1946.97,6668
2023-07-28 04:00:00,1946.95,1956.71,1946.61,1951.83,23429
2023-07-28 08:00:00,1951.84,1953.54,1947.8,1949.53,21107
2023-07-28 12:00:00,1949.55,1961.14,1948.32,1955.61,20577
2023-07-28 16:00:00,1955.59,1963.56,1952.27,1961.13,25556
2023-07-28 20:00:00,1961.13,1962.39,1957.47,1959.0,8433
2023-07-31 00:00:00,1959.72,1960.61,1956.36,1958.22,4829
2023-07-31 04:00:00,1958.32,1958.6,1953.48,1954.46,12747
2023-07-31 08:00:00,1954.46,1957.15,1950.43,1953.47,12831
2023-07-31 12:00:00,1953.46,1967.07,1953.26,1965.52,16317
2023-07-31 16:00:00,1965.52,1972.41,1962.75,1970.91,24535
2023-07-31 20:00:00,1970.93,1972.08,1964.2,1965.38,10182
2023-08-01 00:00:00,1965.74,1966.02,1962.97,1963.45,3743
2023-08-01 04:00:00,1963.44,1963.96,1958.85,1959.61,11133
2023-08-01 08:00:00,1959.63,1960.2,1954.43,1955.83,13943
2023-08-01 12:00:00,1955.81,1957.65,1945.99,1946.82,17207
2023-08-01 16:00:00,1946.9,1953.75,1941.37,1943.13,28127
2023-08-01 20:00:00,1943.1,1945.57,1941.27,1944.18,8495
2023-08-02 00:00:00,1950.12,1952.87,1948.29,1949.25,7692
2023-08-02 04:00:00,1949.24,1949.92,1945.2,1946.39,11182
2023-08-02 08:00:00,1946.4,1951.83,1946.28,1949.8,14699
2023-08-02 12:00:00,1949.79,1954.73,1943.67,1945.66,19055
2023-08-02 16:00:00,1945.65,1947.7,1932.85,1935.7,29466
2023-08-02 20:00:00,1935.71,1939.12,1934.62,1934.87,6851
2023-08-03 00:00:00,1935.38,1937.05,1934.69,1935.49,3166
2023-08-03 04:00:00,1935.52,1938.97,1933.91,1934.12,10118
2023-08-03 08:00:00,1934.13,1938.36,1930.88,1937.75,16791
2023-08-03 12:00:00,1937.76,1938.39,1929.45,1932.84,21089
2023-08-03 16:00:00,1932.89,1938.7,1930.38,1935.69,28413
2023-08-03 20:00:00,1935.69,1935.91,1932.5,1934.24,7702
2023-08-04 00:00:00,1934.76,1937.02,1934.54,1936.71,3563
2023-08-04 04:00:00,1936.79,1937.98,1933.15,1934.56,12171
2023-08-04 08:00:00,1934.58,1937.48,1932.08,1932.49,11796
2023-08-04 12:00:00,1932.53,1942.73,1925.41,1939.0,19309
2023-08-04 16:00:00,1938.98,1946.81,1937.58,1941.79,29905
2023-08-04 20:00:00,1941.77,1942.88,1939.82,1942.75,8099
2023-08-07 00:00:00,1942.53,1946.66,1942.44,1944.34,4570
2023-08-07 04:00:00,1944.16,1944.25,1937.49,1938.8,8929
2023-08-07 08:00:00,1938.8,1938.97,1934.44,1936.22,11166
2023-08-07 12:00:00,1936.23,1938.27,1933.33,1938.06,12448
2023-08-07 16:00:00,1938.08,1941.7,1931.46,1934.45,20476
2023-08-07 20:00:00,1934.44,1937.67,1934.13,1936.34,7230
2023-08-08 00:00:00,1936.52,1938.02,1935.12,1935.71,4346
2023-08-08 04:00:00,1935.67,1935.72,1931.16,1934.48,10772
2023-08-08 08:00:00,1934.48,1935.13,1930.2,1935.12,13679
2023-08-08 12:00:00,1935.13,1935.59,1923.75,1925.37,18385
2023-08-08 16:00:00,1925.37,1932.05,1922.74,1925.38,23217
2023-08-08 20:00:00,1925.42,1926.65,1923.55,1924.72,8426
2023-08-09 00:00:00,1924.94,1926.56,1924.55,1925.04,2833
2023-08-09 04:00:00,1925.03,1931.02,1924.24,1930.3,10009
2023-08-09 08:00:00,1930.31,1932.34,1927.39,1928.06,10009
2023-08-09 12:00:00,1928.03,1928.33,1922.09,1924.9,12809
2023-08-09 16:00:00,1924.9,1927.58,1915.57,1916.31,23661
2023-08-09 20:00:00,1916.32,1917.97,1914.01,1914.41,8296
2023-08-10 00:00:00,1915.37,1917.43,1915.08,1916.99,3304
2023-08-10 04:00:00,1917.01,1919.15,1915.31,1916.73,8018
2023-08-10 08:00:00,1916.73,1921.26,1915.47,1919.37,11165
2023-08-10 12:00:00,1919.36,1930.09,1919.2,1926.23,17826
2023-08-10 16:00:00,1926.17,1927.15,1912.9,1920.57,30404
2023-08-10 20:00:00,1920.52,1920.98,1912.46,1912.48,13237
2023-08-11 00:00:00,1912.61,1915.13,1910.75,1914.69,3231
2023-08-11 04:00:00,1914.64,1916.01,1912.63,1913.47,7026
2023-08-11 08:00:00,1913.44,1919.39,1912.76,1919.0,11213
2023-08-11 12:00:00,1919.0,1920.95,1913.09,1916.06,14107
2023-08-11 16:00:00,1916.04,1920.7,1912.85,1914.38,25290
2023-08-11 20:00:00,1914.36,1915.55,1912.21,1913.34,7759
2023-08-14 00:00:00,1913.85,1915.18,1910.64,1911.0,4335
2023-08-14 04:00:00,1911.02,1913.54,1910.09,1912.37,9098
2023-08-14 08:00:00,1912.39,1916.19,1910.56,1914.23,11645
2023-08-14 12:00:00,1914.27,1914.95,1905.78,1910.34,13532
2023-08-14 16:00:00,1910.33,1913.14,1902.71,1911.91,24652
2023-08-14 20:00:00,1911.88,1913.12,1906.9,1907.26,7903
2023-08-15 00:00:00,1907.19,1908.08,1904.6,1907.09,3221
2023-08-15 04:00:00,1907.07,1908.14,1903.67,1906.58,10270
2023-08-15 08:00:00,1906.57,1907.49,1903.1,1904.26,14338
2023-08-15 12:00:00,1904.27,1905.85,1895.96,1903.42,18618
2023-08-15 16:00:00,1903.5,1911.55,1900.08,1903.65,31832
2023-08-15 20:00:00,1903.66,1905.52,1901.54,1901.69,12336
2023-08-16 00:00:00,1901.88,1902.53,1900.3,1902.22,3238
2023-08-16 04:00:00,1902.19,1905.29,1900.42,1903.94,8265
2023-08-16 08:00:00,1903.96,1906.55,1902.84,1905.4,10919
2023-08-16 12:00:00,1905.4,1907.17,1900.0,1900.75,13571
2023-08-16 16:00:00,1900.76,1906.46,1898.82,1899.47,24583
2023-08-16 20:00:00,1899.47,1899.6,1891.78,1892.53,17074
2023-08-17 00:00:00,1894.21,1894.95,1890.99,1892.75,5219
2023-08-17 04:00:00,1892.87,1893.93,1889.52,1893.79,10820
2023-08-17 08:00:00,1893.79,1897.57,1892.13,1893.94,12375
2023-08-17 12:00:00,1893.91,1902.46,1893.61,1899.54,18697
2023-08-17 16:00:00,1899.46,1903.39,1887.79,1888.34,27662
2023-08-17 20:00:00,1888.34,1890.09,1884.94,1888.89,11566
2023-08-18 00:00:00,1889.53,1893.82,1888.99,1893.31,3569
2023-08-18 04:00:00,1893.36,1895.14,1891.1,1892.17,9484
2023-08-18 08:00:00,1892.18,1894.12,1891.37,1892.03,12266
2023-08-18 12:00:00,1892.01,1895.54,1888.7,1890.22,12929
2023-08-18 16:00:00,1890.23,1896.73,1888.64,1889.57,22400
2023-08-18 20:00:00,1889.57,1890.39,1886.74,1889.45,9077
2023-08-21 00:00:00,1889.52,1891.16,1888.71,1889.97,3752
2023-08-21 04:00:00,1889.95,1893.71,1884.84,1892.52,11901
2023-08-21 08:00:00,1892.5,1894.07,1887.33,1888.68,12378
2023-08-21 12:00:00,1888.66,1897.64,1886.77,1897.18,16556
2023-08-21 16:00:00,1897.2,1898.74,1885.24,1892.58,25055
2023-08-21 20:00:00,1892.68,1895.38,1892.46,1894.63,8257
2023-08-22 00:00:00,1894.65,1896.05,1893.64,1895.51,3040
2023-08-22 04:00:00,1895.49,1897.29,1893.81,1893.91,9898
2023-08-22 08:00:00,1893.89,1902.36,1893.88,1899.96,13814
2023-08-22 12:00:00,1900.0,1904.5,1896.28,1897.45,15652
2023-08-22 16:00:00,1897.43,1899.11,1889.1,1897.36,25215
2023-08-22 20:00:00,1897.37,1898.42,1896.41,1897.48,7103
2023-08-23 00:00:00,1897.86,1900.41,1897.58,1899.01,2128
2023-08-23 04:00:00,1899.03,1903.37,1898.79,1903.31,9058
2023-08-23 08:00:00,1903.37,1905.4,1901.71,1903.76,14400
2023-08-23 12:00:00,1903.89,1908.64,1901.24,1903.7,15160
2023-08-23 16:00:00,1903.71,1920.31,1902.94,1919.78,30674
2023-08-23 20:00:00,1919.8,1919.88,1914.44,1914.86,9711
2023-08-24 00:00:00,1916.91,1919.3,1916.16,1918.65,3349
2023-08-24 04:00:00,1918.6,1922.35,1917.53,1921.01,9788
2023-08-24 08:00:00,1921.06,1922.84,1919.48,1920.31,13381
2023-08-24 12:00:00,1920.3,1921.03,1911.78,1915.16,15465
2023-08-24 16:00:00,1915.17,1923.32,1911.88,1918.39,27029
2023-08-24 20:00:00,1918.38,1919.66,1916.3,1917.01,9115
2023-08-25 00:00:00,1916.86,1917.28,1915.09,1915.55,2560
2023-08-25 04:00:00,1915.56,1917.52,1913.14,1913.71,8173
2023-08-25 08:00:00,1913.75,1916.13,1912.81,1915.41,10923
2023-08-25 12:00:00,1915.39,1920.25,1915.22,1917.28,11241
2023-08-25 16:00:00,1917.35,1922.32,1903.72,1910.0,35976
2023-08-25 20:00:00,1910.02,1914.77,1909.9,1914.74,10693
2023-08-28 00:00:00,1915.67,1916.63,1914.25,1915.75,4195
2023-08-28 04:00:00,1915.69,1917.46,1914.68,1915.6,8637
2023-08-28 08:00:00,1915.61,1917.78,1913.5,1914.71,9525
2023-08-28 12:00:00,1914.7,1917.34,1913.38,1917.08,10638
2023-08-28 16:00:00,1917.08,1926.02,1912.78,1920.64,22112
2023-08-28 20:00:00,1920.61,1920.85,1916.81,1919.93,8604
2023-08-29 00:00:00,1920.2,1922.09,1920.13,1921.62,1911
2023-08-29 04:00:00,1921.63,1925.83,1921.32,1923.87,7578
2023-08-29 08:00:00,1923.89,1925.6,1921.55,1922.88,9926
2023-08-29 12:00:00,1922.88,1924.41,1914.4,1917.0,14699
2023-08-29 16:00:00,1916.97,1937.69,1916.74,1936.29,32328
2023-08-29 20:00:00,1936.29,1938.14,1935.12,1937.83,9684
2023-08-30 00:00:00,1937.05,1937.58,1935.89,1936.77,3203
2023-08-30 04:00:00,1936.82,1937.47,1935.37,1936.12,8303
2023-08-30 08:00:00,1936.14,1936.95,1934.96,1936.59,11632
2023-08-30 12:00:00,1936.6,1945.75,1935.94,1945.21,18664
2023-08-30 16:00:00,1944.92,1949.09,1942.88,1944.88,29311
2023-08-30 20:00:00,1944.91,1945.7,1942.03,1942.76,7909
2023-08-31 00:00:00,1943.83,1945.54,1943.4,1945.39,3657
2023-08-31 04:00:00,1945.36,1947.76,1944.69,1945.77,7480
2023-08-31 08:00:00,1945.79,1946.29,1943.21,1944.41,10719
2023-08-31 12:00:00,1944.42,1947.85,1943.11,1945.81,15906
2023-08-31 16:00:00,1945.81,1946.39,1938.95,1941.72,27315
2023-08-31 20:00:00,1941.74,1942.08,1939.02,1939.84,8214
2023-09-01 00:00:00,1940.07,1940.31,1938.68,1939.32,2765
2023-09-01 04:00:00,1939.3,1944.02,1938.16,1940.02,8472
2023-09-01 08:00:00,1940.02,1943.76,1938.41,1943.01,9734
2023-09-01 12:00:00,1943.0,1952.91,1942.94,1949.97,17165
2023-09-01 16:00:00,1950.03,1951.42,1934.42,1938.13,37909
2023-09-01 20:00:00,1938.15,1941.56,1937.29,1939.51,6868
2023-09-04 00:00:00,1940.28,1941.7,1939.34,1940.93,2940
2023-09-04 04:00:00,1940.91,1946.11,1940.36,1945.08,8754
2023-09-04 08:00:00,1945.09,1946.37,1942.66,1943.9,9434
2023-09-04 12:00:00,1943.9,1944.25,1939.85,1939.95,8373
2023-09-04 16:00:00,1939.96,1940.24,1936.79,1938.33,10193
2023-09-04 20:00:00,1938.32,1938.88,1937.97,1938.35,609
2023-09-05 00:00:00,1938.74,1938.84,1937.0,1937.84,2368
2023-09-05 04:00:00,1937.87,1938.86,1934.87,1938.56,7867
2023-09-05 08:00:00,1938.59,1938.98,1932.13,1933.5,13724
2023-09-05 12:00:00,1933.45,1934.66,1927.96,1933.69,17986
2023-09-05 16:00:00,1933.72,1934.19,1925.31,1927.29,30346
2023-09-05 20:00:00,1927.33,1927.51,1925.3,1925.89,7565
2023-09-06 00:00:00,1926.38,1926.92,1924.44,1924.75,2822
2023-09-06 04:00:00,1924.75,1927.36,1924.16,1927.2,7857
2023-09-06 08:00:00,1927.21,1928.5,1922.48,1924.73,13696
2023-09-06 12:00:00,1924.73,1927.66,1922.79,1923.26,13194
2023-09-06 16:00:00,1923.21,1929.2,1915.27,1919.97,32080
2023-09-06 20:00:00,1920.02,1920.65,1915.95,1916.0,7499
2023-09-07 00:00:00,1917.33,1918.21,1916.27,1916.86,2676
2023-09-07 04:00:00,1916.84,1920.69,1916.63,1918.96,8277
2023-09-07 08:00:00,1918.93,1919.81,1917.02,1918.87,11401
2023-09-07 12:00:00,1918.89,1923.59,1916.18,1923.2,15895
2023-09-07 16:00:00,1923.21,1923.49,1917.24,1918.04,24580
2023-09-07 20:00:00,1918.03,1920.74,1917.42,1919.57,6373
2023-09-08 00:00:00,1919.38,1924.58,1919.3,1923.66,4011
2023-09-08 04:00:00,1923.61,1927.31,1922.83,1924.52,9471
2023-09-08 08:00:00,1924.54,1927.28,1923.34,1924.68,10556
2023-09-08 12:00:00,1924.69,1926.04,1920.34,1920.45,11710
2023-09-08 16:00:00,1920.47,1929.71,1917.32,1919.69,25007
2023-09-08 20:00:00,1919.71,1920.72,1918.08,1919.22,6314
2023-09-11 00:00:00,1919.7,1920.2,1916.69,1920.02,4958
2023-09-11 04:00:00,1920.08,1926.72,1919.08,1926.48,12287
2023-09-11 08:00:00,1926.49,1930.68,1925.4,1927.67,15433
2023-09-11 12:00:00,1927.67,1928.05,1924.23,1927.28,13676
2023-09-11 16:00:00,1927.21,1930.13,1921.4,1923.43,22838
2023-09-11 20:00:00,1923.44,1924.38,1921.43,1922.47,7200
2023-09-12 00:00:00,1922.83,1923.37,1921.16,1921.55,3246
2023-09-12 04:00:00,1921.55,1924.45,1920.34,1922.25,9999
2023-09-12 08:00:00,1922.34,1922.37,1918.58,1919.7,12378
2023-09-12 12:00:00,1919.74,1920.09,1908.51,1909.78,16610
2023-09-12 16:00:00,1909.73,1915.06,1907.56,1912.39,23445
2023-09-12 20:00:00,1912.4,1913.62,1911.77,1913.35,8051
2023-09-13 00:00:00,1913.4,1913.81,1912.42,1912.56,3273
2023-09-13 04:00:00,1912.54,1913.82,1908.19,1911.65,10490
2023-09-13 08:00:00,1911.66,1912.6,1908.18,1912.14,12949
2023-09-13 12:00:00,1912.14,1914.42,1905.58,1912.28,18832
2023-09-13 16:00:00,1912.28,1915.76,1908.85,1909.42,31944
2023-09-13 20:00:00,1909.41,1911.2,1908.11,1908.3,8977
2023-09-14 00:00:00,1909.03,1912.83,1907.5,1912.6,3647
2023-09-14 04:00:00,1912.57,1912.87,1908.79,1909.46,11370
2023-09-14 08:00:00,1909.46,1910.99,1905.2,1907.31,13705
2023-09-14 12:00:00,1907.32,1910.3,1901.11,1904.45,20730
2023-09-14 16:00:00,1904.39,1912.12,1900.98,1910.2,34861
2023-09-14 20:00:00,1910.2,1911.42,1908.06,1910.17,8053
2023-09-15 00:00:00,1910.73,1911.56,1909.77,1911.24,3488
2023-09-15 04:00:00,1911.25,1916.84,1910.37,1916.17,12112
2023-09-15 08:00:00,1916.18,1919.5,1914.94,1918.03,17498
2023-09-15 12:00:00,1918.02,1920.59,1916.07,1917.16,16391
2023-09-15 16:00:00,1917.2,1930.4,1916.93,1925.37,32142
2023-09-15 20:00:00,1925.44,1925.99,1922.31,1923.38,9207
2023-09-18 00:00:00,1924.09,1924.7,1922.49,1924.58,3216
2023-09-18 04:00:00,1924.62,1929.46,1923.29,1928.15,11569
2023-09-18 08:00:00,1928.19,1930.61,1925.05,1926.12,14785
2023-09-18 12:00:00,1926.12,1928.2,1923.53,1924.05,11122
2023-09-18 16:00:00,1924.07,1931.12,1922.85,1931.05,22351
2023-09-18 20:00:00,1931.08,1934.21,1930.96,1933.28,8291
2023-09-19 00:00:00,1933.78,1934.58,1932.63,1932.78,3102
2023-09-19 04:00:00,1932.84,1933.43,1931.27,1931.27,7547
2023-09-19 08:00:00,1931.33,1934.93,1929.75,1933.79,11373
2023-09-19 12:00:00,1933.8,1937.39,1933.61,1935.84,11928
2023-09-19 16:00:00,1935.87,1936.33,1930.83,1930.94,19706
2023-09-19 20:00:00,1930.94,1933.03,1929.71,1931.14,6654
2023-09-20 00:00:00,1932.36,1932.36,1930.27,1930.68,2473
2023-09-20 04:00:00,1930.71,1931.44,1928.43,1929.79,6332
2023-09-20 08:00:00,1929.79,1932.3,1927.87,1929.07,11529
2023-09-20 12:00:00,1929.07,1934.08,1929.07,1932.19,10089
2023-09-20 16:00:00,1932.18,1946.69,1931.92,1946.69,22722
2023-09-20 20:00:00,1946.7,1947.41,1929.21,1929.43,27507
2023-09-21 00:00:00,1929.79,1931.56,1924.51,1924.92,5903
2023-09-21 04:00:00,1925.0,1928.64,1924.08,1928.01,10214
2023-09-21 08:00:00,1927.93,1930.43,1922.81,1923.01,11794
2023-09-21 12:00:00,1922.96,1926.07,1914.06,1916.46,19403
2023-09-21 16:00:00,1916.58,1923.8,1913.89,1919.51,28370
2023-09-21 20:00:00,1919.51,1921.28,1918.66,1919.87,8006
2023-09-22 00:00:00,1919.77,1923.62,1919.77,1923.4,3372
2023-09-22 04:00:00,1923.38,1925.46,1922.03,1924.37,8868
2023-09-22 08:00:00,1924.35,1928.65,1923.67,1926.71,14091
2023-09-22 12:00:00,1926.71,1927.62,1924.16,1926.13,12231
2023-09-22 16:00:00,1926.12,1929.03,1924.83,1925.32,21852
2023-09-22 20:00:00,1925.32,1926.37,1924.33,1925.22,5579
2023-09-25 00:00:00,1926.15,1926.27,1923.16,1924.87,3310
2023-09-25 04:00:00,1924.89,1925.3,1922.64,1923.13,5781
2023-09-25 08:00:00,1923.03,1927.15,1920.75,1921.65,11249
2023-09-25 12:00:00,1921.58,1926.78,1921.56,1925.88,11595
2023-09-25 16:00:00,1925.84,1926.36,1915.08,1916.7,23639
2023-09-25 20:00:00,1916.71,1917.63,1915.17,1915.86,6720
2023-09-26 00:00:00,1916.21,1916.8,1914.64,1914.77,2833
2023-09-26 04:00:00,1914.82,1915.84,1912.98,1914.61,6873
2023-09-26 08:00:00,1914.59,1915.66,1909.67,1913.81,11856
2023-09-26 12:00:00,1913.81,1913.9,1905.17,1910.21,12628
2023-09-26 16:00:00,1910.33,1910.33,1900.74,1901.21,24699
2023-09-26 20:00:00,1901.22,1902.24,1899.07,1900.36,8502
2023-09-27 00:00:00,1900.8,1902.46,1899.72,1900.63,3210
2023-09-27 04:00:00,1900.64,1903.85,1896.51,1897.68,9186
2023-09-27 08:00:00,1897.65,1899.03,1895.11,1896.64,11939
2023-09-27 12:00:00,1896.67,1896.67,1889.6,1891.73,13907
2023-09-27 16:00:00,1891.71,1892.16,1875.45,1875.86,27427
2023-09-27 20:00:00,1875.87,1878.23,1872.48,1875.66,13573
2023-09-28 00:00:00,1876.61,1877.88,1875.89,1877.03,4428
2023-09-28 04:00:00,1877.09,1877.48,1873.51,1874.85,8444
2023-09-28 08:00:00,1874.85,1878.22,1873.61,1874.1,14291
2023-09-28 12:00:00,1874.11,1879.55,1871.72,1872.36,17591
2023-09-28 16:00:00,1872.37,1877.11,1857.58,1863.51,34612
2023-09-28 20:00:00,1863.53,1867.3,1860.94,1864.71,10004
2023-09-29 00:00:00,1865.02,1867.25,1863.76,1865.33,4275
2023-09-29 04:00:00,1865.34,1867.01,1862.95,1865.04,6637
2023-09-29 08:00:00,1865.03,1873.93,1864.38,1871.56,13072
2023-09-29 12:00:00,1871.56,1874.02,1867.5,1873.84,18341
2023-09-29 16:00:00,1873.89,1879.78,1852.18,1853.69,35456
2023-09-29 20:00:00,1853.71,1853.72,1846.3,1849.12,11860
2023-10-02 00:00:00,1847.38,1848.92,1845.09,1845.44,4486
2023-10-02 04:00:00,1845.44,1847.37,1842.38,1842.49,6062
2023-10-02 08:00:00,1842.5,1846.18,1839.12,1839.49,13364
2023-10-02 12:00:00,1839.48,1840.54,1831.08,1836.24,19063
2023-10-02 16:00:00,1836.26,1838.39,1827.06,1831.57,34741
2023-10-02 20:00:00,1831.57,1833.54,1827.45,1827.97,9973
2023-10-03 00:00:00,1828.86,1829.14,1820.41,1824.65,6185
2023-10-03 04:00:00,1824.69,1825.03,1815.02,1820.61,10626
2023-10-03 08:00:00,1820.57,1829.07,1818.12,1826.19,15128
2023-10-03 12:00:00,1826.2,1829.72,1823.61,1824.81,19641
2023-10-03 16:00:00,1824.85,1833.31,1819.21,1823.93,45585
2023-10-03 20:00:00,1823.93,1825.95,1821.87,1823.42,12693
2023-10-04 00:00:00,1823.68,1824.93,1821.83,1823.21,4980
2023-10-04 04:00:00,1823.24,1824.32,1819.72,1823.52,9709
2023-10-04 08:00:00,1823.51,1823.66,1816.64,1822.94,19175
2023-10-04 12:00:00,1822.96,1830.51,1821.01,1827.3,25430
2023-10-04 16:00:00,1827.38,1827.43,1817.0,1820.97,39085
2023-10-04 20:00:00,1820.97,1823.64,1816.55,1820.6,11688
2023-10-05 00:00:00,1821.84,1825.65,1821.52,1825.64,4053
2023-10-05 04:00:00,1825.63,1829.12,1825.57,1827.65,8468
2023-10-05 08:00:00,1827.59,1828.17,1819.65,1819.82,14166
2023-10-05 12:00:00,1819.82,1823.93,1812.93,1815.64,20899
2023-10-05 16:00:00,1815.64,1821.86,1814.13,1818.12,35340
2023-10-05 20:00:00,1818.12,1820.87,1815.81,1820.13,10767
2023-10-06 00:00:00,1820.79,1823.13,1820.12,1820.66,3427
2023-10-06 04:00:00,1820.58,1824.59,1819.67,1822.75,6582
2023-10-06 08:00:00,1822.71,1822.91,1818.55,1821.88,12481
2023-10-06 12:00:00,1821.9,1825.02,1810.37,1815.06,22530
2023-10-06 16:00:00,1815.06,1834.8,1813.81,1829.19,43967
2023-10-06 20:00:00,1829.18,1833.94,1828.73,1831.92,11333
2023-10-09 00:00:00,1853.33,1854.33,1845.41,1852.33,13697
2023-10-09 04:00:00,1852.33,1853.21,1847.27,1850.43,14709
2023-10-09 08:00:00,1850.47,1854.35,1847.98,1850.49,19288
2023-10-09 12:00:00,1850.5,1852.29,1844.95,1847.98,17380
2023-10-09 16:00:00,1847.97,1853.23,1844.19,1850.05,32678
2023-10-09 20:00:00,1850.05,1863.46,1849.95,1860.88,13558
2023-10-10 00:00:00,1861.17,1865.41,1860.29,1864.04,7220
2023-10-10 04:00:00,1864.05,1865.19,1860.74,1860.86,14309
2023-10-10 08:00:00,1860.86,1862.16,1855.15,1858.49,25750
2023-10-10 12:00:00,1858.49,1859.58,1853.0,1854.52,24607
2023-10-10 16:00:00,1854.52,1862.47,1853.08,1861.88,40516
2023-10-10 20:00:00,1861.95,1862.74,1858.09,1859.86,14375
2023-10-11 00:00:00,1860.25,1862.11,1859.38,1860.97,4228
2023-10-11 04:00:00,1860.94,1862.04,1859.37,1859.72,9920
2023-10-11 08:00:00,1859.73,1869.82,1858.61,1869.59,23152
2023-10-11 12:00:00,1869.58,1874.73,1866.73,1872.83,28197
2023-10-11 16:00:00,1872.88,1877.13,1868.18,1874.37,42863
2023-10-11 20:00:00,1874.37,1874.73,1870.79,1873.49,15329
2023-10-12 00:00:00,1874.27,1876.61,1873.9,1875.45,3936
2023-10-12 04:00:00,1875.45,1879.08,1874.47,1878.86,10076
2023-10-12 08:00:00,1878.85,1882.65,1878.32,1880.34,16482
2023-10-12 12:00:00,1880.4,1884.96,1875.24,1879.07,27528
2023-10-12 16:00:00,1879.08,1880.06,1870.58,1871.41,42598
2023-10-12 20:00:00,1871.43,1871.99,1867.86,1868.84,18197
2023-10-13 00:00:00,1869.21,1872.59,1869.2,1872.5,5132
2023-10-13 04:00:00,1872.55,1876.76,1871.34,1876.34,9721
2023-10-13 08:00:00,1876.3,1884.89,1875.7,1883.79,19366
2023-10-13 12:00:00,1883.79,1919.09,1882.42,1913.34,37465
2023-10-13 16:00:00,1913.34,1927.45,1905.52,1927.13,35662
2023-10-13 20:00:00,1927.14,1930.76,1926.82,1929.57,12834
2023-10-16 00:00:00,1927.63,1927.63,1921.13,1921.58,8828
2023-10-16 04:00:00,1921.61,1923.46,1918.02,1920.15,9223
2023-10-16 08:00:00,1920.18,1920.18,1908.14,1911.56,17188
2023-10-16 12:00:00,1911.53,1924.52,1911.15,1918.69,18926
2023-10-16 16:00:00,1918.69,1922.33,1914.38,1921.89,23110
2023-10-16 20:00:00,1921.92,1922.76,1917.82,1919.73,8050
2023-10-17 00:00:00,1919.82,1921.77,1914.37,1916.58,4827
2023-10-17 04:00:00,1916.59,1917.54,1912.33,1914.63,9179
2023-10-17 08:00:00,1914.64,1921.32,1914.15,1919.21,11934
2023-10-17 12:00:00,1919.22,1928.98,1918.85,1925.98,19721
2023-10-17 16:00:00,1926.0,1931.52,1920.77,1924.06,30658
2023-10-17 20:00:00,1924.11,1925.08,1919.14,1923.07,11573
2023-10-18 00:00:00,1923.34,1928.19,1923.27,1927.37,4207
2023-10-18 04:00:00,1927.38,1942.69,1926.86,1938.09,16353
2023-10-18 08:00:00,1938.06,1940.05,1935.06,1938.42,17386
2023-10-18 12:00:00,1938.42,1950.05,1938.3,1948.84,20756
2023-10-18 16:00:00,1948.84,1962.59,1938.19,1949.82,36143
2023-10-18 20:00:00,1949.83,1956.58,1948.29,1948.53,14688
2023-10-19 00:00:00,1947.5,1953.27,1947.46,1950.19,5496
2023-10-19 04:00:00,1950.18,1951.69,1945.19,1948.18,11714
2023-10-19 08:00:00,1948.14,1954.42,1945.5,1949.68,18647
2023-10-19 12:00:00,1949.64,1957.14,1947.82,1954.84,18470
2023-10-19 16:00:00,1954.79,1962.06,1949.78,1961.97,36806
2023-10-19 20:00:00,1962.02,1977.69,1960.84,1974.56,23238
2023-10-20 00:00:00,1973.11,1982.23,1972.4,1974.98,10526
2023-10-20 04:00:00,1974.94,1981.89,1971.96,1977.16,14451
2023-10-20 08:00:00,1977.21,1985.16,1974.07,1983.69,19480
2023-10-20 12:00:00,1983.74,1985.84,1973.23,1978.37,19609
2023-10-20 16:00:00,1978.27,1997.13,1976.52,1982.62,35334
2023-10-20 20:00:00,1982.56,1986.65,1974.3,1980.23,17817
2023-10-23 00:00:00,1972.75,1978.56,1964.31,1966.21,8308
2023-10-23 04:00:00,1966.25,1974.71,1964.32,1973.73,13732
2023-10-23 08:00:00,1973.64,1981.95,1972.76,1981.43,15484
2023-10-23 12:00:00,1981.44,1982.8,1975.28,1977.55,18360
2023-10-23 16:00:00,1977.55,1980.06,1970.07,1974.48,33735
2023-10-23 20:00:00,1974.48,1978.11,1971.12,1972.47,12825
2023-10-24 00:00:00,1973.44,1975.91,1971.41,1973.79,4462
2023-10-24 04:00:00,1973.8,1980.81,1973.8,1976.17,10957
2023-10-24 08:00:00,1976.22,1979.18,1969.97,1972.25,17218
2023-10-24 12:00:00,1972.21,1972.55,1953.57,1964.89,23720
2023-10-24 16:00:00,1964.9,1976.0,1958.93,1974.35,30840
2023-10-24 20:00:00,1974.35,1977.56,1971.03,1971.45,9649
2023-10-25 00:00:00,1969.95,1975.23,1969.95,1974.47,4182
2023-10-25 04:00:00,1974.47,1976.94,1970.85,1972.41,9228
2023-10-25 08:00:00,1972.41,1975.89,1968.24,1971.37,13173
2023-10-25 12:00:00,1971.37,1976.84,1969.44,1975.12,16239
2023-10-25 16:00:00,1975.12,1987.18,1962.89,1978.22,31866
2023-10-25 20:00:00,1978.23,1985.56,1976.5,1979.09,12427
2023-10-26 00:00:00,1980.63,1984.71,1980.39,1983.43,6898
2023-10-26 04:00:00,1983.5,1989.34,1983.24,1988.44,9808
2023-10-26 08:00:00,1988.43,1993.41,1983.94,1992.11,17622
2023-10-26 12:00:00,1992.12,1992.16,1974.59,1979.44,20863
2023-10-26 16:00:00,1979.53,1985.82,1971.68,1984.16,32933
2023-10-26 20:00:00,1984.2,1989.23,1982.31,1984.55,12861
2023-10-27 00:00:00,1983.78,1986.79,1982.91,1983.51,4707
2023-10-27 04:00:00,1983.4,1989.92,1983.21,1989.42,10004
2023-10-27 08:00:00,1989.48,1989.68,1985.51,1986.94,14342
2023-10-27 12:00:00,1986.94,1987.91,1977.06,1980.38,17038
2023-10-27 16:00:00,1980.38,1985.69,1976.83,1983.65,27281
2023-10-27 20:00:00,1983.65,2009.33,1983.0,2005.23,21818
2023-10-30 00:00:00,2002.99,2006.73,1996.85,2004.64,8777
2023-10-30 04:00:00,2004.64,2005.7,2000.15,2001.5,9173
2023-10-30 08:00:00,2001.42,2002.66,1990.85,1993.7,14779
2023-10-30 12:00:00,1993.75,2000.03,1991.57,1997.98,18999
2023-10-30 16:00:00,1997.99,2002.49,1992.03,1998.96,29554
2023-10-30 20:00:00,1998.99,1999.87,1994.64,1996.19,10719
2023-10-31 00:00:00,1995.8,1996.24,1993.87,1995.59,3833
2023-10-31 04:00:00,1995.56,1997.26,1990.5,1992.71,10736
2023-10-31 08:00:00,1992.76,1999.14,1992.37,1996.97,12024
2023-10-31 12:00:00,1996.87,2001.48,1994.78,1995.65,18331
2023-10-31 16:00:00,1995.55,2007.72,1986.62,1990.69,34012
2023-10-31 20:00:00,1990.7,1991.19,1978.75,1983.47,15340
2023-11-01 00:00:00,1983.63,1986.15,1978.71,1979.94,5199
2023-11-01 04:00:00,1979.93,1981.44,1975.21,1977.58,9346
2023-11-01 08:00:00,1977.58,1982.91,1976.27,1982.42,11348
2023-11-01 12:00:00,1982.44,1988.44,1980.48,1986.6,16024
2023-11-01 16:00:00,1986.6,1992.05,1974.45,1977.78,29454
2023-11-01 20:00:00,1977.82,1982.23,1969.85,1980.08,24091
2023-11-02 00:00:00,1982.25,1986.18,1981.34,1984.65,5739
2023-11-02 04:00:00,1984.63,1988.09,1983.31,1986.0,9477
2023-11-02 08:00:00,1986.01,1988.37,1983.64,1986.77,10597
2023-11-02 12:00:00,1986.78,1991.0,1985.75,1990.31,16211
2023-11-02 16:00:00,1990.31,1991.03,1978.82,1981.8,29921
2023-11-02 20:00:00,1981.8,1986.61,1981.47,1985.44,9003
2023-11-03 00:00:00,1986.02,1986.49,1984.36,1985.57,2694
2023-11-03 04:00:00,1985.6,1987.81,1983.2,1985.77,7086
2023-11-03 08:00:00,1985.8,1989.14,1984.52,1988.57,9184
2023-11-03 12:00:00,1988.48,2004.03,1985.75,2000.15,17251
2023-11-03 16:00:00,2000.14,2001.63,1986.5,1990.31,39649
2023-11-03 20:00:00,1990.38,1995.08,1989.86,1992.31,11308
2023-11-06 00:00:00,1991.36,1993.03,1986.96,1992.09,7745
2023-11-06 04:00:00,1992.12,1992.94,1981.9,1983.86,10063
2023-11-06 08:00:00,1983.83,1987.88,1982.27,1986.79,12348
2023-11-06 12:00:00,1986.86,1989.05,1983.39,1986.3,13974
2023-11-06 16:00:00,1986.33,1988.19,1979.89,1983.74,20232
2023-11-06 20:00:00,1983.74,1983.74,1977.28,1977.95,6763
2023-11-07 00:00:00,1978.16,1978.28,1974.75,1975.71,5825
2023-11-07 04:00:00,1975.68,1976.13,1970.92,1973.66,7578
2023-11-07 08:00:00,1973.64,1973.88,1964.18,1966.32,13425
2023-11-07 12:00:00,1966.31,1967.97,1956.67,1966.56,21019
2023-11-07 16:00:00,1966.56,1967.22,1960.15,1963.96,22720
2023-11-07 20:00:00,1963.98,1969.84,1963.62,1968.67,9294
2023-11-08 00:00:00,1969.16,1969.97,1967.46,1968.63,5594
2023-11-08 04:00:00,1968.65,1971.01,1964.97,1965.56,6579
2023-11-08 08:00:00,1965.57,1969.07,1965.08,1965.46,12420
2023-11-08 12:00:00,1965.46,1966.63,1959.56,1964.82,16278
2023-11-08 16:00:00,1964.84,1966.37,1950.94,1953.72,25284
2023-11-08 20:00:00,1953.74,1954.66,1947.41,1949.95,9704
2023-11-09 00:00:00,1950.83,1954.59,1948.91,1953.33,6019
2023-11-09 04:00:00,1953.39,1953.39,1947.76,1950.1,9270
2023-11-09 08:00:00,1950.11,1950.46,1944.59,1946.84,12803
2023-11-09 12:00:00,1946.84,1951.33,1944.83,1950.56,15897
2023-11-09 16:00:00,1950.57,1964.91,1948.62,1961.86,24533
2023-11-09 20:00:00,1961.82,1965.53,1956.09,1958.3,17446
2023-11-10 00:00:00,1958.18,1960.75,1957.91,1959.06,7523
2023-11-10 04:00:00,1959.07,1960.46,1956.32,1957.3,7331
2023-11-10 08:00:00,1957.28,1958.19,1953.53,1953.91,13031
2023-11-10 12:00:00,1953.92,1954.35,1943.03,1946.12,20608
2023-11-10 16:00:00,1946.16,1947.58,1936.56,1936.74,27318
2023-11-10 20:00:00,1936.75,1937.71,1932.93,1936.97,9650
2023-11-13 00:00:00,1940.31,1941.82,1919.39,1940.28,8117
2023-11-13 04:00:00,1940.32,1941.23,1933.93,1939.07,9725
2023-11-13 08:00:00,1939.09,1941.22,1935.96,1938.18,14296
2023-11-13 12:00:00,1938.16,1939.72,1933.97,1936.02,16700
2023-11-13 16:00:00,1936.02,1949.16,1931.64,1945.74,27679
2023-11-13 20:00:00,1945.74,1948.05,1944.81,1946.01,8064
2023-11-14 00:00:00,1946.16,1948.39,1945.42,1945.65,4707
2023-11-14 04:00:00,1945.65,1946.65,1943.77,1944.42,7345
2023-11-14 08:00:00,1944.42,1947.99,1944.14,1947.16,11281
2023-11-14 12:00:00,1947.2,1959.0,1944.3,1954.32,19026
2023-11-14 16:00:00,1954.3,1970.81,1953.59,1962.19,34611
2023-11-14 20:00:00,1962.19,1964.49,1961.64,1962.93,9052
2023-11-15 00:00:00,1962.65,1963.97,1961.56,1962.65,7118
2023-11-15 04:00:00,1962.67,1967.92,1962.55,1966.88,10836
2023-11-15 08:00:00,1966.92,1972.56,1966.82,1971.49,17342
2023-11-15 12:00:00,1971.44,1975.15,1963.41,1965.6,21212
2023-11-15 16:00:00,1965.63,1966.65,1955.4,1961.42,30119
2023-11-15 20:00:00,1961.42,1962.27,1959.0,1959.32,9072
2023-11-16 00:00:00,1960.38,1961.34,1957.61,1958.41,5642
2023-11-16 04:00:00,1958.41,1963.86,1956.51,1962.87,8192
2023-11-16 08:00:00,1962.89,1968.57,1962.75,1966.23,13413
2023-11-16 12:00:00,1966.24,1972.93,1962.11,1972.1,16746
2023-11-16 16:00:00,1972.08,1987.94,1971.53,1983.38,33112
2023-11-16 20:00:00,1983.42,1985.24,1980.63,1981.07,9637
2023-11-17 00:00:00,1981.26,1986.85,1981.02,1983.47,6143
2023-11-17 04:00:00,1983.48,1987.14,1983.23,1984.39,8264
2023-11-17 08:00:00,1984.41,1992.38,1982.64,1991.28,16467
2023-11-17 12:00:00,1991.27,1993.4,1983.56,1984.83,21542
2023-11-17 16:00:00,1984.83,1986.67,1978.63,1981.09,28447
2023-11-17 20:00:00,1981.08,1982.76,1979.02,1980.22,9069
2023-11-20 00:00:00,1977.55,1983.05,1973.3,1981.06,9675
2023-11-20 04:00:00,1981.08,1985.18,1979.57,1980.66,14252
2023-11-20 08:00:00,1980.61,1981.85,1975.87,1979.28,19178
2023-11-20 12:00:00,1979.29,1979.53,1965.62,1968.21,21060
2023-11-20 16:00:00,1968.18,1976.24,1965.29,1973.85,25630
2023-11-20 20:00:00,1973.77,1978.97,1973.49,1977.45,11227
2023-11-21 00:00:00,1978.55,1990.34,1978.38,1990.02,10821
2023-11-21 04:00:00,1989.97,1994.23,1988.82,1991.73,13558
2023-11-21 08:00:00,1991.73,1994.29,1984.29,1985.36,19778
2023-11-21 12:00:00,1985.36,2000.27,1985.35,1997.56,21049
2023-11-21 16:00:00,1997.62,2007.51,1997.31,2001.49,29803
2023-11-21 20:00:00,2001.49,2001.82,1996.29,1998.48,12057
2023-11-22 00:00:00,1998.57,1999.84,1995.79,1996.17,7713
2023-11-22 04:00:00,1996.14,2000.25,1995.48,1998.81,10854
2023-11-22 08:00:00,1998.81,2006.28,1998.25,2002.1,20382
2023-11-22 12:00:00,2002.09,2003.37,1996.76,1999.17,21541
2023-11-22 16:00:00,1999.18,2002.49,1988.6,1991.56,31522
2023-11-22 20:00:00,1991.52,1992.62,1986.89,1989.88,10142
2023-11-23 00:00:00,1989.86,1993.99,1989.64,1993.45,6563
2023-11-23 04:00:00,1993.46,1998.12,1993.12,1996.32,9054
2023-11-23 08:00:00,1996.31,1998.48,1992.19,1994.36,13654
2023-11-23 12:00:00,1994.36,1994.82,1991.96,1992.73,8960
2023-11-23 16:00:00,1992.75,1994.88,1989.83,1992.79,8478
2023-11-23 20:00:00,1992.82,1993.0,1991.74,1992.37,834
2023-11-24 00:00:00,1993.18,1994.91,1991.45,1992.83,6066
2023-11-24 04:00:00,1992.78,1994.7,1991.43,1994.28,9502
2023-11-24 08:00:00,1994.25,1994.92,1992.0,1994.51,11149
2023-11-24 12:00:00,1994.52,2001.96,1994.35,1999.61,14449
2023-11-24 16:00:00,1999.69,2003.6,1997.14,2000.95,22727
2023-11-24 20:00:00,2000.93,2002.74,1999.82,2002.16,1351
2023-11-27 00:00:00,2001.13,2018.09,2000.48,2011.97,13269
2023-11-27 04:00:00,2012.0,2013.71,2007.37,2010.64,13425
2023-11-27 08:00:00,2010.64,2015.49,2008.72,2013.39,15801
2023-11-27 12:00:00,2013.36,2016.25,2009.78,2011.31,19105
2023-11-27 16:00:00,2011.3,2014.9,2005.69,2009.94,28180
2023-11-27 20:00:00,2009.94,2014.61,2009.48,2013.91,8934
2023-11-28 00:00:00,2013.26,2018.02,2013.18,2015.4,9061
2023-11-28 04:00:00,2015.45,2017.65,2014.09,2015.18,9549
2023-11-28 08:00:00,2015.19,2016.82,2012.06,2015.96,14766
2023-11-28 12:00:00,2015.98,2021.49,2011.69,2021.46,16708
2023-11-28 16:00:00,2021.47,2042.95,2020.6,2040.69,33175
2023-11-28 20:00:00,2040.77,2042.55,2038.21,2040.93,10111
2023-11-29 00:00:00,2041.06,2051.94,2040.86,2048.69,11762
2023-11-29 04:00:00,2048.58,2049.02,2042.93,2046.0,12980
2023-11-29 08:00:00,2045.97,2046.23,2035.41,2038.38,18717
2023-11-29 12:00:00,2038.38,2042.95,2036.67,2039.13,20602
2023-11-29 16:00:00,2039.14,2046.87,2037.1,2045.06,28074
2023-11-29 20:00:00,2045.07,2049.57,2042.73,2044.62,10585
2023-11-30 00:00:00,2044.84,2046.82,2043.09,2043.32,6088
2023-11-30 04:00:00,2043.31,2047.18,2041.39,2041.7,9340
2023-11-30 08:00:00,2041.71,2046.9,2038.77,2039.92,15008
2023-11-30 12:00:00,2039.91,2043.95,2033.96,2036.84,19770
2023-11-30 16:00:00,2036.82,2041.31,2030.98,2037.04,31723
2023-11-30 20:00:00,2037.1,2038.65,2033.64,2035.89,9718
2023-12-01 00:00:00,2037.53,2043.43,2037.52,2041.72,7309
2023-12-01 04:00:00,2041.72,2042.79,2038.62,2040.98,8481
2023-12-01 08:00:00,2040.98,2049.83,2039.24,2046.4,15205
2023-12-01 12:00:00,2046.4,2047.19,2033.85,2037.66,19115
2023-12-01 16:00:00,2037.64,2067.63,2035.17,2067.28,37341
2023-12-01 20:00:00,2067.28,2075.31,2065.52,2071.16,16453
2023-12-04 00:00:00,2074.33,2144.76,2071.65,2087.72,26026
2023-12-04 04:00:00,2087.62,2090.54,2081.6,2086.03,13546
2023-12-04 08:00:00,2086.03,2087.87,2057.76,2070.96,25029
2023-12-04 12:00:00,2070.96,2071.76,2056.32,2057.61,21565
2023-12-04 16:00:00,2057.64,2057.89,2020.09,2025.91,45308
2023-12-04 20:00:00,2025.98,2032.26,2022.16,2029.86,13706
2023-12-05 00:00:00,2029.68,2041.17,2028.45,2035.54,11890
2023-12-05 04:00:00,2035.5,2038.32,2030.32,2032.1,11703
2023-12-05 08:00:00,2032.16,2039.51,2028.54,2028.89,20165
2023-12-05 12:00:00,2028.88,2030.81,2021.51,2029.45,21835
2023-12-05 16:00:00,2029.43,2030.14,2009.79,2017.16,39086
2023-12-05 20:00:00,2017.18,2020.84,2016.68,2019.61,9371
2023-12-06 00:00:00,2019.34,2022.65,2017.23,2020.8,7273
2023-12-06 04:00:00,2020.76,2025.39,2019.64,2024.76,8885
2023-12-06 08:00:00,2024.79,2035.79,2020.21,2021.15,18468
2023-12-06 12:00:00,2021.15,2031.81,2020.19,2030.15,19098
2023-12-06 16:00:00,2030.19,2033.0,2022.65,2029.5,32200
2023-12-06 20:00:00,2029.43,2031.2,2024.38,2025.0,9676
2023-12-07 00:00:00,2026.07,2029.59,2025.28,2026.1,6942
2023-12-07 04:00:00,2026.12,2029.98,2025.16,2026.79,10917
2023-12-07 08:00:00,2026.82,2034.82,2026.22,2034.18,17285
2023-12-07 12:00:00,2034.18,2039.89,2029.51,2037.12,19423
2023-12-07 16:00:00,2037.12,2037.45,2020.21,2028.78,33579
2023-12-07 20:00:00,2028.77,2031.95,2027.6,2028.63,11528
2023-12-08 00:00:00,2028.79,2033.05,2026.86,2032.16,11476
2023-12-08 04:00:00,2032.27,2033.93,2029.28,2029.96,10300
2023-12-08 08:00:00,2029.86,2031.39,2026.45,2028.59,17192
2023-12-08 12:00:00,2028.6,2032.36,2014.41,2018.56,22126
2023-12-08 16:00:00,2018.55,2019.28,1994.64,1997.13,38910
2023-12-08 20:00:00,1997.13,2003.85,1996.29,2003.4,10084
2023-12-11 00:00:00,2005.39,2007.73,2001.67,2002.11,9773
2023-12-11 04:00:00,2002.1,2002.79,1994.86,1998.8,10752
2023-12-11 08:00:00,1998.81,2000.57,1991.3,1993.41,16690
2023-12-11 12:00:00,1993.39,1996.74,1990.17,1993.7,17112
2023-12-11 16:00:00,1994.0,1994.4,1976.04,1976.71,26273
2023-12-11 20:00:00,1976.72,1983.07,1975.86,1981.49,10669
2023-12-12 00:00:00,1982.46,1989.41,1981.8,1983.26,8958
2023-12-12 04:00:00,1983.24,1987.82,1981.99,1987.52,8782
2023-12-12 08:00:00,1987.51,1989.04,1982.69,1985.92,12030
2023-12-12 12:00:00,1985.9,1996.74,1982.68,1984.4,19947
2023-12-12 16:00:00,1984.4,1989.72,1977.2,1977.75,28221
2023-12-12 20:00:00,1977.74,1980.98,1977.5,1979.68,9814
2023-12-13 00:00:00,1980.07,1982.73,1979.8,1980.11,5250
2023-12-13 04:00:00,1980.11,1980.38,1977.59,1978.78,6579
2023-12-13 08:00:00,1978.78,1982.62,1973.02,1982.52,13533
2023-12-13 12:00:00,1982.46,1986.7,1979.67,1984.44,14092
2023-12-13 16:00:00,1984.34,1986.1,1978.46,1982.13,21542
2023-12-13 20:00:00,1982.17,2027.42,1979.65,2026.53,28889
2023-12-14 00:00:00,2024.9,2039.19,2024.56,2032.33,17626
2023-12-14 04:00:00,2032.42,2035.9,2030.07,2035.16,18059
2023-12-14 08:00:00,2035.2,2040.32,2029.28,2036.58,24801
2023-12-14 12:00:00,2036.58,2039.18,2027.52,2037.26,24929
2023-12-14 16:00:00,2037.28,2047.9,2034.66,2036.13,34586
2023-12-14 20:00:00,2036.08,2036.67,2028.99,2035.75,15326
2023-12-15 00:00:00,2036.44,2038.64,2031.27,2032.21,9828
2023-12-15 04:00:00,2032.17,2037.41,2031.84,2035.23,11286
2023-12-15 08:00:00,2035.23,2044.14,2034.27,2042.61,15643
2023-12-15 12:00:00,2042.66,2044.87,2026.93,2031.48,19638
2023-12-15 16:00:00,2031.38,2038.56,2031.27,2032.75,30413
2023-12-15 20:00:00,2032.72,2033.76,2015.57,2018.23,15904
2023-12-18 00:00:00,2019.6,2023.28,2015.93,2019.3,9389
2023-12-18 04:00:00,2019.26,2024.53,2018.98,2023.11,8832
2023-12-18 08:00:00,2023.12,2027.26,2021.49,2022.88,14981
2023-12-18 12:00:00,2022.78,2026.23,2018.76,2025.85,13504
2023-12-18 16:00:00,2025.85,2033.5,2020.29,2033.5,20011
2023-12-18 20:00:00,2033.43,2033.6,2024.98,2027.19,8471
2023-12-19 00:00:00,2027.85,2029.23,2025.58,2026.11,6213
2023-12-19 04:00:00,2026.1,2026.49,2021.63,2024.07,10243
2023-12-19 08:00:00,2024.09,2028.42,2022.96,2026.29,14042
2023-12-19 12:00:00,2026.22,2032.62,2024.21,2029.99,14113
2023-12-19 16:00:00,2029.99,2047.02,2028.91,2040.42,23406
2023-12-19 20:00:00,2040.42,2040.87,2036.69,2040.34,8276
2023-12-20 00:00:00,2039.96,2041.55,2037.63,2038.17,7142
2023-12-20 04:00:00,2038.11,2041.32,2036.68,2041.19,7170
2023-12-20 08:00:00,2041.22,2043.41,2039.62,2039.97,12933
2023-12-20 12:00:00,2039.96,2040.39,2029.56,2036.4,15020
2023-12-20 16:00:00,2036.4,2039.77,2030.53,2034.74,21782
2023-12-20 20:00:00,2034.74,2037.12,2027.42,2029.42,13318
2023-12-21 00:00:00,2032.16,2035.94,2031.49,2035.46,5742
2023-12-21 04:00:00,2035.46,2038.16,2034.89,2036.18,8152
2023-12-21 08:00:00,2036.2,2037.36,2033.96,2035.41,10422
2023-12-21 12:00:00,2035.31,2045.91,2032.02,2041.34,17360
2023-12-21 16:00:00,2041.34,2045.95,2036.65,2041.02,27619
2023-12-21 20:00:00,2041.02,2045.93,2037.43,2045.77,9779
2023-12-22 00:00:00,2047.27,2054.95,2046.82,2048.68,10418
2023-12-22 04:00:00,2048.65,2051.23,2047.14,2048.28,11203
2023-12-22 08:00:00,2048.3,2054.56,2047.03,2053.47,11357
2023-12-22 12:00:00,2053.46,2069.24,2053.42,2067.13,20648
2023-12-22 16:00:00,2067.13,2070.57,2051.09,2055.45,27987
2023-12-22 20:00:00,2055.46,2057.99,2051.74,2053.06,10029
2023-12-26 00:00:00,2057.23,2063.82,2053.46,2063.28,6448
2023-12-26 04:00:00,2063.28,2065.03,2061.32,2062.75,7946
2023-12-26 08:00:00,2062.74,2065.01,2060.58,2061.9,7313
2023-12-26 12:00:00,2061.88,2064.1,2058.75,2058.75,8218
2023-12-26 16:00:00,2058.75,2061.98,2054.52,2057.78,14246
2023-12-26 20:00:00,2057.79,2068.98,2057.38,2066.78,8183
2023-12-27 00:00:00,2067.7,2068.44,2063.9,2066.71,7130
2023-12-27 04:00:00,2066.71,2067.26,2064.07,2064.68,7777
2023-12-27 08:00:00,2064.68,2069.3,2064.44,2068.32,9610
2023-12-27 12:00:00,2068.32,2070.24,2061.43,2068.27,13782
2023-12-27 16:00:00,2068.33,2082.52,2066.65,2081.87,22019
2023-12-27 20:00:00,2081.9,2084.4,2075.91,2077.29,10255
2023-12-28 00:00:00,2077.96,2087.67,2077.53,2086.98,7863
2023-12-28 04:00:00,2086.99,2088.38,2084.66,2085.78,10979
2023-12-28 08:00:00,2085.8,2087.51,2072.7,2076.95,15585
2023-12-28 12:00:00,2076.95,2079.25,2071.3,2072.91,14383
2023-12-28 16:00:00,2073.02,2081.09,2072.06,2074.82,20755
2023-12-28 20:00:00,2074.84,2075.48,2064.57,2064.98,10379
2023-12-29 00:00:00,2066.76,2071.32,2065.76,2070.72,7621
2023-12-29 04:00:00,2070.7,2072.24,2067.7,2072.19,9642
2023-12-29 08:00:00,2072.21,2074.73,2065.37,2065.58,11659
2023-12-29 12:00:00,2065.51,2068.83,2058.24,2059.23,14817
2023-12-29 16:00:00,2059.23,2068.06,2058.5,2066.51,24058
2023-12-29 20:00:00,2066.54,2067.84,2061.1,2062.57,10935
2024-01-02 00:00:00,2065.03,2069.83,2062.31,2066.6,8161
2024-01-02 04:00:00,2066.59,2074.77,2063.97,2074.43,10033
2024-01-02 08:00:00,2074.45,2078.87,2071.83,2077.07,15925
2024-01-02 12:00:00,2077.07,2077.78,2064.84,2066.19,20388
2024-01-02 16:00:00,2066.28,2070.66,2055.92,2062.65,30121
2024-01-02 20:00:00,2062.69,2064.95,2057.98,2058.94,8769
2024-01-03 00:00:00,2059.09,2062.55,2058.72,2062.49,7517
2024-01-03 04:00:00,2062.53,2065.89,2061.55,2064.07,8958
2024-01-03 08:00:00,2064.09,2065.37,2054.19,2056.78,15266
2024-01-03 12:00:00,2056.82,2057.13,2038.68,2040.99,23298
2024-01-03 16:00:00,2041.07,2048.72,2030.61,2033.39,36156
2024-01-03 20:00:00,2033.39,2042.27,2030.6,2041.04,18634
2024-01-04 00:00:00,2042.23,2043.91,2040.09,2042.2,7908
2024-01-04 04:00:00,2042.2,2046.87,2042.2,2043.74,13533
2024-01-04 08:00:00,2043.76,2050.9,2043.63,2047.99,25073
2024-01-04 12:00:00,2047.96,2050.78,2038.83,2040.24,27893
2024-01-04 16:00:00,2040.24,2047.63,2036.22,2043.29,39665
2024-01-04 20:00:00,2043.3,2044.9,2041.59,2043.47,14935
2024-01-05 00:00:00,2043.11,2048.18,2042.78,2046.15,8884
2024-01-05 04:00:00,2046.17,2047.84,2043.06,2044.45,10812
2024-01-05 08:00:00,2044.47,2046.95,2038.42,2038.84,22275
2024-01-05 12:00:00,2038.84,2041.86,2024.36,2040.04,28663
2024-01-05 16:00:00,2039.94,2063.96,2038.74,2041.96,52488
2024-01-05 20:00:00,2041.95,2050.3,2040.46,2045.7,20546
2024-01-08 00:00:00,2044.56,2046.57,2042.84,2043.78,8094
2024-01-08 04:00:00,2043.75,2043.79,2026.95,2030.7,14062
2024-01-08 08:00:00,2030.7,2033.32,2026.6,2029.09,26520
2024-01-08 12:00:00,2029.08,2029.5,2016.76,2018.98,31100
2024-01-08 16:00:00,2018.93,2036.9,2018.58,2027.66,37944
2024-01-08 20:00:00,2027.67,2029.83,2026.12,2028.04,14217
2024-01-09 00:00:00,2028.43,2035.54,2027.95,2032.2,9248
2024-01-09 04:00:00,2032.22,2035.79,2030.33,2032.74,11205
2024-01-09 08:00:00,2032.73,2038.2,2031.15,2035.47,23946
2024-01-09 12:00:00,2035.46,2041.9,2031.63,2038.68,27221
2024-01-09 16:00:00,2038.67,2040.09,2026.08,2027.67,38588
2024-01-09 20:00:00,2027.7,2031.05,2026.78,2029.86,14532
2024-01-10 00:00:00,2030.64,2032.44,2027.19,2031.76,8262
2024-01-10 04:00:00,2031.77,2032.83,2025.41,2026.6,11341
2024-01-10 08:00:00,2026.61,2036.14,2023.83,2035.74,23588
2024-01-10 12:00:00,2035.74,2040.21,2030.08,2030.28,24664
2024-01-10 16:00:00,2030.3,2033.53,2022.25,2024.06,35240
2024-01-10 20:00:00,2024.06,2025.02,2020.47,2023.7,17608
2024-01-11 00:00:00,2025.07,2030.35,2024.66,2029.72,7807
2024-01-11 04:00:00,2029.7,2034.6,2028.77,2032.91,10963
2024-01-11 08:00:00,2032.92,2035.7,2030.19,2031.34,18521
2024-01-11 12:00:00,2031.33,2039.57,2025.0,2029.27,29153
2024-01-11 16:00:00,2029.37,2034.9,2013.28,2014.34,52466
2024-01-11 20:00:00,2014.32,2029.54,2013.83,2028.13,24497
2024-01-12 00:00:00,2029.28,2035.51,2029.23,2033.84,10942
2024-01-12 04:00:00,2033.89,2037.15,2032.84,2036.01,12078
2024-01-12 08:00:00,2036.03,2040.08,2034.16,2038.11,19436
2024-01-12 12:00:00,2038.12,2056.63,2038.07,2056.13,30728
2024-01-12 16:00:00,2056.17,2062.23,2041.48,2043.86,46786
2024-01-12 20:00:00,2043.86,2049.18,2043.03,2048.87,18479
2024-01-15 00:00:00,2047.96,2051.38,2045.76,2051.07,10841
2024-01-15 04:00:00,2051.06,2058.02,2049.83,2055.07,12258
2024-01-15 08:00:00,2055.07,2058.61,2052.91,2055.05,19003
2024-01-15 12:00:00,2055.07,2055.18,2051.31,2054.29,18728
2024-01-15 16:00:00,2054.29,2056.34,2049.18,2055.55,17269
2024-01-15 20:00:00,2055.35,2055.45,2053.68,2054.61,646
2024-01-16 00:00:00,2055.11,2055.57,2049.97,2050.88,10726
2024-01-16 04:00:00,2050.8,2051.63,2047.53,2048.61,13690
2024-01-16 08:00:00,2048.57,2050.86,2038.64,2041.21,26858
2024-01-16 12:00:00,2041.21,2044.87,2031.35,2037.6,33241
2024-01-16 16:00:00,2037.61,2042.51,2024.93,2025.33,46975
2024-01-16 20:00:00,2025.35,2030.17,2024.25,2027.65,19098
2024-01-17 00:00:00,2027.8,2030.8,2025.64,2030.29,10421
2024-01-17 04:00:00,2030.28,2032.89,2019.32,2020.62,16827
2024-01-17 08:00:00,2020.62,2026.59,2017.58,2023.85,28740
2024-01-17 12:00:00,2023.82,2029.03,2018.82,2022.38,32518
2024-01-17 16:00:00,2022.35,2023.13,2003.41,2007.04,43416
2024-01-17 20:00:00,2007.05,2007.24,2001.85,2005.87,19164
2024-01-18 00:00:00,2006.9,2012.11,2006.87,2011.66,10300
2024-01-18 04:00:00,2011.64,2011.86,2005.74,2009.24,14517
2024-01-18 08:00:00,2009.25,2014.08,2008.21,2010.16,21291
2024-01-18 12:00:00,2010.17,2017.17,2007.16,2009.11,29606
2024-01-18 16:00:00,2009.17,2017.7,2009.1,2016.42,39902
2024-01-18 20:00:00,2016.41,2023.27,2015.56,2022.79,16570
2024-01-19 00:00:00,2024.06,2025.53,2021.14,2024.01,9695
2024-01-19 04:00:00,2023.98,2025.07,2020.42,2021.74,11108
2024-01-19 08:00:00,2021.62,2030.82,2020.79,2029.8,20622
2024-01-19 12:00:00,2029.81,2039.41,2028.77,2035.32,22958
2024-01-19 16:00:00,2035.42,2035.73,2023.21,2029.06,39098
2024-01-19 20:00:00,2029.1,2029.84,2026.41,2029.45,14866
2024-01-22 00:00:00,2028.68,2032.13,2025.41,2029.11,9729
2024-01-22 04:00:00,2029.15,2029.99,2021.82,2023.17,11370
2024-01-22 08:00:00,2023.16,2026.21,2019.07,2021.72,23895
2024-01-22 12:00:00,2021.66,2030.12,2021.07,2023.21,26784
2024-01-22 16:00:00,2023.15,2026.57,2016.54,2021.52,33453
2024-01-22 20:00:00,2021.52,2021.9,2019.11,2021.03,13156
2024-01-23 00:00:00,2021.73,2023.1,2019.61,2021.7,7686
2024-01-23 04:00:00,2021.72,2031.67,2020.71,2030.79,13918
2024-01-23 08:00:00,2030.8,2037.74,2027.06,2028.76,24324
2024-01-23 12:00:00,2028.75,2030.24,2022.41,2024.96,25769
2024-01-23 16:00:00,2024.92,2027.76,2021.36,2024.31,35341
2024-01-23 20:00:00,2024.3,2030.64,2023.01,2028.7,14510
2024-01-24 00:00:00,2029.28,2029.63,2026.38,2027.25,7615
2024-01-24 04:00:00,2027.26,2027.56,2022.78,2024.45,9323
2024-01-24 08:00:00,2024.47,2034.07,2023.62,2030.86,24288
2024-01-24 12:00:00,2030.85,2036.67,2029.31,2033.99,29515
2024-01-24 16:00:00,2033.99,2034.74,2011.95,2019.25,43430
2024-01-24 20:00:00,2019.26,2019.78,2011.14,2012.62,19059
2024-01-25 00:00:00,2015.79,2017.56,2014.47,2016.33,9198
2024-01-25 04:00:00,2016.42,2016.99,2014.56,2015.54,9849
2024-01-25 08:00:00,2015.56,2018.22,2012.66,2017.9,20355
2024-01-25 12:00:00,2017.88,2022.94,2009.02,2019.31,27093
2024-01-25 16:00:00,2019.34,2025.18,2012.47,2014.91,31893
2024-01-25 20:00:00,2014.92,2020.26,2013.4,2019.88,9447
2024-01-26 00:00:00,2019.88,2024.19,2019.29,2021.95,7234
2024-01-26 04:00:00,2021.95,2023.86,2021.0,2023.09,7347
2024-01-26 08:00:00,2023.11,2023.46,2018.2,2020.82,18285
2024-01-26 12:00:00,2020.82,2026.71,2018.74,2024.74,23887
2024-01-26 16:00:00,2024.66,2026.04,2015.94,2016.65,32424
2024-01-26 20:00:00,2016.64,2019.25,2016.01,2018.57,12559
2024-01-29 00:00:00,2023.45,2028.36,2019.25,2023.21,9975
2024-01-29 04:00:00,2023.27,2027.55,2021.51,2025.52,7971
2024-01-29 08:00:00,2025.51,2033.81,2024.83,2028.3,19145
2024-01-29 12:00:00,2028.26,2037.6,2025.49,2036.9,22969
2024-01-29 16:00:00,2036.92,2037.29,2020.52,2029.37,32114
2024-01-29 20:00:00,2029.35,2035.18,2025.1,2032.03,16499
2024-01-30 00:00:00,2032.68,2034.06,2029.15,2031.12,5641
2024-01-30 04:00:00,2030.96,2033.37,2029.81,2032.16,6316
2024-01-30 08:00:00,2032.18,2040.32,2032.11,2035.76,17770
2024-01-30 12:00:00,2035.77,2037.95,2030.7,2037.82,20866
2024-01-30 16:00:00,2037.79,2048.61,2029.06,2034.03,39374
2024-01-30 20:00:00,2034.03,2037.02,2031.52,2036.38,15311
2024-01-31 00:00:00,2036.51,2038.65,2034.5,2034.65,6562
2024-01-31 04:00:00,2034.64,2035.12,2032.85,2035.1,9578
2024-01-31 08:00:00,2035.17,2040.45,2033.58,2038.23,19117
2024-01-31 12:00:00,2038.25,2043.2,2035.99,2041.95,25673
2024-01-31 16:00:00,2041.95,2055.98,2040.7,2049.66,43554
2024-01-31 20:00:00,2049.57,2050.69,2030.81,2037.42,37227
2024-02-01 00:00:00,2040.17,2042.61,2039.09,2041.38,6871
2024-02-01 04:00:00,2041.38,2049.5,2041.26,2044.51,9998
2024-02-01 08:00:00,2044.51,2044.95,2038.97,2041.07,20773
2024-02-01 12:00:00,2041.09,2042.17,2029.99,2040.06,34646
2024-02-01 16:00:00,2040.1,2065.35,2040.03,2054.42,50494
2024-02-01 20:00:00,2054.32,2058.72,2052.14,2055.06,22072
2024-02-02 00:00:00,2054.42,2056.81,2052.91,2054.73,6647
2024-02-02 04:00:00,2054.74,2056.53,2051.99,2055.5,10286
2024-02-02 08:00:00,2055.51,2056.93,2052.69,2053.02,17730
2024-02-02 12:00:00,2053.03,2057.62,2029.44,2031.68,26868
2024-02-02 16:00:00,2031.64,2037.49,2027.63,2035.24,31517
2024-02-02 20:00:00,2035.16,2038.72,2034.38,2038.64,10567
2024-02-05 00:00:00,2041.52,2042.14,2033.59,2037.98,11896
2024-02-05 04:00:00,2037.96,2038.73,2028.91,2029.73,13258
2024-02-05 08:00:00,2029.74,2031.4,2020.65,2022.69,23892
2024-02-05 12:00:00,2022.68,2028.3,2014.98,2015.93,25164
2024-02-05 16:00:00,2016.03,2026.44,2014.91,2025.69,38708
2024-02-05 20:00:00,2025.71,2027.55,2024.02,2024.89,15149
2024-02-06 00:00:00,2025.38,2028.53,2023.71,2027.16,7011
2024-02-06 04:00:00,2027.14,2029.78,2023.47,2029.46,10366
2024-02-06 08:00:00,2029.45,2029.6,2022.87,2023.61,10869
2024-02-06 12:00:00,2023.61,2030.84,2022.89,2029.2,19015
2024-02-06 16:00:00,2029.28,2038.91,2026.89,2037.07,38233
2024-02-06 20:00:00,2036.98,2038.15,2033.85,2035.68,16455
2024-02-07 00:00:00,2035.75,2036.29,2034.2,2035.03,5087
2024-02-07 04:00:00,2035.05,2035.6,2033.24,2033.37,8213
2024-02-07 08:00:00,2033.35,2036.18,2031.24,2034.4,16747
2024-02-07 12:00:00,2034.41,2036.68,2030.6,2036.12,25124
2024-02-07 16:00:00,2036.14,2044.58,2032.68,2035.62,38300
2024-02-07 20:00:00,2035.64,2037.23,2033.73,2034.35,14692
2024-02-08 00:00:00,2035.42,2038.14,2035.42,2037.23,4914
2024-02-08 04:00:00,2037.25,2038.7,2031.18,2033.49,8418
2024-02-08 08:00:00,2033.54,2035.94,2028.91,2035.31,16585
2024-02-08 12:00:00,2035.33,2038.42,2020.97,2021.05,29373
2024-02-08 16:00:00,2021.05,2033.95,2020.15,2031.78,36511
2024-02-08 20:00:00,2031.74,2035.36,2031.16,2033.43,15684
2024-02-09 00:00:00,2034.78,2035.03,2031.96,2034.23,4539
2024-02-09 04:00:00,2034.25,2035.13,2032.19,2032.84,5873
2024-02-09 08:00:00,2032.9,2034.95,2030.49,2031.58,16219
2024-02-09 12:00:00,2031.58,2037.21,2025.59,2027.07,26896
2024-02-09 16:00:00,2027.03,2030.52,2020.33,2024.69,36582
2024-02-09 20:00:00,2024.65,2026.33,2022.81,2024.3,12449
2024-02-12 00:00:00,2026.48,2026.66,2023.49,2023.49,3932
2024-02-12 04:00:00,2023.47,2024.13,2021.85,2023.83,3969
2024-02-12 08:00:00,2023.77,2027.21,2020.38,2020.73,14586
2024-02-12 12:00:00,2020.74,2027.56,2018.56,2019.11,22582
2024-02-12 16:00:00,2019.08,2020.33,2011.89,2019.37,32953
2024-02-12 20:00:00,2019.37,2021.6,2017.76,2019.82,13797
2024-02-13 00:00:00,2019.69,2021.19,2018.27,2020.25,3651
2024-02-13 04:00:00,2020.3,2021.63,2016.85,2020.75,4602
2024-02-13 08:00:00,2020.74,2026.91,2020.67,2026.67,14749
2024-02-13 12:00:00,2026.68,2032.36,2002.95,2004.32,25398
2024-02-13 16:00:00,2004.3,2005.89,1990.14,1993.67,43547
2024-02-13 20:00:00,1993.69,1995.77,1991.23,1992.41,15198
2024-02-14 00:00:00,1992.06,1993.19,1988.73,1992.8,7061
2024-02-14 04:00:00,1992.79,1993.53,1991.12,1992.92,6731
2024-02-14 08:00:00,1992.92,1993.02,1986.03,1991.27,19310
2024-02-14 12:00:00,1991.23,1993.4,1988.7,1989.12,24215
2024-02-14 16:00:00,1989.1,1995.29,1984.19,1994.33,40018
2024-02-14 20:00:00,1994.37,1996.1,1989.67,1992.45,15411
2024-02-15 00:00:00,1993.26,1994.38,1992.32,1992.56,5164
2024-02-15 04:00:00,1992.48,1993.55,1990.2,1991.91,5282
2024-02-15 08:00:00,1991.97,1996.77,1991.47,1996.39,15634
2024-02-15 12:00:00,1996.37,2004.12,1995.59,2003.82,23367
2024-02-15 16:00:00,2003.76,2008.28,1998.42,2003.7,40395
2024-02-15 20:00:00,2003.69,2006.43,2002.76,2004.21,16316
2024-02-16 00:00:00,2004.54,2005.64,2002.39,2005.51,4917
2024-02-16 04:00:00,2005.49,2005.6,2003.01,2004.46,6805
2024-02-16 08:00:00,2004.47,2006.47,2002.7,2005.03,15106
2024-02-16 12:00:00,2005.04,2008.14,1995.05,2001.5,20484
2024-02-16 16:00:00,2001.47,2014.42,1995.3,2013.32,42009
2024-02-16 20:00:00,2013.33,2015.17,2011.07,2013.15,16135
2024-02-19 00:00:00,2011.81,2020.7,2011.78,2019.73,8575
2024-02-19 04:00:00,2019.7,2022.81,2018.24,2020.77,8507
2024-02-19 08:00:00,2020.79,2022.94,2019.04,2020.16,14460
2024-02-19 12:00:00,2020.2,2020.56,2016.01,2016.84,14936
2024-02-19 16:00:00,2016.85,2018.5,2013.25,2017.3,14243
2024-02-19 20:00:00,2017.33,2018.45,2016.8,2017.99,656
2024-02-20 00:00:00,2017.0,2019.21,2015.01,2017.0,7564
2024-02-20 04:00:00,2016.98,2019.72,2016.81,2018.48,8928
2024-02-20 08:00:00,2018.5,2025.15,2017.71,2024.05,20230
2024-02-20 12:00:00,2024.07,2030.78,2023.55,2030.06,25998
2024-02-20 16:00:00,2030.07,2030.91,2025.47,2028.73,22691
2024-02-20 20:00:00,2028.72,2028.93,2023.55,2023.76,7054
2024-02-21 00:00:00,2024.31,2026.07,2022.92,2025.35,7748
2024-02-21 04:00:00,2025.37,2032.23,2025.36,2030.91,10923
2024-02-21 08:00:00,2030.94,2031.17,2025.97,2028.11,17079
2024-02-21 12:00:00,2028.11,2031.51,2027.37,2028.75,21238
2024-02-21 16:00:00,2028.74,2030.35,2021.5,2024.24,30980
2024-02-21 20:00:00,2024.25,2027.01,2019.95,2025.24,21939
2024-02-22 00:00:00,2026.14,2028.53,2025.01,2027.01,6008
2024-02-22 04:00:00,2026.97,2029.96,2025.49,2028.43,7403
2024-02-22 08:00:00,2028.38,2034.8,2028.35,2030.3,18763
2024-02-22 12:00:00,2030.25,2031.21,2022.78,2025.72,22266
2024-02-22 16:00:00,2025.72,2026.75,2019.76,2023.0,34754
2024-02-22 20:00:00,2023.03,2025.07,2019.6,2024.28,15701
2024-02-23 00:00:00,2024.37,2027.23,2022.75,2026.86,6252
2024-02-23 04:00:00,2026.88,2027.45,2022.15,2022.43,5881
2024-02-23 08:00:00,2022.42,2022.67,2016.02,2016.79,16516
2024-02-23 12:00:00,2016.8,2029.24,2016.59,2025.37,25050
2024-02-23 16:00:00,2025.36,2039.83,2024.2,2037.93,34510
2024-02-23 20:00:00,2037.97,2041.34,2035.01,2035.81,12772
2024-02-26 00:00:00,2033.15,2034.89,2029.91,2031.23,6692
2024-02-26 04:00:00,2031.19,2034.19,2030.62,2032.95,6786
2024-02-26 08:00:00,2032.95,2036.99,2031.81,2033.1,16061
2024-02-26 12:00:00,2033.11,2035.44,2030.69,2032.65,21680
2024-02-26 16:00:00,2032.68,2032.9,2025.08,2028.71,27689
2024-02-26 20:00:00,2028.72,2033.65,2028.14,2030.91,13814
2024-02-27 00:00:00,2030.93,2033.78,2030.67,2033.59,5072
2024-02-27 04:00:00,2033.64,2034.51,2032.3,2033.63,6218
2024-02-27 08:00:00,2033.64,2039.45,2033.25,2036.62,13912
2024-02-27 12:00:00,2036.71,2039.12,2034.65,2035.45,19620
2024-02-27 16:00:00,2035.44,2037.4,2029.8,2032.3,28360
2024-02-27 20:00:00,2032.3,2036.12,2028.76,2030.0,12189
2024-02-28 00:00:00,2029.9,2033.71,2029.12,2033.4,5139
2024-02-28 04:00:00,2033.4,2033.61,2029.76,2030.95,6804
2024-02-28 08:00:00,2030.93,2032.06,2024.84,2024.89,15732
2024-02-28 12:00:00,2024.91,2036.17,2024.49,2035.82,23382
2024-02-28 16:00:00,2035.85,2037.84,2030.43,2033.83,28811
2024-02-28 20:00:00,2033.84,2035.17,2030.83,2034.82,10410
2024-02-29 00:00:00,2035.28,2036.52,2033.89,2036.46,4528
2024-02-29 04:00:00,2036.47,2037.08,2034.38,2035.62,6978
2024-02-29 08:00:00,2035.62,2037.81,2033.98,2034.57,13969
2024-02-29 12:00:00,2034.57,2048.67,2028.08,2047.65,26076
2024-02-29 16:00:00,2047.66,2050.76,2043.28,2045.69,34357
2024-02-29 20:00:00,2045.64,2046.89,2042.87,2043.48,14930
2024-03-01 00:00:00,2043.35,2044.72,2042.82,2044.35,5728
2024-03-01 04:00:00,2044.35,2046.79,2043.37,2045.06,6055
2024-03-01 08:00:00,2045.07,2048.82,2039.01,2046.4,18663
2024-03-01 12:00:00,2046.42,2057.44,2045.9,2051.62,28356
2024-03-01 16:00:00,2051.66,2085.66,2045.58,2084.81,44622
2024-03-01 20:00:00,2084.83,2088.29,2082.23,2083.54,19566
2024-03-04 00:00:00,2082.84,2086.21,2079.44,2080.18,9725
2024-03-04 04:00:00,2080.16,2083.45,2079.81,2081.53,7653
2024-03-04 08:00:00,2081.53,2088.23,2081.04,2085.14,17443
2024-03-04 12:00:00,2085.13,2093.15,2081.16,2091.59,21926
2024-03-04 16:00:00,2091.6,2119.88,2090.51,2116.46,41452
2024-03-04 20:00:00,2116.45,2118.5,2113.29,2115.16,12571
2024-03-05 00:00:00,2114.06,2116.79,2110.43,2112.62,8442
2024-03-05 04:00:00,2112.6,2119.7,2111.18,2119.26,10032
2024-03-05 08:00:00,2119.32,2125.33,2113.93,2124.51,21464
2024-03-05 12:00:00,2124.47,2141.78,2121.2,2127.73,29300
2024-03-05 16:00:00,2127.69,2139.49,2123.62,2130.92,44308
2024-03-05 20:00:00,2130.94,2134.75,2127.09,2127.84,16546
2024-03-06 00:00:00,2127.48,2128.49,2125.09,2125.48,7348
2024-03-06 04:00:00,2125.49,2127.94,2123.67,2125.26,8398
2024-03-06 08:00:00,2125.31,2131.51,2124.3,2128.65,17980
2024-03-06 12:00:00,2128.64,2139.65,2124.67,2139.42,25586
2024-03-06 16:00:00,2139.45,2149.99,2131.95,2144.79,42776
2024-03-06 20:00:00,2144.78,2152.18,2139.42,2148.4,19393
2024-03-07 00:00:00,2147.67,2151.25,2144.13,2146.14,11053
2024-03-07 04:00:00,2146.2,2161.36,2145.63,2154.46,18819
2024-03-07 08:00:00,2154.4,2159.8,2151.54,2157.68,23047
2024-03-07 12:00:00,2157.76,2164.68,2153.24,2159.57,23881
2024-03-07 16:00:00,2159.54,2159.78,2147.91,2158.24,33659
2024-03-07 20:00:00,2158.32,2160.85,2156.08,2159.39,10124
2024-03-08 00:00:00,2158.96,2163.55,2157.67,2157.83,8565
2024-03-08 04:00:00,2157.8,2159.28,2153.96,2157.74,9994
2024-03-08 08:00:00,2157.83,2171.01,2156.46,2169.04,22455
2024-03-08 12:00:00,2169.06,2185.37,2156.46,2171.15,23243
2024-03-08 16:00:00,2171.14,2195.16,2163.8,2184.98,48697
2024-03-08 20:00:00,2184.92,2184.99,2168.27,2177.8,23299
2024-03-11 00:00:00,2178.2,2188.96,2178.2,2186.63,6867
2024-03-11 04:00:00,2186.62,2186.72,2176.83,2180.68,13609
2024-03-11 08:00:00,2180.69,2183.06,2176.77,2177.4,17647
2024-03-11 12:00:00,2177.39,2181.54,2175.93,2177.2,19863
2024-03-11 16:00:00,2177.19,2185.68,2174.85,2180.8,30258
2024-03-11 20:00:00,2180.82,2184.14,2177.18,2182.79,11625
2024-03-12 00:00:00,2181.93,2184.72,2180.2,2180.45,5937
2024-03-12 04:00:00,2180.54,2183.07,2176.78,2178.21,11844
2024-03-12 08:00:00,2178.27,2179.16,2173.65,2177.77,16281
2024-03-12 12:00:00,2177.78,2181.99,2161.12,2169.83,26561
2024-03-12 16:00:00,2169.81,2169.88,2152.61,2165.76,41347
2024-03-12 20:00:00,2165.75,2165.75,2150.59,2158.39,15807
2024-03-13 00:00:00,2158.53,2161.39,2155.74,2159.28,7265
2024-03-13 04:00:00,2159.29,2161.54,2157.22,2159.31,10044
2024-03-13 08:00:00,2159.21,2161.47,2157.93,2158.2,13837
2024-03-13 12:00:00,2158.19,2166.35,2157.53,2163.6,20054
2024-03-13 16:00:00,2163.61,2174.69,2161.43,2173.64,36354
2024-03-13 20:00:00,2173.66,2179.84,2171.74,2174.63,15428
2024-03-14 00:00:00,2174.09,2176.54,2173.71,2176.25,4502
2024-03-14 04:00:00,2176.32,2176.94,2171.02,2171.74,10096
2024-03-14 08:00:00,2171.73,2171.94,2167.43,2169.6,14071
2024-03-14 12:00:00,2169.66,2172.0,2160.44,2162.78,21490
2024-03-14 16:00:00,2162.77,2167.23,2152.78,2158.66,40360
2024-03-14 20:00:00,2158.54,2165.03,2158.06,2162.04,12528
2024-03-15 00:00:00,2162.3,2163.08,2160.55,2162.68,3694
2024-03-15 04:00:00,2162.64,2165.92,2161.64,2164.45,9248
2024-03-15 08:00:00,2164.51,2170.05,2163.55,2169.1,17064
2024-03-15 12:00:00,2169.12,2172.7,2157.56,2161.84,20964
2024-03-15 16:00:00,2161.83,2166.67,2156.49,2158.79,34590
2024-03-15 20:00:00,2158.91,2160.6,2155.16,2156.07,12799
2024-03-18 00:00:00,2153.49,2157.45,2153.11,2156.6,6241
2024-03-18 04:00:00,2156.6,2156.6,2146.05,2147.35,13855
2024-03-18 08:00:00,2147.27,2154.42,2146.05,2153.51,15200
2024-03-18 12:00:00,2153.5,2163.59,2153.36,2159.13,21990
2024-03-18 16:00:00,2159.07,2161.33,2154.57,2159.91,28634
2024-03-18 20:00:00,2159.93,2161.12,2158.08,2159.48,9282
2024-03-19 00:00:00,2160.17,2162.82,2160.11,2160.63,4197
2024-03-19 04:00:00,2160.61,2162.71,2158.52,2160.24,12010
2024-03-19 08:00:00,2160.25,2160.46,2147.11,2153.05,19552
2024-03-19 12:00:00,2153.06,2158.66,2150.83,2156.92,21957
2024-03-19 16:00:00,2156.91,2158.61,2148.4,2154.54,26285
2024-03-19 20:00:00,2154.55,2158.49,2154.34,2157.68,10828
2024-03-20 00:00:00,2157.9,2159.62,2155.19,2157.16,3082
2024-03-20 04:00:00,2157.17,2160.17,2156.61,2156.87,7910
2024-03-20 08:00:00,2156.89,2159.47,2154.54,2156.12,11202
2024-03-20 12:00:00,2156.13,2156.13,2149.59,2153.17,15554
2024-03-20 16:00:00,2153.18,2164.89,2150.51,2157.69,27256
2024-03-20 20:00:00,2157.71,2188.8,2156.66,2185.75,36280
2024-03-21 00:00:00,2187.12,2222.7,2187.12,2198.96,19657
2024-03-21 04:00:00,2198.95,2212.39,2197.92,2203.24,19563
2024-03-21 08:00:00,2203.25,2210.17,2196.84,2201.49,22560
2024-03-21 12:00:00,2201.52,2211.72,2199.92,2207.68,28876
2024-03-21 16:00:00,2207.68,2208.07,2166.41,2179.95,44911
2024-03-21 20:00:00,2179.96,2183.97,2178.54,2180.78,12338
2024-03-22 00:00:00,2182.14,2186.04,2180.86,2184.96,4223
2024-03-22 04:00:00,2184.97,2185.86,2171.75,2173.6,17769
2024-03-22 08:00:00,2173.59,2176.21,2162.56,2167.93,20513
2024-03-22 12:00:00,2168.13,2176.19,2165.18,2174.59,22565
2024-03-22 16:00:00,2174.59,2180.12,2161.66,2162.62,35002
2024-03-22 20:00:00,2162.68,2167.22,2157.13,2164.96,15396
2024-03-25 00:00:00,2166.27,2169.4,2164.01,2165.52,7393
2024-03-25 04:00:00,2165.58,2178.29,2163.93,2169.41,18743
2024-03-25 08:00:00,2169.43,2171.05,2163.55,2165.71,17784
2024-03-25 12:00:00,2165.7,2177.03,2164.31,2174.56,19767
2024-03-25 16:00:00,2174.55,2181.3,2173.02,2175.8,27416
2024-03-25 20:00:00,2175.82,2176.67,2170.72,2171.11,10657
2024-03-26 00:00:00,2171.75,2174.43,2171.2,2173.89,5632
2024-03-26 04:00:00,2173.9,2174.32,2167.56,2172.28,13649
2024-03-26 08:00:00,2172.25,2179.26,2169.63,2178.3,15276
2024-03-26 12:00:00,2178.36,2200.05,2178.35,2187.88,28113
2024-03-26 16:00:00,2187.96,2192.9,2171.67,2176.79,34059
2024-03-26 20:00:00,2176.8,2179.21,2174.69,2176.52,12225
2024-03-27 00:00:00,2178.63,2180.21,2176.71,2177.5,4224
2024-03-27 04:00:00,2177.46,2181.69,2173.05,2178.38,11649
2024-03-27 08:00:00,2178.39,2182.67,2175.71,2177.42,11981
2024-03-27 12:00:00,2177.33,2197.61,2176.53,2186.08,26017
2024-03-27 16:00:00,2186.11,2195.18,2183.56,2192.47,30247
2024-03-27 20:00:00,2192.45,2195.21,2188.87,2194.8,12583
2024-03-28 00:00:00,2192.01,2194.0,2187.35,2189.07,6171
2024-03-28 04:00:00,2189.1,2196.89,2187.52,2195.58,12223
2024-03-28 08:00:00,2195.59,2200.63,2190.85,2194.83,16290
2024-03-28 12:00:00,2194.74,2216.92,2192.47,2215.67,31291
2024-03-28 16:00:00,2215.68,2225.54,2202.24,2220.34,41171
2024-03-28 20:00:00,2220.39,2236.25,2216.72,2229.47,15459
2024-04-01 00:00:00,2239.37,2256.38,2235.62,2250.02,15884
2024-04-01 04:00:00,2250.05,2265.66,2250.05,2260.32,22098
2024-04-01 08:00:00,2260.29,2263.38,2255.76,2257.3,15155
2024-04-01 12:00:00,2257.27,2258.34,2243.6,2252.55,21612
2024-04-01 16:00:00,2252.6,2257.85,2228.5,2238.08,41723
2024-04-01 20:00:00,2238.1,2250.61,2234.73,2249.33,13660
2024-04-02 00:00:00,2249.77,2255.82,2247.83,2250.33,8578
2024-04-02 04:00:00,2250.32,2259.8,2246.67,2256.61,17213
2024-04-02 08:00:00,2256.55,2262.79,2252.18,2261.12,19867
2024-04-02 12:00:00,2261.09,2266.77,2253.33,2257.58,27318
2024-04-02 16:00:00,2257.56,2276.97,2250.8,2260.3,46536
2024-04-02 20:00:00,2260.3,2281.06,2259.49,2280.3,22297
2024-04-03 00:00:00,2281.44,2288.32,2277.78,2283.2,11534
2024-04-03 04:00:00,2283.23,2287.95,2276.69,2283.73,17034
2024-04-03 08:00:00,2283.72,2286.02,2267.65,2273.21,23638
2024-04-03 12:00:00,2273.24,2275.11,2265.51,2274.93,26717
2024-04-03 16:00:00,2274.9,2295.18,2271.74,2293.98,47775
2024-04-03 20:00:00,2293.85,2300.11,2288.88,2299.83,18520
2024-04-04 00:00:00,2299.64,2302.67,2296.31,2302.2,10506
2024-04-04 04:00:00,2302.3,2304.78,2297.48,2298.83,11595
2024-04-04 08:00:00,2298.8,2300.63,2291.07,2291.61,16201
2024-04-04 12:00:00,2291.62,2295.19,2282.73,2288.15,23731
2024-04-04 16:00:00,2288.16,2299.33,2284.86,2286.78,35116
2024-04-04 20:00:00,2286.8,2305.55,2279.97,2289.5,31583
2024-04-05 00:00:00,2291.77,2293.34,2282.82,2283.09,8717
2024-04-05 04:00:00,2283.08,2284.08,2267.74,2278.04,19268
2024-04-05 08:00:00,2277.98,2291.76,2276.58,2288.09,22808
2024-04-05 12:00:00,2288.1,2296.13,2280.38,2290.84,28437
2024-04-05 16:00:00,2290.88,2329.44,2287.0,2327.17,52729
2024-04-05 20:00:00,2327.26,2330.3,2320.73,2328.89,19479
2024-04-08 00:00:00,2320.81,2323.2,2304.0,2306.13,16267
2024-04-08 04:00:00,2306.15,2354.08,2302.86,2342.11,37582
2024-04-08 08:00:00,2342.11,2343.64,2331.63,2336.27,30788
2024-04-08 12:00:00,2336.29,2343.53,2322.73,2329.01,31492
2024-04-08 16:00:00,2329.04,2335.68,2318.74,2328.51,43440
2024-04-08 20:00:00,2328.59,2342.04,2327.58,2338.46,18600
2024-04-09 00:00:00,2337.64,2341.7,2337.2,2340.9,5675
2024-04-09 04:00:00,2340.88,2348.4,2337.78,2344.18,22016
2024-04-09 08:00:00,2344.22,2359.23,2343.09,2357.6,24889
2024-04-09 12:00:00,2357.61,2365.29,2345.7,2349.42,33252
2024-04-09 16:00:00,2349.38,2364.25,2338.28,2344.99,50050
2024-04-09 20:00:00,2345.02,2354.56,2341.93,2353.71,20398
2024-04-10 00:00:00,2352.79,2355.57,2350.47,2351.64,5836
2024-04-10 04:00:00,2351.71,2356.82,2344.74,2356.22,17183
2024-04-10 08:00:00,2356.27,2360.06,2352.41,2354.55,23660
2024-04-10 12:00:00,2354.56,2354.83,2327.84,2338.39,29943
2024-04-10 16:00:00,2338.46,2352.33,2319.36,2337.2,56932
2024-04-10 20:00:00,2337.2,2345.02,2325.79,2332.49,29959
2024-04-11 00:00:00,2334.32,2337.23,2333.3,2335.2,7875
2024-04-11 04:00:00,2335.16,2346.84,2334.03,2342.9,20334
2024-04-11 08:00:00,2342.94,2344.54,2325.69,2327.96,29991
2024-04-11 12:00:00,2327.96,2344.31,2327.95,2341.39,34245
2024-04-11 16:00:00,2341.34,2350.76,2332.32,2349.82,48789
2024-04-11 20:00:00,2349.83,2377.63,2348.0,2377.09,28318
2024-04-12 00:00:00,2373.94,2379.45,2371.91,2378.69,10048
2024-04-12 04:00:00,2378.71,2395.37,2378.71,2384.16,30711
2024-04-12 08:00:00,2384.15,2400.61,2383.35,2396.71,32652
2024-04-12 12:00:00,2396.72,2400.39,2390.38,2395.82,36839
2024-04-12 16:00:00,2395.83,2431.43,2360.84,2369.2,67335
2024-04-12 20:00:00,2369.21,2372.96,2333.78,2343.85,36725
2024-04-15 00:00:00,2359.91,2372.49,2346.87,2353.29,21489
2024-04-15 04:00:00,2353.28,2364.67,2348.45,2356.6,30019
2024-04-15 08:00:00,2356.6,2362.4,2344.75,2351.62,35893
2024-04-15 12:00:00,2351.6,2361.24,2346.32,2357.35,32344
2024-04-15 16:00:00,2357.44,2361.08,2324.24,2357.14,54912
2024-04-15 20:00:00,2357.16,2387.47,2354.1,2381.53,33088
2024-04-16 00:00:00,2382.74,2392.17,2380.16,2383.51,12071
2024-04-16 04:00:00,2383.45,2389.28,2379.29,2386.08,25729
2024-04-16 08:00:00,2386.13,2389.02,2362.98,2369.45,34071
2024-04-16 12:00:00,2369.47,2378.22,2367.55,2376.22,32199
2024-04-16 16:00:00,2376.31,2398.22,2363.51,2397.48,56012
2024-04-16 20:00:00,2397.51,2397.63,2379.77,2383.33,34670
2024-04-17 00:00:00,2383.49,2386.96,2380.72,2384.38,10708
2024-04-17 04:00:00,2384.4,2386.21,2380.27,2381.94,19662
2024-04-17 08:00:00,2381.95,2393.61,2372.71,2392.95,31968
2024-04-17 12:00:00,2392.94,2394.28,2378.32,2383.3,32474
2024-04-17 16:00:00,2383.23,2395.57,2361.06,2372.38,56403
2024-04-17 20:00:00,2372.37,2379.14,2367.81,2371.07,29460
2024-04-18 00:00:00,2365.33,2370.07,2363.71,2369.76,8769
2024-04-18 04:00:00,2369.78,2376.47,2364.05,2375.03,23801
2024-04-18 08:00:00,2375.07,2380.97,2373.47,2379.97,28219
2024-04-18 12:00:00,2380.0,2387.49,2377.26,2385.45,28872
2024-04-18 16:00:00,2385.45,2392.73,2369.59,2387.96,51324
2024-04-18 20:00:00,2387.97,2389.29,2377.28,2377.28,21877
2024-04-19 00:00:00,2379.49,2381.42,2373.74,2379.42,7681
2024-04-19 04:00:00,2379.45,2417.81,2378.76,2383.53,51767
2024-04-19 08:00:00,2383.58,2393.84,2378.0,2384.21,36319
2024-04-19 12:00:00,2384.2,2386.09,2372.87,2381.5,33171
2024-04-19 16:00:00,2381.5,2399.63,2373.06,2399.63,47057
2024-04-19 20:00:00,2399.64,2401.95,2386.63,2390.33,20839
2024-04-22 00:00:00,2384.24,2388.52,2381.05,2382.16,11683
2024-04-22 04:00:00,2382.14,2384.22,2361.98,2369.64,27422
2024-04-22 08:00:00,2369.69,2370.46,2351.44,2359.53,34285
2024-04-22 12:00:00,2359.53,2363.62,2333.03,2336.85,32705
2024-04-22 16:00:00,2336.85,2343.77,2328.96,2329.82,40636
2024-04-22 20:00:00,2329.84,2334.78,2325.01,2327.91,13862
2024-04-23 00:00:00,2330.31,2333.89,2326.9,2332.62,9761
2024-04-23 04:00:00,2332.57,2334.39,2295.53,2305.52,33781
2024-04-23 08:00:00,2305.43,2314.69,2298.84,2303.28,31060
2024-04-23 12:00:00,2303.3,2313.57,2291.33,2311.83,31883
2024-04-23 16:00:00,2311.82,2332.06,2309.54,2330.3,48652
2024-04-23 20:00:00,2330.31,2331.3,2321.27,2322.32,17086
2024-04-24 00:00:00,2322.19,2324.26,2320.7,2320.88,6951
2024-04-24 04:00:00,2320.93,2330.05,2315.76,2326.62,22072
2024-04-24 08:00:00,2326.62,2331.28,2316.13,2319.17,26178
2024-04-24 12:00:00,2319.18,2323.46,2311.76,2323.24,25646
2024-04-24 16:00:00,2323.29,2337.25,2316.06,2325.06,43671
2024-04-24 20:00:00,2325.09,2330.52,2313.74,2314.08,17879
2024-04-25 00:00:00,2317.58,2319.35,2315.42,2319.16,6469
2024-04-25 04:00:00,2319.19,2322.0,2305.11,2315.27,18626
2024-04-25 08:00:00,2315.3,2328.84,2314.41,2326.86,21950
2024-04-25 12:00:00,2326.85,2334.63,2323.34,2330.67,24045
2024-04-25 16:00:00,2330.68,2344.79,2312.74,2328.71,50844
2024-04-25 20:00:00,2328.75,2336.42,2326.27,2332.15,17638
2024-04-26 00:00:00,2332.56,2333.39,2328.68,2329.89,4698
2024-04-26 04:00:00,2329.85,2338.01,2326.28,2335.92,16955
2024-04-26 08:00:00,2335.91,2350.13,2333.96,2347.02,24397
2024-04-26 12:00:00,2347.02,2352.48,2340.59,2344.79,25128
2024-04-26 16:00:00,2345.06,2350.36,2328.67,2333.61,44187
2024-04-26 20:00:00,2333.57,2341.37,2332.66,2336.59,14013
2024-04-29 00:00:00,2333.81,2336.81,2330.66,2332.12,7580
2024-04-29 04:00:00,2332.1,2333.23,2319.88,2332.63,29602
2024-04-29 08:00:00,2332.62,2341.25,2327.47,2338.13,31552
2024-04-29 12:00:00,2338.09,2344.33,2328.29,2331.98,22577
2024-04-29 16:00:00,2331.96,2346.68,2325.61,2342.72,38555
2024-04-29 20:00:00,2342.72,2346.62,2332.98,2336.85,18589
2024-04-30 00:00:00,2336.03,2336.29,2331.69,2333.97,6743
2024-04-30 04:00:00,2334.04,2336.14,2324.94,2326.39,17830
2024-04-30 08:00:00,2326.44,2326.97,2310.69,2312.88,24657
2024-04-30 12:00:00,2312.81,2318.0,2304.64,2306.07,26356
2024-04-30 16:00:00,2306.05,2313.31,2293.14,2294.68,45919
2024-04-30 20:00:00,2294.67,2297.5,2285.12,2285.74,21628
2024-05-01 00:00:00,2288.19,2293.23,2285.75,2286.83,7882
2024-05-01 04:00:00,2286.83,2289.42,2281.61,2283.18,10787
2024-05-01 08:00:00,2283.2,2289.74,2282.51,2286.3,14260
2024-05-01 12:00:00,2286.29,2300.01,2285.77,2298.3,22928
2024-05-01 16:00:00,2298.29,2310.46,2295.22,2303.72,38926
2024-05-01 20:00:00,2303.7,2328.33,2295.49,2319.86,44397
2024-05-02 00:00:00,2320.22,2325.97,2319.56,2324.38,10338
2024-05-02 04:00:00,2324.37,2326.38,2317.36,2318.12,15660
2024-05-02 08:00:00,2318.14,2319.06,2303.09,2304.01,24425
2024-05-02 12:00:00,2304.02,2305.39,2293.54,2294.46,29373
2024-05-02 16:00:00,2294.55,2306.92,2285.47,2299.6,45100
2024-05-02 20:00:00,2299.62,2309.41,2299.28,2302.85,16415
2024-05-03 00:00:00,2305.18,2305.67,2300.25,2303.98,7314
2024-05-03 04:00:00,2303.98,2307.96,2299.62,2307.34,14891
2024-05-03 08:00:00,2307.36,2308.73,2297.79,2301.39,20411
2024-05-03 12:00:00,2301.39,2320.52,2294.64,2304.73,25037
2024-05-03 16:00:00,2304.73,2308.88,2277.31,2299.23,47711
2024-05-03 20:00:00,2299.26,2303.41,2296.02,2303.29,13875
2024-05-06 00:00:00,2302.31,2303.21,2291.81,2295.99,9437
2024-05-06 04:00:00,2295.96,2315.36,2295.85,2309.17,23508
2024-05-06 08:00:00,2309.19,2324.19,2308.65,2318.24,22145
2024-05-06 12:00:00,2318.25,2330.28,2314.55,2323.26,22160
2024-05-06 16:00:00,2323.26,2332.0,2317.71,2325.59,35753
2024-05-06 20:00:00,2325.56,2328.83,2321.01,2325.49,14616
2024-05-07 00:00:00,2325.25,2329.45,2322.16,2329.21,7902
2024-05-07 04:00:00,2329.23,2329.85,2319.59,2322.61,20054
2024-05-07 08:00:00,2322.62,2323.3,2311.71,2315.72,21698
2024-05-07 12:00:00,2315.72,2317.39,2309.9,2316.05,20568
2024-05-07 16:00:00,2316.01,2323.7,2312.4,2312.48,32086
2024-05-07 20:00:00,2312.51,2317.45,2311.04,2313.4,11705
2024-05-08 00:00:00,2315.11,2316.82,2313.85,2314.16,5568
2024-05-08 04:00:00,2314.15,2319.35,2306.95,2319.27,19357
2024-05-08 08:00:00,2319.28,2321.38,2303.63,2307.33,20968
2024-05-08 12:00:00,2307.31,2318.97,2307.03,2314.55,22431
2024-05-08 16:00:00,2314.56,2321.1,2306.84,2317.07,32614
2024-05-08 20:00:00,2317.12,2317.55,2307.89,2308.85,11135
2024-05-09 00:00:00,2310.13,2310.92,2307.85,2309.25,6064
2024-05-09 04:00:00,2309.24,2315.23,2307.77,2314.5,16202
2024-05-09 08:00:00,2314.52,2319.73,2307.53,2310.42,21324
2024-05-09 12:00:00,2310.41,2329.32,2306.55,2326.71,22562
2024-05-09 16:00:00,2326.72,2338.77,2312.28,2329.75,39417
2024-05-09 20:00:00,2329.72,2347.22,2329.23,2345.05,15487
2024-05-10 00:00:00,2346.18,2348.98,2345.26,2347.56,6711
2024-05-10 04:00:00,2347.56,2355.78,2347.15,2353.95,23527
2024-05-10 08:00:00,2353.96,2372.07,2353.75,2369.56,26677
2024-05-10 12:00:00,2369.56,2378.38,2361.72,2364.8,27970
2024-05-10 16:00:00,2364.79,2372.95,2356.58,2368.24,39862
2024-05-10 20:00:00,2368.27,2370.88,2360.04,2360.25,11993
2024-05-13 00:00:00,2361.48,2364.44,2359.72,2364.0,6143
2024-05-13 04:00:00,2364.0,2364.11,2354.27,2354.27,18375
2024-05-13 08:00:00,2354.28,2355.03,2341.62,2343.26,19844
2024-05-13 12:00:00,2343.25,2349.73,2338.45,2347.12,25544
2024-05-13 16:00:00,2347.1,2349.37,2332.07,2336.73,37778
2024-05-13 20:00:00,2336.73,2338.42,2334.46,2335.84,11041
2024-05-14 00:00:00,2337.33,2339.71,2334.78,2336.36,5140
2024-05-14 04:00:00,2336.35,2344.9,2336.34,2344.09,18288
2024-05-14 08:00:00,2344.04,2345.84,2336.05,2343.78,20156
2024-05-14 12:00:00,2343.76,2350.21,2336.58,2348.19,25663
2024-05-14 16:00:00,2348.24,2357.02,2344.89,2354.17,42344
2024-05-14 20:00:00,2354.19,2359.58,2352.0,2357.66,12753
2024-05-15 00:00:00,2357.26,2357.63,2354.87,2355.82,6425
2024-05-15 04:00:00,2355.83,2360.96,2354.87,2356.96,19058
2024-05-15 08:00:00,2356.96,2374.25,2355.7,2373.21,23889
2024-05-15 12:00:00,2373.26,2378.91,2358.92,2372.58,30202
2024-05-15 16:00:00,2372.54,2386.65,2351.85,2383.64,51841
2024-05-15 20:00:00,2383.63,2390.23,2383.61,2386.94,19116
2024-05-16 00:00:00,2387.67,2395.14,2387.06,2395.0,11609
2024-05-16 04:00:00,2394.99,2397.26,2386.34,2391.29,31650
2024-05-16 08:00:00,2391.29,2394.4,2384.75,2386.01,26848
2024-05-16 12:00:00,2386.0,2387.73,2377.89,2379.11,27000
2024-05-16 16:00:00,2379.1,2383.71,2370.95,2381.91,38580
2024-05-16 20:00:00,2381.92,2382.39,2375.87,2376.18,11499
2024-05-17 00:00:00,2378.06,2379.68,2377.51,2377.98,5453
2024-05-17 04:00:00,2377.98,2381.19,2373.93,2378.8,17246
2024-05-17 08:00:00,2378.8,2387.84,2378.52,2384.27,23429
2024-05-17 12:00:00,2384.26,2393.97,2381.73,2393.26,21581
2024-05-17 16:00:00,2393.26,2419.08,2393.26,2407.83,46679
2024-05-17 20:00:00,2407.84,2422.69,2405.75,2415.56,22471
2024-05-20 00:00:00,2425.31,2426.46,2416.48,2425.38,13880
2024-05-20 04:00:00,2425.37,2440.63,2425.37,2437.27,30010
2024-05-20 08:00:00,2437.28,2450.01,2431.9,2440.03,34330
2024-05-20 12:00:00,2440.08,2447.12,2407.31,2413.79,36272
2024-05-20 16:00:00,2413.42,2428.08,2410.38,2426.53,43354
2024-05-20 20:00:00,2426.53,2437.28,2423.27,2424.61,20922
2024-05-21 00:00:00,2427.17,2430.48,2424.33,2428.82,8094
2024-05-21 04:00:00,2428.82,2433.01,2406.13,2412.35,36102
2024-05-21 08:00:00,2412.36,2422.13,2408.54,2418.74,31772
2024-05-21 12:00:00,2418.68,2429.9,2412.18,2426.23,27629
2024-05-21 16:00:00,2426.3,2433.87,2417.99,2422.84,47163
2024-05-21 20:00:00,2422.86,2425.01,2417.32,2421.26,15086
2024-05-22 00:00:00,2421.22,2423.11,2420.36,2420.51,6540
2024-05-22 04:00:00,2420.52,2426.46,2412.1,2412.88,27936
2024-05-22 08:00:00,2412.86,2418.44,2410.57,2416.85,30085
2024-05-22 12:00:00,2416.86,2419.31,2404.74,2412.45,29557
2024-05-22 16:00:00,2412.41,2413.25,2382.22,2391.91,47127
2024-05-22 20:00:00,2391.9,2394.35,2374.98,2378.49,27115
2024-05-23 00:00:00,2379.37,2383.65,2378.94,2380.31,8584
2024-05-23 04:00:00,2380.29,2381.87,2366.64,2372.77,29508
2024-05-23 08:00:00,2372.76,2373.13,2354.95,2360.43,33707
2024-05-23 12:00:00,2360.46,2369.37,2358.76,2362.85,28013
2024-05-23 16:00:00,2362.84,2369.87,2340.02,2340.97,50875
2024-05-23 20:00:00,2340.96,2342.94,2326.99,2327.89,22285
2024-05-24 00:00:00,2329.43,2333.61,2327.43,2329.04,7398
2024-05-24 04:00:00,2329.06,2335.17,2325.36,2335.07,24420
2024-05-24 08:00:00,2335.07,2340.97,2333.17,2340.09,24342
2024-05-24 12:00:00,2340.1,2343.87,2335.44,2339.31,23621
2024-05-24 16:00:00,2339.3,2347.36,2332.34,2334.23,36534
2024-05-24 20:00:00,2334.23,2336.73,2331.84,2334.32,11567
2024-05-27 00:00:00,2335.93,2340.68,2332.28,2336.18,7840
2024-05-27 04:00:00,2336.14,2347.54,2334.61,2342.97,19658
2024-05-27 08:00:00,2342.97,2346.19,2338.12,2344.2,19287
2024-05-27 12:00:00,2344.21,2349.63,2342.41,2347.17,17367
2024-05-27 16:00:00,2347.21,2358.44,2344.59,2354.98,29788
2024-05-27 20:00:00,2354.98,2355.14,2350.7,2350.79,2704
2024-05-28 00:00:00,2352.44,2353.84,2351.06,2351.73,6295
2024-05-28 04:00:00,2351.75,2356.35,2349.15,2351.04,22808
2024-05-28 08:00:00,2351.0,2353.69,2340.3,2344.93,27447
2024-05-28 12:00:00,2344.9,2357.1,2342.26,2353.16,22965
2024-05-28 16:00:00,2353.17,2364.06,2347.93,2356.62,45751
2024-05-28 20:00:00,2356.63,2360.53,2352.79,2360.29,17714
2024-05-29 00:00:00,2361.75,2361.8,2357.33,2357.82,7375
2024-05-29 04:00:00,2357.82,2360.83,2354.38,2358.26,23193
2024-05-29 08:00:00,2358.27,2361.27,2344.87,2345.47,30463
2024-05-29 12:00:00,2345.46,2347.3,2334.53,2337.6,27140
2024-05-29 16:00:00,2337.58,2347.14,2335.93,2341.94,37669
2024-05-29 20:00:00,2341.85,2344.27,2335.96,2337.44,13027
2024-05-30 00:00:00,2338.61,2339.17,2333.92,2336.9,9246
2024-05-30 04:00:00,2336.95,2339.83,2328.03,2335.23,30989
2024-05-30 08:00:00,2335.22,2337.65,2322.54,2335.02,32379
2024-05-30 12:00:00,2335.02,2345.18,2330.57,2341.27,31124
2024-05-30 16:00:00,2341.15,2351.8,2339.76,2347.9,40838
2024-05-30 20:00:00,2347.9,2348.8,2339.83,2341.99,13004
2024-05-31 00:00:00,2343.5,2347.49,2342.02,2346.32,9299
2024-05-31 04:00:00,2346.31,2347.7,2336.95,2344.15,29344
2024-05-31 08:00:00,2344.1,2347.04,2339.67,2343.21,24562
2024-05-31 12:00:00,2343.2,2356.71,2340.99,2354.78,24486
2024-05-31 16:00:00,2354.71,2359.66,2327.72,2332.83,51454
2024-05-31 20:00:00,2332.82,2333.82,2320.58,2329.44,21739
2024-06-03 00:00:00,2328.67,2328.77,2323.32,2327.11,9319
2024-06-03 04:00:00,2327.1,2331.0,2320.04,2321.3,26160
2024-06-03 08:00:00,2321.31,2328.78,2314.73,2325.51,30855
2024-06-03 12:00:00,2325.5,2334.31,2324.3,2334.0,25090
2024-06-03 16:00:00,2333.98,2349.95,2329.79,2349.11,42910
2024-06-03 20:00:00,2349.09,2354.68,2344.73,2350.29,16979
2024-06-04 00:00:00,2351.34,2352.78,2349.79,2350.6,6616
2024-06-04 04:00:00,2350.59,2352.3,2343.13,2349.31,22444
2024-06-04 08:00:00,2349.3,2351.74,2332.28,2333.28,29616
2024-06-04 12:00:00,2333.33,2335.91,2325.34,2335.1,34252
2024-06-04 16:00:00,2335.11,2337.96,2315.61,2323.98,47673
2024-06-04 20:00:00,2323.93,2330.37,2323.74,2326.66,16260
2024-06-05 00:00:00,2328.05,2329.56,2327.52,2328.14,6045
2024-06-05 04:00:00,2328.17,2338.15,2325.85,2337.99,21622
2024-06-05 08:00:00,2337.99,2341.62,2328.05,2332.6,25556
2024-06-05 12:00:00,2332.59,2343.94,2329.43,2342.16,24447
2024-06-05 16:00:00,2342.13,2357.35,2334.01,2352.66,45082
2024-06-05 20:00:00,2352.67,2356.72,2351.65,2354.05,14121
2024-06-06 00:00:00,2355.69,2357.52,2354.54,2355.69,6675
2024-06-06 04:00:00,2355.64,2374.89,2355.52,2369.43,29476
2024-06-06 08:00:00,2369.43,2371.34,2359.8,2362.88,23309
2024-06-06 12:00:00,2362.96,2365.19,2355.22,2357.53,23760
2024-06-06 16:00:00,2357.57,2378.49,2353.52,2372.87,46004
2024-06-06 20:00:00,2372.88,2375.4,2368.93,2373.46,20972
2024-06-07 00:00:00,2376.32,2379.14,2375.6,2378.37,6384
2024-06-07 04:00:00,2378.44,2387.42,2369.38,2386.66,27533
2024-06-07 08:00:00,2386.65,2387.66,2342.69,2347.3,35211
2024-06-07 12:00:00,2347.25,2347.96,2313.66,2319.32,39385
2024-06-07 16:00:00,2319.31,2328.04,2302.97,2311.64,48222
2024-06-07 20:00:00,2311.64,2312.3,2286.73,2294.0,22648
2024-06-10 00:00:00,2290.05,2300.03,2289.8,2297.0,11214
2024-06-10 04:00:00,2296.98,2301.34,2292.69,2294.78,17014
2024-06-10 08:00:00,2294.79,2297.48,2287.72,2292.61,25434
2024-06-10 12:00:00,2292.6,2308.53,2291.83,2306.14,24544
2024-06-10 16:00:00,2306.2,2313.73,2300.33,2312.89,33271
2024-06-10 20:00:00,2312.89,2313.36,2308.45,2309.9,11495
2024-06-11 00:00:00,2310.76,2312.14,2308.75,2310.78,6364
2024-06-11 04:00:00,2310.72,2310.72,2298.77,2303.54,29377
2024-06-11 08:00:00,2303.51,2307.7,2297.69,2305.94,24580
2024-06-11 12:00:00,2305.93,2319.84,2301.48,2317.91,24122
2024-06-11 16:00:00,2317.92,2319.52,2305.86,2308.46,37712
2024-06-11 20:00:00,2308.48,2316.56,2307.89,2315.79,13083
2024-06-12 00:00:00,2316.62,2317.59,2313.41,2313.73,6877
2024-06-12 04:00:00,2313.71,2316.69,2310.66,2312.68,22747
2024-06-12 08:00:00,2312.68,2317.71,2310.8,2312.8,18468
2024-06-12 12:00:00,2312.76,2337.56,2311.56,2335.92,14614
2024-06-12 16:00:00,2335.93,2341.56,2320.04,2337.6,26662
2024-06-12 20:00:00,2337.61,2339.5,2315.79,2323.9,21044
2024-06-13 00:00:00,2324.5,2324.58,2317.52,2320.71,5543
2024-06-13 04:00:00,2320.73,2321.46,2308.1,2311.77,17181
2024-06-13 08:00:00,2312.0,2318.53,2308.92,2315.53,14511
2024-06-13 12:00:00,2315.42,2326.58,2303.9,2323.25,17091
2024-06-13 16:00:00,2323.24,2324.69,2295.54,2299.21,26883
2024-06-13 20:00:00,2299.22,2304.88,2299.02,2303.82,9043
2024-06-14 00:00:00,2303.72,2305.63,2301.46,2304.89,4562
2024-06-14 04:00:00,2304.89,2308.54,2303.04,2305.89,15531
2024-06-14 08:00:00,2305.89,2321.59,2305.49,2317.32,17356
2024-06-14 12:00:00,2317.34,2336.54,2315.17,2330.29,21089
2024-06-14 16:00:00,2330.14,2335.38,2323.97,2328.76,23884
2024-06-14 20:00:00,2328.85,2335.47,2328.43,2332.18,10092
2024-06-17 00:00:00,2331.02,2331.38,2325.19,2326.29,5603
2024-06-17 04:00:00,2326.3,2328.9,2321.46,2323.61,14329
2024-06-17 08:00:00,2323.59,2323.6,2315.43,2321.27,16060
2024-06-17 12:00:00,2321.28,2322.54,2316.76,2319.55,14332
2024-06-17 16:00:00,2319.48,2327.54,2310.01,2316.93,21157
2024-06-17 20:00:00,2316.94,2320.73,2313.28,2318.72,8747
2024-06-18 00:00:00,2320.15,2325.53,2319.18,2324.08,4521
2024-06-18 04:00:00,2324.13,2325.59,2319.21,2322.53,14328
2024-06-18 08:00:00,2322.52,2323.7,2310.76,2311.3,14081
2024-06-18 12:00:00,2311.22,2324.13,2306.57,2313.92,16128
2024-06-18 16:00:00,2313.99,2330.68,2313.68,2330.21,22844
2024-06-18 20:00:00,2330.29,2333.11,2327.42,2329.06,8514
2024-06-19 00:00:00,2328.78,2329.94,2327.49,2329.47,3235
2024-06-19 04:00:00,2329.43,2331.74,2326.48,2327.95,9837
2024-06-19 08:00:00,2327.94,2334.95,2326.82,2332.52,11585
2024-06-19 12:00:00,2332.51,2332.85,2325.27,2328.31,11364
2024-06-19 16:00:00,2328.34,2331.42,2323.74,2329.37,11841
2024-06-19 20:00:00,2329.39,2331.0,2328.15,2328.27,1437
2024-06-20 00:00:00,2329.2,2330.59,2327.71,2329.66,3441
2024-06-20 04:00:00,2329.68,2340.91,2329.68,2340.46,15711
2024-06-20 08:00:00,2340.53,2345.63,2332.63,2333.34,17221
2024-06-20 12:00:00,2333.24,2343.66,2331.61,2338.43,14601
2024-06-20 16:00:00,2338.76,2365.43,2336.67,2356.35,23641
2024-06-20 20:00:00,2356.36,2361.01,2354.56,2358.9,7752
2024-06-21 00:00:00,2359.33,2364.76,2358.14,2364.04,5103
2024-06-21 04:00:00,2364.08,2364.09,2357.08,2362.91,14177
2024-06-21 08:00:00,2362.89,2368.07,2355.12,2365.33,15949
2024-06-21 12:00:00,2365.34,2368.67,2360.44,2360.61,14338
2024-06-21 16:00:00,2360.4,2363.71,2323.3,2324.67,26513
2024-06-21 20:00:00,2324.66,2325.06,2316.66,2321.36,10659
2024-06-24 00:00:00,2321.06,2322.15,2317.68,2320.91,5604
2024-06-24 04:00:00,2320.92,2326.63,2318.97,2324.44,16041
2024-06-24 08:00:00,2324.42,2332.76,2321.43,2330.51,13984
2024-06-24 12:00:00,2330.52,2330.91,2320.83,2327.58,16074
2024-06-24 16:00:00,2327.59,2333.81,2325.87,2331.62,22977
2024-06-24 20:00:00,2331.61,2334.62,2330.56,2332.93,8579
2024-06-25 00:00:00,2333.87,2334.27,2328.22,2330.02,4599
2024-06-25 04:00:00,2329.99,2330.92,2322.7,2327.41,17232
2024-06-25 08:00:00,2327.34,2330.51,2322.85,2329.55,16923
2024-06-25 12:00:00,2329.55,2337.03,2324.05,2324.12,17133
2024-06-25 16:00:00,2324.18,2328.15,2315.45,2317.8,27237
2024-06-25 20:00:00,2317.77,2320.53,2316.79,2318.79,8822
2024-06-26 00:00:00,2319.94,2323.87,2317.72,2318.41,5945
2024-06-26 04:00:00,2318.34,2321.56,2310.53,2316.82,19757
2024-06-26 08:00:00,2316.8,2318.13,2309.64,2315.62,18877
2024-06-26 12:00:00,2315.67,2318.37,2304.32,2310.11,20835
2024-06-26 16:00:00,2310.12,2311.54,2293.6,2299.71,29007
2024-06-26 20:00:00,2299.66,2302.92,2296.92,2297.83,9385
2024-06-27 00:00:00,2298.65,2300.1,2296.74,2299.03,5322
2024-06-27 04:00:00,2299.04,2301.12,2296.82,2300.44,13453
2024-06-27 08:00:00,2300.44,2308.33,2296.5,2307.56,18205
2024-06-27 12:00:00,2307.53,2325.77,2307.28,2322.83,26056
2024-06-27 16:00:00,2322.65,2330.91,2319.5,2325.39,36590
2024-06-27 20:00:00,2325.39,2327.96,2322.42,2327.32,12007
2024-06-28 00:00:00,2327.0,2328.2,2321.38,2321.59,5804
2024-06-28 04:00:00,2321.6,2324.98,2319.05,2321.21,24334
2024-06-28 08:00:00,2321.2,2331.91,2320.98,2328.69,22014
2024-06-28 12:00:00,2328.68,2339.29,2327.22,2335.45,25059
2024-06-28 16:00:00,2335.43,2339.75,2322.86,2329.96,36805
2024-06-28 20:00:00,2329.97,2332.68,2322.82,2325.49,13048
2024-07-01 00:00:00,2323.04,2326.09,2322.15,2324.81,8279
2024-07-01 04:00:00,2324.8,2328.54,2321.37,2323.65,20201
2024-07-01 08:00:00,2323.64,2328.98,2318.49,2325.82,25423
2024-07-01 12:00:00,2325.82,2338.46,2325.44,2327.34,24779
2024-07-01 16:00:00,2327.41,2334.28,2319.27,2328.13,37115
2024-07-01 20:00:00,2328.14,2332.39,2326.74,2332.01,10564
2024-07-02 00:00:00,2331.86,2333.86,2331.38,2333.02,5149
2024-07-02 04:00:00,2333.01,2334.29,2324.9,2327.28,17720
2024-07-02 08:00:00,2327.27,2332.42,2323.3,2331.16,20945
2024-07-02 12:00:00,2331.16,2331.87,2319.02,2327.45,24169
2024-07-02 16:00:00,2327.33,2336.74,2320.92,2322.83,36968
2024-07-02 20:00:00,2322.83,2331.26,2322.03,2329.22,11490
2024-07-03 00:00:00,2330.2,2332.12,2329.67,2330.2,4772
2024-07-03 04:00:00,2330.07,2335.2,2326.83,2334.43,15777
2024-07-03 08:00:00,2334.42,2347.53,2331.97,2344.61,25713
2024-07-03 12:00:00,2344.63,2356.09,2342.09,2350.43,29666
2024-07-03 16:00:00,2350.32,2364.91,2347.5,2356.56,40626
2024-07-03 20:00:00,2356.57,2360.79,2353.73,2356.12,9609
2024-07-04 00:00:00,2356.12,2359.57,2356.12,2358.53,5120
2024-07-04 04:00:00,2358.53,2362.41,2357.21,2358.44,16284
2024-07-04 08:00:00,2358.44,2359.6,2350.45,2358.81,19055
2024-07-04 12:00:00,2358.82,2360.35,2355.67,2357.7,13991
2024-07-04 16:00:00,2357.73,2361.78,2355.38,2357.77,19081
2024-07-04 20:00:00,2357.75,2357.99,2356.1,2356.7,1042
2024-07-05 00:00:00,2356.82,2358.98,2354.2,2358.85,7137
2024-07-05 04:00:00,2358.82,2364.63,2356.82,2363.94,20049
2024-07-05 08:00:00,2363.93,2368.05,2362.2,2366.41,22537
2024-07-05 12:00:00,2366.5,2376.11,2350.57,2372.1,25465
2024-07-05 16:00:00,2372.35,2388.3,2370.58,2386.44,42942
2024-07-05 20:00:00,2386.44,2392.85,2384.52,2391.1,18309
2024-07-08 00:00:00,2389.43,2390.15,2384.5,2386.62,8404
2024-07-08 04:00:00,2386.6,2391.05,2380.72,2384.91,23460
2024-07-08 08:00:00,2384.91,2386.72,2371.89,2372.77,27370
2024-07-08 12:00:00,2372.91,2377.42,2368.27,2372.7,23432
2024-07-08 16:00:00,2372.71,2379.49,2351.04,2358.64,39287
2024-07-08 20:00:00,2358.63,2359.82,2354.84,2358.44,11843
2024-07-09 00:00:00,2358.9,2363.63,2358.8,2361.83,6384
2024-07-09 04:00:00,2361.85,2368.72,2360.48,2367.33,22592
2024-07-09 08:00:00,2367.29,2368.3,2358.23,2361.62,21622
2024-07-09 12:00:00,2361.66,2365.53,2356.08,2360.13,21071
2024-07-09 16:00:00,2360.1,2371.43,2349.39,2357.49,43051
2024-07-09 20:00:00,2357.52,2365.59,2357.52,2364.1,13186
2024-07-10 00:00:00,2363.54,2366.44,2363.07,2364.61,4966
2024-07-10 04:00:00,2364.67,2370.23,2363.23,2367.69,19456
2024-07-10 08:00:00,2367.68,2374.9,2367.15,2372.81,21300
2024-07-10 12:00:00,2372.8,2381.78,2371.64,2377.77,19018
2024-07-10 16:00:00,2377.66,2386.64,2373.93,2377.81,34617
2024-07-10 20:00:00,2377.81,2378.49,2369.87,2370.83,14052
2024-07-11 00:00:00,2371.85,2374.35,2371.13,2374.13,4761
2024-07-11 04:00:00,2374.12,2382.42,2373.0,2381.97,18285
2024-07-11 08:00:00,2381.97,2384.06,2378.47,2381.37,20770
2024-07-11 12:00:00,2381.38,2409.71,2377.27,2406.24,25034
2024-07-11 16:00:00,2406.26,2424.51,2395.81,2411.6,50797
2024-07-11 20:00:00,2411.6,2418.6,2409.95,2413.92,16843
2024-07-12 00:00:00,2413.19,2416.23,2411.04,2412.0,11447
2024-07-12 04:00:00,2411.99,2414.2,2406.61,2408.54,18755
2024-07-12 08:00:00,2408.54,2410.06,2400.31,2407.48,25945
2024-07-12 12:00:00,2407.44,2408.28,2391.41,2397.89,26101
2024-07-12 16:00:00,2397.9,2416.91,2396.79,2415.89,39923
2024-07-12 20:00:00,2415.9,2418.25,2411.26,2411.6,12080
2024-07-15 00:00:00,2411.8,2412.15,2405.63,2408.44,13145
2024-07-15 04:00:00,2408.44,2413.32,2404.91,2411.48,21658
2024-07-15 08:00:00,2411.48,2413.89,2401.31,2412.01,27431
2024-07-15 12:00:00,2412.0,2420.79,2407.7,2414.81,31522
2024-07-15 16:00:00,2414.8,2439.65,2411.44,2430.2,51868
2024-07-15 20:00:00,2430.23,2430.26,2419.75,2421.13,22994
2024-07-16 00:00:00,2421.97,2422.74,2420.0,2421.18,5548
2024-07-16 04:00:00,2421.22,2431.46,2421.21,2429.22,24205
2024-07-16 08:00:00,2429.23,2439.3,2428.13,2436.59,34324
2024-07-16 12:00:00,2436.58,2443.97,2429.42,2432.57,42872
2024-07-16 16:00:00,2432.54,2465.24,2430.94,2459.17,59144
2024-07-16 20:00:00,2459.16,2469.62,2458.72,2468.8,20658
2024-07-17 00:00:00,2467.73,2473.24,2466.18,2468.72,11780
2024-07-17 04:00:00,2468.72,2482.33,2463.95,2467.78,41884
2024-07-17 08:00:00,2467.78,2478.85,2461.81,2474.97,52976
2024-07-17 12:00:00,2474.98,2476.35,2466.66,2473.37,45631
2024-07-17 16:00:00,2473.38,2483.67,2452.8,2455.61,66767
2024-07-17 20:00:00,2455.62,2460.33,2451.43,2458.39,19877
2024-07-18 00:00:00,2458.58,2461.9,2457.38,2458.83,11221
2024-07-18 04:00:00,2458.83,2468.95,2457.56,2465.24,30867
2024-07-18 08:00:00,2465.24,2474.88,2464.59,2465.96,36989
2024-07-18 12:00:00,2465.96,2468.8,2461.57,2463.96,34967
2024-07-18 16:00:00,2463.97,2469.84,2455.81,2456.13,50862
2024-07-18 20:00:00,2456.13,2457.5,2440.33,2444.68,23066
2024-07-19 00:00:00,2444.76,2445.31,2426.21,2434.32,13909
2024-07-19 04:00:00,2434.37,2434.6,2420.44,2425.49,40708
2024-07-19 08:00:00,2425.49,2426.13,2412.92,2420.43,44295
2024-07-19 12:00:00,2420.43,2421.1,2401.58,2403.72,39025
2024-07-19 16:00:00,2403.71,2408.37,2393.79,2399.62,53052
2024-07-19 20:00:00,2399.63,2400.77,2395.62,2398.46,18888
2024-07-22 00:00:00,2403.8,2411.91,2402.48,2407.84,11826
2024-07-22 04:00:00,2407.84,2412.14,2403.18,2405.61,31352
2024-07-22 08:00:00,2405.61,2407.39,2398.99,2400.8,37918
2024-07-22 12:00:00,2400.82,2408.34,2388.74,2394.28,34529
2024-07-22 16:00:00,2394.27,2400.13,2383.78,2393.0,49148
2024-07-22 20:00:00,2393.03,2399.99,2391.78,2396.62,13969
2024-07-23 00:00:00,2397.62,2400.18,2394.75,2399.9,7761
2024-07-23 04:00:00,2399.91,2403.93,2395.75,2396.46,33597
2024-07-23 08:00:00,2396.46,2407.07,2388.25,2404.0,37609
2024-07-23 12:00:00,2404.01,2411.96,2403.15,2405.41,32446
2024-07-23 16:00:00,2405.38,2407.6,2399.53,2405.32,39810
2024-07-23 20:00:00,2405.32,2408.93,2402.58,2408.2,13453
2024-07-24 00:00:00,2408.65,2410.11,2407.97,2408.24,5069
2024-07-24 04:00:00,2408.24,2418.3,2404.92,2417.8,33999
2024-07-24 08:00:00,2417.82,2419.14,2410.65,2411.75,37763
2024-07-24 12:00:00,2411.75,2421.94,2409.78,2421.41,29440
2024-07-24 16:00:00,2421.4,2431.96,2413.57,2418.99,47169
2024-07-24 20:00:00,2418.99,2419.51,2397.06,2399.43,25358
2024-07-25 00:00:00,2397.64,2401.19,2393.0,2397.06,16990
2024-07-25 04:00:00,2397.06,2400.04,2366.76,2377.59,56871
2024-07-25 08:00:00,2377.59,2378.72,2365.8,2374.59,48683
2024-07-25 12:00:00,2374.6,2382.51,2362.76,2371.06,46999
2024-07-25 16:00:00,2371.07,2376.3,2357.55,2362.64,63136
2024-07-25 20:00:00,2362.63,2365.42,2353.06,2363.35,28614
2024-07-26 00:00:00,2364.3,2365.38,2362.03,2362.68,9558
2024-07-26 04:00:00,2362.67,2379.33,2355.77,2369.82,37138
2024-07-26 08:00:00,2369.84,2375.28,2365.21,2372.92,36778
2024-07-26 12:00:00,2372.94,2379.01,2370.27,2377.49,33060
2024-07-26 16:00:00,2377.5,2390.75,2373.96,2389.12,49243
2024-07-26 20:00:00,2389.12,2389.16,2381.1,2388.01,15510
2024-07-29 00:00:00,2388.05,2403.13,2387.76,2400.01,15345
2024-07-29 04:00:00,2400.01,2402.51,2388.66,2394.87,38704
2024-07-29 08:00:00,2394.88,2396.18,2386.92,2390.3,35620
2024-07-29 12:00:00,2390.31,2395.34,2385.44,2393.83,28482
2024-07-29 16:00:00,2393.83,2396.69,2369.63,2378.08,46814
2024-07-29 20:00:00,2378.1,2385.4,2376.91,2382.31,19701
2024-07-30 00:00:00,2382.3,2384.9,2380.24,2381.79,6820
2024-07-30 04:00:00,2381.79,2388.27,2376.58,2386.35,26742
2024-07-30 08:00:00,2386.33,2391.99,2386.03,2389.4,34571
2024-07-30 12:00:00,2389.4,2392.35,2385.88,2386.52,22602
2024-07-30 16:00:00,2386.52,2400.27,2383.4,2399.81,49947
2024-07-30 20:00:00,2399.82,2412.7,2399.82,2410.58,26300
2024-07-31 00:00:00,2410.9,2410.9,2407.88,2408.97,10561
2024-07-31 04:00:00,2408.89,2421.19,2403.85,2421.18,35907
2024-07-31 08:00:00,2421.18,2425.5,2415.36,2421.4,40540
2024-07-31 12:00:00,2421.4,2423.23,2417.32,2420.43,27753
2024-07-31 16:00:00,2420.46,2429.01,2417.76,2426.96,43842
2024-07-31 20:00:00,2426.96,2450.9,2421.47,2447.02,43994
2024-08-01 00:00:00,2447.58,2449.44,2444.29,2447.52,13634
2024-08-01 04:00:00,2447.51,2458.31,2437.29,2444.21,45568
2024-08-01 08:00:00,2444.22,2448.82,2433.21,2433.84,39915
2024-08-01 12:00:00,2433.84,2454.84,2430.22,2450.72,35663
2024-08-01 16:00:00,2450.66,2461.85,2442.11,2444.47,51199
2024-08-01 20:00:00,2444.47,2444.68,2434.94,2444.48,30019
2024-08-02 00:00:00,2447.13,2452.26,2443.72,2449.01,15043
2024-08-02 04:00:00,2449.02,2460.3,2434.96,2457.85,41069
2024-08-02 08:00:00,2457.86,2468.44,2457.64,2462.0,44052
2024-08-02 12:00:00,2462.01,2477.63,2455.44,2472.85,41615
2024-08-02 16:00:00,2472.85,2474.32,2410.77,2430.49,87192
2024-08-02 20:00:00,2430.45,2442.33,2423.02,2440.07,28642
2024-08-05 00:00:00,2440.24,2446.28,2413.95,2422.14,30565
2024-08-05 04:00:00,2422.05,2458.76,2420.16,2452.69,52355
2024-08-05 08:00:00,2452.68,2452.68,2422.16,2424.98,65909
2024-08-05 12:00:00,2425.02,2428.81,2364.3,2374.46,70978
2024-08-05 16:00:00,2374.46,2412.21,2374.46,2403.0,83528
2024-08-05 20:00:00,2403.0,2412.97,2400.24,2409.72,36742
2024-08-06 00:00:00,2411.12,2418.31,2404.38,2415.89,21269
2024-08-06 04:00:00,2415.89,2417.74,2405.89,2408.03,44339
2024-08-06 08:00:00,2408.04,2415.37,2394.8,2411.11,53641
2024-08-06 12:00:00,2411.2,2416.27,2391.8,2392.99,41722
2024-08-06 16:00:00,2393.0,2403.1,2381.57,2390.0,68645
2024-08-06 20:00:00,2390.0,2395.92,2386.41,2387.72,29698
2024-08-07 00:00:00,2390.05,2390.56,2381.05,2386.47,14816
2024-08-07 04:00:00,2386.52,2394.74,2379.01,2392.78,47735
2024-08-07 08:00:00,2392.77,2397.56,2388.03,2393.33,39778
2024-08-07 12:00:00,2393.32,2407.04,2392.42,2403.78,31226
2024-08-07 16:00:00,2403.8,2404.78,2391.97,2399.68,48244
2024-08-07 20:00:00,2399.69,2399.69,2382.26,2382.59,29691
2024-08-08 00:00:00,2381.38,2388.8,2380.97,2385.54,18477
2024-08-08 04:00:00,2385.53,2396.4,2385.02,2394.36,43512
2024-08-08 08:00:00,2394.36,2400.7,2392.45,2394.54,40745
2024-08-08 12:00:00,2394.57,2415.44,2393.81,2408.03,39783
2024-08-08 16:00:00,2408.04,2424.32,2402.22,2418.07,55740
2024-08-08 20:00:00,2418.07,2426.31,2415.78,2425.64,22619
2024-08-09 00:00:00,2426.67,2427.46,2422.58,2423.91,11674
2024-08-09 04:00:00,2423.93,2428.94,2419.36,2423.89,30337
2024-08-09 08:00:00,2423.85,2426.97,2416.86,2424.49,30144
2024-08-09 12:00:00,2424.47,2432.57,2422.7,2429.64,29622
2024-08-09 16:00:00,2429.65,2435.91,2421.07,2434.45,50415
2024-08-09 20:00:00,2434.45,2436.98,2427.2,2430.55,17610
2024-08-12 00:00:00,2428.17,2433.44,2426.75,2428.45,9123
2024-08-12 04:00:00,2428.34,2433.48,2423.81,2433.34,21283
2024-08-12 08:00:00,2433.29,2443.78,2429.08,2441.97,27880
2024-08-12 12:00:00,2441.98,2445.41,2439.66,2444.4,24115
2024-08-12 16:00:00,2444.43,2466.08,2442.09,2463.09,49722
2024-08-12 20:00:00,2463.09,2472.26,2461.64,2471.9,19342
2024-08-13 00:00:00,2470.29,2476.87,2468.43,2472.12,13129
2024-08-13 04:00:00,2472.06,2473.64,2460.16,2461.98,37322
2024-08-13 08:00:00,2461.96,2466.11,2458.42,2460.56,37328
2024-08-13 12:00:00,2460.57,2472.44,2458.9,2467.68,31483
2024-08-13 16:00:00,2467.66,2475.61,2458.87,2469.48,44966
2024-08-13 20:00:00,2469.48,2470.24,2462.22,2465.32,16277
2024-08-14 00:00:00,2466.2,2467.37,2462.9,2465.66,9398
2024-08-14 04:00:00,2465.66,2472.5,2455.27,2461.79,38437
2024-08-14 08:00:00,2461.78,2478.68,2459.21,2474.42,33299
2024-08-14 12:00:00,2474.37,2479.86,2462.44,2468.75,35541
2024-08-14 16:00:00,2468.73,2469.49,2438.06,2444.11,61948
2024-08-14 20:00:00,2444.12,2448.41,2440.29,2448.02,19643
2024-08-15 00:00:00,2448.17,2454.21,2446.5,2450.15,9684
2024-08-15 04:00:00,2450.13,2455.43,2448.22,2453.37,32240
2024-08-15 08:00:00,2453.36,2458.81,2450.32,2455.47,32033
2024-08-15 12:00:00,2455.48,2470.01,2440.95,2441.08,34864
2024-08-15 16:00:00,2441.08,2459.83,2432.15,2455.7,59789
2024-08-15 20:00:00,2455.72,2461.57,2453.45,2455.37,21413
2024-08-16 00:00:00,2455.85,2459.7,2454.36,2458.29,7894
2024-08-16 04:00:00,2458.32,2459.98,2450.69,2452.69,30272
2024-08-16 08:00:00,2452.69,2464.43,2451.09,2462.33,31409
2024-08-16 12:00:00,2462.33,2492.39,2461.18,2491.61,35141
2024-08-16 16:00:00,2491.61,2500.07,2477.49,2495.83,62109
2024-08-16 20:00:00,2495.84,2509.7,2493.08,2508.2,25024
2024-08-19 00:00:00,2505.89,2506.78,2500.32,2502.03,14538
2024-08-19 04:00:00,2502.15,2505.99,2494.96,2500.64,43005
2024-08-19 08:00:00,2500.67,2507.12,2499.08,2503.12,37516
2024-08-19 12:00:00,2503.12,2503.96,2486.5,2491.14,33182
2024-08-19 16:00:00,2491.15,2507.46,2485.6,2505.49,48838
2024-08-19 20:00:00,2505.5,2505.82,2500.72,2503.95,15731
2024-08-20 00:00:00,2503.68,2506.79,2502.08,2504.91,8996
2024-08-20 04:00:00,2504.91,2508.17,2498.69,2500.8,30807
2024-08-20 08:00:00,2500.8,2523.08,2497.3,2519.82,39977
2024-08-20 12:00:00,2519.87,2529.2,2519.81,2526.75,32411
2024-08-20 16:00:00,2526.67,2531.61,2500.82,2509.05,56811
2024-08-20 20:00:00,2509.05,2516.85,2506.78,2515.7,17189
2024-08-21 00:00:00,2513.85,2516.06,2512.45,2513.48,9491
2024-08-21 04:00:00,2513.56,2519.92,2510.85,2516.13,31055
2024-08-21 08:00:00,2516.15,2519.55,2506.92,2507.29,30059
2024-08-21 12:00:00,2507.27,2513.65,2504.46,2510.51,26716
2024-08-21 16:00:00,2510.54,2512.82,2493.39,2507.11,56060
2024-08-21 20:00:00,2507.05,2519.09,2506.91,2511.35,21591
2024-08-22 00:00:00,2512.14,2514.61,2511.21,2513.7,9038
2024-08-22 04:00:00,2513.7,2514.09,2499.28,2501.89,35806
2024-08-22 08:00:00,2501.88,2510.54,2500.66,2503.63,33808
2024-08-22 12:00:00,2503.6,2509.06,2495.14,2500.63,33068
2024-08-22 16:00:00,2500.63,2501.52,2470.73,2484.27,56971
2024-08-22 20:00:00,2484.27,2484.9,2478.57,2484.2,19515
2024-08-23 00:00:00,2485.27,2492.21,2484.22,2489.95,8584
2024-08-23 04:00:00,2489.95,2494.47,2486.68,2493.38,30566
2024-08-23 08:00:00,2493.38,2499.89,2490.59,2498.96,28248
2024-08-23 12:00:00,2499.01,2502.39,2495.56,2501.26,26751
2024-08-23 16:00:00,2501.24,2518.31,2494.39,2510.26,69670
2024-08-23 20:00:00,2510.27,2513.19,2507.9,2510.93,20623
2024-08-26 00:00:00,2511.93,2516.88,2510.96,2513.67,16578
2024-08-26 04:00:00,2513.66,2515.36,2508.93,2509.57,36335
2024-08-26 08:00:00,2509.57,2525.73,2508.69,2524.18,36225
2024-08-26 12:00:00,2524.18,2526.77,2520.89,2523.8,30346
2024-08-26 16:00:00,2523.81,2526.42,2510.59,2520.15,48825
2024-08-26 20:00:00,2520.11,2523.29,2515.62,2517.64,16822
2024-08-27 00:00:00,2517.64,2517.81,2512.86,2513.13,7053
2024-08-27 04:00:00,2513.14,2514.06,2505.79,2507.29,29602
2024-08-27 08:00:00,2507.3,2517.53,2503.49,2511.01,36339
2024-08-27 12:00:00,2510.99,2514.31,2506.84,2509.83,31706
2024-08-27 16:00:00,2509.81,2520.23,2503.54,2514.41,48595
2024-08-27 20:00:00,2514.42,2525.93,2514.09,2524.26,19955
2024-08-28 00:00:00,2525.22,2528.96,2523.89,2524.38,7789
2024-08-28 04:00:00,2524.37,2524.37,2510.22,2511.51,24146
2024-08-28 08:00:00,2511.51,2511.63,2503.28,2508.13,34668
2024-08-28 12:00:00,2508.1,2511.33,2493.56,2500.63,30212
2024-08-28 16:00:00,2500.62,2510.53,2496.38,2501.9,45959
2024-08-28 20:00:00,2501.9,2509.52,2500.56,2504.52,19302
2024-08-29 00:00:00,2506.12,2515.31,2504.96,2512.31,10246
2024-08-29 04:00:00,2512.28,2518.14,2511.67,2515.89,23105
2024-08-29 08:00:00,2515.89,2521.18,2513.74,2517.15,30123
2024-08-29 12:00:00,2517.18,2524.37,2503.6,2509.11,31554
2024-08-29 16:00:00,2509.12,2526.61,2508.2,2525.25,47637
2024-08-29 20:00:00,2525.26,2528.63,2520.63,2521.07,19624
2024-08-30 00:00:00,2520.67,2521.72,2516.69,2517.72,6152
2024-08-30 04:00:00,2517.72,2520.01,2512.17,2513.33,21674
2024-08-30 08:00:00,2513.34,2526.68,2512.47,2522.89,28942
2024-08-30 12:00:00,2522.89,2526.8,2514.98,2519.62,29941
2024-08-30 16:00:00,2519.63,2519.83,2496.52,2497.69,59102
2024-08-30 20:00:00,2497.66,2504.67,2494.12,2503.28,22229
2024-09-02 00:00:00,2502.75,2504.92,2501.11,2501.44,6898
2024-09-02 04:00:00,2501.43,2504.61,2490.04,2496.9,25743
2024-09-02 08:00:00,2496.91,2507.24,2495.25,2506.29,28033
2024-09-02 12:00:00,2506.27,2506.59,2497.03,2501.24,21607
2024-09-02 16:00:00,2501.29,2502.42,2497.65,2500.51,21895
2024-09-02 20:00:00,2500.47,2501.26,2499.79,2499.93,978
2024-09-03 00:00:00,2499.31,2499.65,2494.93,2495.77,7239
2024-09-03 04:00:00,2495.76,2496.92,2489.69,2495.91,27927
2024-09-03 08:00:00,2495.91,2506.24,2492.71,2503.92,30035
2024-09-03 12:00:00,2503.95,2504.93,2484.74,2493.25,39861
2024-09-03 16:00:00,2493.22,2497.59,2473.48,2486.05,59036
2024-09-03 20:00:00,2486.05,2494.32,2485.47,2492.12,16772
2024-09-04 00:00:00,2492.65,2494.97,2492.03,2492.28,9422
2024-09-04 04:00:00,2492.27,2496.84,2491.27,2495.88,20118
2024-09-04 08:00:00,2495.89,2496.56,2472.51,2473.25,32385
2024-09-04 12:00:00,2473.33,2491.18,2471.83,2486.51,35280
2024-09-04 16:00:00,2486.52,2500.25,2482.08,2496.66,50207
2024-09-04 20:00:00,2496.67,2497.32,2491.46,2495.44,17052
2024-09-05 00:00:00,2495.27,2496.9,2494.44,2495.18,6579
2024-09-05 04:00:00,2495.19,2499.27,2493.81,2494.26,21896
2024-09-05 08:00:00,2494.25,2516.65,2493.95,2514.66,35252
2024-09-05 12:00:00,2514.68,2523.46,2513.27,2517.74,37030
2024-09-05 16:00:00,2517.74,2520.54,2503.88,2510.37,56464
2024-09-05 20:00:00,2510.31,2516.81,2509.26,2516.42,15283
2024-09-06 00:00:00,2516.23,2517.91,2515.58,2515.88,6824
2024-09-06 04:00:00,2515.88,2519.48,2512.98,2518.39,18784
2024-09-06 08:00:00,2518.39,2521.81,2515.47,2517.83,26522
2024-09-06 12:00:00,2517.87,2529.11,2507.14,2522.21,36092
2024-09-06 16:00:00,2522.21,2522.99,2485.1,2489.08,88231
2024-09-06 20:00:00,2489.05,2496.96,2485.95,2496.78,29595
2024-09-09 00:00:00,2496.94,2498.25,2495.5,2495.93,11754
2024-09-09 04:00:00,2495.96,2500.46,2494.68,2498.22,29982
2024-09-09 08:00:00,2498.2,2498.3,2485.54,2492.19,47905
2024-09-09 12:00:00,2492.2,2504.11,2492.08,2500.89,32165
2024-09-09 16:00:00,2500.87,2505.23,2493.21,2504.32,44107
2024-09-09 20:00:00,2504.33,2507.11,2499.4,2506.33,19118
2024-09-10 00:00:00,2506.63,2507.61,2504.8,2505.36,7896
2024-09-10 04:00:00,2505.39,2506.83,2501.03,2501.74,24184
2024-09-10 08:00:00,2501.74,2507.68,2500.1,2502.29,30648
2024-09-10 12:00:00,2502.29,2514.03,2500.15,2513.79,32782
2024-09-10 16:00:00,2513.8,2518.37,2500.85,2514.36,53210
2024-09-10 20:00:00,2514.35,2517.42,2512.05,2516.53,19978
2024-09-11 00:00:00,2516.68,2519.08,2516.16,2516.58,7788
2024-09-11 04:00:00,2516.57,2522.55,2514.92,2519.59,30782
2024-09-11 08:00:00,2519.58,2529.01,2519.34,2524.29,36163
2024-09-11 12:00:00,2524.29,2524.68,2502.19,2508.21,38326
2024-09-11 16:00:00,2508.18,2519.96,2500.84,2515.16,67929
2024-09-11 20:00:00,2515.15,2516.85,2509.75,2512.4,22856
2024-09-12 00:00:00,2512.29,2513.83,2511.08,2512.19,6776
2024-09-12 04:00:00,2512.17,2517.7,2510.99,2517.0,25385
2024-09-12 08:00:00,2517.01,2522.25,2514.45,2517.36,28352
2024-09-12 12:00:00,2517.33,2535.22,2513.0,2528.52,37626
2024-09-12 16:00:00,2528.52,2555.18,2522.11,2550.64,71247
2024-09-12 20:00:00,2550.67,2560.03,2550.07,2559.11,34155
2024-09-13 00:00:00,2558.3,2562.72,2556.62,2561.56,12267
2024-09-13 04:00:00,2561.59,2570.1,2559.93,2568.8,33133
2024-09-13 08:00:00,2568.8,2571.04,2563.08,2569.94,40258
2024-09-13 12:00:00,2569.92,2575.86,2563.65,2575.79,35700
2024-09-13 16:00:00,2575.77,2585.12,2573.12,2584.3,56887
2024-09-13 20:00:00,2584.29,2586.0,2578.63,2580.58,24045
2024-09-16 00:00:00,2578.71,2582.31,2577.59,2581.32,9270
2024-09-16 04:00:00,2581.32,2588.92,2579.79,2585.78,17206
2024-09-16 08:00:00,2585.79,2589.61,2579.53,2586.82,30292
2024-09-16 12:00:00,2586.8,2588.24,2575.22,2583.37,31583
2024-09-16 16:00:00,2583.4,2589.3,2576.09,2583.61,46129
2024-09-16 20:00:00,2583.55,2584.08,2579.57,2582.72,16147
2024-09-17 00:00:00,2582.49,2584.36,2580.21,2580.22,7228
2024-09-17 04:00:00,2580.21,2586.25,2574.89,2576.89,21750
2024-09-17 08:00:00,2576.89,2586.88,2574.55,2580.08,28537
2024-09-17 12:00:00,2580.09,2581.67,2568.34,2577.75,40816
2024-09-17 16:00:00,2577.75,2582.18,2561.38,2563.07,54039
2024-09-17 20:00:00,2563.08,2571.64,2560.74,2569.58,23640
2024-09-18 00:00:00,2570.19,2574.78,2569.9,2572.99,8450
2024-09-18 04:00:00,2573.0,2576.42,2567.97,2568.64,32589
2024-09-18 08:00:00,2568.61,2571.95,2565.72,2569.73,29648
2024-09-18 12:00:00,2569.74,2580.7,2567.93,2576.22,28952
2024-09-18 16:00:00,2576.25,2578.51,2568.01,2574.86,47229
2024-09-18 20:00:00,2574.83,2600.12,2546.77,2557.64,78081
2024-09-19 00:00:00,2558.88,2561.52,2555.55,2558.72,15888
2024-09-19 04:00:00,2558.69,2566.68,2551.04,2564.07,41265
2024-09-19 08:00:00,2564.08,2586.54,2563.95,2584.9,44804
2024-09-19 12:00:00,2584.95,2594.82,2573.1,2576.71,50924
2024-09-19 16:00:00,2576.71,2592.53,2569.72,2591.69,64736
2024-09-19 20:00:00,2591.68,2592.59,2585.89,2587.07,20610
2024-09-20 00:00:00,2586.39,2588.46,2586.1,2588.03,7466
2024-09-20 04:00:00,2588.08,2594.33,2584.77,2593.7,30749
2024-09-20 08:00:00,2593.76,2612.67,2592.38,2609.77,39114
2024-09-20 12:00:00,2609.77,2619.33,2602.46,2615.58,37155
2024-09-20 16:00:00,2615.57,2625.73,2602.58,2624.89,67738
2024-09-20 20:00:00,2624.86,2625.37,2617.78,2621.92,27474
2024-09-23 00:00:00,2621.01,2622.0,2618.16,2618.29,7694
2024-09-23 04:00:00,2618.2,2631.08,2616.03,2629.4,25827
2024-09-23 08:00:00,2629.39,2631.31,2613.84,2616.87,41387
2024-09-23 12:00:00,2616.86,2628.12,2615.37,2627.0,32694
2024-09-23 16:00:00,2627.05,2634.84,2625.53,2628.16,55054
2024-09-23 20:00:00,2628.17,2629.09,2625.64,2627.59,21402
2024-09-24 00:00:00,2626.98,2628.2,2623.82,2625.15,7655
2024-09-24 04:00:00,2625.19,2638.22,2624.87,2638.08,35826
2024-09-24 08:00:00,2638.1,2640.07,2622.59,2629.02,45397
2024-09-24 12:00:00,2629.05,2636.23,2623.32,2633.15,41154
2024-09-24 16:00:00,2633.15,2655.13,2630.94,2653.5,70487
2024-09-24 20:00:00,2653.52,2664.28,2649.77,2657.18,29513
2024-09-25 00:00:00,2658.59,2661.02,2656.59,2660.77,10512
2024-09-25 04:00:00,2660.78,2670.51,2655.48,2658.92,41180
2024-09-25 08:00:00,2658.89,2659.8,2651.48,2655.88,38593
2024-09-25 12:00:00,2655.89,2660.76,2652.65,2659.47,34467
2024-09-25 16:00:00,2659.48,2667.42,2649.62,2653.73,59667
2024-09-25 20:00:00,2653.72,2662.95,2653.14,2657.6,22611
2024-09-26 00:00:00,2658.04,2660.35,2655.37,2659.05,9545
2024-09-26 04:00:00,2659.08,2662.89,2657.04,2660.64,25761
2024-09-26 08:00:00,2660.63,2670.54,2657.98,2669.0,40289
2024-09-26 12:00:00,2669.01,2685.54,2666.91,2677.27,50058
2024-09-26 16:00:00,2677.26,2679.66,2654.8,2668.18,72890
2024-09-26 20:00:00,2668.17,2677.84,2667.54,2672.52,23774
2024-09-27 00:00:00,2672.08,2673.24,2669.35,2669.8,10101
2024-09-27 04:00:00,2669.79,2673.95,2666.21,2670.5,36324
2024-09-27 08:00:00,2670.51,2671.35,2660.95,2662.62,52001
2024-09-27 12:00:00,2662.59,2674.28,2658.33,2670.06,41400
2024-09-27 16:00:00,2670.05,2671.05,2644.73,2651.82,65736
2024-09-27 20:00:00,2651.83,2654.56,2643.05,2654.56,28896
2024-09-30 00:00:00,2661.6,2665.95,2659.82,2661.57,17409
2024-09-30 04:00:00,2661.55,2664.27,2647.29,2655.88,36055
2024-09-30 08:00:00,2655.88,2660.62,2650.59,2653.45,37709
2024-09-30 12:00:00,2653.48,2653.6,2634.43,2638.99,39849
2024-09-30 16:00:00,2639.0,2642.07,2628.8,2639.1,59768
2024-09-30 20:00:00,2639.12,2641.8,2624.62,2633.38,34979
2024-10-01 00:00:00,2633.55,2637.1,2633.16,2636.38,7433
2024-10-01 04:00:00,2636.38,2640.37,2634.52,2639.56,15323
2024-10-01 08:00:00,2639.57,2647.41,2639.55,2646.53,31450
2024-10-01 12:00:00,2646.55,2656.65,2645.37,2651.49,33371
2024-10-01 16:00:00,2651.53,2673.11,2647.95,2666.42,69565
2024-10-01 20:00:00,2666.49,2671.73,2657.52,2662.69,29219
2024-10-02 00:00:00,2661.79,2662.81,2656.92,2657.4,8691
2024-10-02 04:00:00,2657.44,2661.96,2652.57,2654.1,21805
2024-10-02 08:00:00,2654.11,2656.17,2644.51,2652.44,32628
2024-10-02 12:00:00,2652.38,2655.51,2643.72,2649.56,31526
2024-10-02 16:00:00,2649.57,2663.32,2641.09,2649.64,55498
2024-10-02 20:00:00,2649.62,2659.79,2647.17,2658.66,18529
2024-10-03 00:00:00,2658.8,2662.83,2657.4,2657.77,11370
2024-10-03 04:00:00,2657.78,2658.89,2653.28,2654.94,20333
2024-10-03 08:00:00,2654.94,2657.42,2641.78,2645.09,36049
2024-10-03 12:00:00,2645.05,2654.05,2640.94,2642.36,38728
2024-10-03 16:00:00,2642.35,2661.05,2637.23,2660.0,56561
2024-10-03 20:00:00,2660.02,2662.05,2655.14,2656.16,20269
2024-10-04 00:00:00,2655.89,2657.48,2654.31,2657.25,7452
2024-10-04 04:00:00,2657.23,2665.78,2656.76,2664.05,19236
2024-10-04 08:00:00,2664.06,2667.78,2658.73,2658.98,25403
2024-10-04 12:00:00,2658.99,2662.53,2631.96,2638.8,36042
2024-10-04 16:00:00,2638.84,2670.11,2637.48,2645.35,69449
2024-10-04 20:00:00,2645.34,2653.2,2642.69,2652.45,25852
2024-10-07 00:00:00,2651.59,2652.39,2647.79,2649.28,9473
2024-10-07 04:00:00,2649.28,2651.89,2643.78,2646.72,22711
2024-10-07 08:00:00,2646.73,2656.35,2639.68,2652.22,32709
2024-10-07 12:00:00,2652.23,2659.61,2637.73,2640.05,36389
2024-10-07 16:00:00,2640.01,2653.7,2639.1,2646.8,47735
2024-10-07 20:00:00,2646.81,2648.73,2639.63,2642.68,18475
2024-10-08 00:00:00,2642.0,2649.09,2641.79,2643.59,11178
2024-10-08 04:00:00,2643.51,2648.2,2633.72,2643.06,45910
2024-10-08 08:00:00,2643.07,2646.41,2628.52,2637.91,46059
2024-10-08 12:00:00,2637.9,2652.99,2635.76,2645.91,42078
2024-10-08 16:00:00,2645.91,2647.69,2604.7,2608.94,71472
2024-10-08 20:00:00,2608.93,2623.6,2605.52,2621.06,27995
2024-10-09 00:00:00,2621.72,2623.76,2620.56,2621.15,8511
2024-10-09 04:00:00,2621.13,2624.18,2614.9,2615.97,32434
2024-10-09 08:00:00,2615.96,2624.27,2609.13,2616.25,40050
2024-10-09 12:00:00,2616.26,2622.4,2614.65,2618.88,30095
2024-10-09 16:00:00,2618.89,2620.64,2605.24,2608.68,51506
2024-10-09 20:00:00,2608.67,2611.02,2605.11,2607.81,19776
2024-10-10 00:00:00,2607.7,2610.13,2605.9,2609.31,7593
2024-10-10 04:00:00,2609.3,2616.86,2606.77,2613.85,32453
2024-10-10 08:00:00,2613.89,2617.29,2610.2,2615.45,31291
2024-10-10 12:00:00,2615.47,2627.22,2602.37,2625.02,36748
2024-10-10 16:00:00,2625.03,2629.76,2615.71,2619.28,67852
2024-10-10 20:00:00,2619.26,2631.47,2616.49,2629.1,26980
2024-10-11 00:00:00,2628.47,2635.91,2628.11,2633.78,12037
2024-10-11 04:00:00,2633.79,2646.02,2632.91,2645.6,30738
2024-10-11 08:00:00,2645.55,2647.16,2638.03,2639.2,29538
2024-10-11 12:00:00,2639.24,2650.08,2636.14,2643.03,32061
2024-10-11 16:00:00,2643.13,2661.35,2642.61,2660.42,50882
2024-10-11 20:00:00,2660.43,2661.13,2654.71,2656.93,20715
2024-10-14 00:00:00,2649.67,2652.51,2645.09,2646.67,13149
2024-10-14 04:00:00,2646.67,2660.27,2643.12,2659.2,29417
2024-10-14 08:00:00,2659.17,2666.77,2657.06,2659.37,27911
2024-10-14 12:00:00,2659.38,2662.96,2649.26,2651.35,25427
2024-10-14 16:00:00,2651.33,2661.16,2643.91,2648.5,44351
2024-10-14 20:00:00,2648.53,2653.29,2646.04,2646.65,14812
2024-10-15 00:00:00,2649.11,2650.92,2647.78,2648.14,7017
2024-10-15 04:00:00,2648.13,2652.7,2642.88,2644.33,26802
2024-10-15 08:00:00,2644.31,2655.69,2638.02,2653.92,37591
2024-10-15 12:00:00,2653.92,2657.39,2645.56,2648.23,34858
2024-10-15 16:00:00,2648.24,2668.88,2646.0,2661.81,60768
2024-10-15 20:00:00,2661.8,2666.45,2658.96,2662.8,25517
2024-10-16 00:00:00,2662.2,2662.82,2658.65,2660.15,7045
2024-10-16 04:00:00,2660.15,2670.02,2660.12,2666.68,33142
2024-10-16 08:00:00,2666.7,2680.08,2666.11,2679.46,36095
2024-10-16 12:00:00,2679.49,2682.7,2672.95,2681.75,37548
2024-10-16 16:00:00,2681.73,2685.34,2666.7,2674.13,56800
2024-10-16 20:00:00,2674.14,2676.62,2672.69,2673.26,15951
2024-10-17 00:00:00,2674.52,2677.94,2673.21,2677.88,7053
2024-10-17 04:00:00,2677.87,2684.81,2674.49,2679.05,38471
2024-10-17 08:00:00,2679.04,2685.7,2678.05,2681.81,36571
2024-10-17 12:00:00,2681.81,2688.73,2673.11,2680.61,41977
2024-10-17 16:00:00,2680.62,2696.7,2677.79,2692.2,61762
2024-10-17 20:00:00,2692.2,2694.17,2688.87,2691.98,15728
2024-10-18 00:00:00,2692.97,2695.73,2692.26,2692.98,8265
2024-10-18 04:00:00,2692.98,2711.91,2692.76,2710.18,38894
2024-10-18 08:00:00,2710.18,2714.0,2701.65,2706.21,41214
2024-10-18 12:00:00,2706.2,2716.98,2706.17,2709.53,41273
2024-10-18 16:00:00,2709.5,2720.11,2704.96,2717.6,52460
2024-10-18 20:00:00,2717.63,2722.04,2713.55,2721.42,23113
2024-10-21 00:00:00,2722.91,2725.8,2720.37,2721.61,13253
2024-10-21 04:00:00,2721.62,2732.79,2721.01,2730.37,37717
2024-10-21 08:00:00,2730.38,2733.08,2723.58,2731.37,37633
2024-10-21 12:00:00,2731.41,2739.72,2727.76,2738.58,42361
2024-10-21 16:00:00,2738.59,2740.55,2716.89,2723.5,60145
2024-10-21 20:00:00,2723.51,2725.61,2714.14,2719.54,25030
2024-10-22 00:00:00,2719.27,2725.13,2719.08,2724.71,9276
2024-10-22 04:00:00,2724.71,2735.94,2724.0,2734.72,30899
2024-10-22 08:00:00,2734.71,2738.37,2728.99,2734.88,33114
2024-10-22 12:00:00,2734.88,2739.32,2729.49,2736.18,38335
2024-10-22 16:00:00,2736.2,2745.49,2733.7,2745.32,55218
2024-10-22 20:00:00,2745.32,2748.82,2743.52,2748.23,25447
2024-10-23 00:00:00,2747.05,2748.13,2744.76,2745.19,6792
2024-10-23 04:00:00,2745.2,2750.64,2737.91,2749.96,35159
2024-10-23 08:00:00,2749.95,2758.41,2748.05,2756.92,34275
2024-10-23 12:00:00,2756.92,2757.56,2740.73,2743.31,37474
2024-10-23 16:00:00,2743.33,2744.08,2708.71,2719.4,72029
2024-10-23 20:00:00,2719.41,2720.63,2711.94,2715.71,30373
2024-10-24 00:00:00,2716.31,2721.88,2715.7,2721.23,10350
2024-10-24 04:00:00,2721.25,2727.09,2720.24,2726.52,30876
2024-10-24 08:00:00,2726.52,2737.84,2725.86,2736.82,38918
2024-10-24 12:00:00,2736.74,2741.56,2734.53,2739.02,33672
2024-10-24 16:00:00,2739.03,2743.23,2722.39,2733.61,59426
2024-10-24 20:00:00,2733.61,2737.74,2732.82,2735.8,18811
2024-10-25 00:00:00,2735.88,2735.88,2731.21,2732.33,6198
2024-10-25 04:00:00,2732.34,2735.04,2723.88,2725.9,27210
2024-10-25 08:00:00,2725.98,2732.55,2718.88,2719.4,31295
2024-10-25 12:00:00,2719.41,2732.43,2717.0,2731.48,30686
2024-10-25 16:00:00,2731.5,2742.03,2725.22,2739.21,49207
2024-10-25 20:00:00,2739.26,2745.99,2738.78,2745.49,20305
2024-10-28 00:00:00,2733.74,2740.17,2730.24,2732.41,16350
2024-10-28 04:00:00,2732.4,2735.5,2724.64,2732.88,28018
2024-10-28 08:00:00,2732.89,2744.5,2731.1,2731.96,31341
2024-10-28 12:00:00,2731.95,2734.79,2727.8,2734.26,26904
2024-10-28 16:00:00,2734.23,2745.88,2732.7,2742.72,44191
2024-10-28 20:00:00,2742.72,2744.95,2740.13,2742.62,16572
2024-10-29 00:00:00,2741.28,2746.76,2739.82,2745.69,8294
2024-10-29 04:00:00,2745.7,2757.65,2745.51,2754.69,30818
2024-10-29 08:00:00,2754.8,2756.74,2746.27,2754.61,29772
2024-10-29 12:00:00,2754.62,2756.54,2746.14,2749.11,29606
2024-10-29 16:00:00,2749.11,2771.63,2748.2,2769.35,61334
2024-10-29 20:00:00,2769.26,2774.7,2766.24,2773.63,22310
2024-10-30 00:00:00,2773.32,2779.08,2772.92,2778.05,9004
2024-10-30 04:00:00,2778.08,2782.1,2776.03,2780.12,30524
2024-10-30 08:00:00,2780.1,2789.71,2778.0,2781.88,32826
2024-10-30 12:00:00,2781.67,2786.38,2773.66,2782.45,29264
2024-10-30 16:00:00,2782.43,2787.46,2770.84,2785.3,59670
2024-10-30 20:00:00,2785.29,2789.91,2783.94,2787.68,22232
2024-10-31 00:00:00,2786.3,2788.17,2784.64,2787.51,6507
2024-10-31 04:00:00,2787.54,2790.02,2782.05,2784.4,23182
2024-10-31 08:00:00,2784.38,2786.53,2776.9,2779.03,29249
2024-10-31 12:00:00,2779.04,2782.49,2771.97,2773.61,32074
2024-10-31 16:00:00,2773.62,2773.85,2731.52,2740.66,72939
2024-10-31 20:00:00,2740.65,2749.69,2738.19,2744.16,26185
2024-11-01 00:00:00,2745.23,2747.85,2744.83,2744.96,6598
2024-11-01 04:00:00,2744.95,2752.91,2744.75,2752.18,27802
2024-11-01 08:00:00,2752.22,2757.64,2747.1,2753.35,29712
2024-11-01 12:00:00,2753.36,2759.79,2744.78,2753.77,35598
2024-11-01 16:00:00,2753.79,2762.11,2739.62,2743.1,65730
2024-11-01 20:00:00,2743.08,2743.79,2733.12,2734.62,26284
2024-11-04 00:00:00,2731.95,2741.26,2731.95,2739.88,19899
2024-11-04 04:00:00,2739.88,2743.65,2736.92,2741.49,22975
2024-11-04 08:00:00,2741.5,2744.74,2731.82,2743.27,31056
2024-11-04 12:00:00,2743.29,2746.74,2736.48,2746.71,29560
2024-11-04 16:00:00,2746.72,2748.13,2731.65,2738.33,45115
2024-11-04 20:00:00,2738.34,2739.62,2735.51,2736.48,15802
2024-11-05 00:00:00,2737.26,2737.47,2732.89,2734.18,11913
2024-11-05 04:00:00,2734.19,2737.19,2724.66,2732.52,31748
2024-11-05 08:00:00,2732.52,2744.95,2731.7,2739.81,29485
2024-11-05 12:00:00,2739.81,2746.61,2735.53,2744.66,28450
2024-11-05 16:00:00,2744.65,2749.87,2732.97,2741.88,43592
2024-11-05 20:00:00,2741.89,2744.84,2739.33,2743.71,15651
2024-11-06 00:00:00,2743.01,2749.56,2732.55,2746.97,30966
2024-11-06 04:00:00,2746.99,2748.27,2730.58,2738.94,63459
2024-11-06 08:00:00,2738.96,2739.17,2701.2,2724.6,67482
2024-11-06 12:00:00,2724.59,2727.07,2658.98,2664.12,63758
2024-11-06 16:00:00,2664.13,2678.12,2652.3,2663.24,67725
2024-11-06 20:00:00,2663.22,2669.43,2659.05,2659.28,25191
2024-11-07 00:00:00,2662.12,2664.23,2643.13,2649.33,23477
2024-11-07 04:00:00,2649.33,2661.12,2649.33,2659.08,30341
2024-11-07 08:00:00,2659.09,2667.49,2652.67,2661.57,34412
2024-11-07 12:00:00,2661.58,2685.09,2659.77,2684.55,40856
2024-11-07 16:00:00,2684.55,2700.25,2682.35,2699.32,53756
2024-11-07 20:00:00,2699.33,2710.21,2687.41,2707.07,40423
2024-11-08 00:00:00,2704.17,2710.28,2699.09,2699.83,17465
2024-11-08 04:00:00,2699.83,2700.96,2693.23,2695.16,24148
2024-11-08 08:00:00,2695.17,2695.73,2680.25,2689.25,41235
2024-11-08 12:00:00,2689.24,2701.06,2681.97,2697.51,38686
2024-11-08 16:00:00,2697.52,2703.99,2682.83,2687.91,51897
2024-11-08 20:00:00,2687.91,2688.71,2682.76,2683.76,18781
2024-11-11 00:00:00,2683.36,2686.05,2671.79,2672.92,19598
2024-11-11 04:00:00,2672.93,2675.14,2666.41,2669.21,25879
2024-11-11 08:00:00,2669.22,2674.06,2663.81,2666.8,33741
2024-11-11 12:00:00,2666.79,2675.22,2634.32,2635.49,41594
2024-11-11 16:00:00,2635.55,2635.62,2611.41,2612.54,54333
2024-11-11 20:00:00,2612.52,2626.12,2610.6,2620.15,17808
2024-11-12 00:00:00,2621.09,2627.06,2619.11,2624.09,15758
2024-11-12 04:00:00,2624.07,2625.41,2605.35,2606.82,30512
2024-11-12 08:00:00,2606.8,2610.12,2590.78,2593.23,43294
2024-11-12 12:00:00,2593.2,2616.3,2589.63,2611.56,45059
2024-11-12 16:00:00,2611.62,2616.98,2592.43,2597.39,52315
2024-11-12 20:00:00,2597.4,2602.03,2595.09,2597.27,22595
2024-11-13 00:00:00,2597.91,2611.08,2597.56,2608.07,16342
2024-11-13 04:00:00,2608.08,2613.19,2603.51,2605.7,29244
2024-11-13 08:00:00,2605.69,2611.62,2600.99,2608.57,27853
2024-11-13 12:00:00,2608.58,2618.74,2605.77,2612.33,35269
2024-11-13 16:00:00,2612.32,2616.32,2577.59,2583.29,66640
2024-11-13 20:00:00,2583.28,2585.44,2572.94,2573.69,23533
2024-11-14 00:00:00,2573.99,2581.41,2561.49,2562.55,22170
2024-11-14 04:00:00,2562.54,2565.18,2555.24,2558.58,28972
2024-11-14 08:00:00,2558.58,2560.43,2536.75,2543.49,45796
2024-11-14 12:00:00,2543.48,2560.27,2539.01,2557.09,45777
2024-11-14 16:00:00,2557.05,2577.43,2554.25,2572.95,56093
2024-11-14 20:00:00,2572.97,2576.85,2563.86,2566.31,31187
2024-11-15 00:00:00,2566.43,2571.62,2563.02,2564.97,15023
2024-11-15 04:00:00,2564.95,2571.08,2559.66,2559.87,20546
2024-11-15 08:00:00,2559.84,2568.91,2554.44,2563.93,32090
2024-11-15 12:00:00,2563.92,2575.71,2561.14,2565.28,43110
2024-11-15 16:00:00,2565.28,2575.95,2560.09,2562.92,60486
2024-11-15 20:00:00,2562.94,2568.01,2559.43,2561.45,22347
2024-11-18 00:00:00,2567.66,2597.23,2567.66,2586.98,25805
2024-11-18 04:00:00,2586.96,2594.99,2585.01,2585.51,25879
2024-11-18 08:00:00,2585.5,2597.24,2580.35,2595.68,36566
2024-11-18 12:00:00,2595.67,2605.06,2589.49,2603.92,36915
2024-11-18 16:00:00,2603.91,2615.02,2602.74,2610.35,46284
2024-11-18 20:00:00,2610.34,2612.51,2607.68,2612.11,17012
2024-11-19 00:00:00,2610.5,2617.79,2610.38,2615.64,14461
2024-11-19 04:00:00,2615.62,2625.47,2615.61,2622.51,29624
2024-11-19 08:00:00,2622.52,2634.42,2617.66,2630.21,40729
2024-11-19 12:00:00,2630.21,2639.36,2628.71,2635.22,43063
2024-11-19 16:00:00,2635.17,2636.84,2620.85,2628.01,54075
2024-11-19 20:00:00,2628.04,2634.56,2626.24,2631.72,18769
2024-11-20 00:00:00,2632.37,2641.4,2631.9,2639.55,15624
2024-11-20 04:00:00,2639.56,2641.75,2634.86,2636.83,21371
2024-11-20 08:00:00,2636.78,2637.03,2618.78,2621.86,35745
2024-11-20 12:00:00,2621.79,2640.44,2620.88,2636.06,33846
2024-11-20 16:00:00,2636.07,2655.33,2634.14,2651.74,44236
2024-11-20 20:00:00,2651.75,2653.06,2645.39,2650.01,21329
2024-11-21 00:00:00,2649.77,2660.39,2648.79,2653.35,16128
2024-11-21 04:00:00,2653.34,2658.83,2650.34,2656.87,21333
2024-11-21 08:00:00,2656.87,2671.54,2656.52,2668.81,32553
2024-11-21 12:00:00,2668.81,2673.48,2660.37,2665.41,34663
2024-11-21 16:00:00,2665.41,2672.73,2661.29,2671.78,50834
2024-11-21 20:00:00,2671.8,2673.44,2667.77,2669.66,19751
2024-11-22 00:00:00,2669.58,2679.4,2668.04,2677.77,16941
2024-11-22 04:00:00,2677.76,2692.31,2677.27,2686.59,30397
2024-11-22 08:00:00,2686.6,2707.38,2685.77,2703.3,45455
2024-11-22 12:00:00,2703.32,2710.03,2689.3,2692.87,47221
2024-11-22 16:00:00,2692.88,2707.16,2684.38,2706.75,53973
2024-11-22 20:00:00,2706.76,2712.77,2704.99,2712.73,22907
2024-11-25 00:00:00,2710.91,2721.3,2694.86,2701.22,32583
2024-11-25 04:00:00,2701.21,2704.4,2658.17,2664.68,46064
2024-11-25 08:00:00,2664.7,2675.12,2661.64,2673.84,47625
2024-11-25 12:00:00,2673.84,2688.71,2668.74,2678.24,45223
2024-11-25 16:00:00,2678.26,2678.66,2624.4,2627.82,73046
2024-11-25 20:00:00,2627.84,2628.66,2615.54,2625.23,27578
2024-11-26 00:00:00,2627.45,2632.13,2605.21,2628.13,32601
2024-11-26 04:00:00,2628.13,2631.34,2617.81,2624.35,31943
2024-11-26 08:00:00,2624.32,2627.11,2610.79,2625.97,39566
2024-11-26 12:00:00,2626.0,2641.89,2623.97,2629.9,46331
2024-11-26 16:00:00,2629.87,2633.76,2616.7,2624.93,54830
2024-11-26 20:00:00,2624.91,2633.51,2619.51,2632.12,24940
2024-11-27 00:00:00,2631.17,2634.09,2627.0,2631.3,15208
2024-11-27 04:00:00,2631.29,2645.71,2631.04,2641.95,26196
2024-11-27 08:00:00,2641.95,2653.74,2638.96,2648.39,34706
2024-11-27 12:00:00,2648.39,2658.14,2643.2,2656.26,39779
2024-11-27 16:00:00,2656.28,2656.83,2635.21,2637.2,55961
2024-11-27 20:00:00,2637.19,2640.71,2633.77,2635.71,15929
2024-11-28 00:00:00,2637.65,2638.35,2620.92,2628.79,20404
2024-11-28 04:00:00,2628.82,2634.0,2625.59,2633.41,21574
2024-11-28 08:00:00,2633.42,2647.92,2631.85,2646.14,25634
2024-11-28 12:00:00,2646.18,2649.61,2642.74,2647.0,23613
2024-11-28 16:00:00,2647.02,2647.87,2636.17,2640.89,23352
2024-11-28 20:00:00,2640.89,2641.41,2637.28,2637.68,2531
2024-11-29 00:00:00,2638.83,2647.13,2633.98,2644.87,18727
2024-11-29 04:00:00,2644.85,2664.14,2644.68,2662.38,31636
2024-11-29 08:00:00,2662.36,2666.21,2654.51,2664.11,31878
2024-11-29 12:00:00,2664.12,2665.81,2656.1,2657.98,34869
2024-11-29 16:00:00,2657.98,2662.7,2650.54,2660.47,51132
2024-11-29 20:00:00,2660.49,2660.55,2648.57,2650.26,11028
2024-12-02 00:00:00,2648.7,2650.27,2622.88,2635.86,28220
2024-12-02 04:00:00,2635.85,2637.96,2621.83,2623.14,36895
2024-12-02 08:00:00,2623.12,2636.84,2621.89,2633.6,38766
2024-12-02 12:00:00,2633.58,2648.72,2633.32,2646.96,46645
2024-12-02 16:00:00,2646.94,2651.73,2637.29,2638.74,58791
2024-12-02 20:00:00,2638.75,2644.2,2633.45,2638.68,21333
2024-12-03 00:00:00,2638.86,2645.15,2634.0,2636.46,17304
2024-12-03 04:00:00,2636.45,2642.89,2634.4,2641.12,24178
2024-12-03 08:00:00,2641.12,2649.93,2639.21,2643.93,33745
2024-12-03 12:00:00,2643.93,2653.67,2637.71,2652.75,30568
2024-12-03 16:00:00,2652.82,2655.59,2635.08,2646.98,45245
2024-12-03 20:00:00,2646.99,2649.08,2640.11,2643.19,16846
2024-12-04 00:00:00,2642.38,2643.47,2637.58,2642.16,13378
2024-12-04 04:00:00,2642.02,2651.06,2641.89,2649.66,22614
2024-12-04 08:00:00,2649.69,2651.3,2636.6,2640.88,29344
2024-12-04 12:00:00,2640.88,2649.13,2632.35,2648.41,35022
2024-12-04 16:00:00,2648.39,2657.11,2645.04,2651.34,47464
2024-12-04 20:00:00,2651.32,2655.43,2646.88,2649.59,30522
2024-12-05 00:00:00,2649.07,2651.44,2646.1,2646.91,16201
2024-12-05 04:00:00,2646.92,2655.51,2644.59,2653.02,25208
2024-12-05 08:00:00,2653.02,2654.01,2641.8,2644.81,28741
2024-12-05 12:00:00,2644.81,2654.43,2644.26,2648.89,31396
2024-12-05 16:00:00,2648.89,2650.15,2623.66,2627.99,53814
2024-12-05 20:00:00,2627.99,2632.28,2623.46,2631.86,17681
2024-12-06 00:00:00,2631.82,2633.78,2613.48,2617.48,21400
2024-12-06 04:00:00,2617.46,2644.47,2616.82,2637.89,32796
2024-12-06 08:00:00,2637.89,2645.55,2635.93,2640.71,26169
2024-12-06 12:00:00,2640.71,2643.42,2631.15,2635.68,34893
2024-12-06 16:00:00,2635.68,2641.57,2624.02,2634.81,50161
2024-12-06 20:00:00,2634.81,2638.94,2631.06,2632.74,16293
2024-12-09 00:00:00,2643.17,2650.44,2627.41,2646.66,22175
2024-12-09 04:00:00,2646.66,2648.51,2634.65,2638.23,25201
2024-12-09 08:00:00,2638.25,2657.37,2638.03,2655.6,28952
2024-12-09 12:00:00,2655.6,2666.2,2653.26,2665.42,30752
2024-12-09 16:00:00,2665.42,2676.36,2662.65,2664.44,47072
2024-12-09 20:00:00,2664.57,2664.66,2656.65,2658.62,20176
2024-12-10 00:00:00,2660.85,2668.57,2657.84,2667.38,13397
2024-12-10 04:00:00,2667.38,2673.7,2665.41,2668.77,25405
2024-12-10 08:00:00,2668.76,2670.83,2661.17,2664.96,25342
2024-12-10 12:00:00,2664.98,2681.96,2664.34,2680.35,41347
2024-12-10 16:00:00,2680.36,2695.47,2679.45,2694.26,52559
2024-12-10 20:00:00,2694.27,2695.11,2690.88,2693.56,18507
2024-12-11 00:00:00,2695.04,2703.62,2693.44,2699.88,22114
2024-12-11 04:00:00,2699.92,2704.31,2674.69,2687.35,41696
2024-12-11 08:00:00,2687.13,2697.13,2686.19,2695.71,50540
2024-12-11 12:00:00,2695.73,2701.96,2690.55,2700.88,38085
2024-12-11 16:00:00,2700.88,2719.89,2696.47,2717.94,56323
2024-12-11 20:00:00,2717.85,2721.09,2713.18,2717.81,25547
2024-12-12 00:00:00,2717.47,2726.06,2693.79,2710.94,17399
2024-12-12 04:00:00,2710.91,2716.29,2703.55,2713.46,24072
2024-12-12 08:00:00,2713.47,2720.38,2710.07,2714.61,29668
2024-12-12 12:00:00,2714.58,2715.62,2697.3,2697.53,41936
2024-12-12 16:00:00,2697.53,2699.55,2675.01,2686.26,68097
2024-12-12 20:00:00,2686.23,2687.04,2679.21,2681.23,27902
2024-12-13 00:00:00,2680.42,2692.64,2678.85,2689.81,20165
2024-12-13 04:00:00,2689.82,2691.2,2684.26,2688.25,32428
2024-12-13 08:00:00,2688.26,2690.44,2667.42,2668.93,39371
2024-12-13 12:00:00,2668.89,2672.91,2659.51,2662.15,45209
2024-12-13 16:00:00,2662.14,2664.48,2654.66,2656.21,55730
2024-12-13 20:00:00,2656.2,2656.95,2646.02,2648.67,28878
2024-12-16 00:00:00,2648.79,2655.57,2643.44,2653.36,19093
2024-12-16 04:00:00,2653.39,2655.49,2649.4,2652.77,26532
2024-12-16 08:00:00,2652.78,2661.93,2651.55,2658.05,27142
2024-12-16 12:00:00,2658.06,2664.3,2657.31,2661.81,32147
2024-12-16 16:00:00,2662.07,2662.92,2648.51,2652.05,47708
2024-12-16 20:00:00,2652.01,2655.68,2651.21,2652.6,19683
2024-12-17 00:00:00,2651.99,2658.57,2650.92,2657.98,14458
2024-12-17 04:00:00,2657.97,2658.54,2649.06,2653.64,26194
2024-12-17 08:00:00,2653.64,2656.94,2637.94,2639.62,39426
2024-12-17 12:00:00,2639.61,2646.76,2634.68,2636.96,40126
2024-12-17 16:00:00,2636.97,2646.94,2632.99,2645.84,50691
2024-12-17 20:00:00,2645.86,2648.96,2642.89,2645.48,21674
2024-12-18 00:00:00,2646.68,2651.63,2644.69,2650.84,14318
2024-12-18 04:00:00,2650.85,2650.93,2642.59,2647.4,26366
2024-12-18 08:00:00,2647.41,2649.57,2642.0,2646.77,31107
2024-12-18 12:00:00,2646.75,2649.31,2641.03,2643.9,29337
2024-12-18 16:00:00,2643.9,2644.81,2633.0,2635.91,47197
2024-12-18 20:00:00,2635.9,2638.81,2586.58,2587.7,59121
2024-12-19 00:00:00,2587.29,2617.98,2586.33,2611.79,25570
2024-12-19 04:00:00,2611.76,2613.79,2606.17,2607.06,25249
2024-12-19 08:00:00,2607.04,2622.72,2603.23,2620.33,37548
2024-12-19 12:00:00,2620.34,2626.29,2595.22,2596.28,50930
2024-12-19 16:00:00,2596.25,2600.7,2586.89,2592.54,63995
2024-12-19 20:00:00,2592.53,2600.93,2591.72,2593.74,32941
2024-12-20 00:00:00,2594.1,2603.82,2589.49,2603.69,19040
2024-12-20 04:00:00,2603.67,2603.88,2595.38,2600.24,24561
2024-12-20 08:00:00,2600.11,2607.61,2598.86,2604.94,32644
2024-12-20 12:00:00,2604.95,2614.03,2600.07,2609.58,37438
2024-12-20 16:00:00,2609.58,2631.75,2608.47,2625.56,59498
2024-12-20 20:00:00,2625.57,2629.21,2619.19,2621.28,29691
2024-12-23 00:00:00,2622.46,2625.06,2617.28,2620.68,18076
2024-12-23 04:00:00,2620.69,2629.1,2620.48,2626.68,21144
2024-12-23 08:00:00,2626.64,2633.23,2624.5,2626.22,27064
2024-12-23 12:00:00,2626.22,2626.9,2613.05,2617.43,35069
2024-12-23 16:00:00,2617.39,2619.76,2608.08,2611.12,45097
2024-12-23 20:00:00,2611.09,2613.54,2609.05,2612.77,19531
2024-12-24 00:00:00,2614.52,2617.82,2613.34,2617.47,13036
2024-12-24 04:00:00,2617.4,2621.34,2615.67,2619.24,21052
2024-12-24 08:00:00,2619.23,2621.34,2613.22,2613.49,22156
2024-12-24 12:00:00,2613.49,2617.92,2611.23,2614.09,25843
2024-12-24 16:00:00,2614.09,2619.17,2610.1,2616.87,37838
2024-12-24 20:00:00,2616.84,2617.79,2614.82,2616.17,2771
2024-12-26 00:00:00,2615.85,2627.69,2614.59,2626.64,13331
2024-12-26 04:00:00,2626.63,2629.16,2625.54,2626.35,17812
2024-12-26 08:00:00,2626.32,2629.46,2623.51,2627.22,17081
2024-12-26 12:00:00,2627.22,2630.87,2621.58,2623.05,22990
2024-12-26 16:00:00,2623.04,2639.01,2622.45,2629.23,38099
2024-12-26 20:00:00,2629.24,2636.09,2629.13,2634.15,24724
2024-12-27 00:00:00,2631.9,2634.15,2630.6,2632.13,12013
2024-12-27 04:00:00,2632.13,2635.39,2628.78,2631.3,19469
2024-12-27 08:00:00,2631.25,2638.06,2623.6,2623.89,21739
2024-12-27 12:00:00,2623.88,2631.53,2617.98,2618.62,28745
2024-12-27 16:00:00,2618.6,2619.68,2611.52,2615.91,46143
2024-12-27 20:00:00,2615.91,2621.24,2612.57,2619.93,21285
2024-12-30 00:00:00,2621.49,2626.59,2621.33,2624.13,12424
2024-12-30 04:00:00,2624.14,2627.84,2620.43,2623.58,19205
2024-12-30 08:00:00,2623.55,2624.49,2609.28,2612.72,27875
2024-12-30 12:00:00,2612.72,2622.39,2606.36,2606.51,33837
2024-12-30 16:00:00,2606.5,2613.69,2596.0,2605.07,47991
2024-12-30 20:00:00,2605.08,2609.34,2603.39,2606.04,23110
2024-12-31 00:00:00,2605.82,2611.37,2603.66,2608.65,10510
2024-12-31 04:00:00,2608.61,2609.44,2602.47,2604.26,15980
2024-12-31 08:00:00,2604.23,2617.72,2603.41,2615.15,24229
2024-12-31 12:00:00,2615.18,2616.01,2605.3,2613.08,27925
2024-12-31 16:00:00,2613.1,2627.33,2611.2,2624.08,47354
2024-12-31 20:00:00,2623.98,2627.09,2621.93,2623.98,22731
2025-01-02 00:00:00,2625.04,2634.32,2621.54,2632.82,17756
2025-01-02 04:00:00,2632.81,2636.42,2630.88,2633.88,23194
2025-01-02 08:00:00,2633.87,2639.88,2630.99,2636.02,29717
2025-01-02 12:00:00,2636.02,2647.11,2632.65,2642.85,42836
2025-01-02 16:00:00,2642.85,2660.31,2640.27,2656.45,58236
2025-01-02 20:00:00,2656.46,2660.3,2653.69,2657.07,27423
2025-01-03 00:00:00,2657.7,2662.44,2656.5,2659.41,13375
2025-01-03 04:00:00,2659.39,2665.19,2655.8,2658.51,24635
2025-01-03 08:00:00,2658.49,2660.2,2649.77,2653.49,30844
2025-01-03 12:00:00,2653.49,2659.21,2643.37,2649.77,30996
2025-01-03 16:00:00,2649.76,2652.54,2638.99,2641.74,52231
2025-01-03 20:00:00,2641.64,2642.84,2636.61,2639.13,20603
2025-01-06 00:00:00,2639.6,2647.31,2638.51,2641.25,17799
2025-01-06 04:00:00,2641.25,2645.16,2631.41,2633.77,25858
2025-01-06 08:00:00,2633.8,2635.69,2625.07,2632.65,31643
2025-01-06 12:00:00,2632.66,2649.31,2621.74,2624.18,53467
2025-01-06 16:00:00,2624.17,2641.13,2614.47,2636.63,62127
2025-01-06 20:00:00,2636.66,2638.47,2632.79,2635.86,24279
2025-01-07 00:00:00,2635.67,2641.09,2632.78,2638.89,14478
2025-01-07 04:00:00,2638.84,2645.63,2636.88,2644.36,20711
2025-01-07 08:00:00,2644.31,2646.59,2637.94,2641.29,29265
2025-01-07 12:00:00,2641.24,2664.12,2641.2,2662.25,34565
2025-01-07 16:00:00,2662.3,2662.89,2641.92,2652.5,43835
2025-01-07 20:00:00,2652.47,2652.55,2646.95,2649.49,19673
2025-01-08 00:00:00,2648.41,2651.41,2647.01,2648.71,9134
2025-01-08 04:00:00,2648.71,2650.53,2645.12,2649.82,13269
2025-01-08 08:00:00,2649.78,2654.87,2648.73,2653.54,17917
2025-01-08 12:00:00,2653.52,2660.18,2645.77,2660.13,25264
2025-01-08 16:00:00,2660.14,2669.86,2649.37,2655.52,33750
2025-01-08 20:00:00,2655.57,2663.93,2651.6,2661.79,19455
2025-01-09 00:00:00,2662.17,2663.12,2657.25,2658.41,7417
2025-01-09 04:00:00,2658.4,2662.07,2655.42,2658.27,12371
2025-01-09 08:00:00,2658.27,2666.81,2658.27,2664.97,18201
2025-01-09 12:00:00,2664.97,2678.05,2664.04,2672.59,21746
2025-01-09 16:00:00,2672.5,2675.6,2662.7,2665.92,23819
2025-01-09 20:00:00,2665.87,2672.5,2665.01,2669.56,11728
2025-01-10 00:00:00,2670.32,2671.86,2668.43,2670.93,8967
2025-01-10 04:00:00,2670.92,2675.78,2670.45,2674.9,12895
2025-01-10 08:00:00,2674.89,2682.33,2673.43,2678.42,22097
2025-01-10 12:00:00,2678.42,2683.64,2664.01,2682.59,27559
2025-01-10 16:00:00,2682.29,2697.75,2680.91,2695.97,45363
2025-01-10 20:00:00,2695.97,2697.07,2684.53,2689.29,22779
2025-01-13 00:00:00,2689.47,2693.34,2678.31,2685.62,14192
2025-01-13 04:00:00,2685.62,2690.7,2683.17,2686.91,18566
2025-01-13 08:00:00,2686.91,2691.19,2682.98,2684.63,25276
2025-01-13 12:00:00,2684.62,2684.89,2663.82,2669.14,31833
2025-01-13 16:00:00,2669.16,2674.21,2659.27,2660.8,34064
2025-01-13 20:00:00,2660.8,2663.17,2656.66,2662.24,13911
2025-01-14 00:00:00,2664.21,2672.05,2664.2,2670.63,11158
2025-01-14 04:00:00,2670.63,2675.19,2667.31,2668.47,17034
2025-01-14 08:00:00,2668.56,2674.32,2664.83,2667.25,20985
2025-01-14 12:00:00,2667.25,2674.22,2660.92,2662.89,26376
2025-01-14 16:00:00,2662.78,2673.94,2659.83,2668.98,35350
2025-01-14 20:00:00,2668.88,2677.88,2666.6,2676.75,15225
2025-01-15 00:00:00,2676.71,2677.27,2669.72,2669.8,6802
2025-01-15 04:00:00,2669.8,2679.26,2669.21,2679.25,13974
2025-01-15 08:00:00,2679.26,2688.43,2679.02,2685.82,18767
2025-01-15 12:00:00,2685.82,2694.08,2682.1,2693.69,28762
2025-01-15 16:00:00,2693.8,2695.96,2676.68,2692.71,38618
2025-01-15 20:00:00,2692.72,2697.24,2691.01,2695.37,15109
2025-01-16 00:00:00,2696.26,2701.65,2692.88,2696.08,12990
2025-01-16 04:00:00,2696.25,2698.24,2693.73,2694.73,15248
2025-01-16 08:00:00,2694.73,2706.15,2689.7,2705.42,22950
2025-01-16 12:00:00,2705.43,2718.24,2700.26,2715.36,27442
2025-01-16 16:00:00,2715.31,2724.66,2712.48,2721.66,38459
2025-01-16 20:00:00,2721.66,2723.19,2712.39,2713.58,18368
2025-01-17 00:00:00,2714.06,2716.03,2709.81,2714.69,10571
2025-01-17 04:00:00,2714.81,2717.34,2711.1,2711.48,14250
2025-01-17 08:00:00,2711.48,2714.55,2703.95,2705.01,21060
2025-01-17 12:00:00,2704.98,2712.06,2702.79,2704.92,27105
2025-01-17 16:00:00,2704.89,2717.26,2702.66,2712.5,35900
2025-01-17 20:00:00,2712.5,2713.22,2699.18,2701.71,20305
2025-01-20 00:00:00,2701.11,2703.26,2689.34,2693.74,14914
2025-01-20 04:00:00,2693.78,2707.46,2693.66,2707.05,20245
2025-01-20 08:00:00,2707.08,2713.74,2702.79,2706.07,21463
2025-01-20 12:00:00,2706.07,2712.52,2701.84,2705.16,29491
2025-01-20 16:00:00,2705.51,2712.2,2703.21,2707.26,31403
2025-01-20 20:00:00,2707.28,2711.07,2704.97,2706.11,3664
2025-01-21 00:00:00,2707.91,2719.16,2702.59,2717.91,17996
2025-01-21 04:00:00,2717.96,2729.09,2717.76,2726.07,23884
2025-01-21 08:00:00,2726.02,2732.81,2717.81,2721.15,30476
2025-01-21 12:00:00,2721.15,2729.95,2716.51,2726.24,30214
2025-01-21 16:00:00,2726.27,2745.53,2725.3,2740.21,35515
2025-01-21 20:00:00,2740.17,2745.86,2739.86,2744.77,14428
2025-01-22 00:00:00,2743.55,2749.87,2741.84,2747.94,13327
2025-01-22 04:00:00,2747.92,2758.55,2746.23,2757.97,17832
2025-01-22 08:00:00,2757.97,2762.28,2745.43,2758.37,27407
2025-01-22 12:00:00,2758.38,2763.32,2751.0,2757.69,25169
2025-01-22 16:00:00,2757.68,2760.27,2750.32,2756.52,32409
2025-01-22 20:00:00,2756.52,2759.3,2754.67,2755.34,14796
2025-01-23 00:00:00,2755.32,2756.46,2750.57,2752.62,10509
2025-01-23 04:00:00,2752.62,2754.88,2749.36,2751.9,15722
2025-01-23 08:00:00,2751.9,2755.45,2740.86,2745.86,22555
2025-01-23 12:00:00,2745.77,2754.32,2735.84,2741.51,31120
2025-01-23 16:00:00,2741.59,2758.77,2740.36,2757.68,36690
2025-01-23 20:00:00,2757.67,2758.13,2751.34,2753.71,20745
2025-01-24 00:00:00,2753.85,2762.49,2753.59,2762.28,10853
2025-01-24 04:00:00,2762.28,2777.26,2762.27,2775.15,26791
2025-01-24 08:00:00,2775.12,2778.19,2769.99,2772.81,27025
2025-01-24 12:00:00,2772.81,2784.55,2771.53,2782.38,25838
2025-01-24 16:00:00,2782.38,2785.89,2769.85,2773.16,35947
2025-01-24 20:00:00,2773.16,2775.26,2770.41,2770.82,14981
2025-01-27 00:00:00,2765.67,2772.48,2762.85,2762.91,15055
2025-01-27 04:00:00,2762.91,2763.55,2752.75,2753.15,23692
2025-01-27 08:00:00,2753.15,2764.9,2747.25,2763.35,31835
2025-01-27 12:00:00,2763.31,2771.94,2752.25,2757.2,33894
2025-01-27 16:00:00,2757.04,2757.83,2730.4,2733.71,35886
2025-01-27 20:00:00,2733.7,2743.84,2733.06,2741.0,17008
2025-01-28 00:00:00,2740.93,2745.06,2739.4,2741.36,10835
2025-01-28 04:00:00,2741.35,2744.8,2737.74,2741.63,16688
2025-01-28 08:00:00,2741.61,2745.01,2734.73,2743.36,20959
2025-01-28 12:00:00,2743.39,2749.48,2740.97,2748.86,21380
2025-01-28 16:00:00,2748.86,2760.01,2748.86,2759.66,31018
2025-01-28 20:00:00,2759.79,2764.92,2759.25,2763.24,16372
2025-01-29 00:00:00,2763.1,2766.06,2762.13,2763.62,8067
2025-01-29 04:00:00,2763.62,2765.55,2760.15,2760.66,16395
2025-01-29 08:00:00,2760.85,2766.0,2757.38,2762.69,22974
2025-01-29 12:00:00,2762.65,2763.31,2752.14,2758.57,29747
2025-01-29 16:00:00,2758.59,2761.04,2748.17,2752.78,34041
2025-01-29 20:00:00,2752.81,2758.84,2744.8,2757.37,27334
2025-01-30 00:00:00,2758.34,2762.46,2758.25,2760.05,7938
2025-01-30 04:00:00,2760.05,2763.27,2758.61,2760.56,15096
2025-01-30 08:00:00,2760.53,2776.46,2760.2,2774.27,22105
2025-01-30 12:00:00,2774.27,2785.88,2773.73,2785.64,24756
2025-01-30 16:00:00,2785.64,2798.3,2780.04,2795.55,44523
2025-01-30 20:00:00,2795.57,2798.27,2789.61,2793.26,21949
2025-01-31 00:00:00,2793.11,2799.45,2791.91,2796.27,10781
2025-01-31 04:00:00,2796.27,2798.08,2793.86,2795.5,17942
2025-01-31 08:00:00,2795.49,2800.89,2791.66,2793.73,22604
2025-01-31 12:00:00,2793.73,2808.29,2791.0,2806.31,29181
2025-01-31 16:00:00,2806.43,2817.05,2802.98,2808.43,39945
2025-01-31 20:00:00,2808.41,2808.72,2794.25,2800.41,34681
2025-02-03 00:00:00,2801.71,2803.7,2778.23,2782.2,23141
2025-02-03 04:00:00,2782.18,2785.05,2772.07,2783.03,33941
2025-02-03 08:00:00,2783.03,2800.75,2782.85,2796.37,32163
2025-02-03 12:00:00,2796.32,2811.81,2792.92,2810.91,32070
2025-02-03 16:00:00,2810.94,2830.58,2810.14,2816.98,45377
2025-02-03 20:00:00,2816.94,2822.89,2812.29,2814.62,25464
2025-02-04 00:00:00,2813.35,2824.04,2812.08,2823.29,11353
2025-02-04 04:00:00,2823.29,2824.54,2813.31,2815.68,26898
2025-02-04 08:00:00,2815.56,2821.76,2807.17,2820.34,33006
2025-02-04 12:00:00,2820.36,2836.88,2812.67,2831.57,30315
2025-02-04 16:00:00,2831.57,2845.4,2829.02,2843.97,41726
2025-02-04 20:00:00,2843.9,2844.91,2840.87,2841.51,19917
2025-02-05 00:00:00,2841.22,2848.83,2839.66,2844.49,16083
2025-02-05 04:00:00,2844.5,2860.54,2844.04,2859.14,19736
2025-02-05 08:00:00,2859.14,2872.17,2854.86,2870.22,24181
2025-02-05 12:00:00,2870.22,2876.96,2858.54,2861.71,29576
2025-02-05 16:00:00,2861.76,2882.2,2860.63,2872.93,36124
2025-02-05 20:00:00,2872.99,2873.43,2859.99,2865.18,18465
2025-02-06 00:00:00,2867.52,2871.73,2863.59,2871.57,10392
2025-02-06 04:00:00,2871.58,2873.21,2864.18,2868.34,17613
2025-02-06 08:00:00,2868.34,2871.19,2848.74,2859.37,23423
2025-02-06 12:00:00,2859.37,2870.2,2855.55,2856.72,25032
2025-02-06 16:00:00,2856.56,2859.77,2834.06,2852.29,29291
2025-02-06 20:00:00,2852.3,2857.31,2849.81,2856.42,16124
2025-02-07 00:00:00,2855.99,2868.18,2855.9,2866.17,9936
2025-02-07 04:00:00,2866.16,2870.51,2862.08,2862.12,15182
2025-02-07 08:00:00,2862.06,2870.62,2858.96,2868.97,19097
2025-02-07 12:00:00,2868.97,2870.39,2852.46,2862.58,23038
2025-02-07 16:00:00,2862.64,2886.75,2853.34,2860.09,34284
2025-02-07 20:00:00,2860.06,2865.2,2858.93,2860.67,15629
2025-02-10 00:00:00,2861.42,2876.54,2860.17,2871.89,14336
2025-02-10 04:00:00,2871.89,2879.99,2871.32,2879.13,17141
2025-02-10 08:00:00,2879.17,2903.25,2878.86,2902.99,23644
2025-02-10 12:00:00,2903.01,2910.83,2898.1,2900.95,26469
2025-02-10 16:00:00,2900.93,2911.4,2896.45,2903.14,27372
2025-02-10 20:00:00,2903.14,2908.05,2900.8,2907.42,16668
2025-02-11 00:00:00,2911.81,2936.0,2909.66,2933.81,13898
2025-02-11 04:00:00,2933.81,2942.54,2906.0,2922.9,25649
2025-02-11 08:00:00,2922.89,2929.45,2903.03,2903.2,26849
2025-02-11 12:00:00,2903.19,2907.08,2881.76,2896.46,30275
2025-02-11 16:00:00,2896.48,2908.55,2890.87,2905.54,31229
2025-02-11 20:00:00,2905.6,2907.12,2894.08,2898.54,18937
2025-02-12 00:00:00,2897.83,2900.67,2883.5,2893.27,12100
2025-02-12 04:00:00,2893.27,2897.77,2883.46,2886.29,19308
2025-02-12 08:00:00,2886.29,2895.72,2885.58,2886.68,21244
2025-02-12 12:00:00,2886.74,2889.9,2864.04,2884.76,25074
2025-02-12 16:00:00,2884.82,2909.09,2881.9,2902.74,31494
2025-02-12 20:00:00,2902.74,2903.81,2893.52,2903.43,17332
2025-02-13 00:00:00,2904.66,2909.02,2900.39,2906.02,10658
2025-02-13 04:00:00,2906.0,2922.82,2905.28,2918.06,17110
2025-02-13 08:00:00,2918.06,2920.66,2909.37,2915.31,24853
2025-02-13 12:00:00,2915.25,2921.33,2905.97,2908.48,25471
2025-02-13 16:00:00,2908.5,2920.92,2906.47,2918.92,27517
2025-02-13 20:00:00,2918.96,2929.3,2914.25,2928.98,18412
2025-02-14 00:00:00,2928.1,2933.75,2927.45,2929.9,12414
2025-02-14 04:00:00,2929.91,2932.39,2923.25,2930.9,18768
2025-02-14 08:00:00,2930.88,2938.79,2929.86,2935.05,24798
2025-02-14 12:00:00,2935.15,2940.01,2917.63,2920.48,27434
2025-02-14 16:00:00,2920.5,2928.32,2885.43,2886.96,42129
2025-02-14 20:00:00,2887.15,2887.94,2877.03,2882.91,20827
2025-02-17 00:00:00,2893.49,2896.56,2878.81,2895.54,14793
2025-02-17 04:00:00,2895.54,2905.23,2893.93,2896.12,18869
2025-02-17 08:00:00,2896.13,2906.32,2888.28,2902.54,22258
2025-02-17 12:00:00,2902.54,2903.81,2895.34,2896.77,20822
2025-02-17 16:00:00,2896.76,2904.01,2896.44,2898.48,18283
2025-02-17 20:00:00,2898.48,2899.14,2896.82,2899.08,3539
2025-02-18 00:00:00,2898.94,2900.21,2891.91,2895.72,7332
2025-02-18 04:00:00,2895.7,2915.66,2895.3,2910.65,18049
2025-02-18 08:00:00,2910.65,2915.25,2908.21,2912.7,16748
2025-02-18 12:00:00,2912.7,2921.23,2907.08,2918.73,20503
2025-02-18 16:00:00,2918.72,2933.65,2917.74,2931.07,27440
2025-02-18 20:00:00,2931.07,2936.82,2928.35,2935.44,13235
2025-02-19 00:00:00,2935.14,2939.66,2927.88,2938.48,8413
2025-02-19 04:00:00,2938.48,2939.64,2924.0,2932.89,19073
2025-02-19 08:00:00,2932.83,2946.5,2930.34,2945.46,20348
2025-02-19 12:00:00,2945.47,2947.0,2931.31,2936.33,23599
2025-02-19 16:00:00,2936.34,2940.45,2921.4,2923.75,31942
2025-02-19 20:00:00,2923.73,2937.23,2918.61,2932.5,20512
2025-02-20 00:00:00,2933.64,2942.27,2933.64,2936.91,10286
2025-02-20 04:00:00,2936.9,2946.82,2933.82,2946.81,15424
2025-02-20 08:00:00,2946.81,2954.83,2943.89,2951.43,18868
2025-02-20 12:00:00,2951.43,2954.78,2933.83,2934.01,26053
2025-02-20 16:00:00,2933.84,2946.95,2924.06,2940.47,31896
2025-02-20 20:00:00,2940.3,2942.36,2933.55,2938.83,18044
2025-02-21 00:00:00,2939.55,2949.7,2926.82,2928.83,11715
2025-02-21 04:00:00,2928.83,2941.04,2924.16,2930.16,22278
2025-02-21 08:00:00,2930.07,2933.0,2916.68,2929.3,20184
2025-02-21 12:00:00,2929.3,2936.09,2926.89,2930.92,19696
2025-02-21 16:00:00,2930.88,2941.64,2921.42,2939.67,28622
2025-02-21 20:00:00,2939.67,2942.82,2932.04,2935.38,16261
2025-02-24 00:00:00,2939.55,2940.38,2921.32,2928.02,15612
2025-02-24 04:00:00,2927.81,2944.67,2924.98,2936.23,21798
2025-02-24 08:00:00,2936.18,2948.65,2935.17,2944.26,18729
2025-02-24 12:00:00,2944.29,2954.59,2934.95,2954.44,20959
2025-02-24 16:00:00,2954.46,2956.15,2930.76,2943.24,32885
2025-02-24 20:00:00,2943.29,2952.92,2942.73,2951.37,14633
2025-02-25 00:00:00,2952.82,2953.26,2945.23,2949.58,11850
2025-02-25 04:00:00,2949.53,2952.12,2934.95,2937.93,19512
2025-02-25 08:00:00,2937.73,2942.38,2929.46,2938.87,22393
2025-02-25 12:00:00,2938.84,2941.52,2924.0,2937.48,25782
2025-02-25 16:00:00,2937.48,2944.8,2888.22,2907.62,38443
2025-02-25 20:00:00,2907.63,2917.14,2905.38,2915.04,18828
2025-02-26 00:00:00,2915.91,2930.1,2913.62,2917.86,13355
2025-02-26 04:00:00,2917.86,2923.05,2912.63,2915.36,16038
2025-02-26 08:00:00,2915.28,2918.96,2905.77,2913.03,20742
2025-02-26 12:00:00,2913.2,2916.78,2905.48,2905.85,19814
2025-02-26 16:00:00,2905.83,2916.62,2890.73,2913.83,31320
2025-02-26 20:00:00,2913.71,2918.61,2911.96,2916.53,14739
2025-02-27 00:00:00,2915.57,2920.72,2910.95,2912.57,9944
2025-02-27 04:00:00,2912.57,2914.8,2888.6,2890.8,21465
2025-02-27 08:00:00,2890.76,2898.31,2876.93,2887.42,26655
2025-02-27 12:00:00,2887.42,2895.05,2881.1,2888.92,25953
2025-02-27 16:00:00,2888.65,2892.26,2867.73,2883.12,33296
2025-02-27 20:00:00,2883.12,2887.6,2871.26,2877.17,19548
2025-02-28 00:00:00,2876.45,2885.05,2873.75,2874.72,11798
2025-02-28 04:00:00,2874.63,2877.81,2856.94,2864.08,24457
2025-02-28 08:00:00,2864.28,2866.47,2850.97,2862.35,23764
2025-02-28 12:00:00,2862.35,2864.91,2848.23,2848.39,21287
2025-02-28 16:00:00,2848.42,2853.81,2832.58,2844.98,32608
2025-02-28 20:00:00,2845.12,2858.73,2838.02,2858.42,18997
2025-03-03 00:00:00,2873.06,2876.68,2864.08,2870.85,16374
2025-03-03 04:00:00,2870.85,2871.98,2859.35,2863.81,17869
2025-03-03 08:00:00,2863.78,2871.49,2858.88,2867.33,21096
2025-03-03 12:00:00,2867.33,2877.58,2867.1,2872.56,19898
2025-03-03 16:00:00,2872.56,2892.98,2871.24,2890.8,28952
2025-03-03 20:00:00,2890.82,2895.13,2878.3,2893.7,21226
2025-03-04 00:00:00,2892.68,2893.7,2881.81,2888.17,10483
2025-03-04 04:00:00,2888.17,2894.28,2884.74,2889.61,16069
2025-03-04 08:00:00,2889.61,2921.2,2884.33,2918.04,22775
2025-03-04 12:00:00,2917.95,2927.74,2912.01,2922.44,24081
2025-03-04 16:00:00,2922.45,2922.97,2900.53,2911.55,32780
2025-03-04 20:00:00,2911.54,2920.41,2908.16,2917.32,18771
2025-03-05 00:00:00,2917.7,2917.75,2903.39,2907.13,11710
2025-03-05 04:00:00,2907.12,2918.8,2901.94,2918.73,18662
2025-03-05 08:00:00,2918.68,2922.47,2912.98,2918.91,24280
2025-03-05 12:00:00,2918.91,2919.14,2894.28,2899.92,27423
2025-03-05 16:00:00,2899.85,2929.83,2897.64,2915.87,37780
2025-03-05 20:00:00,2915.91,2922.94,2911.18,2918.43,19474
2025-03-06 00:00:00,2918.34,2925.63,2915.81,2924.62,9186
2025-03-06 04:00:00,2924.61,2926.48,2914.56,2919.82,14678
2025-03-06 08:00:00,2919.82,2922.9,2891.22,2894.14,27494
2025-03-06 12:00:00,2894.14,2909.27,2891.91,2904.48,29897
2025-03-06 16:00:00,2904.47,2922.62,2903.38,2915.29,32577
2025-03-06 20:00:00,2915.35,2920.55,2908.33,2910.21,17618
2025-03-07 00:00:00,2912.61,2913.5,2896.74,2906.81,14362
2025-03-07 04:00:00,2906.76,2912.45,2901.1,2909.51,21388
2025-03-07 08:00:00,2909.51,2922.95,2907.7,2921.52,20728
2025-03-07 12:00:00,2921.51,2926.16,2909.73,2913.67,26808
2025-03-07 16:00:00,2913.6,2930.35,2903.92,2908.24,35328
2025-03-07 20:00:00,2908.22,2911.76,2901.95,2911.17,20282
2025-03-10 00:00:00,2912.26,2917.94,2909.62,2913.86,10026
2025-03-10 04:00:00,2913.86,2918.23,2908.16,2910.87,17753
2025-03-10 08:00:00,2910.97,2915.39,2897.58,2897.82,22178
2025-03-10 12:00:00,2897.74,2915.4,2895.46,2906.76,28095
2025-03-10 16:00:00,2906.95,2910.49,2895.82,2895.93,35716
2025-03-10 20:00:00,2895.93,2896.1,2880.18,2888.09,23511
2025-03-11 00:00:00,2889.33,2889.6,2882.21,2887.18,8932
2025-03-11 04:00:00,2887.38,2900.46,2880.27,2897.65,19343
2025-03-11 08:00:00,2897.65,2910.48,2892.6,2910.04,20537
2025-03-11 12:00:00,2910.04,2915.87,2908.84,2913.04,20531
2025-03-11 16:00:00,2913.05,2921.98,2906.89,2917.15,31068
2025-03-11 20:00:00,2917.17,2921.24,2914.1,2915.85,16740
2025-03-12 00:00:00,2915.19,2919.64,2912.03,2914.21,6392
2025-03-12 04:00:00,2914.24,2919.92,2910.74,2914.81,15184
2025-03-12 08:00:00,2914.86,2922.15,2908.91,2922.15,22973
2025-03-12 12:00:00,2922.4,2925.28,2912.13,2917.44,24280
2025-03-12 16:00:00,2917.34,2939.04,2906.03,2936.35,36215
2025-03-12 20:00:00,2936.02,2940.4,2930.82,2932.56,17944
2025-03-13 00:00:00,2934.97,2939.37,2934.01,2938.62,6479
2025-03-13 04:00:00,2938.63,2947.03,2936.37,2944.61,16597
2025-03-13 08:00:00,2944.61,2945.06,2932.85,2941.47,20481
2025-03-13 12:00:00,2941.32,2949.11,2940.99,2942.38,23642
2025-03-13 16:00:00,2942.4,2985.26,2939.11,2980.09,38541
2025-03-13 20:00:00,2980.09,2988.11,2976.39,2987.91,16745
2025-03-14 00:00:00,2984.2,2989.94,2983.46,2986.58,7100
2025-03-14 04:00:00,2986.58,2993.88,2981.6,2985.29,18898
2025-03-14 08:00:00,2985.49,2993.24,2980.75,2992.87,20584
2025-03-14 12:00:00,2992.8,3004.9,2986.6,2993.82,27474
2025-03-14 16:00:00,2993.79,2996.08,2978.43,2989.76,33060
2025-03-14 20:00:00,2989.77,2990.31,2981.75,2987.46,14827
2025-03-17 00:00:00,2987.57,2994.08,2986.06,2990.86,7375
2025-03-17 04:00:00,2990.85,2992.97,2982.39,2982.55,15385
2025-03-17 08:00:00,2982.56,2990.74,2982.2,2988.39,15463
2025-03-17 12:00:00,2988.4,3001.19,2984.65,2987.09,20794
2025-03-17 16:00:00,2987.12,3000.57,2986.0,2994.43,28327
2025-03-17 20:00:00,2994.49,3001.61,2994.48,3001.08,15033
2025-03-18 00:00:00,3001.02,3003.5,2999.39,3001.45,4830
2025-03-18 04:00:00,3001.35,3017.14,2999.29,3014.31,16867
2025-03-18 08:00:00,3014.31,3027.25,3005.86,3026.58,20318
2025-03-18 12:00:00,3026.8,3035.73,3018.09,3034.25,24085
2025-03-18 16:00:00,3034.32,3038.22,3024.61,3035.99,33843
2025-03-18 20:00:00,3035.99,3037.92,3029.79,3033.94,13823
2025-03-19 00:00:00,3033.69,3034.96,3030.37,3031.3,5120
2025-03-19 04:00:00,3031.31,3038.85,3027.32,3036.44,15251
2025-03-19 08:00:00,3036.44,3045.29,3024.65,3025.17,23351
2025-03-19 12:00:00,3025.09,3041.02,3022.78,3037.14,18275
2025-03-19 16:00:00,3037.14,3038.26,3025.98,3033.08,27805
2025-03-19 20:00:00,3033.08,3052.07,3029.16,3046.64,22152
2025-03-20 00:00:00,3048.44,3055.48,3047.08,3053.1,6551
2025-03-20 04:00:00,3053.1,3057.38,3044.9,3052.26,17922
2025-03-20 08:00:00,3052.38,3053.32,3038.61,3041.82,21131
2025-03-20 12:00:00,3041.8,3046.2,3025.68,3040.79,27885
2025-03-20 16:00:00,3040.78,3043.11,3029.99,3038.24,31723
2025-03-20 20:00:00,3038.24,3046.02,3034.72,3044.41,13837
2025-03-21 00:00:00,3044.9,3047.41,3042.18,3042.77,4949
2025-03-21 04:00:00,3042.78,3044.47,3027.83,3029.82,19199
2025-03-21 08:00:00,3029.88,3034.69,3021.75,3032.88,20143
2025-03-21 12:00:00,3032.87,3038.03,3027.72,3034.15,19650
2025-03-21 16:00:00,3034.04,3036.78,2999.36,3015.11,33719
2025-03-21 20:00:00,3015.11,3024.0,3012.8,3022.95,15074
2025-03-24 00:00:00,3023.36,3026.21,3017.02,3018.37,7766
2025-03-24 04:00:00,3018.37,3025.5,3013.71,3019.28,17996
2025-03-24 08:00:00,3019.28,3028.97,3017.3,3028.86,20116
2025-03-24 12:00:00,3029.17,3033.29,3022.38,3024.18,24074
2025-03-24 16:00:00,3024.04,3028.17,3005.76,3009.71,32559
2025-03-24 20:00:00,3009.71,3014.32,3002.38,3013.81,16390
2025-03-25 00:00:00,3011.53,3014.85,3009.0,3014.02,5688
2025-03-25 04:00:00,3014.02,3016.31,3007.48,3015.2,16478
2025-03-25 08:00:00,3015.2,3021.81,3010.45,3021.28,17955
2025-03-25 12:00:00,3021.21,3026.46,3014.16,3021.78,19144
2025-03-25 16:00:00,3021.78,3035.77,3017.92,3023.18,29010
2025-03-25 20:00:00,3023.25,3023.29,3017.75,3020.4,12652
2025-03-26 00:00:00,3021.11,3022.26,3017.77,3018.05,4694
2025-03-26 04:00:00,3018.05,3027.1,3014.21,3015.17,18264
2025-03-26 08:00:00,3015.25,3032.02,3013.21,3023.96,19734
2025-03-26 12:00:00,3023.96,3030.35,3016.92,3026.95,21068
2025-03-26 16:00:00,3027.02,3027.28,3012.21,3015.59,26076
2025-03-26 20:00:00,3015.58,3021.63,3015.24,3019.85,13054
2025-03-27 00:00:00,3020.33,3025.59,3017.56,3025.34,6644
2025-03-27 04:00:00,3025.34,3038.47,3022.85,3034.04,17384
2025-03-27 08:00:00,3034.13,3037.85,3026.65,3036.03,20215
2025-03-27 12:00:00,3036.05,3055.86,3034.54,3050.02,23456
2025-03-27 16:00:00,3050.12,3059.84,3033.54,3048.36,35508
2025-03-27 20:00:00,3048.36,3057.7,3047.78,3056.3,15074
2025-03-28 00:00:00,3055.97,3063.47,3054.13,3061.75,6978
2025-03-28 04:00:00,3061.59,3077.5,3061.59,3073.83,17743
2025-03-28 08:00:00,3073.83,3086.03,3065.83,3072.9,20202
2025-03-28 12:00:00,3072.9,3081.93,3067.42,3077.4,20370
2025-03-28 16:00:00,3077.15,3086.74,3067.35,3083.84,33642
2025-03-28 20:00:00,3083.84,3085.88,3073.5,3085.0,14468
2025-03-31 00:00:00,3092.45,3097.61,3077.33,3078.96,9760
2025-03-31 04:00:00,3078.96,3115.85,3076.65,3113.26,22297
2025-03-31 08:00:00,3113.25,3127.81,3106.71,3122.2,23358
2025-03-31 12:00:00,3122.25,3126.53,3111.86,3124.47,23111
2025-03-31 16:00:00,3124.47,3127.09,3099.89,3117.6,34755
2025-03-31 20:00:00,3117.37,3124.59,3115.91,3123.65,15903
2025-04-01 00:00:00,3124.68,3127.79,3119.95,3127.14,6698
2025-04-01 04:00:00,3127.12,3147.93,3126.46,3144.74,20738
2025-04-01 08:00:00,3144.74,3148.92,3124.07,3131.0,26190
2025-04-01 12:00:00,3131.07,3138.8,3127.63,3133.35,21961
2025-04-01 16:00:00,3133.38,3137.01,3100.73,3106.65,34810
2025-04-01 20:00:00,3106.68,3120.56,3105.76,3117.14,14726
2025-04-02 00:00:00,3114.07,3123.59,3107.84,3122.93,7743
2025-04-02 04:00:00,3122.93,3135.63,3115.46,3115.97,16876
2025-04-02 08:00:00,3116.08,3133.84,3109.8,3131.26,21016
2025-04-02 12:00:00,3131.26,3131.48,3110.1,3122.34,19949
2025-04-02 16:00:00,3121.87,3134.14,3116.52,3131.42,27936
2025-04-02 20:00:00,3131.42,3143.16,3105.23,3130.92,20522
2025-04-03 00:00:00,3129.95,3167.56,3123.21,3151.29,24062
2025-04-03 04:00:00,3151.64,3162.85,3139.03,3140.29,25637
2025-04-03 08:00:00,3140.37,3140.89,3116.42,3128.98,29753
2025-04-03 12:00:00,3129.09,3129.49,3062.18,3076.26,37818
2025-04-03 16:00:00,3076.16,3135.41,3054.25,3107.45,42249
2025-04-03 20:00:00,3107.48,3119.4,3100.03,3116.29,19349
2025-04-04 00:00:00,3114.38,3116.68,3105.97,3110.58,10459
2025-04-04 04:00:00,3110.55,3115.66,3087.0,3099.97,23480
2025-04-04 08:00:00,3099.95,3109.86,3078.4,3084.16,27984
2025-04-04 12:00:00,3084.08,3136.43,3069.83,3071.12,41885
2025-04-04 16:00:00,3071.13,3087.33,3017.09,3030.89,43274
2025-04-04 20:00:00,3030.89,3040.96,3015.88,3037.5,25589
2025-04-07 00:00:00,3027.85,3032.21,2970.88,2978.91,19819
2025-04-07 04:00:00,2978.4,3055.35,2972.16,3035.57,31634
2025-04-07 08:00:00,3035.45,3044.44,3013.32,3031.14,32486
2025-04-07 12:00:00,3031.71,3046.04,3014.77,3031.19,33613
2025-04-07 16:00:00,3030.8,3037.78,2970.15,2970.57,40232
2025-04-07 20:00:00,2970.85,2985.88,2956.66,2983.64,23623
2025-04-08 00:00:00,2981.95,2992.73,2978.56,2985.28,9753
2025-04-08 04:00:00,2985.25,3004.78,2983.47,3002.25,19964
2025-04-08 08:00:00,3002.07,3015.8,2999.4,3007.42,22484
2025-04-08 12:00:00,3007.44,3019.54,2994.77,3002.54,21871
2025-04-08 16:00:00,3002.5,3022.64,2984.28,2986.04,34487
2025-04-08 20:00:00,2986.1,2992.31,2974.69,2981.91,24008
2025-04-09 00:00:00,2982.72,2990.63,2969.95,2980.3,13654
2025-04-09 04:00:00,2980.2,3014.06,2972.48,3012.18,27312
2025-04-09 08:00:00,3012.16,3052.23,3005.44,3044.04,30765
2025-04-09 12:00:00,3044.03,3072.97,3036.0,3047.37,30995
2025-04-09 16:00:00,3047.46,3094.77,3047.37,3092.31,33271
2025-04-09 20:00:00,3092.31,3099.41,3048.59,3079.28,30518
2025-04-10 00:00:00,3080.28,3101.33,3071.33,3097.16,13988
2025-04-10 04:00:00,3097.17,3131.68,3078.36,3125.27,26519
2025-04-10 08:00:00,3125.27,3132.49,3104.66,3104.92,24972
2025-04-10 12:00:00,3104.92,3133.99,3103.46,3122.97,25642
2025-04-10 16:00:00,3122.97,3174.84,3116.14,3158.39,35464
2025-04-10 20:00:00,3158.39,3176.29,3151.5,3172.54,20116
2025-04-11 00:00:00,3179.39,3218.03,3177.15,3205.63,15656
2025-04-11 04:00:00,3205.57,3220.07,3200.89,3208.51,26312
2025-04-11 08:00:00,3208.65,3227.19,3187.22,3215.96,31759
2025-04-11 12:00:00,3215.99,3237.57,3210.1,3233.62,29125
2025-04-11 16:00:00,3233.62,3245.32,3219.53,3223.23,36386
2025-04-11 20:00:00,3223.58,3238.17,3223.58,3234.25,21038
2025-04-14 00:00:00,3221.92,3227.22,3212.78,3220.8,11534
2025-04-14 04:00:00,3220.8,3245.6,3215.26,3227.31,22355
2025-04-14 08:00:00,3227.31,3237.93,3216.46,3226.88,22617
2025-04-14 12:00:00,3226.87,3231.62,3200.74,3206.52,25274
2025-04-14 16:00:00,3206.6,3215.52,3193.73,3207.55,31810
2025-04-14 20:00:00,3207.57,3216.33,3201.23,3211.28,15659
2025-04-15 00:00:00,3212.38,3215.17,3210.4,3211.87,5841
2025-04-15 04:00:00,3211.87,3232.51,3209.96,3231.81,16607
2025-04-15 08:00:00,3231.76,3232.13,3217.3,3227.58,19706
2025-04-15 12:00:00,3227.49,3230.05,3214.32,3221.53,18108
2025-04-15 16:00:00,3221.52,3226.83,3211.6,3221.42,23235
2025-04-15 20:00:00,3221.42,3233.47,3220.37,3228.54,12507
2025-04-16 00:00:00,3230.8,3268.01,3230.71,3264.41,12642
2025-04-16 04:00:00,3264.42,3287.56,3255.95,3283.69,23444
2025-04-16 08:00:00,3283.68,3317.59,3283.64,3306.95,27876
2025-04-16 12:00:00,3307.09,3313.53,3292.89,3307.23,24698
2025-04-16 16:00:00,3307.22,3332.93,3296.78,3327.31,32077
2025-04-16 20:00:00,3327.36,3342.41,3324.39,3340.77,20034
2025-04-17 00:00:00,3348.72,3357.64,3341.96,3345.4,11890
2025-04-17 04:00:00,3345.22,3356.15,3320.67,3341.48,24551
2025-04-17 08:00:00,3341.54,3345.44,3312.7,3324.22,23853
2025-04-17 12:00:00,3324.22,3342.28,3320.61,3328.08,20833
2025-04-17 16:00:00,3328.1,3332.02,3284.01,3316.11,33912
2025-04-17 20:00:00,3316.15,3328.05,3310.9,3327.95,14305
2025-04-21 00:00:00,3331.86,3370.58,3331.27,3368.7,14527
2025-04-21 04:00:00,3368.76,3385.26,3367.35,3376.44,22165
2025-04-21 08:00:00,3376.44,3396.03,3375.7,3392.73,21974
2025-04-21 12:00:00,3392.77,3415.71,3386.6,3414.98,22358
2025-04-21 16:00:00,3414.85,3430.21,3405.25,3414.49,30862
2025-04-21 20:00:00,3414.49,3430.42,3405.95,3424.67,18988
2025-04-22 00:00:00,3427.9,3444.36,3412.39,3425.46,14862
2025-04-22 04:00:00,3425.46,3494.74,3421.65,3484.49,27731
2025-04-22 08:00:00,3484.46,3499.88,3443.13,3443.91,32011
2025-04-22 12:00:00,3443.92,3468.17,3424.53,3431.36,27899
2025-04-22 16:00:00,3431.4,3449.65,3372.16,3393.07,37673
2025-04-22 20:00:00,3393.19,3410.22,3366.71,3380.04,23642
2025-04-23 00:00:00,3326.95,3371.12,3315.6,3367.91,18071
2025-04-23 04:00:00,3367.91,3386.54,3329.09,3346.74,28331
2025-04-23 08:00:00,3346.76,3349.41,3291.65,3321.6,29427
2025-04-23 12:00:00,3321.5,3340.4,3310.57,3310.81,24836
2025-04-23 16:00:00,3310.8,3313.71,3260.09,3295.03,38553
2025-04-23 20:00:00,3295.0,3301.39,3277.73,3289.13,19545
2025-04-24 00:00:00,3305.88,3339.06,3305.3,3331.6,12696
2025-04-24 04:00:00,3331.19,3367.27,3320.59,3326.15,27088
2025-04-24 08:00:00,3326.16,3341.54,3314.57,3336.04,25155
2025-04-24 12:00:00,3336.05,3344.62,3325.31,3335.93,21096
2025-04-24 16:00:00,3335.99,3336.26,3306.68,3331.5,32053
2025-04-24 20:00:00,3331.56,3347.71,3329.93,3347.51,15075
2025-04-25 00:00:00,3352.56,3370.65,3347.08,3357.75,12822
2025-04-25 04:00:00,3357.49,3362.94,3316.33,3324.74,23915
2025-04-25 08:00:00,3324.74,3327.03,3287.06,3303.9,27117
2025-04-25 12:00:00,3303.89,3308.89,3287.86,3292.65,20378
2025-04-25 16:00:00,3292.75,3292.83,3265.09,3285.31,28857
2025-04-25 20:00:00,3285.34,3315.33,3281.8,3313.61,15443
2025-04-28 00:00:00,3325.87,3330.15,3298.53,3313.98,12958
2025-04-28 04:00:00,3313.98,3314.9,3267.87,3298.92,22504
2025-04-28 08:00:00,3299.04,3300.94,3277.64,3282.56,19079
2025-04-28 12:00:00,3282.56,3302.31,3273.16,3296.0,20142
2025-04-28 16:00:00,3296.12,3339.16,3286.93,3336.59,30742
2025-04-28 20:00:00,3336.71,3352.95,3333.14,3342.84,16680
2025-04-29 00:00:00,3345.24,3345.25,3327.69,3329.87,10210
2025-04-29 04:00:00,3329.91,3339.89,3306.67,3309.25,20224
2025-04-29 08:00:00,3309.23,3324.83,3304.98,3311.8,19180
2025-04-29 12:00:00,3311.81,3316.0,3300.4,3312.8,19196
2025-04-29 16:00:00,3312.52,3330.03,3299.67,3328.71,27584
2025-04-29 20:00:00,3328.81,3329.66,3313.22,3318.4,13519
2025-04-30 00:00:00,3317.59,3327.97,3310.95,3313.17,7925
2025-04-30 04:00:00,3313.18,3322.74,3301.19,3307.9,18515
2025-04-30 08:00:00,3307.9,3314.64,3280.28,3284.4,20732
2025-04-30 12:00:00,3284.4,3304.81,3266.79,3298.64,23213
2025-04-30 16:00:00,3298.59,3319.71,3292.91,3310.8,30906
2025-04-30 20:00:00,3310.85,3313.55,3283.03,3290.31,16562
2025-05-01 00:00:00,3285.3,3287.87,3241.25,3246.49,13982
2025-05-01 04:00:00,3246.49,3251.65,3221.24,3226.6,18975
2025-05-01 08:00:00,3226.58,3243.16,3223.33,3235.16,19360
2025-05-01 12:00:00,3235.16,3236.19,3201.92,3226.85,24131
2025-05-01 16:00:00,3226.59,3233.23,3204.88,3219.58,29686
2025-05-01 20:00:00,3219.58,3239.32,3209.81,3237.3,16361
2025-05-02 00:00:00,3239.09,3244.16,3227.4,3231.33,10255
2025-05-02 04:00:00,3231.37,3258.56,3231.24,3251.81,17758
2025-05-02 08:00:00,3251.81,3263.23,3246.34,3258.09,18127
2025-05-02 12:00:00,3258.09,3269.2,3250.32,3250.41,21670
2025-05-02 16:00:00,3250.29,3264.45,3222.79,3224.88,34428
2025-05-02 20:00:00,3224.96,3241.23,3223.48,3238.68,16563
2025-05-05 00:00:00,3238.61,3252.26,3237.73,3246.67,10074
2025-05-05 04:00:00,3247.15,3272.32,3246.48,3256.51,18647
2025-05-05 08:00:00,3256.45,3282.94,3254.01,3282.39,17474
2025-05-05 12:00:00,3282.69,3322.53,3282.24,3319.58,25023
2025-05-05 16:00:00,3319.58,3328.7,3305.65,3309.8,26806
2025-05-05 20:00:00,3309.8,3337.55,3309.16,3331.26,17823
2025-05-06 00:00:00,3333.33,3334.95,3323.33,3329.65,9873
2025-05-06 04:00:00,3329.69,3386.77,3329.69,3363.01,28868
2025-05-06 08:00:00,3363.03,3383.1,3350.08,3377.09,23656
2025-05-06 12:00:00,3377.09,3392.32,3371.39,3391.02,23009
2025-05-06 16:00:00,3391.25,3411.62,3378.21,3408.75,31193
2025-05-06 20:00:00,3408.81,3430.86,3407.52,3430.14,19619
2025-05-07 00:00:00,3416.74,3421.67,3360.76,3379.68,21640
2025-05-07 04:00:00,3379.32,3393.69,3360.08,3382.07,24052
2025-05-07 08:00:00,3382.08,3397.4,3378.17,3382.82,20042
2025-05-07 12:00:00,3382.77,3393.78,3369.33,3390.85,21646
2025-05-07 16:00:00,3390.85,3398.0,3375.68,3386.81,26593
2025-05-07 20:00:00,3386.81,3397.88,3363.72,3366.59,23694
2025-05-08 00:00:00,3372.35,3386.82,3366.68,3380.4,9728
2025-05-08 04:00:00,3380.49,3414.52,3379.08,3382.07,24942
2025-05-08 08:00:00,3382.04,3384.12,3320.22,3339.31,28469
2025-05-08 12:00:00,3339.25,3358.54,3330.4,3356.13,22724
2025-05-08 16:00:00,3356.08,3369.45,3304.38,3310.3,33211
2025-05-08 20:00:00,3310.3,3311.13,3288.69,3307.62,20063
2025-05-09 00:00:00,3310.32,3323.95,3308.79,3322.07,12621
2025-05-09 04:00:00,3322.13,3327.3,3274.6,3324.56,26882
2025-05-09 08:00:00,3324.56,3332.18,3312.45,3328.51,21907
2025-05-09 12:00:00,3328.51,3338.3,3321.96,3333.61,19562
2025-05-09 16:00:00,3333.59,3347.5,3320.27,3336.75,28455
2025-05-09 20:00:00,3336.75,3342.91,3325.42,3327.63,12997
2025-05-12 00:00:00,3288.5,3292.35,3265.88,3279.05,15021
2025-05-12 04:00:00,3279.04,3284.59,3258.8,3278.75,23371
2025-05-12 08:00:00,3278.75,3281.54,3216.14,3231.5,30343
2025-05-12 12:00:00,3231.17,3234.11,3207.69,3233.67,25903
2025-05-12 16:00:00,3233.77,3248.65,3223.35,3224.2,32172
2025-05-12 20:00:00,3224.2,3238.77,3220.31,3235.04,15258
2025-05-13 00:00:00,3237.38,3243.23,3229.84,3239.88,10198
2025-05-13 04:00:00,3239.88,3253.36,3215.8,3252.53,22062
2025-05-13 08:00:00,3252.49,3265.12,3247.3,3255.53,21061
2025-05-13 12:00:00,3255.5,3258.54,3237.31,3241.79,20019
2025-05-13 16:00:00,3241.58,3257.79,3225.39,3251.02,29224
2025-05-13 20:00:00,3250.77,3254.62,3242.02,3251.12,13585
2025-05-14 00:00:00,3251.8,3256.98,3240.48,3243.67,9002
2025-05-14 04:00:00,3243.71,3251.84,3222.47,3223.8,23930
2025-05-14 08:00:00,3223.78,3243.76,3221.48,3232.53,22512
2025-05-14 12:00:00,3232.61,3239.08,3184.15,3184.73,25405
2025-05-14 16:00:00,3184.72,3198.22,3173.95,3188.47,33550
2025-05-14 20:00:00,3188.45,3190.44,3167.96,3181.37,18728
2025-05-15 00:00:00,3180.48,3187.8,3180.08,3187.68,9032
2025-05-15 04:00:00,3187.68,3192.62,3135.43,3138.51,25121
2025-05-15 08:00:00,3138.61,3164.06,3120.81,3162.53,28823
2025-05-15 12:00:00,3162.48,3189.82,3159.24,3188.85,25257
2025-05-15 16:00:00,3188.85,3222.59,3185.16,3222.4,30679
2025-05-15 20:00:00,3222.43,3239.47,3216.41,3237.16,15728
2025-05-16 00:00:00,3241.66,3252.03,3231.97,3243.03,13017
2025-05-16 04:00:00,3243.03,3244.38,3206.42,3219.57,22702
2025-05-16 08:00:00,3219.48,3231.1,3195.47,3207.3,22964
2025-05-16 12:00:00,3207.3,3212.83,3154.22,3177.39,25758
2025-05-16 16:00:00,3177.61,3189.7,3165.89,3189.29,28406
2025-05-16 20:00:00,3189.29,3202.68,3183.38,3201.87,14995
2025-05-19 00:00:00,3215.86,3249.71,3211.94,3246.44,13916
2025-05-19 04:00:00,3246.32,3246.5,3206.57,3215.84,19584
2025-05-19 08:00:00,3215.84,3244.87,3214.92,3244.4,19070
2025-05-19 12:00:00,3244.54,3248.43,3228.85,3229.25,17007
2025-05-19 16:00:00,3229.46,3241.53,3217.12,3231.76,24366
2025-05-19 20:00:00,3231.76,3235.77,3225.28,3230.63,11316
2025-05-20 00:00:00,3228.02,3230.34,3214.02,3222.65,7815
2025-05-20 04:00:00,3222.68,3232.57,3204.56,3217.13,20113
2025-05-20 08:00:00,3217.0,3235.81,3207.92,3235.81,18460
2025-05-20 12:00:00,3235.83,3250.68,3230.53,3242.73,17487
2025-05-20 16:00:00,3242.75,3285.7,3232.9,3278.79,28322
2025-05-20 20:00:00,3278.75,3295.68,3278.32,3290.04,14067
2025-05-21 00:00:00,3292.38,3304.11,3288.55,3303.4,10931
2025-05-21 04:00:00,3303.4,3314.4,3285.27,3302.01,21135
2025-05-21 08:00:00,3301.92,3320.6,3298.33,3308.39,20912
2025-05-21 12:00:00,3308.44,3318.25,3290.54,3302.59,20685
2025-05-21 16:00:00,3303.04,3315.17,3295.23,3303.02,26149
2025-05-21 20:00:00,3302.99,3324.79,3302.7,3314.62,16779
2025-05-22 00:00:00,3319.0,3325.94,3315.53,3323.79,9464
2025-05-22 04:00:00,3323.71,3345.29,3320.34,3338.41,21907
2025-05-22 08:00:00,3338.41,3339.44,3310.18,3311.23,22928
2025-05-22 12:00:00,3311.23,3314.7,3282.98,3304.03,26549
2025-05-22 16:00:00,3304.31,3315.67,3279.22,3301.59,30900
2025-05-22 20:00:00,3301.59,3301.76,3288.99,3293.96,16597
2025-05-23 00:00:00,3297.33,3308.86,3287.03,3300.99,9360
2025-05-23 04:00:00,3300.93,3316.1,3290.84,3313.53,17716
2025-05-23 08:00:00,3313.51,3334.35,3312.4,3326.34,20895
2025-05-23 12:00:00,3326.34,3360.42,3323.44,3357.15,25806
2025-05-23 16:00:00,3357.26,3364.62,3336.5,3358.95,32095
2025-05-23 20:00:00,3358.97,3365.89,3356.33,3358.91,14264
2025-05-26 00:00:00,3351.71,3352.21,3331.35,3342.04,10494
2025-05-26 04:00:00,3341.97,3356.72,3335.48,3349.76,16089
2025-05-26 08:00:00,3349.76,3351.75,3331.07,3334.34,16720
2025-05-26 12:00:00,3334.69,3336.19,3323.68,3334.41,13131
2025-05-26 16:00:00,3334.41,3343.57,3331.4,3342.05,14020
2025-05-26 20:00:00,3342.05,3343.11,3340.48,3341.05,2037
2025-05-27 00:00:00,3346.18,3349.86,3342.36,3345.08,8017
2025-05-27 04:00:00,3345.15,3347.25,3330.57,3330.75,17107
2025-05-27 08:00:00,3330.75,3332.6,3292.53,3298.49,27358
2025-05-27 12:00:00,3298.49,3309.56,3287.31,3293.63,23527
2025-05-27 16:00:00,3293.66,3304.74,3284.95,3297.71,27815
2025-05-27 20:00:00,3297.71,3307.91,3296.76,3302.95,12599
2025-05-28 00:00:00,3304.05,3315.74,3297.26,3308.51,8459
2025-05-28 04:00:00,3308.26,3313.45,3291.6,3296.33,20244
2025-05-28 08:00:00,3296.33,3323.74,3295.92,3321.58,21352
2025-05-28 12:00:00,3321.58,3325.41,3305.35,3312.16,16054
2025-05-28 16:00:00,3312.22,3316.38,3288.22,3293.48,25448
2025-05-28 20:00:00,3293.43,3302.87,3290.72,3290.8,14302
2025-05-29 00:00:00,3289.28,3294.57,3250.03,3264.83,18288
2025-05-29 04:00:00,3264.91,3280.13,3245.47,3269.0,23989
2025-05-29 08:00:00,3268.98,3289.24,3266.01,3281.72,19294
2025-05-29 12:00:00,3281.67,3317.41,3276.19,3316.4,21853
2025-05-29 16:00:00,3316.49,3330.76,3304.66,3322.2,28007
2025-05-29 20:00:00,3322.2,3325.76,3315.16,3317.69,15051
2025-05-30 00:00:00,3317.64,3318.82,3309.64,3312.44,9206
2025-05-30 04:00:00,3312.59,3322.62,3291.24,3296.27,19769
2025-05-30 08:00:00,3296.27,3304.92,3287.47,3295.68,19506
2025-05-30 12:00:00,3295.61,3306.67,3282.86,3304.0,20143
2025-05-30 16:00:00,3303.9,3308.23,3271.54,3293.24,31551
2025-05-30 20:00:00,3293.29,3295.73,3289.66,3291.54,14168
2025-06-02 00:00:00,3303.08,3316.62,3300.18,3311.28,12375
2025-06-02 04:00:00,3311.4,3318.1,3301.42,3313.86,18559
2025-06-02 08:00:00,3313.85,3358.86,3313.78,3351.95,23372
2025-06-02 12:00:00,3351.95,3363.49,3344.45,3355.41,22487
2025-06-02 16:00:00,3355.64,3379.3,3350.33,3371.8,30151
2025-06-02 20:00:00,3371.64,3382.64,3370.74,3381.67,16513
2025-06-03 00:00:00,3384.74,3392.06,3373.63,3375.77,11537
2025-06-03 04:00:00,3375.74,3377.99,3359.12,3362.61,25088
2025-06-03 08:00:00,3362.61,3367.73,3351.12,3361.22,22375
2025-06-03 12:00:00,3361.15,3362.92,3348.93,3359.38,20085
2025-06-03 16:00:00,3359.46,3362.99,3333.1,3348.44,27904
2025-06-03 20:00:00,3348.44,3355.42,3347.22,3353.05,12589
2025-06-04 00:00:00,3356.65,3361.59,3349.68,3350.12,9937
2025-06-04 04:00:00,3350.11,3372.47,3346.3,3354.71,21489
2025-06-04 08:00:00,3354.71,3365.15,3347.92,3362.71,21473
2025-06-04 12:00:00,3362.81,3365.01,3343.74,3358.88,23054
2025-06-04 16:00:00,3358.89,3384.65,3350.81,3374.98,26544
2025-06-04 20:00:00,3374.98,3382.04,3370.71,3372.83,10594
2025-06-05 00:00:00,3373.93,3381.68,3371.94,3380.28,8544
2025-06-05 04:00:00,3380.18,3384.07,3363.99,3368.39,18627
2025-06-05 08:00:00,3368.44,3376.9,3361.12,3375.16,16492
2025-06-05 12:00:00,3375.19,3403.23,3373.97,3383.04,25940
2025-06-05 16:00:00,3383.07,3388.23,3339.52,3354.0,36176
2025-06-05 20:00:00,3354.34,3361.33,3348.91,3352.29,17307
2025-06-06 00:00:00,3355.86,3364.07,3354.22,3359.32,9442
2025-06-06 04:00:00,3359.32,3374.39,3356.06,3373.54,19459
2025-06-06 08:00:00,3373.57,3375.49,3352.63,3365.33,20431
2025-06-06 12:00:00,3365.33,3365.33,3343.49,3353.28,19806
2025-06-06 16:00:00,3353.35,3360.85,3316.64,3322.73,32833
2025-06-06 20:00:00,3322.8,3326.67,3307.04,3311.35,14546
2025-06-09 00:00:00,3317.76,3321.12,3298.23,3305.37,11613
2025-06-09 04:00:00,3305.37,3313.4,3293.35,3311.7,19493
2025-06-09 08:00:00,3311.7,3328.39,3309.47,3319.69,17971
2025-06-09 12:00:00,3319.77,3323.48,3312.1,3320.01,16479
2025-06-09 16:00:00,3319.77,3337.78,3310.65,3337.63,25531
2025-06-09 20:00:00,3337.63,3338.16,3324.92,3326.52,13004
2025-06-10 00:00:00,3324.2,3327.79,3314.46,3316.53,8608
2025-06-10 04:00:00,3316.56,3319.89,3301.76,3307.17,19940
2025-06-10 08:00:00,3307.16,3334.89,3306.65,3329.36,21282
2025-06-10 12:00:00,3329.36,3342.5,3327.03,3337.12,16793
2025-06-10 16:00:00,3337.2,3349.07,3319.94,3321.21,26654
2025-06-10 20:00:00,3321.36,3334.48,3319.32,3323.07,14397
2025-06-11 00:00:00,3322.27,3335.19,3315.4,3332.35,10214
2025-06-11 04:00:00,3332.35,3342.85,3326.98,3341.78,16723
2025-06-11 08:00:00,3341.75,3348.57,3331.91,3344.51,17506
2025-06-11 12:00:00,3344.51,3360.61,3326.08,3336.67,21745
2025-06-11 16:00:00,3336.67,3344.5,3327.91,3330.19,27194
2025-06-11 20:00:00,3330.22,3355.19,3319.53,3352.95,19339
2025-06-12 00:00:00,3357.64,3373.44,3356.2,3365.69,14295
2025-06-12 04:00:00,3365.68,3377.7,3362.45,3370.42,20668
2025-06-12 08:00:00,3370.22,3375.74,3338.15,3356.71,22972
2025-06-12 12:00:00,3356.71,3390.41,3355.42,3388.0,24113
2025-06-12 16:00:00,3388.08,3398.82,3377.58,3383.61,30734
2025-06-12 20:00:00,3383.62,3389.11,3378.03,3385.29,15274
2025-06-13 00:00:00,3383.87,3419.9,3379.67,3416.76,15242
2025-06-13 04:00:00,3415.16,3444.4,3413.8,3425.24,26674
2025-06-13 08:00:00,3425.31,3428.74,3407.96,3424.2,22818
2025-06-13 12:00:00,3424.2,3438.08,3411.52,3436.58,22278
2025-06-13 16:00:00,3436.24,3446.72,3419.12,3430.03,29582
2025-06-13 20:00:00,3430.03,3439.47,3427.43,3432.75,18117
2025-06-16 00:00:00,3440.97,3451.19,3434.23,3436.18,13996
2025-06-16 04:00:00,3436.26,3446.27,3426.86,3427.5,18759
2025-06-16 08:00:00,3427.49,3430.37,3409.44,3413.84,21352
2025-06-16 12:00:00,3413.85,3422.53,3410.68,3415.6,17766
2025-06-16 16:00:00,3415.53,3417.92,3382.24,3399.34,26232
2025-06-16 20:00:00,3399.32,3400.21,3382.79,3383.66,12855
2025-06-17 00:00:00,3388.18,3403.19,3386.65,3394.29,11476
2025-06-17 04:00:00,3394.18,3402.47,3374.01,3393.96,17945
2025-06-17 08:00:00,3393.91,3395.34,3377.84,3378.84,17002
2025-06-17 12:00:00,3378.83,3400.02,3375.76,3386.66,21745
2025-06-17 16:00:00,3386.71,3397.39,3366.11,3382.88,27685
2025-06-17 20:00:00,3382.88,3392.38,3381.2,3389.77,14091
2025-06-18 00:00:00,3395.46,3395.78,3382.92,3385.63,8241
2025-06-18 04:00:00,3385.64,3399.97,3370.52,3395.14,17406
2025-06-18 08:00:00,3395.3,3395.62,3377.03,3383.55,17326
2025-06-18 12:00:00,3383.55,3389.79,3375.48,3386.63,16910
2025-06-18 16:00:00,3386.65,3396.76,3373.7,3390.95,23307
2025-06-18 20:00:00,3390.89,3395.64,3362.5,3367.0,22070
2025-06-19 00:00:00,3371.19,3383.23,3370.56,3379.35,8823
2025-06-19 04:00:00,3379.3,3387.93,3369.61,3374.48,13698
2025-06-19 08:00:00,3374.47,3375.21,3347.47,3368.62,22301
2025-06-19 12:00:00,3368.62,3378.96,3363.56,3367.9,14748
2025-06-19 16:00:00,3368.08,3372.89,3361.39,3370.96,17308
2025-06-19 20:00:00,3370.92,3375.31,3365.88,3370.46,3630
2025-06-20 00:00:00,3370.15,3370.38,3361.87,3367.95,7993
2025-06-20 04:00:00,3367.97,3368.19,3344.75,3354.26,17237
2025-06-20 08:00:00,3354.24,3355.29,3340.34,3351.01,16854
2025-06-20 12:00:00,3350.91,3359.19,3341.89,3344.48,15579
2025-06-20 16:00:00,3344.57,3374.42,3343.0,3371.41,22385
2025-06-20 20:00:00,3371.41,3371.69,3364.58,3368.77,10213
2025-06-23 00:00:00,3383.5,3388.22,3358.34,3365.54,12728
2025-06-23 04:00:00,3365.95,3367.92,3351.9,3358.45,16106
2025-06-23 08:00:00,3358.45,3362.26,3346.95,3361.81,16101
2025-06-23 12:00:00,3361.81,3381.92,3355.76,3360.42,18255
2025-06-23 16:00:00,3360.14,3393.35,3359.81,3389.81,25531
2025-06-23 20:00:00,3389.76,3391.42,3367.07,3368.82,15334
2025-06-24 00:00:00,3358.72,3363.68,3333.08,3351.01,13527
2025-06-24 04:00:00,3351.21,3357.69,3342.03,3348.52,16146
2025-06-24 08:00:00,3348.52,3348.71,3315.97,3327.26,22835
2025-06-24 12:00:00,3327.32,3328.89,3304.45,3314.72,18232
2025-06-24 16:00:00,3314.52,3320.31,3295.39,3318.32,24901
2025-06-24 20:00:00,3318.32,3325.15,3315.63,3322.91,11426
2025-06-25 00:00:00,3322.65,3329.94,3320.72,3326.87,5976
2025-06-25 04:00:00,3326.95,3335.21,3325.73,3327.47,12927
2025-06-25 08:00:00,3327.52,3337.08,3326.43,3327.14,13596
2025-06-25 12:00:00,3327.13,3329.48,3318.13,3320.64,14514
2025-06-25 16:00:00,3320.79,3335.08,3311.84,3334.7,19523
2025-06-25 20:00:00,3334.7,3335.99,3324.74,3332.04,12665
2025-06-26 00:00:00,3333.84,3340.02,3331.23,3333.92,7194
2025-06-26 04:00:00,3334.0,3343.1,3329.19,3333.82,13561
2025-06-26 08:00:00,3333.8,3350.23,3330.89,3348.12,15125
2025-06-26 12:00:00,3348.02,3348.66,3321.78,3321.96,17467
2025-06-26 16:00:00,3322.08,3333.25,3309.84,3331.3,26657
2025-06-26 20:00:00,3331.31,3336.37,3328.26,3329.86,12591
2025-06-27 00:00:00,3325.21,3325.26,3313.19,3318.77,7162
2025-06-27 04:00:00,3318.77,3321.93,3290.96,3293.86,17324
2025-06-27 08:00:00,3293.93,3300.9,3281.85,3289.42,20192
2025-06-27 12:00:00,3289.41,3290.86,3269.4,3270.0,19561
2025-06-27 16:00:00,3270.12,3278.54,3256.12,3277.52,26732
2025-06-27 20:00:00,3277.54,3282.75,3268.29,3274.49,14085
2025-06-30 00:00:00,3272.53,3274.01,3248.86,3264.54,10674
2025-06-30 04:00:00,3264.38,3286.22,3259.33,3285.5,14443
2025-06-30 08:00:00,3285.5,3296.74,3284.59,3289.11,13662
2025-06-30 12:00:00,3289.11,3289.11,3274.54,3282.01,14508
2025-06-30 16:00:00,3281.96,3297.36,3277.81,3297.22,21776
2025-06-30 20:00:00,3297.18,3309.37,3291.97,3302.63,12554
2025-07-01 00:00:00,3303.94,3314.75,3302.24,3314.69,6714
2025-07-01 04:00:00,3314.69,3323.01,3313.88,3322.88,13004
2025-07-01 08:00:00,3322.89,3342.4,3322.86,3339.54,16475
2025-07-01 12:00:00,3339.61,3357.89,3338.25,3354.41,17397
2025-07-01 16:00:00,3354.37,3355.47,3336.82,3341.7,23908
2025-07-01 20:00:00,3341.69,3342.11,3336.66,3339.22,11128
2025-07-02 00:00:00,3339.85,3344.88,3334.55,3338.87,7238
2025-07-02 04:00:00,3338.87,3342.85,3328.52,3339.98,12216
2025-07-02 08:00:00,3339.98,3343.7,3327.55,3333.52,13844
2025-07-02 12:00:00,3333.47,3351.08,3333.05,3346.58,15415
2025-07-02 16:00:00,3346.59,3349.18,3333.83,3348.65,21193
2025-07-02 20:00:00,3348.5,3359.9,3347.31,3355.79,11081
2025-07-03 00:00:00,3359.37,3365.65,3343.48,3344.6,8319
2025-07-03 04:00:00,3344.61,3351.71,3341.81,3350.66,11197
2025-07-03 08:00:00,3350.66,3363.68,3350.01,3356.12,14180
2025-07-03 12:00:00,3356.09,3356.3,3311.52,3324.3,18057
2025-07-03 16:00:00,3324.43,3338.43,3322.08,3333.92,23675
2025-07-03 20:00:00,3333.92,3334.73,3325.7,3325.7,5179
2025-07-04 00:00:00,3324.64,3331.97,3323.45,3328.86,5049
2025-07-04 04:00:00,3328.86,3342.19,3326.12,3340.83,11819
2025-07-04 08:00:00,3340.83,3345.03,3336.53,3342.79,12476
2025-07-04 12:00:00,3342.79,3343.02,3331.21,3333.87,12828
2025-07-04 16:00:00,3333.87,3337.95,3330.74,3336.95,11810
2025-07-07 00:00:00,3341.37,3341.9,3321.7,3326.46,8475
2025-07-07 04:00:00,3326.46,3327.58,3305.11,3307.74,16926
2025-07-07 08:00:00,3307.74,3315.19,3300.6,3310.15,17264
2025-07-07 12:00:00,3310.01,3312.65,3296.39,3309.54,19923
2025-07-07 16:00:00,3309.52,3327.98,3306.14,3327.42,21017
2025-07-07 20:00:00,3327.49,3340.33,3327.38,3336.9,14543
2025-07-08 00:00:00,3340.65,3345.77,3331.07,3334.18,7433
2025-07-08 04:00:00,3334.18,3337.9,3327.26,3329.64,12493
2025-07-08 08:00:00,3329.64,3339.46,3323.24,3323.62,14277
2025-07-08 12:00:00,3323.62,3329.81,3320.02,3328.11,13175
2025-07-08 16:00:00,3328.11,3328.57,3287.09,3300.33,28400
2025-07-08 20:00:00,3300.48,3310.29,3299.31,3300.21,15383
2025-07-09 00:00:00,3302.8,3307.88,3297.14,3306.95,7499
2025-07-09 04:00:00,3306.95,3307.21,3284.9,3293.88,14646
2025-07-09 08:00:00,3293.88,3297.65,3282.72,3284.97,17212
2025-07-09 12:00:00,3284.97,3297.45,3283.14,3296.37,15668
2025-07-09 16:00:00,3296.31,3313.22,3291.91,3311.81,22484
2025-07-09 20:00:00,3311.79,3316.75,3308.06,3313.51,14439
2025-07-10 00:00:00,3315.66,3321.77,3314.82,3317.61,6211
2025-07-10 04:00:00,3317.37,3326.23,3314.78,3322.14,11234
2025-07-10 08:00:00,3322.25,3330.03,3319.85,3328.62,11557
2025-07-10 12:00:00,3328.59,3330.24,3317.86,3323.71,15079
2025-07-10 16:00:00,3322.66,3329.32,3310.0,3315.08,22088
2025-07-10 20:00:00,3315.08,3325.86,3314.7,3324.12,10886
2025-07-11 00:00:00,3325.51,3336.14,3321.73,3330.44,8392
2025-07-11 04:00:00,3330.37,3335.94,3325.09,3331.93,13481
2025-07-11 08:00:00,3331.93,3343.82,3331.05,3333.14,20668
2025-07-11 12:00:00,3333.14,3357.07,3332.78,3355.06,19393
2025-07-11 16:00:00,3355.31,3368.63,3350.13,3353.77,28707
2025-07-11 20:00:00,3353.7,3359.68,3349.2,3357.23,14694
2025-07-14 00:00:00,3360.49,3373.97,3359.44,3367.5,11185
2025-07-14 04:00:00,3367.5,3370.14,3353.7,3359.64,17853
2025-07-14 08:00:00,3359.56,3374.9,3353.67,3365.87,18603
2025-07-14 12:00:00,3365.97,3374.59,3349.37,3350.01,16896
2025-07-14 16:00:00,3350.01,3358.96,3340.97,3347.74,24788
2025-07-14 20:00:00,3347.87,3351.64,3341.2,3342.03,13413
2025-07-15 00:00:00,3342.88,3349.24,3341.24,3347.53,4806
2025-07-15 04:00:00,3347.53,3361.18,3345.77,3360.19,11630
2025-07-15 08:00:00,3360.19,3365.58,3356.69,3360.95,13847
2025-07-15 12:00:00,3360.95,3366.31,3346.41,3348.81,15760
2025-07-15 16:00:00,3349.0,3352.36,3320.18,3329.23,27847
2025-07-15 20:00:00,3329.24,3331.86,3325.44,3325.44,11697
2025-07-16 00:00:00,3326.05,3332.6,3325.45,3330.41,5386
2025-07-16 04:00:00,3330.43,3338.55,3324.97,3338.2,12509
2025-07-16 08:00:00,3338.21,3342.63,3335.53,3341.92,11228
2025-07-16 12:00:00,3341.92,3342.92,3330.94,3334.52,14274
2025-07-16 16:00:00,3334.58,3377.43,3319.57,3349.04,34767
2025-07-16 20:00:00,3349.05,3357.36,3346.05,3347.45,17333
2025-07-17 00:00:00,3350.69,3352.04,3339.63,3340.76,6098
2025-07-17 04:00:00,3340.76,3344.66,3336.23,3342.62,12074
2025-07-17 08:00:00,3342.57,3342.84,3325.15,3328.75,14607
2025-07-17 12:00:00,3328.74,3332.39,3309.68,3313.02,16766
2025-07-17 16:00:00,3313.12,3339.89,3311.24,3338.71,24446
2025-07-17 20:00:00,3338.71,3340.99,3335.63,3337.56,13451
2025-07-18 00:00:00,3341.5,3343.95,3337.85,3339.78,5746
2025-07-18 04:00:00,3339.8,3344.21,3333.75,3336.96,11712
2025-07-18 08:00:00,3336.96,3350.35,3331.78,3347.44,13087
2025-07-18 12:00:00,3347.44,3361.17,3347.34,3359.91,13282
2025-07-18 16:00:00,3359.91,3360.21,3351.13,3353.61,21632
2025-07-18 20:00:00,3353.61,3353.66,3347.56,3351.23,12400
2025-07-21 00:00:00,3348.73,3354.47,3344.88,3352.21,5421
2025-07-21 04:00:00,3352.08,3358.62,3350.59,3357.72,9248
2025-07-21 08:00:00,3357.72,3370.7,3357.58,3365.93,13949
2025-07-21 12:00:00,3365.93,3388.51,3362.67,3387.2,14407
2025-07-21 16:00:00,3387.42,3401.42,3383.54,3395.61,27233
2025-07-21 20:00:00,3395.61,3399.67,3391.42,3396.94,15238
2025-07-22 00:00:00,3398.81,3402.56,3390.41,3394.33,6468
2025-07-22 04:00:00,3394.32,3395.79,3384.98,3390.97,12089
2025-07-22 08:00:00,3391.01,3391.85,3383.27,3388.96,13289
2025-07-22 12:00:00,3388.85,3407.8,3384.56,3407.56,14315
2025-07-22 16:00:00,3407.4,3432.75,3405.01,3432.15,29664
2025-07-22 20:00:00,3432.17,3433.35,3426.42,3428.86,17094
2025-07-23 00:00:00,3430.83,3438.81,3426.23,3428.69,8480
2025-07-23 04:00:00,3428.69,3430.5,3419.15,3423.56,16002
2025-07-23 08:00:00,3423.56,3429.6,3416.28,3428.43,16511
2025-07-23 12:00:00,3428.45,3433.71,3419.88,3419.91,16112
2025-07-23 16:00:00,3419.88,3420.46,3381.43,3387.37,30544
2025-07-23 20:00:00,3387.35,3395.87,3385.71,3388.58,16962
2025-07-24 00:00:00,3390.51,3393.14,3386.41,3391.4,5127
2025-07-24 04:00:00,3391.4,3393.26,3374.59,3382.58,16366
2025-07-24 08:00:00,3382.58,3382.91,3365.79,3369.69,17745
2025-07-24 12:00:00,3369.58,3370.07,3352.56,3353.34,17160
2025-07-24 16:00:00,3353.39,3377.3,3351.16,3366.88,26512
2025-07-24 20:00:00,3366.84,3373.39,3366.26,3367.14,14343
2025-07-25 00:00:00,3369.29,3373.38,3364.99,3372.12,5551
2025-07-25 04:00:00,3372.12,3372.6,3357.75,3360.87,11285
2025-07-25 08:00:00,3361.03,3362.23,3344.42,3345.42,12577
2025-07-25 12:00:00,3345.42,3348.79,3336.24,3340.68,13590
2025-07-25 16:00:00,3340.68,3347.51,3324.91,3329.65,26303
2025-07-25 20:00:00,3329.74,3340.24,3329.64,3336.35,11629
2025-07-28 00:00:00,3329.25,3337.25,3323.73,3333.35,9092
2025-07-28 04:00:00,3333.32,3343.92,3329.8,3339.54,12484
2025-07-28 08:00:00,3339.54,3345.25,3332.25,3336.02,13988
2025-07-28 12:00:00,3336.15,3340.72,3325.48,3328.34,14514
2025-07-28 16:00:00,3328.28,3330.56,3301.67,3312.2,24522
2025-07-28 20:00:00,3312.19,3318.8,3308.69,3315.68,15080
2025-07-29 00:00:00,3313.88,3315.74,3307.84,3311.54,7001
2025-07-29 04:00:00,3311.46,3320.8,3308.53,3316.42,12756
2025-07-29 08:00:00,3316.42,3329.83,3311.25,3326.31,17536
2025-07-29 12:00:00,3326.31,3328.15,3314.91,3323.34,17075
2025-07-29 16:00:00,3323.32,3334.08,3311.96,3323.12,25779
2025-07-29 20:00:00,3323.09,3330.74,3322.54,3325.43,14789
2025-07-30 00:00:00,3327.58,3333.6,3325.87,3330.2,4424
2025-07-30 04:00:00,3330.21,3333.2,3321.72,3327.09,11536
2025-07-30 08:00:00,3327.09,3333.38,3323.07,3332.16,11520
2025-07-30 12:00:00,3331.97,3333.94,3310.63,3313.02,15587
2025-07-30 16:00:00,3313.29,3315.93,3288.64,3298.03,24055
2025-07-30 20:00:00,3298.14,3304.79,3268.06,3274.71,24350
2025-07-31 00:00:00,3277.15,3288.36,3276.24,3286.27,7549
2025-07-31 04:00:00,3286.41,3298.52,3284.97,3298.07,14362
2025-07-31 08:00:00,3298.13,3314.75,3294.67,3309.85,14938
2025-07-31 12:00:00,3309.85,3313.08,3293.74,3307.55,18344
2025-07-31 16:00:00,3307.64,3310.23,3289.65,3294.93,27577
2025-07-31 20:00:00,3294.93,3298.4,3290.29,3290.32,15314
2025-08-01 00:00:00,3291.52,3295.03,3286.39,3290.18,7370
2025-08-01 04:00:00,3290.12,3297.05,3281.55,3292.04,15366
2025-08-01 08:00:00,3292.05,3300.35,3285.16,3294.22,15062
2025-08-01 12:00:00,3294.22,3345.12,3292.73,3341.25,18447
2025-08-01 16:00:00,3341.35,3355.07,3338.84,3347.23,32882
2025-08-01 20:00:00,3347.24,3362.52,3345.52,3362.17,17190
2025-08-04 00:00:00,3364.13,3364.41,3350.24,3352.12,9286
2025-08-04 04:00:00,3351.99,3362.03,3344.96,3358.83,14639
2025-08-04 08:00:00,3358.83,3362.61,3351.69,3358.41,15111
2025-08-04 12:00:00,3358.41,3371.37,3352.95,3367.79,16517
2025-08-04 16:00:00,3367.79,3385.36,3367.03,3370.96,25130
2025-08-04 20:00:00,3370.94,3377.1,3370.64,3373.6,14361
2025-08-05 00:00:00,3376.07,3381.27,3373.59,3379.75,5882
2025-08-05 04:00:00,3379.8,3382.32,3370.91,3371.07,11217
2025-08-05 08:00:00,3371.02,3375.46,3365.7,3366.01,14304
2025-08-05 12:00:00,3366.02,3366.91,3349.78,3366.08,16600
2025-08-05 16:00:00,3366.18,3390.34,3365.83,3382.04,25905
2025-08-05 20:00:00,3382.05,3382.75,3377.96,3378.86,10833
2025-08-06 00:00:00,3381.14,3385.2,3378.06,3383.43,5865
2025-08-06 04:00:00,3383.43,3383.55,3372.15,3372.36,11826
2025-08-06 08:00:00,3372.46,3378.52,3364.73,3365.06,13285
2025-08-06 12:00:00,3365.08,3369.18,3358.2,3367.45,15750
2025-08-06 16:00:00,3367.45,3379.85,3365.14,3376.02,23812
2025-08-06 20:00:00,3376.1,3377.54,3366.99,3367.82,15236
2025-08-07 00:00:00,3372.33,3374.72,3365.19,3372.23,10636
2025-08-07 04:00:00,3372.17,3383.97,3370.06,3377.53,16277
2025-08-07 08:00:00,3377.74,3397.26,3371.61,3378.21,26249
2025-08-07 12:00:00,3378.31,3389.62,3371.75,3380.72,25196
2025-08-07 16:00:00,3380.73,3393.76,3375.19,3388.8,30252
2025-08-07 20:00:00,3388.81,3401.63,3384.4,3395.65,20807
2025-08-08 00:00:00,3407.59,3407.62,3386.86,3389.34,18463
2025-08-08 04:00:00,3389.47,3399.34,3381.07,3394.23,28810
2025-08-08 08:00:00,3394.24,3404.25,3388.77,3394.35,31127
2025-08-08 12:00:00,3394.33,3401.63,3380.39,3391.55,39104
2025-08-08 16:00:00,3391.61,3401.6,3381.07,3397.36,38705
2025-08-08 20:00:00,3397.36,3403.32,3374.36,3397.48,27614
2025-08-11 00:00:00,3400.47,3401.83,3381.35,3381.55,10593
2025-08-11 04:00:00,3381.56,3383.96,3367.68,3375.77,20703
2025-08-11 08:00:00,3375.74,3380.0,3357.03,3361.87,22994
2025-08-11 12:00:00,3361.56,3363.84,3344.29,3356.86,23967
2025-08-11 16:00:00,3356.86,3362.81,3341.44,3344.02,27138
2025-08-11 20:00:00,3344.05,3358.84,3341.15,3343.6,17575
2025-08-12 00:00:00,3344.12,3355.69,3342.42,3354.42,7703
2025-08-12 04:00:00,3354.45,3357.4,3346.14,3354.35,15669
2025-08-12 08:00:00,3354.4,3358.06,3342.24,3347.87,18502
2025-08-12 12:00:00,3347.87,3358.02,3336.04,3349.9,24773
2025-08-12 16:00:00,3349.88,3359.15,3331.06,3349.45,43682
2025-08-12 20:00:00,3349.45,3350.75,3345.51,3349.22,17370
2025-08-13 00:00:00,3349.83,3353.64,3342.65,3343.46,7668
2025-08-13 04:00:00,3343.54,3354.25,3342.61,3351.71,15522
2025-08-13 08:00:00,3351.71,3363.42,3345.59,3360.19,17975
2025-08-13 12:00:00,3360.22,3367.01,3355.43,3358.05,19001
2025-08-13 16:00:00,3358.05,3370.74,3354.22,3357.88,27824
2025-08-13 20:00:00,3357.88,3359.32,3349.87,3355.84,13903
2025-08-14 00:00:00,3357.19,3374.72,3356.61,3369.43,8273
2025-08-14 04:00:00,3369.41,3370.76,3355.45,3360.42,18273
2025-08-14 08:00:00,3360.42,3366.28,3341.33,3346.13,22537
2025-08-14 12:00:00,3346.13,3359.08,3341.94,3350.54,23415
2025-08-14 16:00:00,3350.5,3356.02,3329.75,3334.34,38805
2025-08-14 20:00:00,3334.34,3341.02,3331.81,3334.96,16841
2025-08-15 00:00:00,3336.43,3338.63,3332.14,3337.01,7222
2025-08-15 04:00:00,3337.01,3346.62,3333.26,3345.42,14893
2025-08-15 08:00:00,3345.42,3348.67,3338.32,3341.2,17117
2025-08-15 12:00:00,3341.2,3344.91,3333.48,3342.61,20394
2025-08-15 16:00:00,3342.61,3345.91,3332.88,3338.09,27093
2025-08-15 20:00:00,3338.11,3339.53,3334.32,3335.53,14845
2025-08-18 00:00:00,3334.57,3342.68,3323.46,3340.58,9737
2025-08-18 04:00:00,3340.54,3358.12,3339.59,3357.46,16413
2025-08-18 08:00:00,3357.46,3358.32,3344.48,3348.62,18977
2025-08-18 12:00:00,3348.62,3351.65,3343.06,3344.66,14045
2025-08-18 16:00:00,3344.66,3344.88,3331.64,3334.23,22898
2025-08-18 20:00:00,3334.21,3334.8,3330.18,3332.54,10777
2025-08-19 00:00:00,3333.25,3339.13,3326.0,3335.12,7230
2025-08-19 04:00:00,3335.12,3341.58,3329.42,3337.68,15919
2025-08-19 08:00:00,3337.68,3341.75,3334.39,3337.94,13406
2025-08-19 12:00:00,3337.94,3345.24,3334.22,3334.66,13775
2025-08-19 16:00:00,3334.7,3339.23,3316.99,3317.43,27174
2025-08-19 20:00:00,3317.51,3320.1,3314.78,3315.23,13321
2025-08-20 00:00:00,3316.33,3317.43,3312.77,3315.96,7029
2025-08-20 04:00:00,3315.96,3320.88,3311.41,3318.68,16210
2025-08-20 08:00:00,3318.68,3327.44,3318.08,3324.95,15029
2025-08-20 12:00:00,3324.95,3344.78,3323.48,3342.82,19356
2025-08-20 16:00:00,3342.82,3350.13,3338.82,3345.13,23040
2025-08-20 20:00:00,3345.13,3349.23,3343.93,3348.18,12443
2025-08-21 00:00:00,3351.02,3352.01,3341.39,3342.24,6758
2025-08-21 04:00:00,3342.24,3346.3,3337.83,3338.19,12139
2025-08-21 08:00:00,3338.21,3341.44,3334.23,3339.54,13408
2025-08-21 12:00:00,3339.53,3344.96,3325.14,3341.86,19939
2025-08-21 16:00:00,3341.83,3348.03,3335.96,3339.72,28551
2025-08-21 20:00:00,3339.72,3341.97,3336.56,3338.16,11996
2025-08-22 00:00:00,3339.97,3340.51,3334.94,3339.52,5244
2025-08-22 04:00:00,3339.51,3340.18,3327.93,3328.31,12337
2025-08-22 08:00:00,3328.31,3335.04,3325.29,3328.71,15370
2025-08-22 12:00:00,3328.71,3331.67,3321.38,3323.36,14891
2025-08-22 16:00:00,3323.43,3378.73,3323.13,3370.43,39613
2025-08-22 20:00:00,3370.43,3375.48,3368.84,3371.48,15551
2025-08-25 00:00:00,3368.58,3370.94,3363.21,3364.77,6615
2025-08-25 04:00:00,3364.77,3367.99,3359.75,3365.99,11299
2025-08-25 08:00:00,3365.99,3369.78,3363.0,3363.88,9494
2025-08-25 12:00:00,3363.88,3371.44,3361.97,3364.45,10534
2025-08-25 16:00:00,3364.45,3376.22,3362.1,3373.75,19495
2025-08-25 20:00:00,3373.75,3374.78,3364.0,3364.43,12500
2025-08-26 00:00:00,3366.5,3386.48,3351.24,3383.13,16435
2025-08-26 04:00:00,3383.13,3384.8,3369.79,3377.27,18963
2025-08-26 08:00:00,3377.27,3379.82,3367.2,3376.62,16778
2025-08-26 12:00:00,3376.62,3380.37,3367.2,3371.98,18532
2025-08-26 16:00:00,3371.94,3389.36,3370.27,3382.96,26885
2025-08-26 20:00:00,3382.96,3391.09,3380.21,3391.05,14273
2025-08-27 00:00:00,3390.48,3393.41,3388.7,3389.54,7026
2025-08-27 04:00:00,3389.54,3389.94,3373.81,3374.92,15098
2025-08-27 08:00:00,3374.92,3385.01,3373.8,3384.52,16250
2025-08-27 12:00:00,3384.52,3385.43,3373.85,3381.13,17874
2025-08-27 16:00:00,3381.15,3398.81,3375.49,3395.41,27612
2025-08-27 20:00:00,3395.41,3397.38,3392.23,3395.85,14527
2025-08-28 00:00:00,3397.94,3399.18,3391.22,3391.97,7177
2025-08-28 04:00:00,3391.95,3392.71,3384.48,3390.21,16780
2025-08-28 08:00:00,3390.21,3401.03,3387.56,3400.67,16810
2025-08-28 12:00:00,3400.67,3408.66,3393.76,3397.13,20756
2025-08-28 16:00:00,3397.07,3417.7,3394.27,3415.45,31127
2025-08-28 20:00:00,3415.45,3423.01,3414.49,3416.5,19943
2025-08-29 00:00:00,3416.32,3417.83,3412.95,3413.47,6712
2025-08-29 04:00:00,3413.44,3413.89,3407.45,3408.76,15617
2025-08-29 08:00:00,3408.8,3414.75,3406.49,3410.29,15273
2025-08-29 12:00:00,3410.29,3416.82,3404.29,3416.48,19061
2025-08-29 16:00:00,3416.48,3449.38,3413.57,3449.08,40953
2025-08-29 20:00:00,3449.08,3453.82,3441.02,3447.29,24856
2025-09-01 00:00:00,3445.83,3452.53,3442.32,3443.93,10643
2025-09-01 04:00:00,3443.98,3486.03,3437.01,3475.04,37041
2025-09-01 08:00:00,3475.04,3489.84,3467.67,3476.94,29007
2025-09-01 12:00:00,3476.94,3477.06,3466.32,3469.41,22356
2025-09-01 16:00:00,3469.43,3481.23,3468.78,3477.27,17028
2025-09-01 20:00:00,3477.27,3478.89,3475.48,3475.48,4520
2025-09-02 00:00:00,3475.88,3484.97,3474.53,3479.12,13208
2025-09-02 04:00:00,3479.12,3508.65,3476.84,3496.65,31617
2025-09-02 08:00:00,3496.65,3497.72,3470.17,3477.69,31550
2025-09-02 12:00:00,3477.69,3494.07,3474.33,3481.95,33356
2025-09-02 16:00:00,3482.0,3528.74,3478.15,3527.69,51694
2025-09-02 20:00:00,3527.69,3539.96,3521.83,3535.57,26419
2025-09-03 00:00:00,3532.75,3546.81,3526.23,3536.09,15754
2025-09-03 04:00:00,3536.11,3545.85,3529.33,3536.8,27143
2025-09-03 08:00:00,3536.8,3541.19,3526.86,3540.04,23631
2025-09-03 12:00:00,3540.04,3551.44,3532.29,3550.59,26621
2025-09-03 16:00:00,3550.52,3572.53,3549.33,3572.4,44005
2025-09-03 20:00:00,3572.4,3578.32,3560.23,3560.4,28647
2025-09-04 00:00:00,3560.19,3564.05,3551.85,3561.48,15198
2025-09-04 04:00:00,3561.48,3563.19,3511.46,3532.96,33496
2025-09-04 08:00:00,3532.96,3545.56,3524.21,3541.29,25279
2025-09-04 12:00:00,3541.29,3551.94,3536.54,3548.28,26315
2025-09-04 16:00:00,3548.28,3558.66,3535.06,3552.48,42618
2025-09-04 20:00:00,3552.45,3555.38,3542.49,3544.84,18892
2025-09-05 00:00:00,3545.35,3556.48,3539.93,3552.13,11553
2025-09-05 04:00:00,3552.13,3559.04,3545.86,3558.47,18548
2025-09-05 08:00:00,3558.45,3560.96,3544.8,3545.95,20156
2025-09-05 12:00:00,3545.95,3586.7,3545.92,3580.17,26241
2025-09-05 16:00:00,3580.24,3600.02,3573.22,3595.15,54864
2025-09-05 20:00:00,3595.17,3597.37,3587.16,3587.31,27413
2025-09-08 00:00:00,3591.63,3596.75,3586.88,3594.3,14761
2025-09-08 04:00:00,3594.27,3597.08,3579.48,3581.53,21356
2025-09-08 08:00:00,3581.57,3616.92,3581.07,3611.17,20120
2025-09-08 12:00:00,3611.15,3625.88,3608.57,3624.21,18605
2025-09-08 16:00:00,3624.29,3646.35,3620.18,3640.59,32216
2025-09-08 20:00:00,3640.62,3641.02,3631.88,3636.97,15820
2025-09-09 00:00:00,3636.09,3640.75,3628.15,3638.42,9204
2025-09-09 04:00:00,3638.21,3657.05,3635.92,3654.92,22646
2025-09-09 08:00:00,3654.68,3659.24,3636.69,3648.07,23888
2025-09-09 12:00:00,3648.15,3656.62,3643.72,3647.4,20412
2025-09-09 16:00:00,3647.54,3674.58,3626.91,3645.0,37592
2025-09-09 20:00:00,3644.92,3646.43,3626.36,3629.12,18986
2025-09-10 00:00:00,3627.51,3640.75,3621.42,3623.92,12427
2025-09-10 04:00:00,3623.96,3643.14,3620.23,3642.79,18910
2025-09-10 08:00:00,3642.8,3648.36,3639.8,3645.76,18965
2025-09-10 12:00:00,3645.77,3657.47,3640.34,3643.97,21835
2025-09-10 16:00:00,3643.85,3655.35,3638.61,3642.76,30640
2025-09-10 20:00:00,3642.83,3649.61,3635.13,3638.91,16233
2025-09-11 00:00:00,3644.13,3647.04,3637.8,3643.83,8118
2025-09-11 04:00:00,3643.82,3648.97,3629.87,3630.56,15920
2025-09-11 08:00:00,3630.58,3637.99,3622.8,3626.19,20081
2025-09-11 12:00:00,3626.18,3643.9,3611.93,3628.89,22042
2025-09-11 16:00:00,3628.93,3641.91,3618.37,3636.18,30958
2025-09-11 20:00:00,3636.25,3637.55,3630.37,3633.64,13242
2025-09-12 00:00:00,3635.88,3638.07,3630.48,3636.46,6621
2025-09-12 04:00:00,3636.57,3656.06,3636.48,3654.88,18928
2025-09-12 08:00:00,3654.88,3656.53,3639.64,3641.05,18230
2025-09-12 12:00:00,3640.94,3652.08,3637.62,3645.34,21685
2025-09-12 16:00:00,3645.13,3654.29,3641.75,3649.12,27597
2025-09-12 20:00:00,3649.12,3650.58,3640.98,3642.41,15821
2025-09-15 00:00:00,3644.66,3645.97,3632.13,3633.38,8248
2025-09-15 04:00:00,3633.91,3646.85,3626.57,3645.57,16439
2025-09-15 08:00:00,3645.57,3646.18,3633.73,3645.41,17557
2025-09-15 12:00:00,3645.39,3650.97,3635.74,3650.28,22189
2025-09-15 16:00:00,3650.27,3685.47,3646.84,3679.17,29733
2025-09-15 20:00:00,3679.18,3682.67,3675.75,3680.72,17517
2025-09-16 00:00:00,3679.63,3686.83,3676.12,3686.37,8640
2025-09-16 04:00:00,3686.5,3689.4,3674.7,3684.23,18553
2025-09-16 08:00:00,3684.21,3697.13,3680.22,3694.28,20910
2025-09-16 12:00:00,3694.21,3699.39,3686.5,3689.22,22112
2025-09-16 16:00:00,3689.02,3702.95,3678.83,3689.72,33112
2025-09-16 20:00:00,3689.7,3693.78,3686.28,3692.07,15033
2025-09-17 00:00:00,3691.38,3695.23,3689.85,3691.22,6897
2025-09-17 04:00:00,3691.17,3691.91,3674.35,3680.7,19752
2025-09-17 08:00:00,3680.71,3685.76,3662.61,3664.82,22988
2025-09-17 12:00:00,3664.77,3679.31,3660.07,3678.68,24858
2025-09-17 16:00:00,3678.72,3688.54,3672.85,3684.72,26037
2025-09-17 20:00:00,3684.72,3707.45,3646.17,3658.79,31106
2025-09-18 00:00:00,3659.46,3671.89,3654.07,3665.16,11467
2025-09-18 04:00:00,3665.27,3668.69,3651.98,3653.59,20899
2025-09-18 08:00:00,3653.62,3665.69,3633.87,3665.47,26462
2025-09-18 12:00:00,3665.48,3672.99,3663.04,3663.27,23549
2025-09-18 16:00:00,3662.94,3664.1,3627.93,3646.3,33141
2025-09-18 20:00:00,3646.23,3647.12,3640.6,3643.83,15825
2025-09-19 00:00:00,3643.13,3643.25,3636.26,3640.07,7806
2025-09-19 04:00:00,3640.07,3659.95,3632.25,3658.92,23520
2025-09-19 08:00:00,3658.91,3661.08,3643.31,3655.65,23243
2025-09-19 12:00:00,3655.64,3659.14,3644.51,3649.23,19708
2025-09-19 16:00:00,3649.09,3675.86,3643.61,3668.22,31344
2025-09-19 20:00:00,3668.18,3685.2,3668.02,3684.32,19782
2025-09-22 00:00:00,3687.91,3692.05,3683.64,3690.76,10122
2025-09-22 04:00:00,3690.77,3697.36,3685.61,3692.13,21263
2025-09-22 08:00:00,3692.12,3722.41,3691.92,3720.31,24419
2025-09-22 12:00:00,3720.33,3728.28,3712.16,3721.66,23188
2025-09-22 16:00:00,3721.65,3739.51,3713.76,3737.07,32507
2025-09-22 20:00:00,3737.23,3748.77,3737.21,3747.83,19054
2025-09-23 00:00:00,3746.58,3750.58,3738.22,3747.23,10014
2025-09-23 04:00:00,3747.22,3759.09,3736.73,3744.71,25380
2025-09-23 08:00:00,3744.38,3775.06,3743.23,3774.29,25919
2025-09-23 12:00:00,3774.47,3791.04,3774.17,3784.19,27472
2025-09-23 16:00:00,3784.0,3788.58,3765.1,3779.25,33436
2025-09-23 20:00:00,3779.33,3785.64,3751.98,3763.43,24513
2025-09-24 00:00:00,3765.43,3770.11,3758.87,3765.12,9816
2025-09-24 04:00:00,3765.21,3771.64,3750.65,3768.12,23071
2025-09-24 08:00:00,3768.15,3779.26,3767.04,3770.1,21634
2025-09-24 12:00:00,3770.0,3771.71,3759.64,3767.98,21888
2025-09-24 16:00:00,3767.97,3772.86,3732.19,3735.67,32320
2025-09-24 20:00:00,3735.8,3738.78,3717.51,3735.92,20939
2025-09-25 00:00:00,3739.32,3751.42,3738.89,3749.0,10212
2025-09-25 04:00:00,3748.86,3750.42,3729.57,3738.04,20484
2025-09-25 08:00:00,3737.95,3761.48,3734.07,3756.36,22596
2025-09-25 12:00:00,3756.38,3761.02,3730.63,3738.74,26209
2025-09-25 16:00:00,3738.45,3745.44,3722.04,3733.72,34195
2025-09-25 20:00:00,3733.71,3758.15,3732.35,3751.83,22887
2025-09-26 00:00:00,3747.51,3751.52,3737.97,3749.52,10422
2025-09-26 04:00:00,3749.67,3753.25,3734.46,3747.62,20747
2025-09-26 08:00:00,3747.58,3755.1,3739.15,3752.89,22490
2025-09-26 12:00:00,3752.63,3757.3,3742.93,3752.08,21408
2025-09-26 16:00:00,3752.09,3783.76,3751.31,3774.14,34272
2025-09-26 20:00:00,3774.25,3783.22,3761.13,3761.81,19799
2025-09-29 00:00:00,3764.52,3787.43,3763.35,3787.07,12870
2025-09-29 04:00:00,3787.58,3808.86,3767.84,3805.06,30142
2025-09-29 08:00:00,3805.05,3819.72,3801.31,3818.78,28718
2025-09-29 12:00:00,3818.77,3831.3,3806.49,3813.68,26963
2025-09-29 16:00:00,3813.84,3833.46,3809.31,3830.3,32585
2025-09-29 20:00:00,3830.33,3832.8,3822.53,3830.92,18575
2025-09-30 00:00:00,3831.81,3840.54,3825.54,3838.95,10455
2025-09-30 04:00:00,3838.93,3866.99,3837.92,3866.91,25284
2025-09-30 08:00:00,3866.89,3871.55,3807.74,3816.25,31241
2025-09-30 12:00:00,3816.1,3821.56,3792.99,3819.29,29870
2025-09-30 16:00:00,3819.35,3854.39,3811.66,3845.92,34347
2025-09-30 20:00:00,3845.97,3860.73,3839.73,3858.06,20074
2025-10-01 00:00:00,3860.0,3865.29,3854.57,3860.94,10622
2025-10-01 04:00:00,3860.4,3875.36,3855.58,3864.82,22609
2025-10-01 08:00:00,3864.85,3895.18,3853.34,3892.96,28468
2025-10-01 12:00:00,3892.97,3895.05,3864.53,3870.31,28030
2025-10-01 16:00:00,3870.14,3878.64,3856.64,3870.83,36524
2025-10-01 20:00:00,3870.87,3871.88,3855.0,3863.29,22262
2025-10-02 00:00:00,3864.57,3866.58,3856.05,3856.08,11481
2025-10-02 04:00:00,3856.04,3869.82,3852.86,3864.2,16766
2025-10-02 08:00:00,3864.21,3878.6,3861.77,3874.5,22576
2025-10-02 12:00:00,3874.47,3891.9,3873.32,3884.39,24320
2025-10-02 16:00:00,3884.46,3896.78,3819.42,3844.81,41067
2025-10-02 20:00:00,3844.82,3859.23,3840.66,3855.44,19429
2025-10-03 00:00:00,3857.07,3863.67,3852.11,3856.96,10080
2025-10-03 04:00:00,3856.86,3862.5,3837.97,3843.94,21491
2025-10-03 08:00:00,3844.04,3865.65,3843.9,3864.8,20815
2025-10-03 12:00:00,3864.76,3874.9,3854.89,3873.92,23494
2025-10-03 16:00:00,3874.39,3891.59,3866.31,3883.76,36826
2025-10-03 20:00:00,3883.78,3889.24,3876.92,3885.46,22491
2025-10-06 00:00:00,3888.17,3920.37,3884.11,3900.55,20268
2025-10-06 04:00:00,3900.63,3940.27,3899.77,3938.58,25838
2025-10-06 08:00:00,3938.61,3949.45,3922.65,3942.47,31491
2025-10-06 12:00:00,3942.38,3946.67,3926.39,3934.12,29171
2025-10-06 16:00:00,3934.4,3970.05,3927.22,3954.02,38006
2025-10-06 20:00:00,3954.16,3964.84,3951.2,3960.11,20325
2025-10-07 00:00:00,3960.56,3977.38,3958.79,3962.68,18036
2025-10-07 04:00:00,3962.74,3976.87,3955.92,3975.9,22736
2025-10-07 08:00:00,3975.75,3976.79,3940.89,3951.31,31373
2025-10-07 12:00:00,3951.29,3979.95,3951.09,3979.48,26826
2025-10-07 16:00:00,3979.49,3991.02,3961.87,3976.66,41394
2025-10-07 20:00:00,3976.93,3987.68,3974.07,3985.25,24162
2025-10-08 00:00:00,3986.17,3999.35,3984.88,3992.41,12348
2025-10-08 04:00:00,3992.11,4027.19,3984.53,4026.78,26265
2025-10-08 08:00:00,4026.75,4040.4,4021.34,4036.3,28969
2025-10-08 12:00:00,4036.24,4049.52,4030.69,4039.96,29563
2025-10-08 16:00:00,4039.81,4059.12,4026.35,4056.56,38091
2025-10-08 20:00:00,4056.59,4057.95,4032.02,4044.48,28220
2025-10-09 00:00:00,4036.35,4036.5,4001.33,4022.92,19664
2025-10-09 04:00:00,4022.73,4041.0,4002.63,4038.93,30138
2025-10-09 08:00:00,4038.72,4043.6,4022.68,4038.18,28928
2025-10-09 12:00:00,4038.17,4053.67,4033.53,4053.35,25447
2025-10-09 16:00:00,4053.48,4057.79,3963.66,3968.75,45080
2025-10-09 20:00:00,3968.74,3982.02,3944.26,3976.1,30812
2025-10-10 00:00:00,3977.41,3994.34,3958.1,3990.87,13712
2025-10-10 04:00:00,3990.92,3992.34,3946.93,3966.28,29074
2025-10-10 08:00:00,3966.25,3994.59,3952.5,3992.03,31603
2025-10-10 12:00:00,3992.16,4006.67,3980.17,3985.56,31287
2025-10-10 16:00:00,3985.39,4022.81,3970.61,3983.33,45525
2025-10-10 20:00:00,3983.41,4021.31,3975.06,4010.28,32549
2025-10-13 00:00:00,4010.13,4059.65,4010.13,4043.74,20919
2025-10-13 04:00:00,4043.69,4059.26,4035.69,4056.18,26234
2025-10-13 08:00:00,4056.25,4079.06,4055.16,4077.8,29743
2025-10-13 12:00:00,4077.72,4085.76,4070.34,4079.62,26780
2025-10-13 16:00:00,4079.78,4117.01,4078.18,4105.64,37579
2025-10-13 20:00:00,4105.7,4115.25,4090.68,4111.07,24564
2025-10-14 00:00:00,4113.1,4131.95,4106.64,4124.39,15947
2025-10-14 04:00:00,4124.17,4169.83,4123.25,4168.06,32416
2025-10-14 08:00:00,4167.7,4179.63,4089.97,4144.03,38356
2025-10-14 12:00:00,4143.99,4144.31,4103.6,4106.64,32057
2025-10-14 16:00:00,4106.65,4155.13,4097.99,4140.34,41232
2025-10-14 20:00:00,4139.7,4152.99,4134.48,4143.95,27019
2025-10-15 00:00:00,4140.67,4169.61,4140.64,4162.45,14861
2025-10-15 04:00:00,4162.5,4190.79,4162.15,4179.64,26938
2025-10-15 08:00:00,4179.2,4218.08,4176.56,4208.2,26793
2025-10-15 12:00:00,4208.37,4212.0,4163.65,4190.65,29104
2025-10-15 16:00:00,4190.1,4212.27,4179.06,4198.91,38255
2025-10-15 20:00:00,4199.01,4213.54,4182.68,4209.68,27406
2025-10-16 00:00:00,4212.57,4227.14,4199.57,4210.5,15288
2025-10-16 04:00:00,4210.71,4242.06,4210.71,4233.51,27349
2025-10-16 08:00:00,4233.54,4235.97,4203.5,4232.84,30320
2025-10-16 12:00:00,4232.87,4250.95,4222.15,4235.91,26262
2025-10-16 16:00:00,4236.13,4291.92,4234.84,4282.62,40144
2025-10-16 20:00:00,4282.61,4325.48,4273.37,4324.66,32707
2025-10-17 00:00:00,4337.13,4379.2,4332.33,4358.16,22884
2025-10-17 04:00:00,4357.6,4377.01,4278.25,4376.33,36823
2025-10-17 08:00:00,4376.41,4378.47,4306.96,4347.79,39056
2025-10-17 12:00:00,4347.35,4348.32,4283.55,4314.56,37355
2025-10-17 16:00:00,4314.25,4317.85,4199.96,4204.73,46703
2025-10-17 20:00:00,4204.97,4249.47,4185.75,4246.35,32823
2025-10-20 00:00:00,4259.89,4267.71,4219.01,4249.61,21265
2025-10-20 04:00:00,4248.75,4271.09,4229.46,4266.2,30618
2025-10-20 08:00:00,4265.83,4266.71,4221.44,4258.7,32666
2025-10-20 12:00:00,4258.73,4327.14,4245.6,4323.42,31469
2025-10-20 16:00:00,4323.92,4355.54,4292.7,4347.81,40557
2025-10-20 20:00:00,4347.83,4381.25,4337.27,4357.11,28829
2025-10-21 00:00:00,4365.52,4375.18,4356.17,4368.71,17412
2025-10-21 04:00:00,4368.68,4372.16,4332.96,4341.93,30496
2025-10-21 08:00:00,4341.75,4344.24,4243.76,4273.88,38383
2025-10-21 12:00:00,4273.53,4277.89,4205.21,4211.1,37659
2025-10-21 16:00:00,4209.48,4225.33,4080.74,4113.43,47221
2025-10-21 20:00:00,4113.61,4130.84,4094.41,4127.22,33639
2025-10-22 00:00:00,4122.42,4128.91,4003.3,4074.81,20982
2025-10-22 04:00:00,4074.9,4143.16,4064.31,4128.21,30742
2025-10-22 08:00:00,4128.33,4161.26,4056.08,4070.49,36665
2025-10-22 12:00:00,4070.5,4101.24,4015.11,4033.81,40178
2025-10-22 16:00:00,4033.94,4084.99,4011.24,4059.2,45518
2025-10-22 20:00:00,4058.57,4113.3,4043.52,4102.04,32218
2025-10-23 00:00:00,4110.5,4110.92,4065.9,4081.7,20108
2025-10-23 04:00:00,4081.99,4100.72,4071.91,4089.55,29074
2025-10-23 08:00:00,4089.47,4137.92,4083.84,4116.19,33165
2025-10-23 12:00:00,4116.27,4129.27,4100.07,4127.31,30176
2025-10-23 16:00:00,4126.75,4154.66,4125.48,4132.96,38134
2025-10-23 20:00:00,4132.69,4143.43,4107.24,4119.31,24198
2025-10-24 00:00:00,4126.31,4133.55,4105.99,4132.58,12002
2025-10-24 04:00:00,4132.61,4144.38,4102.89,4111.56,25814
2025-10-24 08:00:00,4111.92,4117.87,4047.35,4065.16,29047
2025-10-24 12:00:00,4065.0,4093.58,4044.38,4082.03,29704
2025-10-24 16:00:00,4082.09,4138.63,4079.09,4129.21,39336
2025-10-24 20:00:00,4129.24,4134.33,4096.42,4110.84,25630
2025-10-27 00:00:00,4083.43,4108.62,4058.27,4081.28,20183
2025-10-27 04:00:00,4081.08,4097.48,4053.61,4068.76,30732
2025-10-27 08:00:00,4068.79,4084.71,4024.74,4043.22,28833
2025-10-27 12:00:00,4043.19,4049.97,4015.32,4045.78,33362
2025-10-27 16:00:00,4046.23,4050.25,3971.54,3999.26,41039
2025-10-27 20:00:00,3999.36,4010.12,3985.84,3985.99,27818
2025-10-28 00:00:00,3988.4,4009.42,3972.97,4006.79,15690
2025-10-28 04:00:00,4006.81,4019.61,3963.86,3973.49,29375
2025-10-28 08:00:00,3974.21,3980.06,3896.56,3897.4,34318
2025-10-28 12:00:00,3897.65,3930.88,3886.56,3912.7,32853
2025-10-28 16:00:00,3913.67,3969.42,3912.23,3958.47,38627
2025-10-28 20:00:00,3958.14,3970.26,3945.41,3953.98,25566
2025-10-29 00:00:00,3955.19,3982.29,3915.23,3975.17,16815
2025-10-29 04:00:00,3975.25,3979.43,3944.07,3951.85,28280
2025-10-29 08:00:00,3951.94,4018.41,3950.94,4016.79,30285
2025-10-29 12:00:00,4016.72,4029.88,4013.33,4025.59,30465
2025-10-29 16:00:00,4025.46,4025.57,3989.53,3992.71,36894
2025-10-29 20:00:00,3992.32,4006.88,3928.12,3933.66,36274
2025-10-30 00:00:00,3921.73,3964.22,3916.6,3950.12,15962
2025-10-30 04:00:00,3950.7,3982.34,3915.23,3972.51,33197
2025-10-30 08:00:00,3972.58,3978.32,3947.09,3976.41,34479
2025-10-30 12:00:00,3976.4,4011.91,3961.02,3961.2,34112
2025-10-30 16:00:00,3961.28,4014.74,3960.39,4001.45,37313
2025-10-30 20:00:00,4001.51,4026.99,3994.51,4025.35,26556
2025-10-31 00:00:00,4020.55,4046.04,4016.03,4025.24,18612
2025-10-31 04:00:00,4025.25,4039.11,3989.03,4005.73,32812
2025-10-31 08:00:00,4005.46,4026.57,3994.07,4010.26,29447
2025-10-31 12:00:00,4010.29,4036.05,3998.66,4023.06,25754
2025-10-31 16:00:00,4023.07,4035.4,3972.28,3980.71,40126
2025-10-31 20:00:00,3980.76,4009.89,3980.49,4002.49,25406
2025-11-03 00:00:00,3995.64,4001.74,3962.68,3995.88,20588
2025-11-03 04:00:00,3995.76,4018.39,3990.23,4013.88,25492
2025-11-03 08:00:00,4013.87,4027.92,3993.25,4000.52,27330
2025-11-03 12:00:00,4000.6,4020.38,3994.43,4016.06,25767
2025-11-03 16:00:00,4015.9,4030.5,3995.32,4006.14,32633
2025-11-03 20:00:00,4006.18,4014.87,3995.31,4001.55,19780
2025-11-04 00:00:00,4004.77,4004.77,3978.49,3987.21,17337
2025-11-04 04:00:00,3987.17,3999.19,3972.62,3973.1,24632
2025-11-04 08:00:00,3973.04,4000.72,3966.71,3991.08,25990
2025-11-04 12:00:00,3991.11,3999.98,3971.84,3975.56,22779
2025-11-04 16:00:00,3975.3,3977.7,3928.72,3955.11,33101
2025-11-04 20:00:00,3955.04,3956.71,3930.52,3931.93,23044
2025-11-05 00:00:00,3937.7,3949.39,3929.45,3937.03,16721
2025-11-05 04:00:00,3937.01,3978.6,3935.61,3964.77,22932
2025-11-05 08:00:00,3964.98,3987.07,3961.84,3971.82,22644
2025-11-05 12:00:00,3971.83,3979.36,3956.19,3975.92,21333
2025-11-05 16:00:00,3975.83,3990.42,3964.0,3982.05,29229
2025-11-05 20:00:00,3982.2,3990.17,3978.95,3982.28,16453
2025-11-06 00:00:00,3968.6,3977.4,3964.51,3976.62,12485
2025-11-06 04:00:00,3976.62,3990.65,3974.13,3987.82,16478
2025-11-06 08:00:00,3987.7,4016.79,3982.24,4010.95,22068
2025-11-06 12:00:00,4010.94,4019.5,4003.14,4012.1,21080
2025-11-06 16:00:00,4012.19,4013.76,3965.72,3986.15,34941
2025-11-06 20:00:00,3986.14,3995.3,3977.49,3977.72,20670
2025-11-07 00:00:00,3978.93,4002.75,3978.11,4001.74,10966
2025-11-07 04:00:00,4001.79,4003.18,3985.47,3995.07,15966
2025-11-07 08:00:00,3995.1,4014.22,3992.3,4006.66,18197
2025-11-07 12:00:00,4006.68,4011.91,3991.71,3997.65,22019
2025-11-07 16:00:00,3997.32,4027.4,3983.9,4005.39,33301
2025-11-07 20:00:00,4005.61,4009.05,3994.39,3999.57,22633
2025-11-10 00:00:00,4006.48,4053.33,4004.17,4044.17,19240
2025-11-10 04:00:00,4044.2,4069.79,4037.78,4069.26,23205
2025-11-10 08:00:00,4069.27,4086.33,4066.91,4076.6,26342
2025-11-10 12:00:00,4076.66,4105.86,4075.76,4091.7,26274
2025-11-10 16:00:00,4091.65,4102.62,4074.41,4102.53,38191
2025-11-10 20:00:00,4102.5,4115.83,4101.58,4115.65,24465
2025-11-11 00:00:00,4116.3,4141.07,4115.79,4136.37,18369
2025-11-11 04:00:00,4136.25,4148.86,4124.68,4131.09,25653
2025-11-11 08:00:00,4131.07,4145.91,4124.99,4141.87,25686
2025-11-11 12:00:00,4141.9,4146.64,4133.15,4142.58,25287
2025-11-11 16:00:00,4142.56,4143.14,4097.09,4114.3,38243
2025-11-11 20:00:00,4114.36,4131.83,4106.68,4126.41,22572
2025-11-12 00:00:00,4130.52,4145.43,4126.33,4131.5,20315
2025-11-12 04:00:00,4131.26,4135.51,4098.8,4104.62,26739
2025-11-12 08:00:00,4104.63,4133.55,4103.14,4124.63,29025
2025-11-12 12:00:00,4124.6,4139.46,4118.0,4127.07,29241
2025-11-12 16:00:00,4127.1,4206.49,4124.94,4199.5,45296
2025-11-12 20:00:00,4199.54,4211.66,4190.46,4198.65,31000
2025-11-13 00:00:00,4202.78,4209.09,4179.99,4192.29,22620
2025-11-13 04:00:00,4192.33,4219.34,4183.5,4211.95,31972
2025-11-13 08:00:00,4212.01,4239.43,4203.33,4233.01,29656
2025-11-13 12:00:00,4233.02,4244.93,4219.33,4231.83,30845
2025-11-13 16:00:00,4232.04,4232.38,4184.36,4201.7,45043
2025-11-13 20:00:00,4201.73,4203.24,4145.41,4171.48,33572
2025-11-14 00:00:00,4176.94,4193.65,4173.63,4189.93,20749
2025-11-14 04:00:00,4190.0,4211.14,4183.93,4189.78,29356
2025-11-14 08:00:00,4189.83,4193.36,4158.99,4169.26,34102
2025-11-14 12:00:00,4169.25,4170.79,4041.26,4055.88,40611
2025-11-14 16:00:00,4055.89,4111.21,4032.21,4099.86,46266
2025-11-14 20:00:00,4099.91,4103.61,4075.41,4079.39,29359
2025-11-17 00:00:00,4077.87,4106.63,4076.24,4091.28,22917
2025-11-17 04:00:00,4091.11,4093.69,4049.61,4058.33,30979
2025-11-17 08:00:00,4058.28,4095.89,4054.73,4082.02,30477
2025-11-17 12:00:00,4082.05,4092.16,4061.02,4065.3,30320
2025-11-17 16:00:00,4065.31,4081.94,4052.17,4073.12,41127
2025-11-17 20:00:00,4073.37,4076.08,4006.91,4044.44,33054
2025-11-18 00:00:00,4050.74,4055.12,4022.54,4024.86,21042
2025-11-18 04:00:00,4024.81,4035.73,4004.8,4018.91,30928
2025-11-18 08:00:00,4018.97,4047.16,3997.99,4040.16,31469
2025-11-18 12:00:00,4039.81,4070.14,4029.15,4065.26,30761
2025-11-18 16:00:00,4065.16,4081.89,4040.47,4071.36,44221
2025-11-18 20:00:00,4071.49,4082.46,4063.11,4067.69,29196
2025-11-19 00:00:00,4067.2,4078.42,4056.38,4059.04,16064
2025-11-19 04:00:00,4059.1,4097.42,4055.64,4095.47,29290
2025-11-19 08:00:00,4095.43,4116.24,4078.21,4113.31,30596
2025-11-19 12:00:00,4113.48,4119.78,4100.9,4110.53,30650
2025-11-19 16:00:00,4110.58,4132.73,4055.59,4078.91,47302
2025-11-19 20:00:00,4079.35,4091.18,4065.63,4081.59,33259
2025-11-20 00:00:00,4088.11,4110.03,4081.11,4081.4,20568
2025-11-20 04:00:00,4081.25,4085.42,4041.18,4066.7,30427
2025-11-20 08:00:00,4066.43,4077.56,4038.94,4063.92,32730
2025-11-20 12:00:00,4064.0,4096.19,4051.08,4080.43,30545
2025-11-20 16:00:00,4080.22,4107.11,4043.63,4066.13,49399
2025-11-20 20:00:00,4065.8,4087.05,4056.23,4077.35,33707
2025-11-21 00:00:00,4073.62,4088.58,4060.58,4068.5,17434
2025-11-21 04:00:00,4068.46,4079.87,4039.96,4058.4,29509
2025-11-21 08:00:00,4058.41,4064.77,4022.57,4050.53,34331
2025-11-21 12:00:00,4050.57,4081.05,4030.98,4079.54,37976
2025-11-21 16:00:00,4079.89,4100.95,4055.07,4085.52,46784
2025-11-21 20:00:00,4085.53,4092.11,4054.53,4065.69,32763
2025-11-24 00:00:00,4067.39,4077.69,4042.72,4044.56,19733
2025-11-24 04:00:00,4044.11,4061.09,4040.14,4046.25,28457
2025-11-24 08:00:00,4046.23,4074.13,4045.48,4071.81,28685
2025-11-24 12:00:00,4071.86,4085.92,4063.1,4077.71,27485
2025-11-24 16:00:00,4077.78,4100.27,4068.35,4093.25,37840
2025-11-24 20:00:00,4092.96,4139.9,4088.03,4139.56,25682
2025-11-25 00:00:00,4134.42,4144.28,4122.69,4134.65,20769
2025-11-25 04:00:00,4134.61,4155.75,4132.65,4150.94,27690
2025-11-25 08:00:00,4150.98,4151.87,4109.57,4128.36,29757
2025-11-25 12:00:00,4128.22,4150.76,4116.37,4147.8,29020
2025-11-25 16:00:00,4147.7,4159.24,4111.05,4146.05,39997
2025-11-25 20:00:00,4146.08,4150.94,4127.45,4130.93,25254
2025-11-26 00:00:00,4134.29,4152.85,4129.72,4148.28,14674
2025-11-26 04:00:00,4148.32,4169.24,4147.26,4162.39,25529
2025-11-26 08:00:00,4162.23,4168.54,4146.76,4162.69,26552
2025-11-26 12:00:00,4162.74,4173.34,4148.58,4153.26,29359
2025-11-26 16:00:00,4153.28,4169.8,4136.85,4167.08,35660
2025-11-26 20:00:00,4167.14,4171.52,4158.1,4164.34,23038
2025-11-27 00:00:00,4164.67,4168.64,4148.72,4154.12,15816
2025-11-27 04:00:00,4154.16,4156.11,4142.57,4147.08,24149
2025-11-27 08:00:00,4147.1,4167.02,4146.97,4158.55,28148
2025-11-27 12:00:00,4158.57,4162.46,4149.11,4154.81,21583
2025-11-27 16:00:00,4154.84,4161.62,4151.41,4157.68,16718
2025-11-27 20:00:00,4157.73,4160.39,4155.73,4157.17,3023
2025-11-28 00:00:00,4159.35,4192.97,4159.13,4191.01,14947
2025-11-28 04:00:00,4190.98,4191.94,4131.78,4182.4,12338
2025-11-28 08:00:00,4181.86,4188.93,4129.31,4165.71,7719
2025-11-28 12:00:00,4165.73,4182.93,4160.17,4182.53,11780
2025-11-28 16:00:00,4182.64,4216.95,4182.64,4216.83,43709
2025-11-28 20:00:00,4216.88,4226.75,4211.01,4219.29,13728
2025-12-01 00:00:00,4225.62,4256.09,4205.48,4255.58,27122
2025-12-01 04:00:00,4255.51,4256.33,4215.31,4229.52,34043
2025-12-01 08:00:00,4229.53,4253.48,4226.25,4249.95,32175
2025-12-01 12:00:00,4249.97,4264.46,4244.1,4247.38,33265
2025-12-01 16:00:00,4247.32,4249.22,4219.42,4232.28,46490
2025-12-01 20:00:00,4232.52,4244.6,4229.25,4232.46,28534
2025-12-02 00:00:00,4231.41,4235.83,4198.05,4219.39,21266
2025-12-02 04:00:00,4219.42,4226.06,4213.8,4225.04,25208
2025-12-02 08:00:00,4224.99,4226.22,4188.34,4192.63,21087
2025-12-02 12:00:00,4187.7,4215.22,4182.31,4212.04,24115
2025-12-02 16:00:00,4213.13,4230.52,4163.52,4193.77,38463
2025-12-02 20:00:00,4193.79,4212.24,4183.11,4207.94,25694
2025-12-03 00:00:00,4202.81,4221.1,4202.79,4214.3,20655
2025-12-03 04:00:00,4214.34,4228.7,4203.4,4207.79,27025
2025-12-03 08:00:00,4207.7,4211.7,4197.07,4202.12,28653
2025-12-03 12:00:00,4202.12,4238.49,4194.55,4237.2,29542
2025-12-03 16:00:00,4237.19,4241.52,4195.74,4211.11,43994
2025-12-03 20:00:00,4211.05,4212.64,4195.19,4206.04,25004
2025-12-04 00:00:00,4206.7,4216.68,4202.5,4209.18,17713
2025-12-04 04:00:00,4209.17,4209.17,4174.99,4181.08,30087
2025-12-04 08:00:00,4181.11,4202.18,4178.65,4199.88,33316
2025-12-04 12:00:00,4199.93,4206.38,4185.72,4198.23,27935
2025-12-04 16:00:00,4198.18,4219.65,4191.35,4216.48,39644
2025-12-04 20:00:00,4216.34,4217.35,4199.56,4208.59,23637
2025-12-05 00:00:00,4208.9,4210.35,4194.75,4202.95,16097
2025-12-05 04:00:00,4203.05,4221.14,4196.7,4220.27,24835
2025-12-05 08:00:00,4220.28,4230.65,4215.92,4223.31,25742
2025-12-05 12:00:00,4223.31,4238.84,4219.94,4234.5,24601
2025-12-05 16:00:00,4234.48,4259.21,4198.67,4217.56,50732
2025-12-05 20:00:00,4217.54,4219.14,4191.95,4196.86,30351
2025-12-08 00:00:00,4203.18,4211.64,4195.23,4200.8,15143
2025-12-08 04:00:00,4200.82,4217.04,4198.44,4216.91,18589
2025-12-08 08:00:00,4216.87,4218.84,4203.08,4207.96,26682
2025-12-08 12:00:00,4207.95,4215.38,4197.85,4201.56,27965
2025-12-08 16:00:00,4201.61,4211.47,4176.0,4194.85,45107
2025-12-08 20:00:00,4194.84,4195.61,4184.1,4188.88,23938
2025-12-09 00:00:00,4192.29,4197.24,4188.8,4196.19,13470
2025-12-09 04:00:00,4196.09,4198.78,4178.06,4179.82,27110
2025-12-09 08:00:00,4179.88,4212.73,4169.92,4203.06,34882
2025-12-09 12:00:00,4202.88,4208.3,4195.64,4201.35,29162
2025-12-09 16:00:00,4201.33,4221.32,4189.49,4203.05,50370
2025-12-09 20:00:00,4202.92,4216.01,4201.3,4209.39,27715
2025-12-10 00:00:00,4208.35,4217.95,4206.87,4213.81,15260
2025-12-10 04:00:00,4213.67,4218.73,4201.77,4211.28,21692
2025-12-10 08:00:00,4211.21,4211.7,4192.55,4194.18,26281
2025-12-10 12:00:00,4194.16,4205.02,4187.72,4200.64,27888
2025-12-10 16:00:00,4200.69,4206.95,4188.83,4199.74,40611
2025-12-10 20:00:00,4199.79,4238.71,4181.87,4228.33,41863
2025-12-11 00:00:00,4228.3,4247.61,4223.92,4238.26,20682
2025-12-11 04:00:00,4238.27,4240.7,4206.05,4207.48,31038
2025-12-11 08:00:00,4207.5,4221.37,4204.2,4218.43,26536
2025-12-11 12:00:00,4218.63,4225.9,4205.17,4220.95,29579
2025-12-11 16:00:00,4221.03,4281.75,4217.94,4278.68,52014
2025-12-11 20:00:00,4278.67,4285.9,4262.99,4282.98,30941
2025-12-12 00:00:00,4282.67,4282.81,4264.53,4271.01,19339
2025-12-12 04:00:00,4270.9,4280.48,4266.07,4278.93,25477
2025-12-12 08:00:00,4278.9,4320.27,4276.57,4318.25,30387
2025-12-12 12:00:00,4318.4,4346.04,4314.72,4341.0,37774
2025-12-12 16:00:00,4340.98,4353.6,4257.76,4294.21,60616
2025-12-12 20:00:00,4294.22,4304.12,4288.5,4302.74,33992
2025-12-15 00:00:00,4303.29,4325.61,4300.08,4322.48,19043
2025-12-15 04:00:00,4322.43,4344.33,4319.34,4343.59,29470
2025-12-15 08:00:00,4343.54,4350.22,4333.53,4342.54,29374
2025-12-15 12:00:00,4342.5,4348.22,4330.88,4332.13,28500
2025-12-15 16:00:00,4331.84,4336.61,4285.22,4304.42,54799
2025-12-15 20:00:00,4304.25,4317.73,4299.41,4302.43,30137
2025-12-16 00:00:00,4307.19,4317.73,4299.05,4308.74,19075
2025-12-16 04:00:00,4308.74,4312.15,4271.33,4284.09,33727
2025-12-16 08:00:00,4284.13,4292.1,4275.48,4280.36,27395
2025-12-16 12:00:00,4280.4,4313.21,4273.76,4313.01,32383
2025-12-16 16:00:00,4313.0,4334.98,4291.19,4303.56,52053
2025-12-16 20:00:00,4303.16,4315.87,4297.13,4303.65,29331
2025-12-17 00:00:00,4303.64,4326.65,4302.57,4326.57,17231
2025-12-17 04:00:00,4326.59,4342.28,4311.21,4333.89,33681
2025-12-17 08:00:00,4333.95,4337.69,4308.47,4316.89,30431
2025-12-17 12:00:00,4316.85,4344.06,4304.23,4342.05,29386
2025-12-17 16:00:00,4342.18,4348.86,4320.34,4342.34,56495
2025-12-17 20:00:00,4342.39,4346.36,4328.93,4340.88,31061
2025-12-18 00:00:00,4339.04,4342.84,4324.52,4331.46,20109
2025-12-18 04:00:00,4331.48,4337.61,4328.61,4333.11,28019
2025-12-18 08:00:00,4333.2,4337.64,4320.8,4323.35,26028
2025-12-18 12:00:00,4323.31,4342.93,4314.46,4336.55,28642
2025-12-18 16:00:00,4336.45,4374.58,4308.8,4333.18,57401
2025-12-18 20:00:00,4333.3,4341.23,4322.89,4332.13,33305
2025-12-19 00:00:00,4335.61,4336.76,4309.22,4323.31,17181
2025-12-19 04:00:00,4323.34,4328.93,4312.61,4325.89,24961
2025-12-19 08:00:00,4325.92,4333.58,4321.07,4329.45,26069
2025-12-19 12:00:00,4329.32,4335.3,4320.59,4328.35,29913
2025-12-19 16:00:00,4328.33,4355.92,4319.7,4353.43,47699
2025-12-19 20:00:00,4353.36,4356.48,4336.65,4338.6,24782
2025-12-22 00:00:00,4340.69,4384.83,4339.69,4382.9,20413
2025-12-22 04:00:00,4382.78,4409.41,4378.51,4399.98,26230
2025-12-22 08:00:00,4400.02,4420.15,4398.75,4411.02,24430
2025-12-22 12:00:00,4410.83,4427.24,4406.09,4423.68,26065
2025-12-22 16:00:00,4424.09,4442.11,4412.06,4438.45,40761
2025-12-22 20:00:00,4438.51,4449.15,4428.82,4445.53,20930
2025-12-23 00:00:00,4449.47,4490.62,4449.11,4486.68,21227
2025-12-23 04:00:00,4486.67,4497.78,4474.84,4475.2,32405
2025-12-23 08:00:00,4475.21,4493.23,4469.45,4480.41,28033
2025-12-23 12:00:00,4480.43,4497.28,4473.3,4479.05,30392
2025-12-23 16:00:00,4479.13,4479.79,4430.36,4472.72,49866
2025-12-23 20:00:00,4472.91,4499.69,4472.68,4488.47,27382
2025-12-24 00:00:00,4488.37,4525.57,4487.89,4518.69,24144
2025-12-24 04:00:00,4518.62,4519.17,4469.1,4488.44,34178
2025-12-24 08:00:00,4488.42,4497.79,4478.13,4494.68,30578
2025-12-24 12:00:00,4494.71,4499.87,4474.49,4487.87,30165
2025-12-24 16:00:00,4487.93,4489.36,4448.43,4480.59,48377
2025-12-24 20:00:00,4480.61,4482.49,4477.33,4479.48,2949
2025-12-26 00:00:00,4486.88,4531.25,4482.2,4503.85,26359
2025-12-26 04:00:00,4503.82,4514.76,4492.35,4509.98,34240
2025-12-26 08:00:00,4509.94,4520.43,4506.85,4512.76,27695
2025-12-26 12:00:00,4512.75,4528.52,4503.09,4525.14,34064
2025-12-26 16:00:00,4525.12,4549.7,4510.1,4519.02,50726
2025-12-26 20:00:00,4519.08,4535.91,4514.92,4531.49,35363
2025-12-29 00:00:00,4540.32,4545.98,4470.83,4497.07,32585
2025-12-29 04:00:00,4497.0,4520.36,4496.16,4506.36,34266
2025-12-29 08:00:00,4506.62,4510.63,4444.29,4472.05,42736
2025-12-29 12:00:00,4472.04,4474.43,4406.81,4421.54,39544
2025-12-29 16:00:00,4421.5,4421.5,4300.55,4328.11,55880
2025-12-29 20:00:00,4328.05,4344.51,4322.83,4332.35,31022
2025-12-30 00:00:00,4340.31,4360.07,4323.48,4360.07,25309
2025-12-30 04:00:00,4360.23,4379.9,4348.86,4377.72,32687
2025-12-30 08:00:00,4377.65,4383.17,4350.14,4372.07,36198
2025-12-30 12:00:00,4372.05,4404.06,4367.59,4388.42,38323
2025-12-30 16:00:00,4388.48,4392.09,4354.71,4370.11,50152
2025-12-30 20:00:00,4370.2,4378.59,4337.66,4346.58,32947
2025-12-31 00:00:00,4341.02,4373.08,4328.22,4365.94,23718
2025-12-31 04:00:00,4366.01,4371.05,4276.24,4285.89,41576
2025-12-31 08:00:00,4285.96,4337.17,4274.6,4325.81,33783
2025-12-31 12:00:00,4325.79,4348.25,4303.09,4345.8,31529
2025-12-31 16:00:00,4345.81,4353.22,4317.08,4321.82,45603
2025-12-31 20:00:00,4321.87,4331.4,4304.56,4314.45,30384
2026-01-02 00:00:00,4327.16,4355.98,4327.05,4347.92,17435
2026-01-02 04:00:00,4347.89,4381.62,4345.0,4380.63,26158
2026-01-02 08:00:00,4380.65,4397.44,4371.94,4385.4,25629
2026-01-02 12:00:00,4385.41,4402.24,4361.96,4365.85,28134
2026-01-02 16:00:00,4365.84,4373.58,4315.06,4322.95,51850
2026-01-02 20:00:00,4322.96,4331.68,4309.64,4330.51,30532
2026-01-05 00:00:00,4356.68,4421.26,4349.83,4401.82,29397
2026-01-05 04:00:00,4401.93,4414.42,4388.41,4412.29,34215
2026-01-05 08:00:00,4412.18,4437.93,4411.25,4434.9,32842
2026-01-05 12:00:00,4434.85,4439.74,4396.22,4416.8,37773
2026-01-05 16:00:00,4416.85,4455.66,4416.85,4443.51,47867
2026-01-05 20:00:00,4443.65,4449.41,4434.87,4448.38,27998
2026-01-06 00:00:00,4454.29,4459.95,4427.81,4450.52,21670
2026-01-06 04:00:00,4450.44,4474.03,4448.6,4451.92,30379
2026-01-06 08:00:00,4452.44,4475.61,4444.76,4446.27,31705
2026-01-06 12:00:00,4446.29,4470.33,4442.58,4467.95,31645
2026-01-06 16:00:00,4468.11,4491.4,4463.19,4489.48,48342
2026-01-06 20:00:00,4489.18,4497.33,4477.31,4497.22,27846
2026-01-07 00:00:00,4498.38,4500.44,4461.12,4465.5,23130
2026-01-07 04:00:00,4465.44,4480.29,4443.31,4454.24,34686
2026-01-07 08:00:00,4454.22,4474.52,4441.48,4463.37,30461
2026-01-07 12:00:00,4463.0,4467.66,4427.7,4452.83,34588
2026-01-07 16:00:00,4452.79,4468.3,4423.36,4451.71,48232
2026-01-07 20:00:00,4451.94,4461.51,4445.3,4452.94,29363
2026-01-08 00:00:00,4461.79,4466.3,4441.88,4448.37,20783
2026-01-08 04:00:00,4448.28,4449.54,4415.67,4425.5,34867
2026-01-08 08:00:00,4425.5,4439.68,4416.06,4432.6,36420
2026-01-08 12:00:00,4432.55,4436.02,4407.66,4423.76,35709
2026-01-08 16:00:00,4422.52,4465.3,4419.05,4463.32,48333
2026-01-08 20:00:00,4462.88,4479.49,4444.56,4476.47,29768
2026-01-09 00:00:00,4477.29,4479.85,4452.86,4468.92,20154
2026-01-09 04:00:00,4468.82,4476.43,4458.19,4468.0,27461
2026-01-09 08:00:00,4468.62,4477.57,4464.03,4471.15,25592
2026-01-09 12:00:00,4471.08,4491.68,4458.79,4482.7,30887
2026-01-09 16:00:00,4482.75,4517.07,4479.06,4484.52,51195
2026-01-09 20:00:00,4484.42,4511.1,4483.03,4510.22,27762
2026-01-12 00:00:00,4521.15,4601.11,4521.04,4570.5,32433
2026-01-12 04:00:00,4570.0,4584.9,4561.73,4580.86,33164
2026-01-12 08:00:00,4580.85,4599.23,4569.59,4589.1,32483
2026-01-12 12:00:00,4589.11,4620.22,4578.49,4615.77,32552
2026-01-12 16:00:00,4615.66,4630.12,4585.01,4616.33,48894
2026-01-12 20:00:00,4616.09,4618.84,4589.21,4593.75,30859
2026-01-13 00:00:00,4596.71,4599.38,4575.61,4577.79,24752
2026-01-13 04:00:00,4577.18,4602.0,4576.66,4592.07,27373
2026-01-13 08:00:00,4592.02,4596.89,4573.65,4586.04,29155
2026-01-13 12:00:00,4586.08,4620.99,4577.84,4611.48,30906
2026-01-13 16:00:00,4611.36,4634.56,4586.62,4590.24,51170
2026-01-13 20:00:00,4590.12,4601.97,4569.78,4587.85,36971
2026-01-14 00:00:00,4591.6,4619.91,4591.35,4619.15,21540
2026-01-14 04:00:00,4619.2,4639.49,4613.3,4619.76,31702
2026-01-14 08:00:00,4619.66,4639.52,4618.48,4630.44,33737
2026-01-14 12:00:00,4630.44,4641.77,4624.3,4635.65,39430
2026-01-14 16:00:00,4635.78,4638.78,4599.32,4614.27,58863
2026-01-14 20:00:00,4613.65,4642.88,4612.75,4620.71,44026
2026-01-15 00:00:00,4622.31,4623.4,4583.74,4600.05,32414
2026-01-15 04:00:00,4600.06,4614.63,4580.89,4595.11,45166
2026-01-15 08:00:00,4595.1,4613.48,4593.56,4612.58,37900
2026-01-15 12:00:00,4612.59,4622.78,4582.38,4587.77,38443
2026-01-15 16:00:00,4588.14,4624.46,4583.42,4616.45,52225
2026-01-15 20:00:00,4616.46,4621.35,4600.66,4614.76,33681
2026-01-16 00:00:00,4618.6,4620.29,4593.88,4600.49,24829
2026-01-16 04:00:00,4600.42,4615.87,4591.27,4611.53,34529
2026-01-16 08:00:00,4611.51,4612.27,4593.84,4600.66,32126
2026-01-16 12:00:00,4600.67,4616.1,4582.53,4601.89,34494
2026-01-16 16:00:00,4601.9,4620.27,4536.64,4581.38,57304
2026-01-16 20:00:00,4580.75,4598.2,4580.04,4594.61,36458
2026-01-19 00:00:00,4648.66,4690.55,4644.81,4657.39,35673
2026-01-19 04:00:00,4657.26,4674.15,4653.03,4669.93,32325
2026-01-19 08:00:00,4669.93,4678.92,4661.67,4668.33,29506
2026-01-19 12:00:00,4668.26,4673.69,4659.62,4666.14,26688
2026-01-19 16:00:00,4666.1,4678.71,4661.58,4676.24,27733
2026-01-19 20:00:00,4676.03,4680.29,4667.1,4670.66,6681
2026-01-20 00:00:00,4668.59,4675.99,4659.44,4669.61,20834
2026-01-20 04:00:00,4669.57,4716.56,4665.45,4714.59,35614
2026-01-20 08:00:00,4714.6,4737.4,4705.61,4732.37,37989
2026-01-20 12:00:00,4732.4,4738.19,4715.35,4737.17,36506
2026-01-20 16:00:00,4737.03,4762.27,4722.4,4759.13,55099
2026-01-20 20:00:00,4759.12,4766.16,4747.53,4763.32,34907
2026-01-21 00:00:00,4762.08,4844.12,4757.72,4835.16,26669
2026-01-21 04:00:00,4835.3,4878.14,4817.38,4869.67,40681
2026-01-21 08:00:00,4869.92,4888.26,4832.58,4860.33,41001
2026-01-21 12:00:00,4860.27,4880.23,4855.09,4879.34,35875
2026-01-21 16:00:00,4879.4,4880.82,4802.36,4826.17,61593
2026-01-21 20:00:00,4825.83,4853.95,4755.53,4836.52,49901
2026-01-22 00:00:00,4815.92,4821.17,4772.26,4797.87,29128
2026-01-22 04:00:00,4797.62,4821.71,4774.65,4821.27,34500
2026-01-22 08:00:00,4821.28,4838.55,4814.01,4823.06,34505
2026-01-22 12:00:00,4823.05,4836.25,4810.61,4822.32,34378
2026-01-22 16:00:00,4822.28,4906.11,4820.42,4904.48,53280
2026-01-22 20:00:00,4904.34,4940.64,4901.27,4936.42,38782
2026-01-23 00:00:00,4952.04,4967.1,4930.47,4953.48,28114
2026-01-23 04:00:00,4953.44,4967.09,4938.05,4960.51,27244
2026-01-23 08:00:00,4960.45,4962.98,4899.77,4918.61,39021
2026-01-23 12:00:00,4918.54,4947.77,4911.92,4938.9,37106
2026-01-23 16:00:00,4938.91,4988.19,4932.75,4965.78,54009
2026-01-23 20:00:00,4965.82,4989.58,4958.27,4982.44,38844
2026-01-26 00:00:00,5014.0,5085.55,5003.29,5070.76,37299
2026-01-26 04:00:00,5070.84,5093.01,5051.94,5074.34,46812
2026-01-26 08:00:00,5074.26,5110.96,5065.4,5084.02,44404
2026-01-26 12:00:00,5084.74,5096.85,5054.45,5068.42,43281
2026-01-26 16:00:00,5068.41,5104.96,5058.17,5100.87,60606
2026-01-26 20:00:00,5100.91,5103.26,4989.9,5014.71,61336
2026-01-27 00:00:00,5034.61,5075.96,5013.77,5060.3,34667
2026-01-27 04:00:00,5060.07,5085.11,5049.41,5082.92,43679
2026-01-27 08:00:00,5082.9,5100.74,5073.23,5098.71,44171
2026-01-27 12:00:00,5098.45,5098.45,5067.01,5077.33,44821
2026-01-27 16:00:00,5077.39,5103.03,5046.58,5081.14,62809
2026-01-27 20:00:00,5081.54,5190.26,5076.23,5189.31,51020
2026-01-28 00:00:00,5182.28,5225.05,5156.83,5204.51,37093
2026-01-28 04:00:00,5204.41,5266.32,5201.66,5261.22,46909
2026-01-28 08:00:00,5261.28,5311.4,5251.97,5278.02,46768
2026-01-28 12:00:00,5278.05,5289.3,5238.78,5266.46,47353
2026-01-28 16:00:00,5266.43,5307.01,5235.65,5297.93,62796
2026-01-28 20:00:00,5298.47,5402.09,5268.66,5399.72,59634
2026-01-29 00:00:00,5440.57,5598.08,5432.02,5545.74,45440
2026-01-29 04:00:00,5545.67,5564.39,5504.11,5562.45,54274
2026-01-29 08:00:00,5562.4,5595.3,5474.33,5514.01,56670
2026-01-29 12:00:00,5514.05,5542.97,5470.78,5510.37,51683
2026-01-29 16:00:00,5510.6,5549.56,5103.39,5334.8,69042
2026-01-29 20:00:00,5334.74,5425.52,5282.38,5393.99,60020
2026-01-30 00:00:00,5419.47,5450.51,5290.71,5300.74,42077
2026-01-30 04:00:00,5300.42,5312.38,5111.75,5184.83,61394
2026-01-30 08:00:00,5184.57,5204.98,4942.26,5014.33,65506
2026-01-30 12:00:00,5013.59,5145.5,4991.83,5018.65,62447
2026-01-30 16:00:00,5019.23,5113.31,4800.35,4849.51,70542
2026-01-30 20:00:00,4849.29,4947.64,4690.03,4863.57,63042
2026-02-02 00:00:00,4825.15,4884.66,4584.39,4736.72,42576
2026-02-02 04:00:00,4736.84,4772.82,4498.69,4549.49,65975
2026-02-02 08:00:00,4549.4,4730.77,4402.59,4719.44,64730
2026-02-02 12:00:00,4719.4,4812.37,4656.87,4705.93,60271
2026-02-02 16:00:00,4705.94,4794.45,4596.46,4674.43,67183
2026-02-02 20:00:00,4673.96,4712.87,4618.68,4664.12,55080
2026-02-03 00:00:00,4700.48,4856.07,4695.25,4841.51,42320
2026-02-03 04:00:00,4841.04,4841.7,4745.35,4825.09,55090
2026-02-03 08:00:00,4825.08,4949.63,4816.37,4915.93,52457
2026-02-03 12:00:00,4916.23,4950.77,4884.0,4932.29,48718
2026-02-03 16:00:00,4932.61,4993.81,4893.59,4929.03,64050
2026-02-03 20:00:00,4928.82,4964.05,4880.72,4938.79,53126
2026-02-04 00:00:00,4957.36,5053.24,4909.97,5046.4,38414
2026-02-04 04:00:00,5046.39,5090.14,5035.42,5079.18,39095
2026-02-04 08:00:00,5079.25,5091.83,5042.85,5059.89,42575
2026-02-04 12:00:00,5059.81,5064.3,5013.57,5053.77,43834
2026-02-04 16:00:00,5053.76,5058.62,4851.78,4897.98,65269
2026-02-04 20:00:00,4897.71,4970.03,4872.82,4963.32,47061
2026-02-05 00:00:00,4995.05,5023.61,4935.94,4958.47,35066
2026-02-05 04:00:00,4958.48,4961.54,4789.32,4895.96,59975
2026-02-05 08:00:00,4896.1,4943.41,4849.46,4854.94,54804
2026-02-05 12:00:00,4854.73,4894.24,4801.89,4835.28,52894
2026-02-05 16:00:00,4835.29,4906.48,4800.33,4869.07,63981
2026-02-05 20:00:00,4869.24,4875.04,4759.6,4770.46,48258
2026-02-06 00:00:00,4776.68,4784.38,4651.04,4773.9,43493
2026-02-06 04:00:00,4773.97,4897.82,4760.66,4897.49,48395
2026-02-06 08:00:00,4897.47,4902.98,4825.59,4866.41,44134
2026-02-06 12:00:00,4866.38,4938.27,4851.69,4928.99,40522
2026-02-06 16:00:00,4926.81,4968.55,4894.36,4960.52,53908
2026-02-06 20:00:00,4960.64,4971.23,4936.53,4960.19,30382
2026-02-09 00:00:00,4987.55,5046.75,4964.96,4982.47,35232
2026-02-09 04:00:00,4982.43,5041.33,4969.0,5036.91,37594
2026-02-09 08:00:00,5036.48,5045.27,4997.35,5007.52,39236
2026-02-09 12:00:00,5007.83,5024.43,4982.17,5006.79,38121
2026-02-09 16:00:00,5006.77,5080.23,5002.05,5046.02,48053
2026-02-09 20:00:00,5046.09,5086.46,5044.02,5065.28,33223
2026-02-10 00:00:00,5056.64,5064.8,4987.7,5032.51,33962
2026-02-10 04:00:00,5032.5,5056.09,5011.12,5039.41,38968
2026-02-10 08:00:00,5039.33,5063.07,5018.46,5046.58,35869
2026-02-10 12:00:00,5046.62,5058.63,5019.55,5051.03,34112
2026-02-10 16:00:00,5051.65,5078.54,4999.04,5026.14,49873
2026-02-10 20:00:00,5026.15,5045.1,5004.68,5023.25,30192
2026-02-11 00:00:00,5033.59,5054.42,5027.95,5052.43,22289
2026-02-11 04:00:00,5052.42,5063.73,5032.49,5052.3,26992
2026-02-11 08:00:00,5052.56,5071.84,5045.87,5062.6,29121
2026-02-11 12:00:00,5062.63,5118.84,5018.59,5065.73,40626
2026-02-11 16:00:00,5065.72,5098.74,5035.73,5091.57,54430
2026-02-11 20:00:00,5091.58,5094.25,5066.74,5078.82,33763
2026-02-12 00:00:00,5095.32,5096.18,5045.05,5063.11,27734
2026-02-12 04:00:00,5063.22,5078.13,5050.83,5075.46,27004
2026-02-12 08:00:00,5075.59,5080.63,5047.23,5073.07,27816
2026-02-12 12:00:00,5073.04,5083.56,5048.7,5075.35,27244
2026-02-12 16:00:00,5075.3,5077.63,4878.53,4940.92,56978
2026-02-12 20:00:00,4940.94,4957.91,4906.42,4919.66,47572
2026-02-13 00:00:00,4891.66,4988.37,4888.63,4980.71,29630
2026-02-13 04:00:00,4980.73,4996.99,4944.67,4945.88,30183
2026-02-13 08:00:00,4945.96,4989.41,4945.96,4970.19,35758
2026-02-13 12:00:00,4970.18,4999.3,4933.66,4987.01,34110
2026-02-13 16:00:00,4987.29,5033.5,4963.74,5020.88,54032
2026-02-13 20:00:00,5020.9,5046.02,5015.39,5042.78,33867
2026-02-16 00:00:00,5015.19,5032.34,5000.06,5028.78,22274
2026-02-16 04:00:00,5028.79,5030.91,4965.73,4990.53,27610
2026-02-16 08:00:00,4990.42,5017.0,4984.57,5013.42,22204
2026-02-16 12:00:00,5013.39,5017.08,4989.64,4997.14,20176
2026-02-16 16:00:00,4997.12,4999.44,4968.97,4991.55,23406
2026-02-16 20:00:00,4991.71,4997.41,4988.61,4993.49,6722
2026-02-17 00:00:00,4998.2,5000.66,4922.94,4957.4,21726
2026-02-17 04:00:00,4957.56,4970.9,4857.89,4888.71,29120
2026-02-17 08:00:00,4888.74,4932.53,4886.31,4925.9,29314
2026-02-17 12:00:00,4925.88,4944.07,4869.57,4870.55,30791
2026-02-17 16:00:00,4870.61,4907.01,4842.03,4865.02,56485
2026-02-17 20:00:00,4865.08,4910.47,4862.42,4877.64,36306
2026-02-18 00:00:00,4870.68,4893.07,4854.0,4889.92,21434
2026-02-18 04:00:00,4889.88,4940.03,4886.43,4933.29,21116
2026-02-18 08:00:00,4933.41,4942.12,4912.92,4917.23,21160
2026-02-18 12:00:00,4917.15,4969.03,4906.34,4954.27,28315
2026-02-18 16:00:00,4954.29,5010.77,4952.25,4999.18,42665
2026-02-18 20:00:00,4999.17,5003.13,4972.86,4979.28,32454
2026-02-19 00:00:00,4972.97,4988.67,4960.77,4973.08,18325
2026-02-19 04:00:00,4972.98,4998.59,4965.75,4996.83,18042
2026-02-19 08:00:00,4996.73,5021.85,4993.11,4995.69,23571
2026-02-19 12:00:00,4995.66,4998.4,4972.59,4997.04,29294
2026-02-19 16:00:00,4996.92,5022.14,4963.48,4984.81,47603
2026-02-19 20:00:00,4985.01,5004.01,4975.21,4999.04,28616
2026-02-20 00:00:00,5001.81,5014.61,4985.39,4996.93,17475
2026-02-20 04:00:00,4996.89,5011.78,4981.69,5011.78,19286
2026-02-20 08:00:00,5011.77,5042.42,5005.0,5027.58,27106
2026-02-20 12:00:00,5027.69,5048.63,5007.0,5043.37,29089
2026-02-20 16:00:00,5043.48,5076.18,4990.96,5072.93,55569
2026-02-20 20:00:00,5072.86,5104.85,5054.31,5103.59,36170
2026-02-23 00:00:00,5117.59,5171.76,5117.54,5157.44,32004
2026-02-23 04:00:00,5157.36,5176.48,5152.17,5158.2,27793
2026-02-23 08:00:00,5158.18,5161.39,5122.17,5149.47,29940
2026-02-23 12:00:00,5149.52,5165.34,5143.59,5146.26,29522
2026-02-23 16:00:00,5146.16,5218.8,5141.36,5207.87,53940
2026-02-23 20:00:00,5207.92,5237.75,5200.92,5231.23,34368
2026-02-24 00:00:00,5243.06,5249.58,5145.19,5177.13,30791
2026-02-24 04:00:00,5177.19,5191.68,5161.06,5182.53,30030
2026-02-24 08:00:00,5182.51,5184.67,5156.49,5171.29,29004
2026-02-24 12:00:00,5171.24,5181.29,5111.01,5114.93,31539
2026-02-24 16:00:00,5114.87,5163.63,5093.52,5163.63,52197
2026-02-24 20:00:00,5163.59,5173.09,5145.89,5148.0,33286
2026-02-25 00:00:00,5136.04,5189.79,5127.74,5176.65,23899
2026-02-25 04:00:00,5176.63,5210.4,5166.43,5201.63,29620
2026-02-25 08:00:00,5201.63,5201.65,5176.61,5193.17,28531
2026-02-25 12:00:00,5193.22,5195.08,5155.02,5184.99,30771
2026-02-25 16:00:00,5184.85,5217.42,5158.92,5206.81,47754
2026-02-25 20:00:00,5206.79,5208.18,5145.68,5170.69,31509
2026-02-26 00:00:00,5175.98,5198.26,5155.32,5191.38,28504
2026-02-26 04:00:00,5191.3,5205.22,5174.0,5198.13,30023
2026-02-26 08:00:00,5198.16,5199.45,5167.96,5186.31,30588
2026-02-26 12:00:00,5186.3,5189.99,5157.65,5166.23,32420
2026-02-26 16:00:00,5165.93,5192.64,5130.29,5167.14,54712
2026-02-26 20:00:00,5167.21,5200.92,5160.37,5187.0,32687
2026-02-27 00:00:00,5181.85,5194.72,5166.85,5193.95,22566
2026-02-27 04:00:00,5193.93,5200.32,5173.46,5197.7,30758
2026-02-27 08:00:00,5197.67,5198.99,5172.18,5175.88,28758
2026-02-27 12:00:00,5176.04,5240.3,5168.61,5222.97,31831
2026-02-27 16:00:00,5222.74,5257.53,5213.65,5234.55,56122
2026-02-27 20:00:00,5234.71,5278.74,5222.49,5277.51,35306
2026-03-02 00:00:00,5358.16,5393.53,5302.94,5324.67,48645
2026-03-02 04:00:00,5324.65,5366.74,5316.71,5365.78,39089
2026-03-02 08:00:00,5365.79,5418.89,5363.27,5391.79,45785
2026-03-02 12:00:00,5391.84,5416.39,5373.52,5393.6,43410
2026-03-02 16:00:00,5393.58,5394.74,5260.32,5306.47,65687
2026-03-02 20:00:00,5306.51,5346.08,5289.28,5327.04,45787
2026-03-03 00:00:00,5344.76,5379.48,5328.73,5339.03,30269
2026-03-03 04:00:00,5339.11,5375.27,5305.22,5318.76,40389
2026-03-03 08:00:00,5318.78,5335.71,5226.42,5274.81,50805
2026-03-03 12:00:00,5274.47,5287.53,5074.0,5156.43,61788
2026-03-03 16:00:00,5156.5,5175.14,4995.98,5078.85,69035
2026-03-03 20:00:00,5078.93,5148.32,5078.81,5087.21,54489
2026-03-04 00:00:00,5110.33,5178.32,5103.69,5174.87,38025
2026-03-04 04:00:00,5174.84,5190.5,5141.03,5159.68,48133
2026-03-04 08:00:00,5159.66,5184.7,5120.0,5182.03,42989
2026-03-04 12:00:00,5182.07,5205.77,5156.07,5167.69,42386
2026-03-04 16:00:00,5167.7,5184.81,5120.16,5140.79,59949
2026-03-04 20:00:00,5140.68,5146.6,5108.74,5135.69,39047
2026-03-05 00:00:00,5151.98,5186.21,5143.96,5172.24,25282
2026-03-05 04:00:00,5172.2,5194.61,5148.02,5148.22,33961
2026-03-05 08:00:00,5148.3,5180.33,5120.68,5160.92,43620
2026-03-05 12:00:00,5160.91,5171.22,5083.25,5117.61,36673
2026-03-05 16:00:00,5117.17,5129.55,5054.02,5062.66,64028
2026-03-05 20:00:00,5062.65,5094.45,5050.72,5077.2,51395
2026-03-06 00:00:00,5089.8,5143.22,5066.09,5134.48,28232
2026-03-06 04:00:00,5134.43,5141.09,5114.04,5116.84,29986
2026-03-06 08:00:00,5116.96,5122.7,5083.32,5085.5,33978
2026-03-06 12:00:00,5085.72,5130.97,5061.83,5084.87,43934
2026-03-06 16:00:00,5084.96,5171.28,5080.98,5140.64,61563
2026-03-06 20:00:00,5140.5,5174.31,5138.5,5170.92,38386
2026-03-09 00:00:00,5164.39,5168.4,5028.44,5049.85,47781
2026-03-09 04:00:00,5049.75,5101.92,5014.76,5089.91,46995
2026-03-09 08:00:00,5090.02,5140.19,5080.66,5096.32,48916
2026-03-09 12:00:00,5095.8,5132.26,5079.85,5094.79,41325
2026-03-09 16:00:00,5094.77,5115.79,5060.97,5104.55,57560
2026-03-09 20:00:00,5104.42,5147.82,5088.79,5138.39,40988
2026-03-10 00:00:00,5127.42,5155.75,5116.99,5130.79,25220
2026-03-10 04:00:00,5129.94,5186.54,5124.42,5163.58,40296
2026-03-10 08:00:00,5163.59,5194.91,5158.4,5183.35,35052
2026-03-10 12:00:00,5183.33,5191.67,5156.35,5186.76,39645
2026-03-10 16:00:00,5186.77,5238.35,5185.2,5227.41,52359
2026-03-10 20:00:00,5227.44,5235.18,5160.63,5195.62,43867
2026-03-11 00:00:00,5191.49,5219.17,5182.49,5215.3,19904
2026-03-11 04:00:00,5215.21,5223.04,5194.07,5204.2,30544
2026-03-11 08:00:00,5204.25,5210.42,5175.32,5187.34,34660
2026-03-11 12:00:00,5187.38,5196.93,5166.49,5167.34,35642
2026-03-11 16:00:00,5167.01,5196.0,5145.14,5175.46,52941
2026-03-11 20:00:00,5175.47,5183.34,5154.5,5176.16,28748
2026-03-12 00:00:00,5177.44,5177.76,5125.46,5152.73,26306
2026-03-12 04:00:00,5152.81,5174.79,5140.33,5142.4,30613
2026-03-12 08:00:00,5142.39,5189.51,5136.89,5177.96,28775
2026-03-12 12:00:00,5178.03,5191.49,5163.62,5181.2,30176
2026-03-12 16:00:00,5180.24,5185.87,5109.48,5123.41,57008
2026-03-12 20:00:00,5123.17,5129.4,5054.81,5080.63,45468
2026-03-13 00:00:00,5083.43,5115.05,5078.64,5113.5,18620
2026-03-13 04:00:00,5113.51,5128.07,5102.45,5104.08,26415
2026-03-13 08:00:00,5104.5,5111.1,5061.24,5087.19,35991
2026-03-13 12:00:00,5087.23,5121.39,5079.9,5118.12,33852
2026-03-13 16:00:00,5118.19,5120.79,5018.91,5045.79,58904
2026-03-13 20:00:00,5045.78,5063.61,5009.46,5018.52,42216
2026-03-16 00:00:00,5015.17,5030.54,4967.0,5025.45,38962
2026-03-16 04:00:00,5025.63,5026.21,4982.44,5012.57,39077
2026-03-16 08:00:00,5012.55,5035.83,4984.95,4990.91,36901
2026-03-16 12:00:00,4990.81,5024.96,4969.98,5019.73,40866
2026-03-16 16:00:00,5019.74,5037.76,4973.75,4990.36,53883
2026-03-16 20:00:00,4992.76,5021.4,4983.83,5009.16,38976
2026-03-17 00:00:00,5010.84,5015.78,4998.0,5002.65,16934
2026-03-17 04:00:00,5002.64,5041.74,4994.57,5037.74,29473
2026-03-17 08:00:00,5037.95,5044.21,5005.09,5024.52,33203
2026-03-17 12:00:00,5024.54,5025.66,4991.96,5011.57,33306
2026-03-17 16:00:00,5011.55,5031.19,4973.36,5001.77,53153
2026-03-17 20:00:00,5001.78,5008.8,4996.12,5002.82,29622
2026-03-18 00:00:00,5000.67,5012.22,4992.96,5004.08,12656
2026-03-18 04:00:00,5004.05,5015.58,4981.59,4986.77,28685
2026-03-18 08:00:00,4986.77,5016.11,4977.2,4987.34,30193
2026-03-18 12:00:00,4987.35,4995.39,4870.58,4881.43,43740
2026-03-18 16:00:00,4881.26,4894.39,4834.14,4887.03,59113
2026-03-18 20:00:00,4886.63,4898.87,4806.57,4825.37,54931
2026-03-19 00:00:00,4825.2,4848.41,4803.56,4840.95,28058
2026-03-19 04:00:00,4841.18,4866.94,4832.71,4849.62,32737
2026-03-19 08:00:00,4849.69,4853.62,4686.65,4708.77,51628
2026-03-19 12:00:00,4709.06,4725.68,4531.17,4574.1,60718
2026-03-19 16:00:00,4574.17,4648.87,4502.36,4584.59,71909
2026-03-19 20:00:00,4584.63,4663.0,4573.8,4657.62,56343
2026-03-20 00:00:00,4659.13,4676.78,4634.02,4648.36,29370
2026-03-20 04:00:00,4647.75,4735.52,4639.19,4721.43,40624
2026-03-20 08:00:00,4721.34,4734.48,4661.16,4693.4,44539
2026-03-20 12:00:00,4693.39,4700.18,4636.79,4678.09,48422
2026-03-20 16:00:00,4678.54,4679.26,4540.52,4583.13,68229
2026-03-20 20:00:00,4583.17,4600.04,4477.16,4497.16,65469
2026-03-23 00:00:00,4474.93,4535.72,4319.8,4354.01,44277
2026-03-23 04:00:00,4354.63,4453.75,4330.33,4367.34,58204
2026-03-23 08:00:00,4367.15,4379.67,4098.74,4251.06,68572
2026-03-23 12:00:00,4251.11,4492.29,4223.54,4478.41,69456
2026-03-23 16:00:00,4478.4,4512.65,4351.1,4375.18,75694
2026-03-23 20:00:00,4375.24,4466.77,4370.86,4412.09,60895
2026-03-24 00:00:00,4380.2,4448.02,4331.32,4364.64,39940
2026-03-24 04:00:00,4364.51,4379.14,4305.8,4333.21,58317
2026-03-24 08:00:00,4333.17,4433.07,4319.64,4411.85,61754
2026-03-24 12:00:00,4411.9,4441.7,4362.0,4378.73,57440
2026-03-24 16:00:00,4378.84,4433.55,4351.14,4421.23,69269
2026-03-24 20:00:00,4421.24,4483.73,4372.25,4465.51,64024
2026-03-25 00:00:00,4479.02,4571.79,4455.73,4563.21,38800
2026-03-25 04:00:00,4563.14,4602.39,4552.3,4572.22,41966
2026-03-25 08:00:00,4572.62,4573.1,4532.99,4555.92,44997
2026-03-25 12:00:00,4555.93,4585.51,4521.47,4543.92,45725
2026-03-25 16:00:00,4543.79,4578.97,4524.79,4555.16,62027
2026-03-25 20:00:00,4555.05,4568.54,4486.94,4505.79,50470
2026-03-26 00:00:00,4520.93,4539.1,4488.91,4535.46,32830
2026-03-26 04:00:00,4535.34,4544.25,4499.82,4520.29,37494
2026-03-26 08:00:00,4520.5,4521.98,4413.05,4427.66,52328
2026-03-26 12:00:00,4427.46,4456.17,4414.43,4430.0,51431
2026-03-26 16:00:00,4429.19,4479.38,4366.42,4389.07,65732
2026-03-26 20:00:00,4389.05,4420.19,4350.89,4401.57,60634
2026-03-27 00:00:00,4386.78,4414.97,4375.32,4378.38,23637
2026-03-27 04:00:00,4377.79,4449.23,4376.93,4445.67,33527
2026-03-27 08:00:00,4445.69,4474.74,4423.42,4423.87,38678
2026-03-27 12:00:00,4423.82,4444.93,4404.04,4437.58,41672
2026-03-27 16:00:00,4437.67,4555.14,4413.55,4515.94,63327
2026-03-27 20:00:00,4515.9,4528.49,4486.54,4498.41,47255
2026-03-30 00:00:00,4511.48,4512.81,4418.17,4431.96,40328
2026-03-30 04:00:00,4431.98,4517.02,4431.85,4496.76,44402
2026-03-30 08:00:00,4496.74,4550.41,4496.7,4538.05,42613
2026-03-30 12:00:00,4538.19,4580.43,4523.42,4569.15,42049
2026-03-30 16:00:00,4568.97,4578.43,4512.35,4539.72,59174
2026-03-30 20:00:00,4539.6,4542.02,4492.83,4504.4,45198
2026-03-31 00:00:00,4517.29,4547.92,4482.52,4547.48,26722
2026-03-31 04:00:00,4547.52,4619.29,4532.0,4564.53,45822
2026-03-31 08:00:00,4564.53,4581.51,4543.13,4568.46,42521
2026-03-31 12:00:00,4568.67,4597.39,4529.37,4574.59,46772
2026-03-31 16:00:00,4575.11,4651.39,4567.74,4638.03,61527
2026-03-31 20:00:00,4638.15,4686.8,4636.17,4667.83,51919
2026-04-01 00:00:00,4673.76,4722.3,4661.21,4710.68,26923
2026-04-01 04:00:00,4711.53,4723.85,4666.84,4676.09,37175
2026-04-01 08:00:00,4676.13,4747.48,4674.66,4728.46,44864
2026-04-01 12:00:00,4728.42,4762.84,4713.01,4724.53,41216
2026-04-01 16:00:00,4724.48,4790.7,4715.9,4787.02,56286
2026-04-01 20:00:00,4786.96,4792.65,4741.86,4762.37,43637
2026-04-02 00:00:00,4759.27,4800.26,4751.0,4784.13,24138
2026-04-02 04:00:00,4784.13,4785.71,4650.6,4672.39,55052
2026-04-02 08:00:00,4672.52,4680.28,4553.93,4620.62,45523
2026-04-02 12:00:00,4620.6,4634.9,4592.81,4601.44,41438
2026-04-02 16:00:00,4601.64,4699.64,4580.8,4659.09,66937
2026-04-02 20:00:00,4658.96,4681.69,4645.64,4670.6,40213
2026-04-06 00:00:00,4636.15,4652.62,4600.63,4622.1,30746
2026-04-06 04:00:00,4622.38,4671.65,4620.27,4658.8,35513
2026-04-06 08:00:00,4658.79,4697.95,4643.14,4695.72,32938
2026-04-06 12:00:00,4695.77,4706.41,4659.55,4675.69,32913
2026-04-06 16:00:00,4675.68,4697.32,4651.96,4660.25,49582
2026-04-06 20:00:00,4660.13,4666.35,4645.48,4650.11,31618
2026-04-07 00:00:00,4661.65,4667.94,4648.96,4654.72,15145
2026-04-07 04:00:00,4654.59,4664.2,4616.13,4659.47,37885
2026-04-07 08:00:00,4659.89,4690.68,4623.07,4682.74,42617
2026-04-07 12:00:00,4682.79,4694.28,4628.74,4651.37,45235
2026-04-07 16:00:00,4651.43,4668.36,4607.46,4656.91,59216
2026-04-07 20:00:00,4657.13,4718.52,4653.74,4711.98,48999
2026-04-08 00:00:00,4744.36,4857.22,4713.26,4817.44,44670
2026-04-08 04:00:00,4817.6,4825.08,4788.07,4803.59,37011
2026-04-08 08:00:00,4803.44,4843.53,4790.26,4793.68,40163
2026-04-08 12:00:00,4793.64,4806.98,4768.11,4799.49,38955
2026-04-08 16:00:00,4799.5,4806.47,4732.01,4760.37,57335
2026-04-08 20:00:00,4760.33,4764.23,4699.47,4719.86,45184
2026-04-09 00:00:00,4727.3,4728.93,4698.76,4706.66,21154
2026-04-09 04:00:00,4706.59,4732.79,4699.39,4720.68,31566
2026-04-09 08:00:00,4720.71,4732.75,4703.39,4726.14,37931
2026-04-09 12:00:00,4726.02,4759.39,4722.76,4745.68,34054
2026-04-09 16:00:00,4745.78,4800.87,4738.82,4788.74,56151
2026-04-09 20:00:00,4788.75,4800.96,4760.58,4764.86,37012
2026-04-10 00:00:00,4771.92,4772.24,4750.55,4762.83,16382
2026-04-10 04:00:00,4762.82,4776.59,4737.92,4758.43,31178
2026-04-10 08:00:00,4758.45,4768.95,4730.36,4740.6,31057
2026-04-10 12:00:00,4740.66,4782.13,4740.45,4771.71,33037
2026-04-10 16:00:00,4770.75,4794.9,4747.49,4763.68,52776
2026-04-10 20:00:00,4763.69,4773.15,4740.99,4750.34,33839
2026-04-13 00:00:00,4669.24,4698.29,4644.16,4695.46,28211
2026-04-13 04:00:00,4694.45,4727.86,4693.62,4722.87,32058
2026-04-13 08:00:00,4722.91,4739.85,4716.26,4723.25,33751
2026-04-13 12:00:00,4723.24,4728.93,4703.34,4723.37,33775
2026-04-13 16:00:00,4723.59,4746.12,4700.29,4732.88,56223
2026-04-13 20:00:00,4732.89,4749.9,4723.24,4738.91,32449
2026-04-14 00:00:00,4745.91,4775.5,4745.13,4769.63,15915
2026-04-14 04:00:00,4769.57,4776.84,4761.69,4773.99,26449
2026-04-14 08:00:00,4774.0,4796.46,4757.82,4786.45,34453
2026-04-14 12:00:00,4786.58,4789.17,4752.32,4771.16,34349
2026-04-14 16:00:00,4771.17,4820.08,4771.01,4810.06,50959
2026-04-14 20:00:00,4810.12,4846.05,4809.42,4840.95,30301
2026-04-15 00:00:00,4848.6,4849.96,4826.95,4835.23,16858
2026-04-15 04:00:00,4835.15,4871.23,4816.86,4824.75,34606
2026-04-15 08:00:00,4824.82,4830.37,4803.96,4818.22,36713
2026-04-15 12:00:00,4818.23,4819.27,4786.19,4811.43,38580
2026-04-15 16:00:00,4811.37,4830.34,4786.65,4803.84,51123
2026-04-15 20:00:00,4803.78,4808.47,4787.44,4789.01,31576
2026-04-16 00:00:00,4796.48,4837.47,4790.19,4832.92,15788
2026-04-16 04:00:00,4832.88,4836.08,4811.06,4832.9,27933
2026-04-16 08:00:00,4832.93,4838.12,4806.5,4813.65,39691
2026-04-16 12:00:00,4813.61,4822.9,4804.99,4816.0,33444
2026-04-16 16:00:00,4816.35,4823.73,4772.62,4791.84,65565
2026-04-16 20:00:00,4791.91,4798.41,4781.11,4789.86,39094
2026-04-17 00:00:00,4793.98,4800.88,4785.64,4794.64,13695
2026-04-17 04:00:00,4794.55,4804.27,4767.54,4802.95,32327
2026-04-17 08:00:00,4802.83,4806.03,4778.66,4795.78,35125
2026-04-17 12:00:00,4795.79,4847.51,4782.11,4846.25,38281
2026-04-17 16:00:00,4846.12,4891.05,4834.8,4866.87,69082
2026-04-17 20:00:00,4866.89,4869.29,4832.44,4832.74,40729
